MA_Fast,MA_Slow,Final_Balance,Total_Trades,Win_Trades,Loss_Trades,Is_MC,Net_Profit,Win_Rate_%,Status
1,27,9899.000481462152,3140,842,2298,0.0,9799.000481462152,26.81528662420382,SURVIVED (PROFIT)
1,19,9851.191526278717,3290,855,2435,0.0,9751.191526278717,25.987841945288753,SURVIVED (PROFIT)
1,17,9386.932823483112,3420,886,2534,0.0,9286.932823483112,25.90643274853801,SURVIVED (PROFIT)
1,23,9217.499695619856,3208,841,2367,0.0,9117.499695619856,26.21571072319202,SURVIVED (PROFIT)
22,17,8839.02582352771,1669,348,1321,0.0,8739.02582352771,20.85080886758538,SURVIVED (PROFIT)
17,21,8800.554190477847,1589,334,1255,0.0,8700.554190477847,21.019509125235995,SURVIVED (PROFIT)
1,28,8583.35332140941,3137,845,2292,0.0,8483.35332140941,26.93656359579216,SURVIVED (PROFIT)
17,22,8316.3588636352,1629,347,1282,0.0,8216.3588636352,21.301411909146715,SURVIVED (PROFIT)
12,16,8035.910062495855,2157,452,1705,0.0,7935.910062495855,20.95503013444599,SURVIVED (PROFIT)
17,19,7826.087157896393,1481,293,1188,0.0,7726.087157896393,19.783929777177583,SURVIVED (PROFIT)
19,17,7811.495294115138,1507,302,1205,0.0,7711.495294115138,20.039814200398144,SURVIVED (PROFIT)
1,29,7311.386517225997,3123,822,2301,0.0,7211.386517225997,26.320845341018252,SURVIVED (PROFIT)
55,19,7077.271052627953,1513,333,1180,0.0,6977.271052627953,22.00925313945803,SURVIVED (PROFIT)
32,17,6879.9421764710305,1708,347,1361,0.0,6779.9421764710305,20.316159250585482,SURVIVED (PROFIT)
5,23,6780.851173900558,4025,1038,2987,0.0,6680.851173900558,25.788819875776397,SURVIVED (PROFIT)
84,20,6146.80709999372,1467,303,1164,0.0,6046.80709999372,20.654396728016362,SURVIVED (PROFIT)
13,38,5950.4748947414855,1981,478,1503,0.0,5850.4748947414855,24.129227662796566,SURVIVED (PROFIT)
13,37,5918.5911351385275,1988,494,1494,0.0,5818.5911351385275,24.849094567404425,SURVIVED (PROFIT)
85,19,5909.404578943007,1500,325,1175,0.0,5809.404578943007,21.666666666666668,SURVIVED (PROFIT)
86,19,5856.139263152974,1517,322,1195,0.0,5756.139263152974,21.22610415293342,SURVIVED (PROFIT)
41,13,5827.913923087884,2098,458,1640,0.0,5727.913923087884,21.830314585319353,SURVIVED (PROFIT)
84,19,5822.70568420639,1494,321,1173,0.0,5722.70568420639,21.485943775100402,SURVIVED (PROFIT)
64,19,5819.05815789066,1473,314,1159,0.0,5719.05815789066,21.31704005431093,SURVIVED (PROFIT)
13,36,5808.754138892446,1986,499,1487,0.0,5708.754138892446,25.125881168177237,SURVIVED (PROFIT)
85,20,5777.00909999341,1476,305,1171,0.0,5677.00909999341,20.663956639566393,SURVIVED (PROFIT)
83,19,5767.810894732216,1483,321,1162,0.0,5667.810894732216,21.645313553607554,SURVIVED (PROFIT)
82,19,5677.141315785657,1472,316,1156,0.0,5577.141315785657,21.467391304347828,SURVIVED (PROFIT)
40,13,5660.9920000102575,2105,459,1646,0.0,5560.9920000102575,21.80522565320665,SURVIVED (PROFIT)
51,1,5586.807000000104,2858,580,2278,0.0,5486.807000000104,20.293911826452067,SURVIVED (PROFIT)
42,13,5582.951384630663,2118,466,1652,0.0,5482.951384630663,22.001888574126536,SURVIVED (PROFIT)
52,1,5577.3710000001065,2851,582,2269,0.0,5477.3710000001065,20.413889863205892,SURVIVED (PROFIT)
36,13,5568.318846158834,2127,459,1668,0.0,5468.318846158834,21.57968970380818,SURVIVED (PROFIT)
62,1,5526.257000000107,2836,578,2258,0.0,5426.257000000107,20.380818053596613,SURVIVED (PROFIT)
87,19,5502.28989473257,1514,322,1192,0.0,5402.28989473257,21.268163804491415,SURVIVED (PROFIT)
39,13,5499.209615394266,2124,464,1660,0.0,5399.209615394266,21.84557438794727,SURVIVED (PROFIT)
88,19,5457.943105259361,1510,320,1190,0.0,5357.943105259361,21.192052980132452,SURVIVED (PROFIT)
63,1,5439.154000000108,2837,576,2261,0.0,5339.154000000108,20.30313711667254,SURVIVED (PROFIT)
64,1,5431.216000000107,2836,577,2259,0.0,5331.216000000107,20.345557122708037,SURVIVED (PROFIT)
94,19,5421.338842101606,1539,319,1220,0.0,5321.338842101606,20.727745289148796,SURVIVED (PROFIT)
13,35,5418.150342862321,2003,501,1502,0.0,5318.150342862321,25.012481278082877,SURVIVED (PROFIT)
80,19,5410.428210521952,1472,314,1158,0.0,5310.428210521952,21.331521739130434,SURVIVED (PROFIT)
27,13,5409.166000007092,2196,464,1732,0.0,5309.166000007092,21.129326047358834,SURVIVED (PROFIT)
78,19,5393.643368417199,1507,312,1195,0.0,5293.643368417199,20.703384207033842,SURVIVED (PROFIT)
77,19,5390.349105259187,1514,317,1197,0.0,5290.349105259187,20.93791281373844,SURVIVED (PROFIT)
3,2,5369.205000000218,5482,1283,4199,0.0,5269.205000000218,23.403867201751186,SURVIVED (PROFIT)
22,2,5342.095000000217,5482,1282,4200,0.0,5242.095000000217,23.38562568405691,SURVIVED (PROFIT)
13,2,5339.707000000218,5482,1282,4200,0.0,5239.707000000218,23.38562568405691,SURVIVED (PROFIT)
23,2,5338.041000000217,5482,1282,4200,0.0,5238.041000000217,23.38562568405691,SURVIVED (PROFIT)
24,2,5338.041000000217,5482,1282,4200,0.0,5238.041000000217,23.38562568405691,SURVIVED (PROFIT)
25,2,5338.041000000217,5482,1282,4200,0.0,5238.041000000217,23.38562568405691,SURVIVED (PROFIT)
12,2,5338.041000000217,5482,1282,4200,0.0,5238.041000000217,23.38562568405691,SURVIVED (PROFIT)
4,2,5335.697000000218,5486,1282,4204,0.0,5235.697000000218,23.368574553408678,SURVIVED (PROFIT)
11,2,5334.378000000218,5484,1282,4202,0.0,5234.378000000218,23.37709700948213,SURVIVED (PROFIT)
5,2,5327.253000000217,5490,1282,4208,0.0,5227.253000000217,23.35154826958106,SURVIVED (PROFIT)
37,13,5324.216461541676,2138,459,1679,0.0,5224.216461541676,21.468662301216092,SURVIVED (PROFIT)
8,2,5321.735000000537,5486,1282,4204,0.0,5221.735000000537,23.368574553408678,SURVIVED (PROFIT)
9,2,5319.062000000218,5484,1282,4202,0.0,5219.062000000218,23.37709700948213,SURVIVED (PROFIT)
65,1,5315.653000000105,2825,571,2254,0.0,5215.653000000105,20.212389380530972,SURVIVED (PROFIT)
10,2,5315.633000000218,5487,1282,4205,0.0,5215.633000000218,23.364315655184985,SURVIVED (PROFIT)
14,2,5299.102000000218,5478,1281,4197,0.0,5199.102000000218,23.384446878422782,SURVIVED (PROFIT)
38,13,5296.737692315138,2128,457,1671,0.0,5196.737692315138,21.475563909774436,SURVIVED (PROFIT)
88,2,5296.120000000218,5480,1281,4199,0.0,5196.120000000218,23.375912408759124,SURVIVED (PROFIT)
91,2,5296.120000000218,5480,1281,4199,0.0,5196.120000000218,23.375912408759124,SURVIVED (PROFIT)
90,2,5296.120000000218,5480,1281,4199,0.0,5196.120000000218,23.375912408759124,SURVIVED (PROFIT)
89,2,5296.120000000218,5480,1281,4199,0.0,5196.120000000218,23.375912408759124,SURVIVED (PROFIT)
1,2,5292.620000000228,5497,1282,4215,0.0,5192.620000000228,23.321811897398582,SURVIVED (PROFIT)
89,19,5288.199473677458,1509,318,1191,0.0,5188.199473677458,21.07355864811133,SURVIVED (PROFIT)
31,2,5288.192000000218,5481,1281,4200,0.0,5188.192000000218,23.371647509578544,SURVIVED (PROFIT)
30,2,5288.192000000218,5481,1281,4200,0.0,5188.192000000218,23.371647509578544,SURVIVED (PROFIT)
29,2,5287.203000000217,5482,1281,4201,0.0,5187.203000000217,23.367384166362644,SURVIVED (PROFIT)
28,2,5287.203000000217,5482,1281,4201,0.0,5187.203000000217,23.367384166362644,SURVIVED (PROFIT)
21,2,5287.203000000217,5482,1281,4201,0.0,5187.203000000217,23.367384166362644,SURVIVED (PROFIT)
20,2,5287.203000000217,5482,1281,4201,0.0,5187.203000000217,23.367384166362644,SURVIVED (PROFIT)
54,2,5286.781000000218,5481,1282,4199,0.0,5186.781000000218,23.389892355409597,SURVIVED (PROFIT)
53,2,5286.781000000218,5481,1282,4199,0.0,5186.781000000218,23.389892355409597,SURVIVED (PROFIT)
19,2,5285.313000000829,5482,1281,4201,0.0,5185.313000000829,23.367384166362644,SURVIVED (PROFIT)
32,2,5285.056000000218,5481,1281,4200,0.0,5185.056000000218,23.371647509578544,SURVIVED (PROFIT)
55,2,5284.782000000217,5481,1281,4200,0.0,5184.782000000217,23.371647509578544,SURVIVED (PROFIT)
67,2,5284.782000000217,5481,1281,4200,0.0,5184.782000000217,23.371647509578544,SURVIVED (PROFIT)
59,2,5284.782000000217,5481,1281,4200,0.0,5184.782000000217,23.371647509578544,SURVIVED (PROFIT)
66,2,5284.782000000217,5481,1281,4200,0.0,5184.782000000217,23.371647509578544,SURVIVED (PROFIT)
78,2,5284.782000000217,5481,1281,4200,0.0,5184.782000000217,23.371647509578544,SURVIVED (PROFIT)
60,2,5284.782000000217,5481,1281,4200,0.0,5184.782000000217,23.371647509578544,SURVIVED (PROFIT)
61,2,5284.782000000217,5481,1281,4200,0.0,5184.782000000217,23.371647509578544,SURVIVED (PROFIT)
62,2,5284.782000000217,5481,1281,4200,0.0,5184.782000000217,23.371647509578544,SURVIVED (PROFIT)
56,2,5284.782000000217,5481,1281,4200,0.0,5184.782000000217,23.371647509578544,SURVIVED (PROFIT)
58,2,5284.782000000217,5481,1281,4200,0.0,5184.782000000217,23.371647509578544,SURVIVED (PROFIT)
57,2,5284.782000000217,5481,1281,4200,0.0,5184.782000000217,23.371647509578544,SURVIVED (PROFIT)
63,2,5284.782000000217,5481,1281,4200,0.0,5184.782000000217,23.371647509578544,SURVIVED (PROFIT)
65,2,5284.782000000217,5481,1281,4200,0.0,5184.782000000217,23.371647509578544,SURVIVED (PROFIT)
64,2,5284.782000000217,5481,1281,4200,0.0,5184.782000000217,23.371647509578544,SURVIVED (PROFIT)
33,2,5284.138000000218,5481,1281,4200,0.0,5184.138000000218,23.371647509578544,SURVIVED (PROFIT)
2,2,5284.138000000218,5481,1281,4200,0.0,5184.138000000218,23.371647509578544,SURVIVED (PROFIT)
34,2,5284.138000000218,5481,1281,4200,0.0,5184.138000000218,23.371647509578544,SURVIVED (PROFIT)
98,2,5284.138000000218,5481,1281,4200,0.0,5184.138000000218,23.371647509578544,SURVIVED (PROFIT)
86,2,5284.138000000218,5481,1281,4200,0.0,5184.138000000218,23.371647509578544,SURVIVED (PROFIT)
87,2,5284.138000000218,5481,1281,4200,0.0,5184.138000000218,23.371647509578544,SURVIVED (PROFIT)
94,2,5284.138000000218,5481,1281,4200,0.0,5184.138000000218,23.371647509578544,SURVIVED (PROFIT)
97,2,5284.138000000218,5481,1281,4200,0.0,5184.138000000218,23.371647509578544,SURVIVED (PROFIT)
96,2,5284.138000000218,5481,1281,4200,0.0,5184.138000000218,23.371647509578544,SURVIVED (PROFIT)
95,2,5284.138000000218,5481,1281,4200,0.0,5184.138000000218,23.371647509578544,SURVIVED (PROFIT)
80,2,5284.138000000218,5481,1281,4200,0.0,5184.138000000218,23.371647509578544,SURVIVED (PROFIT)
93,2,5284.138000000218,5481,1281,4200,0.0,5184.138000000218,23.371647509578544,SURVIVED (PROFIT)
100,2,5284.138000000218,5481,1281,4200,0.0,5184.138000000218,23.371647509578544,SURVIVED (PROFIT)
99,2,5284.138000000218,5481,1281,4200,0.0,5184.138000000218,23.371647509578544,SURVIVED (PROFIT)
83,2,5284.138000000218,5481,1281,4200,0.0,5184.138000000218,23.371647509578544,SURVIVED (PROFIT)
85,2,5284.138000000218,5481,1281,4200,0.0,5184.138000000218,23.371647509578544,SURVIVED (PROFIT)
81,2,5284.138000000218,5481,1281,4200,0.0,5184.138000000218,23.371647509578544,SURVIVED (PROFIT)
82,2,5284.138000000218,5481,1281,4200,0.0,5184.138000000218,23.371647509578544,SURVIVED (PROFIT)
92,2,5284.138000000218,5481,1281,4200,0.0,5184.138000000218,23.371647509578544,SURVIVED (PROFIT)
84,2,5284.138000000218,5481,1281,4200,0.0,5184.138000000218,23.371647509578544,SURVIVED (PROFIT)
79,2,5284.138000000218,5481,1281,4200,0.0,5184.138000000218,23.371647509578544,SURVIVED (PROFIT)
76,2,5283.793000000217,5482,1281,4201,0.0,5183.793000000217,23.367384166362644,SURVIVED (PROFIT)
75,2,5283.793000000217,5482,1281,4201,0.0,5183.793000000217,23.367384166362644,SURVIVED (PROFIT)
77,2,5283.793000000217,5482,1281,4201,0.0,5183.793000000217,23.367384166362644,SURVIVED (PROFIT)
37,2,5283.717000000218,5482,1281,4201,0.0,5183.717000000218,23.367384166362644,SURVIVED (PROFIT)
36,2,5283.717000000218,5482,1281,4201,0.0,5183.717000000218,23.367384166362644,SURVIVED (PROFIT)
38,2,5283.717000000218,5482,1281,4201,0.0,5183.717000000218,23.367384166362644,SURVIVED (PROFIT)
26,2,5283.149000000217,5482,1281,4201,0.0,5183.149000000217,23.367384166362644,SURVIVED (PROFIT)
27,2,5283.149000000217,5482,1281,4201,0.0,5183.149000000217,23.367384166362644,SURVIVED (PROFIT)
69,2,5283.104000000217,5482,1281,4201,0.0,5183.104000000217,23.367384166362644,SURVIVED (PROFIT)
68,2,5283.104000000217,5482,1281,4201,0.0,5183.104000000217,23.367384166362644,SURVIVED (PROFIT)
35,2,5283.073000000218,5482,1281,4201,0.0,5183.073000000218,23.367384166362644,SURVIVED (PROFIT)
49,2,5282.611000000218,5482,1282,4200,0.0,5182.611000000218,23.38562568405691,SURVIVED (PROFIT)
51,2,5282.611000000218,5482,1282,4200,0.0,5182.611000000218,23.38562568405691,SURVIVED (PROFIT)
52,2,5282.611000000218,5482,1282,4200,0.0,5182.611000000218,23.38562568405691,SURVIVED (PROFIT)
50,2,5282.611000000218,5482,1282,4200,0.0,5182.611000000218,23.38562568405691,SURVIVED (PROFIT)
70,2,5282.462000000217,5483,1281,4202,0.0,5182.462000000217,23.363122378260076,SURVIVED (PROFIT)
16,2,5282.248000000828,5481,1281,4200,0.0,5182.248000000828,23.371647509578544,SURVIVED (PROFIT)
17,2,5282.248000000828,5481,1281,4200,0.0,5182.248000000828,23.371647509578544,SURVIVED (PROFIT)
15,2,5282.248000000828,5481,1281,4200,0.0,5182.248000000828,23.371647509578544,SURVIVED (PROFIT)
72,2,5282.115000000217,5483,1281,4202,0.0,5182.115000000217,23.363122378260076,SURVIVED (PROFIT)
74,2,5282.115000000217,5483,1281,4202,0.0,5182.115000000217,23.363122378260076,SURVIVED (PROFIT)
71,2,5282.115000000217,5483,1281,4202,0.0,5182.115000000217,23.363122378260076,SURVIVED (PROFIT)
73,2,5282.115000000217,5483,1281,4202,0.0,5182.115000000217,23.363122378260076,SURVIVED (PROFIT)
18,2,5281.259000000829,5482,1281,4201,0.0,5181.259000000829,23.367384166362644,SURVIVED (PROFIT)
47,2,5280.612000000218,5482,1281,4201,0.0,5180.612000000218,23.367384166362644,SURVIVED (PROFIT)
48,2,5280.612000000218,5482,1281,4201,0.0,5180.612000000218,23.367384166362644,SURVIVED (PROFIT)
46,2,5280.612000000218,5482,1281,4201,0.0,5180.612000000218,23.367384166362644,SURVIVED (PROFIT)
45,2,5280.612000000218,5482,1281,4201,0.0,5180.612000000218,23.367384166362644,SURVIVED (PROFIT)
43,13,5278.9368461718195,2118,465,1653,0.0,5178.9368461718195,21.95467422096317,SURVIVED (PROFIT)
44,2,5277.707000000218,5483,1281,4202,0.0,5177.707000000218,23.363122378260076,SURVIVED (PROFIT)
42,2,5276.642000000217,5484,1281,4203,0.0,5176.642000000217,23.35886214442013,SURVIVED (PROFIT)
41,2,5276.642000000217,5484,1281,4203,0.0,5176.642000000217,23.35886214442013,SURVIVED (PROFIT)
43,2,5276.642000000217,5484,1281,4203,0.0,5176.642000000217,23.35886214442013,SURVIVED (PROFIT)
39,2,5276.642000000217,5484,1281,4203,0.0,5176.642000000217,23.35886214442013,SURVIVED (PROFIT)
40,2,5275.292000000219,5485,1281,4204,0.0,5175.292000000219,23.354603463992706,SURVIVED (PROFIT)
7,2,5261.684000000538,5488,1281,4207,0.0,5161.684000000538,23.341836734693878,SURVIVED (PROFIT)
6,2,5260.169000000218,5489,1281,4208,0.0,5160.169000000218,23.337584259427945,SURVIVED (PROFIT)
66,1,5255.117000000107,2827,569,2258,0.0,5155.117000000107,20.127343473646974,SURVIVED (PROFIT)
81,19,5254.230842100878,1477,315,1162,0.0,5154.230842100878,21.32701421800948,SURVIVED (PROFIT)
35,13,5234.30761539407,2134,459,1675,0.0,5134.30761539407,21.508903467666354,SURVIVED (PROFIT)
57,1,5231.373000000111,2871,584,2287,0.0,5131.373000000111,20.341344479275513,SURVIVED (PROFIT)
19,19,5219.666000000045,1237,246,991,0.0,5119.666000000045,19.886822958771223,SURVIVED (PROFIT)
79,19,5206.028210524944,1498,314,1184,0.0,5106.028210524944,20.961281708945258,SURVIVED (PROFIT)
67,1,5175.859000000105,2820,565,2255,0.0,5075.859000000105,20.0354609929078,SURVIVED (PROFIT)
60,1,5175.3590000001095,2867,585,2282,0.0,5075.3590000001095,20.40460411580049,SURVIVED (PROFIT)
29,13,5088.581384628888,2177,464,1713,0.0,4988.581384628888,21.313734497014238,SURVIVED (PROFIT)
73,19,5073.694684207057,1495,314,1181,0.0,4973.694684207057,21.003344481605353,SURVIVED (PROFIT)
59,1,5057.428000000107,2851,579,2272,0.0,4957.428000000107,20.308663626797614,SURVIVED (PROFIT)
92,19,5054.842999992972,1526,319,1207,0.0,4954.842999992972,20.9043250327654,SURVIVED (PROFIT)
34,13,5048.255230779486,2130,457,1673,0.0,4948.255230779486,21.455399061032864,SURVIVED (PROFIT)
90,19,5043.6754736773055,1528,317,1211,0.0,4943.6754736773055,20.74607329842932,SURVIVED (PROFIT)
95,19,5035.087526313502,1547,319,1228,0.0,4935.087526313502,20.62055591467356,SURVIVED (PROFIT)
58,1,5026.39000000011,2881,584,2297,0.0,4926.39000000011,20.2707393266227,SURVIVED (PROFIT)
55,1,5016.191000000106,2854,581,2273,0.0,4916.191000000106,20.35739313244569,SURVIVED (PROFIT)
61,1,4991.154000000108,2863,574,2289,0.0,4891.154000000108,20.048899755501225,SURVIVED (PROFIT)
68,1,4974.28400000011,2824,565,2259,0.0,4874.28400000011,20.007082152974505,SURVIVED (PROFIT)
57,13,4957.357153846423,2072,437,1635,0.0,4857.357153846423,21.090733590733592,SURVIVED (PROFIT)
84,23,4901.7188260760295,1377,281,1096,0.0,4801.7188260760295,20.406681190994917,SURVIVED (PROFIT)
33,13,4882.018384627715,2122,459,1663,0.0,4782.018384627715,21.63053722902922,SURVIVED (PROFIT)
70,1,4870.952000000115,2817,559,2258,0.0,4770.952000000115,19.84380546680866,SURVIVED (PROFIT)
93,19,4859.65031578319,1525,319,1206,0.0,4759.65031578319,20.918032786885245,SURVIVED (PROFIT)
56,1,4853.063000000106,2856,577,2279,0.0,4753.063000000106,20.203081232493,SURVIVED (PROFIT)
55,13,4851.0264615391,2070,439,1631,0.0,4751.0264615391,21.207729468599034,SURVIVED (PROFIT)
91,19,4834.9775789394025,1532,319,1213,0.0,4734.9775789394025,20.822454308093995,SURVIVED (PROFIT)
32,1,4820.086000000114,3008,627,2381,0.0,4720.086000000114,20.84441489361702,SURVIVED (PROFIT)
69,1,4788.306000000112,2818,557,2261,0.0,4688.306000000112,19.76579134137686,SURVIVED (PROFIT)
77,13,4786.185846160329,2018,428,1590,0.0,4686.185846160329,21.209117938553025,SURVIVED (PROFIT)
5,1,4753.5910000001695,4613,1044,3569,0.0,4653.5910000001695,22.631693041404727,SURVIVED (PROFIT)
56,13,4683.504076923152,2073,437,1636,0.0,4583.504076923152,21.080559575494455,SURVIVED (PROFIT)
52,13,4644.699461542114,2079,439,1640,0.0,4544.699461542114,21.115921115921115,SURVIVED (PROFIT)
58,13,4638.6640769223295,2086,435,1651,0.0,4538.6640769223295,20.853307766059444,SURVIVED (PROFIT)
60,13,4634.421769234536,2070,436,1634,0.0,4534.421769234536,21.06280193236715,SURVIVED (PROFIT)
75,13,4627.548692314757,2018,428,1590,0.0,4527.548692314757,21.209117938553025,SURVIVED (PROFIT)
54,13,4625.913230769629,2079,441,1638,0.0,4525.913230769629,21.21212121212121,SURVIVED (PROFIT)
89,23,4612.084869553358,1385,288,1097,0.0,4512.084869553358,20.794223826714802,SURVIVED (PROFIT)
62,13,4607.094692310803,2052,439,1613,0.0,4507.094692310803,21.393762183235868,SURVIVED (PROFIT)
13,34,4569.04070588957,2045,504,1541,0.0,4469.04070588957,24.64547677261614,SURVIVED (PROFIT)
74,13,4555.084538469936,2030,427,1603,0.0,4455.084538469936,21.03448275862069,SURVIVED (PROFIT)
30,13,4551.965307702188,2166,462,1704,0.0,4451.965307702188,21.329639889196674,SURVIVED (PROFIT)
80,13,4548.627230775014,2003,432,1571,0.0,4448.627230775014,21.567648527209187,SURVIVED (PROFIT)
71,19,4542.256157891663,1522,318,1204,0.0,4442.256157891663,20.893561103810775,SURVIVED (PROFIT)
53,13,4527.586846154862,2084,440,1644,0.0,4427.586846154862,21.113243761996163,SURVIVED (PROFIT)
50,13,4525.593230779702,2083,450,1633,0.0,4425.593230779702,21.60345655304849,SURVIVED (PROFIT)
76,13,4517.027615391583,2017,429,1588,0.0,4417.027615391583,21.269211700545366,SURVIVED (PROFIT)
48,13,4516.680000015561,2094,457,1637,0.0,4416.680000015561,21.824259789875835,SURVIVED (PROFIT)
32,13,4467.13984616448,2140,462,1678,0.0,4367.13984616448,21.588785046728972,SURVIVED (PROFIT)
45,13,4456.031384628566,2118,463,1655,0.0,4356.031384628566,21.86024551463645,SURVIVED (PROFIT)
81,13,4450.813000005318,1994,435,1559,0.0,4350.813000005318,21.81544633901705,SURVIVED (PROFIT)
79,13,4440.605615393052,2003,432,1571,0.0,4340.605615393052,21.567648527209187,SURVIVED (PROFIT)
49,13,4440.47384616673,2087,452,1635,0.0,4340.47384616673,21.65788212745568,SURVIVED (PROFIT)
44,13,4409.6994615551175,2118,459,1659,0.0,4309.6994615551175,21.671388101983002,SURVIVED (PROFIT)
63,13,4395.935846155981,2061,433,1628,0.0,4295.935846155981,21.009218825812713,SURVIVED (PROFIT)
46,13,4337.047000015948,2100,459,1641,0.0,4237.047000015948,21.857142857142858,SURVIVED (PROFIT)
78,13,4336.255307700398,2006,427,1579,0.0,4236.255307700398,21.28614157527418,SURVIVED (PROFIT)
68,13,4322.357769237063,2075,439,1636,0.0,4222.357769237063,21.156626506024097,SURVIVED (PROFIT)
66,13,4305.565615389482,2069,434,1635,0.0,4205.565615389482,20.97631706138231,SURVIVED (PROFIT)
67,13,4300.679846158919,2081,437,1644,0.0,4200.679846158919,20.999519461797213,SURVIVED (PROFIT)
1,4,4286.313499914817,5109,1227,3882,0.0,4186.313499914817,24.01644157369348,SURVIVED (PROFIT)
69,13,4281.04015385028,2062,430,1632,0.0,4181.04015385028,20.85354025218235,SURVIVED (PROFIT)
73,13,4279.682307698886,2029,423,1606,0.0,4179.682307698886,20.847708230655495,SURVIVED (PROFIT)
72,13,4278.727461547563,2036,424,1612,0.0,4178.727461547563,20.825147347740668,SURVIVED (PROFIT)
59,13,4277.545923076347,2070,431,1639,0.0,4177.545923076347,20.82125603864734,SURVIVED (PROFIT)
64,13,4258.927000006974,2067,434,1633,0.0,4158.927000006974,20.99661344944364,SURVIVED (PROFIT)
31,13,4234.501230779529,2161,462,1699,0.0,4134.501230779529,21.378991207774177,SURVIVED (PROFIT)
51,13,4198.917615388823,2086,441,1645,0.0,4098.917615388823,21.140939597315437,SURVIVED (PROFIT)
82,13,4169.385000007261,1998,430,1568,0.0,4069.3850000072607,21.52152152152152,SURVIVED (PROFIT)
71,13,4143.924000005834,2054,429,1625,0.0,4043.9240000058344,20.88607594936709,SURVIVED (PROFIT)
65,13,4119.965000005727,2068,427,1641,0.0,4019.9650000057272,20.647969052224372,SURVIVED (PROFIT)
13,13,4075.899000000055,1793,363,1430,0.0,3975.899000000055,20.245398773006134,SURVIVED (PROFIT)
47,13,4070.694461553294,2101,453,1648,0.0,3970.694461553294,21.56116135173727,SURVIVED (PROFIT)
61,13,3977.657692312008,2063,429,1634,0.0,3877.657692312008,20.79495879786718,SURVIVED (PROFIT)
93,13,3940.9984615346148,2045,430,1615,0.0,3840.9984615346148,21.026894865525673,SURVIVED (PROFIT)
86,13,3862.494846153732,2023,434,1589,0.0,3762.494846153732,21.453287197231834,SURVIVED (PROFIT)
85,13,3838.389692313965,2020,436,1584,0.0,3738.389692313965,21.584158415841586,SURVIVED (PROFIT)
70,13,3830.10153846547,2063,424,1639,0.0,3730.10153846547,20.552593310712556,SURVIVED (PROFIT)
83,13,3802.5292307761,2017,436,1581,0.0,3702.5292307761,21.616261774913237,SURVIVED (PROFIT)
92,13,3726.523692301831,2065,428,1637,0.0,3626.523692301831,20.72639225181598,SURVIVED (PROFIT)
38,61,3608.394262294997,910,167,743,0.0,3508.394262294997,18.35164835164835,SURVIVED (PROFIT)
87,13,3580.8116153809137,2026,433,1593,0.0,3480.8116153809137,21.372161895360318,SURVIVED (PROFIT)
84,13,3557.471538468287,2026,433,1593,0.0,3457.471538468287,21.372161895360318,SURVIVED (PROFIT)
90,13,3531.319692300276,2052,432,1620,0.0,3431.319692300276,21.052631578947366,SURVIVED (PROFIT)
2,3,3515.958666660756,5528,1301,4227,0.0,3415.958666660756,23.534732272069466,SURVIVED (PROFIT)
38,62,3427.9955806444345,901,172,729,0.0,3327.9955806444345,19.08990011098779,SURVIVED (PROFIT)
88,13,3285.2808461495947,2032,432,1600,0.0,3185.2808461495947,21.25984251968504,SURVIVED (PROFIT)
7,3,3227.3209999965243,5252,1253,3999,0.0,3127.3209999965243,23.857578065498856,SURVIVED (PROFIT)
6,3,3224.619999999783,5256,1254,4002,0.0,3124.619999999783,23.858447488584474,SURVIVED (PROFIT)
8,3,3213.1259999955273,5240,1254,3986,0.0,3113.1259999955273,23.931297709923662,SURVIVED (PROFIT)
38,64,3169.3312812505824,915,179,736,0.0,3069.3312812505824,19.562841530054644,SURVIVED (PROFIT)
38,56,3135.962375001641,946,165,781,0.0,3035.962375001641,17.441860465116278,SURVIVED (PROFIT)
1,3,3107.2886666102563,5360,1267,4093,0.0,3007.2886666102563,23.638059701492537,SURVIVED (PROFIT)
45,19,3100.8681052644306,1561,320,1241,0.0,3000.8681052644306,20.499679692504806,SURVIVED (PROFIT)
84,3,3056.820333331128,5194,1242,3952,0.0,2956.820333331128,23.912206391990757,SURVIVED (PROFIT)
37,62,3053.221419351442,944,178,766,0.0,2953.221419351442,18.85593220338983,SURVIVED (PROFIT)
38,60,3037.583350002976,927,165,762,0.0,2937.583350002976,17.79935275080906,SURVIVED (PROFIT)
83,3,3028.443999997184,5196,1242,3954,0.0,2928.443999997184,23.90300230946882,SURVIVED (PROFIT)
82,3,3023.234999996447,5198,1242,3956,0.0,2923.234999996447,23.893805309734514,SURVIVED (PROFIT)
46,19,2885.3319473684564,1559,321,1238,0.0,2785.3319473684564,20.59012187299551,SURVIVED (PROFIT)
38,59,2875.165322036829,936,168,768,0.0,2775.165322036829,17.94871794871795,SURVIVED (PROFIT)
89,13,2773.3517692239184,2059,430,1629,0.0,2673.3517692239184,20.883924235065564,SURVIVED (PROFIT)
38,58,2687.208396554535,936,159,777,0.0,2587.208396554535,16.98717948717949,SURVIVED (PROFIT)
47,19,2478.9002631563417,1552,318,1234,0.0,2378.9002631563417,20.489690721649485,SURVIVED (PROFIT)
37,83,2321.6720722859227,971,184,787,0.0,2221.6720722859227,18.949536560247168,SURVIVED (PROFIT)
38,55,2126.359909091525,945,165,780,0.0,2026.359909091525,17.46031746031746,SURVIVED (PROFIT)
37,82,1958.052878044542,971,180,791,0.0,1858.052878044542,18.537590113285273,SURVIVED (PROFIT)
38,83,1874.207795178148,952,178,774,0.0,1774.207795178148,18.69747899159664,SURVIVED (PROFIT)
81,37,1789.4093783756607,948,163,785,0.0,1689.4093783756607,17.19409282700422,SURVIVED (PROFIT)
82,37,1616.6639459451767,954,166,788,0.0,1516.6639459451767,17.40041928721174,SURVIVED (PROFIT)
38,85,1601.513082350265,933,180,753,0.0,1501.513082350265,19.292604501607716,SURVIVED (PROFIT)
38,82,1559.4276585323707,952,177,775,0.0,1459.4276585323707,18.592436974789916,SURVIVED (PROFIT)
83,37,1554.6478378368583,962,168,794,0.0,1454.6478378368583,17.463617463617464,SURVIVED (PROFIT)
38,38,1548.048000000021,654,96,558,0.0,1448.048000000021,14.678899082568808,SURVIVED (PROFIT)
81,38,1324.1608157853457,926,165,761,0.0,1224.1608157853457,17.818574514038875,SURVIVED (PROFIT)
83,38,1248.9634736814721,941,172,769,0.0,1148.9634736814721,18.278427205100954,SURVIVED (PROFIT)
42,38,1194.0205789472175,798,131,667,0.0,1094.0205789472175,16.416040100250626,SURVIVED (PROFIT)
82,38,1117.7057631554212,932,167,765,0.0,1017.7057631554212,17.918454935622318,SURVIVED (PROFIT)
84,38,899.8921842070379,940,166,774,0.0,799.8921842070379,17.659574468085108,SURVIVED (PROFIT)
43,38,639.23531578919,824,130,694,0.0,539.23531578919,15.776699029126215,SURVIVED (PROFIT)
49,37,388.8781621592011,918,147,771,0.0,288.8781621592011,16.013071895424837,SURVIVED (PROFIT)
3,38,0.0,47,11,36,1.0,-100.0,23.404255319148938,MARGIN CALL ($0)
3,37,0.0,47,11,36,1.0,-100.0,23.404255319148938,MARGIN CALL ($0)
3,36,0.0,46,11,35,1.0,-100.0,23.91304347826087,MARGIN CALL ($0)
3,35,0.0,45,10,35,1.0,-100.0,22.22222222222222,MARGIN CALL ($0)
3,34,0.0,47,9,38,1.0,-100.0,19.148936170212767,MARGIN CALL ($0)
3,33,0.0,44,8,36,1.0,-100.0,18.181818181818183,MARGIN CALL ($0)
3,32,0.0,45,8,37,1.0,-100.0,17.77777777777778,MARGIN CALL ($0)
3,31,0.0,45,8,37,1.0,-100.0,17.77777777777778,MARGIN CALL ($0)
3,30,0.0,26,5,21,1.0,-100.0,19.230769230769234,MARGIN CALL ($0)
3,29,0.0,26,5,21,1.0,-100.0,19.230769230769234,MARGIN CALL ($0)
3,28,0.0,26,5,21,1.0,-100.0,19.230769230769234,MARGIN CALL ($0)
3,27,0.0,25,5,20,1.0,-100.0,20.0,MARGIN CALL ($0)
3,26,0.0,24,5,19,1.0,-100.0,20.833333333333336,MARGIN CALL ($0)
3,25,0.0,23,5,18,1.0,-100.0,21.73913043478261,MARGIN CALL ($0)
3,56,0.0,47,8,39,1.0,-100.0,17.02127659574468,MARGIN CALL ($0)
3,55,0.0,47,8,39,1.0,-100.0,17.02127659574468,MARGIN CALL ($0)
3,54,0.0,27,5,22,1.0,-100.0,18.51851851851852,MARGIN CALL ($0)
3,53,0.0,27,5,22,1.0,-100.0,18.51851851851852,MARGIN CALL ($0)
3,52,0.0,26,5,21,1.0,-100.0,19.230769230769234,MARGIN CALL ($0)
3,51,0.0,24,5,19,1.0,-100.0,20.833333333333336,MARGIN CALL ($0)
3,50,0.0,24,5,19,1.0,-100.0,20.833333333333336,MARGIN CALL ($0)
3,49,0.0,24,5,19,1.0,-100.0,20.833333333333336,MARGIN CALL ($0)
3,48,0.0,27,5,22,1.0,-100.0,18.51851851851852,MARGIN CALL ($0)
3,47,0.0,26,5,21,1.0,-100.0,19.230769230769234,MARGIN CALL ($0)
3,46,0.0,47,8,39,1.0,-100.0,17.02127659574468,MARGIN CALL ($0)
3,45,0.0,44,8,36,1.0,-100.0,18.181818181818183,MARGIN CALL ($0)
3,44,0.0,43,8,35,1.0,-100.0,18.6046511627907,MARGIN CALL ($0)
3,43,0.0,42,8,34,1.0,-100.0,19.047619047619047,MARGIN CALL ($0)
3,42,0.0,23,5,18,1.0,-100.0,21.73913043478261,MARGIN CALL ($0)
3,41,0.0,46,10,36,1.0,-100.0,21.73913043478261,MARGIN CALL ($0)
3,72,0.0,27,5,22,1.0,-100.0,18.51851851851852,MARGIN CALL ($0)
3,71,0.0,46,8,38,1.0,-100.0,17.391304347826086,MARGIN CALL ($0)
3,70,0.0,46,8,38,1.0,-100.0,17.391304347826086,MARGIN CALL ($0)
3,69,0.0,44,8,36,1.0,-100.0,18.181818181818183,MARGIN CALL ($0)
3,68,0.0,44,8,36,1.0,-100.0,18.181818181818183,MARGIN CALL ($0)
3,67,0.0,44,8,36,1.0,-100.0,18.181818181818183,MARGIN CALL ($0)
3,66,0.0,45,8,37,1.0,-100.0,17.77777777777778,MARGIN CALL ($0)
3,65,0.0,45,8,37,1.0,-100.0,17.77777777777778,MARGIN CALL ($0)
3,64,0.0,48,8,40,1.0,-100.0,16.666666666666664,MARGIN CALL ($0)
3,63,0.0,50,8,42,1.0,-100.0,16.0,MARGIN CALL ($0)
3,62,0.0,50,8,42,1.0,-100.0,16.0,MARGIN CALL ($0)
3,61,0.0,50,8,42,1.0,-100.0,16.0,MARGIN CALL ($0)
3,60,0.0,50,8,42,1.0,-100.0,16.0,MARGIN CALL ($0)
3,59,0.0,50,8,42,1.0,-100.0,16.0,MARGIN CALL ($0)
3,58,0.0,50,8,42,1.0,-100.0,16.0,MARGIN CALL ($0)
3,57,0.0,50,8,42,1.0,-100.0,16.0,MARGIN CALL ($0)
3,88,0.0,45,8,37,1.0,-100.0,17.77777777777778,MARGIN CALL ($0)
3,87,0.0,46,8,38,1.0,-100.0,17.391304347826086,MARGIN CALL ($0)
3,86,0.0,46,8,38,1.0,-100.0,17.391304347826086,MARGIN CALL ($0)
3,85,0.0,46,8,38,1.0,-100.0,17.391304347826086,MARGIN CALL ($0)
3,84,0.0,46,8,38,1.0,-100.0,17.391304347826086,MARGIN CALL ($0)
3,83,0.0,1696,474,1222,1.0,-100.0,27.94811320754717,MARGIN CALL ($0)
3,82,0.0,1048,300,748,1.0,-100.0,28.62595419847328,MARGIN CALL ($0)
3,81,0.0,27,5,22,1.0,-100.0,18.51851851851852,MARGIN CALL ($0)
3,80,0.0,27,5,22,1.0,-100.0,18.51851851851852,MARGIN CALL ($0)
3,79,0.0,27,5,22,1.0,-100.0,18.51851851851852,MARGIN CALL ($0)
3,78,0.0,27,5,22,1.0,-100.0,18.51851851851852,MARGIN CALL ($0)
3,77,0.0,27,5,22,1.0,-100.0,18.51851851851852,MARGIN CALL ($0)
3,76,0.0,27,5,22,1.0,-100.0,18.51851851851852,MARGIN CALL ($0)
3,75,0.0,27,5,22,1.0,-100.0,18.51851851851852,MARGIN CALL ($0)
3,74,0.0,27,5,22,1.0,-100.0,18.51851851851852,MARGIN CALL ($0)
3,73,0.0,27,5,22,1.0,-100.0,18.51851851851852,MARGIN CALL ($0)
4,5,0.0,32,6,26,1.0,-100.0,18.75,MARGIN CALL ($0)
4,4,0.0,36,8,28,1.0,-100.0,22.22222222222222,MARGIN CALL ($0)
4,3,0.0,26,5,21,1.0,-100.0,19.230769230769234,MARGIN CALL ($0)
4,1,0.0,2589,574,2015,1.0,-100.0,22.17072228659714,MARGIN CALL ($0)
3,100,0.0,48,8,40,1.0,-100.0,16.666666666666664,MARGIN CALL ($0)
3,99,0.0,22,5,17,1.0,-100.0,22.727272727272727,MARGIN CALL ($0)
3,98,0.0,22,5,17,1.0,-100.0,22.727272727272727,MARGIN CALL ($0)
3,97,0.0,22,5,17,1.0,-100.0,22.727272727272727,MARGIN CALL ($0)
3,96,0.0,47,8,39,1.0,-100.0,17.02127659574468,MARGIN CALL ($0)
3,95,0.0,48,8,40,1.0,-100.0,16.666666666666664,MARGIN CALL ($0)
3,94,0.0,48,8,40,1.0,-100.0,16.666666666666664,MARGIN CALL ($0)
3,93,0.0,48,8,40,1.0,-100.0,16.666666666666664,MARGIN CALL ($0)
3,92,0.0,48,8,40,1.0,-100.0,16.666666666666664,MARGIN CALL ($0)
3,91,0.0,48,8,40,1.0,-100.0,16.666666666666664,MARGIN CALL ($0)
3,90,0.0,47,9,38,1.0,-100.0,19.148936170212767,MARGIN CALL ($0)
3,89,0.0,44,8,36,1.0,-100.0,18.181818181818183,MARGIN CALL ($0)
4,21,0.0,1561,400,1161,1.0,-100.0,25.624599615631006,MARGIN CALL ($0)
4,20,0.0,1529,399,1130,1.0,-100.0,26.095487246566385,MARGIN CALL ($0)
4,19,0.0,76,18,58,1.0,-100.0,23.684210526315788,MARGIN CALL ($0)
4,18,0.0,77,18,59,1.0,-100.0,23.376623376623375,MARGIN CALL ($0)
4,17,0.0,80,20,60,1.0,-100.0,25.0,MARGIN CALL ($0)
4,16,0.0,1187,307,880,1.0,-100.0,25.863521482729567,MARGIN CALL ($0)
4,15,0.0,46,9,37,1.0,-100.0,19.565217391304348,MARGIN CALL ($0)
4,14,0.0,44,9,35,1.0,-100.0,20.454545454545457,MARGIN CALL ($0)
4,13,0.0,43,9,34,1.0,-100.0,20.930232558139537,MARGIN CALL ($0)
4,12,0.0,27,6,21,1.0,-100.0,22.22222222222222,MARGIN CALL ($0)
4,11,0.0,27,6,21,1.0,-100.0,22.22222222222222,MARGIN CALL ($0)
4,10,0.0,26,5,21,1.0,-100.0,19.230769230769234,MARGIN CALL ($0)
4,9,0.0,25,5,20,1.0,-100.0,20.0,MARGIN CALL ($0)
4,8,0.0,25,5,20,1.0,-100.0,20.0,MARGIN CALL ($0)
4,7,0.0,19,3,16,1.0,-100.0,15.789473684210526,MARGIN CALL ($0)
4,6,0.0,33,6,27,1.0,-100.0,18.181818181818183,MARGIN CALL ($0)
4,37,0.0,40,8,32,1.0,-100.0,20.0,MARGIN CALL ($0)
4,36,0.0,39,8,31,1.0,-100.0,20.51282051282051,MARGIN CALL ($0)
4,35,0.0,38,7,31,1.0,-100.0,18.421052631578945,MARGIN CALL ($0)
4,34,0.0,39,7,32,1.0,-100.0,17.94871794871795,MARGIN CALL ($0)
4,33,0.0,36,6,30,1.0,-100.0,16.666666666666664,MARGIN CALL ($0)
4,32,0.0,37,6,31,1.0,-100.0,16.216216216216218,MARGIN CALL ($0)
4,31,0.0,37,6,31,1.0,-100.0,16.216216216216218,MARGIN CALL ($0)
4,30,0.0,38,6,32,1.0,-100.0,15.789473684210526,MARGIN CALL ($0)
4,29,0.0,72,18,54,1.0,-100.0,25.0,MARGIN CALL ($0)
4,28,0.0,66,16,50,1.0,-100.0,24.242424242424242,MARGIN CALL ($0)
4,27,0.0,66,16,50,1.0,-100.0,24.242424242424242,MARGIN CALL ($0)
4,26,0.0,17,3,14,1.0,-100.0,17.647058823529413,MARGIN CALL ($0)
4,25,0.0,2200,574,1626,1.0,-100.0,26.090909090909093,MARGIN CALL ($0)
4,24,0.0,2261,582,1679,1.0,-100.0,25.740822644847412,MARGIN CALL ($0)
4,23,0.0,1880,481,1399,1.0,-100.0,25.585106382978722,MARGIN CALL ($0)
4,22,0.0,1547,401,1146,1.0,-100.0,25.921137685843572,MARGIN CALL ($0)
4,53,0.0,22,3,19,1.0,-100.0,13.636363636363635,MARGIN CALL ($0)
4,52,0.0,22,3,19,1.0,-100.0,13.636363636363635,MARGIN CALL ($0)
4,51,0.0,22,3,19,1.0,-100.0,13.636363636363635,MARGIN CALL ($0)
4,50,0.0,22,3,19,1.0,-100.0,13.636363636363635,MARGIN CALL ($0)
4,49,0.0,22,3,19,1.0,-100.0,13.636363636363635,MARGIN CALL ($0)
4,48,0.0,20,3,17,1.0,-100.0,15.0,MARGIN CALL ($0)
4,47,0.0,19,3,16,1.0,-100.0,15.789473684210526,MARGIN CALL ($0)
4,46,0.0,35,6,29,1.0,-100.0,17.142857142857142,MARGIN CALL ($0)
4,45,0.0,35,6,29,1.0,-100.0,17.142857142857142,MARGIN CALL ($0)
4,44,0.0,33,6,27,1.0,-100.0,18.181818181818183,MARGIN CALL ($0)
4,43,0.0,33,6,27,1.0,-100.0,18.181818181818183,MARGIN CALL ($0)
4,42,0.0,36,7,29,1.0,-100.0,19.444444444444446,MARGIN CALL ($0)
4,41,0.0,36,7,29,1.0,-100.0,19.444444444444446,MARGIN CALL ($0)
4,40,0.0,38,7,31,1.0,-100.0,18.421052631578945,MARGIN CALL ($0)
4,39,0.0,37,7,30,1.0,-100.0,18.91891891891892,MARGIN CALL ($0)
4,38,0.0,41,8,33,1.0,-100.0,19.51219512195122,MARGIN CALL ($0)
4,69,0.0,48,10,38,1.0,-100.0,20.833333333333336,MARGIN CALL ($0)
4,68,0.0,47,10,37,1.0,-100.0,21.27659574468085,MARGIN CALL ($0)
4,67,0.0,47,10,37,1.0,-100.0,21.27659574468085,MARGIN CALL ($0)
4,66,0.0,32,6,26,1.0,-100.0,18.75,MARGIN CALL ($0)
4,65,0.0,48,10,38,1.0,-100.0,20.833333333333336,MARGIN CALL ($0)
4,64,0.0,33,6,27,1.0,-100.0,18.181818181818183,MARGIN CALL ($0)
4,63,0.0,35,6,29,1.0,-100.0,17.142857142857142,MARGIN CALL ($0)
4,62,0.0,35,6,29,1.0,-100.0,17.142857142857142,MARGIN CALL ($0)
4,61,0.0,35,6,29,1.0,-100.0,17.142857142857142,MARGIN CALL ($0)
4,60,0.0,35,6,29,1.0,-100.0,17.142857142857142,MARGIN CALL ($0)
4,59,0.0,35,6,29,1.0,-100.0,17.142857142857142,MARGIN CALL ($0)
4,58,0.0,35,6,29,1.0,-100.0,17.142857142857142,MARGIN CALL ($0)
4,57,0.0,34,6,28,1.0,-100.0,17.647058823529413,MARGIN CALL ($0)
4,56,0.0,36,6,30,1.0,-100.0,16.666666666666664,MARGIN CALL ($0)
4,55,0.0,36,6,30,1.0,-100.0,16.666666666666664,MARGIN CALL ($0)
4,54,0.0,22,3,19,1.0,-100.0,13.636363636363635,MARGIN CALL ($0)
4,85,0.0,33,6,27,1.0,-100.0,18.181818181818183,MARGIN CALL ($0)
4,84,0.0,32,6,26,1.0,-100.0,18.75,MARGIN CALL ($0)
4,83,0.0,58,13,45,1.0,-100.0,22.413793103448278,MARGIN CALL ($0)
4,82,0.0,59,13,46,1.0,-100.0,22.033898305084744,MARGIN CALL ($0)
4,81,0.0,21,3,18,1.0,-100.0,14.285714285714285,MARGIN CALL ($0)
4,80,0.0,21,3,18,1.0,-100.0,14.285714285714285,MARGIN CALL ($0)
4,79,0.0,23,3,20,1.0,-100.0,13.043478260869565,MARGIN CALL ($0)
4,78,0.0,23,3,20,1.0,-100.0,13.043478260869565,MARGIN CALL ($0)
4,77,0.0,23,3,20,1.0,-100.0,13.043478260869565,MARGIN CALL ($0)
4,76,0.0,23,3,20,1.0,-100.0,13.043478260869565,MARGIN CALL ($0)
4,75,0.0,23,3,20,1.0,-100.0,13.043478260869565,MARGIN CALL ($0)
4,74,0.0,22,3,19,1.0,-100.0,13.636363636363635,MARGIN CALL ($0)
4,73,0.0,22,3,19,1.0,-100.0,13.636363636363635,MARGIN CALL ($0)
4,72,0.0,22,3,19,1.0,-100.0,13.636363636363635,MARGIN CALL ($0)
4,71,0.0,34,6,28,1.0,-100.0,17.647058823529413,MARGIN CALL ($0)
4,70,0.0,48,10,38,1.0,-100.0,20.833333333333336,MARGIN CALL ($0)
5,3,0.0,2364,554,1810,1.0,-100.0,23.434856175972925,MARGIN CALL ($0)
4,100,0.0,34,6,28,1.0,-100.0,17.647058823529413,MARGIN CALL ($0)
4,99,0.0,34,6,28,1.0,-100.0,17.647058823529413,MARGIN CALL ($0)
4,98,0.0,35,6,29,1.0,-100.0,17.142857142857142,MARGIN CALL ($0)
4,97,0.0,35,6,29,1.0,-100.0,17.142857142857142,MARGIN CALL ($0)
4,96,0.0,35,6,29,1.0,-100.0,17.142857142857142,MARGIN CALL ($0)
4,95,0.0,34,6,28,1.0,-100.0,17.647058823529413,MARGIN CALL ($0)
4,94,0.0,35,6,29,1.0,-100.0,17.142857142857142,MARGIN CALL ($0)
4,93,0.0,36,6,30,1.0,-100.0,16.666666666666664,MARGIN CALL ($0)
4,92,0.0,36,6,30,1.0,-100.0,16.666666666666664,MARGIN CALL ($0)
4,91,0.0,36,6,30,1.0,-100.0,16.666666666666664,MARGIN CALL ($0)
4,90,0.0,35,7,28,1.0,-100.0,20.0,MARGIN CALL ($0)
4,89,0.0,34,6,28,1.0,-100.0,17.647058823529413,MARGIN CALL ($0)
4,88,0.0,32,6,26,1.0,-100.0,18.75,MARGIN CALL ($0)
4,87,0.0,33,6,27,1.0,-100.0,18.181818181818183,MARGIN CALL ($0)
4,86,0.0,33,6,27,1.0,-100.0,18.181818181818183,MARGIN CALL ($0)
5,19,0.0,58,14,44,1.0,-100.0,24.137931034482758,MARGIN CALL ($0)
5,18,0.0,59,14,45,1.0,-100.0,23.728813559322035,MARGIN CALL ($0)
5,17,0.0,60,15,45,1.0,-100.0,25.0,MARGIN CALL ($0)
5,16,0.0,63,15,48,1.0,-100.0,23.809523809523807,MARGIN CALL ($0)
5,15,0.0,58,14,44,1.0,-100.0,24.137931034482758,MARGIN CALL ($0)
5,14,0.0,40,8,32,1.0,-100.0,20.0,MARGIN CALL ($0)
5,13,0.0,38,8,30,1.0,-100.0,21.052631578947366,MARGIN CALL ($0)
5,12,0.0,24,5,19,1.0,-100.0,20.833333333333336,MARGIN CALL ($0)
5,11,0.0,24,4,20,1.0,-100.0,16.666666666666664,MARGIN CALL ($0)
5,10,0.0,23,4,19,1.0,-100.0,17.391304347826086,MARGIN CALL ($0)
5,9,0.0,22,5,17,1.0,-100.0,22.727272727272727,MARGIN CALL ($0)
5,8,0.0,19,2,17,1.0,-100.0,10.526315789473683,MARGIN CALL ($0)
5,7,0.0,12,0,12,1.0,-100.0,0.0,MARGIN CALL ($0)
5,6,0.0,12,0,12,1.0,-100.0,0.0,MARGIN CALL ($0)
5,5,0.0,14,0,14,1.0,-100.0,0.0,MARGIN CALL ($0)
5,4,0.0,36,8,28,1.0,-100.0,22.22222222222222,MARGIN CALL ($0)
5,36,0.0,31,6,25,1.0,-100.0,19.35483870967742,MARGIN CALL ($0)
5,35,0.0,30,6,24,1.0,-100.0,20.0,MARGIN CALL ($0)
5,34,0.0,32,6,26,1.0,-100.0,18.75,MARGIN CALL ($0)
5,33,0.0,25,4,21,1.0,-100.0,16.0,MARGIN CALL ($0)
5,32,0.0,26,4,22,1.0,-100.0,15.384615384615385,MARGIN CALL ($0)
5,31,0.0,26,4,22,1.0,-100.0,15.384615384615385,MARGIN CALL ($0)
5,30,0.0,34,6,28,1.0,-100.0,17.647058823529413,MARGIN CALL ($0)
5,29,0.0,51,12,39,1.0,-100.0,23.52941176470588,MARGIN CALL ($0)
5,28,0.0,48,12,36,1.0,-100.0,25.0,MARGIN CALL ($0)
5,27,0.0,16,1,15,1.0,-100.0,6.25,MARGIN CALL ($0)
5,26,0.0,14,1,13,1.0,-100.0,7.142857142857142,MARGIN CALL ($0)
5,25,0.0,13,1,12,1.0,-100.0,7.6923076923076925,MARGIN CALL ($0)
5,24,0.0,15,1,14,1.0,-100.0,6.666666666666667,MARGIN CALL ($0)
5,22,0.0,1938,472,1466,1.0,-100.0,24.355005159958722,MARGIN CALL ($0)
5,21,0.0,69,16,53,1.0,-100.0,23.18840579710145,MARGIN CALL ($0)
5,20,0.0,59,14,45,1.0,-100.0,23.728813559322035,MARGIN CALL ($0)
5,52,0.0,13,1,12,1.0,-100.0,7.6923076923076925,MARGIN CALL ($0)
5,51,0.0,14,1,13,1.0,-100.0,7.142857142857142,MARGIN CALL ($0)
5,50,0.0,14,1,13,1.0,-100.0,7.142857142857142,MARGIN CALL ($0)
5,49,0.0,14,1,13,1.0,-100.0,7.142857142857142,MARGIN CALL ($0)
5,48,0.0,14,1,13,1.0,-100.0,7.142857142857142,MARGIN CALL ($0)
5,47,0.0,13,1,12,1.0,-100.0,7.6923076923076925,MARGIN CALL ($0)
5,46,0.0,23,3,20,1.0,-100.0,13.043478260869565,MARGIN CALL ($0)
5,45,0.0,23,3,20,1.0,-100.0,13.043478260869565,MARGIN CALL ($0)
5,44,0.0,24,3,21,1.0,-100.0,12.5,MARGIN CALL ($0)
5,43,0.0,24,3,21,1.0,-100.0,12.5,MARGIN CALL ($0)
5,42,0.0,32,6,26,1.0,-100.0,18.75,MARGIN CALL ($0)
5,41,0.0,30,6,24,1.0,-100.0,20.0,MARGIN CALL ($0)
5,40,0.0,31,6,25,1.0,-100.0,19.35483870967742,MARGIN CALL ($0)
5,39,0.0,46,10,36,1.0,-100.0,21.73913043478261,MARGIN CALL ($0)
5,38,0.0,33,6,27,1.0,-100.0,18.181818181818183,MARGIN CALL ($0)
5,37,0.0,32,6,26,1.0,-100.0,18.75,MARGIN CALL ($0)
5,68,0.0,45,9,36,1.0,-100.0,20.0,MARGIN CALL ($0)
5,67,0.0,44,10,34,1.0,-100.0,22.727272727272727,MARGIN CALL ($0)
5,66,0.0,46,10,36,1.0,-100.0,21.73913043478261,MARGIN CALL ($0)
5,65,0.0,43,8,35,1.0,-100.0,18.6046511627907,MARGIN CALL ($0)
5,64,0.0,43,8,35,1.0,-100.0,18.6046511627907,MARGIN CALL ($0)
5,63,0.0,43,8,35,1.0,-100.0,18.6046511627907,MARGIN CALL ($0)
5,62,0.0,44,8,36,1.0,-100.0,18.181818181818183,MARGIN CALL ($0)
5,61,0.0,44,8,36,1.0,-100.0,18.181818181818183,MARGIN CALL ($0)
5,60,0.0,44,8,36,1.0,-100.0,18.181818181818183,MARGIN CALL ($0)
5,59,0.0,45,8,37,1.0,-100.0,17.77777777777778,MARGIN CALL ($0)
5,58,0.0,47,8,39,1.0,-100.0,17.02127659574468,MARGIN CALL ($0)
5,57,0.0,46,8,38,1.0,-100.0,17.391304347826086,MARGIN CALL ($0)
5,56,0.0,48,8,40,1.0,-100.0,16.666666666666664,MARGIN CALL ($0)
5,55,0.0,28,4,24,1.0,-100.0,14.285714285714285,MARGIN CALL ($0)
5,54,0.0,15,1,14,1.0,-100.0,6.666666666666667,MARGIN CALL ($0)
5,53,0.0,15,1,14,1.0,-100.0,6.666666666666667,MARGIN CALL ($0)
5,84,0.0,27,6,21,1.0,-100.0,22.22222222222222,MARGIN CALL ($0)
5,83,0.0,46,10,36,1.0,-100.0,21.73913043478261,MARGIN CALL ($0)
5,82,0.0,46,10,36,1.0,-100.0,21.73913043478261,MARGIN CALL ($0)
5,81,0.0,18,3,15,1.0,-100.0,16.666666666666664,MARGIN CALL ($0)
5,80,0.0,18,3,15,1.0,-100.0,16.666666666666664,MARGIN CALL ($0)
5,79,0.0,17,3,14,1.0,-100.0,17.647058823529413,MARGIN CALL ($0)
5,78,0.0,20,3,17,1.0,-100.0,15.0,MARGIN CALL ($0)
5,77,0.0,20,3,17,1.0,-100.0,15.0,MARGIN CALL ($0)
5,76,0.0,18,2,16,1.0,-100.0,11.11111111111111,MARGIN CALL ($0)
5,75,0.0,18,2,16,1.0,-100.0,11.11111111111111,MARGIN CALL ($0)
5,74,0.0,17,2,15,1.0,-100.0,11.76470588235294,MARGIN CALL ($0)
5,73,0.0,17,2,15,1.0,-100.0,11.76470588235294,MARGIN CALL ($0)
5,72,0.0,17,2,15,1.0,-100.0,11.76470588235294,MARGIN CALL ($0)
5,71,0.0,48,9,39,1.0,-100.0,18.75,MARGIN CALL ($0)
5,70,0.0,47,9,38,1.0,-100.0,19.148936170212767,MARGIN CALL ($0)
5,69,0.0,45,9,36,1.0,-100.0,20.0,MARGIN CALL ($0)
5,100,0.0,34,6,28,1.0,-100.0,17.647058823529413,MARGIN CALL ($0)
5,99,0.0,34,6,28,1.0,-100.0,17.647058823529413,MARGIN CALL ($0)
5,98,0.0,35,6,29,1.0,-100.0,17.142857142857142,MARGIN CALL ($0)
5,97,0.0,35,6,29,1.0,-100.0,17.142857142857142,MARGIN CALL ($0)
5,96,0.0,32,6,26,1.0,-100.0,18.75,MARGIN CALL ($0)
5,95,0.0,31,6,25,1.0,-100.0,19.35483870967742,MARGIN CALL ($0)
5,94,0.0,32,6,26,1.0,-100.0,18.75,MARGIN CALL ($0)
5,93,0.0,33,6,27,1.0,-100.0,18.181818181818183,MARGIN CALL ($0)
5,92,0.0,33,6,27,1.0,-100.0,18.181818181818183,MARGIN CALL ($0)
5,91,0.0,33,6,27,1.0,-100.0,18.181818181818183,MARGIN CALL ($0)
5,90,0.0,32,7,25,1.0,-100.0,21.875,MARGIN CALL ($0)
5,89,0.0,29,6,23,1.0,-100.0,20.689655172413794,MARGIN CALL ($0)
5,88,0.0,27,6,21,1.0,-100.0,22.22222222222222,MARGIN CALL ($0)
5,87,0.0,28,6,22,1.0,-100.0,21.428571428571427,MARGIN CALL ($0)
5,86,0.0,29,6,23,1.0,-100.0,20.689655172413794,MARGIN CALL ($0)
5,85,0.0,28,6,22,1.0,-100.0,21.428571428571427,MARGIN CALL ($0)
6,17,0.0,47,13,34,1.0,-100.0,27.659574468085108,MARGIN CALL ($0)
6,16,0.0,47,13,34,1.0,-100.0,27.659574468085108,MARGIN CALL ($0)
6,15,0.0,40,8,32,1.0,-100.0,20.0,MARGIN CALL ($0)
6,14,0.0,39,8,31,1.0,-100.0,20.51282051282051,MARGIN CALL ($0)
6,13,0.0,40,7,33,1.0,-100.0,17.5,MARGIN CALL ($0)
6,12,0.0,23,4,19,1.0,-100.0,17.391304347826086,MARGIN CALL ($0)
6,11,0.0,21,4,17,1.0,-100.0,19.047619047619047,MARGIN CALL ($0)
6,10,0.0,23,4,19,1.0,-100.0,17.391304347826086,MARGIN CALL ($0)
6,9,0.0,24,4,20,1.0,-100.0,16.666666666666664,MARGIN CALL ($0)
6,8,0.0,22,4,18,1.0,-100.0,18.181818181818183,MARGIN CALL ($0)
6,7,0.0,18,1,17,1.0,-100.0,5.555555555555555,MARGIN CALL ($0)
6,6,0.0,19,1,18,1.0,-100.0,5.263157894736842,MARGIN CALL ($0)
6,5,0.0,13,0,13,1.0,-100.0,0.0,MARGIN CALL ($0)
6,4,0.0,36,8,28,1.0,-100.0,22.22222222222222,MARGIN CALL ($0)
6,1,0.0,2008,420,1588,1.0,-100.0,20.916334661354583,MARGIN CALL ($0)
6,33,0.0,27,4,23,1.0,-100.0,14.814814814814813,MARGIN CALL ($0)
6,32,0.0,27,4,23,1.0,-100.0,14.814814814814813,MARGIN CALL ($0)
6,31,0.0,28,4,24,1.0,-100.0,14.285714285714285,MARGIN CALL ($0)
6,30,0.0,32,6,26,1.0,-100.0,18.75,MARGIN CALL ($0)
6,29,0.0,32,8,24,1.0,-100.0,25.0,MARGIN CALL ($0)
6,28,0.0,31,8,23,1.0,-100.0,25.806451612903224,MARGIN CALL ($0)
6,27,0.0,31,6,25,1.0,-100.0,19.35483870967742,MARGIN CALL ($0)
6,26,0.0,29,6,23,1.0,-100.0,20.689655172413794,MARGIN CALL ($0)
6,25,0.0,31,6,25,1.0,-100.0,19.35483870967742,MARGIN CALL ($0)
6,24,0.0,31,6,25,1.0,-100.0,19.35483870967742,MARGIN CALL ($0)
6,23,0.0,42,11,31,1.0,-100.0,26.190476190476193,MARGIN CALL ($0)
6,22,0.0,41,11,30,1.0,-100.0,26.82926829268293,MARGIN CALL ($0)
6,21,0.0,40,11,29,1.0,-100.0,27.500000000000004,MARGIN CALL ($0)
6,20,0.0,42,11,31,1.0,-100.0,26.190476190476193,MARGIN CALL ($0)
6,19,0.0,42,11,31,1.0,-100.0,26.190476190476193,MARGIN CALL ($0)
6,18,0.0,45,11,34,1.0,-100.0,24.444444444444443,MARGIN CALL ($0)
6,49,0.0,12,1,11,1.0,-100.0,8.333333333333332,MARGIN CALL ($0)
6,48,0.0,12,1,11,1.0,-100.0,8.333333333333332,MARGIN CALL ($0)
6,47,0.0,12,1,11,1.0,-100.0,8.333333333333332,MARGIN CALL ($0)
6,46,0.0,24,3,21,1.0,-100.0,12.5,MARGIN CALL ($0)
6,45,0.0,24,3,21,1.0,-100.0,12.5,MARGIN CALL ($0)
6,44,0.0,23,3,20,1.0,-100.0,13.043478260869565,MARGIN CALL ($0)
6,43,0.0,25,3,22,1.0,-100.0,12.0,MARGIN CALL ($0)
6,42,0.0,28,7,21,1.0,-100.0,25.0,MARGIN CALL ($0)
6,41,0.0,28,7,21,1.0,-100.0,25.0,MARGIN CALL ($0)
6,40,0.0,28,7,21,1.0,-100.0,25.0,MARGIN CALL ($0)
6,39,0.0,29,7,22,1.0,-100.0,24.137931034482758,MARGIN CALL ($0)
6,38,0.0,28,7,21,1.0,-100.0,25.0,MARGIN CALL ($0)
6,37,0.0,28,7,21,1.0,-100.0,25.0,MARGIN CALL ($0)
6,36,0.0,29,7,22,1.0,-100.0,24.137931034482758,MARGIN CALL ($0)
6,35,0.0,29,7,22,1.0,-100.0,24.137931034482758,MARGIN CALL ($0)
6,34,0.0,29,7,22,1.0,-100.0,24.137931034482758,MARGIN CALL ($0)
6,65,0.0,21,3,18,1.0,-100.0,14.285714285714285,MARGIN CALL ($0)
6,64,0.0,23,3,20,1.0,-100.0,13.043478260869565,MARGIN CALL ($0)
6,63,0.0,23,3,20,1.0,-100.0,13.043478260869565,MARGIN CALL ($0)
6,62,0.0,24,3,21,1.0,-100.0,12.5,MARGIN CALL ($0)
6,61,0.0,24,3,21,1.0,-100.0,12.5,MARGIN CALL ($0)
6,60,0.0,24,3,21,1.0,-100.0,12.5,MARGIN CALL ($0)
6,59,0.0,24,3,21,1.0,-100.0,12.5,MARGIN CALL ($0)
6,58,0.0,24,3,21,1.0,-100.0,12.5,MARGIN CALL ($0)
6,57,0.0,23,3,20,1.0,-100.0,13.043478260869565,MARGIN CALL ($0)
6,56,0.0,24,3,21,1.0,-100.0,12.5,MARGIN CALL ($0)
6,55,0.0,23,3,20,1.0,-100.0,13.043478260869565,MARGIN CALL ($0)
6,54,0.0,12,1,11,1.0,-100.0,8.333333333333332,MARGIN CALL ($0)
6,53,0.0,12,1,11,1.0,-100.0,8.333333333333332,MARGIN CALL ($0)
6,52,0.0,12,1,11,1.0,-100.0,8.333333333333332,MARGIN CALL ($0)
6,51,0.0,12,1,11,1.0,-100.0,8.333333333333332,MARGIN CALL ($0)
6,50,0.0,12,1,11,1.0,-100.0,8.333333333333332,MARGIN CALL ($0)
6,81,0.0,16,3,13,1.0,-100.0,18.75,MARGIN CALL ($0)
6,80,0.0,16,3,13,1.0,-100.0,18.75,MARGIN CALL ($0)
6,79,0.0,17,3,14,1.0,-100.0,17.647058823529413,MARGIN CALL ($0)
6,78,0.0,17,3,14,1.0,-100.0,17.647058823529413,MARGIN CALL ($0)
6,77,0.0,17,3,14,1.0,-100.0,17.647058823529413,MARGIN CALL ($0)
6,76,0.0,18,3,15,1.0,-100.0,16.666666666666664,MARGIN CALL ($0)
6,75,0.0,18,3,15,1.0,-100.0,16.666666666666664,MARGIN CALL ($0)
6,74,0.0,17,3,14,1.0,-100.0,17.647058823529413,MARGIN CALL ($0)
6,73,0.0,17,3,14,1.0,-100.0,17.647058823529413,MARGIN CALL ($0)
6,72,0.0,17,3,14,1.0,-100.0,17.647058823529413,MARGIN CALL ($0)
6,71,0.0,29,6,23,1.0,-100.0,20.689655172413794,MARGIN CALL ($0)
6,70,0.0,29,6,23,1.0,-100.0,20.689655172413794,MARGIN CALL ($0)
6,69,0.0,27,6,21,1.0,-100.0,22.22222222222222,MARGIN CALL ($0)
6,68,0.0,27,6,21,1.0,-100.0,22.22222222222222,MARGIN CALL ($0)
6,67,0.0,26,6,20,1.0,-100.0,23.076923076923077,MARGIN CALL ($0)
6,66,0.0,27,6,21,1.0,-100.0,22.22222222222222,MARGIN CALL ($0)
6,97,0.0,32,6,26,1.0,-100.0,18.75,MARGIN CALL ($0)
6,96,0.0,30,6,24,1.0,-100.0,20.0,MARGIN CALL ($0)
6,95,0.0,29,6,23,1.0,-100.0,20.689655172413794,MARGIN CALL ($0)
6,94,0.0,30,6,24,1.0,-100.0,20.0,MARGIN CALL ($0)
6,93,0.0,31,6,25,1.0,-100.0,19.35483870967742,MARGIN CALL ($0)
6,92,0.0,31,6,25,1.0,-100.0,19.35483870967742,MARGIN CALL ($0)
6,91,0.0,31,6,25,1.0,-100.0,19.35483870967742,MARGIN CALL ($0)
6,90,0.0,30,7,23,1.0,-100.0,23.333333333333332,MARGIN CALL ($0)
6,89,0.0,27,6,21,1.0,-100.0,22.22222222222222,MARGIN CALL ($0)
6,88,0.0,26,6,20,1.0,-100.0,23.076923076923077,MARGIN CALL ($0)
6,87,0.0,26,6,20,1.0,-100.0,23.076923076923077,MARGIN CALL ($0)
6,86,0.0,27,6,21,1.0,-100.0,22.22222222222222,MARGIN CALL ($0)
6,85,0.0,26,6,20,1.0,-100.0,23.076923076923077,MARGIN CALL ($0)
6,84,0.0,25,6,19,1.0,-100.0,24.0,MARGIN CALL ($0)
6,83,0.0,25,6,19,1.0,-100.0,24.0,MARGIN CALL ($0)
6,82,0.0,25,6,19,1.0,-100.0,24.0,MARGIN CALL ($0)
7,14,0.0,53,10,43,1.0,-100.0,18.867924528301888,MARGIN CALL ($0)
7,13,0.0,20,3,17,1.0,-100.0,15.0,MARGIN CALL ($0)
7,12,0.0,22,3,19,1.0,-100.0,13.636363636363635,MARGIN CALL ($0)
7,11,0.0,13,0,13,1.0,-100.0,0.0,MARGIN CALL ($0)
7,10,0.0,20,1,19,1.0,-100.0,5.0,MARGIN CALL ($0)
7,9,0.0,24,3,21,1.0,-100.0,12.5,MARGIN CALL ($0)
7,8,0.0,22,3,19,1.0,-100.0,13.636363636363635,MARGIN CALL ($0)
7,7,0.0,18,1,17,1.0,-100.0,5.555555555555555,MARGIN CALL ($0)
7,6,0.0,19,1,18,1.0,-100.0,5.263157894736842,MARGIN CALL ($0)
7,5,0.0,13,0,13,1.0,-100.0,0.0,MARGIN CALL ($0)
7,4,0.0,36,8,28,1.0,-100.0,22.22222222222222,MARGIN CALL ($0)
7,1,0.0,1719,345,1374,1.0,-100.0,20.069808027923212,MARGIN CALL ($0)
6,100,0.0,31,6,25,1.0,-100.0,19.35483870967742,MARGIN CALL ($0)
6,99,0.0,31,6,25,1.0,-100.0,19.35483870967742,MARGIN CALL ($0)
6,98,0.0,32,6,26,1.0,-100.0,18.75,MARGIN CALL ($0)
7,30,0.0,32,6,26,1.0,-100.0,18.75,MARGIN CALL ($0)
7,29,0.0,37,7,30,1.0,-100.0,18.91891891891892,MARGIN CALL ($0)
7,28,0.0,36,7,29,1.0,-100.0,19.444444444444446,MARGIN CALL ($0)
7,27,0.0,36,5,31,1.0,-100.0,13.88888888888889,MARGIN CALL ($0)
7,26,0.0,36,5,31,1.0,-100.0,13.88888888888889,MARGIN CALL ($0)
7,25,0.0,39,6,33,1.0,-100.0,15.384615384615385,MARGIN CALL ($0)
7,24,0.0,40,8,32,1.0,-100.0,20.0,MARGIN CALL ($0)
7,23,0.0,41,10,31,1.0,-100.0,24.390243902439025,MARGIN CALL ($0)
7,22,0.0,41,10,31,1.0,-100.0,24.390243902439025,MARGIN CALL ($0)
7,21,0.0,42,10,32,1.0,-100.0,23.809523809523807,MARGIN CALL ($0)
7,20,0.0,41,10,31,1.0,-100.0,24.390243902439025,MARGIN CALL ($0)
7,19,0.0,40,10,30,1.0,-100.0,25.0,MARGIN CALL ($0)
7,18,0.0,44,9,35,1.0,-100.0,20.454545454545457,MARGIN CALL ($0)
7,17,0.0,48,11,37,1.0,-100.0,22.916666666666664,MARGIN CALL ($0)
7,16,0.0,50,10,40,1.0,-100.0,20.0,MARGIN CALL ($0)
7,15,0.0,53,10,43,1.0,-100.0,18.867924528301888,MARGIN CALL ($0)
7,46,0.0,23,3,20,1.0,-100.0,13.043478260869565,MARGIN CALL ($0)
7,45,0.0,23,3,20,1.0,-100.0,13.043478260869565,MARGIN CALL ($0)
7,44,0.0,24,3,21,1.0,-100.0,12.5,MARGIN CALL ($0)
7,43,0.0,24,3,21,1.0,-100.0,12.5,MARGIN CALL ($0)
7,42,0.0,29,6,23,1.0,-100.0,20.689655172413794,MARGIN CALL ($0)
7,41,0.0,27,6,21,1.0,-100.0,22.22222222222222,MARGIN CALL ($0)
7,40,0.0,29,6,23,1.0,-100.0,20.689655172413794,MARGIN CALL ($0)
7,39,0.0,28,6,22,1.0,-100.0,21.428571428571427,MARGIN CALL ($0)
7,38,0.0,29,6,23,1.0,-100.0,20.689655172413794,MARGIN CALL ($0)
7,37,0.0,29,6,23,1.0,-100.0,20.689655172413794,MARGIN CALL ($0)
7,36,0.0,28,6,22,1.0,-100.0,21.428571428571427,MARGIN CALL ($0)
7,35,0.0,30,6,24,1.0,-100.0,20.0,MARGIN CALL ($0)
7,34,0.0,30,6,24,1.0,-100.0,20.0,MARGIN CALL ($0)
7,33,0.0,26,4,22,1.0,-100.0,15.384615384615385,MARGIN CALL ($0)
7,32,0.0,26,4,22,1.0,-100.0,15.384615384615385,MARGIN CALL ($0)
7,31,0.0,27,4,23,1.0,-100.0,14.814814814814813,MARGIN CALL ($0)
7,62,0.0,25,3,22,1.0,-100.0,12.0,MARGIN CALL ($0)
7,61,0.0,25,3,22,1.0,-100.0,12.0,MARGIN CALL ($0)
7,60,0.0,25,3,22,1.0,-100.0,12.0,MARGIN CALL ($0)
7,59,0.0,25,3,22,1.0,-100.0,12.0,MARGIN CALL ($0)
7,58,0.0,25,3,22,1.0,-100.0,12.0,MARGIN CALL ($0)
7,57,0.0,24,3,21,1.0,-100.0,12.5,MARGIN CALL ($0)
7,56,0.0,24,3,21,1.0,-100.0,12.5,MARGIN CALL ($0)
7,55,0.0,24,3,21,1.0,-100.0,12.5,MARGIN CALL ($0)
7,54,0.0,12,1,11,1.0,-100.0,8.333333333333332,MARGIN CALL ($0)
7,53,0.0,12,1,11,1.0,-100.0,8.333333333333332,MARGIN CALL ($0)
7,52,0.0,12,1,11,1.0,-100.0,8.333333333333332,MARGIN CALL ($0)
7,51,0.0,13,1,12,1.0,-100.0,7.6923076923076925,MARGIN CALL ($0)
7,50,0.0,13,1,12,1.0,-100.0,7.6923076923076925,MARGIN CALL ($0)
7,49,0.0,13,1,12,1.0,-100.0,7.6923076923076925,MARGIN CALL ($0)
7,48,0.0,13,1,12,1.0,-100.0,7.6923076923076925,MARGIN CALL ($0)
7,47,0.0,13,1,12,1.0,-100.0,7.6923076923076925,MARGIN CALL ($0)
7,78,0.0,18,3,15,1.0,-100.0,16.666666666666664,MARGIN CALL ($0)
7,77,0.0,18,3,15,1.0,-100.0,16.666666666666664,MARGIN CALL ($0)
7,76,0.0,16,2,14,1.0,-100.0,12.5,MARGIN CALL ($0)
7,75,0.0,16,2,14,1.0,-100.0,12.5,MARGIN CALL ($0)
7,74,0.0,18,2,16,1.0,-100.0,11.11111111111111,MARGIN CALL ($0)
7,73,0.0,18,2,16,1.0,-100.0,11.11111111111111,MARGIN CALL ($0)
7,72,0.0,18,2,16,1.0,-100.0,11.11111111111111,MARGIN CALL ($0)
7,71,0.0,30,5,25,1.0,-100.0,16.666666666666664,MARGIN CALL ($0)
7,70,0.0,30,5,25,1.0,-100.0,16.666666666666664,MARGIN CALL ($0)
7,69,0.0,28,5,23,1.0,-100.0,17.857142857142858,MARGIN CALL ($0)
7,68,0.0,28,5,23,1.0,-100.0,17.857142857142858,MARGIN CALL ($0)
7,67,0.0,26,6,20,1.0,-100.0,23.076923076923077,MARGIN CALL ($0)
7,66,0.0,28,6,22,1.0,-100.0,21.428571428571427,MARGIN CALL ($0)
7,65,0.0,22,3,19,1.0,-100.0,13.636363636363635,MARGIN CALL ($0)
7,64,0.0,23,3,20,1.0,-100.0,13.043478260869565,MARGIN CALL ($0)
7,63,0.0,24,3,21,1.0,-100.0,12.5,MARGIN CALL ($0)
7,94,0.0,30,6,24,1.0,-100.0,20.0,MARGIN CALL ($0)
7,93,0.0,31,6,25,1.0,-100.0,19.35483870967742,MARGIN CALL ($0)
7,92,0.0,31,6,25,1.0,-100.0,19.35483870967742,MARGIN CALL ($0)
7,91,0.0,31,6,25,1.0,-100.0,19.35483870967742,MARGIN CALL ($0)
7,90,0.0,30,7,23,1.0,-100.0,23.333333333333332,MARGIN CALL ($0)
7,89,0.0,27,6,21,1.0,-100.0,22.22222222222222,MARGIN CALL ($0)
7,88,0.0,26,6,20,1.0,-100.0,23.076923076923077,MARGIN CALL ($0)
7,87,0.0,26,6,20,1.0,-100.0,23.076923076923077,MARGIN CALL ($0)
7,86,0.0,28,6,22,1.0,-100.0,21.428571428571427,MARGIN CALL ($0)
7,85,0.0,26,6,20,1.0,-100.0,23.076923076923077,MARGIN CALL ($0)
7,84,0.0,25,6,19,1.0,-100.0,24.0,MARGIN CALL ($0)
7,83,0.0,25,6,19,1.0,-100.0,24.0,MARGIN CALL ($0)
7,82,0.0,25,6,19,1.0,-100.0,24.0,MARGIN CALL ($0)
7,81,0.0,16,3,13,1.0,-100.0,18.75,MARGIN CALL ($0)
7,80,0.0,16,3,13,1.0,-100.0,18.75,MARGIN CALL ($0)
7,79,0.0,18,3,15,1.0,-100.0,16.666666666666664,MARGIN CALL ($0)
8,11,0.0,13,0,13,1.0,-100.0,0.0,MARGIN CALL ($0)
8,10,0.0,27,3,24,1.0,-100.0,11.11111111111111,MARGIN CALL ($0)
8,9,0.0,22,3,19,1.0,-100.0,13.636363636363635,MARGIN CALL ($0)
8,8,0.0,20,3,17,1.0,-100.0,15.0,MARGIN CALL ($0)
8,7,0.0,19,1,18,1.0,-100.0,5.263157894736842,MARGIN CALL ($0)
8,6,0.0,19,1,18,1.0,-100.0,5.263157894736842,MARGIN CALL ($0)
8,5,0.0,13,0,13,1.0,-100.0,0.0,MARGIN CALL ($0)
8,4,0.0,37,8,29,1.0,-100.0,21.62162162162162,MARGIN CALL ($0)
8,1,0.0,565,107,458,1.0,-100.0,18.938053097345133,MARGIN CALL ($0)
7,100,0.0,30,6,24,1.0,-100.0,20.0,MARGIN CALL ($0)
7,99,0.0,30,6,24,1.0,-100.0,20.0,MARGIN CALL ($0)
7,98,0.0,31,6,25,1.0,-100.0,19.35483870967742,MARGIN CALL ($0)
7,97,0.0,31,6,25,1.0,-100.0,19.35483870967742,MARGIN CALL ($0)
7,96,0.0,30,6,24,1.0,-100.0,20.0,MARGIN CALL ($0)
7,95,0.0,29,6,23,1.0,-100.0,20.689655172413794,MARGIN CALL ($0)
8,27,0.0,33,5,28,1.0,-100.0,15.151515151515152,MARGIN CALL ($0)
8,26,0.0,34,5,29,1.0,-100.0,14.705882352941178,MARGIN CALL ($0)
8,25,0.0,34,6,28,1.0,-100.0,17.647058823529413,MARGIN CALL ($0)
8,24,0.0,37,8,29,1.0,-100.0,21.62162162162162,MARGIN CALL ($0)
8,23,0.0,39,8,31,1.0,-100.0,20.51282051282051,MARGIN CALL ($0)
8,22,0.0,40,10,30,1.0,-100.0,25.0,MARGIN CALL ($0)
8,21,0.0,41,10,31,1.0,-100.0,24.390243902439025,MARGIN CALL ($0)
8,20,0.0,42,10,32,1.0,-100.0,23.809523809523807,MARGIN CALL ($0)
8,19,0.0,42,10,32,1.0,-100.0,23.809523809523807,MARGIN CALL ($0)
8,18,0.0,44,9,35,1.0,-100.0,20.454545454545457,MARGIN CALL ($0)
8,17,0.0,49,11,38,1.0,-100.0,22.448979591836736,MARGIN CALL ($0)
8,16,0.0,48,11,37,1.0,-100.0,22.916666666666664,MARGIN CALL ($0)
8,15,0.0,52,10,42,1.0,-100.0,19.230769230769234,MARGIN CALL ($0)
8,14,0.0,42,7,35,1.0,-100.0,16.666666666666664,MARGIN CALL ($0)
8,13,0.0,12,0,12,1.0,-100.0,0.0,MARGIN CALL ($0)
8,12,0.0,13,0,13,1.0,-100.0,0.0,MARGIN CALL ($0)
8,43,0.0,24,3,21,1.0,-100.0,12.5,MARGIN CALL ($0)
8,42,0.0,28,6,22,1.0,-100.0,21.428571428571427,MARGIN CALL ($0)
8,41,0.0,27,6,21,1.0,-100.0,22.22222222222222,MARGIN CALL ($0)
8,40,0.0,29,6,23,1.0,-100.0,20.689655172413794,MARGIN CALL ($0)
8,39,0.0,28,6,22,1.0,-100.0,21.428571428571427,MARGIN CALL ($0)
8,38,0.0,28,6,22,1.0,-100.0,21.428571428571427,MARGIN CALL ($0)
8,37,0.0,28,6,22,1.0,-100.0,21.428571428571427,MARGIN CALL ($0)
8,36,0.0,28,6,22,1.0,-100.0,21.428571428571427,MARGIN CALL ($0)
8,35,0.0,27,6,21,1.0,-100.0,22.22222222222222,MARGIN CALL ($0)
8,34,0.0,27,6,21,1.0,-100.0,22.22222222222222,MARGIN CALL ($0)
8,33,0.0,25,4,21,1.0,-100.0,16.0,MARGIN CALL ($0)
8,32,0.0,25,4,21,1.0,-100.0,16.0,MARGIN CALL ($0)
8,31,0.0,25,4,21,1.0,-100.0,16.0,MARGIN CALL ($0)
8,30,0.0,26,4,22,1.0,-100.0,15.384615384615385,MARGIN CALL ($0)
8,29,0.0,32,5,27,1.0,-100.0,15.625,MARGIN CALL ($0)
8,28,0.0,32,5,27,1.0,-100.0,15.625,MARGIN CALL ($0)
8,59,0.0,25,3,22,1.0,-100.0,12.0,MARGIN CALL ($0)
8,58,0.0,25,3,22,1.0,-100.0,12.0,MARGIN CALL ($0)
8,57,0.0,24,3,21,1.0,-100.0,12.5,MARGIN CALL ($0)
8,56,0.0,25,3,22,1.0,-100.0,12.0,MARGIN CALL ($0)
8,55,0.0,24,3,21,1.0,-100.0,12.5,MARGIN CALL ($0)
8,54,0.0,12,1,11,1.0,-100.0,8.333333333333332,MARGIN CALL ($0)
8,53,0.0,12,1,11,1.0,-100.0,8.333333333333332,MARGIN CALL ($0)
8,52,0.0,12,1,11,1.0,-100.0,8.333333333333332,MARGIN CALL ($0)
8,51,0.0,13,1,12,1.0,-100.0,7.6923076923076925,MARGIN CALL ($0)
8,50,0.0,13,1,12,1.0,-100.0,7.6923076923076925,MARGIN CALL ($0)
8,49,0.0,13,1,12,1.0,-100.0,7.6923076923076925,MARGIN CALL ($0)
8,48,0.0,13,1,12,1.0,-100.0,7.6923076923076925,MARGIN CALL ($0)
8,47,0.0,13,1,12,1.0,-100.0,7.6923076923076925,MARGIN CALL ($0)
8,46,0.0,24,3,21,1.0,-100.0,12.5,MARGIN CALL ($0)
8,45,0.0,24,3,21,1.0,-100.0,12.5,MARGIN CALL ($0)
8,44,0.0,25,3,22,1.0,-100.0,12.0,MARGIN CALL ($0)
8,75,0.0,17,2,15,1.0,-100.0,11.76470588235294,MARGIN CALL ($0)
8,74,0.0,17,2,15,1.0,-100.0,11.76470588235294,MARGIN CALL ($0)
8,73,0.0,17,2,15,1.0,-100.0,11.76470588235294,MARGIN CALL ($0)
8,72,0.0,17,2,15,1.0,-100.0,11.76470588235294,MARGIN CALL ($0)
8,71,0.0,29,5,24,1.0,-100.0,17.24137931034483,MARGIN CALL ($0)
8,70,0.0,29,5,24,1.0,-100.0,17.24137931034483,MARGIN CALL ($0)
8,69,0.0,27,5,22,1.0,-100.0,18.51851851851852,MARGIN CALL ($0)
8,68,0.0,27,5,22,1.0,-100.0,18.51851851851852,MARGIN CALL ($0)
8,67,0.0,26,6,20,1.0,-100.0,23.076923076923077,MARGIN CALL ($0)
8,66,0.0,28,6,22,1.0,-100.0,21.428571428571427,MARGIN CALL ($0)
8,65,0.0,22,3,19,1.0,-100.0,13.636363636363635,MARGIN CALL ($0)
8,64,0.0,24,3,21,1.0,-100.0,12.5,MARGIN CALL ($0)
8,63,0.0,25,3,22,1.0,-100.0,12.0,MARGIN CALL ($0)
8,62,0.0,25,3,22,1.0,-100.0,12.0,MARGIN CALL ($0)
8,61,0.0,25,3,22,1.0,-100.0,12.0,MARGIN CALL ($0)
8,60,0.0,25,3,22,1.0,-100.0,12.0,MARGIN CALL ($0)
8,91,0.0,24,3,21,1.0,-100.0,12.5,MARGIN CALL ($0)
8,90,0.0,23,4,19,1.0,-100.0,17.391304347826086,MARGIN CALL ($0)
8,89,0.0,21,3,18,1.0,-100.0,14.285714285714285,MARGIN CALL ($0)
8,88,0.0,20,3,17,1.0,-100.0,15.0,MARGIN CALL ($0)
8,87,0.0,20,3,17,1.0,-100.0,15.0,MARGIN CALL ($0)
8,86,0.0,21,3,18,1.0,-100.0,14.285714285714285,MARGIN CALL ($0)
8,85,0.0,20,3,17,1.0,-100.0,15.0,MARGIN CALL ($0)
8,84,0.0,20,3,17,1.0,-100.0,15.0,MARGIN CALL ($0)
8,83,0.0,20,3,17,1.0,-100.0,15.0,MARGIN CALL ($0)
8,82,0.0,20,3,17,1.0,-100.0,15.0,MARGIN CALL ($0)
8,81,0.0,11,1,10,1.0,-100.0,9.090909090909092,MARGIN CALL ($0)
8,80,0.0,11,1,10,1.0,-100.0,9.090909090909092,MARGIN CALL ($0)
8,79,0.0,13,1,12,1.0,-100.0,7.6923076923076925,MARGIN CALL ($0)
8,78,0.0,13,1,12,1.0,-100.0,7.6923076923076925,MARGIN CALL ($0)
8,77,0.0,13,1,12,1.0,-100.0,7.6923076923076925,MARGIN CALL ($0)
8,76,0.0,17,2,15,1.0,-100.0,11.76470588235294,MARGIN CALL ($0)
9,8,0.0,21,3,18,1.0,-100.0,14.285714285714285,MARGIN CALL ($0)
9,7,0.0,20,1,19,1.0,-100.0,5.0,MARGIN CALL ($0)
9,6,0.0,19,1,18,1.0,-100.0,5.263157894736842,MARGIN CALL ($0)
9,5,0.0,13,0,13,1.0,-100.0,0.0,MARGIN CALL ($0)
9,4,0.0,38,8,30,1.0,-100.0,21.052631578947366,MARGIN CALL ($0)
9,3,0.0,2503,587,1916,1.0,-100.0,23.45185777067519,MARGIN CALL ($0)
9,1,0.0,551,106,445,1.0,-100.0,19.237749546279492,MARGIN CALL ($0)
8,100,0.0,25,3,22,1.0,-100.0,12.0,MARGIN CALL ($0)
8,99,0.0,25,3,22,1.0,-100.0,12.0,MARGIN CALL ($0)
8,98,0.0,25,3,22,1.0,-100.0,12.0,MARGIN CALL ($0)
8,97,0.0,25,3,22,1.0,-100.0,12.0,MARGIN CALL ($0)
8,96,0.0,24,3,21,1.0,-100.0,12.5,MARGIN CALL ($0)
8,95,0.0,23,3,20,1.0,-100.0,13.043478260869565,MARGIN CALL ($0)
8,94,0.0,23,3,20,1.0,-100.0,13.043478260869565,MARGIN CALL ($0)
8,93,0.0,24,3,21,1.0,-100.0,12.5,MARGIN CALL ($0)
8,92,0.0,24,3,21,1.0,-100.0,12.5,MARGIN CALL ($0)
9,24,0.0,38,8,30,1.0,-100.0,21.052631578947366,MARGIN CALL ($0)
9,23,0.0,27,5,22,1.0,-100.0,18.51851851851852,MARGIN CALL ($0)
9,22,0.0,40,10,30,1.0,-100.0,25.0,MARGIN CALL ($0)
9,21,0.0,39,10,29,1.0,-100.0,25.64102564102564,MARGIN CALL ($0)
9,20,0.0,40,10,30,1.0,-100.0,25.0,MARGIN CALL ($0)
9,19,0.0,40,10,30,1.0,-100.0,25.0,MARGIN CALL ($0)
9,18,0.0,42,9,33,1.0,-100.0,21.428571428571427,MARGIN CALL ($0)
9,17,0.0,47,11,36,1.0,-100.0,23.404255319148938,MARGIN CALL ($0)
9,16,0.0,48,11,37,1.0,-100.0,22.916666666666664,MARGIN CALL ($0)
9,15,0.0,51,10,41,1.0,-100.0,19.607843137254903,MARGIN CALL ($0)
9,14,0.0,42,7,35,1.0,-100.0,16.666666666666664,MARGIN CALL ($0)
9,13,0.0,11,0,11,1.0,-100.0,0.0,MARGIN CALL ($0)
9,12,0.0,13,0,13,1.0,-100.0,0.0,MARGIN CALL ($0)
9,11,0.0,13,0,13,1.0,-100.0,0.0,MARGIN CALL ($0)
9,10,0.0,26,3,23,1.0,-100.0,11.538461538461538,MARGIN CALL ($0)
9,9,0.0,21,3,18,1.0,-100.0,14.285714285714285,MARGIN CALL ($0)
9,40,0.0,29,6,23,1.0,-100.0,20.689655172413794,MARGIN CALL ($0)
9,39,0.0,28,6,22,1.0,-100.0,21.428571428571427,MARGIN CALL ($0)
9,38,0.0,28,6,22,1.0,-100.0,21.428571428571427,MARGIN CALL ($0)
9,37,0.0,27,6,21,1.0,-100.0,22.22222222222222,MARGIN CALL ($0)
9,36,0.0,27,6,21,1.0,-100.0,22.22222222222222,MARGIN CALL ($0)
9,35,0.0,26,6,20,1.0,-100.0,23.076923076923077,MARGIN CALL ($0)
9,34,0.0,26,6,20,1.0,-100.0,23.076923076923077,MARGIN CALL ($0)
9,33,0.0,24,4,20,1.0,-100.0,16.666666666666664,MARGIN CALL ($0)
9,32,0.0,24,4,20,1.0,-100.0,16.666666666666664,MARGIN CALL ($0)
9,31,0.0,24,4,20,1.0,-100.0,16.666666666666664,MARGIN CALL ($0)
9,30,0.0,25,4,21,1.0,-100.0,16.0,MARGIN CALL ($0)
9,29,0.0,29,5,24,1.0,-100.0,17.24137931034483,MARGIN CALL ($0)
9,28,0.0,28,5,23,1.0,-100.0,17.857142857142858,MARGIN CALL ($0)
9,27,0.0,30,5,25,1.0,-100.0,16.666666666666664,MARGIN CALL ($0)
9,26,0.0,30,5,25,1.0,-100.0,16.666666666666664,MARGIN CALL ($0)
9,25,0.0,33,6,27,1.0,-100.0,18.181818181818183,MARGIN CALL ($0)
9,56,0.0,24,3,21,1.0,-100.0,12.5,MARGIN CALL ($0)
9,55,0.0,23,3,20,1.0,-100.0,13.043478260869565,MARGIN CALL ($0)
9,54,0.0,11,1,10,1.0,-100.0,9.090909090909092,MARGIN CALL ($0)
9,53,0.0,11,1,10,1.0,-100.0,9.090909090909092,MARGIN CALL ($0)
9,52,0.0,11,1,10,1.0,-100.0,9.090909090909092,MARGIN CALL ($0)
9,51,0.0,12,1,11,1.0,-100.0,8.333333333333332,MARGIN CALL ($0)
9,50,0.0,12,1,11,1.0,-100.0,8.333333333333332,MARGIN CALL ($0)
9,49,0.0,12,1,11,1.0,-100.0,8.333333333333332,MARGIN CALL ($0)
9,48,0.0,12,1,11,1.0,-100.0,8.333333333333332,MARGIN CALL ($0)
9,47,0.0,12,1,11,1.0,-100.0,8.333333333333332,MARGIN CALL ($0)
9,46,0.0,25,3,22,1.0,-100.0,12.0,MARGIN CALL ($0)
9,45,0.0,25,3,22,1.0,-100.0,12.0,MARGIN CALL ($0)
9,44,0.0,24,3,21,1.0,-100.0,12.5,MARGIN CALL ($0)
9,43,0.0,23,3,20,1.0,-100.0,13.043478260869565,MARGIN CALL ($0)
9,42,0.0,28,6,22,1.0,-100.0,21.428571428571427,MARGIN CALL ($0)
9,41,0.0,27,6,21,1.0,-100.0,22.22222222222222,MARGIN CALL ($0)
9,72,0.0,17,2,15,1.0,-100.0,11.76470588235294,MARGIN CALL ($0)
9,71,0.0,28,5,23,1.0,-100.0,17.857142857142858,MARGIN CALL ($0)
9,70,0.0,29,5,24,1.0,-100.0,17.24137931034483,MARGIN CALL ($0)
9,69,0.0,27,5,22,1.0,-100.0,18.51851851851852,MARGIN CALL ($0)
9,68,0.0,27,5,22,1.0,-100.0,18.51851851851852,MARGIN CALL ($0)
9,67,0.0,26,6,20,1.0,-100.0,23.076923076923077,MARGIN CALL ($0)
9,66,0.0,28,6,22,1.0,-100.0,21.428571428571427,MARGIN CALL ($0)
9,65,0.0,22,3,19,1.0,-100.0,13.636363636363635,MARGIN CALL ($0)
9,64,0.0,24,3,21,1.0,-100.0,12.5,MARGIN CALL ($0)
9,63,0.0,25,3,22,1.0,-100.0,12.0,MARGIN CALL ($0)
9,62,0.0,25,3,22,1.0,-100.0,12.0,MARGIN CALL ($0)
9,61,0.0,25,3,22,1.0,-100.0,12.0,MARGIN CALL ($0)
9,60,0.0,25,3,22,1.0,-100.0,12.0,MARGIN CALL ($0)
9,59,0.0,25,3,22,1.0,-100.0,12.0,MARGIN CALL ($0)
9,58,0.0,25,3,22,1.0,-100.0,12.0,MARGIN CALL ($0)
9,57,0.0,24,3,21,1.0,-100.0,12.5,MARGIN CALL ($0)
9,88,0.0,19,3,16,1.0,-100.0,15.789473684210526,MARGIN CALL ($0)
9,87,0.0,19,3,16,1.0,-100.0,15.789473684210526,MARGIN CALL ($0)
9,86,0.0,20,3,17,1.0,-100.0,15.0,MARGIN CALL ($0)
9,85,0.0,20,3,17,1.0,-100.0,15.0,MARGIN CALL ($0)
9,84,0.0,20,3,17,1.0,-100.0,15.0,MARGIN CALL ($0)
9,83,0.0,20,3,17,1.0,-100.0,15.0,MARGIN CALL ($0)
9,82,0.0,20,3,17,1.0,-100.0,15.0,MARGIN CALL ($0)
9,81,0.0,11,1,10,1.0,-100.0,9.090909090909092,MARGIN CALL ($0)
9,80,0.0,11,1,10,1.0,-100.0,9.090909090909092,MARGIN CALL ($0)
9,79,0.0,12,1,11,1.0,-100.0,8.333333333333332,MARGIN CALL ($0)
9,78,0.0,12,1,11,1.0,-100.0,8.333333333333332,MARGIN CALL ($0)
9,77,0.0,12,1,11,1.0,-100.0,8.333333333333332,MARGIN CALL ($0)
9,76,0.0,17,2,15,1.0,-100.0,11.76470588235294,MARGIN CALL ($0)
9,75,0.0,17,2,15,1.0,-100.0,11.76470588235294,MARGIN CALL ($0)
9,74,0.0,17,2,15,1.0,-100.0,11.76470588235294,MARGIN CALL ($0)
9,73,0.0,17,2,15,1.0,-100.0,11.76470588235294,MARGIN CALL ($0)
10,5,0.0,14,0,14,1.0,-100.0,0.0,MARGIN CALL ($0)
10,4,0.0,39,8,31,1.0,-100.0,20.51282051282051,MARGIN CALL ($0)
10,3,0.0,2378,559,1819,1.0,-100.0,23.507148864592097,MARGIN CALL ($0)
10,1,0.0,809,147,662,1.0,-100.0,18.170580964153277,MARGIN CALL ($0)
9,100,0.0,23,3,20,1.0,-100.0,13.043478260869565,MARGIN CALL ($0)
9,99,0.0,23,3,20,1.0,-100.0,13.043478260869565,MARGIN CALL ($0)
9,98,0.0,23,3,20,1.0,-100.0,13.043478260869565,MARGIN CALL ($0)
9,97,0.0,23,3,20,1.0,-100.0,13.043478260869565,MARGIN CALL ($0)
9,96,0.0,22,3,19,1.0,-100.0,13.636363636363635,MARGIN CALL ($0)
9,95,0.0,22,3,19,1.0,-100.0,13.636363636363635,MARGIN CALL ($0)
9,94,0.0,22,3,19,1.0,-100.0,13.636363636363635,MARGIN CALL ($0)
9,93,0.0,23,3,20,1.0,-100.0,13.043478260869565,MARGIN CALL ($0)
9,92,0.0,23,3,20,1.0,-100.0,13.043478260869565,MARGIN CALL ($0)
9,91,0.0,23,3,20,1.0,-100.0,13.043478260869565,MARGIN CALL ($0)
9,90,0.0,22,4,18,1.0,-100.0,18.181818181818183,MARGIN CALL ($0)
9,89,0.0,20,3,17,1.0,-100.0,15.0,MARGIN CALL ($0)
10,21,0.0,50,9,41,1.0,-100.0,18.0,MARGIN CALL ($0)
10,20,0.0,48,8,40,1.0,-100.0,16.666666666666664,MARGIN CALL ($0)
10,19,0.0,49,8,41,1.0,-100.0,16.3265306122449,MARGIN CALL ($0)
10,18,0.0,45,7,38,1.0,-100.0,15.555555555555555,MARGIN CALL ($0)
10,17,0.0,50,9,41,1.0,-100.0,18.0,MARGIN CALL ($0)
10,16,0.0,49,10,39,1.0,-100.0,20.408163265306122,MARGIN CALL ($0)
10,15,0.0,49,9,40,1.0,-100.0,18.367346938775512,MARGIN CALL ($0)
10,14,0.0,53,9,44,1.0,-100.0,16.9811320754717,MARGIN CALL ($0)
10,13,0.0,52,9,43,1.0,-100.0,17.307692307692307,MARGIN CALL ($0)
10,12,0.0,21,3,18,1.0,-100.0,14.285714285714285,MARGIN CALL ($0)
10,11,0.0,24,3,21,1.0,-100.0,12.5,MARGIN CALL ($0)
10,10,0.0,22,3,19,1.0,-100.0,13.636363636363635,MARGIN CALL ($0)
10,9,0.0,25,3,22,1.0,-100.0,12.0,MARGIN CALL ($0)
10,8,0.0,25,3,22,1.0,-100.0,12.0,MARGIN CALL ($0)
10,7,0.0,20,1,19,1.0,-100.0,5.0,MARGIN CALL ($0)
10,6,0.0,20,1,19,1.0,-100.0,5.0,MARGIN CALL ($0)
10,37,0.0,34,7,27,1.0,-100.0,20.588235294117645,MARGIN CALL ($0)
10,36,0.0,33,7,26,1.0,-100.0,21.21212121212121,MARGIN CALL ($0)
10,35,0.0,33,7,26,1.0,-100.0,21.21212121212121,MARGIN CALL ($0)
10,34,0.0,32,6,26,1.0,-100.0,18.75,MARGIN CALL ($0)
10,33,0.0,29,5,24,1.0,-100.0,17.24137931034483,MARGIN CALL ($0)
10,32,0.0,30,5,25,1.0,-100.0,16.666666666666664,MARGIN CALL ($0)
10,31,0.0,30,5,25,1.0,-100.0,16.666666666666664,MARGIN CALL ($0)
10,30,0.0,31,5,26,1.0,-100.0,16.129032258064516,MARGIN CALL ($0)
10,29,0.0,35,6,29,1.0,-100.0,17.142857142857142,MARGIN CALL ($0)
10,28,0.0,35,6,29,1.0,-100.0,17.142857142857142,MARGIN CALL ($0)
10,27,0.0,36,5,31,1.0,-100.0,13.88888888888889,MARGIN CALL ($0)
10,26,0.0,34,5,29,1.0,-100.0,14.705882352941178,MARGIN CALL ($0)
10,25,0.0,34,5,29,1.0,-100.0,14.705882352941178,MARGIN CALL ($0)
10,24,0.0,37,5,32,1.0,-100.0,13.513513513513514,MARGIN CALL ($0)
10,23,0.0,36,6,30,1.0,-100.0,16.666666666666664,MARGIN CALL ($0)
10,22,0.0,49,9,40,1.0,-100.0,18.367346938775512,MARGIN CALL ($0)
10,53,0.0,16,2,14,1.0,-100.0,12.5,MARGIN CALL ($0)
10,52,0.0,16,2,14,1.0,-100.0,12.5,MARGIN CALL ($0)
10,51,0.0,16,2,14,1.0,-100.0,12.5,MARGIN CALL ($0)
10,50,0.0,17,2,15,1.0,-100.0,11.76470588235294,MARGIN CALL ($0)
10,49,0.0,17,2,15,1.0,-100.0,11.76470588235294,MARGIN CALL ($0)
10,48,0.0,16,2,14,1.0,-100.0,12.5,MARGIN CALL ($0)
10,47,0.0,15,2,13,1.0,-100.0,13.333333333333334,MARGIN CALL ($0)
10,46,0.0,14,2,12,1.0,-100.0,14.285714285714285,MARGIN CALL ($0)
10,45,0.0,14,2,12,1.0,-100.0,14.285714285714285,MARGIN CALL ($0)
10,44,0.0,13,2,11,1.0,-100.0,15.384615384615385,MARGIN CALL ($0)
10,43,0.0,13,2,11,1.0,-100.0,15.384615384615385,MARGIN CALL ($0)
10,42,0.0,15,2,13,1.0,-100.0,13.333333333333334,MARGIN CALL ($0)
10,41,0.0,13,2,11,1.0,-100.0,15.384615384615385,MARGIN CALL ($0)
10,40,0.0,15,2,13,1.0,-100.0,13.333333333333334,MARGIN CALL ($0)
10,39,0.0,14,2,12,1.0,-100.0,14.285714285714285,MARGIN CALL ($0)
10,38,0.0,32,7,25,1.0,-100.0,21.875,MARGIN CALL ($0)
10,69,0.0,16,2,14,1.0,-100.0,12.5,MARGIN CALL ($0)
10,68,0.0,16,2,14,1.0,-100.0,12.5,MARGIN CALL ($0)
10,67,0.0,16,2,14,1.0,-100.0,12.5,MARGIN CALL ($0)
10,66,0.0,15,2,13,1.0,-100.0,13.333333333333334,MARGIN CALL ($0)
10,65,0.0,14,2,12,1.0,-100.0,14.285714285714285,MARGIN CALL ($0)
10,64,0.0,14,2,12,1.0,-100.0,14.285714285714285,MARGIN CALL ($0)
10,63,0.0,29,5,24,1.0,-100.0,17.24137931034483,MARGIN CALL ($0)
10,62,0.0,29,5,24,1.0,-100.0,17.24137931034483,MARGIN CALL ($0)
10,61,0.0,29,5,24,1.0,-100.0,17.24137931034483,MARGIN CALL ($0)
10,60,0.0,29,5,24,1.0,-100.0,17.24137931034483,MARGIN CALL ($0)
10,59,0.0,29,5,24,1.0,-100.0,17.24137931034483,MARGIN CALL ($0)
10,58,0.0,29,5,24,1.0,-100.0,17.24137931034483,MARGIN CALL ($0)
10,57,0.0,28,5,23,1.0,-100.0,17.857142857142858,MARGIN CALL ($0)
10,56,0.0,28,5,23,1.0,-100.0,17.857142857142858,MARGIN CALL ($0)
10,55,0.0,27,5,22,1.0,-100.0,18.51851851851852,MARGIN CALL ($0)
10,54,0.0,17,2,15,1.0,-100.0,11.76470588235294,MARGIN CALL ($0)
10,85,0.0,15,2,13,1.0,-100.0,13.333333333333334,MARGIN CALL ($0)
10,84,0.0,15,2,13,1.0,-100.0,13.333333333333334,MARGIN CALL ($0)
10,83,0.0,15,2,13,1.0,-100.0,13.333333333333334,MARGIN CALL ($0)
10,82,0.0,15,2,13,1.0,-100.0,13.333333333333334,MARGIN CALL ($0)
10,81,0.0,15,2,13,1.0,-100.0,13.333333333333334,MARGIN CALL ($0)
10,80,0.0,15,2,13,1.0,-100.0,13.333333333333334,MARGIN CALL ($0)
10,79,0.0,15,2,13,1.0,-100.0,13.333333333333334,MARGIN CALL ($0)
10,78,0.0,15,2,13,1.0,-100.0,13.333333333333334,MARGIN CALL ($0)
10,77,0.0,15,2,13,1.0,-100.0,13.333333333333334,MARGIN CALL ($0)
10,76,0.0,15,2,13,1.0,-100.0,13.333333333333334,MARGIN CALL ($0)
10,75,0.0,15,2,13,1.0,-100.0,13.333333333333334,MARGIN CALL ($0)
10,74,0.0,15,2,13,1.0,-100.0,13.333333333333334,MARGIN CALL ($0)
10,73,0.0,15,2,13,1.0,-100.0,13.333333333333334,MARGIN CALL ($0)
10,72,0.0,15,2,13,1.0,-100.0,13.333333333333334,MARGIN CALL ($0)
10,71,0.0,15,2,13,1.0,-100.0,13.333333333333334,MARGIN CALL ($0)
10,70,0.0,16,2,14,1.0,-100.0,12.5,MARGIN CALL ($0)
11,1,0.0,727,131,596,1.0,-100.0,18.019257221458044,MARGIN CALL ($0)
10,100,0.0,15,2,13,1.0,-100.0,13.333333333333334,MARGIN CALL ($0)
10,99,0.0,15,2,13,1.0,-100.0,13.333333333333334,MARGIN CALL ($0)
10,98,0.0,14,2,12,1.0,-100.0,14.285714285714285,MARGIN CALL ($0)
10,97,0.0,14,2,12,1.0,-100.0,14.285714285714285,MARGIN CALL ($0)
10,96,0.0,14,2,12,1.0,-100.0,14.285714285714285,MARGIN CALL ($0)
10,95,0.0,14,2,12,1.0,-100.0,14.285714285714285,MARGIN CALL ($0)
10,94,0.0,14,2,12,1.0,-100.0,14.285714285714285,MARGIN CALL ($0)
10,93,0.0,14,2,12,1.0,-100.0,14.285714285714285,MARGIN CALL ($0)
10,92,0.0,14,2,12,1.0,-100.0,14.285714285714285,MARGIN CALL ($0)
10,91,0.0,14,2,12,1.0,-100.0,14.285714285714285,MARGIN CALL ($0)
10,90,0.0,16,3,13,1.0,-100.0,18.75,MARGIN CALL ($0)
10,89,0.0,14,2,12,1.0,-100.0,14.285714285714285,MARGIN CALL ($0)
10,88,0.0,15,2,13,1.0,-100.0,13.333333333333334,MARGIN CALL ($0)
10,87,0.0,15,2,13,1.0,-100.0,13.333333333333334,MARGIN CALL ($0)
10,86,0.0,15,2,13,1.0,-100.0,13.333333333333334,MARGIN CALL ($0)
11,18,0.0,17,1,16,1.0,-100.0,5.88235294117647,MARGIN CALL ($0)
11,17,0.0,20,3,17,1.0,-100.0,15.0,MARGIN CALL ($0)
11,16,0.0,20,3,17,1.0,-100.0,15.0,MARGIN CALL ($0)
11,15,0.0,20,3,17,1.0,-100.0,15.0,MARGIN CALL ($0)
11,14,0.0,52,9,43,1.0,-100.0,17.307692307692307,MARGIN CALL ($0)
11,13,0.0,50,9,41,1.0,-100.0,18.0,MARGIN CALL ($0)
11,12,0.0,19,3,16,1.0,-100.0,15.789473684210526,MARGIN CALL ($0)
11,11,0.0,19,3,16,1.0,-100.0,15.789473684210526,MARGIN CALL ($0)
11,10,0.0,23,3,20,1.0,-100.0,13.043478260869565,MARGIN CALL ($0)
11,9,0.0,23,3,20,1.0,-100.0,13.043478260869565,MARGIN CALL ($0)
11,8,0.0,23,3,20,1.0,-100.0,13.043478260869565,MARGIN CALL ($0)
11,7,0.0,18,1,17,1.0,-100.0,5.555555555555555,MARGIN CALL ($0)
11,6,0.0,18,1,17,1.0,-100.0,5.555555555555555,MARGIN CALL ($0)
11,5,0.0,14,0,14,1.0,-100.0,0.0,MARGIN CALL ($0)
11,4,0.0,38,8,30,1.0,-100.0,21.052631578947366,MARGIN CALL ($0)
11,3,0.0,2500,585,1915,1.0,-100.0,23.400000000000002,MARGIN CALL ($0)
11,34,0.0,31,6,25,1.0,-100.0,19.35483870967742,MARGIN CALL ($0)
11,33,0.0,30,5,25,1.0,-100.0,16.666666666666664,MARGIN CALL ($0)
11,32,0.0,30,5,25,1.0,-100.0,16.666666666666664,MARGIN CALL ($0)
11,31,0.0,30,5,25,1.0,-100.0,16.666666666666664,MARGIN CALL ($0)
11,30,0.0,31,5,26,1.0,-100.0,16.129032258064516,MARGIN CALL ($0)
11,29,0.0,36,6,30,1.0,-100.0,16.666666666666664,MARGIN CALL ($0)
11,28,0.0,36,6,30,1.0,-100.0,16.666666666666664,MARGIN CALL ($0)
11,27,0.0,36,5,31,1.0,-100.0,13.88888888888889,MARGIN CALL ($0)
11,26,0.0,34,5,29,1.0,-100.0,14.705882352941178,MARGIN CALL ($0)
11,25,0.0,34,5,29,1.0,-100.0,14.705882352941178,MARGIN CALL ($0)
11,24,0.0,37,5,32,1.0,-100.0,13.513513513513514,MARGIN CALL ($0)
11,23,0.0,36,6,30,1.0,-100.0,16.666666666666664,MARGIN CALL ($0)
11,22,0.0,36,6,30,1.0,-100.0,16.666666666666664,MARGIN CALL ($0)
11,21,0.0,51,10,41,1.0,-100.0,19.607843137254903,MARGIN CALL ($0)
11,20,0.0,47,8,39,1.0,-100.0,17.02127659574468,MARGIN CALL ($0)
11,19,0.0,48,8,40,1.0,-100.0,16.666666666666664,MARGIN CALL ($0)
11,50,0.0,15,2,13,1.0,-100.0,13.333333333333334,MARGIN CALL ($0)
11,49,0.0,15,2,13,1.0,-100.0,13.333333333333334,MARGIN CALL ($0)
11,48,0.0,14,2,12,1.0,-100.0,14.285714285714285,MARGIN CALL ($0)
11,47,0.0,14,2,12,1.0,-100.0,14.285714285714285,MARGIN CALL ($0)
11,46,0.0,13,2,11,1.0,-100.0,15.384615384615385,MARGIN CALL ($0)
11,45,0.0,13,2,11,1.0,-100.0,15.384615384615385,MARGIN CALL ($0)
11,44,0.0,14,2,12,1.0,-100.0,14.285714285714285,MARGIN CALL ($0)
11,43,0.0,14,2,12,1.0,-100.0,14.285714285714285,MARGIN CALL ($0)
11,42,0.0,13,2,11,1.0,-100.0,15.384615384615385,MARGIN CALL ($0)
11,41,0.0,13,2,11,1.0,-100.0,15.384615384615385,MARGIN CALL ($0)
11,40,0.0,15,2,13,1.0,-100.0,13.333333333333334,MARGIN CALL ($0)
11,39,0.0,14,2,12,1.0,-100.0,14.285714285714285,MARGIN CALL ($0)
11,38,0.0,32,7,25,1.0,-100.0,21.875,MARGIN CALL ($0)
11,37,0.0,32,7,25,1.0,-100.0,21.875,MARGIN CALL ($0)
11,36,0.0,33,7,26,1.0,-100.0,21.21212121212121,MARGIN CALL ($0)
11,35,0.0,33,7,26,1.0,-100.0,21.21212121212121,MARGIN CALL ($0)
11,66,0.0,13,2,11,1.0,-100.0,15.384615384615385,MARGIN CALL ($0)
11,65,0.0,13,2,11,1.0,-100.0,15.384615384615385,MARGIN CALL ($0)
11,64,0.0,13,2,11,1.0,-100.0,15.384615384615385,MARGIN CALL ($0)
11,63,0.0,15,2,13,1.0,-100.0,13.333333333333334,MARGIN CALL ($0)
11,62,0.0,15,2,13,1.0,-100.0,13.333333333333334,MARGIN CALL ($0)
11,61,0.0,15,2,13,1.0,-100.0,13.333333333333334,MARGIN CALL ($0)
11,60,0.0,15,2,13,1.0,-100.0,13.333333333333334,MARGIN CALL ($0)
11,59,0.0,15,2,13,1.0,-100.0,13.333333333333334,MARGIN CALL ($0)
11,58,0.0,15,2,13,1.0,-100.0,13.333333333333334,MARGIN CALL ($0)
11,57,0.0,15,2,13,1.0,-100.0,13.333333333333334,MARGIN CALL ($0)
11,56,0.0,15,2,13,1.0,-100.0,13.333333333333334,MARGIN CALL ($0)
11,55,0.0,15,2,13,1.0,-100.0,13.333333333333334,MARGIN CALL ($0)
11,54,0.0,15,2,13,1.0,-100.0,13.333333333333334,MARGIN CALL ($0)
11,53,0.0,15,2,13,1.0,-100.0,13.333333333333334,MARGIN CALL ($0)
11,52,0.0,15,2,13,1.0,-100.0,13.333333333333334,MARGIN CALL ($0)
11,51,0.0,14,2,12,1.0,-100.0,14.285714285714285,MARGIN CALL ($0)
11,82,0.0,13,2,11,1.0,-100.0,15.384615384615385,MARGIN CALL ($0)
11,81,0.0,15,2,13,1.0,-100.0,13.333333333333334,MARGIN CALL ($0)
11,80,0.0,15,2,13,1.0,-100.0,13.333333333333334,MARGIN CALL ($0)
11,79,0.0,14,2,12,1.0,-100.0,14.285714285714285,MARGIN CALL ($0)
11,78,0.0,14,2,12,1.0,-100.0,14.285714285714285,MARGIN CALL ($0)
11,77,0.0,14,2,12,1.0,-100.0,14.285714285714285,MARGIN CALL ($0)
11,76,0.0,14,2,12,1.0,-100.0,14.285714285714285,MARGIN CALL ($0)
11,75,0.0,14,2,12,1.0,-100.0,14.285714285714285,MARGIN CALL ($0)
11,74,0.0,14,2,12,1.0,-100.0,14.285714285714285,MARGIN CALL ($0)
11,73,0.0,14,2,12,1.0,-100.0,14.285714285714285,MARGIN CALL ($0)
11,72,0.0,14,2,12,1.0,-100.0,14.285714285714285,MARGIN CALL ($0)
11,71,0.0,13,2,11,1.0,-100.0,15.384615384615385,MARGIN CALL ($0)
11,70,0.0,14,2,12,1.0,-100.0,14.285714285714285,MARGIN CALL ($0)
11,69,0.0,14,2,12,1.0,-100.0,14.285714285714285,MARGIN CALL ($0)
11,68,0.0,14,2,12,1.0,-100.0,14.285714285714285,MARGIN CALL ($0)
11,67,0.0,14,2,12,1.0,-100.0,14.285714285714285,MARGIN CALL ($0)
11,98,0.0,13,2,11,1.0,-100.0,15.384615384615385,MARGIN CALL ($0)
11,97,0.0,13,2,11,1.0,-100.0,15.384615384615385,MARGIN CALL ($0)
11,96,0.0,13,2,11,1.0,-100.0,15.384615384615385,MARGIN CALL ($0)
11,95,0.0,13,2,11,1.0,-100.0,15.384615384615385,MARGIN CALL ($0)
11,94,0.0,13,2,11,1.0,-100.0,15.384615384615385,MARGIN CALL ($0)
11,93,0.0,13,2,11,1.0,-100.0,15.384615384615385,MARGIN CALL ($0)
11,92,0.0,13,2,11,1.0,-100.0,15.384615384615385,MARGIN CALL ($0)
11,91,0.0,13,2,11,1.0,-100.0,15.384615384615385,MARGIN CALL ($0)
11,90,0.0,13,2,11,1.0,-100.0,15.384615384615385,MARGIN CALL ($0)
11,89,0.0,13,2,11,1.0,-100.0,15.384615384615385,MARGIN CALL ($0)
11,88,0.0,13,2,11,1.0,-100.0,15.384615384615385,MARGIN CALL ($0)
11,87,0.0,13,2,11,1.0,-100.0,15.384615384615385,MARGIN CALL ($0)
11,86,0.0,13,2,11,1.0,-100.0,15.384615384615385,MARGIN CALL ($0)
11,85,0.0,13,2,11,1.0,-100.0,15.384615384615385,MARGIN CALL ($0)
11,84,0.0,13,2,11,1.0,-100.0,15.384615384615385,MARGIN CALL ($0)
11,83,0.0,13,2,11,1.0,-100.0,15.384615384615385,MARGIN CALL ($0)
12,15,0.0,53,9,44,1.0,-100.0,16.9811320754717,MARGIN CALL ($0)
12,14,0.0,51,9,42,1.0,-100.0,17.647058823529413,MARGIN CALL ($0)
12,13,0.0,52,9,43,1.0,-100.0,17.307692307692307,MARGIN CALL ($0)
12,12,0.0,19,3,16,1.0,-100.0,15.789473684210526,MARGIN CALL ($0)
12,11,0.0,20,3,17,1.0,-100.0,15.0,MARGIN CALL ($0)
12,10,0.0,23,3,20,1.0,-100.0,13.043478260869565,MARGIN CALL ($0)
12,9,0.0,14,0,14,1.0,-100.0,0.0,MARGIN CALL ($0)
12,8,0.0,15,0,15,1.0,-100.0,0.0,MARGIN CALL ($0)
12,7,0.0,20,1,19,1.0,-100.0,5.0,MARGIN CALL ($0)
12,6,0.0,19,1,18,1.0,-100.0,5.263157894736842,MARGIN CALL ($0)
12,5,0.0,13,0,13,1.0,-100.0,0.0,MARGIN CALL ($0)
12,4,0.0,36,8,28,1.0,-100.0,22.22222222222222,MARGIN CALL ($0)
12,3,0.0,2366,557,1809,1.0,-100.0,23.541842772612004,MARGIN CALL ($0)
12,1,0.0,745,132,613,1.0,-100.0,17.71812080536913,MARGIN CALL ($0)
11,100,0.0,13,2,11,1.0,-100.0,15.384615384615385,MARGIN CALL ($0)
11,99,0.0,13,2,11,1.0,-100.0,15.384615384615385,MARGIN CALL ($0)
12,32,0.0,27,4,23,1.0,-100.0,14.814814814814813,MARGIN CALL ($0)
12,31,0.0,28,4,24,1.0,-100.0,14.285714285714285,MARGIN CALL ($0)
12,30,0.0,29,4,25,1.0,-100.0,13.793103448275861,MARGIN CALL ($0)
12,29,0.0,30,5,25,1.0,-100.0,16.666666666666664,MARGIN CALL ($0)
12,28,0.0,29,5,24,1.0,-100.0,17.24137931034483,MARGIN CALL ($0)
12,27,0.0,31,5,26,1.0,-100.0,16.129032258064516,MARGIN CALL ($0)
12,26,0.0,31,5,26,1.0,-100.0,16.129032258064516,MARGIN CALL ($0)
12,25,0.0,40,7,33,1.0,-100.0,17.5,MARGIN CALL ($0)
12,24,0.0,47,8,39,1.0,-100.0,17.02127659574468,MARGIN CALL ($0)
12,23,0.0,31,5,26,1.0,-100.0,16.129032258064516,MARGIN CALL ($0)
12,22,0.0,49,9,40,1.0,-100.0,18.367346938775512,MARGIN CALL ($0)
12,21,0.0,50,9,41,1.0,-100.0,18.0,MARGIN CALL ($0)
12,20,0.0,732,147,585,1.0,-100.0,20.081967213114755,MARGIN CALL ($0)
12,19,0.0,776,152,624,1.0,-100.0,19.587628865979383,MARGIN CALL ($0)
12,18,0.0,50,9,41,1.0,-100.0,18.0,MARGIN CALL ($0)
12,17,0.0,1008,183,825,1.0,-100.0,18.154761904761905,MARGIN CALL ($0)
12,48,0.0,10,1,9,1.0,-100.0,10.0,MARGIN CALL ($0)
12,47,0.0,10,1,9,1.0,-100.0,10.0,MARGIN CALL ($0)
12,46,0.0,24,3,21,1.0,-100.0,12.5,MARGIN CALL ($0)
12,45,0.0,24,3,21,1.0,-100.0,12.5,MARGIN CALL ($0)
12,44,0.0,23,3,20,1.0,-100.0,13.043478260869565,MARGIN CALL ($0)
12,43,0.0,24,3,21,1.0,-100.0,12.5,MARGIN CALL ($0)
12,42,0.0,13,1,12,1.0,-100.0,7.6923076923076925,MARGIN CALL ($0)
12,41,0.0,13,1,12,1.0,-100.0,7.6923076923076925,MARGIN CALL ($0)
12,40,0.0,15,1,14,1.0,-100.0,6.666666666666667,MARGIN CALL ($0)
12,39,0.0,14,1,13,1.0,-100.0,7.142857142857142,MARGIN CALL ($0)
12,38,0.0,33,6,27,1.0,-100.0,18.181818181818183,MARGIN CALL ($0)
12,37,0.0,33,6,27,1.0,-100.0,18.181818181818183,MARGIN CALL ($0)
12,36,0.0,32,6,26,1.0,-100.0,18.75,MARGIN CALL ($0)
12,35,0.0,32,6,26,1.0,-100.0,18.75,MARGIN CALL ($0)
12,34,0.0,31,5,26,1.0,-100.0,16.129032258064516,MARGIN CALL ($0)
12,33,0.0,27,4,23,1.0,-100.0,14.814814814814813,MARGIN CALL ($0)
12,64,0.0,20,3,17,1.0,-100.0,15.0,MARGIN CALL ($0)
12,63,0.0,20,3,17,1.0,-100.0,15.0,MARGIN CALL ($0)
12,62,0.0,20,3,17,1.0,-100.0,15.0,MARGIN CALL ($0)
12,61,0.0,20,3,17,1.0,-100.0,15.0,MARGIN CALL ($0)
12,60,0.0,20,3,17,1.0,-100.0,15.0,MARGIN CALL ($0)
12,59,0.0,20,3,17,1.0,-100.0,15.0,MARGIN CALL ($0)
12,58,0.0,20,3,17,1.0,-100.0,15.0,MARGIN CALL ($0)
12,57,0.0,20,3,17,1.0,-100.0,15.0,MARGIN CALL ($0)
12,56,0.0,21,3,18,1.0,-100.0,14.285714285714285,MARGIN CALL ($0)
12,55,0.0,22,3,19,1.0,-100.0,13.636363636363635,MARGIN CALL ($0)
12,54,0.0,10,1,9,1.0,-100.0,10.0,MARGIN CALL ($0)
12,53,0.0,10,1,9,1.0,-100.0,10.0,MARGIN CALL ($0)
12,52,0.0,10,1,9,1.0,-100.0,10.0,MARGIN CALL ($0)
12,51,0.0,10,1,9,1.0,-100.0,10.0,MARGIN CALL ($0)
12,50,0.0,10,1,9,1.0,-100.0,10.0,MARGIN CALL ($0)
12,49,0.0,10,1,9,1.0,-100.0,10.0,MARGIN CALL ($0)
12,80,0.0,11,1,10,1.0,-100.0,9.090909090909092,MARGIN CALL ($0)
12,79,0.0,10,1,9,1.0,-100.0,10.0,MARGIN CALL ($0)
12,78,0.0,10,1,9,1.0,-100.0,10.0,MARGIN CALL ($0)
12,77,0.0,10,1,9,1.0,-100.0,10.0,MARGIN CALL ($0)
12,76,0.0,14,1,13,1.0,-100.0,7.142857142857142,MARGIN CALL ($0)
12,75,0.0,14,1,13,1.0,-100.0,7.142857142857142,MARGIN CALL ($0)
12,74,0.0,14,1,13,1.0,-100.0,7.142857142857142,MARGIN CALL ($0)
12,73,0.0,14,1,13,1.0,-100.0,7.142857142857142,MARGIN CALL ($0)
12,72,0.0,14,1,13,1.0,-100.0,7.142857142857142,MARGIN CALL ($0)
12,71,0.0,14,1,13,1.0,-100.0,7.142857142857142,MARGIN CALL ($0)
12,70,0.0,15,1,14,1.0,-100.0,6.666666666666667,MARGIN CALL ($0)
12,69,0.0,15,1,14,1.0,-100.0,6.666666666666667,MARGIN CALL ($0)
12,68,0.0,15,1,14,1.0,-100.0,6.666666666666667,MARGIN CALL ($0)
12,67,0.0,14,3,11,1.0,-100.0,21.428571428571427,MARGIN CALL ($0)
12,66,0.0,13,3,10,1.0,-100.0,23.076923076923077,MARGIN CALL ($0)
12,65,0.0,21,3,18,1.0,-100.0,14.285714285714285,MARGIN CALL ($0)
12,96,0.0,19,3,16,1.0,-100.0,15.789473684210526,MARGIN CALL ($0)
12,95,0.0,19,3,16,1.0,-100.0,15.789473684210526,MARGIN CALL ($0)
12,94,0.0,19,3,16,1.0,-100.0,15.789473684210526,MARGIN CALL ($0)
12,93,0.0,20,3,17,1.0,-100.0,15.0,MARGIN CALL ($0)
12,92,0.0,20,3,17,1.0,-100.0,15.0,MARGIN CALL ($0)
12,91,0.0,20,3,17,1.0,-100.0,15.0,MARGIN CALL ($0)
12,90,0.0,22,4,18,1.0,-100.0,18.181818181818183,MARGIN CALL ($0)
12,89,0.0,19,3,16,1.0,-100.0,15.789473684210526,MARGIN CALL ($0)
12,88,0.0,19,3,16,1.0,-100.0,15.789473684210526,MARGIN CALL ($0)
12,87,0.0,19,3,16,1.0,-100.0,15.789473684210526,MARGIN CALL ($0)
12,86,0.0,20,3,17,1.0,-100.0,15.0,MARGIN CALL ($0)
12,85,0.0,20,3,17,1.0,-100.0,15.0,MARGIN CALL ($0)
12,84,0.0,20,3,17,1.0,-100.0,15.0,MARGIN CALL ($0)
12,83,0.0,20,3,17,1.0,-100.0,15.0,MARGIN CALL ($0)
12,82,0.0,20,3,17,1.0,-100.0,15.0,MARGIN CALL ($0)
12,81,0.0,11,1,10,1.0,-100.0,9.090909090909092,MARGIN CALL ($0)
13,12,0.0,20,3,17,1.0,-100.0,15.0,MARGIN CALL ($0)
13,11,0.0,20,3,17,1.0,-100.0,15.0,MARGIN CALL ($0)
13,10,0.0,25,3,22,1.0,-100.0,12.0,MARGIN CALL ($0)
13,9,0.0,14,0,14,1.0,-100.0,0.0,MARGIN CALL ($0)
13,8,0.0,14,0,14,1.0,-100.0,0.0,MARGIN CALL ($0)
13,7,0.0,20,1,19,1.0,-100.0,5.0,MARGIN CALL ($0)
13,6,0.0,19,1,18,1.0,-100.0,5.263157894736842,MARGIN CALL ($0)
13,5,0.0,14,0,14,1.0,-100.0,0.0,MARGIN CALL ($0)
13,4,0.0,37,8,29,1.0,-100.0,21.62162162162162,MARGIN CALL ($0)
13,3,0.0,2364,558,1806,1.0,-100.0,23.604060913705585,MARGIN CALL ($0)
13,1,0.0,734,136,598,1.0,-100.0,18.52861035422343,MARGIN CALL ($0)
12,100,0.0,22,3,19,1.0,-100.0,13.636363636363635,MARGIN CALL ($0)
12,99,0.0,22,3,19,1.0,-100.0,13.636363636363635,MARGIN CALL ($0)
12,98,0.0,19,3,16,1.0,-100.0,15.789473684210526,MARGIN CALL ($0)
12,97,0.0,19,3,16,1.0,-100.0,15.789473684210526,MARGIN CALL ($0)
13,29,0.0,29,5,24,1.0,-100.0,17.24137931034483,MARGIN CALL ($0)
13,28,0.0,28,5,23,1.0,-100.0,17.857142857142858,MARGIN CALL ($0)
13,27,0.0,29,5,24,1.0,-100.0,17.24137931034483,MARGIN CALL ($0)
13,26,0.0,31,5,26,1.0,-100.0,16.129032258064516,MARGIN CALL ($0)
13,25,0.0,35,6,29,1.0,-100.0,17.142857142857142,MARGIN CALL ($0)
13,24,0.0,46,8,38,1.0,-100.0,17.391304347826086,MARGIN CALL ($0)
13,23,0.0,31,5,26,1.0,-100.0,16.129032258064516,MARGIN CALL ($0)
13,22,0.0,48,9,39,1.0,-100.0,18.75,MARGIN CALL ($0)
13,21,0.0,842,170,672,1.0,-100.0,20.19002375296912,MARGIN CALL ($0)
13,20,0.0,685,139,546,1.0,-100.0,20.29197080291971,MARGIN CALL ($0)
13,19,0.0,49,8,41,1.0,-100.0,16.3265306122449,MARGIN CALL ($0)
13,18,0.0,45,8,37,1.0,-100.0,17.77777777777778,MARGIN CALL ($0)
13,17,0.0,49,10,39,1.0,-100.0,20.408163265306122,MARGIN CALL ($0)
13,16,0.0,50,9,41,1.0,-100.0,18.0,MARGIN CALL ($0)
13,15,0.0,46,8,38,1.0,-100.0,17.391304347826086,MARGIN CALL ($0)
13,14,0.0,44,8,36,1.0,-100.0,18.181818181818183,MARGIN CALL ($0)
3,21,0.0,25,5,20,1.0,-100.0,20.0,MARGIN CALL ($0)
3,20,0.0,26,5,21,1.0,-100.0,19.230769230769234,MARGIN CALL ($0)
3,19,0.0,19,3,16,1.0,-100.0,15.789473684210526,MARGIN CALL ($0)
3,18,0.0,20,3,17,1.0,-100.0,15.0,MARGIN CALL ($0)
3,17,0.0,19,3,16,1.0,-100.0,15.789473684210526,MARGIN CALL ($0)
3,16,0.0,19,3,16,1.0,-100.0,15.789473684210526,MARGIN CALL ($0)
3,15,0.0,19,3,16,1.0,-100.0,15.789473684210526,MARGIN CALL ($0)
3,14,0.0,19,3,16,1.0,-100.0,15.789473684210526,MARGIN CALL ($0)
3,13,0.0,19,3,16,1.0,-100.0,15.789473684210526,MARGIN CALL ($0)
3,12,0.0,19,3,16,1.0,-100.0,15.789473684210526,MARGIN CALL ($0)
3,11,0.0,20,3,17,1.0,-100.0,15.0,MARGIN CALL ($0)
3,10,0.0,20,3,17,1.0,-100.0,15.0,MARGIN CALL ($0)
3,9,0.0,21,3,18,1.0,-100.0,14.285714285714285,MARGIN CALL ($0)
13,32,0.0,31,6,25,1.0,-100.0,19.35483870967742,MARGIN CALL ($0)
13,31,0.0,31,6,25,1.0,-100.0,19.35483870967742,MARGIN CALL ($0)
13,30,0.0,30,6,24,1.0,-100.0,20.0,MARGIN CALL ($0)
13,50,0.0,11,1,10,1.0,-100.0,9.090909090909092,MARGIN CALL ($0)
13,49,0.0,11,1,10,1.0,-100.0,9.090909090909092,MARGIN CALL ($0)
13,48,0.0,11,1,10,1.0,-100.0,9.090909090909092,MARGIN CALL ($0)
13,47,0.0,10,1,9,1.0,-100.0,10.0,MARGIN CALL ($0)
13,46,0.0,27,6,21,1.0,-100.0,22.22222222222222,MARGIN CALL ($0)
13,45,0.0,28,6,22,1.0,-100.0,21.428571428571427,MARGIN CALL ($0)
13,44,0.0,26,6,20,1.0,-100.0,23.076923076923077,MARGIN CALL ($0)
13,43,0.0,25,6,19,1.0,-100.0,24.0,MARGIN CALL ($0)
13,42,0.0,14,1,13,1.0,-100.0,7.142857142857142,MARGIN CALL ($0)
13,41,0.0,13,1,12,1.0,-100.0,7.6923076923076925,MARGIN CALL ($0)
13,40,0.0,15,1,14,1.0,-100.0,6.666666666666667,MARGIN CALL ($0)
13,39,0.0,14,1,13,1.0,-100.0,7.142857142857142,MARGIN CALL ($0)
13,33,0.0,29,5,24,1.0,-100.0,17.24137931034483,MARGIN CALL ($0)
3,24,0.0,25,5,20,1.0,-100.0,20.0,MARGIN CALL ($0)
3,23,0.0,25,5,20,1.0,-100.0,20.0,MARGIN CALL ($0)
3,22,0.0,25,5,20,1.0,-100.0,20.0,MARGIN CALL ($0)
13,66,0.0,12,3,9,1.0,-100.0,25.0,MARGIN CALL ($0)
13,65,0.0,24,6,18,1.0,-100.0,25.0,MARGIN CALL ($0)
13,64,0.0,24,6,18,1.0,-100.0,25.0,MARGIN CALL ($0)
13,63,0.0,20,3,17,1.0,-100.0,15.0,MARGIN CALL ($0)
13,62,0.0,20,3,17,1.0,-100.0,15.0,MARGIN CALL ($0)
13,61,0.0,20,3,17,1.0,-100.0,15.0,MARGIN CALL ($0)
13,60,0.0,20,3,17,1.0,-100.0,15.0,MARGIN CALL ($0)
13,59,0.0,20,3,17,1.0,-100.0,15.0,MARGIN CALL ($0)
13,58,0.0,20,3,17,1.0,-100.0,15.0,MARGIN CALL ($0)
13,57,0.0,26,6,20,1.0,-100.0,23.076923076923077,MARGIN CALL ($0)
13,56,0.0,25,6,19,1.0,-100.0,24.0,MARGIN CALL ($0)
13,55,0.0,24,5,19,1.0,-100.0,20.833333333333336,MARGIN CALL ($0)
13,54,0.0,11,1,10,1.0,-100.0,9.090909090909092,MARGIN CALL ($0)
13,53,0.0,11,1,10,1.0,-100.0,9.090909090909092,MARGIN CALL ($0)
13,52,0.0,11,1,10,1.0,-100.0,9.090909090909092,MARGIN CALL ($0)
13,51,0.0,11,1,10,1.0,-100.0,9.090909090909092,MARGIN CALL ($0)
13,82,0.0,25,6,19,1.0,-100.0,24.0,MARGIN CALL ($0)
13,81,0.0,11,1,10,1.0,-100.0,9.090909090909092,MARGIN CALL ($0)
13,80,0.0,11,1,10,1.0,-100.0,9.090909090909092,MARGIN CALL ($0)
13,79,0.0,10,1,9,1.0,-100.0,10.0,MARGIN CALL ($0)
13,78,0.0,10,1,9,1.0,-100.0,10.0,MARGIN CALL ($0)
13,77,0.0,10,1,9,1.0,-100.0,10.0,MARGIN CALL ($0)
13,76,0.0,14,1,13,1.0,-100.0,7.142857142857142,MARGIN CALL ($0)
13,75,0.0,14,1,13,1.0,-100.0,7.142857142857142,MARGIN CALL ($0)
13,74,0.0,14,1,13,1.0,-100.0,7.142857142857142,MARGIN CALL ($0)
13,73,0.0,14,1,13,1.0,-100.0,7.142857142857142,MARGIN CALL ($0)
13,72,0.0,14,1,13,1.0,-100.0,7.142857142857142,MARGIN CALL ($0)
13,71,0.0,14,1,13,1.0,-100.0,7.142857142857142,MARGIN CALL ($0)
13,70,0.0,15,1,14,1.0,-100.0,6.666666666666667,MARGIN CALL ($0)
13,69,0.0,14,1,13,1.0,-100.0,7.142857142857142,MARGIN CALL ($0)
13,68,0.0,14,1,13,1.0,-100.0,7.142857142857142,MARGIN CALL ($0)
13,67,0.0,13,3,10,1.0,-100.0,23.076923076923077,MARGIN CALL ($0)
13,98,0.0,20,3,17,1.0,-100.0,15.0,MARGIN CALL ($0)
13,97,0.0,20,3,17,1.0,-100.0,15.0,MARGIN CALL ($0)
13,96,0.0,26,6,20,1.0,-100.0,23.076923076923077,MARGIN CALL ($0)
13,95,0.0,25,6,19,1.0,-100.0,24.0,MARGIN CALL ($0)
13,94,0.0,24,6,18,1.0,-100.0,25.0,MARGIN CALL ($0)
13,93,0.0,25,6,19,1.0,-100.0,24.0,MARGIN CALL ($0)
13,92,0.0,25,6,19,1.0,-100.0,24.0,MARGIN CALL ($0)
13,91,0.0,25,6,19,1.0,-100.0,24.0,MARGIN CALL ($0)
13,90,0.0,25,7,18,1.0,-100.0,28.000000000000004,MARGIN CALL ($0)
13,89,0.0,23,6,17,1.0,-100.0,26.08695652173913,MARGIN CALL ($0)
13,88,0.0,23,6,17,1.0,-100.0,26.08695652173913,MARGIN CALL ($0)
13,87,0.0,23,6,17,1.0,-100.0,26.08695652173913,MARGIN CALL ($0)
13,86,0.0,25,6,19,1.0,-100.0,24.0,MARGIN CALL ($0)
13,85,0.0,25,6,19,1.0,-100.0,24.0,MARGIN CALL ($0)
13,84,0.0,25,6,19,1.0,-100.0,24.0,MARGIN CALL ($0)
13,83,0.0,25,6,19,1.0,-100.0,24.0,MARGIN CALL ($0)
14,15,0.0,42,7,35,1.0,-100.0,16.666666666666664,MARGIN CALL ($0)
14,14,0.0,39,7,32,1.0,-100.0,17.94871794871795,MARGIN CALL ($0)
14,13,0.0,45,8,37,1.0,-100.0,17.77777777777778,MARGIN CALL ($0)
14,12,0.0,21,3,18,1.0,-100.0,14.285714285714285,MARGIN CALL ($0)
14,11,0.0,20,3,17,1.0,-100.0,15.0,MARGIN CALL ($0)
14,10,0.0,22,3,19,1.0,-100.0,13.636363636363635,MARGIN CALL ($0)
14,9,0.0,19,1,18,1.0,-100.0,5.263157894736842,MARGIN CALL ($0)
14,8,0.0,19,1,18,1.0,-100.0,5.263157894736842,MARGIN CALL ($0)
14,7,0.0,20,1,19,1.0,-100.0,5.0,MARGIN CALL ($0)
14,6,0.0,19,1,18,1.0,-100.0,5.263157894736842,MARGIN CALL ($0)
14,5,0.0,14,0,14,1.0,-100.0,0.0,MARGIN CALL ($0)
14,4,0.0,37,8,29,1.0,-100.0,21.62162162162162,MARGIN CALL ($0)
14,3,0.0,2360,557,1803,1.0,-100.0,23.60169491525424,MARGIN CALL ($0)
14,1,0.0,102,16,86,1.0,-100.0,15.686274509803921,MARGIN CALL ($0)
13,100,0.0,27,6,21,1.0,-100.0,22.22222222222222,MARGIN CALL ($0)
13,99,0.0,25,6,19,1.0,-100.0,24.0,MARGIN CALL ($0)
14,31,0.0,24,3,21,1.0,-100.0,12.5,MARGIN CALL ($0)
14,30,0.0,26,5,21,1.0,-100.0,19.230769230769234,MARGIN CALL ($0)
14,29,0.0,28,6,22,1.0,-100.0,21.428571428571427,MARGIN CALL ($0)
14,28,0.0,27,6,21,1.0,-100.0,22.22222222222222,MARGIN CALL ($0)
14,27,0.0,22,3,19,1.0,-100.0,13.636363636363635,MARGIN CALL ($0)
14,26,0.0,29,5,24,1.0,-100.0,17.24137931034483,MARGIN CALL ($0)
14,25,0.0,34,6,28,1.0,-100.0,17.647058823529413,MARGIN CALL ($0)
14,24,0.0,44,8,36,1.0,-100.0,18.181818181818183,MARGIN CALL ($0)
14,23,0.0,28,5,23,1.0,-100.0,17.857142857142858,MARGIN CALL ($0)
14,22,0.0,46,9,37,1.0,-100.0,19.565217391304348,MARGIN CALL ($0)
14,21,0.0,775,146,629,1.0,-100.0,18.838709677419356,MARGIN CALL ($0)
14,20,0.0,641,124,517,1.0,-100.0,19.34477379095164,MARGIN CALL ($0)
14,19,0.0,260,50,210,1.0,-100.0,19.230769230769234,MARGIN CALL ($0)
14,18,0.0,39,7,32,1.0,-100.0,17.94871794871795,MARGIN CALL ($0)
14,17,0.0,45,9,36,1.0,-100.0,20.0,MARGIN CALL ($0)
14,16,0.0,46,8,38,1.0,-100.0,17.391304347826086,MARGIN CALL ($0)
14,47,0.0,10,1,9,1.0,-100.0,10.0,MARGIN CALL ($0)
14,46,0.0,23,3,20,1.0,-100.0,13.043478260869565,MARGIN CALL ($0)
14,45,0.0,23,3,20,1.0,-100.0,13.043478260869565,MARGIN CALL ($0)
14,44,0.0,22,3,19,1.0,-100.0,13.636363636363635,MARGIN CALL ($0)
14,43,0.0,22,3,19,1.0,-100.0,13.636363636363635,MARGIN CALL ($0)
14,42,0.0,14,1,13,1.0,-100.0,7.142857142857142,MARGIN CALL ($0)
14,41,0.0,13,1,12,1.0,-100.0,7.6923076923076925,MARGIN CALL ($0)
14,40,0.0,15,1,14,1.0,-100.0,6.666666666666667,MARGIN CALL ($0)
14,39,0.0,14,1,13,1.0,-100.0,7.142857142857142,MARGIN CALL ($0)
14,38,0.0,26,5,21,1.0,-100.0,19.230769230769234,MARGIN CALL ($0)
14,37,0.0,27,5,22,1.0,-100.0,18.51851851851852,MARGIN CALL ($0)
14,36,0.0,27,5,22,1.0,-100.0,18.51851851851852,MARGIN CALL ($0)
14,35,0.0,27,5,22,1.0,-100.0,18.51851851851852,MARGIN CALL ($0)
14,34,0.0,26,4,22,1.0,-100.0,15.384615384615385,MARGIN CALL ($0)
14,33,0.0,23,3,20,1.0,-100.0,13.043478260869565,MARGIN CALL ($0)
14,32,0.0,22,3,19,1.0,-100.0,13.636363636363635,MARGIN CALL ($0)
14,63,0.0,20,3,17,1.0,-100.0,15.0,MARGIN CALL ($0)
14,62,0.0,20,3,17,1.0,-100.0,15.0,MARGIN CALL ($0)
14,61,0.0,20,3,17,1.0,-100.0,15.0,MARGIN CALL ($0)
14,60,0.0,20,3,17,1.0,-100.0,15.0,MARGIN CALL ($0)
14,59,0.0,20,3,17,1.0,-100.0,15.0,MARGIN CALL ($0)
14,58,0.0,20,3,17,1.0,-100.0,15.0,MARGIN CALL ($0)
14,57,0.0,21,3,18,1.0,-100.0,14.285714285714285,MARGIN CALL ($0)
14,56,0.0,21,3,18,1.0,-100.0,14.285714285714285,MARGIN CALL ($0)
14,55,0.0,20,3,17,1.0,-100.0,15.0,MARGIN CALL ($0)
14,54,0.0,11,1,10,1.0,-100.0,9.090909090909092,MARGIN CALL ($0)
14,53,0.0,11,1,10,1.0,-100.0,9.090909090909092,MARGIN CALL ($0)
14,52,0.0,11,1,10,1.0,-100.0,9.090909090909092,MARGIN CALL ($0)
14,51,0.0,11,1,10,1.0,-100.0,9.090909090909092,MARGIN CALL ($0)
14,50,0.0,11,1,10,1.0,-100.0,9.090909090909092,MARGIN CALL ($0)
14,49,0.0,11,1,10,1.0,-100.0,9.090909090909092,MARGIN CALL ($0)
14,48,0.0,11,1,10,1.0,-100.0,9.090909090909092,MARGIN CALL ($0)
14,79,0.0,14,3,11,1.0,-100.0,21.428571428571427,MARGIN CALL ($0)
14,78,0.0,14,3,11,1.0,-100.0,21.428571428571427,MARGIN CALL ($0)
14,77,0.0,14,3,11,1.0,-100.0,21.428571428571427,MARGIN CALL ($0)
14,76,0.0,13,1,12,1.0,-100.0,7.6923076923076925,MARGIN CALL ($0)
14,75,0.0,13,1,12,1.0,-100.0,7.6923076923076925,MARGIN CALL ($0)
14,74,0.0,15,1,14,1.0,-100.0,6.666666666666667,MARGIN CALL ($0)
14,73,0.0,15,1,14,1.0,-100.0,6.666666666666667,MARGIN CALL ($0)
14,72,0.0,15,1,14,1.0,-100.0,6.666666666666667,MARGIN CALL ($0)
14,71,0.0,13,1,12,1.0,-100.0,7.6923076923076925,MARGIN CALL ($0)
14,70,0.0,14,1,13,1.0,-100.0,7.142857142857142,MARGIN CALL ($0)
14,69,0.0,13,1,12,1.0,-100.0,7.6923076923076925,MARGIN CALL ($0)
14,68,0.0,13,1,12,1.0,-100.0,7.6923076923076925,MARGIN CALL ($0)
14,67,0.0,13,3,10,1.0,-100.0,23.076923076923077,MARGIN CALL ($0)
14,66,0.0,12,3,9,1.0,-100.0,25.0,MARGIN CALL ($0)
14,65,0.0,20,3,17,1.0,-100.0,15.0,MARGIN CALL ($0)
14,64,0.0,20,3,17,1.0,-100.0,15.0,MARGIN CALL ($0)
14,95,0.0,15,3,12,1.0,-100.0,20.0,MARGIN CALL ($0)
14,94,0.0,13,3,10,1.0,-100.0,23.076923076923077,MARGIN CALL ($0)
14,93,0.0,13,3,10,1.0,-100.0,23.076923076923077,MARGIN CALL ($0)
14,92,0.0,13,3,10,1.0,-100.0,23.076923076923077,MARGIN CALL ($0)
14,91,0.0,13,3,10,1.0,-100.0,23.076923076923077,MARGIN CALL ($0)
14,90,0.0,12,3,9,1.0,-100.0,25.0,MARGIN CALL ($0)
14,89,0.0,12,3,9,1.0,-100.0,25.0,MARGIN CALL ($0)
14,88,0.0,13,3,10,1.0,-100.0,23.076923076923077,MARGIN CALL ($0)
14,87,0.0,13,3,10,1.0,-100.0,23.076923076923077,MARGIN CALL ($0)
14,86,0.0,13,3,10,1.0,-100.0,23.076923076923077,MARGIN CALL ($0)
14,85,0.0,13,3,10,1.0,-100.0,23.076923076923077,MARGIN CALL ($0)
14,84,0.0,13,3,10,1.0,-100.0,23.076923076923077,MARGIN CALL ($0)
14,83,0.0,13,3,10,1.0,-100.0,23.076923076923077,MARGIN CALL ($0)
14,82,0.0,13,3,10,1.0,-100.0,23.076923076923077,MARGIN CALL ($0)
14,81,0.0,13,3,10,1.0,-100.0,23.076923076923077,MARGIN CALL ($0)
14,80,0.0,14,3,11,1.0,-100.0,21.428571428571427,MARGIN CALL ($0)
15,12,0.0,23,3,20,1.0,-100.0,13.043478260869565,MARGIN CALL ($0)
15,11,0.0,20,3,17,1.0,-100.0,15.0,MARGIN CALL ($0)
15,10,0.0,23,3,20,1.0,-100.0,13.043478260869565,MARGIN CALL ($0)
15,9,0.0,23,3,20,1.0,-100.0,13.043478260869565,MARGIN CALL ($0)
15,8,0.0,18,1,17,1.0,-100.0,5.555555555555555,MARGIN CALL ($0)
15,7,0.0,20,1,19,1.0,-100.0,5.0,MARGIN CALL ($0)
15,6,0.0,19,1,18,1.0,-100.0,5.263157894736842,MARGIN CALL ($0)
15,5,0.0,14,0,14,1.0,-100.0,0.0,MARGIN CALL ($0)
15,4,0.0,38,8,30,1.0,-100.0,21.052631578947366,MARGIN CALL ($0)
15,3,0.0,2359,556,1803,1.0,-100.0,23.569309029249684,MARGIN CALL ($0)
15,1,0.0,102,16,86,1.0,-100.0,15.686274509803921,MARGIN CALL ($0)
14,100,0.0,15,3,12,1.0,-100.0,20.0,MARGIN CALL ($0)
14,99,0.0,15,3,12,1.0,-100.0,20.0,MARGIN CALL ($0)
14,98,0.0,15,3,12,1.0,-100.0,20.0,MARGIN CALL ($0)
14,97,0.0,15,3,12,1.0,-100.0,20.0,MARGIN CALL ($0)
14,96,0.0,15,3,12,1.0,-100.0,20.0,MARGIN CALL ($0)
15,28,0.0,28,4,24,1.0,-100.0,14.285714285714285,MARGIN CALL ($0)
15,27,0.0,25,4,21,1.0,-100.0,16.0,MARGIN CALL ($0)
15,26,0.0,27,5,22,1.0,-100.0,18.51851851851852,MARGIN CALL ($0)
15,25,0.0,27,5,22,1.0,-100.0,18.51851851851852,MARGIN CALL ($0)
15,24,0.0,30,5,25,1.0,-100.0,16.666666666666664,MARGIN CALL ($0)
15,23,0.0,28,4,24,1.0,-100.0,14.285714285714285,MARGIN CALL ($0)
15,22,0.0,33,5,28,1.0,-100.0,15.151515151515152,MARGIN CALL ($0)
15,21,0.0,32,5,27,1.0,-100.0,15.625,MARGIN CALL ($0)
15,20,0.0,35,5,30,1.0,-100.0,14.285714285714285,MARGIN CALL ($0)
15,19,0.0,31,5,26,1.0,-100.0,16.129032258064516,MARGIN CALL ($0)
15,18,0.0,30,4,26,1.0,-100.0,13.333333333333334,MARGIN CALL ($0)
15,17,0.0,34,6,28,1.0,-100.0,17.647058823529413,MARGIN CALL ($0)
15,16,0.0,33,6,27,1.0,-100.0,18.181818181818183,MARGIN CALL ($0)
15,15,0.0,29,5,24,1.0,-100.0,17.24137931034483,MARGIN CALL ($0)
15,14,0.0,42,7,35,1.0,-100.0,16.666666666666664,MARGIN CALL ($0)
15,13,0.0,45,8,37,1.0,-100.0,17.77777777777778,MARGIN CALL ($0)
15,44,0.0,7,0,7,1.0,-100.0,0.0,MARGIN CALL ($0)
15,43,0.0,7,0,7,1.0,-100.0,0.0,MARGIN CALL ($0)
15,42,0.0,14,1,13,1.0,-100.0,7.142857142857142,MARGIN CALL ($0)
15,41,0.0,13,1,12,1.0,-100.0,7.6923076923076925,MARGIN CALL ($0)
15,40,0.0,15,1,14,1.0,-100.0,6.666666666666667,MARGIN CALL ($0)
15,39,0.0,14,1,13,1.0,-100.0,7.142857142857142,MARGIN CALL ($0)
15,38,0.0,30,5,25,1.0,-100.0,16.666666666666664,MARGIN CALL ($0)
15,37,0.0,29,5,24,1.0,-100.0,17.24137931034483,MARGIN CALL ($0)
15,36,0.0,28,5,23,1.0,-100.0,17.857142857142858,MARGIN CALL ($0)
15,35,0.0,27,5,22,1.0,-100.0,18.51851851851852,MARGIN CALL ($0)
15,34,0.0,27,4,23,1.0,-100.0,14.814814814814813,MARGIN CALL ($0)
15,33,0.0,26,3,23,1.0,-100.0,11.538461538461538,MARGIN CALL ($0)
15,32,0.0,25,3,22,1.0,-100.0,12.0,MARGIN CALL ($0)
15,31,0.0,25,3,22,1.0,-100.0,12.0,MARGIN CALL ($0)
15,30,0.0,28,3,25,1.0,-100.0,10.714285714285714,MARGIN CALL ($0)
15,29,0.0,29,4,25,1.0,-100.0,13.793103448275861,MARGIN CALL ($0)
15,60,0.0,23,3,20,1.0,-100.0,13.043478260869565,MARGIN CALL ($0)
15,59,0.0,23,3,20,1.0,-100.0,13.043478260869565,MARGIN CALL ($0)
15,58,0.0,23,3,20,1.0,-100.0,13.043478260869565,MARGIN CALL ($0)
15,57,0.0,22,3,19,1.0,-100.0,13.636363636363635,MARGIN CALL ($0)
15,56,0.0,23,3,20,1.0,-100.0,13.043478260869565,MARGIN CALL ($0)
15,55,0.0,22,3,19,1.0,-100.0,13.636363636363635,MARGIN CALL ($0)
15,54,0.0,11,1,10,1.0,-100.0,9.090909090909092,MARGIN CALL ($0)
15,53,0.0,11,1,10,1.0,-100.0,9.090909090909092,MARGIN CALL ($0)
15,52,0.0,11,1,10,1.0,-100.0,9.090909090909092,MARGIN CALL ($0)
15,51,0.0,11,1,10,1.0,-100.0,9.090909090909092,MARGIN CALL ($0)
15,50,0.0,11,1,10,1.0,-100.0,9.090909090909092,MARGIN CALL ($0)
15,49,0.0,11,1,10,1.0,-100.0,9.090909090909092,MARGIN CALL ($0)
15,48,0.0,8,0,8,1.0,-100.0,0.0,MARGIN CALL ($0)
15,47,0.0,6,0,6,1.0,-100.0,0.0,MARGIN CALL ($0)
15,46,0.0,6,0,6,1.0,-100.0,0.0,MARGIN CALL ($0)
15,45,0.0,6,0,6,1.0,-100.0,0.0,MARGIN CALL ($0)
15,76,0.0,12,1,11,1.0,-100.0,8.333333333333332,MARGIN CALL ($0)
15,75,0.0,12,1,11,1.0,-100.0,8.333333333333332,MARGIN CALL ($0)
15,74,0.0,12,1,11,1.0,-100.0,8.333333333333332,MARGIN CALL ($0)
15,73,0.0,12,1,11,1.0,-100.0,8.333333333333332,MARGIN CALL ($0)
15,72,0.0,12,1,11,1.0,-100.0,8.333333333333332,MARGIN CALL ($0)
15,71,0.0,11,1,10,1.0,-100.0,9.090909090909092,MARGIN CALL ($0)
15,70,0.0,12,1,11,1.0,-100.0,8.333333333333332,MARGIN CALL ($0)
15,69,0.0,11,1,10,1.0,-100.0,9.090909090909092,MARGIN CALL ($0)
15,68,0.0,11,1,10,1.0,-100.0,9.090909090909092,MARGIN CALL ($0)
15,67,0.0,12,1,11,1.0,-100.0,8.333333333333332,MARGIN CALL ($0)
15,66,0.0,11,1,10,1.0,-100.0,9.090909090909092,MARGIN CALL ($0)
15,65,0.0,22,3,19,1.0,-100.0,13.636363636363635,MARGIN CALL ($0)
15,64,0.0,24,3,21,1.0,-100.0,12.5,MARGIN CALL ($0)
15,63,0.0,23,3,20,1.0,-100.0,13.043478260869565,MARGIN CALL ($0)
15,62,0.0,23,3,20,1.0,-100.0,13.043478260869565,MARGIN CALL ($0)
15,61,0.0,23,3,20,1.0,-100.0,13.043478260869565,MARGIN CALL ($0)
15,92,0.0,11,1,10,1.0,-100.0,9.090909090909092,MARGIN CALL ($0)
15,91,0.0,11,1,10,1.0,-100.0,9.090909090909092,MARGIN CALL ($0)
15,90,0.0,11,1,10,1.0,-100.0,9.090909090909092,MARGIN CALL ($0)
15,89,0.0,11,1,10,1.0,-100.0,9.090909090909092,MARGIN CALL ($0)
15,88,0.0,11,1,10,1.0,-100.0,9.090909090909092,MARGIN CALL ($0)
15,87,0.0,11,1,10,1.0,-100.0,9.090909090909092,MARGIN CALL ($0)
15,86,0.0,11,1,10,1.0,-100.0,9.090909090909092,MARGIN CALL ($0)
15,85,0.0,11,1,10,1.0,-100.0,9.090909090909092,MARGIN CALL ($0)
15,84,0.0,11,1,10,1.0,-100.0,9.090909090909092,MARGIN CALL ($0)
15,83,0.0,11,1,10,1.0,-100.0,9.090909090909092,MARGIN CALL ($0)
15,82,0.0,11,1,10,1.0,-100.0,9.090909090909092,MARGIN CALL ($0)
15,81,0.0,13,1,12,1.0,-100.0,7.6923076923076925,MARGIN CALL ($0)
15,80,0.0,13,1,12,1.0,-100.0,7.6923076923076925,MARGIN CALL ($0)
15,79,0.0,12,1,11,1.0,-100.0,8.333333333333332,MARGIN CALL ($0)
15,78,0.0,12,1,11,1.0,-100.0,8.333333333333332,MARGIN CALL ($0)
15,77,0.0,12,1,11,1.0,-100.0,8.333333333333332,MARGIN CALL ($0)
16,9,0.0,23,3,20,1.0,-100.0,13.043478260869565,MARGIN CALL ($0)
16,8,0.0,18,1,17,1.0,-100.0,5.555555555555555,MARGIN CALL ($0)
16,7,0.0,20,1,19,1.0,-100.0,5.0,MARGIN CALL ($0)
16,6,0.0,19,1,18,1.0,-100.0,5.263157894736842,MARGIN CALL ($0)
16,5,0.0,14,0,14,1.0,-100.0,0.0,MARGIN CALL ($0)
16,4,0.0,38,8,30,1.0,-100.0,21.052631578947366,MARGIN CALL ($0)
16,3,0.0,2307,539,1768,1.0,-100.0,23.363675769397485,MARGIN CALL ($0)
16,1,0.0,1087,212,875,1.0,-100.0,19.50321987120515,MARGIN CALL ($0)
15,100,0.0,12,1,11,1.0,-100.0,8.333333333333332,MARGIN CALL ($0)
15,99,0.0,12,1,11,1.0,-100.0,8.333333333333332,MARGIN CALL ($0)
15,98,0.0,12,1,11,1.0,-100.0,8.333333333333332,MARGIN CALL ($0)
15,97,0.0,12,1,11,1.0,-100.0,8.333333333333332,MARGIN CALL ($0)
15,96,0.0,12,1,11,1.0,-100.0,8.333333333333332,MARGIN CALL ($0)
15,95,0.0,12,1,11,1.0,-100.0,8.333333333333332,MARGIN CALL ($0)
15,94,0.0,11,1,10,1.0,-100.0,9.090909090909092,MARGIN CALL ($0)
15,93,0.0,11,1,10,1.0,-100.0,9.090909090909092,MARGIN CALL ($0)
16,25,0.0,22,4,18,1.0,-100.0,18.181818181818183,MARGIN CALL ($0)
16,24,0.0,24,4,20,1.0,-100.0,16.666666666666664,MARGIN CALL ($0)
16,23,0.0,25,4,21,1.0,-100.0,16.0,MARGIN CALL ($0)
16,22,0.0,24,4,20,1.0,-100.0,16.666666666666664,MARGIN CALL ($0)
16,21,0.0,27,4,23,1.0,-100.0,14.814814814814813,MARGIN CALL ($0)
16,20,0.0,27,4,23,1.0,-100.0,14.814814814814813,MARGIN CALL ($0)
16,19,0.0,26,4,22,1.0,-100.0,15.384615384615385,MARGIN CALL ($0)
16,18,0.0,13,1,12,1.0,-100.0,7.6923076923076925,MARGIN CALL ($0)
16,17,0.0,15,1,14,1.0,-100.0,6.666666666666667,MARGIN CALL ($0)
16,16,0.0,13,1,12,1.0,-100.0,7.6923076923076925,MARGIN CALL ($0)
16,15,0.0,31,5,26,1.0,-100.0,16.129032258064516,MARGIN CALL ($0)
16,14,0.0,35,5,30,1.0,-100.0,14.285714285714285,MARGIN CALL ($0)
16,13,0.0,46,8,38,1.0,-100.0,17.391304347826086,MARGIN CALL ($0)
16,12,0.0,23,3,20,1.0,-100.0,13.043478260869565,MARGIN CALL ($0)
16,11,0.0,20,3,17,1.0,-100.0,15.0,MARGIN CALL ($0)
16,10,0.0,23,3,20,1.0,-100.0,13.043478260869565,MARGIN CALL ($0)
16,41,0.0,12,1,11,1.0,-100.0,8.333333333333332,MARGIN CALL ($0)
16,40,0.0,14,1,13,1.0,-100.0,7.142857142857142,MARGIN CALL ($0)
16,39,0.0,13,1,12,1.0,-100.0,7.6923076923076925,MARGIN CALL ($0)
16,38,0.0,28,4,24,1.0,-100.0,14.285714285714285,MARGIN CALL ($0)
16,37,0.0,27,4,23,1.0,-100.0,14.814814814814813,MARGIN CALL ($0)
16,36,0.0,25,4,21,1.0,-100.0,16.0,MARGIN CALL ($0)
16,35,0.0,24,4,20,1.0,-100.0,16.666666666666664,MARGIN CALL ($0)
16,34,0.0,24,4,20,1.0,-100.0,16.666666666666664,MARGIN CALL ($0)
16,33,0.0,24,3,21,1.0,-100.0,12.5,MARGIN CALL ($0)
16,32,0.0,24,3,21,1.0,-100.0,12.5,MARGIN CALL ($0)
16,31,0.0,24,3,21,1.0,-100.0,12.5,MARGIN CALL ($0)
16,30,0.0,24,3,21,1.0,-100.0,12.5,MARGIN CALL ($0)
16,29,0.0,27,4,23,1.0,-100.0,14.814814814814813,MARGIN CALL ($0)
16,28,0.0,26,4,22,1.0,-100.0,15.384615384615385,MARGIN CALL ($0)
16,27,0.0,23,4,19,1.0,-100.0,17.391304347826086,MARGIN CALL ($0)
16,26,0.0,22,4,18,1.0,-100.0,18.181818181818183,MARGIN CALL ($0)
16,57,0.0,23,3,20,1.0,-100.0,13.043478260869565,MARGIN CALL ($0)
16,56,0.0,24,3,21,1.0,-100.0,12.5,MARGIN CALL ($0)
16,55,0.0,24,3,21,1.0,-100.0,12.5,MARGIN CALL ($0)
16,54,0.0,10,1,9,1.0,-100.0,10.0,MARGIN CALL ($0)
16,53,0.0,13,1,12,1.0,-100.0,7.6923076923076925,MARGIN CALL ($0)
16,52,0.0,13,1,12,1.0,-100.0,7.6923076923076925,MARGIN CALL ($0)
16,51,0.0,10,1,9,1.0,-100.0,10.0,MARGIN CALL ($0)
16,50,0.0,8,0,8,1.0,-100.0,0.0,MARGIN CALL ($0)
16,49,0.0,8,0,8,1.0,-100.0,0.0,MARGIN CALL ($0)
16,48,0.0,9,0,9,1.0,-100.0,0.0,MARGIN CALL ($0)
16,47,0.0,6,0,6,1.0,-100.0,0.0,MARGIN CALL ($0)
16,46,0.0,6,0,6,1.0,-100.0,0.0,MARGIN CALL ($0)
16,45,0.0,6,0,6,1.0,-100.0,0.0,MARGIN CALL ($0)
16,44,0.0,7,0,7,1.0,-100.0,0.0,MARGIN CALL ($0)
16,43,0.0,7,0,7,1.0,-100.0,0.0,MARGIN CALL ($0)
16,42,0.0,13,1,12,1.0,-100.0,7.6923076923076925,MARGIN CALL ($0)
16,73,0.0,13,1,12,1.0,-100.0,7.6923076923076925,MARGIN CALL ($0)
16,72,0.0,13,1,12,1.0,-100.0,7.6923076923076925,MARGIN CALL ($0)
16,71,0.0,12,1,11,1.0,-100.0,8.333333333333332,MARGIN CALL ($0)
16,70,0.0,13,1,12,1.0,-100.0,7.6923076923076925,MARGIN CALL ($0)
16,69,0.0,12,1,11,1.0,-100.0,8.333333333333332,MARGIN CALL ($0)
16,68,0.0,12,1,11,1.0,-100.0,8.333333333333332,MARGIN CALL ($0)
16,67,0.0,12,1,11,1.0,-100.0,8.333333333333332,MARGIN CALL ($0)
16,66,0.0,11,1,10,1.0,-100.0,9.090909090909092,MARGIN CALL ($0)
16,65,0.0,23,3,20,1.0,-100.0,13.043478260869565,MARGIN CALL ($0)
16,64,0.0,23,3,20,1.0,-100.0,13.043478260869565,MARGIN CALL ($0)
16,63,0.0,24,3,21,1.0,-100.0,12.5,MARGIN CALL ($0)
16,62,0.0,24,3,21,1.0,-100.0,12.5,MARGIN CALL ($0)
16,61,0.0,24,3,21,1.0,-100.0,12.5,MARGIN CALL ($0)
16,60,0.0,24,3,21,1.0,-100.0,12.5,MARGIN CALL ($0)
16,59,0.0,24,3,21,1.0,-100.0,12.5,MARGIN CALL ($0)
16,58,0.0,24,3,21,1.0,-100.0,12.5,MARGIN CALL ($0)
16,89,0.0,11,1,10,1.0,-100.0,9.090909090909092,MARGIN CALL ($0)
16,88,0.0,12,1,11,1.0,-100.0,8.333333333333332,MARGIN CALL ($0)
16,87,0.0,12,1,11,1.0,-100.0,8.333333333333332,MARGIN CALL ($0)
16,86,0.0,12,1,11,1.0,-100.0,8.333333333333332,MARGIN CALL ($0)
16,85,0.0,12,1,11,1.0,-100.0,8.333333333333332,MARGIN CALL ($0)
16,84,0.0,12,1,11,1.0,-100.0,8.333333333333332,MARGIN CALL ($0)
16,83,0.0,12,1,11,1.0,-100.0,8.333333333333332,MARGIN CALL ($0)
16,82,0.0,12,1,11,1.0,-100.0,8.333333333333332,MARGIN CALL ($0)
16,81,0.0,12,1,11,1.0,-100.0,8.333333333333332,MARGIN CALL ($0)
16,80,0.0,12,1,11,1.0,-100.0,8.333333333333332,MARGIN CALL ($0)
16,79,0.0,13,1,12,1.0,-100.0,7.6923076923076925,MARGIN CALL ($0)
16,78,0.0,13,1,12,1.0,-100.0,7.6923076923076925,MARGIN CALL ($0)
16,77,0.0,13,1,12,1.0,-100.0,7.6923076923076925,MARGIN CALL ($0)
16,76,0.0,13,1,12,1.0,-100.0,7.6923076923076925,MARGIN CALL ($0)
16,75,0.0,13,1,12,1.0,-100.0,7.6923076923076925,MARGIN CALL ($0)
16,74,0.0,13,1,12,1.0,-100.0,7.6923076923076925,MARGIN CALL ($0)
17,6,0.0,19,1,18,1.0,-100.0,5.263157894736842,MARGIN CALL ($0)
17,5,0.0,14,0,14,1.0,-100.0,0.0,MARGIN CALL ($0)
17,4,0.0,39,8,31,1.0,-100.0,20.51282051282051,MARGIN CALL ($0)
17,3,0.0,2308,539,1769,1.0,-100.0,23.353552859618716,MARGIN CALL ($0)
17,1,0.0,1352,266,1086,1.0,-100.0,19.674556213017752,MARGIN CALL ($0)
16,100,0.0,12,1,11,1.0,-100.0,8.333333333333332,MARGIN CALL ($0)
16,99,0.0,12,1,11,1.0,-100.0,8.333333333333332,MARGIN CALL ($0)
16,98,0.0,12,1,11,1.0,-100.0,8.333333333333332,MARGIN CALL ($0)
16,97,0.0,12,1,11,1.0,-100.0,8.333333333333332,MARGIN CALL ($0)
16,96,0.0,12,1,11,1.0,-100.0,8.333333333333332,MARGIN CALL ($0)
16,95,0.0,12,1,11,1.0,-100.0,8.333333333333332,MARGIN CALL ($0)
16,94,0.0,12,1,11,1.0,-100.0,8.333333333333332,MARGIN CALL ($0)
16,93,0.0,12,1,11,1.0,-100.0,8.333333333333332,MARGIN CALL ($0)
16,92,0.0,12,1,11,1.0,-100.0,8.333333333333332,MARGIN CALL ($0)
16,91,0.0,12,1,11,1.0,-100.0,8.333333333333332,MARGIN CALL ($0)
16,90,0.0,11,1,10,1.0,-100.0,9.090909090909092,MARGIN CALL ($0)
17,25,0.0,21,3,18,1.0,-100.0,14.285714285714285,MARGIN CALL ($0)
17,24,0.0,21,3,18,1.0,-100.0,14.285714285714285,MARGIN CALL ($0)
17,23,0.0,22,3,19,1.0,-100.0,13.636363636363635,MARGIN CALL ($0)
17,20,0.0,733,129,604,1.0,-100.0,17.598908594815825,MARGIN CALL ($0)
17,18,0.0,5,0,5,1.0,-100.0,0.0,MARGIN CALL ($0)
17,17,0.0,9,0,9,1.0,-100.0,0.0,MARGIN CALL ($0)
17,16,0.0,15,1,14,1.0,-100.0,6.666666666666667,MARGIN CALL ($0)
17,15,0.0,32,5,27,1.0,-100.0,15.625,MARGIN CALL ($0)
17,14,0.0,44,7,37,1.0,-100.0,15.909090909090908,MARGIN CALL ($0)
17,13,0.0,47,8,39,1.0,-100.0,17.02127659574468,MARGIN CALL ($0)
17,12,0.0,24,3,21,1.0,-100.0,12.5,MARGIN CALL ($0)
17,11,0.0,21,3,18,1.0,-100.0,14.285714285714285,MARGIN CALL ($0)
17,10,0.0,24,3,21,1.0,-100.0,12.5,MARGIN CALL ($0)
17,9,0.0,24,3,21,1.0,-100.0,12.5,MARGIN CALL ($0)
17,8,0.0,20,1,19,1.0,-100.0,5.0,MARGIN CALL ($0)
17,7,0.0,20,1,19,1.0,-100.0,5.0,MARGIN CALL ($0)
17,41,0.0,7,0,7,1.0,-100.0,0.0,MARGIN CALL ($0)
17,40,0.0,9,0,9,1.0,-100.0,0.0,MARGIN CALL ($0)
17,39,0.0,8,0,8,1.0,-100.0,0.0,MARGIN CALL ($0)
17,38,0.0,21,3,18,1.0,-100.0,14.285714285714285,MARGIN CALL ($0)
17,37,0.0,21,3,18,1.0,-100.0,14.285714285714285,MARGIN CALL ($0)
17,36,0.0,19,3,16,1.0,-100.0,15.789473684210526,MARGIN CALL ($0)
17,35,0.0,20,3,17,1.0,-100.0,15.0,MARGIN CALL ($0)
17,34,0.0,20,3,17,1.0,-100.0,15.0,MARGIN CALL ($0)
17,33,0.0,19,2,17,1.0,-100.0,10.526315789473683,MARGIN CALL ($0)
17,32,0.0,20,2,18,1.0,-100.0,10.0,MARGIN CALL ($0)
17,31,0.0,20,2,18,1.0,-100.0,10.0,MARGIN CALL ($0)
17,30,0.0,19,2,17,1.0,-100.0,10.526315789473683,MARGIN CALL ($0)
17,29,0.0,26,5,21,1.0,-100.0,19.230769230769234,MARGIN CALL ($0)
17,28,0.0,22,3,19,1.0,-100.0,13.636363636363635,MARGIN CALL ($0)
17,27,0.0,870,152,718,1.0,-100.0,17.47126436781609,MARGIN CALL ($0)
17,26,0.0,21,3,18,1.0,-100.0,14.285714285714285,MARGIN CALL ($0)
17,57,0.0,9,0,9,1.0,-100.0,0.0,MARGIN CALL ($0)
17,56,0.0,9,0,9,1.0,-100.0,0.0,MARGIN CALL ($0)
17,55,0.0,9,0,9,1.0,-100.0,0.0,MARGIN CALL ($0)
17,54,0.0,10,0,10,1.0,-100.0,0.0,MARGIN CALL ($0)
17,53,0.0,10,0,10,1.0,-100.0,0.0,MARGIN CALL ($0)
17,52,0.0,10,0,10,1.0,-100.0,0.0,MARGIN CALL ($0)
17,51,0.0,10,0,10,1.0,-100.0,0.0,MARGIN CALL ($0)
17,50,0.0,10,0,10,1.0,-100.0,0.0,MARGIN CALL ($0)
17,49,0.0,10,0,10,1.0,-100.0,0.0,MARGIN CALL ($0)
17,48,0.0,9,0,9,1.0,-100.0,0.0,MARGIN CALL ($0)
17,47,0.0,9,0,9,1.0,-100.0,0.0,MARGIN CALL ($0)
17,46,0.0,8,0,8,1.0,-100.0,0.0,MARGIN CALL ($0)
17,45,0.0,8,0,8,1.0,-100.0,0.0,MARGIN CALL ($0)
17,44,0.0,7,0,7,1.0,-100.0,0.0,MARGIN CALL ($0)
17,43,0.0,7,0,7,1.0,-100.0,0.0,MARGIN CALL ($0)
17,42,0.0,9,0,9,1.0,-100.0,0.0,MARGIN CALL ($0)
17,73,0.0,9,0,9,1.0,-100.0,0.0,MARGIN CALL ($0)
17,72,0.0,9,0,9,1.0,-100.0,0.0,MARGIN CALL ($0)
17,71,0.0,8,0,8,1.0,-100.0,0.0,MARGIN CALL ($0)
17,70,0.0,9,0,9,1.0,-100.0,0.0,MARGIN CALL ($0)
17,69,0.0,8,0,8,1.0,-100.0,0.0,MARGIN CALL ($0)
17,68,0.0,8,0,8,1.0,-100.0,0.0,MARGIN CALL ($0)
17,67,0.0,8,0,8,1.0,-100.0,0.0,MARGIN CALL ($0)
17,66,0.0,7,0,7,1.0,-100.0,0.0,MARGIN CALL ($0)
17,65,0.0,6,0,6,1.0,-100.0,0.0,MARGIN CALL ($0)
17,64,0.0,6,0,6,1.0,-100.0,0.0,MARGIN CALL ($0)
17,63,0.0,6,0,6,1.0,-100.0,0.0,MARGIN CALL ($0)
17,62,0.0,6,0,6,1.0,-100.0,0.0,MARGIN CALL ($0)
17,61,0.0,6,0,6,1.0,-100.0,0.0,MARGIN CALL ($0)
17,60,0.0,6,0,6,1.0,-100.0,0.0,MARGIN CALL ($0)
17,59,0.0,6,0,6,1.0,-100.0,0.0,MARGIN CALL ($0)
17,58,0.0,6,0,6,1.0,-100.0,0.0,MARGIN CALL ($0)
17,89,0.0,7,0,7,1.0,-100.0,0.0,MARGIN CALL ($0)
17,88,0.0,7,0,7,1.0,-100.0,0.0,MARGIN CALL ($0)
17,87,0.0,7,0,7,1.0,-100.0,0.0,MARGIN CALL ($0)
17,86,0.0,7,0,7,1.0,-100.0,0.0,MARGIN CALL ($0)
17,85,0.0,7,0,7,1.0,-100.0,0.0,MARGIN CALL ($0)
17,84,0.0,7,0,7,1.0,-100.0,0.0,MARGIN CALL ($0)
17,83,0.0,7,0,7,1.0,-100.0,0.0,MARGIN CALL ($0)
17,82,0.0,7,0,7,1.0,-100.0,0.0,MARGIN CALL ($0)
17,81,0.0,8,0,8,1.0,-100.0,0.0,MARGIN CALL ($0)
17,80,0.0,9,0,9,1.0,-100.0,0.0,MARGIN CALL ($0)
17,79,0.0,9,0,9,1.0,-100.0,0.0,MARGIN CALL ($0)
17,78,0.0,9,0,9,1.0,-100.0,0.0,MARGIN CALL ($0)
17,77,0.0,9,0,9,1.0,-100.0,0.0,MARGIN CALL ($0)
17,76,0.0,9,0,9,1.0,-100.0,0.0,MARGIN CALL ($0)
17,75,0.0,9,0,9,1.0,-100.0,0.0,MARGIN CALL ($0)
17,74,0.0,9,0,9,1.0,-100.0,0.0,MARGIN CALL ($0)
18,6,0.0,19,1,18,1.0,-100.0,5.263157894736842,MARGIN CALL ($0)
18,5,0.0,14,0,14,1.0,-100.0,0.0,MARGIN CALL ($0)
18,4,0.0,39,8,31,1.0,-100.0,20.51282051282051,MARGIN CALL ($0)
18,3,0.0,27,5,22,1.0,-100.0,18.51851851851852,MARGIN CALL ($0)
18,1,0.0,100,16,84,1.0,-100.0,16.0,MARGIN CALL ($0)
17,100,0.0,8,0,8,1.0,-100.0,0.0,MARGIN CALL ($0)
17,99,0.0,8,0,8,1.0,-100.0,0.0,MARGIN CALL ($0)
17,98,0.0,8,0,8,1.0,-100.0,0.0,MARGIN CALL ($0)
17,97,0.0,8,0,8,1.0,-100.0,0.0,MARGIN CALL ($0)
17,96,0.0,8,0,8,1.0,-100.0,0.0,MARGIN CALL ($0)
17,95,0.0,8,0,8,1.0,-100.0,0.0,MARGIN CALL ($0)
17,94,0.0,7,0,7,1.0,-100.0,0.0,MARGIN CALL ($0)
17,93,0.0,7,0,7,1.0,-100.0,0.0,MARGIN CALL ($0)
17,92,0.0,7,0,7,1.0,-100.0,0.0,MARGIN CALL ($0)
17,91,0.0,7,0,7,1.0,-100.0,0.0,MARGIN CALL ($0)
17,90,0.0,7,0,7,1.0,-100.0,0.0,MARGIN CALL ($0)
18,22,0.0,603,117,486,1.0,-100.0,19.402985074626866,MARGIN CALL ($0)
18,21,0.0,565,100,465,1.0,-100.0,17.699115044247787,MARGIN CALL ($0)
18,20,0.0,540,95,445,1.0,-100.0,17.59259259259259,MARGIN CALL ($0)
18,19,0.0,621,105,516,1.0,-100.0,16.908212560386474,MARGIN CALL ($0)
18,18,0.0,5,0,5,1.0,-100.0,0.0,MARGIN CALL ($0)
18,17,0.0,10,0,10,1.0,-100.0,0.0,MARGIN CALL ($0)
18,16,0.0,15,1,14,1.0,-100.0,6.666666666666667,MARGIN CALL ($0)
18,15,0.0,33,5,28,1.0,-100.0,15.151515151515152,MARGIN CALL ($0)
18,14,0.0,37,5,32,1.0,-100.0,13.513513513513514,MARGIN CALL ($0)
18,13,0.0,48,8,40,1.0,-100.0,16.666666666666664,MARGIN CALL ($0)
18,12,0.0,23,3,20,1.0,-100.0,13.043478260869565,MARGIN CALL ($0)
18,11,0.0,22,3,19,1.0,-100.0,13.636363636363635,MARGIN CALL ($0)
18,10,0.0,25,3,22,1.0,-100.0,12.0,MARGIN CALL ($0)
18,9,0.0,25,3,22,1.0,-100.0,12.0,MARGIN CALL ($0)
18,8,0.0,19,1,18,1.0,-100.0,5.263157894736842,MARGIN CALL ($0)
18,7,0.0,20,1,19,1.0,-100.0,5.0,MARGIN CALL ($0)
18,38,0.0,19,3,16,1.0,-100.0,15.789473684210526,MARGIN CALL ($0)
18,37,0.0,19,3,16,1.0,-100.0,15.789473684210526,MARGIN CALL ($0)
18,36,0.0,18,3,15,1.0,-100.0,16.666666666666664,MARGIN CALL ($0)
18,35,0.0,18,3,15,1.0,-100.0,16.666666666666664,MARGIN CALL ($0)
18,34,0.0,18,3,15,1.0,-100.0,16.666666666666664,MARGIN CALL ($0)
18,33,0.0,16,2,14,1.0,-100.0,12.5,MARGIN CALL ($0)
18,32,0.0,17,2,15,1.0,-100.0,11.76470588235294,MARGIN CALL ($0)
18,31,0.0,17,2,15,1.0,-100.0,11.76470588235294,MARGIN CALL ($0)
18,30,0.0,19,2,17,1.0,-100.0,10.526315789473683,MARGIN CALL ($0)
18,29,0.0,27,5,22,1.0,-100.0,18.51851851851852,MARGIN CALL ($0)
18,28,0.0,22,3,19,1.0,-100.0,13.636363636363635,MARGIN CALL ($0)
18,27,0.0,265,49,216,1.0,-100.0,18.49056603773585,MARGIN CALL ($0)
18,26,0.0,21,3,18,1.0,-100.0,14.285714285714285,MARGIN CALL ($0)
18,25,0.0,21,3,18,1.0,-100.0,14.285714285714285,MARGIN CALL ($0)
18,24,0.0,23,3,20,1.0,-100.0,13.043478260869565,MARGIN CALL ($0)
18,23,0.0,24,3,21,1.0,-100.0,12.5,MARGIN CALL ($0)
18,54,0.0,10,0,10,1.0,-100.0,0.0,MARGIN CALL ($0)
18,53,0.0,10,0,10,1.0,-100.0,0.0,MARGIN CALL ($0)
18,52,0.0,10,0,10,1.0,-100.0,0.0,MARGIN CALL ($0)
18,51,0.0,10,0,10,1.0,-100.0,0.0,MARGIN CALL ($0)
18,50,0.0,10,0,10,1.0,-100.0,0.0,MARGIN CALL ($0)
18,49,0.0,10,0,10,1.0,-100.0,0.0,MARGIN CALL ($0)
18,48,0.0,9,0,9,1.0,-100.0,0.0,MARGIN CALL ($0)
18,47,0.0,9,0,9,1.0,-100.0,0.0,MARGIN CALL ($0)
18,46,0.0,8,0,8,1.0,-100.0,0.0,MARGIN CALL ($0)
18,45,0.0,8,0,8,1.0,-100.0,0.0,MARGIN CALL ($0)
18,44,0.0,7,0,7,1.0,-100.0,0.0,MARGIN CALL ($0)
18,43,0.0,7,0,7,1.0,-100.0,0.0,MARGIN CALL ($0)
18,42,0.0,9,0,9,1.0,-100.0,0.0,MARGIN CALL ($0)
18,41,0.0,7,0,7,1.0,-100.0,0.0,MARGIN CALL ($0)
18,40,0.0,9,0,9,1.0,-100.0,0.0,MARGIN CALL ($0)
18,39,0.0,8,0,8,1.0,-100.0,0.0,MARGIN CALL ($0)
18,70,0.0,9,0,9,1.0,-100.0,0.0,MARGIN CALL ($0)
18,69,0.0,8,0,8,1.0,-100.0,0.0,MARGIN CALL ($0)
18,68,0.0,8,0,8,1.0,-100.0,0.0,MARGIN CALL ($0)
18,67,0.0,8,0,8,1.0,-100.0,0.0,MARGIN CALL ($0)
18,66,0.0,7,0,7,1.0,-100.0,0.0,MARGIN CALL ($0)
18,65,0.0,6,0,6,1.0,-100.0,0.0,MARGIN CALL ($0)
18,64,0.0,6,0,6,1.0,-100.0,0.0,MARGIN CALL ($0)
18,63,0.0,6,0,6,1.0,-100.0,0.0,MARGIN CALL ($0)
18,62,0.0,6,0,6,1.0,-100.0,0.0,MARGIN CALL ($0)
18,61,0.0,6,0,6,1.0,-100.0,0.0,MARGIN CALL ($0)
18,60,0.0,6,0,6,1.0,-100.0,0.0,MARGIN CALL ($0)
18,59,0.0,6,0,6,1.0,-100.0,0.0,MARGIN CALL ($0)
18,58,0.0,6,0,6,1.0,-100.0,0.0,MARGIN CALL ($0)
18,57,0.0,9,0,9,1.0,-100.0,0.0,MARGIN CALL ($0)
18,56,0.0,9,0,9,1.0,-100.0,0.0,MARGIN CALL ($0)
18,55,0.0,9,0,9,1.0,-100.0,0.0,MARGIN CALL ($0)
18,86,0.0,8,0,8,1.0,-100.0,0.0,MARGIN CALL ($0)
18,85,0.0,8,0,8,1.0,-100.0,0.0,MARGIN CALL ($0)
18,84,0.0,8,0,8,1.0,-100.0,0.0,MARGIN CALL ($0)
18,83,0.0,8,0,8,1.0,-100.0,0.0,MARGIN CALL ($0)
18,82,0.0,8,0,8,1.0,-100.0,0.0,MARGIN CALL ($0)
18,81,0.0,9,0,9,1.0,-100.0,0.0,MARGIN CALL ($0)
18,80,0.0,9,0,9,1.0,-100.0,0.0,MARGIN CALL ($0)
18,79,0.0,9,0,9,1.0,-100.0,0.0,MARGIN CALL ($0)
18,78,0.0,9,0,9,1.0,-100.0,0.0,MARGIN CALL ($0)
18,77,0.0,10,0,10,1.0,-100.0,0.0,MARGIN CALL ($0)
18,76,0.0,10,0,10,1.0,-100.0,0.0,MARGIN CALL ($0)
18,75,0.0,10,0,10,1.0,-100.0,0.0,MARGIN CALL ($0)
18,74,0.0,10,0,10,1.0,-100.0,0.0,MARGIN CALL ($0)
18,73,0.0,10,0,10,1.0,-100.0,0.0,MARGIN CALL ($0)
18,72,0.0,10,0,10,1.0,-100.0,0.0,MARGIN CALL ($0)
18,71,0.0,9,0,9,1.0,-100.0,0.0,MARGIN CALL ($0)
19,3,0.0,2376,555,1821,1.0,-100.0,23.358585858585858,MARGIN CALL ($0)
19,1,0.0,106,16,90,1.0,-100.0,15.09433962264151,MARGIN CALL ($0)
18,100,0.0,9,0,9,1.0,-100.0,0.0,MARGIN CALL ($0)
18,99,0.0,9,0,9,1.0,-100.0,0.0,MARGIN CALL ($0)
18,98,0.0,9,0,9,1.0,-100.0,0.0,MARGIN CALL ($0)
18,97,0.0,9,0,9,1.0,-100.0,0.0,MARGIN CALL ($0)
18,96,0.0,9,0,9,1.0,-100.0,0.0,MARGIN CALL ($0)
18,95,0.0,9,0,9,1.0,-100.0,0.0,MARGIN CALL ($0)
18,94,0.0,8,0,8,1.0,-100.0,0.0,MARGIN CALL ($0)
18,93,0.0,8,0,8,1.0,-100.0,0.0,MARGIN CALL ($0)
18,92,0.0,8,0,8,1.0,-100.0,0.0,MARGIN CALL ($0)
18,91,0.0,8,0,8,1.0,-100.0,0.0,MARGIN CALL ($0)
18,90,0.0,8,0,8,1.0,-100.0,0.0,MARGIN CALL ($0)
18,89,0.0,8,0,8,1.0,-100.0,0.0,MARGIN CALL ($0)
18,88,0.0,8,0,8,1.0,-100.0,0.0,MARGIN CALL ($0)
18,87,0.0,8,0,8,1.0,-100.0,0.0,MARGIN CALL ($0)
19,21,0.0,550,99,451,1.0,-100.0,18.0,MARGIN CALL ($0)
19,20,0.0,523,94,429,1.0,-100.0,17.97323135755258,MARGIN CALL ($0)
19,18,0.0,656,110,546,1.0,-100.0,16.76829268292683,MARGIN CALL ($0)
19,16,0.0,31,5,26,1.0,-100.0,16.129032258064516,MARGIN CALL ($0)
19,15,0.0,34,6,28,1.0,-100.0,17.647058823529413,MARGIN CALL ($0)
19,14,0.0,46,8,38,1.0,-100.0,17.391304347826086,MARGIN CALL ($0)
19,13,0.0,52,8,44,1.0,-100.0,15.384615384615385,MARGIN CALL ($0)
19,12,0.0,23,3,20,1.0,-100.0,13.043478260869565,MARGIN CALL ($0)
19,11,0.0,22,3,19,1.0,-100.0,13.636363636363635,MARGIN CALL ($0)
19,10,0.0,25,3,22,1.0,-100.0,12.0,MARGIN CALL ($0)
19,9,0.0,25,3,22,1.0,-100.0,12.0,MARGIN CALL ($0)
19,8,0.0,19,1,18,1.0,-100.0,5.263157894736842,MARGIN CALL ($0)
19,7,0.0,20,1,19,1.0,-100.0,5.0,MARGIN CALL ($0)
19,6,0.0,18,1,17,1.0,-100.0,5.555555555555555,MARGIN CALL ($0)
19,5,0.0,14,0,14,1.0,-100.0,0.0,MARGIN CALL ($0)
19,4,0.0,39,8,31,1.0,-100.0,20.51282051282051,MARGIN CALL ($0)
19,37,0.0,20,3,17,1.0,-100.0,15.0,MARGIN CALL ($0)
19,36,0.0,17,3,14,1.0,-100.0,17.647058823529413,MARGIN CALL ($0)
19,35,0.0,18,3,15,1.0,-100.0,16.666666666666664,MARGIN CALL ($0)
19,34,0.0,18,3,15,1.0,-100.0,16.666666666666664,MARGIN CALL ($0)
19,33,0.0,16,2,14,1.0,-100.0,12.5,MARGIN CALL ($0)
19,32,0.0,17,2,15,1.0,-100.0,11.76470588235294,MARGIN CALL ($0)
19,31,0.0,17,2,15,1.0,-100.0,11.76470588235294,MARGIN CALL ($0)
19,30,0.0,19,2,17,1.0,-100.0,10.526315789473683,MARGIN CALL ($0)
19,29,0.0,27,5,22,1.0,-100.0,18.51851851851852,MARGIN CALL ($0)
19,28,0.0,22,3,19,1.0,-100.0,13.636363636363635,MARGIN CALL ($0)
19,27,0.0,450,85,365,1.0,-100.0,18.88888888888889,MARGIN CALL ($0)
19,26,0.0,21,3,18,1.0,-100.0,14.285714285714285,MARGIN CALL ($0)
19,25,0.0,21,3,18,1.0,-100.0,14.285714285714285,MARGIN CALL ($0)
19,24,0.0,23,3,20,1.0,-100.0,13.043478260869565,MARGIN CALL ($0)
19,23,0.0,23,3,20,1.0,-100.0,13.043478260869565,MARGIN CALL ($0)
19,22,0.0,615,120,495,1.0,-100.0,19.51219512195122,MARGIN CALL ($0)
19,53,0.0,11,0,11,1.0,-100.0,0.0,MARGIN CALL ($0)
19,52,0.0,11,0,11,1.0,-100.0,0.0,MARGIN CALL ($0)
19,51,0.0,11,0,11,1.0,-100.0,0.0,MARGIN CALL ($0)
19,50,0.0,10,0,10,1.0,-100.0,0.0,MARGIN CALL ($0)
19,49,0.0,10,0,10,1.0,-100.0,0.0,MARGIN CALL ($0)
19,48,0.0,10,0,10,1.0,-100.0,0.0,MARGIN CALL ($0)
19,47,0.0,11,0,11,1.0,-100.0,0.0,MARGIN CALL ($0)
19,46,0.0,19,2,17,1.0,-100.0,10.526315789473683,MARGIN CALL ($0)
19,45,0.0,19,2,17,1.0,-100.0,10.526315789473683,MARGIN CALL ($0)
19,44,0.0,18,2,16,1.0,-100.0,11.11111111111111,MARGIN CALL ($0)
19,43,0.0,18,2,16,1.0,-100.0,11.11111111111111,MARGIN CALL ($0)
19,42,0.0,20,3,17,1.0,-100.0,15.0,MARGIN CALL ($0)
19,41,0.0,19,3,16,1.0,-100.0,15.789473684210526,MARGIN CALL ($0)
19,40,0.0,22,3,19,1.0,-100.0,13.636363636363635,MARGIN CALL ($0)
19,39,0.0,19,3,16,1.0,-100.0,15.789473684210526,MARGIN CALL ($0)
19,38,0.0,19,3,16,1.0,-100.0,15.789473684210526,MARGIN CALL ($0)
19,69,0.0,19,3,16,1.0,-100.0,15.789473684210526,MARGIN CALL ($0)
19,68,0.0,16,2,14,1.0,-100.0,12.5,MARGIN CALL ($0)
19,67,0.0,16,2,14,1.0,-100.0,12.5,MARGIN CALL ($0)
19,66,0.0,15,2,13,1.0,-100.0,13.333333333333334,MARGIN CALL ($0)
19,65,0.0,15,2,13,1.0,-100.0,13.333333333333334,MARGIN CALL ($0)
19,64,0.0,15,2,13,1.0,-100.0,13.333333333333334,MARGIN CALL ($0)
19,63,0.0,15,2,13,1.0,-100.0,13.333333333333334,MARGIN CALL ($0)
19,62,0.0,15,2,13,1.0,-100.0,13.333333333333334,MARGIN CALL ($0)
19,61,0.0,15,2,13,1.0,-100.0,13.333333333333334,MARGIN CALL ($0)
19,60,0.0,15,2,13,1.0,-100.0,13.333333333333334,MARGIN CALL ($0)
19,59,0.0,15,2,13,1.0,-100.0,13.333333333333334,MARGIN CALL ($0)
19,58,0.0,15,2,13,1.0,-100.0,13.333333333333334,MARGIN CALL ($0)
19,57,0.0,16,2,14,1.0,-100.0,12.5,MARGIN CALL ($0)
19,56,0.0,16,2,14,1.0,-100.0,12.5,MARGIN CALL ($0)
19,55,0.0,16,2,14,1.0,-100.0,12.5,MARGIN CALL ($0)
19,54,0.0,11,0,11,1.0,-100.0,0.0,MARGIN CALL ($0)
19,85,0.0,20,3,17,1.0,-100.0,15.0,MARGIN CALL ($0)
19,84,0.0,20,3,17,1.0,-100.0,15.0,MARGIN CALL ($0)
19,83,0.0,20,3,17,1.0,-100.0,15.0,MARGIN CALL ($0)
19,82,0.0,20,3,17,1.0,-100.0,15.0,MARGIN CALL ($0)
19,81,0.0,10,0,10,1.0,-100.0,0.0,MARGIN CALL ($0)
19,80,0.0,10,0,10,1.0,-100.0,0.0,MARGIN CALL ($0)
19,79,0.0,10,0,10,1.0,-100.0,0.0,MARGIN CALL ($0)
19,78,0.0,10,0,10,1.0,-100.0,0.0,MARGIN CALL ($0)
19,77,0.0,10,0,10,1.0,-100.0,0.0,MARGIN CALL ($0)
19,76,0.0,11,0,11,1.0,-100.0,0.0,MARGIN CALL ($0)
19,75,0.0,11,0,11,1.0,-100.0,0.0,MARGIN CALL ($0)
19,74,0.0,11,0,11,1.0,-100.0,0.0,MARGIN CALL ($0)
19,73,0.0,11,0,11,1.0,-100.0,0.0,MARGIN CALL ($0)
19,72,0.0,11,0,11,1.0,-100.0,0.0,MARGIN CALL ($0)
19,71,0.0,20,3,17,1.0,-100.0,15.0,MARGIN CALL ($0)
19,70,0.0,22,3,19,1.0,-100.0,13.636363636363635,MARGIN CALL ($0)
20,1,0.0,105,16,89,1.0,-100.0,15.238095238095239,MARGIN CALL ($0)
19,100,0.0,23,3,20,1.0,-100.0,13.043478260869565,MARGIN CALL ($0)
19,99,0.0,23,3,20,1.0,-100.0,13.043478260869565,MARGIN CALL ($0)
19,98,0.0,22,3,19,1.0,-100.0,13.636363636363635,MARGIN CALL ($0)
19,97,0.0,22,3,19,1.0,-100.0,13.636363636363635,MARGIN CALL ($0)
19,96,0.0,21,3,18,1.0,-100.0,14.285714285714285,MARGIN CALL ($0)
19,95,0.0,20,3,17,1.0,-100.0,15.0,MARGIN CALL ($0)
19,94,0.0,19,3,16,1.0,-100.0,15.789473684210526,MARGIN CALL ($0)
19,93,0.0,20,3,17,1.0,-100.0,15.0,MARGIN CALL ($0)
19,92,0.0,20,3,17,1.0,-100.0,15.0,MARGIN CALL ($0)
19,91,0.0,20,3,17,1.0,-100.0,15.0,MARGIN CALL ($0)
19,90,0.0,20,4,16,1.0,-100.0,20.0,MARGIN CALL ($0)
19,89,0.0,19,3,16,1.0,-100.0,15.789473684210526,MARGIN CALL ($0)
19,88,0.0,18,3,15,1.0,-100.0,16.666666666666664,MARGIN CALL ($0)
19,87,0.0,19,3,16,1.0,-100.0,15.789473684210526,MARGIN CALL ($0)
19,86,0.0,19,3,16,1.0,-100.0,15.789473684210526,MARGIN CALL ($0)
20,18,0.0,469,79,390,1.0,-100.0,16.844349680170577,MARGIN CALL ($0)
20,17,0.0,647,111,536,1.0,-100.0,17.156105100463677,MARGIN CALL ($0)
20,16,0.0,30,5,25,1.0,-100.0,16.666666666666664,MARGIN CALL ($0)
20,15,0.0,35,6,29,1.0,-100.0,17.142857142857142,MARGIN CALL ($0)
20,14,0.0,45,8,37,1.0,-100.0,17.77777777777778,MARGIN CALL ($0)
20,13,0.0,49,8,41,1.0,-100.0,16.3265306122449,MARGIN CALL ($0)
20,12,0.0,24,3,21,1.0,-100.0,12.5,MARGIN CALL ($0)
20,11,0.0,21,3,18,1.0,-100.0,14.285714285714285,MARGIN CALL ($0)
20,10,0.0,24,3,21,1.0,-100.0,12.5,MARGIN CALL ($0)
20,9,0.0,23,3,20,1.0,-100.0,13.043478260869565,MARGIN CALL ($0)
20,8,0.0,23,3,20,1.0,-100.0,13.043478260869565,MARGIN CALL ($0)
20,7,0.0,20,1,19,1.0,-100.0,5.0,MARGIN CALL ($0)
20,6,0.0,18,1,17,1.0,-100.0,5.555555555555555,MARGIN CALL ($0)
20,5,0.0,14,0,14,1.0,-100.0,0.0,MARGIN CALL ($0)
20,4,0.0,38,8,30,1.0,-100.0,21.052631578947366,MARGIN CALL ($0)
20,3,0.0,2462,577,1885,1.0,-100.0,23.436230706742485,MARGIN CALL ($0)
20,34,0.0,18,3,15,1.0,-100.0,16.666666666666664,MARGIN CALL ($0)
20,33,0.0,16,2,14,1.0,-100.0,12.5,MARGIN CALL ($0)
20,32,0.0,17,2,15,1.0,-100.0,11.76470588235294,MARGIN CALL ($0)
20,31,0.0,17,2,15,1.0,-100.0,11.76470588235294,MARGIN CALL ($0)
20,30,0.0,19,2,17,1.0,-100.0,10.526315789473683,MARGIN CALL ($0)
20,29,0.0,27,5,22,1.0,-100.0,18.51851851851852,MARGIN CALL ($0)
20,28,0.0,22,3,19,1.0,-100.0,13.636363636363635,MARGIN CALL ($0)
20,27,0.0,373,67,306,1.0,-100.0,17.962466487935657,MARGIN CALL ($0)
20,26,0.0,22,3,19,1.0,-100.0,13.636363636363635,MARGIN CALL ($0)
20,25,0.0,21,3,18,1.0,-100.0,14.285714285714285,MARGIN CALL ($0)
20,24,0.0,23,3,20,1.0,-100.0,13.043478260869565,MARGIN CALL ($0)
20,23,0.0,23,3,20,1.0,-100.0,13.043478260869565,MARGIN CALL ($0)
20,22,0.0,628,121,507,1.0,-100.0,19.26751592356688,MARGIN CALL ($0)
20,21,0.0,504,88,416,1.0,-100.0,17.46031746031746,MARGIN CALL ($0)
20,20,0.0,517,92,425,1.0,-100.0,17.79497098646035,MARGIN CALL ($0)
20,19,0.0,459,81,378,1.0,-100.0,17.647058823529413,MARGIN CALL ($0)
20,50,0.0,10,0,10,1.0,-100.0,0.0,MARGIN CALL ($0)
20,49,0.0,10,0,10,1.0,-100.0,0.0,MARGIN CALL ($0)
20,48,0.0,10,0,10,1.0,-100.0,0.0,MARGIN CALL ($0)
20,47,0.0,11,0,11,1.0,-100.0,0.0,MARGIN CALL ($0)
20,46,0.0,19,2,17,1.0,-100.0,10.526315789473683,MARGIN CALL ($0)
20,45,0.0,19,2,17,1.0,-100.0,10.526315789473683,MARGIN CALL ($0)
20,44,0.0,18,2,16,1.0,-100.0,11.11111111111111,MARGIN CALL ($0)
20,43,0.0,18,2,16,1.0,-100.0,11.11111111111111,MARGIN CALL ($0)
20,42,0.0,19,3,16,1.0,-100.0,15.789473684210526,MARGIN CALL ($0)
20,41,0.0,19,3,16,1.0,-100.0,15.789473684210526,MARGIN CALL ($0)
20,40,0.0,22,3,19,1.0,-100.0,13.636363636363635,MARGIN CALL ($0)
20,39,0.0,19,3,16,1.0,-100.0,15.789473684210526,MARGIN CALL ($0)
20,38,0.0,19,3,16,1.0,-100.0,15.789473684210526,MARGIN CALL ($0)
20,37,0.0,20,3,17,1.0,-100.0,15.0,MARGIN CALL ($0)
20,36,0.0,17,3,14,1.0,-100.0,17.647058823529413,MARGIN CALL ($0)
20,35,0.0,18,3,15,1.0,-100.0,16.666666666666664,MARGIN CALL ($0)
20,66,0.0,15,2,13,1.0,-100.0,13.333333333333334,MARGIN CALL ($0)
20,65,0.0,15,2,13,1.0,-100.0,13.333333333333334,MARGIN CALL ($0)
20,64,0.0,15,2,13,1.0,-100.0,13.333333333333334,MARGIN CALL ($0)
20,63,0.0,15,2,13,1.0,-100.0,13.333333333333334,MARGIN CALL ($0)
20,62,0.0,15,2,13,1.0,-100.0,13.333333333333334,MARGIN CALL ($0)
20,61,0.0,15,2,13,1.0,-100.0,13.333333333333334,MARGIN CALL ($0)
20,60,0.0,15,2,13,1.0,-100.0,13.333333333333334,MARGIN CALL ($0)
20,59,0.0,15,2,13,1.0,-100.0,13.333333333333334,MARGIN CALL ($0)
20,58,0.0,15,2,13,1.0,-100.0,13.333333333333334,MARGIN CALL ($0)
20,57,0.0,16,2,14,1.0,-100.0,12.5,MARGIN CALL ($0)
20,56,0.0,16,2,14,1.0,-100.0,12.5,MARGIN CALL ($0)
20,55,0.0,16,2,14,1.0,-100.0,12.5,MARGIN CALL ($0)
20,54,0.0,11,0,11,1.0,-100.0,0.0,MARGIN CALL ($0)
20,53,0.0,11,0,11,1.0,-100.0,0.0,MARGIN CALL ($0)
20,52,0.0,11,0,11,1.0,-100.0,0.0,MARGIN CALL ($0)
20,51,0.0,11,0,11,1.0,-100.0,0.0,MARGIN CALL ($0)
20,82,0.0,20,3,17,1.0,-100.0,15.0,MARGIN CALL ($0)
20,81,0.0,10,0,10,1.0,-100.0,0.0,MARGIN CALL ($0)
20,80,0.0,10,0,10,1.0,-100.0,0.0,MARGIN CALL ($0)
20,79,0.0,10,0,10,1.0,-100.0,0.0,MARGIN CALL ($0)
20,78,0.0,10,0,10,1.0,-100.0,0.0,MARGIN CALL ($0)
20,77,0.0,10,0,10,1.0,-100.0,0.0,MARGIN CALL ($0)
20,76,0.0,11,0,11,1.0,-100.0,0.0,MARGIN CALL ($0)
20,75,0.0,11,0,11,1.0,-100.0,0.0,MARGIN CALL ($0)
20,74,0.0,11,0,11,1.0,-100.0,0.0,MARGIN CALL ($0)
20,73,0.0,11,0,11,1.0,-100.0,0.0,MARGIN CALL ($0)
20,72,0.0,11,0,11,1.0,-100.0,0.0,MARGIN CALL ($0)
20,71,0.0,21,3,18,1.0,-100.0,14.285714285714285,MARGIN CALL ($0)
20,70,0.0,22,3,19,1.0,-100.0,13.636363636363635,MARGIN CALL ($0)
20,69,0.0,19,3,16,1.0,-100.0,15.789473684210526,MARGIN CALL ($0)
20,68,0.0,16,2,14,1.0,-100.0,12.5,MARGIN CALL ($0)
20,67,0.0,15,2,13,1.0,-100.0,13.333333333333334,MARGIN CALL ($0)
20,98,0.0,22,3,19,1.0,-100.0,13.636363636363635,MARGIN CALL ($0)
20,97,0.0,22,3,19,1.0,-100.0,13.636363636363635,MARGIN CALL ($0)
20,96,0.0,21,3,18,1.0,-100.0,14.285714285714285,MARGIN CALL ($0)
20,95,0.0,21,3,18,1.0,-100.0,14.285714285714285,MARGIN CALL ($0)
20,94,0.0,19,3,16,1.0,-100.0,15.789473684210526,MARGIN CALL ($0)
20,93,0.0,20,3,17,1.0,-100.0,15.0,MARGIN CALL ($0)
20,92,0.0,20,3,17,1.0,-100.0,15.0,MARGIN CALL ($0)
20,91,0.0,20,3,17,1.0,-100.0,15.0,MARGIN CALL ($0)
20,90,0.0,20,4,16,1.0,-100.0,20.0,MARGIN CALL ($0)
20,89,0.0,18,3,15,1.0,-100.0,16.666666666666664,MARGIN CALL ($0)
20,88,0.0,19,3,16,1.0,-100.0,15.789473684210526,MARGIN CALL ($0)
20,87,0.0,19,3,16,1.0,-100.0,15.789473684210526,MARGIN CALL ($0)
20,86,0.0,20,3,17,1.0,-100.0,15.0,MARGIN CALL ($0)
20,85,0.0,20,3,17,1.0,-100.0,15.0,MARGIN CALL ($0)
20,84,0.0,20,3,17,1.0,-100.0,15.0,MARGIN CALL ($0)
20,83,0.0,20,3,17,1.0,-100.0,15.0,MARGIN CALL ($0)
3,7,0.0,19,3,16,1.0,-100.0,15.789473684210526,MARGIN CALL ($0)
3,6,0.0,21,3,18,1.0,-100.0,14.285714285714285,MARGIN CALL ($0)
3,5,0.0,23,3,20,1.0,-100.0,13.043478260869565,MARGIN CALL ($0)
3,4,0.0,31,8,23,1.0,-100.0,25.806451612903224,MARGIN CALL ($0)
3,3,0.0,2345,553,1792,1.0,-100.0,23.582089552238806,MARGIN CALL ($0)
3,1,0.0,26,5,21,1.0,-100.0,19.230769230769234,MARGIN CALL ($0)
2,100,0.0,23,5,18,1.0,-100.0,21.73913043478261,MARGIN CALL ($0)
2,99,0.0,24,5,19,1.0,-100.0,20.833333333333336,MARGIN CALL ($0)
2,98,0.0,24,5,19,1.0,-100.0,20.833333333333336,MARGIN CALL ($0)
2,97,0.0,24,5,19,1.0,-100.0,20.833333333333336,MARGIN CALL ($0)
2,96,0.0,50,8,42,1.0,-100.0,16.0,MARGIN CALL ($0)
2,95,0.0,50,8,42,1.0,-100.0,16.0,MARGIN CALL ($0)
2,94,0.0,50,8,42,1.0,-100.0,16.0,MARGIN CALL ($0)
2,93,0.0,51,8,43,1.0,-100.0,15.686274509803921,MARGIN CALL ($0)
20,100,0.0,23,3,20,1.0,-100.0,13.043478260869565,MARGIN CALL ($0)
20,99,0.0,23,3,20,1.0,-100.0,13.043478260869565,MARGIN CALL ($0)
21,16,0.0,30,5,25,1.0,-100.0,16.666666666666664,MARGIN CALL ($0)
21,15,0.0,34,6,28,1.0,-100.0,17.647058823529413,MARGIN CALL ($0)
21,14,0.0,681,127,554,1.0,-100.0,18.64904552129222,MARGIN CALL ($0)
21,13,0.0,1001,197,804,1.0,-100.0,19.68031968031968,MARGIN CALL ($0)
21,12,0.0,24,3,21,1.0,-100.0,12.5,MARGIN CALL ($0)
21,11,0.0,21,3,18,1.0,-100.0,14.285714285714285,MARGIN CALL ($0)
21,10,0.0,24,3,21,1.0,-100.0,12.5,MARGIN CALL ($0)
21,9,0.0,23,3,20,1.0,-100.0,13.043478260869565,MARGIN CALL ($0)
21,8,0.0,23,3,20,1.0,-100.0,13.043478260869565,MARGIN CALL ($0)
21,7,0.0,20,1,19,1.0,-100.0,5.0,MARGIN CALL ($0)
21,6,0.0,18,1,17,1.0,-100.0,5.555555555555555,MARGIN CALL ($0)
21,5,0.0,14,0,14,1.0,-100.0,0.0,MARGIN CALL ($0)
21,4,0.0,38,8,30,1.0,-100.0,21.052631578947366,MARGIN CALL ($0)
21,3,0.0,2502,583,1919,1.0,-100.0,23.301358912869706,MARGIN CALL ($0)
21,1,0.0,782,155,627,1.0,-100.0,19.82097186700767,MARGIN CALL ($0)
3,8,0.0,20,3,17,1.0,-100.0,15.0,MARGIN CALL ($0)
21,32,0.0,16,3,13,1.0,-100.0,18.75,MARGIN CALL ($0)
21,31,0.0,24,6,18,1.0,-100.0,25.0,MARGIN CALL ($0)
21,30,0.0,23,5,18,1.0,-100.0,21.73913043478261,MARGIN CALL ($0)
21,29,0.0,27,5,22,1.0,-100.0,18.51851851851852,MARGIN CALL ($0)
21,28,0.0,24,3,21,1.0,-100.0,12.5,MARGIN CALL ($0)
21,27,0.0,24,3,21,1.0,-100.0,12.5,MARGIN CALL ($0)
21,26,0.0,24,3,21,1.0,-100.0,12.5,MARGIN CALL ($0)
21,25,0.0,22,3,19,1.0,-100.0,13.636363636363635,MARGIN CALL ($0)
21,24,0.0,23,3,20,1.0,-100.0,13.043478260869565,MARGIN CALL ($0)
21,23,0.0,24,3,21,1.0,-100.0,12.5,MARGIN CALL ($0)
21,22,0.0,29,5,24,1.0,-100.0,17.24137931034483,MARGIN CALL ($0)
21,21,0.0,98,14,84,1.0,-100.0,14.285714285714285,MARGIN CALL ($0)
21,20,0.0,566,98,468,1.0,-100.0,17.314487632508836,MARGIN CALL ($0)
21,19,0.0,481,83,398,1.0,-100.0,17.255717255717258,MARGIN CALL ($0)
21,18,0.0,480,78,402,1.0,-100.0,16.25,MARGIN CALL ($0)
21,17,0.0,775,136,639,1.0,-100.0,17.548387096774192,MARGIN CALL ($0)
21,48,0.0,10,0,10,1.0,-100.0,0.0,MARGIN CALL ($0)
21,47,0.0,11,0,11,1.0,-100.0,0.0,MARGIN CALL ($0)
21,46,0.0,20,3,17,1.0,-100.0,15.0,MARGIN CALL ($0)
21,45,0.0,20,3,17,1.0,-100.0,15.0,MARGIN CALL ($0)
21,44,0.0,19,3,16,1.0,-100.0,15.789473684210526,MARGIN CALL ($0)
21,43,0.0,18,3,15,1.0,-100.0,16.666666666666664,MARGIN CALL ($0)
21,42,0.0,18,4,14,1.0,-100.0,22.22222222222222,MARGIN CALL ($0)
21,41,0.0,21,4,17,1.0,-100.0,19.047619047619047,MARGIN CALL ($0)
21,40,0.0,21,4,17,1.0,-100.0,19.047619047619047,MARGIN CALL ($0)
21,39,0.0,18,4,14,1.0,-100.0,22.22222222222222,MARGIN CALL ($0)
21,38,0.0,18,4,14,1.0,-100.0,22.22222222222222,MARGIN CALL ($0)
21,37,0.0,19,4,15,1.0,-100.0,21.052631578947366,MARGIN CALL ($0)
21,36,0.0,17,4,13,1.0,-100.0,23.52941176470588,MARGIN CALL ($0)
21,35,0.0,17,4,13,1.0,-100.0,23.52941176470588,MARGIN CALL ($0)
21,34,0.0,17,4,13,1.0,-100.0,23.52941176470588,MARGIN CALL ($0)
21,33,0.0,16,3,13,1.0,-100.0,18.75,MARGIN CALL ($0)
21,64,0.0,16,3,13,1.0,-100.0,18.75,MARGIN CALL ($0)
21,63,0.0,17,3,14,1.0,-100.0,17.647058823529413,MARGIN CALL ($0)
21,62,0.0,16,3,13,1.0,-100.0,18.75,MARGIN CALL ($0)
21,61,0.0,16,3,13,1.0,-100.0,18.75,MARGIN CALL ($0)
21,60,0.0,16,3,13,1.0,-100.0,18.75,MARGIN CALL ($0)
21,59,0.0,16,3,13,1.0,-100.0,18.75,MARGIN CALL ($0)
21,58,0.0,17,3,14,1.0,-100.0,17.647058823529413,MARGIN CALL ($0)
21,57,0.0,17,3,14,1.0,-100.0,17.647058823529413,MARGIN CALL ($0)
21,56,0.0,17,3,14,1.0,-100.0,17.647058823529413,MARGIN CALL ($0)
21,55,0.0,17,3,14,1.0,-100.0,17.647058823529413,MARGIN CALL ($0)
21,54,0.0,11,0,11,1.0,-100.0,0.0,MARGIN CALL ($0)
21,53,0.0,11,0,11,1.0,-100.0,0.0,MARGIN CALL ($0)
21,52,0.0,11,0,11,1.0,-100.0,0.0,MARGIN CALL ($0)
21,51,0.0,11,0,11,1.0,-100.0,0.0,MARGIN CALL ($0)
21,50,0.0,10,0,10,1.0,-100.0,0.0,MARGIN CALL ($0)
21,49,0.0,10,0,10,1.0,-100.0,0.0,MARGIN CALL ($0)
21,80,0.0,10,0,10,1.0,-100.0,0.0,MARGIN CALL ($0)
21,79,0.0,10,0,10,1.0,-100.0,0.0,MARGIN CALL ($0)
21,78,0.0,10,0,10,1.0,-100.0,0.0,MARGIN CALL ($0)
21,77,0.0,10,0,10,1.0,-100.0,0.0,MARGIN CALL ($0)
21,76,0.0,11,0,11,1.0,-100.0,0.0,MARGIN CALL ($0)
21,75,0.0,11,0,11,1.0,-100.0,0.0,MARGIN CALL ($0)
21,74,0.0,11,0,11,1.0,-100.0,0.0,MARGIN CALL ($0)
21,73,0.0,11,0,11,1.0,-100.0,0.0,MARGIN CALL ($0)
21,72,0.0,11,0,11,1.0,-100.0,0.0,MARGIN CALL ($0)
21,71,0.0,20,3,17,1.0,-100.0,15.0,MARGIN CALL ($0)
21,70,0.0,20,3,17,1.0,-100.0,15.0,MARGIN CALL ($0)
21,69,0.0,17,3,14,1.0,-100.0,17.647058823529413,MARGIN CALL ($0)
21,68,0.0,17,3,14,1.0,-100.0,17.647058823529413,MARGIN CALL ($0)
21,67,0.0,16,3,13,1.0,-100.0,18.75,MARGIN CALL ($0)
21,66,0.0,16,3,13,1.0,-100.0,18.75,MARGIN CALL ($0)
21,65,0.0,16,3,13,1.0,-100.0,18.75,MARGIN CALL ($0)
21,96,0.0,23,3,20,1.0,-100.0,13.043478260869565,MARGIN CALL ($0)
21,95,0.0,23,3,20,1.0,-100.0,13.043478260869565,MARGIN CALL ($0)
21,94,0.0,21,3,18,1.0,-100.0,14.285714285714285,MARGIN CALL ($0)
21,93,0.0,22,3,19,1.0,-100.0,13.636363636363635,MARGIN CALL ($0)
21,92,0.0,20,3,17,1.0,-100.0,15.0,MARGIN CALL ($0)
21,91,0.0,20,3,17,1.0,-100.0,15.0,MARGIN CALL ($0)
21,90,0.0,20,4,16,1.0,-100.0,20.0,MARGIN CALL ($0)
21,89,0.0,18,3,15,1.0,-100.0,16.666666666666664,MARGIN CALL ($0)
21,88,0.0,19,3,16,1.0,-100.0,15.789473684210526,MARGIN CALL ($0)
21,87,0.0,17,3,14,1.0,-100.0,17.647058823529413,MARGIN CALL ($0)
21,86,0.0,18,3,15,1.0,-100.0,16.666666666666664,MARGIN CALL ($0)
21,85,0.0,18,3,15,1.0,-100.0,16.666666666666664,MARGIN CALL ($0)
21,84,0.0,20,3,17,1.0,-100.0,15.0,MARGIN CALL ($0)
21,83,0.0,20,3,17,1.0,-100.0,15.0,MARGIN CALL ($0)
21,82,0.0,18,3,15,1.0,-100.0,16.666666666666664,MARGIN CALL ($0)
21,81,0.0,10,0,10,1.0,-100.0,0.0,MARGIN CALL ($0)
22,13,0.0,945,182,763,1.0,-100.0,19.25925925925926,MARGIN CALL ($0)
22,12,0.0,22,3,19,1.0,-100.0,13.636363636363635,MARGIN CALL ($0)
22,11,0.0,20,3,17,1.0,-100.0,15.0,MARGIN CALL ($0)
22,10,0.0,24,3,21,1.0,-100.0,12.5,MARGIN CALL ($0)
22,9,0.0,23,3,20,1.0,-100.0,13.043478260869565,MARGIN CALL ($0)
22,8,0.0,22,3,19,1.0,-100.0,13.636363636363635,MARGIN CALL ($0)
22,7,0.0,19,1,18,1.0,-100.0,5.263157894736842,MARGIN CALL ($0)
22,6,0.0,18,1,17,1.0,-100.0,5.555555555555555,MARGIN CALL ($0)
22,5,0.0,14,0,14,1.0,-100.0,0.0,MARGIN CALL ($0)
22,4,0.0,37,8,29,1.0,-100.0,21.62162162162162,MARGIN CALL ($0)
22,3,0.0,2357,555,1802,1.0,-100.0,23.54688162918965,MARGIN CALL ($0)
22,1,0.0,1036,204,832,1.0,-100.0,19.69111969111969,MARGIN CALL ($0)
21,100,0.0,25,3,22,1.0,-100.0,12.0,MARGIN CALL ($0)
21,99,0.0,25,3,22,1.0,-100.0,12.0,MARGIN CALL ($0)
21,98,0.0,23,3,20,1.0,-100.0,13.043478260869565,MARGIN CALL ($0)
21,97,0.0,23,3,20,1.0,-100.0,13.043478260869565,MARGIN CALL ($0)
22,30,0.0,19,3,16,1.0,-100.0,15.789473684210526,MARGIN CALL ($0)
22,29,0.0,25,4,21,1.0,-100.0,16.0,MARGIN CALL ($0)
22,28,0.0,30,3,27,1.0,-100.0,10.0,MARGIN CALL ($0)
22,27,0.0,37,3,34,1.0,-100.0,8.108108108108109,MARGIN CALL ($0)
22,26,0.0,25,3,22,1.0,-100.0,12.0,MARGIN CALL ($0)
22,25,0.0,24,3,21,1.0,-100.0,12.5,MARGIN CALL ($0)
22,24,0.0,34,4,30,1.0,-100.0,11.76470588235294,MARGIN CALL ($0)
22,23,0.0,28,4,24,1.0,-100.0,14.285714285714285,MARGIN CALL ($0)
22,22,0.0,36,6,30,1.0,-100.0,16.666666666666664,MARGIN CALL ($0)
22,21,0.0,105,17,88,1.0,-100.0,16.19047619047619,MARGIN CALL ($0)
22,20,0.0,537,95,442,1.0,-100.0,17.690875232774676,MARGIN CALL ($0)
22,19,0.0,519,92,427,1.0,-100.0,17.726396917148364,MARGIN CALL ($0)
22,18,0.0,532,92,440,1.0,-100.0,17.293233082706767,MARGIN CALL ($0)
22,16,0.0,32,5,27,1.0,-100.0,15.625,MARGIN CALL ($0)
22,15,0.0,33,6,27,1.0,-100.0,18.181818181818183,MARGIN CALL ($0)
22,14,0.0,683,131,552,1.0,-100.0,19.1800878477306,MARGIN CALL ($0)
22,46,0.0,21,3,18,1.0,-100.0,14.285714285714285,MARGIN CALL ($0)
22,45,0.0,20,3,17,1.0,-100.0,15.0,MARGIN CALL ($0)
22,44,0.0,18,3,15,1.0,-100.0,16.666666666666664,MARGIN CALL ($0)
22,43,0.0,18,3,15,1.0,-100.0,16.666666666666664,MARGIN CALL ($0)
22,42,0.0,19,4,15,1.0,-100.0,21.052631578947366,MARGIN CALL ($0)
22,41,0.0,20,4,16,1.0,-100.0,20.0,MARGIN CALL ($0)
22,40,0.0,22,4,18,1.0,-100.0,18.181818181818183,MARGIN CALL ($0)
22,39,0.0,20,4,16,1.0,-100.0,20.0,MARGIN CALL ($0)
22,38,0.0,20,4,16,1.0,-100.0,20.0,MARGIN CALL ($0)
22,37,0.0,18,4,14,1.0,-100.0,22.22222222222222,MARGIN CALL ($0)
22,36,0.0,17,4,13,1.0,-100.0,23.52941176470588,MARGIN CALL ($0)
22,35,0.0,18,4,14,1.0,-100.0,22.22222222222222,MARGIN CALL ($0)
22,34,0.0,18,4,14,1.0,-100.0,22.22222222222222,MARGIN CALL ($0)
22,33,0.0,16,3,13,1.0,-100.0,18.75,MARGIN CALL ($0)
22,32,0.0,16,3,13,1.0,-100.0,18.75,MARGIN CALL ($0)
22,31,0.0,27,5,22,1.0,-100.0,18.51851851851852,MARGIN CALL ($0)
22,62,0.0,18,3,15,1.0,-100.0,16.666666666666664,MARGIN CALL ($0)
22,61,0.0,18,3,15,1.0,-100.0,16.666666666666664,MARGIN CALL ($0)
22,60,0.0,18,3,15,1.0,-100.0,16.666666666666664,MARGIN CALL ($0)
22,59,0.0,18,3,15,1.0,-100.0,16.666666666666664,MARGIN CALL ($0)
22,58,0.0,18,3,15,1.0,-100.0,16.666666666666664,MARGIN CALL ($0)
22,57,0.0,17,3,14,1.0,-100.0,17.647058823529413,MARGIN CALL ($0)
22,56,0.0,18,3,15,1.0,-100.0,16.666666666666664,MARGIN CALL ($0)
22,55,0.0,17,3,14,1.0,-100.0,17.647058823529413,MARGIN CALL ($0)
22,54,0.0,9,0,9,1.0,-100.0,0.0,MARGIN CALL ($0)
22,53,0.0,9,0,9,1.0,-100.0,0.0,MARGIN CALL ($0)
22,52,0.0,9,0,9,1.0,-100.0,0.0,MARGIN CALL ($0)
22,51,0.0,10,0,10,1.0,-100.0,0.0,MARGIN CALL ($0)
22,50,0.0,10,0,10,1.0,-100.0,0.0,MARGIN CALL ($0)
22,49,0.0,10,0,10,1.0,-100.0,0.0,MARGIN CALL ($0)
22,48,0.0,10,0,10,1.0,-100.0,0.0,MARGIN CALL ($0)
22,47,0.0,11,0,11,1.0,-100.0,0.0,MARGIN CALL ($0)
22,78,0.0,9,0,9,1.0,-100.0,0.0,MARGIN CALL ($0)
22,77,0.0,9,0,9,1.0,-100.0,0.0,MARGIN CALL ($0)
22,76,0.0,10,0,10,1.0,-100.0,0.0,MARGIN CALL ($0)
22,75,0.0,10,0,10,1.0,-100.0,0.0,MARGIN CALL ($0)
22,74,0.0,10,0,10,1.0,-100.0,0.0,MARGIN CALL ($0)
22,73,0.0,10,0,10,1.0,-100.0,0.0,MARGIN CALL ($0)
22,72,0.0,10,0,10,1.0,-100.0,0.0,MARGIN CALL ($0)
22,71,0.0,21,3,18,1.0,-100.0,14.285714285714285,MARGIN CALL ($0)
22,70,0.0,22,3,19,1.0,-100.0,13.636363636363635,MARGIN CALL ($0)
22,69,0.0,20,3,17,1.0,-100.0,15.0,MARGIN CALL ($0)
22,68,0.0,18,3,15,1.0,-100.0,16.666666666666664,MARGIN CALL ($0)
22,67,0.0,17,3,14,1.0,-100.0,17.647058823529413,MARGIN CALL ($0)
22,66,0.0,17,3,14,1.0,-100.0,17.647058823529413,MARGIN CALL ($0)
22,65,0.0,16,3,13,1.0,-100.0,18.75,MARGIN CALL ($0)
22,64,0.0,17,3,14,1.0,-100.0,17.647058823529413,MARGIN CALL ($0)
22,63,0.0,18,3,15,1.0,-100.0,16.666666666666664,MARGIN CALL ($0)
22,94,0.0,22,3,19,1.0,-100.0,13.636363636363635,MARGIN CALL ($0)
22,93,0.0,23,3,20,1.0,-100.0,13.043478260869565,MARGIN CALL ($0)
22,92,0.0,23,3,20,1.0,-100.0,13.043478260869565,MARGIN CALL ($0)
22,91,0.0,23,3,20,1.0,-100.0,13.043478260869565,MARGIN CALL ($0)
22,90,0.0,22,4,18,1.0,-100.0,18.181818181818183,MARGIN CALL ($0)
22,89,0.0,20,3,17,1.0,-100.0,15.0,MARGIN CALL ($0)
22,88,0.0,21,3,18,1.0,-100.0,14.285714285714285,MARGIN CALL ($0)
22,87,0.0,21,3,18,1.0,-100.0,14.285714285714285,MARGIN CALL ($0)
22,86,0.0,21,3,18,1.0,-100.0,14.285714285714285,MARGIN CALL ($0)
22,85,0.0,21,3,18,1.0,-100.0,14.285714285714285,MARGIN CALL ($0)
22,84,0.0,21,3,18,1.0,-100.0,14.285714285714285,MARGIN CALL ($0)
22,83,0.0,21,3,18,1.0,-100.0,14.285714285714285,MARGIN CALL ($0)
22,82,0.0,21,3,18,1.0,-100.0,14.285714285714285,MARGIN CALL ($0)
22,81,0.0,9,0,9,1.0,-100.0,0.0,MARGIN CALL ($0)
22,80,0.0,9,0,9,1.0,-100.0,0.0,MARGIN CALL ($0)
22,79,0.0,9,0,9,1.0,-100.0,0.0,MARGIN CALL ($0)
23,11,0.0,21,3,18,1.0,-100.0,14.285714285714285,MARGIN CALL ($0)
23,10,0.0,23,3,20,1.0,-100.0,13.043478260869565,MARGIN CALL ($0)
23,9,0.0,12,0,12,1.0,-100.0,0.0,MARGIN CALL ($0)
23,8,0.0,13,0,13,1.0,-100.0,0.0,MARGIN CALL ($0)
23,7,0.0,19,1,18,1.0,-100.0,5.263157894736842,MARGIN CALL ($0)
23,6,0.0,18,1,17,1.0,-100.0,5.555555555555555,MARGIN CALL ($0)
23,5,0.0,14,0,14,1.0,-100.0,0.0,MARGIN CALL ($0)
23,4,0.0,37,8,29,1.0,-100.0,21.62162162162162,MARGIN CALL ($0)
23,3,0.0,2298,538,1760,1.0,-100.0,23.41166231505657,MARGIN CALL ($0)
23,1,0.0,1024,199,825,1.0,-100.0,19.43359375,MARGIN CALL ($0)
22,100,0.0,24,3,21,1.0,-100.0,12.5,MARGIN CALL ($0)
22,99,0.0,24,3,21,1.0,-100.0,12.5,MARGIN CALL ($0)
22,98,0.0,24,3,21,1.0,-100.0,12.5,MARGIN CALL ($0)
22,97,0.0,25,3,22,1.0,-100.0,12.0,MARGIN CALL ($0)
22,96,0.0,24,3,21,1.0,-100.0,12.5,MARGIN CALL ($0)
22,95,0.0,24,3,21,1.0,-100.0,12.5,MARGIN CALL ($0)
23,27,0.0,107,16,91,1.0,-100.0,14.953271028037381,MARGIN CALL ($0)
23,26,0.0,104,16,88,1.0,-100.0,15.384615384615385,MARGIN CALL ($0)
23,25,0.0,104,16,88,1.0,-100.0,15.384615384615385,MARGIN CALL ($0)
23,24,0.0,244,42,202,1.0,-100.0,17.21311475409836,MARGIN CALL ($0)
23,23,0.0,309,60,249,1.0,-100.0,19.41747572815534,MARGIN CALL ($0)
23,22,0.0,23,3,20,1.0,-100.0,13.043478260869565,MARGIN CALL ($0)
23,21,0.0,58,9,49,1.0,-100.0,15.517241379310345,MARGIN CALL ($0)
23,20,0.0,557,98,459,1.0,-100.0,17.594254937163374,MARGIN CALL ($0)
23,19,0.0,260,40,220,1.0,-100.0,15.384615384615385,MARGIN CALL ($0)
23,18,0.0,29,3,26,1.0,-100.0,10.344827586206897,MARGIN CALL ($0)
23,17,0.0,30,4,26,1.0,-100.0,13.333333333333334,MARGIN CALL ($0)
23,16,0.0,32,5,27,1.0,-100.0,15.625,MARGIN CALL ($0)
23,15,0.0,32,5,27,1.0,-100.0,15.625,MARGIN CALL ($0)
23,14,0.0,47,9,38,1.0,-100.0,19.148936170212767,MARGIN CALL ($0)
23,13,0.0,52,9,43,1.0,-100.0,17.307692307692307,MARGIN CALL ($0)
23,12,0.0,21,3,18,1.0,-100.0,14.285714285714285,MARGIN CALL ($0)
23,43,0.0,19,3,16,1.0,-100.0,15.789473684210526,MARGIN CALL ($0)
23,42,0.0,20,4,16,1.0,-100.0,20.0,MARGIN CALL ($0)
23,41,0.0,21,4,17,1.0,-100.0,19.047619047619047,MARGIN CALL ($0)
23,40,0.0,22,4,18,1.0,-100.0,18.181818181818183,MARGIN CALL ($0)
23,39,0.0,22,4,18,1.0,-100.0,18.181818181818183,MARGIN CALL ($0)
23,38,0.0,21,4,17,1.0,-100.0,19.047619047619047,MARGIN CALL ($0)
23,37,0.0,20,4,16,1.0,-100.0,20.0,MARGIN CALL ($0)
23,36,0.0,20,4,16,1.0,-100.0,20.0,MARGIN CALL ($0)
23,35,0.0,20,4,16,1.0,-100.0,20.0,MARGIN CALL ($0)
23,34,0.0,21,4,17,1.0,-100.0,19.047619047619047,MARGIN CALL ($0)
23,33,0.0,19,3,16,1.0,-100.0,15.789473684210526,MARGIN CALL ($0)
23,32,0.0,18,3,15,1.0,-100.0,16.666666666666664,MARGIN CALL ($0)
23,31,0.0,19,4,15,1.0,-100.0,21.052631578947366,MARGIN CALL ($0)
23,30,0.0,20,4,16,1.0,-100.0,20.0,MARGIN CALL ($0)
23,29,0.0,104,19,85,1.0,-100.0,18.269230769230766,MARGIN CALL ($0)
23,28,0.0,109,16,93,1.0,-100.0,14.678899082568808,MARGIN CALL ($0)
23,59,0.0,18,3,15,1.0,-100.0,16.666666666666664,MARGIN CALL ($0)
23,58,0.0,18,3,15,1.0,-100.0,16.666666666666664,MARGIN CALL ($0)
23,57,0.0,21,3,18,1.0,-100.0,14.285714285714285,MARGIN CALL ($0)
23,56,0.0,22,3,19,1.0,-100.0,13.636363636363635,MARGIN CALL ($0)
23,55,0.0,19,3,16,1.0,-100.0,15.789473684210526,MARGIN CALL ($0)
23,54,0.0,10,0,10,1.0,-100.0,0.0,MARGIN CALL ($0)
23,53,0.0,10,0,10,1.0,-100.0,0.0,MARGIN CALL ($0)
23,52,0.0,9,0,9,1.0,-100.0,0.0,MARGIN CALL ($0)
23,51,0.0,10,0,10,1.0,-100.0,0.0,MARGIN CALL ($0)
23,50,0.0,10,0,10,1.0,-100.0,0.0,MARGIN CALL ($0)
23,49,0.0,10,0,10,1.0,-100.0,0.0,MARGIN CALL ($0)
23,48,0.0,10,0,10,1.0,-100.0,0.0,MARGIN CALL ($0)
23,47,0.0,11,0,11,1.0,-100.0,0.0,MARGIN CALL ($0)
23,46,0.0,20,3,17,1.0,-100.0,15.0,MARGIN CALL ($0)
23,45,0.0,20,3,17,1.0,-100.0,15.0,MARGIN CALL ($0)
23,44,0.0,19,3,16,1.0,-100.0,15.789473684210526,MARGIN CALL ($0)
23,75,0.0,11,0,11,1.0,-100.0,0.0,MARGIN CALL ($0)
23,74,0.0,10,0,10,1.0,-100.0,0.0,MARGIN CALL ($0)
23,73,0.0,10,0,10,1.0,-100.0,0.0,MARGIN CALL ($0)
23,72,0.0,10,0,10,1.0,-100.0,0.0,MARGIN CALL ($0)
23,71,0.0,21,3,18,1.0,-100.0,14.285714285714285,MARGIN CALL ($0)
23,70,0.0,23,3,20,1.0,-100.0,13.043478260869565,MARGIN CALL ($0)
23,69,0.0,21,3,18,1.0,-100.0,14.285714285714285,MARGIN CALL ($0)
23,68,0.0,18,3,15,1.0,-100.0,16.666666666666664,MARGIN CALL ($0)
23,67,0.0,19,3,16,1.0,-100.0,15.789473684210526,MARGIN CALL ($0)
23,66,0.0,18,3,15,1.0,-100.0,16.666666666666664,MARGIN CALL ($0)
23,65,0.0,18,3,15,1.0,-100.0,16.666666666666664,MARGIN CALL ($0)
23,64,0.0,18,3,15,1.0,-100.0,16.666666666666664,MARGIN CALL ($0)
23,63,0.0,18,3,15,1.0,-100.0,16.666666666666664,MARGIN CALL ($0)
23,62,0.0,18,3,15,1.0,-100.0,16.666666666666664,MARGIN CALL ($0)
23,61,0.0,18,3,15,1.0,-100.0,16.666666666666664,MARGIN CALL ($0)
23,60,0.0,18,3,15,1.0,-100.0,16.666666666666664,MARGIN CALL ($0)
23,91,0.0,23,3,20,1.0,-100.0,13.043478260869565,MARGIN CALL ($0)
23,90,0.0,22,4,18,1.0,-100.0,18.181818181818183,MARGIN CALL ($0)
23,89,0.0,20,3,17,1.0,-100.0,15.0,MARGIN CALL ($0)
23,88,0.0,25,5,20,1.0,-100.0,20.0,MARGIN CALL ($0)
23,87,0.0,25,5,20,1.0,-100.0,20.0,MARGIN CALL ($0)
23,86,0.0,21,3,18,1.0,-100.0,14.285714285714285,MARGIN CALL ($0)
23,85,0.0,22,3,19,1.0,-100.0,13.636363636363635,MARGIN CALL ($0)
23,84,0.0,23,5,18,1.0,-100.0,21.73913043478261,MARGIN CALL ($0)
23,83,0.0,23,5,18,1.0,-100.0,21.73913043478261,MARGIN CALL ($0)
23,82,0.0,20,3,17,1.0,-100.0,15.0,MARGIN CALL ($0)
23,81,0.0,11,0,11,1.0,-100.0,0.0,MARGIN CALL ($0)
23,80,0.0,12,0,12,1.0,-100.0,0.0,MARGIN CALL ($0)
23,79,0.0,10,0,10,1.0,-100.0,0.0,MARGIN CALL ($0)
23,78,0.0,10,0,10,1.0,-100.0,0.0,MARGIN CALL ($0)
23,77,0.0,10,0,10,1.0,-100.0,0.0,MARGIN CALL ($0)
23,76,0.0,11,0,11,1.0,-100.0,0.0,MARGIN CALL ($0)
24,8,0.0,20,3,17,1.0,-100.0,15.0,MARGIN CALL ($0)
24,7,0.0,17,1,16,1.0,-100.0,5.88235294117647,MARGIN CALL ($0)
24,6,0.0,17,1,16,1.0,-100.0,5.88235294117647,MARGIN CALL ($0)
24,5,0.0,16,1,15,1.0,-100.0,6.25,MARGIN CALL ($0)
24,4,0.0,24,5,19,1.0,-100.0,20.833333333333336,MARGIN CALL ($0)
24,3,0.0,2285,533,1752,1.0,-100.0,23.326039387308533,MARGIN CALL ($0)
24,1,0.0,780,156,624,1.0,-100.0,20.0,MARGIN CALL ($0)
23,100,0.0,23,3,20,1.0,-100.0,13.043478260869565,MARGIN CALL ($0)
23,99,0.0,23,3,20,1.0,-100.0,13.043478260869565,MARGIN CALL ($0)
23,98,0.0,23,3,20,1.0,-100.0,13.043478260869565,MARGIN CALL ($0)
23,97,0.0,23,3,20,1.0,-100.0,13.043478260869565,MARGIN CALL ($0)
23,96,0.0,23,3,20,1.0,-100.0,13.043478260869565,MARGIN CALL ($0)
23,95,0.0,23,3,20,1.0,-100.0,13.043478260869565,MARGIN CALL ($0)
23,94,0.0,22,3,19,1.0,-100.0,13.636363636363635,MARGIN CALL ($0)
23,93,0.0,23,3,20,1.0,-100.0,13.043478260869565,MARGIN CALL ($0)
23,92,0.0,23,3,20,1.0,-100.0,13.043478260869565,MARGIN CALL ($0)
24,24,0.0,83,13,70,1.0,-100.0,15.66265060240964,MARGIN CALL ($0)
24,23,0.0,246,47,199,1.0,-100.0,19.10569105691057,MARGIN CALL ($0)
24,22,0.0,24,3,21,1.0,-100.0,12.5,MARGIN CALL ($0)
24,21,0.0,54,8,46,1.0,-100.0,14.814814814814813,MARGIN CALL ($0)
24,20,0.0,529,93,436,1.0,-100.0,17.580340264650285,MARGIN CALL ($0)
24,19,0.0,278,44,234,1.0,-100.0,15.827338129496402,MARGIN CALL ($0)
24,18,0.0,30,3,27,1.0,-100.0,10.0,MARGIN CALL ($0)
24,17,0.0,32,4,28,1.0,-100.0,12.5,MARGIN CALL ($0)
24,16,0.0,31,5,26,1.0,-100.0,16.129032258064516,MARGIN CALL ($0)
24,15,0.0,30,5,25,1.0,-100.0,16.666666666666664,MARGIN CALL ($0)
24,14,0.0,45,9,36,1.0,-100.0,20.0,MARGIN CALL ($0)
24,13,0.0,49,9,40,1.0,-100.0,18.367346938775512,MARGIN CALL ($0)
24,12,0.0,18,3,15,1.0,-100.0,16.666666666666664,MARGIN CALL ($0)
24,11,0.0,19,3,16,1.0,-100.0,15.789473684210526,MARGIN CALL ($0)
24,10,0.0,21,3,18,1.0,-100.0,14.285714285714285,MARGIN CALL ($0)
24,9,0.0,20,3,17,1.0,-100.0,15.0,MARGIN CALL ($0)
24,40,0.0,23,4,19,1.0,-100.0,17.391304347826086,MARGIN CALL ($0)
24,39,0.0,23,4,19,1.0,-100.0,17.391304347826086,MARGIN CALL ($0)
24,38,0.0,22,4,18,1.0,-100.0,18.181818181818183,MARGIN CALL ($0)
24,37,0.0,21,4,17,1.0,-100.0,19.047619047619047,MARGIN CALL ($0)
24,36,0.0,21,4,17,1.0,-100.0,19.047619047619047,MARGIN CALL ($0)
24,35,0.0,21,4,17,1.0,-100.0,19.047619047619047,MARGIN CALL ($0)
24,34,0.0,22,4,18,1.0,-100.0,18.181818181818183,MARGIN CALL ($0)
24,33,0.0,20,3,17,1.0,-100.0,15.0,MARGIN CALL ($0)
24,32,0.0,19,3,16,1.0,-100.0,15.789473684210526,MARGIN CALL ($0)
24,31,0.0,20,4,16,1.0,-100.0,20.0,MARGIN CALL ($0)
24,30,0.0,20,4,16,1.0,-100.0,20.0,MARGIN CALL ($0)
24,29,0.0,28,4,24,1.0,-100.0,14.285714285714285,MARGIN CALL ($0)
24,28,0.0,43,5,38,1.0,-100.0,11.627906976744185,MARGIN CALL ($0)
24,27,0.0,43,5,38,1.0,-100.0,11.627906976744185,MARGIN CALL ($0)
24,26,0.0,33,4,29,1.0,-100.0,12.121212121212121,MARGIN CALL ($0)
24,25,0.0,33,4,29,1.0,-100.0,12.121212121212121,MARGIN CALL ($0)
24,56,0.0,23,3,20,1.0,-100.0,13.043478260869565,MARGIN CALL ($0)
24,55,0.0,20,3,17,1.0,-100.0,15.0,MARGIN CALL ($0)
24,54,0.0,10,0,10,1.0,-100.0,0.0,MARGIN CALL ($0)
24,53,0.0,10,0,10,1.0,-100.0,0.0,MARGIN CALL ($0)
24,52,0.0,10,0,10,1.0,-100.0,0.0,MARGIN CALL ($0)
24,51,0.0,10,0,10,1.0,-100.0,0.0,MARGIN CALL ($0)
24,50,0.0,10,0,10,1.0,-100.0,0.0,MARGIN CALL ($0)
24,49,0.0,10,0,10,1.0,-100.0,0.0,MARGIN CALL ($0)
24,48,0.0,11,0,11,1.0,-100.0,0.0,MARGIN CALL ($0)
24,47,0.0,11,0,11,1.0,-100.0,0.0,MARGIN CALL ($0)
24,46,0.0,20,3,17,1.0,-100.0,15.0,MARGIN CALL ($0)
24,45,0.0,20,3,17,1.0,-100.0,15.0,MARGIN CALL ($0)
24,44,0.0,20,3,17,1.0,-100.0,15.0,MARGIN CALL ($0)
24,43,0.0,19,3,16,1.0,-100.0,15.789473684210526,MARGIN CALL ($0)
24,42,0.0,21,4,17,1.0,-100.0,19.047619047619047,MARGIN CALL ($0)
24,41,0.0,22,4,18,1.0,-100.0,18.181818181818183,MARGIN CALL ($0)
24,72,0.0,11,0,11,1.0,-100.0,0.0,MARGIN CALL ($0)
24,71,0.0,22,3,19,1.0,-100.0,13.636363636363635,MARGIN CALL ($0)
24,70,0.0,24,3,21,1.0,-100.0,12.5,MARGIN CALL ($0)
24,69,0.0,22,3,19,1.0,-100.0,13.636363636363635,MARGIN CALL ($0)
24,68,0.0,19,3,16,1.0,-100.0,15.789473684210526,MARGIN CALL ($0)
24,67,0.0,18,3,15,1.0,-100.0,16.666666666666664,MARGIN CALL ($0)
24,66,0.0,18,3,15,1.0,-100.0,16.666666666666664,MARGIN CALL ($0)
24,65,0.0,18,3,15,1.0,-100.0,16.666666666666664,MARGIN CALL ($0)
24,64,0.0,19,3,16,1.0,-100.0,15.789473684210526,MARGIN CALL ($0)
24,63,0.0,19,3,16,1.0,-100.0,15.789473684210526,MARGIN CALL ($0)
24,62,0.0,19,3,16,1.0,-100.0,15.789473684210526,MARGIN CALL ($0)
24,61,0.0,19,3,16,1.0,-100.0,15.789473684210526,MARGIN CALL ($0)
24,60,0.0,19,3,16,1.0,-100.0,15.789473684210526,MARGIN CALL ($0)
24,59,0.0,19,3,16,1.0,-100.0,15.789473684210526,MARGIN CALL ($0)
24,58,0.0,19,3,16,1.0,-100.0,15.789473684210526,MARGIN CALL ($0)
24,57,0.0,19,3,16,1.0,-100.0,15.789473684210526,MARGIN CALL ($0)
24,88,0.0,21,3,18,1.0,-100.0,14.285714285714285,MARGIN CALL ($0)
24,87,0.0,21,3,18,1.0,-100.0,14.285714285714285,MARGIN CALL ($0)
24,86,0.0,22,3,19,1.0,-100.0,13.636363636363635,MARGIN CALL ($0)
24,85,0.0,25,5,20,1.0,-100.0,20.0,MARGIN CALL ($0)
24,84,0.0,24,5,19,1.0,-100.0,20.833333333333336,MARGIN CALL ($0)
24,83,0.0,24,5,19,1.0,-100.0,20.833333333333336,MARGIN CALL ($0)
24,82,0.0,20,3,17,1.0,-100.0,15.0,MARGIN CALL ($0)
24,81,0.0,10,0,10,1.0,-100.0,0.0,MARGIN CALL ($0)
24,80,0.0,10,0,10,1.0,-100.0,0.0,MARGIN CALL ($0)
24,79,0.0,11,0,11,1.0,-100.0,0.0,MARGIN CALL ($0)
24,78,0.0,11,0,11,1.0,-100.0,0.0,MARGIN CALL ($0)
24,77,0.0,11,0,11,1.0,-100.0,0.0,MARGIN CALL ($0)
24,76,0.0,10,0,10,1.0,-100.0,0.0,MARGIN CALL ($0)
24,75,0.0,12,0,12,1.0,-100.0,0.0,MARGIN CALL ($0)
24,74,0.0,11,0,11,1.0,-100.0,0.0,MARGIN CALL ($0)
24,73,0.0,11,0,11,1.0,-100.0,0.0,MARGIN CALL ($0)
25,5,0.0,15,1,14,1.0,-100.0,6.666666666666667,MARGIN CALL ($0)
25,4,0.0,24,5,19,1.0,-100.0,20.833333333333336,MARGIN CALL ($0)
25,3,0.0,2294,538,1756,1.0,-100.0,23.45248474280732,MARGIN CALL ($0)
25,1,0.0,383,70,313,1.0,-100.0,18.27676240208877,MARGIN CALL ($0)
24,100,0.0,23,3,20,1.0,-100.0,13.043478260869565,MARGIN CALL ($0)
24,99,0.0,23,3,20,1.0,-100.0,13.043478260869565,MARGIN CALL ($0)
24,98,0.0,23,3,20,1.0,-100.0,13.043478260869565,MARGIN CALL ($0)
24,97,0.0,23,3,20,1.0,-100.0,13.043478260869565,MARGIN CALL ($0)
24,96,0.0,24,3,21,1.0,-100.0,12.5,MARGIN CALL ($0)
24,95,0.0,24,3,21,1.0,-100.0,12.5,MARGIN CALL ($0)
24,94,0.0,23,3,20,1.0,-100.0,13.043478260869565,MARGIN CALL ($0)
24,93,0.0,23,3,20,1.0,-100.0,13.043478260869565,MARGIN CALL ($0)
24,92,0.0,23,3,20,1.0,-100.0,13.043478260869565,MARGIN CALL ($0)
24,91,0.0,23,3,20,1.0,-100.0,13.043478260869565,MARGIN CALL ($0)
24,90,0.0,23,4,19,1.0,-100.0,17.391304347826086,MARGIN CALL ($0)
24,89,0.0,21,3,18,1.0,-100.0,14.285714285714285,MARGIN CALL ($0)
25,21,0.0,31,3,28,1.0,-100.0,9.67741935483871,MARGIN CALL ($0)
25,20,0.0,512,90,422,1.0,-100.0,17.578125,MARGIN CALL ($0)
25,19,0.0,28,3,25,1.0,-100.0,10.714285714285714,MARGIN CALL ($0)
25,18,0.0,29,3,26,1.0,-100.0,10.344827586206897,MARGIN CALL ($0)
25,17,0.0,32,4,28,1.0,-100.0,12.5,MARGIN CALL ($0)
25,16,0.0,30,5,25,1.0,-100.0,16.666666666666664,MARGIN CALL ($0)
25,15,0.0,29,5,24,1.0,-100.0,17.24137931034483,MARGIN CALL ($0)
25,14,0.0,41,8,33,1.0,-100.0,19.51219512195122,MARGIN CALL ($0)
25,13,0.0,47,9,38,1.0,-100.0,19.148936170212767,MARGIN CALL ($0)
25,12,0.0,17,3,14,1.0,-100.0,17.647058823529413,MARGIN CALL ($0)
25,11,0.0,18,3,15,1.0,-100.0,16.666666666666664,MARGIN CALL ($0)
25,10,0.0,20,3,17,1.0,-100.0,15.0,MARGIN CALL ($0)
25,9,0.0,19,3,16,1.0,-100.0,15.789473684210526,MARGIN CALL ($0)
25,8,0.0,19,3,16,1.0,-100.0,15.789473684210526,MARGIN CALL ($0)
25,7,0.0,16,1,15,1.0,-100.0,6.25,MARGIN CALL ($0)
25,6,0.0,16,1,15,1.0,-100.0,6.25,MARGIN CALL ($0)
25,37,0.0,21,3,18,1.0,-100.0,14.285714285714285,MARGIN CALL ($0)
25,36,0.0,19,3,16,1.0,-100.0,15.789473684210526,MARGIN CALL ($0)
25,35,0.0,19,3,16,1.0,-100.0,15.789473684210526,MARGIN CALL ($0)
25,34,0.0,20,3,17,1.0,-100.0,15.0,MARGIN CALL ($0)
25,33,0.0,18,2,16,1.0,-100.0,11.11111111111111,MARGIN CALL ($0)
25,32,0.0,19,2,17,1.0,-100.0,10.526315789473683,MARGIN CALL ($0)
25,31,0.0,20,2,18,1.0,-100.0,10.0,MARGIN CALL ($0)
25,30,0.0,19,2,17,1.0,-100.0,10.526315789473683,MARGIN CALL ($0)
25,29,0.0,25,4,21,1.0,-100.0,16.0,MARGIN CALL ($0)
25,28,0.0,30,3,27,1.0,-100.0,10.0,MARGIN CALL ($0)
25,27,0.0,30,3,27,1.0,-100.0,10.0,MARGIN CALL ($0)
25,26,0.0,31,4,27,1.0,-100.0,12.903225806451612,MARGIN CALL ($0)
25,25,0.0,30,4,26,1.0,-100.0,13.333333333333334,MARGIN CALL ($0)
25,24,0.0,33,4,29,1.0,-100.0,12.121212121212121,MARGIN CALL ($0)
25,23,0.0,103,19,84,1.0,-100.0,18.446601941747574,MARGIN CALL ($0)
25,22,0.0,25,3,22,1.0,-100.0,12.0,MARGIN CALL ($0)
25,53,0.0,10,0,10,1.0,-100.0,0.0,MARGIN CALL ($0)
25,52,0.0,10,0,10,1.0,-100.0,0.0,MARGIN CALL ($0)
25,51,0.0,10,0,10,1.0,-100.0,0.0,MARGIN CALL ($0)
25,50,0.0,10,0,10,1.0,-100.0,0.0,MARGIN CALL ($0)
25,49,0.0,10,0,10,1.0,-100.0,0.0,MARGIN CALL ($0)
25,48,0.0,11,0,11,1.0,-100.0,0.0,MARGIN CALL ($0)
25,47,0.0,11,0,11,1.0,-100.0,0.0,MARGIN CALL ($0)
25,46,0.0,19,2,17,1.0,-100.0,10.526315789473683,MARGIN CALL ($0)
25,45,0.0,19,2,17,1.0,-100.0,10.526315789473683,MARGIN CALL ($0)
25,44,0.0,18,2,16,1.0,-100.0,11.11111111111111,MARGIN CALL ($0)
25,43,0.0,18,2,16,1.0,-100.0,11.11111111111111,MARGIN CALL ($0)
25,42,0.0,19,3,16,1.0,-100.0,15.789473684210526,MARGIN CALL ($0)
25,41,0.0,21,3,18,1.0,-100.0,14.285714285714285,MARGIN CALL ($0)
25,40,0.0,23,3,20,1.0,-100.0,13.043478260869565,MARGIN CALL ($0)
25,39,0.0,23,3,20,1.0,-100.0,13.043478260869565,MARGIN CALL ($0)
25,38,0.0,23,3,20,1.0,-100.0,13.043478260869565,MARGIN CALL ($0)
25,69,0.0,20,3,17,1.0,-100.0,15.0,MARGIN CALL ($0)
25,68,0.0,19,2,17,1.0,-100.0,10.526315789473683,MARGIN CALL ($0)
25,67,0.0,18,2,16,1.0,-100.0,11.11111111111111,MARGIN CALL ($0)
25,66,0.0,20,2,18,1.0,-100.0,10.0,MARGIN CALL ($0)
25,65,0.0,20,2,18,1.0,-100.0,10.0,MARGIN CALL ($0)
25,64,0.0,18,2,16,1.0,-100.0,11.11111111111111,MARGIN CALL ($0)
25,63,0.0,19,2,17,1.0,-100.0,10.526315789473683,MARGIN CALL ($0)
25,62,0.0,19,2,17,1.0,-100.0,10.526315789473683,MARGIN CALL ($0)
25,61,0.0,19,2,17,1.0,-100.0,10.526315789473683,MARGIN CALL ($0)
25,60,0.0,19,2,17,1.0,-100.0,10.526315789473683,MARGIN CALL ($0)
25,59,0.0,19,2,17,1.0,-100.0,10.526315789473683,MARGIN CALL ($0)
25,58,0.0,19,2,17,1.0,-100.0,10.526315789473683,MARGIN CALL ($0)
25,57,0.0,18,2,16,1.0,-100.0,11.11111111111111,MARGIN CALL ($0)
25,56,0.0,19,2,17,1.0,-100.0,10.526315789473683,MARGIN CALL ($0)
25,55,0.0,18,2,16,1.0,-100.0,11.11111111111111,MARGIN CALL ($0)
25,54,0.0,10,0,10,1.0,-100.0,0.0,MARGIN CALL ($0)
25,85,0.0,20,3,17,1.0,-100.0,15.0,MARGIN CALL ($0)
25,84,0.0,19,3,16,1.0,-100.0,15.789473684210526,MARGIN CALL ($0)
25,83,0.0,19,3,16,1.0,-100.0,15.789473684210526,MARGIN CALL ($0)
25,82,0.0,19,3,16,1.0,-100.0,15.789473684210526,MARGIN CALL ($0)
25,81,0.0,10,0,10,1.0,-100.0,0.0,MARGIN CALL ($0)
25,80,0.0,10,0,10,1.0,-100.0,0.0,MARGIN CALL ($0)
25,79,0.0,11,0,11,1.0,-100.0,0.0,MARGIN CALL ($0)
25,78,0.0,11,0,11,1.0,-100.0,0.0,MARGIN CALL ($0)
25,77,0.0,11,0,11,1.0,-100.0,0.0,MARGIN CALL ($0)
25,76,0.0,10,0,10,1.0,-100.0,0.0,MARGIN CALL ($0)
25,75,0.0,12,0,12,1.0,-100.0,0.0,MARGIN CALL ($0)
25,74,0.0,11,0,11,1.0,-100.0,0.0,MARGIN CALL ($0)
25,73,0.0,11,0,11,1.0,-100.0,0.0,MARGIN CALL ($0)
25,72,0.0,11,0,11,1.0,-100.0,0.0,MARGIN CALL ($0)
25,71,0.0,21,3,18,1.0,-100.0,14.285714285714285,MARGIN CALL ($0)
25,70,0.0,21,3,18,1.0,-100.0,14.285714285714285,MARGIN CALL ($0)
26,1,0.0,452,85,367,1.0,-100.0,18.805309734513273,MARGIN CALL ($0)
25,100,0.0,23,3,20,1.0,-100.0,13.043478260869565,MARGIN CALL ($0)
25,99,0.0,23,3,20,1.0,-100.0,13.043478260869565,MARGIN CALL ($0)
25,98,0.0,23,3,20,1.0,-100.0,13.043478260869565,MARGIN CALL ($0)
25,97,0.0,23,3,20,1.0,-100.0,13.043478260869565,MARGIN CALL ($0)
25,96,0.0,25,3,22,1.0,-100.0,12.0,MARGIN CALL ($0)
25,95,0.0,25,3,22,1.0,-100.0,12.0,MARGIN CALL ($0)
25,94,0.0,24,3,21,1.0,-100.0,12.5,MARGIN CALL ($0)
25,93,0.0,24,3,21,1.0,-100.0,12.5,MARGIN CALL ($0)
25,92,0.0,24,3,21,1.0,-100.0,12.5,MARGIN CALL ($0)
25,91,0.0,24,3,21,1.0,-100.0,12.5,MARGIN CALL ($0)
25,90,0.0,25,4,21,1.0,-100.0,16.0,MARGIN CALL ($0)
25,89,0.0,22,3,19,1.0,-100.0,13.636363636363635,MARGIN CALL ($0)
25,88,0.0,21,3,18,1.0,-100.0,14.285714285714285,MARGIN CALL ($0)
25,87,0.0,21,3,18,1.0,-100.0,14.285714285714285,MARGIN CALL ($0)
25,86,0.0,22,3,19,1.0,-100.0,13.636363636363635,MARGIN CALL ($0)
26,18,0.0,28,3,25,1.0,-100.0,10.714285714285714,MARGIN CALL ($0)
26,17,0.0,31,4,27,1.0,-100.0,12.903225806451612,MARGIN CALL ($0)
26,16,0.0,30,5,25,1.0,-100.0,16.666666666666664,MARGIN CALL ($0)
26,15,0.0,28,5,23,1.0,-100.0,17.857142857142858,MARGIN CALL ($0)
26,14,0.0,40,8,32,1.0,-100.0,20.0,MARGIN CALL ($0)
26,13,0.0,46,9,37,1.0,-100.0,19.565217391304348,MARGIN CALL ($0)
26,12,0.0,17,3,14,1.0,-100.0,17.647058823529413,MARGIN CALL ($0)
26,11,0.0,18,3,15,1.0,-100.0,16.666666666666664,MARGIN CALL ($0)
26,10,0.0,20,3,17,1.0,-100.0,15.0,MARGIN CALL ($0)
26,9,0.0,19,3,16,1.0,-100.0,15.789473684210526,MARGIN CALL ($0)
26,8,0.0,19,3,16,1.0,-100.0,15.789473684210526,MARGIN CALL ($0)
26,7,0.0,16,1,15,1.0,-100.0,6.25,MARGIN CALL ($0)
26,6,0.0,16,1,15,1.0,-100.0,6.25,MARGIN CALL ($0)
26,5,0.0,15,1,14,1.0,-100.0,6.666666666666667,MARGIN CALL ($0)
26,4,0.0,24,5,19,1.0,-100.0,20.833333333333336,MARGIN CALL ($0)
26,3,0.0,2278,530,1748,1.0,-100.0,23.26602282704126,MARGIN CALL ($0)
26,34,0.0,20,3,17,1.0,-100.0,15.0,MARGIN CALL ($0)
26,33,0.0,18,2,16,1.0,-100.0,11.11111111111111,MARGIN CALL ($0)
26,32,0.0,19,2,17,1.0,-100.0,10.526315789473683,MARGIN CALL ($0)
26,31,0.0,20,2,18,1.0,-100.0,10.0,MARGIN CALL ($0)
26,30,0.0,19,2,17,1.0,-100.0,10.526315789473683,MARGIN CALL ($0)
26,29,0.0,25,4,21,1.0,-100.0,16.0,MARGIN CALL ($0)
26,28,0.0,30,3,27,1.0,-100.0,10.0,MARGIN CALL ($0)
26,27,0.0,30,3,27,1.0,-100.0,10.0,MARGIN CALL ($0)
26,26,0.0,35,5,30,1.0,-100.0,14.285714285714285,MARGIN CALL ($0)
26,25,0.0,30,4,26,1.0,-100.0,13.333333333333334,MARGIN CALL ($0)
26,24,0.0,33,4,29,1.0,-100.0,12.121212121212121,MARGIN CALL ($0)
26,23,0.0,105,19,86,1.0,-100.0,18.095238095238095,MARGIN CALL ($0)
26,22,0.0,26,3,23,1.0,-100.0,11.538461538461538,MARGIN CALL ($0)
26,21,0.0,30,3,27,1.0,-100.0,10.0,MARGIN CALL ($0)
26,20,0.0,513,88,425,1.0,-100.0,17.15399610136452,MARGIN CALL ($0)
26,19,0.0,27,3,24,1.0,-100.0,11.11111111111111,MARGIN CALL ($0)
26,50,0.0,11,0,11,1.0,-100.0,0.0,MARGIN CALL ($0)
26,49,0.0,10,0,10,1.0,-100.0,0.0,MARGIN CALL ($0)
26,48,0.0,11,0,11,1.0,-100.0,0.0,MARGIN CALL ($0)
26,47,0.0,12,0,12,1.0,-100.0,0.0,MARGIN CALL ($0)
26,46,0.0,21,2,19,1.0,-100.0,9.523809523809524,MARGIN CALL ($0)
26,45,0.0,20,2,18,1.0,-100.0,10.0,MARGIN CALL ($0)
26,44,0.0,19,2,17,1.0,-100.0,10.526315789473683,MARGIN CALL ($0)
26,43,0.0,18,2,16,1.0,-100.0,11.11111111111111,MARGIN CALL ($0)
26,42,0.0,19,3,16,1.0,-100.0,15.789473684210526,MARGIN CALL ($0)
26,41,0.0,21,3,18,1.0,-100.0,14.285714285714285,MARGIN CALL ($0)
26,40,0.0,23,3,20,1.0,-100.0,13.043478260869565,MARGIN CALL ($0)
26,39,0.0,23,3,20,1.0,-100.0,13.043478260869565,MARGIN CALL ($0)
26,38,0.0,23,3,20,1.0,-100.0,13.043478260869565,MARGIN CALL ($0)
26,37,0.0,21,3,18,1.0,-100.0,14.285714285714285,MARGIN CALL ($0)
26,36,0.0,19,3,16,1.0,-100.0,15.789473684210526,MARGIN CALL ($0)
26,35,0.0,19,3,16,1.0,-100.0,15.789473684210526,MARGIN CALL ($0)
26,66,0.0,20,2,18,1.0,-100.0,10.0,MARGIN CALL ($0)
26,65,0.0,20,2,18,1.0,-100.0,10.0,MARGIN CALL ($0)
26,64,0.0,18,2,16,1.0,-100.0,11.11111111111111,MARGIN CALL ($0)
26,63,0.0,19,2,17,1.0,-100.0,10.526315789473683,MARGIN CALL ($0)
26,62,0.0,19,2,17,1.0,-100.0,10.526315789473683,MARGIN CALL ($0)
26,61,0.0,19,2,17,1.0,-100.0,10.526315789473683,MARGIN CALL ($0)
26,60,0.0,19,2,17,1.0,-100.0,10.526315789473683,MARGIN CALL ($0)
26,59,0.0,19,2,17,1.0,-100.0,10.526315789473683,MARGIN CALL ($0)
26,58,0.0,19,2,17,1.0,-100.0,10.526315789473683,MARGIN CALL ($0)
26,57,0.0,18,2,16,1.0,-100.0,11.11111111111111,MARGIN CALL ($0)
26,56,0.0,19,2,17,1.0,-100.0,10.526315789473683,MARGIN CALL ($0)
26,55,0.0,18,2,16,1.0,-100.0,11.11111111111111,MARGIN CALL ($0)
26,54,0.0,10,0,10,1.0,-100.0,0.0,MARGIN CALL ($0)
26,53,0.0,10,0,10,1.0,-100.0,0.0,MARGIN CALL ($0)
26,52,0.0,9,0,9,1.0,-100.0,0.0,MARGIN CALL ($0)
26,51,0.0,9,0,9,1.0,-100.0,0.0,MARGIN CALL ($0)
26,82,0.0,22,3,19,1.0,-100.0,13.636363636363635,MARGIN CALL ($0)
26,81,0.0,11,0,11,1.0,-100.0,0.0,MARGIN CALL ($0)
26,80,0.0,12,0,12,1.0,-100.0,0.0,MARGIN CALL ($0)
26,79,0.0,9,0,9,1.0,-100.0,0.0,MARGIN CALL ($0)
26,78,0.0,9,0,9,1.0,-100.0,0.0,MARGIN CALL ($0)
26,77,0.0,9,0,9,1.0,-100.0,0.0,MARGIN CALL ($0)
26,76,0.0,10,0,10,1.0,-100.0,0.0,MARGIN CALL ($0)
26,75,0.0,10,0,10,1.0,-100.0,0.0,MARGIN CALL ($0)
26,74,0.0,11,0,11,1.0,-100.0,0.0,MARGIN CALL ($0)
26,73,0.0,11,0,11,1.0,-100.0,0.0,MARGIN CALL ($0)
26,72,0.0,11,0,11,1.0,-100.0,0.0,MARGIN CALL ($0)
26,71,0.0,21,3,18,1.0,-100.0,14.285714285714285,MARGIN CALL ($0)
26,70,0.0,21,3,18,1.0,-100.0,14.285714285714285,MARGIN CALL ($0)
26,69,0.0,20,3,17,1.0,-100.0,15.0,MARGIN CALL ($0)
26,68,0.0,19,2,17,1.0,-100.0,10.526315789473683,MARGIN CALL ($0)
26,67,0.0,18,2,16,1.0,-100.0,11.11111111111111,MARGIN CALL ($0)
26,98,0.0,24,3,21,1.0,-100.0,12.5,MARGIN CALL ($0)
26,97,0.0,24,3,21,1.0,-100.0,12.5,MARGIN CALL ($0)
26,96,0.0,26,3,23,1.0,-100.0,11.538461538461538,MARGIN CALL ($0)
26,95,0.0,26,3,23,1.0,-100.0,11.538461538461538,MARGIN CALL ($0)
26,94,0.0,24,3,21,1.0,-100.0,12.5,MARGIN CALL ($0)
26,93,0.0,24,3,21,1.0,-100.0,12.5,MARGIN CALL ($0)
26,92,0.0,24,3,21,1.0,-100.0,12.5,MARGIN CALL ($0)
26,91,0.0,24,3,21,1.0,-100.0,12.5,MARGIN CALL ($0)
26,90,0.0,25,4,21,1.0,-100.0,16.0,MARGIN CALL ($0)
26,89,0.0,22,3,19,1.0,-100.0,13.636363636363635,MARGIN CALL ($0)
26,88,0.0,21,3,18,1.0,-100.0,14.285714285714285,MARGIN CALL ($0)
26,87,0.0,21,3,18,1.0,-100.0,14.285714285714285,MARGIN CALL ($0)
26,86,0.0,22,3,19,1.0,-100.0,13.636363636363635,MARGIN CALL ($0)
26,85,0.0,22,3,19,1.0,-100.0,13.636363636363635,MARGIN CALL ($0)
26,84,0.0,22,3,19,1.0,-100.0,13.636363636363635,MARGIN CALL ($0)
26,83,0.0,22,3,19,1.0,-100.0,13.636363636363635,MARGIN CALL ($0)
27,16,0.0,30,5,25,1.0,-100.0,16.666666666666664,MARGIN CALL ($0)
27,15,0.0,28,5,23,1.0,-100.0,17.857142857142858,MARGIN CALL ($0)
27,14,0.0,40,8,32,1.0,-100.0,20.0,MARGIN CALL ($0)
27,12,0.0,17,3,14,1.0,-100.0,17.647058823529413,MARGIN CALL ($0)
27,11,0.0,18,3,15,1.0,-100.0,16.666666666666664,MARGIN CALL ($0)
27,10,0.0,20,3,17,1.0,-100.0,15.0,MARGIN CALL ($0)
27,9,0.0,19,3,16,1.0,-100.0,15.789473684210526,MARGIN CALL ($0)
27,8,0.0,19,3,16,1.0,-100.0,15.789473684210526,MARGIN CALL ($0)
27,7,0.0,16,1,15,1.0,-100.0,6.25,MARGIN CALL ($0)
27,6,0.0,16,1,15,1.0,-100.0,6.25,MARGIN CALL ($0)
27,5,0.0,15,1,14,1.0,-100.0,6.666666666666667,MARGIN CALL ($0)
27,4,0.0,24,5,19,1.0,-100.0,20.833333333333336,MARGIN CALL ($0)
27,3,0.0,2342,552,1790,1.0,-100.0,23.569598633646454,MARGIN CALL ($0)
27,1,0.0,451,85,366,1.0,-100.0,18.8470066518847,MARGIN CALL ($0)
26,100,0.0,24,3,21,1.0,-100.0,12.5,MARGIN CALL ($0)
26,99,0.0,24,3,21,1.0,-100.0,12.5,MARGIN CALL ($0)
27,32,0.0,18,2,16,1.0,-100.0,11.11111111111111,MARGIN CALL ($0)
27,31,0.0,23,3,20,1.0,-100.0,13.043478260869565,MARGIN CALL ($0)
27,30,0.0,19,2,17,1.0,-100.0,10.526315789473683,MARGIN CALL ($0)
27,29,0.0,24,4,20,1.0,-100.0,16.666666666666664,MARGIN CALL ($0)
27,28,0.0,59,9,50,1.0,-100.0,15.254237288135593,MARGIN CALL ($0)
27,27,0.0,63,9,54,1.0,-100.0,14.285714285714285,MARGIN CALL ($0)
27,26,0.0,36,5,31,1.0,-100.0,13.88888888888889,MARGIN CALL ($0)
27,25,0.0,31,4,27,1.0,-100.0,12.903225806451612,MARGIN CALL ($0)
27,24,0.0,79,13,66,1.0,-100.0,16.455696202531644,MARGIN CALL ($0)
27,23,0.0,218,43,175,1.0,-100.0,19.724770642201836,MARGIN CALL ($0)
27,22,0.0,32,5,27,1.0,-100.0,15.625,MARGIN CALL ($0)
27,21,0.0,63,9,54,1.0,-100.0,14.285714285714285,MARGIN CALL ($0)
27,20,0.0,612,103,509,1.0,-100.0,16.830065359477125,MARGIN CALL ($0)
27,19,0.0,277,42,235,1.0,-100.0,15.162454873646208,MARGIN CALL ($0)
27,18,0.0,29,3,26,1.0,-100.0,10.344827586206897,MARGIN CALL ($0)
27,17,0.0,31,4,27,1.0,-100.0,12.903225806451612,MARGIN CALL ($0)
27,48,0.0,11,0,11,1.0,-100.0,0.0,MARGIN CALL ($0)
27,47,0.0,12,0,12,1.0,-100.0,0.0,MARGIN CALL ($0)
27,46,0.0,21,2,19,1.0,-100.0,9.523809523809524,MARGIN CALL ($0)
27,45,0.0,20,2,18,1.0,-100.0,10.0,MARGIN CALL ($0)
27,44,0.0,19,2,17,1.0,-100.0,10.526315789473683,MARGIN CALL ($0)
27,43,0.0,18,2,16,1.0,-100.0,11.11111111111111,MARGIN CALL ($0)
27,42,0.0,19,3,16,1.0,-100.0,15.789473684210526,MARGIN CALL ($0)
27,41,0.0,21,3,18,1.0,-100.0,14.285714285714285,MARGIN CALL ($0)
27,40,0.0,22,3,19,1.0,-100.0,13.636363636363635,MARGIN CALL ($0)
27,39,0.0,22,3,19,1.0,-100.0,13.636363636363635,MARGIN CALL ($0)
27,38,0.0,21,3,18,1.0,-100.0,14.285714285714285,MARGIN CALL ($0)
27,37,0.0,21,3,18,1.0,-100.0,14.285714285714285,MARGIN CALL ($0)
27,36,0.0,19,3,16,1.0,-100.0,15.789473684210526,MARGIN CALL ($0)
27,35,0.0,19,3,16,1.0,-100.0,15.789473684210526,MARGIN CALL ($0)
27,34,0.0,20,3,17,1.0,-100.0,15.0,MARGIN CALL ($0)
27,33,0.0,18,2,16,1.0,-100.0,11.11111111111111,MARGIN CALL ($0)
27,64,0.0,18,2,16,1.0,-100.0,11.11111111111111,MARGIN CALL ($0)
27,63,0.0,19,2,17,1.0,-100.0,10.526315789473683,MARGIN CALL ($0)
27,62,0.0,19,2,17,1.0,-100.0,10.526315789473683,MARGIN CALL ($0)
27,61,0.0,19,2,17,1.0,-100.0,10.526315789473683,MARGIN CALL ($0)
27,60,0.0,19,2,17,1.0,-100.0,10.526315789473683,MARGIN CALL ($0)
27,59,0.0,19,2,17,1.0,-100.0,10.526315789473683,MARGIN CALL ($0)
27,58,0.0,19,2,17,1.0,-100.0,10.526315789473683,MARGIN CALL ($0)
27,57,0.0,18,2,16,1.0,-100.0,11.11111111111111,MARGIN CALL ($0)
27,56,0.0,19,2,17,1.0,-100.0,10.526315789473683,MARGIN CALL ($0)
27,55,0.0,18,2,16,1.0,-100.0,11.11111111111111,MARGIN CALL ($0)
27,54,0.0,10,0,10,1.0,-100.0,0.0,MARGIN CALL ($0)
27,53,0.0,10,0,10,1.0,-100.0,0.0,MARGIN CALL ($0)
27,52,0.0,9,0,9,1.0,-100.0,0.0,MARGIN CALL ($0)
27,51,0.0,9,0,9,1.0,-100.0,0.0,MARGIN CALL ($0)
27,50,0.0,11,0,11,1.0,-100.0,0.0,MARGIN CALL ($0)
27,49,0.0,10,0,10,1.0,-100.0,0.0,MARGIN CALL ($0)
27,80,0.0,12,0,12,1.0,-100.0,0.0,MARGIN CALL ($0)
27,79,0.0,9,0,9,1.0,-100.0,0.0,MARGIN CALL ($0)
27,78,0.0,9,0,9,1.0,-100.0,0.0,MARGIN CALL ($0)
27,77,0.0,9,0,9,1.0,-100.0,0.0,MARGIN CALL ($0)
27,76,0.0,10,0,10,1.0,-100.0,0.0,MARGIN CALL ($0)
27,75,0.0,10,0,10,1.0,-100.0,0.0,MARGIN CALL ($0)
27,74,0.0,11,0,11,1.0,-100.0,0.0,MARGIN CALL ($0)
27,73,0.0,11,0,11,1.0,-100.0,0.0,MARGIN CALL ($0)
27,72,0.0,11,0,11,1.0,-100.0,0.0,MARGIN CALL ($0)
27,71,0.0,24,4,20,1.0,-100.0,16.666666666666664,MARGIN CALL ($0)
27,70,0.0,24,4,20,1.0,-100.0,16.666666666666664,MARGIN CALL ($0)
27,69,0.0,24,4,20,1.0,-100.0,16.666666666666664,MARGIN CALL ($0)
27,68,0.0,18,2,16,1.0,-100.0,11.11111111111111,MARGIN CALL ($0)
27,67,0.0,17,2,15,1.0,-100.0,11.76470588235294,MARGIN CALL ($0)
27,66,0.0,17,2,15,1.0,-100.0,11.76470588235294,MARGIN CALL ($0)
27,65,0.0,17,2,15,1.0,-100.0,11.76470588235294,MARGIN CALL ($0)
27,96,0.0,24,3,21,1.0,-100.0,12.5,MARGIN CALL ($0)
27,95,0.0,24,3,21,1.0,-100.0,12.5,MARGIN CALL ($0)
27,94,0.0,23,3,20,1.0,-100.0,13.043478260869565,MARGIN CALL ($0)
27,93,0.0,23,3,20,1.0,-100.0,13.043478260869565,MARGIN CALL ($0)
27,92,0.0,23,3,20,1.0,-100.0,13.043478260869565,MARGIN CALL ($0)
27,91,0.0,23,3,20,1.0,-100.0,13.043478260869565,MARGIN CALL ($0)
27,90,0.0,23,4,19,1.0,-100.0,17.391304347826086,MARGIN CALL ($0)
27,89,0.0,27,6,21,1.0,-100.0,22.22222222222222,MARGIN CALL ($0)
27,88,0.0,29,7,22,1.0,-100.0,24.137931034482758,MARGIN CALL ($0)
27,87,0.0,27,6,21,1.0,-100.0,22.22222222222222,MARGIN CALL ($0)
27,86,0.0,28,6,22,1.0,-100.0,21.428571428571427,MARGIN CALL ($0)
27,85,0.0,27,6,21,1.0,-100.0,22.22222222222222,MARGIN CALL ($0)
27,84,0.0,28,6,22,1.0,-100.0,21.428571428571427,MARGIN CALL ($0)
27,83,0.0,28,6,22,1.0,-100.0,21.428571428571427,MARGIN CALL ($0)
27,82,0.0,24,4,20,1.0,-100.0,16.666666666666664,MARGIN CALL ($0)
27,81,0.0,11,0,11,1.0,-100.0,0.0,MARGIN CALL ($0)
28,13,0.0,49,9,40,1.0,-100.0,18.367346938775512,MARGIN CALL ($0)
28,12,0.0,12,0,12,1.0,-100.0,0.0,MARGIN CALL ($0)
28,11,0.0,21,3,18,1.0,-100.0,14.285714285714285,MARGIN CALL ($0)
28,10,0.0,23,3,20,1.0,-100.0,13.043478260869565,MARGIN CALL ($0)
28,9,0.0,12,0,12,1.0,-100.0,0.0,MARGIN CALL ($0)
28,8,0.0,13,0,13,1.0,-100.0,0.0,MARGIN CALL ($0)
28,7,0.0,19,1,18,1.0,-100.0,5.263157894736842,MARGIN CALL ($0)
28,6,0.0,18,1,17,1.0,-100.0,5.555555555555555,MARGIN CALL ($0)
28,5,0.0,14,0,14,1.0,-100.0,0.0,MARGIN CALL ($0)
28,4,0.0,37,8,29,1.0,-100.0,21.62162162162162,MARGIN CALL ($0)
28,3,0.0,2296,538,1758,1.0,-100.0,23.432055749128917,MARGIN CALL ($0)
28,1,0.0,1012,196,816,1.0,-100.0,19.367588932806324,MARGIN CALL ($0)
27,100,0.0,24,3,21,1.0,-100.0,12.5,MARGIN CALL ($0)
27,99,0.0,24,3,21,1.0,-100.0,12.5,MARGIN CALL ($0)
27,98,0.0,24,3,21,1.0,-100.0,12.5,MARGIN CALL ($0)
27,97,0.0,24,3,21,1.0,-100.0,12.5,MARGIN CALL ($0)
28,29,0.0,8,0,8,1.0,-100.0,0.0,MARGIN CALL ($0)
28,28,0.0,8,0,8,1.0,-100.0,0.0,MARGIN CALL ($0)
28,27,0.0,59,9,50,1.0,-100.0,15.254237288135593,MARGIN CALL ($0)
28,26,0.0,29,3,26,1.0,-100.0,10.344827586206897,MARGIN CALL ($0)
28,25,0.0,32,4,28,1.0,-100.0,12.5,MARGIN CALL ($0)
28,24,0.0,76,13,63,1.0,-100.0,17.105263157894736,MARGIN CALL ($0)
28,23,0.0,110,19,91,1.0,-100.0,17.272727272727273,MARGIN CALL ($0)
28,22,0.0,23,3,20,1.0,-100.0,13.043478260869565,MARGIN CALL ($0)
28,21,0.0,48,7,41,1.0,-100.0,14.583333333333334,MARGIN CALL ($0)
28,20,0.0,541,93,448,1.0,-100.0,17.190388170055453,MARGIN CALL ($0)
28,19,0.0,28,3,25,1.0,-100.0,10.714285714285714,MARGIN CALL ($0)
28,18,0.0,29,3,26,1.0,-100.0,10.344827586206897,MARGIN CALL ($0)
28,17,0.0,30,4,26,1.0,-100.0,13.333333333333334,MARGIN CALL ($0)
28,16,0.0,33,5,28,1.0,-100.0,15.151515151515152,MARGIN CALL ($0)
28,15,0.0,33,5,28,1.0,-100.0,15.151515151515152,MARGIN CALL ($0)
28,14,0.0,47,9,38,1.0,-100.0,19.148936170212767,MARGIN CALL ($0)
28,45,0.0,21,2,19,1.0,-100.0,9.523809523809524,MARGIN CALL ($0)
28,44,0.0,19,2,17,1.0,-100.0,10.526315789473683,MARGIN CALL ($0)
28,43,0.0,19,2,17,1.0,-100.0,10.526315789473683,MARGIN CALL ($0)
28,42,0.0,20,3,17,1.0,-100.0,15.0,MARGIN CALL ($0)
28,41,0.0,20,3,17,1.0,-100.0,15.0,MARGIN CALL ($0)
28,40,0.0,21,3,18,1.0,-100.0,14.285714285714285,MARGIN CALL ($0)
28,39,0.0,20,3,17,1.0,-100.0,15.0,MARGIN CALL ($0)
28,38,0.0,20,3,17,1.0,-100.0,15.0,MARGIN CALL ($0)
28,37,0.0,19,3,16,1.0,-100.0,15.789473684210526,MARGIN CALL ($0)
28,36,0.0,17,3,14,1.0,-100.0,17.647058823529413,MARGIN CALL ($0)
28,35,0.0,18,3,15,1.0,-100.0,16.666666666666664,MARGIN CALL ($0)
28,34,0.0,19,3,16,1.0,-100.0,15.789473684210526,MARGIN CALL ($0)
28,33,0.0,18,2,16,1.0,-100.0,11.11111111111111,MARGIN CALL ($0)
28,32,0.0,18,2,16,1.0,-100.0,11.11111111111111,MARGIN CALL ($0)
28,31,0.0,18,3,15,1.0,-100.0,16.666666666666664,MARGIN CALL ($0)
28,30,0.0,17,2,15,1.0,-100.0,11.76470588235294,MARGIN CALL ($0)
28,61,0.0,19,2,17,1.0,-100.0,10.526315789473683,MARGIN CALL ($0)
28,60,0.0,19,2,17,1.0,-100.0,10.526315789473683,MARGIN CALL ($0)
28,59,0.0,19,2,17,1.0,-100.0,10.526315789473683,MARGIN CALL ($0)
28,58,0.0,19,2,17,1.0,-100.0,10.526315789473683,MARGIN CALL ($0)
28,57,0.0,18,2,16,1.0,-100.0,11.11111111111111,MARGIN CALL ($0)
28,56,0.0,19,2,17,1.0,-100.0,10.526315789473683,MARGIN CALL ($0)
28,55,0.0,18,2,16,1.0,-100.0,11.11111111111111,MARGIN CALL ($0)
28,54,0.0,9,0,9,1.0,-100.0,0.0,MARGIN CALL ($0)
28,53,0.0,9,0,9,1.0,-100.0,0.0,MARGIN CALL ($0)
28,52,0.0,8,0,8,1.0,-100.0,0.0,MARGIN CALL ($0)
28,51,0.0,9,0,9,1.0,-100.0,0.0,MARGIN CALL ($0)
28,50,0.0,11,0,11,1.0,-100.0,0.0,MARGIN CALL ($0)
28,49,0.0,10,0,10,1.0,-100.0,0.0,MARGIN CALL ($0)
28,48,0.0,11,0,11,1.0,-100.0,0.0,MARGIN CALL ($0)
28,47,0.0,12,0,12,1.0,-100.0,0.0,MARGIN CALL ($0)
28,46,0.0,22,2,20,1.0,-100.0,9.090909090909092,MARGIN CALL ($0)
28,77,0.0,8,0,8,1.0,-100.0,0.0,MARGIN CALL ($0)
28,76,0.0,9,0,9,1.0,-100.0,0.0,MARGIN CALL ($0)
28,75,0.0,9,0,9,1.0,-100.0,0.0,MARGIN CALL ($0)
28,74,0.0,10,0,10,1.0,-100.0,0.0,MARGIN CALL ($0)
28,73,0.0,10,0,10,1.0,-100.0,0.0,MARGIN CALL ($0)
28,72,0.0,10,0,10,1.0,-100.0,0.0,MARGIN CALL ($0)
28,71,0.0,24,4,20,1.0,-100.0,16.666666666666664,MARGIN CALL ($0)
28,70,0.0,24,4,20,1.0,-100.0,16.666666666666664,MARGIN CALL ($0)
28,69,0.0,24,4,20,1.0,-100.0,16.666666666666664,MARGIN CALL ($0)
28,68,0.0,18,2,16,1.0,-100.0,11.11111111111111,MARGIN CALL ($0)
28,67,0.0,20,3,17,1.0,-100.0,15.0,MARGIN CALL ($0)
28,66,0.0,17,2,15,1.0,-100.0,11.76470588235294,MARGIN CALL ($0)
28,65,0.0,17,2,15,1.0,-100.0,11.76470588235294,MARGIN CALL ($0)
28,64,0.0,18,2,16,1.0,-100.0,11.11111111111111,MARGIN CALL ($0)
28,63,0.0,19,2,17,1.0,-100.0,10.526315789473683,MARGIN CALL ($0)
28,62,0.0,19,2,17,1.0,-100.0,10.526315789473683,MARGIN CALL ($0)
28,93,0.0,23,3,20,1.0,-100.0,13.043478260869565,MARGIN CALL ($0)
28,92,0.0,23,3,20,1.0,-100.0,13.043478260869565,MARGIN CALL ($0)
28,91,0.0,23,3,20,1.0,-100.0,13.043478260869565,MARGIN CALL ($0)
28,90,0.0,23,4,19,1.0,-100.0,17.391304347826086,MARGIN CALL ($0)
28,89,0.0,27,6,21,1.0,-100.0,22.22222222222222,MARGIN CALL ($0)
28,88,0.0,29,7,22,1.0,-100.0,24.137931034482758,MARGIN CALL ($0)
28,87,0.0,27,6,21,1.0,-100.0,22.22222222222222,MARGIN CALL ($0)
28,86,0.0,27,6,21,1.0,-100.0,22.22222222222222,MARGIN CALL ($0)
28,85,0.0,26,6,20,1.0,-100.0,23.076923076923077,MARGIN CALL ($0)
28,84,0.0,28,6,22,1.0,-100.0,21.428571428571427,MARGIN CALL ($0)
28,83,0.0,28,6,22,1.0,-100.0,21.428571428571427,MARGIN CALL ($0)
28,82,0.0,24,4,20,1.0,-100.0,16.666666666666664,MARGIN CALL ($0)
28,81,0.0,11,0,11,1.0,-100.0,0.0,MARGIN CALL ($0)
28,80,0.0,11,0,11,1.0,-100.0,0.0,MARGIN CALL ($0)
28,79,0.0,8,0,8,1.0,-100.0,0.0,MARGIN CALL ($0)
28,78,0.0,8,0,8,1.0,-100.0,0.0,MARGIN CALL ($0)
29,10,0.0,23,3,20,1.0,-100.0,13.043478260869565,MARGIN CALL ($0)
29,9,0.0,12,0,12,1.0,-100.0,0.0,MARGIN CALL ($0)
29,8,0.0,13,0,13,1.0,-100.0,0.0,MARGIN CALL ($0)
29,7,0.0,19,1,18,1.0,-100.0,5.263157894736842,MARGIN CALL ($0)
29,6,0.0,18,1,17,1.0,-100.0,5.555555555555555,MARGIN CALL ($0)
29,5,0.0,14,0,14,1.0,-100.0,0.0,MARGIN CALL ($0)
29,4,0.0,37,8,29,1.0,-100.0,21.62162162162162,MARGIN CALL ($0)
29,3,0.0,2343,553,1790,1.0,-100.0,23.602219376867264,MARGIN CALL ($0)
29,1,0.0,1207,235,972,1.0,-100.0,19.46975973487987,MARGIN CALL ($0)
28,100,0.0,24,3,21,1.0,-100.0,12.5,MARGIN CALL ($0)
28,99,0.0,24,3,21,1.0,-100.0,12.5,MARGIN CALL ($0)
28,98,0.0,24,3,21,1.0,-100.0,12.5,MARGIN CALL ($0)
28,97,0.0,24,3,21,1.0,-100.0,12.5,MARGIN CALL ($0)
28,96,0.0,24,3,21,1.0,-100.0,12.5,MARGIN CALL ($0)
28,95,0.0,24,3,21,1.0,-100.0,12.5,MARGIN CALL ($0)
28,94,0.0,23,3,20,1.0,-100.0,13.043478260869565,MARGIN CALL ($0)
29,27,0.0,43,6,37,1.0,-100.0,13.953488372093023,MARGIN CALL ($0)
29,26,0.0,30,3,27,1.0,-100.0,10.0,MARGIN CALL ($0)
29,25,0.0,31,4,27,1.0,-100.0,12.903225806451612,MARGIN CALL ($0)
29,24,0.0,81,14,67,1.0,-100.0,17.28395061728395,MARGIN CALL ($0)
29,23,0.0,116,20,96,1.0,-100.0,17.24137931034483,MARGIN CALL ($0)
29,22,0.0,24,3,21,1.0,-100.0,12.5,MARGIN CALL ($0)
29,21,0.0,59,10,49,1.0,-100.0,16.94915254237288,MARGIN CALL ($0)
29,20,0.0,278,45,233,1.0,-100.0,16.18705035971223,MARGIN CALL ($0)
29,19,0.0,212,32,180,1.0,-100.0,15.09433962264151,MARGIN CALL ($0)
29,18,0.0,29,3,26,1.0,-100.0,10.344827586206897,MARGIN CALL ($0)
29,17,0.0,31,4,27,1.0,-100.0,12.903225806451612,MARGIN CALL ($0)
29,16,0.0,33,5,28,1.0,-100.0,15.151515151515152,MARGIN CALL ($0)
29,15,0.0,33,5,28,1.0,-100.0,15.151515151515152,MARGIN CALL ($0)
29,14,0.0,48,9,39,1.0,-100.0,18.75,MARGIN CALL ($0)
29,12,0.0,12,0,12,1.0,-100.0,0.0,MARGIN CALL ($0)
29,11,0.0,21,3,18,1.0,-100.0,14.285714285714285,MARGIN CALL ($0)
29,43,0.0,20,2,18,1.0,-100.0,10.0,MARGIN CALL ($0)
29,42,0.0,19,3,16,1.0,-100.0,15.789473684210526,MARGIN CALL ($0)
29,41,0.0,20,3,17,1.0,-100.0,15.0,MARGIN CALL ($0)
29,40,0.0,21,3,18,1.0,-100.0,14.285714285714285,MARGIN CALL ($0)
29,39,0.0,20,3,17,1.0,-100.0,15.0,MARGIN CALL ($0)
29,38,0.0,19,3,16,1.0,-100.0,15.789473684210526,MARGIN CALL ($0)
29,37,0.0,18,3,15,1.0,-100.0,16.666666666666664,MARGIN CALL ($0)
29,36,0.0,17,3,14,1.0,-100.0,17.647058823529413,MARGIN CALL ($0)
29,35,0.0,19,3,16,1.0,-100.0,15.789473684210526,MARGIN CALL ($0)
29,34,0.0,19,3,16,1.0,-100.0,15.789473684210526,MARGIN CALL ($0)
29,33,0.0,17,2,15,1.0,-100.0,11.76470588235294,MARGIN CALL ($0)
29,32,0.0,18,3,15,1.0,-100.0,16.666666666666664,MARGIN CALL ($0)
29,31,0.0,18,3,15,1.0,-100.0,16.666666666666664,MARGIN CALL ($0)
29,30,0.0,17,3,14,1.0,-100.0,17.647058823529413,MARGIN CALL ($0)
29,29,0.0,8,0,8,1.0,-100.0,0.0,MARGIN CALL ($0)
29,28,0.0,8,0,8,1.0,-100.0,0.0,MARGIN CALL ($0)
29,59,0.0,18,2,16,1.0,-100.0,11.11111111111111,MARGIN CALL ($0)
29,58,0.0,18,2,16,1.0,-100.0,11.11111111111111,MARGIN CALL ($0)
29,57,0.0,21,2,19,1.0,-100.0,9.523809523809524,MARGIN CALL ($0)
29,56,0.0,22,2,20,1.0,-100.0,9.090909090909092,MARGIN CALL ($0)
29,55,0.0,22,2,20,1.0,-100.0,9.090909090909092,MARGIN CALL ($0)
29,54,0.0,8,0,8,1.0,-100.0,0.0,MARGIN CALL ($0)
29,53,0.0,8,0,8,1.0,-100.0,0.0,MARGIN CALL ($0)
29,52,0.0,8,0,8,1.0,-100.0,0.0,MARGIN CALL ($0)
29,51,0.0,9,0,9,1.0,-100.0,0.0,MARGIN CALL ($0)
29,50,0.0,11,0,11,1.0,-100.0,0.0,MARGIN CALL ($0)
29,49,0.0,11,0,11,1.0,-100.0,0.0,MARGIN CALL ($0)
29,48,0.0,10,0,10,1.0,-100.0,0.0,MARGIN CALL ($0)
29,47,0.0,11,0,11,1.0,-100.0,0.0,MARGIN CALL ($0)
29,46,0.0,21,2,19,1.0,-100.0,9.523809523809524,MARGIN CALL ($0)
29,45,0.0,22,2,20,1.0,-100.0,9.090909090909092,MARGIN CALL ($0)
29,44,0.0,24,4,20,1.0,-100.0,16.666666666666664,MARGIN CALL ($0)
29,75,0.0,9,0,9,1.0,-100.0,0.0,MARGIN CALL ($0)
29,74,0.0,10,0,10,1.0,-100.0,0.0,MARGIN CALL ($0)
29,73,0.0,10,0,10,1.0,-100.0,0.0,MARGIN CALL ($0)
29,72,0.0,10,0,10,1.0,-100.0,0.0,MARGIN CALL ($0)
29,71,0.0,25,4,21,1.0,-100.0,16.0,MARGIN CALL ($0)
29,70,0.0,25,4,21,1.0,-100.0,16.0,MARGIN CALL ($0)
29,69,0.0,23,4,19,1.0,-100.0,17.391304347826086,MARGIN CALL ($0)
29,68,0.0,20,3,17,1.0,-100.0,15.0,MARGIN CALL ($0)
29,67,0.0,20,3,17,1.0,-100.0,15.0,MARGIN CALL ($0)
29,66,0.0,18,2,16,1.0,-100.0,11.11111111111111,MARGIN CALL ($0)
29,65,0.0,18,2,16,1.0,-100.0,11.11111111111111,MARGIN CALL ($0)
29,64,0.0,19,2,17,1.0,-100.0,10.526315789473683,MARGIN CALL ($0)
29,63,0.0,18,2,16,1.0,-100.0,11.11111111111111,MARGIN CALL ($0)
29,62,0.0,18,2,16,1.0,-100.0,11.11111111111111,MARGIN CALL ($0)
29,61,0.0,18,2,16,1.0,-100.0,11.11111111111111,MARGIN CALL ($0)
29,60,0.0,18,2,16,1.0,-100.0,11.11111111111111,MARGIN CALL ($0)
29,91,0.0,29,6,23,1.0,-100.0,20.689655172413794,MARGIN CALL ($0)
29,90,0.0,29,7,22,1.0,-100.0,24.137931034482758,MARGIN CALL ($0)
29,89,0.0,26,6,20,1.0,-100.0,23.076923076923077,MARGIN CALL ($0)
29,88,0.0,27,6,21,1.0,-100.0,22.22222222222222,MARGIN CALL ($0)
29,87,0.0,35,6,29,1.0,-100.0,17.142857142857142,MARGIN CALL ($0)
29,86,0.0,38,6,32,1.0,-100.0,15.789473684210526,MARGIN CALL ($0)
29,85,0.0,33,6,27,1.0,-100.0,18.181818181818183,MARGIN CALL ($0)
29,84,0.0,36,6,30,1.0,-100.0,16.666666666666664,MARGIN CALL ($0)
29,83,0.0,35,6,29,1.0,-100.0,17.142857142857142,MARGIN CALL ($0)
29,82,0.0,23,4,19,1.0,-100.0,17.391304347826086,MARGIN CALL ($0)
29,81,0.0,11,0,11,1.0,-100.0,0.0,MARGIN CALL ($0)
29,80,0.0,11,0,11,1.0,-100.0,0.0,MARGIN CALL ($0)
29,79,0.0,8,0,8,1.0,-100.0,0.0,MARGIN CALL ($0)
29,78,0.0,8,0,8,1.0,-100.0,0.0,MARGIN CALL ($0)
29,77,0.0,8,0,8,1.0,-100.0,0.0,MARGIN CALL ($0)
29,76,0.0,9,0,9,1.0,-100.0,0.0,MARGIN CALL ($0)
30,8,0.0,13,0,13,1.0,-100.0,0.0,MARGIN CALL ($0)
30,7,0.0,19,1,18,1.0,-100.0,5.263157894736842,MARGIN CALL ($0)
30,6,0.0,18,1,17,1.0,-100.0,5.555555555555555,MARGIN CALL ($0)
30,5,0.0,14,0,14,1.0,-100.0,0.0,MARGIN CALL ($0)
30,4,0.0,37,8,29,1.0,-100.0,21.62162162162162,MARGIN CALL ($0)
30,3,0.0,2352,556,1796,1.0,-100.0,23.639455782312925,MARGIN CALL ($0)
30,1,0.0,1258,244,1014,1.0,-100.0,19.395866454689983,MARGIN CALL ($0)
29,100,0.0,23,3,20,1.0,-100.0,13.043478260869565,MARGIN CALL ($0)
29,99,0.0,23,3,20,1.0,-100.0,13.043478260869565,MARGIN CALL ($0)
29,98,0.0,23,3,20,1.0,-100.0,13.043478260869565,MARGIN CALL ($0)
29,97,0.0,23,3,20,1.0,-100.0,13.043478260869565,MARGIN CALL ($0)
29,96,0.0,23,3,20,1.0,-100.0,13.043478260869565,MARGIN CALL ($0)
29,95,0.0,23,3,20,1.0,-100.0,13.043478260869565,MARGIN CALL ($0)
29,94,0.0,29,6,23,1.0,-100.0,20.689655172413794,MARGIN CALL ($0)
29,93,0.0,29,6,23,1.0,-100.0,20.689655172413794,MARGIN CALL ($0)
29,92,0.0,29,6,23,1.0,-100.0,20.689655172413794,MARGIN CALL ($0)
30,25,0.0,34,5,29,1.0,-100.0,14.705882352941178,MARGIN CALL ($0)
30,24,0.0,87,15,72,1.0,-100.0,17.24137931034483,MARGIN CALL ($0)
30,23,0.0,295,56,239,1.0,-100.0,18.983050847457626,MARGIN CALL ($0)
30,22,0.0,32,5,27,1.0,-100.0,15.625,MARGIN CALL ($0)
30,21,0.0,97,16,81,1.0,-100.0,16.49484536082474,MARGIN CALL ($0)
30,20,0.0,540,95,445,1.0,-100.0,17.59259259259259,MARGIN CALL ($0)
30,19,0.0,521,95,426,1.0,-100.0,18.234165067178505,MARGIN CALL ($0)
30,18,0.0,506,87,419,1.0,-100.0,17.193675889328063,MARGIN CALL ($0)
30,17,0.0,730,128,602,1.0,-100.0,17.534246575342465,MARGIN CALL ($0)
30,16,0.0,33,5,28,1.0,-100.0,15.151515151515152,MARGIN CALL ($0)
30,15,0.0,33,5,28,1.0,-100.0,15.151515151515152,MARGIN CALL ($0)
30,14,0.0,802,161,641,1.0,-100.0,20.074812967581046,MARGIN CALL ($0)
30,12,0.0,22,3,19,1.0,-100.0,13.636363636363635,MARGIN CALL ($0)
30,11,0.0,21,3,18,1.0,-100.0,14.285714285714285,MARGIN CALL ($0)
30,10,0.0,23,3,20,1.0,-100.0,13.043478260869565,MARGIN CALL ($0)
30,9,0.0,12,0,12,1.0,-100.0,0.0,MARGIN CALL ($0)
30,41,0.0,20,3,17,1.0,-100.0,15.0,MARGIN CALL ($0)
30,40,0.0,82,16,66,1.0,-100.0,19.51219512195122,MARGIN CALL ($0)
30,39,0.0,21,3,18,1.0,-100.0,14.285714285714285,MARGIN CALL ($0)
30,38,0.0,21,3,18,1.0,-100.0,14.285714285714285,MARGIN CALL ($0)
30,37,0.0,21,3,18,1.0,-100.0,14.285714285714285,MARGIN CALL ($0)
30,36,0.0,21,3,18,1.0,-100.0,14.285714285714285,MARGIN CALL ($0)
30,35,0.0,22,3,19,1.0,-100.0,13.636363636363635,MARGIN CALL ($0)
30,34,0.0,22,3,19,1.0,-100.0,13.636363636363635,MARGIN CALL ($0)
30,33,0.0,88,12,76,1.0,-100.0,13.636363636363635,MARGIN CALL ($0)
30,32,0.0,88,12,76,1.0,-100.0,13.636363636363635,MARGIN CALL ($0)
30,31,0.0,96,12,84,1.0,-100.0,12.5,MARGIN CALL ($0)
30,30,0.0,23,2,21,1.0,-100.0,8.695652173913043,MARGIN CALL ($0)
30,29,0.0,8,0,8,1.0,-100.0,0.0,MARGIN CALL ($0)
30,28,0.0,8,0,8,1.0,-100.0,0.0,MARGIN CALL ($0)
30,27,0.0,66,11,55,1.0,-100.0,16.666666666666664,MARGIN CALL ($0)
30,26,0.0,30,4,26,1.0,-100.0,13.333333333333334,MARGIN CALL ($0)
30,57,0.0,23,3,20,1.0,-100.0,13.043478260869565,MARGIN CALL ($0)
30,56,0.0,24,3,21,1.0,-100.0,12.5,MARGIN CALL ($0)
30,55,0.0,23,3,20,1.0,-100.0,13.043478260869565,MARGIN CALL ($0)
30,54,0.0,8,0,8,1.0,-100.0,0.0,MARGIN CALL ($0)
30,53,0.0,8,0,8,1.0,-100.0,0.0,MARGIN CALL ($0)
30,52,0.0,8,0,8,1.0,-100.0,0.0,MARGIN CALL ($0)
30,51,0.0,9,0,9,1.0,-100.0,0.0,MARGIN CALL ($0)
30,50,0.0,11,0,11,1.0,-100.0,0.0,MARGIN CALL ($0)
30,49,0.0,11,0,11,1.0,-100.0,0.0,MARGIN CALL ($0)
30,48,0.0,10,0,10,1.0,-100.0,0.0,MARGIN CALL ($0)
30,47,0.0,11,0,11,1.0,-100.0,0.0,MARGIN CALL ($0)
30,46,0.0,26,4,22,1.0,-100.0,15.384615384615385,MARGIN CALL ($0)
30,45,0.0,26,4,22,1.0,-100.0,15.384615384615385,MARGIN CALL ($0)
30,44,0.0,26,4,22,1.0,-100.0,15.384615384615385,MARGIN CALL ($0)
30,43,0.0,82,17,65,1.0,-100.0,20.73170731707317,MARGIN CALL ($0)
30,42,0.0,21,3,18,1.0,-100.0,14.285714285714285,MARGIN CALL ($0)
30,73,0.0,10,0,10,1.0,-100.0,0.0,MARGIN CALL ($0)
30,72,0.0,10,0,10,1.0,-100.0,0.0,MARGIN CALL ($0)
30,71,0.0,24,4,20,1.0,-100.0,16.666666666666664,MARGIN CALL ($0)
30,70,0.0,24,4,20,1.0,-100.0,16.666666666666664,MARGIN CALL ($0)
30,69,0.0,23,4,19,1.0,-100.0,17.391304347826086,MARGIN CALL ($0)
30,68,0.0,22,3,19,1.0,-100.0,13.636363636363635,MARGIN CALL ($0)
30,67,0.0,24,4,20,1.0,-100.0,16.666666666666664,MARGIN CALL ($0)
30,66,0.0,21,3,18,1.0,-100.0,14.285714285714285,MARGIN CALL ($0)
30,65,0.0,21,3,18,1.0,-100.0,14.285714285714285,MARGIN CALL ($0)
30,64,0.0,23,3,20,1.0,-100.0,13.043478260869565,MARGIN CALL ($0)
30,63,0.0,23,3,20,1.0,-100.0,13.043478260869565,MARGIN CALL ($0)
30,62,0.0,23,3,20,1.0,-100.0,13.043478260869565,MARGIN CALL ($0)
30,61,0.0,23,3,20,1.0,-100.0,13.043478260869565,MARGIN CALL ($0)
30,60,0.0,23,3,20,1.0,-100.0,13.043478260869565,MARGIN CALL ($0)
30,59,0.0,23,3,20,1.0,-100.0,13.043478260869565,MARGIN CALL ($0)
30,58,0.0,23,3,20,1.0,-100.0,13.043478260869565,MARGIN CALL ($0)
30,89,0.0,26,6,20,1.0,-100.0,23.076923076923077,MARGIN CALL ($0)
30,88,0.0,26,6,20,1.0,-100.0,23.076923076923077,MARGIN CALL ($0)
30,87,0.0,86,13,73,1.0,-100.0,15.11627906976744,MARGIN CALL ($0)
30,86,0.0,95,15,80,1.0,-100.0,15.789473684210526,MARGIN CALL ($0)
30,85,0.0,85,13,72,1.0,-100.0,15.294117647058824,MARGIN CALL ($0)
30,84,0.0,84,13,71,1.0,-100.0,15.476190476190476,MARGIN CALL ($0)
30,83,0.0,81,12,69,1.0,-100.0,14.814814814814813,MARGIN CALL ($0)
30,82,0.0,35,5,30,1.0,-100.0,14.285714285714285,MARGIN CALL ($0)
30,81,0.0,11,0,11,1.0,-100.0,0.0,MARGIN CALL ($0)
30,80,0.0,11,0,11,1.0,-100.0,0.0,MARGIN CALL ($0)
30,79,0.0,8,0,8,1.0,-100.0,0.0,MARGIN CALL ($0)
30,78,0.0,8,0,8,1.0,-100.0,0.0,MARGIN CALL ($0)
30,77,0.0,8,0,8,1.0,-100.0,0.0,MARGIN CALL ($0)
30,76,0.0,9,0,9,1.0,-100.0,0.0,MARGIN CALL ($0)
30,75,0.0,9,0,9,1.0,-100.0,0.0,MARGIN CALL ($0)
30,74,0.0,10,0,10,1.0,-100.0,0.0,MARGIN CALL ($0)
31,6,0.0,18,1,17,1.0,-100.0,5.555555555555555,MARGIN CALL ($0)
31,5,0.0,14,0,14,1.0,-100.0,0.0,MARGIN CALL ($0)
31,4,0.0,37,8,29,1.0,-100.0,21.62162162162162,MARGIN CALL ($0)
31,3,0.0,2360,555,1805,1.0,-100.0,23.516949152542374,MARGIN CALL ($0)
31,1,0.0,1233,241,992,1.0,-100.0,19.54582319545823,MARGIN CALL ($0)
30,100,0.0,27,4,23,1.0,-100.0,14.814814814814813,MARGIN CALL ($0)
30,99,0.0,27,4,23,1.0,-100.0,14.814814814814813,MARGIN CALL ($0)
30,98,0.0,27,4,23,1.0,-100.0,14.814814814814813,MARGIN CALL ($0)
30,97,0.0,30,6,24,1.0,-100.0,20.0,MARGIN CALL ($0)
30,96,0.0,31,6,25,1.0,-100.0,19.35483870967742,MARGIN CALL ($0)
30,95,0.0,31,6,25,1.0,-100.0,19.35483870967742,MARGIN CALL ($0)
30,94,0.0,32,6,26,1.0,-100.0,18.75,MARGIN CALL ($0)
30,93,0.0,31,6,25,1.0,-100.0,19.35483870967742,MARGIN CALL ($0)
30,92,0.0,31,6,25,1.0,-100.0,19.35483870967742,MARGIN CALL ($0)
30,91,0.0,40,7,33,1.0,-100.0,17.5,MARGIN CALL ($0)
30,90,0.0,39,8,31,1.0,-100.0,20.51282051282051,MARGIN CALL ($0)
31,22,0.0,37,6,31,1.0,-100.0,16.216216216216218,MARGIN CALL ($0)
31,21,0.0,71,10,61,1.0,-100.0,14.084507042253522,MARGIN CALL ($0)
31,20,0.0,539,94,445,1.0,-100.0,17.439703153988866,MARGIN CALL ($0)
31,19,0.0,507,88,419,1.0,-100.0,17.357001972386588,MARGIN CALL ($0)
31,18,0.0,512,85,427,1.0,-100.0,16.6015625,MARGIN CALL ($0)
31,17,0.0,813,150,663,1.0,-100.0,18.45018450184502,MARGIN CALL ($0)
31,16,0.0,34,5,29,1.0,-100.0,14.705882352941178,MARGIN CALL ($0)
31,15,0.0,32,5,27,1.0,-100.0,15.625,MARGIN CALL ($0)
31,14,0.0,885,177,708,1.0,-100.0,20.0,MARGIN CALL ($0)
31,12,0.0,22,3,19,1.0,-100.0,13.636363636363635,MARGIN CALL ($0)
31,11,0.0,21,3,18,1.0,-100.0,14.285714285714285,MARGIN CALL ($0)
31,10,0.0,23,3,20,1.0,-100.0,13.043478260869565,MARGIN CALL ($0)
31,9,0.0,12,0,12,1.0,-100.0,0.0,MARGIN CALL ($0)
31,8,0.0,13,0,13,1.0,-100.0,0.0,MARGIN CALL ($0)
31,7,0.0,19,1,18,1.0,-100.0,5.263157894736842,MARGIN CALL ($0)
31,38,0.0,244,34,210,1.0,-100.0,13.934426229508196,MARGIN CALL ($0)
31,37,0.0,50,7,43,1.0,-100.0,14.000000000000002,MARGIN CALL ($0)
31,36,0.0,84,12,72,1.0,-100.0,14.285714285714285,MARGIN CALL ($0)
31,35,0.0,24,3,21,1.0,-100.0,12.5,MARGIN CALL ($0)
31,34,0.0,24,3,21,1.0,-100.0,12.5,MARGIN CALL ($0)
31,33,0.0,84,11,73,1.0,-100.0,13.095238095238097,MARGIN CALL ($0)
31,32,0.0,86,11,75,1.0,-100.0,12.790697674418606,MARGIN CALL ($0)
31,31,0.0,92,11,81,1.0,-100.0,11.956521739130435,MARGIN CALL ($0)
31,30,0.0,24,2,22,1.0,-100.0,8.333333333333332,MARGIN CALL ($0)
31,29,0.0,8,0,8,1.0,-100.0,0.0,MARGIN CALL ($0)
31,28,0.0,8,0,8,1.0,-100.0,0.0,MARGIN CALL ($0)
31,27,0.0,65,11,54,1.0,-100.0,16.923076923076923,MARGIN CALL ($0)
31,26,0.0,30,3,27,1.0,-100.0,10.0,MARGIN CALL ($0)
31,25,0.0,31,4,27,1.0,-100.0,12.903225806451612,MARGIN CALL ($0)
31,24,0.0,82,15,67,1.0,-100.0,18.29268292682927,MARGIN CALL ($0)
31,23,0.0,233,44,189,1.0,-100.0,18.88412017167382,MARGIN CALL ($0)
31,54,0.0,8,0,8,1.0,-100.0,0.0,MARGIN CALL ($0)
31,53,0.0,8,0,8,1.0,-100.0,0.0,MARGIN CALL ($0)
31,52,0.0,8,0,8,1.0,-100.0,0.0,MARGIN CALL ($0)
31,51,0.0,9,0,9,1.0,-100.0,0.0,MARGIN CALL ($0)
31,50,0.0,11,0,11,1.0,-100.0,0.0,MARGIN CALL ($0)
31,49,0.0,11,0,11,1.0,-100.0,0.0,MARGIN CALL ($0)
31,48,0.0,10,0,10,1.0,-100.0,0.0,MARGIN CALL ($0)
31,47,0.0,11,0,11,1.0,-100.0,0.0,MARGIN CALL ($0)
31,46,0.0,24,4,20,1.0,-100.0,16.666666666666664,MARGIN CALL ($0)
31,45,0.0,25,4,21,1.0,-100.0,16.0,MARGIN CALL ($0)
31,44,0.0,24,4,20,1.0,-100.0,16.666666666666664,MARGIN CALL ($0)
31,43,0.0,71,13,58,1.0,-100.0,18.30985915492958,MARGIN CALL ($0)
31,42,0.0,79,15,64,1.0,-100.0,18.9873417721519,MARGIN CALL ($0)
31,41,0.0,92,16,76,1.0,-100.0,17.391304347826086,MARGIN CALL ($0)
31,40,0.0,98,16,82,1.0,-100.0,16.3265306122449,MARGIN CALL ($0)
31,39,0.0,21,3,18,1.0,-100.0,14.285714285714285,MARGIN CALL ($0)
31,70,0.0,22,4,18,1.0,-100.0,18.181818181818183,MARGIN CALL ($0)
31,69,0.0,26,4,22,1.0,-100.0,15.384615384615385,MARGIN CALL ($0)
31,68,0.0,18,3,15,1.0,-100.0,16.666666666666664,MARGIN CALL ($0)
31,67,0.0,36,7,29,1.0,-100.0,19.444444444444446,MARGIN CALL ($0)
31,66,0.0,22,4,18,1.0,-100.0,18.181818181818183,MARGIN CALL ($0)
31,65,0.0,21,4,17,1.0,-100.0,19.047619047619047,MARGIN CALL ($0)
31,64,0.0,23,4,19,1.0,-100.0,17.391304347826086,MARGIN CALL ($0)
31,63,0.0,20,3,17,1.0,-100.0,15.0,MARGIN CALL ($0)
31,62,0.0,20,3,17,1.0,-100.0,15.0,MARGIN CALL ($0)
31,61,0.0,20,3,17,1.0,-100.0,15.0,MARGIN CALL ($0)
31,60,0.0,20,3,17,1.0,-100.0,15.0,MARGIN CALL ($0)
31,59,0.0,20,3,17,1.0,-100.0,15.0,MARGIN CALL ($0)
31,58,0.0,20,3,17,1.0,-100.0,15.0,MARGIN CALL ($0)
31,57,0.0,20,3,17,1.0,-100.0,15.0,MARGIN CALL ($0)
31,56,0.0,22,3,19,1.0,-100.0,13.636363636363635,MARGIN CALL ($0)
31,55,0.0,21,3,18,1.0,-100.0,14.285714285714285,MARGIN CALL ($0)
31,86,0.0,99,17,82,1.0,-100.0,17.17171717171717,MARGIN CALL ($0)
31,85,0.0,97,17,80,1.0,-100.0,17.525773195876287,MARGIN CALL ($0)
31,84,0.0,96,17,79,1.0,-100.0,17.708333333333336,MARGIN CALL ($0)
31,83,0.0,93,16,77,1.0,-100.0,17.20430107526882,MARGIN CALL ($0)
31,82,0.0,41,5,36,1.0,-100.0,12.195121951219512,MARGIN CALL ($0)
31,81,0.0,11,0,11,1.0,-100.0,0.0,MARGIN CALL ($0)
31,80,0.0,11,0,11,1.0,-100.0,0.0,MARGIN CALL ($0)
31,79,0.0,8,0,8,1.0,-100.0,0.0,MARGIN CALL ($0)
31,78,0.0,8,0,8,1.0,-100.0,0.0,MARGIN CALL ($0)
31,77,0.0,8,0,8,1.0,-100.0,0.0,MARGIN CALL ($0)
31,76,0.0,9,0,9,1.0,-100.0,0.0,MARGIN CALL ($0)
31,75,0.0,9,0,9,1.0,-100.0,0.0,MARGIN CALL ($0)
31,74,0.0,10,0,10,1.0,-100.0,0.0,MARGIN CALL ($0)
31,73,0.0,10,0,10,1.0,-100.0,0.0,MARGIN CALL ($0)
31,72,0.0,10,0,10,1.0,-100.0,0.0,MARGIN CALL ($0)
31,71,0.0,22,4,18,1.0,-100.0,18.181818181818183,MARGIN CALL ($0)
2,90,0.0,49,9,40,1.0,-100.0,18.367346938775512,MARGIN CALL ($0)
2,89,0.0,46,8,38,1.0,-100.0,17.391304347826086,MARGIN CALL ($0)
2,88,0.0,82,18,64,1.0,-100.0,21.951219512195124,MARGIN CALL ($0)
2,87,0.0,53,11,42,1.0,-100.0,20.754716981132077,MARGIN CALL ($0)
2,86,0.0,53,11,42,1.0,-100.0,20.754716981132077,MARGIN CALL ($0)
2,85,0.0,51,10,41,1.0,-100.0,19.607843137254903,MARGIN CALL ($0)
2,84,0.0,52,10,42,1.0,-100.0,19.230769230769234,MARGIN CALL ($0)
2,83,0.0,52,10,42,1.0,-100.0,19.230769230769234,MARGIN CALL ($0)
2,82,0.0,52,10,42,1.0,-100.0,19.230769230769234,MARGIN CALL ($0)
2,81,0.0,28,5,23,1.0,-100.0,17.857142857142858,MARGIN CALL ($0)
2,80,0.0,28,5,23,1.0,-100.0,17.857142857142858,MARGIN CALL ($0)
2,79,0.0,28,5,23,1.0,-100.0,17.857142857142858,MARGIN CALL ($0)
2,78,0.0,28,5,23,1.0,-100.0,17.857142857142858,MARGIN CALL ($0)
2,77,0.0,28,5,23,1.0,-100.0,17.857142857142858,MARGIN CALL ($0)
31,88,0.0,34,6,28,1.0,-100.0,17.647058823529413,MARGIN CALL ($0)
31,87,0.0,98,17,81,1.0,-100.0,17.346938775510203,MARGIN CALL ($0)
32,4,0.0,37,8,29,1.0,-100.0,21.62162162162162,MARGIN CALL ($0)
32,3,0.0,2359,554,1805,1.0,-100.0,23.484527342094108,MARGIN CALL ($0)
31,100,0.0,25,4,21,1.0,-100.0,16.0,MARGIN CALL ($0)
31,99,0.0,25,4,21,1.0,-100.0,16.0,MARGIN CALL ($0)
31,98,0.0,25,4,21,1.0,-100.0,16.0,MARGIN CALL ($0)
31,97,0.0,30,6,24,1.0,-100.0,20.0,MARGIN CALL ($0)
31,96,0.0,33,6,27,1.0,-100.0,18.181818181818183,MARGIN CALL ($0)
31,95,0.0,33,6,27,1.0,-100.0,18.181818181818183,MARGIN CALL ($0)
31,94,0.0,35,6,29,1.0,-100.0,17.142857142857142,MARGIN CALL ($0)
31,93,0.0,36,6,30,1.0,-100.0,16.666666666666664,MARGIN CALL ($0)
31,92,0.0,36,6,30,1.0,-100.0,16.666666666666664,MARGIN CALL ($0)
31,91,0.0,44,7,37,1.0,-100.0,15.909090909090908,MARGIN CALL ($0)
31,90,0.0,43,7,36,1.0,-100.0,16.27906976744186,MARGIN CALL ($0)
31,89,0.0,31,6,25,1.0,-100.0,19.35483870967742,MARGIN CALL ($0)
2,92,0.0,51,8,43,1.0,-100.0,15.686274509803921,MARGIN CALL ($0)
2,91,0.0,50,8,42,1.0,-100.0,16.0,MARGIN CALL ($0)
32,22,0.0,31,5,26,1.0,-100.0,16.129032258064516,MARGIN CALL ($0)
32,21,0.0,62,10,52,1.0,-100.0,16.129032258064516,MARGIN CALL ($0)
32,20,0.0,537,94,443,1.0,-100.0,17.50465549348231,MARGIN CALL ($0)
32,19,0.0,504,88,416,1.0,-100.0,17.46031746031746,MARGIN CALL ($0)
32,18,0.0,528,90,438,1.0,-100.0,17.045454545454543,MARGIN CALL ($0)
32,16,0.0,34,5,29,1.0,-100.0,14.705882352941178,MARGIN CALL ($0)
32,15,0.0,32,5,27,1.0,-100.0,15.625,MARGIN CALL ($0)
32,14,0.0,889,177,712,1.0,-100.0,19.910011248593925,MARGIN CALL ($0)
32,12,0.0,22,3,19,1.0,-100.0,13.636363636363635,MARGIN CALL ($0)
32,11,0.0,21,3,18,1.0,-100.0,14.285714285714285,MARGIN CALL ($0)
32,10,0.0,23,3,20,1.0,-100.0,13.043478260869565,MARGIN CALL ($0)
32,9,0.0,12,0,12,1.0,-100.0,0.0,MARGIN CALL ($0)
32,8,0.0,13,0,13,1.0,-100.0,0.0,MARGIN CALL ($0)
32,7,0.0,19,1,18,1.0,-100.0,5.263157894736842,MARGIN CALL ($0)
32,6,0.0,18,1,17,1.0,-100.0,5.555555555555555,MARGIN CALL ($0)
32,5,0.0,14,0,14,1.0,-100.0,0.0,MARGIN CALL ($0)
32,38,0.0,229,30,199,1.0,-100.0,13.100436681222707,MARGIN CALL ($0)
32,37,0.0,88,10,78,1.0,-100.0,11.363636363636363,MARGIN CALL ($0)
32,36,0.0,89,11,78,1.0,-100.0,12.359550561797752,MARGIN CALL ($0)
32,35,0.0,27,3,24,1.0,-100.0,11.11111111111111,MARGIN CALL ($0)
32,34,0.0,26,3,23,1.0,-100.0,11.538461538461538,MARGIN CALL ($0)
32,33,0.0,88,10,78,1.0,-100.0,11.363636363636363,MARGIN CALL ($0)
32,32,0.0,84,10,74,1.0,-100.0,11.904761904761903,MARGIN CALL ($0)
32,31,0.0,83,11,72,1.0,-100.0,13.253012048192772,MARGIN CALL ($0)
32,30,0.0,19,2,17,1.0,-100.0,10.526315789473683,MARGIN CALL ($0)
32,29,0.0,8,0,8,1.0,-100.0,0.0,MARGIN CALL ($0)
32,28,0.0,8,0,8,1.0,-100.0,0.0,MARGIN CALL ($0)
32,27,0.0,64,11,53,1.0,-100.0,17.1875,MARGIN CALL ($0)
32,26,0.0,27,3,24,1.0,-100.0,11.11111111111111,MARGIN CALL ($0)
32,25,0.0,25,3,22,1.0,-100.0,12.0,MARGIN CALL ($0)
32,24,0.0,82,15,67,1.0,-100.0,18.29268292682927,MARGIN CALL ($0)
32,23,0.0,230,45,185,1.0,-100.0,19.565217391304348,MARGIN CALL ($0)
32,54,0.0,8,0,8,1.0,-100.0,0.0,MARGIN CALL ($0)
32,53,0.0,8,0,8,1.0,-100.0,0.0,MARGIN CALL ($0)
32,52,0.0,8,0,8,1.0,-100.0,0.0,MARGIN CALL ($0)
32,51,0.0,9,0,9,1.0,-100.0,0.0,MARGIN CALL ($0)
32,50,0.0,10,0,10,1.0,-100.0,0.0,MARGIN CALL ($0)
32,49,0.0,10,0,10,1.0,-100.0,0.0,MARGIN CALL ($0)
32,48,0.0,10,0,10,1.0,-100.0,0.0,MARGIN CALL ($0)
32,47,0.0,11,0,11,1.0,-100.0,0.0,MARGIN CALL ($0)
32,46,0.0,24,4,20,1.0,-100.0,16.666666666666664,MARGIN CALL ($0)
32,45,0.0,24,4,20,1.0,-100.0,16.666666666666664,MARGIN CALL ($0)
32,44,0.0,23,4,19,1.0,-100.0,17.391304347826086,MARGIN CALL ($0)
32,43,0.0,73,12,61,1.0,-100.0,16.43835616438356,MARGIN CALL ($0)
32,42,0.0,80,14,66,1.0,-100.0,17.5,MARGIN CALL ($0)
32,41,0.0,90,14,76,1.0,-100.0,15.555555555555555,MARGIN CALL ($0)
32,40,0.0,96,14,82,1.0,-100.0,14.583333333333334,MARGIN CALL ($0)
32,39,0.0,360,58,302,1.0,-100.0,16.11111111111111,MARGIN CALL ($0)
32,70,0.0,29,4,25,1.0,-100.0,13.793103448275861,MARGIN CALL ($0)
32,69,0.0,36,5,31,1.0,-100.0,13.88888888888889,MARGIN CALL ($0)
32,68,0.0,19,3,16,1.0,-100.0,15.789473684210526,MARGIN CALL ($0)
32,67,0.0,36,7,29,1.0,-100.0,19.444444444444446,MARGIN CALL ($0)
32,66,0.0,22,4,18,1.0,-100.0,18.181818181818183,MARGIN CALL ($0)
32,65,0.0,21,4,17,1.0,-100.0,19.047619047619047,MARGIN CALL ($0)
32,64,0.0,20,3,17,1.0,-100.0,15.0,MARGIN CALL ($0)
32,63,0.0,20,3,17,1.0,-100.0,15.0,MARGIN CALL ($0)
32,62,0.0,20,3,17,1.0,-100.0,15.0,MARGIN CALL ($0)
32,61,0.0,20,3,17,1.0,-100.0,15.0,MARGIN CALL ($0)
32,60,0.0,20,3,17,1.0,-100.0,15.0,MARGIN CALL ($0)
32,59,0.0,20,3,17,1.0,-100.0,15.0,MARGIN CALL ($0)
32,58,0.0,20,3,17,1.0,-100.0,15.0,MARGIN CALL ($0)
32,57,0.0,21,3,18,1.0,-100.0,14.285714285714285,MARGIN CALL ($0)
32,56,0.0,23,3,20,1.0,-100.0,13.043478260869565,MARGIN CALL ($0)
32,55,0.0,22,3,19,1.0,-100.0,13.636363636363635,MARGIN CALL ($0)
32,86,0.0,102,17,85,1.0,-100.0,16.666666666666664,MARGIN CALL ($0)
32,85,0.0,101,17,84,1.0,-100.0,16.831683168316832,MARGIN CALL ($0)
32,84,0.0,101,17,84,1.0,-100.0,16.831683168316832,MARGIN CALL ($0)
32,83,0.0,101,16,85,1.0,-100.0,15.841584158415841,MARGIN CALL ($0)
32,82,0.0,42,5,37,1.0,-100.0,11.904761904761903,MARGIN CALL ($0)
32,81,0.0,11,0,11,1.0,-100.0,0.0,MARGIN CALL ($0)
32,80,0.0,11,0,11,1.0,-100.0,0.0,MARGIN CALL ($0)
32,79,0.0,8,0,8,1.0,-100.0,0.0,MARGIN CALL ($0)
32,78,0.0,8,0,8,1.0,-100.0,0.0,MARGIN CALL ($0)
32,77,0.0,8,0,8,1.0,-100.0,0.0,MARGIN CALL ($0)
32,76,0.0,9,0,9,1.0,-100.0,0.0,MARGIN CALL ($0)
32,75,0.0,9,0,9,1.0,-100.0,0.0,MARGIN CALL ($0)
32,74,0.0,10,0,10,1.0,-100.0,0.0,MARGIN CALL ($0)
32,73,0.0,10,0,10,1.0,-100.0,0.0,MARGIN CALL ($0)
32,72,0.0,10,0,10,1.0,-100.0,0.0,MARGIN CALL ($0)
32,71,0.0,28,4,24,1.0,-100.0,14.285714285714285,MARGIN CALL ($0)
33,3,0.0,2355,553,1802,1.0,-100.0,23.48195329087049,MARGIN CALL ($0)
33,1,0.0,1594,312,1282,1.0,-100.0,19.573400250941027,MARGIN CALL ($0)
32,100,0.0,26,4,22,1.0,-100.0,15.384615384615385,MARGIN CALL ($0)
32,99,0.0,26,4,22,1.0,-100.0,15.384615384615385,MARGIN CALL ($0)
32,98,0.0,26,4,22,1.0,-100.0,15.384615384615385,MARGIN CALL ($0)
32,97,0.0,29,6,23,1.0,-100.0,20.689655172413794,MARGIN CALL ($0)
32,96,0.0,31,6,25,1.0,-100.0,19.35483870967742,MARGIN CALL ($0)
32,95,0.0,31,6,25,1.0,-100.0,19.35483870967742,MARGIN CALL ($0)
32,94,0.0,30,6,24,1.0,-100.0,20.0,MARGIN CALL ($0)
32,93,0.0,29,6,23,1.0,-100.0,20.689655172413794,MARGIN CALL ($0)
32,92,0.0,29,6,23,1.0,-100.0,20.689655172413794,MARGIN CALL ($0)
32,91,0.0,42,7,35,1.0,-100.0,16.666666666666664,MARGIN CALL ($0)
32,90,0.0,39,7,32,1.0,-100.0,17.94871794871795,MARGIN CALL ($0)
32,89,0.0,25,6,19,1.0,-100.0,24.0,MARGIN CALL ($0)
32,88,0.0,32,6,26,1.0,-100.0,18.75,MARGIN CALL ($0)
32,87,0.0,100,17,83,1.0,-100.0,17.0,MARGIN CALL ($0)
33,20,0.0,538,94,444,1.0,-100.0,17.472118959107807,MARGIN CALL ($0)
33,19,0.0,506,88,418,1.0,-100.0,17.391304347826086,MARGIN CALL ($0)
33,18,0.0,507,85,422,1.0,-100.0,16.765285996055226,MARGIN CALL ($0)
33,17,0.0,767,139,628,1.0,-100.0,18.122555410691003,MARGIN CALL ($0)
33,16,0.0,33,5,28,1.0,-100.0,15.151515151515152,MARGIN CALL ($0)
33,15,0.0,32,5,27,1.0,-100.0,15.625,MARGIN CALL ($0)
33,14,0.0,876,169,707,1.0,-100.0,19.292237442922374,MARGIN CALL ($0)
33,12,0.0,22,3,19,1.0,-100.0,13.636363636363635,MARGIN CALL ($0)
33,11,0.0,21,3,18,1.0,-100.0,14.285714285714285,MARGIN CALL ($0)
33,10,0.0,23,3,20,1.0,-100.0,13.043478260869565,MARGIN CALL ($0)
33,9,0.0,12,0,12,1.0,-100.0,0.0,MARGIN CALL ($0)
33,8,0.0,13,0,13,1.0,-100.0,0.0,MARGIN CALL ($0)
33,7,0.0,19,1,18,1.0,-100.0,5.263157894736842,MARGIN CALL ($0)
33,6,0.0,18,1,17,1.0,-100.0,5.555555555555555,MARGIN CALL ($0)
33,5,0.0,14,0,14,1.0,-100.0,0.0,MARGIN CALL ($0)
33,4,0.0,37,8,29,1.0,-100.0,21.62162162162162,MARGIN CALL ($0)
33,36,0.0,91,11,80,1.0,-100.0,12.087912087912088,MARGIN CALL ($0)
33,35,0.0,27,3,24,1.0,-100.0,11.11111111111111,MARGIN CALL ($0)
33,34,0.0,26,3,23,1.0,-100.0,11.538461538461538,MARGIN CALL ($0)
33,33,0.0,84,10,74,1.0,-100.0,11.904761904761903,MARGIN CALL ($0)
33,32,0.0,88,10,78,1.0,-100.0,11.363636363636363,MARGIN CALL ($0)
33,31,0.0,83,11,72,1.0,-100.0,13.253012048192772,MARGIN CALL ($0)
33,30,0.0,19,2,17,1.0,-100.0,10.526315789473683,MARGIN CALL ($0)
33,29,0.0,8,0,8,1.0,-100.0,0.0,MARGIN CALL ($0)
33,28,0.0,8,0,8,1.0,-100.0,0.0,MARGIN CALL ($0)
33,27,0.0,29,3,26,1.0,-100.0,10.344827586206897,MARGIN CALL ($0)
33,26,0.0,22,3,19,1.0,-100.0,13.636363636363635,MARGIN CALL ($0)
33,25,0.0,25,3,22,1.0,-100.0,12.0,MARGIN CALL ($0)
33,24,0.0,82,15,67,1.0,-100.0,18.29268292682927,MARGIN CALL ($0)
33,23,0.0,113,21,92,1.0,-100.0,18.58407079646018,MARGIN CALL ($0)
33,22,0.0,31,5,26,1.0,-100.0,16.129032258064516,MARGIN CALL ($0)
33,21,0.0,62,10,52,1.0,-100.0,16.129032258064516,MARGIN CALL ($0)
33,52,0.0,8,0,8,1.0,-100.0,0.0,MARGIN CALL ($0)
33,51,0.0,9,0,9,1.0,-100.0,0.0,MARGIN CALL ($0)
33,50,0.0,10,0,10,1.0,-100.0,0.0,MARGIN CALL ($0)
33,49,0.0,10,0,10,1.0,-100.0,0.0,MARGIN CALL ($0)
33,48,0.0,10,0,10,1.0,-100.0,0.0,MARGIN CALL ($0)
33,47,0.0,11,0,11,1.0,-100.0,0.0,MARGIN CALL ($0)
33,46,0.0,23,3,20,1.0,-100.0,13.043478260869565,MARGIN CALL ($0)
33,45,0.0,23,3,20,1.0,-100.0,13.043478260869565,MARGIN CALL ($0)
33,44,0.0,21,3,18,1.0,-100.0,14.285714285714285,MARGIN CALL ($0)
33,43,0.0,78,13,65,1.0,-100.0,16.666666666666664,MARGIN CALL ($0)
33,42,0.0,83,14,69,1.0,-100.0,16.867469879518072,MARGIN CALL ($0)
33,41,0.0,92,14,78,1.0,-100.0,15.217391304347828,MARGIN CALL ($0)
33,40,0.0,96,14,82,1.0,-100.0,14.583333333333334,MARGIN CALL ($0)
33,39,0.0,341,54,287,1.0,-100.0,15.835777126099707,MARGIN CALL ($0)
33,38,0.0,221,30,191,1.0,-100.0,13.574660633484163,MARGIN CALL ($0)
33,37,0.0,87,10,77,1.0,-100.0,11.494252873563218,MARGIN CALL ($0)
33,68,0.0,19,2,17,1.0,-100.0,10.526315789473683,MARGIN CALL ($0)
33,67,0.0,49,6,43,1.0,-100.0,12.244897959183673,MARGIN CALL ($0)
33,66,0.0,19,2,17,1.0,-100.0,10.526315789473683,MARGIN CALL ($0)
33,65,0.0,19,2,17,1.0,-100.0,10.526315789473683,MARGIN CALL ($0)
33,64,0.0,20,2,18,1.0,-100.0,10.0,MARGIN CALL ($0)
33,63,0.0,21,2,19,1.0,-100.0,9.523809523809524,MARGIN CALL ($0)
33,62,0.0,21,2,19,1.0,-100.0,9.523809523809524,MARGIN CALL ($0)
33,61,0.0,19,2,17,1.0,-100.0,10.526315789473683,MARGIN CALL ($0)
33,60,0.0,20,2,18,1.0,-100.0,10.0,MARGIN CALL ($0)
33,59,0.0,20,2,18,1.0,-100.0,10.0,MARGIN CALL ($0)
33,58,0.0,19,2,17,1.0,-100.0,10.526315789473683,MARGIN CALL ($0)
33,57,0.0,21,2,19,1.0,-100.0,9.523809523809524,MARGIN CALL ($0)
33,56,0.0,22,2,20,1.0,-100.0,9.090909090909092,MARGIN CALL ($0)
33,55,0.0,23,2,21,1.0,-100.0,8.695652173913043,MARGIN CALL ($0)
33,54,0.0,8,0,8,1.0,-100.0,0.0,MARGIN CALL ($0)
33,53,0.0,8,0,8,1.0,-100.0,0.0,MARGIN CALL ($0)
33,84,0.0,40,5,35,1.0,-100.0,12.5,MARGIN CALL ($0)
33,83,0.0,39,5,34,1.0,-100.0,12.82051282051282,MARGIN CALL ($0)
33,82,0.0,23,3,20,1.0,-100.0,13.043478260869565,MARGIN CALL ($0)
33,81,0.0,11,0,11,1.0,-100.0,0.0,MARGIN CALL ($0)
33,80,0.0,11,0,11,1.0,-100.0,0.0,MARGIN CALL ($0)
33,79,0.0,8,0,8,1.0,-100.0,0.0,MARGIN CALL ($0)
33,78,0.0,8,0,8,1.0,-100.0,0.0,MARGIN CALL ($0)
33,77,0.0,8,0,8,1.0,-100.0,0.0,MARGIN CALL ($0)
33,76,0.0,9,0,9,1.0,-100.0,0.0,MARGIN CALL ($0)
33,75,0.0,9,0,9,1.0,-100.0,0.0,MARGIN CALL ($0)
33,74,0.0,10,0,10,1.0,-100.0,0.0,MARGIN CALL ($0)
33,73,0.0,10,0,10,1.0,-100.0,0.0,MARGIN CALL ($0)
33,72,0.0,10,0,10,1.0,-100.0,0.0,MARGIN CALL ($0)
33,71,0.0,23,3,20,1.0,-100.0,13.043478260869565,MARGIN CALL ($0)
33,70,0.0,23,3,20,1.0,-100.0,13.043478260869565,MARGIN CALL ($0)
33,69,0.0,26,3,23,1.0,-100.0,11.538461538461538,MARGIN CALL ($0)
33,100,0.0,24,3,21,1.0,-100.0,12.5,MARGIN CALL ($0)
33,99,0.0,24,3,21,1.0,-100.0,12.5,MARGIN CALL ($0)
33,98,0.0,24,3,21,1.0,-100.0,12.5,MARGIN CALL ($0)
33,97,0.0,27,5,22,1.0,-100.0,18.51851851851852,MARGIN CALL ($0)
33,96,0.0,28,5,23,1.0,-100.0,17.857142857142858,MARGIN CALL ($0)
33,95,0.0,28,5,23,1.0,-100.0,17.857142857142858,MARGIN CALL ($0)
33,94,0.0,27,5,22,1.0,-100.0,18.51851851851852,MARGIN CALL ($0)
33,93,0.0,28,5,23,1.0,-100.0,17.857142857142858,MARGIN CALL ($0)
33,92,0.0,27,5,22,1.0,-100.0,18.51851851851852,MARGIN CALL ($0)
33,91,0.0,28,5,23,1.0,-100.0,17.857142857142858,MARGIN CALL ($0)
33,90,0.0,28,6,22,1.0,-100.0,21.428571428571427,MARGIN CALL ($0)
33,89,0.0,26,5,21,1.0,-100.0,19.230769230769234,MARGIN CALL ($0)
33,88,0.0,32,5,27,1.0,-100.0,15.625,MARGIN CALL ($0)
33,87,0.0,35,5,30,1.0,-100.0,14.285714285714285,MARGIN CALL ($0)
33,86,0.0,35,5,30,1.0,-100.0,14.285714285714285,MARGIN CALL ($0)
33,85,0.0,36,5,31,1.0,-100.0,13.88888888888889,MARGIN CALL ($0)
34,18,0.0,493,82,411,1.0,-100.0,16.63286004056795,MARGIN CALL ($0)
34,17,0.0,761,141,620,1.0,-100.0,18.528252299605782,MARGIN CALL ($0)
34,16,0.0,33,5,28,1.0,-100.0,15.151515151515152,MARGIN CALL ($0)
34,15,0.0,31,5,26,1.0,-100.0,16.129032258064516,MARGIN CALL ($0)
34,14,0.0,662,133,529,1.0,-100.0,20.090634441087612,MARGIN CALL ($0)
34,12,0.0,22,3,19,1.0,-100.0,13.636363636363635,MARGIN CALL ($0)
34,11,0.0,21,3,18,1.0,-100.0,14.285714285714285,MARGIN CALL ($0)
34,10,0.0,23,3,20,1.0,-100.0,13.043478260869565,MARGIN CALL ($0)
34,9,0.0,12,0,12,1.0,-100.0,0.0,MARGIN CALL ($0)
34,8,0.0,13,0,13,1.0,-100.0,0.0,MARGIN CALL ($0)
34,7,0.0,19,1,18,1.0,-100.0,5.263157894736842,MARGIN CALL ($0)
34,6,0.0,18,1,17,1.0,-100.0,5.555555555555555,MARGIN CALL ($0)
34,5,0.0,14,0,14,1.0,-100.0,0.0,MARGIN CALL ($0)
34,4,0.0,37,8,29,1.0,-100.0,21.62162162162162,MARGIN CALL ($0)
34,3,0.0,2353,553,1800,1.0,-100.0,23.501912452188694,MARGIN CALL ($0)
34,1,0.0,651,115,536,1.0,-100.0,17.665130568356375,MARGIN CALL ($0)
34,34,0.0,39,7,32,1.0,-100.0,17.94871794871795,MARGIN CALL ($0)
34,33,0.0,24,2,22,1.0,-100.0,8.333333333333332,MARGIN CALL ($0)
34,32,0.0,28,3,25,1.0,-100.0,10.714285714285714,MARGIN CALL ($0)
34,31,0.0,21,2,19,1.0,-100.0,9.523809523809524,MARGIN CALL ($0)
34,30,0.0,20,2,18,1.0,-100.0,10.0,MARGIN CALL ($0)
34,29,0.0,9,0,9,1.0,-100.0,0.0,MARGIN CALL ($0)
34,28,0.0,9,0,9,1.0,-100.0,0.0,MARGIN CALL ($0)
34,27,0.0,32,4,28,1.0,-100.0,12.5,MARGIN CALL ($0)
34,26,0.0,22,3,19,1.0,-100.0,13.636363636363635,MARGIN CALL ($0)
34,25,0.0,24,3,21,1.0,-100.0,12.5,MARGIN CALL ($0)
34,24,0.0,88,16,72,1.0,-100.0,18.181818181818183,MARGIN CALL ($0)
34,23,0.0,299,60,239,1.0,-100.0,20.066889632107024,MARGIN CALL ($0)
34,22,0.0,26,3,23,1.0,-100.0,11.538461538461538,MARGIN CALL ($0)
34,21,0.0,46,5,41,1.0,-100.0,10.869565217391305,MARGIN CALL ($0)
34,20,0.0,613,105,508,1.0,-100.0,17.128874388254488,MARGIN CALL ($0)
34,19,0.0,520,93,427,1.0,-100.0,17.884615384615383,MARGIN CALL ($0)
34,50,0.0,10,0,10,1.0,-100.0,0.0,MARGIN CALL ($0)
34,49,0.0,10,0,10,1.0,-100.0,0.0,MARGIN CALL ($0)
34,48,0.0,10,0,10,1.0,-100.0,0.0,MARGIN CALL ($0)
34,47,0.0,11,0,11,1.0,-100.0,0.0,MARGIN CALL ($0)
34,46,0.0,23,3,20,1.0,-100.0,13.043478260869565,MARGIN CALL ($0)
34,45,0.0,23,3,20,1.0,-100.0,13.043478260869565,MARGIN CALL ($0)
34,44,0.0,22,3,19,1.0,-100.0,13.636363636363635,MARGIN CALL ($0)
34,43,0.0,22,2,20,1.0,-100.0,9.090909090909092,MARGIN CALL ($0)
34,42,0.0,24,3,21,1.0,-100.0,12.5,MARGIN CALL ($0)
34,41,0.0,31,3,28,1.0,-100.0,9.67741935483871,MARGIN CALL ($0)
34,40,0.0,56,13,43,1.0,-100.0,23.214285714285715,MARGIN CALL ($0)
34,39,0.0,93,17,76,1.0,-100.0,18.27956989247312,MARGIN CALL ($0)
34,38,0.0,107,17,90,1.0,-100.0,15.887850467289718,MARGIN CALL ($0)
34,37,0.0,91,12,79,1.0,-100.0,13.186813186813188,MARGIN CALL ($0)
34,36,0.0,92,11,81,1.0,-100.0,11.956521739130435,MARGIN CALL ($0)
34,35,0.0,29,4,25,1.0,-100.0,13.793103448275861,MARGIN CALL ($0)
34,66,0.0,20,3,17,1.0,-100.0,15.0,MARGIN CALL ($0)
34,65,0.0,20,3,17,1.0,-100.0,15.0,MARGIN CALL ($0)
34,64,0.0,21,3,18,1.0,-100.0,14.285714285714285,MARGIN CALL ($0)
34,63,0.0,21,3,18,1.0,-100.0,14.285714285714285,MARGIN CALL ($0)
34,62,0.0,21,3,18,1.0,-100.0,14.285714285714285,MARGIN CALL ($0)
34,61,0.0,21,3,18,1.0,-100.0,14.285714285714285,MARGIN CALL ($0)
34,60,0.0,20,2,18,1.0,-100.0,10.0,MARGIN CALL ($0)
34,59,0.0,20,2,18,1.0,-100.0,10.0,MARGIN CALL ($0)
34,58,0.0,19,2,17,1.0,-100.0,10.526315789473683,MARGIN CALL ($0)
34,57,0.0,22,3,19,1.0,-100.0,13.636363636363635,MARGIN CALL ($0)
34,56,0.0,24,3,21,1.0,-100.0,12.5,MARGIN CALL ($0)
34,55,0.0,23,3,20,1.0,-100.0,13.043478260869565,MARGIN CALL ($0)
34,54,0.0,8,0,8,1.0,-100.0,0.0,MARGIN CALL ($0)
34,53,0.0,8,0,8,1.0,-100.0,0.0,MARGIN CALL ($0)
34,52,0.0,10,0,10,1.0,-100.0,0.0,MARGIN CALL ($0)
34,51,0.0,9,0,9,1.0,-100.0,0.0,MARGIN CALL ($0)
34,82,0.0,21,4,17,1.0,-100.0,19.047619047619047,MARGIN CALL ($0)
34,81,0.0,10,0,10,1.0,-100.0,0.0,MARGIN CALL ($0)
34,80,0.0,11,0,11,1.0,-100.0,0.0,MARGIN CALL ($0)
34,79,0.0,8,0,8,1.0,-100.0,0.0,MARGIN CALL ($0)
34,78,0.0,8,0,8,1.0,-100.0,0.0,MARGIN CALL ($0)
34,77,0.0,8,0,8,1.0,-100.0,0.0,MARGIN CALL ($0)
34,76,0.0,9,0,9,1.0,-100.0,0.0,MARGIN CALL ($0)
34,75,0.0,9,0,9,1.0,-100.0,0.0,MARGIN CALL ($0)
34,74,0.0,10,0,10,1.0,-100.0,0.0,MARGIN CALL ($0)
34,73,0.0,10,0,10,1.0,-100.0,0.0,MARGIN CALL ($0)
34,72,0.0,10,0,10,1.0,-100.0,0.0,MARGIN CALL ($0)
34,71,0.0,24,4,20,1.0,-100.0,16.666666666666664,MARGIN CALL ($0)
34,70,0.0,24,4,20,1.0,-100.0,16.666666666666664,MARGIN CALL ($0)
34,69,0.0,22,4,18,1.0,-100.0,18.181818181818183,MARGIN CALL ($0)
34,68,0.0,20,3,17,1.0,-100.0,15.0,MARGIN CALL ($0)
34,67,0.0,19,3,16,1.0,-100.0,15.789473684210526,MARGIN CALL ($0)
34,98,0.0,24,3,21,1.0,-100.0,12.5,MARGIN CALL ($0)
34,97,0.0,27,5,22,1.0,-100.0,18.51851851851852,MARGIN CALL ($0)
34,96,0.0,28,5,23,1.0,-100.0,17.857142857142858,MARGIN CALL ($0)
34,95,0.0,28,5,23,1.0,-100.0,17.857142857142858,MARGIN CALL ($0)
34,94,0.0,27,5,22,1.0,-100.0,18.51851851851852,MARGIN CALL ($0)
34,93,0.0,28,5,23,1.0,-100.0,17.857142857142858,MARGIN CALL ($0)
34,92,0.0,28,5,23,1.0,-100.0,17.857142857142858,MARGIN CALL ($0)
34,91,0.0,28,5,23,1.0,-100.0,17.857142857142858,MARGIN CALL ($0)
34,90,0.0,29,6,23,1.0,-100.0,20.689655172413794,MARGIN CALL ($0)
34,89,0.0,27,5,22,1.0,-100.0,18.51851851851852,MARGIN CALL ($0)
34,88,0.0,32,6,26,1.0,-100.0,18.75,MARGIN CALL ($0)
34,87,0.0,35,6,29,1.0,-100.0,17.142857142857142,MARGIN CALL ($0)
34,86,0.0,36,6,30,1.0,-100.0,16.666666666666664,MARGIN CALL ($0)
34,85,0.0,37,6,31,1.0,-100.0,16.216216216216218,MARGIN CALL ($0)
34,84,0.0,42,6,36,1.0,-100.0,14.285714285714285,MARGIN CALL ($0)
34,83,0.0,41,6,35,1.0,-100.0,14.634146341463413,MARGIN CALL ($0)
35,16,0.0,33,6,27,1.0,-100.0,18.181818181818183,MARGIN CALL ($0)
35,15,0.0,31,5,26,1.0,-100.0,16.129032258064516,MARGIN CALL ($0)
35,14,0.0,674,135,539,1.0,-100.0,20.02967359050445,MARGIN CALL ($0)
35,12,0.0,22,3,19,1.0,-100.0,13.636363636363635,MARGIN CALL ($0)
35,11,0.0,21,3,18,1.0,-100.0,14.285714285714285,MARGIN CALL ($0)
35,10,0.0,23,3,20,1.0,-100.0,13.043478260869565,MARGIN CALL ($0)
35,9,0.0,12,0,12,1.0,-100.0,0.0,MARGIN CALL ($0)
35,8,0.0,13,0,13,1.0,-100.0,0.0,MARGIN CALL ($0)
35,7,0.0,19,1,18,1.0,-100.0,5.263157894736842,MARGIN CALL ($0)
35,6,0.0,18,1,17,1.0,-100.0,5.555555555555555,MARGIN CALL ($0)
35,5,0.0,14,0,14,1.0,-100.0,0.0,MARGIN CALL ($0)
35,4,0.0,37,8,29,1.0,-100.0,21.62162162162162,MARGIN CALL ($0)
35,3,0.0,2355,553,1802,1.0,-100.0,23.48195329087049,MARGIN CALL ($0)
35,1,0.0,656,116,540,1.0,-100.0,17.682926829268293,MARGIN CALL ($0)
34,100,0.0,24,3,21,1.0,-100.0,12.5,MARGIN CALL ($0)
34,99,0.0,24,3,21,1.0,-100.0,12.5,MARGIN CALL ($0)
35,32,0.0,25,2,23,1.0,-100.0,8.0,MARGIN CALL ($0)
35,31,0.0,22,2,20,1.0,-100.0,9.090909090909092,MARGIN CALL ($0)
35,30,0.0,20,2,18,1.0,-100.0,10.0,MARGIN CALL ($0)
35,29,0.0,8,0,8,1.0,-100.0,0.0,MARGIN CALL ($0)
35,28,0.0,8,0,8,1.0,-100.0,0.0,MARGIN CALL ($0)
35,27,0.0,32,4,28,1.0,-100.0,12.5,MARGIN CALL ($0)
35,26,0.0,22,3,19,1.0,-100.0,13.636363636363635,MARGIN CALL ($0)
35,25,0.0,24,3,21,1.0,-100.0,12.5,MARGIN CALL ($0)
35,24,0.0,90,16,74,1.0,-100.0,17.77777777777778,MARGIN CALL ($0)
35,23,0.0,310,60,250,1.0,-100.0,19.35483870967742,MARGIN CALL ($0)
35,22,0.0,26,3,23,1.0,-100.0,11.538461538461538,MARGIN CALL ($0)
35,21,0.0,46,5,41,1.0,-100.0,10.869565217391305,MARGIN CALL ($0)
35,20,0.0,595,103,492,1.0,-100.0,17.310924369747898,MARGIN CALL ($0)
35,19,0.0,502,88,414,1.0,-100.0,17.52988047808765,MARGIN CALL ($0)
35,18,0.0,493,82,411,1.0,-100.0,16.63286004056795,MARGIN CALL ($0)
35,17,0.0,701,123,578,1.0,-100.0,17.546362339514978,MARGIN CALL ($0)
35,48,0.0,10,0,10,1.0,-100.0,0.0,MARGIN CALL ($0)
35,47,0.0,11,0,11,1.0,-100.0,0.0,MARGIN CALL ($0)
35,46,0.0,23,3,20,1.0,-100.0,13.043478260869565,MARGIN CALL ($0)
35,45,0.0,23,3,20,1.0,-100.0,13.043478260869565,MARGIN CALL ($0)
35,44,0.0,22,3,19,1.0,-100.0,13.636363636363635,MARGIN CALL ($0)
35,43,0.0,21,2,19,1.0,-100.0,9.523809523809524,MARGIN CALL ($0)
35,42,0.0,24,3,21,1.0,-100.0,12.5,MARGIN CALL ($0)
35,41,0.0,32,3,29,1.0,-100.0,9.375,MARGIN CALL ($0)
35,40,0.0,57,13,44,1.0,-100.0,22.807017543859647,MARGIN CALL ($0)
35,39,0.0,100,17,83,1.0,-100.0,17.0,MARGIN CALL ($0)
35,38,0.0,107,17,90,1.0,-100.0,15.887850467289718,MARGIN CALL ($0)
35,37,0.0,94,12,82,1.0,-100.0,12.76595744680851,MARGIN CALL ($0)
35,36,0.0,92,11,81,1.0,-100.0,11.956521739130435,MARGIN CALL ($0)
35,35,0.0,74,11,63,1.0,-100.0,14.864864864864865,MARGIN CALL ($0)
35,34,0.0,29,4,25,1.0,-100.0,13.793103448275861,MARGIN CALL ($0)
35,33,0.0,24,2,22,1.0,-100.0,8.333333333333332,MARGIN CALL ($0)
35,64,0.0,22,3,19,1.0,-100.0,13.636363636363635,MARGIN CALL ($0)
35,63,0.0,22,3,19,1.0,-100.0,13.636363636363635,MARGIN CALL ($0)
35,62,0.0,22,3,19,1.0,-100.0,13.636363636363635,MARGIN CALL ($0)
35,61,0.0,20,2,18,1.0,-100.0,10.0,MARGIN CALL ($0)
35,60,0.0,21,2,19,1.0,-100.0,9.523809523809524,MARGIN CALL ($0)
35,59,0.0,21,2,19,1.0,-100.0,9.523809523809524,MARGIN CALL ($0)
35,58,0.0,20,2,18,1.0,-100.0,10.0,MARGIN CALL ($0)
35,57,0.0,21,3,18,1.0,-100.0,14.285714285714285,MARGIN CALL ($0)
35,56,0.0,23,3,20,1.0,-100.0,13.043478260869565,MARGIN CALL ($0)
35,55,0.0,22,3,19,1.0,-100.0,13.636363636363635,MARGIN CALL ($0)
35,54,0.0,8,0,8,1.0,-100.0,0.0,MARGIN CALL ($0)
35,53,0.0,8,0,8,1.0,-100.0,0.0,MARGIN CALL ($0)
35,52,0.0,10,0,10,1.0,-100.0,0.0,MARGIN CALL ($0)
35,51,0.0,9,0,9,1.0,-100.0,0.0,MARGIN CALL ($0)
35,50,0.0,10,0,10,1.0,-100.0,0.0,MARGIN CALL ($0)
35,49,0.0,10,0,10,1.0,-100.0,0.0,MARGIN CALL ($0)
35,80,0.0,11,0,11,1.0,-100.0,0.0,MARGIN CALL ($0)
35,79,0.0,8,0,8,1.0,-100.0,0.0,MARGIN CALL ($0)
35,78,0.0,8,0,8,1.0,-100.0,0.0,MARGIN CALL ($0)
35,77,0.0,8,0,8,1.0,-100.0,0.0,MARGIN CALL ($0)
35,76,0.0,9,0,9,1.0,-100.0,0.0,MARGIN CALL ($0)
35,75,0.0,9,0,9,1.0,-100.0,0.0,MARGIN CALL ($0)
35,74,0.0,10,0,10,1.0,-100.0,0.0,MARGIN CALL ($0)
35,73,0.0,10,0,10,1.0,-100.0,0.0,MARGIN CALL ($0)
35,72,0.0,10,0,10,1.0,-100.0,0.0,MARGIN CALL ($0)
35,71,0.0,25,4,21,1.0,-100.0,16.0,MARGIN CALL ($0)
35,70,0.0,30,4,26,1.0,-100.0,13.333333333333334,MARGIN CALL ($0)
35,69,0.0,38,5,33,1.0,-100.0,13.157894736842104,MARGIN CALL ($0)
35,68,0.0,21,3,18,1.0,-100.0,14.285714285714285,MARGIN CALL ($0)
35,67,0.0,109,18,91,1.0,-100.0,16.51376146788991,MARGIN CALL ($0)
35,66,0.0,21,3,18,1.0,-100.0,14.285714285714285,MARGIN CALL ($0)
35,65,0.0,21,3,18,1.0,-100.0,14.285714285714285,MARGIN CALL ($0)
35,96,0.0,29,5,24,1.0,-100.0,17.24137931034483,MARGIN CALL ($0)
35,95,0.0,29,5,24,1.0,-100.0,17.24137931034483,MARGIN CALL ($0)
35,94,0.0,28,5,23,1.0,-100.0,17.857142857142858,MARGIN CALL ($0)
35,93,0.0,28,5,23,1.0,-100.0,17.857142857142858,MARGIN CALL ($0)
35,92,0.0,28,5,23,1.0,-100.0,17.857142857142858,MARGIN CALL ($0)
35,91,0.0,29,5,24,1.0,-100.0,17.24137931034483,MARGIN CALL ($0)
35,90,0.0,30,6,24,1.0,-100.0,20.0,MARGIN CALL ($0)
35,89,0.0,27,5,22,1.0,-100.0,18.51851851851852,MARGIN CALL ($0)
35,88,0.0,33,6,27,1.0,-100.0,18.181818181818183,MARGIN CALL ($0)
35,87,0.0,35,6,29,1.0,-100.0,17.142857142857142,MARGIN CALL ($0)
35,86,0.0,37,6,31,1.0,-100.0,16.216216216216218,MARGIN CALL ($0)
35,85,0.0,37,6,31,1.0,-100.0,16.216216216216218,MARGIN CALL ($0)
35,84,0.0,41,6,35,1.0,-100.0,14.634146341463413,MARGIN CALL ($0)
35,83,0.0,40,6,34,1.0,-100.0,15.0,MARGIN CALL ($0)
35,82,0.0,22,4,18,1.0,-100.0,18.181818181818183,MARGIN CALL ($0)
35,81,0.0,10,0,10,1.0,-100.0,0.0,MARGIN CALL ($0)
36,14,0.0,683,136,547,1.0,-100.0,19.91215226939971,MARGIN CALL ($0)
36,12,0.0,22,3,19,1.0,-100.0,13.636363636363635,MARGIN CALL ($0)
36,11,0.0,21,3,18,1.0,-100.0,14.285714285714285,MARGIN CALL ($0)
36,10,0.0,23,3,20,1.0,-100.0,13.043478260869565,MARGIN CALL ($0)
36,9,0.0,12,0,12,1.0,-100.0,0.0,MARGIN CALL ($0)
36,8,0.0,13,0,13,1.0,-100.0,0.0,MARGIN CALL ($0)
36,7,0.0,19,1,18,1.0,-100.0,5.263157894736842,MARGIN CALL ($0)
36,6,0.0,18,1,17,1.0,-100.0,5.555555555555555,MARGIN CALL ($0)
36,5,0.0,14,0,14,1.0,-100.0,0.0,MARGIN CALL ($0)
36,4,0.0,37,8,29,1.0,-100.0,21.62162162162162,MARGIN CALL ($0)
36,3,0.0,2356,553,1803,1.0,-100.0,23.471986417657046,MARGIN CALL ($0)
36,1,0.0,656,115,541,1.0,-100.0,17.53048780487805,MARGIN CALL ($0)
35,100,0.0,25,3,22,1.0,-100.0,12.0,MARGIN CALL ($0)
35,99,0.0,25,3,22,1.0,-100.0,12.0,MARGIN CALL ($0)
35,98,0.0,25,3,22,1.0,-100.0,12.0,MARGIN CALL ($0)
35,97,0.0,29,5,24,1.0,-100.0,17.24137931034483,MARGIN CALL ($0)
36,30,0.0,20,2,18,1.0,-100.0,10.0,MARGIN CALL ($0)
36,29,0.0,8,0,8,1.0,-100.0,0.0,MARGIN CALL ($0)
36,28,0.0,8,0,8,1.0,-100.0,0.0,MARGIN CALL ($0)
36,27,0.0,33,5,28,1.0,-100.0,15.151515151515152,MARGIN CALL ($0)
36,26,0.0,22,3,19,1.0,-100.0,13.636363636363635,MARGIN CALL ($0)
36,25,0.0,25,3,22,1.0,-100.0,12.0,MARGIN CALL ($0)
36,24,0.0,99,18,81,1.0,-100.0,18.181818181818183,MARGIN CALL ($0)
36,23,0.0,403,83,320,1.0,-100.0,20.595533498759306,MARGIN CALL ($0)
36,22,0.0,26,3,23,1.0,-100.0,11.538461538461538,MARGIN CALL ($0)
36,21,0.0,47,6,41,1.0,-100.0,12.76595744680851,MARGIN CALL ($0)
36,20,0.0,600,106,494,1.0,-100.0,17.666666666666668,MARGIN CALL ($0)
36,19,0.0,539,99,440,1.0,-100.0,18.367346938775512,MARGIN CALL ($0)
36,18,0.0,504,86,418,1.0,-100.0,17.063492063492063,MARGIN CALL ($0)
36,17,0.0,811,154,657,1.0,-100.0,18.988902589395806,MARGIN CALL ($0)
36,16,0.0,33,6,27,1.0,-100.0,18.181818181818183,MARGIN CALL ($0)
36,15,0.0,32,5,27,1.0,-100.0,15.625,MARGIN CALL ($0)
36,46,0.0,24,4,20,1.0,-100.0,16.666666666666664,MARGIN CALL ($0)
36,45,0.0,23,3,20,1.0,-100.0,13.043478260869565,MARGIN CALL ($0)
36,44,0.0,22,3,19,1.0,-100.0,13.636363636363635,MARGIN CALL ($0)
36,43,0.0,32,5,27,1.0,-100.0,15.625,MARGIN CALL ($0)
36,42,0.0,32,3,29,1.0,-100.0,9.375,MARGIN CALL ($0)
36,41,0.0,38,4,34,1.0,-100.0,10.526315789473683,MARGIN CALL ($0)
36,40,0.0,49,10,39,1.0,-100.0,20.408163265306122,MARGIN CALL ($0)
36,39,0.0,97,15,82,1.0,-100.0,15.463917525773196,MARGIN CALL ($0)
36,38,0.0,105,15,90,1.0,-100.0,14.285714285714285,MARGIN CALL ($0)
36,37,0.0,90,10,80,1.0,-100.0,11.11111111111111,MARGIN CALL ($0)
36,36,0.0,89,9,80,1.0,-100.0,10.112359550561797,MARGIN CALL ($0)
36,35,0.0,86,11,75,1.0,-100.0,12.790697674418606,MARGIN CALL ($0)
36,34,0.0,82,12,70,1.0,-100.0,14.634146341463413,MARGIN CALL ($0)
36,33,0.0,46,7,39,1.0,-100.0,15.217391304347828,MARGIN CALL ($0)
36,32,0.0,46,7,39,1.0,-100.0,15.217391304347828,MARGIN CALL ($0)
36,31,0.0,42,7,35,1.0,-100.0,16.666666666666664,MARGIN CALL ($0)
36,62,0.0,22,3,19,1.0,-100.0,13.636363636363635,MARGIN CALL ($0)
36,61,0.0,22,3,19,1.0,-100.0,13.636363636363635,MARGIN CALL ($0)
36,60,0.0,22,3,19,1.0,-100.0,13.636363636363635,MARGIN CALL ($0)
36,59,0.0,22,3,19,1.0,-100.0,13.636363636363635,MARGIN CALL ($0)
36,58,0.0,22,3,19,1.0,-100.0,13.636363636363635,MARGIN CALL ($0)
36,57,0.0,22,3,19,1.0,-100.0,13.636363636363635,MARGIN CALL ($0)
36,56,0.0,66,15,51,1.0,-100.0,22.727272727272727,MARGIN CALL ($0)
36,55,0.0,67,15,52,1.0,-100.0,22.388059701492537,MARGIN CALL ($0)
36,54,0.0,8,0,8,1.0,-100.0,0.0,MARGIN CALL ($0)
36,53,0.0,8,0,8,1.0,-100.0,0.0,MARGIN CALL ($0)
36,52,0.0,9,0,9,1.0,-100.0,0.0,MARGIN CALL ($0)
36,51,0.0,9,0,9,1.0,-100.0,0.0,MARGIN CALL ($0)
36,50,0.0,10,0,10,1.0,-100.0,0.0,MARGIN CALL ($0)
36,49,0.0,10,0,10,1.0,-100.0,0.0,MARGIN CALL ($0)
36,48,0.0,10,0,10,1.0,-100.0,0.0,MARGIN CALL ($0)
36,47,0.0,11,0,11,1.0,-100.0,0.0,MARGIN CALL ($0)
36,78,0.0,8,0,8,1.0,-100.0,0.0,MARGIN CALL ($0)
36,77,0.0,8,0,8,1.0,-100.0,0.0,MARGIN CALL ($0)
36,76,0.0,9,0,9,1.0,-100.0,0.0,MARGIN CALL ($0)
36,75,0.0,9,0,9,1.0,-100.0,0.0,MARGIN CALL ($0)
36,74,0.0,10,0,10,1.0,-100.0,0.0,MARGIN CALL ($0)
36,73,0.0,10,0,10,1.0,-100.0,0.0,MARGIN CALL ($0)
36,72,0.0,10,0,10,1.0,-100.0,0.0,MARGIN CALL ($0)
36,71,0.0,47,7,40,1.0,-100.0,14.893617021276595,MARGIN CALL ($0)
36,70,0.0,51,7,44,1.0,-100.0,13.725490196078432,MARGIN CALL ($0)
36,69,0.0,113,18,95,1.0,-100.0,15.929203539823009,MARGIN CALL ($0)
36,68,0.0,28,4,24,1.0,-100.0,14.285714285714285,MARGIN CALL ($0)
36,67,0.0,133,24,109,1.0,-100.0,18.045112781954884,MARGIN CALL ($0)
36,66,0.0,115,22,93,1.0,-100.0,19.130434782608695,MARGIN CALL ($0)
36,65,0.0,131,27,104,1.0,-100.0,20.610687022900763,MARGIN CALL ($0)
36,64,0.0,22,3,19,1.0,-100.0,13.636363636363635,MARGIN CALL ($0)
36,63,0.0,22,3,19,1.0,-100.0,13.636363636363635,MARGIN CALL ($0)
36,94,0.0,38,8,30,1.0,-100.0,21.052631578947366,MARGIN CALL ($0)
36,93,0.0,41,8,33,1.0,-100.0,19.51219512195122,MARGIN CALL ($0)
36,92,0.0,39,8,31,1.0,-100.0,20.51282051282051,MARGIN CALL ($0)
36,91,0.0,49,9,40,1.0,-100.0,18.367346938775512,MARGIN CALL ($0)
36,90,0.0,46,9,37,1.0,-100.0,19.565217391304348,MARGIN CALL ($0)
36,89,0.0,47,8,39,1.0,-100.0,17.02127659574468,MARGIN CALL ($0)
36,88,0.0,113,19,94,1.0,-100.0,16.8141592920354,MARGIN CALL ($0)
36,87,0.0,119,20,99,1.0,-100.0,16.80672268907563,MARGIN CALL ($0)
36,86,0.0,122,20,102,1.0,-100.0,16.39344262295082,MARGIN CALL ($0)
36,85,0.0,122,20,102,1.0,-100.0,16.39344262295082,MARGIN CALL ($0)
36,84,0.0,128,22,106,1.0,-100.0,17.1875,MARGIN CALL ($0)
36,83,0.0,126,21,105,1.0,-100.0,16.666666666666664,MARGIN CALL ($0)
36,82,0.0,104,17,87,1.0,-100.0,16.346153846153847,MARGIN CALL ($0)
36,81,0.0,10,0,10,1.0,-100.0,0.0,MARGIN CALL ($0)
36,80,0.0,11,0,11,1.0,-100.0,0.0,MARGIN CALL ($0)
36,79,0.0,8,0,8,1.0,-100.0,0.0,MARGIN CALL ($0)
37,11,0.0,21,3,18,1.0,-100.0,14.285714285714285,MARGIN CALL ($0)
37,10,0.0,23,3,20,1.0,-100.0,13.043478260869565,MARGIN CALL ($0)
37,9,0.0,12,0,12,1.0,-100.0,0.0,MARGIN CALL ($0)
37,8,0.0,13,0,13,1.0,-100.0,0.0,MARGIN CALL ($0)
37,7,0.0,19,1,18,1.0,-100.0,5.263157894736842,MARGIN CALL ($0)
37,6,0.0,18,1,17,1.0,-100.0,5.555555555555555,MARGIN CALL ($0)
37,5,0.0,14,0,14,1.0,-100.0,0.0,MARGIN CALL ($0)
37,4,0.0,38,8,30,1.0,-100.0,21.052631578947366,MARGIN CALL ($0)
37,3,0.0,2298,536,1762,1.0,-100.0,23.32463011314186,MARGIN CALL ($0)
37,1,0.0,667,116,551,1.0,-100.0,17.391304347826086,MARGIN CALL ($0)
36,100,0.0,26,4,22,1.0,-100.0,15.384615384615385,MARGIN CALL ($0)
36,99,0.0,27,4,23,1.0,-100.0,14.814814814814813,MARGIN CALL ($0)
36,98,0.0,27,4,23,1.0,-100.0,14.814814814814813,MARGIN CALL ($0)
36,97,0.0,30,6,24,1.0,-100.0,20.0,MARGIN CALL ($0)
36,96,0.0,37,8,29,1.0,-100.0,21.62162162162162,MARGIN CALL ($0)
36,95,0.0,37,8,29,1.0,-100.0,21.62162162162162,MARGIN CALL ($0)
37,28,0.0,23,2,21,1.0,-100.0,8.695652173913043,MARGIN CALL ($0)
37,27,0.0,79,13,66,1.0,-100.0,16.455696202531644,MARGIN CALL ($0)
37,26,0.0,71,14,57,1.0,-100.0,19.718309859154928,MARGIN CALL ($0)
37,25,0.0,86,17,69,1.0,-100.0,19.767441860465116,MARGIN CALL ($0)
37,24,0.0,113,16,97,1.0,-100.0,14.15929203539823,MARGIN CALL ($0)
37,23,0.0,410,82,328,1.0,-100.0,20.0,MARGIN CALL ($0)
37,22,0.0,42,4,38,1.0,-100.0,9.523809523809524,MARGIN CALL ($0)
37,21,0.0,47,6,41,1.0,-100.0,12.76595744680851,MARGIN CALL ($0)
37,20,0.0,610,105,505,1.0,-100.0,17.21311475409836,MARGIN CALL ($0)
37,19,0.0,537,97,440,1.0,-100.0,18.063314711359403,MARGIN CALL ($0)
37,18,0.0,526,92,434,1.0,-100.0,17.490494296577946,MARGIN CALL ($0)
37,17,0.0,813,157,656,1.0,-100.0,19.311193111931118,MARGIN CALL ($0)
37,16,0.0,34,6,28,1.0,-100.0,17.647058823529413,MARGIN CALL ($0)
37,15,0.0,32,5,27,1.0,-100.0,15.625,MARGIN CALL ($0)
37,14,0.0,662,132,530,1.0,-100.0,19.939577039274926,MARGIN CALL ($0)
37,12,0.0,22,3,19,1.0,-100.0,13.636363636363635,MARGIN CALL ($0)
37,44,0.0,102,13,89,1.0,-100.0,12.745098039215685,MARGIN CALL ($0)
37,43,0.0,116,12,104,1.0,-100.0,10.344827586206897,MARGIN CALL ($0)
37,42,0.0,107,11,96,1.0,-100.0,10.2803738317757,MARGIN CALL ($0)
37,41,0.0,107,10,97,1.0,-100.0,9.345794392523365,MARGIN CALL ($0)
37,40,0.0,114,10,104,1.0,-100.0,8.771929824561402,MARGIN CALL ($0)
37,39,0.0,112,10,102,1.0,-100.0,8.928571428571429,MARGIN CALL ($0)
37,38,0.0,151,17,134,1.0,-100.0,11.258278145695364,MARGIN CALL ($0)
37,37,0.0,143,13,130,1.0,-100.0,9.090909090909092,MARGIN CALL ($0)
37,36,0.0,91,10,81,1.0,-100.0,10.989010989010989,MARGIN CALL ($0)
37,35,0.0,85,12,73,1.0,-100.0,14.117647058823529,MARGIN CALL ($0)
37,34,0.0,82,13,69,1.0,-100.0,15.853658536585366,MARGIN CALL ($0)
37,33,0.0,27,2,25,1.0,-100.0,7.4074074074074066,MARGIN CALL ($0)
37,32,0.0,28,2,26,1.0,-100.0,7.142857142857142,MARGIN CALL ($0)
37,31,0.0,27,2,25,1.0,-100.0,7.4074074074074066,MARGIN CALL ($0)
37,30,0.0,21,2,19,1.0,-100.0,9.523809523809524,MARGIN CALL ($0)
37,29,0.0,26,3,23,1.0,-100.0,11.538461538461538,MARGIN CALL ($0)
37,60,0.0,140,23,117,1.0,-100.0,16.428571428571427,MARGIN CALL ($0)
37,59,0.0,140,23,117,1.0,-100.0,16.428571428571427,MARGIN CALL ($0)
37,58,0.0,141,23,118,1.0,-100.0,16.312056737588655,MARGIN CALL ($0)
37,57,0.0,148,24,124,1.0,-100.0,16.216216216216218,MARGIN CALL ($0)
37,56,0.0,150,26,124,1.0,-100.0,17.333333333333336,MARGIN CALL ($0)
37,55,0.0,500,83,417,1.0,-100.0,16.6,MARGIN CALL ($0)
37,54,0.0,9,0,9,1.0,-100.0,0.0,MARGIN CALL ($0)
37,53,0.0,9,0,9,1.0,-100.0,0.0,MARGIN CALL ($0)
37,52,0.0,10,0,10,1.0,-100.0,0.0,MARGIN CALL ($0)
37,51,0.0,10,0,10,1.0,-100.0,0.0,MARGIN CALL ($0)
37,50,0.0,11,0,11,1.0,-100.0,0.0,MARGIN CALL ($0)
37,49,0.0,11,0,11,1.0,-100.0,0.0,MARGIN CALL ($0)
37,48,0.0,11,0,11,1.0,-100.0,0.0,MARGIN CALL ($0)
37,47,0.0,11,0,11,1.0,-100.0,0.0,MARGIN CALL ($0)
37,46,0.0,120,19,101,1.0,-100.0,15.833333333333332,MARGIN CALL ($0)
37,45,0.0,119,16,103,1.0,-100.0,13.445378151260504,MARGIN CALL ($0)
37,76,0.0,10,0,10,1.0,-100.0,0.0,MARGIN CALL ($0)
37,75,0.0,10,0,10,1.0,-100.0,0.0,MARGIN CALL ($0)
37,74,0.0,11,0,11,1.0,-100.0,0.0,MARGIN CALL ($0)
37,73,0.0,11,0,11,1.0,-100.0,0.0,MARGIN CALL ($0)
37,72,0.0,11,0,11,1.0,-100.0,0.0,MARGIN CALL ($0)
37,71,0.0,126,14,112,1.0,-100.0,11.11111111111111,MARGIN CALL ($0)
37,70,0.0,118,11,107,1.0,-100.0,9.322033898305085,MARGIN CALL ($0)
37,69,0.0,141,18,123,1.0,-100.0,12.76595744680851,MARGIN CALL ($0)
37,68,0.0,112,18,94,1.0,-100.0,16.071428571428573,MARGIN CALL ($0)
37,67,0.0,162,27,135,1.0,-100.0,16.666666666666664,MARGIN CALL ($0)
37,66,0.0,159,28,131,1.0,-100.0,17.61006289308176,MARGIN CALL ($0)
37,65,0.0,161,29,132,1.0,-100.0,18.012422360248447,MARGIN CALL ($0)
37,64,0.0,144,25,119,1.0,-100.0,17.36111111111111,MARGIN CALL ($0)
37,63,0.0,116,20,96,1.0,-100.0,17.24137931034483,MARGIN CALL ($0)
37,61,0.0,141,23,118,1.0,-100.0,16.312056737588655,MARGIN CALL ($0)
37,92,0.0,125,16,109,1.0,-100.0,12.8,MARGIN CALL ($0)
37,91,0.0,137,16,121,1.0,-100.0,11.678832116788321,MARGIN CALL ($0)
37,90,0.0,131,15,116,1.0,-100.0,11.450381679389313,MARGIN CALL ($0)
37,89,0.0,131,15,116,1.0,-100.0,11.450381679389313,MARGIN CALL ($0)
37,88,0.0,134,15,119,1.0,-100.0,11.194029850746269,MARGIN CALL ($0)
37,87,0.0,401,69,332,1.0,-100.0,17.206982543640898,MARGIN CALL ($0)
37,86,0.0,408,72,336,1.0,-100.0,17.647058823529413,MARGIN CALL ($0)
37,85,0.0,717,133,584,1.0,-100.0,18.549511854951188,MARGIN CALL ($0)
37,84,0.0,711,129,582,1.0,-100.0,18.143459915611814,MARGIN CALL ($0)
37,81,0.0,11,0,11,1.0,-100.0,0.0,MARGIN CALL ($0)
37,80,0.0,12,0,12,1.0,-100.0,0.0,MARGIN CALL ($0)
37,79,0.0,11,0,11,1.0,-100.0,0.0,MARGIN CALL ($0)
37,78,0.0,11,0,11,1.0,-100.0,0.0,MARGIN CALL ($0)
37,77,0.0,9,0,9,1.0,-100.0,0.0,MARGIN CALL ($0)
38,9,0.0,12,0,12,1.0,-100.0,0.0,MARGIN CALL ($0)
38,8,0.0,13,0,13,1.0,-100.0,0.0,MARGIN CALL ($0)
38,7,0.0,19,1,18,1.0,-100.0,5.263157894736842,MARGIN CALL ($0)
38,6,0.0,18,1,17,1.0,-100.0,5.555555555555555,MARGIN CALL ($0)
38,5,0.0,14,0,14,1.0,-100.0,0.0,MARGIN CALL ($0)
38,4,0.0,38,8,30,1.0,-100.0,21.052631578947366,MARGIN CALL ($0)
38,3,0.0,2287,531,1756,1.0,-100.0,23.218189768255357,MARGIN CALL ($0)
38,1,0.0,659,115,544,1.0,-100.0,17.450682852807283,MARGIN CALL ($0)
37,100,0.0,112,15,97,1.0,-100.0,13.392857142857142,MARGIN CALL ($0)
37,99,0.0,108,13,95,1.0,-100.0,12.037037037037036,MARGIN CALL ($0)
37,98,0.0,108,13,95,1.0,-100.0,12.037037037037036,MARGIN CALL ($0)
37,97,0.0,113,15,98,1.0,-100.0,13.274336283185843,MARGIN CALL ($0)
37,96,0.0,120,15,105,1.0,-100.0,12.5,MARGIN CALL ($0)
37,95,0.0,120,16,104,1.0,-100.0,13.333333333333334,MARGIN CALL ($0)
37,94,0.0,123,17,106,1.0,-100.0,13.821138211382115,MARGIN CALL ($0)
37,93,0.0,124,16,108,1.0,-100.0,12.903225806451612,MARGIN CALL ($0)
38,26,0.0,74,14,60,1.0,-100.0,18.91891891891892,MARGIN CALL ($0)
38,25,0.0,86,17,69,1.0,-100.0,19.767441860465116,MARGIN CALL ($0)
38,24,0.0,181,28,153,1.0,-100.0,15.469613259668508,MARGIN CALL ($0)
38,23,0.0,515,106,409,1.0,-100.0,20.58252427184466,MARGIN CALL ($0)
38,22,0.0,314,59,255,1.0,-100.0,18.789808917197455,MARGIN CALL ($0)
38,21,0.0,108,18,90,1.0,-100.0,16.666666666666664,MARGIN CALL ($0)
38,20,0.0,639,113,526,1.0,-100.0,17.683881064162755,MARGIN CALL ($0)
38,19,0.0,642,114,528,1.0,-100.0,17.75700934579439,MARGIN CALL ($0)
38,18,0.0,554,97,457,1.0,-100.0,17.509025270758123,MARGIN CALL ($0)
38,17,0.0,826,160,666,1.0,-100.0,19.37046004842615,MARGIN CALL ($0)
38,16,0.0,34,6,28,1.0,-100.0,17.647058823529413,MARGIN CALL ($0)
38,15,0.0,32,5,27,1.0,-100.0,15.625,MARGIN CALL ($0)
38,14,0.0,699,145,554,1.0,-100.0,20.74391988555079,MARGIN CALL ($0)
38,12,0.0,12,0,12,1.0,-100.0,0.0,MARGIN CALL ($0)
38,11,0.0,21,3,18,1.0,-100.0,14.285714285714285,MARGIN CALL ($0)
38,10,0.0,23,3,20,1.0,-100.0,13.043478260869565,MARGIN CALL ($0)
38,42,0.0,324,42,282,1.0,-100.0,12.962962962962962,MARGIN CALL ($0)
38,41,0.0,329,41,288,1.0,-100.0,12.462006079027356,MARGIN CALL ($0)
38,40,0.0,348,44,304,1.0,-100.0,12.643678160919542,MARGIN CALL ($0)
38,39,0.0,323,42,281,1.0,-100.0,13.003095975232199,MARGIN CALL ($0)
38,37,0.0,146,14,132,1.0,-100.0,9.58904109589041,MARGIN CALL ($0)
38,36,0.0,97,11,86,1.0,-100.0,11.34020618556701,MARGIN CALL ($0)
38,35,0.0,87,13,74,1.0,-100.0,14.942528735632186,MARGIN CALL ($0)
38,34,0.0,46,9,37,1.0,-100.0,19.565217391304348,MARGIN CALL ($0)
38,33,0.0,138,14,124,1.0,-100.0,10.144927536231885,MARGIN CALL ($0)
38,32,0.0,139,14,125,1.0,-100.0,10.071942446043165,MARGIN CALL ($0)
38,31,0.0,140,16,124,1.0,-100.0,11.428571428571429,MARGIN CALL ($0)
38,30,0.0,20,2,18,1.0,-100.0,10.0,MARGIN CALL ($0)
38,29,0.0,25,3,22,1.0,-100.0,12.0,MARGIN CALL ($0)
38,28,0.0,23,2,21,1.0,-100.0,8.695652173913043,MARGIN CALL ($0)
38,27,0.0,81,13,68,1.0,-100.0,16.049382716049383,MARGIN CALL ($0)
38,57,0.0,140,22,118,1.0,-100.0,15.714285714285714,MARGIN CALL ($0)
38,54,0.0,9,0,9,1.0,-100.0,0.0,MARGIN CALL ($0)
38,53,0.0,9,0,9,1.0,-100.0,0.0,MARGIN CALL ($0)
38,52,0.0,10,0,10,1.0,-100.0,0.0,MARGIN CALL ($0)
38,51,0.0,10,0,10,1.0,-100.0,0.0,MARGIN CALL ($0)
38,50,0.0,11,0,11,1.0,-100.0,0.0,MARGIN CALL ($0)
38,49,0.0,11,0,11,1.0,-100.0,0.0,MARGIN CALL ($0)
38,48,0.0,11,0,11,1.0,-100.0,0.0,MARGIN CALL ($0)
38,47,0.0,11,0,11,1.0,-100.0,0.0,MARGIN CALL ($0)
38,46,0.0,792,127,665,1.0,-100.0,16.035353535353536,MARGIN CALL ($0)
38,45,0.0,191,27,164,1.0,-100.0,14.136125654450263,MARGIN CALL ($0)
38,44,0.0,117,14,103,1.0,-100.0,11.965811965811966,MARGIN CALL ($0)
38,43,0.0,336,45,291,1.0,-100.0,13.392857142857142,MARGIN CALL ($0)
38,74,0.0,11,0,11,1.0,-100.0,0.0,MARGIN CALL ($0)
38,73,0.0,11,0,11,1.0,-100.0,0.0,MARGIN CALL ($0)
38,72,0.0,11,0,11,1.0,-100.0,0.0,MARGIN CALL ($0)
38,71,0.0,154,21,133,1.0,-100.0,13.636363636363635,MARGIN CALL ($0)
38,70,0.0,158,21,137,1.0,-100.0,13.291139240506327,MARGIN CALL ($0)
38,69,0.0,226,33,193,1.0,-100.0,14.601769911504425,MARGIN CALL ($0)
38,68,0.0,122,19,103,1.0,-100.0,15.573770491803279,MARGIN CALL ($0)
38,67,0.0,210,35,175,1.0,-100.0,16.666666666666664,MARGIN CALL ($0)
38,66,0.0,155,25,130,1.0,-100.0,16.129032258064516,MARGIN CALL ($0)
38,65,0.0,210,38,172,1.0,-100.0,18.095238095238095,MARGIN CALL ($0)
38,63,0.0,142,24,118,1.0,-100.0,16.901408450704224,MARGIN CALL ($0)
38,90,0.0,715,127,588,1.0,-100.0,17.762237762237763,MARGIN CALL ($0)
38,89,0.0,715,124,591,1.0,-100.0,17.34265734265734,MARGIN CALL ($0)
38,88,0.0,141,15,126,1.0,-100.0,10.638297872340425,MARGIN CALL ($0)
38,87,0.0,465,78,387,1.0,-100.0,16.7741935483871,MARGIN CALL ($0)
38,86,0.0,479,81,398,1.0,-100.0,16.910229645093946,MARGIN CALL ($0)
38,84,0.0,815,146,669,1.0,-100.0,17.914110429447852,MARGIN CALL ($0)
38,81,0.0,11,0,11,1.0,-100.0,0.0,MARGIN CALL ($0)
38,80,0.0,12,0,12,1.0,-100.0,0.0,MARGIN CALL ($0)
38,79,0.0,11,0,11,1.0,-100.0,0.0,MARGIN CALL ($0)
38,78,0.0,11,0,11,1.0,-100.0,0.0,MARGIN CALL ($0)
38,77,0.0,9,0,9,1.0,-100.0,0.0,MARGIN CALL ($0)
38,76,0.0,10,0,10,1.0,-100.0,0.0,MARGIN CALL ($0)
38,75,0.0,10,0,10,1.0,-100.0,0.0,MARGIN CALL ($0)
39,7,0.0,19,1,18,1.0,-100.0,5.263157894736842,MARGIN CALL ($0)
39,6,0.0,18,1,17,1.0,-100.0,5.555555555555555,MARGIN CALL ($0)
39,5,0.0,14,0,14,1.0,-100.0,0.0,MARGIN CALL ($0)
39,4,0.0,38,8,30,1.0,-100.0,21.052631578947366,MARGIN CALL ($0)
39,3,0.0,2278,529,1749,1.0,-100.0,23.222124670763826,MARGIN CALL ($0)
39,1,0.0,645,113,532,1.0,-100.0,17.519379844961243,MARGIN CALL ($0)
38,100,0.0,133,17,116,1.0,-100.0,12.781954887218044,MARGIN CALL ($0)
38,99,0.0,118,14,104,1.0,-100.0,11.864406779661017,MARGIN CALL ($0)
38,98,0.0,116,14,102,1.0,-100.0,12.068965517241379,MARGIN CALL ($0)
38,97,0.0,120,15,105,1.0,-100.0,12.5,MARGIN CALL ($0)
38,96,0.0,139,18,121,1.0,-100.0,12.949640287769784,MARGIN CALL ($0)
38,95,0.0,131,17,114,1.0,-100.0,12.977099236641221,MARGIN CALL ($0)
38,94,0.0,134,17,117,1.0,-100.0,12.686567164179104,MARGIN CALL ($0)
38,93,0.0,135,16,119,1.0,-100.0,11.851851851851853,MARGIN CALL ($0)
38,92,0.0,136,16,120,1.0,-100.0,11.76470588235294,MARGIN CALL ($0)
38,91,0.0,723,127,596,1.0,-100.0,17.565698478561547,MARGIN CALL ($0)
2,75,0.0,28,5,23,1.0,-100.0,17.857142857142858,MARGIN CALL ($0)
2,74,0.0,28,5,23,1.0,-100.0,17.857142857142858,MARGIN CALL ($0)
2,73,0.0,28,5,23,1.0,-100.0,17.857142857142858,MARGIN CALL ($0)
2,72,0.0,28,5,23,1.0,-100.0,17.857142857142858,MARGIN CALL ($0)
2,71,0.0,49,8,41,1.0,-100.0,16.3265306122449,MARGIN CALL ($0)
2,70,0.0,48,8,40,1.0,-100.0,16.666666666666664,MARGIN CALL ($0)
2,69,0.0,46,8,38,1.0,-100.0,17.391304347826086,MARGIN CALL ($0)
2,68,0.0,46,8,38,1.0,-100.0,17.391304347826086,MARGIN CALL ($0)
2,67,0.0,46,8,38,1.0,-100.0,17.391304347826086,MARGIN CALL ($0)
2,66,0.0,47,8,39,1.0,-100.0,17.02127659574468,MARGIN CALL ($0)
2,65,0.0,47,8,39,1.0,-100.0,17.02127659574468,MARGIN CALL ($0)
2,64,0.0,47,8,39,1.0,-100.0,17.02127659574468,MARGIN CALL ($0)
2,63,0.0,49,8,41,1.0,-100.0,16.3265306122449,MARGIN CALL ($0)
2,62,0.0,49,8,41,1.0,-100.0,16.3265306122449,MARGIN CALL ($0)
2,61,0.0,49,8,41,1.0,-100.0,16.3265306122449,MARGIN CALL ($0)
39,8,0.0,13,0,13,1.0,-100.0,0.0,MARGIN CALL ($0)
39,24,0.0,200,33,167,1.0,-100.0,16.5,MARGIN CALL ($0)
39,23,0.0,520,107,413,1.0,-100.0,20.576923076923077,MARGIN CALL ($0)
39,22,0.0,315,60,255,1.0,-100.0,19.047619047619047,MARGIN CALL ($0)
39,21,0.0,117,19,98,1.0,-100.0,16.23931623931624,MARGIN CALL ($0)
39,20,0.0,646,118,528,1.0,-100.0,18.26625386996904,MARGIN CALL ($0)
39,19,0.0,647,117,530,1.0,-100.0,18.083462132921174,MARGIN CALL ($0)
39,18,0.0,7,0,7,1.0,-100.0,0.0,MARGIN CALL ($0)
39,17,0.0,11,0,11,1.0,-100.0,0.0,MARGIN CALL ($0)
39,16,0.0,14,1,13,1.0,-100.0,7.142857142857142,MARGIN CALL ($0)
39,15,0.0,18,3,15,1.0,-100.0,16.666666666666664,MARGIN CALL ($0)
39,14,0.0,44,8,36,1.0,-100.0,18.181818181818183,MARGIN CALL ($0)
39,12,0.0,12,0,12,1.0,-100.0,0.0,MARGIN CALL ($0)
39,11,0.0,22,3,19,1.0,-100.0,13.636363636363635,MARGIN CALL ($0)
39,10,0.0,22,3,19,1.0,-100.0,13.636363636363635,MARGIN CALL ($0)
39,9,0.0,12,0,12,1.0,-100.0,0.0,MARGIN CALL ($0)
2,76,0.0,28,5,23,1.0,-100.0,17.857142857142858,MARGIN CALL ($0)
39,40,0.0,9,0,9,1.0,-100.0,0.0,MARGIN CALL ($0)
39,39,0.0,8,0,8,1.0,-100.0,0.0,MARGIN CALL ($0)
39,38,0.0,272,34,238,1.0,-100.0,12.5,MARGIN CALL ($0)
39,37,0.0,146,14,132,1.0,-100.0,9.58904109589041,MARGIN CALL ($0)
39,36,0.0,97,11,86,1.0,-100.0,11.34020618556701,MARGIN CALL ($0)
39,35,0.0,85,13,72,1.0,-100.0,15.294117647058824,MARGIN CALL ($0)
39,34,0.0,46,9,37,1.0,-100.0,19.565217391304348,MARGIN CALL ($0)
39,33,0.0,136,14,122,1.0,-100.0,10.294117647058822,MARGIN CALL ($0)
39,32,0.0,137,14,123,1.0,-100.0,10.218978102189782,MARGIN CALL ($0)
39,31,0.0,147,18,129,1.0,-100.0,12.244897959183673,MARGIN CALL ($0)
39,30,0.0,20,2,18,1.0,-100.0,10.0,MARGIN CALL ($0)
39,29,0.0,25,3,22,1.0,-100.0,12.0,MARGIN CALL ($0)
39,28,0.0,23,2,21,1.0,-100.0,8.695652173913043,MARGIN CALL ($0)
39,27,0.0,103,19,84,1.0,-100.0,18.446601941747574,MARGIN CALL ($0)
39,26,0.0,83,16,67,1.0,-100.0,19.27710843373494,MARGIN CALL ($0)
39,25,0.0,94,19,75,1.0,-100.0,20.212765957446805,MARGIN CALL ($0)
39,56,0.0,9,0,9,1.0,-100.0,0.0,MARGIN CALL ($0)
39,55,0.0,8,0,8,1.0,-100.0,0.0,MARGIN CALL ($0)
39,54,0.0,8,0,8,1.0,-100.0,0.0,MARGIN CALL ($0)
39,53,0.0,8,0,8,1.0,-100.0,0.0,MARGIN CALL ($0)
39,52,0.0,7,0,7,1.0,-100.0,0.0,MARGIN CALL ($0)
39,51,0.0,8,0,8,1.0,-100.0,0.0,MARGIN CALL ($0)
39,50,0.0,9,0,9,1.0,-100.0,0.0,MARGIN CALL ($0)
39,49,0.0,9,0,9,1.0,-100.0,0.0,MARGIN CALL ($0)
39,48,0.0,10,0,10,1.0,-100.0,0.0,MARGIN CALL ($0)
39,47,0.0,10,0,10,1.0,-100.0,0.0,MARGIN CALL ($0)
39,46,0.0,8,0,8,1.0,-100.0,0.0,MARGIN CALL ($0)
39,45,0.0,8,0,8,1.0,-100.0,0.0,MARGIN CALL ($0)
39,44,0.0,8,0,8,1.0,-100.0,0.0,MARGIN CALL ($0)
39,43,0.0,8,0,8,1.0,-100.0,0.0,MARGIN CALL ($0)
39,42,0.0,8,0,8,1.0,-100.0,0.0,MARGIN CALL ($0)
39,41,0.0,7,0,7,1.0,-100.0,0.0,MARGIN CALL ($0)
39,72,0.0,10,0,10,1.0,-100.0,0.0,MARGIN CALL ($0)
39,71,0.0,8,0,8,1.0,-100.0,0.0,MARGIN CALL ($0)
39,70,0.0,9,0,9,1.0,-100.0,0.0,MARGIN CALL ($0)
39,69,0.0,9,0,9,1.0,-100.0,0.0,MARGIN CALL ($0)
39,68,0.0,9,0,9,1.0,-100.0,0.0,MARGIN CALL ($0)
39,67,0.0,9,0,9,1.0,-100.0,0.0,MARGIN CALL ($0)
39,66,0.0,7,0,7,1.0,-100.0,0.0,MARGIN CALL ($0)
39,65,0.0,7,0,7,1.0,-100.0,0.0,MARGIN CALL ($0)
39,64,0.0,8,0,8,1.0,-100.0,0.0,MARGIN CALL ($0)
39,63,0.0,8,0,8,1.0,-100.0,0.0,MARGIN CALL ($0)
39,62,0.0,8,0,8,1.0,-100.0,0.0,MARGIN CALL ($0)
39,61,0.0,8,0,8,1.0,-100.0,0.0,MARGIN CALL ($0)
39,60,0.0,8,0,8,1.0,-100.0,0.0,MARGIN CALL ($0)
39,59,0.0,8,0,8,1.0,-100.0,0.0,MARGIN CALL ($0)
39,58,0.0,8,0,8,1.0,-100.0,0.0,MARGIN CALL ($0)
39,57,0.0,8,0,8,1.0,-100.0,0.0,MARGIN CALL ($0)
39,88,0.0,8,0,8,1.0,-100.0,0.0,MARGIN CALL ($0)
39,87,0.0,8,0,8,1.0,-100.0,0.0,MARGIN CALL ($0)
39,86,0.0,8,0,8,1.0,-100.0,0.0,MARGIN CALL ($0)
39,85,0.0,8,0,8,1.0,-100.0,0.0,MARGIN CALL ($0)
39,84,0.0,7,0,7,1.0,-100.0,0.0,MARGIN CALL ($0)
39,83,0.0,7,0,7,1.0,-100.0,0.0,MARGIN CALL ($0)
39,82,0.0,7,0,7,1.0,-100.0,0.0,MARGIN CALL ($0)
39,81,0.0,10,0,10,1.0,-100.0,0.0,MARGIN CALL ($0)
39,80,0.0,11,0,11,1.0,-100.0,0.0,MARGIN CALL ($0)
39,79,0.0,9,0,9,1.0,-100.0,0.0,MARGIN CALL ($0)
39,78,0.0,9,0,9,1.0,-100.0,0.0,MARGIN CALL ($0)
39,77,0.0,8,0,8,1.0,-100.0,0.0,MARGIN CALL ($0)
39,76,0.0,9,0,9,1.0,-100.0,0.0,MARGIN CALL ($0)
39,75,0.0,9,0,9,1.0,-100.0,0.0,MARGIN CALL ($0)
39,74,0.0,10,0,10,1.0,-100.0,0.0,MARGIN CALL ($0)
39,73,0.0,10,0,10,1.0,-100.0,0.0,MARGIN CALL ($0)
40,5,0.0,14,0,14,1.0,-100.0,0.0,MARGIN CALL ($0)
40,4,0.0,39,8,31,1.0,-100.0,20.51282051282051,MARGIN CALL ($0)
40,3,0.0,2277,529,1748,1.0,-100.0,23.232323232323232,MARGIN CALL ($0)
40,1,0.0,645,115,530,1.0,-100.0,17.829457364341085,MARGIN CALL ($0)
39,100,0.0,8,0,8,1.0,-100.0,0.0,MARGIN CALL ($0)
39,99,0.0,8,0,8,1.0,-100.0,0.0,MARGIN CALL ($0)
39,98,0.0,8,0,8,1.0,-100.0,0.0,MARGIN CALL ($0)
39,97,0.0,8,0,8,1.0,-100.0,0.0,MARGIN CALL ($0)
39,96,0.0,8,0,8,1.0,-100.0,0.0,MARGIN CALL ($0)
39,95,0.0,8,0,8,1.0,-100.0,0.0,MARGIN CALL ($0)
39,94,0.0,9,0,9,1.0,-100.0,0.0,MARGIN CALL ($0)
39,93,0.0,9,0,9,1.0,-100.0,0.0,MARGIN CALL ($0)
39,92,0.0,9,0,9,1.0,-100.0,0.0,MARGIN CALL ($0)
39,91,0.0,9,0,9,1.0,-100.0,0.0,MARGIN CALL ($0)
39,90,0.0,8,0,8,1.0,-100.0,0.0,MARGIN CALL ($0)
39,89,0.0,8,0,8,1.0,-100.0,0.0,MARGIN CALL ($0)
40,22,0.0,315,61,254,1.0,-100.0,19.365079365079367,MARGIN CALL ($0)
40,21,0.0,117,19,98,1.0,-100.0,16.23931623931624,MARGIN CALL ($0)
40,20,0.0,630,114,516,1.0,-100.0,18.095238095238095,MARGIN CALL ($0)
40,19,0.0,604,109,495,1.0,-100.0,18.046357615894042,MARGIN CALL ($0)
40,18,0.0,7,0,7,1.0,-100.0,0.0,MARGIN CALL ($0)
40,17,0.0,12,0,12,1.0,-100.0,0.0,MARGIN CALL ($0)
40,16,0.0,15,1,14,1.0,-100.0,6.666666666666667,MARGIN CALL ($0)
40,15,0.0,18,3,15,1.0,-100.0,16.666666666666664,MARGIN CALL ($0)
40,14,0.0,44,8,36,1.0,-100.0,18.181818181818183,MARGIN CALL ($0)
40,12,0.0,12,0,12,1.0,-100.0,0.0,MARGIN CALL ($0)
40,11,0.0,21,3,18,1.0,-100.0,14.285714285714285,MARGIN CALL ($0)
40,10,0.0,23,3,20,1.0,-100.0,13.043478260869565,MARGIN CALL ($0)
40,9,0.0,12,0,12,1.0,-100.0,0.0,MARGIN CALL ($0)
40,8,0.0,13,0,13,1.0,-100.0,0.0,MARGIN CALL ($0)
40,7,0.0,20,1,19,1.0,-100.0,5.0,MARGIN CALL ($0)
40,6,0.0,18,1,17,1.0,-100.0,5.555555555555555,MARGIN CALL ($0)
40,38,0.0,284,34,250,1.0,-100.0,11.971830985915492,MARGIN CALL ($0)
40,37,0.0,149,14,135,1.0,-100.0,9.395973154362416,MARGIN CALL ($0)
40,36,0.0,87,10,77,1.0,-100.0,11.494252873563218,MARGIN CALL ($0)
40,35,0.0,27,4,23,1.0,-100.0,14.814814814814813,MARGIN CALL ($0)
40,34,0.0,24,3,21,1.0,-100.0,12.5,MARGIN CALL ($0)
40,33,0.0,130,14,116,1.0,-100.0,10.76923076923077,MARGIN CALL ($0)
40,32,0.0,133,14,119,1.0,-100.0,10.526315789473683,MARGIN CALL ($0)
40,31,0.0,143,18,125,1.0,-100.0,12.587412587412588,MARGIN CALL ($0)
40,30,0.0,20,2,18,1.0,-100.0,10.0,MARGIN CALL ($0)
40,29,0.0,25,3,22,1.0,-100.0,12.0,MARGIN CALL ($0)
40,28,0.0,23,2,21,1.0,-100.0,8.695652173913043,MARGIN CALL ($0)
40,27,0.0,101,19,82,1.0,-100.0,18.81188118811881,MARGIN CALL ($0)
40,26,0.0,80,16,64,1.0,-100.0,20.0,MARGIN CALL ($0)
40,25,0.0,94,19,75,1.0,-100.0,20.212765957446805,MARGIN CALL ($0)
40,24,0.0,198,33,165,1.0,-100.0,16.666666666666664,MARGIN CALL ($0)
40,23,0.0,450,93,357,1.0,-100.0,20.666666666666668,MARGIN CALL ($0)
40,54,0.0,9,0,9,1.0,-100.0,0.0,MARGIN CALL ($0)
40,53,0.0,9,0,9,1.0,-100.0,0.0,MARGIN CALL ($0)
40,52,0.0,8,0,8,1.0,-100.0,0.0,MARGIN CALL ($0)
40,51,0.0,9,0,9,1.0,-100.0,0.0,MARGIN CALL ($0)
40,50,0.0,9,0,9,1.0,-100.0,0.0,MARGIN CALL ($0)
40,49,0.0,9,0,9,1.0,-100.0,0.0,MARGIN CALL ($0)
40,48,0.0,10,0,10,1.0,-100.0,0.0,MARGIN CALL ($0)
40,47,0.0,10,0,10,1.0,-100.0,0.0,MARGIN CALL ($0)
40,46,0.0,8,0,8,1.0,-100.0,0.0,MARGIN CALL ($0)
40,45,0.0,8,0,8,1.0,-100.0,0.0,MARGIN CALL ($0)
40,44,0.0,8,0,8,1.0,-100.0,0.0,MARGIN CALL ($0)
40,43,0.0,8,0,8,1.0,-100.0,0.0,MARGIN CALL ($0)
40,42,0.0,9,0,9,1.0,-100.0,0.0,MARGIN CALL ($0)
40,41,0.0,8,0,8,1.0,-100.0,0.0,MARGIN CALL ($0)
40,40,0.0,9,0,9,1.0,-100.0,0.0,MARGIN CALL ($0)
40,39,0.0,9,0,9,1.0,-100.0,0.0,MARGIN CALL ($0)
40,70,0.0,10,0,10,1.0,-100.0,0.0,MARGIN CALL ($0)
40,69,0.0,9,0,9,1.0,-100.0,0.0,MARGIN CALL ($0)
40,68,0.0,9,0,9,1.0,-100.0,0.0,MARGIN CALL ($0)
40,67,0.0,9,0,9,1.0,-100.0,0.0,MARGIN CALL ($0)
40,66,0.0,7,0,7,1.0,-100.0,0.0,MARGIN CALL ($0)
40,65,0.0,7,0,7,1.0,-100.0,0.0,MARGIN CALL ($0)
40,64,0.0,8,0,8,1.0,-100.0,0.0,MARGIN CALL ($0)
40,63,0.0,8,0,8,1.0,-100.0,0.0,MARGIN CALL ($0)
40,62,0.0,8,0,8,1.0,-100.0,0.0,MARGIN CALL ($0)
40,61,0.0,8,0,8,1.0,-100.0,0.0,MARGIN CALL ($0)
40,60,0.0,8,0,8,1.0,-100.0,0.0,MARGIN CALL ($0)
40,59,0.0,8,0,8,1.0,-100.0,0.0,MARGIN CALL ($0)
40,58,0.0,8,0,8,1.0,-100.0,0.0,MARGIN CALL ($0)
40,57,0.0,8,0,8,1.0,-100.0,0.0,MARGIN CALL ($0)
40,56,0.0,9,0,9,1.0,-100.0,0.0,MARGIN CALL ($0)
40,55,0.0,9,0,9,1.0,-100.0,0.0,MARGIN CALL ($0)
40,86,0.0,8,0,8,1.0,-100.0,0.0,MARGIN CALL ($0)
40,85,0.0,8,0,8,1.0,-100.0,0.0,MARGIN CALL ($0)
40,84,0.0,7,0,7,1.0,-100.0,0.0,MARGIN CALL ($0)
40,83,0.0,7,0,7,1.0,-100.0,0.0,MARGIN CALL ($0)
40,82,0.0,7,0,7,1.0,-100.0,0.0,MARGIN CALL ($0)
40,81,0.0,11,0,11,1.0,-100.0,0.0,MARGIN CALL ($0)
40,80,0.0,12,0,12,1.0,-100.0,0.0,MARGIN CALL ($0)
40,79,0.0,10,0,10,1.0,-100.0,0.0,MARGIN CALL ($0)
40,78,0.0,10,0,10,1.0,-100.0,0.0,MARGIN CALL ($0)
40,77,0.0,9,0,9,1.0,-100.0,0.0,MARGIN CALL ($0)
40,76,0.0,10,0,10,1.0,-100.0,0.0,MARGIN CALL ($0)
40,75,0.0,10,0,10,1.0,-100.0,0.0,MARGIN CALL ($0)
40,74,0.0,11,0,11,1.0,-100.0,0.0,MARGIN CALL ($0)
40,73,0.0,11,0,11,1.0,-100.0,0.0,MARGIN CALL ($0)
40,72,0.0,11,0,11,1.0,-100.0,0.0,MARGIN CALL ($0)
40,71,0.0,9,0,9,1.0,-100.0,0.0,MARGIN CALL ($0)
41,3,0.0,2279,531,1748,1.0,-100.0,23.299692847740236,MARGIN CALL ($0)
41,1,0.0,647,116,531,1.0,-100.0,17.928902627511594,MARGIN CALL ($0)
40,100,0.0,8,0,8,1.0,-100.0,0.0,MARGIN CALL ($0)
40,99,0.0,8,0,8,1.0,-100.0,0.0,MARGIN CALL ($0)
40,98,0.0,8,0,8,1.0,-100.0,0.0,MARGIN CALL ($0)
40,97,0.0,8,0,8,1.0,-100.0,0.0,MARGIN CALL ($0)
40,96,0.0,8,0,8,1.0,-100.0,0.0,MARGIN CALL ($0)
40,95,0.0,8,0,8,1.0,-100.0,0.0,MARGIN CALL ($0)
40,94,0.0,9,0,9,1.0,-100.0,0.0,MARGIN CALL ($0)
40,93,0.0,9,0,9,1.0,-100.0,0.0,MARGIN CALL ($0)
40,92,0.0,9,0,9,1.0,-100.0,0.0,MARGIN CALL ($0)
40,91,0.0,9,0,9,1.0,-100.0,0.0,MARGIN CALL ($0)
40,90,0.0,8,0,8,1.0,-100.0,0.0,MARGIN CALL ($0)
40,89,0.0,8,0,8,1.0,-100.0,0.0,MARGIN CALL ($0)
40,88,0.0,8,0,8,1.0,-100.0,0.0,MARGIN CALL ($0)
40,87,0.0,8,0,8,1.0,-100.0,0.0,MARGIN CALL ($0)
41,20,0.0,628,112,516,1.0,-100.0,17.8343949044586,MARGIN CALL ($0)
41,19,0.0,625,111,514,1.0,-100.0,17.76,MARGIN CALL ($0)
41,18,0.0,7,0,7,1.0,-100.0,0.0,MARGIN CALL ($0)
41,17,0.0,11,0,11,1.0,-100.0,0.0,MARGIN CALL ($0)
41,16,0.0,14,1,13,1.0,-100.0,7.142857142857142,MARGIN CALL ($0)
41,15,0.0,18,3,15,1.0,-100.0,16.666666666666664,MARGIN CALL ($0)
41,14,0.0,44,8,36,1.0,-100.0,18.181818181818183,MARGIN CALL ($0)
41,12,0.0,12,0,12,1.0,-100.0,0.0,MARGIN CALL ($0)
41,11,0.0,21,3,18,1.0,-100.0,14.285714285714285,MARGIN CALL ($0)
41,10,0.0,23,3,20,1.0,-100.0,13.043478260869565,MARGIN CALL ($0)
41,9,0.0,12,0,12,1.0,-100.0,0.0,MARGIN CALL ($0)
41,8,0.0,13,0,13,1.0,-100.0,0.0,MARGIN CALL ($0)
41,7,0.0,20,1,19,1.0,-100.0,5.0,MARGIN CALL ($0)
41,6,0.0,18,1,17,1.0,-100.0,5.555555555555555,MARGIN CALL ($0)
41,5,0.0,14,0,14,1.0,-100.0,0.0,MARGIN CALL ($0)
41,4,0.0,38,8,30,1.0,-100.0,21.052631578947366,MARGIN CALL ($0)
41,36,0.0,32,3,29,1.0,-100.0,9.375,MARGIN CALL ($0)
41,35,0.0,22,3,19,1.0,-100.0,13.636363636363635,MARGIN CALL ($0)
41,34,0.0,23,3,20,1.0,-100.0,13.043478260869565,MARGIN CALL ($0)
41,33,0.0,117,14,103,1.0,-100.0,11.965811965811966,MARGIN CALL ($0)
41,32,0.0,127,14,113,1.0,-100.0,11.023622047244094,MARGIN CALL ($0)
41,31,0.0,122,15,107,1.0,-100.0,12.295081967213115,MARGIN CALL ($0)
41,30,0.0,20,2,18,1.0,-100.0,10.0,MARGIN CALL ($0)
41,29,0.0,25,3,22,1.0,-100.0,12.0,MARGIN CALL ($0)
41,28,0.0,23,2,21,1.0,-100.0,8.695652173913043,MARGIN CALL ($0)
41,27,0.0,76,12,64,1.0,-100.0,15.789473684210526,MARGIN CALL ($0)
41,26,0.0,41,4,37,1.0,-100.0,9.75609756097561,MARGIN CALL ($0)
41,25,0.0,84,16,68,1.0,-100.0,19.047619047619047,MARGIN CALL ($0)
41,24,0.0,162,23,139,1.0,-100.0,14.19753086419753,MARGIN CALL ($0)
41,23,0.0,453,92,361,1.0,-100.0,20.309050772626932,MARGIN CALL ($0)
41,22,0.0,310,61,249,1.0,-100.0,19.67741935483871,MARGIN CALL ($0)
41,21,0.0,100,16,84,1.0,-100.0,16.0,MARGIN CALL ($0)
41,52,0.0,8,0,8,1.0,-100.0,0.0,MARGIN CALL ($0)
41,51,0.0,9,0,9,1.0,-100.0,0.0,MARGIN CALL ($0)
41,50,0.0,9,0,9,1.0,-100.0,0.0,MARGIN CALL ($0)
41,49,0.0,9,0,9,1.0,-100.0,0.0,MARGIN CALL ($0)
41,48,0.0,10,0,10,1.0,-100.0,0.0,MARGIN CALL ($0)
41,47,0.0,10,0,10,1.0,-100.0,0.0,MARGIN CALL ($0)
41,46,0.0,8,0,8,1.0,-100.0,0.0,MARGIN CALL ($0)
41,45,0.0,8,0,8,1.0,-100.0,0.0,MARGIN CALL ($0)
41,44,0.0,8,0,8,1.0,-100.0,0.0,MARGIN CALL ($0)
41,43,0.0,8,0,8,1.0,-100.0,0.0,MARGIN CALL ($0)
41,42,0.0,8,0,8,1.0,-100.0,0.0,MARGIN CALL ($0)
41,41,0.0,7,0,7,1.0,-100.0,0.0,MARGIN CALL ($0)
41,40,0.0,9,0,9,1.0,-100.0,0.0,MARGIN CALL ($0)
41,39,0.0,8,0,8,1.0,-100.0,0.0,MARGIN CALL ($0)
41,38,0.0,275,33,242,1.0,-100.0,12.0,MARGIN CALL ($0)
41,37,0.0,104,7,97,1.0,-100.0,6.730769230769231,MARGIN CALL ($0)
41,68,0.0,9,0,9,1.0,-100.0,0.0,MARGIN CALL ($0)
41,67,0.0,9,0,9,1.0,-100.0,0.0,MARGIN CALL ($0)
41,66,0.0,7,0,7,1.0,-100.0,0.0,MARGIN CALL ($0)
41,65,0.0,7,0,7,1.0,-100.0,0.0,MARGIN CALL ($0)
41,64,0.0,8,0,8,1.0,-100.0,0.0,MARGIN CALL ($0)
41,63,0.0,8,0,8,1.0,-100.0,0.0,MARGIN CALL ($0)
41,62,0.0,8,0,8,1.0,-100.0,0.0,MARGIN CALL ($0)
41,61,0.0,8,0,8,1.0,-100.0,0.0,MARGIN CALL ($0)
41,60,0.0,8,0,8,1.0,-100.0,0.0,MARGIN CALL ($0)
41,59,0.0,8,0,8,1.0,-100.0,0.0,MARGIN CALL ($0)
41,58,0.0,8,0,8,1.0,-100.0,0.0,MARGIN CALL ($0)
41,57,0.0,8,0,8,1.0,-100.0,0.0,MARGIN CALL ($0)
41,56,0.0,9,0,9,1.0,-100.0,0.0,MARGIN CALL ($0)
41,55,0.0,9,0,9,1.0,-100.0,0.0,MARGIN CALL ($0)
41,54,0.0,9,0,9,1.0,-100.0,0.0,MARGIN CALL ($0)
41,53,0.0,9,0,9,1.0,-100.0,0.0,MARGIN CALL ($0)
41,84,0.0,7,0,7,1.0,-100.0,0.0,MARGIN CALL ($0)
41,83,0.0,7,0,7,1.0,-100.0,0.0,MARGIN CALL ($0)
41,82,0.0,7,0,7,1.0,-100.0,0.0,MARGIN CALL ($0)
41,81,0.0,11,0,11,1.0,-100.0,0.0,MARGIN CALL ($0)
41,80,0.0,12,0,12,1.0,-100.0,0.0,MARGIN CALL ($0)
41,79,0.0,10,0,10,1.0,-100.0,0.0,MARGIN CALL ($0)
41,78,0.0,10,0,10,1.0,-100.0,0.0,MARGIN CALL ($0)
41,77,0.0,9,0,9,1.0,-100.0,0.0,MARGIN CALL ($0)
41,76,0.0,10,0,10,1.0,-100.0,0.0,MARGIN CALL ($0)
41,75,0.0,10,0,10,1.0,-100.0,0.0,MARGIN CALL ($0)
41,74,0.0,11,0,11,1.0,-100.0,0.0,MARGIN CALL ($0)
41,73,0.0,11,0,11,1.0,-100.0,0.0,MARGIN CALL ($0)
41,72,0.0,11,0,11,1.0,-100.0,0.0,MARGIN CALL ($0)
41,71,0.0,9,0,9,1.0,-100.0,0.0,MARGIN CALL ($0)
41,70,0.0,10,0,10,1.0,-100.0,0.0,MARGIN CALL ($0)
41,69,0.0,9,0,9,1.0,-100.0,0.0,MARGIN CALL ($0)
41,100,0.0,8,0,8,1.0,-100.0,0.0,MARGIN CALL ($0)
41,99,0.0,8,0,8,1.0,-100.0,0.0,MARGIN CALL ($0)
41,98,0.0,8,0,8,1.0,-100.0,0.0,MARGIN CALL ($0)
41,97,0.0,8,0,8,1.0,-100.0,0.0,MARGIN CALL ($0)
41,96,0.0,8,0,8,1.0,-100.0,0.0,MARGIN CALL ($0)
41,95,0.0,8,0,8,1.0,-100.0,0.0,MARGIN CALL ($0)
41,94,0.0,9,0,9,1.0,-100.0,0.0,MARGIN CALL ($0)
41,93,0.0,9,0,9,1.0,-100.0,0.0,MARGIN CALL ($0)
41,92,0.0,9,0,9,1.0,-100.0,0.0,MARGIN CALL ($0)
41,91,0.0,9,0,9,1.0,-100.0,0.0,MARGIN CALL ($0)
41,90,0.0,8,0,8,1.0,-100.0,0.0,MARGIN CALL ($0)
41,89,0.0,8,0,8,1.0,-100.0,0.0,MARGIN CALL ($0)
41,88,0.0,8,0,8,1.0,-100.0,0.0,MARGIN CALL ($0)
41,87,0.0,8,0,8,1.0,-100.0,0.0,MARGIN CALL ($0)
41,86,0.0,8,0,8,1.0,-100.0,0.0,MARGIN CALL ($0)
41,85,0.0,8,0,8,1.0,-100.0,0.0,MARGIN CALL ($0)
42,18,0.0,6,0,6,1.0,-100.0,0.0,MARGIN CALL ($0)
42,17,0.0,10,0,10,1.0,-100.0,0.0,MARGIN CALL ($0)
42,16,0.0,13,1,12,1.0,-100.0,7.6923076923076925,MARGIN CALL ($0)
42,15,0.0,20,3,17,1.0,-100.0,15.0,MARGIN CALL ($0)
42,14,0.0,44,8,36,1.0,-100.0,18.181818181818183,MARGIN CALL ($0)
42,12,0.0,22,3,19,1.0,-100.0,13.636363636363635,MARGIN CALL ($0)
42,11,0.0,21,3,18,1.0,-100.0,14.285714285714285,MARGIN CALL ($0)
42,10,0.0,23,3,20,1.0,-100.0,13.043478260869565,MARGIN CALL ($0)
42,9,0.0,12,0,12,1.0,-100.0,0.0,MARGIN CALL ($0)
42,8,0.0,13,0,13,1.0,-100.0,0.0,MARGIN CALL ($0)
42,7,0.0,20,1,19,1.0,-100.0,5.0,MARGIN CALL ($0)
42,6,0.0,18,1,17,1.0,-100.0,5.555555555555555,MARGIN CALL ($0)
42,5,0.0,14,0,14,1.0,-100.0,0.0,MARGIN CALL ($0)
42,4,0.0,38,8,30,1.0,-100.0,21.052631578947366,MARGIN CALL ($0)
42,3,0.0,2344,553,1791,1.0,-100.0,23.592150170648466,MARGIN CALL ($0)
42,1,0.0,664,123,541,1.0,-100.0,18.52409638554217,MARGIN CALL ($0)
42,34,0.0,23,3,20,1.0,-100.0,13.043478260869565,MARGIN CALL ($0)
42,33,0.0,111,15,96,1.0,-100.0,13.513513513513514,MARGIN CALL ($0)
42,32,0.0,122,15,107,1.0,-100.0,12.295081967213115,MARGIN CALL ($0)
42,31,0.0,116,16,100,1.0,-100.0,13.793103448275861,MARGIN CALL ($0)
42,30,0.0,20,2,18,1.0,-100.0,10.0,MARGIN CALL ($0)
42,29,0.0,26,4,22,1.0,-100.0,15.384615384615385,MARGIN CALL ($0)
42,28,0.0,24,3,21,1.0,-100.0,12.5,MARGIN CALL ($0)
42,27,0.0,42,3,39,1.0,-100.0,7.142857142857142,MARGIN CALL ($0)
42,26,0.0,37,4,33,1.0,-100.0,10.81081081081081,MARGIN CALL ($0)
42,25,0.0,53,9,44,1.0,-100.0,16.9811320754717,MARGIN CALL ($0)
42,24,0.0,120,18,102,1.0,-100.0,15.0,MARGIN CALL ($0)
42,23,0.0,441,93,348,1.0,-100.0,21.08843537414966,MARGIN CALL ($0)
42,22,0.0,304,62,242,1.0,-100.0,20.394736842105264,MARGIN CALL ($0)
42,21,0.0,73,11,62,1.0,-100.0,15.068493150684931,MARGIN CALL ($0)
42,20,0.0,629,118,511,1.0,-100.0,18.75993640699523,MARGIN CALL ($0)
42,19,0.0,596,110,486,1.0,-100.0,18.456375838926174,MARGIN CALL ($0)
42,50,0.0,8,0,8,1.0,-100.0,0.0,MARGIN CALL ($0)
42,49,0.0,8,0,8,1.0,-100.0,0.0,MARGIN CALL ($0)
42,48,0.0,8,0,8,1.0,-100.0,0.0,MARGIN CALL ($0)
42,47,0.0,8,0,8,1.0,-100.0,0.0,MARGIN CALL ($0)
42,46,0.0,7,0,7,1.0,-100.0,0.0,MARGIN CALL ($0)
42,45,0.0,7,0,7,1.0,-100.0,0.0,MARGIN CALL ($0)
42,44,0.0,6,0,6,1.0,-100.0,0.0,MARGIN CALL ($0)
42,43,0.0,6,0,6,1.0,-100.0,0.0,MARGIN CALL ($0)
42,42,0.0,7,0,7,1.0,-100.0,0.0,MARGIN CALL ($0)
42,41,0.0,7,0,7,1.0,-100.0,0.0,MARGIN CALL ($0)
42,40,0.0,9,0,9,1.0,-100.0,0.0,MARGIN CALL ($0)
42,39,0.0,8,0,8,1.0,-100.0,0.0,MARGIN CALL ($0)
42,37,0.0,106,8,98,1.0,-100.0,7.547169811320755,MARGIN CALL ($0)
42,36,0.0,31,3,28,1.0,-100.0,9.67741935483871,MARGIN CALL ($0)
42,35,0.0,22,3,19,1.0,-100.0,13.636363636363635,MARGIN CALL ($0)
42,66,0.0,7,0,7,1.0,-100.0,0.0,MARGIN CALL ($0)
42,65,0.0,7,0,7,1.0,-100.0,0.0,MARGIN CALL ($0)
42,64,0.0,7,0,7,1.0,-100.0,0.0,MARGIN CALL ($0)
42,63,0.0,7,0,7,1.0,-100.0,0.0,MARGIN CALL ($0)
42,62,0.0,7,0,7,1.0,-100.0,0.0,MARGIN CALL ($0)
42,61,0.0,7,0,7,1.0,-100.0,0.0,MARGIN CALL ($0)
42,60,0.0,7,0,7,1.0,-100.0,0.0,MARGIN CALL ($0)
42,59,0.0,7,0,7,1.0,-100.0,0.0,MARGIN CALL ($0)
42,58,0.0,7,0,7,1.0,-100.0,0.0,MARGIN CALL ($0)
42,57,0.0,7,0,7,1.0,-100.0,0.0,MARGIN CALL ($0)
42,56,0.0,8,0,8,1.0,-100.0,0.0,MARGIN CALL ($0)
42,55,0.0,9,0,9,1.0,-100.0,0.0,MARGIN CALL ($0)
42,54,0.0,8,0,8,1.0,-100.0,0.0,MARGIN CALL ($0)
42,53,0.0,8,0,8,1.0,-100.0,0.0,MARGIN CALL ($0)
42,52,0.0,7,0,7,1.0,-100.0,0.0,MARGIN CALL ($0)
42,51,0.0,8,0,8,1.0,-100.0,0.0,MARGIN CALL ($0)
42,82,0.0,6,0,6,1.0,-100.0,0.0,MARGIN CALL ($0)
42,81,0.0,10,0,10,1.0,-100.0,0.0,MARGIN CALL ($0)
42,80,0.0,11,0,11,1.0,-100.0,0.0,MARGIN CALL ($0)
42,79,0.0,9,0,9,1.0,-100.0,0.0,MARGIN CALL ($0)
42,78,0.0,9,0,9,1.0,-100.0,0.0,MARGIN CALL ($0)
42,77,0.0,8,0,8,1.0,-100.0,0.0,MARGIN CALL ($0)
42,76,0.0,9,0,9,1.0,-100.0,0.0,MARGIN CALL ($0)
42,75,0.0,9,0,9,1.0,-100.0,0.0,MARGIN CALL ($0)
42,74,0.0,10,0,10,1.0,-100.0,0.0,MARGIN CALL ($0)
42,73,0.0,10,0,10,1.0,-100.0,0.0,MARGIN CALL ($0)
42,72,0.0,10,0,10,1.0,-100.0,0.0,MARGIN CALL ($0)
42,71,0.0,8,0,8,1.0,-100.0,0.0,MARGIN CALL ($0)
42,70,0.0,9,0,9,1.0,-100.0,0.0,MARGIN CALL ($0)
42,69,0.0,7,0,7,1.0,-100.0,0.0,MARGIN CALL ($0)
42,68,0.0,7,0,7,1.0,-100.0,0.0,MARGIN CALL ($0)
42,67,0.0,8,0,8,1.0,-100.0,0.0,MARGIN CALL ($0)
42,98,0.0,9,0,9,1.0,-100.0,0.0,MARGIN CALL ($0)
42,97,0.0,9,0,9,1.0,-100.0,0.0,MARGIN CALL ($0)
42,96,0.0,9,0,9,1.0,-100.0,0.0,MARGIN CALL ($0)
42,95,0.0,9,0,9,1.0,-100.0,0.0,MARGIN CALL ($0)
42,94,0.0,8,0,8,1.0,-100.0,0.0,MARGIN CALL ($0)
42,93,0.0,8,0,8,1.0,-100.0,0.0,MARGIN CALL ($0)
42,92,0.0,8,0,8,1.0,-100.0,0.0,MARGIN CALL ($0)
42,91,0.0,8,0,8,1.0,-100.0,0.0,MARGIN CALL ($0)
42,90,0.0,7,0,7,1.0,-100.0,0.0,MARGIN CALL ($0)
42,89,0.0,7,0,7,1.0,-100.0,0.0,MARGIN CALL ($0)
42,88,0.0,7,0,7,1.0,-100.0,0.0,MARGIN CALL ($0)
42,87,0.0,7,0,7,1.0,-100.0,0.0,MARGIN CALL ($0)
42,86,0.0,7,0,7,1.0,-100.0,0.0,MARGIN CALL ($0)
42,85,0.0,7,0,7,1.0,-100.0,0.0,MARGIN CALL ($0)
42,84,0.0,6,0,6,1.0,-100.0,0.0,MARGIN CALL ($0)
42,83,0.0,6,0,6,1.0,-100.0,0.0,MARGIN CALL ($0)
43,16,0.0,13,1,12,1.0,-100.0,7.6923076923076925,MARGIN CALL ($0)
43,15,0.0,20,3,17,1.0,-100.0,15.0,MARGIN CALL ($0)
43,14,0.0,40,7,33,1.0,-100.0,17.5,MARGIN CALL ($0)
43,12,0.0,20,3,17,1.0,-100.0,15.0,MARGIN CALL ($0)
43,11,0.0,20,3,17,1.0,-100.0,15.0,MARGIN CALL ($0)
43,10,0.0,22,3,19,1.0,-100.0,13.636363636363635,MARGIN CALL ($0)
43,9,0.0,12,0,12,1.0,-100.0,0.0,MARGIN CALL ($0)
43,8,0.0,13,0,13,1.0,-100.0,0.0,MARGIN CALL ($0)
43,7,0.0,18,1,17,1.0,-100.0,5.555555555555555,MARGIN CALL ($0)
43,6,0.0,19,1,18,1.0,-100.0,5.263157894736842,MARGIN CALL ($0)
43,5,0.0,14,0,14,1.0,-100.0,0.0,MARGIN CALL ($0)
43,4,0.0,36,8,28,1.0,-100.0,22.22222222222222,MARGIN CALL ($0)
43,3,0.0,2345,553,1792,1.0,-100.0,23.582089552238806,MARGIN CALL ($0)
43,1,0.0,1167,229,938,1.0,-100.0,19.622964867180805,MARGIN CALL ($0)
42,100,0.0,9,0,9,1.0,-100.0,0.0,MARGIN CALL ($0)
42,99,0.0,9,0,9,1.0,-100.0,0.0,MARGIN CALL ($0)
43,32,0.0,128,16,112,1.0,-100.0,12.5,MARGIN CALL ($0)
43,31,0.0,121,17,104,1.0,-100.0,14.049586776859504,MARGIN CALL ($0)
43,30,0.0,20,2,18,1.0,-100.0,10.0,MARGIN CALL ($0)
43,29,0.0,27,4,23,1.0,-100.0,14.814814814814813,MARGIN CALL ($0)
43,28,0.0,24,3,21,1.0,-100.0,12.5,MARGIN CALL ($0)
43,27,0.0,73,12,61,1.0,-100.0,16.43835616438356,MARGIN CALL ($0)
43,26,0.0,33,3,30,1.0,-100.0,9.090909090909092,MARGIN CALL ($0)
43,25,0.0,54,9,45,1.0,-100.0,16.666666666666664,MARGIN CALL ($0)
43,24,0.0,125,19,106,1.0,-100.0,15.2,MARGIN CALL ($0)
43,23,0.0,459,97,362,1.0,-100.0,21.13289760348584,MARGIN CALL ($0)
43,22,0.0,311,65,246,1.0,-100.0,20.90032154340836,MARGIN CALL ($0)
43,21,0.0,104,18,86,1.0,-100.0,17.307692307692307,MARGIN CALL ($0)
43,20,0.0,695,133,562,1.0,-100.0,19.136690647482013,MARGIN CALL ($0)
43,19,0.0,716,135,581,1.0,-100.0,18.854748603351958,MARGIN CALL ($0)
43,18,0.0,6,0,6,1.0,-100.0,0.0,MARGIN CALL ($0)
43,17,0.0,10,0,10,1.0,-100.0,0.0,MARGIN CALL ($0)
43,48,0.0,8,0,8,1.0,-100.0,0.0,MARGIN CALL ($0)
43,47,0.0,8,0,8,1.0,-100.0,0.0,MARGIN CALL ($0)
43,46,0.0,7,0,7,1.0,-100.0,0.0,MARGIN CALL ($0)
43,45,0.0,7,0,7,1.0,-100.0,0.0,MARGIN CALL ($0)
43,44,0.0,6,0,6,1.0,-100.0,0.0,MARGIN CALL ($0)
43,43,0.0,6,0,6,1.0,-100.0,0.0,MARGIN CALL ($0)
43,42,0.0,7,0,7,1.0,-100.0,0.0,MARGIN CALL ($0)
43,41,0.0,7,0,7,1.0,-100.0,0.0,MARGIN CALL ($0)
43,40,0.0,9,0,9,1.0,-100.0,0.0,MARGIN CALL ($0)
43,39,0.0,8,0,8,1.0,-100.0,0.0,MARGIN CALL ($0)
43,37,0.0,171,22,149,1.0,-100.0,12.865497076023392,MARGIN CALL ($0)
43,36,0.0,36,5,31,1.0,-100.0,13.88888888888889,MARGIN CALL ($0)
43,35,0.0,22,3,19,1.0,-100.0,13.636363636363635,MARGIN CALL ($0)
43,34,0.0,23,3,20,1.0,-100.0,13.043478260869565,MARGIN CALL ($0)
43,33,0.0,117,16,101,1.0,-100.0,13.675213675213676,MARGIN CALL ($0)
43,64,0.0,7,0,7,1.0,-100.0,0.0,MARGIN CALL ($0)
43,63,0.0,7,0,7,1.0,-100.0,0.0,MARGIN CALL ($0)
43,62,0.0,7,0,7,1.0,-100.0,0.0,MARGIN CALL ($0)
43,61,0.0,7,0,7,1.0,-100.0,0.0,MARGIN CALL ($0)
43,60,0.0,7,0,7,1.0,-100.0,0.0,MARGIN CALL ($0)
43,59,0.0,7,0,7,1.0,-100.0,0.0,MARGIN CALL ($0)
43,58,0.0,7,0,7,1.0,-100.0,0.0,MARGIN CALL ($0)
43,57,0.0,7,0,7,1.0,-100.0,0.0,MARGIN CALL ($0)
43,56,0.0,8,0,8,1.0,-100.0,0.0,MARGIN CALL ($0)
43,55,0.0,9,0,9,1.0,-100.0,0.0,MARGIN CALL ($0)
43,54,0.0,8,0,8,1.0,-100.0,0.0,MARGIN CALL ($0)
43,53,0.0,8,0,8,1.0,-100.0,0.0,MARGIN CALL ($0)
43,52,0.0,7,0,7,1.0,-100.0,0.0,MARGIN CALL ($0)
43,51,0.0,8,0,8,1.0,-100.0,0.0,MARGIN CALL ($0)
43,50,0.0,8,0,8,1.0,-100.0,0.0,MARGIN CALL ($0)
43,49,0.0,8,0,8,1.0,-100.0,0.0,MARGIN CALL ($0)
43,80,0.0,11,0,11,1.0,-100.0,0.0,MARGIN CALL ($0)
43,79,0.0,9,0,9,1.0,-100.0,0.0,MARGIN CALL ($0)
43,78,0.0,9,0,9,1.0,-100.0,0.0,MARGIN CALL ($0)
43,77,0.0,8,0,8,1.0,-100.0,0.0,MARGIN CALL ($0)
43,76,0.0,9,0,9,1.0,-100.0,0.0,MARGIN CALL ($0)
43,75,0.0,9,0,9,1.0,-100.0,0.0,MARGIN CALL ($0)
43,74,0.0,10,0,10,1.0,-100.0,0.0,MARGIN CALL ($0)
43,73,0.0,10,0,10,1.0,-100.0,0.0,MARGIN CALL ($0)
43,72,0.0,10,0,10,1.0,-100.0,0.0,MARGIN CALL ($0)
43,71,0.0,8,0,8,1.0,-100.0,0.0,MARGIN CALL ($0)
43,70,0.0,9,0,9,1.0,-100.0,0.0,MARGIN CALL ($0)
43,69,0.0,7,0,7,1.0,-100.0,0.0,MARGIN CALL ($0)
43,68,0.0,7,0,7,1.0,-100.0,0.0,MARGIN CALL ($0)
43,67,0.0,8,0,8,1.0,-100.0,0.0,MARGIN CALL ($0)
43,66,0.0,7,0,7,1.0,-100.0,0.0,MARGIN CALL ($0)
43,65,0.0,7,0,7,1.0,-100.0,0.0,MARGIN CALL ($0)
43,96,0.0,9,0,9,1.0,-100.0,0.0,MARGIN CALL ($0)
43,95,0.0,9,0,9,1.0,-100.0,0.0,MARGIN CALL ($0)
43,94,0.0,8,0,8,1.0,-100.0,0.0,MARGIN CALL ($0)
43,93,0.0,8,0,8,1.0,-100.0,0.0,MARGIN CALL ($0)
43,92,0.0,8,0,8,1.0,-100.0,0.0,MARGIN CALL ($0)
43,91,0.0,8,0,8,1.0,-100.0,0.0,MARGIN CALL ($0)
43,90,0.0,7,0,7,1.0,-100.0,0.0,MARGIN CALL ($0)
43,89,0.0,7,0,7,1.0,-100.0,0.0,MARGIN CALL ($0)
43,88,0.0,7,0,7,1.0,-100.0,0.0,MARGIN CALL ($0)
43,87,0.0,7,0,7,1.0,-100.0,0.0,MARGIN CALL ($0)
43,86,0.0,7,0,7,1.0,-100.0,0.0,MARGIN CALL ($0)
43,85,0.0,7,0,7,1.0,-100.0,0.0,MARGIN CALL ($0)
43,84,0.0,6,0,6,1.0,-100.0,0.0,MARGIN CALL ($0)
43,83,0.0,6,0,6,1.0,-100.0,0.0,MARGIN CALL ($0)
43,82,0.0,6,0,6,1.0,-100.0,0.0,MARGIN CALL ($0)
43,81,0.0,10,0,10,1.0,-100.0,0.0,MARGIN CALL ($0)
44,14,0.0,41,7,34,1.0,-100.0,17.073170731707318,MARGIN CALL ($0)
44,12,0.0,20,3,17,1.0,-100.0,15.0,MARGIN CALL ($0)
44,11,0.0,21,3,18,1.0,-100.0,14.285714285714285,MARGIN CALL ($0)
44,10,0.0,23,3,20,1.0,-100.0,13.043478260869565,MARGIN CALL ($0)
44,9,0.0,23,3,20,1.0,-100.0,13.043478260869565,MARGIN CALL ($0)
44,8,0.0,22,3,19,1.0,-100.0,13.636363636363635,MARGIN CALL ($0)
44,7,0.0,18,1,17,1.0,-100.0,5.555555555555555,MARGIN CALL ($0)
44,6,0.0,19,1,18,1.0,-100.0,5.263157894736842,MARGIN CALL ($0)
44,5,0.0,14,0,14,1.0,-100.0,0.0,MARGIN CALL ($0)
44,4,0.0,36,8,28,1.0,-100.0,22.22222222222222,MARGIN CALL ($0)
44,3,0.0,2345,553,1792,1.0,-100.0,23.582089552238806,MARGIN CALL ($0)
44,1,0.0,651,118,533,1.0,-100.0,18.125960061443934,MARGIN CALL ($0)
43,100,0.0,8,0,8,1.0,-100.0,0.0,MARGIN CALL ($0)
43,99,0.0,8,0,8,1.0,-100.0,0.0,MARGIN CALL ($0)
43,98,0.0,9,0,9,1.0,-100.0,0.0,MARGIN CALL ($0)
43,97,0.0,9,0,9,1.0,-100.0,0.0,MARGIN CALL ($0)
44,30,0.0,22,3,19,1.0,-100.0,13.636363636363635,MARGIN CALL ($0)
44,29,0.0,28,4,24,1.0,-100.0,14.285714285714285,MARGIN CALL ($0)
44,28,0.0,26,3,23,1.0,-100.0,11.538461538461538,MARGIN CALL ($0)
44,27,0.0,34,3,31,1.0,-100.0,8.823529411764707,MARGIN CALL ($0)
44,26,0.0,33,3,30,1.0,-100.0,9.090909090909092,MARGIN CALL ($0)
44,25,0.0,50,8,42,1.0,-100.0,16.0,MARGIN CALL ($0)
44,24,0.0,124,18,106,1.0,-100.0,14.516129032258066,MARGIN CALL ($0)
44,23,0.0,441,91,350,1.0,-100.0,20.634920634920633,MARGIN CALL ($0)
44,22,0.0,30,4,26,1.0,-100.0,13.333333333333334,MARGIN CALL ($0)
44,21,0.0,71,13,58,1.0,-100.0,18.30985915492958,MARGIN CALL ($0)
44,20,0.0,619,115,504,1.0,-100.0,18.578352180936992,MARGIN CALL ($0)
44,19,0.0,655,123,532,1.0,-100.0,18.778625954198475,MARGIN CALL ($0)
44,18,0.0,6,0,6,1.0,-100.0,0.0,MARGIN CALL ($0)
44,17,0.0,10,0,10,1.0,-100.0,0.0,MARGIN CALL ($0)
44,16,0.0,13,1,12,1.0,-100.0,7.6923076923076925,MARGIN CALL ($0)
44,15,0.0,20,3,17,1.0,-100.0,15.0,MARGIN CALL ($0)
44,46,0.0,7,0,7,1.0,-100.0,0.0,MARGIN CALL ($0)
44,45,0.0,7,0,7,1.0,-100.0,0.0,MARGIN CALL ($0)
44,44,0.0,6,0,6,1.0,-100.0,0.0,MARGIN CALL ($0)
44,43,0.0,6,0,6,1.0,-100.0,0.0,MARGIN CALL ($0)
44,42,0.0,7,0,7,1.0,-100.0,0.0,MARGIN CALL ($0)
44,41,0.0,8,0,8,1.0,-100.0,0.0,MARGIN CALL ($0)
44,40,0.0,10,0,10,1.0,-100.0,0.0,MARGIN CALL ($0)
44,39,0.0,9,0,9,1.0,-100.0,0.0,MARGIN CALL ($0)
44,38,0.0,112,14,98,1.0,-100.0,12.5,MARGIN CALL ($0)
44,37,0.0,173,23,150,1.0,-100.0,13.294797687861271,MARGIN CALL ($0)
44,36,0.0,25,4,21,1.0,-100.0,16.0,MARGIN CALL ($0)
44,35,0.0,22,4,18,1.0,-100.0,18.181818181818183,MARGIN CALL ($0)
44,34,0.0,22,4,18,1.0,-100.0,18.181818181818183,MARGIN CALL ($0)
44,33,0.0,21,3,18,1.0,-100.0,14.285714285714285,MARGIN CALL ($0)
44,32,0.0,26,4,22,1.0,-100.0,15.384615384615385,MARGIN CALL ($0)
44,31,0.0,31,4,27,1.0,-100.0,12.903225806451612,MARGIN CALL ($0)
44,62,0.0,7,0,7,1.0,-100.0,0.0,MARGIN CALL ($0)
44,61,0.0,7,0,7,1.0,-100.0,0.0,MARGIN CALL ($0)
44,60,0.0,7,0,7,1.0,-100.0,0.0,MARGIN CALL ($0)
44,59,0.0,7,0,7,1.0,-100.0,0.0,MARGIN CALL ($0)
44,58,0.0,7,0,7,1.0,-100.0,0.0,MARGIN CALL ($0)
44,57,0.0,7,0,7,1.0,-100.0,0.0,MARGIN CALL ($0)
44,56,0.0,8,0,8,1.0,-100.0,0.0,MARGIN CALL ($0)
44,55,0.0,9,0,9,1.0,-100.0,0.0,MARGIN CALL ($0)
44,54,0.0,8,0,8,1.0,-100.0,0.0,MARGIN CALL ($0)
44,53,0.0,8,0,8,1.0,-100.0,0.0,MARGIN CALL ($0)
44,52,0.0,7,0,7,1.0,-100.0,0.0,MARGIN CALL ($0)
44,51,0.0,8,0,8,1.0,-100.0,0.0,MARGIN CALL ($0)
44,50,0.0,8,0,8,1.0,-100.0,0.0,MARGIN CALL ($0)
44,49,0.0,8,0,8,1.0,-100.0,0.0,MARGIN CALL ($0)
44,48,0.0,8,0,8,1.0,-100.0,0.0,MARGIN CALL ($0)
44,47,0.0,8,0,8,1.0,-100.0,0.0,MARGIN CALL ($0)
44,78,0.0,10,0,10,1.0,-100.0,0.0,MARGIN CALL ($0)
44,77,0.0,8,0,8,1.0,-100.0,0.0,MARGIN CALL ($0)
44,76,0.0,9,0,9,1.0,-100.0,0.0,MARGIN CALL ($0)
44,75,0.0,10,0,10,1.0,-100.0,0.0,MARGIN CALL ($0)
44,74,0.0,10,0,10,1.0,-100.0,0.0,MARGIN CALL ($0)
44,73,0.0,10,0,10,1.0,-100.0,0.0,MARGIN CALL ($0)
44,72,0.0,10,0,10,1.0,-100.0,0.0,MARGIN CALL ($0)
44,71,0.0,8,0,8,1.0,-100.0,0.0,MARGIN CALL ($0)
44,70,0.0,9,0,9,1.0,-100.0,0.0,MARGIN CALL ($0)
44,69,0.0,7,0,7,1.0,-100.0,0.0,MARGIN CALL ($0)
44,68,0.0,7,0,7,1.0,-100.0,0.0,MARGIN CALL ($0)
44,67,0.0,7,0,7,1.0,-100.0,0.0,MARGIN CALL ($0)
44,66,0.0,7,0,7,1.0,-100.0,0.0,MARGIN CALL ($0)
44,65,0.0,7,0,7,1.0,-100.0,0.0,MARGIN CALL ($0)
44,64,0.0,7,0,7,1.0,-100.0,0.0,MARGIN CALL ($0)
44,63,0.0,7,0,7,1.0,-100.0,0.0,MARGIN CALL ($0)
44,94,0.0,7,0,7,1.0,-100.0,0.0,MARGIN CALL ($0)
44,93,0.0,7,0,7,1.0,-100.0,0.0,MARGIN CALL ($0)
44,92,0.0,7,0,7,1.0,-100.0,0.0,MARGIN CALL ($0)
44,91,0.0,7,0,7,1.0,-100.0,0.0,MARGIN CALL ($0)
44,90,0.0,8,0,8,1.0,-100.0,0.0,MARGIN CALL ($0)
44,89,0.0,8,0,8,1.0,-100.0,0.0,MARGIN CALL ($0)
44,88,0.0,8,0,8,1.0,-100.0,0.0,MARGIN CALL ($0)
44,87,0.0,8,0,8,1.0,-100.0,0.0,MARGIN CALL ($0)
44,86,0.0,8,0,8,1.0,-100.0,0.0,MARGIN CALL ($0)
44,85,0.0,9,0,9,1.0,-100.0,0.0,MARGIN CALL ($0)
44,84,0.0,8,0,8,1.0,-100.0,0.0,MARGIN CALL ($0)
44,83,0.0,8,0,8,1.0,-100.0,0.0,MARGIN CALL ($0)
44,82,0.0,7,0,7,1.0,-100.0,0.0,MARGIN CALL ($0)
44,81,0.0,10,0,10,1.0,-100.0,0.0,MARGIN CALL ($0)
44,80,0.0,11,0,11,1.0,-100.0,0.0,MARGIN CALL ($0)
44,79,0.0,9,0,9,1.0,-100.0,0.0,MARGIN CALL ($0)
45,11,0.0,21,3,18,1.0,-100.0,14.285714285714285,MARGIN CALL ($0)
45,10,0.0,23,3,20,1.0,-100.0,13.043478260869565,MARGIN CALL ($0)
45,9,0.0,23,3,20,1.0,-100.0,13.043478260869565,MARGIN CALL ($0)
45,8,0.0,22,3,19,1.0,-100.0,13.636363636363635,MARGIN CALL ($0)
45,7,0.0,18,1,17,1.0,-100.0,5.555555555555555,MARGIN CALL ($0)
45,6,0.0,19,1,18,1.0,-100.0,5.263157894736842,MARGIN CALL ($0)
45,5,0.0,14,0,14,1.0,-100.0,0.0,MARGIN CALL ($0)
45,4,0.0,36,8,28,1.0,-100.0,22.22222222222222,MARGIN CALL ($0)
45,3,0.0,2346,553,1793,1.0,-100.0,23.572037510656436,MARGIN CALL ($0)
45,1,0.0,733,138,595,1.0,-100.0,18.826739427012278,MARGIN CALL ($0)
44,100,0.0,7,0,7,1.0,-100.0,0.0,MARGIN CALL ($0)
44,99,0.0,7,0,7,1.0,-100.0,0.0,MARGIN CALL ($0)
44,98,0.0,8,0,8,1.0,-100.0,0.0,MARGIN CALL ($0)
44,97,0.0,8,0,8,1.0,-100.0,0.0,MARGIN CALL ($0)
44,96,0.0,8,0,8,1.0,-100.0,0.0,MARGIN CALL ($0)
44,95,0.0,8,0,8,1.0,-100.0,0.0,MARGIN CALL ($0)
45,28,0.0,72,13,59,1.0,-100.0,18.055555555555554,MARGIN CALL ($0)
45,27,0.0,113,22,91,1.0,-100.0,19.469026548672566,MARGIN CALL ($0)
45,26,0.0,114,21,93,1.0,-100.0,18.421052631578945,MARGIN CALL ($0)
45,25,0.0,126,22,104,1.0,-100.0,17.46031746031746,MARGIN CALL ($0)
45,24,0.0,426,79,347,1.0,-100.0,18.544600938967136,MARGIN CALL ($0)
45,23,0.0,535,105,430,1.0,-100.0,19.626168224299064,MARGIN CALL ($0)
45,22,0.0,420,85,335,1.0,-100.0,20.238095238095237,MARGIN CALL ($0)
45,21,0.0,470,84,386,1.0,-100.0,17.872340425531917,MARGIN CALL ($0)
45,20,0.0,647,119,528,1.0,-100.0,18.39258114374034,MARGIN CALL ($0)
45,18,0.0,5,0,5,1.0,-100.0,0.0,MARGIN CALL ($0)
45,17,0.0,10,0,10,1.0,-100.0,0.0,MARGIN CALL ($0)
45,16,0.0,12,1,11,1.0,-100.0,8.333333333333332,MARGIN CALL ($0)
45,15,0.0,30,5,25,1.0,-100.0,16.666666666666664,MARGIN CALL ($0)
45,14,0.0,41,7,34,1.0,-100.0,17.073170731707318,MARGIN CALL ($0)
45,12,0.0,20,3,17,1.0,-100.0,15.0,MARGIN CALL ($0)
45,44,0.0,6,0,6,1.0,-100.0,0.0,MARGIN CALL ($0)
45,43,0.0,6,0,6,1.0,-100.0,0.0,MARGIN CALL ($0)
45,42,0.0,7,0,7,1.0,-100.0,0.0,MARGIN CALL ($0)
45,41,0.0,8,0,8,1.0,-100.0,0.0,MARGIN CALL ($0)
45,40,0.0,10,0,10,1.0,-100.0,0.0,MARGIN CALL ($0)
45,39,0.0,9,0,9,1.0,-100.0,0.0,MARGIN CALL ($0)
45,38,0.0,118,17,101,1.0,-100.0,14.40677966101695,MARGIN CALL ($0)
45,37,0.0,185,28,157,1.0,-100.0,15.135135135135137,MARGIN CALL ($0)
45,36,0.0,42,7,35,1.0,-100.0,16.666666666666664,MARGIN CALL ($0)
45,35,0.0,21,4,17,1.0,-100.0,19.047619047619047,MARGIN CALL ($0)
45,34,0.0,23,4,19,1.0,-100.0,17.391304347826086,MARGIN CALL ($0)
45,33,0.0,21,3,18,1.0,-100.0,14.285714285714285,MARGIN CALL ($0)
45,32,0.0,22,4,18,1.0,-100.0,18.181818181818183,MARGIN CALL ($0)
45,31,0.0,94,18,76,1.0,-100.0,19.148936170212767,MARGIN CALL ($0)
45,30,0.0,22,3,19,1.0,-100.0,13.636363636363635,MARGIN CALL ($0)
45,29,0.0,28,4,24,1.0,-100.0,14.285714285714285,MARGIN CALL ($0)
45,60,0.0,6,0,6,1.0,-100.0,0.0,MARGIN CALL ($0)
45,59,0.0,6,0,6,1.0,-100.0,0.0,MARGIN CALL ($0)
45,58,0.0,6,0,6,1.0,-100.0,0.0,MARGIN CALL ($0)
45,57,0.0,6,0,6,1.0,-100.0,0.0,MARGIN CALL ($0)
45,56,0.0,7,0,7,1.0,-100.0,0.0,MARGIN CALL ($0)
45,55,0.0,7,0,7,1.0,-100.0,0.0,MARGIN CALL ($0)
45,54,0.0,7,0,7,1.0,-100.0,0.0,MARGIN CALL ($0)
45,53,0.0,7,0,7,1.0,-100.0,0.0,MARGIN CALL ($0)
45,52,0.0,7,0,7,1.0,-100.0,0.0,MARGIN CALL ($0)
45,51,0.0,7,0,7,1.0,-100.0,0.0,MARGIN CALL ($0)
45,50,0.0,7,0,7,1.0,-100.0,0.0,MARGIN CALL ($0)
45,49,0.0,7,0,7,1.0,-100.0,0.0,MARGIN CALL ($0)
45,48,0.0,8,0,8,1.0,-100.0,0.0,MARGIN CALL ($0)
45,47,0.0,8,0,8,1.0,-100.0,0.0,MARGIN CALL ($0)
45,46,0.0,6,0,6,1.0,-100.0,0.0,MARGIN CALL ($0)
45,45,0.0,6,0,6,1.0,-100.0,0.0,MARGIN CALL ($0)
45,76,0.0,9,0,9,1.0,-100.0,0.0,MARGIN CALL ($0)
45,75,0.0,9,0,9,1.0,-100.0,0.0,MARGIN CALL ($0)
45,74,0.0,9,0,9,1.0,-100.0,0.0,MARGIN CALL ($0)
45,73,0.0,9,0,9,1.0,-100.0,0.0,MARGIN CALL ($0)
45,72,0.0,9,0,9,1.0,-100.0,0.0,MARGIN CALL ($0)
45,71,0.0,8,0,8,1.0,-100.0,0.0,MARGIN CALL ($0)
45,70,0.0,9,0,9,1.0,-100.0,0.0,MARGIN CALL ($0)
45,69,0.0,7,0,7,1.0,-100.0,0.0,MARGIN CALL ($0)
45,68,0.0,7,0,7,1.0,-100.0,0.0,MARGIN CALL ($0)
45,67,0.0,6,0,6,1.0,-100.0,0.0,MARGIN CALL ($0)
45,66,0.0,6,0,6,1.0,-100.0,0.0,MARGIN CALL ($0)
45,65,0.0,5,0,5,1.0,-100.0,0.0,MARGIN CALL ($0)
45,64,0.0,6,0,6,1.0,-100.0,0.0,MARGIN CALL ($0)
45,63,0.0,6,0,6,1.0,-100.0,0.0,MARGIN CALL ($0)
45,62,0.0,6,0,6,1.0,-100.0,0.0,MARGIN CALL ($0)
45,61,0.0,6,0,6,1.0,-100.0,0.0,MARGIN CALL ($0)
45,92,0.0,8,0,8,1.0,-100.0,0.0,MARGIN CALL ($0)
45,91,0.0,8,0,8,1.0,-100.0,0.0,MARGIN CALL ($0)
45,90,0.0,7,0,7,1.0,-100.0,0.0,MARGIN CALL ($0)
45,89,0.0,7,0,7,1.0,-100.0,0.0,MARGIN CALL ($0)
45,88,0.0,7,0,7,1.0,-100.0,0.0,MARGIN CALL ($0)
45,87,0.0,7,0,7,1.0,-100.0,0.0,MARGIN CALL ($0)
45,86,0.0,7,0,7,1.0,-100.0,0.0,MARGIN CALL ($0)
45,85,0.0,8,0,8,1.0,-100.0,0.0,MARGIN CALL ($0)
45,84,0.0,7,0,7,1.0,-100.0,0.0,MARGIN CALL ($0)
45,83,0.0,7,0,7,1.0,-100.0,0.0,MARGIN CALL ($0)
45,82,0.0,6,0,6,1.0,-100.0,0.0,MARGIN CALL ($0)
45,81,0.0,10,0,10,1.0,-100.0,0.0,MARGIN CALL ($0)
45,80,0.0,11,0,11,1.0,-100.0,0.0,MARGIN CALL ($0)
45,79,0.0,9,0,9,1.0,-100.0,0.0,MARGIN CALL ($0)
45,78,0.0,9,0,9,1.0,-100.0,0.0,MARGIN CALL ($0)
45,77,0.0,8,0,8,1.0,-100.0,0.0,MARGIN CALL ($0)
46,9,0.0,23,3,20,1.0,-100.0,13.043478260869565,MARGIN CALL ($0)
46,8,0.0,22,3,19,1.0,-100.0,13.636363636363635,MARGIN CALL ($0)
46,7,0.0,18,1,17,1.0,-100.0,5.555555555555555,MARGIN CALL ($0)
46,6,0.0,19,1,18,1.0,-100.0,5.263157894736842,MARGIN CALL ($0)
46,5,0.0,14,0,14,1.0,-100.0,0.0,MARGIN CALL ($0)
46,4,0.0,36,8,28,1.0,-100.0,22.22222222222222,MARGIN CALL ($0)
46,3,0.0,2348,553,1795,1.0,-100.0,23.55195911413969,MARGIN CALL ($0)
46,1,0.0,728,135,593,1.0,-100.0,18.543956043956044,MARGIN CALL ($0)
45,100,0.0,8,0,8,1.0,-100.0,0.0,MARGIN CALL ($0)
45,99,0.0,8,0,8,1.0,-100.0,0.0,MARGIN CALL ($0)
45,98,0.0,9,0,9,1.0,-100.0,0.0,MARGIN CALL ($0)
45,97,0.0,9,0,9,1.0,-100.0,0.0,MARGIN CALL ($0)
45,96,0.0,9,0,9,1.0,-100.0,0.0,MARGIN CALL ($0)
45,95,0.0,9,0,9,1.0,-100.0,0.0,MARGIN CALL ($0)
45,94,0.0,8,0,8,1.0,-100.0,0.0,MARGIN CALL ($0)
45,93,0.0,8,0,8,1.0,-100.0,0.0,MARGIN CALL ($0)
46,26,0.0,115,22,93,1.0,-100.0,19.130434782608695,MARGIN CALL ($0)
46,25,0.0,127,22,105,1.0,-100.0,17.322834645669293,MARGIN CALL ($0)
46,24,0.0,436,82,354,1.0,-100.0,18.807339449541285,MARGIN CALL ($0)
46,23,0.0,622,130,492,1.0,-100.0,20.90032154340836,MARGIN CALL ($0)
46,22,0.0,436,88,348,1.0,-100.0,20.18348623853211,MARGIN CALL ($0)
46,21,0.0,492,90,402,1.0,-100.0,18.29268292682927,MARGIN CALL ($0)
46,20,0.0,675,126,549,1.0,-100.0,18.666666666666668,MARGIN CALL ($0)
46,18,0.0,5,0,5,1.0,-100.0,0.0,MARGIN CALL ($0)
46,17,0.0,10,0,10,1.0,-100.0,0.0,MARGIN CALL ($0)
46,16,0.0,12,1,11,1.0,-100.0,8.333333333333332,MARGIN CALL ($0)
46,15,0.0,30,5,25,1.0,-100.0,16.666666666666664,MARGIN CALL ($0)
46,14,0.0,41,7,34,1.0,-100.0,17.073170731707318,MARGIN CALL ($0)
46,12,0.0,20,3,17,1.0,-100.0,15.0,MARGIN CALL ($0)
46,11,0.0,21,3,18,1.0,-100.0,14.285714285714285,MARGIN CALL ($0)
46,10,0.0,23,3,20,1.0,-100.0,13.043478260869565,MARGIN CALL ($0)
46,42,0.0,7,0,7,1.0,-100.0,0.0,MARGIN CALL ($0)
46,41,0.0,8,0,8,1.0,-100.0,0.0,MARGIN CALL ($0)
46,40,0.0,10,0,10,1.0,-100.0,0.0,MARGIN CALL ($0)
46,39,0.0,9,0,9,1.0,-100.0,0.0,MARGIN CALL ($0)
46,38,0.0,124,19,105,1.0,-100.0,15.32258064516129,MARGIN CALL ($0)
46,37,0.0,186,30,156,1.0,-100.0,16.129032258064516,MARGIN CALL ($0)
46,36,0.0,20,3,17,1.0,-100.0,15.0,MARGIN CALL ($0)
46,35,0.0,22,4,18,1.0,-100.0,18.181818181818183,MARGIN CALL ($0)
46,34,0.0,21,4,17,1.0,-100.0,19.047619047619047,MARGIN CALL ($0)
46,33,0.0,21,3,18,1.0,-100.0,14.285714285714285,MARGIN CALL ($0)
46,32,0.0,22,4,18,1.0,-100.0,18.181818181818183,MARGIN CALL ($0)
46,31,0.0,95,19,76,1.0,-100.0,20.0,MARGIN CALL ($0)
46,30,0.0,22,3,19,1.0,-100.0,13.636363636363635,MARGIN CALL ($0)
46,29,0.0,28,4,24,1.0,-100.0,14.285714285714285,MARGIN CALL ($0)
46,28,0.0,25,3,22,1.0,-100.0,12.0,MARGIN CALL ($0)
46,27,0.0,114,22,92,1.0,-100.0,19.298245614035086,MARGIN CALL ($0)
46,58,0.0,6,0,6,1.0,-100.0,0.0,MARGIN CALL ($0)
46,57,0.0,6,0,6,1.0,-100.0,0.0,MARGIN CALL ($0)
46,56,0.0,7,0,7,1.0,-100.0,0.0,MARGIN CALL ($0)
46,55,0.0,7,0,7,1.0,-100.0,0.0,MARGIN CALL ($0)
46,54,0.0,7,0,7,1.0,-100.0,0.0,MARGIN CALL ($0)
46,53,0.0,7,0,7,1.0,-100.0,0.0,MARGIN CALL ($0)
46,52,0.0,7,0,7,1.0,-100.0,0.0,MARGIN CALL ($0)
46,51,0.0,7,0,7,1.0,-100.0,0.0,MARGIN CALL ($0)
46,50,0.0,7,0,7,1.0,-100.0,0.0,MARGIN CALL ($0)
46,49,0.0,7,0,7,1.0,-100.0,0.0,MARGIN CALL ($0)
46,48,0.0,8,0,8,1.0,-100.0,0.0,MARGIN CALL ($0)
46,47,0.0,8,0,8,1.0,-100.0,0.0,MARGIN CALL ($0)
46,46,0.0,6,0,6,1.0,-100.0,0.0,MARGIN CALL ($0)
46,45,0.0,6,0,6,1.0,-100.0,0.0,MARGIN CALL ($0)
46,44,0.0,6,0,6,1.0,-100.0,0.0,MARGIN CALL ($0)
46,43,0.0,6,0,6,1.0,-100.0,0.0,MARGIN CALL ($0)
46,74,0.0,9,0,9,1.0,-100.0,0.0,MARGIN CALL ($0)
46,73,0.0,9,0,9,1.0,-100.0,0.0,MARGIN CALL ($0)
46,72,0.0,9,0,9,1.0,-100.0,0.0,MARGIN CALL ($0)
46,71,0.0,8,0,8,1.0,-100.0,0.0,MARGIN CALL ($0)
46,70,0.0,9,0,9,1.0,-100.0,0.0,MARGIN CALL ($0)
46,69,0.0,7,0,7,1.0,-100.0,0.0,MARGIN CALL ($0)
46,68,0.0,7,0,7,1.0,-100.0,0.0,MARGIN CALL ($0)
46,67,0.0,6,0,6,1.0,-100.0,0.0,MARGIN CALL ($0)
46,66,0.0,6,0,6,1.0,-100.0,0.0,MARGIN CALL ($0)
46,65,0.0,5,0,5,1.0,-100.0,0.0,MARGIN CALL ($0)
46,64,0.0,6,0,6,1.0,-100.0,0.0,MARGIN CALL ($0)
46,63,0.0,6,0,6,1.0,-100.0,0.0,MARGIN CALL ($0)
46,62,0.0,6,0,6,1.0,-100.0,0.0,MARGIN CALL ($0)
46,61,0.0,6,0,6,1.0,-100.0,0.0,MARGIN CALL ($0)
46,60,0.0,6,0,6,1.0,-100.0,0.0,MARGIN CALL ($0)
46,59,0.0,6,0,6,1.0,-100.0,0.0,MARGIN CALL ($0)
46,90,0.0,7,0,7,1.0,-100.0,0.0,MARGIN CALL ($0)
46,89,0.0,7,0,7,1.0,-100.0,0.0,MARGIN CALL ($0)
46,88,0.0,7,0,7,1.0,-100.0,0.0,MARGIN CALL ($0)
46,87,0.0,7,0,7,1.0,-100.0,0.0,MARGIN CALL ($0)
46,86,0.0,7,0,7,1.0,-100.0,0.0,MARGIN CALL ($0)
46,85,0.0,7,0,7,1.0,-100.0,0.0,MARGIN CALL ($0)
46,84,0.0,6,0,6,1.0,-100.0,0.0,MARGIN CALL ($0)
46,83,0.0,6,0,6,1.0,-100.0,0.0,MARGIN CALL ($0)
46,82,0.0,6,0,6,1.0,-100.0,0.0,MARGIN CALL ($0)
46,81,0.0,10,0,10,1.0,-100.0,0.0,MARGIN CALL ($0)
46,80,0.0,11,0,11,1.0,-100.0,0.0,MARGIN CALL ($0)
46,79,0.0,9,0,9,1.0,-100.0,0.0,MARGIN CALL ($0)
46,78,0.0,9,0,9,1.0,-100.0,0.0,MARGIN CALL ($0)
46,77,0.0,8,0,8,1.0,-100.0,0.0,MARGIN CALL ($0)
46,76,0.0,9,0,9,1.0,-100.0,0.0,MARGIN CALL ($0)
46,75,0.0,9,0,9,1.0,-100.0,0.0,MARGIN CALL ($0)
47,7,0.0,18,1,17,1.0,-100.0,5.555555555555555,MARGIN CALL ($0)
47,6,0.0,19,1,18,1.0,-100.0,5.263157894736842,MARGIN CALL ($0)
47,5,0.0,14,0,14,1.0,-100.0,0.0,MARGIN CALL ($0)
47,4,0.0,37,8,29,1.0,-100.0,21.62162162162162,MARGIN CALL ($0)
47,3,0.0,2343,553,1790,1.0,-100.0,23.602219376867264,MARGIN CALL ($0)
47,1,0.0,1176,220,956,1.0,-100.0,18.70748299319728,MARGIN CALL ($0)
46,100,0.0,8,0,8,1.0,-100.0,0.0,MARGIN CALL ($0)
46,99,0.0,8,0,8,1.0,-100.0,0.0,MARGIN CALL ($0)
46,98,0.0,9,0,9,1.0,-100.0,0.0,MARGIN CALL ($0)
46,97,0.0,9,0,9,1.0,-100.0,0.0,MARGIN CALL ($0)
46,96,0.0,9,0,9,1.0,-100.0,0.0,MARGIN CALL ($0)
46,95,0.0,9,0,9,1.0,-100.0,0.0,MARGIN CALL ($0)
46,94,0.0,8,0,8,1.0,-100.0,0.0,MARGIN CALL ($0)
46,93,0.0,8,0,8,1.0,-100.0,0.0,MARGIN CALL ($0)
46,92,0.0,8,0,8,1.0,-100.0,0.0,MARGIN CALL ($0)
46,91,0.0,8,0,8,1.0,-100.0,0.0,MARGIN CALL ($0)
47,23,0.0,618,129,489,1.0,-100.0,20.87378640776699,MARGIN CALL ($0)
47,22,0.0,444,86,358,1.0,-100.0,19.36936936936937,MARGIN CALL ($0)
47,21,0.0,269,44,225,1.0,-100.0,16.356877323420075,MARGIN CALL ($0)
47,20,0.0,691,129,562,1.0,-100.0,18.668596237337194,MARGIN CALL ($0)
47,18,0.0,6,0,6,1.0,-100.0,0.0,MARGIN CALL ($0)
47,17,0.0,10,0,10,1.0,-100.0,0.0,MARGIN CALL ($0)
47,16,0.0,13,1,12,1.0,-100.0,7.6923076923076925,MARGIN CALL ($0)
47,15,0.0,30,5,25,1.0,-100.0,16.666666666666664,MARGIN CALL ($0)
47,14,0.0,43,7,36,1.0,-100.0,16.27906976744186,MARGIN CALL ($0)
47,12,0.0,21,3,18,1.0,-100.0,14.285714285714285,MARGIN CALL ($0)
47,11,0.0,20,3,17,1.0,-100.0,15.0,MARGIN CALL ($0)
47,10,0.0,24,3,21,1.0,-100.0,12.5,MARGIN CALL ($0)
47,9,0.0,23,3,20,1.0,-100.0,13.043478260869565,MARGIN CALL ($0)
47,8,0.0,22,3,19,1.0,-100.0,13.636363636363635,MARGIN CALL ($0)
47,39,0.0,9,0,9,1.0,-100.0,0.0,MARGIN CALL ($0)
47,38,0.0,119,18,101,1.0,-100.0,15.126050420168067,MARGIN CALL ($0)
47,37,0.0,171,26,145,1.0,-100.0,15.204678362573098,MARGIN CALL ($0)
47,36,0.0,21,3,18,1.0,-100.0,14.285714285714285,MARGIN CALL ($0)
47,35,0.0,23,4,19,1.0,-100.0,17.391304347826086,MARGIN CALL ($0)
47,34,0.0,25,4,21,1.0,-100.0,16.0,MARGIN CALL ($0)
47,33,0.0,22,2,20,1.0,-100.0,9.090909090909092,MARGIN CALL ($0)
47,32,0.0,24,3,21,1.0,-100.0,12.5,MARGIN CALL ($0)
47,31,0.0,24,3,21,1.0,-100.0,12.5,MARGIN CALL ($0)
47,30,0.0,23,2,21,1.0,-100.0,8.695652173913043,MARGIN CALL ($0)
47,29,0.0,29,3,26,1.0,-100.0,10.344827586206897,MARGIN CALL ($0)
47,28,0.0,25,2,23,1.0,-100.0,8.0,MARGIN CALL ($0)
47,27,0.0,81,15,66,1.0,-100.0,18.51851851851852,MARGIN CALL ($0)
47,26,0.0,112,21,91,1.0,-100.0,18.75,MARGIN CALL ($0)
47,25,0.0,122,22,100,1.0,-100.0,18.0327868852459,MARGIN CALL ($0)
47,24,0.0,424,82,342,1.0,-100.0,19.339622641509436,MARGIN CALL ($0)
47,55,0.0,8,0,8,1.0,-100.0,0.0,MARGIN CALL ($0)
47,54,0.0,8,0,8,1.0,-100.0,0.0,MARGIN CALL ($0)
47,53,0.0,8,0,8,1.0,-100.0,0.0,MARGIN CALL ($0)
47,52,0.0,8,0,8,1.0,-100.0,0.0,MARGIN CALL ($0)
47,51,0.0,8,0,8,1.0,-100.0,0.0,MARGIN CALL ($0)
47,50,0.0,8,0,8,1.0,-100.0,0.0,MARGIN CALL ($0)
47,49,0.0,8,0,8,1.0,-100.0,0.0,MARGIN CALL ($0)
47,48,0.0,8,0,8,1.0,-100.0,0.0,MARGIN CALL ($0)
47,47,0.0,8,0,8,1.0,-100.0,0.0,MARGIN CALL ($0)
47,46,0.0,7,0,7,1.0,-100.0,0.0,MARGIN CALL ($0)
47,45,0.0,7,0,7,1.0,-100.0,0.0,MARGIN CALL ($0)
47,44,0.0,7,0,7,1.0,-100.0,0.0,MARGIN CALL ($0)
47,43,0.0,7,0,7,1.0,-100.0,0.0,MARGIN CALL ($0)
47,42,0.0,8,0,8,1.0,-100.0,0.0,MARGIN CALL ($0)
47,41,0.0,9,0,9,1.0,-100.0,0.0,MARGIN CALL ($0)
47,40,0.0,10,0,10,1.0,-100.0,0.0,MARGIN CALL ($0)
47,71,0.0,8,0,8,1.0,-100.0,0.0,MARGIN CALL ($0)
47,70,0.0,9,0,9,1.0,-100.0,0.0,MARGIN CALL ($0)
47,69,0.0,7,0,7,1.0,-100.0,0.0,MARGIN CALL ($0)
47,68,0.0,7,0,7,1.0,-100.0,0.0,MARGIN CALL ($0)
47,67,0.0,7,0,7,1.0,-100.0,0.0,MARGIN CALL ($0)
47,66,0.0,7,0,7,1.0,-100.0,0.0,MARGIN CALL ($0)
47,65,0.0,6,0,6,1.0,-100.0,0.0,MARGIN CALL ($0)
47,64,0.0,7,0,7,1.0,-100.0,0.0,MARGIN CALL ($0)
47,63,0.0,6,0,6,1.0,-100.0,0.0,MARGIN CALL ($0)
47,62,0.0,6,0,6,1.0,-100.0,0.0,MARGIN CALL ($0)
47,61,0.0,6,0,6,1.0,-100.0,0.0,MARGIN CALL ($0)
47,60,0.0,6,0,6,1.0,-100.0,0.0,MARGIN CALL ($0)
47,59,0.0,7,0,7,1.0,-100.0,0.0,MARGIN CALL ($0)
47,58,0.0,7,0,7,1.0,-100.0,0.0,MARGIN CALL ($0)
47,57,0.0,7,0,7,1.0,-100.0,0.0,MARGIN CALL ($0)
47,56,0.0,8,0,8,1.0,-100.0,0.0,MARGIN CALL ($0)
47,87,0.0,8,0,8,1.0,-100.0,0.0,MARGIN CALL ($0)
47,86,0.0,8,0,8,1.0,-100.0,0.0,MARGIN CALL ($0)
47,85,0.0,8,0,8,1.0,-100.0,0.0,MARGIN CALL ($0)
47,84,0.0,7,0,7,1.0,-100.0,0.0,MARGIN CALL ($0)
47,83,0.0,7,0,7,1.0,-100.0,0.0,MARGIN CALL ($0)
47,82,0.0,7,0,7,1.0,-100.0,0.0,MARGIN CALL ($0)
47,81,0.0,9,0,9,1.0,-100.0,0.0,MARGIN CALL ($0)
47,80,0.0,11,0,11,1.0,-100.0,0.0,MARGIN CALL ($0)
47,79,0.0,9,0,9,1.0,-100.0,0.0,MARGIN CALL ($0)
47,78,0.0,9,0,9,1.0,-100.0,0.0,MARGIN CALL ($0)
47,77,0.0,8,0,8,1.0,-100.0,0.0,MARGIN CALL ($0)
47,76,0.0,9,0,9,1.0,-100.0,0.0,MARGIN CALL ($0)
47,75,0.0,10,0,10,1.0,-100.0,0.0,MARGIN CALL ($0)
47,74,0.0,10,0,10,1.0,-100.0,0.0,MARGIN CALL ($0)
47,73,0.0,10,0,10,1.0,-100.0,0.0,MARGIN CALL ($0)
47,72,0.0,10,0,10,1.0,-100.0,0.0,MARGIN CALL ($0)
2,59,0.0,49,8,41,1.0,-100.0,16.3265306122449,MARGIN CALL ($0)
2,58,0.0,49,8,41,1.0,-100.0,16.3265306122449,MARGIN CALL ($0)
2,57,0.0,51,8,43,1.0,-100.0,15.686274509803921,MARGIN CALL ($0)
2,56,0.0,49,8,41,1.0,-100.0,16.3265306122449,MARGIN CALL ($0)
2,55,0.0,49,8,41,1.0,-100.0,16.3265306122449,MARGIN CALL ($0)
2,54,0.0,28,5,23,1.0,-100.0,17.857142857142858,MARGIN CALL ($0)
2,53,0.0,28,5,23,1.0,-100.0,17.857142857142858,MARGIN CALL ($0)
2,52,0.0,27,5,22,1.0,-100.0,18.51851851851852,MARGIN CALL ($0)
2,51,0.0,27,5,22,1.0,-100.0,18.51851851851852,MARGIN CALL ($0)
2,50,0.0,27,5,22,1.0,-100.0,18.51851851851852,MARGIN CALL ($0)
2,49,0.0,27,5,22,1.0,-100.0,18.51851851851852,MARGIN CALL ($0)
2,48,0.0,28,5,23,1.0,-100.0,17.857142857142858,MARGIN CALL ($0)
2,47,0.0,27,5,22,1.0,-100.0,18.51851851851852,MARGIN CALL ($0)
2,46,0.0,46,8,38,1.0,-100.0,17.391304347826086,MARGIN CALL ($0)
2,45,0.0,46,8,38,1.0,-100.0,17.391304347826086,MARGIN CALL ($0)
47,88,0.0,8,0,8,1.0,-100.0,0.0,MARGIN CALL ($0)
48,4,0.0,37,8,29,1.0,-100.0,21.62162162162162,MARGIN CALL ($0)
48,3,0.0,2345,554,1791,1.0,-100.0,23.624733475479744,MARGIN CALL ($0)
48,1,0.0,1150,213,937,1.0,-100.0,18.521739130434785,MARGIN CALL ($0)
47,100,0.0,6,0,6,1.0,-100.0,0.0,MARGIN CALL ($0)
47,99,0.0,6,0,6,1.0,-100.0,0.0,MARGIN CALL ($0)
47,98,0.0,7,0,7,1.0,-100.0,0.0,MARGIN CALL ($0)
47,97,0.0,7,0,7,1.0,-100.0,0.0,MARGIN CALL ($0)
47,96,0.0,7,0,7,1.0,-100.0,0.0,MARGIN CALL ($0)
47,95,0.0,7,0,7,1.0,-100.0,0.0,MARGIN CALL ($0)
47,94,0.0,7,0,7,1.0,-100.0,0.0,MARGIN CALL ($0)
47,93,0.0,7,0,7,1.0,-100.0,0.0,MARGIN CALL ($0)
47,92,0.0,7,0,7,1.0,-100.0,0.0,MARGIN CALL ($0)
47,91,0.0,7,0,7,1.0,-100.0,0.0,MARGIN CALL ($0)
47,90,0.0,8,0,8,1.0,-100.0,0.0,MARGIN CALL ($0)
47,89,0.0,8,0,8,1.0,-100.0,0.0,MARGIN CALL ($0)
2,60,0.0,49,8,41,1.0,-100.0,16.3265306122449,MARGIN CALL ($0)
48,21,0.0,267,44,223,1.0,-100.0,16.479400749063668,MARGIN CALL ($0)
48,20,0.0,30,3,27,1.0,-100.0,10.0,MARGIN CALL ($0)
48,19,0.0,28,3,25,1.0,-100.0,10.714285714285714,MARGIN CALL ($0)
48,18,0.0,6,0,6,1.0,-100.0,0.0,MARGIN CALL ($0)
48,17,0.0,10,0,10,1.0,-100.0,0.0,MARGIN CALL ($0)
48,16,0.0,13,1,12,1.0,-100.0,7.6923076923076925,MARGIN CALL ($0)
48,15,0.0,30,5,25,1.0,-100.0,16.666666666666664,MARGIN CALL ($0)
48,14,0.0,42,7,35,1.0,-100.0,16.666666666666664,MARGIN CALL ($0)
48,12,0.0,21,3,18,1.0,-100.0,14.285714285714285,MARGIN CALL ($0)
48,11,0.0,20,3,17,1.0,-100.0,15.0,MARGIN CALL ($0)
48,10,0.0,24,3,21,1.0,-100.0,12.5,MARGIN CALL ($0)
48,9,0.0,23,3,20,1.0,-100.0,13.043478260869565,MARGIN CALL ($0)
48,8,0.0,22,3,19,1.0,-100.0,13.636363636363635,MARGIN CALL ($0)
48,7,0.0,18,1,17,1.0,-100.0,5.555555555555555,MARGIN CALL ($0)
48,6,0.0,19,1,18,1.0,-100.0,5.263157894736842,MARGIN CALL ($0)
48,5,0.0,14,0,14,1.0,-100.0,0.0,MARGIN CALL ($0)
48,37,0.0,176,27,149,1.0,-100.0,15.340909090909092,MARGIN CALL ($0)
48,36,0.0,20,3,17,1.0,-100.0,15.0,MARGIN CALL ($0)
48,35,0.0,23,4,19,1.0,-100.0,17.391304347826086,MARGIN CALL ($0)
48,34,0.0,25,4,21,1.0,-100.0,16.0,MARGIN CALL ($0)
48,33,0.0,23,3,20,1.0,-100.0,13.043478260869565,MARGIN CALL ($0)
48,32,0.0,24,3,21,1.0,-100.0,12.5,MARGIN CALL ($0)
48,31,0.0,24,3,21,1.0,-100.0,12.5,MARGIN CALL ($0)
48,30,0.0,24,3,21,1.0,-100.0,12.5,MARGIN CALL ($0)
48,29,0.0,9,0,9,1.0,-100.0,0.0,MARGIN CALL ($0)
48,28,0.0,9,0,9,1.0,-100.0,0.0,MARGIN CALL ($0)
48,27,0.0,22,3,19,1.0,-100.0,13.636363636363635,MARGIN CALL ($0)
48,26,0.0,23,3,20,1.0,-100.0,13.043478260869565,MARGIN CALL ($0)
48,25,0.0,24,3,21,1.0,-100.0,12.5,MARGIN CALL ($0)
48,24,0.0,26,3,23,1.0,-100.0,11.538461538461538,MARGIN CALL ($0)
48,23,0.0,24,3,21,1.0,-100.0,12.5,MARGIN CALL ($0)
48,22,0.0,25,3,22,1.0,-100.0,12.0,MARGIN CALL ($0)
48,53,0.0,8,0,8,1.0,-100.0,0.0,MARGIN CALL ($0)
48,52,0.0,8,0,8,1.0,-100.0,0.0,MARGIN CALL ($0)
48,51,0.0,7,0,7,1.0,-100.0,0.0,MARGIN CALL ($0)
48,50,0.0,7,0,7,1.0,-100.0,0.0,MARGIN CALL ($0)
48,49,0.0,7,0,7,1.0,-100.0,0.0,MARGIN CALL ($0)
48,48,0.0,7,0,7,1.0,-100.0,0.0,MARGIN CALL ($0)
48,47,0.0,8,0,8,1.0,-100.0,0.0,MARGIN CALL ($0)
48,46,0.0,7,0,7,1.0,-100.0,0.0,MARGIN CALL ($0)
48,45,0.0,8,0,8,1.0,-100.0,0.0,MARGIN CALL ($0)
48,44,0.0,8,0,8,1.0,-100.0,0.0,MARGIN CALL ($0)
48,43,0.0,7,0,7,1.0,-100.0,0.0,MARGIN CALL ($0)
48,42,0.0,8,0,8,1.0,-100.0,0.0,MARGIN CALL ($0)
48,41,0.0,9,0,9,1.0,-100.0,0.0,MARGIN CALL ($0)
48,40,0.0,10,0,10,1.0,-100.0,0.0,MARGIN CALL ($0)
48,39,0.0,9,0,9,1.0,-100.0,0.0,MARGIN CALL ($0)
48,38,0.0,119,18,101,1.0,-100.0,15.126050420168067,MARGIN CALL ($0)
48,69,0.0,9,0,9,1.0,-100.0,0.0,MARGIN CALL ($0)
48,68,0.0,9,0,9,1.0,-100.0,0.0,MARGIN CALL ($0)
48,67,0.0,8,0,8,1.0,-100.0,0.0,MARGIN CALL ($0)
48,66,0.0,6,0,6,1.0,-100.0,0.0,MARGIN CALL ($0)
48,65,0.0,5,0,5,1.0,-100.0,0.0,MARGIN CALL ($0)
48,64,0.0,6,0,6,1.0,-100.0,0.0,MARGIN CALL ($0)
48,63,0.0,6,0,6,1.0,-100.0,0.0,MARGIN CALL ($0)
48,62,0.0,6,0,6,1.0,-100.0,0.0,MARGIN CALL ($0)
48,61,0.0,6,0,6,1.0,-100.0,0.0,MARGIN CALL ($0)
48,60,0.0,6,0,6,1.0,-100.0,0.0,MARGIN CALL ($0)
48,59,0.0,6,0,6,1.0,-100.0,0.0,MARGIN CALL ($0)
48,58,0.0,6,0,6,1.0,-100.0,0.0,MARGIN CALL ($0)
48,57,0.0,6,0,6,1.0,-100.0,0.0,MARGIN CALL ($0)
48,56,0.0,7,0,7,1.0,-100.0,0.0,MARGIN CALL ($0)
48,55,0.0,7,0,7,1.0,-100.0,0.0,MARGIN CALL ($0)
48,54,0.0,8,0,8,1.0,-100.0,0.0,MARGIN CALL ($0)
48,85,0.0,7,0,7,1.0,-100.0,0.0,MARGIN CALL ($0)
48,84,0.0,6,0,6,1.0,-100.0,0.0,MARGIN CALL ($0)
48,83,0.0,6,0,6,1.0,-100.0,0.0,MARGIN CALL ($0)
48,82,0.0,6,0,6,1.0,-100.0,0.0,MARGIN CALL ($0)
48,81,0.0,9,0,9,1.0,-100.0,0.0,MARGIN CALL ($0)
48,80,0.0,10,0,10,1.0,-100.0,0.0,MARGIN CALL ($0)
48,79,0.0,9,0,9,1.0,-100.0,0.0,MARGIN CALL ($0)
48,78,0.0,9,0,9,1.0,-100.0,0.0,MARGIN CALL ($0)
48,77,0.0,8,0,8,1.0,-100.0,0.0,MARGIN CALL ($0)
48,76,0.0,8,0,8,1.0,-100.0,0.0,MARGIN CALL ($0)
48,75,0.0,9,0,9,1.0,-100.0,0.0,MARGIN CALL ($0)
48,74,0.0,9,0,9,1.0,-100.0,0.0,MARGIN CALL ($0)
48,73,0.0,9,0,9,1.0,-100.0,0.0,MARGIN CALL ($0)
48,72,0.0,9,0,9,1.0,-100.0,0.0,MARGIN CALL ($0)
48,71,0.0,7,0,7,1.0,-100.0,0.0,MARGIN CALL ($0)
48,70,0.0,8,0,8,1.0,-100.0,0.0,MARGIN CALL ($0)
49,1,0.0,2071,399,1672,1.0,-100.0,19.26605504587156,MARGIN CALL ($0)
48,100,0.0,6,0,6,1.0,-100.0,0.0,MARGIN CALL ($0)
48,99,0.0,6,0,6,1.0,-100.0,0.0,MARGIN CALL ($0)
48,98,0.0,6,0,6,1.0,-100.0,0.0,MARGIN CALL ($0)
48,97,0.0,6,0,6,1.0,-100.0,0.0,MARGIN CALL ($0)
48,96,0.0,6,0,6,1.0,-100.0,0.0,MARGIN CALL ($0)
48,95,0.0,6,0,6,1.0,-100.0,0.0,MARGIN CALL ($0)
48,94,0.0,6,0,6,1.0,-100.0,0.0,MARGIN CALL ($0)
48,93,0.0,6,0,6,1.0,-100.0,0.0,MARGIN CALL ($0)
48,92,0.0,6,0,6,1.0,-100.0,0.0,MARGIN CALL ($0)
48,91,0.0,6,0,6,1.0,-100.0,0.0,MARGIN CALL ($0)
48,90,0.0,7,0,7,1.0,-100.0,0.0,MARGIN CALL ($0)
48,89,0.0,7,0,7,1.0,-100.0,0.0,MARGIN CALL ($0)
48,88,0.0,7,0,7,1.0,-100.0,0.0,MARGIN CALL ($0)
48,87,0.0,7,0,7,1.0,-100.0,0.0,MARGIN CALL ($0)
48,86,0.0,7,0,7,1.0,-100.0,0.0,MARGIN CALL ($0)
49,19,0.0,28,3,25,1.0,-100.0,10.714285714285714,MARGIN CALL ($0)
49,18,0.0,5,0,5,1.0,-100.0,0.0,MARGIN CALL ($0)
49,17,0.0,10,0,10,1.0,-100.0,0.0,MARGIN CALL ($0)
49,16,0.0,12,1,11,1.0,-100.0,8.333333333333332,MARGIN CALL ($0)
49,15,0.0,29,5,24,1.0,-100.0,17.24137931034483,MARGIN CALL ($0)
49,14,0.0,41,7,34,1.0,-100.0,17.073170731707318,MARGIN CALL ($0)
49,12,0.0,20,3,17,1.0,-100.0,15.0,MARGIN CALL ($0)
49,11,0.0,21,3,18,1.0,-100.0,14.285714285714285,MARGIN CALL ($0)
49,10,0.0,23,3,20,1.0,-100.0,13.043478260869565,MARGIN CALL ($0)
49,9,0.0,23,3,20,1.0,-100.0,13.043478260869565,MARGIN CALL ($0)
49,8,0.0,21,3,18,1.0,-100.0,14.285714285714285,MARGIN CALL ($0)
49,7,0.0,18,1,17,1.0,-100.0,5.555555555555555,MARGIN CALL ($0)
49,6,0.0,19,1,18,1.0,-100.0,5.263157894736842,MARGIN CALL ($0)
49,5,0.0,14,0,14,1.0,-100.0,0.0,MARGIN CALL ($0)
49,4,0.0,37,8,29,1.0,-100.0,21.62162162162162,MARGIN CALL ($0)
49,3,0.0,2345,554,1791,1.0,-100.0,23.624733475479744,MARGIN CALL ($0)
49,35,0.0,22,4,18,1.0,-100.0,18.181818181818183,MARGIN CALL ($0)
49,34,0.0,23,4,19,1.0,-100.0,17.391304347826086,MARGIN CALL ($0)
49,33,0.0,23,3,20,1.0,-100.0,13.043478260869565,MARGIN CALL ($0)
49,32,0.0,22,3,19,1.0,-100.0,13.636363636363635,MARGIN CALL ($0)
49,31,0.0,21,3,18,1.0,-100.0,14.285714285714285,MARGIN CALL ($0)
49,30,0.0,21,3,18,1.0,-100.0,14.285714285714285,MARGIN CALL ($0)
49,29,0.0,9,0,9,1.0,-100.0,0.0,MARGIN CALL ($0)
49,28,0.0,9,0,9,1.0,-100.0,0.0,MARGIN CALL ($0)
49,27,0.0,75,15,60,1.0,-100.0,20.0,MARGIN CALL ($0)
49,26,0.0,21,3,18,1.0,-100.0,14.285714285714285,MARGIN CALL ($0)
49,25,0.0,87,18,69,1.0,-100.0,20.689655172413794,MARGIN CALL ($0)
49,24,0.0,99,19,80,1.0,-100.0,19.19191919191919,MARGIN CALL ($0)
49,23,0.0,526,108,418,1.0,-100.0,20.53231939163498,MARGIN CALL ($0)
49,22,0.0,25,3,22,1.0,-100.0,12.0,MARGIN CALL ($0)
49,21,0.0,509,96,413,1.0,-100.0,18.860510805500983,MARGIN CALL ($0)
49,20,0.0,30,3,27,1.0,-100.0,10.0,MARGIN CALL ($0)
49,51,0.0,7,0,7,1.0,-100.0,0.0,MARGIN CALL ($0)
49,50,0.0,7,0,7,1.0,-100.0,0.0,MARGIN CALL ($0)
49,49,0.0,6,0,6,1.0,-100.0,0.0,MARGIN CALL ($0)
49,48,0.0,7,0,7,1.0,-100.0,0.0,MARGIN CALL ($0)
49,47,0.0,8,0,8,1.0,-100.0,0.0,MARGIN CALL ($0)
49,46,0.0,6,0,6,1.0,-100.0,0.0,MARGIN CALL ($0)
49,45,0.0,7,0,7,1.0,-100.0,0.0,MARGIN CALL ($0)
49,44,0.0,7,0,7,1.0,-100.0,0.0,MARGIN CALL ($0)
49,43,0.0,6,0,6,1.0,-100.0,0.0,MARGIN CALL ($0)
49,42,0.0,7,0,7,1.0,-100.0,0.0,MARGIN CALL ($0)
49,41,0.0,8,0,8,1.0,-100.0,0.0,MARGIN CALL ($0)
49,40,0.0,10,0,10,1.0,-100.0,0.0,MARGIN CALL ($0)
49,39,0.0,9,0,9,1.0,-100.0,0.0,MARGIN CALL ($0)
49,38,0.0,167,28,139,1.0,-100.0,16.766467065868262,MARGIN CALL ($0)
49,36,0.0,50,8,42,1.0,-100.0,16.0,MARGIN CALL ($0)
49,67,0.0,8,0,8,1.0,-100.0,0.0,MARGIN CALL ($0)
49,66,0.0,5,0,5,1.0,-100.0,0.0,MARGIN CALL ($0)
49,65,0.0,5,0,5,1.0,-100.0,0.0,MARGIN CALL ($0)
49,64,0.0,6,0,6,1.0,-100.0,0.0,MARGIN CALL ($0)
49,63,0.0,5,0,5,1.0,-100.0,0.0,MARGIN CALL ($0)
49,62,0.0,5,0,5,1.0,-100.0,0.0,MARGIN CALL ($0)
49,61,0.0,5,0,5,1.0,-100.0,0.0,MARGIN CALL ($0)
49,60,0.0,5,0,5,1.0,-100.0,0.0,MARGIN CALL ($0)
49,59,0.0,6,0,6,1.0,-100.0,0.0,MARGIN CALL ($0)
49,58,0.0,5,0,5,1.0,-100.0,0.0,MARGIN CALL ($0)
49,57,0.0,5,0,5,1.0,-100.0,0.0,MARGIN CALL ($0)
49,56,0.0,7,0,7,1.0,-100.0,0.0,MARGIN CALL ($0)
49,55,0.0,7,0,7,1.0,-100.0,0.0,MARGIN CALL ($0)
49,54,0.0,7,0,7,1.0,-100.0,0.0,MARGIN CALL ($0)
49,53,0.0,8,0,8,1.0,-100.0,0.0,MARGIN CALL ($0)
49,52,0.0,8,0,8,1.0,-100.0,0.0,MARGIN CALL ($0)
49,83,0.0,5,0,5,1.0,-100.0,0.0,MARGIN CALL ($0)
49,82,0.0,5,0,5,1.0,-100.0,0.0,MARGIN CALL ($0)
49,81,0.0,9,0,9,1.0,-100.0,0.0,MARGIN CALL ($0)
49,80,0.0,10,0,10,1.0,-100.0,0.0,MARGIN CALL ($0)
49,79,0.0,9,0,9,1.0,-100.0,0.0,MARGIN CALL ($0)
49,78,0.0,9,0,9,1.0,-100.0,0.0,MARGIN CALL ($0)
49,77,0.0,8,0,8,1.0,-100.0,0.0,MARGIN CALL ($0)
49,76,0.0,8,0,8,1.0,-100.0,0.0,MARGIN CALL ($0)
49,75,0.0,8,0,8,1.0,-100.0,0.0,MARGIN CALL ($0)
49,74,0.0,8,0,8,1.0,-100.0,0.0,MARGIN CALL ($0)
49,73,0.0,8,0,8,1.0,-100.0,0.0,MARGIN CALL ($0)
49,72,0.0,8,0,8,1.0,-100.0,0.0,MARGIN CALL ($0)
49,71,0.0,7,0,7,1.0,-100.0,0.0,MARGIN CALL ($0)
49,70,0.0,8,0,8,1.0,-100.0,0.0,MARGIN CALL ($0)
49,69,0.0,9,0,9,1.0,-100.0,0.0,MARGIN CALL ($0)
49,68,0.0,9,0,9,1.0,-100.0,0.0,MARGIN CALL ($0)
49,99,0.0,7,0,7,1.0,-100.0,0.0,MARGIN CALL ($0)
49,98,0.0,8,0,8,1.0,-100.0,0.0,MARGIN CALL ($0)
49,97,0.0,8,0,8,1.0,-100.0,0.0,MARGIN CALL ($0)
49,96,0.0,8,0,8,1.0,-100.0,0.0,MARGIN CALL ($0)
49,95,0.0,8,0,8,1.0,-100.0,0.0,MARGIN CALL ($0)
49,94,0.0,7,0,7,1.0,-100.0,0.0,MARGIN CALL ($0)
49,93,0.0,7,0,7,1.0,-100.0,0.0,MARGIN CALL ($0)
49,92,0.0,7,0,7,1.0,-100.0,0.0,MARGIN CALL ($0)
49,91,0.0,7,0,7,1.0,-100.0,0.0,MARGIN CALL ($0)
49,90,0.0,7,0,7,1.0,-100.0,0.0,MARGIN CALL ($0)
49,89,0.0,7,0,7,1.0,-100.0,0.0,MARGIN CALL ($0)
49,88,0.0,7,0,7,1.0,-100.0,0.0,MARGIN CALL ($0)
49,87,0.0,7,0,7,1.0,-100.0,0.0,MARGIN CALL ($0)
49,86,0.0,8,0,8,1.0,-100.0,0.0,MARGIN CALL ($0)
49,85,0.0,6,0,6,1.0,-100.0,0.0,MARGIN CALL ($0)
49,84,0.0,5,0,5,1.0,-100.0,0.0,MARGIN CALL ($0)
50,17,0.0,10,0,10,1.0,-100.0,0.0,MARGIN CALL ($0)
50,16,0.0,12,1,11,1.0,-100.0,8.333333333333332,MARGIN CALL ($0)
50,15,0.0,29,5,24,1.0,-100.0,17.24137931034483,MARGIN CALL ($0)
50,14,0.0,41,7,34,1.0,-100.0,17.073170731707318,MARGIN CALL ($0)
50,12,0.0,20,3,17,1.0,-100.0,15.0,MARGIN CALL ($0)
50,11,0.0,21,3,18,1.0,-100.0,14.285714285714285,MARGIN CALL ($0)
50,10,0.0,23,3,20,1.0,-100.0,13.043478260869565,MARGIN CALL ($0)
50,9,0.0,23,3,20,1.0,-100.0,13.043478260869565,MARGIN CALL ($0)
50,8,0.0,21,3,18,1.0,-100.0,14.285714285714285,MARGIN CALL ($0)
50,7,0.0,18,1,17,1.0,-100.0,5.555555555555555,MARGIN CALL ($0)
50,6,0.0,19,1,18,1.0,-100.0,5.263157894736842,MARGIN CALL ($0)
50,5,0.0,14,0,14,1.0,-100.0,0.0,MARGIN CALL ($0)
50,4,0.0,37,8,29,1.0,-100.0,21.62162162162162,MARGIN CALL ($0)
50,3,0.0,2345,554,1791,1.0,-100.0,23.624733475479744,MARGIN CALL ($0)
50,1,0.0,2073,398,1675,1.0,-100.0,19.19922817173179,MARGIN CALL ($0)
49,100,0.0,7,0,7,1.0,-100.0,0.0,MARGIN CALL ($0)
50,33,0.0,23,3,20,1.0,-100.0,13.043478260869565,MARGIN CALL ($0)
50,32,0.0,22,3,19,1.0,-100.0,13.636363636363635,MARGIN CALL ($0)
50,31,0.0,21,3,18,1.0,-100.0,14.285714285714285,MARGIN CALL ($0)
50,30,0.0,21,3,18,1.0,-100.0,14.285714285714285,MARGIN CALL ($0)
50,29,0.0,10,0,10,1.0,-100.0,0.0,MARGIN CALL ($0)
50,28,0.0,10,0,10,1.0,-100.0,0.0,MARGIN CALL ($0)
50,27,0.0,75,15,60,1.0,-100.0,20.0,MARGIN CALL ($0)
50,26,0.0,21,3,18,1.0,-100.0,14.285714285714285,MARGIN CALL ($0)
50,25,0.0,87,18,69,1.0,-100.0,20.689655172413794,MARGIN CALL ($0)
50,24,0.0,100,19,81,1.0,-100.0,19.0,MARGIN CALL ($0)
50,23,0.0,471,100,371,1.0,-100.0,21.231422505307858,MARGIN CALL ($0)
50,22,0.0,25,3,22,1.0,-100.0,12.0,MARGIN CALL ($0)
50,21,0.0,502,95,407,1.0,-100.0,18.92430278884462,MARGIN CALL ($0)
50,20,0.0,30,3,27,1.0,-100.0,10.0,MARGIN CALL ($0)
50,19,0.0,28,3,25,1.0,-100.0,10.714285714285714,MARGIN CALL ($0)
50,18,0.0,5,0,5,1.0,-100.0,0.0,MARGIN CALL ($0)
50,49,0.0,7,0,7,1.0,-100.0,0.0,MARGIN CALL ($0)
50,48,0.0,8,0,8,1.0,-100.0,0.0,MARGIN CALL ($0)
50,47,0.0,8,0,8,1.0,-100.0,0.0,MARGIN CALL ($0)
50,46,0.0,7,0,7,1.0,-100.0,0.0,MARGIN CALL ($0)
50,45,0.0,7,0,7,1.0,-100.0,0.0,MARGIN CALL ($0)
50,44,0.0,7,0,7,1.0,-100.0,0.0,MARGIN CALL ($0)
50,43,0.0,7,0,7,1.0,-100.0,0.0,MARGIN CALL ($0)
50,42,0.0,7,0,7,1.0,-100.0,0.0,MARGIN CALL ($0)
50,41,0.0,7,0,7,1.0,-100.0,0.0,MARGIN CALL ($0)
50,40,0.0,9,0,9,1.0,-100.0,0.0,MARGIN CALL ($0)
50,39,0.0,8,0,8,1.0,-100.0,0.0,MARGIN CALL ($0)
50,38,0.0,168,28,140,1.0,-100.0,16.666666666666664,MARGIN CALL ($0)
50,37,0.0,405,64,341,1.0,-100.0,15.802469135802468,MARGIN CALL ($0)
50,36,0.0,50,8,42,1.0,-100.0,16.0,MARGIN CALL ($0)
50,35,0.0,22,4,18,1.0,-100.0,18.181818181818183,MARGIN CALL ($0)
50,34,0.0,23,4,19,1.0,-100.0,17.391304347826086,MARGIN CALL ($0)
50,65,0.0,6,0,6,1.0,-100.0,0.0,MARGIN CALL ($0)
50,64,0.0,6,0,6,1.0,-100.0,0.0,MARGIN CALL ($0)
50,63,0.0,6,0,6,1.0,-100.0,0.0,MARGIN CALL ($0)
50,62,0.0,6,0,6,1.0,-100.0,0.0,MARGIN CALL ($0)
50,61,0.0,6,0,6,1.0,-100.0,0.0,MARGIN CALL ($0)
50,60,0.0,6,0,6,1.0,-100.0,0.0,MARGIN CALL ($0)
50,59,0.0,6,0,6,1.0,-100.0,0.0,MARGIN CALL ($0)
50,58,0.0,6,0,6,1.0,-100.0,0.0,MARGIN CALL ($0)
50,57,0.0,7,0,7,1.0,-100.0,0.0,MARGIN CALL ($0)
50,56,0.0,7,0,7,1.0,-100.0,0.0,MARGIN CALL ($0)
50,55,0.0,7,0,7,1.0,-100.0,0.0,MARGIN CALL ($0)
50,54,0.0,7,0,7,1.0,-100.0,0.0,MARGIN CALL ($0)
50,53,0.0,8,0,8,1.0,-100.0,0.0,MARGIN CALL ($0)
50,52,0.0,8,0,8,1.0,-100.0,0.0,MARGIN CALL ($0)
50,51,0.0,7,0,7,1.0,-100.0,0.0,MARGIN CALL ($0)
50,50,0.0,7,0,7,1.0,-100.0,0.0,MARGIN CALL ($0)
50,81,0.0,10,0,10,1.0,-100.0,0.0,MARGIN CALL ($0)
50,80,0.0,8,0,8,1.0,-100.0,0.0,MARGIN CALL ($0)
50,79,0.0,8,0,8,1.0,-100.0,0.0,MARGIN CALL ($0)
50,78,0.0,9,0,9,1.0,-100.0,0.0,MARGIN CALL ($0)
50,77,0.0,8,0,8,1.0,-100.0,0.0,MARGIN CALL ($0)
50,76,0.0,8,0,8,1.0,-100.0,0.0,MARGIN CALL ($0)
50,75,0.0,8,0,8,1.0,-100.0,0.0,MARGIN CALL ($0)
50,74,0.0,8,0,8,1.0,-100.0,0.0,MARGIN CALL ($0)
50,73,0.0,8,0,8,1.0,-100.0,0.0,MARGIN CALL ($0)
50,72,0.0,8,0,8,1.0,-100.0,0.0,MARGIN CALL ($0)
50,71,0.0,8,0,8,1.0,-100.0,0.0,MARGIN CALL ($0)
50,70,0.0,8,0,8,1.0,-100.0,0.0,MARGIN CALL ($0)
50,69,0.0,7,0,7,1.0,-100.0,0.0,MARGIN CALL ($0)
50,68,0.0,7,0,7,1.0,-100.0,0.0,MARGIN CALL ($0)
50,67,0.0,6,0,6,1.0,-100.0,0.0,MARGIN CALL ($0)
50,66,0.0,6,0,6,1.0,-100.0,0.0,MARGIN CALL ($0)
50,97,0.0,9,0,9,1.0,-100.0,0.0,MARGIN CALL ($0)
50,96,0.0,9,0,9,1.0,-100.0,0.0,MARGIN CALL ($0)
50,95,0.0,9,0,9,1.0,-100.0,0.0,MARGIN CALL ($0)
50,94,0.0,8,0,8,1.0,-100.0,0.0,MARGIN CALL ($0)
50,93,0.0,8,0,8,1.0,-100.0,0.0,MARGIN CALL ($0)
50,92,0.0,8,0,8,1.0,-100.0,0.0,MARGIN CALL ($0)
50,91,0.0,8,0,8,1.0,-100.0,0.0,MARGIN CALL ($0)
50,90,0.0,7,0,7,1.0,-100.0,0.0,MARGIN CALL ($0)
50,89,0.0,7,0,7,1.0,-100.0,0.0,MARGIN CALL ($0)
50,88,0.0,7,0,7,1.0,-100.0,0.0,MARGIN CALL ($0)
50,87,0.0,7,0,7,1.0,-100.0,0.0,MARGIN CALL ($0)
50,86,0.0,7,0,7,1.0,-100.0,0.0,MARGIN CALL ($0)
50,85,0.0,7,0,7,1.0,-100.0,0.0,MARGIN CALL ($0)
50,84,0.0,6,0,6,1.0,-100.0,0.0,MARGIN CALL ($0)
50,83,0.0,6,0,6,1.0,-100.0,0.0,MARGIN CALL ($0)
50,82,0.0,6,0,6,1.0,-100.0,0.0,MARGIN CALL ($0)
51,15,0.0,29,5,24,1.0,-100.0,17.24137931034483,MARGIN CALL ($0)
51,14,0.0,41,7,34,1.0,-100.0,17.073170731707318,MARGIN CALL ($0)
51,12,0.0,19,3,16,1.0,-100.0,15.789473684210526,MARGIN CALL ($0)
51,11,0.0,20,3,17,1.0,-100.0,15.0,MARGIN CALL ($0)
51,10,0.0,22,3,19,1.0,-100.0,13.636363636363635,MARGIN CALL ($0)
51,9,0.0,22,3,19,1.0,-100.0,13.636363636363635,MARGIN CALL ($0)
51,8,0.0,20,3,17,1.0,-100.0,15.0,MARGIN CALL ($0)
51,7,0.0,18,1,17,1.0,-100.0,5.555555555555555,MARGIN CALL ($0)
51,6,0.0,19,1,18,1.0,-100.0,5.263157894736842,MARGIN CALL ($0)
51,5,0.0,14,0,14,1.0,-100.0,0.0,MARGIN CALL ($0)
51,4,0.0,37,8,29,1.0,-100.0,21.62162162162162,MARGIN CALL ($0)
51,3,0.0,2346,554,1792,1.0,-100.0,23.614663256606992,MARGIN CALL ($0)
50,100,0.0,8,0,8,1.0,-100.0,0.0,MARGIN CALL ($0)
50,99,0.0,8,0,8,1.0,-100.0,0.0,MARGIN CALL ($0)
50,98,0.0,9,0,9,1.0,-100.0,0.0,MARGIN CALL ($0)
51,31,0.0,22,3,19,1.0,-100.0,13.636363636363635,MARGIN CALL ($0)
51,30,0.0,22,3,19,1.0,-100.0,13.636363636363635,MARGIN CALL ($0)
51,29,0.0,10,0,10,1.0,-100.0,0.0,MARGIN CALL ($0)
51,28,0.0,10,0,10,1.0,-100.0,0.0,MARGIN CALL ($0)
51,27,0.0,22,3,19,1.0,-100.0,13.636363636363635,MARGIN CALL ($0)
51,26,0.0,76,16,60,1.0,-100.0,21.052631578947366,MARGIN CALL ($0)
51,25,0.0,94,18,76,1.0,-100.0,19.148936170212767,MARGIN CALL ($0)
51,24,0.0,104,19,85,1.0,-100.0,18.269230769230766,MARGIN CALL ($0)
51,23,0.0,454,95,359,1.0,-100.0,20.92511013215859,MARGIN CALL ($0)
51,22,0.0,25,3,22,1.0,-100.0,12.0,MARGIN CALL ($0)
51,21,0.0,493,93,400,1.0,-100.0,18.864097363083165,MARGIN CALL ($0)
51,20,0.0,1184,222,962,1.0,-100.0,18.75,MARGIN CALL ($0)
51,19,0.0,28,3,25,1.0,-100.0,10.714285714285714,MARGIN CALL ($0)
51,18,0.0,5,0,5,1.0,-100.0,0.0,MARGIN CALL ($0)
51,17,0.0,10,0,10,1.0,-100.0,0.0,MARGIN CALL ($0)
51,16,0.0,12,1,11,1.0,-100.0,8.333333333333332,MARGIN CALL ($0)
51,47,0.0,8,0,8,1.0,-100.0,0.0,MARGIN CALL ($0)
51,46,0.0,7,0,7,1.0,-100.0,0.0,MARGIN CALL ($0)
51,45,0.0,7,0,7,1.0,-100.0,0.0,MARGIN CALL ($0)
51,44,0.0,7,0,7,1.0,-100.0,0.0,MARGIN CALL ($0)
51,43,0.0,7,0,7,1.0,-100.0,0.0,MARGIN CALL ($0)
51,42,0.0,7,0,7,1.0,-100.0,0.0,MARGIN CALL ($0)
51,41,0.0,7,0,7,1.0,-100.0,0.0,MARGIN CALL ($0)
51,40,0.0,9,0,9,1.0,-100.0,0.0,MARGIN CALL ($0)
51,39,0.0,8,0,8,1.0,-100.0,0.0,MARGIN CALL ($0)
51,38,0.0,135,19,116,1.0,-100.0,14.074074074074074,MARGIN CALL ($0)
51,37,0.0,193,28,165,1.0,-100.0,14.507772020725387,MARGIN CALL ($0)
51,36,0.0,75,12,63,1.0,-100.0,16.0,MARGIN CALL ($0)
51,35,0.0,69,14,55,1.0,-100.0,20.28985507246377,MARGIN CALL ($0)
51,34,0.0,23,4,19,1.0,-100.0,17.391304347826086,MARGIN CALL ($0)
51,33,0.0,23,3,20,1.0,-100.0,13.043478260869565,MARGIN CALL ($0)
51,32,0.0,23,3,20,1.0,-100.0,13.043478260869565,MARGIN CALL ($0)
51,63,0.0,6,0,6,1.0,-100.0,0.0,MARGIN CALL ($0)
51,62,0.0,6,0,6,1.0,-100.0,0.0,MARGIN CALL ($0)
51,61,0.0,6,0,6,1.0,-100.0,0.0,MARGIN CALL ($0)
51,60,0.0,6,0,6,1.0,-100.0,0.0,MARGIN CALL ($0)
51,59,0.0,6,0,6,1.0,-100.0,0.0,MARGIN CALL ($0)
51,58,0.0,6,0,6,1.0,-100.0,0.0,MARGIN CALL ($0)
51,57,0.0,6,0,6,1.0,-100.0,0.0,MARGIN CALL ($0)
51,56,0.0,9,1,8,1.0,-100.0,11.11111111111111,MARGIN CALL ($0)
51,55,0.0,9,1,8,1.0,-100.0,11.11111111111111,MARGIN CALL ($0)
51,54,0.0,8,0,8,1.0,-100.0,0.0,MARGIN CALL ($0)
51,53,0.0,8,0,8,1.0,-100.0,0.0,MARGIN CALL ($0)
51,52,0.0,10,1,9,1.0,-100.0,10.0,MARGIN CALL ($0)
51,51,0.0,10,1,9,1.0,-100.0,10.0,MARGIN CALL ($0)
51,50,0.0,7,0,7,1.0,-100.0,0.0,MARGIN CALL ($0)
51,49,0.0,7,0,7,1.0,-100.0,0.0,MARGIN CALL ($0)
51,48,0.0,8,0,8,1.0,-100.0,0.0,MARGIN CALL ($0)
51,79,0.0,8,0,8,1.0,-100.0,0.0,MARGIN CALL ($0)
51,78,0.0,8,0,8,1.0,-100.0,0.0,MARGIN CALL ($0)
51,77,0.0,7,0,7,1.0,-100.0,0.0,MARGIN CALL ($0)
51,76,0.0,8,0,8,1.0,-100.0,0.0,MARGIN CALL ($0)
51,75,0.0,8,0,8,1.0,-100.0,0.0,MARGIN CALL ($0)
51,74,0.0,8,0,8,1.0,-100.0,0.0,MARGIN CALL ($0)
51,73,0.0,8,0,8,1.0,-100.0,0.0,MARGIN CALL ($0)
51,72,0.0,8,0,8,1.0,-100.0,0.0,MARGIN CALL ($0)
51,71,0.0,7,0,7,1.0,-100.0,0.0,MARGIN CALL ($0)
51,70,0.0,8,0,8,1.0,-100.0,0.0,MARGIN CALL ($0)
51,69,0.0,9,1,8,1.0,-100.0,11.11111111111111,MARGIN CALL ($0)
51,68,0.0,9,1,8,1.0,-100.0,11.11111111111111,MARGIN CALL ($0)
51,67,0.0,9,1,8,1.0,-100.0,11.11111111111111,MARGIN CALL ($0)
51,66,0.0,6,0,6,1.0,-100.0,0.0,MARGIN CALL ($0)
51,65,0.0,5,0,5,1.0,-100.0,0.0,MARGIN CALL ($0)
51,64,0.0,6,0,6,1.0,-100.0,0.0,MARGIN CALL ($0)
51,95,0.0,8,0,8,1.0,-100.0,0.0,MARGIN CALL ($0)
51,94,0.0,7,0,7,1.0,-100.0,0.0,MARGIN CALL ($0)
51,93,0.0,7,0,7,1.0,-100.0,0.0,MARGIN CALL ($0)
51,92,0.0,7,0,7,1.0,-100.0,0.0,MARGIN CALL ($0)
51,91,0.0,7,0,7,1.0,-100.0,0.0,MARGIN CALL ($0)
51,90,0.0,7,0,7,1.0,-100.0,0.0,MARGIN CALL ($0)
51,89,0.0,7,0,7,1.0,-100.0,0.0,MARGIN CALL ($0)
51,88,0.0,7,0,7,1.0,-100.0,0.0,MARGIN CALL ($0)
51,87,0.0,7,0,7,1.0,-100.0,0.0,MARGIN CALL ($0)
51,86,0.0,10,1,9,1.0,-100.0,10.0,MARGIN CALL ($0)
51,85,0.0,8,1,7,1.0,-100.0,12.5,MARGIN CALL ($0)
51,84,0.0,7,1,6,1.0,-100.0,14.285714285714285,MARGIN CALL ($0)
51,83,0.0,7,1,6,1.0,-100.0,14.285714285714285,MARGIN CALL ($0)
51,82,0.0,7,1,6,1.0,-100.0,14.285714285714285,MARGIN CALL ($0)
51,81,0.0,9,0,9,1.0,-100.0,0.0,MARGIN CALL ($0)
51,80,0.0,10,0,10,1.0,-100.0,0.0,MARGIN CALL ($0)
52,14,0.0,40,7,33,1.0,-100.0,17.5,MARGIN CALL ($0)
52,12,0.0,19,3,16,1.0,-100.0,15.789473684210526,MARGIN CALL ($0)
52,11,0.0,20,3,17,1.0,-100.0,15.0,MARGIN CALL ($0)
52,10,0.0,22,3,19,1.0,-100.0,13.636363636363635,MARGIN CALL ($0)
52,9,0.0,22,3,19,1.0,-100.0,13.636363636363635,MARGIN CALL ($0)
52,8,0.0,20,3,17,1.0,-100.0,15.0,MARGIN CALL ($0)
52,7,0.0,18,1,17,1.0,-100.0,5.555555555555555,MARGIN CALL ($0)
52,6,0.0,19,1,18,1.0,-100.0,5.263157894736842,MARGIN CALL ($0)
52,5,0.0,14,0,14,1.0,-100.0,0.0,MARGIN CALL ($0)
52,4,0.0,37,8,29,1.0,-100.0,21.62162162162162,MARGIN CALL ($0)
52,3,0.0,2348,555,1793,1.0,-100.0,23.637137989778534,MARGIN CALL ($0)
51,100,0.0,7,0,7,1.0,-100.0,0.0,MARGIN CALL ($0)
51,99,0.0,7,0,7,1.0,-100.0,0.0,MARGIN CALL ($0)
51,98,0.0,8,0,8,1.0,-100.0,0.0,MARGIN CALL ($0)
51,97,0.0,8,0,8,1.0,-100.0,0.0,MARGIN CALL ($0)
51,96,0.0,8,0,8,1.0,-100.0,0.0,MARGIN CALL ($0)
52,30,0.0,22,3,19,1.0,-100.0,13.636363636363635,MARGIN CALL ($0)
52,29,0.0,9,0,9,1.0,-100.0,0.0,MARGIN CALL ($0)
52,28,0.0,9,0,9,1.0,-100.0,0.0,MARGIN CALL ($0)
52,27,0.0,74,16,58,1.0,-100.0,21.62162162162162,MARGIN CALL ($0)
52,26,0.0,79,18,61,1.0,-100.0,22.78481012658228,MARGIN CALL ($0)
52,25,0.0,93,19,74,1.0,-100.0,20.43010752688172,MARGIN CALL ($0)
52,24,0.0,115,21,94,1.0,-100.0,18.26086956521739,MARGIN CALL ($0)
52,23,0.0,438,91,347,1.0,-100.0,20.776255707762555,MARGIN CALL ($0)
52,22,0.0,25,3,22,1.0,-100.0,12.0,MARGIN CALL ($0)
52,21,0.0,344,59,285,1.0,-100.0,17.151162790697676,MARGIN CALL ($0)
52,20,0.0,739,144,595,1.0,-100.0,19.485791610284167,MARGIN CALL ($0)
52,19,0.0,763,149,614,1.0,-100.0,19.528178243774576,MARGIN CALL ($0)
52,18,0.0,5,0,5,1.0,-100.0,0.0,MARGIN CALL ($0)
52,17,0.0,10,0,10,1.0,-100.0,0.0,MARGIN CALL ($0)
52,16,0.0,12,1,11,1.0,-100.0,8.333333333333332,MARGIN CALL ($0)
52,15,0.0,29,5,24,1.0,-100.0,17.24137931034483,MARGIN CALL ($0)
52,46,0.0,7,0,7,1.0,-100.0,0.0,MARGIN CALL ($0)
52,45,0.0,7,0,7,1.0,-100.0,0.0,MARGIN CALL ($0)
52,44,0.0,7,0,7,1.0,-100.0,0.0,MARGIN CALL ($0)
52,43,0.0,7,0,7,1.0,-100.0,0.0,MARGIN CALL ($0)
52,42,0.0,7,0,7,1.0,-100.0,0.0,MARGIN CALL ($0)
52,41,0.0,7,0,7,1.0,-100.0,0.0,MARGIN CALL ($0)
52,40,0.0,9,0,9,1.0,-100.0,0.0,MARGIN CALL ($0)
52,39,0.0,8,0,8,1.0,-100.0,0.0,MARGIN CALL ($0)
52,38,0.0,163,23,140,1.0,-100.0,14.11042944785276,MARGIN CALL ($0)
52,37,0.0,199,30,169,1.0,-100.0,15.07537688442211,MARGIN CALL ($0)
52,36,0.0,80,13,67,1.0,-100.0,16.25,MARGIN CALL ($0)
52,35,0.0,82,16,66,1.0,-100.0,19.51219512195122,MARGIN CALL ($0)
52,34,0.0,23,4,19,1.0,-100.0,17.391304347826086,MARGIN CALL ($0)
52,33,0.0,22,3,19,1.0,-100.0,13.636363636363635,MARGIN CALL ($0)
52,32,0.0,22,3,19,1.0,-100.0,13.636363636363635,MARGIN CALL ($0)
52,31,0.0,21,3,18,1.0,-100.0,14.285714285714285,MARGIN CALL ($0)
52,62,0.0,6,0,6,1.0,-100.0,0.0,MARGIN CALL ($0)
52,61,0.0,6,0,6,1.0,-100.0,0.0,MARGIN CALL ($0)
52,60,0.0,6,0,6,1.0,-100.0,0.0,MARGIN CALL ($0)
52,59,0.0,6,0,6,1.0,-100.0,0.0,MARGIN CALL ($0)
52,58,0.0,6,0,6,1.0,-100.0,0.0,MARGIN CALL ($0)
52,57,0.0,6,0,6,1.0,-100.0,0.0,MARGIN CALL ($0)
52,56,0.0,9,1,8,1.0,-100.0,11.11111111111111,MARGIN CALL ($0)
52,55,0.0,8,1,7,1.0,-100.0,12.5,MARGIN CALL ($0)
52,54,0.0,8,0,8,1.0,-100.0,0.0,MARGIN CALL ($0)
52,53,0.0,8,0,8,1.0,-100.0,0.0,MARGIN CALL ($0)
52,52,0.0,9,1,8,1.0,-100.0,11.11111111111111,MARGIN CALL ($0)
52,51,0.0,10,1,9,1.0,-100.0,10.0,MARGIN CALL ($0)
52,50,0.0,7,0,7,1.0,-100.0,0.0,MARGIN CALL ($0)
52,49,0.0,7,0,7,1.0,-100.0,0.0,MARGIN CALL ($0)
52,48,0.0,8,0,8,1.0,-100.0,0.0,MARGIN CALL ($0)
52,47,0.0,8,0,8,1.0,-100.0,0.0,MARGIN CALL ($0)
52,78,0.0,8,0,8,1.0,-100.0,0.0,MARGIN CALL ($0)
52,77,0.0,7,0,7,1.0,-100.0,0.0,MARGIN CALL ($0)
52,76,0.0,8,0,8,1.0,-100.0,0.0,MARGIN CALL ($0)
52,75,0.0,8,0,8,1.0,-100.0,0.0,MARGIN CALL ($0)
52,74,0.0,8,0,8,1.0,-100.0,0.0,MARGIN CALL ($0)
52,73,0.0,8,0,8,1.0,-100.0,0.0,MARGIN CALL ($0)
52,72,0.0,8,0,8,1.0,-100.0,0.0,MARGIN CALL ($0)
52,71,0.0,7,0,7,1.0,-100.0,0.0,MARGIN CALL ($0)
52,70,0.0,8,0,8,1.0,-100.0,0.0,MARGIN CALL ($0)
52,69,0.0,9,1,8,1.0,-100.0,11.11111111111111,MARGIN CALL ($0)
52,68,0.0,9,1,8,1.0,-100.0,11.11111111111111,MARGIN CALL ($0)
52,67,0.0,9,1,8,1.0,-100.0,11.11111111111111,MARGIN CALL ($0)
52,66,0.0,6,0,6,1.0,-100.0,0.0,MARGIN CALL ($0)
52,65,0.0,5,0,5,1.0,-100.0,0.0,MARGIN CALL ($0)
52,64,0.0,6,0,6,1.0,-100.0,0.0,MARGIN CALL ($0)
52,63,0.0,6,0,6,1.0,-100.0,0.0,MARGIN CALL ($0)
52,94,0.0,7,0,7,1.0,-100.0,0.0,MARGIN CALL ($0)
52,93,0.0,7,0,7,1.0,-100.0,0.0,MARGIN CALL ($0)
52,92,0.0,7,0,7,1.0,-100.0,0.0,MARGIN CALL ($0)
52,91,0.0,7,0,7,1.0,-100.0,0.0,MARGIN CALL ($0)
52,90,0.0,7,0,7,1.0,-100.0,0.0,MARGIN CALL ($0)
52,89,0.0,7,0,7,1.0,-100.0,0.0,MARGIN CALL ($0)
52,88,0.0,7,0,7,1.0,-100.0,0.0,MARGIN CALL ($0)
52,87,0.0,7,0,7,1.0,-100.0,0.0,MARGIN CALL ($0)
52,86,0.0,10,1,9,1.0,-100.0,10.0,MARGIN CALL ($0)
52,85,0.0,8,1,7,1.0,-100.0,12.5,MARGIN CALL ($0)
52,84,0.0,7,1,6,1.0,-100.0,14.285714285714285,MARGIN CALL ($0)
52,83,0.0,7,1,6,1.0,-100.0,14.285714285714285,MARGIN CALL ($0)
52,82,0.0,7,1,6,1.0,-100.0,14.285714285714285,MARGIN CALL ($0)
52,81,0.0,9,0,9,1.0,-100.0,0.0,MARGIN CALL ($0)
52,80,0.0,10,0,10,1.0,-100.0,0.0,MARGIN CALL ($0)
52,79,0.0,8,0,8,1.0,-100.0,0.0,MARGIN CALL ($0)
53,11,0.0,20,3,17,1.0,-100.0,15.0,MARGIN CALL ($0)
53,10,0.0,22,3,19,1.0,-100.0,13.636363636363635,MARGIN CALL ($0)
53,9,0.0,22,3,19,1.0,-100.0,13.636363636363635,MARGIN CALL ($0)
53,8,0.0,20,3,17,1.0,-100.0,15.0,MARGIN CALL ($0)
53,7,0.0,18,1,17,1.0,-100.0,5.555555555555555,MARGIN CALL ($0)
53,6,0.0,19,1,18,1.0,-100.0,5.263157894736842,MARGIN CALL ($0)
53,5,0.0,14,0,14,1.0,-100.0,0.0,MARGIN CALL ($0)
53,4,0.0,37,8,29,1.0,-100.0,21.62162162162162,MARGIN CALL ($0)
53,3,0.0,2350,555,1795,1.0,-100.0,23.617021276595747,MARGIN CALL ($0)
53,1,0.0,2350,449,1901,1.0,-100.0,19.106382978723406,MARGIN CALL ($0)
52,100,0.0,7,0,7,1.0,-100.0,0.0,MARGIN CALL ($0)
52,99,0.0,7,0,7,1.0,-100.0,0.0,MARGIN CALL ($0)
52,98,0.0,8,0,8,1.0,-100.0,0.0,MARGIN CALL ($0)
52,97,0.0,8,0,8,1.0,-100.0,0.0,MARGIN CALL ($0)
52,96,0.0,8,0,8,1.0,-100.0,0.0,MARGIN CALL ($0)
52,95,0.0,8,0,8,1.0,-100.0,0.0,MARGIN CALL ($0)
53,28,0.0,8,0,8,1.0,-100.0,0.0,MARGIN CALL ($0)
53,27,0.0,72,14,58,1.0,-100.0,19.444444444444446,MARGIN CALL ($0)
53,26,0.0,73,15,58,1.0,-100.0,20.54794520547945,MARGIN CALL ($0)
53,25,0.0,87,17,70,1.0,-100.0,19.54022988505747,MARGIN CALL ($0)
53,24,0.0,99,17,82,1.0,-100.0,17.17171717171717,MARGIN CALL ($0)
53,23,0.0,452,95,357,1.0,-100.0,21.01769911504425,MARGIN CALL ($0)
53,22,0.0,25,3,22,1.0,-100.0,12.0,MARGIN CALL ($0)
53,21,0.0,332,57,275,1.0,-100.0,17.16867469879518,MARGIN CALL ($0)
53,20,0.0,630,119,511,1.0,-100.0,18.88888888888889,MARGIN CALL ($0)
53,19,0.0,755,148,607,1.0,-100.0,19.602649006622517,MARGIN CALL ($0)
53,18,0.0,5,0,5,1.0,-100.0,0.0,MARGIN CALL ($0)
53,17,0.0,10,0,10,1.0,-100.0,0.0,MARGIN CALL ($0)
53,16,0.0,12,1,11,1.0,-100.0,8.333333333333332,MARGIN CALL ($0)
53,15,0.0,29,5,24,1.0,-100.0,17.24137931034483,MARGIN CALL ($0)
53,14,0.0,40,7,33,1.0,-100.0,17.5,MARGIN CALL ($0)
53,12,0.0,19,3,16,1.0,-100.0,15.789473684210526,MARGIN CALL ($0)
53,44,0.0,7,0,7,1.0,-100.0,0.0,MARGIN CALL ($0)
53,43,0.0,7,0,7,1.0,-100.0,0.0,MARGIN CALL ($0)
53,42,0.0,7,0,7,1.0,-100.0,0.0,MARGIN CALL ($0)
53,41,0.0,7,0,7,1.0,-100.0,0.0,MARGIN CALL ($0)
53,40,0.0,9,0,9,1.0,-100.0,0.0,MARGIN CALL ($0)
53,39,0.0,8,0,8,1.0,-100.0,0.0,MARGIN CALL ($0)
53,38,0.0,161,23,138,1.0,-100.0,14.285714285714285,MARGIN CALL ($0)
53,37,0.0,179,26,153,1.0,-100.0,14.52513966480447,MARGIN CALL ($0)
53,36,0.0,159,26,133,1.0,-100.0,16.352201257861633,MARGIN CALL ($0)
53,35,0.0,124,20,104,1.0,-100.0,16.129032258064516,MARGIN CALL ($0)
53,34,0.0,23,4,19,1.0,-100.0,17.391304347826086,MARGIN CALL ($0)
53,33,0.0,22,3,19,1.0,-100.0,13.636363636363635,MARGIN CALL ($0)
53,32,0.0,22,3,19,1.0,-100.0,13.636363636363635,MARGIN CALL ($0)
53,31,0.0,21,3,18,1.0,-100.0,14.285714285714285,MARGIN CALL ($0)
53,30,0.0,22,3,19,1.0,-100.0,13.636363636363635,MARGIN CALL ($0)
53,29,0.0,8,0,8,1.0,-100.0,0.0,MARGIN CALL ($0)
53,60,0.0,6,0,6,1.0,-100.0,0.0,MARGIN CALL ($0)
53,59,0.0,6,0,6,1.0,-100.0,0.0,MARGIN CALL ($0)
53,58,0.0,6,0,6,1.0,-100.0,0.0,MARGIN CALL ($0)
53,57,0.0,6,0,6,1.0,-100.0,0.0,MARGIN CALL ($0)
53,56,0.0,9,1,8,1.0,-100.0,11.11111111111111,MARGIN CALL ($0)
53,55,0.0,8,1,7,1.0,-100.0,12.5,MARGIN CALL ($0)
53,54,0.0,8,0,8,1.0,-100.0,0.0,MARGIN CALL ($0)
53,53,0.0,8,0,8,1.0,-100.0,0.0,MARGIN CALL ($0)
53,52,0.0,8,0,8,1.0,-100.0,0.0,MARGIN CALL ($0)
53,51,0.0,9,0,9,1.0,-100.0,0.0,MARGIN CALL ($0)
53,50,0.0,7,0,7,1.0,-100.0,0.0,MARGIN CALL ($0)
53,49,0.0,7,0,7,1.0,-100.0,0.0,MARGIN CALL ($0)
53,48,0.0,8,0,8,1.0,-100.0,0.0,MARGIN CALL ($0)
53,47,0.0,8,0,8,1.0,-100.0,0.0,MARGIN CALL ($0)
53,46,0.0,7,0,7,1.0,-100.0,0.0,MARGIN CALL ($0)
53,45,0.0,7,0,7,1.0,-100.0,0.0,MARGIN CALL ($0)
53,76,0.0,7,0,7,1.0,-100.0,0.0,MARGIN CALL ($0)
53,75,0.0,7,0,7,1.0,-100.0,0.0,MARGIN CALL ($0)
53,74,0.0,7,0,7,1.0,-100.0,0.0,MARGIN CALL ($0)
53,73,0.0,7,0,7,1.0,-100.0,0.0,MARGIN CALL ($0)
53,72,0.0,7,0,7,1.0,-100.0,0.0,MARGIN CALL ($0)
53,71,0.0,7,0,7,1.0,-100.0,0.0,MARGIN CALL ($0)
53,70,0.0,8,0,8,1.0,-100.0,0.0,MARGIN CALL ($0)
53,69,0.0,9,1,8,1.0,-100.0,11.11111111111111,MARGIN CALL ($0)
53,68,0.0,9,1,8,1.0,-100.0,11.11111111111111,MARGIN CALL ($0)
53,67,0.0,9,1,8,1.0,-100.0,11.11111111111111,MARGIN CALL ($0)
53,66,0.0,6,0,6,1.0,-100.0,0.0,MARGIN CALL ($0)
53,65,0.0,5,0,5,1.0,-100.0,0.0,MARGIN CALL ($0)
53,64,0.0,6,0,6,1.0,-100.0,0.0,MARGIN CALL ($0)
53,63,0.0,6,0,6,1.0,-100.0,0.0,MARGIN CALL ($0)
53,62,0.0,6,0,6,1.0,-100.0,0.0,MARGIN CALL ($0)
53,61,0.0,6,0,6,1.0,-100.0,0.0,MARGIN CALL ($0)
53,92,0.0,7,0,7,1.0,-100.0,0.0,MARGIN CALL ($0)
53,91,0.0,7,0,7,1.0,-100.0,0.0,MARGIN CALL ($0)
53,90,0.0,7,0,7,1.0,-100.0,0.0,MARGIN CALL ($0)
53,89,0.0,7,0,7,1.0,-100.0,0.0,MARGIN CALL ($0)
53,88,0.0,7,0,7,1.0,-100.0,0.0,MARGIN CALL ($0)
53,87,0.0,7,0,7,1.0,-100.0,0.0,MARGIN CALL ($0)
53,86,0.0,10,1,9,1.0,-100.0,10.0,MARGIN CALL ($0)
53,85,0.0,8,1,7,1.0,-100.0,12.5,MARGIN CALL ($0)
53,84,0.0,7,1,6,1.0,-100.0,14.285714285714285,MARGIN CALL ($0)
53,83,0.0,7,1,6,1.0,-100.0,14.285714285714285,MARGIN CALL ($0)
53,82,0.0,7,1,6,1.0,-100.0,14.285714285714285,MARGIN CALL ($0)
53,81,0.0,12,1,11,1.0,-100.0,8.333333333333332,MARGIN CALL ($0)
53,80,0.0,9,0,9,1.0,-100.0,0.0,MARGIN CALL ($0)
53,79,0.0,8,0,8,1.0,-100.0,0.0,MARGIN CALL ($0)
53,78,0.0,8,0,8,1.0,-100.0,0.0,MARGIN CALL ($0)
53,77,0.0,7,0,7,1.0,-100.0,0.0,MARGIN CALL ($0)
54,9,0.0,22,3,19,1.0,-100.0,13.636363636363635,MARGIN CALL ($0)
54,8,0.0,20,3,17,1.0,-100.0,15.0,MARGIN CALL ($0)
54,7,0.0,18,1,17,1.0,-100.0,5.555555555555555,MARGIN CALL ($0)
54,6,0.0,19,1,18,1.0,-100.0,5.263157894736842,MARGIN CALL ($0)
54,5,0.0,14,0,14,1.0,-100.0,0.0,MARGIN CALL ($0)
54,4,0.0,37,8,29,1.0,-100.0,21.62162162162162,MARGIN CALL ($0)
54,3,0.0,2349,555,1794,1.0,-100.0,23.627075351213282,MARGIN CALL ($0)
54,1,0.0,2370,455,1915,1.0,-100.0,19.198312236286917,MARGIN CALL ($0)
53,100,0.0,7,0,7,1.0,-100.0,0.0,MARGIN CALL ($0)
53,99,0.0,7,0,7,1.0,-100.0,0.0,MARGIN CALL ($0)
53,98,0.0,8,0,8,1.0,-100.0,0.0,MARGIN CALL ($0)
53,97,0.0,8,0,8,1.0,-100.0,0.0,MARGIN CALL ($0)
53,96,0.0,8,0,8,1.0,-100.0,0.0,MARGIN CALL ($0)
53,95,0.0,8,0,8,1.0,-100.0,0.0,MARGIN CALL ($0)
53,94,0.0,7,0,7,1.0,-100.0,0.0,MARGIN CALL ($0)
53,93,0.0,7,0,7,1.0,-100.0,0.0,MARGIN CALL ($0)
54,26,0.0,79,17,62,1.0,-100.0,21.518987341772153,MARGIN CALL ($0)
54,25,0.0,92,18,74,1.0,-100.0,19.565217391304348,MARGIN CALL ($0)
54,24,0.0,100,18,82,1.0,-100.0,18.0,MARGIN CALL ($0)
54,23,0.0,431,90,341,1.0,-100.0,20.88167053364269,MARGIN CALL ($0)
54,22,0.0,24,3,21,1.0,-100.0,12.5,MARGIN CALL ($0)
54,21,0.0,337,59,278,1.0,-100.0,17.50741839762611,MARGIN CALL ($0)
54,20,0.0,635,121,514,1.0,-100.0,19.055118110236222,MARGIN CALL ($0)
54,19,0.0,784,153,631,1.0,-100.0,19.51530612244898,MARGIN CALL ($0)
54,18,0.0,5,0,5,1.0,-100.0,0.0,MARGIN CALL ($0)
54,17,0.0,10,0,10,1.0,-100.0,0.0,MARGIN CALL ($0)
54,16,0.0,12,1,11,1.0,-100.0,8.333333333333332,MARGIN CALL ($0)
54,15,0.0,29,5,24,1.0,-100.0,17.24137931034483,MARGIN CALL ($0)
54,14,0.0,40,7,33,1.0,-100.0,17.5,MARGIN CALL ($0)
54,12,0.0,19,3,16,1.0,-100.0,15.789473684210526,MARGIN CALL ($0)
54,11,0.0,20,3,17,1.0,-100.0,15.0,MARGIN CALL ($0)
54,10,0.0,22,3,19,1.0,-100.0,13.636363636363635,MARGIN CALL ($0)
54,42,0.0,7,0,7,1.0,-100.0,0.0,MARGIN CALL ($0)
54,41,0.0,7,0,7,1.0,-100.0,0.0,MARGIN CALL ($0)
54,40,0.0,9,0,9,1.0,-100.0,0.0,MARGIN CALL ($0)
54,39,0.0,8,0,8,1.0,-100.0,0.0,MARGIN CALL ($0)
54,38,0.0,171,26,145,1.0,-100.0,15.204678362573098,MARGIN CALL ($0)
54,37,0.0,193,30,163,1.0,-100.0,15.544041450777202,MARGIN CALL ($0)
54,36,0.0,170,29,141,1.0,-100.0,17.058823529411764,MARGIN CALL ($0)
54,35,0.0,151,28,123,1.0,-100.0,18.543046357615893,MARGIN CALL ($0)
54,34,0.0,23,4,19,1.0,-100.0,17.391304347826086,MARGIN CALL ($0)
54,33,0.0,21,2,19,1.0,-100.0,9.523809523809524,MARGIN CALL ($0)
54,32,0.0,21,3,18,1.0,-100.0,14.285714285714285,MARGIN CALL ($0)
54,31,0.0,21,3,18,1.0,-100.0,14.285714285714285,MARGIN CALL ($0)
54,30,0.0,21,3,18,1.0,-100.0,14.285714285714285,MARGIN CALL ($0)
54,29,0.0,8,0,8,1.0,-100.0,0.0,MARGIN CALL ($0)
54,28,0.0,8,0,8,1.0,-100.0,0.0,MARGIN CALL ($0)
54,27,0.0,73,15,58,1.0,-100.0,20.54794520547945,MARGIN CALL ($0)
54,58,0.0,6,0,6,1.0,-100.0,0.0,MARGIN CALL ($0)
54,57,0.0,6,0,6,1.0,-100.0,0.0,MARGIN CALL ($0)
54,56,0.0,7,0,7,1.0,-100.0,0.0,MARGIN CALL ($0)
54,55,0.0,7,0,7,1.0,-100.0,0.0,MARGIN CALL ($0)
54,54,0.0,6,0,6,1.0,-100.0,0.0,MARGIN CALL ($0)
54,53,0.0,8,0,8,1.0,-100.0,0.0,MARGIN CALL ($0)
54,52,0.0,8,0,8,1.0,-100.0,0.0,MARGIN CALL ($0)
54,51,0.0,9,0,9,1.0,-100.0,0.0,MARGIN CALL ($0)
54,50,0.0,7,0,7,1.0,-100.0,0.0,MARGIN CALL ($0)
54,49,0.0,7,0,7,1.0,-100.0,0.0,MARGIN CALL ($0)
54,48,0.0,8,0,8,1.0,-100.0,0.0,MARGIN CALL ($0)
54,47,0.0,8,0,8,1.0,-100.0,0.0,MARGIN CALL ($0)
54,46,0.0,7,0,7,1.0,-100.0,0.0,MARGIN CALL ($0)
54,45,0.0,7,0,7,1.0,-100.0,0.0,MARGIN CALL ($0)
54,44,0.0,7,0,7,1.0,-100.0,0.0,MARGIN CALL ($0)
54,43,0.0,7,0,7,1.0,-100.0,0.0,MARGIN CALL ($0)
54,74,0.0,6,0,6,1.0,-100.0,0.0,MARGIN CALL ($0)
54,73,0.0,6,0,6,1.0,-100.0,0.0,MARGIN CALL ($0)
54,72,0.0,7,0,7,1.0,-100.0,0.0,MARGIN CALL ($0)
54,71,0.0,7,0,7,1.0,-100.0,0.0,MARGIN CALL ($0)
54,70,0.0,8,0,8,1.0,-100.0,0.0,MARGIN CALL ($0)
54,69,0.0,8,0,8,1.0,-100.0,0.0,MARGIN CALL ($0)
54,68,0.0,8,0,8,1.0,-100.0,0.0,MARGIN CALL ($0)
54,67,0.0,7,0,7,1.0,-100.0,0.0,MARGIN CALL ($0)
54,66,0.0,6,0,6,1.0,-100.0,0.0,MARGIN CALL ($0)
54,65,0.0,5,0,5,1.0,-100.0,0.0,MARGIN CALL ($0)
54,64,0.0,6,0,6,1.0,-100.0,0.0,MARGIN CALL ($0)
54,63,0.0,6,0,6,1.0,-100.0,0.0,MARGIN CALL ($0)
54,62,0.0,6,0,6,1.0,-100.0,0.0,MARGIN CALL ($0)
54,61,0.0,6,0,6,1.0,-100.0,0.0,MARGIN CALL ($0)
54,60,0.0,6,0,6,1.0,-100.0,0.0,MARGIN CALL ($0)
54,59,0.0,6,0,6,1.0,-100.0,0.0,MARGIN CALL ($0)
54,90,0.0,7,0,7,1.0,-100.0,0.0,MARGIN CALL ($0)
54,89,0.0,7,0,7,1.0,-100.0,0.0,MARGIN CALL ($0)
54,88,0.0,7,0,7,1.0,-100.0,0.0,MARGIN CALL ($0)
54,87,0.0,7,0,7,1.0,-100.0,0.0,MARGIN CALL ($0)
54,86,0.0,8,0,8,1.0,-100.0,0.0,MARGIN CALL ($0)
54,85,0.0,5,0,5,1.0,-100.0,0.0,MARGIN CALL ($0)
54,84,0.0,4,0,4,1.0,-100.0,0.0,MARGIN CALL ($0)
54,83,0.0,4,0,4,1.0,-100.0,0.0,MARGIN CALL ($0)
54,82,0.0,4,0,4,1.0,-100.0,0.0,MARGIN CALL ($0)
54,81,0.0,8,0,8,1.0,-100.0,0.0,MARGIN CALL ($0)
54,80,0.0,9,0,9,1.0,-100.0,0.0,MARGIN CALL ($0)
54,79,0.0,7,0,7,1.0,-100.0,0.0,MARGIN CALL ($0)
54,78,0.0,7,0,7,1.0,-100.0,0.0,MARGIN CALL ($0)
54,77,0.0,6,0,6,1.0,-100.0,0.0,MARGIN CALL ($0)
54,76,0.0,7,0,7,1.0,-100.0,0.0,MARGIN CALL ($0)
54,75,0.0,6,0,6,1.0,-100.0,0.0,MARGIN CALL ($0)
2,42,0.0,82,21,61,1.0,-100.0,25.609756097560975,MARGIN CALL ($0)
2,41,0.0,81,21,60,1.0,-100.0,25.925925925925924,MARGIN CALL ($0)
2,40,0.0,82,21,61,1.0,-100.0,25.609756097560975,MARGIN CALL ($0)
2,39,0.0,93,23,70,1.0,-100.0,24.731182795698924,MARGIN CALL ($0)
2,38,0.0,53,14,39,1.0,-100.0,26.41509433962264,MARGIN CALL ($0)
2,37,0.0,53,14,39,1.0,-100.0,26.41509433962264,MARGIN CALL ($0)
2,36,0.0,53,14,39,1.0,-100.0,26.41509433962264,MARGIN CALL ($0)
2,35,0.0,56,15,41,1.0,-100.0,26.785714285714285,MARGIN CALL ($0)
2,34,0.0,53,12,41,1.0,-100.0,22.641509433962266,MARGIN CALL ($0)
2,33,0.0,77,18,59,1.0,-100.0,23.376623376623375,MARGIN CALL ($0)
2,32,0.0,50,11,39,1.0,-100.0,22.0,MARGIN CALL ($0)
2,31,0.0,52,12,40,1.0,-100.0,23.076923076923077,MARGIN CALL ($0)
2,30,0.0,25,5,20,1.0,-100.0,20.0,MARGIN CALL ($0)
2,29,0.0,25,5,20,1.0,-100.0,20.0,MARGIN CALL ($0)
54,92,0.0,7,0,7,1.0,-100.0,0.0,MARGIN CALL ($0)
54,91,0.0,7,0,7,1.0,-100.0,0.0,MARGIN CALL ($0)
55,8,0.0,20,3,17,1.0,-100.0,15.0,MARGIN CALL ($0)
55,7,0.0,18,1,17,1.0,-100.0,5.555555555555555,MARGIN CALL ($0)
55,6,0.0,19,1,18,1.0,-100.0,5.263157894736842,MARGIN CALL ($0)
55,5,0.0,14,0,14,1.0,-100.0,0.0,MARGIN CALL ($0)
55,4,0.0,37,8,29,1.0,-100.0,21.62162162162162,MARGIN CALL ($0)
55,3,0.0,2348,555,1793,1.0,-100.0,23.637137989778534,MARGIN CALL ($0)
54,100,0.0,7,0,7,1.0,-100.0,0.0,MARGIN CALL ($0)
54,99,0.0,7,0,7,1.0,-100.0,0.0,MARGIN CALL ($0)
54,98,0.0,8,0,8,1.0,-100.0,0.0,MARGIN CALL ($0)
54,97,0.0,8,0,8,1.0,-100.0,0.0,MARGIN CALL ($0)
54,96,0.0,8,0,8,1.0,-100.0,0.0,MARGIN CALL ($0)
54,95,0.0,8,0,8,1.0,-100.0,0.0,MARGIN CALL ($0)
54,94,0.0,7,0,7,1.0,-100.0,0.0,MARGIN CALL ($0)
54,93,0.0,7,0,7,1.0,-100.0,0.0,MARGIN CALL ($0)
2,44,0.0,54,12,42,1.0,-100.0,22.22222222222222,MARGIN CALL ($0)
2,43,0.0,53,12,41,1.0,-100.0,22.641509433962266,MARGIN CALL ($0)
55,26,0.0,73,15,58,1.0,-100.0,20.54794520547945,MARGIN CALL ($0)
55,25,0.0,88,17,71,1.0,-100.0,19.318181818181817,MARGIN CALL ($0)
55,24,0.0,95,17,78,1.0,-100.0,17.894736842105264,MARGIN CALL ($0)
55,23,0.0,433,91,342,1.0,-100.0,21.016166281755197,MARGIN CALL ($0)
55,22,0.0,24,3,21,1.0,-100.0,12.5,MARGIN CALL ($0)
55,21,0.0,273,46,227,1.0,-100.0,16.84981684981685,MARGIN CALL ($0)
55,20,0.0,629,119,510,1.0,-100.0,18.91891891891892,MARGIN CALL ($0)
55,18,0.0,5,0,5,1.0,-100.0,0.0,MARGIN CALL ($0)
55,17,0.0,10,0,10,1.0,-100.0,0.0,MARGIN CALL ($0)
55,16,0.0,12,1,11,1.0,-100.0,8.333333333333332,MARGIN CALL ($0)
55,15,0.0,29,5,24,1.0,-100.0,17.24137931034483,MARGIN CALL ($0)
55,14,0.0,40,7,33,1.0,-100.0,17.5,MARGIN CALL ($0)
55,12,0.0,19,3,16,1.0,-100.0,15.789473684210526,MARGIN CALL ($0)
55,11,0.0,20,3,17,1.0,-100.0,15.0,MARGIN CALL ($0)
55,10,0.0,22,3,19,1.0,-100.0,13.636363636363635,MARGIN CALL ($0)
55,9,0.0,22,3,19,1.0,-100.0,13.636363636363635,MARGIN CALL ($0)
55,42,0.0,7,0,7,1.0,-100.0,0.0,MARGIN CALL ($0)
55,41,0.0,7,0,7,1.0,-100.0,0.0,MARGIN CALL ($0)
55,40,0.0,9,0,9,1.0,-100.0,0.0,MARGIN CALL ($0)
55,39,0.0,8,0,8,1.0,-100.0,0.0,MARGIN CALL ($0)
55,38,0.0,172,26,146,1.0,-100.0,15.11627906976744,MARGIN CALL ($0)
55,37,0.0,193,29,164,1.0,-100.0,15.025906735751295,MARGIN CALL ($0)
55,36,0.0,93,14,79,1.0,-100.0,15.053763440860216,MARGIN CALL ($0)
55,35,0.0,80,15,65,1.0,-100.0,18.75,MARGIN CALL ($0)
55,34,0.0,23,4,19,1.0,-100.0,17.391304347826086,MARGIN CALL ($0)
55,33,0.0,21,2,19,1.0,-100.0,9.523809523809524,MARGIN CALL ($0)
55,32,0.0,21,3,18,1.0,-100.0,14.285714285714285,MARGIN CALL ($0)
55,31,0.0,21,3,18,1.0,-100.0,14.285714285714285,MARGIN CALL ($0)
55,30,0.0,21,3,18,1.0,-100.0,14.285714285714285,MARGIN CALL ($0)
55,29,0.0,8,0,8,1.0,-100.0,0.0,MARGIN CALL ($0)
55,28,0.0,8,0,8,1.0,-100.0,0.0,MARGIN CALL ($0)
55,27,0.0,73,14,59,1.0,-100.0,19.17808219178082,MARGIN CALL ($0)
55,58,0.0,7,0,7,1.0,-100.0,0.0,MARGIN CALL ($0)
55,57,0.0,6,0,6,1.0,-100.0,0.0,MARGIN CALL ($0)
55,56,0.0,7,0,7,1.0,-100.0,0.0,MARGIN CALL ($0)
55,55,0.0,7,0,7,1.0,-100.0,0.0,MARGIN CALL ($0)
55,54,0.0,7,0,7,1.0,-100.0,0.0,MARGIN CALL ($0)
55,53,0.0,9,0,9,1.0,-100.0,0.0,MARGIN CALL ($0)
55,52,0.0,9,0,9,1.0,-100.0,0.0,MARGIN CALL ($0)
55,51,0.0,9,0,9,1.0,-100.0,0.0,MARGIN CALL ($0)
55,50,0.0,7,0,7,1.0,-100.0,0.0,MARGIN CALL ($0)
55,49,0.0,8,0,8,1.0,-100.0,0.0,MARGIN CALL ($0)
55,48,0.0,8,0,8,1.0,-100.0,0.0,MARGIN CALL ($0)
55,47,0.0,9,0,9,1.0,-100.0,0.0,MARGIN CALL ($0)
55,46,0.0,7,0,7,1.0,-100.0,0.0,MARGIN CALL ($0)
55,45,0.0,7,0,7,1.0,-100.0,0.0,MARGIN CALL ($0)
55,44,0.0,7,0,7,1.0,-100.0,0.0,MARGIN CALL ($0)
55,43,0.0,7,0,7,1.0,-100.0,0.0,MARGIN CALL ($0)
55,74,0.0,7,0,7,1.0,-100.0,0.0,MARGIN CALL ($0)
55,73,0.0,7,0,7,1.0,-100.0,0.0,MARGIN CALL ($0)
55,72,0.0,7,0,7,1.0,-100.0,0.0,MARGIN CALL ($0)
55,71,0.0,7,0,7,1.0,-100.0,0.0,MARGIN CALL ($0)
55,70,0.0,8,0,8,1.0,-100.0,0.0,MARGIN CALL ($0)
55,69,0.0,9,0,9,1.0,-100.0,0.0,MARGIN CALL ($0)
55,68,0.0,9,0,9,1.0,-100.0,0.0,MARGIN CALL ($0)
55,67,0.0,8,0,8,1.0,-100.0,0.0,MARGIN CALL ($0)
55,66,0.0,7,0,7,1.0,-100.0,0.0,MARGIN CALL ($0)
55,65,0.0,6,0,6,1.0,-100.0,0.0,MARGIN CALL ($0)
55,64,0.0,7,0,7,1.0,-100.0,0.0,MARGIN CALL ($0)
55,63,0.0,7,0,7,1.0,-100.0,0.0,MARGIN CALL ($0)
55,62,0.0,7,0,7,1.0,-100.0,0.0,MARGIN CALL ($0)
55,61,0.0,7,0,7,1.0,-100.0,0.0,MARGIN CALL ($0)
55,60,0.0,7,0,7,1.0,-100.0,0.0,MARGIN CALL ($0)
55,59,0.0,7,0,7,1.0,-100.0,0.0,MARGIN CALL ($0)
55,90,0.0,8,0,8,1.0,-100.0,0.0,MARGIN CALL ($0)
55,89,0.0,8,0,8,1.0,-100.0,0.0,MARGIN CALL ($0)
55,88,0.0,8,0,8,1.0,-100.0,0.0,MARGIN CALL ($0)
55,87,0.0,8,0,8,1.0,-100.0,0.0,MARGIN CALL ($0)
55,86,0.0,9,0,9,1.0,-100.0,0.0,MARGIN CALL ($0)
55,85,0.0,6,0,6,1.0,-100.0,0.0,MARGIN CALL ($0)
55,84,0.0,5,0,5,1.0,-100.0,0.0,MARGIN CALL ($0)
55,83,0.0,5,0,5,1.0,-100.0,0.0,MARGIN CALL ($0)
55,82,0.0,5,0,5,1.0,-100.0,0.0,MARGIN CALL ($0)
55,81,0.0,9,0,9,1.0,-100.0,0.0,MARGIN CALL ($0)
55,80,0.0,10,0,10,1.0,-100.0,0.0,MARGIN CALL ($0)
55,79,0.0,8,0,8,1.0,-100.0,0.0,MARGIN CALL ($0)
55,78,0.0,8,0,8,1.0,-100.0,0.0,MARGIN CALL ($0)
55,77,0.0,7,0,7,1.0,-100.0,0.0,MARGIN CALL ($0)
55,76,0.0,8,0,8,1.0,-100.0,0.0,MARGIN CALL ($0)
55,75,0.0,7,0,7,1.0,-100.0,0.0,MARGIN CALL ($0)
56,8,0.0,20,3,17,1.0,-100.0,15.0,MARGIN CALL ($0)
56,7,0.0,18,1,17,1.0,-100.0,5.555555555555555,MARGIN CALL ($0)
56,6,0.0,19,1,18,1.0,-100.0,5.263157894736842,MARGIN CALL ($0)
56,5,0.0,14,0,14,1.0,-100.0,0.0,MARGIN CALL ($0)
56,4,0.0,37,8,29,1.0,-100.0,21.62162162162162,MARGIN CALL ($0)
56,3,0.0,2348,555,1793,1.0,-100.0,23.637137989778534,MARGIN CALL ($0)
55,100,0.0,8,0,8,1.0,-100.0,0.0,MARGIN CALL ($0)
55,99,0.0,8,0,8,1.0,-100.0,0.0,MARGIN CALL ($0)
55,98,0.0,9,0,9,1.0,-100.0,0.0,MARGIN CALL ($0)
55,97,0.0,9,0,9,1.0,-100.0,0.0,MARGIN CALL ($0)
55,96,0.0,9,0,9,1.0,-100.0,0.0,MARGIN CALL ($0)
55,95,0.0,9,0,9,1.0,-100.0,0.0,MARGIN CALL ($0)
55,94,0.0,8,0,8,1.0,-100.0,0.0,MARGIN CALL ($0)
55,93,0.0,8,0,8,1.0,-100.0,0.0,MARGIN CALL ($0)
55,92,0.0,8,0,8,1.0,-100.0,0.0,MARGIN CALL ($0)
55,91,0.0,8,0,8,1.0,-100.0,0.0,MARGIN CALL ($0)
56,25,0.0,88,17,71,1.0,-100.0,19.318181818181817,MARGIN CALL ($0)
56,24,0.0,96,17,79,1.0,-100.0,17.708333333333336,MARGIN CALL ($0)
56,23,0.0,425,89,336,1.0,-100.0,20.941176470588236,MARGIN CALL ($0)
56,22,0.0,24,3,21,1.0,-100.0,12.5,MARGIN CALL ($0)
56,21,0.0,336,59,277,1.0,-100.0,17.559523809523807,MARGIN CALL ($0)
56,20,0.0,625,118,507,1.0,-100.0,18.88,MARGIN CALL ($0)
56,19,0.0,743,147,596,1.0,-100.0,19.784656796769852,MARGIN CALL ($0)
56,18,0.0,5,0,5,1.0,-100.0,0.0,MARGIN CALL ($0)
56,17,0.0,10,0,10,1.0,-100.0,0.0,MARGIN CALL ($0)
56,16,0.0,12,1,11,1.0,-100.0,8.333333333333332,MARGIN CALL ($0)
56,15,0.0,29,5,24,1.0,-100.0,17.24137931034483,MARGIN CALL ($0)
56,14,0.0,40,7,33,1.0,-100.0,17.5,MARGIN CALL ($0)
56,12,0.0,19,3,16,1.0,-100.0,15.789473684210526,MARGIN CALL ($0)
56,11,0.0,20,3,17,1.0,-100.0,15.0,MARGIN CALL ($0)
56,10,0.0,22,3,19,1.0,-100.0,13.636363636363635,MARGIN CALL ($0)
56,9,0.0,22,3,19,1.0,-100.0,13.636363636363635,MARGIN CALL ($0)
56,41,0.0,7,0,7,1.0,-100.0,0.0,MARGIN CALL ($0)
56,40,0.0,9,0,9,1.0,-100.0,0.0,MARGIN CALL ($0)
56,39,0.0,8,0,8,1.0,-100.0,0.0,MARGIN CALL ($0)
56,38,0.0,173,26,147,1.0,-100.0,15.028901734104046,MARGIN CALL ($0)
56,37,0.0,186,28,158,1.0,-100.0,15.053763440860216,MARGIN CALL ($0)
56,36,0.0,91,14,77,1.0,-100.0,15.384615384615385,MARGIN CALL ($0)
56,35,0.0,81,15,66,1.0,-100.0,18.51851851851852,MARGIN CALL ($0)
56,34,0.0,23,4,19,1.0,-100.0,17.391304347826086,MARGIN CALL ($0)
56,33,0.0,21,2,19,1.0,-100.0,9.523809523809524,MARGIN CALL ($0)
56,32,0.0,21,3,18,1.0,-100.0,14.285714285714285,MARGIN CALL ($0)
56,31,0.0,21,3,18,1.0,-100.0,14.285714285714285,MARGIN CALL ($0)
56,30,0.0,21,3,18,1.0,-100.0,14.285714285714285,MARGIN CALL ($0)
56,29,0.0,8,0,8,1.0,-100.0,0.0,MARGIN CALL ($0)
56,28,0.0,8,0,8,1.0,-100.0,0.0,MARGIN CALL ($0)
56,27,0.0,73,14,59,1.0,-100.0,19.17808219178082,MARGIN CALL ($0)
56,26,0.0,73,15,58,1.0,-100.0,20.54794520547945,MARGIN CALL ($0)
56,57,0.0,6,0,6,1.0,-100.0,0.0,MARGIN CALL ($0)
56,56,0.0,6,0,6,1.0,-100.0,0.0,MARGIN CALL ($0)
56,55,0.0,6,0,6,1.0,-100.0,0.0,MARGIN CALL ($0)
56,54,0.0,7,0,7,1.0,-100.0,0.0,MARGIN CALL ($0)
56,53,0.0,9,0,9,1.0,-100.0,0.0,MARGIN CALL ($0)
56,52,0.0,9,0,9,1.0,-100.0,0.0,MARGIN CALL ($0)
56,51,0.0,9,0,9,1.0,-100.0,0.0,MARGIN CALL ($0)
56,50,0.0,7,0,7,1.0,-100.0,0.0,MARGIN CALL ($0)
56,49,0.0,8,0,8,1.0,-100.0,0.0,MARGIN CALL ($0)
56,48,0.0,8,0,8,1.0,-100.0,0.0,MARGIN CALL ($0)
56,47,0.0,9,0,9,1.0,-100.0,0.0,MARGIN CALL ($0)
56,46,0.0,7,0,7,1.0,-100.0,0.0,MARGIN CALL ($0)
56,45,0.0,7,0,7,1.0,-100.0,0.0,MARGIN CALL ($0)
56,44,0.0,7,0,7,1.0,-100.0,0.0,MARGIN CALL ($0)
56,43,0.0,7,0,7,1.0,-100.0,0.0,MARGIN CALL ($0)
56,42,0.0,7,0,7,1.0,-100.0,0.0,MARGIN CALL ($0)
56,73,0.0,7,0,7,1.0,-100.0,0.0,MARGIN CALL ($0)
56,72,0.0,7,0,7,1.0,-100.0,0.0,MARGIN CALL ($0)
56,71,0.0,7,0,7,1.0,-100.0,0.0,MARGIN CALL ($0)
56,70,0.0,8,0,8,1.0,-100.0,0.0,MARGIN CALL ($0)
56,69,0.0,8,0,8,1.0,-100.0,0.0,MARGIN CALL ($0)
56,68,0.0,8,0,8,1.0,-100.0,0.0,MARGIN CALL ($0)
56,67,0.0,7,0,7,1.0,-100.0,0.0,MARGIN CALL ($0)
56,66,0.0,7,0,7,1.0,-100.0,0.0,MARGIN CALL ($0)
56,65,0.0,6,0,6,1.0,-100.0,0.0,MARGIN CALL ($0)
56,64,0.0,7,0,7,1.0,-100.0,0.0,MARGIN CALL ($0)
56,63,0.0,7,0,7,1.0,-100.0,0.0,MARGIN CALL ($0)
56,62,0.0,7,0,7,1.0,-100.0,0.0,MARGIN CALL ($0)
56,61,0.0,7,0,7,1.0,-100.0,0.0,MARGIN CALL ($0)
56,60,0.0,7,0,7,1.0,-100.0,0.0,MARGIN CALL ($0)
56,59,0.0,7,0,7,1.0,-100.0,0.0,MARGIN CALL ($0)
56,58,0.0,7,0,7,1.0,-100.0,0.0,MARGIN CALL ($0)
56,89,0.0,8,0,8,1.0,-100.0,0.0,MARGIN CALL ($0)
56,88,0.0,8,0,8,1.0,-100.0,0.0,MARGIN CALL ($0)
56,87,0.0,8,0,8,1.0,-100.0,0.0,MARGIN CALL ($0)
56,86,0.0,8,0,8,1.0,-100.0,0.0,MARGIN CALL ($0)
56,85,0.0,6,0,6,1.0,-100.0,0.0,MARGIN CALL ($0)
56,84,0.0,5,0,5,1.0,-100.0,0.0,MARGIN CALL ($0)
56,83,0.0,5,0,5,1.0,-100.0,0.0,MARGIN CALL ($0)
56,82,0.0,5,0,5,1.0,-100.0,0.0,MARGIN CALL ($0)
56,81,0.0,9,0,9,1.0,-100.0,0.0,MARGIN CALL ($0)
56,80,0.0,10,0,10,1.0,-100.0,0.0,MARGIN CALL ($0)
56,79,0.0,6,0,6,1.0,-100.0,0.0,MARGIN CALL ($0)
56,78,0.0,6,0,6,1.0,-100.0,0.0,MARGIN CALL ($0)
56,77,0.0,6,0,6,1.0,-100.0,0.0,MARGIN CALL ($0)
56,76,0.0,7,0,7,1.0,-100.0,0.0,MARGIN CALL ($0)
56,75,0.0,7,0,7,1.0,-100.0,0.0,MARGIN CALL ($0)
56,74,0.0,7,0,7,1.0,-100.0,0.0,MARGIN CALL ($0)
57,7,0.0,18,1,17,1.0,-100.0,5.555555555555555,MARGIN CALL ($0)
57,6,0.0,19,1,18,1.0,-100.0,5.263157894736842,MARGIN CALL ($0)
57,5,0.0,14,0,14,1.0,-100.0,0.0,MARGIN CALL ($0)
57,4,0.0,37,8,29,1.0,-100.0,21.62162162162162,MARGIN CALL ($0)
57,3,0.0,2348,554,1794,1.0,-100.0,23.594548551959114,MARGIN CALL ($0)
56,100,0.0,8,0,8,1.0,-100.0,0.0,MARGIN CALL ($0)
56,99,0.0,8,0,8,1.0,-100.0,0.0,MARGIN CALL ($0)
56,98,0.0,9,0,9,1.0,-100.0,0.0,MARGIN CALL ($0)
56,97,0.0,9,0,9,1.0,-100.0,0.0,MARGIN CALL ($0)
56,96,0.0,9,0,9,1.0,-100.0,0.0,MARGIN CALL ($0)
56,95,0.0,9,0,9,1.0,-100.0,0.0,MARGIN CALL ($0)
56,94,0.0,8,0,8,1.0,-100.0,0.0,MARGIN CALL ($0)
56,93,0.0,8,0,8,1.0,-100.0,0.0,MARGIN CALL ($0)
56,92,0.0,8,0,8,1.0,-100.0,0.0,MARGIN CALL ($0)
56,91,0.0,8,0,8,1.0,-100.0,0.0,MARGIN CALL ($0)
56,90,0.0,8,1,7,1.0,-100.0,12.5,MARGIN CALL ($0)
57,24,0.0,103,16,87,1.0,-100.0,15.53398058252427,MARGIN CALL ($0)
57,23,0.0,426,87,339,1.0,-100.0,20.422535211267608,MARGIN CALL ($0)
57,22,0.0,305,58,247,1.0,-100.0,19.01639344262295,MARGIN CALL ($0)
57,21,0.0,337,56,281,1.0,-100.0,16.61721068249258,MARGIN CALL ($0)
57,20,0.0,631,120,511,1.0,-100.0,19.01743264659271,MARGIN CALL ($0)
57,19,0.0,768,151,617,1.0,-100.0,19.661458333333336,MARGIN CALL ($0)
57,18,0.0,5,0,5,1.0,-100.0,0.0,MARGIN CALL ($0)
57,17,0.0,10,0,10,1.0,-100.0,0.0,MARGIN CALL ($0)
57,16,0.0,12,1,11,1.0,-100.0,8.333333333333332,MARGIN CALL ($0)
57,15,0.0,29,5,24,1.0,-100.0,17.24137931034483,MARGIN CALL ($0)
57,14,0.0,40,7,33,1.0,-100.0,17.5,MARGIN CALL ($0)
57,12,0.0,19,3,16,1.0,-100.0,15.789473684210526,MARGIN CALL ($0)
57,11,0.0,20,3,17,1.0,-100.0,15.0,MARGIN CALL ($0)
57,10,0.0,22,3,19,1.0,-100.0,13.636363636363635,MARGIN CALL ($0)
57,9,0.0,22,3,19,1.0,-100.0,13.636363636363635,MARGIN CALL ($0)
57,8,0.0,20,3,17,1.0,-100.0,15.0,MARGIN CALL ($0)
57,40,0.0,9,0,9,1.0,-100.0,0.0,MARGIN CALL ($0)
57,39,0.0,8,0,8,1.0,-100.0,0.0,MARGIN CALL ($0)
57,38,0.0,171,23,148,1.0,-100.0,13.450292397660817,MARGIN CALL ($0)
57,37,0.0,175,25,150,1.0,-100.0,14.285714285714285,MARGIN CALL ($0)
57,36,0.0,90,13,77,1.0,-100.0,14.444444444444443,MARGIN CALL ($0)
57,35,0.0,81,14,67,1.0,-100.0,17.28395061728395,MARGIN CALL ($0)
57,34,0.0,23,4,19,1.0,-100.0,17.391304347826086,MARGIN CALL ($0)
57,33,0.0,20,2,18,1.0,-100.0,10.0,MARGIN CALL ($0)
57,32,0.0,21,3,18,1.0,-100.0,14.285714285714285,MARGIN CALL ($0)
57,31,0.0,21,3,18,1.0,-100.0,14.285714285714285,MARGIN CALL ($0)
57,30,0.0,20,3,17,1.0,-100.0,15.0,MARGIN CALL ($0)
57,29,0.0,8,0,8,1.0,-100.0,0.0,MARGIN CALL ($0)
57,28,0.0,8,0,8,1.0,-100.0,0.0,MARGIN CALL ($0)
57,27,0.0,50,9,41,1.0,-100.0,18.0,MARGIN CALL ($0)
57,26,0.0,70,15,55,1.0,-100.0,21.428571428571427,MARGIN CALL ($0)
57,25,0.0,87,17,70,1.0,-100.0,19.54022988505747,MARGIN CALL ($0)
57,56,0.0,6,0,6,1.0,-100.0,0.0,MARGIN CALL ($0)
57,55,0.0,6,0,6,1.0,-100.0,0.0,MARGIN CALL ($0)
57,54,0.0,7,0,7,1.0,-100.0,0.0,MARGIN CALL ($0)
57,53,0.0,9,0,9,1.0,-100.0,0.0,MARGIN CALL ($0)
57,52,0.0,9,0,9,1.0,-100.0,0.0,MARGIN CALL ($0)
57,51,0.0,9,0,9,1.0,-100.0,0.0,MARGIN CALL ($0)
57,50,0.0,7,0,7,1.0,-100.0,0.0,MARGIN CALL ($0)
57,49,0.0,6,0,6,1.0,-100.0,0.0,MARGIN CALL ($0)
57,48,0.0,7,0,7,1.0,-100.0,0.0,MARGIN CALL ($0)
57,47,0.0,8,0,8,1.0,-100.0,0.0,MARGIN CALL ($0)
57,46,0.0,6,0,6,1.0,-100.0,0.0,MARGIN CALL ($0)
57,45,0.0,7,0,7,1.0,-100.0,0.0,MARGIN CALL ($0)
57,44,0.0,7,0,7,1.0,-100.0,0.0,MARGIN CALL ($0)
57,43,0.0,6,0,6,1.0,-100.0,0.0,MARGIN CALL ($0)
57,42,0.0,7,0,7,1.0,-100.0,0.0,MARGIN CALL ($0)
57,41,0.0,7,0,7,1.0,-100.0,0.0,MARGIN CALL ($0)
57,72,0.0,6,0,6,1.0,-100.0,0.0,MARGIN CALL ($0)
57,71,0.0,6,0,6,1.0,-100.0,0.0,MARGIN CALL ($0)
57,70,0.0,7,0,7,1.0,-100.0,0.0,MARGIN CALL ($0)
57,69,0.0,5,0,5,1.0,-100.0,0.0,MARGIN CALL ($0)
57,68,0.0,5,0,5,1.0,-100.0,0.0,MARGIN CALL ($0)
57,67,0.0,4,0,4,1.0,-100.0,0.0,MARGIN CALL ($0)
57,66,0.0,5,0,5,1.0,-100.0,0.0,MARGIN CALL ($0)
57,65,0.0,4,0,4,1.0,-100.0,0.0,MARGIN CALL ($0)
57,64,0.0,5,0,5,1.0,-100.0,0.0,MARGIN CALL ($0)
57,63,0.0,5,0,5,1.0,-100.0,0.0,MARGIN CALL ($0)
57,62,0.0,5,0,5,1.0,-100.0,0.0,MARGIN CALL ($0)
57,61,0.0,5,0,5,1.0,-100.0,0.0,MARGIN CALL ($0)
57,60,0.0,5,0,5,1.0,-100.0,0.0,MARGIN CALL ($0)
57,59,0.0,5,0,5,1.0,-100.0,0.0,MARGIN CALL ($0)
57,58,0.0,5,0,5,1.0,-100.0,0.0,MARGIN CALL ($0)
57,57,0.0,5,0,5,1.0,-100.0,0.0,MARGIN CALL ($0)
57,88,0.0,7,0,7,1.0,-100.0,0.0,MARGIN CALL ($0)
57,87,0.0,7,0,7,1.0,-100.0,0.0,MARGIN CALL ($0)
57,86,0.0,7,0,7,1.0,-100.0,0.0,MARGIN CALL ($0)
57,85,0.0,4,0,4,1.0,-100.0,0.0,MARGIN CALL ($0)
57,84,0.0,3,0,3,1.0,-100.0,0.0,MARGIN CALL ($0)
57,83,0.0,3,0,3,1.0,-100.0,0.0,MARGIN CALL ($0)
57,82,0.0,3,0,3,1.0,-100.0,0.0,MARGIN CALL ($0)
57,81,0.0,7,0,7,1.0,-100.0,0.0,MARGIN CALL ($0)
57,80,0.0,8,0,8,1.0,-100.0,0.0,MARGIN CALL ($0)
57,79,0.0,6,0,6,1.0,-100.0,0.0,MARGIN CALL ($0)
57,78,0.0,7,0,7,1.0,-100.0,0.0,MARGIN CALL ($0)
57,77,0.0,5,0,5,1.0,-100.0,0.0,MARGIN CALL ($0)
57,76,0.0,6,0,6,1.0,-100.0,0.0,MARGIN CALL ($0)
57,75,0.0,6,0,6,1.0,-100.0,0.0,MARGIN CALL ($0)
57,74,0.0,6,0,6,1.0,-100.0,0.0,MARGIN CALL ($0)
57,73,0.0,6,0,6,1.0,-100.0,0.0,MARGIN CALL ($0)
58,6,0.0,19,1,18,1.0,-100.0,5.263157894736842,MARGIN CALL ($0)
58,5,0.0,14,0,14,1.0,-100.0,0.0,MARGIN CALL ($0)
58,4,0.0,37,8,29,1.0,-100.0,21.62162162162162,MARGIN CALL ($0)
58,3,0.0,2342,553,1789,1.0,-100.0,23.612297181895816,MARGIN CALL ($0)
57,100,0.0,9,0,9,1.0,-100.0,0.0,MARGIN CALL ($0)
57,99,0.0,9,0,9,1.0,-100.0,0.0,MARGIN CALL ($0)
57,98,0.0,10,0,10,1.0,-100.0,0.0,MARGIN CALL ($0)
57,97,0.0,10,0,10,1.0,-100.0,0.0,MARGIN CALL ($0)
57,96,0.0,10,0,10,1.0,-100.0,0.0,MARGIN CALL ($0)
57,95,0.0,10,0,10,1.0,-100.0,0.0,MARGIN CALL ($0)
57,94,0.0,9,0,9,1.0,-100.0,0.0,MARGIN CALL ($0)
57,93,0.0,9,0,9,1.0,-100.0,0.0,MARGIN CALL ($0)
57,92,0.0,9,0,9,1.0,-100.0,0.0,MARGIN CALL ($0)
57,91,0.0,9,0,9,1.0,-100.0,0.0,MARGIN CALL ($0)
57,90,0.0,9,1,8,1.0,-100.0,11.11111111111111,MARGIN CALL ($0)
57,89,0.0,7,0,7,1.0,-100.0,0.0,MARGIN CALL ($0)
58,23,0.0,431,87,344,1.0,-100.0,20.185614849187935,MARGIN CALL ($0)
58,22,0.0,23,3,20,1.0,-100.0,13.043478260869565,MARGIN CALL ($0)
58,21,0.0,338,58,280,1.0,-100.0,17.159763313609467,MARGIN CALL ($0)
58,20,0.0,633,121,512,1.0,-100.0,19.11532385466035,MARGIN CALL ($0)
58,19,0.0,752,147,605,1.0,-100.0,19.54787234042553,MARGIN CALL ($0)
58,18,0.0,5,0,5,1.0,-100.0,0.0,MARGIN CALL ($0)
58,17,0.0,10,0,10,1.0,-100.0,0.0,MARGIN CALL ($0)
58,16,0.0,12,1,11,1.0,-100.0,8.333333333333332,MARGIN CALL ($0)
58,15,0.0,29,5,24,1.0,-100.0,17.24137931034483,MARGIN CALL ($0)
58,14,0.0,40,7,33,1.0,-100.0,17.5,MARGIN CALL ($0)
58,12,0.0,19,3,16,1.0,-100.0,15.789473684210526,MARGIN CALL ($0)
58,11,0.0,20,3,17,1.0,-100.0,15.0,MARGIN CALL ($0)
58,10,0.0,22,3,19,1.0,-100.0,13.636363636363635,MARGIN CALL ($0)
58,9,0.0,22,3,19,1.0,-100.0,13.636363636363635,MARGIN CALL ($0)
58,8,0.0,20,3,17,1.0,-100.0,15.0,MARGIN CALL ($0)
58,7,0.0,18,1,17,1.0,-100.0,5.555555555555555,MARGIN CALL ($0)
58,39,0.0,8,0,8,1.0,-100.0,0.0,MARGIN CALL ($0)
58,38,0.0,172,24,148,1.0,-100.0,13.953488372093023,MARGIN CALL ($0)
58,37,0.0,176,25,151,1.0,-100.0,14.204545454545455,MARGIN CALL ($0)
58,36,0.0,91,13,78,1.0,-100.0,14.285714285714285,MARGIN CALL ($0)
58,35,0.0,79,14,65,1.0,-100.0,17.72151898734177,MARGIN CALL ($0)
58,34,0.0,21,4,17,1.0,-100.0,19.047619047619047,MARGIN CALL ($0)
58,33,0.0,19,2,17,1.0,-100.0,10.526315789473683,MARGIN CALL ($0)
58,32,0.0,102,16,86,1.0,-100.0,15.686274509803921,MARGIN CALL ($0)
58,31,0.0,102,17,85,1.0,-100.0,16.666666666666664,MARGIN CALL ($0)
58,30,0.0,20,3,17,1.0,-100.0,15.0,MARGIN CALL ($0)
58,29,0.0,8,0,8,1.0,-100.0,0.0,MARGIN CALL ($0)
58,28,0.0,8,0,8,1.0,-100.0,0.0,MARGIN CALL ($0)
58,27,0.0,73,14,59,1.0,-100.0,19.17808219178082,MARGIN CALL ($0)
58,26,0.0,70,15,55,1.0,-100.0,21.428571428571427,MARGIN CALL ($0)
58,25,0.0,87,17,70,1.0,-100.0,19.54022988505747,MARGIN CALL ($0)
58,24,0.0,115,17,98,1.0,-100.0,14.782608695652174,MARGIN CALL ($0)
58,55,0.0,5,0,5,1.0,-100.0,0.0,MARGIN CALL ($0)
58,54,0.0,5,0,5,1.0,-100.0,0.0,MARGIN CALL ($0)
58,53,0.0,6,0,6,1.0,-100.0,0.0,MARGIN CALL ($0)
58,52,0.0,6,0,6,1.0,-100.0,0.0,MARGIN CALL ($0)
58,51,0.0,6,0,6,1.0,-100.0,0.0,MARGIN CALL ($0)
58,50,0.0,7,0,7,1.0,-100.0,0.0,MARGIN CALL ($0)
58,49,0.0,6,0,6,1.0,-100.0,0.0,MARGIN CALL ($0)
58,48,0.0,7,0,7,1.0,-100.0,0.0,MARGIN CALL ($0)
58,47,0.0,8,0,8,1.0,-100.0,0.0,MARGIN CALL ($0)
58,46,0.0,6,0,6,1.0,-100.0,0.0,MARGIN CALL ($0)
58,45,0.0,6,0,6,1.0,-100.0,0.0,MARGIN CALL ($0)
58,44,0.0,6,0,6,1.0,-100.0,0.0,MARGIN CALL ($0)
58,43,0.0,6,0,6,1.0,-100.0,0.0,MARGIN CALL ($0)
58,42,0.0,7,0,7,1.0,-100.0,0.0,MARGIN CALL ($0)
58,41,0.0,7,0,7,1.0,-100.0,0.0,MARGIN CALL ($0)
58,40,0.0,9,0,9,1.0,-100.0,0.0,MARGIN CALL ($0)
58,71,0.0,6,0,6,1.0,-100.0,0.0,MARGIN CALL ($0)
58,70,0.0,7,0,7,1.0,-100.0,0.0,MARGIN CALL ($0)
58,69,0.0,5,0,5,1.0,-100.0,0.0,MARGIN CALL ($0)
58,68,0.0,5,0,5,1.0,-100.0,0.0,MARGIN CALL ($0)
58,67,0.0,30,3,27,1.0,-100.0,10.0,MARGIN CALL ($0)
58,66,0.0,5,0,5,1.0,-100.0,0.0,MARGIN CALL ($0)
58,65,0.0,4,0,4,1.0,-100.0,0.0,MARGIN CALL ($0)
58,64,0.0,5,0,5,1.0,-100.0,0.0,MARGIN CALL ($0)
58,63,0.0,5,0,5,1.0,-100.0,0.0,MARGIN CALL ($0)
58,62,0.0,5,0,5,1.0,-100.0,0.0,MARGIN CALL ($0)
58,61,0.0,5,0,5,1.0,-100.0,0.0,MARGIN CALL ($0)
58,60,0.0,5,0,5,1.0,-100.0,0.0,MARGIN CALL ($0)
58,59,0.0,5,0,5,1.0,-100.0,0.0,MARGIN CALL ($0)
58,58,0.0,5,0,5,1.0,-100.0,0.0,MARGIN CALL ($0)
58,57,0.0,5,0,5,1.0,-100.0,0.0,MARGIN CALL ($0)
58,56,0.0,6,0,6,1.0,-100.0,0.0,MARGIN CALL ($0)
58,87,0.0,7,0,7,1.0,-100.0,0.0,MARGIN CALL ($0)
58,86,0.0,7,0,7,1.0,-100.0,0.0,MARGIN CALL ($0)
58,85,0.0,5,0,5,1.0,-100.0,0.0,MARGIN CALL ($0)
58,84,0.0,4,0,4,1.0,-100.0,0.0,MARGIN CALL ($0)
58,83,0.0,4,0,4,1.0,-100.0,0.0,MARGIN CALL ($0)
58,82,0.0,27,2,25,1.0,-100.0,7.4074074074074066,MARGIN CALL ($0)
58,81,0.0,7,0,7,1.0,-100.0,0.0,MARGIN CALL ($0)
58,80,0.0,8,0,8,1.0,-100.0,0.0,MARGIN CALL ($0)
58,79,0.0,6,0,6,1.0,-100.0,0.0,MARGIN CALL ($0)
58,78,0.0,7,0,7,1.0,-100.0,0.0,MARGIN CALL ($0)
58,77,0.0,5,0,5,1.0,-100.0,0.0,MARGIN CALL ($0)
58,76,0.0,6,0,6,1.0,-100.0,0.0,MARGIN CALL ($0)
58,75,0.0,6,0,6,1.0,-100.0,0.0,MARGIN CALL ($0)
58,74,0.0,6,0,6,1.0,-100.0,0.0,MARGIN CALL ($0)
58,73,0.0,6,0,6,1.0,-100.0,0.0,MARGIN CALL ($0)
58,72,0.0,6,0,6,1.0,-100.0,0.0,MARGIN CALL ($0)
59,5,0.0,14,0,14,1.0,-100.0,0.0,MARGIN CALL ($0)
59,4,0.0,37,8,29,1.0,-100.0,21.62162162162162,MARGIN CALL ($0)
59,3,0.0,2343,553,1790,1.0,-100.0,23.602219376867264,MARGIN CALL ($0)
58,100,0.0,9,0,9,1.0,-100.0,0.0,MARGIN CALL ($0)
58,99,0.0,9,0,9,1.0,-100.0,0.0,MARGIN CALL ($0)
58,98,0.0,10,0,10,1.0,-100.0,0.0,MARGIN CALL ($0)
58,97,0.0,10,0,10,1.0,-100.0,0.0,MARGIN CALL ($0)
58,96,0.0,10,0,10,1.0,-100.0,0.0,MARGIN CALL ($0)
58,95,0.0,10,0,10,1.0,-100.0,0.0,MARGIN CALL ($0)
58,94,0.0,9,0,9,1.0,-100.0,0.0,MARGIN CALL ($0)
58,93,0.0,9,0,9,1.0,-100.0,0.0,MARGIN CALL ($0)
58,92,0.0,9,0,9,1.0,-100.0,0.0,MARGIN CALL ($0)
58,91,0.0,9,0,9,1.0,-100.0,0.0,MARGIN CALL ($0)
58,90,0.0,9,1,8,1.0,-100.0,11.11111111111111,MARGIN CALL ($0)
58,89,0.0,7,0,7,1.0,-100.0,0.0,MARGIN CALL ($0)
58,88,0.0,7,0,7,1.0,-100.0,0.0,MARGIN CALL ($0)
59,21,0.0,342,58,284,1.0,-100.0,16.95906432748538,MARGIN CALL ($0)
59,20,0.0,628,118,510,1.0,-100.0,18.789808917197455,MARGIN CALL ($0)
59,19,0.0,707,136,571,1.0,-100.0,19.236209335219236,MARGIN CALL ($0)
59,18,0.0,5,0,5,1.0,-100.0,0.0,MARGIN CALL ($0)
59,17,0.0,10,0,10,1.0,-100.0,0.0,MARGIN CALL ($0)
59,16,0.0,12,1,11,1.0,-100.0,8.333333333333332,MARGIN CALL ($0)
59,15,0.0,29,5,24,1.0,-100.0,17.24137931034483,MARGIN CALL ($0)
59,14,0.0,40,7,33,1.0,-100.0,17.5,MARGIN CALL ($0)
100,100,0.0,5,0,5,1.0,-100.0,0.0,MARGIN CALL ($0)
59,12,0.0,19,3,16,1.0,-100.0,15.789473684210526,MARGIN CALL ($0)
59,11,0.0,20,3,17,1.0,-100.0,15.0,MARGIN CALL ($0)
59,10,0.0,22,3,19,1.0,-100.0,13.636363636363635,MARGIN CALL ($0)
59,9,0.0,22,3,19,1.0,-100.0,13.636363636363635,MARGIN CALL ($0)
59,8,0.0,20,3,17,1.0,-100.0,15.0,MARGIN CALL ($0)
59,7,0.0,18,1,17,1.0,-100.0,5.555555555555555,MARGIN CALL ($0)
59,6,0.0,19,1,18,1.0,-100.0,5.263157894736842,MARGIN CALL ($0)
59,37,0.0,165,23,142,1.0,-100.0,13.939393939393941,MARGIN CALL ($0)
59,36,0.0,130,20,110,1.0,-100.0,15.384615384615385,MARGIN CALL ($0)
59,35,0.0,128,22,106,1.0,-100.0,17.1875,MARGIN CALL ($0)
59,34,0.0,21,4,17,1.0,-100.0,19.047619047619047,MARGIN CALL ($0)
59,33,0.0,19,2,17,1.0,-100.0,10.526315789473683,MARGIN CALL ($0)
59,32,0.0,98,16,82,1.0,-100.0,16.3265306122449,MARGIN CALL ($0)
59,31,0.0,97,17,80,1.0,-100.0,17.525773195876287,MARGIN CALL ($0)
59,30,0.0,20,3,17,1.0,-100.0,15.0,MARGIN CALL ($0)
59,29,0.0,8,0,8,1.0,-100.0,0.0,MARGIN CALL ($0)
59,28,0.0,8,0,8,1.0,-100.0,0.0,MARGIN CALL ($0)
59,27,0.0,74,14,60,1.0,-100.0,18.91891891891892,MARGIN CALL ($0)
59,26,0.0,71,15,56,1.0,-100.0,21.12676056338028,MARGIN CALL ($0)
59,25,0.0,86,17,69,1.0,-100.0,19.767441860465116,MARGIN CALL ($0)
59,24,0.0,116,17,99,1.0,-100.0,14.655172413793101,MARGIN CALL ($0)
59,23,0.0,425,84,341,1.0,-100.0,19.76470588235294,MARGIN CALL ($0)
59,22,0.0,23,3,20,1.0,-100.0,13.043478260869565,MARGIN CALL ($0)
59,53,0.0,6,0,6,1.0,-100.0,0.0,MARGIN CALL ($0)
59,52,0.0,6,0,6,1.0,-100.0,0.0,MARGIN CALL ($0)
59,51,0.0,6,0,6,1.0,-100.0,0.0,MARGIN CALL ($0)
59,50,0.0,7,0,7,1.0,-100.0,0.0,MARGIN CALL ($0)
59,49,0.0,6,0,6,1.0,-100.0,0.0,MARGIN CALL ($0)
59,48,0.0,7,0,7,1.0,-100.0,0.0,MARGIN CALL ($0)
59,47,0.0,8,0,8,1.0,-100.0,0.0,MARGIN CALL ($0)
59,46,0.0,6,0,6,1.0,-100.0,0.0,MARGIN CALL ($0)
59,45,0.0,6,0,6,1.0,-100.0,0.0,MARGIN CALL ($0)
59,44,0.0,6,0,6,1.0,-100.0,0.0,MARGIN CALL ($0)
59,43,0.0,6,0,6,1.0,-100.0,0.0,MARGIN CALL ($0)
59,42,0.0,7,0,7,1.0,-100.0,0.0,MARGIN CALL ($0)
59,41,0.0,7,0,7,1.0,-100.0,0.0,MARGIN CALL ($0)
59,40,0.0,9,0,9,1.0,-100.0,0.0,MARGIN CALL ($0)
59,39,0.0,8,0,8,1.0,-100.0,0.0,MARGIN CALL ($0)
59,38,0.0,137,19,118,1.0,-100.0,13.86861313868613,MARGIN CALL ($0)
59,69,0.0,5,0,5,1.0,-100.0,0.0,MARGIN CALL ($0)
59,68,0.0,5,0,5,1.0,-100.0,0.0,MARGIN CALL ($0)
59,67,0.0,28,3,25,1.0,-100.0,10.714285714285714,MARGIN CALL ($0)
59,66,0.0,5,0,5,1.0,-100.0,0.0,MARGIN CALL ($0)
59,65,0.0,4,0,4,1.0,-100.0,0.0,MARGIN CALL ($0)
59,64,0.0,5,0,5,1.0,-100.0,0.0,MARGIN CALL ($0)
59,63,0.0,5,0,5,1.0,-100.0,0.0,MARGIN CALL ($0)
59,62,0.0,5,0,5,1.0,-100.0,0.0,MARGIN CALL ($0)
59,61,0.0,5,0,5,1.0,-100.0,0.0,MARGIN CALL ($0)
59,60,0.0,5,0,5,1.0,-100.0,0.0,MARGIN CALL ($0)
59,59,0.0,5,0,5,1.0,-100.0,0.0,MARGIN CALL ($0)
59,58,0.0,5,0,5,1.0,-100.0,0.0,MARGIN CALL ($0)
59,57,0.0,5,0,5,1.0,-100.0,0.0,MARGIN CALL ($0)
59,56,0.0,6,0,6,1.0,-100.0,0.0,MARGIN CALL ($0)
59,55,0.0,5,0,5,1.0,-100.0,0.0,MARGIN CALL ($0)
59,54,0.0,5,0,5,1.0,-100.0,0.0,MARGIN CALL ($0)
59,85,0.0,5,0,5,1.0,-100.0,0.0,MARGIN CALL ($0)
59,84,0.0,4,0,4,1.0,-100.0,0.0,MARGIN CALL ($0)
59,83,0.0,4,0,4,1.0,-100.0,0.0,MARGIN CALL ($0)
59,82,0.0,25,2,23,1.0,-100.0,8.0,MARGIN CALL ($0)
59,81,0.0,7,0,7,1.0,-100.0,0.0,MARGIN CALL ($0)
59,80,0.0,8,0,8,1.0,-100.0,0.0,MARGIN CALL ($0)
59,79,0.0,6,0,6,1.0,-100.0,0.0,MARGIN CALL ($0)
59,78,0.0,7,0,7,1.0,-100.0,0.0,MARGIN CALL ($0)
59,77,0.0,5,0,5,1.0,-100.0,0.0,MARGIN CALL ($0)
59,76,0.0,6,0,6,1.0,-100.0,0.0,MARGIN CALL ($0)
59,75,0.0,6,0,6,1.0,-100.0,0.0,MARGIN CALL ($0)
59,74,0.0,6,0,6,1.0,-100.0,0.0,MARGIN CALL ($0)
59,73,0.0,6,0,6,1.0,-100.0,0.0,MARGIN CALL ($0)
59,72,0.0,6,0,6,1.0,-100.0,0.0,MARGIN CALL ($0)
59,71,0.0,6,0,6,1.0,-100.0,0.0,MARGIN CALL ($0)
59,70,0.0,7,0,7,1.0,-100.0,0.0,MARGIN CALL ($0)
60,3,0.0,2342,553,1789,1.0,-100.0,23.612297181895816,MARGIN CALL ($0)
59,100,0.0,9,0,9,1.0,-100.0,0.0,MARGIN CALL ($0)
59,99,0.0,9,0,9,1.0,-100.0,0.0,MARGIN CALL ($0)
59,98,0.0,10,0,10,1.0,-100.0,0.0,MARGIN CALL ($0)
59,97,0.0,10,0,10,1.0,-100.0,0.0,MARGIN CALL ($0)
59,96,0.0,10,0,10,1.0,-100.0,0.0,MARGIN CALL ($0)
59,95,0.0,10,0,10,1.0,-100.0,0.0,MARGIN CALL ($0)
59,94,0.0,9,0,9,1.0,-100.0,0.0,MARGIN CALL ($0)
59,93,0.0,9,0,9,1.0,-100.0,0.0,MARGIN CALL ($0)
59,92,0.0,9,0,9,1.0,-100.0,0.0,MARGIN CALL ($0)
59,91,0.0,9,0,9,1.0,-100.0,0.0,MARGIN CALL ($0)
59,90,0.0,9,1,8,1.0,-100.0,11.11111111111111,MARGIN CALL ($0)
59,89,0.0,7,0,7,1.0,-100.0,0.0,MARGIN CALL ($0)
59,88,0.0,7,0,7,1.0,-100.0,0.0,MARGIN CALL ($0)
59,87,0.0,7,0,7,1.0,-100.0,0.0,MARGIN CALL ($0)
59,86,0.0,7,0,7,1.0,-100.0,0.0,MARGIN CALL ($0)
2,27,0.0,25,5,20,1.0,-100.0,20.0,MARGIN CALL ($0)
2,26,0.0,24,5,19,1.0,-100.0,20.833333333333336,MARGIN CALL ($0)
2,25,0.0,23,5,18,1.0,-100.0,21.73913043478261,MARGIN CALL ($0)
2,24,0.0,23,5,18,1.0,-100.0,21.73913043478261,MARGIN CALL ($0)
2,23,0.0,23,5,18,1.0,-100.0,21.73913043478261,MARGIN CALL ($0)
2,22,0.0,23,5,18,1.0,-100.0,21.73913043478261,MARGIN CALL ($0)
2,21,0.0,24,5,19,1.0,-100.0,20.833333333333336,MARGIN CALL ($0)
2,20,0.0,24,5,19,1.0,-100.0,20.833333333333336,MARGIN CALL ($0)
2,19,0.0,19,3,16,1.0,-100.0,15.789473684210526,MARGIN CALL ($0)
2,18,0.0,19,3,16,1.0,-100.0,15.789473684210526,MARGIN CALL ($0)
2,17,0.0,19,3,16,1.0,-100.0,15.789473684210526,MARGIN CALL ($0)
2,16,0.0,20,3,17,1.0,-100.0,15.0,MARGIN CALL ($0)
2,15,0.0,18,3,15,1.0,-100.0,16.666666666666664,MARGIN CALL ($0)
2,14,0.0,18,3,15,1.0,-100.0,16.666666666666664,MARGIN CALL ($0)
2,13,0.0,20,3,17,1.0,-100.0,15.0,MARGIN CALL ($0)
60,4,0.0,37,8,29,1.0,-100.0,21.62162162162162,MARGIN CALL ($0)
60,20,0.0,529,100,429,1.0,-100.0,18.90359168241966,MARGIN CALL ($0)
60,19,0.0,643,116,527,1.0,-100.0,18.040435458786934,MARGIN CALL ($0)
60,18,0.0,5,0,5,1.0,-100.0,0.0,MARGIN CALL ($0)
60,17,0.0,10,0,10,1.0,-100.0,0.0,MARGIN CALL ($0)
60,16,0.0,12,1,11,1.0,-100.0,8.333333333333332,MARGIN CALL ($0)
60,15,0.0,29,5,24,1.0,-100.0,17.24137931034483,MARGIN CALL ($0)
60,14,0.0,40,7,33,1.0,-100.0,17.5,MARGIN CALL ($0)
60,12,0.0,19,3,16,1.0,-100.0,15.789473684210526,MARGIN CALL ($0)
60,11,0.0,20,3,17,1.0,-100.0,15.0,MARGIN CALL ($0)
60,10,0.0,22,3,19,1.0,-100.0,13.636363636363635,MARGIN CALL ($0)
60,9,0.0,22,3,19,1.0,-100.0,13.636363636363635,MARGIN CALL ($0)
60,8,0.0,20,3,17,1.0,-100.0,15.0,MARGIN CALL ($0)
60,7,0.0,18,1,17,1.0,-100.0,5.555555555555555,MARGIN CALL ($0)
60,6,0.0,19,1,18,1.0,-100.0,5.263157894736842,MARGIN CALL ($0)
60,5,0.0,14,0,14,1.0,-100.0,0.0,MARGIN CALL ($0)
2,28,0.0,25,5,20,1.0,-100.0,20.0,MARGIN CALL ($0)
60,36,0.0,133,20,113,1.0,-100.0,15.037593984962406,MARGIN CALL ($0)
60,35,0.0,134,22,112,1.0,-100.0,16.417910447761194,MARGIN CALL ($0)
60,34,0.0,21,4,17,1.0,-100.0,19.047619047619047,MARGIN CALL ($0)
60,33,0.0,19,2,17,1.0,-100.0,10.526315789473683,MARGIN CALL ($0)
60,32,0.0,97,16,81,1.0,-100.0,16.49484536082474,MARGIN CALL ($0)
60,31,0.0,96,17,79,1.0,-100.0,17.708333333333336,MARGIN CALL ($0)
60,30,0.0,20,3,17,1.0,-100.0,15.0,MARGIN CALL ($0)
60,29,0.0,8,0,8,1.0,-100.0,0.0,MARGIN CALL ($0)
60,28,0.0,8,0,8,1.0,-100.0,0.0,MARGIN CALL ($0)
60,27,0.0,71,14,57,1.0,-100.0,19.718309859154928,MARGIN CALL ($0)
60,26,0.0,68,15,53,1.0,-100.0,22.058823529411764,MARGIN CALL ($0)
60,25,0.0,56,11,45,1.0,-100.0,19.642857142857142,MARGIN CALL ($0)
60,24,0.0,99,17,82,1.0,-100.0,17.17171717171717,MARGIN CALL ($0)
60,23,0.0,416,85,331,1.0,-100.0,20.432692307692307,MARGIN CALL ($0)
60,22,0.0,24,3,21,1.0,-100.0,12.5,MARGIN CALL ($0)
60,21,0.0,268,42,226,1.0,-100.0,15.671641791044777,MARGIN CALL ($0)
60,52,0.0,6,0,6,1.0,-100.0,0.0,MARGIN CALL ($0)
60,51,0.0,6,0,6,1.0,-100.0,0.0,MARGIN CALL ($0)
60,50,0.0,7,0,7,1.0,-100.0,0.0,MARGIN CALL ($0)
60,49,0.0,6,0,6,1.0,-100.0,0.0,MARGIN CALL ($0)
60,48,0.0,7,0,7,1.0,-100.0,0.0,MARGIN CALL ($0)
60,47,0.0,8,0,8,1.0,-100.0,0.0,MARGIN CALL ($0)
60,46,0.0,6,0,6,1.0,-100.0,0.0,MARGIN CALL ($0)
60,45,0.0,6,0,6,1.0,-100.0,0.0,MARGIN CALL ($0)
60,44,0.0,6,0,6,1.0,-100.0,0.0,MARGIN CALL ($0)
60,43,0.0,6,0,6,1.0,-100.0,0.0,MARGIN CALL ($0)
60,42,0.0,7,0,7,1.0,-100.0,0.0,MARGIN CALL ($0)
60,41,0.0,7,0,7,1.0,-100.0,0.0,MARGIN CALL ($0)
60,40,0.0,9,0,9,1.0,-100.0,0.0,MARGIN CALL ($0)
60,39,0.0,8,0,8,1.0,-100.0,0.0,MARGIN CALL ($0)
60,38,0.0,138,18,120,1.0,-100.0,13.043478260869565,MARGIN CALL ($0)
60,37,0.0,166,23,143,1.0,-100.0,13.855421686746988,MARGIN CALL ($0)
60,68,0.0,5,0,5,1.0,-100.0,0.0,MARGIN CALL ($0)
60,67,0.0,28,3,25,1.0,-100.0,10.714285714285714,MARGIN CALL ($0)
60,66,0.0,5,0,5,1.0,-100.0,0.0,MARGIN CALL ($0)
60,65,0.0,4,0,4,1.0,-100.0,0.0,MARGIN CALL ($0)
60,64,0.0,5,0,5,1.0,-100.0,0.0,MARGIN CALL ($0)
60,63,0.0,5,0,5,1.0,-100.0,0.0,MARGIN CALL ($0)
60,62,0.0,5,0,5,1.0,-100.0,0.0,MARGIN CALL ($0)
60,61,0.0,5,0,5,1.0,-100.0,0.0,MARGIN CALL ($0)
60,60,0.0,5,0,5,1.0,-100.0,0.0,MARGIN CALL ($0)
60,59,0.0,5,0,5,1.0,-100.0,0.0,MARGIN CALL ($0)
60,58,0.0,5,0,5,1.0,-100.0,0.0,MARGIN CALL ($0)
60,57,0.0,5,0,5,1.0,-100.0,0.0,MARGIN CALL ($0)
60,56,0.0,6,0,6,1.0,-100.0,0.0,MARGIN CALL ($0)
60,55,0.0,5,0,5,1.0,-100.0,0.0,MARGIN CALL ($0)
60,54,0.0,5,0,5,1.0,-100.0,0.0,MARGIN CALL ($0)
60,53,0.0,6,0,6,1.0,-100.0,0.0,MARGIN CALL ($0)
60,84,0.0,4,0,4,1.0,-100.0,0.0,MARGIN CALL ($0)
60,83,0.0,4,0,4,1.0,-100.0,0.0,MARGIN CALL ($0)
60,82,0.0,26,2,24,1.0,-100.0,7.6923076923076925,MARGIN CALL ($0)
60,81,0.0,7,0,7,1.0,-100.0,0.0,MARGIN CALL ($0)
60,80,0.0,8,0,8,1.0,-100.0,0.0,MARGIN CALL ($0)
60,79,0.0,6,0,6,1.0,-100.0,0.0,MARGIN CALL ($0)
60,78,0.0,7,0,7,1.0,-100.0,0.0,MARGIN CALL ($0)
60,77,0.0,5,0,5,1.0,-100.0,0.0,MARGIN CALL ($0)
60,76,0.0,6,0,6,1.0,-100.0,0.0,MARGIN CALL ($0)
60,75,0.0,6,0,6,1.0,-100.0,0.0,MARGIN CALL ($0)
60,74,0.0,6,0,6,1.0,-100.0,0.0,MARGIN CALL ($0)
60,73,0.0,6,0,6,1.0,-100.0,0.0,MARGIN CALL ($0)
60,72,0.0,6,0,6,1.0,-100.0,0.0,MARGIN CALL ($0)
60,71,0.0,6,0,6,1.0,-100.0,0.0,MARGIN CALL ($0)
60,70,0.0,7,0,7,1.0,-100.0,0.0,MARGIN CALL ($0)
60,69,0.0,5,0,5,1.0,-100.0,0.0,MARGIN CALL ($0)
60,100,0.0,9,0,9,1.0,-100.0,0.0,MARGIN CALL ($0)
60,99,0.0,9,0,9,1.0,-100.0,0.0,MARGIN CALL ($0)
60,98,0.0,10,0,10,1.0,-100.0,0.0,MARGIN CALL ($0)
60,97,0.0,10,0,10,1.0,-100.0,0.0,MARGIN CALL ($0)
60,96,0.0,10,0,10,1.0,-100.0,0.0,MARGIN CALL ($0)
60,95,0.0,10,0,10,1.0,-100.0,0.0,MARGIN CALL ($0)
60,94,0.0,9,0,9,1.0,-100.0,0.0,MARGIN CALL ($0)
60,93,0.0,9,0,9,1.0,-100.0,0.0,MARGIN CALL ($0)
60,92,0.0,9,0,9,1.0,-100.0,0.0,MARGIN CALL ($0)
60,91,0.0,9,0,9,1.0,-100.0,0.0,MARGIN CALL ($0)
60,90,0.0,9,1,8,1.0,-100.0,11.11111111111111,MARGIN CALL ($0)
60,89,0.0,7,0,7,1.0,-100.0,0.0,MARGIN CALL ($0)
60,88,0.0,7,0,7,1.0,-100.0,0.0,MARGIN CALL ($0)
60,87,0.0,7,0,7,1.0,-100.0,0.0,MARGIN CALL ($0)
60,86,0.0,7,0,7,1.0,-100.0,0.0,MARGIN CALL ($0)
60,85,0.0,5,0,5,1.0,-100.0,0.0,MARGIN CALL ($0)
61,18,0.0,5,0,5,1.0,-100.0,0.0,MARGIN CALL ($0)
61,17,0.0,10,0,10,1.0,-100.0,0.0,MARGIN CALL ($0)
61,16,0.0,12,1,11,1.0,-100.0,8.333333333333332,MARGIN CALL ($0)
61,15,0.0,29,5,24,1.0,-100.0,17.24137931034483,MARGIN CALL ($0)
61,14,0.0,40,7,33,1.0,-100.0,17.5,MARGIN CALL ($0)
100,69,0.0,5,0,5,1.0,-100.0,0.0,MARGIN CALL ($0)
61,12,0.0,19,3,16,1.0,-100.0,15.789473684210526,MARGIN CALL ($0)
61,11,0.0,20,3,17,1.0,-100.0,15.0,MARGIN CALL ($0)
61,10,0.0,22,3,19,1.0,-100.0,13.636363636363635,MARGIN CALL ($0)
61,9,0.0,22,3,19,1.0,-100.0,13.636363636363635,MARGIN CALL ($0)
61,8,0.0,20,3,17,1.0,-100.0,15.0,MARGIN CALL ($0)
61,7,0.0,18,1,17,1.0,-100.0,5.555555555555555,MARGIN CALL ($0)
61,6,0.0,19,1,18,1.0,-100.0,5.263157894736842,MARGIN CALL ($0)
61,5,0.0,14,0,14,1.0,-100.0,0.0,MARGIN CALL ($0)
61,4,0.0,37,8,29,1.0,-100.0,21.62162162162162,MARGIN CALL ($0)
61,3,0.0,2344,553,1791,1.0,-100.0,23.592150170648466,MARGIN CALL ($0)
61,34,0.0,21,4,17,1.0,-100.0,19.047619047619047,MARGIN CALL ($0)
61,33,0.0,19,2,17,1.0,-100.0,10.526315789473683,MARGIN CALL ($0)
61,32,0.0,97,16,81,1.0,-100.0,16.49484536082474,MARGIN CALL ($0)
61,31,0.0,97,17,80,1.0,-100.0,17.525773195876287,MARGIN CALL ($0)
61,30,0.0,20,3,17,1.0,-100.0,15.0,MARGIN CALL ($0)
61,29,0.0,8,0,8,1.0,-100.0,0.0,MARGIN CALL ($0)
61,28,0.0,8,0,8,1.0,-100.0,0.0,MARGIN CALL ($0)
61,27,0.0,71,14,57,1.0,-100.0,19.718309859154928,MARGIN CALL ($0)
61,26,0.0,68,15,53,1.0,-100.0,22.058823529411764,MARGIN CALL ($0)
61,25,0.0,56,11,45,1.0,-100.0,19.642857142857142,MARGIN CALL ($0)
61,24,0.0,100,17,83,1.0,-100.0,17.0,MARGIN CALL ($0)
61,23,0.0,411,84,327,1.0,-100.0,20.437956204379564,MARGIN CALL ($0)
61,22,0.0,24,3,21,1.0,-100.0,12.5,MARGIN CALL ($0)
61,21,0.0,268,42,226,1.0,-100.0,15.671641791044777,MARGIN CALL ($0)
61,20,0.0,529,98,431,1.0,-100.0,18.525519848771268,MARGIN CALL ($0)
61,19,0.0,642,115,527,1.0,-100.0,17.91277258566978,MARGIN CALL ($0)
61,50,0.0,7,0,7,1.0,-100.0,0.0,MARGIN CALL ($0)
61,49,0.0,6,0,6,1.0,-100.0,0.0,MARGIN CALL ($0)
61,48,0.0,7,0,7,1.0,-100.0,0.0,MARGIN CALL ($0)
61,47,0.0,8,0,8,1.0,-100.0,0.0,MARGIN CALL ($0)
61,46,0.0,6,0,6,1.0,-100.0,0.0,MARGIN CALL ($0)
61,45,0.0,6,0,6,1.0,-100.0,0.0,MARGIN CALL ($0)
61,44,0.0,6,0,6,1.0,-100.0,0.0,MARGIN CALL ($0)
61,43,0.0,6,0,6,1.0,-100.0,0.0,MARGIN CALL ($0)
61,42,0.0,7,0,7,1.0,-100.0,0.0,MARGIN CALL ($0)
61,41,0.0,7,0,7,1.0,-100.0,0.0,MARGIN CALL ($0)
61,40,0.0,9,0,9,1.0,-100.0,0.0,MARGIN CALL ($0)
61,39,0.0,8,0,8,1.0,-100.0,0.0,MARGIN CALL ($0)
61,38,0.0,138,18,120,1.0,-100.0,13.043478260869565,MARGIN CALL ($0)
61,37,0.0,166,23,143,1.0,-100.0,13.855421686746988,MARGIN CALL ($0)
61,36,0.0,133,20,113,1.0,-100.0,15.037593984962406,MARGIN CALL ($0)
61,35,0.0,133,22,111,1.0,-100.0,16.541353383458645,MARGIN CALL ($0)
61,66,0.0,5,0,5,1.0,-100.0,0.0,MARGIN CALL ($0)
61,65,0.0,4,0,4,1.0,-100.0,0.0,MARGIN CALL ($0)
61,64,0.0,5,0,5,1.0,-100.0,0.0,MARGIN CALL ($0)
61,63,0.0,5,0,5,1.0,-100.0,0.0,MARGIN CALL ($0)
61,62,0.0,5,0,5,1.0,-100.0,0.0,MARGIN CALL ($0)
61,61,0.0,5,0,5,1.0,-100.0,0.0,MARGIN CALL ($0)
61,60,0.0,5,0,5,1.0,-100.0,0.0,MARGIN CALL ($0)
61,59,0.0,5,0,5,1.0,-100.0,0.0,MARGIN CALL ($0)
61,58,0.0,5,0,5,1.0,-100.0,0.0,MARGIN CALL ($0)
61,57,0.0,5,0,5,1.0,-100.0,0.0,MARGIN CALL ($0)
61,56,0.0,6,0,6,1.0,-100.0,0.0,MARGIN CALL ($0)
61,55,0.0,5,0,5,1.0,-100.0,0.0,MARGIN CALL ($0)
61,54,0.0,5,0,5,1.0,-100.0,0.0,MARGIN CALL ($0)
61,53,0.0,6,0,6,1.0,-100.0,0.0,MARGIN CALL ($0)
61,52,0.0,6,0,6,1.0,-100.0,0.0,MARGIN CALL ($0)
61,51,0.0,6,0,6,1.0,-100.0,0.0,MARGIN CALL ($0)
61,82,0.0,27,2,25,1.0,-100.0,7.4074074074074066,MARGIN CALL ($0)
61,81,0.0,7,0,7,1.0,-100.0,0.0,MARGIN CALL ($0)
61,80,0.0,8,0,8,1.0,-100.0,0.0,MARGIN CALL ($0)
61,79,0.0,6,0,6,1.0,-100.0,0.0,MARGIN CALL ($0)
61,78,0.0,7,0,7,1.0,-100.0,0.0,MARGIN CALL ($0)
61,77,0.0,5,0,5,1.0,-100.0,0.0,MARGIN CALL ($0)
61,76,0.0,6,0,6,1.0,-100.0,0.0,MARGIN CALL ($0)
61,75,0.0,6,0,6,1.0,-100.0,0.0,MARGIN CALL ($0)
61,74,0.0,6,0,6,1.0,-100.0,0.0,MARGIN CALL ($0)
61,73,0.0,6,0,6,1.0,-100.0,0.0,MARGIN CALL ($0)
61,72,0.0,6,0,6,1.0,-100.0,0.0,MARGIN CALL ($0)
61,71,0.0,6,0,6,1.0,-100.0,0.0,MARGIN CALL ($0)
61,70,0.0,7,0,7,1.0,-100.0,0.0,MARGIN CALL ($0)
61,69,0.0,5,0,5,1.0,-100.0,0.0,MARGIN CALL ($0)
61,68,0.0,5,0,5,1.0,-100.0,0.0,MARGIN CALL ($0)
61,67,0.0,28,3,25,1.0,-100.0,10.714285714285714,MARGIN CALL ($0)
61,98,0.0,10,0,10,1.0,-100.0,0.0,MARGIN CALL ($0)
61,97,0.0,10,0,10,1.0,-100.0,0.0,MARGIN CALL ($0)
61,96,0.0,10,0,10,1.0,-100.0,0.0,MARGIN CALL ($0)
61,95,0.0,10,0,10,1.0,-100.0,0.0,MARGIN CALL ($0)
61,94,0.0,9,0,9,1.0,-100.0,0.0,MARGIN CALL ($0)
61,93,0.0,9,0,9,1.0,-100.0,0.0,MARGIN CALL ($0)
61,92,0.0,9,0,9,1.0,-100.0,0.0,MARGIN CALL ($0)
61,91,0.0,9,0,9,1.0,-100.0,0.0,MARGIN CALL ($0)
61,90,0.0,9,1,8,1.0,-100.0,11.11111111111111,MARGIN CALL ($0)
61,89,0.0,7,0,7,1.0,-100.0,0.0,MARGIN CALL ($0)
61,88,0.0,7,0,7,1.0,-100.0,0.0,MARGIN CALL ($0)
61,87,0.0,7,0,7,1.0,-100.0,0.0,MARGIN CALL ($0)
61,86,0.0,7,0,7,1.0,-100.0,0.0,MARGIN CALL ($0)
61,85,0.0,5,0,5,1.0,-100.0,0.0,MARGIN CALL ($0)
61,84,0.0,4,0,4,1.0,-100.0,0.0,MARGIN CALL ($0)
61,83,0.0,4,0,4,1.0,-100.0,0.0,MARGIN CALL ($0)
62,17,0.0,10,0,10,1.0,-100.0,0.0,MARGIN CALL ($0)
62,16,0.0,12,1,11,1.0,-100.0,8.333333333333332,MARGIN CALL ($0)
62,15,0.0,29,5,24,1.0,-100.0,17.24137931034483,MARGIN CALL ($0)
62,14,0.0,40,7,33,1.0,-100.0,17.5,MARGIN CALL ($0)
62,12,0.0,19,3,16,1.0,-100.0,15.789473684210526,MARGIN CALL ($0)
62,11,0.0,20,3,17,1.0,-100.0,15.0,MARGIN CALL ($0)
62,10,0.0,22,3,19,1.0,-100.0,13.636363636363635,MARGIN CALL ($0)
62,9,0.0,22,3,19,1.0,-100.0,13.636363636363635,MARGIN CALL ($0)
62,8,0.0,20,3,17,1.0,-100.0,15.0,MARGIN CALL ($0)
62,7,0.0,18,1,17,1.0,-100.0,5.555555555555555,MARGIN CALL ($0)
62,6,0.0,19,1,18,1.0,-100.0,5.263157894736842,MARGIN CALL ($0)
62,5,0.0,14,0,14,1.0,-100.0,0.0,MARGIN CALL ($0)
62,4,0.0,37,8,29,1.0,-100.0,21.62162162162162,MARGIN CALL ($0)
62,3,0.0,2346,553,1793,1.0,-100.0,23.572037510656436,MARGIN CALL ($0)
61,100,0.0,9,0,9,1.0,-100.0,0.0,MARGIN CALL ($0)
61,99,0.0,9,0,9,1.0,-100.0,0.0,MARGIN CALL ($0)
62,33,0.0,19,2,17,1.0,-100.0,10.526315789473683,MARGIN CALL ($0)
62,32,0.0,98,16,82,1.0,-100.0,16.3265306122449,MARGIN CALL ($0)
62,31,0.0,102,19,83,1.0,-100.0,18.627450980392158,MARGIN CALL ($0)
62,30,0.0,20,3,17,1.0,-100.0,15.0,MARGIN CALL ($0)
62,29,0.0,8,0,8,1.0,-100.0,0.0,MARGIN CALL ($0)
62,28,0.0,8,0,8,1.0,-100.0,0.0,MARGIN CALL ($0)
62,27,0.0,71,14,57,1.0,-100.0,19.718309859154928,MARGIN CALL ($0)
62,26,0.0,68,15,53,1.0,-100.0,22.058823529411764,MARGIN CALL ($0)
62,25,0.0,56,11,45,1.0,-100.0,19.642857142857142,MARGIN CALL ($0)
62,24,0.0,100,17,83,1.0,-100.0,17.0,MARGIN CALL ($0)
62,23,0.0,420,86,334,1.0,-100.0,20.476190476190474,MARGIN CALL ($0)
62,22,0.0,24,3,21,1.0,-100.0,12.5,MARGIN CALL ($0)
62,21,0.0,343,57,286,1.0,-100.0,16.61807580174927,MARGIN CALL ($0)
62,20,0.0,595,110,485,1.0,-100.0,18.487394957983195,MARGIN CALL ($0)
62,19,0.0,647,118,529,1.0,-100.0,18.238021638330757,MARGIN CALL ($0)
62,18,0.0,5,0,5,1.0,-100.0,0.0,MARGIN CALL ($0)
62,49,0.0,6,0,6,1.0,-100.0,0.0,MARGIN CALL ($0)
62,48,0.0,7,0,7,1.0,-100.0,0.0,MARGIN CALL ($0)
62,47,0.0,8,0,8,1.0,-100.0,0.0,MARGIN CALL ($0)
62,46,0.0,6,0,6,1.0,-100.0,0.0,MARGIN CALL ($0)
62,45,0.0,6,0,6,1.0,-100.0,0.0,MARGIN CALL ($0)
62,44,0.0,6,0,6,1.0,-100.0,0.0,MARGIN CALL ($0)
62,43,0.0,6,0,6,1.0,-100.0,0.0,MARGIN CALL ($0)
62,42,0.0,7,0,7,1.0,-100.0,0.0,MARGIN CALL ($0)
62,41,0.0,7,0,7,1.0,-100.0,0.0,MARGIN CALL ($0)
62,40,0.0,9,0,9,1.0,-100.0,0.0,MARGIN CALL ($0)
62,39,0.0,8,0,8,1.0,-100.0,0.0,MARGIN CALL ($0)
62,38,0.0,138,18,120,1.0,-100.0,13.043478260869565,MARGIN CALL ($0)
62,37,0.0,164,22,142,1.0,-100.0,13.414634146341465,MARGIN CALL ($0)
62,36,0.0,132,20,112,1.0,-100.0,15.151515151515152,MARGIN CALL ($0)
62,35,0.0,133,22,111,1.0,-100.0,16.541353383458645,MARGIN CALL ($0)
62,34,0.0,21,4,17,1.0,-100.0,19.047619047619047,MARGIN CALL ($0)
62,65,0.0,4,0,4,1.0,-100.0,0.0,MARGIN CALL ($0)
62,64,0.0,5,0,5,1.0,-100.0,0.0,MARGIN CALL ($0)
62,63,0.0,5,0,5,1.0,-100.0,0.0,MARGIN CALL ($0)
62,62,0.0,5,0,5,1.0,-100.0,0.0,MARGIN CALL ($0)
62,61,0.0,5,0,5,1.0,-100.0,0.0,MARGIN CALL ($0)
62,60,0.0,5,0,5,1.0,-100.0,0.0,MARGIN CALL ($0)
62,59,0.0,5,0,5,1.0,-100.0,0.0,MARGIN CALL ($0)
62,58,0.0,5,0,5,1.0,-100.0,0.0,MARGIN CALL ($0)
62,57,0.0,5,0,5,1.0,-100.0,0.0,MARGIN CALL ($0)
62,56,0.0,6,0,6,1.0,-100.0,0.0,MARGIN CALL ($0)
62,55,0.0,5,0,5,1.0,-100.0,0.0,MARGIN CALL ($0)
62,54,0.0,5,0,5,1.0,-100.0,0.0,MARGIN CALL ($0)
62,53,0.0,6,0,6,1.0,-100.0,0.0,MARGIN CALL ($0)
62,52,0.0,6,0,6,1.0,-100.0,0.0,MARGIN CALL ($0)
62,51,0.0,6,0,6,1.0,-100.0,0.0,MARGIN CALL ($0)
62,50,0.0,7,0,7,1.0,-100.0,0.0,MARGIN CALL ($0)
62,81,0.0,7,0,7,1.0,-100.0,0.0,MARGIN CALL ($0)
62,80,0.0,8,0,8,1.0,-100.0,0.0,MARGIN CALL ($0)
62,79,0.0,6,0,6,1.0,-100.0,0.0,MARGIN CALL ($0)
62,78,0.0,7,0,7,1.0,-100.0,0.0,MARGIN CALL ($0)
62,77,0.0,5,0,5,1.0,-100.0,0.0,MARGIN CALL ($0)
62,76,0.0,6,0,6,1.0,-100.0,0.0,MARGIN CALL ($0)
62,75,0.0,6,0,6,1.0,-100.0,0.0,MARGIN CALL ($0)
62,74,0.0,6,0,6,1.0,-100.0,0.0,MARGIN CALL ($0)
62,73,0.0,6,0,6,1.0,-100.0,0.0,MARGIN CALL ($0)
62,72,0.0,6,0,6,1.0,-100.0,0.0,MARGIN CALL ($0)
62,71,0.0,6,0,6,1.0,-100.0,0.0,MARGIN CALL ($0)
62,70,0.0,7,0,7,1.0,-100.0,0.0,MARGIN CALL ($0)
62,69,0.0,5,0,5,1.0,-100.0,0.0,MARGIN CALL ($0)
62,68,0.0,5,0,5,1.0,-100.0,0.0,MARGIN CALL ($0)
62,67,0.0,28,3,25,1.0,-100.0,10.714285714285714,MARGIN CALL ($0)
62,66,0.0,5,0,5,1.0,-100.0,0.0,MARGIN CALL ($0)
62,97,0.0,10,0,10,1.0,-100.0,0.0,MARGIN CALL ($0)
62,96,0.0,10,0,10,1.0,-100.0,0.0,MARGIN CALL ($0)
62,95,0.0,10,0,10,1.0,-100.0,0.0,MARGIN CALL ($0)
62,94,0.0,9,0,9,1.0,-100.0,0.0,MARGIN CALL ($0)
62,93,0.0,9,0,9,1.0,-100.0,0.0,MARGIN CALL ($0)
62,92,0.0,9,0,9,1.0,-100.0,0.0,MARGIN CALL ($0)
62,91,0.0,9,0,9,1.0,-100.0,0.0,MARGIN CALL ($0)
62,90,0.0,9,1,8,1.0,-100.0,11.11111111111111,MARGIN CALL ($0)
62,89,0.0,7,0,7,1.0,-100.0,0.0,MARGIN CALL ($0)
62,88,0.0,7,0,7,1.0,-100.0,0.0,MARGIN CALL ($0)
62,87,0.0,7,0,7,1.0,-100.0,0.0,MARGIN CALL ($0)
62,86,0.0,7,0,7,1.0,-100.0,0.0,MARGIN CALL ($0)
62,85,0.0,5,0,5,1.0,-100.0,0.0,MARGIN CALL ($0)
62,84,0.0,4,0,4,1.0,-100.0,0.0,MARGIN CALL ($0)
62,83,0.0,4,0,4,1.0,-100.0,0.0,MARGIN CALL ($0)
62,82,0.0,27,2,25,1.0,-100.0,7.4074074074074066,MARGIN CALL ($0)
63,16,0.0,12,1,11,1.0,-100.0,8.333333333333332,MARGIN CALL ($0)
63,15,0.0,29,5,24,1.0,-100.0,17.24137931034483,MARGIN CALL ($0)
63,14,0.0,43,8,35,1.0,-100.0,18.6046511627907,MARGIN CALL ($0)
63,12,0.0,19,3,16,1.0,-100.0,15.789473684210526,MARGIN CALL ($0)
63,11,0.0,20,3,17,1.0,-100.0,15.0,MARGIN CALL ($0)
63,10,0.0,22,3,19,1.0,-100.0,13.636363636363635,MARGIN CALL ($0)
63,9,0.0,22,3,19,1.0,-100.0,13.636363636363635,MARGIN CALL ($0)
63,8,0.0,20,3,17,1.0,-100.0,15.0,MARGIN CALL ($0)
63,7,0.0,18,1,17,1.0,-100.0,5.555555555555555,MARGIN CALL ($0)
63,6,0.0,19,1,18,1.0,-100.0,5.263157894736842,MARGIN CALL ($0)
63,5,0.0,14,0,14,1.0,-100.0,0.0,MARGIN CALL ($0)
63,4,0.0,37,8,29,1.0,-100.0,21.62162162162162,MARGIN CALL ($0)
63,3,0.0,2353,553,1800,1.0,-100.0,23.501912452188694,MARGIN CALL ($0)
62,100,0.0,9,0,9,1.0,-100.0,0.0,MARGIN CALL ($0)
62,99,0.0,9,0,9,1.0,-100.0,0.0,MARGIN CALL ($0)
62,98,0.0,10,0,10,1.0,-100.0,0.0,MARGIN CALL ($0)
63,32,0.0,96,16,80,1.0,-100.0,16.666666666666664,MARGIN CALL ($0)
63,31,0.0,99,19,80,1.0,-100.0,19.19191919191919,MARGIN CALL ($0)
63,30,0.0,20,3,17,1.0,-100.0,15.0,MARGIN CALL ($0)
63,29,0.0,8,0,8,1.0,-100.0,0.0,MARGIN CALL ($0)
63,28,0.0,8,0,8,1.0,-100.0,0.0,MARGIN CALL ($0)
63,27,0.0,71,14,57,1.0,-100.0,19.718309859154928,MARGIN CALL ($0)
63,26,0.0,69,15,54,1.0,-100.0,21.73913043478261,MARGIN CALL ($0)
63,25,0.0,76,17,59,1.0,-100.0,22.36842105263158,MARGIN CALL ($0)
63,24,0.0,99,16,83,1.0,-100.0,16.161616161616163,MARGIN CALL ($0)
63,23,0.0,407,84,323,1.0,-100.0,20.638820638820636,MARGIN CALL ($0)
63,22,0.0,24,3,21,1.0,-100.0,12.5,MARGIN CALL ($0)
63,21,0.0,347,59,288,1.0,-100.0,17.002881844380404,MARGIN CALL ($0)
63,20,0.0,600,111,489,1.0,-100.0,18.5,MARGIN CALL ($0)
63,19,0.0,666,124,542,1.0,-100.0,18.61861861861862,MARGIN CALL ($0)
63,18,0.0,5,0,5,1.0,-100.0,0.0,MARGIN CALL ($0)
63,17,0.0,10,0,10,1.0,-100.0,0.0,MARGIN CALL ($0)
63,48,0.0,7,0,7,1.0,-100.0,0.0,MARGIN CALL ($0)
63,47,0.0,8,0,8,1.0,-100.0,0.0,MARGIN CALL ($0)
63,46,0.0,6,0,6,1.0,-100.0,0.0,MARGIN CALL ($0)
63,45,0.0,6,0,6,1.0,-100.0,0.0,MARGIN CALL ($0)
63,44,0.0,6,0,6,1.0,-100.0,0.0,MARGIN CALL ($0)
63,43,0.0,6,0,6,1.0,-100.0,0.0,MARGIN CALL ($0)
63,42,0.0,7,0,7,1.0,-100.0,0.0,MARGIN CALL ($0)
63,41,0.0,7,0,7,1.0,-100.0,0.0,MARGIN CALL ($0)
63,40,0.0,9,0,9,1.0,-100.0,0.0,MARGIN CALL ($0)
63,39,0.0,8,0,8,1.0,-100.0,0.0,MARGIN CALL ($0)
63,38,0.0,141,19,122,1.0,-100.0,13.47517730496454,MARGIN CALL ($0)
63,37,0.0,165,22,143,1.0,-100.0,13.333333333333334,MARGIN CALL ($0)
63,36,0.0,132,20,112,1.0,-100.0,15.151515151515152,MARGIN CALL ($0)
63,35,0.0,102,16,86,1.0,-100.0,15.686274509803921,MARGIN CALL ($0)
63,34,0.0,21,4,17,1.0,-100.0,19.047619047619047,MARGIN CALL ($0)
63,33,0.0,19,2,17,1.0,-100.0,10.526315789473683,MARGIN CALL ($0)
63,64,0.0,5,0,5,1.0,-100.0,0.0,MARGIN CALL ($0)
63,63,0.0,5,0,5,1.0,-100.0,0.0,MARGIN CALL ($0)
63,62,0.0,5,0,5,1.0,-100.0,0.0,MARGIN CALL ($0)
63,61,0.0,5,0,5,1.0,-100.0,0.0,MARGIN CALL ($0)
63,60,0.0,5,0,5,1.0,-100.0,0.0,MARGIN CALL ($0)
63,59,0.0,5,0,5,1.0,-100.0,0.0,MARGIN CALL ($0)
63,58,0.0,5,0,5,1.0,-100.0,0.0,MARGIN CALL ($0)
63,57,0.0,5,0,5,1.0,-100.0,0.0,MARGIN CALL ($0)
63,56,0.0,6,0,6,1.0,-100.0,0.0,MARGIN CALL ($0)
63,55,0.0,5,0,5,1.0,-100.0,0.0,MARGIN CALL ($0)
63,54,0.0,5,0,5,1.0,-100.0,0.0,MARGIN CALL ($0)
63,53,0.0,6,0,6,1.0,-100.0,0.0,MARGIN CALL ($0)
63,52,0.0,6,0,6,1.0,-100.0,0.0,MARGIN CALL ($0)
63,51,0.0,6,0,6,1.0,-100.0,0.0,MARGIN CALL ($0)
63,50,0.0,7,0,7,1.0,-100.0,0.0,MARGIN CALL ($0)
63,49,0.0,6,0,6,1.0,-100.0,0.0,MARGIN CALL ($0)
63,80,0.0,8,0,8,1.0,-100.0,0.0,MARGIN CALL ($0)
63,79,0.0,6,0,6,1.0,-100.0,0.0,MARGIN CALL ($0)
63,78,0.0,7,0,7,1.0,-100.0,0.0,MARGIN CALL ($0)
63,77,0.0,5,0,5,1.0,-100.0,0.0,MARGIN CALL ($0)
63,76,0.0,6,0,6,1.0,-100.0,0.0,MARGIN CALL ($0)
63,75,0.0,6,0,6,1.0,-100.0,0.0,MARGIN CALL ($0)
63,74,0.0,6,0,6,1.0,-100.0,0.0,MARGIN CALL ($0)
63,73,0.0,6,0,6,1.0,-100.0,0.0,MARGIN CALL ($0)
63,72,0.0,6,0,6,1.0,-100.0,0.0,MARGIN CALL ($0)
63,71,0.0,6,0,6,1.0,-100.0,0.0,MARGIN CALL ($0)
63,70,0.0,7,0,7,1.0,-100.0,0.0,MARGIN CALL ($0)
63,69,0.0,5,0,5,1.0,-100.0,0.0,MARGIN CALL ($0)
63,68,0.0,5,0,5,1.0,-100.0,0.0,MARGIN CALL ($0)
63,67,0.0,27,2,25,1.0,-100.0,7.4074074074074066,MARGIN CALL ($0)
63,66,0.0,5,0,5,1.0,-100.0,0.0,MARGIN CALL ($0)
63,65,0.0,4,0,4,1.0,-100.0,0.0,MARGIN CALL ($0)
63,96,0.0,10,0,10,1.0,-100.0,0.0,MARGIN CALL ($0)
63,95,0.0,10,0,10,1.0,-100.0,0.0,MARGIN CALL ($0)
63,94,0.0,9,0,9,1.0,-100.0,0.0,MARGIN CALL ($0)
63,93,0.0,9,0,9,1.0,-100.0,0.0,MARGIN CALL ($0)
63,92,0.0,9,0,9,1.0,-100.0,0.0,MARGIN CALL ($0)
63,91,0.0,9,0,9,1.0,-100.0,0.0,MARGIN CALL ($0)
63,90,0.0,9,1,8,1.0,-100.0,11.11111111111111,MARGIN CALL ($0)
63,89,0.0,7,0,7,1.0,-100.0,0.0,MARGIN CALL ($0)
63,88,0.0,7,0,7,1.0,-100.0,0.0,MARGIN CALL ($0)
63,87,0.0,7,0,7,1.0,-100.0,0.0,MARGIN CALL ($0)
63,86,0.0,7,0,7,1.0,-100.0,0.0,MARGIN CALL ($0)
63,85,0.0,5,0,5,1.0,-100.0,0.0,MARGIN CALL ($0)
63,84,0.0,4,0,4,1.0,-100.0,0.0,MARGIN CALL ($0)
63,83,0.0,4,0,4,1.0,-100.0,0.0,MARGIN CALL ($0)
63,82,0.0,27,2,25,1.0,-100.0,7.4074074074074066,MARGIN CALL ($0)
63,81,0.0,7,0,7,1.0,-100.0,0.0,MARGIN CALL ($0)
64,14,0.0,43,8,35,1.0,-100.0,18.6046511627907,MARGIN CALL ($0)
100,68,0.0,5,0,5,1.0,-100.0,0.0,MARGIN CALL ($0)
64,12,0.0,19,3,16,1.0,-100.0,15.789473684210526,MARGIN CALL ($0)
64,11,0.0,20,3,17,1.0,-100.0,15.0,MARGIN CALL ($0)
64,10,0.0,22,3,19,1.0,-100.0,13.636363636363635,MARGIN CALL ($0)
64,9,0.0,22,3,19,1.0,-100.0,13.636363636363635,MARGIN CALL ($0)
64,8,0.0,21,3,18,1.0,-100.0,14.285714285714285,MARGIN CALL ($0)
64,7,0.0,18,1,17,1.0,-100.0,5.555555555555555,MARGIN CALL ($0)
64,6,0.0,19,1,18,1.0,-100.0,5.263157894736842,MARGIN CALL ($0)
64,5,0.0,14,0,14,1.0,-100.0,0.0,MARGIN CALL ($0)
64,4,0.0,37,8,29,1.0,-100.0,21.62162162162162,MARGIN CALL ($0)
64,3,0.0,2351,554,1797,1.0,-100.0,23.564440663547426,MARGIN CALL ($0)
63,100,0.0,9,0,9,1.0,-100.0,0.0,MARGIN CALL ($0)
63,99,0.0,9,0,9,1.0,-100.0,0.0,MARGIN CALL ($0)
63,98,0.0,10,0,10,1.0,-100.0,0.0,MARGIN CALL ($0)
63,97,0.0,10,0,10,1.0,-100.0,0.0,MARGIN CALL ($0)
64,31,0.0,102,19,83,1.0,-100.0,18.627450980392158,MARGIN CALL ($0)
64,30,0.0,20,3,17,1.0,-100.0,15.0,MARGIN CALL ($0)
64,29,0.0,8,0,8,1.0,-100.0,0.0,MARGIN CALL ($0)
64,28,0.0,8,0,8,1.0,-100.0,0.0,MARGIN CALL ($0)
64,27,0.0,71,14,57,1.0,-100.0,19.718309859154928,MARGIN CALL ($0)
64,26,0.0,68,15,53,1.0,-100.0,22.058823529411764,MARGIN CALL ($0)
64,25,0.0,83,17,66,1.0,-100.0,20.481927710843372,MARGIN CALL ($0)
64,24,0.0,121,19,102,1.0,-100.0,15.702479338842975,MARGIN CALL ($0)
64,23,0.0,438,91,347,1.0,-100.0,20.776255707762555,MARGIN CALL ($0)
64,22,0.0,23,3,20,1.0,-100.0,13.043478260869565,MARGIN CALL ($0)
64,21,0.0,363,62,301,1.0,-100.0,17.079889807162534,MARGIN CALL ($0)
64,20,0.0,632,118,514,1.0,-100.0,18.670886075949365,MARGIN CALL ($0)
64,18,0.0,5,0,5,1.0,-100.0,0.0,MARGIN CALL ($0)
64,17,0.0,10,0,10,1.0,-100.0,0.0,MARGIN CALL ($0)
64,16,0.0,13,1,12,1.0,-100.0,7.6923076923076925,MARGIN CALL ($0)
64,15,0.0,30,5,25,1.0,-100.0,16.666666666666664,MARGIN CALL ($0)
64,47,0.0,8,0,8,1.0,-100.0,0.0,MARGIN CALL ($0)
64,46,0.0,6,0,6,1.0,-100.0,0.0,MARGIN CALL ($0)
64,45,0.0,6,0,6,1.0,-100.0,0.0,MARGIN CALL ($0)
64,44,0.0,6,0,6,1.0,-100.0,0.0,MARGIN CALL ($0)
64,43,0.0,6,0,6,1.0,-100.0,0.0,MARGIN CALL ($0)
64,42,0.0,7,0,7,1.0,-100.0,0.0,MARGIN CALL ($0)
64,41,0.0,7,0,7,1.0,-100.0,0.0,MARGIN CALL ($0)
64,40,0.0,9,0,9,1.0,-100.0,0.0,MARGIN CALL ($0)
64,39,0.0,8,0,8,1.0,-100.0,0.0,MARGIN CALL ($0)
64,38,0.0,149,21,128,1.0,-100.0,14.093959731543624,MARGIN CALL ($0)
64,37,0.0,175,25,150,1.0,-100.0,14.285714285714285,MARGIN CALL ($0)
64,36,0.0,141,22,119,1.0,-100.0,15.602836879432624,MARGIN CALL ($0)
64,35,0.0,115,19,96,1.0,-100.0,16.52173913043478,MARGIN CALL ($0)
64,34,0.0,21,4,17,1.0,-100.0,19.047619047619047,MARGIN CALL ($0)
64,33,0.0,19,2,17,1.0,-100.0,10.526315789473683,MARGIN CALL ($0)
64,32,0.0,99,16,83,1.0,-100.0,16.161616161616163,MARGIN CALL ($0)
64,63,0.0,5,0,5,1.0,-100.0,0.0,MARGIN CALL ($0)
64,62,0.0,5,0,5,1.0,-100.0,0.0,MARGIN CALL ($0)
64,61,0.0,5,0,5,1.0,-100.0,0.0,MARGIN CALL ($0)
64,60,0.0,5,0,5,1.0,-100.0,0.0,MARGIN CALL ($0)
64,59,0.0,5,0,5,1.0,-100.0,0.0,MARGIN CALL ($0)
64,58,0.0,5,0,5,1.0,-100.0,0.0,MARGIN CALL ($0)
64,57,0.0,5,0,5,1.0,-100.0,0.0,MARGIN CALL ($0)
64,56,0.0,6,0,6,1.0,-100.0,0.0,MARGIN CALL ($0)
64,55,0.0,5,0,5,1.0,-100.0,0.0,MARGIN CALL ($0)
64,54,0.0,5,0,5,1.0,-100.0,0.0,MARGIN CALL ($0)
64,53,0.0,6,0,6,1.0,-100.0,0.0,MARGIN CALL ($0)
64,52,0.0,6,0,6,1.0,-100.0,0.0,MARGIN CALL ($0)
64,51,0.0,6,0,6,1.0,-100.0,0.0,MARGIN CALL ($0)
64,50,0.0,7,0,7,1.0,-100.0,0.0,MARGIN CALL ($0)
64,49,0.0,6,0,6,1.0,-100.0,0.0,MARGIN CALL ($0)
64,48,0.0,7,0,7,1.0,-100.0,0.0,MARGIN CALL ($0)
64,79,0.0,7,0,7,1.0,-100.0,0.0,MARGIN CALL ($0)
64,78,0.0,7,0,7,1.0,-100.0,0.0,MARGIN CALL ($0)
64,77,0.0,5,0,5,1.0,-100.0,0.0,MARGIN CALL ($0)
64,76,0.0,6,0,6,1.0,-100.0,0.0,MARGIN CALL ($0)
64,75,0.0,6,0,6,1.0,-100.0,0.0,MARGIN CALL ($0)
64,74,0.0,6,0,6,1.0,-100.0,0.0,MARGIN CALL ($0)
64,73,0.0,6,0,6,1.0,-100.0,0.0,MARGIN CALL ($0)
64,72,0.0,6,0,6,1.0,-100.0,0.0,MARGIN CALL ($0)
64,71,0.0,6,0,6,1.0,-100.0,0.0,MARGIN CALL ($0)
64,70,0.0,7,0,7,1.0,-100.0,0.0,MARGIN CALL ($0)
64,69,0.0,5,0,5,1.0,-100.0,0.0,MARGIN CALL ($0)
64,68,0.0,5,0,5,1.0,-100.0,0.0,MARGIN CALL ($0)
64,67,0.0,27,2,25,1.0,-100.0,7.4074074074074066,MARGIN CALL ($0)
64,66,0.0,5,0,5,1.0,-100.0,0.0,MARGIN CALL ($0)
64,65,0.0,4,0,4,1.0,-100.0,0.0,MARGIN CALL ($0)
64,64,0.0,5,0,5,1.0,-100.0,0.0,MARGIN CALL ($0)
64,95,0.0,8,0,8,1.0,-100.0,0.0,MARGIN CALL ($0)
64,94,0.0,7,0,7,1.0,-100.0,0.0,MARGIN CALL ($0)
64,93,0.0,7,0,7,1.0,-100.0,0.0,MARGIN CALL ($0)
64,92,0.0,7,0,7,1.0,-100.0,0.0,MARGIN CALL ($0)
64,91,0.0,7,0,7,1.0,-100.0,0.0,MARGIN CALL ($0)
64,90,0.0,9,1,8,1.0,-100.0,11.11111111111111,MARGIN CALL ($0)
64,89,0.0,7,0,7,1.0,-100.0,0.0,MARGIN CALL ($0)
64,88,0.0,7,0,7,1.0,-100.0,0.0,MARGIN CALL ($0)
64,87,0.0,7,0,7,1.0,-100.0,0.0,MARGIN CALL ($0)
64,86,0.0,7,0,7,1.0,-100.0,0.0,MARGIN CALL ($0)
64,85,0.0,5,0,5,1.0,-100.0,0.0,MARGIN CALL ($0)
64,84,0.0,4,0,4,1.0,-100.0,0.0,MARGIN CALL ($0)
64,83,0.0,4,0,4,1.0,-100.0,0.0,MARGIN CALL ($0)
64,82,0.0,27,2,25,1.0,-100.0,7.4074074074074066,MARGIN CALL ($0)
64,81,0.0,8,0,8,1.0,-100.0,0.0,MARGIN CALL ($0)
64,80,0.0,8,0,8,1.0,-100.0,0.0,MARGIN CALL ($0)
100,85,0.0,8,0,8,1.0,-100.0,0.0,MARGIN CALL ($0)
65,12,0.0,19,3,16,1.0,-100.0,15.789473684210526,MARGIN CALL ($0)
65,11,0.0,20,3,17,1.0,-100.0,15.0,MARGIN CALL ($0)
65,10,0.0,22,3,19,1.0,-100.0,13.636363636363635,MARGIN CALL ($0)
65,9,0.0,22,3,19,1.0,-100.0,13.636363636363635,MARGIN CALL ($0)
65,8,0.0,21,3,18,1.0,-100.0,14.285714285714285,MARGIN CALL ($0)
65,7,0.0,18,1,17,1.0,-100.0,5.555555555555555,MARGIN CALL ($0)
65,6,0.0,19,1,18,1.0,-100.0,5.263157894736842,MARGIN CALL ($0)
65,5,0.0,14,0,14,1.0,-100.0,0.0,MARGIN CALL ($0)
65,4,0.0,37,8,29,1.0,-100.0,21.62162162162162,MARGIN CALL ($0)
65,3,0.0,2351,554,1797,1.0,-100.0,23.564440663547426,MARGIN CALL ($0)
64,100,0.0,7,0,7,1.0,-100.0,0.0,MARGIN CALL ($0)
64,99,0.0,7,0,7,1.0,-100.0,0.0,MARGIN CALL ($0)
64,98,0.0,8,0,8,1.0,-100.0,0.0,MARGIN CALL ($0)
64,97,0.0,8,0,8,1.0,-100.0,0.0,MARGIN CALL ($0)
64,96,0.0,8,0,8,1.0,-100.0,0.0,MARGIN CALL ($0)
65,29,0.0,8,0,8,1.0,-100.0,0.0,MARGIN CALL ($0)
65,28,0.0,8,0,8,1.0,-100.0,0.0,MARGIN CALL ($0)
65,27,0.0,71,14,57,1.0,-100.0,19.718309859154928,MARGIN CALL ($0)
65,26,0.0,59,13,46,1.0,-100.0,22.033898305084744,MARGIN CALL ($0)
65,25,0.0,82,17,65,1.0,-100.0,20.73170731707317,MARGIN CALL ($0)
65,24,0.0,103,16,87,1.0,-100.0,15.53398058252427,MARGIN CALL ($0)
65,23,0.0,426,87,339,1.0,-100.0,20.422535211267608,MARGIN CALL ($0)
65,22,0.0,23,3,20,1.0,-100.0,13.043478260869565,MARGIN CALL ($0)
65,21,0.0,273,42,231,1.0,-100.0,15.384615384615385,MARGIN CALL ($0)
65,20,0.0,605,111,494,1.0,-100.0,18.34710743801653,MARGIN CALL ($0)
65,19,0.0,695,129,566,1.0,-100.0,18.56115107913669,MARGIN CALL ($0)
65,18,0.0,5,0,5,1.0,-100.0,0.0,MARGIN CALL ($0)
65,17,0.0,10,0,10,1.0,-100.0,0.0,MARGIN CALL ($0)
65,16,0.0,13,1,12,1.0,-100.0,7.6923076923076925,MARGIN CALL ($0)
65,15,0.0,30,5,25,1.0,-100.0,16.666666666666664,MARGIN CALL ($0)
65,14,0.0,43,8,35,1.0,-100.0,18.6046511627907,MARGIN CALL ($0)
65,45,0.0,6,0,6,1.0,-100.0,0.0,MARGIN CALL ($0)
65,44,0.0,6,0,6,1.0,-100.0,0.0,MARGIN CALL ($0)
65,43,0.0,6,0,6,1.0,-100.0,0.0,MARGIN CALL ($0)
65,42,0.0,7,0,7,1.0,-100.0,0.0,MARGIN CALL ($0)
65,41,0.0,7,0,7,1.0,-100.0,0.0,MARGIN CALL ($0)
65,40,0.0,9,0,9,1.0,-100.0,0.0,MARGIN CALL ($0)
65,39,0.0,8,0,8,1.0,-100.0,0.0,MARGIN CALL ($0)
65,38,0.0,147,21,126,1.0,-100.0,14.285714285714285,MARGIN CALL ($0)
65,37,0.0,171,24,147,1.0,-100.0,14.035087719298245,MARGIN CALL ($0)
65,36,0.0,139,22,117,1.0,-100.0,15.827338129496402,MARGIN CALL ($0)
65,35,0.0,112,19,93,1.0,-100.0,16.964285714285715,MARGIN CALL ($0)
65,34,0.0,21,4,17,1.0,-100.0,19.047619047619047,MARGIN CALL ($0)
65,33,0.0,19,2,17,1.0,-100.0,10.526315789473683,MARGIN CALL ($0)
65,32,0.0,100,16,84,1.0,-100.0,16.0,MARGIN CALL ($0)
65,31,0.0,100,19,81,1.0,-100.0,19.0,MARGIN CALL ($0)
65,30,0.0,20,3,17,1.0,-100.0,15.0,MARGIN CALL ($0)
65,61,0.0,5,0,5,1.0,-100.0,0.0,MARGIN CALL ($0)
65,60,0.0,5,0,5,1.0,-100.0,0.0,MARGIN CALL ($0)
65,59,0.0,5,0,5,1.0,-100.0,0.0,MARGIN CALL ($0)
65,58,0.0,5,0,5,1.0,-100.0,0.0,MARGIN CALL ($0)
65,57,0.0,5,0,5,1.0,-100.0,0.0,MARGIN CALL ($0)
65,56,0.0,6,0,6,1.0,-100.0,0.0,MARGIN CALL ($0)
65,55,0.0,5,0,5,1.0,-100.0,0.0,MARGIN CALL ($0)
65,54,0.0,5,0,5,1.0,-100.0,0.0,MARGIN CALL ($0)
65,53,0.0,6,0,6,1.0,-100.0,0.0,MARGIN CALL ($0)
65,52,0.0,6,0,6,1.0,-100.0,0.0,MARGIN CALL ($0)
65,51,0.0,6,0,6,1.0,-100.0,0.0,MARGIN CALL ($0)
65,50,0.0,7,0,7,1.0,-100.0,0.0,MARGIN CALL ($0)
65,49,0.0,6,0,6,1.0,-100.0,0.0,MARGIN CALL ($0)
65,48,0.0,7,0,7,1.0,-100.0,0.0,MARGIN CALL ($0)
65,47,0.0,8,0,8,1.0,-100.0,0.0,MARGIN CALL ($0)
65,46,0.0,6,0,6,1.0,-100.0,0.0,MARGIN CALL ($0)
65,77,0.0,7,0,7,1.0,-100.0,0.0,MARGIN CALL ($0)
65,76,0.0,7,0,7,1.0,-100.0,0.0,MARGIN CALL ($0)
65,75,0.0,7,0,7,1.0,-100.0,0.0,MARGIN CALL ($0)
65,74,0.0,7,0,7,1.0,-100.0,0.0,MARGIN CALL ($0)
65,73,0.0,7,0,7,1.0,-100.0,0.0,MARGIN CALL ($0)
65,72,0.0,7,0,7,1.0,-100.0,0.0,MARGIN CALL ($0)
65,71,0.0,5,0,5,1.0,-100.0,0.0,MARGIN CALL ($0)
65,70,0.0,7,0,7,1.0,-100.0,0.0,MARGIN CALL ($0)
65,69,0.0,5,0,5,1.0,-100.0,0.0,MARGIN CALL ($0)
65,68,0.0,5,0,5,1.0,-100.0,0.0,MARGIN CALL ($0)
65,67,0.0,27,2,25,1.0,-100.0,7.4074074074074066,MARGIN CALL ($0)
65,66,0.0,5,0,5,1.0,-100.0,0.0,MARGIN CALL ($0)
65,65,0.0,4,0,4,1.0,-100.0,0.0,MARGIN CALL ($0)
65,64,0.0,5,0,5,1.0,-100.0,0.0,MARGIN CALL ($0)
65,63,0.0,5,0,5,1.0,-100.0,0.0,MARGIN CALL ($0)
65,62,0.0,5,0,5,1.0,-100.0,0.0,MARGIN CALL ($0)
65,93,0.0,9,0,9,1.0,-100.0,0.0,MARGIN CALL ($0)
65,92,0.0,9,0,9,1.0,-100.0,0.0,MARGIN CALL ($0)
65,91,0.0,9,0,9,1.0,-100.0,0.0,MARGIN CALL ($0)
65,90,0.0,8,1,7,1.0,-100.0,12.5,MARGIN CALL ($0)
65,89,0.0,7,0,7,1.0,-100.0,0.0,MARGIN CALL ($0)
65,88,0.0,7,0,7,1.0,-100.0,0.0,MARGIN CALL ($0)
65,87,0.0,7,0,7,1.0,-100.0,0.0,MARGIN CALL ($0)
65,86,0.0,7,0,7,1.0,-100.0,0.0,MARGIN CALL ($0)
65,85,0.0,5,0,5,1.0,-100.0,0.0,MARGIN CALL ($0)
65,84,0.0,4,0,4,1.0,-100.0,0.0,MARGIN CALL ($0)
65,83,0.0,4,0,4,1.0,-100.0,0.0,MARGIN CALL ($0)
65,82,0.0,28,2,26,1.0,-100.0,7.142857142857142,MARGIN CALL ($0)
65,81,0.0,8,0,8,1.0,-100.0,0.0,MARGIN CALL ($0)
65,80,0.0,8,0,8,1.0,-100.0,0.0,MARGIN CALL ($0)
65,79,0.0,7,0,7,1.0,-100.0,0.0,MARGIN CALL ($0)
65,78,0.0,7,0,7,1.0,-100.0,0.0,MARGIN CALL ($0)
2,10,0.0,21,3,18,1.0,-100.0,14.285714285714285,MARGIN CALL ($0)
2,9,0.0,20,3,17,1.0,-100.0,15.0,MARGIN CALL ($0)
2,8,0.0,19,3,16,1.0,-100.0,15.789473684210526,MARGIN CALL ($0)
2,7,0.0,19,3,16,1.0,-100.0,15.789473684210526,MARGIN CALL ($0)
2,6,0.0,21,3,18,1.0,-100.0,14.285714285714285,MARGIN CALL ($0)
2,5,0.0,22,3,19,1.0,-100.0,13.636363636363635,MARGIN CALL ($0)
2,4,0.0,32,8,24,1.0,-100.0,25.0,MARGIN CALL ($0)
100,84,0.0,7,0,7,1.0,-100.0,0.0,MARGIN CALL ($0)
2,1,0.0,26,5,21,1.0,-100.0,19.230769230769234,MARGIN CALL ($0)
1,100,0.0,313,74,239,1.0,-100.0,23.642172523961662,MARGIN CALL ($0)
1,99,0.0,227,50,177,1.0,-100.0,22.026431718061673,MARGIN CALL ($0)
1,98,0.0,89,21,68,1.0,-100.0,23.595505617977526,MARGIN CALL ($0)
1,97,0.0,72,15,57,1.0,-100.0,20.833333333333336,MARGIN CALL ($0)
65,96,0.0,10,0,10,1.0,-100.0,0.0,MARGIN CALL ($0)
65,95,0.0,10,0,10,1.0,-100.0,0.0,MARGIN CALL ($0)
65,94,0.0,9,0,9,1.0,-100.0,0.0,MARGIN CALL ($0)
66,12,0.0,19,3,16,1.0,-100.0,15.789473684210526,MARGIN CALL ($0)
66,11,0.0,20,3,17,1.0,-100.0,15.0,MARGIN CALL ($0)
66,10,0.0,22,3,19,1.0,-100.0,13.636363636363635,MARGIN CALL ($0)
66,9,0.0,22,3,19,1.0,-100.0,13.636363636363635,MARGIN CALL ($0)
66,8,0.0,21,3,18,1.0,-100.0,14.285714285714285,MARGIN CALL ($0)
66,7,0.0,18,1,17,1.0,-100.0,5.555555555555555,MARGIN CALL ($0)
66,6,0.0,19,1,18,1.0,-100.0,5.263157894736842,MARGIN CALL ($0)
66,5,0.0,14,0,14,1.0,-100.0,0.0,MARGIN CALL ($0)
66,4,0.0,37,8,29,1.0,-100.0,21.62162162162162,MARGIN CALL ($0)
66,3,0.0,2355,554,1801,1.0,-100.0,23.524416135881104,MARGIN CALL ($0)
65,100,0.0,9,0,9,1.0,-100.0,0.0,MARGIN CALL ($0)
65,99,0.0,9,0,9,1.0,-100.0,0.0,MARGIN CALL ($0)
65,98,0.0,10,0,10,1.0,-100.0,0.0,MARGIN CALL ($0)
65,97,0.0,10,0,10,1.0,-100.0,0.0,MARGIN CALL ($0)
2,12,0.0,20,3,17,1.0,-100.0,15.0,MARGIN CALL ($0)
2,11,0.0,19,3,16,1.0,-100.0,15.789473684210526,MARGIN CALL ($0)
66,29,0.0,8,0,8,1.0,-100.0,0.0,MARGIN CALL ($0)
66,28,0.0,8,0,8,1.0,-100.0,0.0,MARGIN CALL ($0)
66,27,0.0,104,22,82,1.0,-100.0,21.153846153846153,MARGIN CALL ($0)
66,26,0.0,102,21,81,1.0,-100.0,20.588235294117645,MARGIN CALL ($0)
66,25,0.0,116,22,94,1.0,-100.0,18.96551724137931,MARGIN CALL ($0)
66,24,0.0,203,36,167,1.0,-100.0,17.733990147783253,MARGIN CALL ($0)
66,23,0.0,458,92,366,1.0,-100.0,20.087336244541483,MARGIN CALL ($0)
66,22,0.0,23,3,20,1.0,-100.0,13.043478260869565,MARGIN CALL ($0)
66,21,0.0,280,44,236,1.0,-100.0,15.714285714285714,MARGIN CALL ($0)
66,20,0.0,613,112,501,1.0,-100.0,18.270799347471453,MARGIN CALL ($0)
66,19,0.0,741,138,603,1.0,-100.0,18.62348178137652,MARGIN CALL ($0)
66,18,0.0,5,0,5,1.0,-100.0,0.0,MARGIN CALL ($0)
66,17,0.0,10,0,10,1.0,-100.0,0.0,MARGIN CALL ($0)
66,16,0.0,13,1,12,1.0,-100.0,7.6923076923076925,MARGIN CALL ($0)
66,15,0.0,30,5,25,1.0,-100.0,16.666666666666664,MARGIN CALL ($0)
66,14,0.0,824,154,670,1.0,-100.0,18.689320388349515,MARGIN CALL ($0)
66,45,0.0,6,0,6,1.0,-100.0,0.0,MARGIN CALL ($0)
66,44,0.0,6,0,6,1.0,-100.0,0.0,MARGIN CALL ($0)
66,43,0.0,6,0,6,1.0,-100.0,0.0,MARGIN CALL ($0)
66,42,0.0,7,0,7,1.0,-100.0,0.0,MARGIN CALL ($0)
66,41,0.0,7,0,7,1.0,-100.0,0.0,MARGIN CALL ($0)
66,40,0.0,9,0,9,1.0,-100.0,0.0,MARGIN CALL ($0)
66,39,0.0,8,0,8,1.0,-100.0,0.0,MARGIN CALL ($0)
66,38,0.0,151,21,130,1.0,-100.0,13.90728476821192,MARGIN CALL ($0)
66,37,0.0,175,25,150,1.0,-100.0,14.285714285714285,MARGIN CALL ($0)
66,36,0.0,143,23,120,1.0,-100.0,16.083916083916083,MARGIN CALL ($0)
66,35,0.0,136,23,113,1.0,-100.0,16.911764705882355,MARGIN CALL ($0)
66,34,0.0,21,4,17,1.0,-100.0,19.047619047619047,MARGIN CALL ($0)
66,33,0.0,19,2,17,1.0,-100.0,10.526315789473683,MARGIN CALL ($0)
66,32,0.0,100,17,83,1.0,-100.0,17.0,MARGIN CALL ($0)
66,31,0.0,106,21,85,1.0,-100.0,19.81132075471698,MARGIN CALL ($0)
66,30,0.0,20,3,17,1.0,-100.0,15.0,MARGIN CALL ($0)
66,61,0.0,5,0,5,1.0,-100.0,0.0,MARGIN CALL ($0)
66,60,0.0,5,0,5,1.0,-100.0,0.0,MARGIN CALL ($0)
66,59,0.0,5,0,5,1.0,-100.0,0.0,MARGIN CALL ($0)
66,58,0.0,5,0,5,1.0,-100.0,0.0,MARGIN CALL ($0)
66,57,0.0,5,0,5,1.0,-100.0,0.0,MARGIN CALL ($0)
66,56,0.0,6,0,6,1.0,-100.0,0.0,MARGIN CALL ($0)
66,55,0.0,5,0,5,1.0,-100.0,0.0,MARGIN CALL ($0)
66,54,0.0,5,0,5,1.0,-100.0,0.0,MARGIN CALL ($0)
66,53,0.0,6,0,6,1.0,-100.0,0.0,MARGIN CALL ($0)
66,52,0.0,6,0,6,1.0,-100.0,0.0,MARGIN CALL ($0)
66,51,0.0,6,0,6,1.0,-100.0,0.0,MARGIN CALL ($0)
66,50,0.0,7,0,7,1.0,-100.0,0.0,MARGIN CALL ($0)
66,49,0.0,6,0,6,1.0,-100.0,0.0,MARGIN CALL ($0)
66,48,0.0,7,0,7,1.0,-100.0,0.0,MARGIN CALL ($0)
66,47,0.0,8,0,8,1.0,-100.0,0.0,MARGIN CALL ($0)
66,46,0.0,6,0,6,1.0,-100.0,0.0,MARGIN CALL ($0)
66,77,0.0,7,0,7,1.0,-100.0,0.0,MARGIN CALL ($0)
66,76,0.0,7,0,7,1.0,-100.0,0.0,MARGIN CALL ($0)
66,75,0.0,7,0,7,1.0,-100.0,0.0,MARGIN CALL ($0)
66,74,0.0,7,0,7,1.0,-100.0,0.0,MARGIN CALL ($0)
66,73,0.0,7,0,7,1.0,-100.0,0.0,MARGIN CALL ($0)
66,72,0.0,7,0,7,1.0,-100.0,0.0,MARGIN CALL ($0)
66,71,0.0,5,0,5,1.0,-100.0,0.0,MARGIN CALL ($0)
66,70,0.0,7,0,7,1.0,-100.0,0.0,MARGIN CALL ($0)
66,69,0.0,5,0,5,1.0,-100.0,0.0,MARGIN CALL ($0)
66,68,0.0,5,0,5,1.0,-100.0,0.0,MARGIN CALL ($0)
66,67,0.0,27,2,25,1.0,-100.0,7.4074074074074066,MARGIN CALL ($0)
66,66,0.0,5,0,5,1.0,-100.0,0.0,MARGIN CALL ($0)
66,65,0.0,4,0,4,1.0,-100.0,0.0,MARGIN CALL ($0)
66,64,0.0,5,0,5,1.0,-100.0,0.0,MARGIN CALL ($0)
66,63,0.0,5,0,5,1.0,-100.0,0.0,MARGIN CALL ($0)
66,62,0.0,5,0,5,1.0,-100.0,0.0,MARGIN CALL ($0)
66,93,0.0,9,0,9,1.0,-100.0,0.0,MARGIN CALL ($0)
66,92,0.0,9,0,9,1.0,-100.0,0.0,MARGIN CALL ($0)
66,91,0.0,9,0,9,1.0,-100.0,0.0,MARGIN CALL ($0)
66,90,0.0,8,1,7,1.0,-100.0,12.5,MARGIN CALL ($0)
66,89,0.0,7,0,7,1.0,-100.0,0.0,MARGIN CALL ($0)
66,88,0.0,7,0,7,1.0,-100.0,0.0,MARGIN CALL ($0)
66,87,0.0,7,0,7,1.0,-100.0,0.0,MARGIN CALL ($0)
66,86,0.0,7,0,7,1.0,-100.0,0.0,MARGIN CALL ($0)
66,85,0.0,5,0,5,1.0,-100.0,0.0,MARGIN CALL ($0)
66,84,0.0,4,0,4,1.0,-100.0,0.0,MARGIN CALL ($0)
66,83,0.0,4,0,4,1.0,-100.0,0.0,MARGIN CALL ($0)
66,82,0.0,27,3,24,1.0,-100.0,11.11111111111111,MARGIN CALL ($0)
66,81,0.0,8,0,8,1.0,-100.0,0.0,MARGIN CALL ($0)
66,80,0.0,8,0,8,1.0,-100.0,0.0,MARGIN CALL ($0)
66,79,0.0,7,0,7,1.0,-100.0,0.0,MARGIN CALL ($0)
66,78,0.0,7,0,7,1.0,-100.0,0.0,MARGIN CALL ($0)
67,11,0.0,22,3,19,1.0,-100.0,13.636363636363635,MARGIN CALL ($0)
67,10,0.0,24,3,21,1.0,-100.0,12.5,MARGIN CALL ($0)
67,9,0.0,23,3,20,1.0,-100.0,13.043478260869565,MARGIN CALL ($0)
67,8,0.0,21,3,18,1.0,-100.0,14.285714285714285,MARGIN CALL ($0)
67,7,0.0,18,1,17,1.0,-100.0,5.555555555555555,MARGIN CALL ($0)
67,6,0.0,20,1,19,1.0,-100.0,5.0,MARGIN CALL ($0)
67,5,0.0,14,0,14,1.0,-100.0,0.0,MARGIN CALL ($0)
67,4,0.0,37,8,29,1.0,-100.0,21.62162162162162,MARGIN CALL ($0)
67,3,0.0,26,5,21,1.0,-100.0,19.230769230769234,MARGIN CALL ($0)
66,100,0.0,9,0,9,1.0,-100.0,0.0,MARGIN CALL ($0)
66,99,0.0,9,0,9,1.0,-100.0,0.0,MARGIN CALL ($0)
66,98,0.0,10,0,10,1.0,-100.0,0.0,MARGIN CALL ($0)
66,97,0.0,10,0,10,1.0,-100.0,0.0,MARGIN CALL ($0)
66,96,0.0,10,0,10,1.0,-100.0,0.0,MARGIN CALL ($0)
66,95,0.0,10,0,10,1.0,-100.0,0.0,MARGIN CALL ($0)
66,94,0.0,9,0,9,1.0,-100.0,0.0,MARGIN CALL ($0)
67,28,0.0,8,0,8,1.0,-100.0,0.0,MARGIN CALL ($0)
67,27,0.0,104,22,82,1.0,-100.0,21.153846153846153,MARGIN CALL ($0)
67,26,0.0,103,22,81,1.0,-100.0,21.35922330097087,MARGIN CALL ($0)
67,25,0.0,113,22,91,1.0,-100.0,19.469026548672566,MARGIN CALL ($0)
67,24,0.0,134,21,113,1.0,-100.0,15.671641791044777,MARGIN CALL ($0)
67,23,0.0,447,90,357,1.0,-100.0,20.13422818791946,MARGIN CALL ($0)
67,22,0.0,23,3,20,1.0,-100.0,13.043478260869565,MARGIN CALL ($0)
67,21,0.0,279,44,235,1.0,-100.0,15.770609318996415,MARGIN CALL ($0)
67,20,0.0,608,112,496,1.0,-100.0,18.421052631578945,MARGIN CALL ($0)
67,19,0.0,742,139,603,1.0,-100.0,18.733153638814017,MARGIN CALL ($0)
67,18,0.0,5,0,5,1.0,-100.0,0.0,MARGIN CALL ($0)
67,17,0.0,11,0,11,1.0,-100.0,0.0,MARGIN CALL ($0)
67,16,0.0,14,1,13,1.0,-100.0,7.142857142857142,MARGIN CALL ($0)
67,15,0.0,31,5,26,1.0,-100.0,16.129032258064516,MARGIN CALL ($0)
67,14,0.0,831,157,674,1.0,-100.0,18.892900120336943,MARGIN CALL ($0)
67,12,0.0,21,3,18,1.0,-100.0,14.285714285714285,MARGIN CALL ($0)
67,44,0.0,6,0,6,1.0,-100.0,0.0,MARGIN CALL ($0)
67,43,0.0,6,0,6,1.0,-100.0,0.0,MARGIN CALL ($0)
67,42,0.0,7,0,7,1.0,-100.0,0.0,MARGIN CALL ($0)
67,41,0.0,7,0,7,1.0,-100.0,0.0,MARGIN CALL ($0)
67,40,0.0,9,0,9,1.0,-100.0,0.0,MARGIN CALL ($0)
67,39,0.0,8,0,8,1.0,-100.0,0.0,MARGIN CALL ($0)
67,38,0.0,150,21,129,1.0,-100.0,14.000000000000002,MARGIN CALL ($0)
67,37,0.0,175,25,150,1.0,-100.0,14.285714285714285,MARGIN CALL ($0)
67,36,0.0,142,23,119,1.0,-100.0,16.19718309859155,MARGIN CALL ($0)
67,35,0.0,135,23,112,1.0,-100.0,17.037037037037038,MARGIN CALL ($0)
67,34,0.0,21,4,17,1.0,-100.0,19.047619047619047,MARGIN CALL ($0)
67,33,0.0,19,2,17,1.0,-100.0,10.526315789473683,MARGIN CALL ($0)
67,32,0.0,102,17,85,1.0,-100.0,16.666666666666664,MARGIN CALL ($0)
67,31,0.0,108,21,87,1.0,-100.0,19.444444444444446,MARGIN CALL ($0)
67,30,0.0,20,3,17,1.0,-100.0,15.0,MARGIN CALL ($0)
67,29,0.0,8,0,8,1.0,-100.0,0.0,MARGIN CALL ($0)
67,60,0.0,5,0,5,1.0,-100.0,0.0,MARGIN CALL ($0)
67,59,0.0,5,0,5,1.0,-100.0,0.0,MARGIN CALL ($0)
67,58,0.0,5,0,5,1.0,-100.0,0.0,MARGIN CALL ($0)
67,57,0.0,5,0,5,1.0,-100.0,0.0,MARGIN CALL ($0)
67,56,0.0,6,0,6,1.0,-100.0,0.0,MARGIN CALL ($0)
67,55,0.0,5,0,5,1.0,-100.0,0.0,MARGIN CALL ($0)
67,54,0.0,5,0,5,1.0,-100.0,0.0,MARGIN CALL ($0)
67,53,0.0,6,0,6,1.0,-100.0,0.0,MARGIN CALL ($0)
67,52,0.0,6,0,6,1.0,-100.0,0.0,MARGIN CALL ($0)
67,51,0.0,6,0,6,1.0,-100.0,0.0,MARGIN CALL ($0)
67,50,0.0,7,0,7,1.0,-100.0,0.0,MARGIN CALL ($0)
67,49,0.0,6,0,6,1.0,-100.0,0.0,MARGIN CALL ($0)
67,48,0.0,7,0,7,1.0,-100.0,0.0,MARGIN CALL ($0)
67,47,0.0,8,0,8,1.0,-100.0,0.0,MARGIN CALL ($0)
67,46,0.0,6,0,6,1.0,-100.0,0.0,MARGIN CALL ($0)
67,45,0.0,6,0,6,1.0,-100.0,0.0,MARGIN CALL ($0)
67,76,0.0,7,0,7,1.0,-100.0,0.0,MARGIN CALL ($0)
67,75,0.0,8,0,8,1.0,-100.0,0.0,MARGIN CALL ($0)
67,74,0.0,8,0,8,1.0,-100.0,0.0,MARGIN CALL ($0)
67,73,0.0,8,0,8,1.0,-100.0,0.0,MARGIN CALL ($0)
67,72,0.0,8,0,8,1.0,-100.0,0.0,MARGIN CALL ($0)
67,71,0.0,6,0,6,1.0,-100.0,0.0,MARGIN CALL ($0)
67,70,0.0,6,0,6,1.0,-100.0,0.0,MARGIN CALL ($0)
67,69,0.0,32,2,30,1.0,-100.0,6.25,MARGIN CALL ($0)
67,68,0.0,33,2,31,1.0,-100.0,6.0606060606060606,MARGIN CALL ($0)
67,67,0.0,32,2,30,1.0,-100.0,6.25,MARGIN CALL ($0)
67,66,0.0,5,0,5,1.0,-100.0,0.0,MARGIN CALL ($0)
67,65,0.0,4,0,4,1.0,-100.0,0.0,MARGIN CALL ($0)
67,64,0.0,5,0,5,1.0,-100.0,0.0,MARGIN CALL ($0)
67,63,0.0,5,0,5,1.0,-100.0,0.0,MARGIN CALL ($0)
67,62,0.0,5,0,5,1.0,-100.0,0.0,MARGIN CALL ($0)
67,61,0.0,5,0,5,1.0,-100.0,0.0,MARGIN CALL ($0)
67,92,0.0,10,0,10,1.0,-100.0,0.0,MARGIN CALL ($0)
67,91,0.0,10,0,10,1.0,-100.0,0.0,MARGIN CALL ($0)
67,90,0.0,9,1,8,1.0,-100.0,11.11111111111111,MARGIN CALL ($0)
67,89,0.0,8,0,8,1.0,-100.0,0.0,MARGIN CALL ($0)
67,88,0.0,8,0,8,1.0,-100.0,0.0,MARGIN CALL ($0)
67,87,0.0,8,0,8,1.0,-100.0,0.0,MARGIN CALL ($0)
67,86,0.0,8,0,8,1.0,-100.0,0.0,MARGIN CALL ($0)
67,85,0.0,6,0,6,1.0,-100.0,0.0,MARGIN CALL ($0)
67,84,0.0,5,0,5,1.0,-100.0,0.0,MARGIN CALL ($0)
67,83,0.0,5,0,5,1.0,-100.0,0.0,MARGIN CALL ($0)
67,82,0.0,27,3,24,1.0,-100.0,11.11111111111111,MARGIN CALL ($0)
67,81,0.0,9,0,9,1.0,-100.0,0.0,MARGIN CALL ($0)
67,80,0.0,9,0,9,1.0,-100.0,0.0,MARGIN CALL ($0)
67,79,0.0,8,0,8,1.0,-100.0,0.0,MARGIN CALL ($0)
67,78,0.0,8,0,8,1.0,-100.0,0.0,MARGIN CALL ($0)
67,77,0.0,7,0,7,1.0,-100.0,0.0,MARGIN CALL ($0)
68,10,0.0,24,3,21,1.0,-100.0,12.5,MARGIN CALL ($0)
68,9,0.0,23,3,20,1.0,-100.0,13.043478260869565,MARGIN CALL ($0)
68,8,0.0,20,3,17,1.0,-100.0,15.0,MARGIN CALL ($0)
68,7,0.0,17,1,16,1.0,-100.0,5.88235294117647,MARGIN CALL ($0)
68,6,0.0,18,1,17,1.0,-100.0,5.555555555555555,MARGIN CALL ($0)
68,5,0.0,14,0,14,1.0,-100.0,0.0,MARGIN CALL ($0)
68,4,0.0,37,8,29,1.0,-100.0,21.62162162162162,MARGIN CALL ($0)
68,3,0.0,26,5,21,1.0,-100.0,19.230769230769234,MARGIN CALL ($0)
67,100,0.0,10,0,10,1.0,-100.0,0.0,MARGIN CALL ($0)
67,99,0.0,10,0,10,1.0,-100.0,0.0,MARGIN CALL ($0)
67,98,0.0,8,0,8,1.0,-100.0,0.0,MARGIN CALL ($0)
67,97,0.0,8,0,8,1.0,-100.0,0.0,MARGIN CALL ($0)
67,96,0.0,8,0,8,1.0,-100.0,0.0,MARGIN CALL ($0)
67,95,0.0,8,0,8,1.0,-100.0,0.0,MARGIN CALL ($0)
67,94,0.0,10,0,10,1.0,-100.0,0.0,MARGIN CALL ($0)
67,93,0.0,10,0,10,1.0,-100.0,0.0,MARGIN CALL ($0)
68,27,0.0,21,3,18,1.0,-100.0,14.285714285714285,MARGIN CALL ($0)
68,26,0.0,20,3,17,1.0,-100.0,15.0,MARGIN CALL ($0)
68,25,0.0,22,3,19,1.0,-100.0,13.636363636363635,MARGIN CALL ($0)
68,24,0.0,28,3,25,1.0,-100.0,10.714285714285714,MARGIN CALL ($0)
68,23,0.0,94,18,76,1.0,-100.0,19.148936170212767,MARGIN CALL ($0)
68,22,0.0,23,3,20,1.0,-100.0,13.043478260869565,MARGIN CALL ($0)
68,21,0.0,34,5,29,1.0,-100.0,14.705882352941178,MARGIN CALL ($0)
68,20,0.0,539,105,434,1.0,-100.0,19.480519480519483,MARGIN CALL ($0)
68,19,0.0,664,124,540,1.0,-100.0,18.67469879518072,MARGIN CALL ($0)
68,18,0.0,6,0,6,1.0,-100.0,0.0,MARGIN CALL ($0)
68,17,0.0,11,0,11,1.0,-100.0,0.0,MARGIN CALL ($0)
68,16,0.0,14,1,13,1.0,-100.0,7.142857142857142,MARGIN CALL ($0)
68,15,0.0,31,5,26,1.0,-100.0,16.129032258064516,MARGIN CALL ($0)
68,14,0.0,44,8,36,1.0,-100.0,18.181818181818183,MARGIN CALL ($0)
68,12,0.0,20,3,17,1.0,-100.0,15.0,MARGIN CALL ($0)
68,11,0.0,22,3,19,1.0,-100.0,13.636363636363635,MARGIN CALL ($0)
68,43,0.0,7,0,7,1.0,-100.0,0.0,MARGIN CALL ($0)
68,42,0.0,7,0,7,1.0,-100.0,0.0,MARGIN CALL ($0)
68,41,0.0,8,0,8,1.0,-100.0,0.0,MARGIN CALL ($0)
68,40,0.0,9,0,9,1.0,-100.0,0.0,MARGIN CALL ($0)
68,39,0.0,8,0,8,1.0,-100.0,0.0,MARGIN CALL ($0)
68,38,0.0,123,18,105,1.0,-100.0,14.634146341463413,MARGIN CALL ($0)
68,37,0.0,103,11,92,1.0,-100.0,10.679611650485436,MARGIN CALL ($0)
68,36,0.0,33,5,28,1.0,-100.0,15.151515151515152,MARGIN CALL ($0)
68,35,0.0,21,4,17,1.0,-100.0,19.047619047619047,MARGIN CALL ($0)
68,34,0.0,21,4,17,1.0,-100.0,19.047619047619047,MARGIN CALL ($0)
68,33,0.0,19,2,17,1.0,-100.0,10.526315789473683,MARGIN CALL ($0)
68,32,0.0,20,3,17,1.0,-100.0,15.0,MARGIN CALL ($0)
68,31,0.0,19,3,16,1.0,-100.0,15.789473684210526,MARGIN CALL ($0)
68,30,0.0,19,3,16,1.0,-100.0,15.789473684210526,MARGIN CALL ($0)
68,29,0.0,8,0,8,1.0,-100.0,0.0,MARGIN CALL ($0)
68,28,0.0,8,0,8,1.0,-100.0,0.0,MARGIN CALL ($0)
68,59,0.0,6,0,6,1.0,-100.0,0.0,MARGIN CALL ($0)
68,58,0.0,6,0,6,1.0,-100.0,0.0,MARGIN CALL ($0)
68,57,0.0,5,0,5,1.0,-100.0,0.0,MARGIN CALL ($0)
68,56,0.0,7,0,7,1.0,-100.0,0.0,MARGIN CALL ($0)
68,55,0.0,6,0,6,1.0,-100.0,0.0,MARGIN CALL ($0)
68,54,0.0,6,0,6,1.0,-100.0,0.0,MARGIN CALL ($0)
68,53,0.0,7,0,7,1.0,-100.0,0.0,MARGIN CALL ($0)
68,52,0.0,7,0,7,1.0,-100.0,0.0,MARGIN CALL ($0)
68,51,0.0,5,0,5,1.0,-100.0,0.0,MARGIN CALL ($0)
68,50,0.0,7,0,7,1.0,-100.0,0.0,MARGIN CALL ($0)
68,49,0.0,7,0,7,1.0,-100.0,0.0,MARGIN CALL ($0)
68,48,0.0,8,0,8,1.0,-100.0,0.0,MARGIN CALL ($0)
68,47,0.0,8,0,8,1.0,-100.0,0.0,MARGIN CALL ($0)
68,46,0.0,7,0,7,1.0,-100.0,0.0,MARGIN CALL ($0)
68,45,0.0,7,0,7,1.0,-100.0,0.0,MARGIN CALL ($0)
68,44,0.0,7,0,7,1.0,-100.0,0.0,MARGIN CALL ($0)
68,75,0.0,8,0,8,1.0,-100.0,0.0,MARGIN CALL ($0)
68,74,0.0,8,0,8,1.0,-100.0,0.0,MARGIN CALL ($0)
68,73,0.0,8,0,8,1.0,-100.0,0.0,MARGIN CALL ($0)
68,72,0.0,8,0,8,1.0,-100.0,0.0,MARGIN CALL ($0)
68,71,0.0,6,0,6,1.0,-100.0,0.0,MARGIN CALL ($0)
68,70,0.0,6,0,6,1.0,-100.0,0.0,MARGIN CALL ($0)
68,69,0.0,6,0,6,1.0,-100.0,0.0,MARGIN CALL ($0)
68,68,0.0,6,0,6,1.0,-100.0,0.0,MARGIN CALL ($0)
68,67,0.0,33,2,31,1.0,-100.0,6.0606060606060606,MARGIN CALL ($0)
68,66,0.0,6,0,6,1.0,-100.0,0.0,MARGIN CALL ($0)
68,65,0.0,5,0,5,1.0,-100.0,0.0,MARGIN CALL ($0)
68,64,0.0,6,0,6,1.0,-100.0,0.0,MARGIN CALL ($0)
68,63,0.0,6,0,6,1.0,-100.0,0.0,MARGIN CALL ($0)
68,62,0.0,6,0,6,1.0,-100.0,0.0,MARGIN CALL ($0)
68,61,0.0,6,0,6,1.0,-100.0,0.0,MARGIN CALL ($0)
68,60,0.0,6,0,6,1.0,-100.0,0.0,MARGIN CALL ($0)
68,91,0.0,8,0,8,1.0,-100.0,0.0,MARGIN CALL ($0)
68,90,0.0,10,1,9,1.0,-100.0,10.0,MARGIN CALL ($0)
68,89,0.0,9,0,9,1.0,-100.0,0.0,MARGIN CALL ($0)
68,88,0.0,8,0,8,1.0,-100.0,0.0,MARGIN CALL ($0)
68,87,0.0,9,0,9,1.0,-100.0,0.0,MARGIN CALL ($0)
68,86,0.0,9,0,9,1.0,-100.0,0.0,MARGIN CALL ($0)
68,85,0.0,7,0,7,1.0,-100.0,0.0,MARGIN CALL ($0)
68,84,0.0,6,0,6,1.0,-100.0,0.0,MARGIN CALL ($0)
68,83,0.0,6,0,6,1.0,-100.0,0.0,MARGIN CALL ($0)
68,82,0.0,6,0,6,1.0,-100.0,0.0,MARGIN CALL ($0)
68,81,0.0,10,0,10,1.0,-100.0,0.0,MARGIN CALL ($0)
68,80,0.0,10,0,10,1.0,-100.0,0.0,MARGIN CALL ($0)
68,79,0.0,9,0,9,1.0,-100.0,0.0,MARGIN CALL ($0)
68,78,0.0,9,0,9,1.0,-100.0,0.0,MARGIN CALL ($0)
68,77,0.0,7,0,7,1.0,-100.0,0.0,MARGIN CALL ($0)
68,76,0.0,7,0,7,1.0,-100.0,0.0,MARGIN CALL ($0)
69,9,0.0,23,3,20,1.0,-100.0,13.043478260869565,MARGIN CALL ($0)
69,8,0.0,20,3,17,1.0,-100.0,15.0,MARGIN CALL ($0)
69,7,0.0,17,1,16,1.0,-100.0,5.88235294117647,MARGIN CALL ($0)
69,6,0.0,18,1,17,1.0,-100.0,5.555555555555555,MARGIN CALL ($0)
69,5,0.0,14,0,14,1.0,-100.0,0.0,MARGIN CALL ($0)
69,4,0.0,37,8,29,1.0,-100.0,21.62162162162162,MARGIN CALL ($0)
69,3,0.0,26,5,21,1.0,-100.0,19.230769230769234,MARGIN CALL ($0)
68,100,0.0,11,0,11,1.0,-100.0,0.0,MARGIN CALL ($0)
68,99,0.0,11,0,11,1.0,-100.0,0.0,MARGIN CALL ($0)
68,98,0.0,9,0,9,1.0,-100.0,0.0,MARGIN CALL ($0)
68,97,0.0,9,0,9,1.0,-100.0,0.0,MARGIN CALL ($0)
68,96,0.0,9,0,9,1.0,-100.0,0.0,MARGIN CALL ($0)
68,95,0.0,9,0,9,1.0,-100.0,0.0,MARGIN CALL ($0)
68,94,0.0,8,0,8,1.0,-100.0,0.0,MARGIN CALL ($0)
68,93,0.0,8,0,8,1.0,-100.0,0.0,MARGIN CALL ($0)
68,92,0.0,8,0,8,1.0,-100.0,0.0,MARGIN CALL ($0)
69,25,0.0,44,8,36,1.0,-100.0,18.181818181818183,MARGIN CALL ($0)
69,24,0.0,49,6,43,1.0,-100.0,12.244897959183673,MARGIN CALL ($0)
69,23,0.0,131,22,109,1.0,-100.0,16.793893129770993,MARGIN CALL ($0)
69,22,0.0,27,3,24,1.0,-100.0,11.11111111111111,MARGIN CALL ($0)
69,21,0.0,65,11,54,1.0,-100.0,16.923076923076923,MARGIN CALL ($0)
69,20,0.0,608,111,497,1.0,-100.0,18.25657894736842,MARGIN CALL ($0)
69,19,0.0,765,142,623,1.0,-100.0,18.562091503267975,MARGIN CALL ($0)
69,18,0.0,6,0,6,1.0,-100.0,0.0,MARGIN CALL ($0)
69,17,0.0,11,0,11,1.0,-100.0,0.0,MARGIN CALL ($0)
69,16,0.0,14,1,13,1.0,-100.0,7.142857142857142,MARGIN CALL ($0)
69,15,0.0,34,6,28,1.0,-100.0,17.647058823529413,MARGIN CALL ($0)
69,14,0.0,836,156,680,1.0,-100.0,18.660287081339714,MARGIN CALL ($0)
1,1,0.0,1973,349,1624,1.0,-100.0,17.688798783578306,MARGIN CALL ($0)
69,12,0.0,20,3,17,1.0,-100.0,15.0,MARGIN CALL ($0)
69,11,0.0,22,3,19,1.0,-100.0,13.636363636363635,MARGIN CALL ($0)
69,10,0.0,24,3,21,1.0,-100.0,12.5,MARGIN CALL ($0)
69,41,0.0,8,0,8,1.0,-100.0,0.0,MARGIN CALL ($0)
69,40,0.0,9,0,9,1.0,-100.0,0.0,MARGIN CALL ($0)
69,39,0.0,8,0,8,1.0,-100.0,0.0,MARGIN CALL ($0)
69,38,0.0,160,20,140,1.0,-100.0,12.5,MARGIN CALL ($0)
69,37,0.0,150,17,133,1.0,-100.0,11.333333333333332,MARGIN CALL ($0)
69,36,0.0,128,17,111,1.0,-100.0,13.28125,MARGIN CALL ($0)
69,35,0.0,110,18,92,1.0,-100.0,16.363636363636363,MARGIN CALL ($0)
69,34,0.0,31,6,25,1.0,-100.0,19.35483870967742,MARGIN CALL ($0)
69,33,0.0,27,3,24,1.0,-100.0,11.11111111111111,MARGIN CALL ($0)
69,32,0.0,30,4,26,1.0,-100.0,13.333333333333334,MARGIN CALL ($0)
69,31,0.0,32,4,28,1.0,-100.0,12.5,MARGIN CALL ($0)
69,30,0.0,22,4,18,1.0,-100.0,18.181818181818183,MARGIN CALL ($0)
69,29,0.0,32,4,28,1.0,-100.0,12.5,MARGIN CALL ($0)
69,28,0.0,48,6,42,1.0,-100.0,12.5,MARGIN CALL ($0)
69,27,0.0,45,6,39,1.0,-100.0,13.333333333333334,MARGIN CALL ($0)
69,26,0.0,32,3,29,1.0,-100.0,9.375,MARGIN CALL ($0)
69,57,0.0,5,0,5,1.0,-100.0,0.0,MARGIN CALL ($0)
69,56,0.0,7,0,7,1.0,-100.0,0.0,MARGIN CALL ($0)
69,55,0.0,6,0,6,1.0,-100.0,0.0,MARGIN CALL ($0)
69,54,0.0,6,0,6,1.0,-100.0,0.0,MARGIN CALL ($0)
69,53,0.0,7,0,7,1.0,-100.0,0.0,MARGIN CALL ($0)
69,52,0.0,7,0,7,1.0,-100.0,0.0,MARGIN CALL ($0)
69,51,0.0,5,0,5,1.0,-100.0,0.0,MARGIN CALL ($0)
69,50,0.0,7,0,7,1.0,-100.0,0.0,MARGIN CALL ($0)
69,49,0.0,7,0,7,1.0,-100.0,0.0,MARGIN CALL ($0)
69,48,0.0,8,0,8,1.0,-100.0,0.0,MARGIN CALL ($0)
69,47,0.0,8,0,8,1.0,-100.0,0.0,MARGIN CALL ($0)
69,46,0.0,7,0,7,1.0,-100.0,0.0,MARGIN CALL ($0)
69,45,0.0,7,0,7,1.0,-100.0,0.0,MARGIN CALL ($0)
69,44,0.0,7,0,7,1.0,-100.0,0.0,MARGIN CALL ($0)
69,43,0.0,7,0,7,1.0,-100.0,0.0,MARGIN CALL ($0)
69,42,0.0,7,0,7,1.0,-100.0,0.0,MARGIN CALL ($0)
69,73,0.0,8,0,8,1.0,-100.0,0.0,MARGIN CALL ($0)
69,72,0.0,8,0,8,1.0,-100.0,0.0,MARGIN CALL ($0)
69,71,0.0,6,0,6,1.0,-100.0,0.0,MARGIN CALL ($0)
69,70,0.0,6,0,6,1.0,-100.0,0.0,MARGIN CALL ($0)
69,69,0.0,6,0,6,1.0,-100.0,0.0,MARGIN CALL ($0)
69,68,0.0,6,0,6,1.0,-100.0,0.0,MARGIN CALL ($0)
69,67,0.0,32,2,30,1.0,-100.0,6.25,MARGIN CALL ($0)
69,66,0.0,6,0,6,1.0,-100.0,0.0,MARGIN CALL ($0)
69,65,0.0,5,0,5,1.0,-100.0,0.0,MARGIN CALL ($0)
69,64,0.0,6,0,6,1.0,-100.0,0.0,MARGIN CALL ($0)
69,63,0.0,6,0,6,1.0,-100.0,0.0,MARGIN CALL ($0)
69,62,0.0,6,0,6,1.0,-100.0,0.0,MARGIN CALL ($0)
69,61,0.0,6,0,6,1.0,-100.0,0.0,MARGIN CALL ($0)
69,60,0.0,6,0,6,1.0,-100.0,0.0,MARGIN CALL ($0)
69,59,0.0,6,0,6,1.0,-100.0,0.0,MARGIN CALL ($0)
69,58,0.0,6,0,6,1.0,-100.0,0.0,MARGIN CALL ($0)
69,89,0.0,9,0,9,1.0,-100.0,0.0,MARGIN CALL ($0)
69,88,0.0,8,0,8,1.0,-100.0,0.0,MARGIN CALL ($0)
69,87,0.0,9,0,9,1.0,-100.0,0.0,MARGIN CALL ($0)
69,86,0.0,9,0,9,1.0,-100.0,0.0,MARGIN CALL ($0)
69,85,0.0,7,0,7,1.0,-100.0,0.0,MARGIN CALL ($0)
69,84,0.0,6,0,6,1.0,-100.0,0.0,MARGIN CALL ($0)
69,83,0.0,6,0,6,1.0,-100.0,0.0,MARGIN CALL ($0)
69,82,0.0,6,0,6,1.0,-100.0,0.0,MARGIN CALL ($0)
69,81,0.0,10,0,10,1.0,-100.0,0.0,MARGIN CALL ($0)
69,80,0.0,10,0,10,1.0,-100.0,0.0,MARGIN CALL ($0)
69,79,0.0,9,0,9,1.0,-100.0,0.0,MARGIN CALL ($0)
69,78,0.0,9,0,9,1.0,-100.0,0.0,MARGIN CALL ($0)
69,77,0.0,7,0,7,1.0,-100.0,0.0,MARGIN CALL ($0)
69,76,0.0,7,0,7,1.0,-100.0,0.0,MARGIN CALL ($0)
69,75,0.0,8,0,8,1.0,-100.0,0.0,MARGIN CALL ($0)
69,74,0.0,8,0,8,1.0,-100.0,0.0,MARGIN CALL ($0)
70,7,0.0,18,1,17,1.0,-100.0,5.555555555555555,MARGIN CALL ($0)
70,6,0.0,19,1,18,1.0,-100.0,5.263157894736842,MARGIN CALL ($0)
70,5,0.0,14,0,14,1.0,-100.0,0.0,MARGIN CALL ($0)
70,4,0.0,37,8,29,1.0,-100.0,21.62162162162162,MARGIN CALL ($0)
70,3,0.0,26,5,21,1.0,-100.0,19.230769230769234,MARGIN CALL ($0)
69,100,0.0,11,0,11,1.0,-100.0,0.0,MARGIN CALL ($0)
69,99,0.0,11,0,11,1.0,-100.0,0.0,MARGIN CALL ($0)
69,98,0.0,9,0,9,1.0,-100.0,0.0,MARGIN CALL ($0)
69,97,0.0,9,0,9,1.0,-100.0,0.0,MARGIN CALL ($0)
69,96,0.0,9,0,9,1.0,-100.0,0.0,MARGIN CALL ($0)
69,95,0.0,9,0,9,1.0,-100.0,0.0,MARGIN CALL ($0)
69,94,0.0,8,0,8,1.0,-100.0,0.0,MARGIN CALL ($0)
69,93,0.0,8,0,8,1.0,-100.0,0.0,MARGIN CALL ($0)
69,92,0.0,8,0,8,1.0,-100.0,0.0,MARGIN CALL ($0)
69,91,0.0,8,0,8,1.0,-100.0,0.0,MARGIN CALL ($0)
69,90,0.0,10,1,9,1.0,-100.0,10.0,MARGIN CALL ($0)
70,23,0.0,131,22,109,1.0,-100.0,16.793893129770993,MARGIN CALL ($0)
70,22,0.0,27,3,24,1.0,-100.0,11.11111111111111,MARGIN CALL ($0)
70,21,0.0,62,10,52,1.0,-100.0,16.129032258064516,MARGIN CALL ($0)
70,20,0.0,606,109,497,1.0,-100.0,17.986798679867988,MARGIN CALL ($0)
70,19,0.0,744,136,608,1.0,-100.0,18.27956989247312,MARGIN CALL ($0)
70,18,0.0,6,0,6,1.0,-100.0,0.0,MARGIN CALL ($0)
70,17,0.0,11,0,11,1.0,-100.0,0.0,MARGIN CALL ($0)
70,16,0.0,15,1,14,1.0,-100.0,6.666666666666667,MARGIN CALL ($0)
70,15,0.0,35,6,29,1.0,-100.0,17.142857142857142,MARGIN CALL ($0)
70,14,0.0,751,144,607,1.0,-100.0,19.174434087882823,MARGIN CALL ($0)
1,5,0.0,41,6,35,1.0,-100.0,14.634146341463413,MARGIN CALL ($0)
70,12,0.0,21,3,18,1.0,-100.0,14.285714285714285,MARGIN CALL ($0)
70,11,0.0,23,3,20,1.0,-100.0,13.043478260869565,MARGIN CALL ($0)
70,10,0.0,24,3,21,1.0,-100.0,12.5,MARGIN CALL ($0)
70,9,0.0,24,3,21,1.0,-100.0,12.5,MARGIN CALL ($0)
70,8,0.0,21,3,18,1.0,-100.0,14.285714285714285,MARGIN CALL ($0)
70,39,0.0,8,0,8,1.0,-100.0,0.0,MARGIN CALL ($0)
70,38,0.0,160,20,140,1.0,-100.0,12.5,MARGIN CALL ($0)
70,37,0.0,151,17,134,1.0,-100.0,11.258278145695364,MARGIN CALL ($0)
70,36,0.0,128,17,111,1.0,-100.0,13.28125,MARGIN CALL ($0)
70,35,0.0,52,10,42,1.0,-100.0,19.230769230769234,MARGIN CALL ($0)
70,34,0.0,27,5,22,1.0,-100.0,18.51851851851852,MARGIN CALL ($0)
70,33,0.0,25,3,22,1.0,-100.0,12.0,MARGIN CALL ($0)
70,32,0.0,30,4,26,1.0,-100.0,13.333333333333334,MARGIN CALL ($0)
70,31,0.0,32,4,28,1.0,-100.0,12.5,MARGIN CALL ($0)
70,30,0.0,22,4,18,1.0,-100.0,18.181818181818183,MARGIN CALL ($0)
70,29,0.0,32,4,28,1.0,-100.0,12.5,MARGIN CALL ($0)
70,28,0.0,47,6,41,1.0,-100.0,12.76595744680851,MARGIN CALL ($0)
70,27,0.0,44,6,38,1.0,-100.0,13.636363636363635,MARGIN CALL ($0)
70,26,0.0,31,3,28,1.0,-100.0,9.67741935483871,MARGIN CALL ($0)
70,25,0.0,44,8,36,1.0,-100.0,18.181818181818183,MARGIN CALL ($0)
70,24,0.0,52,7,45,1.0,-100.0,13.461538461538462,MARGIN CALL ($0)
70,55,0.0,6,0,6,1.0,-100.0,0.0,MARGIN CALL ($0)
70,54,0.0,6,0,6,1.0,-100.0,0.0,MARGIN CALL ($0)
70,53,0.0,7,0,7,1.0,-100.0,0.0,MARGIN CALL ($0)
70,52,0.0,7,0,7,1.0,-100.0,0.0,MARGIN CALL ($0)
70,51,0.0,5,0,5,1.0,-100.0,0.0,MARGIN CALL ($0)
70,50,0.0,7,0,7,1.0,-100.0,0.0,MARGIN CALL ($0)
70,49,0.0,7,0,7,1.0,-100.0,0.0,MARGIN CALL ($0)
70,48,0.0,8,0,8,1.0,-100.0,0.0,MARGIN CALL ($0)
70,47,0.0,8,0,8,1.0,-100.0,0.0,MARGIN CALL ($0)
70,46,0.0,7,0,7,1.0,-100.0,0.0,MARGIN CALL ($0)
70,45,0.0,7,0,7,1.0,-100.0,0.0,MARGIN CALL ($0)
70,44,0.0,7,0,7,1.0,-100.0,0.0,MARGIN CALL ($0)
70,43,0.0,7,0,7,1.0,-100.0,0.0,MARGIN CALL ($0)
70,42,0.0,7,0,7,1.0,-100.0,0.0,MARGIN CALL ($0)
70,41,0.0,8,0,8,1.0,-100.0,0.0,MARGIN CALL ($0)
70,40,0.0,9,0,9,1.0,-100.0,0.0,MARGIN CALL ($0)
70,71,0.0,6,0,6,1.0,-100.0,0.0,MARGIN CALL ($0)
70,70,0.0,6,0,6,1.0,-100.0,0.0,MARGIN CALL ($0)
70,69,0.0,6,0,6,1.0,-100.0,0.0,MARGIN CALL ($0)
70,68,0.0,6,0,6,1.0,-100.0,0.0,MARGIN CALL ($0)
70,67,0.0,31,2,29,1.0,-100.0,6.451612903225806,MARGIN CALL ($0)
70,66,0.0,6,0,6,1.0,-100.0,0.0,MARGIN CALL ($0)
70,65,0.0,5,0,5,1.0,-100.0,0.0,MARGIN CALL ($0)
70,64,0.0,6,0,6,1.0,-100.0,0.0,MARGIN CALL ($0)
70,63,0.0,6,0,6,1.0,-100.0,0.0,MARGIN CALL ($0)
70,62,0.0,6,0,6,1.0,-100.0,0.0,MARGIN CALL ($0)
70,61,0.0,6,0,6,1.0,-100.0,0.0,MARGIN CALL ($0)
70,60,0.0,6,0,6,1.0,-100.0,0.0,MARGIN CALL ($0)
70,59,0.0,6,0,6,1.0,-100.0,0.0,MARGIN CALL ($0)
70,58,0.0,6,0,6,1.0,-100.0,0.0,MARGIN CALL ($0)
70,57,0.0,5,0,5,1.0,-100.0,0.0,MARGIN CALL ($0)
70,56,0.0,7,0,7,1.0,-100.0,0.0,MARGIN CALL ($0)
70,87,0.0,9,0,9,1.0,-100.0,0.0,MARGIN CALL ($0)
70,86,0.0,9,0,9,1.0,-100.0,0.0,MARGIN CALL ($0)
70,85,0.0,7,0,7,1.0,-100.0,0.0,MARGIN CALL ($0)
70,84,0.0,6,0,6,1.0,-100.0,0.0,MARGIN CALL ($0)
70,83,0.0,6,0,6,1.0,-100.0,0.0,MARGIN CALL ($0)
70,82,0.0,6,0,6,1.0,-100.0,0.0,MARGIN CALL ($0)
70,81,0.0,10,0,10,1.0,-100.0,0.0,MARGIN CALL ($0)
70,80,0.0,10,0,10,1.0,-100.0,0.0,MARGIN CALL ($0)
70,79,0.0,9,0,9,1.0,-100.0,0.0,MARGIN CALL ($0)
70,78,0.0,9,0,9,1.0,-100.0,0.0,MARGIN CALL ($0)
70,77,0.0,7,0,7,1.0,-100.0,0.0,MARGIN CALL ($0)
70,76,0.0,7,0,7,1.0,-100.0,0.0,MARGIN CALL ($0)
70,75,0.0,8,0,8,1.0,-100.0,0.0,MARGIN CALL ($0)
70,74,0.0,8,0,8,1.0,-100.0,0.0,MARGIN CALL ($0)
70,73,0.0,8,0,8,1.0,-100.0,0.0,MARGIN CALL ($0)
70,72,0.0,8,0,8,1.0,-100.0,0.0,MARGIN CALL ($0)
71,4,0.0,37,8,29,1.0,-100.0,21.62162162162162,MARGIN CALL ($0)
71,3,0.0,2357,555,1802,1.0,-100.0,23.54688162918965,MARGIN CALL ($0)
71,1,0.0,1997,372,1625,1.0,-100.0,18.627941912869304,MARGIN CALL ($0)
70,100,0.0,9,0,9,1.0,-100.0,0.0,MARGIN CALL ($0)
70,99,0.0,9,0,9,1.0,-100.0,0.0,MARGIN CALL ($0)
70,98,0.0,9,0,9,1.0,-100.0,0.0,MARGIN CALL ($0)
70,97,0.0,9,0,9,1.0,-100.0,0.0,MARGIN CALL ($0)
70,96,0.0,9,0,9,1.0,-100.0,0.0,MARGIN CALL ($0)
70,95,0.0,9,0,9,1.0,-100.0,0.0,MARGIN CALL ($0)
70,94,0.0,8,0,8,1.0,-100.0,0.0,MARGIN CALL ($0)
70,93,0.0,8,0,8,1.0,-100.0,0.0,MARGIN CALL ($0)
70,92,0.0,8,0,8,1.0,-100.0,0.0,MARGIN CALL ($0)
70,91,0.0,8,0,8,1.0,-100.0,0.0,MARGIN CALL ($0)
70,90,0.0,10,1,9,1.0,-100.0,10.0,MARGIN CALL ($0)
70,89,0.0,9,0,9,1.0,-100.0,0.0,MARGIN CALL ($0)
70,88,0.0,8,0,8,1.0,-100.0,0.0,MARGIN CALL ($0)
71,21,0.0,65,10,55,1.0,-100.0,15.384615384615385,MARGIN CALL ($0)
71,20,0.0,537,100,437,1.0,-100.0,18.6219739292365,MARGIN CALL ($0)
71,18,0.0,6,0,6,1.0,-100.0,0.0,MARGIN CALL ($0)
71,17,0.0,10,0,10,1.0,-100.0,0.0,MARGIN CALL ($0)
71,16,0.0,13,1,12,1.0,-100.0,7.6923076923076925,MARGIN CALL ($0)
71,15,0.0,33,6,27,1.0,-100.0,18.181818181818183,MARGIN CALL ($0)
71,14,0.0,693,138,555,1.0,-100.0,19.913419913419915,MARGIN CALL ($0)
1,6,0.0,40,5,35,1.0,-100.0,12.5,MARGIN CALL ($0)
71,12,0.0,19,3,16,1.0,-100.0,15.789473684210526,MARGIN CALL ($0)
71,11,0.0,21,3,18,1.0,-100.0,14.285714285714285,MARGIN CALL ($0)
71,10,0.0,23,3,20,1.0,-100.0,13.043478260869565,MARGIN CALL ($0)
71,9,0.0,22,3,19,1.0,-100.0,13.636363636363635,MARGIN CALL ($0)
71,8,0.0,20,3,17,1.0,-100.0,15.0,MARGIN CALL ($0)
71,7,0.0,17,1,16,1.0,-100.0,5.88235294117647,MARGIN CALL ($0)
71,6,0.0,18,1,17,1.0,-100.0,5.555555555555555,MARGIN CALL ($0)
71,5,0.0,14,0,14,1.0,-100.0,0.0,MARGIN CALL ($0)
71,37,0.0,143,15,128,1.0,-100.0,10.48951048951049,MARGIN CALL ($0)
71,36,0.0,121,15,106,1.0,-100.0,12.396694214876034,MARGIN CALL ($0)
71,35,0.0,53,10,43,1.0,-100.0,18.867924528301888,MARGIN CALL ($0)
71,34,0.0,27,5,22,1.0,-100.0,18.51851851851852,MARGIN CALL ($0)
71,33,0.0,26,3,23,1.0,-100.0,11.538461538461538,MARGIN CALL ($0)
71,32,0.0,31,4,27,1.0,-100.0,12.903225806451612,MARGIN CALL ($0)
71,31,0.0,33,4,29,1.0,-100.0,12.121212121212121,MARGIN CALL ($0)
71,30,0.0,22,4,18,1.0,-100.0,18.181818181818183,MARGIN CALL ($0)
71,29,0.0,33,4,29,1.0,-100.0,12.121212121212121,MARGIN CALL ($0)
71,28,0.0,48,6,42,1.0,-100.0,12.5,MARGIN CALL ($0)
71,27,0.0,45,6,39,1.0,-100.0,13.333333333333334,MARGIN CALL ($0)
71,26,0.0,32,3,29,1.0,-100.0,9.375,MARGIN CALL ($0)
71,25,0.0,44,8,36,1.0,-100.0,18.181818181818183,MARGIN CALL ($0)
71,24,0.0,53,7,46,1.0,-100.0,13.20754716981132,MARGIN CALL ($0)
71,23,0.0,231,45,186,1.0,-100.0,19.480519480519483,MARGIN CALL ($0)
71,22,0.0,26,3,23,1.0,-100.0,11.538461538461538,MARGIN CALL ($0)
71,53,0.0,7,0,7,1.0,-100.0,0.0,MARGIN CALL ($0)
71,52,0.0,7,0,7,1.0,-100.0,0.0,MARGIN CALL ($0)
71,51,0.0,5,0,5,1.0,-100.0,0.0,MARGIN CALL ($0)
71,50,0.0,7,0,7,1.0,-100.0,0.0,MARGIN CALL ($0)
71,49,0.0,7,0,7,1.0,-100.0,0.0,MARGIN CALL ($0)
71,48,0.0,8,0,8,1.0,-100.0,0.0,MARGIN CALL ($0)
71,47,0.0,8,0,8,1.0,-100.0,0.0,MARGIN CALL ($0)
71,46,0.0,7,0,7,1.0,-100.0,0.0,MARGIN CALL ($0)
71,45,0.0,7,0,7,1.0,-100.0,0.0,MARGIN CALL ($0)
71,44,0.0,7,0,7,1.0,-100.0,0.0,MARGIN CALL ($0)
71,43,0.0,7,0,7,1.0,-100.0,0.0,MARGIN CALL ($0)
71,42,0.0,7,0,7,1.0,-100.0,0.0,MARGIN CALL ($0)
71,41,0.0,8,0,8,1.0,-100.0,0.0,MARGIN CALL ($0)
71,40,0.0,9,0,9,1.0,-100.0,0.0,MARGIN CALL ($0)
71,39,0.0,8,0,8,1.0,-100.0,0.0,MARGIN CALL ($0)
71,38,0.0,154,18,136,1.0,-100.0,11.688311688311687,MARGIN CALL ($0)
71,69,0.0,7,0,7,1.0,-100.0,0.0,MARGIN CALL ($0)
71,68,0.0,7,0,7,1.0,-100.0,0.0,MARGIN CALL ($0)
71,67,0.0,33,3,30,1.0,-100.0,9.090909090909092,MARGIN CALL ($0)
71,66,0.0,6,0,6,1.0,-100.0,0.0,MARGIN CALL ($0)
71,65,0.0,5,0,5,1.0,-100.0,0.0,MARGIN CALL ($0)
71,64,0.0,6,0,6,1.0,-100.0,0.0,MARGIN CALL ($0)
71,63,0.0,6,0,6,1.0,-100.0,0.0,MARGIN CALL ($0)
71,62,0.0,6,0,6,1.0,-100.0,0.0,MARGIN CALL ($0)
71,61,0.0,6,0,6,1.0,-100.0,0.0,MARGIN CALL ($0)
71,60,0.0,6,0,6,1.0,-100.0,0.0,MARGIN CALL ($0)
71,59,0.0,6,0,6,1.0,-100.0,0.0,MARGIN CALL ($0)
71,58,0.0,6,0,6,1.0,-100.0,0.0,MARGIN CALL ($0)
71,57,0.0,5,0,5,1.0,-100.0,0.0,MARGIN CALL ($0)
71,56,0.0,7,0,7,1.0,-100.0,0.0,MARGIN CALL ($0)
71,55,0.0,6,0,6,1.0,-100.0,0.0,MARGIN CALL ($0)
71,54,0.0,6,0,6,1.0,-100.0,0.0,MARGIN CALL ($0)
71,85,0.0,6,0,6,1.0,-100.0,0.0,MARGIN CALL ($0)
71,84,0.0,5,0,5,1.0,-100.0,0.0,MARGIN CALL ($0)
71,83,0.0,5,0,5,1.0,-100.0,0.0,MARGIN CALL ($0)
71,82,0.0,5,0,5,1.0,-100.0,0.0,MARGIN CALL ($0)
71,81,0.0,5,0,5,1.0,-100.0,0.0,MARGIN CALL ($0)
71,80,0.0,5,0,5,1.0,-100.0,0.0,MARGIN CALL ($0)
71,79,0.0,6,0,6,1.0,-100.0,0.0,MARGIN CALL ($0)
71,78,0.0,6,0,6,1.0,-100.0,0.0,MARGIN CALL ($0)
71,77,0.0,6,0,6,1.0,-100.0,0.0,MARGIN CALL ($0)
71,76,0.0,6,0,6,1.0,-100.0,0.0,MARGIN CALL ($0)
71,75,0.0,5,0,5,1.0,-100.0,0.0,MARGIN CALL ($0)
71,74,0.0,5,0,5,1.0,-100.0,0.0,MARGIN CALL ($0)
71,73,0.0,5,0,5,1.0,-100.0,0.0,MARGIN CALL ($0)
71,72,0.0,5,0,5,1.0,-100.0,0.0,MARGIN CALL ($0)
71,71,0.0,5,0,5,1.0,-100.0,0.0,MARGIN CALL ($0)
71,70,0.0,6,0,6,1.0,-100.0,0.0,MARGIN CALL ($0)
72,1,0.0,1997,372,1625,1.0,-100.0,18.627941912869304,MARGIN CALL ($0)
71,100,0.0,9,0,9,1.0,-100.0,0.0,MARGIN CALL ($0)
71,99,0.0,9,0,9,1.0,-100.0,0.0,MARGIN CALL ($0)
71,98,0.0,10,0,10,1.0,-100.0,0.0,MARGIN CALL ($0)
71,97,0.0,10,0,10,1.0,-100.0,0.0,MARGIN CALL ($0)
71,96,0.0,10,0,10,1.0,-100.0,0.0,MARGIN CALL ($0)
71,95,0.0,9,0,9,1.0,-100.0,0.0,MARGIN CALL ($0)
71,94,0.0,8,0,8,1.0,-100.0,0.0,MARGIN CALL ($0)
71,93,0.0,9,1,8,1.0,-100.0,11.11111111111111,MARGIN CALL ($0)
71,92,0.0,9,1,8,1.0,-100.0,11.11111111111111,MARGIN CALL ($0)
71,91,0.0,9,1,8,1.0,-100.0,11.11111111111111,MARGIN CALL ($0)
71,90,0.0,9,1,8,1.0,-100.0,11.11111111111111,MARGIN CALL ($0)
71,89,0.0,8,0,8,1.0,-100.0,0.0,MARGIN CALL ($0)
71,88,0.0,8,0,8,1.0,-100.0,0.0,MARGIN CALL ($0)
71,87,0.0,8,0,8,1.0,-100.0,0.0,MARGIN CALL ($0)
71,86,0.0,8,0,8,1.0,-100.0,0.0,MARGIN CALL ($0)
72,18,0.0,6,0,6,1.0,-100.0,0.0,MARGIN CALL ($0)
72,17,0.0,10,0,10,1.0,-100.0,0.0,MARGIN CALL ($0)
72,16,0.0,13,1,12,1.0,-100.0,7.6923076923076925,MARGIN CALL ($0)
72,15,0.0,33,6,27,1.0,-100.0,18.181818181818183,MARGIN CALL ($0)
72,14,0.0,675,135,540,1.0,-100.0,20.0,MARGIN CALL ($0)
1,7,0.0,37,5,32,1.0,-100.0,13.513513513513514,MARGIN CALL ($0)
72,12,0.0,19,3,16,1.0,-100.0,15.789473684210526,MARGIN CALL ($0)
72,11,0.0,21,3,18,1.0,-100.0,14.285714285714285,MARGIN CALL ($0)
72,10,0.0,23,3,20,1.0,-100.0,13.043478260869565,MARGIN CALL ($0)
72,9,0.0,23,4,19,1.0,-100.0,17.391304347826086,MARGIN CALL ($0)
72,8,0.0,22,4,18,1.0,-100.0,18.181818181818183,MARGIN CALL ($0)
72,7,0.0,17,1,16,1.0,-100.0,5.88235294117647,MARGIN CALL ($0)
72,6,0.0,18,1,17,1.0,-100.0,5.555555555555555,MARGIN CALL ($0)
72,5,0.0,14,0,14,1.0,-100.0,0.0,MARGIN CALL ($0)
72,4,0.0,38,9,29,1.0,-100.0,23.684210526315788,MARGIN CALL ($0)
72,3,0.0,2357,554,1803,1.0,-100.0,23.50445481544336,MARGIN CALL ($0)
72,34,0.0,37,8,29,1.0,-100.0,21.62162162162162,MARGIN CALL ($0)
72,33,0.0,25,3,22,1.0,-100.0,12.0,MARGIN CALL ($0)
72,32,0.0,32,5,27,1.0,-100.0,15.625,MARGIN CALL ($0)
72,31,0.0,32,5,27,1.0,-100.0,15.625,MARGIN CALL ($0)
72,30,0.0,22,4,18,1.0,-100.0,18.181818181818183,MARGIN CALL ($0)
72,29,0.0,33,5,28,1.0,-100.0,15.151515151515152,MARGIN CALL ($0)
72,28,0.0,47,7,40,1.0,-100.0,14.893617021276595,MARGIN CALL ($0)
72,27,0.0,45,7,38,1.0,-100.0,15.555555555555555,MARGIN CALL ($0)
72,26,0.0,33,4,29,1.0,-100.0,12.121212121212121,MARGIN CALL ($0)
72,25,0.0,39,6,33,1.0,-100.0,15.384615384615385,MARGIN CALL ($0)
72,24,0.0,48,7,41,1.0,-100.0,14.583333333333334,MARGIN CALL ($0)
72,23,0.0,220,45,175,1.0,-100.0,20.454545454545457,MARGIN CALL ($0)
72,22,0.0,26,3,23,1.0,-100.0,11.538461538461538,MARGIN CALL ($0)
72,21,0.0,60,10,50,1.0,-100.0,16.666666666666664,MARGIN CALL ($0)
72,20,0.0,536,101,435,1.0,-100.0,18.84328358208955,MARGIN CALL ($0)
72,19,0.0,750,139,611,1.0,-100.0,18.53333333333333,MARGIN CALL ($0)
72,50,0.0,7,0,7,1.0,-100.0,0.0,MARGIN CALL ($0)
72,49,0.0,7,0,7,1.0,-100.0,0.0,MARGIN CALL ($0)
72,48,0.0,8,0,8,1.0,-100.0,0.0,MARGIN CALL ($0)
72,47,0.0,8,0,8,1.0,-100.0,0.0,MARGIN CALL ($0)
72,46,0.0,7,0,7,1.0,-100.0,0.0,MARGIN CALL ($0)
72,45,0.0,7,0,7,1.0,-100.0,0.0,MARGIN CALL ($0)
72,44,0.0,7,0,7,1.0,-100.0,0.0,MARGIN CALL ($0)
72,43,0.0,7,0,7,1.0,-100.0,0.0,MARGIN CALL ($0)
72,42,0.0,8,0,8,1.0,-100.0,0.0,MARGIN CALL ($0)
72,41,0.0,8,0,8,1.0,-100.0,0.0,MARGIN CALL ($0)
72,40,0.0,10,0,10,1.0,-100.0,0.0,MARGIN CALL ($0)
72,39,0.0,9,0,9,1.0,-100.0,0.0,MARGIN CALL ($0)
72,38,0.0,160,20,140,1.0,-100.0,12.5,MARGIN CALL ($0)
72,37,0.0,149,18,131,1.0,-100.0,12.080536912751679,MARGIN CALL ($0)
72,36,0.0,130,19,111,1.0,-100.0,14.615384615384617,MARGIN CALL ($0)
72,35,0.0,60,12,48,1.0,-100.0,20.0,MARGIN CALL ($0)
72,66,0.0,6,0,6,1.0,-100.0,0.0,MARGIN CALL ($0)
72,65,0.0,5,0,5,1.0,-100.0,0.0,MARGIN CALL ($0)
72,64,0.0,6,0,6,1.0,-100.0,0.0,MARGIN CALL ($0)
72,63,0.0,6,0,6,1.0,-100.0,0.0,MARGIN CALL ($0)
72,62,0.0,6,0,6,1.0,-100.0,0.0,MARGIN CALL ($0)
72,61,0.0,6,0,6,1.0,-100.0,0.0,MARGIN CALL ($0)
72,60,0.0,6,0,6,1.0,-100.0,0.0,MARGIN CALL ($0)
72,59,0.0,6,0,6,1.0,-100.0,0.0,MARGIN CALL ($0)
72,58,0.0,6,0,6,1.0,-100.0,0.0,MARGIN CALL ($0)
72,57,0.0,5,0,5,1.0,-100.0,0.0,MARGIN CALL ($0)
72,56,0.0,7,0,7,1.0,-100.0,0.0,MARGIN CALL ($0)
72,55,0.0,6,0,6,1.0,-100.0,0.0,MARGIN CALL ($0)
72,54,0.0,6,0,6,1.0,-100.0,0.0,MARGIN CALL ($0)
72,53,0.0,7,0,7,1.0,-100.0,0.0,MARGIN CALL ($0)
72,52,0.0,7,0,7,1.0,-100.0,0.0,MARGIN CALL ($0)
72,51,0.0,5,0,5,1.0,-100.0,0.0,MARGIN CALL ($0)
72,82,0.0,5,0,5,1.0,-100.0,0.0,MARGIN CALL ($0)
72,81,0.0,5,0,5,1.0,-100.0,0.0,MARGIN CALL ($0)
72,80,0.0,5,0,5,1.0,-100.0,0.0,MARGIN CALL ($0)
72,79,0.0,6,0,6,1.0,-100.0,0.0,MARGIN CALL ($0)
72,78,0.0,6,0,6,1.0,-100.0,0.0,MARGIN CALL ($0)
72,77,0.0,6,0,6,1.0,-100.0,0.0,MARGIN CALL ($0)
72,76,0.0,6,0,6,1.0,-100.0,0.0,MARGIN CALL ($0)
72,75,0.0,5,0,5,1.0,-100.0,0.0,MARGIN CALL ($0)
72,74,0.0,5,0,5,1.0,-100.0,0.0,MARGIN CALL ($0)
72,73,0.0,5,0,5,1.0,-100.0,0.0,MARGIN CALL ($0)
72,72,0.0,5,0,5,1.0,-100.0,0.0,MARGIN CALL ($0)
72,71,0.0,5,0,5,1.0,-100.0,0.0,MARGIN CALL ($0)
72,70,0.0,6,0,6,1.0,-100.0,0.0,MARGIN CALL ($0)
72,69,0.0,6,0,6,1.0,-100.0,0.0,MARGIN CALL ($0)
72,68,0.0,6,0,6,1.0,-100.0,0.0,MARGIN CALL ($0)
72,67,0.0,29,2,27,1.0,-100.0,6.896551724137931,MARGIN CALL ($0)
72,98,0.0,10,0,10,1.0,-100.0,0.0,MARGIN CALL ($0)
72,97,0.0,10,0,10,1.0,-100.0,0.0,MARGIN CALL ($0)
72,96,0.0,10,0,10,1.0,-100.0,0.0,MARGIN CALL ($0)
72,95,0.0,10,0,10,1.0,-100.0,0.0,MARGIN CALL ($0)
72,94,0.0,9,0,9,1.0,-100.0,0.0,MARGIN CALL ($0)
72,93,0.0,10,1,9,1.0,-100.0,10.0,MARGIN CALL ($0)
72,92,0.0,10,1,9,1.0,-100.0,10.0,MARGIN CALL ($0)
72,91,0.0,10,1,9,1.0,-100.0,10.0,MARGIN CALL ($0)
72,90,0.0,10,1,9,1.0,-100.0,10.0,MARGIN CALL ($0)
72,89,0.0,8,0,8,1.0,-100.0,0.0,MARGIN CALL ($0)
72,88,0.0,8,0,8,1.0,-100.0,0.0,MARGIN CALL ($0)
72,87,0.0,8,0,8,1.0,-100.0,0.0,MARGIN CALL ($0)
72,86,0.0,8,0,8,1.0,-100.0,0.0,MARGIN CALL ($0)
72,85,0.0,6,0,6,1.0,-100.0,0.0,MARGIN CALL ($0)
72,84,0.0,5,0,5,1.0,-100.0,0.0,MARGIN CALL ($0)
72,83,0.0,5,0,5,1.0,-100.0,0.0,MARGIN CALL ($0)
73,15,0.0,33,6,27,1.0,-100.0,18.181818181818183,MARGIN CALL ($0)
73,14,0.0,697,140,557,1.0,-100.0,20.086083213773314,MARGIN CALL ($0)
1,8,0.0,62,11,51,1.0,-100.0,17.741935483870968,MARGIN CALL ($0)
73,12,0.0,19,3,16,1.0,-100.0,15.789473684210526,MARGIN CALL ($0)
73,11,0.0,21,3,18,1.0,-100.0,14.285714285714285,MARGIN CALL ($0)
73,10,0.0,23,3,20,1.0,-100.0,13.043478260869565,MARGIN CALL ($0)
73,9,0.0,23,4,19,1.0,-100.0,17.391304347826086,MARGIN CALL ($0)
73,8,0.0,22,4,18,1.0,-100.0,18.181818181818183,MARGIN CALL ($0)
73,7,0.0,17,1,16,1.0,-100.0,5.88235294117647,MARGIN CALL ($0)
73,6,0.0,18,1,17,1.0,-100.0,5.555555555555555,MARGIN CALL ($0)
73,5,0.0,14,0,14,1.0,-100.0,0.0,MARGIN CALL ($0)
73,4,0.0,38,9,29,1.0,-100.0,23.684210526315788,MARGIN CALL ($0)
73,3,0.0,2359,554,1805,1.0,-100.0,23.484527342094108,MARGIN CALL ($0)
73,1,0.0,1868,346,1522,1.0,-100.0,18.52248394004283,MARGIN CALL ($0)
72,100,0.0,9,0,9,1.0,-100.0,0.0,MARGIN CALL ($0)
72,99,0.0,9,0,9,1.0,-100.0,0.0,MARGIN CALL ($0)
1,95,0.0,223,49,174,1.0,-100.0,21.973094170403588,MARGIN CALL ($0)
1,94,0.0,219,49,170,1.0,-100.0,22.37442922374429,MARGIN CALL ($0)
1,93,0.0,325,76,249,1.0,-100.0,23.384615384615383,MARGIN CALL ($0)
1,92,0.0,292,66,226,1.0,-100.0,22.602739726027394,MARGIN CALL ($0)
1,91,0.0,328,76,252,1.0,-100.0,23.170731707317074,MARGIN CALL ($0)
1,90,0.0,374,84,290,1.0,-100.0,22.459893048128343,MARGIN CALL ($0)
1,89,0.0,377,85,292,1.0,-100.0,22.546419098143236,MARGIN CALL ($0)
1,88,0.0,355,78,277,1.0,-100.0,21.971830985915496,MARGIN CALL ($0)
1,87,0.0,64,15,49,1.0,-100.0,23.4375,MARGIN CALL ($0)
1,86,0.0,63,14,49,1.0,-100.0,22.22222222222222,MARGIN CALL ($0)
1,85,0.0,64,14,50,1.0,-100.0,21.875,MARGIN CALL ($0)
1,84,0.0,62,14,48,1.0,-100.0,22.58064516129032,MARGIN CALL ($0)
1,83,0.0,534,117,417,1.0,-100.0,21.910112359550563,MARGIN CALL ($0)
1,82,0.0,579,124,455,1.0,-100.0,21.416234887737478,MARGIN CALL ($0)
1,81,0.0,336,74,262,1.0,-100.0,22.023809523809522,MARGIN CALL ($0)
73,16,0.0,13,1,12,1.0,-100.0,7.6923076923076925,MARGIN CALL ($0)
73,32,0.0,32,5,27,1.0,-100.0,15.625,MARGIN CALL ($0)
73,31,0.0,31,5,26,1.0,-100.0,16.129032258064516,MARGIN CALL ($0)
73,30,0.0,22,4,18,1.0,-100.0,18.181818181818183,MARGIN CALL ($0)
73,29,0.0,31,5,26,1.0,-100.0,16.129032258064516,MARGIN CALL ($0)
73,28,0.0,47,7,40,1.0,-100.0,14.893617021276595,MARGIN CALL ($0)
73,27,0.0,45,7,38,1.0,-100.0,15.555555555555555,MARGIN CALL ($0)
73,26,0.0,32,4,28,1.0,-100.0,12.5,MARGIN CALL ($0)
73,25,0.0,38,6,32,1.0,-100.0,15.789473684210526,MARGIN CALL ($0)
73,24,0.0,49,7,42,1.0,-100.0,14.285714285714285,MARGIN CALL ($0)
73,23,0.0,130,22,108,1.0,-100.0,16.923076923076923,MARGIN CALL ($0)
73,22,0.0,26,3,23,1.0,-100.0,11.538461538461538,MARGIN CALL ($0)
73,21,0.0,65,11,54,1.0,-100.0,16.923076923076923,MARGIN CALL ($0)
73,20,0.0,610,109,501,1.0,-100.0,17.868852459016395,MARGIN CALL ($0)
73,18,0.0,6,0,6,1.0,-100.0,0.0,MARGIN CALL ($0)
73,17,0.0,11,0,11,1.0,-100.0,0.0,MARGIN CALL ($0)
1,96,0.0,82,19,63,1.0,-100.0,23.170731707317074,MARGIN CALL ($0)
73,48,0.0,8,0,8,1.0,-100.0,0.0,MARGIN CALL ($0)
73,47,0.0,8,0,8,1.0,-100.0,0.0,MARGIN CALL ($0)
73,46,0.0,7,0,7,1.0,-100.0,0.0,MARGIN CALL ($0)
73,45,0.0,7,0,7,1.0,-100.0,0.0,MARGIN CALL ($0)
73,44,0.0,7,0,7,1.0,-100.0,0.0,MARGIN CALL ($0)
73,43,0.0,7,0,7,1.0,-100.0,0.0,MARGIN CALL ($0)
73,42,0.0,8,0,8,1.0,-100.0,0.0,MARGIN CALL ($0)
73,41,0.0,9,0,9,1.0,-100.0,0.0,MARGIN CALL ($0)
73,40,0.0,11,0,11,1.0,-100.0,0.0,MARGIN CALL ($0)
73,39,0.0,10,0,10,1.0,-100.0,0.0,MARGIN CALL ($0)
73,38,0.0,190,25,165,1.0,-100.0,13.157894736842104,MARGIN CALL ($0)
73,37,0.0,155,19,136,1.0,-100.0,12.258064516129032,MARGIN CALL ($0)
73,36,0.0,137,20,117,1.0,-100.0,14.5985401459854,MARGIN CALL ($0)
73,35,0.0,120,21,99,1.0,-100.0,17.5,MARGIN CALL ($0)
73,34,0.0,39,9,30,1.0,-100.0,23.076923076923077,MARGIN CALL ($0)
73,33,0.0,26,4,22,1.0,-100.0,15.384615384615385,MARGIN CALL ($0)
73,64,0.0,6,0,6,1.0,-100.0,0.0,MARGIN CALL ($0)
73,63,0.0,6,0,6,1.0,-100.0,0.0,MARGIN CALL ($0)
73,62,0.0,6,0,6,1.0,-100.0,0.0,MARGIN CALL ($0)
73,61,0.0,6,0,6,1.0,-100.0,0.0,MARGIN CALL ($0)
73,60,0.0,6,0,6,1.0,-100.0,0.0,MARGIN CALL ($0)
73,59,0.0,6,0,6,1.0,-100.0,0.0,MARGIN CALL ($0)
73,58,0.0,6,0,6,1.0,-100.0,0.0,MARGIN CALL ($0)
73,57,0.0,5,0,5,1.0,-100.0,0.0,MARGIN CALL ($0)
73,56,0.0,7,0,7,1.0,-100.0,0.0,MARGIN CALL ($0)
73,55,0.0,6,0,6,1.0,-100.0,0.0,MARGIN CALL ($0)
73,54,0.0,6,0,6,1.0,-100.0,0.0,MARGIN CALL ($0)
73,53,0.0,7,0,7,1.0,-100.0,0.0,MARGIN CALL ($0)
73,52,0.0,7,0,7,1.0,-100.0,0.0,MARGIN CALL ($0)
73,51,0.0,5,0,5,1.0,-100.0,0.0,MARGIN CALL ($0)
73,50,0.0,7,0,7,1.0,-100.0,0.0,MARGIN CALL ($0)
73,49,0.0,7,0,7,1.0,-100.0,0.0,MARGIN CALL ($0)
73,80,0.0,5,0,5,1.0,-100.0,0.0,MARGIN CALL ($0)
73,79,0.0,6,0,6,1.0,-100.0,0.0,MARGIN CALL ($0)
73,78,0.0,6,0,6,1.0,-100.0,0.0,MARGIN CALL ($0)
73,77,0.0,6,0,6,1.0,-100.0,0.0,MARGIN CALL ($0)
73,76,0.0,6,0,6,1.0,-100.0,0.0,MARGIN CALL ($0)
73,75,0.0,5,0,5,1.0,-100.0,0.0,MARGIN CALL ($0)
73,74,0.0,5,0,5,1.0,-100.0,0.0,MARGIN CALL ($0)
73,73,0.0,5,0,5,1.0,-100.0,0.0,MARGIN CALL ($0)
73,72,0.0,5,0,5,1.0,-100.0,0.0,MARGIN CALL ($0)
73,71,0.0,5,0,5,1.0,-100.0,0.0,MARGIN CALL ($0)
73,70,0.0,6,0,6,1.0,-100.0,0.0,MARGIN CALL ($0)
73,69,0.0,6,0,6,1.0,-100.0,0.0,MARGIN CALL ($0)
73,68,0.0,6,0,6,1.0,-100.0,0.0,MARGIN CALL ($0)
73,67,0.0,29,2,27,1.0,-100.0,6.896551724137931,MARGIN CALL ($0)
73,66,0.0,6,0,6,1.0,-100.0,0.0,MARGIN CALL ($0)
73,65,0.0,5,0,5,1.0,-100.0,0.0,MARGIN CALL ($0)
73,96,0.0,10,0,10,1.0,-100.0,0.0,MARGIN CALL ($0)
73,95,0.0,11,0,11,1.0,-100.0,0.0,MARGIN CALL ($0)
73,94,0.0,10,0,10,1.0,-100.0,0.0,MARGIN CALL ($0)
73,93,0.0,10,1,9,1.0,-100.0,10.0,MARGIN CALL ($0)
73,92,0.0,10,1,9,1.0,-100.0,10.0,MARGIN CALL ($0)
73,91,0.0,10,1,9,1.0,-100.0,10.0,MARGIN CALL ($0)
73,90,0.0,10,1,9,1.0,-100.0,10.0,MARGIN CALL ($0)
73,89,0.0,8,0,8,1.0,-100.0,0.0,MARGIN CALL ($0)
73,88,0.0,8,0,8,1.0,-100.0,0.0,MARGIN CALL ($0)
73,87,0.0,8,0,8,1.0,-100.0,0.0,MARGIN CALL ($0)
73,86,0.0,8,0,8,1.0,-100.0,0.0,MARGIN CALL ($0)
73,85,0.0,6,0,6,1.0,-100.0,0.0,MARGIN CALL ($0)
73,84,0.0,5,0,5,1.0,-100.0,0.0,MARGIN CALL ($0)
73,83,0.0,5,0,5,1.0,-100.0,0.0,MARGIN CALL ($0)
73,82,0.0,5,0,5,1.0,-100.0,0.0,MARGIN CALL ($0)
73,81,0.0,5,0,5,1.0,-100.0,0.0,MARGIN CALL ($0)
74,14,0.0,697,141,556,1.0,-100.0,20.22955523672884,MARGIN CALL ($0)
74,12,0.0,19,3,16,1.0,-100.0,15.789473684210526,MARGIN CALL ($0)
74,11,0.0,21,3,18,1.0,-100.0,14.285714285714285,MARGIN CALL ($0)
74,10,0.0,23,3,20,1.0,-100.0,13.043478260869565,MARGIN CALL ($0)
74,9,0.0,23,4,19,1.0,-100.0,17.391304347826086,MARGIN CALL ($0)
74,8,0.0,22,4,18,1.0,-100.0,18.181818181818183,MARGIN CALL ($0)
74,7,0.0,17,1,16,1.0,-100.0,5.88235294117647,MARGIN CALL ($0)
74,6,0.0,18,1,17,1.0,-100.0,5.555555555555555,MARGIN CALL ($0)
74,5,0.0,14,0,14,1.0,-100.0,0.0,MARGIN CALL ($0)
74,4,0.0,38,9,29,1.0,-100.0,23.684210526315788,MARGIN CALL ($0)
74,3,0.0,2361,554,1807,1.0,-100.0,23.464633629817875,MARGIN CALL ($0)
74,1,0.0,1884,352,1532,1.0,-100.0,18.683651804670912,MARGIN CALL ($0)
73,100,0.0,9,0,9,1.0,-100.0,0.0,MARGIN CALL ($0)
73,99,0.0,9,0,9,1.0,-100.0,0.0,MARGIN CALL ($0)
73,98,0.0,10,0,10,1.0,-100.0,0.0,MARGIN CALL ($0)
73,97,0.0,10,0,10,1.0,-100.0,0.0,MARGIN CALL ($0)
74,30,0.0,22,4,18,1.0,-100.0,18.181818181818183,MARGIN CALL ($0)
74,29,0.0,31,5,26,1.0,-100.0,16.129032258064516,MARGIN CALL ($0)
74,28,0.0,49,7,42,1.0,-100.0,14.285714285714285,MARGIN CALL ($0)
74,27,0.0,46,7,39,1.0,-100.0,15.217391304347828,MARGIN CALL ($0)
74,26,0.0,32,4,28,1.0,-100.0,12.5,MARGIN CALL ($0)
74,25,0.0,38,6,32,1.0,-100.0,15.789473684210526,MARGIN CALL ($0)
74,24,0.0,47,7,40,1.0,-100.0,14.893617021276595,MARGIN CALL ($0)
74,23,0.0,109,18,91,1.0,-100.0,16.51376146788991,MARGIN CALL ($0)
74,22,0.0,26,3,23,1.0,-100.0,11.538461538461538,MARGIN CALL ($0)
74,21,0.0,66,11,55,1.0,-100.0,16.666666666666664,MARGIN CALL ($0)
74,20,0.0,537,95,442,1.0,-100.0,17.690875232774676,MARGIN CALL ($0)
74,19,0.0,657,116,541,1.0,-100.0,17.65601217656012,MARGIN CALL ($0)
74,18,0.0,6,0,6,1.0,-100.0,0.0,MARGIN CALL ($0)
74,17,0.0,11,0,11,1.0,-100.0,0.0,MARGIN CALL ($0)
74,16,0.0,13,1,12,1.0,-100.0,7.6923076923076925,MARGIN CALL ($0)
74,15,0.0,33,6,27,1.0,-100.0,18.181818181818183,MARGIN CALL ($0)
74,46,0.0,7,0,7,1.0,-100.0,0.0,MARGIN CALL ($0)
74,45,0.0,7,0,7,1.0,-100.0,0.0,MARGIN CALL ($0)
74,44,0.0,7,0,7,1.0,-100.0,0.0,MARGIN CALL ($0)
74,43,0.0,7,0,7,1.0,-100.0,0.0,MARGIN CALL ($0)
74,42,0.0,8,0,8,1.0,-100.0,0.0,MARGIN CALL ($0)
74,41,0.0,9,0,9,1.0,-100.0,0.0,MARGIN CALL ($0)
74,40,0.0,11,0,11,1.0,-100.0,0.0,MARGIN CALL ($0)
74,39,0.0,10,0,10,1.0,-100.0,0.0,MARGIN CALL ($0)
74,38,0.0,147,16,131,1.0,-100.0,10.884353741496598,MARGIN CALL ($0)
74,37,0.0,138,13,125,1.0,-100.0,9.420289855072465,MARGIN CALL ($0)
74,36,0.0,117,17,100,1.0,-100.0,14.529914529914532,MARGIN CALL ($0)
74,35,0.0,119,20,99,1.0,-100.0,16.80672268907563,MARGIN CALL ($0)
74,34,0.0,40,9,31,1.0,-100.0,22.5,MARGIN CALL ($0)
74,33,0.0,27,4,23,1.0,-100.0,14.814814814814813,MARGIN CALL ($0)
74,32,0.0,32,5,27,1.0,-100.0,15.625,MARGIN CALL ($0)
74,31,0.0,31,5,26,1.0,-100.0,16.129032258064516,MARGIN CALL ($0)
74,62,0.0,6,0,6,1.0,-100.0,0.0,MARGIN CALL ($0)
74,61,0.0,6,0,6,1.0,-100.0,0.0,MARGIN CALL ($0)
74,60,0.0,6,0,6,1.0,-100.0,0.0,MARGIN CALL ($0)
74,59,0.0,6,0,6,1.0,-100.0,0.0,MARGIN CALL ($0)
74,58,0.0,6,0,6,1.0,-100.0,0.0,MARGIN CALL ($0)
74,57,0.0,5,0,5,1.0,-100.0,0.0,MARGIN CALL ($0)
74,56,0.0,7,0,7,1.0,-100.0,0.0,MARGIN CALL ($0)
74,55,0.0,6,0,6,1.0,-100.0,0.0,MARGIN CALL ($0)
74,54,0.0,6,0,6,1.0,-100.0,0.0,MARGIN CALL ($0)
74,53,0.0,7,0,7,1.0,-100.0,0.0,MARGIN CALL ($0)
74,52,0.0,7,0,7,1.0,-100.0,0.0,MARGIN CALL ($0)
74,51,0.0,5,0,5,1.0,-100.0,0.0,MARGIN CALL ($0)
74,50,0.0,7,0,7,1.0,-100.0,0.0,MARGIN CALL ($0)
74,49,0.0,7,0,7,1.0,-100.0,0.0,MARGIN CALL ($0)
74,48,0.0,8,0,8,1.0,-100.0,0.0,MARGIN CALL ($0)
74,47,0.0,8,0,8,1.0,-100.0,0.0,MARGIN CALL ($0)
74,78,0.0,6,0,6,1.0,-100.0,0.0,MARGIN CALL ($0)
74,77,0.0,6,0,6,1.0,-100.0,0.0,MARGIN CALL ($0)
74,76,0.0,6,0,6,1.0,-100.0,0.0,MARGIN CALL ($0)
74,75,0.0,5,0,5,1.0,-100.0,0.0,MARGIN CALL ($0)
74,74,0.0,5,0,5,1.0,-100.0,0.0,MARGIN CALL ($0)
74,73,0.0,5,0,5,1.0,-100.0,0.0,MARGIN CALL ($0)
74,72,0.0,5,0,5,1.0,-100.0,0.0,MARGIN CALL ($0)
74,71,0.0,5,0,5,1.0,-100.0,0.0,MARGIN CALL ($0)
74,70,0.0,6,0,6,1.0,-100.0,0.0,MARGIN CALL ($0)
74,69,0.0,6,0,6,1.0,-100.0,0.0,MARGIN CALL ($0)
74,68,0.0,6,0,6,1.0,-100.0,0.0,MARGIN CALL ($0)
74,67,0.0,31,3,28,1.0,-100.0,9.67741935483871,MARGIN CALL ($0)
74,66,0.0,6,0,6,1.0,-100.0,0.0,MARGIN CALL ($0)
74,65,0.0,5,0,5,1.0,-100.0,0.0,MARGIN CALL ($0)
74,64,0.0,6,0,6,1.0,-100.0,0.0,MARGIN CALL ($0)
74,63,0.0,6,0,6,1.0,-100.0,0.0,MARGIN CALL ($0)
74,94,0.0,10,0,10,1.0,-100.0,0.0,MARGIN CALL ($0)
74,93,0.0,10,1,9,1.0,-100.0,10.0,MARGIN CALL ($0)
74,92,0.0,10,1,9,1.0,-100.0,10.0,MARGIN CALL ($0)
74,91,0.0,10,1,9,1.0,-100.0,10.0,MARGIN CALL ($0)
74,90,0.0,10,1,9,1.0,-100.0,10.0,MARGIN CALL ($0)
74,89,0.0,8,0,8,1.0,-100.0,0.0,MARGIN CALL ($0)
74,88,0.0,8,0,8,1.0,-100.0,0.0,MARGIN CALL ($0)
74,87,0.0,8,0,8,1.0,-100.0,0.0,MARGIN CALL ($0)
74,86,0.0,8,0,8,1.0,-100.0,0.0,MARGIN CALL ($0)
74,85,0.0,6,0,6,1.0,-100.0,0.0,MARGIN CALL ($0)
74,84,0.0,5,0,5,1.0,-100.0,0.0,MARGIN CALL ($0)
74,83,0.0,5,0,5,1.0,-100.0,0.0,MARGIN CALL ($0)
74,82,0.0,5,0,5,1.0,-100.0,0.0,MARGIN CALL ($0)
74,81,0.0,5,0,5,1.0,-100.0,0.0,MARGIN CALL ($0)
74,80,0.0,5,0,5,1.0,-100.0,0.0,MARGIN CALL ($0)
74,79,0.0,6,0,6,1.0,-100.0,0.0,MARGIN CALL ($0)
75,11,0.0,21,3,18,1.0,-100.0,14.285714285714285,MARGIN CALL ($0)
75,10,0.0,23,3,20,1.0,-100.0,13.043478260869565,MARGIN CALL ($0)
75,9,0.0,23,4,19,1.0,-100.0,17.391304347826086,MARGIN CALL ($0)
75,8,0.0,22,4,18,1.0,-100.0,18.181818181818183,MARGIN CALL ($0)
75,7,0.0,18,1,17,1.0,-100.0,5.555555555555555,MARGIN CALL ($0)
75,6,0.0,18,1,17,1.0,-100.0,5.555555555555555,MARGIN CALL ($0)
75,5,0.0,14,0,14,1.0,-100.0,0.0,MARGIN CALL ($0)
75,4,0.0,38,9,29,1.0,-100.0,23.684210526315788,MARGIN CALL ($0)
75,3,0.0,2362,554,1808,1.0,-100.0,23.454699407281964,MARGIN CALL ($0)
75,1,0.0,1909,356,1553,1.0,-100.0,18.648507071765323,MARGIN CALL ($0)
74,100,0.0,9,0,9,1.0,-100.0,0.0,MARGIN CALL ($0)
74,99,0.0,9,0,9,1.0,-100.0,0.0,MARGIN CALL ($0)
74,98,0.0,10,0,10,1.0,-100.0,0.0,MARGIN CALL ($0)
74,97,0.0,10,0,10,1.0,-100.0,0.0,MARGIN CALL ($0)
74,96,0.0,10,0,10,1.0,-100.0,0.0,MARGIN CALL ($0)
74,95,0.0,11,0,11,1.0,-100.0,0.0,MARGIN CALL ($0)
75,28,0.0,51,7,44,1.0,-100.0,13.725490196078432,MARGIN CALL ($0)
75,27,0.0,71,14,57,1.0,-100.0,19.718309859154928,MARGIN CALL ($0)
75,26,0.0,39,7,32,1.0,-100.0,17.94871794871795,MARGIN CALL ($0)
75,25,0.0,45,9,36,1.0,-100.0,20.0,MARGIN CALL ($0)
75,24,0.0,54,8,46,1.0,-100.0,14.814814814814813,MARGIN CALL ($0)
75,23,0.0,141,22,119,1.0,-100.0,15.602836879432624,MARGIN CALL ($0)
75,22,0.0,26,3,23,1.0,-100.0,11.538461538461538,MARGIN CALL ($0)
75,21,0.0,67,11,56,1.0,-100.0,16.417910447761194,MARGIN CALL ($0)
75,20,0.0,558,103,455,1.0,-100.0,18.45878136200717,MARGIN CALL ($0)
75,19,0.0,669,122,547,1.0,-100.0,18.236173393124066,MARGIN CALL ($0)
75,18,0.0,6,0,6,1.0,-100.0,0.0,MARGIN CALL ($0)
75,17,0.0,11,0,11,1.0,-100.0,0.0,MARGIN CALL ($0)
75,16,0.0,13,1,12,1.0,-100.0,7.6923076923076925,MARGIN CALL ($0)
75,15,0.0,33,6,27,1.0,-100.0,18.181818181818183,MARGIN CALL ($0)
75,14,0.0,758,151,607,1.0,-100.0,19.92084432717678,MARGIN CALL ($0)
75,12,0.0,20,3,17,1.0,-100.0,15.0,MARGIN CALL ($0)
75,44,0.0,7,0,7,1.0,-100.0,0.0,MARGIN CALL ($0)
75,43,0.0,7,0,7,1.0,-100.0,0.0,MARGIN CALL ($0)
75,42,0.0,8,0,8,1.0,-100.0,0.0,MARGIN CALL ($0)
75,41,0.0,9,0,9,1.0,-100.0,0.0,MARGIN CALL ($0)
75,40,0.0,11,0,11,1.0,-100.0,0.0,MARGIN CALL ($0)
75,39,0.0,10,0,10,1.0,-100.0,0.0,MARGIN CALL ($0)
75,38,0.0,222,30,192,1.0,-100.0,13.513513513513514,MARGIN CALL ($0)
75,37,0.0,136,13,123,1.0,-100.0,9.558823529411764,MARGIN CALL ($0)
75,36,0.0,116,17,99,1.0,-100.0,14.655172413793101,MARGIN CALL ($0)
75,35,0.0,117,20,97,1.0,-100.0,17.094017094017094,MARGIN CALL ($0)
75,34,0.0,39,9,30,1.0,-100.0,23.076923076923077,MARGIN CALL ($0)
75,33,0.0,26,4,22,1.0,-100.0,15.384615384615385,MARGIN CALL ($0)
75,32,0.0,31,5,26,1.0,-100.0,16.129032258064516,MARGIN CALL ($0)
75,31,0.0,32,5,27,1.0,-100.0,15.625,MARGIN CALL ($0)
75,30,0.0,22,4,18,1.0,-100.0,18.181818181818183,MARGIN CALL ($0)
75,29,0.0,33,5,28,1.0,-100.0,15.151515151515152,MARGIN CALL ($0)
75,60,0.0,6,0,6,1.0,-100.0,0.0,MARGIN CALL ($0)
75,59,0.0,6,0,6,1.0,-100.0,0.0,MARGIN CALL ($0)
75,58,0.0,6,0,6,1.0,-100.0,0.0,MARGIN CALL ($0)
75,57,0.0,5,0,5,1.0,-100.0,0.0,MARGIN CALL ($0)
75,56,0.0,7,0,7,1.0,-100.0,0.0,MARGIN CALL ($0)
75,55,0.0,6,0,6,1.0,-100.0,0.0,MARGIN CALL ($0)
75,54,0.0,6,0,6,1.0,-100.0,0.0,MARGIN CALL ($0)
75,53,0.0,7,0,7,1.0,-100.0,0.0,MARGIN CALL ($0)
75,52,0.0,7,0,7,1.0,-100.0,0.0,MARGIN CALL ($0)
75,51,0.0,5,0,5,1.0,-100.0,0.0,MARGIN CALL ($0)
75,50,0.0,7,0,7,1.0,-100.0,0.0,MARGIN CALL ($0)
75,49,0.0,7,0,7,1.0,-100.0,0.0,MARGIN CALL ($0)
75,48,0.0,8,0,8,1.0,-100.0,0.0,MARGIN CALL ($0)
75,47,0.0,8,0,8,1.0,-100.0,0.0,MARGIN CALL ($0)
75,46,0.0,7,0,7,1.0,-100.0,0.0,MARGIN CALL ($0)
75,45,0.0,7,0,7,1.0,-100.0,0.0,MARGIN CALL ($0)
75,76,0.0,6,0,6,1.0,-100.0,0.0,MARGIN CALL ($0)
75,75,0.0,5,0,5,1.0,-100.0,0.0,MARGIN CALL ($0)
75,74,0.0,5,0,5,1.0,-100.0,0.0,MARGIN CALL ($0)
75,73,0.0,5,0,5,1.0,-100.0,0.0,MARGIN CALL ($0)
75,72,0.0,5,0,5,1.0,-100.0,0.0,MARGIN CALL ($0)
75,71,0.0,5,0,5,1.0,-100.0,0.0,MARGIN CALL ($0)
75,70,0.0,6,0,6,1.0,-100.0,0.0,MARGIN CALL ($0)
75,69,0.0,7,1,6,1.0,-100.0,14.285714285714285,MARGIN CALL ($0)
75,68,0.0,7,1,6,1.0,-100.0,14.285714285714285,MARGIN CALL ($0)
75,67,0.0,33,3,30,1.0,-100.0,9.090909090909092,MARGIN CALL ($0)
75,66,0.0,6,0,6,1.0,-100.0,0.0,MARGIN CALL ($0)
75,65,0.0,5,0,5,1.0,-100.0,0.0,MARGIN CALL ($0)
75,64,0.0,6,0,6,1.0,-100.0,0.0,MARGIN CALL ($0)
75,63,0.0,6,0,6,1.0,-100.0,0.0,MARGIN CALL ($0)
75,62,0.0,6,0,6,1.0,-100.0,0.0,MARGIN CALL ($0)
75,61,0.0,6,0,6,1.0,-100.0,0.0,MARGIN CALL ($0)
75,92,0.0,9,1,8,1.0,-100.0,11.11111111111111,MARGIN CALL ($0)
75,91,0.0,9,1,8,1.0,-100.0,11.11111111111111,MARGIN CALL ($0)
75,90,0.0,9,1,8,1.0,-100.0,11.11111111111111,MARGIN CALL ($0)
75,89,0.0,7,0,7,1.0,-100.0,0.0,MARGIN CALL ($0)
75,88,0.0,7,0,7,1.0,-100.0,0.0,MARGIN CALL ($0)
75,87,0.0,7,0,7,1.0,-100.0,0.0,MARGIN CALL ($0)
75,86,0.0,7,0,7,1.0,-100.0,0.0,MARGIN CALL ($0)
75,85,0.0,5,0,5,1.0,-100.0,0.0,MARGIN CALL ($0)
75,84,0.0,5,0,5,1.0,-100.0,0.0,MARGIN CALL ($0)
75,83,0.0,5,0,5,1.0,-100.0,0.0,MARGIN CALL ($0)
75,82,0.0,5,0,5,1.0,-100.0,0.0,MARGIN CALL ($0)
75,81,0.0,5,0,5,1.0,-100.0,0.0,MARGIN CALL ($0)
75,80,0.0,5,0,5,1.0,-100.0,0.0,MARGIN CALL ($0)
75,79,0.0,5,0,5,1.0,-100.0,0.0,MARGIN CALL ($0)
75,78,0.0,5,0,5,1.0,-100.0,0.0,MARGIN CALL ($0)
75,77,0.0,6,0,6,1.0,-100.0,0.0,MARGIN CALL ($0)
76,9,0.0,23,4,19,1.0,-100.0,17.391304347826086,MARGIN CALL ($0)
76,8,0.0,22,4,18,1.0,-100.0,18.181818181818183,MARGIN CALL ($0)
76,7,0.0,18,1,17,1.0,-100.0,5.555555555555555,MARGIN CALL ($0)
76,6,0.0,18,1,17,1.0,-100.0,5.555555555555555,MARGIN CALL ($0)
76,5,0.0,14,0,14,1.0,-100.0,0.0,MARGIN CALL ($0)
76,4,0.0,38,9,29,1.0,-100.0,23.684210526315788,MARGIN CALL ($0)
76,3,0.0,2362,554,1808,1.0,-100.0,23.454699407281964,MARGIN CALL ($0)
76,1,0.0,1959,367,1592,1.0,-100.0,18.734047983665135,MARGIN CALL ($0)
75,100,0.0,9,0,9,1.0,-100.0,0.0,MARGIN CALL ($0)
75,99,0.0,9,0,9,1.0,-100.0,0.0,MARGIN CALL ($0)
75,98,0.0,9,0,9,1.0,-100.0,0.0,MARGIN CALL ($0)
75,97,0.0,9,0,9,1.0,-100.0,0.0,MARGIN CALL ($0)
75,96,0.0,9,0,9,1.0,-100.0,0.0,MARGIN CALL ($0)
75,95,0.0,10,0,10,1.0,-100.0,0.0,MARGIN CALL ($0)
75,94,0.0,9,0,9,1.0,-100.0,0.0,MARGIN CALL ($0)
75,93,0.0,9,1,8,1.0,-100.0,11.11111111111111,MARGIN CALL ($0)
76,26,0.0,51,9,42,1.0,-100.0,17.647058823529413,MARGIN CALL ($0)
76,25,0.0,75,15,60,1.0,-100.0,20.0,MARGIN CALL ($0)
76,24,0.0,63,10,53,1.0,-100.0,15.873015873015872,MARGIN CALL ($0)
76,23,0.0,431,88,343,1.0,-100.0,20.417633410672853,MARGIN CALL ($0)
76,22,0.0,26,3,23,1.0,-100.0,11.538461538461538,MARGIN CALL ($0)
76,21,0.0,265,42,223,1.0,-100.0,15.849056603773585,MARGIN CALL ($0)
76,20,0.0,630,117,513,1.0,-100.0,18.571428571428573,MARGIN CALL ($0)
76,19,0.0,686,130,556,1.0,-100.0,18.950437317784257,MARGIN CALL ($0)
76,18,0.0,6,0,6,1.0,-100.0,0.0,MARGIN CALL ($0)
76,17,0.0,11,0,11,1.0,-100.0,0.0,MARGIN CALL ($0)
76,16,0.0,13,1,12,1.0,-100.0,7.6923076923076925,MARGIN CALL ($0)
76,15,0.0,33,6,27,1.0,-100.0,18.181818181818183,MARGIN CALL ($0)
76,14,0.0,759,154,605,1.0,-100.0,20.28985507246377,MARGIN CALL ($0)
76,12,0.0,20,3,17,1.0,-100.0,15.0,MARGIN CALL ($0)
76,11,0.0,21,3,18,1.0,-100.0,14.285714285714285,MARGIN CALL ($0)
76,10,0.0,23,3,20,1.0,-100.0,13.043478260869565,MARGIN CALL ($0)
76,42,0.0,8,0,8,1.0,-100.0,0.0,MARGIN CALL ($0)
76,41,0.0,9,0,9,1.0,-100.0,0.0,MARGIN CALL ($0)
76,40,0.0,11,0,11,1.0,-100.0,0.0,MARGIN CALL ($0)
76,39,0.0,10,0,10,1.0,-100.0,0.0,MARGIN CALL ($0)
76,38,0.0,220,31,189,1.0,-100.0,14.09090909090909,MARGIN CALL ($0)
76,37,0.0,169,20,149,1.0,-100.0,11.834319526627219,MARGIN CALL ($0)
76,36,0.0,157,22,135,1.0,-100.0,14.012738853503185,MARGIN CALL ($0)
76,35,0.0,139,22,117,1.0,-100.0,15.827338129496402,MARGIN CALL ($0)
76,34,0.0,125,23,102,1.0,-100.0,18.4,MARGIN CALL ($0)
76,33,0.0,107,18,89,1.0,-100.0,16.822429906542055,MARGIN CALL ($0)
76,32,0.0,119,19,100,1.0,-100.0,15.966386554621847,MARGIN CALL ($0)
76,31,0.0,121,22,99,1.0,-100.0,18.181818181818183,MARGIN CALL ($0)
76,30,0.0,22,4,18,1.0,-100.0,18.181818181818183,MARGIN CALL ($0)
76,29,0.0,81,17,64,1.0,-100.0,20.98765432098765,MARGIN CALL ($0)
76,28,0.0,111,19,92,1.0,-100.0,17.117117117117118,MARGIN CALL ($0)
76,27,0.0,85,16,69,1.0,-100.0,18.823529411764707,MARGIN CALL ($0)
76,58,0.0,6,0,6,1.0,-100.0,0.0,MARGIN CALL ($0)
76,57,0.0,5,0,5,1.0,-100.0,0.0,MARGIN CALL ($0)
76,56,0.0,7,0,7,1.0,-100.0,0.0,MARGIN CALL ($0)
76,55,0.0,7,0,7,1.0,-100.0,0.0,MARGIN CALL ($0)
76,54,0.0,6,0,6,1.0,-100.0,0.0,MARGIN CALL ($0)
76,53,0.0,7,0,7,1.0,-100.0,0.0,MARGIN CALL ($0)
76,52,0.0,7,0,7,1.0,-100.0,0.0,MARGIN CALL ($0)
76,51,0.0,5,0,5,1.0,-100.0,0.0,MARGIN CALL ($0)
76,50,0.0,7,0,7,1.0,-100.0,0.0,MARGIN CALL ($0)
76,49,0.0,7,0,7,1.0,-100.0,0.0,MARGIN CALL ($0)
76,48,0.0,8,0,8,1.0,-100.0,0.0,MARGIN CALL ($0)
76,47,0.0,8,0,8,1.0,-100.0,0.0,MARGIN CALL ($0)
76,46,0.0,7,0,7,1.0,-100.0,0.0,MARGIN CALL ($0)
76,45,0.0,7,0,7,1.0,-100.0,0.0,MARGIN CALL ($0)
76,44,0.0,7,0,7,1.0,-100.0,0.0,MARGIN CALL ($0)
76,43,0.0,7,0,7,1.0,-100.0,0.0,MARGIN CALL ($0)
76,74,0.0,6,0,6,1.0,-100.0,0.0,MARGIN CALL ($0)
76,73,0.0,6,0,6,1.0,-100.0,0.0,MARGIN CALL ($0)
76,72,0.0,6,0,6,1.0,-100.0,0.0,MARGIN CALL ($0)
76,71,0.0,6,0,6,1.0,-100.0,0.0,MARGIN CALL ($0)
76,70,0.0,6,0,6,1.0,-100.0,0.0,MARGIN CALL ($0)
76,69,0.0,7,1,6,1.0,-100.0,14.285714285714285,MARGIN CALL ($0)
76,68,0.0,7,1,6,1.0,-100.0,14.285714285714285,MARGIN CALL ($0)
76,67,0.0,33,3,30,1.0,-100.0,9.090909090909092,MARGIN CALL ($0)
76,66,0.0,6,0,6,1.0,-100.0,0.0,MARGIN CALL ($0)
76,65,0.0,5,0,5,1.0,-100.0,0.0,MARGIN CALL ($0)
76,64,0.0,6,0,6,1.0,-100.0,0.0,MARGIN CALL ($0)
76,63,0.0,6,0,6,1.0,-100.0,0.0,MARGIN CALL ($0)
76,62,0.0,6,0,6,1.0,-100.0,0.0,MARGIN CALL ($0)
76,61,0.0,6,0,6,1.0,-100.0,0.0,MARGIN CALL ($0)
76,60,0.0,6,0,6,1.0,-100.0,0.0,MARGIN CALL ($0)
76,59,0.0,6,0,6,1.0,-100.0,0.0,MARGIN CALL ($0)
76,90,0.0,7,0,7,1.0,-100.0,0.0,MARGIN CALL ($0)
76,89,0.0,7,0,7,1.0,-100.0,0.0,MARGIN CALL ($0)
76,88,0.0,7,0,7,1.0,-100.0,0.0,MARGIN CALL ($0)
76,87,0.0,7,0,7,1.0,-100.0,0.0,MARGIN CALL ($0)
76,86,0.0,7,0,7,1.0,-100.0,0.0,MARGIN CALL ($0)
76,85,0.0,7,0,7,1.0,-100.0,0.0,MARGIN CALL ($0)
76,84,0.0,6,0,6,1.0,-100.0,0.0,MARGIN CALL ($0)
76,83,0.0,6,0,6,1.0,-100.0,0.0,MARGIN CALL ($0)
76,82,0.0,5,0,5,1.0,-100.0,0.0,MARGIN CALL ($0)
76,81,0.0,5,0,5,1.0,-100.0,0.0,MARGIN CALL ($0)
76,80,0.0,6,0,6,1.0,-100.0,0.0,MARGIN CALL ($0)
76,79,0.0,6,0,6,1.0,-100.0,0.0,MARGIN CALL ($0)
76,78,0.0,6,0,6,1.0,-100.0,0.0,MARGIN CALL ($0)
76,77,0.0,5,0,5,1.0,-100.0,0.0,MARGIN CALL ($0)
76,76,0.0,5,0,5,1.0,-100.0,0.0,MARGIN CALL ($0)
76,75,0.0,6,0,6,1.0,-100.0,0.0,MARGIN CALL ($0)
77,7,0.0,18,1,17,1.0,-100.0,5.555555555555555,MARGIN CALL ($0)
77,6,0.0,18,1,17,1.0,-100.0,5.555555555555555,MARGIN CALL ($0)
77,5,0.0,14,0,14,1.0,-100.0,0.0,MARGIN CALL ($0)
77,4,0.0,38,9,29,1.0,-100.0,23.684210526315788,MARGIN CALL ($0)
77,3,0.0,2364,554,1810,1.0,-100.0,23.434856175972925,MARGIN CALL ($0)
77,1,0.0,2008,375,1633,1.0,-100.0,18.675298804780876,MARGIN CALL ($0)
76,100,0.0,8,0,8,1.0,-100.0,0.0,MARGIN CALL ($0)
76,99,0.0,8,0,8,1.0,-100.0,0.0,MARGIN CALL ($0)
76,98,0.0,8,0,8,1.0,-100.0,0.0,MARGIN CALL ($0)
76,97,0.0,8,0,8,1.0,-100.0,0.0,MARGIN CALL ($0)
76,96,0.0,8,0,8,1.0,-100.0,0.0,MARGIN CALL ($0)
76,95,0.0,7,0,7,1.0,-100.0,0.0,MARGIN CALL ($0)
76,94,0.0,7,0,7,1.0,-100.0,0.0,MARGIN CALL ($0)
76,93,0.0,7,0,7,1.0,-100.0,0.0,MARGIN CALL ($0)
76,92,0.0,7,0,7,1.0,-100.0,0.0,MARGIN CALL ($0)
76,91,0.0,7,0,7,1.0,-100.0,0.0,MARGIN CALL ($0)
77,25,0.0,123,23,100,1.0,-100.0,18.69918699186992,MARGIN CALL ($0)
77,24,0.0,130,23,107,1.0,-100.0,17.692307692307693,MARGIN CALL ($0)
77,23,0.0,438,91,347,1.0,-100.0,20.776255707762555,MARGIN CALL ($0)
77,22,0.0,226,40,186,1.0,-100.0,17.699115044247787,MARGIN CALL ($0)
77,21,0.0,283,46,237,1.0,-100.0,16.25441696113074,MARGIN CALL ($0)
77,20,0.0,657,122,535,1.0,-100.0,18.56925418569254,MARGIN CALL ($0)
77,18,0.0,5,0,5,1.0,-100.0,0.0,MARGIN CALL ($0)
77,17,0.0,10,0,10,1.0,-100.0,0.0,MARGIN CALL ($0)
77,16,0.0,15,1,14,1.0,-100.0,6.666666666666667,MARGIN CALL ($0)
77,15,0.0,34,6,28,1.0,-100.0,17.647058823529413,MARGIN CALL ($0)
77,14,0.0,761,154,607,1.0,-100.0,20.2365308804205,MARGIN CALL ($0)
77,12,0.0,20,3,17,1.0,-100.0,15.0,MARGIN CALL ($0)
77,11,0.0,21,3,18,1.0,-100.0,14.285714285714285,MARGIN CALL ($0)
77,10,0.0,23,3,20,1.0,-100.0,13.043478260869565,MARGIN CALL ($0)
77,9,0.0,12,0,12,1.0,-100.0,0.0,MARGIN CALL ($0)
77,8,0.0,13,0,13,1.0,-100.0,0.0,MARGIN CALL ($0)
77,41,0.0,9,0,9,1.0,-100.0,0.0,MARGIN CALL ($0)
77,40,0.0,10,0,10,1.0,-100.0,0.0,MARGIN CALL ($0)
77,39,0.0,10,0,10,1.0,-100.0,0.0,MARGIN CALL ($0)
77,38,0.0,223,31,192,1.0,-100.0,13.901345291479823,MARGIN CALL ($0)
77,37,0.0,202,26,176,1.0,-100.0,12.871287128712872,MARGIN CALL ($0)
77,36,0.0,152,21,131,1.0,-100.0,13.815789473684212,MARGIN CALL ($0)
77,35,0.0,134,21,113,1.0,-100.0,15.671641791044777,MARGIN CALL ($0)
77,34,0.0,122,22,100,1.0,-100.0,18.0327868852459,MARGIN CALL ($0)
77,33,0.0,102,17,85,1.0,-100.0,16.666666666666664,MARGIN CALL ($0)
77,32,0.0,114,18,96,1.0,-100.0,15.789473684210526,MARGIN CALL ($0)
77,31,0.0,115,21,94,1.0,-100.0,18.26086956521739,MARGIN CALL ($0)
77,30,0.0,52,13,39,1.0,-100.0,25.0,MARGIN CALL ($0)
77,29,0.0,115,22,93,1.0,-100.0,19.130434782608695,MARGIN CALL ($0)
77,28,0.0,120,20,100,1.0,-100.0,16.666666666666664,MARGIN CALL ($0)
77,27,0.0,117,21,96,1.0,-100.0,17.94871794871795,MARGIN CALL ($0)
77,26,0.0,115,21,94,1.0,-100.0,18.26086956521739,MARGIN CALL ($0)
77,57,0.0,5,0,5,1.0,-100.0,0.0,MARGIN CALL ($0)
77,56,0.0,6,0,6,1.0,-100.0,0.0,MARGIN CALL ($0)
77,55,0.0,6,0,6,1.0,-100.0,0.0,MARGIN CALL ($0)
77,54,0.0,5,0,5,1.0,-100.0,0.0,MARGIN CALL ($0)
77,53,0.0,6,0,6,1.0,-100.0,0.0,MARGIN CALL ($0)
77,52,0.0,6,0,6,1.0,-100.0,0.0,MARGIN CALL ($0)
77,51,0.0,6,0,6,1.0,-100.0,0.0,MARGIN CALL ($0)
77,50,0.0,7,0,7,1.0,-100.0,0.0,MARGIN CALL ($0)
77,49,0.0,6,0,6,1.0,-100.0,0.0,MARGIN CALL ($0)
77,48,0.0,7,0,7,1.0,-100.0,0.0,MARGIN CALL ($0)
77,47,0.0,8,0,8,1.0,-100.0,0.0,MARGIN CALL ($0)
77,46,0.0,6,0,6,1.0,-100.0,0.0,MARGIN CALL ($0)
77,45,0.0,6,0,6,1.0,-100.0,0.0,MARGIN CALL ($0)
77,44,0.0,6,0,6,1.0,-100.0,0.0,MARGIN CALL ($0)
77,43,0.0,6,0,6,1.0,-100.0,0.0,MARGIN CALL ($0)
77,42,0.0,8,0,8,1.0,-100.0,0.0,MARGIN CALL ($0)
77,73,0.0,6,0,6,1.0,-100.0,0.0,MARGIN CALL ($0)
77,72,0.0,6,0,6,1.0,-100.0,0.0,MARGIN CALL ($0)
77,71,0.0,6,0,6,1.0,-100.0,0.0,MARGIN CALL ($0)
77,70,0.0,6,0,6,1.0,-100.0,0.0,MARGIN CALL ($0)
77,69,0.0,7,1,6,1.0,-100.0,14.285714285714285,MARGIN CALL ($0)
77,68,0.0,7,1,6,1.0,-100.0,14.285714285714285,MARGIN CALL ($0)
77,67,0.0,34,3,31,1.0,-100.0,8.823529411764707,MARGIN CALL ($0)
77,66,0.0,5,0,5,1.0,-100.0,0.0,MARGIN CALL ($0)
77,65,0.0,4,0,4,1.0,-100.0,0.0,MARGIN CALL ($0)
77,64,0.0,5,0,5,1.0,-100.0,0.0,MARGIN CALL ($0)
77,63,0.0,5,0,5,1.0,-100.0,0.0,MARGIN CALL ($0)
77,62,0.0,5,0,5,1.0,-100.0,0.0,MARGIN CALL ($0)
77,61,0.0,5,0,5,1.0,-100.0,0.0,MARGIN CALL ($0)
77,60,0.0,5,0,5,1.0,-100.0,0.0,MARGIN CALL ($0)
77,59,0.0,5,0,5,1.0,-100.0,0.0,MARGIN CALL ($0)
77,58,0.0,5,0,5,1.0,-100.0,0.0,MARGIN CALL ($0)
77,89,0.0,6,0,6,1.0,-100.0,0.0,MARGIN CALL ($0)
77,88,0.0,6,0,6,1.0,-100.0,0.0,MARGIN CALL ($0)
77,87,0.0,6,0,6,1.0,-100.0,0.0,MARGIN CALL ($0)
77,86,0.0,7,0,7,1.0,-100.0,0.0,MARGIN CALL ($0)
77,85,0.0,6,0,6,1.0,-100.0,0.0,MARGIN CALL ($0)
77,84,0.0,5,0,5,1.0,-100.0,0.0,MARGIN CALL ($0)
77,83,0.0,5,0,5,1.0,-100.0,0.0,MARGIN CALL ($0)
77,82,0.0,4,0,4,1.0,-100.0,0.0,MARGIN CALL ($0)
77,81,0.0,4,0,4,1.0,-100.0,0.0,MARGIN CALL ($0)
77,80,0.0,5,0,5,1.0,-100.0,0.0,MARGIN CALL ($0)
77,79,0.0,5,0,5,1.0,-100.0,0.0,MARGIN CALL ($0)
77,78,0.0,5,0,5,1.0,-100.0,0.0,MARGIN CALL ($0)
77,77,0.0,8,1,7,1.0,-100.0,12.5,MARGIN CALL ($0)
77,76,0.0,5,0,5,1.0,-100.0,0.0,MARGIN CALL ($0)
77,75,0.0,6,0,6,1.0,-100.0,0.0,MARGIN CALL ($0)
77,74,0.0,6,0,6,1.0,-100.0,0.0,MARGIN CALL ($0)
78,6,0.0,18,1,17,1.0,-100.0,5.555555555555555,MARGIN CALL ($0)
78,5,0.0,14,0,14,1.0,-100.0,0.0,MARGIN CALL ($0)
78,4,0.0,39,9,30,1.0,-100.0,23.076923076923077,MARGIN CALL ($0)
78,3,0.0,2483,582,1901,1.0,-100.0,23.439387837293594,MARGIN CALL ($0)
78,1,0.0,2003,374,1629,1.0,-100.0,18.671992011982027,MARGIN CALL ($0)
77,100,0.0,7,0,7,1.0,-100.0,0.0,MARGIN CALL ($0)
77,99,0.0,7,0,7,1.0,-100.0,0.0,MARGIN CALL ($0)
77,98,0.0,7,0,7,1.0,-100.0,0.0,MARGIN CALL ($0)
77,97,0.0,7,0,7,1.0,-100.0,0.0,MARGIN CALL ($0)
77,96,0.0,7,0,7,1.0,-100.0,0.0,MARGIN CALL ($0)
77,95,0.0,7,0,7,1.0,-100.0,0.0,MARGIN CALL ($0)
77,94,0.0,6,0,6,1.0,-100.0,0.0,MARGIN CALL ($0)
77,93,0.0,6,0,6,1.0,-100.0,0.0,MARGIN CALL ($0)
77,92,0.0,6,0,6,1.0,-100.0,0.0,MARGIN CALL ($0)
77,91,0.0,6,0,6,1.0,-100.0,0.0,MARGIN CALL ($0)
77,90,0.0,6,0,6,1.0,-100.0,0.0,MARGIN CALL ($0)
78,24,0.0,129,22,107,1.0,-100.0,17.05426356589147,MARGIN CALL ($0)
78,23,0.0,440,90,350,1.0,-100.0,20.454545454545457,MARGIN CALL ($0)
78,22,0.0,27,3,24,1.0,-100.0,11.11111111111111,MARGIN CALL ($0)
78,21,0.0,279,44,235,1.0,-100.0,15.770609318996415,MARGIN CALL ($0)
78,20,0.0,649,116,533,1.0,-100.0,17.873651771956855,MARGIN CALL ($0)
78,18,0.0,5,0,5,1.0,-100.0,0.0,MARGIN CALL ($0)
78,17,0.0,10,0,10,1.0,-100.0,0.0,MARGIN CALL ($0)
78,16,0.0,15,1,14,1.0,-100.0,6.666666666666667,MARGIN CALL ($0)
78,15,0.0,34,6,28,1.0,-100.0,17.647058823529413,MARGIN CALL ($0)
78,14,0.0,749,151,598,1.0,-100.0,20.160213618157545,MARGIN CALL ($0)
78,12,0.0,20,3,17,1.0,-100.0,15.0,MARGIN CALL ($0)
78,11,0.0,21,3,18,1.0,-100.0,14.285714285714285,MARGIN CALL ($0)
78,10,0.0,23,3,20,1.0,-100.0,13.043478260869565,MARGIN CALL ($0)
78,9,0.0,12,0,12,1.0,-100.0,0.0,MARGIN CALL ($0)
78,8,0.0,13,0,13,1.0,-100.0,0.0,MARGIN CALL ($0)
78,7,0.0,18,1,17,1.0,-100.0,5.555555555555555,MARGIN CALL ($0)
78,40,0.0,10,0,10,1.0,-100.0,0.0,MARGIN CALL ($0)
78,39,0.0,10,0,10,1.0,-100.0,0.0,MARGIN CALL ($0)
78,38,0.0,220,31,189,1.0,-100.0,14.09090909090909,MARGIN CALL ($0)
78,37,0.0,209,28,181,1.0,-100.0,13.397129186602871,MARGIN CALL ($0)
78,36,0.0,140,17,123,1.0,-100.0,12.142857142857142,MARGIN CALL ($0)
78,35,0.0,125,20,105,1.0,-100.0,16.0,MARGIN CALL ($0)
78,34,0.0,115,21,94,1.0,-100.0,18.26086956521739,MARGIN CALL ($0)
78,33,0.0,100,16,84,1.0,-100.0,16.0,MARGIN CALL ($0)
78,32,0.0,110,17,93,1.0,-100.0,15.454545454545453,MARGIN CALL ($0)
78,31,0.0,110,20,90,1.0,-100.0,18.181818181818183,MARGIN CALL ($0)
78,30,0.0,48,12,36,1.0,-100.0,25.0,MARGIN CALL ($0)
78,29,0.0,112,21,91,1.0,-100.0,18.75,MARGIN CALL ($0)
78,28,0.0,113,18,95,1.0,-100.0,15.929203539823009,MARGIN CALL ($0)
78,27,0.0,113,20,93,1.0,-100.0,17.699115044247787,MARGIN CALL ($0)
78,26,0.0,112,19,93,1.0,-100.0,16.964285714285715,MARGIN CALL ($0)
78,25,0.0,120,21,99,1.0,-100.0,17.5,MARGIN CALL ($0)
78,56,0.0,6,0,6,1.0,-100.0,0.0,MARGIN CALL ($0)
78,55,0.0,6,0,6,1.0,-100.0,0.0,MARGIN CALL ($0)
78,54,0.0,5,0,5,1.0,-100.0,0.0,MARGIN CALL ($0)
78,53,0.0,6,0,6,1.0,-100.0,0.0,MARGIN CALL ($0)
78,52,0.0,6,0,6,1.0,-100.0,0.0,MARGIN CALL ($0)
78,51,0.0,6,0,6,1.0,-100.0,0.0,MARGIN CALL ($0)
78,50,0.0,7,0,7,1.0,-100.0,0.0,MARGIN CALL ($0)
78,49,0.0,6,0,6,1.0,-100.0,0.0,MARGIN CALL ($0)
78,48,0.0,7,0,7,1.0,-100.0,0.0,MARGIN CALL ($0)
78,47,0.0,8,0,8,1.0,-100.0,0.0,MARGIN CALL ($0)
78,46,0.0,6,0,6,1.0,-100.0,0.0,MARGIN CALL ($0)
78,45,0.0,6,0,6,1.0,-100.0,0.0,MARGIN CALL ($0)
78,44,0.0,6,0,6,1.0,-100.0,0.0,MARGIN CALL ($0)
78,43,0.0,6,0,6,1.0,-100.0,0.0,MARGIN CALL ($0)
78,42,0.0,8,0,8,1.0,-100.0,0.0,MARGIN CALL ($0)
78,41,0.0,9,0,9,1.0,-100.0,0.0,MARGIN CALL ($0)
78,72,0.0,6,0,6,1.0,-100.0,0.0,MARGIN CALL ($0)
78,71,0.0,6,0,6,1.0,-100.0,0.0,MARGIN CALL ($0)
78,70,0.0,6,0,6,1.0,-100.0,0.0,MARGIN CALL ($0)
78,69,0.0,6,0,6,1.0,-100.0,0.0,MARGIN CALL ($0)
78,68,0.0,6,0,6,1.0,-100.0,0.0,MARGIN CALL ($0)
78,67,0.0,38,3,35,1.0,-100.0,7.894736842105263,MARGIN CALL ($0)
78,66,0.0,5,0,5,1.0,-100.0,0.0,MARGIN CALL ($0)
78,65,0.0,5,0,5,1.0,-100.0,0.0,MARGIN CALL ($0)
78,64,0.0,6,0,6,1.0,-100.0,0.0,MARGIN CALL ($0)
78,63,0.0,5,0,5,1.0,-100.0,0.0,MARGIN CALL ($0)
78,62,0.0,5,0,5,1.0,-100.0,0.0,MARGIN CALL ($0)
78,61,0.0,5,0,5,1.0,-100.0,0.0,MARGIN CALL ($0)
78,60,0.0,5,0,5,1.0,-100.0,0.0,MARGIN CALL ($0)
78,59,0.0,5,0,5,1.0,-100.0,0.0,MARGIN CALL ($0)
78,58,0.0,5,0,5,1.0,-100.0,0.0,MARGIN CALL ($0)
78,57,0.0,5,0,5,1.0,-100.0,0.0,MARGIN CALL ($0)
78,88,0.0,6,0,6,1.0,-100.0,0.0,MARGIN CALL ($0)
78,87,0.0,6,0,6,1.0,-100.0,0.0,MARGIN CALL ($0)
78,86,0.0,7,0,7,1.0,-100.0,0.0,MARGIN CALL ($0)
78,85,0.0,6,0,6,1.0,-100.0,0.0,MARGIN CALL ($0)
78,84,0.0,5,0,5,1.0,-100.0,0.0,MARGIN CALL ($0)
78,83,0.0,5,0,5,1.0,-100.0,0.0,MARGIN CALL ($0)
78,82,0.0,4,0,4,1.0,-100.0,0.0,MARGIN CALL ($0)
78,81,0.0,4,0,4,1.0,-100.0,0.0,MARGIN CALL ($0)
78,80,0.0,5,0,5,1.0,-100.0,0.0,MARGIN CALL ($0)
78,79,0.0,5,0,5,1.0,-100.0,0.0,MARGIN CALL ($0)
78,78,0.0,5,0,5,1.0,-100.0,0.0,MARGIN CALL ($0)
78,77,0.0,5,0,5,1.0,-100.0,0.0,MARGIN CALL ($0)
78,76,0.0,6,0,6,1.0,-100.0,0.0,MARGIN CALL ($0)
78,75,0.0,6,0,6,1.0,-100.0,0.0,MARGIN CALL ($0)
78,74,0.0,6,0,6,1.0,-100.0,0.0,MARGIN CALL ($0)
78,73,0.0,6,0,6,1.0,-100.0,0.0,MARGIN CALL ($0)
79,5,0.0,14,0,14,1.0,-100.0,0.0,MARGIN CALL ($0)
79,4,0.0,39,9,30,1.0,-100.0,23.076923076923077,MARGIN CALL ($0)
79,3,0.0,2484,582,1902,1.0,-100.0,23.42995169082126,MARGIN CALL ($0)
79,1,0.0,1991,371,1620,1.0,-100.0,18.633852335509793,MARGIN CALL ($0)
78,100,0.0,9,0,9,1.0,-100.0,0.0,MARGIN CALL ($0)
78,99,0.0,9,0,9,1.0,-100.0,0.0,MARGIN CALL ($0)
78,98,0.0,9,0,9,1.0,-100.0,0.0,MARGIN CALL ($0)
78,97,0.0,9,0,9,1.0,-100.0,0.0,MARGIN CALL ($0)
78,96,0.0,9,0,9,1.0,-100.0,0.0,MARGIN CALL ($0)
78,95,0.0,7,0,7,1.0,-100.0,0.0,MARGIN CALL ($0)
78,94,0.0,6,0,6,1.0,-100.0,0.0,MARGIN CALL ($0)
78,93,0.0,6,0,6,1.0,-100.0,0.0,MARGIN CALL ($0)
78,92,0.0,6,0,6,1.0,-100.0,0.0,MARGIN CALL ($0)
78,91,0.0,6,0,6,1.0,-100.0,0.0,MARGIN CALL ($0)
78,90,0.0,6,0,6,1.0,-100.0,0.0,MARGIN CALL ($0)
78,89,0.0,6,0,6,1.0,-100.0,0.0,MARGIN CALL ($0)
79,23,0.0,445,91,354,1.0,-100.0,20.44943820224719,MARGIN CALL ($0)
79,22,0.0,24,3,21,1.0,-100.0,12.5,MARGIN CALL ($0)
79,21,0.0,259,40,219,1.0,-100.0,15.444015444015443,MARGIN CALL ($0)
79,20,0.0,646,118,528,1.0,-100.0,18.26625386996904,MARGIN CALL ($0)
79,18,0.0,5,0,5,1.0,-100.0,0.0,MARGIN CALL ($0)
79,17,0.0,10,0,10,1.0,-100.0,0.0,MARGIN CALL ($0)
79,16,0.0,16,2,14,1.0,-100.0,12.5,MARGIN CALL ($0)
79,15,0.0,34,7,27,1.0,-100.0,20.588235294117645,MARGIN CALL ($0)
79,14,0.0,771,158,613,1.0,-100.0,20.492866407263293,MARGIN CALL ($0)
79,12,0.0,20,4,16,1.0,-100.0,20.0,MARGIN CALL ($0)
79,11,0.0,22,4,18,1.0,-100.0,18.181818181818183,MARGIN CALL ($0)
79,10,0.0,23,4,19,1.0,-100.0,17.391304347826086,MARGIN CALL ($0)
79,9,0.0,23,5,18,1.0,-100.0,21.73913043478261,MARGIN CALL ($0)
79,8,0.0,22,5,17,1.0,-100.0,22.727272727272727,MARGIN CALL ($0)
79,7,0.0,19,2,17,1.0,-100.0,10.526315789473683,MARGIN CALL ($0)
79,6,0.0,21,2,19,1.0,-100.0,9.523809523809524,MARGIN CALL ($0)
79,39,0.0,10,0,10,1.0,-100.0,0.0,MARGIN CALL ($0)
79,38,0.0,220,31,189,1.0,-100.0,14.09090909090909,MARGIN CALL ($0)
79,37,0.0,213,29,184,1.0,-100.0,13.615023474178404,MARGIN CALL ($0)
79,36,0.0,151,22,129,1.0,-100.0,14.56953642384106,MARGIN CALL ($0)
79,35,0.0,118,20,98,1.0,-100.0,16.94915254237288,MARGIN CALL ($0)
79,34,0.0,101,21,80,1.0,-100.0,20.792079207920793,MARGIN CALL ($0)
79,33,0.0,22,3,19,1.0,-100.0,13.636363636363635,MARGIN CALL ($0)
79,32,0.0,108,17,91,1.0,-100.0,15.74074074074074,MARGIN CALL ($0)
79,31,0.0,104,18,86,1.0,-100.0,17.307692307692307,MARGIN CALL ($0)
79,30,0.0,20,4,16,1.0,-100.0,20.0,MARGIN CALL ($0)
79,29,0.0,77,15,62,1.0,-100.0,19.480519480519483,MARGIN CALL ($0)
79,28,0.0,106,16,90,1.0,-100.0,15.09433962264151,MARGIN CALL ($0)
79,27,0.0,106,17,89,1.0,-100.0,16.037735849056602,MARGIN CALL ($0)
79,26,0.0,106,16,90,1.0,-100.0,15.09433962264151,MARGIN CALL ($0)
79,25,0.0,115,19,96,1.0,-100.0,16.52173913043478,MARGIN CALL ($0)
79,24,0.0,125,20,105,1.0,-100.0,16.0,MARGIN CALL ($0)
79,55,0.0,6,0,6,1.0,-100.0,0.0,MARGIN CALL ($0)
79,54,0.0,5,0,5,1.0,-100.0,0.0,MARGIN CALL ($0)
79,53,0.0,6,0,6,1.0,-100.0,0.0,MARGIN CALL ($0)
79,52,0.0,6,0,6,1.0,-100.0,0.0,MARGIN CALL ($0)
79,51,0.0,6,0,6,1.0,-100.0,0.0,MARGIN CALL ($0)
79,50,0.0,7,0,7,1.0,-100.0,0.0,MARGIN CALL ($0)
79,49,0.0,6,0,6,1.0,-100.0,0.0,MARGIN CALL ($0)
79,48,0.0,7,0,7,1.0,-100.0,0.0,MARGIN CALL ($0)
79,47,0.0,8,0,8,1.0,-100.0,0.0,MARGIN CALL ($0)
79,46,0.0,6,0,6,1.0,-100.0,0.0,MARGIN CALL ($0)
79,45,0.0,6,0,6,1.0,-100.0,0.0,MARGIN CALL ($0)
79,44,0.0,6,0,6,1.0,-100.0,0.0,MARGIN CALL ($0)
79,43,0.0,6,0,6,1.0,-100.0,0.0,MARGIN CALL ($0)
79,42,0.0,8,0,8,1.0,-100.0,0.0,MARGIN CALL ($0)
79,41,0.0,9,0,9,1.0,-100.0,0.0,MARGIN CALL ($0)
79,40,0.0,10,0,10,1.0,-100.0,0.0,MARGIN CALL ($0)
79,71,0.0,6,0,6,1.0,-100.0,0.0,MARGIN CALL ($0)
79,70,0.0,6,0,6,1.0,-100.0,0.0,MARGIN CALL ($0)
79,69,0.0,6,0,6,1.0,-100.0,0.0,MARGIN CALL ($0)
79,68,0.0,6,0,6,1.0,-100.0,0.0,MARGIN CALL ($0)
79,67,0.0,38,3,35,1.0,-100.0,7.894736842105263,MARGIN CALL ($0)
79,66,0.0,5,0,5,1.0,-100.0,0.0,MARGIN CALL ($0)
79,65,0.0,5,0,5,1.0,-100.0,0.0,MARGIN CALL ($0)
79,64,0.0,6,0,6,1.0,-100.0,0.0,MARGIN CALL ($0)
79,63,0.0,5,0,5,1.0,-100.0,0.0,MARGIN CALL ($0)
79,62,0.0,5,0,5,1.0,-100.0,0.0,MARGIN CALL ($0)
79,61,0.0,5,0,5,1.0,-100.0,0.0,MARGIN CALL ($0)
79,60,0.0,5,0,5,1.0,-100.0,0.0,MARGIN CALL ($0)
79,59,0.0,5,0,5,1.0,-100.0,0.0,MARGIN CALL ($0)
79,58,0.0,5,0,5,1.0,-100.0,0.0,MARGIN CALL ($0)
79,57,0.0,5,0,5,1.0,-100.0,0.0,MARGIN CALL ($0)
79,56,0.0,6,0,6,1.0,-100.0,0.0,MARGIN CALL ($0)
79,87,0.0,5,0,5,1.0,-100.0,0.0,MARGIN CALL ($0)
79,86,0.0,6,0,6,1.0,-100.0,0.0,MARGIN CALL ($0)
79,85,0.0,6,0,6,1.0,-100.0,0.0,MARGIN CALL ($0)
79,84,0.0,5,0,5,1.0,-100.0,0.0,MARGIN CALL ($0)
79,83,0.0,5,0,5,1.0,-100.0,0.0,MARGIN CALL ($0)
79,82,0.0,4,0,4,1.0,-100.0,0.0,MARGIN CALL ($0)
79,81,0.0,4,0,4,1.0,-100.0,0.0,MARGIN CALL ($0)
79,80,0.0,5,0,5,1.0,-100.0,0.0,MARGIN CALL ($0)
79,79,0.0,5,0,5,1.0,-100.0,0.0,MARGIN CALL ($0)
79,78,0.0,5,0,5,1.0,-100.0,0.0,MARGIN CALL ($0)
79,77,0.0,5,0,5,1.0,-100.0,0.0,MARGIN CALL ($0)
79,76,0.0,6,0,6,1.0,-100.0,0.0,MARGIN CALL ($0)
79,75,0.0,6,0,6,1.0,-100.0,0.0,MARGIN CALL ($0)
79,74,0.0,6,0,6,1.0,-100.0,0.0,MARGIN CALL ($0)
79,73,0.0,6,0,6,1.0,-100.0,0.0,MARGIN CALL ($0)
79,72,0.0,6,0,6,1.0,-100.0,0.0,MARGIN CALL ($0)
1,79,0.0,71,15,56,1.0,-100.0,21.12676056338028,MARGIN CALL ($0)
1,78,0.0,71,15,56,1.0,-100.0,21.12676056338028,MARGIN CALL ($0)
1,77,0.0,71,15,56,1.0,-100.0,21.12676056338028,MARGIN CALL ($0)
1,76,0.0,71,15,56,1.0,-100.0,21.12676056338028,MARGIN CALL ($0)
1,75,0.0,73,15,58,1.0,-100.0,20.54794520547945,MARGIN CALL ($0)
1,74,0.0,73,15,58,1.0,-100.0,20.54794520547945,MARGIN CALL ($0)
1,73,0.0,72,15,57,1.0,-100.0,20.833333333333336,MARGIN CALL ($0)
1,72,0.0,69,15,54,1.0,-100.0,21.73913043478261,MARGIN CALL ($0)
1,71,0.0,66,15,51,1.0,-100.0,22.727272727272727,MARGIN CALL ($0)
1,70,0.0,64,15,49,1.0,-100.0,23.4375,MARGIN CALL ($0)
1,69,0.0,91,24,67,1.0,-100.0,26.373626373626376,MARGIN CALL ($0)
1,68,0.0,90,24,66,1.0,-100.0,26.666666666666668,MARGIN CALL ($0)
1,67,0.0,626,139,487,1.0,-100.0,22.20447284345048,MARGIN CALL ($0)
1,66,0.0,1992,502,1490,1.0,-100.0,25.200803212851408,MARGIN CALL ($0)
1,65,0.0,1295,299,996,1.0,-100.0,23.08880308880309,MARGIN CALL ($0)
79,88,0.0,5,0,5,1.0,-100.0,0.0,MARGIN CALL ($0)
80,4,0.0,40,9,31,1.0,-100.0,22.5,MARGIN CALL ($0)
80,3,0.0,2483,581,1902,1.0,-100.0,23.399113975030204,MARGIN CALL ($0)
80,1,0.0,1990,372,1618,1.0,-100.0,18.693467336683415,MARGIN CALL ($0)
79,100,0.0,8,0,8,1.0,-100.0,0.0,MARGIN CALL ($0)
79,99,0.0,8,0,8,1.0,-100.0,0.0,MARGIN CALL ($0)
79,98,0.0,8,0,8,1.0,-100.0,0.0,MARGIN CALL ($0)
79,97,0.0,8,0,8,1.0,-100.0,0.0,MARGIN CALL ($0)
79,96,0.0,8,0,8,1.0,-100.0,0.0,MARGIN CALL ($0)
79,95,0.0,6,0,6,1.0,-100.0,0.0,MARGIN CALL ($0)
79,94,0.0,5,0,5,1.0,-100.0,0.0,MARGIN CALL ($0)
79,93,0.0,5,0,5,1.0,-100.0,0.0,MARGIN CALL ($0)
79,92,0.0,5,0,5,1.0,-100.0,0.0,MARGIN CALL ($0)
79,91,0.0,5,0,5,1.0,-100.0,0.0,MARGIN CALL ($0)
79,90,0.0,5,0,5,1.0,-100.0,0.0,MARGIN CALL ($0)
79,89,0.0,5,0,5,1.0,-100.0,0.0,MARGIN CALL ($0)
1,80,0.0,355,77,278,1.0,-100.0,21.69014084507042,MARGIN CALL ($0)
80,22,0.0,24,3,21,1.0,-100.0,12.5,MARGIN CALL ($0)
80,21,0.0,273,44,229,1.0,-100.0,16.117216117216117,MARGIN CALL ($0)
80,20,0.0,639,115,524,1.0,-100.0,17.996870109546165,MARGIN CALL ($0)
80,18,0.0,5,0,5,1.0,-100.0,0.0,MARGIN CALL ($0)
80,17,0.0,10,0,10,1.0,-100.0,0.0,MARGIN CALL ($0)
80,16,0.0,16,2,14,1.0,-100.0,12.5,MARGIN CALL ($0)
80,15,0.0,34,7,27,1.0,-100.0,20.588235294117645,MARGIN CALL ($0)
80,14,0.0,766,156,610,1.0,-100.0,20.365535248041773,MARGIN CALL ($0)
80,12,0.0,20,4,16,1.0,-100.0,20.0,MARGIN CALL ($0)
80,11,0.0,22,4,18,1.0,-100.0,18.181818181818183,MARGIN CALL ($0)
80,10,0.0,23,4,19,1.0,-100.0,17.391304347826086,MARGIN CALL ($0)
80,9,0.0,23,5,18,1.0,-100.0,21.73913043478261,MARGIN CALL ($0)
80,8,0.0,22,5,17,1.0,-100.0,22.727272727272727,MARGIN CALL ($0)
80,7,0.0,19,2,17,1.0,-100.0,10.526315789473683,MARGIN CALL ($0)
80,6,0.0,21,2,19,1.0,-100.0,9.523809523809524,MARGIN CALL ($0)
80,5,0.0,14,0,14,1.0,-100.0,0.0,MARGIN CALL ($0)
80,38,0.0,215,31,184,1.0,-100.0,14.418604651162791,MARGIN CALL ($0)
80,37,0.0,209,29,180,1.0,-100.0,13.875598086124402,MARGIN CALL ($0)
80,36,0.0,150,22,128,1.0,-100.0,14.666666666666666,MARGIN CALL ($0)
80,35,0.0,117,20,97,1.0,-100.0,17.094017094017094,MARGIN CALL ($0)
80,34,0.0,99,21,78,1.0,-100.0,21.21212121212121,MARGIN CALL ($0)
80,33,0.0,22,3,19,1.0,-100.0,13.636363636363635,MARGIN CALL ($0)
80,32,0.0,107,17,90,1.0,-100.0,15.887850467289718,MARGIN CALL ($0)
80,31,0.0,103,18,85,1.0,-100.0,17.475728155339805,MARGIN CALL ($0)
80,30,0.0,20,4,16,1.0,-100.0,20.0,MARGIN CALL ($0)
80,29,0.0,76,15,61,1.0,-100.0,19.736842105263158,MARGIN CALL ($0)
80,28,0.0,106,16,90,1.0,-100.0,15.09433962264151,MARGIN CALL ($0)
80,27,0.0,105,17,88,1.0,-100.0,16.19047619047619,MARGIN CALL ($0)
80,26,0.0,106,16,90,1.0,-100.0,15.09433962264151,MARGIN CALL ($0)
80,25,0.0,114,19,95,1.0,-100.0,16.666666666666664,MARGIN CALL ($0)
80,24,0.0,131,20,111,1.0,-100.0,15.267175572519085,MARGIN CALL ($0)
80,23,0.0,456,92,364,1.0,-100.0,20.175438596491226,MARGIN CALL ($0)
80,54,0.0,5,0,5,1.0,-100.0,0.0,MARGIN CALL ($0)
80,53,0.0,6,0,6,1.0,-100.0,0.0,MARGIN CALL ($0)
80,52,0.0,6,0,6,1.0,-100.0,0.0,MARGIN CALL ($0)
80,51,0.0,6,0,6,1.0,-100.0,0.0,MARGIN CALL ($0)
80,50,0.0,7,0,7,1.0,-100.0,0.0,MARGIN CALL ($0)
80,49,0.0,6,0,6,1.0,-100.0,0.0,MARGIN CALL ($0)
80,48,0.0,7,0,7,1.0,-100.0,0.0,MARGIN CALL ($0)
80,47,0.0,8,0,8,1.0,-100.0,0.0,MARGIN CALL ($0)
80,46,0.0,6,0,6,1.0,-100.0,0.0,MARGIN CALL ($0)
80,45,0.0,6,0,6,1.0,-100.0,0.0,MARGIN CALL ($0)
80,44,0.0,6,0,6,1.0,-100.0,0.0,MARGIN CALL ($0)
80,43,0.0,6,0,6,1.0,-100.0,0.0,MARGIN CALL ($0)
80,42,0.0,8,0,8,1.0,-100.0,0.0,MARGIN CALL ($0)
80,41,0.0,9,0,9,1.0,-100.0,0.0,MARGIN CALL ($0)
80,40,0.0,10,0,10,1.0,-100.0,0.0,MARGIN CALL ($0)
80,39,0.0,10,0,10,1.0,-100.0,0.0,MARGIN CALL ($0)
80,70,0.0,6,0,6,1.0,-100.0,0.0,MARGIN CALL ($0)
80,69,0.0,6,0,6,1.0,-100.0,0.0,MARGIN CALL ($0)
80,68,0.0,6,0,6,1.0,-100.0,0.0,MARGIN CALL ($0)
80,67,0.0,38,3,35,1.0,-100.0,7.894736842105263,MARGIN CALL ($0)
80,66,0.0,5,0,5,1.0,-100.0,0.0,MARGIN CALL ($0)
80,65,0.0,5,0,5,1.0,-100.0,0.0,MARGIN CALL ($0)
80,64,0.0,6,0,6,1.0,-100.0,0.0,MARGIN CALL ($0)
80,63,0.0,6,0,6,1.0,-100.0,0.0,MARGIN CALL ($0)
80,62,0.0,6,0,6,1.0,-100.0,0.0,MARGIN CALL ($0)
80,61,0.0,6,0,6,1.0,-100.0,0.0,MARGIN CALL ($0)
80,60,0.0,6,0,6,1.0,-100.0,0.0,MARGIN CALL ($0)
80,59,0.0,6,0,6,1.0,-100.0,0.0,MARGIN CALL ($0)
80,58,0.0,6,0,6,1.0,-100.0,0.0,MARGIN CALL ($0)
80,57,0.0,6,0,6,1.0,-100.0,0.0,MARGIN CALL ($0)
80,56,0.0,6,0,6,1.0,-100.0,0.0,MARGIN CALL ($0)
80,55,0.0,6,0,6,1.0,-100.0,0.0,MARGIN CALL ($0)
80,86,0.0,6,0,6,1.0,-100.0,0.0,MARGIN CALL ($0)
80,85,0.0,5,0,5,1.0,-100.0,0.0,MARGIN CALL ($0)
80,84,0.0,4,0,4,1.0,-100.0,0.0,MARGIN CALL ($0)
80,83,0.0,4,0,4,1.0,-100.0,0.0,MARGIN CALL ($0)
80,82,0.0,4,0,4,1.0,-100.0,0.0,MARGIN CALL ($0)
80,81,0.0,4,0,4,1.0,-100.0,0.0,MARGIN CALL ($0)
80,80,0.0,4,0,4,1.0,-100.0,0.0,MARGIN CALL ($0)
80,79,0.0,5,0,5,1.0,-100.0,0.0,MARGIN CALL ($0)
80,78,0.0,5,0,5,1.0,-100.0,0.0,MARGIN CALL ($0)
80,77,0.0,5,0,5,1.0,-100.0,0.0,MARGIN CALL ($0)
80,76,0.0,6,0,6,1.0,-100.0,0.0,MARGIN CALL ($0)
80,75,0.0,5,0,5,1.0,-100.0,0.0,MARGIN CALL ($0)
80,74,0.0,5,0,5,1.0,-100.0,0.0,MARGIN CALL ($0)
80,73,0.0,5,0,5,1.0,-100.0,0.0,MARGIN CALL ($0)
80,72,0.0,5,0,5,1.0,-100.0,0.0,MARGIN CALL ($0)
80,71,0.0,5,0,5,1.0,-100.0,0.0,MARGIN CALL ($0)
81,3,0.0,2363,553,1810,1.0,-100.0,23.402454506982647,MARGIN CALL ($0)
81,1,0.0,2065,387,1678,1.0,-100.0,18.7409200968523,MARGIN CALL ($0)
80,100,0.0,9,0,9,1.0,-100.0,0.0,MARGIN CALL ($0)
80,99,0.0,9,0,9,1.0,-100.0,0.0,MARGIN CALL ($0)
80,98,0.0,9,0,9,1.0,-100.0,0.0,MARGIN CALL ($0)
80,97,0.0,9,0,9,1.0,-100.0,0.0,MARGIN CALL ($0)
80,96,0.0,9,0,9,1.0,-100.0,0.0,MARGIN CALL ($0)
80,95,0.0,6,0,6,1.0,-100.0,0.0,MARGIN CALL ($0)
80,94,0.0,5,0,5,1.0,-100.0,0.0,MARGIN CALL ($0)
80,93,0.0,5,0,5,1.0,-100.0,0.0,MARGIN CALL ($0)
80,92,0.0,5,0,5,1.0,-100.0,0.0,MARGIN CALL ($0)
80,91,0.0,5,0,5,1.0,-100.0,0.0,MARGIN CALL ($0)
80,90,0.0,5,0,5,1.0,-100.0,0.0,MARGIN CALL ($0)
80,89,0.0,5,0,5,1.0,-100.0,0.0,MARGIN CALL ($0)
80,88,0.0,5,0,5,1.0,-100.0,0.0,MARGIN CALL ($0)
80,87,0.0,5,0,5,1.0,-100.0,0.0,MARGIN CALL ($0)
81,21,0.0,521,96,425,1.0,-100.0,18.426103646833013,MARGIN CALL ($0)
81,20,0.0,746,140,606,1.0,-100.0,18.766756032171582,MARGIN CALL ($0)
81,18,0.0,5,0,5,1.0,-100.0,0.0,MARGIN CALL ($0)
81,17,0.0,10,0,10,1.0,-100.0,0.0,MARGIN CALL ($0)
81,16,0.0,16,2,14,1.0,-100.0,12.5,MARGIN CALL ($0)
81,15,0.0,34,7,27,1.0,-100.0,20.588235294117645,MARGIN CALL ($0)
81,14,0.0,774,161,613,1.0,-100.0,20.801033591731265,MARGIN CALL ($0)
81,12,0.0,20,4,16,1.0,-100.0,20.0,MARGIN CALL ($0)
81,11,0.0,22,4,18,1.0,-100.0,18.181818181818183,MARGIN CALL ($0)
81,10,0.0,23,4,19,1.0,-100.0,17.391304347826086,MARGIN CALL ($0)
81,9,0.0,23,5,18,1.0,-100.0,21.73913043478261,MARGIN CALL ($0)
81,8,0.0,22,5,17,1.0,-100.0,22.727272727272727,MARGIN CALL ($0)
81,7,0.0,19,2,17,1.0,-100.0,10.526315789473683,MARGIN CALL ($0)
81,6,0.0,21,2,19,1.0,-100.0,9.523809523809524,MARGIN CALL ($0)
81,5,0.0,14,0,14,1.0,-100.0,0.0,MARGIN CALL ($0)
81,4,0.0,39,9,30,1.0,-100.0,23.076923076923077,MARGIN CALL ($0)
1,9,0.0,64,11,53,1.0,-100.0,17.1875,MARGIN CALL ($0)
81,36,0.0,241,39,202,1.0,-100.0,16.182572614107883,MARGIN CALL ($0)
81,35,0.0,120,21,99,1.0,-100.0,17.5,MARGIN CALL ($0)
81,34,0.0,107,23,84,1.0,-100.0,21.49532710280374,MARGIN CALL ($0)
81,33,0.0,22,3,19,1.0,-100.0,13.636363636363635,MARGIN CALL ($0)
81,32,0.0,111,19,92,1.0,-100.0,17.117117117117118,MARGIN CALL ($0)
81,31,0.0,108,20,88,1.0,-100.0,18.51851851851852,MARGIN CALL ($0)
81,30,0.0,20,4,16,1.0,-100.0,20.0,MARGIN CALL ($0)
81,29,0.0,76,15,61,1.0,-100.0,19.736842105263158,MARGIN CALL ($0)
81,28,0.0,104,17,87,1.0,-100.0,16.346153846153847,MARGIN CALL ($0)
81,27,0.0,103,18,85,1.0,-100.0,17.475728155339805,MARGIN CALL ($0)
81,26,0.0,107,18,89,1.0,-100.0,16.822429906542055,MARGIN CALL ($0)
81,25,0.0,115,20,95,1.0,-100.0,17.391304347826086,MARGIN CALL ($0)
81,24,0.0,132,22,110,1.0,-100.0,16.666666666666664,MARGIN CALL ($0)
81,23,0.0,463,91,372,1.0,-100.0,19.654427645788335,MARGIN CALL ($0)
81,22,0.0,24,3,21,1.0,-100.0,12.5,MARGIN CALL ($0)
81,53,0.0,8,0,8,1.0,-100.0,0.0,MARGIN CALL ($0)
81,52,0.0,7,0,7,1.0,-100.0,0.0,MARGIN CALL ($0)
81,51,0.0,8,0,8,1.0,-100.0,0.0,MARGIN CALL ($0)
81,50,0.0,7,0,7,1.0,-100.0,0.0,MARGIN CALL ($0)
81,49,0.0,6,0,6,1.0,-100.0,0.0,MARGIN CALL ($0)
81,48,0.0,7,0,7,1.0,-100.0,0.0,MARGIN CALL ($0)
81,47,0.0,8,0,8,1.0,-100.0,0.0,MARGIN CALL ($0)
81,46,0.0,6,0,6,1.0,-100.0,0.0,MARGIN CALL ($0)
81,45,0.0,6,0,6,1.0,-100.0,0.0,MARGIN CALL ($0)
81,44,0.0,6,0,6,1.0,-100.0,0.0,MARGIN CALL ($0)
81,43,0.0,6,0,6,1.0,-100.0,0.0,MARGIN CALL ($0)
81,42,0.0,8,0,8,1.0,-100.0,0.0,MARGIN CALL ($0)
81,41,0.0,9,0,9,1.0,-100.0,0.0,MARGIN CALL ($0)
81,40,0.0,10,0,10,1.0,-100.0,0.0,MARGIN CALL ($0)
81,39,0.0,10,0,10,1.0,-100.0,0.0,MARGIN CALL ($0)
1,10,0.0,44,8,36,1.0,-100.0,18.181818181818183,MARGIN CALL ($0)
81,69,0.0,6,0,6,1.0,-100.0,0.0,MARGIN CALL ($0)
81,68,0.0,6,0,6,1.0,-100.0,0.0,MARGIN CALL ($0)
81,67,0.0,39,3,36,1.0,-100.0,7.6923076923076925,MARGIN CALL ($0)
81,66,0.0,5,0,5,1.0,-100.0,0.0,MARGIN CALL ($0)
81,65,0.0,5,0,5,1.0,-100.0,0.0,MARGIN CALL ($0)
81,64,0.0,6,0,6,1.0,-100.0,0.0,MARGIN CALL ($0)
81,63,0.0,6,0,6,1.0,-100.0,0.0,MARGIN CALL ($0)
81,62,0.0,6,0,6,1.0,-100.0,0.0,MARGIN CALL ($0)
81,61,0.0,6,0,6,1.0,-100.0,0.0,MARGIN CALL ($0)
81,60,0.0,6,0,6,1.0,-100.0,0.0,MARGIN CALL ($0)
81,59,0.0,6,0,6,1.0,-100.0,0.0,MARGIN CALL ($0)
81,58,0.0,5,0,5,1.0,-100.0,0.0,MARGIN CALL ($0)
81,57,0.0,5,0,5,1.0,-100.0,0.0,MARGIN CALL ($0)
81,56,0.0,6,0,6,1.0,-100.0,0.0,MARGIN CALL ($0)
81,55,0.0,6,0,6,1.0,-100.0,0.0,MARGIN CALL ($0)
81,54,0.0,5,0,5,1.0,-100.0,0.0,MARGIN CALL ($0)
81,85,0.0,5,0,5,1.0,-100.0,0.0,MARGIN CALL ($0)
81,84,0.0,4,0,4,1.0,-100.0,0.0,MARGIN CALL ($0)
81,83,0.0,4,0,4,1.0,-100.0,0.0,MARGIN CALL ($0)
81,82,0.0,4,0,4,1.0,-100.0,0.0,MARGIN CALL ($0)
81,81,0.0,4,0,4,1.0,-100.0,0.0,MARGIN CALL ($0)
81,80,0.0,4,0,4,1.0,-100.0,0.0,MARGIN CALL ($0)
81,79,0.0,4,0,4,1.0,-100.0,0.0,MARGIN CALL ($0)
81,78,0.0,5,0,5,1.0,-100.0,0.0,MARGIN CALL ($0)
81,77,0.0,5,0,5,1.0,-100.0,0.0,MARGIN CALL ($0)
81,76,0.0,6,0,6,1.0,-100.0,0.0,MARGIN CALL ($0)
81,75,0.0,5,0,5,1.0,-100.0,0.0,MARGIN CALL ($0)
81,74,0.0,5,0,5,1.0,-100.0,0.0,MARGIN CALL ($0)
81,73,0.0,5,0,5,1.0,-100.0,0.0,MARGIN CALL ($0)
81,72,0.0,5,0,5,1.0,-100.0,0.0,MARGIN CALL ($0)
81,71,0.0,5,0,5,1.0,-100.0,0.0,MARGIN CALL ($0)
81,70,0.0,6,0,6,1.0,-100.0,0.0,MARGIN CALL ($0)
82,1,0.0,2165,407,1758,1.0,-100.0,18.79907621247113,MARGIN CALL ($0)
81,100,0.0,8,0,8,1.0,-100.0,0.0,MARGIN CALL ($0)
81,99,0.0,8,0,8,1.0,-100.0,0.0,MARGIN CALL ($0)
81,98,0.0,8,0,8,1.0,-100.0,0.0,MARGIN CALL ($0)
81,97,0.0,8,0,8,1.0,-100.0,0.0,MARGIN CALL ($0)
81,96,0.0,8,0,8,1.0,-100.0,0.0,MARGIN CALL ($0)
81,95,0.0,6,0,6,1.0,-100.0,0.0,MARGIN CALL ($0)
81,94,0.0,5,0,5,1.0,-100.0,0.0,MARGIN CALL ($0)
81,93,0.0,5,0,5,1.0,-100.0,0.0,MARGIN CALL ($0)
81,92,0.0,5,0,5,1.0,-100.0,0.0,MARGIN CALL ($0)
81,91,0.0,5,0,5,1.0,-100.0,0.0,MARGIN CALL ($0)
81,90,0.0,5,0,5,1.0,-100.0,0.0,MARGIN CALL ($0)
81,89,0.0,5,0,5,1.0,-100.0,0.0,MARGIN CALL ($0)
81,88,0.0,5,0,5,1.0,-100.0,0.0,MARGIN CALL ($0)
81,87,0.0,5,0,5,1.0,-100.0,0.0,MARGIN CALL ($0)
81,86,0.0,6,0,6,1.0,-100.0,0.0,MARGIN CALL ($0)
82,18,0.0,5,0,5,1.0,-100.0,0.0,MARGIN CALL ($0)
82,17,0.0,10,0,10,1.0,-100.0,0.0,MARGIN CALL ($0)
82,16,0.0,16,2,14,1.0,-100.0,12.5,MARGIN CALL ($0)
82,15,0.0,34,7,27,1.0,-100.0,20.588235294117645,MARGIN CALL ($0)
82,14,0.0,782,161,621,1.0,-100.0,20.588235294117645,MARGIN CALL ($0)
1,11,0.0,64,11,53,1.0,-100.0,17.1875,MARGIN CALL ($0)
82,12,0.0,20,4,16,1.0,-100.0,20.0,MARGIN CALL ($0)
82,11,0.0,22,4,18,1.0,-100.0,18.181818181818183,MARGIN CALL ($0)
82,10,0.0,23,4,19,1.0,-100.0,17.391304347826086,MARGIN CALL ($0)
82,9,0.0,23,5,18,1.0,-100.0,21.73913043478261,MARGIN CALL ($0)
82,8,0.0,22,5,17,1.0,-100.0,22.727272727272727,MARGIN CALL ($0)
82,7,0.0,19,2,17,1.0,-100.0,10.526315789473683,MARGIN CALL ($0)
82,6,0.0,21,2,19,1.0,-100.0,9.523809523809524,MARGIN CALL ($0)
82,5,0.0,14,0,14,1.0,-100.0,0.0,MARGIN CALL ($0)
82,4,0.0,38,9,29,1.0,-100.0,23.684210526315788,MARGIN CALL ($0)
1,16,0.0,1906,432,1474,1.0,-100.0,22.66526757607555,MARGIN CALL ($0)
82,35,0.0,120,21,99,1.0,-100.0,17.5,MARGIN CALL ($0)
82,34,0.0,106,23,83,1.0,-100.0,21.69811320754717,MARGIN CALL ($0)
82,33,0.0,24,3,21,1.0,-100.0,12.5,MARGIN CALL ($0)
82,32,0.0,92,17,75,1.0,-100.0,18.478260869565215,MARGIN CALL ($0)
82,31,0.0,89,17,72,1.0,-100.0,19.101123595505616,MARGIN CALL ($0)
82,30,0.0,20,4,16,1.0,-100.0,20.0,MARGIN CALL ($0)
82,29,0.0,42,9,33,1.0,-100.0,21.428571428571427,MARGIN CALL ($0)
82,28,0.0,108,17,91,1.0,-100.0,15.74074074074074,MARGIN CALL ($0)
82,27,0.0,108,19,89,1.0,-100.0,17.59259259259259,MARGIN CALL ($0)
82,26,0.0,109,18,91,1.0,-100.0,16.51376146788991,MARGIN CALL ($0)
82,25,0.0,116,20,96,1.0,-100.0,17.24137931034483,MARGIN CALL ($0)
82,24,0.0,140,22,118,1.0,-100.0,15.714285714285714,MARGIN CALL ($0)
82,23,0.0,486,95,391,1.0,-100.0,19.54732510288066,MARGIN CALL ($0)
82,22,0.0,24,3,21,1.0,-100.0,12.5,MARGIN CALL ($0)
82,21,0.0,504,92,412,1.0,-100.0,18.253968253968253,MARGIN CALL ($0)
82,20,0.0,640,116,524,1.0,-100.0,18.125,MARGIN CALL ($0)
82,51,0.0,8,0,8,1.0,-100.0,0.0,MARGIN CALL ($0)
82,50,0.0,7,0,7,1.0,-100.0,0.0,MARGIN CALL ($0)
82,49,0.0,6,0,6,1.0,-100.0,0.0,MARGIN CALL ($0)
82,48,0.0,7,0,7,1.0,-100.0,0.0,MARGIN CALL ($0)
82,47,0.0,8,0,8,1.0,-100.0,0.0,MARGIN CALL ($0)
82,46,0.0,6,0,6,1.0,-100.0,0.0,MARGIN CALL ($0)
82,45,0.0,6,0,6,1.0,-100.0,0.0,MARGIN CALL ($0)
82,44,0.0,6,0,6,1.0,-100.0,0.0,MARGIN CALL ($0)
82,43,0.0,6,0,6,1.0,-100.0,0.0,MARGIN CALL ($0)
82,42,0.0,8,0,8,1.0,-100.0,0.0,MARGIN CALL ($0)
82,41,0.0,9,0,9,1.0,-100.0,0.0,MARGIN CALL ($0)
82,40,0.0,10,0,10,1.0,-100.0,0.0,MARGIN CALL ($0)
82,39,0.0,10,0,10,1.0,-100.0,0.0,MARGIN CALL ($0)
100,67,0.0,4,0,4,1.0,-100.0,0.0,MARGIN CALL ($0)
100,66,0.0,5,0,5,1.0,-100.0,0.0,MARGIN CALL ($0)
82,36,0.0,232,39,193,1.0,-100.0,16.810344827586206,MARGIN CALL ($0)
82,67,0.0,46,4,42,1.0,-100.0,8.695652173913043,MARGIN CALL ($0)
82,66,0.0,5,0,5,1.0,-100.0,0.0,MARGIN CALL ($0)
82,65,0.0,5,0,5,1.0,-100.0,0.0,MARGIN CALL ($0)
82,64,0.0,6,0,6,1.0,-100.0,0.0,MARGIN CALL ($0)
82,63,0.0,5,0,5,1.0,-100.0,0.0,MARGIN CALL ($0)
82,62,0.0,5,0,5,1.0,-100.0,0.0,MARGIN CALL ($0)
82,61,0.0,5,0,5,1.0,-100.0,0.0,MARGIN CALL ($0)
82,60,0.0,5,0,5,1.0,-100.0,0.0,MARGIN CALL ($0)
82,59,0.0,5,0,5,1.0,-100.0,0.0,MARGIN CALL ($0)
82,58,0.0,5,0,5,1.0,-100.0,0.0,MARGIN CALL ($0)
82,57,0.0,5,0,5,1.0,-100.0,0.0,MARGIN CALL ($0)
82,56,0.0,6,0,6,1.0,-100.0,0.0,MARGIN CALL ($0)
82,55,0.0,6,0,6,1.0,-100.0,0.0,MARGIN CALL ($0)
82,54,0.0,5,0,5,1.0,-100.0,0.0,MARGIN CALL ($0)
82,53,0.0,8,0,8,1.0,-100.0,0.0,MARGIN CALL ($0)
82,52,0.0,7,0,7,1.0,-100.0,0.0,MARGIN CALL ($0)
82,83,0.0,6,0,6,1.0,-100.0,0.0,MARGIN CALL ($0)
82,82,0.0,7,0,7,1.0,-100.0,0.0,MARGIN CALL ($0)
82,81,0.0,4,0,4,1.0,-100.0,0.0,MARGIN CALL ($0)
82,80,0.0,4,0,4,1.0,-100.0,0.0,MARGIN CALL ($0)
82,79,0.0,4,0,4,1.0,-100.0,0.0,MARGIN CALL ($0)
82,78,0.0,5,0,5,1.0,-100.0,0.0,MARGIN CALL ($0)
82,77,0.0,5,0,5,1.0,-100.0,0.0,MARGIN CALL ($0)
82,76,0.0,6,0,6,1.0,-100.0,0.0,MARGIN CALL ($0)
82,75,0.0,5,0,5,1.0,-100.0,0.0,MARGIN CALL ($0)
82,74,0.0,5,0,5,1.0,-100.0,0.0,MARGIN CALL ($0)
82,73,0.0,5,0,5,1.0,-100.0,0.0,MARGIN CALL ($0)
82,72,0.0,5,0,5,1.0,-100.0,0.0,MARGIN CALL ($0)
82,71,0.0,5,0,5,1.0,-100.0,0.0,MARGIN CALL ($0)
82,70,0.0,6,0,6,1.0,-100.0,0.0,MARGIN CALL ($0)
82,69,0.0,6,0,6,1.0,-100.0,0.0,MARGIN CALL ($0)
82,68,0.0,6,0,6,1.0,-100.0,0.0,MARGIN CALL ($0)
82,99,0.0,7,0,7,1.0,-100.0,0.0,MARGIN CALL ($0)
82,98,0.0,7,0,7,1.0,-100.0,0.0,MARGIN CALL ($0)
82,97,0.0,7,0,7,1.0,-100.0,0.0,MARGIN CALL ($0)
82,96,0.0,7,0,7,1.0,-100.0,0.0,MARGIN CALL ($0)
82,95,0.0,6,0,6,1.0,-100.0,0.0,MARGIN CALL ($0)
82,94,0.0,5,0,5,1.0,-100.0,0.0,MARGIN CALL ($0)
82,93,0.0,5,0,5,1.0,-100.0,0.0,MARGIN CALL ($0)
82,92,0.0,5,0,5,1.0,-100.0,0.0,MARGIN CALL ($0)
82,91,0.0,5,0,5,1.0,-100.0,0.0,MARGIN CALL ($0)
82,90,0.0,5,0,5,1.0,-100.0,0.0,MARGIN CALL ($0)
82,89,0.0,5,0,5,1.0,-100.0,0.0,MARGIN CALL ($0)
82,88,0.0,5,0,5,1.0,-100.0,0.0,MARGIN CALL ($0)
82,87,0.0,5,0,5,1.0,-100.0,0.0,MARGIN CALL ($0)
82,86,0.0,6,0,6,1.0,-100.0,0.0,MARGIN CALL ($0)
82,85,0.0,8,0,8,1.0,-100.0,0.0,MARGIN CALL ($0)
82,84,0.0,6,0,6,1.0,-100.0,0.0,MARGIN CALL ($0)
83,16,0.0,16,2,14,1.0,-100.0,12.5,MARGIN CALL ($0)
83,15,0.0,34,7,27,1.0,-100.0,20.588235294117645,MARGIN CALL ($0)
83,14,0.0,792,165,627,1.0,-100.0,20.833333333333336,MARGIN CALL ($0)
100,65,0.0,4,0,4,1.0,-100.0,0.0,MARGIN CALL ($0)
83,12,0.0,20,4,16,1.0,-100.0,20.0,MARGIN CALL ($0)
83,11,0.0,22,4,18,1.0,-100.0,18.181818181818183,MARGIN CALL ($0)
83,10,0.0,23,4,19,1.0,-100.0,17.391304347826086,MARGIN CALL ($0)
83,9,0.0,23,5,18,1.0,-100.0,21.73913043478261,MARGIN CALL ($0)
83,8,0.0,22,5,17,1.0,-100.0,22.727272727272727,MARGIN CALL ($0)
83,7,0.0,19,2,17,1.0,-100.0,10.526315789473683,MARGIN CALL ($0)
83,6,0.0,21,2,19,1.0,-100.0,9.523809523809524,MARGIN CALL ($0)
83,5,0.0,14,0,14,1.0,-100.0,0.0,MARGIN CALL ($0)
83,4,0.0,38,9,29,1.0,-100.0,23.684210526315788,MARGIN CALL ($0)
100,64,0.0,6,0,6,1.0,-100.0,0.0,MARGIN CALL ($0)
83,1,0.0,2063,387,1676,1.0,-100.0,18.7590887057683,MARGIN CALL ($0)
82,100,0.0,7,0,7,1.0,-100.0,0.0,MARGIN CALL ($0)
83,33,0.0,49,10,39,1.0,-100.0,20.408163265306122,MARGIN CALL ($0)
83,32,0.0,105,19,86,1.0,-100.0,18.095238095238095,MARGIN CALL ($0)
83,31,0.0,97,19,78,1.0,-100.0,19.587628865979383,MARGIN CALL ($0)
83,30,0.0,41,11,30,1.0,-100.0,26.82926829268293,MARGIN CALL ($0)
83,29,0.0,96,18,78,1.0,-100.0,18.75,MARGIN CALL ($0)
83,28,0.0,104,17,87,1.0,-100.0,16.346153846153847,MARGIN CALL ($0)
83,27,0.0,102,18,84,1.0,-100.0,17.647058823529413,MARGIN CALL ($0)
83,26,0.0,104,17,87,1.0,-100.0,16.346153846153847,MARGIN CALL ($0)
83,25,0.0,98,17,81,1.0,-100.0,17.346938775510203,MARGIN CALL ($0)
83,24,0.0,132,22,110,1.0,-100.0,16.666666666666664,MARGIN CALL ($0)
83,23,0.0,478,94,384,1.0,-100.0,19.665271966527197,MARGIN CALL ($0)
83,22,0.0,334,64,270,1.0,-100.0,19.16167664670659,MARGIN CALL ($0)
83,21,0.0,483,88,395,1.0,-100.0,18.219461697722565,MARGIN CALL ($0)
83,20,0.0,642,117,525,1.0,-100.0,18.22429906542056,MARGIN CALL ($0)
83,18,0.0,5,0,5,1.0,-100.0,0.0,MARGIN CALL ($0)
83,17,0.0,10,0,10,1.0,-100.0,0.0,MARGIN CALL ($0)
83,49,0.0,6,0,6,1.0,-100.0,0.0,MARGIN CALL ($0)
83,48,0.0,7,0,7,1.0,-100.0,0.0,MARGIN CALL ($0)
83,47,0.0,8,0,8,1.0,-100.0,0.0,MARGIN CALL ($0)
83,46,0.0,6,0,6,1.0,-100.0,0.0,MARGIN CALL ($0)
83,45,0.0,6,0,6,1.0,-100.0,0.0,MARGIN CALL ($0)
83,44,0.0,6,0,6,1.0,-100.0,0.0,MARGIN CALL ($0)
83,43,0.0,6,0,6,1.0,-100.0,0.0,MARGIN CALL ($0)
83,42,0.0,8,0,8,1.0,-100.0,0.0,MARGIN CALL ($0)
83,41,0.0,9,0,9,1.0,-100.0,0.0,MARGIN CALL ($0)
83,40,0.0,10,0,10,1.0,-100.0,0.0,MARGIN CALL ($0)
83,39,0.0,10,0,10,1.0,-100.0,0.0,MARGIN CALL ($0)
100,63,0.0,5,0,5,1.0,-100.0,0.0,MARGIN CALL ($0)
100,62,0.0,5,0,5,1.0,-100.0,0.0,MARGIN CALL ($0)
83,36,0.0,139,20,119,1.0,-100.0,14.388489208633093,MARGIN CALL ($0)
83,35,0.0,128,22,106,1.0,-100.0,17.1875,MARGIN CALL ($0)
83,34,0.0,115,24,91,1.0,-100.0,20.869565217391305,MARGIN CALL ($0)
83,65,0.0,5,0,5,1.0,-100.0,0.0,MARGIN CALL ($0)
83,64,0.0,5,0,5,1.0,-100.0,0.0,MARGIN CALL ($0)
83,63,0.0,5,0,5,1.0,-100.0,0.0,MARGIN CALL ($0)
83,62,0.0,5,0,5,1.0,-100.0,0.0,MARGIN CALL ($0)
83,61,0.0,5,0,5,1.0,-100.0,0.0,MARGIN CALL ($0)
83,60,0.0,5,0,5,1.0,-100.0,0.0,MARGIN CALL ($0)
83,59,0.0,5,0,5,1.0,-100.0,0.0,MARGIN CALL ($0)
83,58,0.0,5,0,5,1.0,-100.0,0.0,MARGIN CALL ($0)
83,57,0.0,5,0,5,1.0,-100.0,0.0,MARGIN CALL ($0)
83,56,0.0,6,0,6,1.0,-100.0,0.0,MARGIN CALL ($0)
83,55,0.0,6,0,6,1.0,-100.0,0.0,MARGIN CALL ($0)
83,54,0.0,5,0,5,1.0,-100.0,0.0,MARGIN CALL ($0)
83,53,0.0,10,2,8,1.0,-100.0,20.0,MARGIN CALL ($0)
83,52,0.0,8,1,7,1.0,-100.0,12.5,MARGIN CALL ($0)
83,51,0.0,10,1,9,1.0,-100.0,10.0,MARGIN CALL ($0)
83,50,0.0,7,0,7,1.0,-100.0,0.0,MARGIN CALL ($0)
83,81,0.0,4,0,4,1.0,-100.0,0.0,MARGIN CALL ($0)
83,80,0.0,4,0,4,1.0,-100.0,0.0,MARGIN CALL ($0)
83,79,0.0,5,0,5,1.0,-100.0,0.0,MARGIN CALL ($0)
83,78,0.0,5,0,5,1.0,-100.0,0.0,MARGIN CALL ($0)
83,77,0.0,5,0,5,1.0,-100.0,0.0,MARGIN CALL ($0)
83,76,0.0,5,0,5,1.0,-100.0,0.0,MARGIN CALL ($0)
83,75,0.0,5,0,5,1.0,-100.0,0.0,MARGIN CALL ($0)
83,74,0.0,6,0,6,1.0,-100.0,0.0,MARGIN CALL ($0)
83,73,0.0,6,0,6,1.0,-100.0,0.0,MARGIN CALL ($0)
83,72,0.0,6,0,6,1.0,-100.0,0.0,MARGIN CALL ($0)
83,71,0.0,6,0,6,1.0,-100.0,0.0,MARGIN CALL ($0)
83,70,0.0,7,0,7,1.0,-100.0,0.0,MARGIN CALL ($0)
83,69,0.0,6,0,6,1.0,-100.0,0.0,MARGIN CALL ($0)
83,68,0.0,6,0,6,1.0,-100.0,0.0,MARGIN CALL ($0)
83,67,0.0,41,4,37,1.0,-100.0,9.75609756097561,MARGIN CALL ($0)
83,66,0.0,5,0,5,1.0,-100.0,0.0,MARGIN CALL ($0)
83,97,0.0,7,0,7,1.0,-100.0,0.0,MARGIN CALL ($0)
83,96,0.0,7,0,7,1.0,-100.0,0.0,MARGIN CALL ($0)
83,95,0.0,6,0,6,1.0,-100.0,0.0,MARGIN CALL ($0)
83,94,0.0,5,0,5,1.0,-100.0,0.0,MARGIN CALL ($0)
83,93,0.0,5,0,5,1.0,-100.0,0.0,MARGIN CALL ($0)
83,92,0.0,5,0,5,1.0,-100.0,0.0,MARGIN CALL ($0)
83,91,0.0,5,0,5,1.0,-100.0,0.0,MARGIN CALL ($0)
83,90,0.0,5,0,5,1.0,-100.0,0.0,MARGIN CALL ($0)
83,89,0.0,5,0,5,1.0,-100.0,0.0,MARGIN CALL ($0)
83,88,0.0,5,0,5,1.0,-100.0,0.0,MARGIN CALL ($0)
83,87,0.0,5,0,5,1.0,-100.0,0.0,MARGIN CALL ($0)
83,86,0.0,6,0,6,1.0,-100.0,0.0,MARGIN CALL ($0)
83,85,0.0,7,0,7,1.0,-100.0,0.0,MARGIN CALL ($0)
83,84,0.0,6,0,6,1.0,-100.0,0.0,MARGIN CALL ($0)
83,83,0.0,5,0,5,1.0,-100.0,0.0,MARGIN CALL ($0)
83,82,0.0,6,0,6,1.0,-100.0,0.0,MARGIN CALL ($0)
84,14,0.0,789,162,627,1.0,-100.0,20.53231939163498,MARGIN CALL ($0)
100,61,0.0,5,0,5,1.0,-100.0,0.0,MARGIN CALL ($0)
84,12,0.0,20,4,16,1.0,-100.0,20.0,MARGIN CALL ($0)
84,11,0.0,22,4,18,1.0,-100.0,18.181818181818183,MARGIN CALL ($0)
84,10,0.0,23,4,19,1.0,-100.0,17.391304347826086,MARGIN CALL ($0)
84,9,0.0,23,5,18,1.0,-100.0,21.73913043478261,MARGIN CALL ($0)
84,8,0.0,22,5,17,1.0,-100.0,22.727272727272727,MARGIN CALL ($0)
84,7,0.0,19,2,17,1.0,-100.0,10.526315789473683,MARGIN CALL ($0)
84,6,0.0,21,2,19,1.0,-100.0,9.523809523809524,MARGIN CALL ($0)
84,5,0.0,14,0,14,1.0,-100.0,0.0,MARGIN CALL ($0)
84,4,0.0,38,9,29,1.0,-100.0,23.684210526315788,MARGIN CALL ($0)
100,60,0.0,5,0,5,1.0,-100.0,0.0,MARGIN CALL ($0)
84,1,0.0,1990,376,1614,1.0,-100.0,18.894472361809044,MARGIN CALL ($0)
83,100,0.0,7,0,7,1.0,-100.0,0.0,MARGIN CALL ($0)
83,99,0.0,7,0,7,1.0,-100.0,0.0,MARGIN CALL ($0)
83,98,0.0,7,0,7,1.0,-100.0,0.0,MARGIN CALL ($0)
84,33,0.0,30,5,25,1.0,-100.0,16.666666666666664,MARGIN CALL ($0)
84,32,0.0,104,20,84,1.0,-100.0,19.230769230769234,MARGIN CALL ($0)
84,31,0.0,98,20,78,1.0,-100.0,20.408163265306122,MARGIN CALL ($0)
84,30,0.0,24,5,19,1.0,-100.0,20.833333333333336,MARGIN CALL ($0)
84,29,0.0,98,19,79,1.0,-100.0,19.387755102040817,MARGIN CALL ($0)
84,28,0.0,106,18,88,1.0,-100.0,16.9811320754717,MARGIN CALL ($0)
84,27,0.0,103,19,84,1.0,-100.0,18.446601941747574,MARGIN CALL ($0)
84,26,0.0,107,18,89,1.0,-100.0,16.822429906542055,MARGIN CALL ($0)
84,25,0.0,174,27,147,1.0,-100.0,15.517241379310345,MARGIN CALL ($0)
84,24,0.0,361,64,297,1.0,-100.0,17.72853185595568,MARGIN CALL ($0)
84,22,0.0,489,91,398,1.0,-100.0,18.609406952965234,MARGIN CALL ($0)
84,21,0.0,632,113,519,1.0,-100.0,17.87974683544304,MARGIN CALL ($0)
84,18,0.0,5,0,5,1.0,-100.0,0.0,MARGIN CALL ($0)
84,17,0.0,10,0,10,1.0,-100.0,0.0,MARGIN CALL ($0)
84,16,0.0,16,2,14,1.0,-100.0,12.5,MARGIN CALL ($0)
84,15,0.0,738,147,591,1.0,-100.0,19.91869918699187,MARGIN CALL ($0)
84,49,0.0,6,0,6,1.0,-100.0,0.0,MARGIN CALL ($0)
84,48,0.0,7,0,7,1.0,-100.0,0.0,MARGIN CALL ($0)
84,47,0.0,8,0,8,1.0,-100.0,0.0,MARGIN CALL ($0)
84,46,0.0,6,0,6,1.0,-100.0,0.0,MARGIN CALL ($0)
84,45,0.0,6,0,6,1.0,-100.0,0.0,MARGIN CALL ($0)
84,44,0.0,6,0,6,1.0,-100.0,0.0,MARGIN CALL ($0)
84,43,0.0,6,0,6,1.0,-100.0,0.0,MARGIN CALL ($0)
84,42,0.0,8,0,8,1.0,-100.0,0.0,MARGIN CALL ($0)
84,41,0.0,9,0,9,1.0,-100.0,0.0,MARGIN CALL ($0)
84,40,0.0,10,0,10,1.0,-100.0,0.0,MARGIN CALL ($0)
84,39,0.0,10,0,10,1.0,-100.0,0.0,MARGIN CALL ($0)
100,59,0.0,5,0,5,1.0,-100.0,0.0,MARGIN CALL ($0)
84,37,0.0,248,40,208,1.0,-100.0,16.129032258064516,MARGIN CALL ($0)
84,36,0.0,132,21,111,1.0,-100.0,15.909090909090908,MARGIN CALL ($0)
84,35,0.0,122,23,99,1.0,-100.0,18.852459016393443,MARGIN CALL ($0)
84,34,0.0,114,25,89,1.0,-100.0,21.929824561403507,MARGIN CALL ($0)
84,65,0.0,5,0,5,1.0,-100.0,0.0,MARGIN CALL ($0)
84,64,0.0,5,0,5,1.0,-100.0,0.0,MARGIN CALL ($0)
84,63,0.0,5,0,5,1.0,-100.0,0.0,MARGIN CALL ($0)
84,62,0.0,5,0,5,1.0,-100.0,0.0,MARGIN CALL ($0)
84,61,0.0,5,0,5,1.0,-100.0,0.0,MARGIN CALL ($0)
84,60,0.0,5,0,5,1.0,-100.0,0.0,MARGIN CALL ($0)
84,59,0.0,5,0,5,1.0,-100.0,0.0,MARGIN CALL ($0)
84,58,0.0,5,0,5,1.0,-100.0,0.0,MARGIN CALL ($0)
84,57,0.0,5,0,5,1.0,-100.0,0.0,MARGIN CALL ($0)
84,56,0.0,6,0,6,1.0,-100.0,0.0,MARGIN CALL ($0)
84,55,0.0,6,0,6,1.0,-100.0,0.0,MARGIN CALL ($0)
84,54,0.0,5,0,5,1.0,-100.0,0.0,MARGIN CALL ($0)
84,53,0.0,10,2,8,1.0,-100.0,20.0,MARGIN CALL ($0)
84,52,0.0,8,1,7,1.0,-100.0,12.5,MARGIN CALL ($0)
84,51,0.0,10,1,9,1.0,-100.0,10.0,MARGIN CALL ($0)
84,50,0.0,7,0,7,1.0,-100.0,0.0,MARGIN CALL ($0)
84,81,0.0,4,0,4,1.0,-100.0,0.0,MARGIN CALL ($0)
84,80,0.0,4,0,4,1.0,-100.0,0.0,MARGIN CALL ($0)
84,79,0.0,5,0,5,1.0,-100.0,0.0,MARGIN CALL ($0)
84,78,0.0,5,0,5,1.0,-100.0,0.0,MARGIN CALL ($0)
84,77,0.0,5,0,5,1.0,-100.0,0.0,MARGIN CALL ($0)
84,76,0.0,5,0,5,1.0,-100.0,0.0,MARGIN CALL ($0)
84,75,0.0,5,0,5,1.0,-100.0,0.0,MARGIN CALL ($0)
84,74,0.0,6,0,6,1.0,-100.0,0.0,MARGIN CALL ($0)
84,73,0.0,6,0,6,1.0,-100.0,0.0,MARGIN CALL ($0)
84,72,0.0,6,0,6,1.0,-100.0,0.0,MARGIN CALL ($0)
84,71,0.0,6,0,6,1.0,-100.0,0.0,MARGIN CALL ($0)
84,70,0.0,7,0,7,1.0,-100.0,0.0,MARGIN CALL ($0)
84,69,0.0,6,0,6,1.0,-100.0,0.0,MARGIN CALL ($0)
84,68,0.0,6,0,6,1.0,-100.0,0.0,MARGIN CALL ($0)
84,67,0.0,41,4,37,1.0,-100.0,9.75609756097561,MARGIN CALL ($0)
84,66,0.0,5,0,5,1.0,-100.0,0.0,MARGIN CALL ($0)
84,97,0.0,7,0,7,1.0,-100.0,0.0,MARGIN CALL ($0)
84,96,0.0,7,0,7,1.0,-100.0,0.0,MARGIN CALL ($0)
84,95,0.0,6,0,6,1.0,-100.0,0.0,MARGIN CALL ($0)
84,94,0.0,5,0,5,1.0,-100.0,0.0,MARGIN CALL ($0)
84,93,0.0,5,0,5,1.0,-100.0,0.0,MARGIN CALL ($0)
84,92,0.0,5,0,5,1.0,-100.0,0.0,MARGIN CALL ($0)
84,91,0.0,5,0,5,1.0,-100.0,0.0,MARGIN CALL ($0)
84,90,0.0,5,0,5,1.0,-100.0,0.0,MARGIN CALL ($0)
84,89,0.0,5,0,5,1.0,-100.0,0.0,MARGIN CALL ($0)
84,88,0.0,5,0,5,1.0,-100.0,0.0,MARGIN CALL ($0)
84,87,0.0,5,0,5,1.0,-100.0,0.0,MARGIN CALL ($0)
84,86,0.0,6,0,6,1.0,-100.0,0.0,MARGIN CALL ($0)
84,85,0.0,5,0,5,1.0,-100.0,0.0,MARGIN CALL ($0)
84,84,0.0,5,0,5,1.0,-100.0,0.0,MARGIN CALL ($0)
84,83,0.0,6,0,6,1.0,-100.0,0.0,MARGIN CALL ($0)
84,82,0.0,6,0,6,1.0,-100.0,0.0,MARGIN CALL ($0)
85,14,0.0,783,162,621,1.0,-100.0,20.689655172413794,MARGIN CALL ($0)
100,58,0.0,5,0,5,1.0,-100.0,0.0,MARGIN CALL ($0)
85,12,0.0,20,4,16,1.0,-100.0,20.0,MARGIN CALL ($0)
85,11,0.0,22,4,18,1.0,-100.0,18.181818181818183,MARGIN CALL ($0)
85,10,0.0,23,4,19,1.0,-100.0,17.391304347826086,MARGIN CALL ($0)
85,9,0.0,23,5,18,1.0,-100.0,21.73913043478261,MARGIN CALL ($0)
85,8,0.0,22,5,17,1.0,-100.0,22.727272727272727,MARGIN CALL ($0)
85,7,0.0,19,2,17,1.0,-100.0,10.526315789473683,MARGIN CALL ($0)
85,6,0.0,21,2,19,1.0,-100.0,9.523809523809524,MARGIN CALL ($0)
85,5,0.0,14,0,14,1.0,-100.0,0.0,MARGIN CALL ($0)
85,4,0.0,39,9,30,1.0,-100.0,23.076923076923077,MARGIN CALL ($0)
85,3,0.0,2364,553,1811,1.0,-100.0,23.392554991539765,MARGIN CALL ($0)
85,1,0.0,1986,375,1611,1.0,-100.0,18.882175226586103,MARGIN CALL ($0)
84,100,0.0,7,0,7,1.0,-100.0,0.0,MARGIN CALL ($0)
84,99,0.0,7,0,7,1.0,-100.0,0.0,MARGIN CALL ($0)
84,98,0.0,7,0,7,1.0,-100.0,0.0,MARGIN CALL ($0)
1,62,0.0,361,87,274,1.0,-100.0,24.099722991689752,MARGIN CALL ($0)
1,61,0.0,360,81,279,1.0,-100.0,22.5,MARGIN CALL ($0)
1,60,0.0,2080,524,1556,1.0,-100.0,25.192307692307693,MARGIN CALL ($0)
1,59,0.0,2040,504,1536,1.0,-100.0,24.705882352941178,MARGIN CALL ($0)
1,58,0.0,2053,502,1551,1.0,-100.0,24.452021432050657,MARGIN CALL ($0)
1,57,0.0,2100,529,1571,1.0,-100.0,25.19047619047619,MARGIN CALL ($0)
1,56,0.0,2080,523,1557,1.0,-100.0,25.14423076923077,MARGIN CALL ($0)
1,55,0.0,53,13,40,1.0,-100.0,24.528301886792452,MARGIN CALL ($0)
1,54,0.0,53,12,41,1.0,-100.0,22.641509433962266,MARGIN CALL ($0)
1,53,0.0,28,6,22,1.0,-100.0,21.428571428571427,MARGIN CALL ($0)
1,52,0.0,39,9,30,1.0,-100.0,23.076923076923077,MARGIN CALL ($0)
1,51,0.0,44,9,35,1.0,-100.0,20.454545454545457,MARGIN CALL ($0)
1,50,0.0,24,3,21,1.0,-100.0,12.5,MARGIN CALL ($0)
1,49,0.0,43,9,34,1.0,-100.0,20.930232558139537,MARGIN CALL ($0)
85,16,0.0,16,2,14,1.0,-100.0,12.5,MARGIN CALL ($0)
85,15,0.0,727,145,582,1.0,-100.0,19.944979367262725,MARGIN CALL ($0)
85,32,0.0,102,20,82,1.0,-100.0,19.607843137254903,MARGIN CALL ($0)
85,31,0.0,105,21,84,1.0,-100.0,20.0,MARGIN CALL ($0)
85,30,0.0,44,11,33,1.0,-100.0,25.0,MARGIN CALL ($0)
85,29,0.0,101,20,81,1.0,-100.0,19.801980198019802,MARGIN CALL ($0)
85,28,0.0,108,18,90,1.0,-100.0,16.666666666666664,MARGIN CALL ($0)
85,27,0.0,100,18,82,1.0,-100.0,18.0,MARGIN CALL ($0)
85,26,0.0,104,18,86,1.0,-100.0,17.307692307692307,MARGIN CALL ($0)
85,25,0.0,163,26,137,1.0,-100.0,15.950920245398773,MARGIN CALL ($0)
85,24,0.0,337,62,275,1.0,-100.0,18.397626112759642,MARGIN CALL ($0)
85,23,0.0,698,135,563,1.0,-100.0,19.340974212034386,MARGIN CALL ($0)
85,22,0.0,452,85,367,1.0,-100.0,18.805309734513273,MARGIN CALL ($0)
85,21,0.0,538,97,441,1.0,-100.0,18.029739776951672,MARGIN CALL ($0)
85,18,0.0,5,0,5,1.0,-100.0,0.0,MARGIN CALL ($0)
85,17,0.0,10,0,10,1.0,-100.0,0.0,MARGIN CALL ($0)
1,64,0.0,2038,518,1520,1.0,-100.0,25.417075564278708,MARGIN CALL ($0)
1,63,0.0,2031,510,1521,1.0,-100.0,25.11078286558346,MARGIN CALL ($0)
85,48,0.0,8,0,8,1.0,-100.0,0.0,MARGIN CALL ($0)
85,47,0.0,9,0,9,1.0,-100.0,0.0,MARGIN CALL ($0)
85,46,0.0,7,0,7,1.0,-100.0,0.0,MARGIN CALL ($0)
85,45,0.0,7,0,7,1.0,-100.0,0.0,MARGIN CALL ($0)
85,44,0.0,7,0,7,1.0,-100.0,0.0,MARGIN CALL ($0)
85,43,0.0,6,0,6,1.0,-100.0,0.0,MARGIN CALL ($0)
85,42,0.0,8,0,8,1.0,-100.0,0.0,MARGIN CALL ($0)
85,41,0.0,9,0,9,1.0,-100.0,0.0,MARGIN CALL ($0)
85,40,0.0,10,0,10,1.0,-100.0,0.0,MARGIN CALL ($0)
85,39,0.0,10,0,10,1.0,-100.0,0.0,MARGIN CALL ($0)
85,38,0.0,351,56,295,1.0,-100.0,15.954415954415953,MARGIN CALL ($0)
85,37,0.0,227,35,192,1.0,-100.0,15.418502202643172,MARGIN CALL ($0)
85,36,0.0,113,17,96,1.0,-100.0,15.04424778761062,MARGIN CALL ($0)
85,35,0.0,115,22,93,1.0,-100.0,19.130434782608695,MARGIN CALL ($0)
85,34,0.0,104,24,80,1.0,-100.0,23.076923076923077,MARGIN CALL ($0)
85,33,0.0,43,10,33,1.0,-100.0,23.25581395348837,MARGIN CALL ($0)
85,64,0.0,5,0,5,1.0,-100.0,0.0,MARGIN CALL ($0)
85,63,0.0,5,0,5,1.0,-100.0,0.0,MARGIN CALL ($0)
85,62,0.0,5,0,5,1.0,-100.0,0.0,MARGIN CALL ($0)
85,61,0.0,5,0,5,1.0,-100.0,0.0,MARGIN CALL ($0)
85,60,0.0,5,0,5,1.0,-100.0,0.0,MARGIN CALL ($0)
85,59,0.0,5,0,5,1.0,-100.0,0.0,MARGIN CALL ($0)
85,58,0.0,5,0,5,1.0,-100.0,0.0,MARGIN CALL ($0)
85,57,0.0,5,0,5,1.0,-100.0,0.0,MARGIN CALL ($0)
85,56,0.0,6,0,6,1.0,-100.0,0.0,MARGIN CALL ($0)
85,55,0.0,6,0,6,1.0,-100.0,0.0,MARGIN CALL ($0)
85,54,0.0,5,0,5,1.0,-100.0,0.0,MARGIN CALL ($0)
85,53,0.0,10,2,8,1.0,-100.0,20.0,MARGIN CALL ($0)
85,52,0.0,9,1,8,1.0,-100.0,11.11111111111111,MARGIN CALL ($0)
85,51,0.0,10,1,9,1.0,-100.0,10.0,MARGIN CALL ($0)
85,50,0.0,7,0,7,1.0,-100.0,0.0,MARGIN CALL ($0)
85,49,0.0,7,0,7,1.0,-100.0,0.0,MARGIN CALL ($0)
85,80,0.0,4,0,4,1.0,-100.0,0.0,MARGIN CALL ($0)
85,79,0.0,6,0,6,1.0,-100.0,0.0,MARGIN CALL ($0)
85,78,0.0,5,0,5,1.0,-100.0,0.0,MARGIN CALL ($0)
85,77,0.0,5,0,5,1.0,-100.0,0.0,MARGIN CALL ($0)
85,76,0.0,6,0,6,1.0,-100.0,0.0,MARGIN CALL ($0)
85,75,0.0,6,0,6,1.0,-100.0,0.0,MARGIN CALL ($0)
85,74,0.0,6,0,6,1.0,-100.0,0.0,MARGIN CALL ($0)
85,73,0.0,6,0,6,1.0,-100.0,0.0,MARGIN CALL ($0)
85,72,0.0,6,0,6,1.0,-100.0,0.0,MARGIN CALL ($0)
85,71,0.0,6,0,6,1.0,-100.0,0.0,MARGIN CALL ($0)
85,70,0.0,7,0,7,1.0,-100.0,0.0,MARGIN CALL ($0)
85,69,0.0,6,0,6,1.0,-100.0,0.0,MARGIN CALL ($0)
85,68,0.0,6,0,6,1.0,-100.0,0.0,MARGIN CALL ($0)
85,67,0.0,19,2,17,1.0,-100.0,10.526315789473683,MARGIN CALL ($0)
85,66,0.0,5,0,5,1.0,-100.0,0.0,MARGIN CALL ($0)
85,65,0.0,5,0,5,1.0,-100.0,0.0,MARGIN CALL ($0)
85,96,0.0,8,0,8,1.0,-100.0,0.0,MARGIN CALL ($0)
85,95,0.0,7,0,7,1.0,-100.0,0.0,MARGIN CALL ($0)
85,94,0.0,5,0,5,1.0,-100.0,0.0,MARGIN CALL ($0)
85,93,0.0,5,0,5,1.0,-100.0,0.0,MARGIN CALL ($0)
85,92,0.0,5,0,5,1.0,-100.0,0.0,MARGIN CALL ($0)
85,91,0.0,5,0,5,1.0,-100.0,0.0,MARGIN CALL ($0)
85,90,0.0,5,0,5,1.0,-100.0,0.0,MARGIN CALL ($0)
85,89,0.0,5,0,5,1.0,-100.0,0.0,MARGIN CALL ($0)
85,88,0.0,5,0,5,1.0,-100.0,0.0,MARGIN CALL ($0)
85,87,0.0,5,0,5,1.0,-100.0,0.0,MARGIN CALL ($0)
85,86,0.0,6,0,6,1.0,-100.0,0.0,MARGIN CALL ($0)
85,85,0.0,5,0,5,1.0,-100.0,0.0,MARGIN CALL ($0)
85,84,0.0,5,0,5,1.0,-100.0,0.0,MARGIN CALL ($0)
85,83,0.0,7,0,7,1.0,-100.0,0.0,MARGIN CALL ($0)
85,82,0.0,5,0,5,1.0,-100.0,0.0,MARGIN CALL ($0)
85,81,0.0,5,0,5,1.0,-100.0,0.0,MARGIN CALL ($0)
100,57,0.0,5,0,5,1.0,-100.0,0.0,MARGIN CALL ($0)
86,12,0.0,20,4,16,1.0,-100.0,20.0,MARGIN CALL ($0)
86,11,0.0,21,4,17,1.0,-100.0,19.047619047619047,MARGIN CALL ($0)
86,10,0.0,23,4,19,1.0,-100.0,17.391304347826086,MARGIN CALL ($0)
86,9,0.0,23,5,18,1.0,-100.0,21.73913043478261,MARGIN CALL ($0)
86,8,0.0,22,5,17,1.0,-100.0,22.727272727272727,MARGIN CALL ($0)
86,7,0.0,19,2,17,1.0,-100.0,10.526315789473683,MARGIN CALL ($0)
86,6,0.0,21,2,19,1.0,-100.0,9.523809523809524,MARGIN CALL ($0)
86,5,0.0,14,0,14,1.0,-100.0,0.0,MARGIN CALL ($0)
86,4,0.0,39,9,30,1.0,-100.0,23.076923076923077,MARGIN CALL ($0)
86,3,0.0,2361,553,1808,1.0,-100.0,23.42227869546802,MARGIN CALL ($0)
86,1,0.0,1994,373,1621,1.0,-100.0,18.706118355065197,MARGIN CALL ($0)
85,100,0.0,8,0,8,1.0,-100.0,0.0,MARGIN CALL ($0)
85,99,0.0,8,0,8,1.0,-100.0,0.0,MARGIN CALL ($0)
85,98,0.0,8,0,8,1.0,-100.0,0.0,MARGIN CALL ($0)
85,97,0.0,8,0,8,1.0,-100.0,0.0,MARGIN CALL ($0)
86,30,0.0,60,14,46,1.0,-100.0,23.333333333333332,MARGIN CALL ($0)
86,29,0.0,80,14,66,1.0,-100.0,17.5,MARGIN CALL ($0)
86,28,0.0,85,13,72,1.0,-100.0,15.294117647058824,MARGIN CALL ($0)
86,27,0.0,74,13,61,1.0,-100.0,17.56756756756757,MARGIN CALL ($0)
86,26,0.0,61,10,51,1.0,-100.0,16.39344262295082,MARGIN CALL ($0)
86,25,0.0,137,22,115,1.0,-100.0,16.05839416058394,MARGIN CALL ($0)
86,24,0.0,325,61,264,1.0,-100.0,18.76923076923077,MARGIN CALL ($0)
86,23,0.0,492,94,398,1.0,-100.0,19.10569105691057,MARGIN CALL ($0)
86,22,0.0,350,62,288,1.0,-100.0,17.71428571428571,MARGIN CALL ($0)
86,21,0.0,501,87,414,1.0,-100.0,17.365269461077844,MARGIN CALL ($0)
86,20,0.0,661,117,544,1.0,-100.0,17.700453857791228,MARGIN CALL ($0)
86,18,0.0,5,0,5,1.0,-100.0,0.0,MARGIN CALL ($0)
86,17,0.0,10,0,10,1.0,-100.0,0.0,MARGIN CALL ($0)
86,16,0.0,16,2,14,1.0,-100.0,12.5,MARGIN CALL ($0)
86,15,0.0,672,137,535,1.0,-100.0,20.386904761904763,MARGIN CALL ($0)
86,14,0.0,783,163,620,1.0,-100.0,20.81736909323116,MARGIN CALL ($0)
86,46,0.0,8,0,8,1.0,-100.0,0.0,MARGIN CALL ($0)
86,45,0.0,8,0,8,1.0,-100.0,0.0,MARGIN CALL ($0)
86,44,0.0,7,0,7,1.0,-100.0,0.0,MARGIN CALL ($0)
86,43,0.0,6,0,6,1.0,-100.0,0.0,MARGIN CALL ($0)
86,42,0.0,8,0,8,1.0,-100.0,0.0,MARGIN CALL ($0)
86,41,0.0,9,0,9,1.0,-100.0,0.0,MARGIN CALL ($0)
86,40,0.0,10,0,10,1.0,-100.0,0.0,MARGIN CALL ($0)
86,39,0.0,10,0,10,1.0,-100.0,0.0,MARGIN CALL ($0)
86,38,0.0,348,55,293,1.0,-100.0,15.804597701149426,MARGIN CALL ($0)
86,37,0.0,134,15,119,1.0,-100.0,11.194029850746269,MARGIN CALL ($0)
86,36,0.0,109,17,92,1.0,-100.0,15.59633027522936,MARGIN CALL ($0)
86,35,0.0,115,22,93,1.0,-100.0,19.130434782608695,MARGIN CALL ($0)
86,34,0.0,112,24,88,1.0,-100.0,21.428571428571427,MARGIN CALL ($0)
86,33,0.0,95,19,76,1.0,-100.0,20.0,MARGIN CALL ($0)
86,32,0.0,114,20,94,1.0,-100.0,17.543859649122805,MARGIN CALL ($0)
86,31,0.0,112,21,91,1.0,-100.0,18.75,MARGIN CALL ($0)
86,62,0.0,5,0,5,1.0,-100.0,0.0,MARGIN CALL ($0)
86,61,0.0,5,0,5,1.0,-100.0,0.0,MARGIN CALL ($0)
86,60,0.0,5,0,5,1.0,-100.0,0.0,MARGIN CALL ($0)
86,59,0.0,5,0,5,1.0,-100.0,0.0,MARGIN CALL ($0)
86,58,0.0,5,0,5,1.0,-100.0,0.0,MARGIN CALL ($0)
86,57,0.0,5,0,5,1.0,-100.0,0.0,MARGIN CALL ($0)
86,56,0.0,6,0,6,1.0,-100.0,0.0,MARGIN CALL ($0)
86,55,0.0,6,0,6,1.0,-100.0,0.0,MARGIN CALL ($0)
86,54,0.0,5,0,5,1.0,-100.0,0.0,MARGIN CALL ($0)
86,53,0.0,10,2,8,1.0,-100.0,20.0,MARGIN CALL ($0)
86,52,0.0,9,1,8,1.0,-100.0,11.11111111111111,MARGIN CALL ($0)
86,51,0.0,7,0,7,1.0,-100.0,0.0,MARGIN CALL ($0)
86,50,0.0,8,0,8,1.0,-100.0,0.0,MARGIN CALL ($0)
86,49,0.0,8,0,8,1.0,-100.0,0.0,MARGIN CALL ($0)
86,48,0.0,8,0,8,1.0,-100.0,0.0,MARGIN CALL ($0)
86,47,0.0,9,0,9,1.0,-100.0,0.0,MARGIN CALL ($0)
86,78,0.0,6,0,6,1.0,-100.0,0.0,MARGIN CALL ($0)
86,77,0.0,6,0,6,1.0,-100.0,0.0,MARGIN CALL ($0)
86,76,0.0,7,0,7,1.0,-100.0,0.0,MARGIN CALL ($0)
86,75,0.0,7,0,7,1.0,-100.0,0.0,MARGIN CALL ($0)
86,74,0.0,8,0,8,1.0,-100.0,0.0,MARGIN CALL ($0)
86,73,0.0,8,0,8,1.0,-100.0,0.0,MARGIN CALL ($0)
86,72,0.0,6,0,6,1.0,-100.0,0.0,MARGIN CALL ($0)
86,71,0.0,6,0,6,1.0,-100.0,0.0,MARGIN CALL ($0)
86,70,0.0,7,0,7,1.0,-100.0,0.0,MARGIN CALL ($0)
86,69,0.0,6,0,6,1.0,-100.0,0.0,MARGIN CALL ($0)
86,68,0.0,6,0,6,1.0,-100.0,0.0,MARGIN CALL ($0)
86,67,0.0,19,2,17,1.0,-100.0,10.526315789473683,MARGIN CALL ($0)
86,66,0.0,5,0,5,1.0,-100.0,0.0,MARGIN CALL ($0)
86,65,0.0,5,0,5,1.0,-100.0,0.0,MARGIN CALL ($0)
86,64,0.0,5,0,5,1.0,-100.0,0.0,MARGIN CALL ($0)
86,63,0.0,5,0,5,1.0,-100.0,0.0,MARGIN CALL ($0)
86,94,0.0,5,0,5,1.0,-100.0,0.0,MARGIN CALL ($0)
86,93,0.0,5,0,5,1.0,-100.0,0.0,MARGIN CALL ($0)
86,92,0.0,5,0,5,1.0,-100.0,0.0,MARGIN CALL ($0)
86,91,0.0,5,0,5,1.0,-100.0,0.0,MARGIN CALL ($0)
86,90,0.0,5,0,5,1.0,-100.0,0.0,MARGIN CALL ($0)
86,89,0.0,5,0,5,1.0,-100.0,0.0,MARGIN CALL ($0)
86,88,0.0,5,0,5,1.0,-100.0,0.0,MARGIN CALL ($0)
86,87,0.0,5,0,5,1.0,-100.0,0.0,MARGIN CALL ($0)
86,86,0.0,6,0,6,1.0,-100.0,0.0,MARGIN CALL ($0)
86,85,0.0,6,0,6,1.0,-100.0,0.0,MARGIN CALL ($0)
86,84,0.0,6,0,6,1.0,-100.0,0.0,MARGIN CALL ($0)
86,83,0.0,6,0,6,1.0,-100.0,0.0,MARGIN CALL ($0)
86,82,0.0,6,0,6,1.0,-100.0,0.0,MARGIN CALL ($0)
86,81,0.0,6,0,6,1.0,-100.0,0.0,MARGIN CALL ($0)
86,80,0.0,6,0,6,1.0,-100.0,0.0,MARGIN CALL ($0)
86,79,0.0,6,0,6,1.0,-100.0,0.0,MARGIN CALL ($0)
87,11,0.0,21,4,17,1.0,-100.0,19.047619047619047,MARGIN CALL ($0)
87,10,0.0,23,4,19,1.0,-100.0,17.391304347826086,MARGIN CALL ($0)
87,9,0.0,23,5,18,1.0,-100.0,21.73913043478261,MARGIN CALL ($0)
87,8,0.0,22,5,17,1.0,-100.0,22.727272727272727,MARGIN CALL ($0)
87,7,0.0,19,2,17,1.0,-100.0,10.526315789473683,MARGIN CALL ($0)
87,6,0.0,21,2,19,1.0,-100.0,9.523809523809524,MARGIN CALL ($0)
87,5,0.0,14,0,14,1.0,-100.0,0.0,MARGIN CALL ($0)
87,4,0.0,39,9,30,1.0,-100.0,23.076923076923077,MARGIN CALL ($0)
87,3,0.0,2361,553,1808,1.0,-100.0,23.42227869546802,MARGIN CALL ($0)
87,1,0.0,1995,372,1623,1.0,-100.0,18.646616541353385,MARGIN CALL ($0)
86,100,0.0,8,0,8,1.0,-100.0,0.0,MARGIN CALL ($0)
86,99,0.0,8,0,8,1.0,-100.0,0.0,MARGIN CALL ($0)
86,98,0.0,8,0,8,1.0,-100.0,0.0,MARGIN CALL ($0)
86,97,0.0,8,0,8,1.0,-100.0,0.0,MARGIN CALL ($0)
86,96,0.0,8,0,8,1.0,-100.0,0.0,MARGIN CALL ($0)
86,95,0.0,7,0,7,1.0,-100.0,0.0,MARGIN CALL ($0)
87,28,0.0,58,9,49,1.0,-100.0,15.517241379310345,MARGIN CALL ($0)
87,27,0.0,36,5,31,1.0,-100.0,13.88888888888889,MARGIN CALL ($0)
87,26,0.0,29,5,24,1.0,-100.0,17.24137931034483,MARGIN CALL ($0)
87,25,0.0,100,18,82,1.0,-100.0,18.0,MARGIN CALL ($0)
87,24,0.0,217,38,179,1.0,-100.0,17.51152073732719,MARGIN CALL ($0)
87,23,0.0,461,89,372,1.0,-100.0,19.305856832971802,MARGIN CALL ($0)
87,22,0.0,271,49,222,1.0,-100.0,18.081180811808117,MARGIN CALL ($0)
87,21,0.0,488,88,400,1.0,-100.0,18.0327868852459,MARGIN CALL ($0)
87,20,0.0,644,114,530,1.0,-100.0,17.70186335403727,MARGIN CALL ($0)
87,18,0.0,5,0,5,1.0,-100.0,0.0,MARGIN CALL ($0)
87,17,0.0,10,0,10,1.0,-100.0,0.0,MARGIN CALL ($0)
87,16,0.0,16,2,14,1.0,-100.0,12.5,MARGIN CALL ($0)
87,15,0.0,627,126,501,1.0,-100.0,20.095693779904305,MARGIN CALL ($0)
87,14,0.0,745,156,589,1.0,-100.0,20.93959731543624,MARGIN CALL ($0)
100,56,0.0,6,0,6,1.0,-100.0,0.0,MARGIN CALL ($0)
87,12,0.0,20,4,16,1.0,-100.0,20.0,MARGIN CALL ($0)
87,44,0.0,7,0,7,1.0,-100.0,0.0,MARGIN CALL ($0)
87,43,0.0,6,0,6,1.0,-100.0,0.0,MARGIN CALL ($0)
87,42,0.0,8,0,8,1.0,-100.0,0.0,MARGIN CALL ($0)
87,41,0.0,9,0,9,1.0,-100.0,0.0,MARGIN CALL ($0)
87,40,0.0,10,0,10,1.0,-100.0,0.0,MARGIN CALL ($0)
87,39,0.0,10,0,10,1.0,-100.0,0.0,MARGIN CALL ($0)
87,38,0.0,241,39,202,1.0,-100.0,16.182572614107883,MARGIN CALL ($0)
87,37,0.0,117,15,102,1.0,-100.0,12.82051282051282,MARGIN CALL ($0)
87,36,0.0,98,17,81,1.0,-100.0,17.346938775510203,MARGIN CALL ($0)
87,35,0.0,52,14,38,1.0,-100.0,26.923076923076923,MARGIN CALL ($0)
87,34,0.0,29,8,21,1.0,-100.0,27.586206896551722,MARGIN CALL ($0)
87,33,0.0,24,5,19,1.0,-100.0,20.833333333333336,MARGIN CALL ($0)
87,32,0.0,47,11,36,1.0,-100.0,23.404255319148938,MARGIN CALL ($0)
87,31,0.0,93,20,73,1.0,-100.0,21.50537634408602,MARGIN CALL ($0)
87,30,0.0,23,5,18,1.0,-100.0,21.73913043478261,MARGIN CALL ($0)
87,29,0.0,53,10,43,1.0,-100.0,18.867924528301888,MARGIN CALL ($0)
87,60,0.0,4,0,4,1.0,-100.0,0.0,MARGIN CALL ($0)
87,59,0.0,4,0,4,1.0,-100.0,0.0,MARGIN CALL ($0)
87,58,0.0,4,0,4,1.0,-100.0,0.0,MARGIN CALL ($0)
87,57,0.0,4,0,4,1.0,-100.0,0.0,MARGIN CALL ($0)
87,56,0.0,5,0,5,1.0,-100.0,0.0,MARGIN CALL ($0)
87,55,0.0,3,0,3,1.0,-100.0,0.0,MARGIN CALL ($0)
87,54,0.0,3,0,3,1.0,-100.0,0.0,MARGIN CALL ($0)
87,53,0.0,3,0,3,1.0,-100.0,0.0,MARGIN CALL ($0)
87,52,0.0,3,0,3,1.0,-100.0,0.0,MARGIN CALL ($0)
87,51,0.0,5,0,5,1.0,-100.0,0.0,MARGIN CALL ($0)
87,50,0.0,8,0,8,1.0,-100.0,0.0,MARGIN CALL ($0)
87,49,0.0,8,0,8,1.0,-100.0,0.0,MARGIN CALL ($0)
87,48,0.0,8,0,8,1.0,-100.0,0.0,MARGIN CALL ($0)
87,47,0.0,9,0,9,1.0,-100.0,0.0,MARGIN CALL ($0)
87,46,0.0,8,0,8,1.0,-100.0,0.0,MARGIN CALL ($0)
87,45,0.0,8,0,8,1.0,-100.0,0.0,MARGIN CALL ($0)
87,76,0.0,7,0,7,1.0,-100.0,0.0,MARGIN CALL ($0)
87,75,0.0,7,0,7,1.0,-100.0,0.0,MARGIN CALL ($0)
87,74,0.0,8,0,8,1.0,-100.0,0.0,MARGIN CALL ($0)
87,73,0.0,8,0,8,1.0,-100.0,0.0,MARGIN CALL ($0)
87,72,0.0,6,0,6,1.0,-100.0,0.0,MARGIN CALL ($0)
87,71,0.0,5,0,5,1.0,-100.0,0.0,MARGIN CALL ($0)
87,70,0.0,6,0,6,1.0,-100.0,0.0,MARGIN CALL ($0)
87,69,0.0,5,0,5,1.0,-100.0,0.0,MARGIN CALL ($0)
87,68,0.0,4,0,4,1.0,-100.0,0.0,MARGIN CALL ($0)
87,67,0.0,4,0,4,1.0,-100.0,0.0,MARGIN CALL ($0)
87,66,0.0,5,0,5,1.0,-100.0,0.0,MARGIN CALL ($0)
87,65,0.0,3,0,3,1.0,-100.0,0.0,MARGIN CALL ($0)
87,64,0.0,5,0,5,1.0,-100.0,0.0,MARGIN CALL ($0)
87,63,0.0,4,0,4,1.0,-100.0,0.0,MARGIN CALL ($0)
87,62,0.0,4,0,4,1.0,-100.0,0.0,MARGIN CALL ($0)
87,61,0.0,4,0,4,1.0,-100.0,0.0,MARGIN CALL ($0)
87,92,0.0,5,0,5,1.0,-100.0,0.0,MARGIN CALL ($0)
87,91,0.0,5,0,5,1.0,-100.0,0.0,MARGIN CALL ($0)
87,90,0.0,5,0,5,1.0,-100.0,0.0,MARGIN CALL ($0)
87,89,0.0,5,0,5,1.0,-100.0,0.0,MARGIN CALL ($0)
87,88,0.0,5,0,5,1.0,-100.0,0.0,MARGIN CALL ($0)
87,87,0.0,5,0,5,1.0,-100.0,0.0,MARGIN CALL ($0)
87,86,0.0,5,0,5,1.0,-100.0,0.0,MARGIN CALL ($0)
87,85,0.0,5,0,5,1.0,-100.0,0.0,MARGIN CALL ($0)
87,84,0.0,5,0,5,1.0,-100.0,0.0,MARGIN CALL ($0)
87,83,0.0,5,0,5,1.0,-100.0,0.0,MARGIN CALL ($0)
87,82,0.0,5,0,5,1.0,-100.0,0.0,MARGIN CALL ($0)
87,81,0.0,5,0,5,1.0,-100.0,0.0,MARGIN CALL ($0)
87,80,0.0,5,0,5,1.0,-100.0,0.0,MARGIN CALL ($0)
87,79,0.0,5,0,5,1.0,-100.0,0.0,MARGIN CALL ($0)
87,78,0.0,6,0,6,1.0,-100.0,0.0,MARGIN CALL ($0)
87,77,0.0,6,0,6,1.0,-100.0,0.0,MARGIN CALL ($0)
88,9,0.0,12,0,12,1.0,-100.0,0.0,MARGIN CALL ($0)
88,8,0.0,13,0,13,1.0,-100.0,0.0,MARGIN CALL ($0)
88,7,0.0,18,1,17,1.0,-100.0,5.555555555555555,MARGIN CALL ($0)
88,6,0.0,18,1,17,1.0,-100.0,5.555555555555555,MARGIN CALL ($0)
88,5,0.0,14,0,14,1.0,-100.0,0.0,MARGIN CALL ($0)
88,4,0.0,39,9,30,1.0,-100.0,23.076923076923077,MARGIN CALL ($0)
88,3,0.0,2360,553,1807,1.0,-100.0,23.43220338983051,MARGIN CALL ($0)
88,1,0.0,1994,373,1621,1.0,-100.0,18.706118355065197,MARGIN CALL ($0)
87,100,0.0,7,0,7,1.0,-100.0,0.0,MARGIN CALL ($0)
87,99,0.0,7,0,7,1.0,-100.0,0.0,MARGIN CALL ($0)
87,98,0.0,7,0,7,1.0,-100.0,0.0,MARGIN CALL ($0)
87,97,0.0,7,0,7,1.0,-100.0,0.0,MARGIN CALL ($0)
87,96,0.0,7,0,7,1.0,-100.0,0.0,MARGIN CALL ($0)
87,95,0.0,7,0,7,1.0,-100.0,0.0,MARGIN CALL ($0)
87,94,0.0,5,0,5,1.0,-100.0,0.0,MARGIN CALL ($0)
87,93,0.0,5,0,5,1.0,-100.0,0.0,MARGIN CALL ($0)
88,26,0.0,33,5,28,1.0,-100.0,15.151515151515152,MARGIN CALL ($0)
88,25,0.0,128,22,106,1.0,-100.0,17.1875,MARGIN CALL ($0)
88,24,0.0,230,41,189,1.0,-100.0,17.82608695652174,MARGIN CALL ($0)
88,23,0.0,486,95,391,1.0,-100.0,19.54732510288066,MARGIN CALL ($0)
88,22,0.0,277,51,226,1.0,-100.0,18.4115523465704,MARGIN CALL ($0)
88,21,0.0,499,89,410,1.0,-100.0,17.835671342685373,MARGIN CALL ($0)
88,20,0.0,663,117,546,1.0,-100.0,17.647058823529413,MARGIN CALL ($0)
88,18,0.0,5,0,5,1.0,-100.0,0.0,MARGIN CALL ($0)
88,17,0.0,10,0,10,1.0,-100.0,0.0,MARGIN CALL ($0)
88,16,0.0,14,1,13,1.0,-100.0,7.142857142857142,MARGIN CALL ($0)
88,15,0.0,634,127,507,1.0,-100.0,20.031545741324923,MARGIN CALL ($0)
88,14,0.0,761,158,603,1.0,-100.0,20.76215505913272,MARGIN CALL ($0)
100,55,0.0,4,0,4,1.0,-100.0,0.0,MARGIN CALL ($0)
88,12,0.0,20,3,17,1.0,-100.0,15.0,MARGIN CALL ($0)
88,11,0.0,20,3,17,1.0,-100.0,15.0,MARGIN CALL ($0)
88,10,0.0,22,3,19,1.0,-100.0,13.636363636363635,MARGIN CALL ($0)
88,42,0.0,8,0,8,1.0,-100.0,0.0,MARGIN CALL ($0)
88,41,0.0,9,0,9,1.0,-100.0,0.0,MARGIN CALL ($0)
88,40,0.0,10,0,10,1.0,-100.0,0.0,MARGIN CALL ($0)
88,39,0.0,10,0,10,1.0,-100.0,0.0,MARGIN CALL ($0)
88,38,0.0,232,37,195,1.0,-100.0,15.948275862068966,MARGIN CALL ($0)
88,37,0.0,123,16,107,1.0,-100.0,13.008130081300814,MARGIN CALL ($0)
88,36,0.0,97,18,79,1.0,-100.0,18.556701030927837,MARGIN CALL ($0)
88,35,0.0,52,14,38,1.0,-100.0,26.923076923076923,MARGIN CALL ($0)
88,34,0.0,29,8,21,1.0,-100.0,27.586206896551722,MARGIN CALL ($0)
88,33,0.0,24,5,19,1.0,-100.0,20.833333333333336,MARGIN CALL ($0)
88,32,0.0,47,11,36,1.0,-100.0,23.404255319148938,MARGIN CALL ($0)
88,31,0.0,97,21,76,1.0,-100.0,21.649484536082475,MARGIN CALL ($0)
88,30,0.0,23,5,18,1.0,-100.0,21.73913043478261,MARGIN CALL ($0)
88,29,0.0,53,10,43,1.0,-100.0,18.867924528301888,MARGIN CALL ($0)
88,28,0.0,56,9,47,1.0,-100.0,16.071428571428573,MARGIN CALL ($0)
88,27,0.0,35,5,30,1.0,-100.0,14.285714285714285,MARGIN CALL ($0)
88,58,0.0,4,0,4,1.0,-100.0,0.0,MARGIN CALL ($0)
88,57,0.0,4,0,4,1.0,-100.0,0.0,MARGIN CALL ($0)
88,56,0.0,5,0,5,1.0,-100.0,0.0,MARGIN CALL ($0)
88,55,0.0,3,0,3,1.0,-100.0,0.0,MARGIN CALL ($0)
88,54,0.0,3,0,3,1.0,-100.0,0.0,MARGIN CALL ($0)
88,53,0.0,3,0,3,1.0,-100.0,0.0,MARGIN CALL ($0)
88,52,0.0,3,0,3,1.0,-100.0,0.0,MARGIN CALL ($0)
88,51,0.0,5,0,5,1.0,-100.0,0.0,MARGIN CALL ($0)
88,50,0.0,8,0,8,1.0,-100.0,0.0,MARGIN CALL ($0)
88,49,0.0,8,0,8,1.0,-100.0,0.0,MARGIN CALL ($0)
88,48,0.0,8,0,8,1.0,-100.0,0.0,MARGIN CALL ($0)
88,47,0.0,9,0,9,1.0,-100.0,0.0,MARGIN CALL ($0)
88,46,0.0,8,0,8,1.0,-100.0,0.0,MARGIN CALL ($0)
88,45,0.0,8,0,8,1.0,-100.0,0.0,MARGIN CALL ($0)
88,44,0.0,7,0,7,1.0,-100.0,0.0,MARGIN CALL ($0)
88,43,0.0,6,0,6,1.0,-100.0,0.0,MARGIN CALL ($0)
88,74,0.0,8,0,8,1.0,-100.0,0.0,MARGIN CALL ($0)
88,73,0.0,8,0,8,1.0,-100.0,0.0,MARGIN CALL ($0)
88,72,0.0,6,0,6,1.0,-100.0,0.0,MARGIN CALL ($0)
88,71,0.0,5,0,5,1.0,-100.0,0.0,MARGIN CALL ($0)
88,70,0.0,6,0,6,1.0,-100.0,0.0,MARGIN CALL ($0)
88,69,0.0,5,0,5,1.0,-100.0,0.0,MARGIN CALL ($0)
88,68,0.0,4,0,4,1.0,-100.0,0.0,MARGIN CALL ($0)
88,67,0.0,4,0,4,1.0,-100.0,0.0,MARGIN CALL ($0)
88,66,0.0,5,0,5,1.0,-100.0,0.0,MARGIN CALL ($0)
88,65,0.0,3,0,3,1.0,-100.0,0.0,MARGIN CALL ($0)
88,64,0.0,5,0,5,1.0,-100.0,0.0,MARGIN CALL ($0)
88,63,0.0,4,0,4,1.0,-100.0,0.0,MARGIN CALL ($0)
88,62,0.0,4,0,4,1.0,-100.0,0.0,MARGIN CALL ($0)
88,61,0.0,4,0,4,1.0,-100.0,0.0,MARGIN CALL ($0)
88,60,0.0,4,0,4,1.0,-100.0,0.0,MARGIN CALL ($0)
88,59,0.0,4,0,4,1.0,-100.0,0.0,MARGIN CALL ($0)
88,90,0.0,4,0,4,1.0,-100.0,0.0,MARGIN CALL ($0)
88,89,0.0,4,0,4,1.0,-100.0,0.0,MARGIN CALL ($0)
88,88,0.0,4,0,4,1.0,-100.0,0.0,MARGIN CALL ($0)
88,87,0.0,5,0,5,1.0,-100.0,0.0,MARGIN CALL ($0)
88,86,0.0,5,0,5,1.0,-100.0,0.0,MARGIN CALL ($0)
88,85,0.0,5,0,5,1.0,-100.0,0.0,MARGIN CALL ($0)
88,84,0.0,5,0,5,1.0,-100.0,0.0,MARGIN CALL ($0)
88,83,0.0,5,0,5,1.0,-100.0,0.0,MARGIN CALL ($0)
88,82,0.0,5,0,5,1.0,-100.0,0.0,MARGIN CALL ($0)
88,81,0.0,5,0,5,1.0,-100.0,0.0,MARGIN CALL ($0)
88,80,0.0,5,0,5,1.0,-100.0,0.0,MARGIN CALL ($0)
88,79,0.0,5,0,5,1.0,-100.0,0.0,MARGIN CALL ($0)
88,78,0.0,6,0,6,1.0,-100.0,0.0,MARGIN CALL ($0)
88,77,0.0,6,0,6,1.0,-100.0,0.0,MARGIN CALL ($0)
88,76,0.0,7,0,7,1.0,-100.0,0.0,MARGIN CALL ($0)
88,75,0.0,7,0,7,1.0,-100.0,0.0,MARGIN CALL ($0)
89,7,0.0,18,1,17,1.0,-100.0,5.555555555555555,MARGIN CALL ($0)
89,6,0.0,18,1,17,1.0,-100.0,5.555555555555555,MARGIN CALL ($0)
89,5,0.0,14,0,14,1.0,-100.0,0.0,MARGIN CALL ($0)
89,4,0.0,39,9,30,1.0,-100.0,23.076923076923077,MARGIN CALL ($0)
89,3,0.0,2359,553,1806,1.0,-100.0,23.44213649851632,MARGIN CALL ($0)
89,1,0.0,1992,371,1621,1.0,-100.0,18.62449799196787,MARGIN CALL ($0)
88,100,0.0,5,0,5,1.0,-100.0,0.0,MARGIN CALL ($0)
88,99,0.0,5,0,5,1.0,-100.0,0.0,MARGIN CALL ($0)
88,98,0.0,5,0,5,1.0,-100.0,0.0,MARGIN CALL ($0)
88,97,0.0,5,0,5,1.0,-100.0,0.0,MARGIN CALL ($0)
88,96,0.0,5,0,5,1.0,-100.0,0.0,MARGIN CALL ($0)
88,95,0.0,5,0,5,1.0,-100.0,0.0,MARGIN CALL ($0)
88,94,0.0,4,0,4,1.0,-100.0,0.0,MARGIN CALL ($0)
88,93,0.0,4,0,4,1.0,-100.0,0.0,MARGIN CALL ($0)
88,92,0.0,4,0,4,1.0,-100.0,0.0,MARGIN CALL ($0)
88,91,0.0,4,0,4,1.0,-100.0,0.0,MARGIN CALL ($0)
89,25,0.0,133,23,110,1.0,-100.0,17.293233082706767,MARGIN CALL ($0)
89,24,0.0,320,59,261,1.0,-100.0,18.4375,MARGIN CALL ($0)
89,22,0.0,343,64,279,1.0,-100.0,18.658892128279884,MARGIN CALL ($0)
89,21,0.0,513,92,421,1.0,-100.0,17.93372319688109,MARGIN CALL ($0)
89,20,0.0,668,121,547,1.0,-100.0,18.113772455089823,MARGIN CALL ($0)
89,18,0.0,5,0,5,1.0,-100.0,0.0,MARGIN CALL ($0)
89,17,0.0,10,0,10,1.0,-100.0,0.0,MARGIN CALL ($0)
89,16,0.0,14,1,13,1.0,-100.0,7.142857142857142,MARGIN CALL ($0)
89,15,0.0,622,122,500,1.0,-100.0,19.614147909967848,MARGIN CALL ($0)
89,14,0.0,692,144,548,1.0,-100.0,20.809248554913296,MARGIN CALL ($0)
100,54,0.0,3,0,3,1.0,-100.0,0.0,MARGIN CALL ($0)
89,12,0.0,20,3,17,1.0,-100.0,15.0,MARGIN CALL ($0)
89,11,0.0,20,3,17,1.0,-100.0,15.0,MARGIN CALL ($0)
89,10,0.0,22,3,19,1.0,-100.0,13.636363636363635,MARGIN CALL ($0)
89,9,0.0,12,0,12,1.0,-100.0,0.0,MARGIN CALL ($0)
89,8,0.0,13,0,13,1.0,-100.0,0.0,MARGIN CALL ($0)
89,41,0.0,9,0,9,1.0,-100.0,0.0,MARGIN CALL ($0)
89,40,0.0,10,0,10,1.0,-100.0,0.0,MARGIN CALL ($0)
89,39,0.0,10,0,10,1.0,-100.0,0.0,MARGIN CALL ($0)
89,38,0.0,228,37,191,1.0,-100.0,16.228070175438596,MARGIN CALL ($0)
89,37,0.0,117,15,102,1.0,-100.0,12.82051282051282,MARGIN CALL ($0)
89,36,0.0,40,9,31,1.0,-100.0,22.5,MARGIN CALL ($0)
89,35,0.0,28,8,20,1.0,-100.0,28.57142857142857,MARGIN CALL ($0)
89,34,0.0,29,8,21,1.0,-100.0,27.586206896551722,MARGIN CALL ($0)
89,33,0.0,25,5,20,1.0,-100.0,20.0,MARGIN CALL ($0)
89,32,0.0,47,11,36,1.0,-100.0,23.404255319148938,MARGIN CALL ($0)
89,31,0.0,95,21,74,1.0,-100.0,22.105263157894736,MARGIN CALL ($0)
89,30,0.0,23,5,18,1.0,-100.0,21.73913043478261,MARGIN CALL ($0)
89,29,0.0,66,13,53,1.0,-100.0,19.696969696969695,MARGIN CALL ($0)
89,28,0.0,59,9,50,1.0,-100.0,15.254237288135593,MARGIN CALL ($0)
89,27,0.0,37,5,32,1.0,-100.0,13.513513513513514,MARGIN CALL ($0)
89,26,0.0,35,5,30,1.0,-100.0,14.285714285714285,MARGIN CALL ($0)
89,57,0.0,4,0,4,1.0,-100.0,0.0,MARGIN CALL ($0)
89,56,0.0,5,0,5,1.0,-100.0,0.0,MARGIN CALL ($0)
89,55,0.0,3,0,3,1.0,-100.0,0.0,MARGIN CALL ($0)
89,54,0.0,3,0,3,1.0,-100.0,0.0,MARGIN CALL ($0)
89,53,0.0,3,0,3,1.0,-100.0,0.0,MARGIN CALL ($0)
89,52,0.0,3,0,3,1.0,-100.0,0.0,MARGIN CALL ($0)
89,51,0.0,5,0,5,1.0,-100.0,0.0,MARGIN CALL ($0)
89,50,0.0,8,0,8,1.0,-100.0,0.0,MARGIN CALL ($0)
89,49,0.0,8,0,8,1.0,-100.0,0.0,MARGIN CALL ($0)
89,48,0.0,8,0,8,1.0,-100.0,0.0,MARGIN CALL ($0)
89,47,0.0,9,0,9,1.0,-100.0,0.0,MARGIN CALL ($0)
89,46,0.0,8,0,8,1.0,-100.0,0.0,MARGIN CALL ($0)
89,45,0.0,8,0,8,1.0,-100.0,0.0,MARGIN CALL ($0)
89,44,0.0,7,0,7,1.0,-100.0,0.0,MARGIN CALL ($0)
89,43,0.0,6,0,6,1.0,-100.0,0.0,MARGIN CALL ($0)
89,42,0.0,8,0,8,1.0,-100.0,0.0,MARGIN CALL ($0)
89,73,0.0,8,0,8,1.0,-100.0,0.0,MARGIN CALL ($0)
89,72,0.0,6,0,6,1.0,-100.0,0.0,MARGIN CALL ($0)
89,71,0.0,5,0,5,1.0,-100.0,0.0,MARGIN CALL ($0)
89,70,0.0,6,0,6,1.0,-100.0,0.0,MARGIN CALL ($0)
89,69,0.0,5,0,5,1.0,-100.0,0.0,MARGIN CALL ($0)
89,68,0.0,4,0,4,1.0,-100.0,0.0,MARGIN CALL ($0)
89,67,0.0,4,0,4,1.0,-100.0,0.0,MARGIN CALL ($0)
89,66,0.0,5,0,5,1.0,-100.0,0.0,MARGIN CALL ($0)
89,65,0.0,3,0,3,1.0,-100.0,0.0,MARGIN CALL ($0)
89,64,0.0,5,0,5,1.0,-100.0,0.0,MARGIN CALL ($0)
89,63,0.0,4,0,4,1.0,-100.0,0.0,MARGIN CALL ($0)
89,62,0.0,4,0,4,1.0,-100.0,0.0,MARGIN CALL ($0)
89,61,0.0,4,0,4,1.0,-100.0,0.0,MARGIN CALL ($0)
89,60,0.0,4,0,4,1.0,-100.0,0.0,MARGIN CALL ($0)
89,59,0.0,4,0,4,1.0,-100.0,0.0,MARGIN CALL ($0)
89,58,0.0,4,0,4,1.0,-100.0,0.0,MARGIN CALL ($0)
89,89,0.0,4,0,4,1.0,-100.0,0.0,MARGIN CALL ($0)
89,88,0.0,4,0,4,1.0,-100.0,0.0,MARGIN CALL ($0)
89,87,0.0,5,0,5,1.0,-100.0,0.0,MARGIN CALL ($0)
89,86,0.0,5,0,5,1.0,-100.0,0.0,MARGIN CALL ($0)
89,85,0.0,5,0,5,1.0,-100.0,0.0,MARGIN CALL ($0)
89,84,0.0,5,0,5,1.0,-100.0,0.0,MARGIN CALL ($0)
89,83,0.0,5,0,5,1.0,-100.0,0.0,MARGIN CALL ($0)
89,82,0.0,5,0,5,1.0,-100.0,0.0,MARGIN CALL ($0)
89,81,0.0,5,0,5,1.0,-100.0,0.0,MARGIN CALL ($0)
89,80,0.0,5,0,5,1.0,-100.0,0.0,MARGIN CALL ($0)
89,79,0.0,5,0,5,1.0,-100.0,0.0,MARGIN CALL ($0)
89,78,0.0,6,0,6,1.0,-100.0,0.0,MARGIN CALL ($0)
89,77,0.0,6,0,6,1.0,-100.0,0.0,MARGIN CALL ($0)
89,76,0.0,7,0,7,1.0,-100.0,0.0,MARGIN CALL ($0)
89,75,0.0,7,0,7,1.0,-100.0,0.0,MARGIN CALL ($0)
89,74,0.0,8,0,8,1.0,-100.0,0.0,MARGIN CALL ($0)
90,6,0.0,18,1,17,1.0,-100.0,5.555555555555555,MARGIN CALL ($0)
90,5,0.0,14,0,14,1.0,-100.0,0.0,MARGIN CALL ($0)
90,4,0.0,39,9,30,1.0,-100.0,23.076923076923077,MARGIN CALL ($0)
90,3,0.0,2359,553,1806,1.0,-100.0,23.44213649851632,MARGIN CALL ($0)
90,1,0.0,1990,372,1618,1.0,-100.0,18.693467336683415,MARGIN CALL ($0)
89,100,0.0,5,0,5,1.0,-100.0,0.0,MARGIN CALL ($0)
89,99,0.0,5,0,5,1.0,-100.0,0.0,MARGIN CALL ($0)
89,98,0.0,5,0,5,1.0,-100.0,0.0,MARGIN CALL ($0)
89,97,0.0,5,0,5,1.0,-100.0,0.0,MARGIN CALL ($0)
89,96,0.0,5,0,5,1.0,-100.0,0.0,MARGIN CALL ($0)
89,95,0.0,5,0,5,1.0,-100.0,0.0,MARGIN CALL ($0)
89,94,0.0,4,0,4,1.0,-100.0,0.0,MARGIN CALL ($0)
89,93,0.0,4,0,4,1.0,-100.0,0.0,MARGIN CALL ($0)
89,92,0.0,4,0,4,1.0,-100.0,0.0,MARGIN CALL ($0)
89,91,0.0,4,0,4,1.0,-100.0,0.0,MARGIN CALL ($0)
89,90,0.0,4,0,4,1.0,-100.0,0.0,MARGIN CALL ($0)
90,23,0.0,495,94,401,1.0,-100.0,18.98989898989899,MARGIN CALL ($0)
90,22,0.0,332,61,271,1.0,-100.0,18.373493975903614,MARGIN CALL ($0)
90,21,0.0,480,83,397,1.0,-100.0,17.291666666666668,MARGIN CALL ($0)
90,20,0.0,647,111,536,1.0,-100.0,17.156105100463677,MARGIN CALL ($0)
90,18,0.0,5,0,5,1.0,-100.0,0.0,MARGIN CALL ($0)
90,17,0.0,10,0,10,1.0,-100.0,0.0,MARGIN CALL ($0)
90,16,0.0,14,1,13,1.0,-100.0,7.142857142857142,MARGIN CALL ($0)
90,15,0.0,554,107,447,1.0,-100.0,19.314079422382672,MARGIN CALL ($0)
90,14,0.0,649,132,517,1.0,-100.0,20.33898305084746,MARGIN CALL ($0)
1,13,0.0,1292,292,1000,1.0,-100.0,22.60061919504644,MARGIN CALL ($0)
90,12,0.0,20,3,17,1.0,-100.0,15.0,MARGIN CALL ($0)
90,11,0.0,20,3,17,1.0,-100.0,15.0,MARGIN CALL ($0)
90,10,0.0,22,3,19,1.0,-100.0,13.636363636363635,MARGIN CALL ($0)
90,9,0.0,12,0,12,1.0,-100.0,0.0,MARGIN CALL ($0)
90,8,0.0,13,0,13,1.0,-100.0,0.0,MARGIN CALL ($0)
90,7,0.0,18,1,17,1.0,-100.0,5.555555555555555,MARGIN CALL ($0)
90,39,0.0,10,0,10,1.0,-100.0,0.0,MARGIN CALL ($0)
90,38,0.0,215,35,180,1.0,-100.0,16.27906976744186,MARGIN CALL ($0)
90,37,0.0,116,15,101,1.0,-100.0,12.931034482758621,MARGIN CALL ($0)
90,36,0.0,39,9,30,1.0,-100.0,23.076923076923077,MARGIN CALL ($0)
90,35,0.0,28,8,20,1.0,-100.0,28.57142857142857,MARGIN CALL ($0)
90,34,0.0,29,8,21,1.0,-100.0,27.586206896551722,MARGIN CALL ($0)
90,33,0.0,25,5,20,1.0,-100.0,20.0,MARGIN CALL ($0)
90,32,0.0,46,11,35,1.0,-100.0,23.91304347826087,MARGIN CALL ($0)
90,31,0.0,94,21,73,1.0,-100.0,22.340425531914892,MARGIN CALL ($0)
90,30,0.0,23,5,18,1.0,-100.0,21.73913043478261,MARGIN CALL ($0)
90,29,0.0,64,13,51,1.0,-100.0,20.3125,MARGIN CALL ($0)
90,28,0.0,57,9,48,1.0,-100.0,15.789473684210526,MARGIN CALL ($0)
90,27,0.0,37,5,32,1.0,-100.0,13.513513513513514,MARGIN CALL ($0)
90,26,0.0,35,5,30,1.0,-100.0,14.285714285714285,MARGIN CALL ($0)
90,25,0.0,133,23,110,1.0,-100.0,17.293233082706767,MARGIN CALL ($0)
90,24,0.0,252,44,208,1.0,-100.0,17.46031746031746,MARGIN CALL ($0)
90,55,0.0,3,0,3,1.0,-100.0,0.0,MARGIN CALL ($0)
90,54,0.0,3,0,3,1.0,-100.0,0.0,MARGIN CALL ($0)
90,53,0.0,3,0,3,1.0,-100.0,0.0,MARGIN CALL ($0)
90,52,0.0,3,0,3,1.0,-100.0,0.0,MARGIN CALL ($0)
90,51,0.0,5,0,5,1.0,-100.0,0.0,MARGIN CALL ($0)
90,50,0.0,8,0,8,1.0,-100.0,0.0,MARGIN CALL ($0)
90,49,0.0,8,0,8,1.0,-100.0,0.0,MARGIN CALL ($0)
90,48,0.0,8,0,8,1.0,-100.0,0.0,MARGIN CALL ($0)
90,47,0.0,9,0,9,1.0,-100.0,0.0,MARGIN CALL ($0)
90,46,0.0,8,0,8,1.0,-100.0,0.0,MARGIN CALL ($0)
90,45,0.0,8,0,8,1.0,-100.0,0.0,MARGIN CALL ($0)
90,44,0.0,7,0,7,1.0,-100.0,0.0,MARGIN CALL ($0)
90,43,0.0,6,0,6,1.0,-100.0,0.0,MARGIN CALL ($0)
90,42,0.0,8,0,8,1.0,-100.0,0.0,MARGIN CALL ($0)
90,41,0.0,9,0,9,1.0,-100.0,0.0,MARGIN CALL ($0)
90,40,0.0,10,0,10,1.0,-100.0,0.0,MARGIN CALL ($0)
90,71,0.0,5,0,5,1.0,-100.0,0.0,MARGIN CALL ($0)
90,70,0.0,6,0,6,1.0,-100.0,0.0,MARGIN CALL ($0)
90,69,0.0,5,0,5,1.0,-100.0,0.0,MARGIN CALL ($0)
90,68,0.0,4,0,4,1.0,-100.0,0.0,MARGIN CALL ($0)
90,67,0.0,4,0,4,1.0,-100.0,0.0,MARGIN CALL ($0)
90,66,0.0,5,0,5,1.0,-100.0,0.0,MARGIN CALL ($0)
90,65,0.0,3,0,3,1.0,-100.0,0.0,MARGIN CALL ($0)
90,64,0.0,5,0,5,1.0,-100.0,0.0,MARGIN CALL ($0)
90,63,0.0,4,0,4,1.0,-100.0,0.0,MARGIN CALL ($0)
90,62,0.0,4,0,4,1.0,-100.0,0.0,MARGIN CALL ($0)
90,61,0.0,4,0,4,1.0,-100.0,0.0,MARGIN CALL ($0)
90,60,0.0,4,0,4,1.0,-100.0,0.0,MARGIN CALL ($0)
90,59,0.0,4,0,4,1.0,-100.0,0.0,MARGIN CALL ($0)
90,58,0.0,4,0,4,1.0,-100.0,0.0,MARGIN CALL ($0)
90,57,0.0,4,0,4,1.0,-100.0,0.0,MARGIN CALL ($0)
90,56,0.0,5,0,5,1.0,-100.0,0.0,MARGIN CALL ($0)
90,87,0.0,5,0,5,1.0,-100.0,0.0,MARGIN CALL ($0)
90,86,0.0,5,0,5,1.0,-100.0,0.0,MARGIN CALL ($0)
90,85,0.0,5,0,5,1.0,-100.0,0.0,MARGIN CALL ($0)
90,84,0.0,5,0,5,1.0,-100.0,0.0,MARGIN CALL ($0)
90,83,0.0,5,0,5,1.0,-100.0,0.0,MARGIN CALL ($0)
90,82,0.0,5,0,5,1.0,-100.0,0.0,MARGIN CALL ($0)
90,81,0.0,5,0,5,1.0,-100.0,0.0,MARGIN CALL ($0)
90,80,0.0,5,0,5,1.0,-100.0,0.0,MARGIN CALL ($0)
90,79,0.0,5,0,5,1.0,-100.0,0.0,MARGIN CALL ($0)
90,78,0.0,6,0,6,1.0,-100.0,0.0,MARGIN CALL ($0)
90,77,0.0,6,0,6,1.0,-100.0,0.0,MARGIN CALL ($0)
90,76,0.0,7,0,7,1.0,-100.0,0.0,MARGIN CALL ($0)
90,75,0.0,7,0,7,1.0,-100.0,0.0,MARGIN CALL ($0)
90,74,0.0,8,0,8,1.0,-100.0,0.0,MARGIN CALL ($0)
90,73,0.0,8,0,8,1.0,-100.0,0.0,MARGIN CALL ($0)
90,72,0.0,6,0,6,1.0,-100.0,0.0,MARGIN CALL ($0)
91,4,0.0,39,9,30,1.0,-100.0,23.076923076923077,MARGIN CALL ($0)
91,3,0.0,2355,553,1802,1.0,-100.0,23.48195329087049,MARGIN CALL ($0)
91,1,0.0,1991,376,1615,1.0,-100.0,18.884982420894023,MARGIN CALL ($0)
90,100,0.0,5,0,5,1.0,-100.0,0.0,MARGIN CALL ($0)
90,99,0.0,5,0,5,1.0,-100.0,0.0,MARGIN CALL ($0)
90,98,0.0,5,0,5,1.0,-100.0,0.0,MARGIN CALL ($0)
90,97,0.0,5,0,5,1.0,-100.0,0.0,MARGIN CALL ($0)
90,96,0.0,5,0,5,1.0,-100.0,0.0,MARGIN CALL ($0)
90,95,0.0,5,0,5,1.0,-100.0,0.0,MARGIN CALL ($0)
90,94,0.0,4,0,4,1.0,-100.0,0.0,MARGIN CALL ($0)
90,93,0.0,4,0,4,1.0,-100.0,0.0,MARGIN CALL ($0)
90,92,0.0,4,0,4,1.0,-100.0,0.0,MARGIN CALL ($0)
90,91,0.0,4,0,4,1.0,-100.0,0.0,MARGIN CALL ($0)
90,90,0.0,4,0,4,1.0,-100.0,0.0,MARGIN CALL ($0)
90,89,0.0,4,0,4,1.0,-100.0,0.0,MARGIN CALL ($0)
90,88,0.0,4,0,4,1.0,-100.0,0.0,MARGIN CALL ($0)
91,21,0.0,492,85,407,1.0,-100.0,17.276422764227643,MARGIN CALL ($0)
91,20,0.0,566,98,468,1.0,-100.0,17.314487632508836,MARGIN CALL ($0)
91,18,0.0,5,0,5,1.0,-100.0,0.0,MARGIN CALL ($0)
91,17,0.0,10,0,10,1.0,-100.0,0.0,MARGIN CALL ($0)
91,16,0.0,14,1,13,1.0,-100.0,7.142857142857142,MARGIN CALL ($0)
91,15,0.0,39,8,31,1.0,-100.0,20.51282051282051,MARGIN CALL ($0)
91,14,0.0,40,8,32,1.0,-100.0,20.0,MARGIN CALL ($0)
91,13,0.0,35,6,29,1.0,-100.0,17.142857142857142,MARGIN CALL ($0)
91,12,0.0,20,3,17,1.0,-100.0,15.0,MARGIN CALL ($0)
91,11,0.0,20,3,17,1.0,-100.0,15.0,MARGIN CALL ($0)
91,10,0.0,22,3,19,1.0,-100.0,13.636363636363635,MARGIN CALL ($0)
91,9,0.0,12,0,12,1.0,-100.0,0.0,MARGIN CALL ($0)
91,8,0.0,13,0,13,1.0,-100.0,0.0,MARGIN CALL ($0)
91,7,0.0,18,1,17,1.0,-100.0,5.555555555555555,MARGIN CALL ($0)
91,6,0.0,18,1,17,1.0,-100.0,5.555555555555555,MARGIN CALL ($0)
91,5,0.0,14,0,14,1.0,-100.0,0.0,MARGIN CALL ($0)
91,37,0.0,118,15,103,1.0,-100.0,12.711864406779661,MARGIN CALL ($0)
91,36,0.0,38,9,29,1.0,-100.0,23.684210526315788,MARGIN CALL ($0)
91,35,0.0,28,8,20,1.0,-100.0,28.57142857142857,MARGIN CALL ($0)
91,34,0.0,29,8,21,1.0,-100.0,27.586206896551722,MARGIN CALL ($0)
91,33,0.0,25,5,20,1.0,-100.0,20.0,MARGIN CALL ($0)
91,32,0.0,45,10,35,1.0,-100.0,22.22222222222222,MARGIN CALL ($0)
91,31,0.0,99,21,78,1.0,-100.0,21.21212121212121,MARGIN CALL ($0)
91,30,0.0,23,5,18,1.0,-100.0,21.73913043478261,MARGIN CALL ($0)
91,29,0.0,52,9,43,1.0,-100.0,17.307692307692307,MARGIN CALL ($0)
91,28,0.0,57,8,49,1.0,-100.0,14.035087719298245,MARGIN CALL ($0)
91,27,0.0,37,5,32,1.0,-100.0,13.513513513513514,MARGIN CALL ($0)
91,26,0.0,35,5,30,1.0,-100.0,14.285714285714285,MARGIN CALL ($0)
91,25,0.0,92,18,74,1.0,-100.0,19.565217391304348,MARGIN CALL ($0)
91,24,0.0,322,58,264,1.0,-100.0,18.012422360248447,MARGIN CALL ($0)
91,23,0.0,508,94,414,1.0,-100.0,18.503937007874015,MARGIN CALL ($0)
91,22,0.0,277,47,230,1.0,-100.0,16.967509025270758,MARGIN CALL ($0)
91,53,0.0,3,0,3,1.0,-100.0,0.0,MARGIN CALL ($0)
91,52,0.0,3,0,3,1.0,-100.0,0.0,MARGIN CALL ($0)
91,51,0.0,5,0,5,1.0,-100.0,0.0,MARGIN CALL ($0)
91,50,0.0,8,0,8,1.0,-100.0,0.0,MARGIN CALL ($0)
91,49,0.0,8,0,8,1.0,-100.0,0.0,MARGIN CALL ($0)
91,48,0.0,8,0,8,1.0,-100.0,0.0,MARGIN CALL ($0)
91,47,0.0,9,0,9,1.0,-100.0,0.0,MARGIN CALL ($0)
91,46,0.0,8,0,8,1.0,-100.0,0.0,MARGIN CALL ($0)
91,45,0.0,8,0,8,1.0,-100.0,0.0,MARGIN CALL ($0)
91,44,0.0,7,0,7,1.0,-100.0,0.0,MARGIN CALL ($0)
91,43,0.0,6,0,6,1.0,-100.0,0.0,MARGIN CALL ($0)
91,42,0.0,8,0,8,1.0,-100.0,0.0,MARGIN CALL ($0)
91,41,0.0,9,0,9,1.0,-100.0,0.0,MARGIN CALL ($0)
91,40,0.0,10,0,10,1.0,-100.0,0.0,MARGIN CALL ($0)
91,39,0.0,10,0,10,1.0,-100.0,0.0,MARGIN CALL ($0)
91,38,0.0,223,36,187,1.0,-100.0,16.143497757847534,MARGIN CALL ($0)
91,69,0.0,5,0,5,1.0,-100.0,0.0,MARGIN CALL ($0)
91,68,0.0,4,0,4,1.0,-100.0,0.0,MARGIN CALL ($0)
91,67,0.0,4,0,4,1.0,-100.0,0.0,MARGIN CALL ($0)
91,66,0.0,4,0,4,1.0,-100.0,0.0,MARGIN CALL ($0)
91,65,0.0,3,0,3,1.0,-100.0,0.0,MARGIN CALL ($0)
91,64,0.0,5,0,5,1.0,-100.0,0.0,MARGIN CALL ($0)
91,63,0.0,4,0,4,1.0,-100.0,0.0,MARGIN CALL ($0)
91,62,0.0,4,0,4,1.0,-100.0,0.0,MARGIN CALL ($0)
91,61,0.0,4,0,4,1.0,-100.0,0.0,MARGIN CALL ($0)
91,60,0.0,4,0,4,1.0,-100.0,0.0,MARGIN CALL ($0)
91,59,0.0,4,0,4,1.0,-100.0,0.0,MARGIN CALL ($0)
91,58,0.0,4,0,4,1.0,-100.0,0.0,MARGIN CALL ($0)
91,57,0.0,4,0,4,1.0,-100.0,0.0,MARGIN CALL ($0)
91,56,0.0,5,0,5,1.0,-100.0,0.0,MARGIN CALL ($0)
91,55,0.0,3,0,3,1.0,-100.0,0.0,MARGIN CALL ($0)
91,54,0.0,3,0,3,1.0,-100.0,0.0,MARGIN CALL ($0)
91,85,0.0,5,0,5,1.0,-100.0,0.0,MARGIN CALL ($0)
91,84,0.0,5,0,5,1.0,-100.0,0.0,MARGIN CALL ($0)
91,83,0.0,5,0,5,1.0,-100.0,0.0,MARGIN CALL ($0)
91,82,0.0,5,0,5,1.0,-100.0,0.0,MARGIN CALL ($0)
91,81,0.0,5,0,5,1.0,-100.0,0.0,MARGIN CALL ($0)
91,80,0.0,5,0,5,1.0,-100.0,0.0,MARGIN CALL ($0)
91,79,0.0,5,0,5,1.0,-100.0,0.0,MARGIN CALL ($0)
91,78,0.0,6,0,6,1.0,-100.0,0.0,MARGIN CALL ($0)
91,77,0.0,6,0,6,1.0,-100.0,0.0,MARGIN CALL ($0)
91,76,0.0,7,0,7,1.0,-100.0,0.0,MARGIN CALL ($0)
91,75,0.0,7,0,7,1.0,-100.0,0.0,MARGIN CALL ($0)
91,74,0.0,8,0,8,1.0,-100.0,0.0,MARGIN CALL ($0)
91,73,0.0,8,0,8,1.0,-100.0,0.0,MARGIN CALL ($0)
91,72,0.0,6,0,6,1.0,-100.0,0.0,MARGIN CALL ($0)
91,71,0.0,5,0,5,1.0,-100.0,0.0,MARGIN CALL ($0)
91,70,0.0,6,0,6,1.0,-100.0,0.0,MARGIN CALL ($0)
92,1,0.0,1990,373,1617,1.0,-100.0,18.743718592964825,MARGIN CALL ($0)
91,100,0.0,5,0,5,1.0,-100.0,0.0,MARGIN CALL ($0)
91,99,0.0,5,0,5,1.0,-100.0,0.0,MARGIN CALL ($0)
91,98,0.0,5,0,5,1.0,-100.0,0.0,MARGIN CALL ($0)
91,97,0.0,5,0,5,1.0,-100.0,0.0,MARGIN CALL ($0)
91,96,0.0,5,0,5,1.0,-100.0,0.0,MARGIN CALL ($0)
91,95,0.0,5,0,5,1.0,-100.0,0.0,MARGIN CALL ($0)
91,94,0.0,4,0,4,1.0,-100.0,0.0,MARGIN CALL ($0)
91,93,0.0,4,0,4,1.0,-100.0,0.0,MARGIN CALL ($0)
91,92,0.0,4,0,4,1.0,-100.0,0.0,MARGIN CALL ($0)
91,91,0.0,4,0,4,1.0,-100.0,0.0,MARGIN CALL ($0)
91,90,0.0,4,0,4,1.0,-100.0,0.0,MARGIN CALL ($0)
91,89,0.0,4,0,4,1.0,-100.0,0.0,MARGIN CALL ($0)
91,88,0.0,4,0,4,1.0,-100.0,0.0,MARGIN CALL ($0)
91,87,0.0,5,0,5,1.0,-100.0,0.0,MARGIN CALL ($0)
91,86,0.0,5,0,5,1.0,-100.0,0.0,MARGIN CALL ($0)
92,18,0.0,5,0,5,1.0,-100.0,0.0,MARGIN CALL ($0)
92,17,0.0,10,0,10,1.0,-100.0,0.0,MARGIN CALL ($0)
92,16,0.0,14,1,13,1.0,-100.0,7.142857142857142,MARGIN CALL ($0)
92,15,0.0,39,8,31,1.0,-100.0,20.51282051282051,MARGIN CALL ($0)
92,14,0.0,40,8,32,1.0,-100.0,20.0,MARGIN CALL ($0)
3,40,0.0,47,10,37,1.0,-100.0,21.27659574468085,MARGIN CALL ($0)
92,12,0.0,19,3,16,1.0,-100.0,15.789473684210526,MARGIN CALL ($0)
92,11,0.0,20,3,17,1.0,-100.0,15.0,MARGIN CALL ($0)
92,10,0.0,22,3,19,1.0,-100.0,13.636363636363635,MARGIN CALL ($0)
92,9,0.0,12,0,12,1.0,-100.0,0.0,MARGIN CALL ($0)
92,8,0.0,13,0,13,1.0,-100.0,0.0,MARGIN CALL ($0)
92,7,0.0,18,1,17,1.0,-100.0,5.555555555555555,MARGIN CALL ($0)
92,6,0.0,18,1,17,1.0,-100.0,5.555555555555555,MARGIN CALL ($0)
92,5,0.0,14,0,14,1.0,-100.0,0.0,MARGIN CALL ($0)
92,4,0.0,39,9,30,1.0,-100.0,23.076923076923077,MARGIN CALL ($0)
92,3,0.0,2354,552,1802,1.0,-100.0,23.44944774851317,MARGIN CALL ($0)
92,35,0.0,28,8,20,1.0,-100.0,28.57142857142857,MARGIN CALL ($0)
92,34,0.0,29,8,21,1.0,-100.0,27.586206896551722,MARGIN CALL ($0)
92,33,0.0,25,5,20,1.0,-100.0,20.0,MARGIN CALL ($0)
92,32,0.0,45,10,35,1.0,-100.0,22.22222222222222,MARGIN CALL ($0)
92,31,0.0,99,21,78,1.0,-100.0,21.21212121212121,MARGIN CALL ($0)
92,30,0.0,23,5,18,1.0,-100.0,21.73913043478261,MARGIN CALL ($0)
92,29,0.0,52,9,43,1.0,-100.0,17.307692307692307,MARGIN CALL ($0)
92,28,0.0,58,8,50,1.0,-100.0,13.793103448275861,MARGIN CALL ($0)
92,27,0.0,37,5,32,1.0,-100.0,13.513513513513514,MARGIN CALL ($0)
92,26,0.0,35,5,30,1.0,-100.0,14.285714285714285,MARGIN CALL ($0)
92,25,0.0,93,18,75,1.0,-100.0,19.35483870967742,MARGIN CALL ($0)
92,24,0.0,323,58,265,1.0,-100.0,17.956656346749224,MARGIN CALL ($0)
92,23,0.0,509,95,414,1.0,-100.0,18.664047151277014,MARGIN CALL ($0)
92,22,0.0,281,47,234,1.0,-100.0,16.72597864768683,MARGIN CALL ($0)
92,21,0.0,491,86,405,1.0,-100.0,17.515274949083505,MARGIN CALL ($0)
92,20,0.0,651,111,540,1.0,-100.0,17.050691244239633,MARGIN CALL ($0)
92,51,0.0,5,0,5,1.0,-100.0,0.0,MARGIN CALL ($0)
92,50,0.0,8,0,8,1.0,-100.0,0.0,MARGIN CALL ($0)
92,49,0.0,8,0,8,1.0,-100.0,0.0,MARGIN CALL ($0)
92,48,0.0,8,0,8,1.0,-100.0,0.0,MARGIN CALL ($0)
92,47,0.0,9,0,9,1.0,-100.0,0.0,MARGIN CALL ($0)
92,46,0.0,8,0,8,1.0,-100.0,0.0,MARGIN CALL ($0)
92,45,0.0,8,0,8,1.0,-100.0,0.0,MARGIN CALL ($0)
92,44,0.0,7,0,7,1.0,-100.0,0.0,MARGIN CALL ($0)
92,43,0.0,6,0,6,1.0,-100.0,0.0,MARGIN CALL ($0)
92,42,0.0,8,0,8,1.0,-100.0,0.0,MARGIN CALL ($0)
92,41,0.0,9,0,9,1.0,-100.0,0.0,MARGIN CALL ($0)
92,40,0.0,10,0,10,1.0,-100.0,0.0,MARGIN CALL ($0)
92,39,0.0,10,0,10,1.0,-100.0,0.0,MARGIN CALL ($0)
92,38,0.0,218,35,183,1.0,-100.0,16.055045871559635,MARGIN CALL ($0)
92,37,0.0,120,15,105,1.0,-100.0,12.5,MARGIN CALL ($0)
92,36,0.0,38,9,29,1.0,-100.0,23.684210526315788,MARGIN CALL ($0)
92,67,0.0,4,0,4,1.0,-100.0,0.0,MARGIN CALL ($0)
92,66,0.0,4,0,4,1.0,-100.0,0.0,MARGIN CALL ($0)
92,65,0.0,3,0,3,1.0,-100.0,0.0,MARGIN CALL ($0)
92,64,0.0,5,0,5,1.0,-100.0,0.0,MARGIN CALL ($0)
92,63,0.0,4,0,4,1.0,-100.0,0.0,MARGIN CALL ($0)
92,62,0.0,4,0,4,1.0,-100.0,0.0,MARGIN CALL ($0)
92,61,0.0,4,0,4,1.0,-100.0,0.0,MARGIN CALL ($0)
92,60,0.0,4,0,4,1.0,-100.0,0.0,MARGIN CALL ($0)
92,59,0.0,4,0,4,1.0,-100.0,0.0,MARGIN CALL ($0)
92,58,0.0,4,0,4,1.0,-100.0,0.0,MARGIN CALL ($0)
92,57,0.0,4,0,4,1.0,-100.0,0.0,MARGIN CALL ($0)
92,56,0.0,5,0,5,1.0,-100.0,0.0,MARGIN CALL ($0)
92,55,0.0,3,0,3,1.0,-100.0,0.0,MARGIN CALL ($0)
92,54,0.0,3,0,3,1.0,-100.0,0.0,MARGIN CALL ($0)
92,53,0.0,3,0,3,1.0,-100.0,0.0,MARGIN CALL ($0)
92,52,0.0,3,0,3,1.0,-100.0,0.0,MARGIN CALL ($0)
92,83,0.0,5,0,5,1.0,-100.0,0.0,MARGIN CALL ($0)
92,82,0.0,5,0,5,1.0,-100.0,0.0,MARGIN CALL ($0)
92,81,0.0,5,0,5,1.0,-100.0,0.0,MARGIN CALL ($0)
92,80,0.0,5,0,5,1.0,-100.0,0.0,MARGIN CALL ($0)
92,79,0.0,5,0,5,1.0,-100.0,0.0,MARGIN CALL ($0)
92,78,0.0,6,0,6,1.0,-100.0,0.0,MARGIN CALL ($0)
92,77,0.0,6,0,6,1.0,-100.0,0.0,MARGIN CALL ($0)
92,76,0.0,7,0,7,1.0,-100.0,0.0,MARGIN CALL ($0)
92,75,0.0,7,0,7,1.0,-100.0,0.0,MARGIN CALL ($0)
92,74,0.0,8,0,8,1.0,-100.0,0.0,MARGIN CALL ($0)
92,73,0.0,8,0,8,1.0,-100.0,0.0,MARGIN CALL ($0)
92,72,0.0,6,0,6,1.0,-100.0,0.0,MARGIN CALL ($0)
92,71,0.0,5,0,5,1.0,-100.0,0.0,MARGIN CALL ($0)
92,70,0.0,6,0,6,1.0,-100.0,0.0,MARGIN CALL ($0)
92,69,0.0,5,0,5,1.0,-100.0,0.0,MARGIN CALL ($0)
92,68,0.0,4,0,4,1.0,-100.0,0.0,MARGIN CALL ($0)
92,99,0.0,5,0,5,1.0,-100.0,0.0,MARGIN CALL ($0)
92,98,0.0,5,0,5,1.0,-100.0,0.0,MARGIN CALL ($0)
92,97,0.0,5,0,5,1.0,-100.0,0.0,MARGIN CALL ($0)
92,96,0.0,5,0,5,1.0,-100.0,0.0,MARGIN CALL ($0)
92,95,0.0,5,0,5,1.0,-100.0,0.0,MARGIN CALL ($0)
92,94,0.0,4,0,4,1.0,-100.0,0.0,MARGIN CALL ($0)
92,93,0.0,4,0,4,1.0,-100.0,0.0,MARGIN CALL ($0)
92,92,0.0,4,0,4,1.0,-100.0,0.0,MARGIN CALL ($0)
92,91,0.0,4,0,4,1.0,-100.0,0.0,MARGIN CALL ($0)
92,90,0.0,4,0,4,1.0,-100.0,0.0,MARGIN CALL ($0)
92,89,0.0,4,0,4,1.0,-100.0,0.0,MARGIN CALL ($0)
92,88,0.0,4,0,4,1.0,-100.0,0.0,MARGIN CALL ($0)
92,87,0.0,5,0,5,1.0,-100.0,0.0,MARGIN CALL ($0)
92,86,0.0,5,0,5,1.0,-100.0,0.0,MARGIN CALL ($0)
92,85,0.0,5,0,5,1.0,-100.0,0.0,MARGIN CALL ($0)
92,84,0.0,5,0,5,1.0,-100.0,0.0,MARGIN CALL ($0)
1,47,0.0,44,9,35,1.0,-100.0,20.454545454545457,MARGIN CALL ($0)
1,46,0.0,59,15,44,1.0,-100.0,25.423728813559322,MARGIN CALL ($0)
1,45,0.0,59,14,45,1.0,-100.0,23.728813559322035,MARGIN CALL ($0)
1,44,0.0,56,14,42,1.0,-100.0,25.0,MARGIN CALL ($0)
1,43,0.0,53,12,41,1.0,-100.0,22.641509433962266,MARGIN CALL ($0)
1,42,0.0,60,15,45,1.0,-100.0,25.0,MARGIN CALL ($0)
1,41,0.0,60,15,45,1.0,-100.0,25.0,MARGIN CALL ($0)
1,40,0.0,58,15,43,1.0,-100.0,25.862068965517242,MARGIN CALL ($0)
1,39,0.0,355,89,266,1.0,-100.0,25.070422535211268,MARGIN CALL ($0)
1,38,0.0,52,15,37,1.0,-100.0,28.846153846153843,MARGIN CALL ($0)
1,37,0.0,51,15,36,1.0,-100.0,29.411764705882355,MARGIN CALL ($0)
1,36,0.0,50,15,35,1.0,-100.0,30.0,MARGIN CALL ($0)
1,35,0.0,62,18,44,1.0,-100.0,29.03225806451613,MARGIN CALL ($0)
1,34,0.0,51,15,36,1.0,-100.0,29.411764705882355,MARGIN CALL ($0)
1,33,0.0,61,15,46,1.0,-100.0,24.59016393442623,MARGIN CALL ($0)
92,100,0.0,5,0,5,1.0,-100.0,0.0,MARGIN CALL ($0)
93,16,0.0,14,1,13,1.0,-100.0,7.142857142857142,MARGIN CALL ($0)
93,15,0.0,39,8,31,1.0,-100.0,20.51282051282051,MARGIN CALL ($0)
93,14,0.0,40,8,32,1.0,-100.0,20.0,MARGIN CALL ($0)
3,39,0.0,1167,329,838,1.0,-100.0,28.19194515852613,MARGIN CALL ($0)
93,12,0.0,19,3,16,1.0,-100.0,15.789473684210526,MARGIN CALL ($0)
93,11,0.0,20,3,17,1.0,-100.0,15.0,MARGIN CALL ($0)
93,10,0.0,22,3,19,1.0,-100.0,13.636363636363635,MARGIN CALL ($0)
93,9,0.0,12,0,12,1.0,-100.0,0.0,MARGIN CALL ($0)
93,8,0.0,13,0,13,1.0,-100.0,0.0,MARGIN CALL ($0)
93,7,0.0,18,1,17,1.0,-100.0,5.555555555555555,MARGIN CALL ($0)
93,6,0.0,18,1,17,1.0,-100.0,5.555555555555555,MARGIN CALL ($0)
93,5,0.0,14,0,14,1.0,-100.0,0.0,MARGIN CALL ($0)
93,4,0.0,39,9,30,1.0,-100.0,23.076923076923077,MARGIN CALL ($0)
93,3,0.0,2355,552,1803,1.0,-100.0,23.439490445859875,MARGIN CALL ($0)
93,1,0.0,2167,415,1752,1.0,-100.0,19.150899861559758,MARGIN CALL ($0)
1,48,0.0,44,9,35,1.0,-100.0,20.454545454545457,MARGIN CALL ($0)
93,33,0.0,25,5,20,1.0,-100.0,20.0,MARGIN CALL ($0)
93,32,0.0,45,10,35,1.0,-100.0,22.22222222222222,MARGIN CALL ($0)
93,31,0.0,96,21,75,1.0,-100.0,21.875,MARGIN CALL ($0)
93,30,0.0,23,5,18,1.0,-100.0,21.73913043478261,MARGIN CALL ($0)
93,29,0.0,52,9,43,1.0,-100.0,17.307692307692307,MARGIN CALL ($0)
93,28,0.0,57,8,49,1.0,-100.0,14.035087719298245,MARGIN CALL ($0)
93,27,0.0,37,5,32,1.0,-100.0,13.513513513513514,MARGIN CALL ($0)
93,26,0.0,35,5,30,1.0,-100.0,14.285714285714285,MARGIN CALL ($0)
93,25,0.0,92,18,74,1.0,-100.0,19.565217391304348,MARGIN CALL ($0)
93,24,0.0,317,57,260,1.0,-100.0,17.981072555205046,MARGIN CALL ($0)
93,23,0.0,499,93,406,1.0,-100.0,18.637274549098194,MARGIN CALL ($0)
93,22,0.0,276,47,229,1.0,-100.0,17.02898550724638,MARGIN CALL ($0)
93,21,0.0,481,84,397,1.0,-100.0,17.463617463617464,MARGIN CALL ($0)
93,20,0.0,637,110,527,1.0,-100.0,17.26844583987441,MARGIN CALL ($0)
93,18,0.0,5,0,5,1.0,-100.0,0.0,MARGIN CALL ($0)
93,17,0.0,10,0,10,1.0,-100.0,0.0,MARGIN CALL ($0)
93,49,0.0,8,0,8,1.0,-100.0,0.0,MARGIN CALL ($0)
93,48,0.0,8,0,8,1.0,-100.0,0.0,MARGIN CALL ($0)
93,47,0.0,9,0,9,1.0,-100.0,0.0,MARGIN CALL ($0)
93,46,0.0,8,0,8,1.0,-100.0,0.0,MARGIN CALL ($0)
93,45,0.0,8,0,8,1.0,-100.0,0.0,MARGIN CALL ($0)
93,44,0.0,7,0,7,1.0,-100.0,0.0,MARGIN CALL ($0)
93,43,0.0,6,0,6,1.0,-100.0,0.0,MARGIN CALL ($0)
93,42,0.0,8,0,8,1.0,-100.0,0.0,MARGIN CALL ($0)
93,41,0.0,9,0,9,1.0,-100.0,0.0,MARGIN CALL ($0)
93,40,0.0,10,0,10,1.0,-100.0,0.0,MARGIN CALL ($0)
93,39,0.0,10,0,10,1.0,-100.0,0.0,MARGIN CALL ($0)
93,38,0.0,215,35,180,1.0,-100.0,16.27906976744186,MARGIN CALL ($0)
93,37,0.0,115,15,100,1.0,-100.0,13.043478260869565,MARGIN CALL ($0)
93,36,0.0,38,9,29,1.0,-100.0,23.684210526315788,MARGIN CALL ($0)
93,35,0.0,28,8,20,1.0,-100.0,28.57142857142857,MARGIN CALL ($0)
93,34,0.0,29,8,21,1.0,-100.0,27.586206896551722,MARGIN CALL ($0)
93,65,0.0,3,0,3,1.0,-100.0,0.0,MARGIN CALL ($0)
93,64,0.0,5,0,5,1.0,-100.0,0.0,MARGIN CALL ($0)
93,63,0.0,4,0,4,1.0,-100.0,0.0,MARGIN CALL ($0)
93,62,0.0,4,0,4,1.0,-100.0,0.0,MARGIN CALL ($0)
93,61,0.0,4,0,4,1.0,-100.0,0.0,MARGIN CALL ($0)
93,60,0.0,4,0,4,1.0,-100.0,0.0,MARGIN CALL ($0)
93,59,0.0,4,0,4,1.0,-100.0,0.0,MARGIN CALL ($0)
93,58,0.0,4,0,4,1.0,-100.0,0.0,MARGIN CALL ($0)
93,57,0.0,4,0,4,1.0,-100.0,0.0,MARGIN CALL ($0)
93,56,0.0,5,0,5,1.0,-100.0,0.0,MARGIN CALL ($0)
93,55,0.0,3,0,3,1.0,-100.0,0.0,MARGIN CALL ($0)
93,54,0.0,3,0,3,1.0,-100.0,0.0,MARGIN CALL ($0)
93,53,0.0,3,0,3,1.0,-100.0,0.0,MARGIN CALL ($0)
93,52,0.0,3,0,3,1.0,-100.0,0.0,MARGIN CALL ($0)
93,51,0.0,5,0,5,1.0,-100.0,0.0,MARGIN CALL ($0)
93,50,0.0,8,0,8,1.0,-100.0,0.0,MARGIN CALL ($0)
93,81,0.0,5,0,5,1.0,-100.0,0.0,MARGIN CALL ($0)
93,80,0.0,5,0,5,1.0,-100.0,0.0,MARGIN CALL ($0)
93,79,0.0,5,0,5,1.0,-100.0,0.0,MARGIN CALL ($0)
93,78,0.0,6,0,6,1.0,-100.0,0.0,MARGIN CALL ($0)
93,77,0.0,6,0,6,1.0,-100.0,0.0,MARGIN CALL ($0)
93,76,0.0,7,0,7,1.0,-100.0,0.0,MARGIN CALL ($0)
93,75,0.0,7,0,7,1.0,-100.0,0.0,MARGIN CALL ($0)
93,74,0.0,8,0,8,1.0,-100.0,0.0,MARGIN CALL ($0)
93,73,0.0,8,0,8,1.0,-100.0,0.0,MARGIN CALL ($0)
93,72,0.0,6,0,6,1.0,-100.0,0.0,MARGIN CALL ($0)
93,71,0.0,5,0,5,1.0,-100.0,0.0,MARGIN CALL ($0)
93,70,0.0,6,0,6,1.0,-100.0,0.0,MARGIN CALL ($0)
93,69,0.0,5,0,5,1.0,-100.0,0.0,MARGIN CALL ($0)
93,68,0.0,4,0,4,1.0,-100.0,0.0,MARGIN CALL ($0)
93,67,0.0,4,0,4,1.0,-100.0,0.0,MARGIN CALL ($0)
93,66,0.0,4,0,4,1.0,-100.0,0.0,MARGIN CALL ($0)
93,97,0.0,5,0,5,1.0,-100.0,0.0,MARGIN CALL ($0)
93,96,0.0,5,0,5,1.0,-100.0,0.0,MARGIN CALL ($0)
93,95,0.0,5,0,5,1.0,-100.0,0.0,MARGIN CALL ($0)
93,94,0.0,4,0,4,1.0,-100.0,0.0,MARGIN CALL ($0)
93,93,0.0,4,0,4,1.0,-100.0,0.0,MARGIN CALL ($0)
93,92,0.0,4,0,4,1.0,-100.0,0.0,MARGIN CALL ($0)
93,91,0.0,4,0,4,1.0,-100.0,0.0,MARGIN CALL ($0)
93,90,0.0,4,0,4,1.0,-100.0,0.0,MARGIN CALL ($0)
93,89,0.0,4,0,4,1.0,-100.0,0.0,MARGIN CALL ($0)
93,88,0.0,4,0,4,1.0,-100.0,0.0,MARGIN CALL ($0)
93,87,0.0,5,0,5,1.0,-100.0,0.0,MARGIN CALL ($0)
93,86,0.0,5,0,5,1.0,-100.0,0.0,MARGIN CALL ($0)
93,85,0.0,5,0,5,1.0,-100.0,0.0,MARGIN CALL ($0)
93,84,0.0,5,0,5,1.0,-100.0,0.0,MARGIN CALL ($0)
93,83,0.0,5,0,5,1.0,-100.0,0.0,MARGIN CALL ($0)
93,82,0.0,5,0,5,1.0,-100.0,0.0,MARGIN CALL ($0)
94,14,0.0,40,8,32,1.0,-100.0,20.0,MARGIN CALL ($0)
94,13,0.0,35,6,29,1.0,-100.0,17.142857142857142,MARGIN CALL ($0)
94,12,0.0,19,3,16,1.0,-100.0,15.789473684210526,MARGIN CALL ($0)
94,11,0.0,20,3,17,1.0,-100.0,15.0,MARGIN CALL ($0)
94,10,0.0,22,3,19,1.0,-100.0,13.636363636363635,MARGIN CALL ($0)
94,9,0.0,12,0,12,1.0,-100.0,0.0,MARGIN CALL ($0)
94,8,0.0,13,0,13,1.0,-100.0,0.0,MARGIN CALL ($0)
94,7,0.0,18,1,17,1.0,-100.0,5.555555555555555,MARGIN CALL ($0)
94,6,0.0,18,1,17,1.0,-100.0,5.555555555555555,MARGIN CALL ($0)
94,5,0.0,14,0,14,1.0,-100.0,0.0,MARGIN CALL ($0)
94,4,0.0,39,9,30,1.0,-100.0,23.076923076923077,MARGIN CALL ($0)
94,3,0.0,2354,552,1802,1.0,-100.0,23.44944774851317,MARGIN CALL ($0)
94,1,0.0,1999,384,1615,1.0,-100.0,19.209604802401202,MARGIN CALL ($0)
93,100,0.0,5,0,5,1.0,-100.0,0.0,MARGIN CALL ($0)
93,99,0.0,5,0,5,1.0,-100.0,0.0,MARGIN CALL ($0)
93,98,0.0,5,0,5,1.0,-100.0,0.0,MARGIN CALL ($0)
94,31,0.0,96,21,75,1.0,-100.0,21.875,MARGIN CALL ($0)
94,30,0.0,23,5,18,1.0,-100.0,21.73913043478261,MARGIN CALL ($0)
94,29,0.0,65,14,51,1.0,-100.0,21.53846153846154,MARGIN CALL ($0)
94,28,0.0,74,14,60,1.0,-100.0,18.91891891891892,MARGIN CALL ($0)
94,27,0.0,45,7,38,1.0,-100.0,15.555555555555555,MARGIN CALL ($0)
94,26,0.0,35,5,30,1.0,-100.0,14.285714285714285,MARGIN CALL ($0)
94,25,0.0,93,19,74,1.0,-100.0,20.43010752688172,MARGIN CALL ($0)
94,24,0.0,319,58,261,1.0,-100.0,18.181818181818183,MARGIN CALL ($0)
94,23,0.0,499,94,405,1.0,-100.0,18.837675350701403,MARGIN CALL ($0)
94,22,0.0,338,60,278,1.0,-100.0,17.75147928994083,MARGIN CALL ($0)
94,21,0.0,483,86,397,1.0,-100.0,17.805383022774325,MARGIN CALL ($0)
94,20,0.0,633,111,522,1.0,-100.0,17.535545023696685,MARGIN CALL ($0)
94,18,0.0,5,0,5,1.0,-100.0,0.0,MARGIN CALL ($0)
94,17,0.0,10,0,10,1.0,-100.0,0.0,MARGIN CALL ($0)
94,16,0.0,14,1,13,1.0,-100.0,7.142857142857142,MARGIN CALL ($0)
94,15,0.0,39,8,31,1.0,-100.0,20.51282051282051,MARGIN CALL ($0)
94,47,0.0,9,0,9,1.0,-100.0,0.0,MARGIN CALL ($0)
94,46,0.0,8,0,8,1.0,-100.0,0.0,MARGIN CALL ($0)
94,45,0.0,8,0,8,1.0,-100.0,0.0,MARGIN CALL ($0)
94,44,0.0,7,0,7,1.0,-100.0,0.0,MARGIN CALL ($0)
94,43,0.0,6,0,6,1.0,-100.0,0.0,MARGIN CALL ($0)
94,42,0.0,8,0,8,1.0,-100.0,0.0,MARGIN CALL ($0)
94,41,0.0,9,0,9,1.0,-100.0,0.0,MARGIN CALL ($0)
94,40,0.0,10,0,10,1.0,-100.0,0.0,MARGIN CALL ($0)
94,39,0.0,10,0,10,1.0,-100.0,0.0,MARGIN CALL ($0)
94,38,0.0,215,35,180,1.0,-100.0,16.27906976744186,MARGIN CALL ($0)
94,37,0.0,115,15,100,1.0,-100.0,13.043478260869565,MARGIN CALL ($0)
94,36,0.0,38,9,29,1.0,-100.0,23.684210526315788,MARGIN CALL ($0)
94,35,0.0,28,8,20,1.0,-100.0,28.57142857142857,MARGIN CALL ($0)
94,34,0.0,29,8,21,1.0,-100.0,27.586206896551722,MARGIN CALL ($0)
94,33,0.0,25,5,20,1.0,-100.0,20.0,MARGIN CALL ($0)
94,32,0.0,45,10,35,1.0,-100.0,22.22222222222222,MARGIN CALL ($0)
94,63,0.0,4,0,4,1.0,-100.0,0.0,MARGIN CALL ($0)
94,62,0.0,4,0,4,1.0,-100.0,0.0,MARGIN CALL ($0)
94,61,0.0,4,0,4,1.0,-100.0,0.0,MARGIN CALL ($0)
94,60,0.0,4,0,4,1.0,-100.0,0.0,MARGIN CALL ($0)
94,59,0.0,4,0,4,1.0,-100.0,0.0,MARGIN CALL ($0)
94,58,0.0,4,0,4,1.0,-100.0,0.0,MARGIN CALL ($0)
94,57,0.0,4,0,4,1.0,-100.0,0.0,MARGIN CALL ($0)
94,56,0.0,5,0,5,1.0,-100.0,0.0,MARGIN CALL ($0)
94,55,0.0,3,0,3,1.0,-100.0,0.0,MARGIN CALL ($0)
94,54,0.0,3,0,3,1.0,-100.0,0.0,MARGIN CALL ($0)
94,53,0.0,3,0,3,1.0,-100.0,0.0,MARGIN CALL ($0)
94,52,0.0,3,0,3,1.0,-100.0,0.0,MARGIN CALL ($0)
94,51,0.0,5,0,5,1.0,-100.0,0.0,MARGIN CALL ($0)
94,50,0.0,8,0,8,1.0,-100.0,0.0,MARGIN CALL ($0)
94,49,0.0,8,0,8,1.0,-100.0,0.0,MARGIN CALL ($0)
94,48,0.0,8,0,8,1.0,-100.0,0.0,MARGIN CALL ($0)
94,79,0.0,5,0,5,1.0,-100.0,0.0,MARGIN CALL ($0)
94,78,0.0,6,0,6,1.0,-100.0,0.0,MARGIN CALL ($0)
94,77,0.0,6,0,6,1.0,-100.0,0.0,MARGIN CALL ($0)
94,76,0.0,7,0,7,1.0,-100.0,0.0,MARGIN CALL ($0)
94,75,0.0,7,0,7,1.0,-100.0,0.0,MARGIN CALL ($0)
94,74,0.0,8,0,8,1.0,-100.0,0.0,MARGIN CALL ($0)
94,73,0.0,8,0,8,1.0,-100.0,0.0,MARGIN CALL ($0)
94,72,0.0,6,0,6,1.0,-100.0,0.0,MARGIN CALL ($0)
94,71,0.0,5,0,5,1.0,-100.0,0.0,MARGIN CALL ($0)
94,70,0.0,6,0,6,1.0,-100.0,0.0,MARGIN CALL ($0)
94,69,0.0,5,0,5,1.0,-100.0,0.0,MARGIN CALL ($0)
94,68,0.0,4,0,4,1.0,-100.0,0.0,MARGIN CALL ($0)
94,67,0.0,4,0,4,1.0,-100.0,0.0,MARGIN CALL ($0)
94,66,0.0,4,0,4,1.0,-100.0,0.0,MARGIN CALL ($0)
94,65,0.0,3,0,3,1.0,-100.0,0.0,MARGIN CALL ($0)
94,64,0.0,5,0,5,1.0,-100.0,0.0,MARGIN CALL ($0)
94,95,0.0,5,0,5,1.0,-100.0,0.0,MARGIN CALL ($0)
94,94,0.0,4,0,4,1.0,-100.0,0.0,MARGIN CALL ($0)
94,93,0.0,4,0,4,1.0,-100.0,0.0,MARGIN CALL ($0)
94,92,0.0,4,0,4,1.0,-100.0,0.0,MARGIN CALL ($0)
94,91,0.0,4,0,4,1.0,-100.0,0.0,MARGIN CALL ($0)
94,90,0.0,4,0,4,1.0,-100.0,0.0,MARGIN CALL ($0)
94,89,0.0,4,0,4,1.0,-100.0,0.0,MARGIN CALL ($0)
94,88,0.0,4,0,4,1.0,-100.0,0.0,MARGIN CALL ($0)
94,87,0.0,5,0,5,1.0,-100.0,0.0,MARGIN CALL ($0)
94,86,0.0,5,0,5,1.0,-100.0,0.0,MARGIN CALL ($0)
94,85,0.0,5,0,5,1.0,-100.0,0.0,MARGIN CALL ($0)
94,84,0.0,5,0,5,1.0,-100.0,0.0,MARGIN CALL ($0)
94,83,0.0,5,0,5,1.0,-100.0,0.0,MARGIN CALL ($0)
94,82,0.0,5,0,5,1.0,-100.0,0.0,MARGIN CALL ($0)
94,81,0.0,5,0,5,1.0,-100.0,0.0,MARGIN CALL ($0)
94,80,0.0,5,0,5,1.0,-100.0,0.0,MARGIN CALL ($0)
95,12,0.0,19,3,16,1.0,-100.0,15.789473684210526,MARGIN CALL ($0)
95,11,0.0,20,3,17,1.0,-100.0,15.0,MARGIN CALL ($0)
95,10,0.0,22,3,19,1.0,-100.0,13.636363636363635,MARGIN CALL ($0)
95,9,0.0,12,0,12,1.0,-100.0,0.0,MARGIN CALL ($0)
95,8,0.0,13,0,13,1.0,-100.0,0.0,MARGIN CALL ($0)
95,7,0.0,18,1,17,1.0,-100.0,5.555555555555555,MARGIN CALL ($0)
95,6,0.0,18,1,17,1.0,-100.0,5.555555555555555,MARGIN CALL ($0)
95,5,0.0,14,0,14,1.0,-100.0,0.0,MARGIN CALL ($0)
95,4,0.0,38,9,29,1.0,-100.0,23.684210526315788,MARGIN CALL ($0)
95,3,0.0,2352,552,1800,1.0,-100.0,23.46938775510204,MARGIN CALL ($0)
95,1,0.0,2193,418,1775,1.0,-100.0,19.06064751481988,MARGIN CALL ($0)
94,100,0.0,5,0,5,1.0,-100.0,0.0,MARGIN CALL ($0)
94,99,0.0,5,0,5,1.0,-100.0,0.0,MARGIN CALL ($0)
94,98,0.0,5,0,5,1.0,-100.0,0.0,MARGIN CALL ($0)
94,97,0.0,5,0,5,1.0,-100.0,0.0,MARGIN CALL ($0)
94,96,0.0,5,0,5,1.0,-100.0,0.0,MARGIN CALL ($0)
95,29,0.0,50,9,41,1.0,-100.0,18.0,MARGIN CALL ($0)
95,28,0.0,71,13,58,1.0,-100.0,18.30985915492958,MARGIN CALL ($0)
95,27,0.0,43,7,36,1.0,-100.0,16.27906976744186,MARGIN CALL ($0)
95,26,0.0,35,5,30,1.0,-100.0,14.285714285714285,MARGIN CALL ($0)
95,25,0.0,93,19,74,1.0,-100.0,20.43010752688172,MARGIN CALL ($0)
95,24,0.0,312,58,254,1.0,-100.0,18.58974358974359,MARGIN CALL ($0)
95,23,0.0,489,94,395,1.0,-100.0,19.222903885480573,MARGIN CALL ($0)
95,22,0.0,275,48,227,1.0,-100.0,17.454545454545457,MARGIN CALL ($0)
95,21,0.0,470,85,385,1.0,-100.0,18.085106382978726,MARGIN CALL ($0)
95,20,0.0,555,99,456,1.0,-100.0,17.83783783783784,MARGIN CALL ($0)
95,18,0.0,7,0,7,1.0,-100.0,0.0,MARGIN CALL ($0)
95,17,0.0,12,0,12,1.0,-100.0,0.0,MARGIN CALL ($0)
95,16,0.0,14,1,13,1.0,-100.0,7.142857142857142,MARGIN CALL ($0)
95,15,0.0,41,8,33,1.0,-100.0,19.51219512195122,MARGIN CALL ($0)
95,14,0.0,42,8,34,1.0,-100.0,19.047619047619047,MARGIN CALL ($0)
95,13,0.0,35,6,29,1.0,-100.0,17.142857142857142,MARGIN CALL ($0)
95,45,0.0,9,0,9,1.0,-100.0,0.0,MARGIN CALL ($0)
95,44,0.0,8,0,8,1.0,-100.0,0.0,MARGIN CALL ($0)
95,43,0.0,8,0,8,1.0,-100.0,0.0,MARGIN CALL ($0)
95,42,0.0,9,0,9,1.0,-100.0,0.0,MARGIN CALL ($0)
95,41,0.0,10,0,10,1.0,-100.0,0.0,MARGIN CALL ($0)
95,40,0.0,12,0,12,1.0,-100.0,0.0,MARGIN CALL ($0)
95,39,0.0,11,0,11,1.0,-100.0,0.0,MARGIN CALL ($0)
95,38,0.0,167,25,142,1.0,-100.0,14.97005988023952,MARGIN CALL ($0)
95,37,0.0,105,14,91,1.0,-100.0,13.333333333333334,MARGIN CALL ($0)
95,36,0.0,35,9,26,1.0,-100.0,25.71428571428571,MARGIN CALL ($0)
95,35,0.0,30,8,22,1.0,-100.0,26.666666666666668,MARGIN CALL ($0)
95,34,0.0,31,8,23,1.0,-100.0,25.806451612903224,MARGIN CALL ($0)
95,33,0.0,27,5,22,1.0,-100.0,18.51851851851852,MARGIN CALL ($0)
95,32,0.0,43,10,33,1.0,-100.0,23.25581395348837,MARGIN CALL ($0)
95,31,0.0,94,21,73,1.0,-100.0,22.340425531914892,MARGIN CALL ($0)
95,30,0.0,25,5,20,1.0,-100.0,20.0,MARGIN CALL ($0)
95,61,0.0,6,0,6,1.0,-100.0,0.0,MARGIN CALL ($0)
95,60,0.0,6,0,6,1.0,-100.0,0.0,MARGIN CALL ($0)
95,59,0.0,6,0,6,1.0,-100.0,0.0,MARGIN CALL ($0)
95,58,0.0,6,0,6,1.0,-100.0,0.0,MARGIN CALL ($0)
95,57,0.0,6,0,6,1.0,-100.0,0.0,MARGIN CALL ($0)
95,56,0.0,7,0,7,1.0,-100.0,0.0,MARGIN CALL ($0)
95,55,0.0,5,0,5,1.0,-100.0,0.0,MARGIN CALL ($0)
95,54,0.0,4,0,4,1.0,-100.0,0.0,MARGIN CALL ($0)
95,53,0.0,5,0,5,1.0,-100.0,0.0,MARGIN CALL ($0)
95,52,0.0,5,0,5,1.0,-100.0,0.0,MARGIN CALL ($0)
95,51,0.0,7,0,7,1.0,-100.0,0.0,MARGIN CALL ($0)
95,50,0.0,9,0,9,1.0,-100.0,0.0,MARGIN CALL ($0)
95,49,0.0,9,0,9,1.0,-100.0,0.0,MARGIN CALL ($0)
95,48,0.0,9,0,9,1.0,-100.0,0.0,MARGIN CALL ($0)
95,47,0.0,10,0,10,1.0,-100.0,0.0,MARGIN CALL ($0)
95,46,0.0,9,0,9,1.0,-100.0,0.0,MARGIN CALL ($0)
95,77,0.0,7,0,7,1.0,-100.0,0.0,MARGIN CALL ($0)
95,76,0.0,8,0,8,1.0,-100.0,0.0,MARGIN CALL ($0)
95,75,0.0,8,0,8,1.0,-100.0,0.0,MARGIN CALL ($0)
95,74,0.0,9,0,9,1.0,-100.0,0.0,MARGIN CALL ($0)
95,73,0.0,9,0,9,1.0,-100.0,0.0,MARGIN CALL ($0)
95,72,0.0,7,0,7,1.0,-100.0,0.0,MARGIN CALL ($0)
95,71,0.0,7,0,7,1.0,-100.0,0.0,MARGIN CALL ($0)
95,70,0.0,8,0,8,1.0,-100.0,0.0,MARGIN CALL ($0)
95,69,0.0,6,0,6,1.0,-100.0,0.0,MARGIN CALL ($0)
95,68,0.0,6,0,6,1.0,-100.0,0.0,MARGIN CALL ($0)
95,67,0.0,5,0,5,1.0,-100.0,0.0,MARGIN CALL ($0)
95,66,0.0,6,0,6,1.0,-100.0,0.0,MARGIN CALL ($0)
95,65,0.0,5,0,5,1.0,-100.0,0.0,MARGIN CALL ($0)
95,64,0.0,7,0,7,1.0,-100.0,0.0,MARGIN CALL ($0)
95,63,0.0,6,0,6,1.0,-100.0,0.0,MARGIN CALL ($0)
95,62,0.0,6,0,6,1.0,-100.0,0.0,MARGIN CALL ($0)
95,93,0.0,5,0,5,1.0,-100.0,0.0,MARGIN CALL ($0)
95,92,0.0,5,0,5,1.0,-100.0,0.0,MARGIN CALL ($0)
95,91,0.0,5,0,5,1.0,-100.0,0.0,MARGIN CALL ($0)
95,90,0.0,5,0,5,1.0,-100.0,0.0,MARGIN CALL ($0)
95,89,0.0,5,0,5,1.0,-100.0,0.0,MARGIN CALL ($0)
95,88,0.0,5,0,5,1.0,-100.0,0.0,MARGIN CALL ($0)
95,87,0.0,7,0,7,1.0,-100.0,0.0,MARGIN CALL ($0)
95,86,0.0,7,0,7,1.0,-100.0,0.0,MARGIN CALL ($0)
95,85,0.0,7,0,7,1.0,-100.0,0.0,MARGIN CALL ($0)
95,84,0.0,6,0,6,1.0,-100.0,0.0,MARGIN CALL ($0)
95,83,0.0,6,0,6,1.0,-100.0,0.0,MARGIN CALL ($0)
95,82,0.0,6,0,6,1.0,-100.0,0.0,MARGIN CALL ($0)
95,81,0.0,6,0,6,1.0,-100.0,0.0,MARGIN CALL ($0)
95,80,0.0,6,0,6,1.0,-100.0,0.0,MARGIN CALL ($0)
95,79,0.0,6,0,6,1.0,-100.0,0.0,MARGIN CALL ($0)
95,78,0.0,7,0,7,1.0,-100.0,0.0,MARGIN CALL ($0)
96,10,0.0,22,3,19,1.0,-100.0,13.636363636363635,MARGIN CALL ($0)
96,9,0.0,12,0,12,1.0,-100.0,0.0,MARGIN CALL ($0)
96,8,0.0,13,0,13,1.0,-100.0,0.0,MARGIN CALL ($0)
96,7,0.0,18,1,17,1.0,-100.0,5.555555555555555,MARGIN CALL ($0)
96,6,0.0,18,1,17,1.0,-100.0,5.555555555555555,MARGIN CALL ($0)
96,5,0.0,14,0,14,1.0,-100.0,0.0,MARGIN CALL ($0)
96,4,0.0,38,9,29,1.0,-100.0,23.684210526315788,MARGIN CALL ($0)
96,3,0.0,2351,552,1799,1.0,-100.0,23.479370480646534,MARGIN CALL ($0)
96,1,0.0,2191,420,1771,1.0,-100.0,19.169329073482427,MARGIN CALL ($0)
95,100,0.0,5,0,5,1.0,-100.0,0.0,MARGIN CALL ($0)
95,99,0.0,5,0,5,1.0,-100.0,0.0,MARGIN CALL ($0)
95,98,0.0,5,0,5,1.0,-100.0,0.0,MARGIN CALL ($0)
95,97,0.0,5,0,5,1.0,-100.0,0.0,MARGIN CALL ($0)
95,96,0.0,5,0,5,1.0,-100.0,0.0,MARGIN CALL ($0)
95,95,0.0,5,0,5,1.0,-100.0,0.0,MARGIN CALL ($0)
95,94,0.0,5,0,5,1.0,-100.0,0.0,MARGIN CALL ($0)
96,26,0.0,36,5,31,1.0,-100.0,13.88888888888889,MARGIN CALL ($0)
96,25,0.0,95,20,75,1.0,-100.0,21.052631578947366,MARGIN CALL ($0)
96,24,0.0,319,60,259,1.0,-100.0,18.808777429467085,MARGIN CALL ($0)
96,23,0.0,691,131,560,1.0,-100.0,18.958031837916064,MARGIN CALL ($0)
96,22,0.0,366,62,304,1.0,-100.0,16.939890710382514,MARGIN CALL ($0)
96,21,0.0,484,85,399,1.0,-100.0,17.56198347107438,MARGIN CALL ($0)
96,20,0.0,560,97,463,1.0,-100.0,17.32142857142857,MARGIN CALL ($0)
96,19,0.0,675,111,564,1.0,-100.0,16.444444444444446,MARGIN CALL ($0)
96,18,0.0,7,0,7,1.0,-100.0,0.0,MARGIN CALL ($0)
96,17,0.0,12,0,12,1.0,-100.0,0.0,MARGIN CALL ($0)
96,16,0.0,14,1,13,1.0,-100.0,7.142857142857142,MARGIN CALL ($0)
96,15,0.0,41,8,33,1.0,-100.0,19.51219512195122,MARGIN CALL ($0)
96,14,0.0,42,8,34,1.0,-100.0,19.047619047619047,MARGIN CALL ($0)
96,13,0.0,35,6,29,1.0,-100.0,17.142857142857142,MARGIN CALL ($0)
96,12,0.0,19,3,16,1.0,-100.0,15.789473684210526,MARGIN CALL ($0)
96,11,0.0,20,3,17,1.0,-100.0,15.0,MARGIN CALL ($0)
96,42,0.0,9,0,9,1.0,-100.0,0.0,MARGIN CALL ($0)
96,41,0.0,10,0,10,1.0,-100.0,0.0,MARGIN CALL ($0)
96,40,0.0,12,0,12,1.0,-100.0,0.0,MARGIN CALL ($0)
96,39,0.0,11,0,11,1.0,-100.0,0.0,MARGIN CALL ($0)
96,38,0.0,197,31,166,1.0,-100.0,15.736040609137056,MARGIN CALL ($0)
96,37,0.0,105,13,92,1.0,-100.0,12.380952380952381,MARGIN CALL ($0)
96,36,0.0,35,9,26,1.0,-100.0,25.71428571428571,MARGIN CALL ($0)
96,35,0.0,30,8,22,1.0,-100.0,26.666666666666668,MARGIN CALL ($0)
96,34,0.0,31,8,23,1.0,-100.0,25.806451612903224,MARGIN CALL ($0)
96,33,0.0,27,5,22,1.0,-100.0,18.51851851851852,MARGIN CALL ($0)
96,32,0.0,44,10,34,1.0,-100.0,22.727272727272727,MARGIN CALL ($0)
96,31,0.0,93,20,73,1.0,-100.0,21.50537634408602,MARGIN CALL ($0)
96,30,0.0,25,5,20,1.0,-100.0,20.0,MARGIN CALL ($0)
96,29,0.0,65,14,51,1.0,-100.0,21.53846153846154,MARGIN CALL ($0)
96,28,0.0,72,13,59,1.0,-100.0,18.055555555555554,MARGIN CALL ($0)
96,27,0.0,43,7,36,1.0,-100.0,16.27906976744186,MARGIN CALL ($0)
96,58,0.0,6,0,6,1.0,-100.0,0.0,MARGIN CALL ($0)
96,57,0.0,6,0,6,1.0,-100.0,0.0,MARGIN CALL ($0)
96,56,0.0,7,0,7,1.0,-100.0,0.0,MARGIN CALL ($0)
96,55,0.0,5,0,5,1.0,-100.0,0.0,MARGIN CALL ($0)
96,54,0.0,4,0,4,1.0,-100.0,0.0,MARGIN CALL ($0)
96,53,0.0,5,0,5,1.0,-100.0,0.0,MARGIN CALL ($0)
96,52,0.0,5,0,5,1.0,-100.0,0.0,MARGIN CALL ($0)
96,51,0.0,7,0,7,1.0,-100.0,0.0,MARGIN CALL ($0)
96,50,0.0,9,0,9,1.0,-100.0,0.0,MARGIN CALL ($0)
96,49,0.0,9,0,9,1.0,-100.0,0.0,MARGIN CALL ($0)
96,48,0.0,9,0,9,1.0,-100.0,0.0,MARGIN CALL ($0)
96,47,0.0,10,0,10,1.0,-100.0,0.0,MARGIN CALL ($0)
96,46,0.0,9,0,9,1.0,-100.0,0.0,MARGIN CALL ($0)
96,45,0.0,9,0,9,1.0,-100.0,0.0,MARGIN CALL ($0)
96,44,0.0,8,0,8,1.0,-100.0,0.0,MARGIN CALL ($0)
96,43,0.0,8,0,8,1.0,-100.0,0.0,MARGIN CALL ($0)
96,74,0.0,9,0,9,1.0,-100.0,0.0,MARGIN CALL ($0)
96,73,0.0,9,0,9,1.0,-100.0,0.0,MARGIN CALL ($0)
96,72,0.0,7,0,7,1.0,-100.0,0.0,MARGIN CALL ($0)
96,71,0.0,7,0,7,1.0,-100.0,0.0,MARGIN CALL ($0)
96,70,0.0,8,0,8,1.0,-100.0,0.0,MARGIN CALL ($0)
96,69,0.0,6,0,6,1.0,-100.0,0.0,MARGIN CALL ($0)
96,68,0.0,6,0,6,1.0,-100.0,0.0,MARGIN CALL ($0)
96,67,0.0,5,0,5,1.0,-100.0,0.0,MARGIN CALL ($0)
96,66,0.0,6,0,6,1.0,-100.0,0.0,MARGIN CALL ($0)
96,65,0.0,5,0,5,1.0,-100.0,0.0,MARGIN CALL ($0)
96,64,0.0,7,0,7,1.0,-100.0,0.0,MARGIN CALL ($0)
96,63,0.0,6,0,6,1.0,-100.0,0.0,MARGIN CALL ($0)
96,62,0.0,6,0,6,1.0,-100.0,0.0,MARGIN CALL ($0)
96,61,0.0,6,0,6,1.0,-100.0,0.0,MARGIN CALL ($0)
96,60,0.0,6,0,6,1.0,-100.0,0.0,MARGIN CALL ($0)
96,59,0.0,6,0,6,1.0,-100.0,0.0,MARGIN CALL ($0)
96,90,0.0,5,0,5,1.0,-100.0,0.0,MARGIN CALL ($0)
96,89,0.0,5,0,5,1.0,-100.0,0.0,MARGIN CALL ($0)
96,88,0.0,5,0,5,1.0,-100.0,0.0,MARGIN CALL ($0)
96,87,0.0,7,0,7,1.0,-100.0,0.0,MARGIN CALL ($0)
96,86,0.0,7,0,7,1.0,-100.0,0.0,MARGIN CALL ($0)
96,85,0.0,7,0,7,1.0,-100.0,0.0,MARGIN CALL ($0)
96,84,0.0,6,0,6,1.0,-100.0,0.0,MARGIN CALL ($0)
96,83,0.0,6,0,6,1.0,-100.0,0.0,MARGIN CALL ($0)
96,82,0.0,6,0,6,1.0,-100.0,0.0,MARGIN CALL ($0)
96,81,0.0,6,0,6,1.0,-100.0,0.0,MARGIN CALL ($0)
96,80,0.0,6,0,6,1.0,-100.0,0.0,MARGIN CALL ($0)
96,79,0.0,6,0,6,1.0,-100.0,0.0,MARGIN CALL ($0)
96,78,0.0,7,0,7,1.0,-100.0,0.0,MARGIN CALL ($0)
96,77,0.0,7,0,7,1.0,-100.0,0.0,MARGIN CALL ($0)
96,76,0.0,8,0,8,1.0,-100.0,0.0,MARGIN CALL ($0)
96,75,0.0,8,0,8,1.0,-100.0,0.0,MARGIN CALL ($0)
97,7,0.0,18,1,17,1.0,-100.0,5.555555555555555,MARGIN CALL ($0)
97,6,0.0,18,1,17,1.0,-100.0,5.555555555555555,MARGIN CALL ($0)
97,5,0.0,14,0,14,1.0,-100.0,0.0,MARGIN CALL ($0)
97,4,0.0,38,9,29,1.0,-100.0,23.684210526315788,MARGIN CALL ($0)
97,3,0.0,2349,552,1797,1.0,-100.0,23.49936143039591,MARGIN CALL ($0)
97,1,0.0,2165,412,1753,1.0,-100.0,19.03002309468822,MARGIN CALL ($0)
96,100,0.0,5,0,5,1.0,-100.0,0.0,MARGIN CALL ($0)
96,99,0.0,5,0,5,1.0,-100.0,0.0,MARGIN CALL ($0)
96,98,0.0,5,0,5,1.0,-100.0,0.0,MARGIN CALL ($0)
96,97,0.0,5,0,5,1.0,-100.0,0.0,MARGIN CALL ($0)
96,96,0.0,5,0,5,1.0,-100.0,0.0,MARGIN CALL ($0)
96,95,0.0,5,0,5,1.0,-100.0,0.0,MARGIN CALL ($0)
96,94,0.0,5,0,5,1.0,-100.0,0.0,MARGIN CALL ($0)
96,93,0.0,5,0,5,1.0,-100.0,0.0,MARGIN CALL ($0)
96,92,0.0,5,0,5,1.0,-100.0,0.0,MARGIN CALL ($0)
96,91,0.0,5,0,5,1.0,-100.0,0.0,MARGIN CALL ($0)
97,23,0.0,684,128,556,1.0,-100.0,18.71345029239766,MARGIN CALL ($0)
97,22,0.0,367,62,305,1.0,-100.0,16.893732970027248,MARGIN CALL ($0)
97,21,0.0,502,90,412,1.0,-100.0,17.928286852589643,MARGIN CALL ($0)
97,20,0.0,611,103,508,1.0,-100.0,16.857610474631752,MARGIN CALL ($0)
97,19,0.0,661,108,553,1.0,-100.0,16.338880484114977,MARGIN CALL ($0)
97,18,0.0,7,0,7,1.0,-100.0,0.0,MARGIN CALL ($0)
97,17,0.0,12,0,12,1.0,-100.0,0.0,MARGIN CALL ($0)
97,16,0.0,14,1,13,1.0,-100.0,7.142857142857142,MARGIN CALL ($0)
97,15,0.0,40,8,32,1.0,-100.0,20.0,MARGIN CALL ($0)
97,14,0.0,42,8,34,1.0,-100.0,19.047619047619047,MARGIN CALL ($0)
97,13,0.0,35,6,29,1.0,-100.0,17.142857142857142,MARGIN CALL ($0)
97,12,0.0,19,3,16,1.0,-100.0,15.789473684210526,MARGIN CALL ($0)
97,11,0.0,20,3,17,1.0,-100.0,15.0,MARGIN CALL ($0)
97,10,0.0,22,3,19,1.0,-100.0,13.636363636363635,MARGIN CALL ($0)
97,9,0.0,12,0,12,1.0,-100.0,0.0,MARGIN CALL ($0)
97,8,0.0,13,0,13,1.0,-100.0,0.0,MARGIN CALL ($0)
97,39,0.0,11,0,11,1.0,-100.0,0.0,MARGIN CALL ($0)
97,38,0.0,190,30,160,1.0,-100.0,15.789473684210526,MARGIN CALL ($0)
97,37,0.0,108,13,95,1.0,-100.0,12.037037037037036,MARGIN CALL ($0)
97,36,0.0,38,9,29,1.0,-100.0,23.684210526315788,MARGIN CALL ($0)
97,35,0.0,29,8,21,1.0,-100.0,27.586206896551722,MARGIN CALL ($0)
97,34,0.0,30,8,22,1.0,-100.0,26.666666666666668,MARGIN CALL ($0)
97,33,0.0,24,5,19,1.0,-100.0,20.833333333333336,MARGIN CALL ($0)
97,32,0.0,40,10,30,1.0,-100.0,25.0,MARGIN CALL ($0)
97,31,0.0,95,21,74,1.0,-100.0,22.105263157894736,MARGIN CALL ($0)
97,30,0.0,24,5,19,1.0,-100.0,20.833333333333336,MARGIN CALL ($0)
97,29,0.0,47,9,38,1.0,-100.0,19.148936170212767,MARGIN CALL ($0)
97,28,0.0,97,18,79,1.0,-100.0,18.556701030927837,MARGIN CALL ($0)
97,27,0.0,47,7,40,1.0,-100.0,14.893617021276595,MARGIN CALL ($0)
97,26,0.0,36,5,31,1.0,-100.0,13.88888888888889,MARGIN CALL ($0)
97,25,0.0,123,24,99,1.0,-100.0,19.51219512195122,MARGIN CALL ($0)
97,24,0.0,319,58,261,1.0,-100.0,18.181818181818183,MARGIN CALL ($0)
97,55,0.0,5,0,5,1.0,-100.0,0.0,MARGIN CALL ($0)
97,54,0.0,4,0,4,1.0,-100.0,0.0,MARGIN CALL ($0)
97,53,0.0,5,0,5,1.0,-100.0,0.0,MARGIN CALL ($0)
97,52,0.0,5,0,5,1.0,-100.0,0.0,MARGIN CALL ($0)
97,51,0.0,7,0,7,1.0,-100.0,0.0,MARGIN CALL ($0)
97,50,0.0,9,0,9,1.0,-100.0,0.0,MARGIN CALL ($0)
97,49,0.0,9,0,9,1.0,-100.0,0.0,MARGIN CALL ($0)
97,48,0.0,9,0,9,1.0,-100.0,0.0,MARGIN CALL ($0)
97,47,0.0,10,0,10,1.0,-100.0,0.0,MARGIN CALL ($0)
97,46,0.0,9,0,9,1.0,-100.0,0.0,MARGIN CALL ($0)
97,45,0.0,9,0,9,1.0,-100.0,0.0,MARGIN CALL ($0)
97,44,0.0,8,0,8,1.0,-100.0,0.0,MARGIN CALL ($0)
97,43,0.0,8,0,8,1.0,-100.0,0.0,MARGIN CALL ($0)
97,42,0.0,9,0,9,1.0,-100.0,0.0,MARGIN CALL ($0)
97,41,0.0,10,0,10,1.0,-100.0,0.0,MARGIN CALL ($0)
97,40,0.0,12,0,12,1.0,-100.0,0.0,MARGIN CALL ($0)
97,71,0.0,7,0,7,1.0,-100.0,0.0,MARGIN CALL ($0)
97,70,0.0,8,0,8,1.0,-100.0,0.0,MARGIN CALL ($0)
97,69,0.0,6,0,6,1.0,-100.0,0.0,MARGIN CALL ($0)
97,68,0.0,6,0,6,1.0,-100.0,0.0,MARGIN CALL ($0)
97,67,0.0,5,0,5,1.0,-100.0,0.0,MARGIN CALL ($0)
97,66,0.0,6,0,6,1.0,-100.0,0.0,MARGIN CALL ($0)
97,65,0.0,5,0,5,1.0,-100.0,0.0,MARGIN CALL ($0)
97,64,0.0,7,0,7,1.0,-100.0,0.0,MARGIN CALL ($0)
97,63,0.0,6,0,6,1.0,-100.0,0.0,MARGIN CALL ($0)
97,62,0.0,6,0,6,1.0,-100.0,0.0,MARGIN CALL ($0)
97,61,0.0,6,0,6,1.0,-100.0,0.0,MARGIN CALL ($0)
97,60,0.0,6,0,6,1.0,-100.0,0.0,MARGIN CALL ($0)
97,59,0.0,6,0,6,1.0,-100.0,0.0,MARGIN CALL ($0)
97,58,0.0,6,0,6,1.0,-100.0,0.0,MARGIN CALL ($0)
97,57,0.0,6,0,6,1.0,-100.0,0.0,MARGIN CALL ($0)
97,56,0.0,7,0,7,1.0,-100.0,0.0,MARGIN CALL ($0)
97,87,0.0,7,0,7,1.0,-100.0,0.0,MARGIN CALL ($0)
97,86,0.0,7,0,7,1.0,-100.0,0.0,MARGIN CALL ($0)
97,85,0.0,8,0,8,1.0,-100.0,0.0,MARGIN CALL ($0)
97,84,0.0,7,0,7,1.0,-100.0,0.0,MARGIN CALL ($0)
97,83,0.0,7,0,7,1.0,-100.0,0.0,MARGIN CALL ($0)
97,82,0.0,7,0,7,1.0,-100.0,0.0,MARGIN CALL ($0)
97,81,0.0,6,0,6,1.0,-100.0,0.0,MARGIN CALL ($0)
97,80,0.0,6,0,6,1.0,-100.0,0.0,MARGIN CALL ($0)
97,79,0.0,6,0,6,1.0,-100.0,0.0,MARGIN CALL ($0)
97,78,0.0,7,0,7,1.0,-100.0,0.0,MARGIN CALL ($0)
97,77,0.0,7,0,7,1.0,-100.0,0.0,MARGIN CALL ($0)
97,76,0.0,8,0,8,1.0,-100.0,0.0,MARGIN CALL ($0)
97,75,0.0,8,0,8,1.0,-100.0,0.0,MARGIN CALL ($0)
97,74,0.0,9,0,9,1.0,-100.0,0.0,MARGIN CALL ($0)
97,73,0.0,9,0,9,1.0,-100.0,0.0,MARGIN CALL ($0)
97,72,0.0,7,0,7,1.0,-100.0,0.0,MARGIN CALL ($0)
98,4,0.0,38,9,29,1.0,-100.0,23.684210526315788,MARGIN CALL ($0)
98,3,0.0,2349,552,1797,1.0,-100.0,23.49936143039591,MARGIN CALL ($0)
98,1,0.0,2176,416,1760,1.0,-100.0,19.11764705882353,MARGIN CALL ($0)
97,100,0.0,5,0,5,1.0,-100.0,0.0,MARGIN CALL ($0)
97,99,0.0,5,0,5,1.0,-100.0,0.0,MARGIN CALL ($0)
97,98,0.0,5,0,5,1.0,-100.0,0.0,MARGIN CALL ($0)
97,97,0.0,5,0,5,1.0,-100.0,0.0,MARGIN CALL ($0)
97,96,0.0,5,0,5,1.0,-100.0,0.0,MARGIN CALL ($0)
97,95,0.0,5,0,5,1.0,-100.0,0.0,MARGIN CALL ($0)
97,94,0.0,5,0,5,1.0,-100.0,0.0,MARGIN CALL ($0)
97,93,0.0,5,0,5,1.0,-100.0,0.0,MARGIN CALL ($0)
97,92,0.0,5,0,5,1.0,-100.0,0.0,MARGIN CALL ($0)
97,91,0.0,5,0,5,1.0,-100.0,0.0,MARGIN CALL ($0)
97,90,0.0,5,0,5,1.0,-100.0,0.0,MARGIN CALL ($0)
97,89,0.0,5,0,5,1.0,-100.0,0.0,MARGIN CALL ($0)
97,88,0.0,5,0,5,1.0,-100.0,0.0,MARGIN CALL ($0)
98,20,0.0,550,97,453,1.0,-100.0,17.636363636363637,MARGIN CALL ($0)
98,19,0.0,663,109,554,1.0,-100.0,16.440422322775262,MARGIN CALL ($0)
98,18,0.0,7,0,7,1.0,-100.0,0.0,MARGIN CALL ($0)
98,17,0.0,12,0,12,1.0,-100.0,0.0,MARGIN CALL ($0)
98,16,0.0,14,1,13,1.0,-100.0,7.142857142857142,MARGIN CALL ($0)
98,15,0.0,40,8,32,1.0,-100.0,20.0,MARGIN CALL ($0)
98,14,0.0,42,8,34,1.0,-100.0,19.047619047619047,MARGIN CALL ($0)
98,13,0.0,35,6,29,1.0,-100.0,17.142857142857142,MARGIN CALL ($0)
98,12,0.0,20,3,17,1.0,-100.0,15.0,MARGIN CALL ($0)
98,11,0.0,20,3,17,1.0,-100.0,15.0,MARGIN CALL ($0)
98,10,0.0,22,3,19,1.0,-100.0,13.636363636363635,MARGIN CALL ($0)
98,9,0.0,13,0,13,1.0,-100.0,0.0,MARGIN CALL ($0)
98,8,0.0,14,0,14,1.0,-100.0,0.0,MARGIN CALL ($0)
98,7,0.0,18,1,17,1.0,-100.0,5.555555555555555,MARGIN CALL ($0)
98,6,0.0,18,1,17,1.0,-100.0,5.555555555555555,MARGIN CALL ($0)
98,5,0.0,14,0,14,1.0,-100.0,0.0,MARGIN CALL ($0)
98,36,0.0,93,15,78,1.0,-100.0,16.129032258064516,MARGIN CALL ($0)
98,35,0.0,25,7,18,1.0,-100.0,28.000000000000004,MARGIN CALL ($0)
98,34,0.0,26,7,19,1.0,-100.0,26.923076923076923,MARGIN CALL ($0)
98,33,0.0,20,3,17,1.0,-100.0,15.0,MARGIN CALL ($0)
98,32,0.0,29,4,25,1.0,-100.0,13.793103448275861,MARGIN CALL ($0)
98,31,0.0,44,7,37,1.0,-100.0,15.909090909090908,MARGIN CALL ($0)
98,30,0.0,19,4,15,1.0,-100.0,21.052631578947366,MARGIN CALL ($0)
98,29,0.0,38,7,31,1.0,-100.0,18.421052631578945,MARGIN CALL ($0)
98,28,0.0,42,5,37,1.0,-100.0,11.904761904761903,MARGIN CALL ($0)
98,27,0.0,31,3,28,1.0,-100.0,9.67741935483871,MARGIN CALL ($0)
98,26,0.0,25,3,22,1.0,-100.0,12.0,MARGIN CALL ($0)
98,25,0.0,56,10,46,1.0,-100.0,17.857142857142858,MARGIN CALL ($0)
98,24,0.0,276,51,225,1.0,-100.0,18.478260869565215,MARGIN CALL ($0)
98,23,0.0,403,80,323,1.0,-100.0,19.851116625310176,MARGIN CALL ($0)
98,22,0.0,43,7,36,1.0,-100.0,16.27906976744186,MARGIN CALL ($0)
98,21,0.0,242,40,202,1.0,-100.0,16.528925619834713,MARGIN CALL ($0)
98,52,0.0,5,0,5,1.0,-100.0,0.0,MARGIN CALL ($0)
98,51,0.0,7,0,7,1.0,-100.0,0.0,MARGIN CALL ($0)
98,50,0.0,9,0,9,1.0,-100.0,0.0,MARGIN CALL ($0)
98,49,0.0,9,0,9,1.0,-100.0,0.0,MARGIN CALL ($0)
98,48,0.0,9,0,9,1.0,-100.0,0.0,MARGIN CALL ($0)
98,47,0.0,10,0,10,1.0,-100.0,0.0,MARGIN CALL ($0)
98,46,0.0,9,0,9,1.0,-100.0,0.0,MARGIN CALL ($0)
98,45,0.0,9,0,9,1.0,-100.0,0.0,MARGIN CALL ($0)
98,44,0.0,8,0,8,1.0,-100.0,0.0,MARGIN CALL ($0)
98,43,0.0,8,0,8,1.0,-100.0,0.0,MARGIN CALL ($0)
98,42,0.0,9,0,9,1.0,-100.0,0.0,MARGIN CALL ($0)
98,41,0.0,10,0,10,1.0,-100.0,0.0,MARGIN CALL ($0)
98,40,0.0,12,0,12,1.0,-100.0,0.0,MARGIN CALL ($0)
98,39,0.0,11,0,11,1.0,-100.0,0.0,MARGIN CALL ($0)
98,38,0.0,137,17,120,1.0,-100.0,12.408759124087592,MARGIN CALL ($0)
98,37,0.0,131,14,117,1.0,-100.0,10.687022900763358,MARGIN CALL ($0)
98,68,0.0,6,0,6,1.0,-100.0,0.0,MARGIN CALL ($0)
98,67,0.0,5,0,5,1.0,-100.0,0.0,MARGIN CALL ($0)
98,66,0.0,6,0,6,1.0,-100.0,0.0,MARGIN CALL ($0)
98,65,0.0,5,0,5,1.0,-100.0,0.0,MARGIN CALL ($0)
98,64,0.0,7,0,7,1.0,-100.0,0.0,MARGIN CALL ($0)
98,63,0.0,6,0,6,1.0,-100.0,0.0,MARGIN CALL ($0)
98,62,0.0,6,0,6,1.0,-100.0,0.0,MARGIN CALL ($0)
98,61,0.0,6,0,6,1.0,-100.0,0.0,MARGIN CALL ($0)
98,60,0.0,6,0,6,1.0,-100.0,0.0,MARGIN CALL ($0)
98,59,0.0,6,0,6,1.0,-100.0,0.0,MARGIN CALL ($0)
98,58,0.0,6,0,6,1.0,-100.0,0.0,MARGIN CALL ($0)
98,57,0.0,6,0,6,1.0,-100.0,0.0,MARGIN CALL ($0)
98,56,0.0,7,0,7,1.0,-100.0,0.0,MARGIN CALL ($0)
98,55,0.0,5,0,5,1.0,-100.0,0.0,MARGIN CALL ($0)
98,54,0.0,4,0,4,1.0,-100.0,0.0,MARGIN CALL ($0)
98,53,0.0,5,0,5,1.0,-100.0,0.0,MARGIN CALL ($0)
98,84,0.0,7,0,7,1.0,-100.0,0.0,MARGIN CALL ($0)
98,83,0.0,7,0,7,1.0,-100.0,0.0,MARGIN CALL ($0)
98,82,0.0,7,0,7,1.0,-100.0,0.0,MARGIN CALL ($0)
98,81,0.0,6,0,6,1.0,-100.0,0.0,MARGIN CALL ($0)
98,80,0.0,6,0,6,1.0,-100.0,0.0,MARGIN CALL ($0)
98,79,0.0,6,0,6,1.0,-100.0,0.0,MARGIN CALL ($0)
98,78,0.0,7,0,7,1.0,-100.0,0.0,MARGIN CALL ($0)
98,77,0.0,7,0,7,1.0,-100.0,0.0,MARGIN CALL ($0)
98,76,0.0,8,0,8,1.0,-100.0,0.0,MARGIN CALL ($0)
98,75,0.0,8,0,8,1.0,-100.0,0.0,MARGIN CALL ($0)
98,74,0.0,9,0,9,1.0,-100.0,0.0,MARGIN CALL ($0)
98,73,0.0,9,0,9,1.0,-100.0,0.0,MARGIN CALL ($0)
98,72,0.0,7,0,7,1.0,-100.0,0.0,MARGIN CALL ($0)
98,71,0.0,7,0,7,1.0,-100.0,0.0,MARGIN CALL ($0)
98,70,0.0,8,0,8,1.0,-100.0,0.0,MARGIN CALL ($0)
98,69,0.0,6,0,6,1.0,-100.0,0.0,MARGIN CALL ($0)
98,100,0.0,5,0,5,1.0,-100.0,0.0,MARGIN CALL ($0)
98,99,0.0,5,0,5,1.0,-100.0,0.0,MARGIN CALL ($0)
98,98,0.0,5,0,5,1.0,-100.0,0.0,MARGIN CALL ($0)
98,97,0.0,5,0,5,1.0,-100.0,0.0,MARGIN CALL ($0)
98,96,0.0,5,0,5,1.0,-100.0,0.0,MARGIN CALL ($0)
98,95,0.0,5,0,5,1.0,-100.0,0.0,MARGIN CALL ($0)
98,94,0.0,5,0,5,1.0,-100.0,0.0,MARGIN CALL ($0)
98,93,0.0,5,0,5,1.0,-100.0,0.0,MARGIN CALL ($0)
98,92,0.0,5,0,5,1.0,-100.0,0.0,MARGIN CALL ($0)
98,91,0.0,5,0,5,1.0,-100.0,0.0,MARGIN CALL ($0)
98,90,0.0,5,0,5,1.0,-100.0,0.0,MARGIN CALL ($0)
98,89,0.0,5,0,5,1.0,-100.0,0.0,MARGIN CALL ($0)
98,88,0.0,5,0,5,1.0,-100.0,0.0,MARGIN CALL ($0)
98,87,0.0,7,0,7,1.0,-100.0,0.0,MARGIN CALL ($0)
98,86,0.0,7,0,7,1.0,-100.0,0.0,MARGIN CALL ($0)
98,85,0.0,8,0,8,1.0,-100.0,0.0,MARGIN CALL ($0)
99,17,0.0,12,0,12,1.0,-100.0,0.0,MARGIN CALL ($0)
99,16,0.0,14,1,13,1.0,-100.0,7.142857142857142,MARGIN CALL ($0)
99,15,0.0,40,8,32,1.0,-100.0,20.0,MARGIN CALL ($0)
99,14,0.0,42,8,34,1.0,-100.0,19.047619047619047,MARGIN CALL ($0)
99,13,0.0,35,6,29,1.0,-100.0,17.142857142857142,MARGIN CALL ($0)
99,12,0.0,19,3,16,1.0,-100.0,15.789473684210526,MARGIN CALL ($0)
99,11,0.0,19,3,16,1.0,-100.0,15.789473684210526,MARGIN CALL ($0)
99,10,0.0,22,3,19,1.0,-100.0,13.636363636363635,MARGIN CALL ($0)
99,9,0.0,23,4,19,1.0,-100.0,17.391304347826086,MARGIN CALL ($0)
99,8,0.0,22,4,18,1.0,-100.0,18.181818181818183,MARGIN CALL ($0)
99,7,0.0,18,1,17,1.0,-100.0,5.555555555555555,MARGIN CALL ($0)
99,6,0.0,19,1,18,1.0,-100.0,5.263157894736842,MARGIN CALL ($0)
99,5,0.0,14,0,14,1.0,-100.0,0.0,MARGIN CALL ($0)
99,4,0.0,38,9,29,1.0,-100.0,23.684210526315788,MARGIN CALL ($0)
99,3,0.0,2350,552,1798,1.0,-100.0,23.48936170212766,MARGIN CALL ($0)
99,1,0.0,2177,413,1764,1.0,-100.0,18.971061093247588,MARGIN CALL ($0)
99,33,0.0,20,3,17,1.0,-100.0,15.0,MARGIN CALL ($0)
99,32,0.0,29,4,25,1.0,-100.0,13.793103448275861,MARGIN CALL ($0)
99,31,0.0,44,7,37,1.0,-100.0,15.909090909090908,MARGIN CALL ($0)
99,30,0.0,19,4,15,1.0,-100.0,21.052631578947366,MARGIN CALL ($0)
99,29,0.0,38,7,31,1.0,-100.0,18.421052631578945,MARGIN CALL ($0)
99,28,0.0,32,3,29,1.0,-100.0,9.375,MARGIN CALL ($0)
99,27,0.0,29,3,26,1.0,-100.0,10.344827586206897,MARGIN CALL ($0)
99,26,0.0,24,3,21,1.0,-100.0,12.5,MARGIN CALL ($0)
99,25,0.0,52,10,42,1.0,-100.0,19.230769230769234,MARGIN CALL ($0)
99,24,0.0,309,58,251,1.0,-100.0,18.77022653721683,MARGIN CALL ($0)
99,23,0.0,422,84,338,1.0,-100.0,19.90521327014218,MARGIN CALL ($0)
99,22,0.0,40,7,33,1.0,-100.0,17.5,MARGIN CALL ($0)
99,21,0.0,254,42,212,1.0,-100.0,16.535433070866144,MARGIN CALL ($0)
99,20,0.0,624,106,518,1.0,-100.0,16.98717948717949,MARGIN CALL ($0)
99,19,0.0,685,114,571,1.0,-100.0,16.642335766423358,MARGIN CALL ($0)
99,18,0.0,7,0,7,1.0,-100.0,0.0,MARGIN CALL ($0)
99,49,0.0,8,0,8,1.0,-100.0,0.0,MARGIN CALL ($0)
99,48,0.0,9,0,9,1.0,-100.0,0.0,MARGIN CALL ($0)
99,47,0.0,9,0,9,1.0,-100.0,0.0,MARGIN CALL ($0)
99,46,0.0,8,0,8,1.0,-100.0,0.0,MARGIN CALL ($0)
99,45,0.0,8,0,8,1.0,-100.0,0.0,MARGIN CALL ($0)
99,44,0.0,7,0,7,1.0,-100.0,0.0,MARGIN CALL ($0)
99,43,0.0,7,0,7,1.0,-100.0,0.0,MARGIN CALL ($0)
99,42,0.0,9,0,9,1.0,-100.0,0.0,MARGIN CALL ($0)
99,41,0.0,10,0,10,1.0,-100.0,0.0,MARGIN CALL ($0)
99,40,0.0,12,0,12,1.0,-100.0,0.0,MARGIN CALL ($0)
99,39,0.0,11,0,11,1.0,-100.0,0.0,MARGIN CALL ($0)
99,38,0.0,142,19,123,1.0,-100.0,13.380281690140844,MARGIN CALL ($0)
99,37,0.0,137,16,121,1.0,-100.0,11.678832116788321,MARGIN CALL ($0)
99,36,0.0,91,15,76,1.0,-100.0,16.483516483516482,MARGIN CALL ($0)
99,35,0.0,25,7,18,1.0,-100.0,28.000000000000004,MARGIN CALL ($0)
99,34,0.0,26,7,19,1.0,-100.0,26.923076923076923,MARGIN CALL ($0)
99,65,0.0,4,0,4,1.0,-100.0,0.0,MARGIN CALL ($0)
99,64,0.0,6,0,6,1.0,-100.0,0.0,MARGIN CALL ($0)
99,63,0.0,5,0,5,1.0,-100.0,0.0,MARGIN CALL ($0)
99,62,0.0,5,0,5,1.0,-100.0,0.0,MARGIN CALL ($0)
99,61,0.0,5,0,5,1.0,-100.0,0.0,MARGIN CALL ($0)
99,60,0.0,5,0,5,1.0,-100.0,0.0,MARGIN CALL ($0)
99,59,0.0,5,0,5,1.0,-100.0,0.0,MARGIN CALL ($0)
99,58,0.0,5,0,5,1.0,-100.0,0.0,MARGIN CALL ($0)
99,57,0.0,5,0,5,1.0,-100.0,0.0,MARGIN CALL ($0)
99,56,0.0,6,0,6,1.0,-100.0,0.0,MARGIN CALL ($0)
99,55,0.0,4,0,4,1.0,-100.0,0.0,MARGIN CALL ($0)
99,54,0.0,3,0,3,1.0,-100.0,0.0,MARGIN CALL ($0)
99,53,0.0,4,0,4,1.0,-100.0,0.0,MARGIN CALL ($0)
99,52,0.0,4,0,4,1.0,-100.0,0.0,MARGIN CALL ($0)
99,51,0.0,6,0,6,1.0,-100.0,0.0,MARGIN CALL ($0)
99,50,0.0,8,0,8,1.0,-100.0,0.0,MARGIN CALL ($0)
99,81,0.0,6,0,6,1.0,-100.0,0.0,MARGIN CALL ($0)
99,80,0.0,6,0,6,1.0,-100.0,0.0,MARGIN CALL ($0)
99,79,0.0,6,0,6,1.0,-100.0,0.0,MARGIN CALL ($0)
99,78,0.0,7,0,7,1.0,-100.0,0.0,MARGIN CALL ($0)
99,77,0.0,7,0,7,1.0,-100.0,0.0,MARGIN CALL ($0)
99,76,0.0,8,0,8,1.0,-100.0,0.0,MARGIN CALL ($0)
99,75,0.0,8,0,8,1.0,-100.0,0.0,MARGIN CALL ($0)
99,74,0.0,8,0,8,1.0,-100.0,0.0,MARGIN CALL ($0)
99,73,0.0,8,0,8,1.0,-100.0,0.0,MARGIN CALL ($0)
99,72,0.0,6,0,6,1.0,-100.0,0.0,MARGIN CALL ($0)
99,71,0.0,6,0,6,1.0,-100.0,0.0,MARGIN CALL ($0)
99,70,0.0,7,0,7,1.0,-100.0,0.0,MARGIN CALL ($0)
99,69,0.0,5,0,5,1.0,-100.0,0.0,MARGIN CALL ($0)
99,68,0.0,5,0,5,1.0,-100.0,0.0,MARGIN CALL ($0)
99,67,0.0,4,0,4,1.0,-100.0,0.0,MARGIN CALL ($0)
99,66,0.0,5,0,5,1.0,-100.0,0.0,MARGIN CALL ($0)
1,31,0.0,62,15,47,1.0,-100.0,24.193548387096776,MARGIN CALL ($0)
1,30,0.0,60,14,46,1.0,-100.0,23.333333333333332,MARGIN CALL ($0)
1,26,0.0,1032,240,792,1.0,-100.0,23.25581395348837,MARGIN CALL ($0)
1,25,0.0,812,188,624,1.0,-100.0,23.15270935960591,MARGIN CALL ($0)
1,24,0.0,1119,261,858,1.0,-100.0,23.324396782841823,MARGIN CALL ($0)
1,22,0.0,1629,379,1250,1.0,-100.0,23.265807243707794,MARGIN CALL ($0)
1,21,0.0,1570,368,1202,1.0,-100.0,23.439490445859875,MARGIN CALL ($0)
1,20,0.0,1664,386,1278,1.0,-100.0,23.197115384615387,MARGIN CALL ($0)
1,18,0.0,1816,429,1387,1.0,-100.0,23.623348017621147,MARGIN CALL ($0)
99,88,0.0,5,0,5,1.0,-100.0,0.0,MARGIN CALL ($0)
99,87,0.0,7,0,7,1.0,-100.0,0.0,MARGIN CALL ($0)
99,86,0.0,7,0,7,1.0,-100.0,0.0,MARGIN CALL ($0)
99,85,0.0,8,0,8,1.0,-100.0,0.0,MARGIN CALL ($0)
99,84,0.0,7,0,7,1.0,-100.0,0.0,MARGIN CALL ($0)
99,83,0.0,7,0,7,1.0,-100.0,0.0,MARGIN CALL ($0)
99,82,0.0,7,0,7,1.0,-100.0,0.0,MARGIN CALL ($0)
100,4,0.0,38,9,29,1.0,-100.0,23.684210526315788,MARGIN CALL ($0)
100,3,0.0,2350,552,1798,1.0,-100.0,23.48936170212766,MARGIN CALL ($0)
100,1,0.0,2181,413,1768,1.0,-100.0,18.936267767079322,MARGIN CALL ($0)
99,100,0.0,5,0,5,1.0,-100.0,0.0,MARGIN CALL ($0)
99,99,0.0,5,0,5,1.0,-100.0,0.0,MARGIN CALL ($0)
99,98,0.0,5,0,5,1.0,-100.0,0.0,MARGIN CALL ($0)
99,97,0.0,5,0,5,1.0,-100.0,0.0,MARGIN CALL ($0)
99,96,0.0,5,0,5,1.0,-100.0,0.0,MARGIN CALL ($0)
99,95,0.0,5,0,5,1.0,-100.0,0.0,MARGIN CALL ($0)
99,94,0.0,5,0,5,1.0,-100.0,0.0,MARGIN CALL ($0)
99,93,0.0,5,0,5,1.0,-100.0,0.0,MARGIN CALL ($0)
99,92,0.0,5,0,5,1.0,-100.0,0.0,MARGIN CALL ($0)
99,91,0.0,5,0,5,1.0,-100.0,0.0,MARGIN CALL ($0)
99,90,0.0,5,0,5,1.0,-100.0,0.0,MARGIN CALL ($0)
99,89,0.0,5,0,5,1.0,-100.0,0.0,MARGIN CALL ($0)
1,32,0.0,48,12,36,1.0,-100.0,25.0,MARGIN CALL ($0)
100,20,0.0,623,104,519,1.0,-100.0,16.693418940609952,MARGIN CALL ($0)
100,19,0.0,684,114,570,1.0,-100.0,16.666666666666664,MARGIN CALL ($0)
100,18,0.0,7,0,7,1.0,-100.0,0.0,MARGIN CALL ($0)
100,17,0.0,12,0,12,1.0,-100.0,0.0,MARGIN CALL ($0)
100,16,0.0,14,1,13,1.0,-100.0,7.142857142857142,MARGIN CALL ($0)
100,15,0.0,40,8,32,1.0,-100.0,20.0,MARGIN CALL ($0)
100,14,0.0,42,8,34,1.0,-100.0,19.047619047619047,MARGIN CALL ($0)
100,13,0.0,35,6,29,1.0,-100.0,17.142857142857142,MARGIN CALL ($0)
100,12,0.0,19,3,16,1.0,-100.0,15.789473684210526,MARGIN CALL ($0)
100,11,0.0,19,3,16,1.0,-100.0,15.789473684210526,MARGIN CALL ($0)
100,10,0.0,22,3,19,1.0,-100.0,13.636363636363635,MARGIN CALL ($0)
100,9,0.0,23,4,19,1.0,-100.0,17.391304347826086,MARGIN CALL ($0)
100,8,0.0,22,4,18,1.0,-100.0,18.181818181818183,MARGIN CALL ($0)
100,7,0.0,18,1,17,1.0,-100.0,5.555555555555555,MARGIN CALL ($0)
100,6,0.0,19,1,18,1.0,-100.0,5.263157894736842,MARGIN CALL ($0)
100,5,0.0,14,0,14,1.0,-100.0,0.0,MARGIN CALL ($0)
100,36,0.0,91,15,76,1.0,-100.0,16.483516483516482,MARGIN CALL ($0)
100,35,0.0,25,7,18,1.0,-100.0,28.000000000000004,MARGIN CALL ($0)
100,34,0.0,26,7,19,1.0,-100.0,26.923076923076923,MARGIN CALL ($0)
100,33,0.0,20,3,17,1.0,-100.0,15.0,MARGIN CALL ($0)
100,32,0.0,29,4,25,1.0,-100.0,13.793103448275861,MARGIN CALL ($0)
100,31,0.0,44,7,37,1.0,-100.0,15.909090909090908,MARGIN CALL ($0)
100,30,0.0,19,4,15,1.0,-100.0,21.052631578947366,MARGIN CALL ($0)
100,29,0.0,38,7,31,1.0,-100.0,18.421052631578945,MARGIN CALL ($0)
100,28,0.0,32,3,29,1.0,-100.0,9.375,MARGIN CALL ($0)
100,27,0.0,29,3,26,1.0,-100.0,10.344827586206897,MARGIN CALL ($0)
100,26,0.0,24,3,21,1.0,-100.0,12.5,MARGIN CALL ($0)
100,25,0.0,53,10,43,1.0,-100.0,18.867924528301888,MARGIN CALL ($0)
100,24,0.0,311,58,253,1.0,-100.0,18.64951768488746,MARGIN CALL ($0)
100,23,0.0,426,82,344,1.0,-100.0,19.248826291079812,MARGIN CALL ($0)
100,22,0.0,41,7,34,1.0,-100.0,17.073170731707318,MARGIN CALL ($0)
100,21,0.0,255,42,213,1.0,-100.0,16.470588235294116,MARGIN CALL ($0)
100,52,0.0,4,0,4,1.0,-100.0,0.0,MARGIN CALL ($0)
100,51,0.0,6,0,6,1.0,-100.0,0.0,MARGIN CALL ($0)
100,50,0.0,8,0,8,1.0,-100.0,0.0,MARGIN CALL ($0)
100,49,0.0,8,0,8,1.0,-100.0,0.0,MARGIN CALL ($0)
100,48,0.0,9,0,9,1.0,-100.0,0.0,MARGIN CALL ($0)
100,47,0.0,9,0,9,1.0,-100.0,0.0,MARGIN CALL ($0)
100,46,0.0,8,0,8,1.0,-100.0,0.0,MARGIN CALL ($0)
100,45,0.0,8,0,8,1.0,-100.0,0.0,MARGIN CALL ($0)
100,44,0.0,7,0,7,1.0,-100.0,0.0,MARGIN CALL ($0)
100,43,0.0,7,0,7,1.0,-100.0,0.0,MARGIN CALL ($0)
100,42,0.0,9,0,9,1.0,-100.0,0.0,MARGIN CALL ($0)
100,41,0.0,10,0,10,1.0,-100.0,0.0,MARGIN CALL ($0)
100,40,0.0,12,0,12,1.0,-100.0,0.0,MARGIN CALL ($0)
100,39,0.0,11,0,11,1.0,-100.0,0.0,MARGIN CALL ($0)
100,38,0.0,142,19,123,1.0,-100.0,13.380281690140844,MARGIN CALL ($0)
100,37,0.0,139,16,123,1.0,-100.0,11.510791366906476,MARGIN CALL ($0)
1,12,0.0,44,8,36,1.0,-100.0,18.181818181818183,MARGIN CALL ($0)
100,83,0.0,7,0,7,1.0,-100.0,0.0,MARGIN CALL ($0)
100,82,0.0,7,0,7,1.0,-100.0,0.0,MARGIN CALL ($0)
100,81,0.0,6,0,6,1.0,-100.0,0.0,MARGIN CALL ($0)
100,80,0.0,6,0,6,1.0,-100.0,0.0,MARGIN CALL ($0)
100,79,0.0,6,0,6,1.0,-100.0,0.0,MARGIN CALL ($0)
100,78,0.0,7,0,7,1.0,-100.0,0.0,MARGIN CALL ($0)
100,77,0.0,7,0,7,1.0,-100.0,0.0,MARGIN CALL ($0)
100,76,0.0,8,0,8,1.0,-100.0,0.0,MARGIN CALL ($0)
100,75,0.0,8,0,8,1.0,-100.0,0.0,MARGIN CALL ($0)
100,74,0.0,8,0,8,1.0,-100.0,0.0,MARGIN CALL ($0)
100,73,0.0,8,0,8,1.0,-100.0,0.0,MARGIN CALL ($0)
100,72,0.0,6,0,6,1.0,-100.0,0.0,MARGIN CALL ($0)
100,71,0.0,6,0,6,1.0,-100.0,0.0,MARGIN CALL ($0)
100,70,0.0,7,0,7,1.0,-100.0,0.0,MARGIN CALL ($0)
1,15,0.0,1229,279,950,1.0,-100.0,22.701383238405207,MARGIN CALL ($0)
1,14,0.0,999,216,783,1.0,-100.0,21.62162162162162,MARGIN CALL ($0)
100,99,0.0,5,0,5,1.0,-100.0,0.0,MARGIN CALL ($0)
100,98,0.0,5,0,5,1.0,-100.0,0.0,MARGIN CALL ($0)
100,97,0.0,5,0,5,1.0,-100.0,0.0,MARGIN CALL ($0)
100,96,0.0,5,0,5,1.0,-100.0,0.0,MARGIN CALL ($0)
100,95,0.0,5,0,5,1.0,-100.0,0.0,MARGIN CALL ($0)
100,94,0.0,5,0,5,1.0,-100.0,0.0,MARGIN CALL ($0)
100,93,0.0,5,0,5,1.0,-100.0,0.0,MARGIN CALL ($0)
100,92,0.0,5,0,5,1.0,-100.0,0.0,MARGIN CALL ($0)
100,91,0.0,5,0,5,1.0,-100.0,0.0,MARGIN CALL ($0)
100,90,0.0,5,0,5,1.0,-100.0,0.0,MARGIN CALL ($0)
100,89,0.0,5,0,5,1.0,-100.0,0.0,MARGIN CALL ($0)
100,88,0.0,5,0,5,1.0,-100.0,0.0,MARGIN CALL ($0)
100,87,0.0,7,0,7,1.0,-100.0,0.0,MARGIN CALL ($0)
100,86,0.0,7,0,7,1.0,-100.0,0.0,MARGIN CALL ($0)
100,53,0.0,4,0,4,1.0,-100.0,0.0,MARGIN CALL ($0)
