MA_Fast,MA_Slow,Final_Balance,Total_Trades,Win_Trades,Loss_Trades,Is_MC,Net_Profit,Win_Rate_%,Status
1,83,5940.808421660341,1279,370,909,0.0,5840.808421660341,28.928850664581706,SURVIVED (PROFIT)
1,82,5797.167999993911,1288,374,914,0.0,5697.167999993911,29.037267080745345,SURVIVED (PROFIT)
1,81,5749.443641964932,1285,372,913,0.0,5649.443641964932,28.949416342412455,SURVIVED (PROFIT)
1,79,5429.779506337933,1282,371,911,0.0,5329.779506337933,28.939157566302654,SURVIVED (PROFIT)
1,80,5388.4560249993665,1278,371,907,0.0,5288.4560249993665,29.029733959311425,SURVIVED (PROFIT)
12,13,5068.697461566134,896,218,678,0.0,4968.697461566134,24.330357142857142,SURVIVED (PROFIT)
1,84,4757.317309496062,1285,373,912,0.0,4657.317309496062,29.027237354085607,SURVIVED (PROFIT)
1,78,4554.468807708979,1277,368,909,0.0,4454.468807708979,28.817541111981203,SURVIVED (PROFIT)
67,17,3756.896235308698,778,186,592,0.0,3656.896235308698,23.90745501285347,SURVIVED (PROFIT)
64,17,3724.8005294687146,786,191,595,0.0,3624.8005294687146,24.30025445292621,SURVIVED (PROFIT)
63,17,3669.400882418839,787,190,597,0.0,3569.400882418839,24.1423125794155,SURVIVED (PROFIT)
62,17,3617.398470668594,795,189,606,0.0,3517.398470668594,23.77358490566038,SURVIVED (PROFIT)
65,17,3553.6456471077768,787,191,596,0.0,3453.6456471077768,24.269377382465056,SURVIVED (PROFIT)
68,17,3547.7439999942453,776,179,597,0.0,3447.7439999942453,23.067010309278352,SURVIVED (PROFIT)
61,17,3535.41929419798,803,189,614,0.0,3435.41929419798,23.536737235367372,SURVIVED (PROFIT)
52,77,3513.041103893028,349,68,281,0.0,3413.041103893028,19.484240687679083,SURVIVED (PROFIT)
69,17,3484.927705889052,782,179,603,0.0,3384.927705889052,22.89002557544757,SURVIVED (PROFIT)
70,17,3423.4925882604007,792,180,612,0.0,3323.4925882604007,22.727272727272727,SURVIVED (PROFIT)
51,17,3410.1348824134834,767,174,593,0.0,3310.1348824134834,22.685788787483702,SURVIVED (PROFIT)
53,17,3388.6692941735387,760,176,584,0.0,3288.6692941735387,23.157894736842106,SURVIVED (PROFIT)
6,51,3381.2340392368915,1560,440,1120,0.0,3281.2340392368915,28.205128205128204,SURVIVED (PROFIT)
66,17,3378.970235306286,784,185,599,0.0,3278.970235306286,23.596938775510203,SURVIVED (PROFIT)
16,17,3343.7422941089803,715,153,562,0.0,3243.7422941089803,21.3986013986014,SURVIVED (PROFIT)
50,17,3325.0808235861246,775,174,601,0.0,3225.0808235861246,22.451612903225808,SURVIVED (PROFIT)
12,33,3277.7328182292536,987,233,754,0.0,3177.7328182292536,23.606889564336374,SURVIVED (PROFIT)
52,17,3232.8301177059034,759,174,585,0.0,3132.8301177059034,22.92490118577075,SURVIVED (PROFIT)
35,26,3231.1762308123457,598,111,487,0.0,3131.1762308123457,18.561872909698995,SURVIVED (PROFIT)
15,17,3219.8814117923753,796,165,631,0.0,3119.8814117923753,20.728643216080403,SURVIVED (PROFIT)
17,17,3209.4510000000882,640,143,497,0.0,3109.4510000000882,22.34375,SURVIVED (PROFIT)
52,78,3204.037807689954,351,68,283,0.0,3104.037807689954,19.37321937321937,SURVIVED (PROFIT)
36,26,3197.816384665351,603,111,492,0.0,3097.816384665351,18.407960199004975,SURVIVED (PROFIT)
54,17,3145.9537059401573,777,178,599,0.0,3045.9537059401573,22.90862290862291,SURVIVED (PROFIT)
51,77,3134.1321428509377,358,65,293,0.0,3034.1321428509377,18.156424581005588,SURVIVED (PROFIT)
55,78,3128.2848076903947,346,60,286,0.0,3028.2848076903947,17.341040462427745,SURVIVED (PROFIT)
55,77,3127.2782727279687,340,58,282,0.0,3027.2782727279687,17.058823529411764,SURVIVED (PROFIT)
53,78,3123.79005128393,353,63,290,0.0,3023.79005128393,17.847025495750707,SURVIVED (PROFIT)
53,77,3103.1803246781624,350,61,289,0.0,3003.1803246781624,17.42857142857143,SURVIVED (PROFIT)
71,17,3096.371058808328,796,179,617,0.0,2996.371058808328,22.48743718592965,SURVIVED (PROFIT)
34,26,3076.6341154198267,604,113,491,0.0,2976.6341154198267,18.70860927152318,SURVIVED (PROFIT)
56,77,3033.4962727199177,348,58,290,0.0,2933.4962727199177,16.666666666666664,SURVIVED (PROFIT)
6,14,3032.9152141085638,1725,443,1282,0.0,2932.9152141085638,25.681159420289855,SURVIVED (PROFIT)
60,17,3016.9239412485085,798,182,616,0.0,2916.9239412485085,22.807017543859647,SURVIVED (PROFIT)
56,78,2991.1295384567325,357,60,297,0.0,2891.1295384567325,16.80672268907563,SURVIVED (PROFIT)
73,17,2976.113882337642,795,179,616,0.0,2876.113882337642,22.51572327044025,SURVIVED (PROFIT)
52,79,2961.9506455711057,357,67,290,0.0,2861.9506455711057,18.76750700280112,SURVIVED (PROFIT)
12,31,2960.1756129297687,1021,251,770,0.0,2860.1756129297687,24.58374142997062,SURVIVED (PROFIT)
12,32,2956.9175312769016,1003,241,762,0.0,2856.9175312769016,24.02791625124626,SURVIVED (PROFIT)
52,80,2898.2723375011824,360,66,294,0.0,2798.2723375011824,18.333333333333332,SURVIVED (PROFIT)
57,98,2882.4304489988176,407,79,328,0.0,2782.4304489988176,19.41031941031941,SURVIVED (PROFIT)
53,79,2881.3280000096374,360,62,298,0.0,2781.3280000096374,17.22222222222222,SURVIVED (PROFIT)
55,79,2868.1144683541324,353,59,294,0.0,2768.1144683541324,16.71388101983003,SURVIVED (PROFIT)
94,17,2857.708294089362,786,179,607,0.0,2757.708294089362,22.7735368956743,SURVIVED (PROFIT)
53,80,2855.8953750088376,363,62,301,0.0,2755.8953750088376,17.079889807162534,SURVIVED (PROFIT)
72,17,2852.6827058744616,806,178,628,0.0,2752.6827058744616,22.084367245657567,SURVIVED (PROFIT)
54,78,2851.7804615393497,352,60,292,0.0,2751.7804615393497,17.045454545454543,SURVIVED (PROFIT)
55,80,2849.7096500025723,355,59,296,0.0,2749.7096500025723,16.619718309859156,SURVIVED (PROFIT)
35,25,2845.126840058419,617,113,504,0.0,2745.126840058419,18.31442463533225,SURVIVED (PROFIT)
54,77,2839.2951428601914,348,58,290,0.0,2739.2951428601914,16.666666666666664,SURVIVED (PROFIT)
36,25,2815.4202000716673,625,113,512,0.0,2715.4202000716673,18.08,SURVIVED (PROFIT)
70,15,2813.6120000014034,870,192,678,0.0,2713.6120000014034,22.06896551724138,SURVIVED (PROFIT)
51,78,2805.9816410223643,362,64,298,0.0,2705.9816410223643,17.67955801104972,SURVIVED (PROFIT)
56,79,2802.8408607538418,365,62,303,0.0,2702.8408607538418,16.986301369863014,SURVIVED (PROFIT)
57,77,2802.8267792182046,333,56,277,0.0,2702.8267792182046,16.816816816816818,SURVIVED (PROFIT)
76,17,2787.625352935974,798,177,621,0.0,2687.625352935974,22.18045112781955,SURVIVED (PROFIT)
57,97,2781.8974330073206,403,75,328,0.0,2681.8974330073206,18.610421836228287,SURVIVED (PROFIT)
75,17,2778.244529394664,797,176,621,0.0,2678.244529394664,22.082810539523212,SURVIVED (PROFIT)
67,15,2776.482799992845,868,192,676,0.0,2676.482799992845,22.119815668202765,SURVIVED (PROFIT)
57,83,2764.979457842484,371,59,312,0.0,2664.979457842484,15.902964959568733,SURVIVED (PROFIT)
92,17,2764.8870587792635,786,181,605,0.0,2664.8870587792635,23.02798982188295,SURVIVED (PROFIT)
57,78,2762.8596794868963,342,58,284,0.0,2662.8596794868963,16.95906432748538,SURVIVED (PROFIT)
74,17,2751.9290588067956,797,175,622,0.0,2651.9290588067956,21.9573400250941,SURVIVED (PROFIT)
56,80,2719.748324996712,367,61,306,0.0,2619.748324996712,16.62125340599455,SURVIVED (PROFIT)
18,17,2711.13158826426,685,146,539,0.0,2611.13158826426,21.313868613138688,SURVIVED (PROFIT)
81,17,2710.6749411499754,780,173,607,0.0,2610.6749411499754,22.17948717948718,SURVIVED (PROFIT)
34,25,2708.4597600520597,626,115,511,0.0,2608.4597600520597,18.370607028753994,SURVIVED (PROFIT)
15,31,2707.9080645248196,900,210,690,0.0,2607.9080645248196,23.333333333333332,SURVIVED (PROFIT)
52,83,2700.882927719889,388,65,323,0.0,2600.882927719889,16.752577319587626,SURVIVED (PROFIT)
33,26,2698.720038470754,602,106,496,0.0,2598.720038470754,17.60797342192691,SURVIVED (PROFIT)
69,15,2696.3299333118252,865,189,676,0.0,2596.3299333118252,21.84971098265896,SURVIVED (PROFIT)
93,17,2695.787588212214,781,177,604,0.0,2595.787588212214,22.66325224071703,SURVIVED (PROFIT)
83,17,2690.7481764444365,797,178,619,0.0,2590.7481764444365,22.33375156838143,SURVIVED (PROFIT)
87,17,2688.5788234644488,774,175,599,0.0,2588.5788234644488,22.60981912144703,SURVIVED (PROFIT)
69,25,2687.747600030518,631,126,505,0.0,2587.747600030518,19.968304278922343,SURVIVED (PROFIT)
58,81,2679.9020000042815,365,63,302,0.0,2579.9020000042815,17.26027397260274,SURVIVED (PROFIT)
52,81,2674.052061730311,380,67,313,0.0,2574.052061730311,17.63157894736842,SURVIVED (PROFIT)
77,17,2671.198588215984,806,179,627,0.0,2571.198588215984,22.208436724565754,SURVIVED (PROFIT)
58,83,2662.6199518194053,372,64,308,0.0,2562.6199518194053,17.20430107526882,SURVIVED (PROFIT)
85,17,2660.925882308596,787,175,612,0.0,2560.925882308596,22.236340533672173,SURVIVED (PROFIT)
15,33,2660.044878826284,889,194,695,0.0,2560.044878826284,21.822272215973005,SURVIVED (PROFIT)
90,17,2659.9418234804243,789,179,610,0.0,2559.9418234804243,22.686945500633712,SURVIVED (PROFIT)
51,76,2659.225171046531,343,58,285,0.0,2559.225171046531,16.909620991253643,SURVIVED (PROFIT)
57,82,2654.741170743689,374,58,316,0.0,2554.741170743689,15.508021390374333,SURVIVED (PROFIT)
59,81,2649.507296297785,369,63,306,0.0,2549.507296297785,17.073170731707318,SURVIVED (PROFIT)
53,81,2645.8733333411383,382,63,319,0.0,2545.8733333411383,16.49214659685864,SURVIVED (PROFIT)
55,17,2636.9289412244593,780,176,604,0.0,2536.9289412244593,22.564102564102566,SURVIVED (PROFIT)
57,96,2628.8809271035157,394,72,322,0.0,2528.8809271035157,18.274111675126903,SURVIVED (PROFIT)
53,97,2628.4762680735007,402,77,325,0.0,2528.4762680735007,19.154228855721392,SURVIVED (PROFIT)
68,15,2621.08539997455,867,187,680,0.0,2521.08539997455,21.568627450980394,SURVIVED (PROFIT)
84,17,2620.674176433961,792,175,617,0.0,2520.674176433961,22.095959595959595,SURVIVED (PROFIT)
86,17,2620.5202940703275,785,175,610,0.0,2520.5202940703275,22.29299363057325,SURVIVED (PROFIT)
51,75,2614.1601733233447,325,56,269,0.0,2514.1601733233447,17.23076923076923,SURVIVED (PROFIT)
91,17,2613.909294072164,784,175,609,0.0,2513.909294072164,22.321428571428573,SURVIVED (PROFIT)
59,83,2612.7811566369505,377,64,313,0.0,2512.7811566369505,16.976127320954905,SURVIVED (PROFIT)
52,97,2604.075793842744,399,77,322,0.0,2504.075793842744,19.298245614035086,SURVIVED (PROFIT)
88,17,2603.923294062951,777,177,600,0.0,2503.923294062951,22.779922779922778,SURVIVED (PROFIT)
54,79,2602.8071139324857,360,59,301,0.0,2502.8071139324857,16.38888888888889,SURVIVED (PROFIT)
55,81,2601.301160491213,370,59,311,0.0,2501.301160491213,15.945945945945947,SURVIVED (PROFIT)
7,42,2597.895404718871,1393,350,1043,0.0,2497.895404718871,25.125628140703515,SURVIVED (PROFIT)
80,17,2597.7451764479506,787,173,614,0.0,2497.7451764479506,21.98221092757306,SURVIVED (PROFIT)
56,17,2594.6167647488232,790,177,613,0.0,2494.6167647488232,22.40506329113924,SURVIVED (PROFIT)
58,82,2594.3940122051795,374,63,311,0.0,2494.3940122051795,16.844919786096256,SURVIVED (PROFIT)
51,79,2588.9318101267127,369,63,306,0.0,2488.9318101267127,17.073170731707318,SURVIVED (PROFIT)
78,17,2588.642294101446,793,174,619,0.0,2488.642294101446,21.94199243379571,SURVIVED (PROFIT)
57,79,2584.4024430364125,349,60,289,0.0,2484.4024430364125,17.191977077363894,SURVIVED (PROFIT)
58,17,2579.1548235585137,808,183,625,0.0,2479.1548235585137,22.64851485148515,SURVIVED (PROFIT)
54,80,2565.426825008631,365,59,306,0.0,2465.426825008631,16.164383561643834,SURVIVED (PROFIT)
59,82,2554.349719519305,378,63,315,0.0,2454.349719519305,16.666666666666664,SURVIVED (PROFIT)
82,17,2550.0832352575817,790,173,617,0.0,2450.0832352575817,21.89873417721519,SURVIVED (PROFIT)
79,17,2550.0202941035336,789,173,616,0.0,2450.0202941035336,21.926489226869457,SURVIVED (PROFIT)
57,81,2543.1782098800186,365,60,305,0.0,2443.1782098800186,16.43835616438356,SURVIVED (PROFIT)
51,80,2543.064912495773,372,63,309,0.0,2443.064912495773,16.93548387096774,SURVIVED (PROFIT)
65,15,2520.5800000338972,875,195,680,0.0,2420.5800000338972,22.285714285714285,SURVIVED (PROFIT)
53,98,2518.1865510586763,413,80,333,0.0,2418.1865510586763,19.37046004842615,SURVIVED (PROFIT)
7,41,2504.6797560552677,1384,345,1039,0.0,2404.6797560552677,24.927745664739884,SURVIVED (PROFIT)
31,25,2501.4839600258692,600,110,490,0.0,2401.4839600258692,18.333333333333332,SURVIVED (PROFIT)
31,26,2501.12376925044,587,105,482,0.0,2401.12376925044,17.88756388415673,SURVIVED (PROFIT)
15,32,2499.237781270797,887,197,690,0.0,2399.237781270797,22.209695603156707,SURVIVED (PROFIT)
51,83,2495.5807349504794,398,62,336,0.0,2395.5807349504794,15.577889447236181,SURVIVED (PROFIT)
52,98,2483.5645408489586,412,80,332,0.0,2383.5645408489586,19.41747572815534,SURVIVED (PROFIT)
57,80,2480.840137502465,352,59,293,0.0,2380.840137502465,16.761363636363637,SURVIVED (PROFIT)
56,83,2467.534204825255,390,60,330,0.0,2367.534204825255,15.384615384615385,SURVIVED (PROFIT)
56,81,2467.363580242116,383,61,322,0.0,2367.363580242116,15.926892950391643,SURVIVED (PROFIT)
53,96,2462.520958369935,397,74,323,0.0,2362.520958369935,18.639798488664987,SURVIVED (PROFIT)
70,25,2462.4015200377457,631,123,508,0.0,2362.4015200377457,19.492868462757528,SURVIVED (PROFIT)
64,15,2457.4894000532263,882,195,687,0.0,2357.4894000532263,22.108843537414966,SURVIVED (PROFIT)
57,17,2456.5464706211915,798,175,623,0.0,2356.5464706211915,21.929824561403507,SURVIVED (PROFIT)
55,83,2452.1264819307194,387,57,330,0.0,2352.1264819307194,14.728682170542637,SURVIVED (PROFIT)
63,15,2447.951666726394,888,196,692,0.0,2347.951666726394,22.07207207207207,SURVIVED (PROFIT)
81,53,2426.507603774717,313,53,260,0.0,2326.507603774717,16.93290734824281,SURVIVED (PROFIT)
51,81,2422.158629631803,393,62,331,0.0,2322.158629631803,15.776081424936386,SURVIVED (PROFIT)
59,17,2421.117647110041,810,179,631,0.0,2321.117647110041,22.098765432098766,SURVIVED (PROFIT)
52,96,2415.4768125320766,394,74,320,0.0,2315.4768125320766,18.781725888324875,SURVIVED (PROFIT)
33,25,2412.050360030267,618,110,508,0.0,2312.050360030267,17.79935275080906,SURVIVED (PROFIT)
35,17,2402.088470637514,816,172,644,0.0,2302.088470637514,21.07843137254902,SURVIVED (PROFIT)
68,25,2393.0383200140964,635,127,508,0.0,2293.0383200140964,20.0,SURVIVED (PROFIT)
69,26,2383.771730780905,618,122,496,0.0,2283.771730780905,19.741100323624593,SURVIVED (PROFIT)
53,83,2374.639650612056,392,59,333,0.0,2274.639650612056,15.051020408163266,SURVIVED (PROFIT)
42,25,2367.7785600179177,628,106,522,0.0,2267.7785600179177,16.878980891719745,SURVIVED (PROFIT)
49,97,2364.935134041724,405,83,322,0.0,2264.935134041724,20.493827160493826,SURVIVED (PROFIT)
51,97,2353.7449587932792,409,78,331,0.0,2253.7449587932792,19.070904645476773,SURVIVED (PROFIT)
54,97,2342.646773226469,406,75,331,0.0,2242.646773226469,18.472906403940886,SURVIVED (PROFIT)
19,17,2339.1557647271657,731,152,579,0.0,2239.1557647271657,20.79343365253078,SURVIVED (PROFIT)
58,77,2337.28307791803,334,56,278,0.0,2237.28307791803,16.766467065868262,SURVIVED (PROFIT)
54,81,2327.8212839503885,385,60,325,0.0,2227.8212839503885,15.584415584415584,SURVIVED (PROFIT)
6,15,2326.3827999507657,1720,437,1283,0.0,2226.3827999507657,25.406976744186043,SURVIVED (PROFIT)
84,52,2324.5967115477806,339,55,284,0.0,2224.5967115477806,16.224188790560472,SURVIVED (PROFIT)
6,42,2324.1445475881983,1587,429,1158,0.0,2224.1445475881983,27.032136105860115,SURVIVED (PROFIT)
34,17,2313.0466471017085,819,173,646,0.0,2213.0466471017085,21.123321123321123,SURVIVED (PROFIT)
51,98,2310.988724524354,422,81,341,0.0,2210.988724524354,19.194312796208532,SURVIVED (PROFIT)
32,26,2310.2739615563896,605,104,501,0.0,2210.2739615563896,17.1900826446281,SURVIVED (PROFIT)
58,78,2301.592384612351,345,58,287,0.0,2201.592384612351,16.81159420289855,SURVIVED (PROFIT)
14,33,2295.4245151979953,939,208,731,0.0,2195.4245151979953,22.15122470713525,SURVIVED (PROFIT)
81,52,2293.070596146103,317,57,260,0.0,2193.070596146103,17.981072555205046,SURVIVED (PROFIT)
89,17,2289.6076470111707,791,174,617,0.0,2189.6076470111707,21.997471554993677,SURVIVED (PROFIT)
56,82,2284.4909024457334,394,58,336,0.0,2184.4909024457334,14.720812182741117,SURVIVED (PROFIT)
17,18,2282.9747222179635,685,141,544,0.0,2182.9747222179635,20.583941605839414,SURVIVED (PROFIT)
83,52,2281.3787884693297,342,58,284,0.0,2181.3787884693297,16.95906432748538,SURVIVED (PROFIT)
55,82,2269.55058537057,389,55,334,0.0,2169.55058537057,14.138817480719796,SURVIVED (PROFIT)
32,25,2257.102760027016,618,108,510,0.0,2157.102760027016,17.475728155339805,SURVIVED (PROFIT)
67,18,2255.972333345904,757,163,594,0.0,2155.972333345904,21.532364597093792,SURVIVED (PROFIT)
49,98,2248.9339592045862,415,84,331,0.0,2148.9339592045862,20.240963855421686,SURVIVED (PROFIT)
52,82,2247.087475615312,402,62,340,0.0,2147.087475615312,15.422885572139302,SURVIVED (PROFIT)
54,98,2236.381928606751,417,78,339,0.0,2136.381928606751,18.705035971223023,SURVIVED (PROFIT)
53,82,2228.438475622001,403,58,345,0.0,2128.438475622001,14.392059553349876,SURVIVED (PROFIT)
51,74,2195.1990675640545,315,51,264,0.0,2095.1990675640545,16.19047619047619,SURVIVED (PROFIT)
49,15,2189.158200016774,874,188,686,0.0,2089.158200016774,21.51029748283753,SURVIVED (PROFIT)
64,25,2188.4835599997955,649,131,518,0.0,2088.4835599997955,20.184899845916796,SURVIVED (PROFIT)
54,96,2187.949770867039,399,72,327,0.0,2087.949770867039,18.045112781954884,SURVIVED (PROFIT)
6,41,2187.1211219224433,1574,416,1158,0.0,2087.1211219224433,26.429479034307494,SURVIVED (PROFIT)
93,16,2179.1310624567195,794,172,622,0.0,2079.1310624567195,21.662468513853906,SURVIVED (PROFIT)
51,96,2174.848197949468,400,75,325,0.0,2074.848197949468,18.75,SURVIVED (PROFIT)
58,79,2169.741734174513,352,60,292,0.0,2069.741734174513,17.045454545454543,SURVIVED (PROFIT)
50,81,2164.39883950174,399,65,334,0.0,2064.39883950174,16.290726817042607,SURVIVED (PROFIT)
54,70,2158.7317571407516,302,42,260,0.0,2058.7317571407516,13.90728476821192,SURVIVED (PROFIT)
59,77,2155.2466883068378,340,57,283,0.0,2055.2466883068378,16.76470588235294,SURVIVED (PROFIT)
68,26,2154.5945384703714,616,124,492,0.0,2054.5945384703714,20.12987012987013,SURVIVED (PROFIT)
65,25,2152.4183200169523,646,131,515,0.0,2052.4183200169523,20.278637770897834,SURVIVED (PROFIT)
82,53,2146.1850566162157,335,52,283,0.0,2046.1850566162157,15.522388059701491,SURVIVED (PROFIT)
84,53,2141.950886807105,338,51,287,0.0,2041.9508868071048,15.088757396449704,SURVIVED (PROFIT)
70,26,2131.234230802877,614,119,495,0.0,2031.234230802877,19.381107491856678,SURVIVED (PROFIT)
81,48,2130.939145845438,369,64,305,0.0,2030.939145845438,17.344173441734416,SURVIVED (PROFIT)
59,78,2129.628474355393,349,59,290,0.0,2029.6284743553929,16.9054441260745,SURVIVED (PROFIT)
54,83,2129.4180241034164,395,56,339,0.0,2029.4180241034164,14.177215189873419,SURVIVED (PROFIT)
67,16,2128.0157499959846,817,188,629,0.0,2028.0157499959846,23.011015911872704,SURVIVED (PROFIT)
78,25,2105.4010000270323,653,131,522,0.0,2005.4010000270323,20.06125574272588,SURVIVED (PROFIT)
14,31,2100.4092903466317,947,226,721,0.0,2000.4092903466317,23.864836325237594,SURVIVED (PROFIT)
81,16,2082.803374959247,798,170,628,0.0,1982.8033749592469,21.303258145363408,SURVIVED (PROFIT)
61,81,2081.1208518548433,360,58,302,0.0,1981.1208518548433,16.11111111111111,SURVIVED (PROFIT)
14,32,2079.818093777398,940,210,730,0.0,1979.8180937773982,22.340425531914892,SURVIVED (PROFIT)
83,53,2073.9110754868034,340,52,288,0.0,1973.9110754868034,15.294117647058824,SURVIVED (PROFIT)
58,80,2066.0878625003174,355,59,296,0.0,1966.0878625003174,16.619718309859156,SURVIVED (PROFIT)
68,18,2065.492777778571,754,159,595,0.0,1965.492777778571,21.087533156498676,SURVIVED (PROFIT)
17,19,2064.386789466256,740,151,589,0.0,1964.3867894662558,20.405405405405403,SURVIVED (PROFIT)
55,97,2060.4058453775574,406,71,335,0.0,1960.4058453775574,17.48768472906404,SURVIVED (PROFIT)
30,26,2057.96626924143,567,98,469,0.0,1957.96626924143,17.28395061728395,SURVIVED (PROFIT)
51,82,2050.090463421759,415,60,355,0.0,1950.090463421759,14.457831325301203,SURVIVED (PROFIT)
26,24,2042.2712916907026,552,95,457,0.0,1942.2712916907026,17.21014492753623,SURVIVED (PROFIT)
54,16,2039.855125050227,818,179,639,0.0,1939.855125050227,21.882640586797066,SURVIVED (PROFIT)
32,17,2039.8208235771558,825,170,655,0.0,1939.8208235771558,20.606060606060606,SURVIVED (PROFIT)
51,99,2035.9129798369,410,75,335,0.0,1935.9129798369,18.29268292682927,SURVIVED (PROFIT)
64,16,2032.2526250385276,833,193,640,0.0,1932.2526250385276,23.169267707082835,SURVIVED (PROFIT)
78,26,2030.6146154047701,638,128,510,0.0,1930.6146154047701,20.06269592476489,SURVIVED (PROFIT)
50,97,2030.1208866319116,405,77,328,0.0,1930.1208866319116,19.012345679012345,SURVIVED (PROFIT)
83,16,2026.76406246866,820,176,644,0.0,1926.76406246866,21.463414634146343,SURVIVED (PROFIT)
17,31,2026.5852903514774,827,194,633,0.0,1926.5852903514774,23.458282950423218,SURVIVED (PROFIT)
44,15,2025.569333361992,903,193,710,0.0,1925.569333361992,21.373200442967885,SURVIVED (PROFIT)
55,98,2022.1941632851972,413,74,339,0.0,1922.1941632851972,17.91767554479419,SURVIVED (PROFIT)
77,48,2019.3261041792975,346,57,289,0.0,1919.3261041792975,16.473988439306357,SURVIVED (PROFIT)
59,79,2017.7351012601716,355,60,295,0.0,1917.7351012601716,16.901408450704224,SURVIVED (PROFIT)
50,98,2011.3556428917254,416,80,336,0.0,1911.3556428917254,19.230769230769234,SURVIVED (PROFIT)
77,50,2009.305680004747,315,54,261,0.0,1909.305680004747,17.142857142857142,SURVIVED (PROFIT)
82,52,2007.5830961550923,341,56,285,0.0,1907.5830961550923,16.422287390029325,SURVIVED (PROFIT)
56,98,2002.4556020572063,423,76,347,0.0,1902.4556020572063,17.96690307328605,SURVIVED (PROFIT)
70,18,2002.182055564303,767,161,606,0.0,1902.182055564303,20.990873533246415,SURVIVED (PROFIT)
68,16,1990.5031874774468,813,182,631,0.0,1890.5031874774468,22.386223862238623,SURVIVED (PROFIT)
85,16,1988.970374955633,813,173,640,0.0,1888.970374955633,21.27921279212792,SURVIVED (PROFIT)
63,16,1988.2155625479913,837,192,645,0.0,1888.2155625479913,22.939068100358423,SURVIVED (PROFIT)
84,58,1987.1981207007339,321,50,271,0.0,1887.1981207007339,15.57632398753894,SURVIVED (PROFIT)
84,51,1985.5232353044548,355,57,298,0.0,1885.5232353044548,16.056338028169016,SURVIVED (PROFIT)
70,16,1985.1670000128142,829,184,645,0.0,1885.1670000128142,22.195416164053075,SURVIVED (PROFIT)
61,83,1984.1160843427574,371,59,312,0.0,1884.1160843427574,15.902964959568733,SURVIVED (PROFIT)
54,82,1978.5306341531696,405,55,350,0.0,1878.5306341531696,13.580246913580247,SURVIVED (PROFIT)
33,17,1974.6738823851788,818,171,647,0.0,1874.6738823851788,20.904645476772615,SURVIVED (PROFIT)
61,18,1974.3473334075643,781,165,616,0.0,1874.3473334075643,21.12676056338028,SURVIVED (PROFIT)
69,18,1965.566944440472,760,160,600,0.0,1865.566944440472,21.052631578947366,SURVIVED (PROFIT)
65,16,1961.1508750262187,829,193,636,0.0,1861.1508750262187,23.2810615199035,SURVIVED (PROFIT)
84,16,1955.9031249687478,816,172,644,0.0,1855.9031249687478,21.07843137254902,SURVIVED (PROFIT)
30,25,1955.8454400206392,586,101,485,0.0,1855.8454400206392,17.235494880546078,SURVIVED (PROFIT)
79,25,1954.4730000303648,649,126,523,0.0,1854.4730000303648,19.41448382126348,SURVIVED (PROFIT)
87,16,1952.6917499260067,804,170,634,0.0,1852.6917499260067,21.144278606965177,SURVIVED (PROFIT)
67,19,1951.0127895082892,753,166,587,0.0,1851.0127895082892,22.045152722443557,SURVIVED (PROFIT)
69,16,1948.5181874897849,820,182,638,0.0,1848.5181874897849,22.195121951219512,SURVIVED (PROFIT)
83,51,1948.066196087434,356,60,296,0.0,1848.066196087434,16.853932584269664,SURVIVED (PROFIT)
57,99,1938.413919211252,401,73,328,0.0,1838.413919211252,18.204488778054863,SURVIVED (PROFIT)
81,51,1936.9018235246153,336,59,277,0.0,1836.9018235246153,17.559523809523807,SURVIVED (PROFIT)
71,25,1935.3606000100135,639,120,519,0.0,1835.3606000100135,18.779342723004692,SURVIVED (PROFIT)
81,58,1931.548258615826,308,49,259,0.0,1831.548258615826,15.909090909090908,SURVIVED (PROFIT)
56,97,1929.6004226965379,418,73,345,0.0,1829.6004226965379,17.464114832535884,SURVIVED (PROFIT)
82,16,1928.764374956298,808,170,638,0.0,1828.764374956298,21.03960396039604,SURVIVED (PROFIT)
76,48,1928.6474791683008,345,55,290,0.0,1828.6474791683008,15.942028985507244,SURVIVED (PROFIT)
62,16,1926.8841250660826,849,193,656,0.0,1826.8841250660826,22.732626619552416,SURVIVED (PROFIT)
17,33,1925.8983939786376,833,193,640,0.0,1825.8983939786376,23.169267707082835,SURVIVED (PROFIT)
69,48,1920.9476666761275,348,55,293,0.0,1820.9476666761275,15.804597701149426,SURVIVED (PROFIT)
84,50,1916.2876000125775,360,57,303,0.0,1816.2876000125775,15.833333333333332,SURVIVED (PROFIT)
52,25,1916.271280067529,608,106,502,0.0,1816.271280067529,17.434210526315788,SURVIVED (PROFIT)
83,58,1915.5307241466903,323,51,272,0.0,1815.5307241466903,15.789473684210526,SURVIVED (PROFIT)
77,52,1914.5840192308715,298,48,250,0.0,1814.5840192308715,16.10738255033557,SURVIVED (PROFIT)
55,96,1914.4463437698896,399,69,330,0.0,1814.4463437698896,17.293233082706767,SURVIVED (PROFIT)
77,51,1914.073078433118,312,51,261,0.0,1814.073078433118,16.346153846153847,SURVIVED (PROFIT)
59,80,1910.036037496709,358,59,299,0.0,1810.036037496709,16.480446927374302,SURVIVED (PROFIT)
41,25,1908.9698000060075,632,101,531,0.0,1808.9698000060075,15.981012658227847,SURVIVED (PROFIT)
66,16,1907.7600624949569,822,186,636,0.0,1807.7600624949569,22.62773722627737,SURVIVED (PROFIT)
68,48,1903.431437514364,352,57,295,0.0,1803.431437514364,16.193181818181817,SURVIVED (PROFIT)
40,25,1902.0092000299455,636,104,532,0.0,1802.0092000299455,16.352201257861633,SURVIVED (PROFIT)
64,18,1900.973833381258,758,160,598,0.0,1800.973833381258,21.108179419525065,SURVIVED (PROFIT)
31,17,1899.598117705028,829,171,658,0.0,1799.598117705028,20.62726176115802,SURVIVED (PROFIT)
76,50,1896.6980799955454,319,54,265,0.0,1796.6980799955454,16.927899686520377,SURVIVED (PROFIT)
86,16,1896.6639999515187,815,172,643,0.0,1796.6639999515187,21.104294478527606,SURVIVED (PROFIT)
58,98,1896.5507857294879,420,80,340,0.0,1796.5507857294879,19.047619047619047,SURVIVED (PROFIT)
61,82,1890.6671219538812,373,58,315,0.0,1790.6671219538812,15.549597855227882,SURVIVED (PROFIT)
54,71,1888.7268028177177,316,45,271,0.0,1788.7268028177177,14.240506329113925,SURVIVED (PROFIT)
79,26,1879.558769256183,634,122,512,0.0,1779.558769256183,19.242902208201894,SURVIVED (PROFIT)
35,27,1878.100370412466,595,96,499,0.0,1778.100370412466,16.134453781512605,SURVIVED (PROFIT)
83,59,1877.4128983158557,332,52,280,0.0,1777.4128983158557,15.66265060240964,SURVIVED (PROFIT)
53,76,1855.7245263190703,333,51,282,0.0,1755.7245263190703,15.315315315315313,SURVIVED (PROFIT)
63,18,1855.5319444976953,761,160,601,0.0,1755.5319444976953,21.02496714848883,SURVIVED (PROFIT)
70,48,1854.9814791797153,349,54,295,0.0,1754.9814791797153,15.472779369627506,SURVIVED (PROFIT)
83,50,1853.5960200111035,360,58,302,0.0,1753.5960200111035,16.11111111111111,SURVIVED (PROFIT)
77,25,1850.3173200264919,652,129,523,0.0,1750.3173200264919,19.78527607361963,SURVIVED (PROFIT)
78,48,1849.313062512971,360,57,303,0.0,1749.313062512971,15.833333333333332,SURVIVED (PROFIT)
62,81,1841.8232963033993,349,49,300,0.0,1741.8232963033993,14.040114613180515,SURVIVED (PROFIT)
43,25,1839.7107600227291,630,102,528,0.0,1739.7107600227291,16.19047619047619,SURVIVED (PROFIT)
76,52,1836.0422307613003,300,48,252,0.0,1736.0422307613003,16.0,SURVIVED (PROFIT)
54,75,1829.58770667286,320,48,272,0.0,1729.58770667286,15.0,SURVIVED (PROFIT)
81,50,1827.4148200000868,341,57,284,0.0,1727.4148200000868,16.715542521994134,SURVIVED (PROFIT)
67,81,1824.0902716069313,306,43,263,0.0,1724.0902716069313,14.052287581699346,SURVIVED (PROFIT)
48,27,1820.6475185250133,587,94,493,0.0,1720.6475185250133,16.013628620102217,SURVIVED (PROFIT)
61,16,1820.0868750775571,855,191,664,0.0,1720.0868750775571,22.33918128654971,SURVIVED (PROFIT)
50,96,1819.860885453184,399,76,323,0.0,1719.860885453184,19.047619047619047,SURVIVED (PROFIT)
76,51,1818.745921560118,316,51,265,0.0,1718.745921560118,16.139240506329113,SURVIVED (PROFIT)
58,97,1816.572783519187,413,76,337,0.0,1716.572783519187,18.401937046004843,SURVIVED (PROFIT)
7,39,1815.6522563708704,1420,353,1067,0.0,1715.6522563708704,24.859154929577464,SURVIVED (PROFIT)
52,99,1812.999383878459,400,72,328,0.0,1712.999383878459,18.0,SURVIVED (PROFIT)
57,70,1809.847099994874,292,42,250,0.0,1709.847099994874,14.383561643835616,SURVIVED (PROFIT)
54,64,1797.1823124636853,312,41,271,0.0,1697.1823124636853,13.141025641025642,SURVIVED (PROFIT)
100,16,1791.6768749132561,794,175,619,0.0,1691.6768749132561,22.040302267002517,SURVIVED (PROFIT)
50,82,1791.030365855051,420,63,357,0.0,1691.030365855051,15.0,SURVIVED (PROFIT)
17,27,1790.574814816343,843,180,663,0.0,1690.574814816343,21.352313167259787,SURVIVED (PROFIT)
79,48,1787.7038750099127,357,55,302,0.0,1687.7038750099127,15.406162464985995,SURVIVED (PROFIT)
64,19,1787.0554211165736,755,168,587,0.0,1687.0554211165736,22.251655629139073,SURVIVED (PROFIT)
77,26,1785.5463461736013,635,126,509,0.0,1685.5463461736013,19.84251968503937,SURVIVED (PROFIT)
56,96,1783.275916685649,411,71,340,0.0,1683.275916685649,17.27493917274939,SURVIVED (PROFIT)
16,31,1782.0367741970445,872,200,672,0.0,1682.0367741970445,22.93577981651376,SURVIVED (PROFIT)
67,83,1781.0570602441026,321,44,277,0.0,1681.0570602441026,13.707165109034266,SURVIVED (PROFIT)
71,16,1779.2038124879432,835,182,653,0.0,1679.2038124879432,21.79640718562874,SURVIVED (PROFIT)
62,83,1775.4247108529885,366,52,314,0.0,1675.4247108529885,14.207650273224044,SURVIVED (PROFIT)
6,13,1774.1373844528725,1753,438,1315,0.0,1674.1373844528725,24.985738733599543,SURVIVED (PROFIT)
36,27,1771.8762963493068,601,93,508,0.0,1671.8762963493068,15.474209650582363,SURVIVED (PROFIT)
62,18,1771.065111182715,773,159,614,0.0,1671.065111182715,20.56921086675291,SURVIVED (PROFIT)
57,58,1755.2243965599919,255,30,225,0.0,1655.2243965599919,11.76470588235294,SURVIVED (PROFIT)
73,16,1754.915437499083,822,178,644,0.0,1654.915437499083,21.654501216545015,SURVIVED (PROFIT)
50,27,1754.399962984578,581,89,492,0.0,1654.399962984578,15.3184165232358,SURVIVED (PROFIT)
55,76,1751.1044342055088,326,50,276,0.0,1651.1044342055088,15.337423312883436,SURVIVED (PROFIT)
80,53,1750.8576603812112,308,45,263,0.0,1650.8576603812112,14.61038961038961,SURVIVED (PROFIT)
76,16,1749.9302499993187,818,176,642,0.0,1649.9302499993187,21.515892420537895,SURVIVED (PROFIT)
56,70,1746.825485700654,304,41,263,0.0,1646.825485700654,13.486842105263158,SURVIVED (PROFIT)
54,65,1741.3066153492282,313,41,272,0.0,1641.3066153492282,13.099041533546327,SURVIVED (PROFIT)
53,75,1739.3434266666109,317,48,269,0.0,1639.3434266666109,15.141955835962145,SURVIVED (PROFIT)
52,76,1737.3299210500181,333,55,278,0.0,1637.3299210500181,16.516516516516518,SURVIVED (PROFIT)
17,32,1732.090343784208,823,188,635,0.0,1632.090343784208,22.84325637910085,SURVIVED (PROFIT)
61,77,1727.9621818132714,332,53,279,0.0,1627.9621818132714,15.963855421686745,SURVIVED (PROFIT)
66,19,1723.3495263500072,749,165,584,0.0,1623.3495263500072,22.029372496662216,SURVIVED (PROFIT)
34,27,1719.5493703925558,591,96,495,0.0,1619.5493703925558,16.243654822335024,SURVIVED (PROFIT)
53,99,1717.6964141873655,402,70,332,0.0,1617.6964141873655,17.412935323383085,SURVIVED (PROFIT)
50,99,1717.6564343816754,414,77,337,0.0,1617.6564343816754,18.59903381642512,SURVIVED (PROFIT)
71,26,1713.5252307844735,621,118,503,0.0,1613.5252307844735,19.001610305958135,SURVIVED (PROFIT)
55,70,1711.423557139377,297,39,258,0.0,1611.423557139377,13.131313131313133,SURVIVED (PROFIT)
79,53,1708.8617547201666,304,44,260,0.0,1608.8617547201666,14.473684210526317,SURVIVED (PROFIT)
26,17,1706.845470615695,808,161,647,0.0,1606.845470615695,19.925742574257427,SURVIVED (PROFIT)
49,99,1704.7031313358048,410,79,331,0.0,1604.7031313358048,19.26829268292683,SURVIVED (PROFIT)
78,53,1698.6699622713431,307,45,262,0.0,1598.6699622713431,14.65798045602606,SURVIVED (PROFIT)
65,81,1693.745716047758,331,46,285,0.0,1593.745716047758,13.897280966767372,SURVIVED (PROFIT)
55,75,1690.9627199958481,318,48,270,0.0,1590.9627199958481,15.09433962264151,SURVIVED (PROFIT)
84,49,1688.4855306269224,374,61,313,0.0,1588.4855306269224,16.31016042780749,SURVIVED (PROFIT)
77,49,1676.8404285783363,332,56,276,0.0,1576.8404285783363,16.867469879518072,SURVIVED (PROFIT)
54,99,1675.3814545816672,408,72,336,0.0,1575.3814545816672,17.647058823529413,SURVIVED (PROFIT)
65,83,1675.1592048226698,351,47,304,0.0,1575.1592048226698,13.390313390313391,SURVIVED (PROFIT)
56,76,1675.1159210379187,334,51,283,0.0,1575.1159210379187,15.269461077844312,SURVIVED (PROFIT)
62,82,1672.7605487888168,365,51,314,0.0,1572.7605487888168,13.972602739726028,SURVIVED (PROFIT)
66,81,1672.151913578165,309,41,268,0.0,1572.151913578165,13.268608414239482,SURVIVED (PROFIT)
78,50,1663.7693000021295,329,53,276,0.0,1563.7693000021295,16.109422492401215,SURVIVED (PROFIT)
54,69,1662.7522173807106,296,37,259,0.0,1562.7522173807106,12.5,SURVIVED (PROFIT)
61,19,1662.722157970743,761,164,597,0.0,1562.722157970743,21.55059132720105,SURVIVED (PROFIT)
63,19,1658.4933684728503,748,161,587,0.0,1558.4933684728503,21.524064171122994,SURVIVED (PROFIT)
56,75,1652.8523466534907,326,50,276,0.0,1552.8523466534907,15.337423312883436,SURVIVED (PROFIT)
61,78,1652.8001410219927,344,55,289,0.0,1552.8001410219927,15.988372093023257,SURVIVED (PROFIT)
68,19,1651.3621579218225,750,158,592,0.0,1551.3621579218225,21.066666666666666,SURVIVED (PROFIT)
79,50,1651.060659999639,327,52,275,0.0,1551.060659999639,15.902140672782874,SURVIVED (PROFIT)
57,100,1650.5218900202317,395,74,321,0.0,1550.5218900202317,18.734177215189874,SURVIVED (PROFIT)
77,16,1650.0833124754163,821,177,644,0.0,1550.0833124754163,21.55907429963459,SURVIVED (PROFIT)
61,25,1649.929520009844,657,133,524,0.0,1549.929520009844,20.24353120243531,SURVIVED (PROFIT)
77,53,1649.7156415146478,299,43,256,0.0,1549.7156415146478,14.381270903010032,SURVIVED (PROFIT)
72,16,1645.062562498446,833,178,655,0.0,1545.062562498446,21.368547418967587,SURVIVED (PROFIT)
82,51,1642.457137257778,359,58,301,0.0,1542.457137257778,16.15598885793872,SURVIVED (PROFIT)
26,23,1638.4596087290133,597,100,497,0.0,1538.4596087290133,16.750418760469014,SURVIVED (PROFIT)
54,62,1636.6142419050998,318,39,279,0.0,1536.6142419050998,12.264150943396226,SURVIVED (PROFIT)
83,49,1632.4636938907001,373,62,311,0.0,1532.4636938907001,16.621983914209114,SURVIVED (PROFIT)
51,25,1632.3688000570191,615,102,513,0.0,1532.3688000570191,16.585365853658537,SURVIVED (PROFIT)
49,27,1630.3200370563245,579,91,488,0.0,1530.3200370563245,15.716753022452504,SURVIVED (PROFIT)
67,82,1628.4167804906056,327,44,283,0.0,1528.4167804906056,13.455657492354739,SURVIVED (PROFIT)
76,25,1627.7037600213025,631,123,508,0.0,1527.7037600213025,19.492868462757528,SURVIVED (PROFIT)
52,75,1623.979999993357,316,52,264,0.0,1523.979999993357,16.455696202531644,SURVIVED (PROFIT)
71,18,1623.574111088652,776,159,617,0.0,1523.574111088652,20.489690721649485,SURVIVED (PROFIT)
66,83,1619.506686750538,326,43,283,0.0,1519.506686750538,13.190184049079754,SURVIVED (PROFIT)
61,79,1612.627835436192,349,56,293,0.0,1512.627835436192,16.045845272206304,SURVIVED (PROFIT)
6,16,1610.1453749537623,1722,445,1277,0.0,1510.1453749537623,25.84204413472706,SURVIVED (PROFIT)
63,25,1609.6687600124765,641,129,512,0.0,1509.6687600124765,20.12480499219969,SURVIVED (PROFIT)
78,52,1606.9803076900516,308,48,260,0.0,1506.9803076900516,15.584415584415584,SURVIVED (PROFIT)
65,19,1606.314315848108,754,167,587,0.0,1506.314315848108,22.148541114058357,SURVIVED (PROFIT)
77,47,1605.0261914998346,369,57,312,0.0,1505.0261914998346,15.447154471544716,SURVIVED (PROFIT)
80,52,1603.332346148285,311,47,264,0.0,1503.332346148285,15.112540192926044,SURVIVED (PROFIT)
79,52,1600.9114807636902,306,47,259,0.0,1500.9114807636902,15.359477124183007,SURVIVED (PROFIT)
69,19,1598.7256842343763,754,158,596,0.0,1498.7256842343763,20.954907161803714,SURVIVED (PROFIT)
57,59,1589.7282033938313,266,31,235,0.0,1489.7282033938313,11.654135338345863,SURVIVED (PROFIT)
54,76,1586.1196710567342,332,48,284,0.0,1486.1196710567342,14.457831325301203,SURVIVED (PROFIT)
67,77,1585.6321948141172,270,38,232,0.0,1485.6321948141172,14.074074074074074,SURVIVED (PROFIT)
25,24,1584.1128750072662,522,89,433,0.0,1484.1128750072662,17.049808429118773,SURVIVED (PROFIT)
79,51,1581.9437843090736,320,49,271,0.0,1481.9437843090736,15.312500000000002,SURVIVED (PROFIT)
65,77,1580.3067402671486,298,44,254,0.0,1480.3067402671486,14.76510067114094,SURVIVED (PROFIT)
63,81,1579.8569753145794,354,48,306,0.0,1479.8569753145794,13.559322033898304,SURVIVED (PROFIT)
54,68,1579.5210588205405,302,34,268,0.0,1479.5210588205405,11.258278145695364,SURVIVED (PROFIT)
78,51,1576.561352939967,324,50,274,0.0,1476.561352939967,15.432098765432098,SURVIVED (PROFIT)
64,81,1573.7888518496657,341,46,295,0.0,1473.7888518496657,13.48973607038123,SURVIVED (PROFIT)
78,16,1573.2298749714328,808,171,637,0.0,1473.2298749714328,21.16336633663366,SURVIVED (PROFIT)
76,49,1570.1145714259628,335,55,280,0.0,1470.1145714259628,16.417910447761194,SURVIVED (PROFIT)
62,77,1569.7337532478064,319,45,274,0.0,1469.7337532478064,14.106583072100312,SURVIVED (PROFIT)
76,53,1569.6367358503035,300,43,257,0.0,1469.6367358503035,14.333333333333334,SURVIVED (PROFIT)
75,48,1567.7554791732878,344,54,290,0.0,1467.7554791732878,15.69767441860465,SURVIVED (PROFIT)
76,26,1567.1829615504207,613,120,493,0.0,1467.1829615504207,19.575856443719413,SURVIVED (PROFIT)
81,26,1565.1655769460804,623,120,503,0.0,1465.1655769460804,19.26163723916533,SURVIVED (PROFIT)
81,49,1564.4387755146836,359,61,298,0.0,1464.4387755146836,16.991643454038996,SURVIVED (PROFIT)
81,47,1554.093744689491,374,58,316,0.0,1454.093744689491,15.508021390374333,SURVIVED (PROFIT)
44,20,1554.0799000225506,738,144,594,0.0,1454.0799000225506,19.51219512195122,SURVIVED (PROFIT)
62,19,1551.0038948114639,752,159,593,0.0,1451.0038948114639,21.143617021276594,SURVIVED (PROFIT)
45,20,1549.0028500175335,731,140,591,0.0,1449.0028500175335,19.151846785225718,SURVIVED (PROFIT)
82,50,1547.172640005148,364,56,308,0.0,1447.172640005148,15.384615384615385,SURVIVED (PROFIT)
57,71,1542.0370985879722,304,45,259,0.0,1442.0370985879722,14.802631578947366,SURVIVED (PROFIT)
70,19,1537.0561579306504,762,159,603,0.0,1437.0561579306504,20.866141732283463,SURVIVED (PROFIT)
54,73,1536.786767134971,305,43,262,0.0,1436.786767134971,14.098360655737704,SURVIVED (PROFIT)
80,25,1536.62908003053,644,123,521,0.0,1436.62908003053,19.099378881987576,SURVIVED (PROFIT)
56,58,1534.9092068877922,280,31,249,0.0,1434.9092068877922,11.071428571428571,SURVIVED (PROFIT)
75,16,1531.718437486145,820,174,646,0.0,1431.718437486145,21.21951219512195,SURVIVED (PROFIT)
76,18,1529.5727222207302,775,157,618,0.0,1429.5727222207302,20.258064516129032,SURVIVED (PROFIT)
57,75,1529.3094533288781,310,48,262,0.0,1429.3094533288781,15.483870967741936,SURVIVED (PROFIT)
55,16,1528.7945000415693,823,176,647,0.0,1428.7945000415693,21.38517618469016,SURVIVED (PROFIT)
63,83,1526.1276506097693,372,51,321,0.0,1426.1276506097693,13.709677419354838,SURVIVED (PROFIT)
6,39,1523.4770768676308,1617,419,1198,0.0,1423.4770768676308,25.9121830550402,SURVIVED (PROFIT)
74,16,1522.8857499934766,822,175,647,0.0,1422.8857499934766,21.289537712895378,SURVIVED (PROFIT)
54,67,1520.6837313250544,309,36,273,0.0,1420.6837313250544,11.650485436893204,SURVIVED (PROFIT)
54,60,1519.4721333101315,313,35,278,0.0,1419.4721333101315,11.182108626198083,SURVIVED (PROFIT)
54,63,1517.751904726466,311,37,274,0.0,1417.751904726466,11.89710610932476,SURVIVED (PROFIT)
62,78,1512.1088076944056,331,47,284,0.0,1412.1088076944056,14.19939577039275,SURVIVED (PROFIT)
65,82,1509.8150243914306,348,46,302,0.0,1409.8150243914306,13.218390804597702,SURVIVED (PROFIT)
81,25,1508.119440029232,636,122,514,0.0,1408.119440029232,19.18238993710692,SURVIVED (PROFIT)
54,66,1504.4393939225138,303,34,269,0.0,1404.4393939225138,11.221122112211221,SURVIVED (PROFIT)
76,47,1503.629851061497,367,55,312,0.0,1403.629851061497,14.986376021798364,SURVIVED (PROFIT)
67,78,1502.6566153857411,277,40,237,0.0,1402.6566153857411,14.440433212996389,SURVIVED (PROFIT)
57,60,1497.2400500035,274,33,241,0.0,1397.2400500035,12.043795620437956,SURVIVED (PROFIT)
80,48,1495.053416676902,367,56,311,0.0,1395.053416676902,15.258855585831062,SURVIVED (PROFIT)
45,27,1494.152000016873,598,91,507,0.0,1394.152000016873,15.217391304347828,SURVIVED (PROFIT)
56,71,1493.9752112599022,316,44,272,0.0,1393.9752112599022,13.924050632911392,SURVIVED (PROFIT)
61,80,1490.853187493597,351,55,296,0.0,1390.853187493597,15.669515669515668,SURVIVED (PROFIT)
73,18,1490.7417777646137,773,158,615,0.0,1390.7417777646137,20.439844760672703,SURVIVED (PROFIT)
75,50,1489.9443800039603,319,52,267,0.0,1389.9443800039603,16.30094043887147,SURVIVED (PROFIT)
16,33,1488.7397273057818,871,191,680,0.0,1388.7397273057818,21.92881745120551,SURVIVED (PROFIT)
64,83,1488.4729518046192,362,48,314,0.0,1388.4729518046192,13.259668508287293,SURVIVED (PROFIT)
47,27,1482.8868148239853,595,91,504,0.0,1382.8868148239853,15.294117647058824,SURVIVED (PROFIT)
65,78,1478.9297820524293,306,46,260,0.0,1378.9297820524293,15.032679738562091,SURVIVED (PROFIT)
62,25,1475.857640008776,649,127,522,0.0,1375.857640008776,19.568567026194145,SURVIVED (PROFIT)
66,82,1475.545024391362,327,42,285,0.0,1375.545024391362,12.844036697247708,SURVIVED (PROFIT)
62,79,1473.8011392404005,336,49,287,0.0,1373.8011392404005,14.583333333333334,SURVIVED (PROFIT)
57,76,1473.2149473604873,318,49,269,0.0,1373.2149473604873,15.40880503144654,SURVIVED (PROFIT)
54,58,1469.8046034381182,301,32,269,0.0,1369.8046034381182,10.631229235880399,SURVIVED (PROFIT)
78,47,1465.6183191596606,363,54,309,0.0,1365.6183191596606,14.87603305785124,SURVIVED (PROFIT)
80,16,1459.7236249628354,804,169,635,0.0,1359.7236249628354,21.019900497512438,SURVIVED (PROFIT)
27,24,1457.5327083732468,566,92,474,0.0,1357.5327083732468,16.25441696113074,SURVIVED (PROFIT)
55,71,1455.9603239425492,310,42,268,0.0,1355.9603239425492,13.548387096774196,SURVIVED (PROFIT)
80,26,1454.2150000242414,628,119,509,0.0,1354.2150000242414,18.949044585987263,SURVIVED (PROFIT)
51,100,1452.8090200389383,403,72,331,0.0,1352.8090200389383,17.866004962779154,SURVIVED (PROFIT)
81,57,1451.0207017494,312,44,268,0.0,1351.0207017494,14.102564102564102,SURVIVED (PROFIT)
55,99,1445.2961818387048,404,68,336,0.0,1345.2961818387048,16.831683168316832,SURVIVED (PROFIT)
26,25,1441.1577200141664,503,81,422,0.0,1341.1577200141664,16.10337972166998,SURVIVED (PROFIT)
57,73,1440.3287123316081,295,45,250,0.0,1340.3287123316081,15.254237288135593,SURVIVED (PROFIT)
53,73,1430.3737534316892,303,44,259,0.0,1330.3737534316892,14.521452145214523,SURVIVED (PROFIT)
54,59,1429.551322017871,307,33,274,0.0,1329.551322017871,10.749185667752444,SURVIVED (PROFIT)
46,27,1427.660222252518,606,90,516,0.0,1327.660222252518,14.85148514851485,SURVIVED (PROFIT)
56,73,1425.8050958865733,310,45,265,0.0,1325.8050958865733,14.516129032258066,SURVIVED (PROFIT)
60,81,1425.5448765456567,370,57,313,0.0,1325.5448765456567,15.405405405405407,SURVIVED (PROFIT)
54,61,1424.9865737441628,318,37,281,0.0,1324.9865737441628,11.635220125786164,SURVIVED (PROFIT)
63,77,1423.5275974086599,317,45,272,0.0,1323.5275974086599,14.195583596214512,SURVIVED (PROFIT)
75,52,1422.651750001689,301,47,254,0.0,1322.651750001689,15.614617940199334,SURVIVED (PROFIT)
67,79,1421.8041645614167,283,40,243,0.0,1321.8041645614167,14.13427561837456,SURVIVED (PROFIT)
16,32,1415.988437520702,863,192,671,0.0,1315.988437520702,22.247972190034762,SURVIVED (PROFIT)
63,82,1414.0281707377962,369,50,319,0.0,1314.0281707377962,13.550135501355012,SURVIVED (PROFIT)
75,51,1410.7372352949296,317,50,267,0.0,1310.7372352949296,15.772870662460567,SURVIVED (PROFIT)
66,77,1405.8379480572826,278,38,240,0.0,1305.8379480572826,13.66906474820144,SURVIVED (PROFIT)
55,73,1402.559424661582,305,43,262,0.0,1302.559424661582,14.098360655737704,SURVIVED (PROFIT)
79,16,1400.181937468958,808,169,639,0.0,1300.181937468958,20.915841584158414,SURVIVED (PROFIT)
79,47,1398.7892340495246,361,52,309,0.0,1298.7892340495246,14.40443213296399,SURVIVED (PROFIT)
72,18,1396.9254444250732,782,158,624,0.0,1296.9254444250732,20.20460358056266,SURVIVED (PROFIT)
64,82,1395.7380365824752,357,47,310,0.0,1295.7380365824752,13.165266106442578,SURVIVED (PROFIT)
77,18,1395.244777764949,785,159,626,0.0,1295.244777764949,20.254777070063696,SURVIVED (PROFIT)
25,26,1390.9869999831426,515,85,430,0.0,1290.9869999831426,16.50485436893204,SURVIVED (PROFIT)
54,72,1390.7186527779022,311,41,270,0.0,1290.7186527779022,13.183279742765272,SURVIVED (PROFIT)
29,25,1388.0211600321136,562,92,470,0.0,1288.0211600321136,16.370106761565836,SURVIVED (PROFIT)
65,79,1386.7805316449885,316,46,270,0.0,1286.7805316449885,14.556962025316455,SURVIVED (PROFIT)
32,15,1385.3926000094816,939,188,751,0.0,1285.3926000094816,20.02129925452609,SURVIVED (PROFIT)
48,20,1383.5678500102003,718,138,580,0.0,1283.5678500102003,19.220055710306408,SURVIVED (PROFIT)
84,57,1383.5271754524256,333,44,289,0.0,1283.5271754524256,13.213213213213212,SURVIVED (PROFIT)
24,26,1383.5218076716828,575,97,478,0.0,1283.5218076716828,16.869565217391305,SURVIVED (PROFIT)
68,20,1378.2383500230744,705,143,562,0.0,1278.2383500230744,20.28368794326241,SURVIVED (PROFIT)
54,74,1372.943000013931,316,44,272,0.0,1272.943000013931,13.924050632911392,SURVIVED (PROFIT)
70,52,1372.2128461508992,299,41,258,0.0,1272.2128461508992,13.712374581939798,SURVIVED (PROFIT)
53,100,1371.4823700457018,397,71,326,0.0,1271.4823700457018,17.884130982367758,SURVIVED (PROFIT)
76,58,1370.0167586168122,292,39,253,0.0,1270.0167586168122,13.356164383561644,SURVIVED (PROFIT)
46,20,1365.4492000159466,731,140,591,0.0,1265.4492000159466,19.151846785225718,SURVIVED (PROFIT)
70,50,1363.4701200042136,321,46,275,0.0,1263.4701200042136,14.330218068535824,SURVIVED (PROFIT)
70,51,1361.482117645604,313,44,269,0.0,1261.482117645604,14.057507987220447,SURVIVED (PROFIT)
82,25,1358.5809600253956,635,120,515,0.0,1258.5809600253956,18.89763779527559,SURVIVED (PROFIT)
67,80,1356.5172625053697,288,39,249,0.0,1256.5172625053697,13.541666666666666,SURVIVED (PROFIT)
55,58,1356.1208620545935,287,29,258,0.0,1256.1208620545935,10.104529616724738,SURVIVED (PROFIT)
56,99,1356.0287980000921,414,70,344,0.0,1256.0287980000921,16.908212560386474,SURVIVED (PROFIT)
66,79,1351.4043037956053,291,41,250,0.0,1251.4043037956053,14.0893470790378,SURVIVED (PROFIT)
36,16,1350.3976875227168,862,177,685,0.0,1250.3976875227168,20.533642691415313,SURVIVED (PROFIT)
56,59,1347.4818643963617,290,30,260,0.0,1247.4818643963617,10.344827586206897,SURVIVED (PROFIT)
67,75,1345.988400011879,234,31,203,0.0,1245.988400011879,13.247863247863249,SURVIVED (PROFIT)
35,16,1345.3596875123276,861,178,683,0.0,1245.3596875123276,20.673635307781648,SURVIVED (PROFIT)
78,49,1337.7077346980495,347,56,291,0.0,1237.7077346980495,16.138328530259365,SURVIVED (PROFIT)
24,25,1337.505119985889,534,88,446,0.0,1237.505119985889,16.479400749063668,SURVIVED (PROFIT)
64,77,1336.0005064968154,309,43,266,0.0,1236.0005064968154,13.915857605177994,SURVIVED (PROFIT)
75,18,1335.4182222135978,776,156,620,0.0,1235.4182222135978,20.103092783505154,SURVIVED (PROFIT)
25,23,1332.6847391411816,569,95,474,0.0,1232.6847391411816,16.695957820738137,SURVIVED (PROFIT)
52,100,1331.8156300405049,394,70,324,0.0,1231.8156300405049,17.766497461928935,SURVIVED (PROFIT)
71,52,1330.6919615298307,308,44,264,0.0,1230.6919615298307,14.285714285714285,SURVIVED (PROFIT)
77,58,1330.518948273269,292,39,253,0.0,1230.518948273269,13.356164383561644,SURVIVED (PROFIT)
57,62,1330.2618548388377,293,37,256,0.0,1230.2618548388377,12.627986348122866,SURVIVED (PROFIT)
56,16,1329.72625004154,830,174,656,0.0,1229.72625004154,20.96385542168675,SURVIVED (PROFIT)
66,78,1328.1816794850379,288,40,248,0.0,1228.1816794850379,13.88888888888889,SURVIVED (PROFIT)
57,72,1326.5013333316456,302,44,258,0.0,1226.5013333316456,14.56953642384106,SURVIVED (PROFIT)
68,47,1319.8190851131162,368,57,311,0.0,1219.8190851131162,15.489130434782608,SURVIVED (PROFIT)
82,49,1317.0805918449228,380,61,319,0.0,1217.0805918449228,16.05263157894737,SURVIVED (PROFIT)
63,78,1316.426012826818,332,47,285,0.0,1216.426012826818,14.156626506024098,SURVIVED (PROFIT)
71,50,1316.314759996927,329,49,280,0.0,1216.314759996927,14.893617021276595,SURVIVED (PROFIT)
60,16,1316.1455625638,851,183,668,0.0,1216.1455625638,21.504112808460636,SURVIVED (PROFIT)
54,100,1313.434690036991,405,73,332,0.0,1213.434690036991,18.02469135802469,SURVIVED (PROFIT)
83,57,1312.043807029941,335,45,290,0.0,1212.043807029941,13.432835820895523,SURVIVED (PROFIT)
57,61,1307.1481147548543,287,35,252,0.0,1207.1481147548543,12.195121951219512,SURVIVED (PROFIT)
53,74,1304.3855405479776,311,45,266,0.0,1204.3855405479776,14.469453376205788,SURVIVED (PROFIT)
75,25,1304.1018000346116,626,118,508,0.0,1204.1018000346116,18.849840255591054,SURVIVED (PROFIT)
80,50,1302.487180000935,339,52,287,0.0,1202.487180000935,15.339233038348082,SURVIVED (PROFIT)
53,72,1300.105791664037,309,42,267,0.0,1200.105791664037,13.592233009708737,SURVIVED (PROFIT)
47,20,1299.8874000112264,730,138,592,0.0,1199.8874000112264,18.904109589041095,SURVIVED (PROFIT)
37,16,1299.8075625233723,859,175,684,0.0,1199.8075625233723,20.372526193247964,SURVIVED (PROFIT)
60,83,1299.5444337413373,379,58,321,0.0,1199.5444337413373,15.303430079155673,SURVIVED (PROFIT)
34,19,1298.2085789614603,762,152,610,0.0,1198.2085789614603,19.94750656167979,SURVIVED (PROFIT)
73,25,1296.0453600283577,627,118,509,0.0,1196.0453600283577,18.819776714513555,SURVIVED (PROFIT)
69,47,1295.6772978757672,365,54,311,0.0,1195.6772978757672,14.794520547945206,SURVIVED (PROFIT)
57,64,1284.3806406141834,291,38,253,0.0,1184.3806406141834,13.058419243986256,SURVIVED (PROFIT)
83,25,1283.0168400250386,637,120,517,0.0,1183.0168400250386,18.83830455259027,SURVIVED (PROFIT)
67,74,1279.5801216342816,222,30,192,0.0,1179.5801216342816,13.513513513513514,SURVIVED (PROFIT)
71,51,1278.0710784223597,324,47,277,0.0,1178.0710784223597,14.506172839506174,SURVIVED (PROFIT)
64,78,1277.40984615337,315,45,270,0.0,1177.40984615337,14.285714285714285,SURVIVED (PROFIT)
65,75,1276.9842800081778,268,37,231,0.0,1176.9842800081778,13.805970149253731,SURVIVED (PROFIT)
33,15,1276.4279333542559,929,183,746,0.0,1176.4279333542559,19.69860064585576,SURVIVED (PROFIT)
56,72,1275.9481527696116,315,43,272,0.0,1175.9481527696116,13.65079365079365,SURVIVED (PROFIT)
56,74,1274.6264459429412,319,46,273,0.0,1174.6264459429412,14.420062695924765,SURVIVED (PROFIT)
63,79,1271.773544308488,340,49,291,0.0,1171.773544308488,14.411764705882351,SURVIVED (PROFIT)
67,76,1271.2746842209613,242,32,210,0.0,1171.2746842209613,13.223140495867769,SURVIVED (PROFIT)
56,62,1268.6338386968368,312,38,274,0.0,1168.6338386968368,12.179487179487179,SURVIVED (PROFIT)
36,18,1265.3789444611807,791,149,642,0.0,1165.3789444611807,18.83691529709229,SURVIVED (PROFIT)
62,80,1263.3638874978124,341,47,294,0.0,1163.3638874978124,13.78299120234604,SURVIVED (PROFIT)
60,19,1262.0812105796408,751,156,595,0.0,1162.0812105796408,20.77230359520639,SURVIVED (PROFIT)
56,60,1261.4053333224151,298,32,266,0.0,1161.4053333224151,10.738255033557047,SURVIVED (PROFIT)
55,72,1261.203444444282,308,41,267,0.0,1161.203444444282,13.311688311688311,SURVIVED (PROFIT)
93,25,1255.2003600340777,630,120,510,0.0,1155.2003600340777,19.047619047619047,SURVIVED (PROFIT)
79,49,1251.87318367512,345,53,292,0.0,1151.87318367512,15.36231884057971,SURVIVED (PROFIT)
60,82,1247.8705853711567,379,57,322,0.0,1147.8705853711567,15.03957783641161,SURVIVED (PROFIT)
57,65,1244.585907678249,292,39,253,0.0,1144.585907678249,13.356164383561644,SURVIVED (PROFIT)
92,7,1244.215000016101,1528,342,1186,0.0,1144.215000016101,22.38219895287958,SURVIVED (PROFIT)
55,74,1242.5463648708314,314,44,270,0.0,1142.5463648708314,14.012738853503185,SURVIVED (PROFIT)
69,20,1241.363350018904,712,141,571,0.0,1141.363350018904,19.803370786516854,SURVIVED (PROFIT)
80,51,1241.2471372521754,331,49,282,0.0,1141.2471372521754,14.803625377643503,SURVIVED (PROFIT)
74,18,1240.7228333208036,777,155,622,0.0,1140.7228333208036,19.948519948519948,SURVIVED (PROFIT)
64,79,1236.4992151849056,324,47,277,0.0,1136.4992151849056,14.506172839506174,SURVIVED (PROFIT)
37,18,1234.342166661083,790,147,643,0.0,1134.342166661083,18.60759493670886,SURVIVED (PROFIT)
25,25,1232.4500000000676,474,75,399,0.0,1132.4500000000676,15.822784810126583,SURVIVED (PROFIT)
56,64,1231.6627812238053,307,38,269,0.0,1131.6627812238053,12.37785016286645,SURVIVED (PROFIT)
65,80,1230.4245875008514,323,44,279,0.0,1130.4245875008514,13.622291021671826,SURVIVED (PROFIT)
69,49,1229.521204085143,333,50,283,0.0,1129.521204085143,15.015015015015015,SURVIVED (PROFIT)
70,47,1222.5143404322685,367,53,314,0.0,1122.5143404322685,14.441416893732969,SURVIVED (PROFIT)
78,18,1221.3879999924766,769,154,615,0.0,1121.3879999924766,20.026007802340704,SURVIVED (PROFIT)
56,69,1220.5505796913985,298,35,263,0.0,1120.5505796913985,11.74496644295302,SURVIVED (PROFIT)
50,20,1218.9351000312895,718,134,584,0.0,1118.9351000312895,18.662952646239557,SURVIVED (PROFIT)
75,58,1218.1521379376395,297,38,259,0.0,1118.1521379376395,12.794612794612794,SURVIVED (PROFIT)
93,7,1218.1231428726278,1531,342,1189,0.0,1118.1231428726278,22.33834095362508,SURVIVED (PROFIT)
55,69,1215.4357681071133,292,34,258,0.0,1115.4357681071133,11.643835616438356,SURVIVED (PROFIT)
65,72,1213.3247361173067,255,33,222,0.0,1113.3247361173067,12.941176470588237,SURVIVED (PROFIT)
35,18,1211.4811666888836,789,148,641,0.0,1111.4811666888836,18.75792141951838,SURVIVED (PROFIT)
65,74,1211.0400135259415,258,36,222,0.0,1111.0400135259415,13.953488372093023,SURVIVED (PROFIT)
58,16,1210.7707500309616,853,182,671,0.0,1110.7707500309616,21.336459554513482,SURVIVED (PROFIT)
83,26,1208.9921538661556,628,116,512,0.0,1108.9921538661556,18.471337579617835,SURVIVED (PROFIT)
55,62,1208.0330483594194,311,36,275,0.0,1108.0330483594194,11.57556270096463,SURVIVED (PROFIT)
60,20,1207.667150032145,733,148,585,0.0,1107.667150032145,20.190995907230562,SURVIVED (PROFIT)
57,16,1207.0095625346698,837,173,664,0.0,1107.0095625346698,20.66905615292712,SURVIVED (PROFIT)
57,69,1203.373014482916,285,34,251,0.0,1103.373014482916,11.929824561403509,SURVIVED (PROFIT)
70,20,1200.129850041556,713,141,572,0.0,1100.129850041556,19.775596072931275,SURVIVED (PROFIT)
25,33,1199.9449394124376,653,107,546,0.0,1099.9449394124376,16.38591117917305,SURVIVED (PROFIT)
66,80,1193.3684374994796,299,39,260,0.0,1093.3684374994796,13.043478260869565,SURVIVED (PROFIT)
65,76,1192.8630657953518,277,39,238,0.0,1092.8630657953518,14.079422382671481,SURVIVED (PROFIT)
75,49,1185.512040819583,333,53,280,0.0,1085.512040819583,15.915915915915916,SURVIVED (PROFIT)
52,74,1185.4890810827228,308,47,261,0.0,1085.4890810827228,15.259740259740258,SURVIVED (PROFIT)
56,65,1185.3588307413615,308,39,269,0.0,1085.3588307413615,12.662337662337661,SURVIVED (PROFIT)
55,59,1184.6626271006917,297,29,268,0.0,1084.6626271006917,9.764309764309765,SURVIVED (PROFIT)
66,75,1182.7991466702842,242,31,211,0.0,1082.7991466702842,12.8099173553719,SURVIVED (PROFIT)
73,50,1179.364720009838,317,48,269,0.0,1079.364720009838,15.141955835962145,SURVIVED (PROFIT)
70,49,1175.4237551098004,333,50,283,0.0,1075.4237551098004,15.015015015015015,SURVIVED (PROFIT)
55,64,1165.4208905927844,306,36,270,0.0,1065.4208905927844,11.76470588235294,SURVIVED (PROFIT)
27,25,1164.337080026226,525,81,444,0.0,1064.337080026226,15.428571428571427,SURVIVED (PROFIT)
57,74,1157.6374729772951,303,44,259,0.0,1057.6374729772951,14.521452145214523,SURVIVED (PROFIT)
74,25,1156.5422000323247,628,117,511,0.0,1056.5422000323247,18.630573248407643,SURVIVED (PROFIT)
73,51,1152.8026666722467,310,46,264,0.0,1052.8026666722467,14.838709677419354,SURVIVED (PROFIT)
73,52,1152.538634621013,294,42,252,0.0,1052.538634621013,14.285714285714285,SURVIVED (PROFIT)
34,18,1151.7876111336195,786,148,638,0.0,1051.7876111336195,18.829516539440203,SURVIVED (PROFIT)
67,72,1148.163291671994,216,28,188,0.0,1048.163291671994,12.962962962962962,SURVIVED (PROFIT)
70,81,1145.2053580188426,289,46,243,0.0,1045.2053580188426,15.916955017301039,SURVIVED (PROFIT)
36,19,1144.704368422029,757,149,608,0.0,1044.704368422029,19.682959048877148,SURVIVED (PROFIT)
34,16,1143.747312514754,861,176,685,0.0,1043.747312514754,20.441347270615566,SURVIVED (PROFIT)
61,76,1139.8279078919013,320,47,273,0.0,1039.8279078919013,14.6875,SURVIVED (PROFIT)
58,100,1139.433870019418,408,81,327,0.0,1039.433870019418,19.852941176470587,SURVIVED (PROFIT)
42,20,1139.210749994741,737,141,596,0.0,1039.210749994741,19.131614654002714,SURVIVED (PROFIT)
69,50,1137.4365800036521,321,44,277,0.0,1037.4365800036521,13.707165109034266,SURVIVED (PROFIT)
37,19,1132.3778947202268,758,148,610,0.0,1032.3778947202268,19.525065963060687,SURVIVED (PROFIT)
79,18,1131.2937777669927,767,153,614,0.0,1031.2937777669927,19.947848761408082,SURVIVED (PROFIT)
69,51,1131.0055882369365,314,42,272,0.0,1031.0055882369365,13.375796178343949,SURVIVED (PROFIT)
55,65,1128.073615352494,306,37,269,0.0,1028.073615352494,12.091503267973856,SURVIVED (PROFIT)
18,33,1126.315454582234,822,176,646,0.0,1026.315454582234,21.41119221411192,SURVIVED (PROFIT)
60,77,1124.8457402529057,338,51,287,0.0,1024.8457402529057,15.088757396449704,SURVIVED (PROFIT)
57,63,1123.0136349128757,288,35,253,0.0,1023.0136349128757,12.152777777777777,SURVIVED (PROFIT)
90,7,1116.863000032451,1527,338,1189,0.0,1016.863000032451,22.134905042567123,SURVIVED (PROFIT)
74,50,1116.1907000068759,310,48,262,0.0,1016.1907000068759,15.483870967741936,SURVIVED (PROFIT)
75,47,1115.7401276617456,367,54,313,0.0,1015.7401276617456,14.713896457765669,SURVIVED (PROFIT)
66,74,1115.5013918975656,231,30,201,0.0,1015.5013918975656,12.987012987012985,SURVIVED (PROFIT)
65,73,1114.7973287826362,256,34,222,0.0,1014.7973287826362,13.28125,SURVIVED (PROFIT)
23,25,1113.0337199889,566,93,473,0.0,1013.0337199889,16.431095406360424,SURVIVED (PROFIT)
23,26,1112.566807681098,606,102,504,0.0,1012.566807681098,16.831683168316832,SURVIVED (PROFIT)
73,26,1105.3777307968871,611,117,494,0.0,1005.3777307968871,19.148936170212767,SURVIVED (PROFIT)
17,20,1104.4958000222769,758,146,612,0.0,1004.4958000222769,19.261213720316622,SURVIVED (PROFIT)
66,76,1102.9316710554617,249,32,217,0.0,1002.9316710554617,12.851405622489958,SURVIVED (PROFIT)
55,60,1101.971799980135,305,31,274,0.0,1001.9717999801351,10.163934426229508,SURVIVED (PROFIT)
84,25,1097.880480020377,637,116,521,0.0,997.880480020377,18.210361067503925,SURVIVED (PROFIT)
35,19,1096.0573158023935,761,149,612,0.0,996.0573158023935,19.579500657030223,SURVIVED (PROFIT)
69,52,1089.4634423054272,304,39,265,0.0,989.4634423054272,12.828947368421053,SURVIVED (PROFIT)
72,25,1089.3856000166893,641,117,524,0.0,989.3856000166893,18.252730109204368,SURVIVED (PROFIT)
67,73,1086.5818493268712,220,29,191,0.0,986.5818493268712,13.18181818181818,SURVIVED (PROFIT)
55,100,1085.5883100207843,400,69,331,0.0,985.5883100207843,17.25,SURVIVED (PROFIT)
59,16,1084.4540000460856,856,180,676,0.0,984.4540000460856,21.02803738317757,SURVIVED (PROFIT)
6,40,1082.7326999673455,1609,421,1188,0.0,982.7326999673455,26.165320074580485,SURVIVED (PROFIT)
59,100,1082.667880013984,409,82,327,0.0,982.6678800139839,20.048899755501225,SURVIVED (PROFIT)
56,61,1080.3703442507335,308,34,274,0.0,980.3703442507335,11.03896103896104,SURVIVED (PROFIT)
67,51,1078.0554902057306,324,43,281,0.0,978.0554902057306,13.271604938271606,SURVIVED (PROFIT)
50,100,1075.5353100369912,396,69,327,0.0,975.5353100369912,17.424242424242426,SURVIVED (PROFIT)
63,80,1075.1084250051067,345,47,298,0.0,975.1084250051067,13.623188405797102,SURVIVED (PROFIT)
69,81,1072.9100864199095,293,45,248,0.0,972.9100864199095,15.358361774744028,SURVIVED (PROFIT)
64,80,1070.5067749960567,332,45,287,0.0,970.5067749960567,13.55421686746988,SURVIVED (PROFIT)
56,63,1067.1726825173523,305,35,270,0.0,967.1726825173523,11.475409836065573,SURVIVED (PROFIT)
60,78,1063.5275512752805,348,53,295,0.0,963.5275512752805,15.229885057471265,SURVIVED (PROFIT)
49,100,1062.7469000214164,392,71,321,0.0,962.7469000214164,18.112244897959183,SURVIVED (PROFIT)
68,51,1051.375568635549,321,42,279,0.0,951.3755686355489,13.084112149532709,SURVIVED (PROFIT)
59,98,1048.9146632758175,423,78,345,0.0,948.9146632758175,18.439716312056735,SURVIVED (PROFIT)
65,70,1048.3247142961918,241,28,213,0.0,948.3247142961918,11.618257261410788,SURVIVED (PROFIT)
74,52,1044.4007692360083,293,42,251,0.0,944.4007692360083,14.334470989761092,SURVIVED (PROFIT)
72,50,1043.932940002716,323,48,275,0.0,943.9329400027159,14.860681114551083,SURVIVED (PROFIT)
90,25,1043.9112800301,638,116,522,0.0,943.9112800301,18.181818181818183,SURVIVED (PROFIT)
74,51,1039.669882356512,309,46,263,0.0,939.6698823565121,14.886731391585762,SURVIVED (PROFIT)
75,26,1036.5920000268115,614,117,497,0.0,936.5920000268115,19.055374592833875,SURVIVED (PROFIT)
66,51,1035.4843725514643,327,43,284,0.0,935.4843725514643,13.149847094801222,SURVIVED (PROFIT)
70,83,1035.0208554180176,310,46,264,0.0,935.0208554180176,14.838709677419354,SURVIVED (PROFIT)
81,18,1025.1895555440192,760,147,613,0.0,925.1895555440192,19.342105263157894,SURVIVED (PROFIT)
86,25,1020.0502799981518,636,116,520,0.0,920.0502799981518,18.238993710691823,SURVIVED (PROFIT)
55,61,1019.9102294841114,310,33,277,0.0,919.9102294841114,10.64516129032258,SURVIVED (PROFIT)
80,18,1011.8572777686104,761,149,612,0.0,911.8572777686104,19.579500657030223,SURVIVED (PROFIT)
58,99,1007.6359192094374,414,75,339,0.0,907.6359192094374,18.115942028985508,SURVIVED (PROFIT)
57,66,1005.7558181771765,283,33,250,0.0,905.7558181771765,11.66077738515901,SURVIVED (PROFIT)
60,79,1005.3393291050784,354,54,300,0.0,905.3393291050784,15.254237288135593,SURVIVED (PROFIT)
55,63,1004.1719682214766,304,33,271,0.0,904.1719682214766,10.855263157894738,SURVIVED (PROFIT)
31,15,1003.7700666853198,947,190,757,0.0,903.7700666853198,20.06335797254488,SURVIVED (PROFIT)
58,73,1001.0821506700568,307,42,265,0.0,901.0821506700568,13.680781758957655,SURVIVED (PROFIT)
32,16,1000.6904375197814,863,180,683,0.0,900.6904375197814,20.857473928157592,SURVIVED (PROFIT)
56,100,997.4945700217309,411,70,341,0.0,897.4945700217309,17.0316301703163,SURVIVED (PROFIT)
68,52,996.5591346192809,311,39,272,0.0,896.5591346192809,12.540192926045016,SURVIVED (PROFIT)
72,52,995.7425384598396,303,42,261,0.0,895.7425384598396,13.861386138613863,SURVIVED (PROFIT)
72,51,991.6857058797732,319,46,273,0.0,891.6857058797732,14.420062695924765,SURVIVED (PROFIT)
85,25,990.9492000080036,635,113,522,0.0,890.9492000080036,17.79527559055118,SURVIVED (PROFIT)
62,76,988.2326842128273,307,39,268,0.0,888.2326842128273,12.703583061889251,SURVIVED (PROFIT)
74,26,984.7818846459732,614,116,498,0.0,884.7818846459732,18.892508143322477,SURVIVED (PROFIT)
80,47,979.8358936240152,364,51,313,0.0,879.8358936240152,14.010989010989011,SURVIVED (PROFIT)
64,72,974.7033472230783,267,32,235,0.0,874.7033472230783,11.985018726591761,SURVIVED (PROFIT)
26,26,971.6690000000631,473,77,396,0.0,871.6690000000631,16.27906976744186,SURVIVED (PROFIT)
64,76,971.6371052683762,286,38,248,0.0,871.6371052683762,13.286713286713287,SURVIVED (PROFIT)
59,97,971.257917534826,416,74,342,0.0,871.257917534826,17.78846153846154,SURVIVED (PROFIT)
58,76,951.2014210441425,323,49,274,0.0,851.2014210441425,15.170278637770899,SURVIVED (PROFIT)
59,99,951.0450101129522,415,76,339,0.0,851.0450101129522,18.313253012048193,SURVIVED (PROFIT)
56,66,949.9313636212887,299,33,266,0.0,849.9313636212887,11.036789297658862,SURVIVED (PROFIT)
69,83,948.3708554236619,315,45,270,0.0,848.3708554236619,14.285714285714285,SURVIVED (PROFIT)
71,19,942.8476842153559,777,158,619,0.0,842.8476842153559,20.334620334620336,SURVIVED (PROFIT)
58,72,942.7475833094763,306,40,266,0.0,842.7475833094763,13.071895424836603,SURVIVED (PROFIT)
72,26,941.600961559499,620,115,505,0.0,841.600961559499,18.548387096774192,SURVIVED (PROFIT)
61,75,930.3964533278436,317,43,274,0.0,830.3964533278436,13.564668769716087,SURVIVED (PROFIT)
73,49,926.9195510323552,331,51,280,0.0,826.9195510323552,15.407854984894259,SURVIVED (PROFIT)
18,32,918.7683750396059,806,173,633,0.0,818.7683750396059,21.464019851116625,SURVIVED (PROFIT)
43,20,917.7967000201188,734,137,597,0.0,817.7967000201188,18.66485013623978,SURVIVED (PROFIT)
58,75,914.1567999845661,316,44,272,0.0,814.1567999845661,13.924050632911392,SURVIVED (PROFIT)
80,49,909.38595918704,356,53,303,0.0,809.38595918704,14.887640449438203,SURVIVED (PROFIT)
26,33,906.1933030729997,627,101,526,0.0,806.1933030729997,16.108452950558213,SURVIVED (PROFIT)
65,69,905.215884068487,233,26,207,0.0,805.215884068487,11.158798283261802,SURVIVED (PROFIT)
70,82,903.8108048743579,313,46,267,0.0,803.8108048743579,14.696485623003195,SURVIVED (PROFIT)
83,18,900.5294444281744,765,149,616,0.0,800.5294444281744,19.477124183006538,SURVIVED (PROFIT)
25,27,899.5658147845979,554,87,467,0.0,799.5658147845979,15.703971119133575,SURVIVED (PROFIT)
62,72,892.5449722118751,294,32,262,0.0,792.5449722118751,10.884353741496598,SURVIVED (PROFIT)
58,96,892.3629062663999,407,69,338,0.0,792.3629062663999,16.953316953316953,SURVIVED (PROFIT)
86,19,874.5483157908511,758,154,604,0.0,774.5483157908511,20.316622691292878,SURVIVED (PROFIT)
62,73,873.0289726056185,292,33,259,0.0,773.0289726056185,11.301369863013697,SURVIVED (PROFIT)
64,73,872.0774794602094,268,33,235,0.0,772.0774794602094,12.313432835820896,SURVIVED (PROFIT)
60,80,870.9882874919967,357,53,304,0.0,770.9882874919967,14.84593837535014,SURVIVED (PROFIT)
61,74,868.1591081043284,307,42,265,0.0,768.1591081043284,13.680781758957655,SURVIVED (PROFIT)
63,76,856.7051315878116,303,39,264,0.0,756.7051315878116,12.871287128712872,SURVIVED (PROFIT)
58,74,852.6591891754756,308,44,264,0.0,752.6591891754756,14.285714285714285,SURVIVED (PROFIT)
33,16,850.3926250127652,853,175,678,0.0,750.3926250127652,20.5158264947245,SURVIVED (PROFIT)
85,18,849.28972219241,757,146,611,0.0,749.28972219241,19.28665785997358,SURVIVED (PROFIT)
84,18,831.0058333111956,759,146,613,0.0,731.0058333111956,19.235836627140976,SURVIVED (PROFIT)
27,26,828.4710769285884,491,79,412,0.0,728.4710769285884,16.08961303462322,SURVIVED (PROFIT)
86,18,818.6192777428505,755,146,609,0.0,718.6192777428505,19.337748344370862,SURVIVED (PROFIT)
74,49,818.43604082407,321,49,272,0.0,718.43604082407,15.264797507788161,SURVIVED (PROFIT)
69,82,817.6582439034328,318,45,273,0.0,717.6582439034328,14.150943396226415,SURVIVED (PROFIT)
70,53,808.4186603785324,297,36,261,0.0,708.4186603785324,12.121212121212121,SURVIVED (PROFIT)
72,49,805.5231428605671,335,51,284,0.0,705.5231428605671,15.223880597014924,SURVIVED (PROFIT)
64,75,797.2851066688945,285,35,250,0.0,697.2851066688945,12.280701754385964,SURVIVED (PROFIT)
59,96,789.2420208454596,409,69,340,0.0,689.2420208454596,16.87041564792176,SURVIVED (PROFIT)
75,53,789.1754528394504,298,39,259,0.0,689.1754528394504,13.087248322147651,SURVIVED (PROFIT)
75,19,776.6631579056834,771,154,617,0.0,676.6631579056834,19.974059662775616,SURVIVED (PROFIT)
62,75,767.0853333330415,307,35,272,0.0,667.0853333330415,11.400651465798045,SURVIVED (PROFIT)
29,26,759.5776154006949,535,89,446,0.0,659.5776154006949,16.635514018691588,SURVIVED (PROFIT)
63,72,757.1117638847472,293,32,261,0.0,657.1117638847472,10.921501706484642,SURVIVED (PROFIT)
82,18,752.3547221964745,761,144,617,0.0,652.3547221964745,18.922470433639948,SURVIVED (PROFIT)
59,76,752.2098157859791,329,50,279,0.0,652.2098157859791,15.19756838905775,SURVIVED (PROFIT)
25,15,747.8207333668388,909,169,740,0.0,647.8207333668388,18.59185918591859,SURVIVED (PROFIT)
26,15,739.7253333978933,898,168,730,0.0,639.7253333978933,18.70824053452116,SURVIVED (PROFIT)
64,74,732.8630270321864,275,34,241,0.0,632.8630270321864,12.363636363636363,SURVIVED (PROFIT)
63,73,732.5625068561949,291,33,258,0.0,632.5625068561949,11.34020618556701,SURVIVED (PROFIT)
81,19,731.4199473932858,759,150,609,0.0,631.4199473932858,19.76284584980237,SURVIVED (PROFIT)
28,25,722.8271200352478,547,82,465,0.0,622.8271200352478,14.990859232175502,SURVIVED (PROFIT)
59,75,707.1394399886449,323,44,279,0.0,607.1394399886449,13.622291021671826,SURVIVED (PROFIT)
62,74,703.248351350434,298,34,264,0.0,603.248351350434,11.409395973154362,SURVIVED (PROFIT)
25,31,702.7410322437408,636,107,529,0.0,602.7410322437408,16.82389937106918,SURVIVED (PROFIT)
39,20,677.4276999876247,743,129,614,0.0,577.4276999876247,17.362045760430686,SURVIVED (PROFIT)
48,100,673.6536600193194,402,68,334,0.0,573.6536600193194,16.91542288557214,SURVIVED (PROFIT)
26,27,662.7921481297099,505,80,425,0.0,562.7921481297099,15.841584158415841,SURVIVED (PROFIT)
63,75,648.9629200049494,304,35,269,0.0,548.9629200049494,11.513157894736842,SURVIVED (PROFIT)
37,20,646.2943500007786,738,126,612,0.0,546.2943500007786,17.073170731707318,SURVIVED (PROFIT)
34,20,645.5512500302557,740,129,611,0.0,545.5512500302557,17.43243243243243,SURVIVED (PROFIT)
38,20,642.235050003389,748,128,620,0.0,542.235050003389,17.11229946524064,SURVIVED (PROFIT)
59,74,639.0687026939872,316,44,272,0.0,539.0687026939872,13.924050632911392,SURVIVED (PROFIT)
61,100,634.232250020717,396,72,324,0.0,534.232250020717,18.181818181818183,SURVIVED (PROFIT)
60,100,628.2611500164026,400,75,325,0.0,528.2611500164026,18.75,SURVIVED (PROFIT)
41,20,627.76079999803,741,134,607,0.0,527.76079999803,18.083670715249664,SURVIVED (PROFIT)
89,25,625.4137600220147,632,111,521,0.0,525.4137600220147,17.563291139240505,SURVIVED (PROFIT)
40,20,622.164299997432,750,136,614,0.0,522.164299997432,18.133333333333333,SURVIVED (PROFIT)
25,32,615.2551562604299,641,101,540,0.0,515.2551562604299,15.756630265210608,SURVIVED (PROFIT)
61,97,578.2934329994232,401,66,335,0.0,478.2934329994232,16.458852867830423,SURVIVED (PROFIT)
63,74,577.101837841421,295,34,261,0.0,477.101837841421,11.525423728813559,SURVIVED (PROFIT)
73,53,574.374622650872,292,36,256,0.0,474.37462265087197,12.32876712328767,SURVIVED (PROFIT)
36,20,543.4037000214844,738,127,611,0.0,443.4037000214844,17.208672086720867,SURVIVED (PROFIT)
35,20,528.0951500223027,738,126,612,0.0,428.09515002230273,17.073170731707318,SURVIVED (PROFIT)
61,99,527.1895959764893,402,66,336,0.0,427.1895959764893,16.417910447761194,SURVIVED (PROFIT)
60,99,516.2363434473305,407,69,338,0.0,416.23634344733046,16.953316953316953,SURVIVED (PROFIT)
60,76,515.0256447318206,329,47,282,0.0,415.02564473182065,14.285714285714285,SURVIVED (PROFIT)
70,70,462.9010000000162,171,22,149,0.0,362.9010000000162,12.865497076023392,SURVIVED (PROFIT)
60,74,432.4401756659595,316,43,273,0.0,332.4401756659595,13.60759493670886,SURVIVED (PROFIT)
46,100,416.75714003793973,415,66,349,0.0,316.75714003793973,15.903614457831324,SURVIVED (PROFIT)
26,32,334.11850002539495,615,95,520,0.0,234.11850002539495,15.447154471544716,SURVIVED (PROFIT)
75,20,247.217550025508,734,132,602,0.0,147.217550025508,17.983651226158038,SURVIVED (PROFIT)
7,3,0.0,57,7,50,1.0,-100.0,12.280701754385964,MARGIN CALL ($0)
7,4,0.0,51,6,45,1.0,-100.0,11.76470588235294,MARGIN CALL ($0)
7,5,0.0,37,3,34,1.0,-100.0,8.108108108108109,MARGIN CALL ($0)
7,6,0.0,35,3,32,1.0,-100.0,8.571428571428571,MARGIN CALL ($0)
7,7,0.0,36,3,33,1.0,-100.0,8.333333333333332,MARGIN CALL ($0)
7,8,0.0,119,22,97,1.0,-100.0,18.487394957983195,MARGIN CALL ($0)
7,9,0.0,121,20,101,1.0,-100.0,16.528925619834713,MARGIN CALL ($0)
7,10,0.0,118,20,98,1.0,-100.0,16.94915254237288,MARGIN CALL ($0)
7,11,0.0,118,23,95,1.0,-100.0,19.491525423728813,MARGIN CALL ($0)
7,12,0.0,128,28,100,1.0,-100.0,21.875,MARGIN CALL ($0)
7,13,0.0,125,26,99,1.0,-100.0,20.8,MARGIN CALL ($0)
7,14,0.0,128,27,101,1.0,-100.0,21.09375,MARGIN CALL ($0)
7,15,0.0,129,27,102,1.0,-100.0,20.930232558139537,MARGIN CALL ($0)
7,16,0.0,136,29,107,1.0,-100.0,21.323529411764707,MARGIN CALL ($0)
7,17,0.0,56,8,48,1.0,-100.0,14.285714285714285,MARGIN CALL ($0)
7,18,0.0,46,5,41,1.0,-100.0,10.869565217391305,MARGIN CALL ($0)
7,19,0.0,46,5,41,1.0,-100.0,10.869565217391305,MARGIN CALL ($0)
7,20,0.0,46,5,41,1.0,-100.0,10.869565217391305,MARGIN CALL ($0)
7,21,0.0,41,4,37,1.0,-100.0,9.75609756097561,MARGIN CALL ($0)
7,22,0.0,41,4,37,1.0,-100.0,9.75609756097561,MARGIN CALL ($0)
7,23,0.0,41,4,37,1.0,-100.0,9.75609756097561,MARGIN CALL ($0)
7,24,0.0,43,4,39,1.0,-100.0,9.30232558139535,MARGIN CALL ($0)
7,25,0.0,43,4,39,1.0,-100.0,9.30232558139535,MARGIN CALL ($0)
7,26,0.0,42,4,38,1.0,-100.0,9.523809523809524,MARGIN CALL ($0)
7,27,0.0,36,3,33,1.0,-100.0,8.333333333333332,MARGIN CALL ($0)
7,28,0.0,37,3,34,1.0,-100.0,8.108108108108109,MARGIN CALL ($0)
7,29,0.0,35,3,32,1.0,-100.0,8.571428571428571,MARGIN CALL ($0)
7,30,0.0,35,3,32,1.0,-100.0,8.571428571428571,MARGIN CALL ($0)
7,31,0.0,36,3,33,1.0,-100.0,8.333333333333332,MARGIN CALL ($0)
7,32,0.0,36,3,33,1.0,-100.0,8.333333333333332,MARGIN CALL ($0)
7,33,0.0,36,3,33,1.0,-100.0,8.333333333333332,MARGIN CALL ($0)
7,34,0.0,43,5,38,1.0,-100.0,11.627906976744185,MARGIN CALL ($0)
7,35,0.0,41,5,36,1.0,-100.0,12.195121951219512,MARGIN CALL ($0)
7,36,0.0,41,5,36,1.0,-100.0,12.195121951219512,MARGIN CALL ($0)
7,37,0.0,41,5,36,1.0,-100.0,12.195121951219512,MARGIN CALL ($0)
7,38,0.0,41,5,36,1.0,-100.0,12.195121951219512,MARGIN CALL ($0)
7,40,0.0,117,25,92,1.0,-100.0,21.367521367521366,MARGIN CALL ($0)
7,43,0.0,106,21,85,1.0,-100.0,19.81132075471698,MARGIN CALL ($0)
7,44,0.0,34,3,31,1.0,-100.0,8.823529411764707,MARGIN CALL ($0)
7,45,0.0,35,3,32,1.0,-100.0,8.571428571428571,MARGIN CALL ($0)
7,46,0.0,37,3,34,1.0,-100.0,8.108108108108109,MARGIN CALL ($0)
7,47,0.0,36,3,33,1.0,-100.0,8.333333333333332,MARGIN CALL ($0)
7,48,0.0,35,3,32,1.0,-100.0,8.571428571428571,MARGIN CALL ($0)
7,49,0.0,38,3,35,1.0,-100.0,7.894736842105263,MARGIN CALL ($0)
7,50,0.0,38,3,35,1.0,-100.0,7.894736842105263,MARGIN CALL ($0)
7,51,0.0,36,3,33,1.0,-100.0,8.333333333333332,MARGIN CALL ($0)
7,52,0.0,14,0,14,1.0,-100.0,0.0,MARGIN CALL ($0)
7,53,0.0,14,0,14,1.0,-100.0,0.0,MARGIN CALL ($0)
7,54,0.0,14,0,14,1.0,-100.0,0.0,MARGIN CALL ($0)
7,55,0.0,14,0,14,1.0,-100.0,0.0,MARGIN CALL ($0)
7,56,0.0,14,0,14,1.0,-100.0,0.0,MARGIN CALL ($0)
7,57,0.0,13,0,13,1.0,-100.0,0.0,MARGIN CALL ($0)
7,58,0.0,13,0,13,1.0,-100.0,0.0,MARGIN CALL ($0)
7,59,0.0,12,0,12,1.0,-100.0,0.0,MARGIN CALL ($0)
7,60,0.0,12,0,12,1.0,-100.0,0.0,MARGIN CALL ($0)
7,61,0.0,12,0,12,1.0,-100.0,0.0,MARGIN CALL ($0)
7,62,0.0,12,0,12,1.0,-100.0,0.0,MARGIN CALL ($0)
7,63,0.0,12,0,12,1.0,-100.0,0.0,MARGIN CALL ($0)
7,64,0.0,11,0,11,1.0,-100.0,0.0,MARGIN CALL ($0)
7,65,0.0,11,0,11,1.0,-100.0,0.0,MARGIN CALL ($0)
7,66,0.0,11,0,11,1.0,-100.0,0.0,MARGIN CALL ($0)
7,67,0.0,11,0,11,1.0,-100.0,0.0,MARGIN CALL ($0)
7,68,0.0,11,0,11,1.0,-100.0,0.0,MARGIN CALL ($0)
7,69,0.0,13,0,13,1.0,-100.0,0.0,MARGIN CALL ($0)
7,70,0.0,13,0,13,1.0,-100.0,0.0,MARGIN CALL ($0)
7,71,0.0,12,0,12,1.0,-100.0,0.0,MARGIN CALL ($0)
7,72,0.0,12,0,12,1.0,-100.0,0.0,MARGIN CALL ($0)
7,73,0.0,12,0,12,1.0,-100.0,0.0,MARGIN CALL ($0)
7,74,0.0,12,0,12,1.0,-100.0,0.0,MARGIN CALL ($0)
7,75,0.0,12,0,12,1.0,-100.0,0.0,MARGIN CALL ($0)
7,76,0.0,12,0,12,1.0,-100.0,0.0,MARGIN CALL ($0)
7,77,0.0,12,0,12,1.0,-100.0,0.0,MARGIN CALL ($0)
7,78,0.0,12,0,12,1.0,-100.0,0.0,MARGIN CALL ($0)
7,79,0.0,12,0,12,1.0,-100.0,0.0,MARGIN CALL ($0)
7,80,0.0,12,0,12,1.0,-100.0,0.0,MARGIN CALL ($0)
7,81,0.0,12,0,12,1.0,-100.0,0.0,MARGIN CALL ($0)
7,82,0.0,12,0,12,1.0,-100.0,0.0,MARGIN CALL ($0)
7,83,0.0,12,0,12,1.0,-100.0,0.0,MARGIN CALL ($0)
7,84,0.0,12,0,12,1.0,-100.0,0.0,MARGIN CALL ($0)
7,85,0.0,12,0,12,1.0,-100.0,0.0,MARGIN CALL ($0)
7,86,0.0,12,0,12,1.0,-100.0,0.0,MARGIN CALL ($0)
7,87,0.0,12,0,12,1.0,-100.0,0.0,MARGIN CALL ($0)
7,88,0.0,12,0,12,1.0,-100.0,0.0,MARGIN CALL ($0)
7,89,0.0,12,0,12,1.0,-100.0,0.0,MARGIN CALL ($0)
7,90,0.0,12,0,12,1.0,-100.0,0.0,MARGIN CALL ($0)
7,91,0.0,12,0,12,1.0,-100.0,0.0,MARGIN CALL ($0)
7,92,0.0,12,0,12,1.0,-100.0,0.0,MARGIN CALL ($0)
7,93,0.0,12,0,12,1.0,-100.0,0.0,MARGIN CALL ($0)
7,94,0.0,12,0,12,1.0,-100.0,0.0,MARGIN CALL ($0)
7,95,0.0,12,0,12,1.0,-100.0,0.0,MARGIN CALL ($0)
7,96,0.0,10,0,10,1.0,-100.0,0.0,MARGIN CALL ($0)
7,97,0.0,10,0,10,1.0,-100.0,0.0,MARGIN CALL ($0)
7,98,0.0,10,0,10,1.0,-100.0,0.0,MARGIN CALL ($0)
7,99,0.0,9,0,9,1.0,-100.0,0.0,MARGIN CALL ($0)
7,100,0.0,8,3,5,1.0,-100.0,37.5,MARGIN CALL ($0)
8,1,0.0,47,7,40,1.0,-100.0,14.893617021276595,MARGIN CALL ($0)
8,2,0.0,57,7,50,1.0,-100.0,12.280701754385964,MARGIN CALL ($0)
8,3,0.0,57,7,50,1.0,-100.0,12.280701754385964,MARGIN CALL ($0)
8,4,0.0,51,6,45,1.0,-100.0,11.76470588235294,MARGIN CALL ($0)
8,5,0.0,37,3,34,1.0,-100.0,8.108108108108109,MARGIN CALL ($0)
8,6,0.0,39,4,35,1.0,-100.0,10.256410256410255,MARGIN CALL ($0)
8,7,0.0,38,4,34,1.0,-100.0,10.526315789473683,MARGIN CALL ($0)
8,8,0.0,15,0,15,1.0,-100.0,0.0,MARGIN CALL ($0)
8,9,0.0,17,0,17,1.0,-100.0,0.0,MARGIN CALL ($0)
8,10,0.0,16,0,16,1.0,-100.0,0.0,MARGIN CALL ($0)
8,11,0.0,16,0,16,1.0,-100.0,0.0,MARGIN CALL ($0)
8,12,0.0,16,0,16,1.0,-100.0,0.0,MARGIN CALL ($0)
8,13,0.0,16,0,16,1.0,-100.0,0.0,MARGIN CALL ($0)
8,14,0.0,16,0,16,1.0,-100.0,0.0,MARGIN CALL ($0)
8,15,0.0,16,0,16,1.0,-100.0,0.0,MARGIN CALL ($0)
8,16,0.0,19,1,18,1.0,-100.0,5.263157894736842,MARGIN CALL ($0)
8,17,0.0,15,0,15,1.0,-100.0,0.0,MARGIN CALL ($0)
8,18,0.0,18,1,17,1.0,-100.0,5.555555555555555,MARGIN CALL ($0)
8,19,0.0,15,0,15,1.0,-100.0,0.0,MARGIN CALL ($0)
8,20,0.0,15,0,15,1.0,-100.0,0.0,MARGIN CALL ($0)
8,21,0.0,14,0,14,1.0,-100.0,0.0,MARGIN CALL ($0)
8,22,0.0,14,0,14,1.0,-100.0,0.0,MARGIN CALL ($0)
8,23,0.0,15,0,15,1.0,-100.0,0.0,MARGIN CALL ($0)
8,24,0.0,15,0,15,1.0,-100.0,0.0,MARGIN CALL ($0)
8,25,0.0,15,0,15,1.0,-100.0,0.0,MARGIN CALL ($0)
8,26,0.0,15,0,15,1.0,-100.0,0.0,MARGIN CALL ($0)
8,27,0.0,15,0,15,1.0,-100.0,0.0,MARGIN CALL ($0)
8,28,0.0,15,0,15,1.0,-100.0,0.0,MARGIN CALL ($0)
8,29,0.0,15,0,15,1.0,-100.0,0.0,MARGIN CALL ($0)
8,30,0.0,15,0,15,1.0,-100.0,0.0,MARGIN CALL ($0)
8,31,0.0,35,3,32,1.0,-100.0,8.571428571428571,MARGIN CALL ($0)
8,32,0.0,35,3,32,1.0,-100.0,8.571428571428571,MARGIN CALL ($0)
8,33,0.0,35,3,32,1.0,-100.0,8.571428571428571,MARGIN CALL ($0)
8,34,0.0,15,0,15,1.0,-100.0,0.0,MARGIN CALL ($0)
8,35,0.0,14,0,14,1.0,-100.0,0.0,MARGIN CALL ($0)
8,36,0.0,13,0,13,1.0,-100.0,0.0,MARGIN CALL ($0)
8,37,0.0,13,0,13,1.0,-100.0,0.0,MARGIN CALL ($0)
8,38,0.0,13,0,13,1.0,-100.0,0.0,MARGIN CALL ($0)
8,39,0.0,13,0,13,1.0,-100.0,0.0,MARGIN CALL ($0)
8,40,0.0,13,0,13,1.0,-100.0,0.0,MARGIN CALL ($0)
8,41,0.0,14,0,14,1.0,-100.0,0.0,MARGIN CALL ($0)
8,42,0.0,14,0,14,1.0,-100.0,0.0,MARGIN CALL ($0)
8,43,0.0,15,0,15,1.0,-100.0,0.0,MARGIN CALL ($0)
8,44,0.0,13,0,13,1.0,-100.0,0.0,MARGIN CALL ($0)
8,45,0.0,13,0,13,1.0,-100.0,0.0,MARGIN CALL ($0)
8,46,0.0,12,0,12,1.0,-100.0,0.0,MARGIN CALL ($0)
8,47,0.0,12,0,12,1.0,-100.0,0.0,MARGIN CALL ($0)
8,48,0.0,13,0,13,1.0,-100.0,0.0,MARGIN CALL ($0)
8,49,0.0,13,0,13,1.0,-100.0,0.0,MARGIN CALL ($0)
8,50,0.0,13,0,13,1.0,-100.0,0.0,MARGIN CALL ($0)
8,51,0.0,13,0,13,1.0,-100.0,0.0,MARGIN CALL ($0)
8,52,0.0,13,0,13,1.0,-100.0,0.0,MARGIN CALL ($0)
8,53,0.0,13,0,13,1.0,-100.0,0.0,MARGIN CALL ($0)
8,54,0.0,13,0,13,1.0,-100.0,0.0,MARGIN CALL ($0)
8,55,0.0,13,0,13,1.0,-100.0,0.0,MARGIN CALL ($0)
8,56,0.0,12,0,12,1.0,-100.0,0.0,MARGIN CALL ($0)
8,57,0.0,11,0,11,1.0,-100.0,0.0,MARGIN CALL ($0)
8,58,0.0,11,0,11,1.0,-100.0,0.0,MARGIN CALL ($0)
8,59,0.0,10,0,10,1.0,-100.0,0.0,MARGIN CALL ($0)
8,60,0.0,10,0,10,1.0,-100.0,0.0,MARGIN CALL ($0)
8,61,0.0,10,0,10,1.0,-100.0,0.0,MARGIN CALL ($0)
8,62,0.0,10,0,10,1.0,-100.0,0.0,MARGIN CALL ($0)
8,63,0.0,10,0,10,1.0,-100.0,0.0,MARGIN CALL ($0)
8,64,0.0,10,0,10,1.0,-100.0,0.0,MARGIN CALL ($0)
8,65,0.0,11,0,11,1.0,-100.0,0.0,MARGIN CALL ($0)
8,66,0.0,11,0,11,1.0,-100.0,0.0,MARGIN CALL ($0)
8,67,0.0,11,0,11,1.0,-100.0,0.0,MARGIN CALL ($0)
8,68,0.0,11,0,11,1.0,-100.0,0.0,MARGIN CALL ($0)
8,69,0.0,10,0,10,1.0,-100.0,0.0,MARGIN CALL ($0)
8,70,0.0,10,0,10,1.0,-100.0,0.0,MARGIN CALL ($0)
8,71,0.0,10,0,10,1.0,-100.0,0.0,MARGIN CALL ($0)
8,72,0.0,10,0,10,1.0,-100.0,0.0,MARGIN CALL ($0)
8,73,0.0,10,0,10,1.0,-100.0,0.0,MARGIN CALL ($0)
8,74,0.0,10,0,10,1.0,-100.0,0.0,MARGIN CALL ($0)
8,75,0.0,10,0,10,1.0,-100.0,0.0,MARGIN CALL ($0)
8,76,0.0,10,0,10,1.0,-100.0,0.0,MARGIN CALL ($0)
8,77,0.0,10,0,10,1.0,-100.0,0.0,MARGIN CALL ($0)
8,78,0.0,10,0,10,1.0,-100.0,0.0,MARGIN CALL ($0)
8,79,0.0,10,0,10,1.0,-100.0,0.0,MARGIN CALL ($0)
8,80,0.0,10,0,10,1.0,-100.0,0.0,MARGIN CALL ($0)
8,81,0.0,10,0,10,1.0,-100.0,0.0,MARGIN CALL ($0)
8,82,0.0,10,0,10,1.0,-100.0,0.0,MARGIN CALL ($0)
8,83,0.0,10,0,10,1.0,-100.0,0.0,MARGIN CALL ($0)
8,84,0.0,10,0,10,1.0,-100.0,0.0,MARGIN CALL ($0)
8,85,0.0,10,0,10,1.0,-100.0,0.0,MARGIN CALL ($0)
8,86,0.0,10,0,10,1.0,-100.0,0.0,MARGIN CALL ($0)
8,87,0.0,10,0,10,1.0,-100.0,0.0,MARGIN CALL ($0)
8,88,0.0,10,0,10,1.0,-100.0,0.0,MARGIN CALL ($0)
8,89,0.0,10,0,10,1.0,-100.0,0.0,MARGIN CALL ($0)
8,90,0.0,10,0,10,1.0,-100.0,0.0,MARGIN CALL ($0)
8,91,0.0,10,0,10,1.0,-100.0,0.0,MARGIN CALL ($0)
8,92,0.0,10,0,10,1.0,-100.0,0.0,MARGIN CALL ($0)
8,93,0.0,10,0,10,1.0,-100.0,0.0,MARGIN CALL ($0)
8,94,0.0,10,0,10,1.0,-100.0,0.0,MARGIN CALL ($0)
8,95,0.0,9,0,9,1.0,-100.0,0.0,MARGIN CALL ($0)
8,96,0.0,7,0,7,1.0,-100.0,0.0,MARGIN CALL ($0)
8,97,0.0,7,0,7,1.0,-100.0,0.0,MARGIN CALL ($0)
8,98,0.0,7,0,7,1.0,-100.0,0.0,MARGIN CALL ($0)
8,99,0.0,8,0,8,1.0,-100.0,0.0,MARGIN CALL ($0)
8,100,0.0,4,0,4,1.0,-100.0,0.0,MARGIN CALL ($0)
9,1,0.0,66,13,53,1.0,-100.0,19.696969696969695,MARGIN CALL ($0)
9,2,0.0,57,7,50,1.0,-100.0,12.280701754385964,MARGIN CALL ($0)
9,3,0.0,57,7,50,1.0,-100.0,12.280701754385964,MARGIN CALL ($0)
9,4,0.0,49,5,44,1.0,-100.0,10.204081632653061,MARGIN CALL ($0)
9,5,0.0,37,3,34,1.0,-100.0,8.108108108108109,MARGIN CALL ($0)
9,6,0.0,39,4,35,1.0,-100.0,10.256410256410255,MARGIN CALL ($0)
9,7,0.0,39,4,35,1.0,-100.0,10.256410256410255,MARGIN CALL ($0)
9,8,0.0,15,0,15,1.0,-100.0,0.0,MARGIN CALL ($0)
9,9,0.0,16,1,15,1.0,-100.0,6.25,MARGIN CALL ($0)
9,10,0.0,15,1,14,1.0,-100.0,6.666666666666667,MARGIN CALL ($0)
9,11,0.0,15,1,14,1.0,-100.0,6.666666666666667,MARGIN CALL ($0)
9,12,0.0,13,0,13,1.0,-100.0,0.0,MARGIN CALL ($0)
9,13,0.0,13,0,13,1.0,-100.0,0.0,MARGIN CALL ($0)
9,14,0.0,13,0,13,1.0,-100.0,0.0,MARGIN CALL ($0)
9,15,0.0,12,0,12,1.0,-100.0,0.0,MARGIN CALL ($0)
9,16,0.0,17,1,16,1.0,-100.0,5.88235294117647,MARGIN CALL ($0)
9,17,0.0,17,1,16,1.0,-100.0,5.88235294117647,MARGIN CALL ($0)
9,18,0.0,17,1,16,1.0,-100.0,5.88235294117647,MARGIN CALL ($0)
9,19,0.0,18,1,17,1.0,-100.0,5.555555555555555,MARGIN CALL ($0)
9,20,0.0,18,1,17,1.0,-100.0,5.555555555555555,MARGIN CALL ($0)
9,21,0.0,14,0,14,1.0,-100.0,0.0,MARGIN CALL ($0)
9,22,0.0,14,0,14,1.0,-100.0,0.0,MARGIN CALL ($0)
9,23,0.0,14,0,14,1.0,-100.0,0.0,MARGIN CALL ($0)
9,24,0.0,12,0,12,1.0,-100.0,0.0,MARGIN CALL ($0)
9,25,0.0,13,0,13,1.0,-100.0,0.0,MARGIN CALL ($0)
9,26,0.0,14,0,14,1.0,-100.0,0.0,MARGIN CALL ($0)
9,27,0.0,14,0,14,1.0,-100.0,0.0,MARGIN CALL ($0)
9,28,0.0,13,0,13,1.0,-100.0,0.0,MARGIN CALL ($0)
9,29,0.0,13,0,13,1.0,-100.0,0.0,MARGIN CALL ($0)
9,30,0.0,13,0,13,1.0,-100.0,0.0,MARGIN CALL ($0)
9,31,0.0,31,3,28,1.0,-100.0,9.67741935483871,MARGIN CALL ($0)
9,32,0.0,31,3,28,1.0,-100.0,9.67741935483871,MARGIN CALL ($0)
9,33,0.0,32,3,29,1.0,-100.0,9.375,MARGIN CALL ($0)
9,34,0.0,11,0,11,1.0,-100.0,0.0,MARGIN CALL ($0)
9,35,0.0,11,0,11,1.0,-100.0,0.0,MARGIN CALL ($0)
9,36,0.0,9,0,9,1.0,-100.0,0.0,MARGIN CALL ($0)
9,37,0.0,9,0,9,1.0,-100.0,0.0,MARGIN CALL ($0)
9,38,0.0,9,0,9,1.0,-100.0,0.0,MARGIN CALL ($0)
9,39,0.0,9,0,9,1.0,-100.0,0.0,MARGIN CALL ($0)
9,40,0.0,9,0,9,1.0,-100.0,0.0,MARGIN CALL ($0)
9,41,0.0,9,0,9,1.0,-100.0,0.0,MARGIN CALL ($0)
9,42,0.0,9,0,9,1.0,-100.0,0.0,MARGIN CALL ($0)
9,43,0.0,9,0,9,1.0,-100.0,0.0,MARGIN CALL ($0)
9,44,0.0,9,0,9,1.0,-100.0,0.0,MARGIN CALL ($0)
9,45,0.0,9,0,9,1.0,-100.0,0.0,MARGIN CALL ($0)
9,46,0.0,9,0,9,1.0,-100.0,0.0,MARGIN CALL ($0)
9,47,0.0,9,0,9,1.0,-100.0,0.0,MARGIN CALL ($0)
9,48,0.0,7,0,7,1.0,-100.0,0.0,MARGIN CALL ($0)
9,49,0.0,7,0,7,1.0,-100.0,0.0,MARGIN CALL ($0)
9,50,0.0,7,0,7,1.0,-100.0,0.0,MARGIN CALL ($0)
9,51,0.0,6,0,6,1.0,-100.0,0.0,MARGIN CALL ($0)
9,52,0.0,7,0,7,1.0,-100.0,0.0,MARGIN CALL ($0)
9,53,0.0,7,0,7,1.0,-100.0,0.0,MARGIN CALL ($0)
9,54,0.0,7,0,7,1.0,-100.0,0.0,MARGIN CALL ($0)
9,55,0.0,7,0,7,1.0,-100.0,0.0,MARGIN CALL ($0)
9,56,0.0,7,0,7,1.0,-100.0,0.0,MARGIN CALL ($0)
9,57,0.0,7,0,7,1.0,-100.0,0.0,MARGIN CALL ($0)
9,58,0.0,7,0,7,1.0,-100.0,0.0,MARGIN CALL ($0)
9,59,0.0,6,0,6,1.0,-100.0,0.0,MARGIN CALL ($0)
9,60,0.0,6,0,6,1.0,-100.0,0.0,MARGIN CALL ($0)
9,61,0.0,6,0,6,1.0,-100.0,0.0,MARGIN CALL ($0)
9,62,0.0,6,0,6,1.0,-100.0,0.0,MARGIN CALL ($0)
9,63,0.0,6,0,6,1.0,-100.0,0.0,MARGIN CALL ($0)
9,64,0.0,6,0,6,1.0,-100.0,0.0,MARGIN CALL ($0)
9,65,0.0,7,0,7,1.0,-100.0,0.0,MARGIN CALL ($0)
9,66,0.0,7,0,7,1.0,-100.0,0.0,MARGIN CALL ($0)
9,67,0.0,7,0,7,1.0,-100.0,0.0,MARGIN CALL ($0)
9,68,0.0,7,0,7,1.0,-100.0,0.0,MARGIN CALL ($0)
9,69,0.0,7,0,7,1.0,-100.0,0.0,MARGIN CALL ($0)
9,70,0.0,7,0,7,1.0,-100.0,0.0,MARGIN CALL ($0)
9,71,0.0,6,0,6,1.0,-100.0,0.0,MARGIN CALL ($0)
9,72,0.0,6,0,6,1.0,-100.0,0.0,MARGIN CALL ($0)
9,73,0.0,6,0,6,1.0,-100.0,0.0,MARGIN CALL ($0)
9,74,0.0,6,0,6,1.0,-100.0,0.0,MARGIN CALL ($0)
9,75,0.0,6,0,6,1.0,-100.0,0.0,MARGIN CALL ($0)
9,76,0.0,6,0,6,1.0,-100.0,0.0,MARGIN CALL ($0)
9,77,0.0,6,0,6,1.0,-100.0,0.0,MARGIN CALL ($0)
9,78,0.0,6,0,6,1.0,-100.0,0.0,MARGIN CALL ($0)
9,79,0.0,6,0,6,1.0,-100.0,0.0,MARGIN CALL ($0)
9,80,0.0,6,0,6,1.0,-100.0,0.0,MARGIN CALL ($0)
9,81,0.0,6,0,6,1.0,-100.0,0.0,MARGIN CALL ($0)
9,82,0.0,6,0,6,1.0,-100.0,0.0,MARGIN CALL ($0)
9,83,0.0,6,0,6,1.0,-100.0,0.0,MARGIN CALL ($0)
9,84,0.0,6,0,6,1.0,-100.0,0.0,MARGIN CALL ($0)
9,85,0.0,6,0,6,1.0,-100.0,0.0,MARGIN CALL ($0)
9,86,0.0,6,0,6,1.0,-100.0,0.0,MARGIN CALL ($0)
9,87,0.0,6,0,6,1.0,-100.0,0.0,MARGIN CALL ($0)
9,88,0.0,6,0,6,1.0,-100.0,0.0,MARGIN CALL ($0)
9,89,0.0,6,0,6,1.0,-100.0,0.0,MARGIN CALL ($0)
9,90,0.0,6,0,6,1.0,-100.0,0.0,MARGIN CALL ($0)
9,91,0.0,6,0,6,1.0,-100.0,0.0,MARGIN CALL ($0)
9,92,0.0,6,0,6,1.0,-100.0,0.0,MARGIN CALL ($0)
9,93,0.0,6,0,6,1.0,-100.0,0.0,MARGIN CALL ($0)
9,94,0.0,6,0,6,1.0,-100.0,0.0,MARGIN CALL ($0)
9,95,0.0,6,0,6,1.0,-100.0,0.0,MARGIN CALL ($0)
9,96,0.0,4,0,4,1.0,-100.0,0.0,MARGIN CALL ($0)
9,97,0.0,4,0,4,1.0,-100.0,0.0,MARGIN CALL ($0)
9,98,0.0,4,0,4,1.0,-100.0,0.0,MARGIN CALL ($0)
9,99,0.0,4,0,4,1.0,-100.0,0.0,MARGIN CALL ($0)
9,100,0.0,3,0,3,1.0,-100.0,0.0,MARGIN CALL ($0)
10,1,0.0,61,10,51,1.0,-100.0,16.39344262295082,MARGIN CALL ($0)
10,2,0.0,57,7,50,1.0,-100.0,12.280701754385964,MARGIN CALL ($0)
10,3,0.0,57,7,50,1.0,-100.0,12.280701754385964,MARGIN CALL ($0)
10,4,0.0,48,5,43,1.0,-100.0,10.416666666666668,MARGIN CALL ($0)
10,5,0.0,38,3,35,1.0,-100.0,7.894736842105263,MARGIN CALL ($0)
10,6,0.0,39,4,35,1.0,-100.0,10.256410256410255,MARGIN CALL ($0)
10,7,0.0,40,4,36,1.0,-100.0,10.0,MARGIN CALL ($0)
10,8,0.0,15,0,15,1.0,-100.0,0.0,MARGIN CALL ($0)
10,9,0.0,16,1,15,1.0,-100.0,6.25,MARGIN CALL ($0)
10,10,0.0,15,1,14,1.0,-100.0,6.666666666666667,MARGIN CALL ($0)
10,11,0.0,15,1,14,1.0,-100.0,6.666666666666667,MARGIN CALL ($0)
10,12,0.0,24,3,21,1.0,-100.0,12.5,MARGIN CALL ($0)
10,13,0.0,13,0,13,1.0,-100.0,0.0,MARGIN CALL ($0)
10,14,0.0,13,0,13,1.0,-100.0,0.0,MARGIN CALL ($0)
10,15,0.0,13,0,13,1.0,-100.0,0.0,MARGIN CALL ($0)
10,16,0.0,17,1,16,1.0,-100.0,5.88235294117647,MARGIN CALL ($0)
10,17,0.0,18,1,17,1.0,-100.0,5.555555555555555,MARGIN CALL ($0)
10,18,0.0,18,1,17,1.0,-100.0,5.555555555555555,MARGIN CALL ($0)
10,19,0.0,18,1,17,1.0,-100.0,5.555555555555555,MARGIN CALL ($0)
10,20,0.0,17,1,16,1.0,-100.0,5.88235294117647,MARGIN CALL ($0)
10,21,0.0,14,0,14,1.0,-100.0,0.0,MARGIN CALL ($0)
10,22,0.0,14,0,14,1.0,-100.0,0.0,MARGIN CALL ($0)
10,23,0.0,13,0,13,1.0,-100.0,0.0,MARGIN CALL ($0)
10,24,0.0,13,0,13,1.0,-100.0,0.0,MARGIN CALL ($0)
10,25,0.0,14,0,14,1.0,-100.0,0.0,MARGIN CALL ($0)
10,26,0.0,14,0,14,1.0,-100.0,0.0,MARGIN CALL ($0)
10,27,0.0,14,0,14,1.0,-100.0,0.0,MARGIN CALL ($0)
10,28,0.0,13,0,13,1.0,-100.0,0.0,MARGIN CALL ($0)
10,29,0.0,13,0,13,1.0,-100.0,0.0,MARGIN CALL ($0)
10,30,0.0,13,0,13,1.0,-100.0,0.0,MARGIN CALL ($0)
10,31,0.0,32,3,29,1.0,-100.0,9.375,MARGIN CALL ($0)
10,32,0.0,30,3,27,1.0,-100.0,10.0,MARGIN CALL ($0)
10,33,0.0,33,3,30,1.0,-100.0,9.090909090909092,MARGIN CALL ($0)
10,34,0.0,11,0,11,1.0,-100.0,0.0,MARGIN CALL ($0)
10,35,0.0,11,0,11,1.0,-100.0,0.0,MARGIN CALL ($0)
10,36,0.0,9,0,9,1.0,-100.0,0.0,MARGIN CALL ($0)
10,37,0.0,9,0,9,1.0,-100.0,0.0,MARGIN CALL ($0)
10,38,0.0,9,0,9,1.0,-100.0,0.0,MARGIN CALL ($0)
10,39,0.0,9,0,9,1.0,-100.0,0.0,MARGIN CALL ($0)
10,40,0.0,9,0,9,1.0,-100.0,0.0,MARGIN CALL ($0)
10,41,0.0,9,0,9,1.0,-100.0,0.0,MARGIN CALL ($0)
10,42,0.0,9,0,9,1.0,-100.0,0.0,MARGIN CALL ($0)
10,43,0.0,9,0,9,1.0,-100.0,0.0,MARGIN CALL ($0)
10,44,0.0,9,0,9,1.0,-100.0,0.0,MARGIN CALL ($0)
10,45,0.0,9,0,9,1.0,-100.0,0.0,MARGIN CALL ($0)
10,46,0.0,9,0,9,1.0,-100.0,0.0,MARGIN CALL ($0)
10,47,0.0,9,0,9,1.0,-100.0,0.0,MARGIN CALL ($0)
10,48,0.0,7,0,7,1.0,-100.0,0.0,MARGIN CALL ($0)
10,49,0.0,7,0,7,1.0,-100.0,0.0,MARGIN CALL ($0)
10,50,0.0,7,0,7,1.0,-100.0,0.0,MARGIN CALL ($0)
10,51,0.0,6,0,6,1.0,-100.0,0.0,MARGIN CALL ($0)
10,52,0.0,7,0,7,1.0,-100.0,0.0,MARGIN CALL ($0)
10,53,0.0,7,0,7,1.0,-100.0,0.0,MARGIN CALL ($0)
10,54,0.0,7,0,7,1.0,-100.0,0.0,MARGIN CALL ($0)
10,55,0.0,7,0,7,1.0,-100.0,0.0,MARGIN CALL ($0)
10,56,0.0,7,0,7,1.0,-100.0,0.0,MARGIN CALL ($0)
10,57,0.0,7,0,7,1.0,-100.0,0.0,MARGIN CALL ($0)
10,58,0.0,7,0,7,1.0,-100.0,0.0,MARGIN CALL ($0)
10,59,0.0,6,0,6,1.0,-100.0,0.0,MARGIN CALL ($0)
10,60,0.0,6,0,6,1.0,-100.0,0.0,MARGIN CALL ($0)
10,61,0.0,6,0,6,1.0,-100.0,0.0,MARGIN CALL ($0)
10,62,0.0,6,0,6,1.0,-100.0,0.0,MARGIN CALL ($0)
10,63,0.0,6,0,6,1.0,-100.0,0.0,MARGIN CALL ($0)
10,64,0.0,6,0,6,1.0,-100.0,0.0,MARGIN CALL ($0)
10,65,0.0,7,0,7,1.0,-100.0,0.0,MARGIN CALL ($0)
10,66,0.0,7,0,7,1.0,-100.0,0.0,MARGIN CALL ($0)
10,67,0.0,7,0,7,1.0,-100.0,0.0,MARGIN CALL ($0)
10,68,0.0,7,0,7,1.0,-100.0,0.0,MARGIN CALL ($0)
10,69,0.0,7,0,7,1.0,-100.0,0.0,MARGIN CALL ($0)
10,70,0.0,7,0,7,1.0,-100.0,0.0,MARGIN CALL ($0)
10,71,0.0,6,0,6,1.0,-100.0,0.0,MARGIN CALL ($0)
10,72,0.0,6,0,6,1.0,-100.0,0.0,MARGIN CALL ($0)
10,73,0.0,6,0,6,1.0,-100.0,0.0,MARGIN CALL ($0)
10,74,0.0,6,0,6,1.0,-100.0,0.0,MARGIN CALL ($0)
10,75,0.0,6,0,6,1.0,-100.0,0.0,MARGIN CALL ($0)
10,76,0.0,6,0,6,1.0,-100.0,0.0,MARGIN CALL ($0)
10,77,0.0,6,0,6,1.0,-100.0,0.0,MARGIN CALL ($0)
10,78,0.0,6,0,6,1.0,-100.0,0.0,MARGIN CALL ($0)
10,79,0.0,6,0,6,1.0,-100.0,0.0,MARGIN CALL ($0)
10,80,0.0,6,0,6,1.0,-100.0,0.0,MARGIN CALL ($0)
10,81,0.0,6,0,6,1.0,-100.0,0.0,MARGIN CALL ($0)
10,82,0.0,6,0,6,1.0,-100.0,0.0,MARGIN CALL ($0)
10,83,0.0,6,0,6,1.0,-100.0,0.0,MARGIN CALL ($0)
10,84,0.0,6,0,6,1.0,-100.0,0.0,MARGIN CALL ($0)
10,85,0.0,6,0,6,1.0,-100.0,0.0,MARGIN CALL ($0)
10,86,0.0,6,0,6,1.0,-100.0,0.0,MARGIN CALL ($0)
10,87,0.0,6,0,6,1.0,-100.0,0.0,MARGIN CALL ($0)
10,88,0.0,6,0,6,1.0,-100.0,0.0,MARGIN CALL ($0)
10,89,0.0,6,0,6,1.0,-100.0,0.0,MARGIN CALL ($0)
10,90,0.0,6,0,6,1.0,-100.0,0.0,MARGIN CALL ($0)
10,91,0.0,6,0,6,1.0,-100.0,0.0,MARGIN CALL ($0)
10,92,0.0,6,0,6,1.0,-100.0,0.0,MARGIN CALL ($0)
10,93,0.0,6,0,6,1.0,-100.0,0.0,MARGIN CALL ($0)
10,94,0.0,6,0,6,1.0,-100.0,0.0,MARGIN CALL ($0)
10,95,0.0,6,0,6,1.0,-100.0,0.0,MARGIN CALL ($0)
10,96,0.0,4,0,4,1.0,-100.0,0.0,MARGIN CALL ($0)
10,97,0.0,4,0,4,1.0,-100.0,0.0,MARGIN CALL ($0)
10,98,0.0,4,0,4,1.0,-100.0,0.0,MARGIN CALL ($0)
10,99,0.0,4,0,4,1.0,-100.0,0.0,MARGIN CALL ($0)
10,100,0.0,3,0,3,1.0,-100.0,0.0,MARGIN CALL ($0)
11,1,0.0,61,10,51,1.0,-100.0,16.39344262295082,MARGIN CALL ($0)
11,2,0.0,57,7,50,1.0,-100.0,12.280701754385964,MARGIN CALL ($0)
11,3,0.0,57,7,50,1.0,-100.0,12.280701754385964,MARGIN CALL ($0)
11,4,0.0,48,5,43,1.0,-100.0,10.416666666666668,MARGIN CALL ($0)
11,5,0.0,38,3,35,1.0,-100.0,7.894736842105263,MARGIN CALL ($0)
11,6,0.0,203,44,159,1.0,-100.0,21.67487684729064,MARGIN CALL ($0)
11,7,0.0,105,17,88,1.0,-100.0,16.19047619047619,MARGIN CALL ($0)
11,8,0.0,15,0,15,1.0,-100.0,0.0,MARGIN CALL ($0)
11,9,0.0,16,1,15,1.0,-100.0,6.25,MARGIN CALL ($0)
11,10,0.0,15,1,14,1.0,-100.0,6.666666666666667,MARGIN CALL ($0)
11,11,0.0,15,1,14,1.0,-100.0,6.666666666666667,MARGIN CALL ($0)
11,12,0.0,24,3,21,1.0,-100.0,12.5,MARGIN CALL ($0)
11,13,0.0,29,5,24,1.0,-100.0,17.24137931034483,MARGIN CALL ($0)
11,14,0.0,13,0,13,1.0,-100.0,0.0,MARGIN CALL ($0)
11,15,0.0,13,0,13,1.0,-100.0,0.0,MARGIN CALL ($0)
11,16,0.0,25,4,21,1.0,-100.0,16.0,MARGIN CALL ($0)
11,17,0.0,27,4,23,1.0,-100.0,14.814814814814813,MARGIN CALL ($0)
11,18,0.0,27,4,23,1.0,-100.0,14.814814814814813,MARGIN CALL ($0)
11,19,0.0,17,1,16,1.0,-100.0,5.88235294117647,MARGIN CALL ($0)
11,20,0.0,17,1,16,1.0,-100.0,5.88235294117647,MARGIN CALL ($0)
11,21,0.0,14,0,14,1.0,-100.0,0.0,MARGIN CALL ($0)
11,22,0.0,14,0,14,1.0,-100.0,0.0,MARGIN CALL ($0)
11,23,0.0,13,0,13,1.0,-100.0,0.0,MARGIN CALL ($0)
11,24,0.0,13,0,13,1.0,-100.0,0.0,MARGIN CALL ($0)
11,25,0.0,14,0,14,1.0,-100.0,0.0,MARGIN CALL ($0)
11,26,0.0,14,0,14,1.0,-100.0,0.0,MARGIN CALL ($0)
11,27,0.0,14,0,14,1.0,-100.0,0.0,MARGIN CALL ($0)
11,28,0.0,13,0,13,1.0,-100.0,0.0,MARGIN CALL ($0)
11,29,0.0,13,0,13,1.0,-100.0,0.0,MARGIN CALL ($0)
11,30,0.0,13,0,13,1.0,-100.0,0.0,MARGIN CALL ($0)
11,31,0.0,32,3,29,1.0,-100.0,9.375,MARGIN CALL ($0)
11,32,0.0,31,3,28,1.0,-100.0,9.67741935483871,MARGIN CALL ($0)
11,33,0.0,34,3,31,1.0,-100.0,8.823529411764707,MARGIN CALL ($0)
11,34,0.0,11,0,11,1.0,-100.0,0.0,MARGIN CALL ($0)
11,35,0.0,11,0,11,1.0,-100.0,0.0,MARGIN CALL ($0)
11,36,0.0,9,0,9,1.0,-100.0,0.0,MARGIN CALL ($0)
11,37,0.0,9,0,9,1.0,-100.0,0.0,MARGIN CALL ($0)
11,38,0.0,9,0,9,1.0,-100.0,0.0,MARGIN CALL ($0)
11,39,0.0,9,0,9,1.0,-100.0,0.0,MARGIN CALL ($0)
11,40,0.0,9,0,9,1.0,-100.0,0.0,MARGIN CALL ($0)
11,41,0.0,9,0,9,1.0,-100.0,0.0,MARGIN CALL ($0)
11,42,0.0,9,0,9,1.0,-100.0,0.0,MARGIN CALL ($0)
11,43,0.0,9,0,9,1.0,-100.0,0.0,MARGIN CALL ($0)
11,44,0.0,9,0,9,1.0,-100.0,0.0,MARGIN CALL ($0)
11,45,0.0,9,0,9,1.0,-100.0,0.0,MARGIN CALL ($0)
11,46,0.0,9,0,9,1.0,-100.0,0.0,MARGIN CALL ($0)
11,47,0.0,9,0,9,1.0,-100.0,0.0,MARGIN CALL ($0)
11,48,0.0,7,0,7,1.0,-100.0,0.0,MARGIN CALL ($0)
11,49,0.0,7,0,7,1.0,-100.0,0.0,MARGIN CALL ($0)
11,50,0.0,7,0,7,1.0,-100.0,0.0,MARGIN CALL ($0)
11,51,0.0,6,0,6,1.0,-100.0,0.0,MARGIN CALL ($0)
11,52,0.0,7,0,7,1.0,-100.0,0.0,MARGIN CALL ($0)
11,53,0.0,7,0,7,1.0,-100.0,0.0,MARGIN CALL ($0)
11,54,0.0,7,0,7,1.0,-100.0,0.0,MARGIN CALL ($0)
11,55,0.0,7,0,7,1.0,-100.0,0.0,MARGIN CALL ($0)
11,56,0.0,7,0,7,1.0,-100.0,0.0,MARGIN CALL ($0)
11,57,0.0,7,0,7,1.0,-100.0,0.0,MARGIN CALL ($0)
11,58,0.0,7,0,7,1.0,-100.0,0.0,MARGIN CALL ($0)
11,59,0.0,6,0,6,1.0,-100.0,0.0,MARGIN CALL ($0)
11,60,0.0,6,0,6,1.0,-100.0,0.0,MARGIN CALL ($0)
11,61,0.0,6,0,6,1.0,-100.0,0.0,MARGIN CALL ($0)
11,62,0.0,6,0,6,1.0,-100.0,0.0,MARGIN CALL ($0)
11,63,0.0,6,0,6,1.0,-100.0,0.0,MARGIN CALL ($0)
11,64,0.0,6,0,6,1.0,-100.0,0.0,MARGIN CALL ($0)
11,65,0.0,7,0,7,1.0,-100.0,0.0,MARGIN CALL ($0)
11,66,0.0,7,0,7,1.0,-100.0,0.0,MARGIN CALL ($0)
11,67,0.0,7,0,7,1.0,-100.0,0.0,MARGIN CALL ($0)
11,68,0.0,7,0,7,1.0,-100.0,0.0,MARGIN CALL ($0)
11,69,0.0,7,0,7,1.0,-100.0,0.0,MARGIN CALL ($0)
11,70,0.0,7,0,7,1.0,-100.0,0.0,MARGIN CALL ($0)
11,71,0.0,6,0,6,1.0,-100.0,0.0,MARGIN CALL ($0)
11,72,0.0,6,0,6,1.0,-100.0,0.0,MARGIN CALL ($0)
11,73,0.0,6,0,6,1.0,-100.0,0.0,MARGIN CALL ($0)
11,74,0.0,6,0,6,1.0,-100.0,0.0,MARGIN CALL ($0)
11,75,0.0,6,0,6,1.0,-100.0,0.0,MARGIN CALL ($0)
11,76,0.0,6,0,6,1.0,-100.0,0.0,MARGIN CALL ($0)
11,77,0.0,6,0,6,1.0,-100.0,0.0,MARGIN CALL ($0)
11,78,0.0,6,0,6,1.0,-100.0,0.0,MARGIN CALL ($0)
11,79,0.0,6,0,6,1.0,-100.0,0.0,MARGIN CALL ($0)
11,80,0.0,6,0,6,1.0,-100.0,0.0,MARGIN CALL ($0)
11,81,0.0,6,0,6,1.0,-100.0,0.0,MARGIN CALL ($0)
11,82,0.0,6,0,6,1.0,-100.0,0.0,MARGIN CALL ($0)
11,83,0.0,6,0,6,1.0,-100.0,0.0,MARGIN CALL ($0)
11,84,0.0,6,0,6,1.0,-100.0,0.0,MARGIN CALL ($0)
11,85,0.0,6,0,6,1.0,-100.0,0.0,MARGIN CALL ($0)
11,86,0.0,6,0,6,1.0,-100.0,0.0,MARGIN CALL ($0)
11,87,0.0,6,0,6,1.0,-100.0,0.0,MARGIN CALL ($0)
11,88,0.0,6,0,6,1.0,-100.0,0.0,MARGIN CALL ($0)
11,89,0.0,6,0,6,1.0,-100.0,0.0,MARGIN CALL ($0)
11,90,0.0,6,0,6,1.0,-100.0,0.0,MARGIN CALL ($0)
11,91,0.0,6,0,6,1.0,-100.0,0.0,MARGIN CALL ($0)
11,92,0.0,6,0,6,1.0,-100.0,0.0,MARGIN CALL ($0)
11,93,0.0,6,0,6,1.0,-100.0,0.0,MARGIN CALL ($0)
11,94,0.0,6,0,6,1.0,-100.0,0.0,MARGIN CALL ($0)
11,95,0.0,6,0,6,1.0,-100.0,0.0,MARGIN CALL ($0)
11,96,0.0,4,0,4,1.0,-100.0,0.0,MARGIN CALL ($0)
11,97,0.0,4,0,4,1.0,-100.0,0.0,MARGIN CALL ($0)
11,98,0.0,4,0,4,1.0,-100.0,0.0,MARGIN CALL ($0)
11,99,0.0,4,0,4,1.0,-100.0,0.0,MARGIN CALL ($0)
11,100,0.0,3,0,3,1.0,-100.0,0.0,MARGIN CALL ($0)
12,1,0.0,61,10,51,1.0,-100.0,16.39344262295082,MARGIN CALL ($0)
12,2,0.0,57,7,50,1.0,-100.0,12.280701754385964,MARGIN CALL ($0)
12,3,0.0,57,7,50,1.0,-100.0,12.280701754385964,MARGIN CALL ($0)
12,4,0.0,48,5,43,1.0,-100.0,10.416666666666668,MARGIN CALL ($0)
12,5,0.0,38,3,35,1.0,-100.0,7.894736842105263,MARGIN CALL ($0)
12,6,0.0,203,44,159,1.0,-100.0,21.67487684729064,MARGIN CALL ($0)
12,7,0.0,103,17,86,1.0,-100.0,16.50485436893204,MARGIN CALL ($0)
12,8,0.0,15,0,15,1.0,-100.0,0.0,MARGIN CALL ($0)
12,9,0.0,16,1,15,1.0,-100.0,6.25,MARGIN CALL ($0)
12,10,0.0,15,1,14,1.0,-100.0,6.666666666666667,MARGIN CALL ($0)
12,11,0.0,15,1,14,1.0,-100.0,6.666666666666667,MARGIN CALL ($0)
12,12,0.0,39,5,34,1.0,-100.0,12.82051282051282,MARGIN CALL ($0)
12,14,0.0,29,5,24,1.0,-100.0,17.24137931034483,MARGIN CALL ($0)
12,15,0.0,29,5,24,1.0,-100.0,17.24137931034483,MARGIN CALL ($0)
12,16,0.0,76,16,60,1.0,-100.0,21.052631578947366,MARGIN CALL ($0)
12,17,0.0,29,4,25,1.0,-100.0,13.793103448275861,MARGIN CALL ($0)
12,18,0.0,29,4,25,1.0,-100.0,13.793103448275861,MARGIN CALL ($0)
12,19,0.0,29,4,25,1.0,-100.0,13.793103448275861,MARGIN CALL ($0)
12,20,0.0,29,4,25,1.0,-100.0,13.793103448275861,MARGIN CALL ($0)
12,21,0.0,24,3,21,1.0,-100.0,12.5,MARGIN CALL ($0)
12,22,0.0,25,3,22,1.0,-100.0,12.0,MARGIN CALL ($0)
12,23,0.0,25,3,22,1.0,-100.0,12.0,MARGIN CALL ($0)
12,24,0.0,24,3,21,1.0,-100.0,12.5,MARGIN CALL ($0)
12,25,0.0,15,0,15,1.0,-100.0,0.0,MARGIN CALL ($0)
12,26,0.0,23,3,20,1.0,-100.0,13.043478260869565,MARGIN CALL ($0)
12,27,0.0,14,0,14,1.0,-100.0,0.0,MARGIN CALL ($0)
12,28,0.0,14,0,14,1.0,-100.0,0.0,MARGIN CALL ($0)
12,29,0.0,13,0,13,1.0,-100.0,0.0,MARGIN CALL ($0)
12,30,0.0,13,0,13,1.0,-100.0,0.0,MARGIN CALL ($0)
12,34,0.0,11,0,11,1.0,-100.0,0.0,MARGIN CALL ($0)
12,35,0.0,11,0,11,1.0,-100.0,0.0,MARGIN CALL ($0)
12,36,0.0,11,0,11,1.0,-100.0,0.0,MARGIN CALL ($0)
12,37,0.0,11,0,11,1.0,-100.0,0.0,MARGIN CALL ($0)
12,38,0.0,11,0,11,1.0,-100.0,0.0,MARGIN CALL ($0)
12,39,0.0,11,0,11,1.0,-100.0,0.0,MARGIN CALL ($0)
12,40,0.0,11,0,11,1.0,-100.0,0.0,MARGIN CALL ($0)
12,41,0.0,8,0,8,1.0,-100.0,0.0,MARGIN CALL ($0)
12,42,0.0,8,0,8,1.0,-100.0,0.0,MARGIN CALL ($0)
12,43,0.0,8,0,8,1.0,-100.0,0.0,MARGIN CALL ($0)
12,44,0.0,8,0,8,1.0,-100.0,0.0,MARGIN CALL ($0)
12,45,0.0,8,0,8,1.0,-100.0,0.0,MARGIN CALL ($0)
12,46,0.0,7,0,7,1.0,-100.0,0.0,MARGIN CALL ($0)
12,47,0.0,7,0,7,1.0,-100.0,0.0,MARGIN CALL ($0)
12,48,0.0,7,0,7,1.0,-100.0,0.0,MARGIN CALL ($0)
12,49,0.0,7,0,7,1.0,-100.0,0.0,MARGIN CALL ($0)
12,50,0.0,7,0,7,1.0,-100.0,0.0,MARGIN CALL ($0)
12,51,0.0,6,0,6,1.0,-100.0,0.0,MARGIN CALL ($0)
12,52,0.0,7,0,7,1.0,-100.0,0.0,MARGIN CALL ($0)
12,53,0.0,7,0,7,1.0,-100.0,0.0,MARGIN CALL ($0)
12,54,0.0,7,0,7,1.0,-100.0,0.0,MARGIN CALL ($0)
12,55,0.0,7,0,7,1.0,-100.0,0.0,MARGIN CALL ($0)
12,56,0.0,7,0,7,1.0,-100.0,0.0,MARGIN CALL ($0)
12,57,0.0,7,0,7,1.0,-100.0,0.0,MARGIN CALL ($0)
12,58,0.0,7,0,7,1.0,-100.0,0.0,MARGIN CALL ($0)
12,59,0.0,6,0,6,1.0,-100.0,0.0,MARGIN CALL ($0)
12,60,0.0,6,0,6,1.0,-100.0,0.0,MARGIN CALL ($0)
12,61,0.0,6,0,6,1.0,-100.0,0.0,MARGIN CALL ($0)
12,62,0.0,6,0,6,1.0,-100.0,0.0,MARGIN CALL ($0)
12,63,0.0,6,0,6,1.0,-100.0,0.0,MARGIN CALL ($0)
12,64,0.0,6,0,6,1.0,-100.0,0.0,MARGIN CALL ($0)
12,65,0.0,7,0,7,1.0,-100.0,0.0,MARGIN CALL ($0)
12,66,0.0,7,0,7,1.0,-100.0,0.0,MARGIN CALL ($0)
12,67,0.0,7,0,7,1.0,-100.0,0.0,MARGIN CALL ($0)
12,68,0.0,7,0,7,1.0,-100.0,0.0,MARGIN CALL ($0)
12,69,0.0,7,0,7,1.0,-100.0,0.0,MARGIN CALL ($0)
12,70,0.0,7,0,7,1.0,-100.0,0.0,MARGIN CALL ($0)
12,71,0.0,6,0,6,1.0,-100.0,0.0,MARGIN CALL ($0)
12,72,0.0,6,0,6,1.0,-100.0,0.0,MARGIN CALL ($0)
12,73,0.0,6,0,6,1.0,-100.0,0.0,MARGIN CALL ($0)
12,74,0.0,6,0,6,1.0,-100.0,0.0,MARGIN CALL ($0)
12,75,0.0,6,0,6,1.0,-100.0,0.0,MARGIN CALL ($0)
12,76,0.0,6,0,6,1.0,-100.0,0.0,MARGIN CALL ($0)
12,77,0.0,6,0,6,1.0,-100.0,0.0,MARGIN CALL ($0)
12,78,0.0,6,0,6,1.0,-100.0,0.0,MARGIN CALL ($0)
12,79,0.0,6,0,6,1.0,-100.0,0.0,MARGIN CALL ($0)
12,80,0.0,6,0,6,1.0,-100.0,0.0,MARGIN CALL ($0)
12,81,0.0,6,0,6,1.0,-100.0,0.0,MARGIN CALL ($0)
12,82,0.0,6,0,6,1.0,-100.0,0.0,MARGIN CALL ($0)
12,83,0.0,6,0,6,1.0,-100.0,0.0,MARGIN CALL ($0)
12,84,0.0,6,0,6,1.0,-100.0,0.0,MARGIN CALL ($0)
12,85,0.0,6,0,6,1.0,-100.0,0.0,MARGIN CALL ($0)
12,86,0.0,6,0,6,1.0,-100.0,0.0,MARGIN CALL ($0)
12,87,0.0,6,0,6,1.0,-100.0,0.0,MARGIN CALL ($0)
12,88,0.0,6,0,6,1.0,-100.0,0.0,MARGIN CALL ($0)
12,89,0.0,6,0,6,1.0,-100.0,0.0,MARGIN CALL ($0)
12,90,0.0,6,0,6,1.0,-100.0,0.0,MARGIN CALL ($0)
12,91,0.0,6,0,6,1.0,-100.0,0.0,MARGIN CALL ($0)
12,92,0.0,6,0,6,1.0,-100.0,0.0,MARGIN CALL ($0)
12,93,0.0,6,0,6,1.0,-100.0,0.0,MARGIN CALL ($0)
12,94,0.0,6,0,6,1.0,-100.0,0.0,MARGIN CALL ($0)
12,95,0.0,6,0,6,1.0,-100.0,0.0,MARGIN CALL ($0)
12,96,0.0,4,0,4,1.0,-100.0,0.0,MARGIN CALL ($0)
12,97,0.0,4,0,4,1.0,-100.0,0.0,MARGIN CALL ($0)
12,98,0.0,4,0,4,1.0,-100.0,0.0,MARGIN CALL ($0)
12,99,0.0,4,0,4,1.0,-100.0,0.0,MARGIN CALL ($0)
12,100,0.0,3,0,3,1.0,-100.0,0.0,MARGIN CALL ($0)
13,1,0.0,62,10,52,1.0,-100.0,16.129032258064516,MARGIN CALL ($0)
13,2,0.0,57,7,50,1.0,-100.0,12.280701754385964,MARGIN CALL ($0)
13,3,0.0,57,7,50,1.0,-100.0,12.280701754385964,MARGIN CALL ($0)
13,4,0.0,48,5,43,1.0,-100.0,10.416666666666668,MARGIN CALL ($0)
13,5,0.0,39,3,36,1.0,-100.0,7.6923076923076925,MARGIN CALL ($0)
13,6,0.0,204,43,161,1.0,-100.0,21.07843137254902,MARGIN CALL ($0)
13,7,0.0,62,9,53,1.0,-100.0,14.516129032258066,MARGIN CALL ($0)
13,8,0.0,15,0,15,1.0,-100.0,0.0,MARGIN CALL ($0)
13,9,0.0,17,1,16,1.0,-100.0,5.88235294117647,MARGIN CALL ($0)
13,10,0.0,16,1,15,1.0,-100.0,6.25,MARGIN CALL ($0)
13,11,0.0,15,1,14,1.0,-100.0,6.666666666666667,MARGIN CALL ($0)
13,12,0.0,65,12,53,1.0,-100.0,18.461538461538463,MARGIN CALL ($0)
13,13,0.0,19,2,17,1.0,-100.0,10.526315789473683,MARGIN CALL ($0)
13,14,0.0,22,2,20,1.0,-100.0,9.090909090909092,MARGIN CALL ($0)
13,15,0.0,23,2,21,1.0,-100.0,8.695652173913043,MARGIN CALL ($0)
13,16,0.0,27,3,24,1.0,-100.0,11.11111111111111,MARGIN CALL ($0)
13,17,0.0,30,3,27,1.0,-100.0,10.0,MARGIN CALL ($0)
13,18,0.0,20,1,19,1.0,-100.0,5.0,MARGIN CALL ($0)
13,19,0.0,20,1,19,1.0,-100.0,5.0,MARGIN CALL ($0)
13,20,0.0,20,1,19,1.0,-100.0,5.0,MARGIN CALL ($0)
13,21,0.0,17,0,17,1.0,-100.0,0.0,MARGIN CALL ($0)
13,22,0.0,16,0,16,1.0,-100.0,0.0,MARGIN CALL ($0)
13,23,0.0,16,0,16,1.0,-100.0,0.0,MARGIN CALL ($0)
13,24,0.0,16,0,16,1.0,-100.0,0.0,MARGIN CALL ($0)
13,25,0.0,16,0,16,1.0,-100.0,0.0,MARGIN CALL ($0)
13,26,0.0,16,0,16,1.0,-100.0,0.0,MARGIN CALL ($0)
13,27,0.0,15,0,15,1.0,-100.0,0.0,MARGIN CALL ($0)
13,28,0.0,14,0,14,1.0,-100.0,0.0,MARGIN CALL ($0)
13,29,0.0,13,0,13,1.0,-100.0,0.0,MARGIN CALL ($0)
13,30,0.0,11,0,11,1.0,-100.0,0.0,MARGIN CALL ($0)
13,31,0.0,121,27,94,1.0,-100.0,22.31404958677686,MARGIN CALL ($0)
13,32,0.0,207,41,166,1.0,-100.0,19.806763285024154,MARGIN CALL ($0)
13,33,0.0,120,27,93,1.0,-100.0,22.5,MARGIN CALL ($0)
13,34,0.0,10,0,10,1.0,-100.0,0.0,MARGIN CALL ($0)
13,35,0.0,10,0,10,1.0,-100.0,0.0,MARGIN CALL ($0)
13,36,0.0,9,0,9,1.0,-100.0,0.0,MARGIN CALL ($0)
13,37,0.0,9,0,9,1.0,-100.0,0.0,MARGIN CALL ($0)
13,38,0.0,9,0,9,1.0,-100.0,0.0,MARGIN CALL ($0)
13,39,0.0,9,0,9,1.0,-100.0,0.0,MARGIN CALL ($0)
13,40,0.0,8,0,8,1.0,-100.0,0.0,MARGIN CALL ($0)
13,41,0.0,8,0,8,1.0,-100.0,0.0,MARGIN CALL ($0)
13,42,0.0,8,0,8,1.0,-100.0,0.0,MARGIN CALL ($0)
13,43,0.0,8,0,8,1.0,-100.0,0.0,MARGIN CALL ($0)
13,44,0.0,7,0,7,1.0,-100.0,0.0,MARGIN CALL ($0)
13,45,0.0,7,0,7,1.0,-100.0,0.0,MARGIN CALL ($0)
13,46,0.0,9,0,9,1.0,-100.0,0.0,MARGIN CALL ($0)
13,47,0.0,7,0,7,1.0,-100.0,0.0,MARGIN CALL ($0)
13,48,0.0,7,0,7,1.0,-100.0,0.0,MARGIN CALL ($0)
13,49,0.0,6,0,6,1.0,-100.0,0.0,MARGIN CALL ($0)
13,50,0.0,6,0,6,1.0,-100.0,0.0,MARGIN CALL ($0)
13,51,0.0,6,0,6,1.0,-100.0,0.0,MARGIN CALL ($0)
13,52,0.0,5,0,5,1.0,-100.0,0.0,MARGIN CALL ($0)
13,53,0.0,5,0,5,1.0,-100.0,0.0,MARGIN CALL ($0)
13,54,0.0,5,0,5,1.0,-100.0,0.0,MARGIN CALL ($0)
13,55,0.0,5,0,5,1.0,-100.0,0.0,MARGIN CALL ($0)
13,56,0.0,5,0,5,1.0,-100.0,0.0,MARGIN CALL ($0)
13,57,0.0,5,0,5,1.0,-100.0,0.0,MARGIN CALL ($0)
13,58,0.0,5,0,5,1.0,-100.0,0.0,MARGIN CALL ($0)
13,59,0.0,5,0,5,1.0,-100.0,0.0,MARGIN CALL ($0)
13,60,0.0,5,0,5,1.0,-100.0,0.0,MARGIN CALL ($0)
13,61,0.0,5,0,5,1.0,-100.0,0.0,MARGIN CALL ($0)
13,62,0.0,5,0,5,1.0,-100.0,0.0,MARGIN CALL ($0)
13,63,0.0,5,0,5,1.0,-100.0,0.0,MARGIN CALL ($0)
13,64,0.0,4,0,4,1.0,-100.0,0.0,MARGIN CALL ($0)
13,65,0.0,5,0,5,1.0,-100.0,0.0,MARGIN CALL ($0)
13,66,0.0,5,0,5,1.0,-100.0,0.0,MARGIN CALL ($0)
13,67,0.0,5,0,5,1.0,-100.0,0.0,MARGIN CALL ($0)
13,68,0.0,5,0,5,1.0,-100.0,0.0,MARGIN CALL ($0)
13,69,0.0,5,0,5,1.0,-100.0,0.0,MARGIN CALL ($0)
13,70,0.0,5,0,5,1.0,-100.0,0.0,MARGIN CALL ($0)
13,71,0.0,4,0,4,1.0,-100.0,0.0,MARGIN CALL ($0)
13,72,0.0,4,0,4,1.0,-100.0,0.0,MARGIN CALL ($0)
13,73,0.0,4,0,4,1.0,-100.0,0.0,MARGIN CALL ($0)
13,74,0.0,4,0,4,1.0,-100.0,0.0,MARGIN CALL ($0)
13,75,0.0,4,0,4,1.0,-100.0,0.0,MARGIN CALL ($0)
13,76,0.0,4,0,4,1.0,-100.0,0.0,MARGIN CALL ($0)
13,77,0.0,4,0,4,1.0,-100.0,0.0,MARGIN CALL ($0)
13,78,0.0,4,0,4,1.0,-100.0,0.0,MARGIN CALL ($0)
13,79,0.0,4,0,4,1.0,-100.0,0.0,MARGIN CALL ($0)
13,80,0.0,4,0,4,1.0,-100.0,0.0,MARGIN CALL ($0)
13,81,0.0,4,0,4,1.0,-100.0,0.0,MARGIN CALL ($0)
13,82,0.0,4,0,4,1.0,-100.0,0.0,MARGIN CALL ($0)
13,83,0.0,4,0,4,1.0,-100.0,0.0,MARGIN CALL ($0)
13,84,0.0,4,0,4,1.0,-100.0,0.0,MARGIN CALL ($0)
13,85,0.0,4,0,4,1.0,-100.0,0.0,MARGIN CALL ($0)
13,86,0.0,4,0,4,1.0,-100.0,0.0,MARGIN CALL ($0)
13,87,0.0,4,0,4,1.0,-100.0,0.0,MARGIN CALL ($0)
13,88,0.0,4,0,4,1.0,-100.0,0.0,MARGIN CALL ($0)
13,89,0.0,4,0,4,1.0,-100.0,0.0,MARGIN CALL ($0)
13,90,0.0,4,0,4,1.0,-100.0,0.0,MARGIN CALL ($0)
13,91,0.0,4,0,4,1.0,-100.0,0.0,MARGIN CALL ($0)
13,92,0.0,4,0,4,1.0,-100.0,0.0,MARGIN CALL ($0)
13,93,0.0,4,0,4,1.0,-100.0,0.0,MARGIN CALL ($0)
13,94,0.0,4,0,4,1.0,-100.0,0.0,MARGIN CALL ($0)
13,95,0.0,4,0,4,1.0,-100.0,0.0,MARGIN CALL ($0)
13,96,0.0,4,0,4,1.0,-100.0,0.0,MARGIN CALL ($0)
13,97,0.0,4,0,4,1.0,-100.0,0.0,MARGIN CALL ($0)
13,98,0.0,4,0,4,1.0,-100.0,0.0,MARGIN CALL ($0)
13,99,0.0,4,0,4,1.0,-100.0,0.0,MARGIN CALL ($0)
13,100,0.0,3,0,3,1.0,-100.0,0.0,MARGIN CALL ($0)
14,1,0.0,62,10,52,1.0,-100.0,16.129032258064516,MARGIN CALL ($0)
14,2,0.0,57,7,50,1.0,-100.0,12.280701754385964,MARGIN CALL ($0)
14,3,0.0,57,7,50,1.0,-100.0,12.280701754385964,MARGIN CALL ($0)
14,4,0.0,48,5,43,1.0,-100.0,10.416666666666668,MARGIN CALL ($0)
14,5,0.0,38,3,35,1.0,-100.0,7.894736842105263,MARGIN CALL ($0)
14,6,0.0,47,7,40,1.0,-100.0,14.893617021276595,MARGIN CALL ($0)
14,7,0.0,39,4,35,1.0,-100.0,10.256410256410255,MARGIN CALL ($0)
14,8,0.0,15,0,15,1.0,-100.0,0.0,MARGIN CALL ($0)
14,9,0.0,17,1,16,1.0,-100.0,5.88235294117647,MARGIN CALL ($0)
14,10,0.0,16,1,15,1.0,-100.0,6.25,MARGIN CALL ($0)
14,11,0.0,15,1,14,1.0,-100.0,6.666666666666667,MARGIN CALL ($0)
14,12,0.0,65,12,53,1.0,-100.0,18.461538461538463,MARGIN CALL ($0)
14,13,0.0,18,2,16,1.0,-100.0,11.11111111111111,MARGIN CALL ($0)
14,14,0.0,22,2,20,1.0,-100.0,9.090909090909092,MARGIN CALL ($0)
14,15,0.0,23,2,21,1.0,-100.0,8.695652173913043,MARGIN CALL ($0)
14,16,0.0,27,3,24,1.0,-100.0,11.11111111111111,MARGIN CALL ($0)
14,17,0.0,29,3,26,1.0,-100.0,10.344827586206897,MARGIN CALL ($0)
14,18,0.0,21,1,20,1.0,-100.0,4.761904761904762,MARGIN CALL ($0)
14,19,0.0,20,1,19,1.0,-100.0,5.0,MARGIN CALL ($0)
14,20,0.0,20,1,19,1.0,-100.0,5.0,MARGIN CALL ($0)
14,21,0.0,16,0,16,1.0,-100.0,0.0,MARGIN CALL ($0)
14,22,0.0,15,0,15,1.0,-100.0,0.0,MARGIN CALL ($0)
14,23,0.0,15,0,15,1.0,-100.0,0.0,MARGIN CALL ($0)
14,24,0.0,15,0,15,1.0,-100.0,0.0,MARGIN CALL ($0)
14,25,0.0,15,0,15,1.0,-100.0,0.0,MARGIN CALL ($0)
14,26,0.0,15,0,15,1.0,-100.0,0.0,MARGIN CALL ($0)
14,27,0.0,14,0,14,1.0,-100.0,0.0,MARGIN CALL ($0)
14,28,0.0,14,0,14,1.0,-100.0,0.0,MARGIN CALL ($0)
14,29,0.0,13,0,13,1.0,-100.0,0.0,MARGIN CALL ($0)
14,30,0.0,11,0,11,1.0,-100.0,0.0,MARGIN CALL ($0)
14,34,0.0,10,0,10,1.0,-100.0,0.0,MARGIN CALL ($0)
14,35,0.0,10,0,10,1.0,-100.0,0.0,MARGIN CALL ($0)
14,36,0.0,9,0,9,1.0,-100.0,0.0,MARGIN CALL ($0)
14,37,0.0,9,0,9,1.0,-100.0,0.0,MARGIN CALL ($0)
14,38,0.0,9,0,9,1.0,-100.0,0.0,MARGIN CALL ($0)
14,39,0.0,9,0,9,1.0,-100.0,0.0,MARGIN CALL ($0)
14,40,0.0,8,0,8,1.0,-100.0,0.0,MARGIN CALL ($0)
14,41,0.0,8,0,8,1.0,-100.0,0.0,MARGIN CALL ($0)
14,42,0.0,8,0,8,1.0,-100.0,0.0,MARGIN CALL ($0)
14,43,0.0,8,0,8,1.0,-100.0,0.0,MARGIN CALL ($0)
14,44,0.0,7,0,7,1.0,-100.0,0.0,MARGIN CALL ($0)
14,45,0.0,7,0,7,1.0,-100.0,0.0,MARGIN CALL ($0)
14,46,0.0,9,0,9,1.0,-100.0,0.0,MARGIN CALL ($0)
14,47,0.0,7,0,7,1.0,-100.0,0.0,MARGIN CALL ($0)
14,48,0.0,7,0,7,1.0,-100.0,0.0,MARGIN CALL ($0)
14,49,0.0,6,0,6,1.0,-100.0,0.0,MARGIN CALL ($0)
14,50,0.0,6,0,6,1.0,-100.0,0.0,MARGIN CALL ($0)
14,51,0.0,6,0,6,1.0,-100.0,0.0,MARGIN CALL ($0)
14,52,0.0,5,0,5,1.0,-100.0,0.0,MARGIN CALL ($0)
14,53,0.0,5,0,5,1.0,-100.0,0.0,MARGIN CALL ($0)
14,54,0.0,5,0,5,1.0,-100.0,0.0,MARGIN CALL ($0)
14,55,0.0,5,0,5,1.0,-100.0,0.0,MARGIN CALL ($0)
14,56,0.0,5,0,5,1.0,-100.0,0.0,MARGIN CALL ($0)
14,57,0.0,5,0,5,1.0,-100.0,0.0,MARGIN CALL ($0)
14,58,0.0,5,0,5,1.0,-100.0,0.0,MARGIN CALL ($0)
14,59,0.0,5,0,5,1.0,-100.0,0.0,MARGIN CALL ($0)
14,60,0.0,5,0,5,1.0,-100.0,0.0,MARGIN CALL ($0)
14,61,0.0,5,0,5,1.0,-100.0,0.0,MARGIN CALL ($0)
14,62,0.0,5,0,5,1.0,-100.0,0.0,MARGIN CALL ($0)
14,63,0.0,5,0,5,1.0,-100.0,0.0,MARGIN CALL ($0)
14,64,0.0,4,0,4,1.0,-100.0,0.0,MARGIN CALL ($0)
14,65,0.0,5,0,5,1.0,-100.0,0.0,MARGIN CALL ($0)
14,66,0.0,5,0,5,1.0,-100.0,0.0,MARGIN CALL ($0)
14,67,0.0,5,0,5,1.0,-100.0,0.0,MARGIN CALL ($0)
14,68,0.0,5,0,5,1.0,-100.0,0.0,MARGIN CALL ($0)
14,69,0.0,5,0,5,1.0,-100.0,0.0,MARGIN CALL ($0)
14,70,0.0,5,0,5,1.0,-100.0,0.0,MARGIN CALL ($0)
14,71,0.0,4,0,4,1.0,-100.0,0.0,MARGIN CALL ($0)
14,72,0.0,4,0,4,1.0,-100.0,0.0,MARGIN CALL ($0)
14,73,0.0,4,0,4,1.0,-100.0,0.0,MARGIN CALL ($0)
14,74,0.0,4,0,4,1.0,-100.0,0.0,MARGIN CALL ($0)
14,75,0.0,4,0,4,1.0,-100.0,0.0,MARGIN CALL ($0)
14,76,0.0,4,0,4,1.0,-100.0,0.0,MARGIN CALL ($0)
14,77,0.0,4,0,4,1.0,-100.0,0.0,MARGIN CALL ($0)
14,78,0.0,4,0,4,1.0,-100.0,0.0,MARGIN CALL ($0)
14,79,0.0,4,0,4,1.0,-100.0,0.0,MARGIN CALL ($0)
14,80,0.0,4,0,4,1.0,-100.0,0.0,MARGIN CALL ($0)
14,81,0.0,4,0,4,1.0,-100.0,0.0,MARGIN CALL ($0)
14,82,0.0,4,0,4,1.0,-100.0,0.0,MARGIN CALL ($0)
14,83,0.0,4,0,4,1.0,-100.0,0.0,MARGIN CALL ($0)
14,84,0.0,4,0,4,1.0,-100.0,0.0,MARGIN CALL ($0)
14,85,0.0,4,0,4,1.0,-100.0,0.0,MARGIN CALL ($0)
14,86,0.0,4,0,4,1.0,-100.0,0.0,MARGIN CALL ($0)
14,87,0.0,4,0,4,1.0,-100.0,0.0,MARGIN CALL ($0)
14,88,0.0,4,0,4,1.0,-100.0,0.0,MARGIN CALL ($0)
14,89,0.0,4,0,4,1.0,-100.0,0.0,MARGIN CALL ($0)
14,90,0.0,4,0,4,1.0,-100.0,0.0,MARGIN CALL ($0)
14,91,0.0,4,0,4,1.0,-100.0,0.0,MARGIN CALL ($0)
14,92,0.0,4,0,4,1.0,-100.0,0.0,MARGIN CALL ($0)
14,93,0.0,4,0,4,1.0,-100.0,0.0,MARGIN CALL ($0)
14,94,0.0,4,0,4,1.0,-100.0,0.0,MARGIN CALL ($0)
14,95,0.0,4,0,4,1.0,-100.0,0.0,MARGIN CALL ($0)
14,96,0.0,4,0,4,1.0,-100.0,0.0,MARGIN CALL ($0)
14,97,0.0,4,0,4,1.0,-100.0,0.0,MARGIN CALL ($0)
14,98,0.0,4,0,4,1.0,-100.0,0.0,MARGIN CALL ($0)
14,99,0.0,4,0,4,1.0,-100.0,0.0,MARGIN CALL ($0)
14,100,0.0,3,0,3,1.0,-100.0,0.0,MARGIN CALL ($0)
15,1,0.0,64,10,54,1.0,-100.0,15.625,MARGIN CALL ($0)
15,2,0.0,57,7,50,1.0,-100.0,12.280701754385964,MARGIN CALL ($0)
15,3,0.0,57,7,50,1.0,-100.0,12.280701754385964,MARGIN CALL ($0)
15,4,0.0,48,5,43,1.0,-100.0,10.416666666666668,MARGIN CALL ($0)
15,5,0.0,38,3,35,1.0,-100.0,7.894736842105263,MARGIN CALL ($0)
15,6,0.0,47,7,40,1.0,-100.0,14.893617021276595,MARGIN CALL ($0)
15,7,0.0,39,4,35,1.0,-100.0,10.256410256410255,MARGIN CALL ($0)
15,8,0.0,15,0,15,1.0,-100.0,0.0,MARGIN CALL ($0)
15,9,0.0,17,1,16,1.0,-100.0,5.88235294117647,MARGIN CALL ($0)
15,10,0.0,16,1,15,1.0,-100.0,6.25,MARGIN CALL ($0)
15,11,0.0,15,1,14,1.0,-100.0,6.666666666666667,MARGIN CALL ($0)
15,12,0.0,65,12,53,1.0,-100.0,18.461538461538463,MARGIN CALL ($0)
15,13,0.0,18,2,16,1.0,-100.0,11.11111111111111,MARGIN CALL ($0)
15,14,0.0,22,2,20,1.0,-100.0,9.090909090909092,MARGIN CALL ($0)
15,15,0.0,50,8,42,1.0,-100.0,16.0,MARGIN CALL ($0)
15,16,0.0,58,10,48,1.0,-100.0,17.24137931034483,MARGIN CALL ($0)
15,18,0.0,21,1,20,1.0,-100.0,4.761904761904762,MARGIN CALL ($0)
15,19,0.0,30,3,27,1.0,-100.0,10.0,MARGIN CALL ($0)
15,20,0.0,20,1,19,1.0,-100.0,5.0,MARGIN CALL ($0)
15,21,0.0,15,0,15,1.0,-100.0,0.0,MARGIN CALL ($0)
15,22,0.0,21,2,19,1.0,-100.0,9.523809523809524,MARGIN CALL ($0)
15,23,0.0,15,0,15,1.0,-100.0,0.0,MARGIN CALL ($0)
15,24,0.0,15,0,15,1.0,-100.0,0.0,MARGIN CALL ($0)
15,25,0.0,15,0,15,1.0,-100.0,0.0,MARGIN CALL ($0)
15,26,0.0,14,0,14,1.0,-100.0,0.0,MARGIN CALL ($0)
15,27,0.0,13,0,13,1.0,-100.0,0.0,MARGIN CALL ($0)
15,28,0.0,13,0,13,1.0,-100.0,0.0,MARGIN CALL ($0)
15,29,0.0,12,0,12,1.0,-100.0,0.0,MARGIN CALL ($0)
15,30,0.0,11,0,11,1.0,-100.0,0.0,MARGIN CALL ($0)
15,34,0.0,9,0,9,1.0,-100.0,0.0,MARGIN CALL ($0)
15,35,0.0,9,0,9,1.0,-100.0,0.0,MARGIN CALL ($0)
15,36,0.0,9,0,9,1.0,-100.0,0.0,MARGIN CALL ($0)
15,37,0.0,8,0,8,1.0,-100.0,0.0,MARGIN CALL ($0)
15,38,0.0,8,0,8,1.0,-100.0,0.0,MARGIN CALL ($0)
15,39,0.0,8,0,8,1.0,-100.0,0.0,MARGIN CALL ($0)
15,40,0.0,8,0,8,1.0,-100.0,0.0,MARGIN CALL ($0)
15,41,0.0,8,0,8,1.0,-100.0,0.0,MARGIN CALL ($0)
15,42,0.0,7,0,7,1.0,-100.0,0.0,MARGIN CALL ($0)
15,43,0.0,8,0,8,1.0,-100.0,0.0,MARGIN CALL ($0)
15,44,0.0,7,0,7,1.0,-100.0,0.0,MARGIN CALL ($0)
15,45,0.0,7,0,7,1.0,-100.0,0.0,MARGIN CALL ($0)
15,46,0.0,9,0,9,1.0,-100.0,0.0,MARGIN CALL ($0)
15,47,0.0,7,0,7,1.0,-100.0,0.0,MARGIN CALL ($0)
15,48,0.0,7,0,7,1.0,-100.0,0.0,MARGIN CALL ($0)
15,49,0.0,6,0,6,1.0,-100.0,0.0,MARGIN CALL ($0)
15,50,0.0,6,0,6,1.0,-100.0,0.0,MARGIN CALL ($0)
15,51,0.0,6,0,6,1.0,-100.0,0.0,MARGIN CALL ($0)
15,52,0.0,6,0,6,1.0,-100.0,0.0,MARGIN CALL ($0)
15,53,0.0,5,0,5,1.0,-100.0,0.0,MARGIN CALL ($0)
15,54,0.0,5,0,5,1.0,-100.0,0.0,MARGIN CALL ($0)
15,55,0.0,5,0,5,1.0,-100.0,0.0,MARGIN CALL ($0)
15,56,0.0,5,0,5,1.0,-100.0,0.0,MARGIN CALL ($0)
15,57,0.0,4,0,4,1.0,-100.0,0.0,MARGIN CALL ($0)
15,58,0.0,4,0,4,1.0,-100.0,0.0,MARGIN CALL ($0)
15,59,0.0,4,0,4,1.0,-100.0,0.0,MARGIN CALL ($0)
15,60,0.0,4,0,4,1.0,-100.0,0.0,MARGIN CALL ($0)
15,61,0.0,4,0,4,1.0,-100.0,0.0,MARGIN CALL ($0)
15,62,0.0,4,0,4,1.0,-100.0,0.0,MARGIN CALL ($0)
15,63,0.0,4,0,4,1.0,-100.0,0.0,MARGIN CALL ($0)
15,64,0.0,4,0,4,1.0,-100.0,0.0,MARGIN CALL ($0)
15,65,0.0,5,0,5,1.0,-100.0,0.0,MARGIN CALL ($0)
15,66,0.0,5,0,5,1.0,-100.0,0.0,MARGIN CALL ($0)
15,67,0.0,5,0,5,1.0,-100.0,0.0,MARGIN CALL ($0)
15,68,0.0,5,0,5,1.0,-100.0,0.0,MARGIN CALL ($0)
15,69,0.0,10,0,10,1.0,-100.0,0.0,MARGIN CALL ($0)
15,70,0.0,10,0,10,1.0,-100.0,0.0,MARGIN CALL ($0)
15,71,0.0,7,0,7,1.0,-100.0,0.0,MARGIN CALL ($0)
15,72,0.0,9,0,9,1.0,-100.0,0.0,MARGIN CALL ($0)
15,73,0.0,9,0,9,1.0,-100.0,0.0,MARGIN CALL ($0)
15,74,0.0,9,0,9,1.0,-100.0,0.0,MARGIN CALL ($0)
15,75,0.0,9,0,9,1.0,-100.0,0.0,MARGIN CALL ($0)
15,76,0.0,9,0,9,1.0,-100.0,0.0,MARGIN CALL ($0)
15,77,0.0,9,0,9,1.0,-100.0,0.0,MARGIN CALL ($0)
15,78,0.0,6,0,6,1.0,-100.0,0.0,MARGIN CALL ($0)
15,79,0.0,6,0,6,1.0,-100.0,0.0,MARGIN CALL ($0)
15,80,0.0,6,0,6,1.0,-100.0,0.0,MARGIN CALL ($0)
15,81,0.0,6,0,6,1.0,-100.0,0.0,MARGIN CALL ($0)
15,82,0.0,6,0,6,1.0,-100.0,0.0,MARGIN CALL ($0)
15,83,0.0,6,0,6,1.0,-100.0,0.0,MARGIN CALL ($0)
15,84,0.0,6,0,6,1.0,-100.0,0.0,MARGIN CALL ($0)
15,85,0.0,6,0,6,1.0,-100.0,0.0,MARGIN CALL ($0)
15,86,0.0,5,0,5,1.0,-100.0,0.0,MARGIN CALL ($0)
15,87,0.0,5,0,5,1.0,-100.0,0.0,MARGIN CALL ($0)
15,88,0.0,5,0,5,1.0,-100.0,0.0,MARGIN CALL ($0)
15,89,0.0,5,0,5,1.0,-100.0,0.0,MARGIN CALL ($0)
15,90,0.0,5,0,5,1.0,-100.0,0.0,MARGIN CALL ($0)
15,91,0.0,5,0,5,1.0,-100.0,0.0,MARGIN CALL ($0)
15,92,0.0,5,0,5,1.0,-100.0,0.0,MARGIN CALL ($0)
15,93,0.0,5,0,5,1.0,-100.0,0.0,MARGIN CALL ($0)
15,94,0.0,4,0,4,1.0,-100.0,0.0,MARGIN CALL ($0)
15,95,0.0,4,0,4,1.0,-100.0,0.0,MARGIN CALL ($0)
15,96,0.0,4,0,4,1.0,-100.0,0.0,MARGIN CALL ($0)
15,97,0.0,4,0,4,1.0,-100.0,0.0,MARGIN CALL ($0)
15,98,0.0,4,0,4,1.0,-100.0,0.0,MARGIN CALL ($0)
15,99,0.0,4,0,4,1.0,-100.0,0.0,MARGIN CALL ($0)
15,100,0.0,4,0,4,1.0,-100.0,0.0,MARGIN CALL ($0)
16,1,0.0,63,10,53,1.0,-100.0,15.873015873015872,MARGIN CALL ($0)
16,2,0.0,57,7,50,1.0,-100.0,12.280701754385964,MARGIN CALL ($0)
16,3,0.0,57,7,50,1.0,-100.0,12.280701754385964,MARGIN CALL ($0)
16,4,0.0,49,5,44,1.0,-100.0,10.204081632653061,MARGIN CALL ($0)
16,5,0.0,38,3,35,1.0,-100.0,7.894736842105263,MARGIN CALL ($0)
16,6,0.0,47,7,40,1.0,-100.0,14.893617021276595,MARGIN CALL ($0)
16,7,0.0,40,5,35,1.0,-100.0,12.5,MARGIN CALL ($0)
16,8,0.0,16,0,16,1.0,-100.0,0.0,MARGIN CALL ($0)
16,9,0.0,17,1,16,1.0,-100.0,5.88235294117647,MARGIN CALL ($0)
16,10,0.0,20,2,18,1.0,-100.0,10.0,MARGIN CALL ($0)
16,11,0.0,20,2,18,1.0,-100.0,10.0,MARGIN CALL ($0)
16,12,0.0,68,13,55,1.0,-100.0,19.11764705882353,MARGIN CALL ($0)
16,13,0.0,24,3,21,1.0,-100.0,12.5,MARGIN CALL ($0)
16,14,0.0,27,3,24,1.0,-100.0,11.11111111111111,MARGIN CALL ($0)
16,15,0.0,55,9,46,1.0,-100.0,16.363636363636363,MARGIN CALL ($0)
16,16,0.0,24,2,22,1.0,-100.0,8.333333333333332,MARGIN CALL ($0)
16,18,0.0,26,2,24,1.0,-100.0,7.6923076923076925,MARGIN CALL ($0)
16,19,0.0,26,2,24,1.0,-100.0,7.6923076923076925,MARGIN CALL ($0)
16,20,0.0,20,1,19,1.0,-100.0,5.0,MARGIN CALL ($0)
16,21,0.0,15,0,15,1.0,-100.0,0.0,MARGIN CALL ($0)
16,22,0.0,19,1,18,1.0,-100.0,5.263157894736842,MARGIN CALL ($0)
16,23,0.0,20,1,19,1.0,-100.0,5.0,MARGIN CALL ($0)
16,24,0.0,16,0,16,1.0,-100.0,0.0,MARGIN CALL ($0)
16,25,0.0,26,2,24,1.0,-100.0,7.6923076923076925,MARGIN CALL ($0)
16,26,0.0,101,19,82,1.0,-100.0,18.81188118811881,MARGIN CALL ($0)
16,27,0.0,23,2,21,1.0,-100.0,8.695652173913043,MARGIN CALL ($0)
16,28,0.0,14,0,14,1.0,-100.0,0.0,MARGIN CALL ($0)
16,29,0.0,22,2,20,1.0,-100.0,9.090909090909092,MARGIN CALL ($0)
16,30,0.0,12,0,12,1.0,-100.0,0.0,MARGIN CALL ($0)
16,34,0.0,11,0,11,1.0,-100.0,0.0,MARGIN CALL ($0)
16,35,0.0,11,0,11,1.0,-100.0,0.0,MARGIN CALL ($0)
16,36,0.0,11,0,11,1.0,-100.0,0.0,MARGIN CALL ($0)
16,37,0.0,10,0,10,1.0,-100.0,0.0,MARGIN CALL ($0)
16,38,0.0,10,0,10,1.0,-100.0,0.0,MARGIN CALL ($0)
16,39,0.0,17,2,15,1.0,-100.0,11.76470588235294,MARGIN CALL ($0)
16,40,0.0,18,2,16,1.0,-100.0,11.11111111111111,MARGIN CALL ($0)
16,41,0.0,11,0,11,1.0,-100.0,0.0,MARGIN CALL ($0)
16,42,0.0,10,0,10,1.0,-100.0,0.0,MARGIN CALL ($0)
16,43,0.0,9,0,9,1.0,-100.0,0.0,MARGIN CALL ($0)
16,44,0.0,9,0,9,1.0,-100.0,0.0,MARGIN CALL ($0)
16,45,0.0,9,0,9,1.0,-100.0,0.0,MARGIN CALL ($0)
16,46,0.0,10,0,10,1.0,-100.0,0.0,MARGIN CALL ($0)
16,47,0.0,9,0,9,1.0,-100.0,0.0,MARGIN CALL ($0)
16,48,0.0,9,0,9,1.0,-100.0,0.0,MARGIN CALL ($0)
16,49,0.0,10,0,10,1.0,-100.0,0.0,MARGIN CALL ($0)
16,50,0.0,10,0,10,1.0,-100.0,0.0,MARGIN CALL ($0)
16,51,0.0,9,0,9,1.0,-100.0,0.0,MARGIN CALL ($0)
16,52,0.0,9,0,9,1.0,-100.0,0.0,MARGIN CALL ($0)
16,53,0.0,9,0,9,1.0,-100.0,0.0,MARGIN CALL ($0)
16,54,0.0,12,1,11,1.0,-100.0,8.333333333333332,MARGIN CALL ($0)
16,55,0.0,12,1,11,1.0,-100.0,8.333333333333332,MARGIN CALL ($0)
16,56,0.0,12,1,11,1.0,-100.0,8.333333333333332,MARGIN CALL ($0)
16,57,0.0,12,1,11,1.0,-100.0,8.333333333333332,MARGIN CALL ($0)
16,58,0.0,12,1,11,1.0,-100.0,8.333333333333332,MARGIN CALL ($0)
16,59,0.0,12,1,11,1.0,-100.0,8.333333333333332,MARGIN CALL ($0)
16,60,0.0,12,1,11,1.0,-100.0,8.333333333333332,MARGIN CALL ($0)
16,61,0.0,12,1,11,1.0,-100.0,8.333333333333332,MARGIN CALL ($0)
16,62,0.0,12,1,11,1.0,-100.0,8.333333333333332,MARGIN CALL ($0)
16,63,0.0,13,1,12,1.0,-100.0,7.6923076923076925,MARGIN CALL ($0)
16,64,0.0,13,1,12,1.0,-100.0,7.6923076923076925,MARGIN CALL ($0)
16,65,0.0,13,1,12,1.0,-100.0,7.6923076923076925,MARGIN CALL ($0)
16,66,0.0,13,1,12,1.0,-100.0,7.6923076923076925,MARGIN CALL ($0)
16,67,0.0,13,1,12,1.0,-100.0,7.6923076923076925,MARGIN CALL ($0)
16,68,0.0,13,1,12,1.0,-100.0,7.6923076923076925,MARGIN CALL ($0)
16,69,0.0,20,1,19,1.0,-100.0,5.0,MARGIN CALL ($0)
16,70,0.0,20,1,19,1.0,-100.0,5.0,MARGIN CALL ($0)
16,71,0.0,19,1,18,1.0,-100.0,5.263157894736842,MARGIN CALL ($0)
16,72,0.0,20,1,19,1.0,-100.0,5.0,MARGIN CALL ($0)
16,73,0.0,20,1,19,1.0,-100.0,5.0,MARGIN CALL ($0)
16,74,0.0,20,1,19,1.0,-100.0,5.0,MARGIN CALL ($0)
16,75,0.0,20,1,19,1.0,-100.0,5.0,MARGIN CALL ($0)
16,76,0.0,20,1,19,1.0,-100.0,5.0,MARGIN CALL ($0)
16,77,0.0,20,1,19,1.0,-100.0,5.0,MARGIN CALL ($0)
16,78,0.0,27,3,24,1.0,-100.0,11.11111111111111,MARGIN CALL ($0)
16,79,0.0,37,6,31,1.0,-100.0,16.216216216216218,MARGIN CALL ($0)
16,80,0.0,37,6,31,1.0,-100.0,16.216216216216218,MARGIN CALL ($0)
16,81,0.0,39,8,31,1.0,-100.0,20.51282051282051,MARGIN CALL ($0)
16,82,0.0,39,8,31,1.0,-100.0,20.51282051282051,MARGIN CALL ($0)
16,83,0.0,39,8,31,1.0,-100.0,20.51282051282051,MARGIN CALL ($0)
16,84,0.0,36,8,28,1.0,-100.0,22.22222222222222,MARGIN CALL ($0)
16,85,0.0,19,1,18,1.0,-100.0,5.263157894736842,MARGIN CALL ($0)
16,86,0.0,18,1,17,1.0,-100.0,5.555555555555555,MARGIN CALL ($0)
16,87,0.0,16,1,15,1.0,-100.0,6.25,MARGIN CALL ($0)
16,88,0.0,16,1,15,1.0,-100.0,6.25,MARGIN CALL ($0)
16,89,0.0,17,1,16,1.0,-100.0,5.88235294117647,MARGIN CALL ($0)
16,90,0.0,13,0,13,1.0,-100.0,0.0,MARGIN CALL ($0)
16,91,0.0,13,0,13,1.0,-100.0,0.0,MARGIN CALL ($0)
16,92,0.0,14,0,14,1.0,-100.0,0.0,MARGIN CALL ($0)
16,93,0.0,13,0,13,1.0,-100.0,0.0,MARGIN CALL ($0)
16,94,0.0,14,0,14,1.0,-100.0,0.0,MARGIN CALL ($0)
16,95,0.0,14,0,14,1.0,-100.0,0.0,MARGIN CALL ($0)
16,96,0.0,14,0,14,1.0,-100.0,0.0,MARGIN CALL ($0)
16,97,0.0,14,0,14,1.0,-100.0,0.0,MARGIN CALL ($0)
16,98,0.0,14,0,14,1.0,-100.0,0.0,MARGIN CALL ($0)
16,99,0.0,14,0,14,1.0,-100.0,0.0,MARGIN CALL ($0)
16,100,0.0,14,0,14,1.0,-100.0,0.0,MARGIN CALL ($0)
17,1,0.0,63,10,53,1.0,-100.0,15.873015873015872,MARGIN CALL ($0)
17,2,0.0,57,7,50,1.0,-100.0,12.280701754385964,MARGIN CALL ($0)
17,3,0.0,57,7,50,1.0,-100.0,12.280701754385964,MARGIN CALL ($0)
17,4,0.0,49,5,44,1.0,-100.0,10.204081632653061,MARGIN CALL ($0)
17,5,0.0,38,3,35,1.0,-100.0,7.894736842105263,MARGIN CALL ($0)
17,6,0.0,48,7,41,1.0,-100.0,14.583333333333334,MARGIN CALL ($0)
17,7,0.0,42,5,37,1.0,-100.0,11.904761904761903,MARGIN CALL ($0)
17,8,0.0,16,0,16,1.0,-100.0,0.0,MARGIN CALL ($0)
17,9,0.0,17,1,16,1.0,-100.0,5.88235294117647,MARGIN CALL ($0)
17,10,0.0,20,2,18,1.0,-100.0,10.0,MARGIN CALL ($0)
17,11,0.0,20,2,18,1.0,-100.0,10.0,MARGIN CALL ($0)
17,12,0.0,67,11,56,1.0,-100.0,16.417910447761194,MARGIN CALL ($0)
17,13,0.0,24,3,21,1.0,-100.0,12.5,MARGIN CALL ($0)
17,14,0.0,27,3,24,1.0,-100.0,11.11111111111111,MARGIN CALL ($0)
17,15,0.0,58,9,49,1.0,-100.0,15.517241379310345,MARGIN CALL ($0)
17,16,0.0,24,2,22,1.0,-100.0,8.333333333333332,MARGIN CALL ($0)
17,21,0.0,16,0,16,1.0,-100.0,0.0,MARGIN CALL ($0)
17,22,0.0,16,0,16,1.0,-100.0,0.0,MARGIN CALL ($0)
17,23,0.0,17,0,17,1.0,-100.0,0.0,MARGIN CALL ($0)
17,24,0.0,16,0,16,1.0,-100.0,0.0,MARGIN CALL ($0)
17,25,0.0,26,2,24,1.0,-100.0,7.6923076923076925,MARGIN CALL ($0)
17,26,0.0,25,2,23,1.0,-100.0,8.0,MARGIN CALL ($0)
17,28,0.0,14,0,14,1.0,-100.0,0.0,MARGIN CALL ($0)
17,29,0.0,13,0,13,1.0,-100.0,0.0,MARGIN CALL ($0)
17,30,0.0,13,0,13,1.0,-100.0,0.0,MARGIN CALL ($0)
17,34,0.0,11,0,11,1.0,-100.0,0.0,MARGIN CALL ($0)
17,35,0.0,11,0,11,1.0,-100.0,0.0,MARGIN CALL ($0)
17,36,0.0,11,0,11,1.0,-100.0,0.0,MARGIN CALL ($0)
17,37,0.0,9,0,9,1.0,-100.0,0.0,MARGIN CALL ($0)
17,38,0.0,9,0,9,1.0,-100.0,0.0,MARGIN CALL ($0)
17,39,0.0,9,0,9,1.0,-100.0,0.0,MARGIN CALL ($0)
17,40,0.0,9,0,9,1.0,-100.0,0.0,MARGIN CALL ($0)
17,41,0.0,8,0,8,1.0,-100.0,0.0,MARGIN CALL ($0)
17,42,0.0,8,0,8,1.0,-100.0,0.0,MARGIN CALL ($0)
17,43,0.0,10,0,10,1.0,-100.0,0.0,MARGIN CALL ($0)
17,44,0.0,11,0,11,1.0,-100.0,0.0,MARGIN CALL ($0)
17,45,0.0,9,0,9,1.0,-100.0,0.0,MARGIN CALL ($0)
17,46,0.0,10,0,10,1.0,-100.0,0.0,MARGIN CALL ($0)
17,47,0.0,9,0,9,1.0,-100.0,0.0,MARGIN CALL ($0)
17,48,0.0,9,0,9,1.0,-100.0,0.0,MARGIN CALL ($0)
17,49,0.0,10,0,10,1.0,-100.0,0.0,MARGIN CALL ($0)
17,50,0.0,10,0,10,1.0,-100.0,0.0,MARGIN CALL ($0)
17,51,0.0,9,0,9,1.0,-100.0,0.0,MARGIN CALL ($0)
17,52,0.0,9,0,9,1.0,-100.0,0.0,MARGIN CALL ($0)
17,53,0.0,9,0,9,1.0,-100.0,0.0,MARGIN CALL ($0)
17,54,0.0,12,1,11,1.0,-100.0,8.333333333333332,MARGIN CALL ($0)
17,55,0.0,12,1,11,1.0,-100.0,8.333333333333332,MARGIN CALL ($0)
17,56,0.0,12,1,11,1.0,-100.0,8.333333333333332,MARGIN CALL ($0)
17,57,0.0,12,1,11,1.0,-100.0,8.333333333333332,MARGIN CALL ($0)
17,58,0.0,12,1,11,1.0,-100.0,8.333333333333332,MARGIN CALL ($0)
17,59,0.0,12,1,11,1.0,-100.0,8.333333333333332,MARGIN CALL ($0)
17,60,0.0,12,1,11,1.0,-100.0,8.333333333333332,MARGIN CALL ($0)
17,61,0.0,12,1,11,1.0,-100.0,8.333333333333332,MARGIN CALL ($0)
17,62,0.0,12,1,11,1.0,-100.0,8.333333333333332,MARGIN CALL ($0)
17,63,0.0,13,1,12,1.0,-100.0,7.6923076923076925,MARGIN CALL ($0)
17,64,0.0,13,1,12,1.0,-100.0,7.6923076923076925,MARGIN CALL ($0)
17,65,0.0,13,1,12,1.0,-100.0,7.6923076923076925,MARGIN CALL ($0)
17,66,0.0,13,1,12,1.0,-100.0,7.6923076923076925,MARGIN CALL ($0)
17,67,0.0,13,1,12,1.0,-100.0,7.6923076923076925,MARGIN CALL ($0)
17,68,0.0,13,1,12,1.0,-100.0,7.6923076923076925,MARGIN CALL ($0)
17,69,0.0,17,1,16,1.0,-100.0,5.88235294117647,MARGIN CALL ($0)
17,70,0.0,17,1,16,1.0,-100.0,5.88235294117647,MARGIN CALL ($0)
17,71,0.0,17,1,16,1.0,-100.0,5.88235294117647,MARGIN CALL ($0)
17,72,0.0,17,1,16,1.0,-100.0,5.88235294117647,MARGIN CALL ($0)
17,73,0.0,17,1,16,1.0,-100.0,5.88235294117647,MARGIN CALL ($0)
17,74,0.0,17,1,16,1.0,-100.0,5.88235294117647,MARGIN CALL ($0)
17,75,0.0,17,1,16,1.0,-100.0,5.88235294117647,MARGIN CALL ($0)
17,76,0.0,17,1,16,1.0,-100.0,5.88235294117647,MARGIN CALL ($0)
17,77,0.0,17,1,16,1.0,-100.0,5.88235294117647,MARGIN CALL ($0)
17,78,0.0,22,2,20,1.0,-100.0,9.090909090909092,MARGIN CALL ($0)
17,79,0.0,27,3,24,1.0,-100.0,11.11111111111111,MARGIN CALL ($0)
17,80,0.0,27,3,24,1.0,-100.0,11.11111111111111,MARGIN CALL ($0)
17,81,0.0,36,7,29,1.0,-100.0,19.444444444444446,MARGIN CALL ($0)
17,82,0.0,36,7,29,1.0,-100.0,19.444444444444446,MARGIN CALL ($0)
17,83,0.0,30,5,25,1.0,-100.0,16.666666666666664,MARGIN CALL ($0)
17,84,0.0,29,5,24,1.0,-100.0,17.24137931034483,MARGIN CALL ($0)
17,85,0.0,17,1,16,1.0,-100.0,5.88235294117647,MARGIN CALL ($0)
17,86,0.0,17,1,16,1.0,-100.0,5.88235294117647,MARGIN CALL ($0)
17,87,0.0,17,1,16,1.0,-100.0,5.88235294117647,MARGIN CALL ($0)
17,88,0.0,17,1,16,1.0,-100.0,5.88235294117647,MARGIN CALL ($0)
17,89,0.0,17,1,16,1.0,-100.0,5.88235294117647,MARGIN CALL ($0)
17,90,0.0,14,0,14,1.0,-100.0,0.0,MARGIN CALL ($0)
17,91,0.0,14,0,14,1.0,-100.0,0.0,MARGIN CALL ($0)
17,92,0.0,14,0,14,1.0,-100.0,0.0,MARGIN CALL ($0)
17,93,0.0,13,0,13,1.0,-100.0,0.0,MARGIN CALL ($0)
17,94,0.0,13,0,13,1.0,-100.0,0.0,MARGIN CALL ($0)
17,95,0.0,12,0,12,1.0,-100.0,0.0,MARGIN CALL ($0)
17,96,0.0,12,0,12,1.0,-100.0,0.0,MARGIN CALL ($0)
17,97,0.0,12,0,12,1.0,-100.0,0.0,MARGIN CALL ($0)
17,98,0.0,12,0,12,1.0,-100.0,0.0,MARGIN CALL ($0)
17,99,0.0,12,0,12,1.0,-100.0,0.0,MARGIN CALL ($0)
17,100,0.0,12,0,12,1.0,-100.0,0.0,MARGIN CALL ($0)
18,1,0.0,50,7,43,1.0,-100.0,14.000000000000002,MARGIN CALL ($0)
18,2,0.0,57,7,50,1.0,-100.0,12.280701754385964,MARGIN CALL ($0)
18,3,0.0,57,7,50,1.0,-100.0,12.280701754385964,MARGIN CALL ($0)
18,4,0.0,49,5,44,1.0,-100.0,10.204081632653061,MARGIN CALL ($0)
18,5,0.0,39,3,36,1.0,-100.0,7.6923076923076925,MARGIN CALL ($0)
18,6,0.0,48,7,41,1.0,-100.0,14.583333333333334,MARGIN CALL ($0)
18,7,0.0,43,5,38,1.0,-100.0,11.627906976744185,MARGIN CALL ($0)
18,8,0.0,16,0,16,1.0,-100.0,0.0,MARGIN CALL ($0)
18,9,0.0,19,2,17,1.0,-100.0,10.526315789473683,MARGIN CALL ($0)
18,10,0.0,19,2,17,1.0,-100.0,10.526315789473683,MARGIN CALL ($0)
18,11,0.0,19,2,17,1.0,-100.0,10.526315789473683,MARGIN CALL ($0)
18,12,0.0,65,11,54,1.0,-100.0,16.923076923076923,MARGIN CALL ($0)
18,13,0.0,23,3,20,1.0,-100.0,13.043478260869565,MARGIN CALL ($0)
18,14,0.0,28,3,25,1.0,-100.0,10.714285714285714,MARGIN CALL ($0)
18,15,0.0,28,3,25,1.0,-100.0,10.714285714285714,MARGIN CALL ($0)
18,16,0.0,25,2,23,1.0,-100.0,8.0,MARGIN CALL ($0)
18,18,0.0,58,11,47,1.0,-100.0,18.96551724137931,MARGIN CALL ($0)
18,19,0.0,60,12,48,1.0,-100.0,20.0,MARGIN CALL ($0)
18,20,0.0,64,11,53,1.0,-100.0,17.1875,MARGIN CALL ($0)
18,21,0.0,18,0,18,1.0,-100.0,0.0,MARGIN CALL ($0)
18,22,0.0,19,0,19,1.0,-100.0,0.0,MARGIN CALL ($0)
18,23,0.0,18,0,18,1.0,-100.0,0.0,MARGIN CALL ($0)
18,24,0.0,18,0,18,1.0,-100.0,0.0,MARGIN CALL ($0)
18,25,0.0,18,0,18,1.0,-100.0,0.0,MARGIN CALL ($0)
18,26,0.0,17,0,17,1.0,-100.0,0.0,MARGIN CALL ($0)
18,27,0.0,19,0,19,1.0,-100.0,0.0,MARGIN CALL ($0)
18,28,0.0,17,0,17,1.0,-100.0,0.0,MARGIN CALL ($0)
18,29,0.0,17,0,17,1.0,-100.0,0.0,MARGIN CALL ($0)
18,30,0.0,13,0,13,1.0,-100.0,0.0,MARGIN CALL ($0)
18,31,0.0,90,24,66,1.0,-100.0,26.666666666666668,MARGIN CALL ($0)
18,34,0.0,14,0,14,1.0,-100.0,0.0,MARGIN CALL ($0)
18,35,0.0,14,0,14,1.0,-100.0,0.0,MARGIN CALL ($0)
18,36,0.0,14,0,14,1.0,-100.0,0.0,MARGIN CALL ($0)
18,37,0.0,14,0,14,1.0,-100.0,0.0,MARGIN CALL ($0)
18,38,0.0,13,0,13,1.0,-100.0,0.0,MARGIN CALL ($0)
18,39,0.0,13,0,13,1.0,-100.0,0.0,MARGIN CALL ($0)
18,40,0.0,13,0,13,1.0,-100.0,0.0,MARGIN CALL ($0)
18,41,0.0,13,0,13,1.0,-100.0,0.0,MARGIN CALL ($0)
18,42,0.0,12,0,12,1.0,-100.0,0.0,MARGIN CALL ($0)
18,43,0.0,12,0,12,1.0,-100.0,0.0,MARGIN CALL ($0)
18,44,0.0,11,0,11,1.0,-100.0,0.0,MARGIN CALL ($0)
18,45,0.0,11,0,11,1.0,-100.0,0.0,MARGIN CALL ($0)
18,46,0.0,14,0,14,1.0,-100.0,0.0,MARGIN CALL ($0)
18,47,0.0,13,0,13,1.0,-100.0,0.0,MARGIN CALL ($0)
18,48,0.0,13,0,13,1.0,-100.0,0.0,MARGIN CALL ($0)
18,49,0.0,14,0,14,1.0,-100.0,0.0,MARGIN CALL ($0)
18,50,0.0,14,0,14,1.0,-100.0,0.0,MARGIN CALL ($0)
18,51,0.0,12,0,12,1.0,-100.0,0.0,MARGIN CALL ($0)
18,52,0.0,12,0,12,1.0,-100.0,0.0,MARGIN CALL ($0)
18,53,0.0,12,0,12,1.0,-100.0,0.0,MARGIN CALL ($0)
18,54,0.0,13,1,12,1.0,-100.0,7.6923076923076925,MARGIN CALL ($0)
18,55,0.0,13,1,12,1.0,-100.0,7.6923076923076925,MARGIN CALL ($0)
18,56,0.0,13,1,12,1.0,-100.0,7.6923076923076925,MARGIN CALL ($0)
18,57,0.0,14,1,13,1.0,-100.0,7.142857142857142,MARGIN CALL ($0)
18,58,0.0,16,1,15,1.0,-100.0,6.25,MARGIN CALL ($0)
18,59,0.0,15,1,14,1.0,-100.0,6.666666666666667,MARGIN CALL ($0)
18,60,0.0,17,1,16,1.0,-100.0,5.88235294117647,MARGIN CALL ($0)
18,61,0.0,15,1,14,1.0,-100.0,6.666666666666667,MARGIN CALL ($0)
18,62,0.0,14,1,13,1.0,-100.0,7.142857142857142,MARGIN CALL ($0)
18,63,0.0,15,1,14,1.0,-100.0,6.666666666666667,MARGIN CALL ($0)
18,64,0.0,15,1,14,1.0,-100.0,6.666666666666667,MARGIN CALL ($0)
18,65,0.0,15,1,14,1.0,-100.0,6.666666666666667,MARGIN CALL ($0)
18,66,0.0,15,1,14,1.0,-100.0,6.666666666666667,MARGIN CALL ($0)
18,67,0.0,15,1,14,1.0,-100.0,6.666666666666667,MARGIN CALL ($0)
18,68,0.0,16,1,15,1.0,-100.0,6.25,MARGIN CALL ($0)
18,69,0.0,16,1,15,1.0,-100.0,6.25,MARGIN CALL ($0)
18,70,0.0,16,1,15,1.0,-100.0,6.25,MARGIN CALL ($0)
18,71,0.0,16,1,15,1.0,-100.0,6.25,MARGIN CALL ($0)
18,72,0.0,17,1,16,1.0,-100.0,5.88235294117647,MARGIN CALL ($0)
18,73,0.0,17,1,16,1.0,-100.0,5.88235294117647,MARGIN CALL ($0)
18,74,0.0,17,1,16,1.0,-100.0,5.88235294117647,MARGIN CALL ($0)
18,75,0.0,17,1,16,1.0,-100.0,5.88235294117647,MARGIN CALL ($0)
18,76,0.0,17,1,16,1.0,-100.0,5.88235294117647,MARGIN CALL ($0)
18,77,0.0,17,1,16,1.0,-100.0,5.88235294117647,MARGIN CALL ($0)
18,78,0.0,21,2,19,1.0,-100.0,9.523809523809524,MARGIN CALL ($0)
18,79,0.0,23,3,20,1.0,-100.0,13.043478260869565,MARGIN CALL ($0)
18,80,0.0,23,3,20,1.0,-100.0,13.043478260869565,MARGIN CALL ($0)
18,81,0.0,26,4,22,1.0,-100.0,15.384615384615385,MARGIN CALL ($0)
18,82,0.0,26,4,22,1.0,-100.0,15.384615384615385,MARGIN CALL ($0)
18,83,0.0,26,4,22,1.0,-100.0,15.384615384615385,MARGIN CALL ($0)
18,84,0.0,25,4,21,1.0,-100.0,16.0,MARGIN CALL ($0)
18,85,0.0,17,1,16,1.0,-100.0,5.88235294117647,MARGIN CALL ($0)
18,86,0.0,17,1,16,1.0,-100.0,5.88235294117647,MARGIN CALL ($0)
18,87,0.0,16,1,15,1.0,-100.0,6.25,MARGIN CALL ($0)
18,88,0.0,16,1,15,1.0,-100.0,6.25,MARGIN CALL ($0)
18,89,0.0,16,1,15,1.0,-100.0,6.25,MARGIN CALL ($0)
18,90,0.0,13,0,13,1.0,-100.0,0.0,MARGIN CALL ($0)
18,91,0.0,13,0,13,1.0,-100.0,0.0,MARGIN CALL ($0)
18,92,0.0,13,0,13,1.0,-100.0,0.0,MARGIN CALL ($0)
18,93,0.0,12,0,12,1.0,-100.0,0.0,MARGIN CALL ($0)
18,94,0.0,12,0,12,1.0,-100.0,0.0,MARGIN CALL ($0)
18,95,0.0,12,0,12,1.0,-100.0,0.0,MARGIN CALL ($0)
18,96,0.0,12,0,12,1.0,-100.0,0.0,MARGIN CALL ($0)
18,97,0.0,12,0,12,1.0,-100.0,0.0,MARGIN CALL ($0)
18,98,0.0,12,0,12,1.0,-100.0,0.0,MARGIN CALL ($0)
18,99,0.0,12,0,12,1.0,-100.0,0.0,MARGIN CALL ($0)
18,100,0.0,12,0,12,1.0,-100.0,0.0,MARGIN CALL ($0)
19,1,0.0,50,7,43,1.0,-100.0,14.000000000000002,MARGIN CALL ($0)
19,2,0.0,57,7,50,1.0,-100.0,12.280701754385964,MARGIN CALL ($0)
19,3,0.0,57,7,50,1.0,-100.0,12.280701754385964,MARGIN CALL ($0)
19,4,0.0,49,5,44,1.0,-100.0,10.204081632653061,MARGIN CALL ($0)
19,5,0.0,39,3,36,1.0,-100.0,7.6923076923076925,MARGIN CALL ($0)
19,6,0.0,35,3,32,1.0,-100.0,8.571428571428571,MARGIN CALL ($0)
19,7,0.0,39,4,35,1.0,-100.0,10.256410256410255,MARGIN CALL ($0)
19,8,0.0,15,0,15,1.0,-100.0,0.0,MARGIN CALL ($0)
19,9,0.0,17,1,16,1.0,-100.0,5.88235294117647,MARGIN CALL ($0)
19,10,0.0,19,2,17,1.0,-100.0,10.526315789473683,MARGIN CALL ($0)
19,11,0.0,18,2,16,1.0,-100.0,11.11111111111111,MARGIN CALL ($0)
19,12,0.0,74,15,59,1.0,-100.0,20.27027027027027,MARGIN CALL ($0)
19,13,0.0,23,3,20,1.0,-100.0,13.043478260869565,MARGIN CALL ($0)
19,14,0.0,28,3,25,1.0,-100.0,10.714285714285714,MARGIN CALL ($0)
19,15,0.0,28,3,25,1.0,-100.0,10.714285714285714,MARGIN CALL ($0)
19,16,0.0,25,2,23,1.0,-100.0,8.0,MARGIN CALL ($0)
19,18,0.0,61,12,49,1.0,-100.0,19.672131147540984,MARGIN CALL ($0)
19,19,0.0,58,10,48,1.0,-100.0,17.24137931034483,MARGIN CALL ($0)
19,20,0.0,62,11,51,1.0,-100.0,17.741935483870968,MARGIN CALL ($0)
19,21,0.0,18,0,18,1.0,-100.0,0.0,MARGIN CALL ($0)
19,22,0.0,19,0,19,1.0,-100.0,0.0,MARGIN CALL ($0)
19,23,0.0,18,0,18,1.0,-100.0,0.0,MARGIN CALL ($0)
19,24,0.0,18,0,18,1.0,-100.0,0.0,MARGIN CALL ($0)
19,25,0.0,18,0,18,1.0,-100.0,0.0,MARGIN CALL ($0)
19,26,0.0,17,0,17,1.0,-100.0,0.0,MARGIN CALL ($0)
19,27,0.0,19,0,19,1.0,-100.0,0.0,MARGIN CALL ($0)
19,28,0.0,17,0,17,1.0,-100.0,0.0,MARGIN CALL ($0)
19,29,0.0,17,0,17,1.0,-100.0,0.0,MARGIN CALL ($0)
19,30,0.0,13,0,13,1.0,-100.0,0.0,MARGIN CALL ($0)
19,31,0.0,83,21,62,1.0,-100.0,25.301204819277107,MARGIN CALL ($0)
19,32,0.0,83,21,62,1.0,-100.0,25.301204819277107,MARGIN CALL ($0)
19,33,0.0,83,21,62,1.0,-100.0,25.301204819277107,MARGIN CALL ($0)
19,34,0.0,14,0,14,1.0,-100.0,0.0,MARGIN CALL ($0)
19,35,0.0,14,0,14,1.0,-100.0,0.0,MARGIN CALL ($0)
19,36,0.0,14,0,14,1.0,-100.0,0.0,MARGIN CALL ($0)
19,37,0.0,14,0,14,1.0,-100.0,0.0,MARGIN CALL ($0)
19,38,0.0,13,0,13,1.0,-100.0,0.0,MARGIN CALL ($0)
19,39,0.0,13,0,13,1.0,-100.0,0.0,MARGIN CALL ($0)
19,40,0.0,13,0,13,1.0,-100.0,0.0,MARGIN CALL ($0)
19,41,0.0,13,0,13,1.0,-100.0,0.0,MARGIN CALL ($0)
19,42,0.0,12,0,12,1.0,-100.0,0.0,MARGIN CALL ($0)
19,43,0.0,12,0,12,1.0,-100.0,0.0,MARGIN CALL ($0)
19,44,0.0,11,0,11,1.0,-100.0,0.0,MARGIN CALL ($0)
19,45,0.0,11,0,11,1.0,-100.0,0.0,MARGIN CALL ($0)
19,46,0.0,14,0,14,1.0,-100.0,0.0,MARGIN CALL ($0)
19,47,0.0,13,0,13,1.0,-100.0,0.0,MARGIN CALL ($0)
19,48,0.0,13,0,13,1.0,-100.0,0.0,MARGIN CALL ($0)
19,49,0.0,14,0,14,1.0,-100.0,0.0,MARGIN CALL ($0)
19,50,0.0,14,0,14,1.0,-100.0,0.0,MARGIN CALL ($0)
19,51,0.0,12,0,12,1.0,-100.0,0.0,MARGIN CALL ($0)
19,52,0.0,12,0,12,1.0,-100.0,0.0,MARGIN CALL ($0)
19,53,0.0,12,0,12,1.0,-100.0,0.0,MARGIN CALL ($0)
19,54,0.0,12,1,11,1.0,-100.0,8.333333333333332,MARGIN CALL ($0)
19,55,0.0,12,1,11,1.0,-100.0,8.333333333333332,MARGIN CALL ($0)
19,56,0.0,12,1,11,1.0,-100.0,8.333333333333332,MARGIN CALL ($0)
19,57,0.0,13,1,12,1.0,-100.0,7.6923076923076925,MARGIN CALL ($0)
19,58,0.0,15,1,14,1.0,-100.0,6.666666666666667,MARGIN CALL ($0)
19,59,0.0,16,1,15,1.0,-100.0,6.25,MARGIN CALL ($0)
19,60,0.0,16,1,15,1.0,-100.0,6.25,MARGIN CALL ($0)
19,61,0.0,17,1,16,1.0,-100.0,5.88235294117647,MARGIN CALL ($0)
19,62,0.0,14,1,13,1.0,-100.0,7.142857142857142,MARGIN CALL ($0)
19,63,0.0,15,1,14,1.0,-100.0,6.666666666666667,MARGIN CALL ($0)
19,64,0.0,15,1,14,1.0,-100.0,6.666666666666667,MARGIN CALL ($0)
19,65,0.0,14,1,13,1.0,-100.0,7.142857142857142,MARGIN CALL ($0)
19,66,0.0,15,1,14,1.0,-100.0,6.666666666666667,MARGIN CALL ($0)
19,67,0.0,15,1,14,1.0,-100.0,6.666666666666667,MARGIN CALL ($0)
19,68,0.0,16,1,15,1.0,-100.0,6.25,MARGIN CALL ($0)
19,69,0.0,17,1,16,1.0,-100.0,5.88235294117647,MARGIN CALL ($0)
19,70,0.0,17,1,16,1.0,-100.0,5.88235294117647,MARGIN CALL ($0)
19,71,0.0,17,1,16,1.0,-100.0,5.88235294117647,MARGIN CALL ($0)
19,72,0.0,16,1,15,1.0,-100.0,6.25,MARGIN CALL ($0)
19,73,0.0,16,1,15,1.0,-100.0,6.25,MARGIN CALL ($0)
19,74,0.0,16,1,15,1.0,-100.0,6.25,MARGIN CALL ($0)
19,75,0.0,16,1,15,1.0,-100.0,6.25,MARGIN CALL ($0)
19,76,0.0,16,1,15,1.0,-100.0,6.25,MARGIN CALL ($0)
19,77,0.0,16,1,15,1.0,-100.0,6.25,MARGIN CALL ($0)
19,78,0.0,20,2,18,1.0,-100.0,10.0,MARGIN CALL ($0)
19,79,0.0,23,3,20,1.0,-100.0,13.043478260869565,MARGIN CALL ($0)
19,80,0.0,23,3,20,1.0,-100.0,13.043478260869565,MARGIN CALL ($0)
19,81,0.0,33,7,26,1.0,-100.0,21.21212121212121,MARGIN CALL ($0)
19,82,0.0,35,7,28,1.0,-100.0,20.0,MARGIN CALL ($0)
19,83,0.0,33,7,26,1.0,-100.0,21.21212121212121,MARGIN CALL ($0)
19,84,0.0,24,4,20,1.0,-100.0,16.666666666666664,MARGIN CALL ($0)
19,85,0.0,16,1,15,1.0,-100.0,6.25,MARGIN CALL ($0)
19,86,0.0,16,1,15,1.0,-100.0,6.25,MARGIN CALL ($0)
19,87,0.0,15,1,14,1.0,-100.0,6.666666666666667,MARGIN CALL ($0)
19,88,0.0,15,1,14,1.0,-100.0,6.666666666666667,MARGIN CALL ($0)
19,89,0.0,15,1,14,1.0,-100.0,6.666666666666667,MARGIN CALL ($0)
19,90,0.0,13,0,13,1.0,-100.0,0.0,MARGIN CALL ($0)
19,91,0.0,13,0,13,1.0,-100.0,0.0,MARGIN CALL ($0)
19,92,0.0,13,0,13,1.0,-100.0,0.0,MARGIN CALL ($0)
19,93,0.0,12,0,12,1.0,-100.0,0.0,MARGIN CALL ($0)
19,94,0.0,12,0,12,1.0,-100.0,0.0,MARGIN CALL ($0)
19,95,0.0,12,0,12,1.0,-100.0,0.0,MARGIN CALL ($0)
19,96,0.0,12,0,12,1.0,-100.0,0.0,MARGIN CALL ($0)
19,97,0.0,12,0,12,1.0,-100.0,0.0,MARGIN CALL ($0)
19,98,0.0,12,0,12,1.0,-100.0,0.0,MARGIN CALL ($0)
19,99,0.0,12,0,12,1.0,-100.0,0.0,MARGIN CALL ($0)
19,100,0.0,12,0,12,1.0,-100.0,0.0,MARGIN CALL ($0)
20,1,0.0,50,7,43,1.0,-100.0,14.000000000000002,MARGIN CALL ($0)
20,2,0.0,57,7,50,1.0,-100.0,12.280701754385964,MARGIN CALL ($0)
20,3,0.0,57,7,50,1.0,-100.0,12.280701754385964,MARGIN CALL ($0)
20,4,0.0,49,5,44,1.0,-100.0,10.204081632653061,MARGIN CALL ($0)
20,5,0.0,39,3,36,1.0,-100.0,7.6923076923076925,MARGIN CALL ($0)
20,6,0.0,35,3,32,1.0,-100.0,8.571428571428571,MARGIN CALL ($0)
20,7,0.0,39,4,35,1.0,-100.0,10.256410256410255,MARGIN CALL ($0)
20,8,0.0,15,0,15,1.0,-100.0,0.0,MARGIN CALL ($0)
20,9,0.0,17,1,16,1.0,-100.0,5.88235294117647,MARGIN CALL ($0)
20,10,0.0,19,2,17,1.0,-100.0,10.526315789473683,MARGIN CALL ($0)
20,11,0.0,18,2,16,1.0,-100.0,11.11111111111111,MARGIN CALL ($0)
20,12,0.0,71,15,56,1.0,-100.0,21.12676056338028,MARGIN CALL ($0)
20,13,0.0,23,3,20,1.0,-100.0,13.043478260869565,MARGIN CALL ($0)
20,14,0.0,28,3,25,1.0,-100.0,10.714285714285714,MARGIN CALL ($0)
20,15,0.0,28,3,25,1.0,-100.0,10.714285714285714,MARGIN CALL ($0)
20,16,0.0,25,2,23,1.0,-100.0,8.0,MARGIN CALL ($0)
20,17,0.0,20,1,19,1.0,-100.0,5.0,MARGIN CALL ($0)
20,18,0.0,65,13,52,1.0,-100.0,20.0,MARGIN CALL ($0)
20,19,0.0,63,11,52,1.0,-100.0,17.46031746031746,MARGIN CALL ($0)
20,20,0.0,56,11,45,1.0,-100.0,19.642857142857142,MARGIN CALL ($0)
20,21,0.0,28,3,25,1.0,-100.0,10.714285714285714,MARGIN CALL ($0)
20,22,0.0,28,3,25,1.0,-100.0,10.714285714285714,MARGIN CALL ($0)
20,23,0.0,18,0,18,1.0,-100.0,0.0,MARGIN CALL ($0)
20,24,0.0,19,0,19,1.0,-100.0,0.0,MARGIN CALL ($0)
20,25,0.0,17,0,17,1.0,-100.0,0.0,MARGIN CALL ($0)
20,26,0.0,18,0,18,1.0,-100.0,0.0,MARGIN CALL ($0)
20,27,0.0,19,0,19,1.0,-100.0,0.0,MARGIN CALL ($0)
20,28,0.0,17,0,17,1.0,-100.0,0.0,MARGIN CALL ($0)
20,29,0.0,17,0,17,1.0,-100.0,0.0,MARGIN CALL ($0)
20,30,0.0,13,0,13,1.0,-100.0,0.0,MARGIN CALL ($0)
20,31,0.0,79,21,58,1.0,-100.0,26.582278481012654,MARGIN CALL ($0)
20,32,0.0,79,21,58,1.0,-100.0,26.582278481012654,MARGIN CALL ($0)
20,33,0.0,78,21,57,1.0,-100.0,26.923076923076923,MARGIN CALL ($0)
20,34,0.0,14,0,14,1.0,-100.0,0.0,MARGIN CALL ($0)
20,35,0.0,14,0,14,1.0,-100.0,0.0,MARGIN CALL ($0)
20,36,0.0,14,0,14,1.0,-100.0,0.0,MARGIN CALL ($0)
20,37,0.0,14,0,14,1.0,-100.0,0.0,MARGIN CALL ($0)
20,38,0.0,13,0,13,1.0,-100.0,0.0,MARGIN CALL ($0)
20,39,0.0,13,0,13,1.0,-100.0,0.0,MARGIN CALL ($0)
20,40,0.0,13,0,13,1.0,-100.0,0.0,MARGIN CALL ($0)
20,41,0.0,13,0,13,1.0,-100.0,0.0,MARGIN CALL ($0)
20,42,0.0,12,0,12,1.0,-100.0,0.0,MARGIN CALL ($0)
20,43,0.0,12,0,12,1.0,-100.0,0.0,MARGIN CALL ($0)
20,44,0.0,11,0,11,1.0,-100.0,0.0,MARGIN CALL ($0)
20,45,0.0,11,0,11,1.0,-100.0,0.0,MARGIN CALL ($0)
20,46,0.0,14,0,14,1.0,-100.0,0.0,MARGIN CALL ($0)
20,47,0.0,13,0,13,1.0,-100.0,0.0,MARGIN CALL ($0)
20,48,0.0,13,0,13,1.0,-100.0,0.0,MARGIN CALL ($0)
20,49,0.0,14,0,14,1.0,-100.0,0.0,MARGIN CALL ($0)
20,50,0.0,14,0,14,1.0,-100.0,0.0,MARGIN CALL ($0)
20,51,0.0,12,0,12,1.0,-100.0,0.0,MARGIN CALL ($0)
20,52,0.0,12,0,12,1.0,-100.0,0.0,MARGIN CALL ($0)
20,53,0.0,12,0,12,1.0,-100.0,0.0,MARGIN CALL ($0)
20,54,0.0,11,1,10,1.0,-100.0,9.090909090909092,MARGIN CALL ($0)
20,55,0.0,11,1,10,1.0,-100.0,9.090909090909092,MARGIN CALL ($0)
20,56,0.0,11,1,10,1.0,-100.0,9.090909090909092,MARGIN CALL ($0)
20,57,0.0,12,1,11,1.0,-100.0,8.333333333333332,MARGIN CALL ($0)
20,58,0.0,14,1,13,1.0,-100.0,7.142857142857142,MARGIN CALL ($0)
20,59,0.0,15,1,14,1.0,-100.0,6.666666666666667,MARGIN CALL ($0)
20,60,0.0,15,1,14,1.0,-100.0,6.666666666666667,MARGIN CALL ($0)
20,61,0.0,16,1,15,1.0,-100.0,6.25,MARGIN CALL ($0)
20,62,0.0,14,1,13,1.0,-100.0,7.142857142857142,MARGIN CALL ($0)
20,63,0.0,15,1,14,1.0,-100.0,6.666666666666667,MARGIN CALL ($0)
20,64,0.0,15,1,14,1.0,-100.0,6.666666666666667,MARGIN CALL ($0)
20,65,0.0,13,1,12,1.0,-100.0,7.6923076923076925,MARGIN CALL ($0)
20,66,0.0,14,1,13,1.0,-100.0,7.142857142857142,MARGIN CALL ($0)
20,67,0.0,14,1,13,1.0,-100.0,7.142857142857142,MARGIN CALL ($0)
20,68,0.0,15,1,14,1.0,-100.0,6.666666666666667,MARGIN CALL ($0)
20,69,0.0,16,1,15,1.0,-100.0,6.25,MARGIN CALL ($0)
20,70,0.0,16,1,15,1.0,-100.0,6.25,MARGIN CALL ($0)
20,71,0.0,16,1,15,1.0,-100.0,6.25,MARGIN CALL ($0)
20,72,0.0,15,1,14,1.0,-100.0,6.666666666666667,MARGIN CALL ($0)
20,73,0.0,15,1,14,1.0,-100.0,6.666666666666667,MARGIN CALL ($0)
20,74,0.0,15,1,14,1.0,-100.0,6.666666666666667,MARGIN CALL ($0)
20,75,0.0,15,1,14,1.0,-100.0,6.666666666666667,MARGIN CALL ($0)
20,76,0.0,15,1,14,1.0,-100.0,6.666666666666667,MARGIN CALL ($0)
20,77,0.0,15,1,14,1.0,-100.0,6.666666666666667,MARGIN CALL ($0)
20,78,0.0,19,2,17,1.0,-100.0,10.526315789473683,MARGIN CALL ($0)
20,79,0.0,23,3,20,1.0,-100.0,13.043478260869565,MARGIN CALL ($0)
20,80,0.0,23,3,20,1.0,-100.0,13.043478260869565,MARGIN CALL ($0)
20,81,0.0,32,7,25,1.0,-100.0,21.875,MARGIN CALL ($0)
20,82,0.0,32,7,25,1.0,-100.0,21.875,MARGIN CALL ($0)
20,83,0.0,32,7,25,1.0,-100.0,21.875,MARGIN CALL ($0)
20,84,0.0,25,5,20,1.0,-100.0,20.0,MARGIN CALL ($0)
20,85,0.0,15,1,14,1.0,-100.0,6.666666666666667,MARGIN CALL ($0)
20,86,0.0,15,1,14,1.0,-100.0,6.666666666666667,MARGIN CALL ($0)
20,87,0.0,14,1,13,1.0,-100.0,7.142857142857142,MARGIN CALL ($0)
20,88,0.0,14,1,13,1.0,-100.0,7.142857142857142,MARGIN CALL ($0)
20,89,0.0,14,1,13,1.0,-100.0,7.142857142857142,MARGIN CALL ($0)
20,90,0.0,13,0,13,1.0,-100.0,0.0,MARGIN CALL ($0)
20,91,0.0,13,0,13,1.0,-100.0,0.0,MARGIN CALL ($0)
20,92,0.0,13,0,13,1.0,-100.0,0.0,MARGIN CALL ($0)
20,93,0.0,12,0,12,1.0,-100.0,0.0,MARGIN CALL ($0)
20,94,0.0,12,0,12,1.0,-100.0,0.0,MARGIN CALL ($0)
20,95,0.0,12,0,12,1.0,-100.0,0.0,MARGIN CALL ($0)
20,96,0.0,12,0,12,1.0,-100.0,0.0,MARGIN CALL ($0)
20,97,0.0,12,0,12,1.0,-100.0,0.0,MARGIN CALL ($0)
20,98,0.0,12,0,12,1.0,-100.0,0.0,MARGIN CALL ($0)
20,99,0.0,12,0,12,1.0,-100.0,0.0,MARGIN CALL ($0)
20,100,0.0,12,0,12,1.0,-100.0,0.0,MARGIN CALL ($0)
21,1,0.0,50,7,43,1.0,-100.0,14.000000000000002,MARGIN CALL ($0)
21,2,0.0,57,7,50,1.0,-100.0,12.280701754385964,MARGIN CALL ($0)
21,3,0.0,57,7,50,1.0,-100.0,12.280701754385964,MARGIN CALL ($0)
21,4,0.0,49,5,44,1.0,-100.0,10.204081632653061,MARGIN CALL ($0)
21,5,0.0,38,3,35,1.0,-100.0,7.894736842105263,MARGIN CALL ($0)
21,6,0.0,34,3,31,1.0,-100.0,8.823529411764707,MARGIN CALL ($0)
21,7,0.0,38,4,34,1.0,-100.0,10.526315789473683,MARGIN CALL ($0)
21,8,0.0,15,0,15,1.0,-100.0,0.0,MARGIN CALL ($0)
21,9,0.0,17,1,16,1.0,-100.0,5.88235294117647,MARGIN CALL ($0)
21,10,0.0,19,2,17,1.0,-100.0,10.526315789473683,MARGIN CALL ($0)
21,11,0.0,18,2,16,1.0,-100.0,11.11111111111111,MARGIN CALL ($0)
21,12,0.0,70,16,54,1.0,-100.0,22.857142857142858,MARGIN CALL ($0)
21,13,0.0,23,3,20,1.0,-100.0,13.043478260869565,MARGIN CALL ($0)
21,14,0.0,28,3,25,1.0,-100.0,10.714285714285714,MARGIN CALL ($0)
21,15,0.0,28,3,25,1.0,-100.0,10.714285714285714,MARGIN CALL ($0)
21,16,0.0,25,2,23,1.0,-100.0,8.0,MARGIN CALL ($0)
21,17,0.0,20,1,19,1.0,-100.0,5.0,MARGIN CALL ($0)
21,18,0.0,21,1,20,1.0,-100.0,4.761904761904762,MARGIN CALL ($0)
21,19,0.0,21,1,20,1.0,-100.0,4.761904761904762,MARGIN CALL ($0)
21,20,0.0,30,4,26,1.0,-100.0,13.333333333333334,MARGIN CALL ($0)
21,21,0.0,24,2,22,1.0,-100.0,8.333333333333332,MARGIN CALL ($0)
21,22,0.0,26,2,24,1.0,-100.0,7.6923076923076925,MARGIN CALL ($0)
21,23,0.0,17,0,17,1.0,-100.0,0.0,MARGIN CALL ($0)
21,24,0.0,18,0,18,1.0,-100.0,0.0,MARGIN CALL ($0)
21,25,0.0,19,0,19,1.0,-100.0,0.0,MARGIN CALL ($0)
21,26,0.0,17,0,17,1.0,-100.0,0.0,MARGIN CALL ($0)
21,27,0.0,18,0,18,1.0,-100.0,0.0,MARGIN CALL ($0)
21,28,0.0,17,0,17,1.0,-100.0,0.0,MARGIN CALL ($0)
21,29,0.0,18,0,18,1.0,-100.0,0.0,MARGIN CALL ($0)
21,30,0.0,16,0,16,1.0,-100.0,0.0,MARGIN CALL ($0)
21,31,0.0,69,13,56,1.0,-100.0,18.84057971014493,MARGIN CALL ($0)
21,32,0.0,68,13,55,1.0,-100.0,19.11764705882353,MARGIN CALL ($0)
21,33,0.0,66,13,53,1.0,-100.0,19.696969696969695,MARGIN CALL ($0)
21,34,0.0,15,0,15,1.0,-100.0,0.0,MARGIN CALL ($0)
21,35,0.0,15,0,15,1.0,-100.0,0.0,MARGIN CALL ($0)
21,36,0.0,13,0,13,1.0,-100.0,0.0,MARGIN CALL ($0)
21,37,0.0,13,0,13,1.0,-100.0,0.0,MARGIN CALL ($0)
21,38,0.0,13,0,13,1.0,-100.0,0.0,MARGIN CALL ($0)
21,39,0.0,13,0,13,1.0,-100.0,0.0,MARGIN CALL ($0)
21,40,0.0,14,0,14,1.0,-100.0,0.0,MARGIN CALL ($0)
21,41,0.0,13,0,13,1.0,-100.0,0.0,MARGIN CALL ($0)
21,42,0.0,13,0,13,1.0,-100.0,0.0,MARGIN CALL ($0)
21,43,0.0,13,0,13,1.0,-100.0,0.0,MARGIN CALL ($0)
21,44,0.0,12,0,12,1.0,-100.0,0.0,MARGIN CALL ($0)
21,45,0.0,12,0,12,1.0,-100.0,0.0,MARGIN CALL ($0)
21,46,0.0,12,0,12,1.0,-100.0,0.0,MARGIN CALL ($0)
21,47,0.0,12,0,12,1.0,-100.0,0.0,MARGIN CALL ($0)
21,48,0.0,12,0,12,1.0,-100.0,0.0,MARGIN CALL ($0)
21,49,0.0,12,0,12,1.0,-100.0,0.0,MARGIN CALL ($0)
21,50,0.0,12,0,12,1.0,-100.0,0.0,MARGIN CALL ($0)
21,51,0.0,12,0,12,1.0,-100.0,0.0,MARGIN CALL ($0)
21,52,0.0,12,0,12,1.0,-100.0,0.0,MARGIN CALL ($0)
21,53,0.0,12,0,12,1.0,-100.0,0.0,MARGIN CALL ($0)
21,54,0.0,12,1,11,1.0,-100.0,8.333333333333332,MARGIN CALL ($0)
21,55,0.0,13,1,12,1.0,-100.0,7.6923076923076925,MARGIN CALL ($0)
21,56,0.0,13,1,12,1.0,-100.0,7.6923076923076925,MARGIN CALL ($0)
21,57,0.0,14,1,13,1.0,-100.0,7.142857142857142,MARGIN CALL ($0)
21,58,0.0,14,1,13,1.0,-100.0,7.142857142857142,MARGIN CALL ($0)
21,59,0.0,14,1,13,1.0,-100.0,7.142857142857142,MARGIN CALL ($0)
21,60,0.0,14,1,13,1.0,-100.0,7.142857142857142,MARGIN CALL ($0)
21,61,0.0,15,1,14,1.0,-100.0,6.666666666666667,MARGIN CALL ($0)
21,62,0.0,15,1,14,1.0,-100.0,6.666666666666667,MARGIN CALL ($0)
21,63,0.0,15,1,14,1.0,-100.0,6.666666666666667,MARGIN CALL ($0)
21,64,0.0,14,1,13,1.0,-100.0,7.142857142857142,MARGIN CALL ($0)
21,65,0.0,12,1,11,1.0,-100.0,8.333333333333332,MARGIN CALL ($0)
21,66,0.0,13,1,12,1.0,-100.0,7.6923076923076925,MARGIN CALL ($0)
21,67,0.0,13,1,12,1.0,-100.0,7.6923076923076925,MARGIN CALL ($0)
21,68,0.0,14,1,13,1.0,-100.0,7.142857142857142,MARGIN CALL ($0)
21,69,0.0,14,1,13,1.0,-100.0,7.142857142857142,MARGIN CALL ($0)
21,70,0.0,13,1,12,1.0,-100.0,7.6923076923076925,MARGIN CALL ($0)
21,71,0.0,13,1,12,1.0,-100.0,7.6923076923076925,MARGIN CALL ($0)
21,72,0.0,13,1,12,1.0,-100.0,7.6923076923076925,MARGIN CALL ($0)
21,73,0.0,13,1,12,1.0,-100.0,7.6923076923076925,MARGIN CALL ($0)
21,74,0.0,13,1,12,1.0,-100.0,7.6923076923076925,MARGIN CALL ($0)
21,75,0.0,13,1,12,1.0,-100.0,7.6923076923076925,MARGIN CALL ($0)
21,76,0.0,13,1,12,1.0,-100.0,7.6923076923076925,MARGIN CALL ($0)
21,77,0.0,13,1,12,1.0,-100.0,7.6923076923076925,MARGIN CALL ($0)
21,78,0.0,19,2,17,1.0,-100.0,10.526315789473683,MARGIN CALL ($0)
21,79,0.0,22,3,19,1.0,-100.0,13.636363636363635,MARGIN CALL ($0)
21,80,0.0,22,3,19,1.0,-100.0,13.636363636363635,MARGIN CALL ($0)
21,81,0.0,32,7,25,1.0,-100.0,21.875,MARGIN CALL ($0)
21,82,0.0,32,7,25,1.0,-100.0,21.875,MARGIN CALL ($0)
21,83,0.0,31,7,24,1.0,-100.0,22.58064516129032,MARGIN CALL ($0)
21,84,0.0,29,7,22,1.0,-100.0,24.137931034482758,MARGIN CALL ($0)
21,85,0.0,13,1,12,1.0,-100.0,7.6923076923076925,MARGIN CALL ($0)
21,86,0.0,13,1,12,1.0,-100.0,7.6923076923076925,MARGIN CALL ($0)
21,87,0.0,13,1,12,1.0,-100.0,7.6923076923076925,MARGIN CALL ($0)
21,88,0.0,13,1,12,1.0,-100.0,7.6923076923076925,MARGIN CALL ($0)
21,89,0.0,13,1,12,1.0,-100.0,7.6923076923076925,MARGIN CALL ($0)
21,90,0.0,12,0,12,1.0,-100.0,0.0,MARGIN CALL ($0)
21,91,0.0,12,0,12,1.0,-100.0,0.0,MARGIN CALL ($0)
21,92,0.0,12,0,12,1.0,-100.0,0.0,MARGIN CALL ($0)
21,93,0.0,11,0,11,1.0,-100.0,0.0,MARGIN CALL ($0)
21,94,0.0,11,0,11,1.0,-100.0,0.0,MARGIN CALL ($0)
21,95,0.0,10,0,10,1.0,-100.0,0.0,MARGIN CALL ($0)
21,96,0.0,10,0,10,1.0,-100.0,0.0,MARGIN CALL ($0)
21,97,0.0,10,0,10,1.0,-100.0,0.0,MARGIN CALL ($0)
21,98,0.0,10,0,10,1.0,-100.0,0.0,MARGIN CALL ($0)
21,99,0.0,10,0,10,1.0,-100.0,0.0,MARGIN CALL ($0)
21,100,0.0,10,0,10,1.0,-100.0,0.0,MARGIN CALL ($0)
22,1,0.0,50,7,43,1.0,-100.0,14.000000000000002,MARGIN CALL ($0)
22,2,0.0,57,7,50,1.0,-100.0,12.280701754385964,MARGIN CALL ($0)
22,3,0.0,57,7,50,1.0,-100.0,12.280701754385964,MARGIN CALL ($0)
22,4,0.0,49,5,44,1.0,-100.0,10.204081632653061,MARGIN CALL ($0)
22,5,0.0,38,3,35,1.0,-100.0,7.894736842105263,MARGIN CALL ($0)
22,6,0.0,34,3,31,1.0,-100.0,8.823529411764707,MARGIN CALL ($0)
22,7,0.0,38,4,34,1.0,-100.0,10.526315789473683,MARGIN CALL ($0)
22,8,0.0,15,0,15,1.0,-100.0,0.0,MARGIN CALL ($0)
22,9,0.0,17,1,16,1.0,-100.0,5.88235294117647,MARGIN CALL ($0)
22,10,0.0,19,2,17,1.0,-100.0,10.526315789473683,MARGIN CALL ($0)
22,11,0.0,18,2,16,1.0,-100.0,11.11111111111111,MARGIN CALL ($0)
22,12,0.0,69,16,53,1.0,-100.0,23.18840579710145,MARGIN CALL ($0)
22,13,0.0,23,3,20,1.0,-100.0,13.043478260869565,MARGIN CALL ($0)
22,14,0.0,28,3,25,1.0,-100.0,10.714285714285714,MARGIN CALL ($0)
22,15,0.0,28,3,25,1.0,-100.0,10.714285714285714,MARGIN CALL ($0)
22,16,0.0,25,2,23,1.0,-100.0,8.0,MARGIN CALL ($0)
22,17,0.0,20,1,19,1.0,-100.0,5.0,MARGIN CALL ($0)
22,18,0.0,21,1,20,1.0,-100.0,4.761904761904762,MARGIN CALL ($0)
22,19,0.0,21,1,20,1.0,-100.0,4.761904761904762,MARGIN CALL ($0)
22,20,0.0,30,4,26,1.0,-100.0,13.333333333333334,MARGIN CALL ($0)
22,21,0.0,26,2,24,1.0,-100.0,7.6923076923076925,MARGIN CALL ($0)
22,22,0.0,26,2,24,1.0,-100.0,7.6923076923076925,MARGIN CALL ($0)
22,23,0.0,18,0,18,1.0,-100.0,0.0,MARGIN CALL ($0)
22,24,0.0,17,0,17,1.0,-100.0,0.0,MARGIN CALL ($0)
22,25,0.0,18,0,18,1.0,-100.0,0.0,MARGIN CALL ($0)
22,26,0.0,17,0,17,1.0,-100.0,0.0,MARGIN CALL ($0)
22,27,0.0,19,0,19,1.0,-100.0,0.0,MARGIN CALL ($0)
22,28,0.0,18,0,18,1.0,-100.0,0.0,MARGIN CALL ($0)
22,29,0.0,17,0,17,1.0,-100.0,0.0,MARGIN CALL ($0)
22,30,0.0,14,0,14,1.0,-100.0,0.0,MARGIN CALL ($0)
22,31,0.0,70,13,57,1.0,-100.0,18.571428571428573,MARGIN CALL ($0)
22,32,0.0,69,13,56,1.0,-100.0,18.84057971014493,MARGIN CALL ($0)
22,33,0.0,67,13,54,1.0,-100.0,19.402985074626866,MARGIN CALL ($0)
22,34,0.0,15,0,15,1.0,-100.0,0.0,MARGIN CALL ($0)
22,35,0.0,15,0,15,1.0,-100.0,0.0,MARGIN CALL ($0)
22,36,0.0,14,0,14,1.0,-100.0,0.0,MARGIN CALL ($0)
22,37,0.0,14,0,14,1.0,-100.0,0.0,MARGIN CALL ($0)
22,38,0.0,13,0,13,1.0,-100.0,0.0,MARGIN CALL ($0)
22,39,0.0,13,0,13,1.0,-100.0,0.0,MARGIN CALL ($0)
22,40,0.0,13,0,13,1.0,-100.0,0.0,MARGIN CALL ($0)
22,41,0.0,13,0,13,1.0,-100.0,0.0,MARGIN CALL ($0)
22,42,0.0,12,0,12,1.0,-100.0,0.0,MARGIN CALL ($0)
22,43,0.0,13,0,13,1.0,-100.0,0.0,MARGIN CALL ($0)
22,44,0.0,12,0,12,1.0,-100.0,0.0,MARGIN CALL ($0)
22,45,0.0,12,0,12,1.0,-100.0,0.0,MARGIN CALL ($0)
22,46,0.0,13,0,13,1.0,-100.0,0.0,MARGIN CALL ($0)
22,47,0.0,12,0,12,1.0,-100.0,0.0,MARGIN CALL ($0)
22,48,0.0,12,0,12,1.0,-100.0,0.0,MARGIN CALL ($0)
22,49,0.0,13,0,13,1.0,-100.0,0.0,MARGIN CALL ($0)
22,50,0.0,13,0,13,1.0,-100.0,0.0,MARGIN CALL ($0)
22,51,0.0,11,0,11,1.0,-100.0,0.0,MARGIN CALL ($0)
22,52,0.0,11,0,11,1.0,-100.0,0.0,MARGIN CALL ($0)
22,53,0.0,11,0,11,1.0,-100.0,0.0,MARGIN CALL ($0)
22,54,0.0,11,1,10,1.0,-100.0,9.090909090909092,MARGIN CALL ($0)
22,55,0.0,11,1,10,1.0,-100.0,9.090909090909092,MARGIN CALL ($0)
22,56,0.0,11,1,10,1.0,-100.0,9.090909090909092,MARGIN CALL ($0)
22,57,0.0,12,1,11,1.0,-100.0,8.333333333333332,MARGIN CALL ($0)
22,58,0.0,13,1,12,1.0,-100.0,7.6923076923076925,MARGIN CALL ($0)
22,59,0.0,14,1,13,1.0,-100.0,7.142857142857142,MARGIN CALL ($0)
22,60,0.0,15,1,14,1.0,-100.0,6.666666666666667,MARGIN CALL ($0)
22,61,0.0,15,1,14,1.0,-100.0,6.666666666666667,MARGIN CALL ($0)
22,62,0.0,14,1,13,1.0,-100.0,7.142857142857142,MARGIN CALL ($0)
22,63,0.0,16,1,15,1.0,-100.0,6.25,MARGIN CALL ($0)
22,64,0.0,15,1,14,1.0,-100.0,6.666666666666667,MARGIN CALL ($0)
22,65,0.0,14,1,13,1.0,-100.0,7.142857142857142,MARGIN CALL ($0)
22,66,0.0,14,1,13,1.0,-100.0,7.142857142857142,MARGIN CALL ($0)
22,67,0.0,14,1,13,1.0,-100.0,7.142857142857142,MARGIN CALL ($0)
22,68,0.0,15,1,14,1.0,-100.0,6.666666666666667,MARGIN CALL ($0)
22,69,0.0,15,1,14,1.0,-100.0,6.666666666666667,MARGIN CALL ($0)
22,70,0.0,15,1,14,1.0,-100.0,6.666666666666667,MARGIN CALL ($0)
22,71,0.0,15,1,14,1.0,-100.0,6.666666666666667,MARGIN CALL ($0)
22,72,0.0,15,1,14,1.0,-100.0,6.666666666666667,MARGIN CALL ($0)
22,73,0.0,15,1,14,1.0,-100.0,6.666666666666667,MARGIN CALL ($0)
22,74,0.0,15,1,14,1.0,-100.0,6.666666666666667,MARGIN CALL ($0)
22,75,0.0,15,1,14,1.0,-100.0,6.666666666666667,MARGIN CALL ($0)
22,76,0.0,15,1,14,1.0,-100.0,6.666666666666667,MARGIN CALL ($0)
22,77,0.0,15,1,14,1.0,-100.0,6.666666666666667,MARGIN CALL ($0)
22,78,0.0,19,2,17,1.0,-100.0,10.526315789473683,MARGIN CALL ($0)
22,79,0.0,23,3,20,1.0,-100.0,13.043478260869565,MARGIN CALL ($0)
22,80,0.0,23,3,20,1.0,-100.0,13.043478260869565,MARGIN CALL ($0)
22,81,0.0,32,7,25,1.0,-100.0,21.875,MARGIN CALL ($0)
22,82,0.0,32,7,25,1.0,-100.0,21.875,MARGIN CALL ($0)
22,83,0.0,32,7,25,1.0,-100.0,21.875,MARGIN CALL ($0)
22,84,0.0,30,7,23,1.0,-100.0,23.333333333333332,MARGIN CALL ($0)
22,85,0.0,15,1,14,1.0,-100.0,6.666666666666667,MARGIN CALL ($0)
22,86,0.0,15,1,14,1.0,-100.0,6.666666666666667,MARGIN CALL ($0)
22,87,0.0,15,1,14,1.0,-100.0,6.666666666666667,MARGIN CALL ($0)
22,88,0.0,15,1,14,1.0,-100.0,6.666666666666667,MARGIN CALL ($0)
22,89,0.0,15,1,14,1.0,-100.0,6.666666666666667,MARGIN CALL ($0)
22,90,0.0,14,0,14,1.0,-100.0,0.0,MARGIN CALL ($0)
22,91,0.0,14,0,14,1.0,-100.0,0.0,MARGIN CALL ($0)
22,92,0.0,14,0,14,1.0,-100.0,0.0,MARGIN CALL ($0)
22,93,0.0,13,0,13,1.0,-100.0,0.0,MARGIN CALL ($0)
22,94,0.0,13,0,13,1.0,-100.0,0.0,MARGIN CALL ($0)
22,95,0.0,12,0,12,1.0,-100.0,0.0,MARGIN CALL ($0)
22,96,0.0,12,0,12,1.0,-100.0,0.0,MARGIN CALL ($0)
22,97,0.0,12,0,12,1.0,-100.0,0.0,MARGIN CALL ($0)
22,98,0.0,12,0,12,1.0,-100.0,0.0,MARGIN CALL ($0)
22,99,0.0,12,0,12,1.0,-100.0,0.0,MARGIN CALL ($0)
22,100,0.0,12,0,12,1.0,-100.0,0.0,MARGIN CALL ($0)
23,1,0.0,49,7,42,1.0,-100.0,14.285714285714285,MARGIN CALL ($0)
23,2,0.0,57,7,50,1.0,-100.0,12.280701754385964,MARGIN CALL ($0)
23,3,0.0,57,7,50,1.0,-100.0,12.280701754385964,MARGIN CALL ($0)
23,4,0.0,49,5,44,1.0,-100.0,10.204081632653061,MARGIN CALL ($0)
23,5,0.0,38,3,35,1.0,-100.0,7.894736842105263,MARGIN CALL ($0)
23,6,0.0,34,3,31,1.0,-100.0,8.823529411764707,MARGIN CALL ($0)
23,7,0.0,38,4,34,1.0,-100.0,10.526315789473683,MARGIN CALL ($0)
23,8,0.0,15,0,15,1.0,-100.0,0.0,MARGIN CALL ($0)
23,9,0.0,17,1,16,1.0,-100.0,5.88235294117647,MARGIN CALL ($0)
23,10,0.0,19,2,17,1.0,-100.0,10.526315789473683,MARGIN CALL ($0)
23,11,0.0,18,2,16,1.0,-100.0,11.11111111111111,MARGIN CALL ($0)
23,12,0.0,69,16,53,1.0,-100.0,23.18840579710145,MARGIN CALL ($0)
23,13,0.0,22,3,19,1.0,-100.0,13.636363636363635,MARGIN CALL ($0)
23,14,0.0,28,3,25,1.0,-100.0,10.714285714285714,MARGIN CALL ($0)
23,15,0.0,28,3,25,1.0,-100.0,10.714285714285714,MARGIN CALL ($0)
23,16,0.0,25,2,23,1.0,-100.0,8.0,MARGIN CALL ($0)
23,17,0.0,20,1,19,1.0,-100.0,5.0,MARGIN CALL ($0)
23,18,0.0,21,1,20,1.0,-100.0,4.761904761904762,MARGIN CALL ($0)
23,19,0.0,22,1,21,1.0,-100.0,4.545454545454546,MARGIN CALL ($0)
23,20,0.0,32,4,28,1.0,-100.0,12.5,MARGIN CALL ($0)
23,21,0.0,18,0,18,1.0,-100.0,0.0,MARGIN CALL ($0)
23,22,0.0,19,0,19,1.0,-100.0,0.0,MARGIN CALL ($0)
23,23,0.0,25,3,22,1.0,-100.0,12.0,MARGIN CALL ($0)
23,24,0.0,25,3,22,1.0,-100.0,12.0,MARGIN CALL ($0)
23,27,0.0,507,77,430,1.0,-100.0,15.187376725838265,MARGIN CALL ($0)
23,28,0.0,18,0,18,1.0,-100.0,0.0,MARGIN CALL ($0)
23,29,0.0,17,0,17,1.0,-100.0,0.0,MARGIN CALL ($0)
23,30,0.0,14,0,14,1.0,-100.0,0.0,MARGIN CALL ($0)
23,31,0.0,72,10,62,1.0,-100.0,13.88888888888889,MARGIN CALL ($0)
23,32,0.0,73,10,63,1.0,-100.0,13.698630136986301,MARGIN CALL ($0)
23,33,0.0,73,10,63,1.0,-100.0,13.698630136986301,MARGIN CALL ($0)
23,34,0.0,15,0,15,1.0,-100.0,0.0,MARGIN CALL ($0)
23,35,0.0,16,0,16,1.0,-100.0,0.0,MARGIN CALL ($0)
23,36,0.0,13,0,13,1.0,-100.0,0.0,MARGIN CALL ($0)
23,37,0.0,13,0,13,1.0,-100.0,0.0,MARGIN CALL ($0)
23,38,0.0,12,0,12,1.0,-100.0,0.0,MARGIN CALL ($0)
23,39,0.0,13,0,13,1.0,-100.0,0.0,MARGIN CALL ($0)
23,40,0.0,12,0,12,1.0,-100.0,0.0,MARGIN CALL ($0)
23,41,0.0,12,0,12,1.0,-100.0,0.0,MARGIN CALL ($0)
23,42,0.0,12,0,12,1.0,-100.0,0.0,MARGIN CALL ($0)
23,43,0.0,13,0,13,1.0,-100.0,0.0,MARGIN CALL ($0)
23,44,0.0,12,0,12,1.0,-100.0,0.0,MARGIN CALL ($0)
23,45,0.0,12,0,12,1.0,-100.0,0.0,MARGIN CALL ($0)
23,46,0.0,10,0,10,1.0,-100.0,0.0,MARGIN CALL ($0)
23,47,0.0,10,0,10,1.0,-100.0,0.0,MARGIN CALL ($0)
23,48,0.0,9,0,9,1.0,-100.0,0.0,MARGIN CALL ($0)
23,49,0.0,9,0,9,1.0,-100.0,0.0,MARGIN CALL ($0)
23,50,0.0,9,0,9,1.0,-100.0,0.0,MARGIN CALL ($0)
23,51,0.0,8,0,8,1.0,-100.0,0.0,MARGIN CALL ($0)
23,52,0.0,8,0,8,1.0,-100.0,0.0,MARGIN CALL ($0)
23,53,0.0,8,0,8,1.0,-100.0,0.0,MARGIN CALL ($0)
23,54,0.0,12,1,11,1.0,-100.0,8.333333333333332,MARGIN CALL ($0)
23,55,0.0,14,1,13,1.0,-100.0,7.142857142857142,MARGIN CALL ($0)
23,56,0.0,14,1,13,1.0,-100.0,7.142857142857142,MARGIN CALL ($0)
23,57,0.0,13,1,12,1.0,-100.0,7.6923076923076925,MARGIN CALL ($0)
23,58,0.0,15,1,14,1.0,-100.0,6.666666666666667,MARGIN CALL ($0)
23,59,0.0,15,1,14,1.0,-100.0,6.666666666666667,MARGIN CALL ($0)
23,60,0.0,15,1,14,1.0,-100.0,6.666666666666667,MARGIN CALL ($0)
23,61,0.0,14,1,13,1.0,-100.0,7.142857142857142,MARGIN CALL ($0)
23,62,0.0,13,1,12,1.0,-100.0,7.6923076923076925,MARGIN CALL ($0)
23,63,0.0,13,1,12,1.0,-100.0,7.6923076923076925,MARGIN CALL ($0)
23,64,0.0,12,1,11,1.0,-100.0,8.333333333333332,MARGIN CALL ($0)
23,65,0.0,11,1,10,1.0,-100.0,9.090909090909092,MARGIN CALL ($0)
23,66,0.0,13,1,12,1.0,-100.0,7.6923076923076925,MARGIN CALL ($0)
23,67,0.0,13,1,12,1.0,-100.0,7.6923076923076925,MARGIN CALL ($0)
23,68,0.0,13,1,12,1.0,-100.0,7.6923076923076925,MARGIN CALL ($0)
23,69,0.0,13,1,12,1.0,-100.0,7.6923076923076925,MARGIN CALL ($0)
23,70,0.0,13,1,12,1.0,-100.0,7.6923076923076925,MARGIN CALL ($0)
23,71,0.0,12,1,11,1.0,-100.0,8.333333333333332,MARGIN CALL ($0)
23,72,0.0,13,1,12,1.0,-100.0,7.6923076923076925,MARGIN CALL ($0)
23,73,0.0,12,1,11,1.0,-100.0,8.333333333333332,MARGIN CALL ($0)
23,74,0.0,12,1,11,1.0,-100.0,8.333333333333332,MARGIN CALL ($0)
23,75,0.0,12,1,11,1.0,-100.0,8.333333333333332,MARGIN CALL ($0)
23,76,0.0,12,1,11,1.0,-100.0,8.333333333333332,MARGIN CALL ($0)
23,77,0.0,12,1,11,1.0,-100.0,8.333333333333332,MARGIN CALL ($0)
23,78,0.0,18,2,16,1.0,-100.0,11.11111111111111,MARGIN CALL ($0)
23,79,0.0,27,6,21,1.0,-100.0,22.22222222222222,MARGIN CALL ($0)
23,80,0.0,27,6,21,1.0,-100.0,22.22222222222222,MARGIN CALL ($0)
23,81,0.0,33,7,26,1.0,-100.0,21.21212121212121,MARGIN CALL ($0)
23,82,0.0,34,7,27,1.0,-100.0,20.588235294117645,MARGIN CALL ($0)
23,83,0.0,33,7,26,1.0,-100.0,21.21212121212121,MARGIN CALL ($0)
23,84,0.0,31,7,24,1.0,-100.0,22.58064516129032,MARGIN CALL ($0)
23,85,0.0,11,1,10,1.0,-100.0,9.090909090909092,MARGIN CALL ($0)
23,86,0.0,11,1,10,1.0,-100.0,9.090909090909092,MARGIN CALL ($0)
23,87,0.0,10,1,9,1.0,-100.0,10.0,MARGIN CALL ($0)
23,88,0.0,10,1,9,1.0,-100.0,10.0,MARGIN CALL ($0)
23,89,0.0,10,1,9,1.0,-100.0,10.0,MARGIN CALL ($0)
23,90,0.0,10,0,10,1.0,-100.0,0.0,MARGIN CALL ($0)
23,91,0.0,10,0,10,1.0,-100.0,0.0,MARGIN CALL ($0)
23,92,0.0,10,0,10,1.0,-100.0,0.0,MARGIN CALL ($0)
23,93,0.0,9,0,9,1.0,-100.0,0.0,MARGIN CALL ($0)
23,94,0.0,9,0,9,1.0,-100.0,0.0,MARGIN CALL ($0)
23,95,0.0,8,0,8,1.0,-100.0,0.0,MARGIN CALL ($0)
23,96,0.0,8,0,8,1.0,-100.0,0.0,MARGIN CALL ($0)
23,97,0.0,8,0,8,1.0,-100.0,0.0,MARGIN CALL ($0)
23,98,0.0,8,0,8,1.0,-100.0,0.0,MARGIN CALL ($0)
23,99,0.0,8,0,8,1.0,-100.0,0.0,MARGIN CALL ($0)
23,100,0.0,8,0,8,1.0,-100.0,0.0,MARGIN CALL ($0)
24,1,0.0,48,7,41,1.0,-100.0,14.583333333333334,MARGIN CALL ($0)
24,2,0.0,57,7,50,1.0,-100.0,12.280701754385964,MARGIN CALL ($0)
24,3,0.0,57,7,50,1.0,-100.0,12.280701754385964,MARGIN CALL ($0)
24,4,0.0,49,5,44,1.0,-100.0,10.204081632653061,MARGIN CALL ($0)
24,5,0.0,38,3,35,1.0,-100.0,7.894736842105263,MARGIN CALL ($0)
24,6,0.0,34,3,31,1.0,-100.0,8.823529411764707,MARGIN CALL ($0)
24,7,0.0,38,4,34,1.0,-100.0,10.526315789473683,MARGIN CALL ($0)
24,8,0.0,15,0,15,1.0,-100.0,0.0,MARGIN CALL ($0)
24,9,0.0,17,1,16,1.0,-100.0,5.88235294117647,MARGIN CALL ($0)
24,10,0.0,19,2,17,1.0,-100.0,10.526315789473683,MARGIN CALL ($0)
24,11,0.0,18,2,16,1.0,-100.0,11.11111111111111,MARGIN CALL ($0)
24,12,0.0,66,14,52,1.0,-100.0,21.21212121212121,MARGIN CALL ($0)
24,13,0.0,22,3,19,1.0,-100.0,13.636363636363635,MARGIN CALL ($0)
24,14,0.0,28,3,25,1.0,-100.0,10.714285714285714,MARGIN CALL ($0)
24,15,0.0,28,3,25,1.0,-100.0,10.714285714285714,MARGIN CALL ($0)
24,16,0.0,25,2,23,1.0,-100.0,8.0,MARGIN CALL ($0)
24,17,0.0,20,1,19,1.0,-100.0,5.0,MARGIN CALL ($0)
24,18,0.0,22,1,21,1.0,-100.0,4.545454545454546,MARGIN CALL ($0)
24,19,0.0,22,1,21,1.0,-100.0,4.545454545454546,MARGIN CALL ($0)
24,20,0.0,32,4,28,1.0,-100.0,12.5,MARGIN CALL ($0)
24,21,0.0,18,0,18,1.0,-100.0,0.0,MARGIN CALL ($0)
24,22,0.0,19,0,19,1.0,-100.0,0.0,MARGIN CALL ($0)
24,23,0.0,25,3,22,1.0,-100.0,12.0,MARGIN CALL ($0)
24,24,0.0,24,3,21,1.0,-100.0,12.5,MARGIN CALL ($0)
24,27,0.0,428,64,364,1.0,-100.0,14.953271028037381,MARGIN CALL ($0)
24,28,0.0,18,0,18,1.0,-100.0,0.0,MARGIN CALL ($0)
24,29,0.0,17,0,17,1.0,-100.0,0.0,MARGIN CALL ($0)
24,30,0.0,14,0,14,1.0,-100.0,0.0,MARGIN CALL ($0)
24,31,0.0,73,10,63,1.0,-100.0,13.698630136986301,MARGIN CALL ($0)
24,32,0.0,74,10,64,1.0,-100.0,13.513513513513514,MARGIN CALL ($0)
24,33,0.0,73,10,63,1.0,-100.0,13.698630136986301,MARGIN CALL ($0)
24,34,0.0,16,0,16,1.0,-100.0,0.0,MARGIN CALL ($0)
24,35,0.0,15,0,15,1.0,-100.0,0.0,MARGIN CALL ($0)
24,36,0.0,14,0,14,1.0,-100.0,0.0,MARGIN CALL ($0)
24,37,0.0,14,0,14,1.0,-100.0,0.0,MARGIN CALL ($0)
24,38,0.0,13,0,13,1.0,-100.0,0.0,MARGIN CALL ($0)
24,39,0.0,13,0,13,1.0,-100.0,0.0,MARGIN CALL ($0)
24,40,0.0,13,0,13,1.0,-100.0,0.0,MARGIN CALL ($0)
24,41,0.0,12,0,12,1.0,-100.0,0.0,MARGIN CALL ($0)
24,42,0.0,12,0,12,1.0,-100.0,0.0,MARGIN CALL ($0)
24,43,0.0,13,0,13,1.0,-100.0,0.0,MARGIN CALL ($0)
24,44,0.0,12,0,12,1.0,-100.0,0.0,MARGIN CALL ($0)
24,45,0.0,12,0,12,1.0,-100.0,0.0,MARGIN CALL ($0)
24,46,0.0,10,0,10,1.0,-100.0,0.0,MARGIN CALL ($0)
24,47,0.0,10,0,10,1.0,-100.0,0.0,MARGIN CALL ($0)
24,48,0.0,9,0,9,1.0,-100.0,0.0,MARGIN CALL ($0)
24,49,0.0,9,0,9,1.0,-100.0,0.0,MARGIN CALL ($0)
24,50,0.0,9,0,9,1.0,-100.0,0.0,MARGIN CALL ($0)
24,51,0.0,8,0,8,1.0,-100.0,0.0,MARGIN CALL ($0)
24,52,0.0,8,0,8,1.0,-100.0,0.0,MARGIN CALL ($0)
24,53,0.0,8,0,8,1.0,-100.0,0.0,MARGIN CALL ($0)
24,54,0.0,12,1,11,1.0,-100.0,8.333333333333332,MARGIN CALL ($0)
24,55,0.0,14,1,13,1.0,-100.0,7.142857142857142,MARGIN CALL ($0)
24,56,0.0,14,1,13,1.0,-100.0,7.142857142857142,MARGIN CALL ($0)
24,57,0.0,13,1,12,1.0,-100.0,7.6923076923076925,MARGIN CALL ($0)
24,58,0.0,16,1,15,1.0,-100.0,6.25,MARGIN CALL ($0)
24,59,0.0,16,1,15,1.0,-100.0,6.25,MARGIN CALL ($0)
24,60,0.0,16,1,15,1.0,-100.0,6.25,MARGIN CALL ($0)
24,61,0.0,14,1,13,1.0,-100.0,7.142857142857142,MARGIN CALL ($0)
24,62,0.0,13,1,12,1.0,-100.0,7.6923076923076925,MARGIN CALL ($0)
24,63,0.0,13,1,12,1.0,-100.0,7.6923076923076925,MARGIN CALL ($0)
24,64,0.0,12,1,11,1.0,-100.0,8.333333333333332,MARGIN CALL ($0)
24,65,0.0,11,1,10,1.0,-100.0,9.090909090909092,MARGIN CALL ($0)
24,66,0.0,13,1,12,1.0,-100.0,7.6923076923076925,MARGIN CALL ($0)
24,67,0.0,12,1,11,1.0,-100.0,8.333333333333332,MARGIN CALL ($0)
24,68,0.0,13,1,12,1.0,-100.0,7.6923076923076925,MARGIN CALL ($0)
24,69,0.0,13,1,12,1.0,-100.0,7.6923076923076925,MARGIN CALL ($0)
24,70,0.0,12,1,11,1.0,-100.0,8.333333333333332,MARGIN CALL ($0)
24,71,0.0,12,1,11,1.0,-100.0,8.333333333333332,MARGIN CALL ($0)
24,72,0.0,12,1,11,1.0,-100.0,8.333333333333332,MARGIN CALL ($0)
24,73,0.0,12,1,11,1.0,-100.0,8.333333333333332,MARGIN CALL ($0)
24,74,0.0,12,1,11,1.0,-100.0,8.333333333333332,MARGIN CALL ($0)
24,75,0.0,12,1,11,1.0,-100.0,8.333333333333332,MARGIN CALL ($0)
24,76,0.0,12,1,11,1.0,-100.0,8.333333333333332,MARGIN CALL ($0)
24,77,0.0,11,1,10,1.0,-100.0,9.090909090909092,MARGIN CALL ($0)
24,78,0.0,18,2,16,1.0,-100.0,11.11111111111111,MARGIN CALL ($0)
24,79,0.0,27,6,21,1.0,-100.0,22.22222222222222,MARGIN CALL ($0)
24,80,0.0,27,6,21,1.0,-100.0,22.22222222222222,MARGIN CALL ($0)
24,81,0.0,33,7,26,1.0,-100.0,21.21212121212121,MARGIN CALL ($0)
24,82,0.0,34,7,27,1.0,-100.0,20.588235294117645,MARGIN CALL ($0)
24,83,0.0,14,3,11,1.0,-100.0,21.428571428571427,MARGIN CALL ($0)
24,84,0.0,13,2,11,1.0,-100.0,15.384615384615385,MARGIN CALL ($0)
24,85,0.0,11,1,10,1.0,-100.0,9.090909090909092,MARGIN CALL ($0)
24,86,0.0,11,1,10,1.0,-100.0,9.090909090909092,MARGIN CALL ($0)
24,87,0.0,11,1,10,1.0,-100.0,9.090909090909092,MARGIN CALL ($0)
24,88,0.0,11,1,10,1.0,-100.0,9.090909090909092,MARGIN CALL ($0)
24,89,0.0,11,1,10,1.0,-100.0,9.090909090909092,MARGIN CALL ($0)
24,90,0.0,11,0,11,1.0,-100.0,0.0,MARGIN CALL ($0)
24,91,0.0,11,0,11,1.0,-100.0,0.0,MARGIN CALL ($0)
24,92,0.0,11,0,11,1.0,-100.0,0.0,MARGIN CALL ($0)
24,93,0.0,10,0,10,1.0,-100.0,0.0,MARGIN CALL ($0)
24,94,0.0,10,0,10,1.0,-100.0,0.0,MARGIN CALL ($0)
24,95,0.0,9,0,9,1.0,-100.0,0.0,MARGIN CALL ($0)
24,96,0.0,9,0,9,1.0,-100.0,0.0,MARGIN CALL ($0)
24,97,0.0,8,0,8,1.0,-100.0,0.0,MARGIN CALL ($0)
24,98,0.0,8,0,8,1.0,-100.0,0.0,MARGIN CALL ($0)
24,99,0.0,8,0,8,1.0,-100.0,0.0,MARGIN CALL ($0)
24,100,0.0,8,0,8,1.0,-100.0,0.0,MARGIN CALL ($0)
25,1,0.0,48,7,41,1.0,-100.0,14.583333333333334,MARGIN CALL ($0)
25,2,0.0,57,7,50,1.0,-100.0,12.280701754385964,MARGIN CALL ($0)
25,3,0.0,57,7,50,1.0,-100.0,12.280701754385964,MARGIN CALL ($0)
25,4,0.0,49,5,44,1.0,-100.0,10.204081632653061,MARGIN CALL ($0)
25,5,0.0,38,3,35,1.0,-100.0,7.894736842105263,MARGIN CALL ($0)
25,6,0.0,34,3,31,1.0,-100.0,8.823529411764707,MARGIN CALL ($0)
25,7,0.0,38,4,34,1.0,-100.0,10.526315789473683,MARGIN CALL ($0)
25,8,0.0,15,0,15,1.0,-100.0,0.0,MARGIN CALL ($0)
25,9,0.0,17,1,16,1.0,-100.0,5.88235294117647,MARGIN CALL ($0)
25,10,0.0,17,1,16,1.0,-100.0,5.88235294117647,MARGIN CALL ($0)
25,11,0.0,18,2,16,1.0,-100.0,11.11111111111111,MARGIN CALL ($0)
25,12,0.0,66,14,52,1.0,-100.0,21.21212121212121,MARGIN CALL ($0)
25,13,0.0,23,3,20,1.0,-100.0,13.043478260869565,MARGIN CALL ($0)
25,14,0.0,27,3,24,1.0,-100.0,11.11111111111111,MARGIN CALL ($0)
25,16,0.0,25,2,23,1.0,-100.0,8.0,MARGIN CALL ($0)
25,17,0.0,20,1,19,1.0,-100.0,5.0,MARGIN CALL ($0)
25,18,0.0,23,1,22,1.0,-100.0,4.3478260869565215,MARGIN CALL ($0)
25,19,0.0,23,1,22,1.0,-100.0,4.3478260869565215,MARGIN CALL ($0)
25,20,0.0,69,13,56,1.0,-100.0,18.84057971014493,MARGIN CALL ($0)
25,21,0.0,67,10,57,1.0,-100.0,14.925373134328357,MARGIN CALL ($0)
25,22,0.0,65,9,56,1.0,-100.0,13.846153846153847,MARGIN CALL ($0)
25,28,0.0,389,54,335,1.0,-100.0,13.881748071979436,MARGIN CALL ($0)
25,29,0.0,308,42,266,1.0,-100.0,13.636363636363635,MARGIN CALL ($0)
25,30,0.0,15,0,15,1.0,-100.0,0.0,MARGIN CALL ($0)
25,34,0.0,16,0,16,1.0,-100.0,0.0,MARGIN CALL ($0)
25,35,0.0,17,0,17,1.0,-100.0,0.0,MARGIN CALL ($0)
25,36,0.0,14,0,14,1.0,-100.0,0.0,MARGIN CALL ($0)
25,37,0.0,14,0,14,1.0,-100.0,0.0,MARGIN CALL ($0)
25,38,0.0,13,0,13,1.0,-100.0,0.0,MARGIN CALL ($0)
25,39,0.0,13,0,13,1.0,-100.0,0.0,MARGIN CALL ($0)
25,40,0.0,13,0,13,1.0,-100.0,0.0,MARGIN CALL ($0)
25,41,0.0,12,0,12,1.0,-100.0,0.0,MARGIN CALL ($0)
25,42,0.0,12,0,12,1.0,-100.0,0.0,MARGIN CALL ($0)
25,43,0.0,13,0,13,1.0,-100.0,0.0,MARGIN CALL ($0)
25,44,0.0,12,0,12,1.0,-100.0,0.0,MARGIN CALL ($0)
25,45,0.0,12,0,12,1.0,-100.0,0.0,MARGIN CALL ($0)
25,46,0.0,12,0,12,1.0,-100.0,0.0,MARGIN CALL ($0)
25,47,0.0,12,0,12,1.0,-100.0,0.0,MARGIN CALL ($0)
25,48,0.0,11,0,11,1.0,-100.0,0.0,MARGIN CALL ($0)
25,49,0.0,9,0,9,1.0,-100.0,0.0,MARGIN CALL ($0)
25,50,0.0,9,0,9,1.0,-100.0,0.0,MARGIN CALL ($0)
25,51,0.0,10,0,10,1.0,-100.0,0.0,MARGIN CALL ($0)
25,52,0.0,10,0,10,1.0,-100.0,0.0,MARGIN CALL ($0)
25,53,0.0,10,0,10,1.0,-100.0,0.0,MARGIN CALL ($0)
25,54,0.0,11,1,10,1.0,-100.0,9.090909090909092,MARGIN CALL ($0)
25,55,0.0,14,1,13,1.0,-100.0,7.142857142857142,MARGIN CALL ($0)
25,56,0.0,14,1,13,1.0,-100.0,7.142857142857142,MARGIN CALL ($0)
25,57,0.0,13,1,12,1.0,-100.0,7.6923076923076925,MARGIN CALL ($0)
25,58,0.0,14,1,13,1.0,-100.0,7.142857142857142,MARGIN CALL ($0)
25,59,0.0,14,1,13,1.0,-100.0,7.142857142857142,MARGIN CALL ($0)
25,60,0.0,14,1,13,1.0,-100.0,7.142857142857142,MARGIN CALL ($0)
25,61,0.0,13,1,12,1.0,-100.0,7.6923076923076925,MARGIN CALL ($0)
25,62,0.0,12,1,11,1.0,-100.0,8.333333333333332,MARGIN CALL ($0)
25,63,0.0,13,1,12,1.0,-100.0,7.6923076923076925,MARGIN CALL ($0)
25,64,0.0,12,1,11,1.0,-100.0,8.333333333333332,MARGIN CALL ($0)
25,65,0.0,11,1,10,1.0,-100.0,9.090909090909092,MARGIN CALL ($0)
25,66,0.0,13,1,12,1.0,-100.0,7.6923076923076925,MARGIN CALL ($0)
25,67,0.0,11,1,10,1.0,-100.0,9.090909090909092,MARGIN CALL ($0)
25,68,0.0,12,1,11,1.0,-100.0,8.333333333333332,MARGIN CALL ($0)
25,69,0.0,12,1,11,1.0,-100.0,8.333333333333332,MARGIN CALL ($0)
25,70,0.0,12,1,11,1.0,-100.0,8.333333333333332,MARGIN CALL ($0)
25,71,0.0,12,1,11,1.0,-100.0,8.333333333333332,MARGIN CALL ($0)
25,72,0.0,11,1,10,1.0,-100.0,9.090909090909092,MARGIN CALL ($0)
25,73,0.0,11,1,10,1.0,-100.0,9.090909090909092,MARGIN CALL ($0)
25,74,0.0,11,1,10,1.0,-100.0,9.090909090909092,MARGIN CALL ($0)
25,75,0.0,11,1,10,1.0,-100.0,9.090909090909092,MARGIN CALL ($0)
25,76,0.0,11,1,10,1.0,-100.0,9.090909090909092,MARGIN CALL ($0)
25,77,0.0,11,1,10,1.0,-100.0,9.090909090909092,MARGIN CALL ($0)
25,78,0.0,22,4,18,1.0,-100.0,18.181818181818183,MARGIN CALL ($0)
25,79,0.0,22,4,18,1.0,-100.0,18.181818181818183,MARGIN CALL ($0)
25,80,0.0,22,4,18,1.0,-100.0,18.181818181818183,MARGIN CALL ($0)
25,81,0.0,20,4,16,1.0,-100.0,20.0,MARGIN CALL ($0)
25,82,0.0,20,4,16,1.0,-100.0,20.0,MARGIN CALL ($0)
25,83,0.0,14,3,11,1.0,-100.0,21.428571428571427,MARGIN CALL ($0)
25,84,0.0,14,2,12,1.0,-100.0,14.285714285714285,MARGIN CALL ($0)
25,85,0.0,11,1,10,1.0,-100.0,9.090909090909092,MARGIN CALL ($0)
25,86,0.0,11,1,10,1.0,-100.0,9.090909090909092,MARGIN CALL ($0)
25,87,0.0,11,1,10,1.0,-100.0,9.090909090909092,MARGIN CALL ($0)
25,88,0.0,11,1,10,1.0,-100.0,9.090909090909092,MARGIN CALL ($0)
25,89,0.0,11,1,10,1.0,-100.0,9.090909090909092,MARGIN CALL ($0)
25,90,0.0,10,0,10,1.0,-100.0,0.0,MARGIN CALL ($0)
25,91,0.0,10,0,10,1.0,-100.0,0.0,MARGIN CALL ($0)
25,92,0.0,10,0,10,1.0,-100.0,0.0,MARGIN CALL ($0)
25,93,0.0,9,0,9,1.0,-100.0,0.0,MARGIN CALL ($0)
25,94,0.0,9,0,9,1.0,-100.0,0.0,MARGIN CALL ($0)
25,95,0.0,8,0,8,1.0,-100.0,0.0,MARGIN CALL ($0)
25,96,0.0,8,0,8,1.0,-100.0,0.0,MARGIN CALL ($0)
25,97,0.0,7,0,7,1.0,-100.0,0.0,MARGIN CALL ($0)
25,98,0.0,7,0,7,1.0,-100.0,0.0,MARGIN CALL ($0)
25,99,0.0,7,0,7,1.0,-100.0,0.0,MARGIN CALL ($0)
25,100,0.0,7,0,7,1.0,-100.0,0.0,MARGIN CALL ($0)
26,1,0.0,48,7,41,1.0,-100.0,14.583333333333334,MARGIN CALL ($0)
26,2,0.0,57,7,50,1.0,-100.0,12.280701754385964,MARGIN CALL ($0)
26,3,0.0,57,7,50,1.0,-100.0,12.280701754385964,MARGIN CALL ($0)
26,4,0.0,49,5,44,1.0,-100.0,10.204081632653061,MARGIN CALL ($0)
26,5,0.0,38,3,35,1.0,-100.0,7.894736842105263,MARGIN CALL ($0)
26,6,0.0,34,3,31,1.0,-100.0,8.823529411764707,MARGIN CALL ($0)
26,7,0.0,38,4,34,1.0,-100.0,10.526315789473683,MARGIN CALL ($0)
26,8,0.0,15,0,15,1.0,-100.0,0.0,MARGIN CALL ($0)
26,9,0.0,17,1,16,1.0,-100.0,5.88235294117647,MARGIN CALL ($0)
26,10,0.0,17,1,16,1.0,-100.0,5.88235294117647,MARGIN CALL ($0)
26,11,0.0,18,2,16,1.0,-100.0,11.11111111111111,MARGIN CALL ($0)
26,12,0.0,67,14,53,1.0,-100.0,20.8955223880597,MARGIN CALL ($0)
26,13,0.0,23,3,20,1.0,-100.0,13.043478260869565,MARGIN CALL ($0)
26,14,0.0,26,3,23,1.0,-100.0,11.538461538461538,MARGIN CALL ($0)
26,16,0.0,25,2,23,1.0,-100.0,8.0,MARGIN CALL ($0)
26,18,0.0,22,1,21,1.0,-100.0,4.545454545454546,MARGIN CALL ($0)
26,19,0.0,71,12,59,1.0,-100.0,16.901408450704224,MARGIN CALL ($0)
26,20,0.0,66,13,53,1.0,-100.0,19.696969696969695,MARGIN CALL ($0)
26,21,0.0,64,10,54,1.0,-100.0,15.625,MARGIN CALL ($0)
26,22,0.0,63,9,54,1.0,-100.0,14.285714285714285,MARGIN CALL ($0)
26,28,0.0,237,32,205,1.0,-100.0,13.502109704641349,MARGIN CALL ($0)
26,29,0.0,174,26,148,1.0,-100.0,14.942528735632186,MARGIN CALL ($0)
26,30,0.0,16,0,16,1.0,-100.0,0.0,MARGIN CALL ($0)
26,31,0.0,382,57,325,1.0,-100.0,14.921465968586386,MARGIN CALL ($0)
26,34,0.0,42,3,39,1.0,-100.0,7.142857142857142,MARGIN CALL ($0)
26,35,0.0,45,3,42,1.0,-100.0,6.666666666666667,MARGIN CALL ($0)
26,36,0.0,14,0,14,1.0,-100.0,0.0,MARGIN CALL ($0)
26,37,0.0,14,0,14,1.0,-100.0,0.0,MARGIN CALL ($0)
26,38,0.0,13,0,13,1.0,-100.0,0.0,MARGIN CALL ($0)
26,39,0.0,17,0,17,1.0,-100.0,0.0,MARGIN CALL ($0)
26,40,0.0,15,0,15,1.0,-100.0,0.0,MARGIN CALL ($0)
26,41,0.0,15,0,15,1.0,-100.0,0.0,MARGIN CALL ($0)
26,42,0.0,15,0,15,1.0,-100.0,0.0,MARGIN CALL ($0)
26,43,0.0,13,0,13,1.0,-100.0,0.0,MARGIN CALL ($0)
26,44,0.0,13,0,13,1.0,-100.0,0.0,MARGIN CALL ($0)
26,45,0.0,13,0,13,1.0,-100.0,0.0,MARGIN CALL ($0)
26,46,0.0,13,0,13,1.0,-100.0,0.0,MARGIN CALL ($0)
26,47,0.0,14,0,14,1.0,-100.0,0.0,MARGIN CALL ($0)
26,48,0.0,12,0,12,1.0,-100.0,0.0,MARGIN CALL ($0)
26,49,0.0,12,0,12,1.0,-100.0,0.0,MARGIN CALL ($0)
26,50,0.0,12,0,12,1.0,-100.0,0.0,MARGIN CALL ($0)
26,51,0.0,12,0,12,1.0,-100.0,0.0,MARGIN CALL ($0)
26,52,0.0,10,0,10,1.0,-100.0,0.0,MARGIN CALL ($0)
26,53,0.0,10,0,10,1.0,-100.0,0.0,MARGIN CALL ($0)
26,54,0.0,13,1,12,1.0,-100.0,7.6923076923076925,MARGIN CALL ($0)
26,55,0.0,14,1,13,1.0,-100.0,7.142857142857142,MARGIN CALL ($0)
26,56,0.0,13,1,12,1.0,-100.0,7.6923076923076925,MARGIN CALL ($0)
26,57,0.0,13,1,12,1.0,-100.0,7.6923076923076925,MARGIN CALL ($0)
26,58,0.0,14,1,13,1.0,-100.0,7.142857142857142,MARGIN CALL ($0)
26,59,0.0,14,1,13,1.0,-100.0,7.142857142857142,MARGIN CALL ($0)
26,60,0.0,14,1,13,1.0,-100.0,7.142857142857142,MARGIN CALL ($0)
26,61,0.0,13,1,12,1.0,-100.0,7.6923076923076925,MARGIN CALL ($0)
26,62,0.0,12,1,11,1.0,-100.0,8.333333333333332,MARGIN CALL ($0)
26,63,0.0,13,1,12,1.0,-100.0,7.6923076923076925,MARGIN CALL ($0)
26,64,0.0,12,1,11,1.0,-100.0,8.333333333333332,MARGIN CALL ($0)
26,65,0.0,11,1,10,1.0,-100.0,9.090909090909092,MARGIN CALL ($0)
26,66,0.0,12,1,11,1.0,-100.0,8.333333333333332,MARGIN CALL ($0)
26,67,0.0,13,1,12,1.0,-100.0,7.6923076923076925,MARGIN CALL ($0)
26,68,0.0,14,1,13,1.0,-100.0,7.142857142857142,MARGIN CALL ($0)
26,69,0.0,14,1,13,1.0,-100.0,7.142857142857142,MARGIN CALL ($0)
26,70,0.0,14,1,13,1.0,-100.0,7.142857142857142,MARGIN CALL ($0)
26,71,0.0,13,1,12,1.0,-100.0,7.6923076923076925,MARGIN CALL ($0)
26,72,0.0,14,1,13,1.0,-100.0,7.142857142857142,MARGIN CALL ($0)
26,73,0.0,14,1,13,1.0,-100.0,7.142857142857142,MARGIN CALL ($0)
26,74,0.0,14,1,13,1.0,-100.0,7.142857142857142,MARGIN CALL ($0)
26,75,0.0,13,1,12,1.0,-100.0,7.6923076923076925,MARGIN CALL ($0)
26,76,0.0,13,1,12,1.0,-100.0,7.6923076923076925,MARGIN CALL ($0)
26,77,0.0,13,1,12,1.0,-100.0,7.6923076923076925,MARGIN CALL ($0)
26,78,0.0,19,4,15,1.0,-100.0,21.052631578947366,MARGIN CALL ($0)
26,79,0.0,20,4,16,1.0,-100.0,20.0,MARGIN CALL ($0)
26,80,0.0,19,4,15,1.0,-100.0,21.052631578947366,MARGIN CALL ($0)
26,81,0.0,19,4,15,1.0,-100.0,21.052631578947366,MARGIN CALL ($0)
26,82,0.0,18,4,14,1.0,-100.0,22.22222222222222,MARGIN CALL ($0)
26,83,0.0,16,3,13,1.0,-100.0,18.75,MARGIN CALL ($0)
26,84,0.0,14,2,12,1.0,-100.0,14.285714285714285,MARGIN CALL ($0)
26,85,0.0,11,1,10,1.0,-100.0,9.090909090909092,MARGIN CALL ($0)
26,86,0.0,11,1,10,1.0,-100.0,9.090909090909092,MARGIN CALL ($0)
26,87,0.0,11,1,10,1.0,-100.0,9.090909090909092,MARGIN CALL ($0)
26,88,0.0,11,1,10,1.0,-100.0,9.090909090909092,MARGIN CALL ($0)
26,89,0.0,11,1,10,1.0,-100.0,9.090909090909092,MARGIN CALL ($0)
26,90,0.0,9,0,9,1.0,-100.0,0.0,MARGIN CALL ($0)
26,91,0.0,9,0,9,1.0,-100.0,0.0,MARGIN CALL ($0)
26,92,0.0,9,0,9,1.0,-100.0,0.0,MARGIN CALL ($0)
26,93,0.0,9,0,9,1.0,-100.0,0.0,MARGIN CALL ($0)
26,94,0.0,9,0,9,1.0,-100.0,0.0,MARGIN CALL ($0)
26,95,0.0,9,0,9,1.0,-100.0,0.0,MARGIN CALL ($0)
26,96,0.0,9,0,9,1.0,-100.0,0.0,MARGIN CALL ($0)
26,97,0.0,9,0,9,1.0,-100.0,0.0,MARGIN CALL ($0)
26,98,0.0,10,0,10,1.0,-100.0,0.0,MARGIN CALL ($0)
26,99,0.0,10,0,10,1.0,-100.0,0.0,MARGIN CALL ($0)
26,100,0.0,10,0,10,1.0,-100.0,0.0,MARGIN CALL ($0)
27,1,0.0,48,7,41,1.0,-100.0,14.583333333333334,MARGIN CALL ($0)
27,2,0.0,57,7,50,1.0,-100.0,12.280701754385964,MARGIN CALL ($0)
27,3,0.0,57,7,50,1.0,-100.0,12.280701754385964,MARGIN CALL ($0)
27,4,0.0,49,5,44,1.0,-100.0,10.204081632653061,MARGIN CALL ($0)
27,5,0.0,38,3,35,1.0,-100.0,7.894736842105263,MARGIN CALL ($0)
27,6,0.0,34,3,31,1.0,-100.0,8.823529411764707,MARGIN CALL ($0)
27,7,0.0,38,4,34,1.0,-100.0,10.526315789473683,MARGIN CALL ($0)
27,8,0.0,15,0,15,1.0,-100.0,0.0,MARGIN CALL ($0)
27,9,0.0,17,1,16,1.0,-100.0,5.88235294117647,MARGIN CALL ($0)
27,10,0.0,17,1,16,1.0,-100.0,5.88235294117647,MARGIN CALL ($0)
27,11,0.0,18,2,16,1.0,-100.0,11.11111111111111,MARGIN CALL ($0)
27,12,0.0,31,4,27,1.0,-100.0,12.903225806451612,MARGIN CALL ($0)
27,13,0.0,22,3,19,1.0,-100.0,13.636363636363635,MARGIN CALL ($0)
27,14,0.0,22,3,19,1.0,-100.0,13.636363636363635,MARGIN CALL ($0)
27,15,0.0,22,3,19,1.0,-100.0,13.636363636363635,MARGIN CALL ($0)
27,16,0.0,20,2,18,1.0,-100.0,10.0,MARGIN CALL ($0)
27,17,0.0,19,1,18,1.0,-100.0,5.263157894736842,MARGIN CALL ($0)
27,18,0.0,71,12,59,1.0,-100.0,16.901408450704224,MARGIN CALL ($0)
27,19,0.0,72,12,60,1.0,-100.0,16.666666666666664,MARGIN CALL ($0)
27,20,0.0,67,13,54,1.0,-100.0,19.402985074626866,MARGIN CALL ($0)
27,21,0.0,65,10,55,1.0,-100.0,15.384615384615385,MARGIN CALL ($0)
27,22,0.0,62,9,53,1.0,-100.0,14.516129032258066,MARGIN CALL ($0)
27,23,0.0,66,10,56,1.0,-100.0,15.151515151515152,MARGIN CALL ($0)
27,27,0.0,46,3,43,1.0,-100.0,6.521739130434782,MARGIN CALL ($0)
27,28,0.0,49,3,46,1.0,-100.0,6.122448979591836,MARGIN CALL ($0)
27,29,0.0,49,3,46,1.0,-100.0,6.122448979591836,MARGIN CALL ($0)
27,30,0.0,49,3,46,1.0,-100.0,6.122448979591836,MARGIN CALL ($0)
27,31,0.0,59,4,55,1.0,-100.0,6.779661016949152,MARGIN CALL ($0)
27,32,0.0,59,4,55,1.0,-100.0,6.779661016949152,MARGIN CALL ($0)
27,33,0.0,58,4,54,1.0,-100.0,6.896551724137931,MARGIN CALL ($0)
27,34,0.0,60,4,56,1.0,-100.0,6.666666666666667,MARGIN CALL ($0)
27,35,0.0,50,3,47,1.0,-100.0,6.0,MARGIN CALL ($0)
27,36,0.0,14,0,14,1.0,-100.0,0.0,MARGIN CALL ($0)
27,37,0.0,14,0,14,1.0,-100.0,0.0,MARGIN CALL ($0)
27,38,0.0,14,0,14,1.0,-100.0,0.0,MARGIN CALL ($0)
27,39,0.0,16,0,16,1.0,-100.0,0.0,MARGIN CALL ($0)
27,40,0.0,16,0,16,1.0,-100.0,0.0,MARGIN CALL ($0)
27,41,0.0,15,0,15,1.0,-100.0,0.0,MARGIN CALL ($0)
27,42,0.0,15,0,15,1.0,-100.0,0.0,MARGIN CALL ($0)
27,43,0.0,14,0,14,1.0,-100.0,0.0,MARGIN CALL ($0)
27,44,0.0,14,0,14,1.0,-100.0,0.0,MARGIN CALL ($0)
27,45,0.0,14,0,14,1.0,-100.0,0.0,MARGIN CALL ($0)
27,46,0.0,14,0,14,1.0,-100.0,0.0,MARGIN CALL ($0)
27,47,0.0,13,0,13,1.0,-100.0,0.0,MARGIN CALL ($0)
27,48,0.0,13,0,13,1.0,-100.0,0.0,MARGIN CALL ($0)
27,49,0.0,13,0,13,1.0,-100.0,0.0,MARGIN CALL ($0)
27,50,0.0,12,0,12,1.0,-100.0,0.0,MARGIN CALL ($0)
27,51,0.0,11,0,11,1.0,-100.0,0.0,MARGIN CALL ($0)
27,52,0.0,11,0,11,1.0,-100.0,0.0,MARGIN CALL ($0)
27,53,0.0,11,0,11,1.0,-100.0,0.0,MARGIN CALL ($0)
27,54,0.0,12,1,11,1.0,-100.0,8.333333333333332,MARGIN CALL ($0)
27,55,0.0,14,1,13,1.0,-100.0,7.142857142857142,MARGIN CALL ($0)
27,56,0.0,14,1,13,1.0,-100.0,7.142857142857142,MARGIN CALL ($0)
27,57,0.0,13,1,12,1.0,-100.0,7.6923076923076925,MARGIN CALL ($0)
27,58,0.0,14,1,13,1.0,-100.0,7.142857142857142,MARGIN CALL ($0)
27,59,0.0,14,1,13,1.0,-100.0,7.142857142857142,MARGIN CALL ($0)
27,60,0.0,14,1,13,1.0,-100.0,7.142857142857142,MARGIN CALL ($0)
27,61,0.0,13,1,12,1.0,-100.0,7.6923076923076925,MARGIN CALL ($0)
27,62,0.0,13,1,12,1.0,-100.0,7.6923076923076925,MARGIN CALL ($0)
27,63,0.0,14,1,13,1.0,-100.0,7.142857142857142,MARGIN CALL ($0)
27,64,0.0,13,1,12,1.0,-100.0,7.6923076923076925,MARGIN CALL ($0)
27,65,0.0,12,1,11,1.0,-100.0,8.333333333333332,MARGIN CALL ($0)
27,66,0.0,13,1,12,1.0,-100.0,7.6923076923076925,MARGIN CALL ($0)
27,67,0.0,14,1,13,1.0,-100.0,7.142857142857142,MARGIN CALL ($0)
27,68,0.0,15,1,14,1.0,-100.0,6.666666666666667,MARGIN CALL ($0)
27,69,0.0,15,1,14,1.0,-100.0,6.666666666666667,MARGIN CALL ($0)
27,70,0.0,15,1,14,1.0,-100.0,6.666666666666667,MARGIN CALL ($0)
27,71,0.0,13,1,12,1.0,-100.0,7.6923076923076925,MARGIN CALL ($0)
27,72,0.0,14,1,13,1.0,-100.0,7.142857142857142,MARGIN CALL ($0)
27,73,0.0,14,1,13,1.0,-100.0,7.142857142857142,MARGIN CALL ($0)
27,74,0.0,14,1,13,1.0,-100.0,7.142857142857142,MARGIN CALL ($0)
27,75,0.0,14,1,13,1.0,-100.0,7.142857142857142,MARGIN CALL ($0)
27,76,0.0,14,1,13,1.0,-100.0,7.142857142857142,MARGIN CALL ($0)
27,77,0.0,13,1,12,1.0,-100.0,7.6923076923076925,MARGIN CALL ($0)
27,78,0.0,20,4,16,1.0,-100.0,20.0,MARGIN CALL ($0)
27,79,0.0,20,4,16,1.0,-100.0,20.0,MARGIN CALL ($0)
27,80,0.0,20,4,16,1.0,-100.0,20.0,MARGIN CALL ($0)
27,81,0.0,19,4,15,1.0,-100.0,21.052631578947366,MARGIN CALL ($0)
27,82,0.0,19,4,15,1.0,-100.0,21.052631578947366,MARGIN CALL ($0)
27,83,0.0,16,3,13,1.0,-100.0,18.75,MARGIN CALL ($0)
27,84,0.0,14,2,12,1.0,-100.0,14.285714285714285,MARGIN CALL ($0)
27,85,0.0,11,1,10,1.0,-100.0,9.090909090909092,MARGIN CALL ($0)
27,86,0.0,11,1,10,1.0,-100.0,9.090909090909092,MARGIN CALL ($0)
27,87,0.0,11,1,10,1.0,-100.0,9.090909090909092,MARGIN CALL ($0)
27,88,0.0,11,1,10,1.0,-100.0,9.090909090909092,MARGIN CALL ($0)
27,89,0.0,11,1,10,1.0,-100.0,9.090909090909092,MARGIN CALL ($0)
27,90,0.0,9,0,9,1.0,-100.0,0.0,MARGIN CALL ($0)
27,91,0.0,9,0,9,1.0,-100.0,0.0,MARGIN CALL ($0)
27,92,0.0,9,0,9,1.0,-100.0,0.0,MARGIN CALL ($0)
27,93,0.0,9,0,9,1.0,-100.0,0.0,MARGIN CALL ($0)
27,94,0.0,9,0,9,1.0,-100.0,0.0,MARGIN CALL ($0)
27,95,0.0,9,0,9,1.0,-100.0,0.0,MARGIN CALL ($0)
27,96,0.0,9,0,9,1.0,-100.0,0.0,MARGIN CALL ($0)
27,97,0.0,9,0,9,1.0,-100.0,0.0,MARGIN CALL ($0)
27,98,0.0,10,0,10,1.0,-100.0,0.0,MARGIN CALL ($0)
27,99,0.0,10,0,10,1.0,-100.0,0.0,MARGIN CALL ($0)
27,100,0.0,10,0,10,1.0,-100.0,0.0,MARGIN CALL ($0)
28,1,0.0,48,7,41,1.0,-100.0,14.583333333333334,MARGIN CALL ($0)
28,2,0.0,57,7,50,1.0,-100.0,12.280701754385964,MARGIN CALL ($0)
28,3,0.0,57,7,50,1.0,-100.0,12.280701754385964,MARGIN CALL ($0)
28,4,0.0,49,5,44,1.0,-100.0,10.204081632653061,MARGIN CALL ($0)
28,5,0.0,37,3,34,1.0,-100.0,8.108108108108109,MARGIN CALL ($0)
28,6,0.0,33,3,30,1.0,-100.0,9.090909090909092,MARGIN CALL ($0)
28,7,0.0,38,4,34,1.0,-100.0,10.526315789473683,MARGIN CALL ($0)
28,8,0.0,15,0,15,1.0,-100.0,0.0,MARGIN CALL ($0)
28,9,0.0,19,2,17,1.0,-100.0,10.526315789473683,MARGIN CALL ($0)
28,10,0.0,19,2,17,1.0,-100.0,10.526315789473683,MARGIN CALL ($0)
28,11,0.0,18,2,16,1.0,-100.0,11.11111111111111,MARGIN CALL ($0)
28,12,0.0,32,4,28,1.0,-100.0,12.5,MARGIN CALL ($0)
28,13,0.0,22,3,19,1.0,-100.0,13.636363636363635,MARGIN CALL ($0)
28,14,0.0,22,3,19,1.0,-100.0,13.636363636363635,MARGIN CALL ($0)
28,15,0.0,22,3,19,1.0,-100.0,13.636363636363635,MARGIN CALL ($0)
28,16,0.0,20,2,18,1.0,-100.0,10.0,MARGIN CALL ($0)
28,17,0.0,19,1,18,1.0,-100.0,5.263157894736842,MARGIN CALL ($0)
28,18,0.0,72,12,60,1.0,-100.0,16.666666666666664,MARGIN CALL ($0)
28,19,0.0,72,12,60,1.0,-100.0,16.666666666666664,MARGIN CALL ($0)
28,20,0.0,68,13,55,1.0,-100.0,19.11764705882353,MARGIN CALL ($0)
28,21,0.0,17,0,17,1.0,-100.0,0.0,MARGIN CALL ($0)
28,22,0.0,19,0,19,1.0,-100.0,0.0,MARGIN CALL ($0)
28,23,0.0,18,0,18,1.0,-100.0,0.0,MARGIN CALL ($0)
28,24,0.0,17,0,17,1.0,-100.0,0.0,MARGIN CALL ($0)
28,26,0.0,347,49,298,1.0,-100.0,14.121037463976945,MARGIN CALL ($0)
28,27,0.0,46,3,43,1.0,-100.0,6.521739130434782,MARGIN CALL ($0)
28,28,0.0,42,3,39,1.0,-100.0,7.142857142857142,MARGIN CALL ($0)
28,29,0.0,42,3,39,1.0,-100.0,7.142857142857142,MARGIN CALL ($0)
28,30,0.0,43,3,40,1.0,-100.0,6.976744186046512,MARGIN CALL ($0)
28,31,0.0,53,4,49,1.0,-100.0,7.547169811320755,MARGIN CALL ($0)
28,32,0.0,54,4,50,1.0,-100.0,7.4074074074074066,MARGIN CALL ($0)
28,33,0.0,53,4,49,1.0,-100.0,7.547169811320755,MARGIN CALL ($0)
28,34,0.0,43,3,40,1.0,-100.0,6.976744186046512,MARGIN CALL ($0)
28,35,0.0,45,3,42,1.0,-100.0,6.666666666666667,MARGIN CALL ($0)
28,36,0.0,14,0,14,1.0,-100.0,0.0,MARGIN CALL ($0)
28,37,0.0,14,0,14,1.0,-100.0,0.0,MARGIN CALL ($0)
28,38,0.0,14,0,14,1.0,-100.0,0.0,MARGIN CALL ($0)
28,39,0.0,16,0,16,1.0,-100.0,0.0,MARGIN CALL ($0)
28,40,0.0,16,0,16,1.0,-100.0,0.0,MARGIN CALL ($0)
28,41,0.0,14,0,14,1.0,-100.0,0.0,MARGIN CALL ($0)
28,42,0.0,15,0,15,1.0,-100.0,0.0,MARGIN CALL ($0)
28,43,0.0,15,0,15,1.0,-100.0,0.0,MARGIN CALL ($0)
28,44,0.0,14,0,14,1.0,-100.0,0.0,MARGIN CALL ($0)
28,45,0.0,14,0,14,1.0,-100.0,0.0,MARGIN CALL ($0)
28,46,0.0,16,0,16,1.0,-100.0,0.0,MARGIN CALL ($0)
28,47,0.0,15,0,15,1.0,-100.0,0.0,MARGIN CALL ($0)
28,48,0.0,15,0,15,1.0,-100.0,0.0,MARGIN CALL ($0)
28,49,0.0,15,0,15,1.0,-100.0,0.0,MARGIN CALL ($0)
28,50,0.0,14,0,14,1.0,-100.0,0.0,MARGIN CALL ($0)
28,51,0.0,13,0,13,1.0,-100.0,0.0,MARGIN CALL ($0)
28,52,0.0,13,0,13,1.0,-100.0,0.0,MARGIN CALL ($0)
28,53,0.0,13,0,13,1.0,-100.0,0.0,MARGIN CALL ($0)
28,54,0.0,14,1,13,1.0,-100.0,7.142857142857142,MARGIN CALL ($0)
28,55,0.0,15,1,14,1.0,-100.0,6.666666666666667,MARGIN CALL ($0)
28,56,0.0,15,1,14,1.0,-100.0,6.666666666666667,MARGIN CALL ($0)
28,57,0.0,14,1,13,1.0,-100.0,7.142857142857142,MARGIN CALL ($0)
28,58,0.0,15,1,14,1.0,-100.0,6.666666666666667,MARGIN CALL ($0)
28,59,0.0,15,1,14,1.0,-100.0,6.666666666666667,MARGIN CALL ($0)
28,60,0.0,15,1,14,1.0,-100.0,6.666666666666667,MARGIN CALL ($0)
28,61,0.0,14,1,13,1.0,-100.0,7.142857142857142,MARGIN CALL ($0)
28,62,0.0,13,1,12,1.0,-100.0,7.6923076923076925,MARGIN CALL ($0)
28,63,0.0,14,1,13,1.0,-100.0,7.142857142857142,MARGIN CALL ($0)
28,64,0.0,13,1,12,1.0,-100.0,7.6923076923076925,MARGIN CALL ($0)
28,65,0.0,11,1,10,1.0,-100.0,9.090909090909092,MARGIN CALL ($0)
28,66,0.0,12,1,11,1.0,-100.0,8.333333333333332,MARGIN CALL ($0)
28,67,0.0,13,1,12,1.0,-100.0,7.6923076923076925,MARGIN CALL ($0)
28,68,0.0,14,1,13,1.0,-100.0,7.142857142857142,MARGIN CALL ($0)
28,69,0.0,14,1,13,1.0,-100.0,7.142857142857142,MARGIN CALL ($0)
28,70,0.0,14,1,13,1.0,-100.0,7.142857142857142,MARGIN CALL ($0)
28,71,0.0,14,1,13,1.0,-100.0,7.142857142857142,MARGIN CALL ($0)
28,72,0.0,14,1,13,1.0,-100.0,7.142857142857142,MARGIN CALL ($0)
28,73,0.0,14,1,13,1.0,-100.0,7.142857142857142,MARGIN CALL ($0)
28,74,0.0,14,1,13,1.0,-100.0,7.142857142857142,MARGIN CALL ($0)
28,75,0.0,14,1,13,1.0,-100.0,7.142857142857142,MARGIN CALL ($0)
28,76,0.0,14,1,13,1.0,-100.0,7.142857142857142,MARGIN CALL ($0)
28,77,0.0,14,1,13,1.0,-100.0,7.142857142857142,MARGIN CALL ($0)
28,78,0.0,20,4,16,1.0,-100.0,20.0,MARGIN CALL ($0)
28,79,0.0,20,4,16,1.0,-100.0,20.0,MARGIN CALL ($0)
28,80,0.0,20,4,16,1.0,-100.0,20.0,MARGIN CALL ($0)
28,81,0.0,19,4,15,1.0,-100.0,21.052631578947366,MARGIN CALL ($0)
28,82,0.0,19,4,15,1.0,-100.0,21.052631578947366,MARGIN CALL ($0)
28,83,0.0,16,3,13,1.0,-100.0,18.75,MARGIN CALL ($0)
28,84,0.0,14,2,12,1.0,-100.0,14.285714285714285,MARGIN CALL ($0)
28,85,0.0,12,1,11,1.0,-100.0,8.333333333333332,MARGIN CALL ($0)
28,86,0.0,12,1,11,1.0,-100.0,8.333333333333332,MARGIN CALL ($0)
28,87,0.0,12,1,11,1.0,-100.0,8.333333333333332,MARGIN CALL ($0)
28,88,0.0,12,1,11,1.0,-100.0,8.333333333333332,MARGIN CALL ($0)
28,89,0.0,12,1,11,1.0,-100.0,8.333333333333332,MARGIN CALL ($0)
28,90,0.0,10,0,10,1.0,-100.0,0.0,MARGIN CALL ($0)
28,91,0.0,10,0,10,1.0,-100.0,0.0,MARGIN CALL ($0)
28,92,0.0,10,0,10,1.0,-100.0,0.0,MARGIN CALL ($0)
28,93,0.0,9,0,9,1.0,-100.0,0.0,MARGIN CALL ($0)
28,94,0.0,10,0,10,1.0,-100.0,0.0,MARGIN CALL ($0)
28,95,0.0,9,0,9,1.0,-100.0,0.0,MARGIN CALL ($0)
28,96,0.0,8,0,8,1.0,-100.0,0.0,MARGIN CALL ($0)
28,97,0.0,10,0,10,1.0,-100.0,0.0,MARGIN CALL ($0)
28,98,0.0,10,0,10,1.0,-100.0,0.0,MARGIN CALL ($0)
28,99,0.0,10,0,10,1.0,-100.0,0.0,MARGIN CALL ($0)
28,100,0.0,10,0,10,1.0,-100.0,0.0,MARGIN CALL ($0)
29,1,0.0,48,7,41,1.0,-100.0,14.583333333333334,MARGIN CALL ($0)
29,2,0.0,57,7,50,1.0,-100.0,12.280701754385964,MARGIN CALL ($0)
29,3,0.0,57,7,50,1.0,-100.0,12.280701754385964,MARGIN CALL ($0)
29,4,0.0,49,5,44,1.0,-100.0,10.204081632653061,MARGIN CALL ($0)
29,5,0.0,37,3,34,1.0,-100.0,8.108108108108109,MARGIN CALL ($0)
29,6,0.0,33,3,30,1.0,-100.0,9.090909090909092,MARGIN CALL ($0)
29,7,0.0,38,4,34,1.0,-100.0,10.526315789473683,MARGIN CALL ($0)
29,8,0.0,15,0,15,1.0,-100.0,0.0,MARGIN CALL ($0)
29,9,0.0,19,2,17,1.0,-100.0,10.526315789473683,MARGIN CALL ($0)
29,10,0.0,19,2,17,1.0,-100.0,10.526315789473683,MARGIN CALL ($0)
29,11,0.0,18,2,16,1.0,-100.0,11.11111111111111,MARGIN CALL ($0)
29,12,0.0,32,4,28,1.0,-100.0,12.5,MARGIN CALL ($0)
29,13,0.0,22,3,19,1.0,-100.0,13.636363636363635,MARGIN CALL ($0)
29,14,0.0,22,3,19,1.0,-100.0,13.636363636363635,MARGIN CALL ($0)
29,15,0.0,21,3,18,1.0,-100.0,14.285714285714285,MARGIN CALL ($0)
29,16,0.0,19,2,17,1.0,-100.0,10.526315789473683,MARGIN CALL ($0)
29,17,0.0,19,1,18,1.0,-100.0,5.263157894736842,MARGIN CALL ($0)
29,18,0.0,68,11,57,1.0,-100.0,16.176470588235293,MARGIN CALL ($0)
29,19,0.0,67,11,56,1.0,-100.0,16.417910447761194,MARGIN CALL ($0)
29,20,0.0,65,13,52,1.0,-100.0,20.0,MARGIN CALL ($0)
29,21,0.0,16,0,16,1.0,-100.0,0.0,MARGIN CALL ($0)
29,22,0.0,18,0,18,1.0,-100.0,0.0,MARGIN CALL ($0)
29,23,0.0,17,0,17,1.0,-100.0,0.0,MARGIN CALL ($0)
29,24,0.0,17,0,17,1.0,-100.0,0.0,MARGIN CALL ($0)
29,27,0.0,47,3,44,1.0,-100.0,6.382978723404255,MARGIN CALL ($0)
29,28,0.0,42,3,39,1.0,-100.0,7.142857142857142,MARGIN CALL ($0)
29,29,0.0,17,0,17,1.0,-100.0,0.0,MARGIN CALL ($0)
29,30,0.0,14,0,14,1.0,-100.0,0.0,MARGIN CALL ($0)
29,31,0.0,29,1,28,1.0,-100.0,3.4482758620689653,MARGIN CALL ($0)
29,32,0.0,30,1,29,1.0,-100.0,3.3333333333333335,MARGIN CALL ($0)
29,33,0.0,30,1,29,1.0,-100.0,3.3333333333333335,MARGIN CALL ($0)
29,34,0.0,15,0,15,1.0,-100.0,0.0,MARGIN CALL ($0)
29,35,0.0,16,0,16,1.0,-100.0,0.0,MARGIN CALL ($0)
29,36,0.0,17,0,17,1.0,-100.0,0.0,MARGIN CALL ($0)
29,37,0.0,16,0,16,1.0,-100.0,0.0,MARGIN CALL ($0)
29,38,0.0,16,0,16,1.0,-100.0,0.0,MARGIN CALL ($0)
29,39,0.0,17,0,17,1.0,-100.0,0.0,MARGIN CALL ($0)
29,40,0.0,17,0,17,1.0,-100.0,0.0,MARGIN CALL ($0)
29,41,0.0,18,0,18,1.0,-100.0,0.0,MARGIN CALL ($0)
29,42,0.0,18,0,18,1.0,-100.0,0.0,MARGIN CALL ($0)
29,43,0.0,16,0,16,1.0,-100.0,0.0,MARGIN CALL ($0)
29,44,0.0,15,0,15,1.0,-100.0,0.0,MARGIN CALL ($0)
29,45,0.0,15,0,15,1.0,-100.0,0.0,MARGIN CALL ($0)
29,46,0.0,16,0,16,1.0,-100.0,0.0,MARGIN CALL ($0)
29,47,0.0,15,0,15,1.0,-100.0,0.0,MARGIN CALL ($0)
29,48,0.0,15,0,15,1.0,-100.0,0.0,MARGIN CALL ($0)
29,49,0.0,15,0,15,1.0,-100.0,0.0,MARGIN CALL ($0)
29,50,0.0,14,0,14,1.0,-100.0,0.0,MARGIN CALL ($0)
29,51,0.0,14,0,14,1.0,-100.0,0.0,MARGIN CALL ($0)
29,52,0.0,13,0,13,1.0,-100.0,0.0,MARGIN CALL ($0)
29,53,0.0,13,0,13,1.0,-100.0,0.0,MARGIN CALL ($0)
29,54,0.0,14,1,13,1.0,-100.0,7.142857142857142,MARGIN CALL ($0)
29,55,0.0,16,1,15,1.0,-100.0,6.25,MARGIN CALL ($0)
29,56,0.0,15,1,14,1.0,-100.0,6.666666666666667,MARGIN CALL ($0)
29,57,0.0,15,1,14,1.0,-100.0,6.666666666666667,MARGIN CALL ($0)
29,58,0.0,15,1,14,1.0,-100.0,6.666666666666667,MARGIN CALL ($0)
29,59,0.0,15,1,14,1.0,-100.0,6.666666666666667,MARGIN CALL ($0)
29,60,0.0,15,1,14,1.0,-100.0,6.666666666666667,MARGIN CALL ($0)
29,61,0.0,14,1,13,1.0,-100.0,7.142857142857142,MARGIN CALL ($0)
29,62,0.0,14,1,13,1.0,-100.0,7.142857142857142,MARGIN CALL ($0)
29,63,0.0,14,1,13,1.0,-100.0,7.142857142857142,MARGIN CALL ($0)
29,64,0.0,12,1,11,1.0,-100.0,8.333333333333332,MARGIN CALL ($0)
29,65,0.0,11,1,10,1.0,-100.0,9.090909090909092,MARGIN CALL ($0)
29,66,0.0,12,1,11,1.0,-100.0,8.333333333333332,MARGIN CALL ($0)
29,67,0.0,11,1,10,1.0,-100.0,9.090909090909092,MARGIN CALL ($0)
29,68,0.0,11,1,10,1.0,-100.0,9.090909090909092,MARGIN CALL ($0)
29,69,0.0,11,1,10,1.0,-100.0,9.090909090909092,MARGIN CALL ($0)
29,70,0.0,11,1,10,1.0,-100.0,9.090909090909092,MARGIN CALL ($0)
29,71,0.0,12,1,11,1.0,-100.0,8.333333333333332,MARGIN CALL ($0)
29,72,0.0,13,1,12,1.0,-100.0,7.6923076923076925,MARGIN CALL ($0)
29,73,0.0,13,1,12,1.0,-100.0,7.6923076923076925,MARGIN CALL ($0)
29,74,0.0,13,1,12,1.0,-100.0,7.6923076923076925,MARGIN CALL ($0)
29,75,0.0,12,1,11,1.0,-100.0,8.333333333333332,MARGIN CALL ($0)
29,76,0.0,13,1,12,1.0,-100.0,7.6923076923076925,MARGIN CALL ($0)
29,77,0.0,13,1,12,1.0,-100.0,7.6923076923076925,MARGIN CALL ($0)
29,78,0.0,19,3,16,1.0,-100.0,15.789473684210526,MARGIN CALL ($0)
29,79,0.0,20,4,16,1.0,-100.0,20.0,MARGIN CALL ($0)
29,80,0.0,20,4,16,1.0,-100.0,20.0,MARGIN CALL ($0)
29,81,0.0,21,4,17,1.0,-100.0,19.047619047619047,MARGIN CALL ($0)
29,82,0.0,21,4,17,1.0,-100.0,19.047619047619047,MARGIN CALL ($0)
29,83,0.0,16,3,13,1.0,-100.0,18.75,MARGIN CALL ($0)
29,84,0.0,16,2,14,1.0,-100.0,12.5,MARGIN CALL ($0)
29,85,0.0,12,1,11,1.0,-100.0,8.333333333333332,MARGIN CALL ($0)
29,86,0.0,12,1,11,1.0,-100.0,8.333333333333332,MARGIN CALL ($0)
29,87,0.0,12,1,11,1.0,-100.0,8.333333333333332,MARGIN CALL ($0)
29,88,0.0,12,1,11,1.0,-100.0,8.333333333333332,MARGIN CALL ($0)
29,89,0.0,12,1,11,1.0,-100.0,8.333333333333332,MARGIN CALL ($0)
29,90,0.0,10,0,10,1.0,-100.0,0.0,MARGIN CALL ($0)
29,91,0.0,10,0,10,1.0,-100.0,0.0,MARGIN CALL ($0)
29,92,0.0,11,0,11,1.0,-100.0,0.0,MARGIN CALL ($0)
29,93,0.0,10,0,10,1.0,-100.0,0.0,MARGIN CALL ($0)
29,94,0.0,11,0,11,1.0,-100.0,0.0,MARGIN CALL ($0)
29,95,0.0,12,0,12,1.0,-100.0,0.0,MARGIN CALL ($0)
29,96,0.0,12,0,12,1.0,-100.0,0.0,MARGIN CALL ($0)
29,97,0.0,57,7,50,1.0,-100.0,12.280701754385964,MARGIN CALL ($0)
29,98,0.0,58,7,51,1.0,-100.0,12.068965517241379,MARGIN CALL ($0)
29,99,0.0,12,0,12,1.0,-100.0,0.0,MARGIN CALL ($0)
29,100,0.0,48,5,43,1.0,-100.0,10.416666666666668,MARGIN CALL ($0)
30,1,0.0,48,7,41,1.0,-100.0,14.583333333333334,MARGIN CALL ($0)
30,2,0.0,57,7,50,1.0,-100.0,12.280701754385964,MARGIN CALL ($0)
30,3,0.0,57,7,50,1.0,-100.0,12.280701754385964,MARGIN CALL ($0)
30,4,0.0,49,5,44,1.0,-100.0,10.204081632653061,MARGIN CALL ($0)
30,5,0.0,37,3,34,1.0,-100.0,8.108108108108109,MARGIN CALL ($0)
30,6,0.0,33,3,30,1.0,-100.0,9.090909090909092,MARGIN CALL ($0)
30,7,0.0,38,4,34,1.0,-100.0,10.526315789473683,MARGIN CALL ($0)
30,8,0.0,15,0,15,1.0,-100.0,0.0,MARGIN CALL ($0)
30,9,0.0,19,2,17,1.0,-100.0,10.526315789473683,MARGIN CALL ($0)
30,10,0.0,19,2,17,1.0,-100.0,10.526315789473683,MARGIN CALL ($0)
30,11,0.0,18,2,16,1.0,-100.0,11.11111111111111,MARGIN CALL ($0)
30,12,0.0,32,4,28,1.0,-100.0,12.5,MARGIN CALL ($0)
30,13,0.0,22,3,19,1.0,-100.0,13.636363636363635,MARGIN CALL ($0)
30,14,0.0,22,3,19,1.0,-100.0,13.636363636363635,MARGIN CALL ($0)
30,15,0.0,21,3,18,1.0,-100.0,14.285714285714285,MARGIN CALL ($0)
30,16,0.0,19,2,17,1.0,-100.0,10.526315789473683,MARGIN CALL ($0)
30,17,0.0,19,1,18,1.0,-100.0,5.263157894736842,MARGIN CALL ($0)
30,18,0.0,66,11,55,1.0,-100.0,16.666666666666664,MARGIN CALL ($0)
30,19,0.0,64,11,53,1.0,-100.0,17.1875,MARGIN CALL ($0)
30,20,0.0,63,13,50,1.0,-100.0,20.634920634920633,MARGIN CALL ($0)
30,21,0.0,16,0,16,1.0,-100.0,0.0,MARGIN CALL ($0)
30,22,0.0,18,0,18,1.0,-100.0,0.0,MARGIN CALL ($0)
30,23,0.0,17,0,17,1.0,-100.0,0.0,MARGIN CALL ($0)
30,24,0.0,17,0,17,1.0,-100.0,0.0,MARGIN CALL ($0)
30,27,0.0,47,3,44,1.0,-100.0,6.382978723404255,MARGIN CALL ($0)
30,28,0.0,43,3,40,1.0,-100.0,6.976744186046512,MARGIN CALL ($0)
30,29,0.0,17,0,17,1.0,-100.0,0.0,MARGIN CALL ($0)
30,30,0.0,13,0,13,1.0,-100.0,0.0,MARGIN CALL ($0)
30,31,0.0,29,1,28,1.0,-100.0,3.4482758620689653,MARGIN CALL ($0)
30,32,0.0,29,1,28,1.0,-100.0,3.4482758620689653,MARGIN CALL ($0)
30,33,0.0,29,1,28,1.0,-100.0,3.4482758620689653,MARGIN CALL ($0)
30,34,0.0,14,0,14,1.0,-100.0,0.0,MARGIN CALL ($0)
30,35,0.0,14,0,14,1.0,-100.0,0.0,MARGIN CALL ($0)
30,36,0.0,15,0,15,1.0,-100.0,0.0,MARGIN CALL ($0)
30,37,0.0,16,0,16,1.0,-100.0,0.0,MARGIN CALL ($0)
30,38,0.0,16,0,16,1.0,-100.0,0.0,MARGIN CALL ($0)
30,39,0.0,17,0,17,1.0,-100.0,0.0,MARGIN CALL ($0)
30,40,0.0,17,0,17,1.0,-100.0,0.0,MARGIN CALL ($0)
30,41,0.0,21,1,20,1.0,-100.0,4.761904761904762,MARGIN CALL ($0)
30,42,0.0,21,1,20,1.0,-100.0,4.761904761904762,MARGIN CALL ($0)
30,43,0.0,16,0,16,1.0,-100.0,0.0,MARGIN CALL ($0)
30,44,0.0,16,0,16,1.0,-100.0,0.0,MARGIN CALL ($0)
30,45,0.0,16,0,16,1.0,-100.0,0.0,MARGIN CALL ($0)
30,46,0.0,17,0,17,1.0,-100.0,0.0,MARGIN CALL ($0)
30,47,0.0,14,0,14,1.0,-100.0,0.0,MARGIN CALL ($0)
30,48,0.0,14,0,14,1.0,-100.0,0.0,MARGIN CALL ($0)
30,49,0.0,14,0,14,1.0,-100.0,0.0,MARGIN CALL ($0)
30,50,0.0,14,0,14,1.0,-100.0,0.0,MARGIN CALL ($0)
30,51,0.0,14,0,14,1.0,-100.0,0.0,MARGIN CALL ($0)
30,52,0.0,14,0,14,1.0,-100.0,0.0,MARGIN CALL ($0)
30,53,0.0,15,0,15,1.0,-100.0,0.0,MARGIN CALL ($0)
30,54,0.0,14,1,13,1.0,-100.0,7.142857142857142,MARGIN CALL ($0)
30,55,0.0,15,1,14,1.0,-100.0,6.666666666666667,MARGIN CALL ($0)
30,56,0.0,14,1,13,1.0,-100.0,7.142857142857142,MARGIN CALL ($0)
30,57,0.0,14,1,13,1.0,-100.0,7.142857142857142,MARGIN CALL ($0)
30,58,0.0,14,1,13,1.0,-100.0,7.142857142857142,MARGIN CALL ($0)
30,59,0.0,14,1,13,1.0,-100.0,7.142857142857142,MARGIN CALL ($0)
30,60,0.0,14,1,13,1.0,-100.0,7.142857142857142,MARGIN CALL ($0)
30,61,0.0,13,1,12,1.0,-100.0,7.6923076923076925,MARGIN CALL ($0)
30,62,0.0,13,1,12,1.0,-100.0,7.6923076923076925,MARGIN CALL ($0)
30,63,0.0,14,1,13,1.0,-100.0,7.142857142857142,MARGIN CALL ($0)
30,64,0.0,12,1,11,1.0,-100.0,8.333333333333332,MARGIN CALL ($0)
30,65,0.0,12,1,11,1.0,-100.0,8.333333333333332,MARGIN CALL ($0)
30,66,0.0,12,1,11,1.0,-100.0,8.333333333333332,MARGIN CALL ($0)
30,67,0.0,12,1,11,1.0,-100.0,8.333333333333332,MARGIN CALL ($0)
30,68,0.0,13,1,12,1.0,-100.0,7.6923076923076925,MARGIN CALL ($0)
30,69,0.0,13,1,12,1.0,-100.0,7.6923076923076925,MARGIN CALL ($0)
30,70,0.0,13,1,12,1.0,-100.0,7.6923076923076925,MARGIN CALL ($0)
30,71,0.0,13,1,12,1.0,-100.0,7.6923076923076925,MARGIN CALL ($0)
30,72,0.0,13,1,12,1.0,-100.0,7.6923076923076925,MARGIN CALL ($0)
30,73,0.0,13,1,12,1.0,-100.0,7.6923076923076925,MARGIN CALL ($0)
30,74,0.0,13,1,12,1.0,-100.0,7.6923076923076925,MARGIN CALL ($0)
30,75,0.0,13,1,12,1.0,-100.0,7.6923076923076925,MARGIN CALL ($0)
30,76,0.0,13,1,12,1.0,-100.0,7.6923076923076925,MARGIN CALL ($0)
30,77,0.0,13,1,12,1.0,-100.0,7.6923076923076925,MARGIN CALL ($0)
30,78,0.0,19,4,15,1.0,-100.0,21.052631578947366,MARGIN CALL ($0)
30,79,0.0,19,4,15,1.0,-100.0,21.052631578947366,MARGIN CALL ($0)
30,80,0.0,19,4,15,1.0,-100.0,21.052631578947366,MARGIN CALL ($0)
30,81,0.0,17,4,13,1.0,-100.0,23.52941176470588,MARGIN CALL ($0)
30,82,0.0,17,4,13,1.0,-100.0,23.52941176470588,MARGIN CALL ($0)
30,83,0.0,16,3,13,1.0,-100.0,18.75,MARGIN CALL ($0)
30,84,0.0,16,2,14,1.0,-100.0,12.5,MARGIN CALL ($0)
30,85,0.0,13,1,12,1.0,-100.0,7.6923076923076925,MARGIN CALL ($0)
30,86,0.0,13,1,12,1.0,-100.0,7.6923076923076925,MARGIN CALL ($0)
30,87,0.0,12,1,11,1.0,-100.0,8.333333333333332,MARGIN CALL ($0)
30,88,0.0,12,1,11,1.0,-100.0,8.333333333333332,MARGIN CALL ($0)
30,89,0.0,12,1,11,1.0,-100.0,8.333333333333332,MARGIN CALL ($0)
30,90,0.0,10,0,10,1.0,-100.0,0.0,MARGIN CALL ($0)
30,91,0.0,10,0,10,1.0,-100.0,0.0,MARGIN CALL ($0)
30,92,0.0,12,0,12,1.0,-100.0,0.0,MARGIN CALL ($0)
30,93,0.0,11,0,11,1.0,-100.0,0.0,MARGIN CALL ($0)
30,94,0.0,12,0,12,1.0,-100.0,0.0,MARGIN CALL ($0)
30,95,0.0,12,0,12,1.0,-100.0,0.0,MARGIN CALL ($0)
30,96,0.0,12,0,12,1.0,-100.0,0.0,MARGIN CALL ($0)
30,97,0.0,60,7,53,1.0,-100.0,11.666666666666666,MARGIN CALL ($0)
30,98,0.0,58,7,51,1.0,-100.0,12.068965517241379,MARGIN CALL ($0)
30,99,0.0,12,0,12,1.0,-100.0,0.0,MARGIN CALL ($0)
30,100,0.0,50,5,45,1.0,-100.0,10.0,MARGIN CALL ($0)
31,1,0.0,53,7,46,1.0,-100.0,13.20754716981132,MARGIN CALL ($0)
31,2,0.0,57,7,50,1.0,-100.0,12.280701754385964,MARGIN CALL ($0)
31,3,0.0,57,7,50,1.0,-100.0,12.280701754385964,MARGIN CALL ($0)
31,4,0.0,49,5,44,1.0,-100.0,10.204081632653061,MARGIN CALL ($0)
31,5,0.0,37,3,34,1.0,-100.0,8.108108108108109,MARGIN CALL ($0)
31,6,0.0,33,3,30,1.0,-100.0,9.090909090909092,MARGIN CALL ($0)
31,7,0.0,38,4,34,1.0,-100.0,10.526315789473683,MARGIN CALL ($0)
31,8,0.0,45,7,38,1.0,-100.0,15.555555555555555,MARGIN CALL ($0)
31,9,0.0,38,5,33,1.0,-100.0,13.157894736842104,MARGIN CALL ($0)
31,10,0.0,38,5,33,1.0,-100.0,13.157894736842104,MARGIN CALL ($0)
31,11,0.0,43,7,36,1.0,-100.0,16.27906976744186,MARGIN CALL ($0)
31,12,0.0,78,17,61,1.0,-100.0,21.794871794871796,MARGIN CALL ($0)
31,13,0.0,67,12,55,1.0,-100.0,17.91044776119403,MARGIN CALL ($0)
31,14,0.0,36,5,31,1.0,-100.0,13.88888888888889,MARGIN CALL ($0)
31,16,0.0,137,28,109,1.0,-100.0,20.437956204379564,MARGIN CALL ($0)
31,18,0.0,77,16,61,1.0,-100.0,20.77922077922078,MARGIN CALL ($0)
31,19,0.0,76,16,60,1.0,-100.0,21.052631578947366,MARGIN CALL ($0)
31,20,0.0,73,18,55,1.0,-100.0,24.65753424657534,MARGIN CALL ($0)
31,21,0.0,65,12,53,1.0,-100.0,18.461538461538463,MARGIN CALL ($0)
31,22,0.0,45,5,40,1.0,-100.0,11.11111111111111,MARGIN CALL ($0)
31,23,0.0,44,6,38,1.0,-100.0,13.636363636363635,MARGIN CALL ($0)
31,24,0.0,42,6,36,1.0,-100.0,14.285714285714285,MARGIN CALL ($0)
31,27,0.0,57,4,53,1.0,-100.0,7.017543859649122,MARGIN CALL ($0)
31,28,0.0,52,4,48,1.0,-100.0,7.6923076923076925,MARGIN CALL ($0)
31,29,0.0,29,1,28,1.0,-100.0,3.4482758620689653,MARGIN CALL ($0)
31,30,0.0,28,1,27,1.0,-100.0,3.571428571428571,MARGIN CALL ($0)
31,31,0.0,28,1,27,1.0,-100.0,3.571428571428571,MARGIN CALL ($0)
31,32,0.0,29,1,28,1.0,-100.0,3.4482758620689653,MARGIN CALL ($0)
31,33,0.0,29,1,28,1.0,-100.0,3.4482758620689653,MARGIN CALL ($0)
31,34,0.0,29,1,28,1.0,-100.0,3.4482758620689653,MARGIN CALL ($0)
31,35,0.0,29,1,28,1.0,-100.0,3.4482758620689653,MARGIN CALL ($0)
31,36,0.0,29,1,28,1.0,-100.0,3.4482758620689653,MARGIN CALL ($0)
31,37,0.0,30,1,29,1.0,-100.0,3.3333333333333335,MARGIN CALL ($0)
31,38,0.0,28,1,27,1.0,-100.0,3.571428571428571,MARGIN CALL ($0)
31,39,0.0,28,1,27,1.0,-100.0,3.571428571428571,MARGIN CALL ($0)
31,40,0.0,30,2,28,1.0,-100.0,6.666666666666667,MARGIN CALL ($0)
31,41,0.0,38,3,35,1.0,-100.0,7.894736842105263,MARGIN CALL ($0)
31,42,0.0,37,3,34,1.0,-100.0,8.108108108108109,MARGIN CALL ($0)
31,43,0.0,36,3,33,1.0,-100.0,8.333333333333332,MARGIN CALL ($0)
31,44,0.0,32,2,30,1.0,-100.0,6.25,MARGIN CALL ($0)
31,45,0.0,32,2,30,1.0,-100.0,6.25,MARGIN CALL ($0)
31,46,0.0,33,2,31,1.0,-100.0,6.0606060606060606,MARGIN CALL ($0)
31,47,0.0,30,2,28,1.0,-100.0,6.666666666666667,MARGIN CALL ($0)
31,48,0.0,28,2,26,1.0,-100.0,7.142857142857142,MARGIN CALL ($0)
31,49,0.0,35,3,32,1.0,-100.0,8.571428571428571,MARGIN CALL ($0)
31,50,0.0,40,3,37,1.0,-100.0,7.5,MARGIN CALL ($0)
31,51,0.0,39,3,36,1.0,-100.0,7.6923076923076925,MARGIN CALL ($0)
31,52,0.0,38,3,35,1.0,-100.0,7.894736842105263,MARGIN CALL ($0)
31,53,0.0,33,3,30,1.0,-100.0,9.090909090909092,MARGIN CALL ($0)
31,54,0.0,36,3,33,1.0,-100.0,8.333333333333332,MARGIN CALL ($0)
31,55,0.0,33,3,30,1.0,-100.0,9.090909090909092,MARGIN CALL ($0)
31,56,0.0,32,3,29,1.0,-100.0,9.375,MARGIN CALL ($0)
31,57,0.0,33,3,30,1.0,-100.0,9.090909090909092,MARGIN CALL ($0)
31,58,0.0,33,3,30,1.0,-100.0,9.090909090909092,MARGIN CALL ($0)
31,59,0.0,30,3,27,1.0,-100.0,10.0,MARGIN CALL ($0)
31,60,0.0,34,4,30,1.0,-100.0,11.76470588235294,MARGIN CALL ($0)
31,61,0.0,31,4,27,1.0,-100.0,12.903225806451612,MARGIN CALL ($0)
31,62,0.0,33,4,29,1.0,-100.0,12.121212121212121,MARGIN CALL ($0)
31,63,0.0,34,4,30,1.0,-100.0,11.76470588235294,MARGIN CALL ($0)
31,64,0.0,31,4,27,1.0,-100.0,12.903225806451612,MARGIN CALL ($0)
31,65,0.0,27,3,24,1.0,-100.0,11.11111111111111,MARGIN CALL ($0)
31,66,0.0,28,3,25,1.0,-100.0,10.714285714285714,MARGIN CALL ($0)
31,67,0.0,33,3,30,1.0,-100.0,9.090909090909092,MARGIN CALL ($0)
31,68,0.0,33,3,30,1.0,-100.0,9.090909090909092,MARGIN CALL ($0)
31,69,0.0,33,3,30,1.0,-100.0,9.090909090909092,MARGIN CALL ($0)
31,70,0.0,33,3,30,1.0,-100.0,9.090909090909092,MARGIN CALL ($0)
31,71,0.0,30,3,27,1.0,-100.0,10.0,MARGIN CALL ($0)
31,72,0.0,31,3,28,1.0,-100.0,9.67741935483871,MARGIN CALL ($0)
31,73,0.0,29,3,26,1.0,-100.0,10.344827586206897,MARGIN CALL ($0)
31,74,0.0,29,3,26,1.0,-100.0,10.344827586206897,MARGIN CALL ($0)
31,75,0.0,29,3,26,1.0,-100.0,10.344827586206897,MARGIN CALL ($0)
31,76,0.0,28,3,25,1.0,-100.0,10.714285714285714,MARGIN CALL ($0)
31,77,0.0,29,3,26,1.0,-100.0,10.344827586206897,MARGIN CALL ($0)
31,78,0.0,40,6,34,1.0,-100.0,15.0,MARGIN CALL ($0)
31,79,0.0,40,6,34,1.0,-100.0,15.0,MARGIN CALL ($0)
31,80,0.0,63,10,53,1.0,-100.0,15.873015873015872,MARGIN CALL ($0)
31,81,0.0,60,10,50,1.0,-100.0,16.666666666666664,MARGIN CALL ($0)
31,82,0.0,62,10,52,1.0,-100.0,16.129032258064516,MARGIN CALL ($0)
31,83,0.0,38,5,33,1.0,-100.0,13.157894736842104,MARGIN CALL ($0)
31,84,0.0,35,4,31,1.0,-100.0,11.428571428571429,MARGIN CALL ($0)
31,85,0.0,32,3,29,1.0,-100.0,9.375,MARGIN CALL ($0)
31,86,0.0,32,3,29,1.0,-100.0,9.375,MARGIN CALL ($0)
31,87,0.0,29,3,26,1.0,-100.0,10.344827586206897,MARGIN CALL ($0)
31,88,0.0,29,3,26,1.0,-100.0,10.344827586206897,MARGIN CALL ($0)
31,89,0.0,27,3,24,1.0,-100.0,11.11111111111111,MARGIN CALL ($0)
31,90,0.0,27,3,24,1.0,-100.0,11.11111111111111,MARGIN CALL ($0)
31,91,0.0,28,3,25,1.0,-100.0,10.714285714285714,MARGIN CALL ($0)
31,92,0.0,35,5,30,1.0,-100.0,14.285714285714285,MARGIN CALL ($0)
31,93,0.0,34,5,29,1.0,-100.0,14.705882352941178,MARGIN CALL ($0)
31,94,0.0,34,5,29,1.0,-100.0,14.705882352941178,MARGIN CALL ($0)
31,95,0.0,34,5,29,1.0,-100.0,14.705882352941178,MARGIN CALL ($0)
31,96,0.0,66,10,56,1.0,-100.0,15.151515151515152,MARGIN CALL ($0)
31,97,0.0,79,12,67,1.0,-100.0,15.18987341772152,MARGIN CALL ($0)
31,98,0.0,64,10,54,1.0,-100.0,15.625,MARGIN CALL ($0)
31,99,0.0,79,12,67,1.0,-100.0,15.18987341772152,MARGIN CALL ($0)
31,100,0.0,70,10,60,1.0,-100.0,14.285714285714285,MARGIN CALL ($0)
32,1,0.0,53,7,46,1.0,-100.0,13.20754716981132,MARGIN CALL ($0)
32,2,0.0,57,7,50,1.0,-100.0,12.280701754385964,MARGIN CALL ($0)
32,3,0.0,57,7,50,1.0,-100.0,12.280701754385964,MARGIN CALL ($0)
32,4,0.0,49,5,44,1.0,-100.0,10.204081632653061,MARGIN CALL ($0)
32,5,0.0,37,3,34,1.0,-100.0,8.108108108108109,MARGIN CALL ($0)
32,6,0.0,33,3,30,1.0,-100.0,9.090909090909092,MARGIN CALL ($0)
32,7,0.0,38,4,34,1.0,-100.0,10.526315789473683,MARGIN CALL ($0)
32,8,0.0,45,7,38,1.0,-100.0,15.555555555555555,MARGIN CALL ($0)
32,9,0.0,38,5,33,1.0,-100.0,13.157894736842104,MARGIN CALL ($0)
32,10,0.0,38,5,33,1.0,-100.0,13.157894736842104,MARGIN CALL ($0)
32,11,0.0,43,7,36,1.0,-100.0,16.27906976744186,MARGIN CALL ($0)
32,12,0.0,78,17,61,1.0,-100.0,21.794871794871796,MARGIN CALL ($0)
32,13,0.0,67,12,55,1.0,-100.0,17.91044776119403,MARGIN CALL ($0)
32,14,0.0,36,5,31,1.0,-100.0,13.88888888888889,MARGIN CALL ($0)
32,18,0.0,76,16,60,1.0,-100.0,21.052631578947366,MARGIN CALL ($0)
32,19,0.0,75,16,59,1.0,-100.0,21.333333333333336,MARGIN CALL ($0)
32,20,0.0,72,18,54,1.0,-100.0,25.0,MARGIN CALL ($0)
32,21,0.0,64,12,52,1.0,-100.0,18.75,MARGIN CALL ($0)
32,22,0.0,45,5,40,1.0,-100.0,11.11111111111111,MARGIN CALL ($0)
32,23,0.0,45,6,39,1.0,-100.0,13.333333333333334,MARGIN CALL ($0)
32,24,0.0,43,6,37,1.0,-100.0,13.953488372093023,MARGIN CALL ($0)
32,27,0.0,58,4,54,1.0,-100.0,6.896551724137931,MARGIN CALL ($0)
32,28,0.0,53,4,49,1.0,-100.0,7.547169811320755,MARGIN CALL ($0)
32,29,0.0,30,1,29,1.0,-100.0,3.3333333333333335,MARGIN CALL ($0)
32,30,0.0,29,1,28,1.0,-100.0,3.4482758620689653,MARGIN CALL ($0)
32,31,0.0,29,1,28,1.0,-100.0,3.4482758620689653,MARGIN CALL ($0)
32,32,0.0,27,1,26,1.0,-100.0,3.7037037037037033,MARGIN CALL ($0)
32,33,0.0,27,1,26,1.0,-100.0,3.7037037037037033,MARGIN CALL ($0)
32,34,0.0,28,1,27,1.0,-100.0,3.571428571428571,MARGIN CALL ($0)
32,35,0.0,29,1,28,1.0,-100.0,3.4482758620689653,MARGIN CALL ($0)
32,36,0.0,29,1,28,1.0,-100.0,3.4482758620689653,MARGIN CALL ($0)
32,37,0.0,29,1,28,1.0,-100.0,3.4482758620689653,MARGIN CALL ($0)
32,38,0.0,27,1,26,1.0,-100.0,3.7037037037037033,MARGIN CALL ($0)
32,39,0.0,32,2,30,1.0,-100.0,6.25,MARGIN CALL ($0)
32,40,0.0,30,2,28,1.0,-100.0,6.666666666666667,MARGIN CALL ($0)
32,41,0.0,37,3,34,1.0,-100.0,8.108108108108109,MARGIN CALL ($0)
32,42,0.0,37,3,34,1.0,-100.0,8.108108108108109,MARGIN CALL ($0)
32,43,0.0,38,3,35,1.0,-100.0,7.894736842105263,MARGIN CALL ($0)
32,44,0.0,39,4,35,1.0,-100.0,10.256410256410255,MARGIN CALL ($0)
32,45,0.0,31,2,29,1.0,-100.0,6.451612903225806,MARGIN CALL ($0)
32,46,0.0,31,2,29,1.0,-100.0,6.451612903225806,MARGIN CALL ($0)
32,47,0.0,29,2,27,1.0,-100.0,6.896551724137931,MARGIN CALL ($0)
32,48,0.0,28,2,26,1.0,-100.0,7.142857142857142,MARGIN CALL ($0)
32,49,0.0,35,3,32,1.0,-100.0,8.571428571428571,MARGIN CALL ($0)
32,50,0.0,37,3,34,1.0,-100.0,8.108108108108109,MARGIN CALL ($0)
32,51,0.0,37,3,34,1.0,-100.0,8.108108108108109,MARGIN CALL ($0)
32,52,0.0,36,3,33,1.0,-100.0,8.333333333333332,MARGIN CALL ($0)
32,53,0.0,32,3,29,1.0,-100.0,9.375,MARGIN CALL ($0)
32,54,0.0,33,3,30,1.0,-100.0,9.090909090909092,MARGIN CALL ($0)
32,55,0.0,31,3,28,1.0,-100.0,9.67741935483871,MARGIN CALL ($0)
32,56,0.0,30,3,27,1.0,-100.0,10.0,MARGIN CALL ($0)
32,57,0.0,30,3,27,1.0,-100.0,10.0,MARGIN CALL ($0)
32,58,0.0,30,3,27,1.0,-100.0,10.0,MARGIN CALL ($0)
32,59,0.0,30,3,27,1.0,-100.0,10.0,MARGIN CALL ($0)
32,60,0.0,31,4,27,1.0,-100.0,12.903225806451612,MARGIN CALL ($0)
32,61,0.0,29,3,26,1.0,-100.0,10.344827586206897,MARGIN CALL ($0)
32,62,0.0,31,4,27,1.0,-100.0,12.903225806451612,MARGIN CALL ($0)
32,63,0.0,31,4,27,1.0,-100.0,12.903225806451612,MARGIN CALL ($0)
32,64,0.0,27,3,24,1.0,-100.0,11.11111111111111,MARGIN CALL ($0)
32,65,0.0,26,3,23,1.0,-100.0,11.538461538461538,MARGIN CALL ($0)
32,66,0.0,27,3,24,1.0,-100.0,11.11111111111111,MARGIN CALL ($0)
32,67,0.0,30,3,27,1.0,-100.0,10.0,MARGIN CALL ($0)
32,68,0.0,31,3,28,1.0,-100.0,9.67741935483871,MARGIN CALL ($0)
32,69,0.0,31,3,28,1.0,-100.0,9.67741935483871,MARGIN CALL ($0)
32,70,0.0,30,3,27,1.0,-100.0,10.0,MARGIN CALL ($0)
32,71,0.0,30,3,27,1.0,-100.0,10.0,MARGIN CALL ($0)
32,72,0.0,31,3,28,1.0,-100.0,9.67741935483871,MARGIN CALL ($0)
32,73,0.0,28,3,25,1.0,-100.0,10.714285714285714,MARGIN CALL ($0)
32,74,0.0,28,3,25,1.0,-100.0,10.714285714285714,MARGIN CALL ($0)
32,75,0.0,27,3,24,1.0,-100.0,11.11111111111111,MARGIN CALL ($0)
32,76,0.0,27,3,24,1.0,-100.0,11.11111111111111,MARGIN CALL ($0)
32,77,0.0,27,3,24,1.0,-100.0,11.11111111111111,MARGIN CALL ($0)
32,78,0.0,37,6,31,1.0,-100.0,16.216216216216218,MARGIN CALL ($0)
32,79,0.0,37,6,31,1.0,-100.0,16.216216216216218,MARGIN CALL ($0)
32,80,0.0,45,6,39,1.0,-100.0,13.333333333333334,MARGIN CALL ($0)
32,81,0.0,61,10,51,1.0,-100.0,16.39344262295082,MARGIN CALL ($0)
32,82,0.0,63,10,53,1.0,-100.0,15.873015873015872,MARGIN CALL ($0)
32,83,0.0,37,5,32,1.0,-100.0,13.513513513513514,MARGIN CALL ($0)
32,84,0.0,33,4,29,1.0,-100.0,12.121212121212121,MARGIN CALL ($0)
32,85,0.0,30,3,27,1.0,-100.0,10.0,MARGIN CALL ($0)
32,86,0.0,30,3,27,1.0,-100.0,10.0,MARGIN CALL ($0)
32,87,0.0,28,3,25,1.0,-100.0,10.714285714285714,MARGIN CALL ($0)
32,88,0.0,28,3,25,1.0,-100.0,10.714285714285714,MARGIN CALL ($0)
32,89,0.0,27,3,24,1.0,-100.0,11.11111111111111,MARGIN CALL ($0)
32,90,0.0,27,3,24,1.0,-100.0,11.11111111111111,MARGIN CALL ($0)
32,91,0.0,28,3,25,1.0,-100.0,10.714285714285714,MARGIN CALL ($0)
32,92,0.0,34,5,29,1.0,-100.0,14.705882352941178,MARGIN CALL ($0)
32,93,0.0,33,5,28,1.0,-100.0,15.151515151515152,MARGIN CALL ($0)
32,94,0.0,34,5,29,1.0,-100.0,14.705882352941178,MARGIN CALL ($0)
32,95,0.0,29,3,26,1.0,-100.0,10.344827586206897,MARGIN CALL ($0)
32,96,0.0,67,10,57,1.0,-100.0,14.925373134328357,MARGIN CALL ($0)
32,97,0.0,65,10,55,1.0,-100.0,15.384615384615385,MARGIN CALL ($0)
32,98,0.0,65,10,55,1.0,-100.0,15.384615384615385,MARGIN CALL ($0)
32,99,0.0,65,10,55,1.0,-100.0,15.384615384615385,MARGIN CALL ($0)
32,100,0.0,57,8,49,1.0,-100.0,14.035087719298245,MARGIN CALL ($0)
33,1,0.0,53,7,46,1.0,-100.0,13.20754716981132,MARGIN CALL ($0)
33,2,0.0,57,7,50,1.0,-100.0,12.280701754385964,MARGIN CALL ($0)
33,3,0.0,57,7,50,1.0,-100.0,12.280701754385964,MARGIN CALL ($0)
33,4,0.0,49,5,44,1.0,-100.0,10.204081632653061,MARGIN CALL ($0)
33,5,0.0,37,3,34,1.0,-100.0,8.108108108108109,MARGIN CALL ($0)
33,6,0.0,33,3,30,1.0,-100.0,9.090909090909092,MARGIN CALL ($0)
33,7,0.0,38,4,34,1.0,-100.0,10.526315789473683,MARGIN CALL ($0)
33,8,0.0,45,7,38,1.0,-100.0,15.555555555555555,MARGIN CALL ($0)
33,9,0.0,38,5,33,1.0,-100.0,13.157894736842104,MARGIN CALL ($0)
33,10,0.0,37,5,32,1.0,-100.0,13.513513513513514,MARGIN CALL ($0)
33,11,0.0,38,5,33,1.0,-100.0,13.157894736842104,MARGIN CALL ($0)
33,12,0.0,78,17,61,1.0,-100.0,21.794871794871796,MARGIN CALL ($0)
33,13,0.0,67,12,55,1.0,-100.0,17.91044776119403,MARGIN CALL ($0)
33,14,0.0,37,5,32,1.0,-100.0,13.513513513513514,MARGIN CALL ($0)
33,18,0.0,76,16,60,1.0,-100.0,21.052631578947366,MARGIN CALL ($0)
33,19,0.0,75,16,59,1.0,-100.0,21.333333333333336,MARGIN CALL ($0)
33,20,0.0,71,18,53,1.0,-100.0,25.352112676056336,MARGIN CALL ($0)
33,21,0.0,63,12,51,1.0,-100.0,19.047619047619047,MARGIN CALL ($0)
33,22,0.0,44,5,39,1.0,-100.0,11.363636363636363,MARGIN CALL ($0)
33,23,0.0,45,6,39,1.0,-100.0,13.333333333333334,MARGIN CALL ($0)
33,24,0.0,43,6,37,1.0,-100.0,13.953488372093023,MARGIN CALL ($0)
33,27,0.0,58,4,54,1.0,-100.0,6.896551724137931,MARGIN CALL ($0)
33,28,0.0,53,4,49,1.0,-100.0,7.547169811320755,MARGIN CALL ($0)
33,29,0.0,30,1,29,1.0,-100.0,3.3333333333333335,MARGIN CALL ($0)
33,30,0.0,29,1,28,1.0,-100.0,3.4482758620689653,MARGIN CALL ($0)
33,31,0.0,29,1,28,1.0,-100.0,3.4482758620689653,MARGIN CALL ($0)
33,32,0.0,27,1,26,1.0,-100.0,3.7037037037037033,MARGIN CALL ($0)
33,33,0.0,27,1,26,1.0,-100.0,3.7037037037037033,MARGIN CALL ($0)
33,34,0.0,28,1,27,1.0,-100.0,3.571428571428571,MARGIN CALL ($0)
33,35,0.0,29,1,28,1.0,-100.0,3.4482758620689653,MARGIN CALL ($0)
33,36,0.0,29,1,28,1.0,-100.0,3.4482758620689653,MARGIN CALL ($0)
33,37,0.0,29,1,28,1.0,-100.0,3.4482758620689653,MARGIN CALL ($0)
33,38,0.0,27,1,26,1.0,-100.0,3.7037037037037033,MARGIN CALL ($0)
33,39,0.0,32,2,30,1.0,-100.0,6.25,MARGIN CALL ($0)
33,40,0.0,30,2,28,1.0,-100.0,6.666666666666667,MARGIN CALL ($0)
33,41,0.0,37,3,34,1.0,-100.0,8.108108108108109,MARGIN CALL ($0)
33,42,0.0,37,3,34,1.0,-100.0,8.108108108108109,MARGIN CALL ($0)
33,43,0.0,38,3,35,1.0,-100.0,7.894736842105263,MARGIN CALL ($0)
33,44,0.0,39,4,35,1.0,-100.0,10.256410256410255,MARGIN CALL ($0)
33,45,0.0,31,2,29,1.0,-100.0,6.451612903225806,MARGIN CALL ($0)
33,46,0.0,32,2,30,1.0,-100.0,6.25,MARGIN CALL ($0)
33,47,0.0,29,2,27,1.0,-100.0,6.896551724137931,MARGIN CALL ($0)
33,48,0.0,28,2,26,1.0,-100.0,7.142857142857142,MARGIN CALL ($0)
33,49,0.0,35,3,32,1.0,-100.0,8.571428571428571,MARGIN CALL ($0)
33,50,0.0,39,3,36,1.0,-100.0,7.6923076923076925,MARGIN CALL ($0)
33,51,0.0,38,3,35,1.0,-100.0,7.894736842105263,MARGIN CALL ($0)
33,52,0.0,37,3,34,1.0,-100.0,8.108108108108109,MARGIN CALL ($0)
33,53,0.0,32,3,29,1.0,-100.0,9.375,MARGIN CALL ($0)
33,54,0.0,34,3,31,1.0,-100.0,8.823529411764707,MARGIN CALL ($0)
33,55,0.0,31,3,28,1.0,-100.0,9.67741935483871,MARGIN CALL ($0)
33,56,0.0,30,3,27,1.0,-100.0,10.0,MARGIN CALL ($0)
33,57,0.0,31,3,28,1.0,-100.0,9.67741935483871,MARGIN CALL ($0)
33,58,0.0,30,3,27,1.0,-100.0,10.0,MARGIN CALL ($0)
33,59,0.0,30,3,27,1.0,-100.0,10.0,MARGIN CALL ($0)
33,60,0.0,31,4,27,1.0,-100.0,12.903225806451612,MARGIN CALL ($0)
33,61,0.0,29,3,26,1.0,-100.0,10.344827586206897,MARGIN CALL ($0)
33,62,0.0,31,4,27,1.0,-100.0,12.903225806451612,MARGIN CALL ($0)
33,63,0.0,32,4,28,1.0,-100.0,12.5,MARGIN CALL ($0)
33,64,0.0,29,4,25,1.0,-100.0,13.793103448275861,MARGIN CALL ($0)
33,65,0.0,27,3,24,1.0,-100.0,11.11111111111111,MARGIN CALL ($0)
33,66,0.0,27,3,24,1.0,-100.0,11.11111111111111,MARGIN CALL ($0)
33,67,0.0,32,3,29,1.0,-100.0,9.375,MARGIN CALL ($0)
33,68,0.0,31,3,28,1.0,-100.0,9.67741935483871,MARGIN CALL ($0)
33,69,0.0,31,3,28,1.0,-100.0,9.67741935483871,MARGIN CALL ($0)
33,70,0.0,31,3,28,1.0,-100.0,9.67741935483871,MARGIN CALL ($0)
33,71,0.0,30,3,27,1.0,-100.0,10.0,MARGIN CALL ($0)
33,72,0.0,31,3,28,1.0,-100.0,9.67741935483871,MARGIN CALL ($0)
33,73,0.0,29,3,26,1.0,-100.0,10.344827586206897,MARGIN CALL ($0)
33,74,0.0,29,3,26,1.0,-100.0,10.344827586206897,MARGIN CALL ($0)
33,75,0.0,28,3,25,1.0,-100.0,10.714285714285714,MARGIN CALL ($0)
33,76,0.0,28,3,25,1.0,-100.0,10.714285714285714,MARGIN CALL ($0)
33,77,0.0,27,3,24,1.0,-100.0,11.11111111111111,MARGIN CALL ($0)
33,78,0.0,38,6,32,1.0,-100.0,15.789473684210526,MARGIN CALL ($0)
33,79,0.0,38,6,32,1.0,-100.0,15.789473684210526,MARGIN CALL ($0)
33,80,0.0,62,10,52,1.0,-100.0,16.129032258064516,MARGIN CALL ($0)
33,81,0.0,59,10,49,1.0,-100.0,16.94915254237288,MARGIN CALL ($0)
33,82,0.0,61,10,51,1.0,-100.0,16.39344262295082,MARGIN CALL ($0)
33,83,0.0,37,5,32,1.0,-100.0,13.513513513513514,MARGIN CALL ($0)
33,84,0.0,33,4,29,1.0,-100.0,12.121212121212121,MARGIN CALL ($0)
33,85,0.0,30,3,27,1.0,-100.0,10.0,MARGIN CALL ($0)
33,86,0.0,30,3,27,1.0,-100.0,10.0,MARGIN CALL ($0)
33,87,0.0,29,3,26,1.0,-100.0,10.344827586206897,MARGIN CALL ($0)
33,88,0.0,29,3,26,1.0,-100.0,10.344827586206897,MARGIN CALL ($0)
33,89,0.0,28,3,25,1.0,-100.0,10.714285714285714,MARGIN CALL ($0)
33,90,0.0,28,3,25,1.0,-100.0,10.714285714285714,MARGIN CALL ($0)
33,91,0.0,34,5,29,1.0,-100.0,14.705882352941178,MARGIN CALL ($0)
33,92,0.0,34,5,29,1.0,-100.0,14.705882352941178,MARGIN CALL ($0)
33,93,0.0,33,5,28,1.0,-100.0,15.151515151515152,MARGIN CALL ($0)
33,94,0.0,34,5,29,1.0,-100.0,14.705882352941178,MARGIN CALL ($0)
33,95,0.0,35,5,30,1.0,-100.0,14.285714285714285,MARGIN CALL ($0)
33,96,0.0,65,10,55,1.0,-100.0,15.384615384615385,MARGIN CALL ($0)
33,97,0.0,79,12,67,1.0,-100.0,15.18987341772152,MARGIN CALL ($0)
33,98,0.0,64,10,54,1.0,-100.0,15.625,MARGIN CALL ($0)
33,99,0.0,78,12,66,1.0,-100.0,15.384615384615385,MARGIN CALL ($0)
33,100,0.0,55,8,47,1.0,-100.0,14.545454545454545,MARGIN CALL ($0)
34,1,0.0,48,7,41,1.0,-100.0,14.583333333333334,MARGIN CALL ($0)
34,2,0.0,57,7,50,1.0,-100.0,12.280701754385964,MARGIN CALL ($0)
34,3,0.0,57,7,50,1.0,-100.0,12.280701754385964,MARGIN CALL ($0)
34,4,0.0,49,5,44,1.0,-100.0,10.204081632653061,MARGIN CALL ($0)
34,5,0.0,37,3,34,1.0,-100.0,8.108108108108109,MARGIN CALL ($0)
34,6,0.0,33,3,30,1.0,-100.0,9.090909090909092,MARGIN CALL ($0)
34,7,0.0,38,4,34,1.0,-100.0,10.526315789473683,MARGIN CALL ($0)
34,8,0.0,15,0,15,1.0,-100.0,0.0,MARGIN CALL ($0)
34,9,0.0,19,2,17,1.0,-100.0,10.526315789473683,MARGIN CALL ($0)
34,10,0.0,19,2,17,1.0,-100.0,10.526315789473683,MARGIN CALL ($0)
34,11,0.0,18,2,16,1.0,-100.0,11.11111111111111,MARGIN CALL ($0)
34,12,0.0,66,15,51,1.0,-100.0,22.727272727272727,MARGIN CALL ($0)
34,13,0.0,24,4,20,1.0,-100.0,16.666666666666664,MARGIN CALL ($0)
34,14,0.0,29,4,25,1.0,-100.0,13.793103448275861,MARGIN CALL ($0)
34,15,0.0,64,13,51,1.0,-100.0,20.3125,MARGIN CALL ($0)
34,21,0.0,16,0,16,1.0,-100.0,0.0,MARGIN CALL ($0)
34,22,0.0,18,0,18,1.0,-100.0,0.0,MARGIN CALL ($0)
34,23,0.0,17,0,17,1.0,-100.0,0.0,MARGIN CALL ($0)
34,24,0.0,17,0,17,1.0,-100.0,0.0,MARGIN CALL ($0)
34,28,0.0,43,3,40,1.0,-100.0,6.976744186046512,MARGIN CALL ($0)
34,29,0.0,17,0,17,1.0,-100.0,0.0,MARGIN CALL ($0)
34,30,0.0,13,0,13,1.0,-100.0,0.0,MARGIN CALL ($0)
34,31,0.0,29,1,28,1.0,-100.0,3.4482758620689653,MARGIN CALL ($0)
34,32,0.0,28,1,27,1.0,-100.0,3.571428571428571,MARGIN CALL ($0)
34,33,0.0,28,1,27,1.0,-100.0,3.571428571428571,MARGIN CALL ($0)
34,34,0.0,16,0,16,1.0,-100.0,0.0,MARGIN CALL ($0)
34,35,0.0,13,0,13,1.0,-100.0,0.0,MARGIN CALL ($0)
34,36,0.0,14,0,14,1.0,-100.0,0.0,MARGIN CALL ($0)
34,37,0.0,15,0,15,1.0,-100.0,0.0,MARGIN CALL ($0)
34,38,0.0,16,0,16,1.0,-100.0,0.0,MARGIN CALL ($0)
34,39,0.0,15,0,15,1.0,-100.0,0.0,MARGIN CALL ($0)
34,40,0.0,15,0,15,1.0,-100.0,0.0,MARGIN CALL ($0)
34,41,0.0,20,1,19,1.0,-100.0,5.0,MARGIN CALL ($0)
34,42,0.0,20,1,19,1.0,-100.0,5.0,MARGIN CALL ($0)
34,43,0.0,17,0,17,1.0,-100.0,0.0,MARGIN CALL ($0)
34,44,0.0,16,0,16,1.0,-100.0,0.0,MARGIN CALL ($0)
34,45,0.0,15,0,15,1.0,-100.0,0.0,MARGIN CALL ($0)
34,46,0.0,16,0,16,1.0,-100.0,0.0,MARGIN CALL ($0)
34,47,0.0,16,0,16,1.0,-100.0,0.0,MARGIN CALL ($0)
34,48,0.0,14,0,14,1.0,-100.0,0.0,MARGIN CALL ($0)
34,49,0.0,14,0,14,1.0,-100.0,0.0,MARGIN CALL ($0)
34,50,0.0,13,0,13,1.0,-100.0,0.0,MARGIN CALL ($0)
34,51,0.0,13,0,13,1.0,-100.0,0.0,MARGIN CALL ($0)
34,52,0.0,13,0,13,1.0,-100.0,0.0,MARGIN CALL ($0)
34,53,0.0,13,0,13,1.0,-100.0,0.0,MARGIN CALL ($0)
34,54,0.0,14,1,13,1.0,-100.0,7.142857142857142,MARGIN CALL ($0)
34,55,0.0,14,1,13,1.0,-100.0,7.142857142857142,MARGIN CALL ($0)
34,56,0.0,14,1,13,1.0,-100.0,7.142857142857142,MARGIN CALL ($0)
34,57,0.0,14,1,13,1.0,-100.0,7.142857142857142,MARGIN CALL ($0)
34,58,0.0,14,1,13,1.0,-100.0,7.142857142857142,MARGIN CALL ($0)
34,59,0.0,14,1,13,1.0,-100.0,7.142857142857142,MARGIN CALL ($0)
34,60,0.0,14,1,13,1.0,-100.0,7.142857142857142,MARGIN CALL ($0)
34,61,0.0,15,1,14,1.0,-100.0,6.666666666666667,MARGIN CALL ($0)
34,62,0.0,15,1,14,1.0,-100.0,6.666666666666667,MARGIN CALL ($0)
34,63,0.0,14,1,13,1.0,-100.0,7.142857142857142,MARGIN CALL ($0)
34,64,0.0,13,1,12,1.0,-100.0,7.6923076923076925,MARGIN CALL ($0)
34,65,0.0,10,1,9,1.0,-100.0,10.0,MARGIN CALL ($0)
34,66,0.0,12,1,11,1.0,-100.0,8.333333333333332,MARGIN CALL ($0)
34,67,0.0,11,1,10,1.0,-100.0,9.090909090909092,MARGIN CALL ($0)
34,68,0.0,12,1,11,1.0,-100.0,8.333333333333332,MARGIN CALL ($0)
34,69,0.0,12,1,11,1.0,-100.0,8.333333333333332,MARGIN CALL ($0)
34,70,0.0,12,1,11,1.0,-100.0,8.333333333333332,MARGIN CALL ($0)
34,71,0.0,12,1,11,1.0,-100.0,8.333333333333332,MARGIN CALL ($0)
34,72,0.0,13,1,12,1.0,-100.0,7.6923076923076925,MARGIN CALL ($0)
34,73,0.0,12,1,11,1.0,-100.0,8.333333333333332,MARGIN CALL ($0)
34,74,0.0,12,1,11,1.0,-100.0,8.333333333333332,MARGIN CALL ($0)
34,75,0.0,12,1,11,1.0,-100.0,8.333333333333332,MARGIN CALL ($0)
34,76,0.0,12,1,11,1.0,-100.0,8.333333333333332,MARGIN CALL ($0)
34,77,0.0,12,1,11,1.0,-100.0,8.333333333333332,MARGIN CALL ($0)
34,78,0.0,18,4,14,1.0,-100.0,22.22222222222222,MARGIN CALL ($0)
34,79,0.0,18,4,14,1.0,-100.0,22.22222222222222,MARGIN CALL ($0)
34,80,0.0,18,4,14,1.0,-100.0,22.22222222222222,MARGIN CALL ($0)
34,81,0.0,19,4,15,1.0,-100.0,21.052631578947366,MARGIN CALL ($0)
34,82,0.0,17,4,13,1.0,-100.0,23.52941176470588,MARGIN CALL ($0)
34,83,0.0,15,3,12,1.0,-100.0,20.0,MARGIN CALL ($0)
34,84,0.0,15,2,13,1.0,-100.0,13.333333333333334,MARGIN CALL ($0)
34,85,0.0,12,1,11,1.0,-100.0,8.333333333333332,MARGIN CALL ($0)
34,86,0.0,12,1,11,1.0,-100.0,8.333333333333332,MARGIN CALL ($0)
34,87,0.0,12,1,11,1.0,-100.0,8.333333333333332,MARGIN CALL ($0)
34,88,0.0,12,1,11,1.0,-100.0,8.333333333333332,MARGIN CALL ($0)
34,89,0.0,13,1,12,1.0,-100.0,7.6923076923076925,MARGIN CALL ($0)
34,90,0.0,11,0,11,1.0,-100.0,0.0,MARGIN CALL ($0)
34,91,0.0,11,0,11,1.0,-100.0,0.0,MARGIN CALL ($0)
34,92,0.0,12,0,12,1.0,-100.0,0.0,MARGIN CALL ($0)
34,93,0.0,11,0,11,1.0,-100.0,0.0,MARGIN CALL ($0)
34,94,0.0,12,0,12,1.0,-100.0,0.0,MARGIN CALL ($0)
34,95,0.0,11,0,11,1.0,-100.0,0.0,MARGIN CALL ($0)
34,96,0.0,11,0,11,1.0,-100.0,0.0,MARGIN CALL ($0)
34,97,0.0,55,7,48,1.0,-100.0,12.727272727272727,MARGIN CALL ($0)
34,98,0.0,12,0,12,1.0,-100.0,0.0,MARGIN CALL ($0)
34,99,0.0,11,0,11,1.0,-100.0,0.0,MARGIN CALL ($0)
34,100,0.0,48,5,43,1.0,-100.0,10.416666666666668,MARGIN CALL ($0)
35,1,0.0,49,7,42,1.0,-100.0,14.285714285714285,MARGIN CALL ($0)
35,2,0.0,57,7,50,1.0,-100.0,12.280701754385964,MARGIN CALL ($0)
35,3,0.0,57,7,50,1.0,-100.0,12.280701754385964,MARGIN CALL ($0)
35,4,0.0,49,5,44,1.0,-100.0,10.204081632653061,MARGIN CALL ($0)
35,5,0.0,37,3,34,1.0,-100.0,8.108108108108109,MARGIN CALL ($0)
35,6,0.0,33,3,30,1.0,-100.0,9.090909090909092,MARGIN CALL ($0)
35,7,0.0,38,4,34,1.0,-100.0,10.526315789473683,MARGIN CALL ($0)
35,8,0.0,15,0,15,1.0,-100.0,0.0,MARGIN CALL ($0)
35,9,0.0,19,2,17,1.0,-100.0,10.526315789473683,MARGIN CALL ($0)
35,10,0.0,19,2,17,1.0,-100.0,10.526315789473683,MARGIN CALL ($0)
35,11,0.0,18,2,16,1.0,-100.0,11.11111111111111,MARGIN CALL ($0)
35,12,0.0,66,15,51,1.0,-100.0,22.727272727272727,MARGIN CALL ($0)
35,13,0.0,23,4,19,1.0,-100.0,17.391304347826086,MARGIN CALL ($0)
35,14,0.0,28,4,24,1.0,-100.0,14.285714285714285,MARGIN CALL ($0)
35,15,0.0,63,13,50,1.0,-100.0,20.634920634920633,MARGIN CALL ($0)
35,21,0.0,16,0,16,1.0,-100.0,0.0,MARGIN CALL ($0)
35,22,0.0,18,0,18,1.0,-100.0,0.0,MARGIN CALL ($0)
35,23,0.0,17,0,17,1.0,-100.0,0.0,MARGIN CALL ($0)
35,24,0.0,17,0,17,1.0,-100.0,0.0,MARGIN CALL ($0)
35,28,0.0,43,3,40,1.0,-100.0,6.976744186046512,MARGIN CALL ($0)
35,29,0.0,17,0,17,1.0,-100.0,0.0,MARGIN CALL ($0)
35,30,0.0,13,0,13,1.0,-100.0,0.0,MARGIN CALL ($0)
35,31,0.0,29,1,28,1.0,-100.0,3.4482758620689653,MARGIN CALL ($0)
35,32,0.0,28,1,27,1.0,-100.0,3.571428571428571,MARGIN CALL ($0)
35,33,0.0,28,1,27,1.0,-100.0,3.571428571428571,MARGIN CALL ($0)
35,34,0.0,16,0,16,1.0,-100.0,0.0,MARGIN CALL ($0)
35,35,0.0,15,0,15,1.0,-100.0,0.0,MARGIN CALL ($0)
35,36,0.0,12,0,12,1.0,-100.0,0.0,MARGIN CALL ($0)
35,37,0.0,13,0,13,1.0,-100.0,0.0,MARGIN CALL ($0)
35,38,0.0,15,0,15,1.0,-100.0,0.0,MARGIN CALL ($0)
35,39,0.0,14,0,14,1.0,-100.0,0.0,MARGIN CALL ($0)
35,40,0.0,13,0,13,1.0,-100.0,0.0,MARGIN CALL ($0)
35,41,0.0,19,1,18,1.0,-100.0,5.263157894736842,MARGIN CALL ($0)
35,42,0.0,19,1,18,1.0,-100.0,5.263157894736842,MARGIN CALL ($0)
35,43,0.0,17,1,16,1.0,-100.0,5.88235294117647,MARGIN CALL ($0)
35,44,0.0,17,0,17,1.0,-100.0,0.0,MARGIN CALL ($0)
35,45,0.0,17,0,17,1.0,-100.0,0.0,MARGIN CALL ($0)
35,46,0.0,16,0,16,1.0,-100.0,0.0,MARGIN CALL ($0)
35,47,0.0,14,0,14,1.0,-100.0,0.0,MARGIN CALL ($0)
35,48,0.0,13,0,13,1.0,-100.0,0.0,MARGIN CALL ($0)
35,49,0.0,15,1,14,1.0,-100.0,6.666666666666667,MARGIN CALL ($0)
35,50,0.0,14,0,14,1.0,-100.0,0.0,MARGIN CALL ($0)
35,51,0.0,13,0,13,1.0,-100.0,0.0,MARGIN CALL ($0)
35,52,0.0,12,0,12,1.0,-100.0,0.0,MARGIN CALL ($0)
35,53,0.0,11,0,11,1.0,-100.0,0.0,MARGIN CALL ($0)
35,54,0.0,12,1,11,1.0,-100.0,8.333333333333332,MARGIN CALL ($0)
35,55,0.0,12,1,11,1.0,-100.0,8.333333333333332,MARGIN CALL ($0)
35,56,0.0,12,1,11,1.0,-100.0,8.333333333333332,MARGIN CALL ($0)
35,57,0.0,12,1,11,1.0,-100.0,8.333333333333332,MARGIN CALL ($0)
35,58,0.0,12,1,11,1.0,-100.0,8.333333333333332,MARGIN CALL ($0)
35,59,0.0,12,1,11,1.0,-100.0,8.333333333333332,MARGIN CALL ($0)
35,60,0.0,12,1,11,1.0,-100.0,8.333333333333332,MARGIN CALL ($0)
35,61,0.0,13,1,12,1.0,-100.0,7.6923076923076925,MARGIN CALL ($0)
35,62,0.0,13,1,12,1.0,-100.0,7.6923076923076925,MARGIN CALL ($0)
35,63,0.0,12,1,11,1.0,-100.0,8.333333333333332,MARGIN CALL ($0)
35,64,0.0,11,1,10,1.0,-100.0,9.090909090909092,MARGIN CALL ($0)
35,65,0.0,10,1,9,1.0,-100.0,10.0,MARGIN CALL ($0)
35,66,0.0,12,1,11,1.0,-100.0,8.333333333333332,MARGIN CALL ($0)
35,67,0.0,11,1,10,1.0,-100.0,9.090909090909092,MARGIN CALL ($0)
35,68,0.0,12,1,11,1.0,-100.0,8.333333333333332,MARGIN CALL ($0)
35,69,0.0,12,1,11,1.0,-100.0,8.333333333333332,MARGIN CALL ($0)
35,70,0.0,12,1,11,1.0,-100.0,8.333333333333332,MARGIN CALL ($0)
35,71,0.0,12,1,11,1.0,-100.0,8.333333333333332,MARGIN CALL ($0)
35,72,0.0,13,1,12,1.0,-100.0,7.6923076923076925,MARGIN CALL ($0)
35,73,0.0,12,1,11,1.0,-100.0,8.333333333333332,MARGIN CALL ($0)
35,74,0.0,12,1,11,1.0,-100.0,8.333333333333332,MARGIN CALL ($0)
35,75,0.0,12,1,11,1.0,-100.0,8.333333333333332,MARGIN CALL ($0)
35,76,0.0,12,1,11,1.0,-100.0,8.333333333333332,MARGIN CALL ($0)
35,77,0.0,12,1,11,1.0,-100.0,8.333333333333332,MARGIN CALL ($0)
35,78,0.0,18,4,14,1.0,-100.0,22.22222222222222,MARGIN CALL ($0)
35,79,0.0,18,4,14,1.0,-100.0,22.22222222222222,MARGIN CALL ($0)
35,80,0.0,18,4,14,1.0,-100.0,22.22222222222222,MARGIN CALL ($0)
35,81,0.0,19,4,15,1.0,-100.0,21.052631578947366,MARGIN CALL ($0)
35,82,0.0,17,4,13,1.0,-100.0,23.52941176470588,MARGIN CALL ($0)
35,83,0.0,15,3,12,1.0,-100.0,20.0,MARGIN CALL ($0)
35,84,0.0,15,2,13,1.0,-100.0,13.333333333333334,MARGIN CALL ($0)
35,85,0.0,12,1,11,1.0,-100.0,8.333333333333332,MARGIN CALL ($0)
35,86,0.0,12,1,11,1.0,-100.0,8.333333333333332,MARGIN CALL ($0)
35,87,0.0,12,1,11,1.0,-100.0,8.333333333333332,MARGIN CALL ($0)
35,88,0.0,12,1,11,1.0,-100.0,8.333333333333332,MARGIN CALL ($0)
35,89,0.0,13,1,12,1.0,-100.0,7.6923076923076925,MARGIN CALL ($0)
35,90,0.0,11,0,11,1.0,-100.0,0.0,MARGIN CALL ($0)
35,91,0.0,11,0,11,1.0,-100.0,0.0,MARGIN CALL ($0)
35,92,0.0,12,0,12,1.0,-100.0,0.0,MARGIN CALL ($0)
35,93,0.0,11,0,11,1.0,-100.0,0.0,MARGIN CALL ($0)
35,94,0.0,12,0,12,1.0,-100.0,0.0,MARGIN CALL ($0)
35,95,0.0,11,0,11,1.0,-100.0,0.0,MARGIN CALL ($0)
35,96,0.0,11,0,11,1.0,-100.0,0.0,MARGIN CALL ($0)
35,97,0.0,54,7,47,1.0,-100.0,12.962962962962962,MARGIN CALL ($0)
35,98,0.0,12,0,12,1.0,-100.0,0.0,MARGIN CALL ($0)
35,99,0.0,11,0,11,1.0,-100.0,0.0,MARGIN CALL ($0)
35,100,0.0,47,5,42,1.0,-100.0,10.638297872340425,MARGIN CALL ($0)
36,1,0.0,49,7,42,1.0,-100.0,14.285714285714285,MARGIN CALL ($0)
36,2,0.0,57,7,50,1.0,-100.0,12.280701754385964,MARGIN CALL ($0)
36,3,0.0,57,7,50,1.0,-100.0,12.280701754385964,MARGIN CALL ($0)
36,4,0.0,49,5,44,1.0,-100.0,10.204081632653061,MARGIN CALL ($0)
36,5,0.0,37,3,34,1.0,-100.0,8.108108108108109,MARGIN CALL ($0)
36,6,0.0,33,3,30,1.0,-100.0,9.090909090909092,MARGIN CALL ($0)
36,7,0.0,38,4,34,1.0,-100.0,10.526315789473683,MARGIN CALL ($0)
36,8,0.0,15,0,15,1.0,-100.0,0.0,MARGIN CALL ($0)
36,9,0.0,19,2,17,1.0,-100.0,10.526315789473683,MARGIN CALL ($0)
36,10,0.0,19,2,17,1.0,-100.0,10.526315789473683,MARGIN CALL ($0)
36,11,0.0,18,2,16,1.0,-100.0,11.11111111111111,MARGIN CALL ($0)
36,12,0.0,67,15,52,1.0,-100.0,22.388059701492537,MARGIN CALL ($0)
36,13,0.0,23,4,19,1.0,-100.0,17.391304347826086,MARGIN CALL ($0)
36,14,0.0,28,4,24,1.0,-100.0,14.285714285714285,MARGIN CALL ($0)
36,15,0.0,63,13,50,1.0,-100.0,20.634920634920633,MARGIN CALL ($0)
36,17,0.0,20,1,19,1.0,-100.0,5.0,MARGIN CALL ($0)
36,21,0.0,16,0,16,1.0,-100.0,0.0,MARGIN CALL ($0)
36,22,0.0,18,0,18,1.0,-100.0,0.0,MARGIN CALL ($0)
36,23,0.0,16,0,16,1.0,-100.0,0.0,MARGIN CALL ($0)
36,24,0.0,16,0,16,1.0,-100.0,0.0,MARGIN CALL ($0)
36,28,0.0,43,3,40,1.0,-100.0,6.976744186046512,MARGIN CALL ($0)
36,29,0.0,17,0,17,1.0,-100.0,0.0,MARGIN CALL ($0)
36,30,0.0,13,0,13,1.0,-100.0,0.0,MARGIN CALL ($0)
36,31,0.0,30,1,29,1.0,-100.0,3.3333333333333335,MARGIN CALL ($0)
36,32,0.0,29,1,28,1.0,-100.0,3.4482758620689653,MARGIN CALL ($0)
36,33,0.0,29,1,28,1.0,-100.0,3.4482758620689653,MARGIN CALL ($0)
36,34,0.0,13,0,13,1.0,-100.0,0.0,MARGIN CALL ($0)
36,35,0.0,16,0,16,1.0,-100.0,0.0,MARGIN CALL ($0)
36,36,0.0,12,0,12,1.0,-100.0,0.0,MARGIN CALL ($0)
36,37,0.0,13,0,13,1.0,-100.0,0.0,MARGIN CALL ($0)
36,38,0.0,15,0,15,1.0,-100.0,0.0,MARGIN CALL ($0)
36,39,0.0,14,0,14,1.0,-100.0,0.0,MARGIN CALL ($0)
36,40,0.0,13,0,13,1.0,-100.0,0.0,MARGIN CALL ($0)
36,41,0.0,16,1,15,1.0,-100.0,6.25,MARGIN CALL ($0)
36,42,0.0,16,1,15,1.0,-100.0,6.25,MARGIN CALL ($0)
36,43,0.0,17,1,16,1.0,-100.0,5.88235294117647,MARGIN CALL ($0)
36,44,0.0,17,0,17,1.0,-100.0,0.0,MARGIN CALL ($0)
36,45,0.0,17,0,17,1.0,-100.0,0.0,MARGIN CALL ($0)
36,46,0.0,16,0,16,1.0,-100.0,0.0,MARGIN CALL ($0)
36,47,0.0,14,0,14,1.0,-100.0,0.0,MARGIN CALL ($0)
36,48,0.0,13,0,13,1.0,-100.0,0.0,MARGIN CALL ($0)
36,49,0.0,15,1,14,1.0,-100.0,6.666666666666667,MARGIN CALL ($0)
36,50,0.0,13,0,13,1.0,-100.0,0.0,MARGIN CALL ($0)
36,51,0.0,14,0,14,1.0,-100.0,0.0,MARGIN CALL ($0)
36,52,0.0,13,0,13,1.0,-100.0,0.0,MARGIN CALL ($0)
36,53,0.0,12,0,12,1.0,-100.0,0.0,MARGIN CALL ($0)
36,54,0.0,13,1,12,1.0,-100.0,7.6923076923076925,MARGIN CALL ($0)
36,55,0.0,13,1,12,1.0,-100.0,7.6923076923076925,MARGIN CALL ($0)
36,56,0.0,12,1,11,1.0,-100.0,8.333333333333332,MARGIN CALL ($0)
36,57,0.0,13,1,12,1.0,-100.0,7.6923076923076925,MARGIN CALL ($0)
36,58,0.0,13,1,12,1.0,-100.0,7.6923076923076925,MARGIN CALL ($0)
36,59,0.0,13,1,12,1.0,-100.0,7.6923076923076925,MARGIN CALL ($0)
36,60,0.0,13,1,12,1.0,-100.0,7.6923076923076925,MARGIN CALL ($0)
36,61,0.0,14,1,13,1.0,-100.0,7.142857142857142,MARGIN CALL ($0)
36,62,0.0,14,1,13,1.0,-100.0,7.142857142857142,MARGIN CALL ($0)
36,63,0.0,13,1,12,1.0,-100.0,7.6923076923076925,MARGIN CALL ($0)
36,64,0.0,12,1,11,1.0,-100.0,8.333333333333332,MARGIN CALL ($0)
36,65,0.0,11,1,10,1.0,-100.0,9.090909090909092,MARGIN CALL ($0)
36,66,0.0,12,1,11,1.0,-100.0,8.333333333333332,MARGIN CALL ($0)
36,67,0.0,11,1,10,1.0,-100.0,9.090909090909092,MARGIN CALL ($0)
36,68,0.0,12,1,11,1.0,-100.0,8.333333333333332,MARGIN CALL ($0)
36,69,0.0,12,1,11,1.0,-100.0,8.333333333333332,MARGIN CALL ($0)
36,70,0.0,12,1,11,1.0,-100.0,8.333333333333332,MARGIN CALL ($0)
36,71,0.0,12,1,11,1.0,-100.0,8.333333333333332,MARGIN CALL ($0)
36,72,0.0,13,1,12,1.0,-100.0,7.6923076923076925,MARGIN CALL ($0)
36,73,0.0,13,1,12,1.0,-100.0,7.6923076923076925,MARGIN CALL ($0)
36,74,0.0,13,1,12,1.0,-100.0,7.6923076923076925,MARGIN CALL ($0)
36,75,0.0,12,1,11,1.0,-100.0,8.333333333333332,MARGIN CALL ($0)
36,76,0.0,12,1,11,1.0,-100.0,8.333333333333332,MARGIN CALL ($0)
36,77,0.0,12,1,11,1.0,-100.0,8.333333333333332,MARGIN CALL ($0)
36,78,0.0,18,4,14,1.0,-100.0,22.22222222222222,MARGIN CALL ($0)
36,79,0.0,18,4,14,1.0,-100.0,22.22222222222222,MARGIN CALL ($0)
36,80,0.0,18,4,14,1.0,-100.0,22.22222222222222,MARGIN CALL ($0)
36,81,0.0,19,4,15,1.0,-100.0,21.052631578947366,MARGIN CALL ($0)
36,82,0.0,17,4,13,1.0,-100.0,23.52941176470588,MARGIN CALL ($0)
36,83,0.0,15,3,12,1.0,-100.0,20.0,MARGIN CALL ($0)
36,84,0.0,15,2,13,1.0,-100.0,13.333333333333334,MARGIN CALL ($0)
36,85,0.0,12,1,11,1.0,-100.0,8.333333333333332,MARGIN CALL ($0)
36,86,0.0,12,1,11,1.0,-100.0,8.333333333333332,MARGIN CALL ($0)
36,87,0.0,14,1,13,1.0,-100.0,7.142857142857142,MARGIN CALL ($0)
36,88,0.0,14,1,13,1.0,-100.0,7.142857142857142,MARGIN CALL ($0)
36,89,0.0,13,1,12,1.0,-100.0,7.6923076923076925,MARGIN CALL ($0)
36,90,0.0,11,0,11,1.0,-100.0,0.0,MARGIN CALL ($0)
36,91,0.0,11,0,11,1.0,-100.0,0.0,MARGIN CALL ($0)
36,92,0.0,12,0,12,1.0,-100.0,0.0,MARGIN CALL ($0)
36,93,0.0,11,0,11,1.0,-100.0,0.0,MARGIN CALL ($0)
36,94,0.0,12,0,12,1.0,-100.0,0.0,MARGIN CALL ($0)
36,95,0.0,11,0,11,1.0,-100.0,0.0,MARGIN CALL ($0)
36,96,0.0,11,0,11,1.0,-100.0,0.0,MARGIN CALL ($0)
36,97,0.0,72,10,62,1.0,-100.0,13.88888888888889,MARGIN CALL ($0)
36,98,0.0,73,10,63,1.0,-100.0,13.698630136986301,MARGIN CALL ($0)
36,99,0.0,11,0,11,1.0,-100.0,0.0,MARGIN CALL ($0)
36,100,0.0,45,5,40,1.0,-100.0,11.11111111111111,MARGIN CALL ($0)
37,1,0.0,49,7,42,1.0,-100.0,14.285714285714285,MARGIN CALL ($0)
37,2,0.0,57,7,50,1.0,-100.0,12.280701754385964,MARGIN CALL ($0)
37,3,0.0,57,7,50,1.0,-100.0,12.280701754385964,MARGIN CALL ($0)
37,4,0.0,49,5,44,1.0,-100.0,10.204081632653061,MARGIN CALL ($0)
37,5,0.0,37,3,34,1.0,-100.0,8.108108108108109,MARGIN CALL ($0)
37,6,0.0,33,3,30,1.0,-100.0,9.090909090909092,MARGIN CALL ($0)
37,7,0.0,38,4,34,1.0,-100.0,10.526315789473683,MARGIN CALL ($0)
37,8,0.0,15,0,15,1.0,-100.0,0.0,MARGIN CALL ($0)
37,9,0.0,19,2,17,1.0,-100.0,10.526315789473683,MARGIN CALL ($0)
37,10,0.0,19,2,17,1.0,-100.0,10.526315789473683,MARGIN CALL ($0)
37,11,0.0,18,2,16,1.0,-100.0,11.11111111111111,MARGIN CALL ($0)
37,12,0.0,67,15,52,1.0,-100.0,22.388059701492537,MARGIN CALL ($0)
37,13,0.0,24,4,20,1.0,-100.0,16.666666666666664,MARGIN CALL ($0)
37,14,0.0,28,4,24,1.0,-100.0,14.285714285714285,MARGIN CALL ($0)
37,15,0.0,70,14,56,1.0,-100.0,20.0,MARGIN CALL ($0)
37,17,0.0,20,1,19,1.0,-100.0,5.0,MARGIN CALL ($0)
37,21,0.0,16,0,16,1.0,-100.0,0.0,MARGIN CALL ($0)
37,22,0.0,18,0,18,1.0,-100.0,0.0,MARGIN CALL ($0)
37,23,0.0,16,0,16,1.0,-100.0,0.0,MARGIN CALL ($0)
37,24,0.0,16,0,16,1.0,-100.0,0.0,MARGIN CALL ($0)
37,25,0.0,17,0,17,1.0,-100.0,0.0,MARGIN CALL ($0)
37,26,0.0,44,4,40,1.0,-100.0,9.090909090909092,MARGIN CALL ($0)
37,27,0.0,51,3,48,1.0,-100.0,5.88235294117647,MARGIN CALL ($0)
37,28,0.0,44,3,41,1.0,-100.0,6.8181818181818175,MARGIN CALL ($0)
37,29,0.0,15,0,15,1.0,-100.0,0.0,MARGIN CALL ($0)
37,30,0.0,14,0,14,1.0,-100.0,0.0,MARGIN CALL ($0)
37,31,0.0,29,1,28,1.0,-100.0,3.4482758620689653,MARGIN CALL ($0)
37,32,0.0,29,1,28,1.0,-100.0,3.4482758620689653,MARGIN CALL ($0)
37,33,0.0,30,1,29,1.0,-100.0,3.3333333333333335,MARGIN CALL ($0)
37,34,0.0,13,0,13,1.0,-100.0,0.0,MARGIN CALL ($0)
37,35,0.0,13,0,13,1.0,-100.0,0.0,MARGIN CALL ($0)
37,36,0.0,13,0,13,1.0,-100.0,0.0,MARGIN CALL ($0)
37,37,0.0,12,0,12,1.0,-100.0,0.0,MARGIN CALL ($0)
37,38,0.0,14,0,14,1.0,-100.0,0.0,MARGIN CALL ($0)
37,39,0.0,14,0,14,1.0,-100.0,0.0,MARGIN CALL ($0)
37,40,0.0,14,0,14,1.0,-100.0,0.0,MARGIN CALL ($0)
37,41,0.0,15,1,14,1.0,-100.0,6.666666666666667,MARGIN CALL ($0)
37,42,0.0,16,1,15,1.0,-100.0,6.25,MARGIN CALL ($0)
37,43,0.0,17,1,16,1.0,-100.0,5.88235294117647,MARGIN CALL ($0)
37,44,0.0,17,0,17,1.0,-100.0,0.0,MARGIN CALL ($0)
37,45,0.0,17,0,17,1.0,-100.0,0.0,MARGIN CALL ($0)
37,46,0.0,16,0,16,1.0,-100.0,0.0,MARGIN CALL ($0)
37,47,0.0,14,0,14,1.0,-100.0,0.0,MARGIN CALL ($0)
37,48,0.0,13,0,13,1.0,-100.0,0.0,MARGIN CALL ($0)
37,49,0.0,15,1,14,1.0,-100.0,6.666666666666667,MARGIN CALL ($0)
37,50,0.0,13,0,13,1.0,-100.0,0.0,MARGIN CALL ($0)
37,51,0.0,14,0,14,1.0,-100.0,0.0,MARGIN CALL ($0)
37,52,0.0,13,0,13,1.0,-100.0,0.0,MARGIN CALL ($0)
37,53,0.0,12,0,12,1.0,-100.0,0.0,MARGIN CALL ($0)
37,54,0.0,14,1,13,1.0,-100.0,7.142857142857142,MARGIN CALL ($0)
37,55,0.0,14,1,13,1.0,-100.0,7.142857142857142,MARGIN CALL ($0)
37,56,0.0,13,1,12,1.0,-100.0,7.6923076923076925,MARGIN CALL ($0)
37,57,0.0,14,1,13,1.0,-100.0,7.142857142857142,MARGIN CALL ($0)
37,58,0.0,14,1,13,1.0,-100.0,7.142857142857142,MARGIN CALL ($0)
37,59,0.0,14,1,13,1.0,-100.0,7.142857142857142,MARGIN CALL ($0)
37,60,0.0,13,1,12,1.0,-100.0,7.6923076923076925,MARGIN CALL ($0)
37,61,0.0,14,1,13,1.0,-100.0,7.142857142857142,MARGIN CALL ($0)
37,62,0.0,14,1,13,1.0,-100.0,7.142857142857142,MARGIN CALL ($0)
37,63,0.0,13,1,12,1.0,-100.0,7.6923076923076925,MARGIN CALL ($0)
37,64,0.0,12,1,11,1.0,-100.0,8.333333333333332,MARGIN CALL ($0)
37,65,0.0,12,1,11,1.0,-100.0,8.333333333333332,MARGIN CALL ($0)
37,66,0.0,13,1,12,1.0,-100.0,7.6923076923076925,MARGIN CALL ($0)
37,67,0.0,13,1,12,1.0,-100.0,7.6923076923076925,MARGIN CALL ($0)
37,68,0.0,13,1,12,1.0,-100.0,7.6923076923076925,MARGIN CALL ($0)
37,69,0.0,13,1,12,1.0,-100.0,7.6923076923076925,MARGIN CALL ($0)
37,70,0.0,13,1,12,1.0,-100.0,7.6923076923076925,MARGIN CALL ($0)
37,71,0.0,14,1,13,1.0,-100.0,7.142857142857142,MARGIN CALL ($0)
37,72,0.0,14,1,13,1.0,-100.0,7.142857142857142,MARGIN CALL ($0)
37,73,0.0,14,1,13,1.0,-100.0,7.142857142857142,MARGIN CALL ($0)
37,74,0.0,14,1,13,1.0,-100.0,7.142857142857142,MARGIN CALL ($0)
37,75,0.0,14,1,13,1.0,-100.0,7.142857142857142,MARGIN CALL ($0)
37,76,0.0,14,1,13,1.0,-100.0,7.142857142857142,MARGIN CALL ($0)
37,77,0.0,14,1,13,1.0,-100.0,7.142857142857142,MARGIN CALL ($0)
37,78,0.0,21,4,17,1.0,-100.0,19.047619047619047,MARGIN CALL ($0)
37,79,0.0,23,4,19,1.0,-100.0,17.391304347826086,MARGIN CALL ($0)
37,80,0.0,23,4,19,1.0,-100.0,17.391304347826086,MARGIN CALL ($0)
37,81,0.0,22,4,18,1.0,-100.0,18.181818181818183,MARGIN CALL ($0)
37,82,0.0,22,4,18,1.0,-100.0,18.181818181818183,MARGIN CALL ($0)
37,83,0.0,17,3,14,1.0,-100.0,17.647058823529413,MARGIN CALL ($0)
37,84,0.0,17,2,15,1.0,-100.0,11.76470588235294,MARGIN CALL ($0)
37,85,0.0,13,1,12,1.0,-100.0,7.6923076923076925,MARGIN CALL ($0)
37,86,0.0,13,1,12,1.0,-100.0,7.6923076923076925,MARGIN CALL ($0)
37,87,0.0,13,1,12,1.0,-100.0,7.6923076923076925,MARGIN CALL ($0)
37,88,0.0,13,1,12,1.0,-100.0,7.6923076923076925,MARGIN CALL ($0)
37,89,0.0,14,1,13,1.0,-100.0,7.142857142857142,MARGIN CALL ($0)
37,90,0.0,11,0,11,1.0,-100.0,0.0,MARGIN CALL ($0)
37,91,0.0,11,0,11,1.0,-100.0,0.0,MARGIN CALL ($0)
37,92,0.0,13,0,13,1.0,-100.0,0.0,MARGIN CALL ($0)
37,93,0.0,12,0,12,1.0,-100.0,0.0,MARGIN CALL ($0)
37,94,0.0,12,0,12,1.0,-100.0,0.0,MARGIN CALL ($0)
37,95,0.0,11,0,11,1.0,-100.0,0.0,MARGIN CALL ($0)
37,96,0.0,11,0,11,1.0,-100.0,0.0,MARGIN CALL ($0)
37,97,0.0,12,0,12,1.0,-100.0,0.0,MARGIN CALL ($0)
37,98,0.0,13,0,13,1.0,-100.0,0.0,MARGIN CALL ($0)
37,99,0.0,11,0,11,1.0,-100.0,0.0,MARGIN CALL ($0)
37,100,0.0,42,4,38,1.0,-100.0,9.523809523809524,MARGIN CALL ($0)
38,1,0.0,49,7,42,1.0,-100.0,14.285714285714285,MARGIN CALL ($0)
38,2,0.0,57,7,50,1.0,-100.0,12.280701754385964,MARGIN CALL ($0)
38,3,0.0,57,7,50,1.0,-100.0,12.280701754385964,MARGIN CALL ($0)
38,4,0.0,49,5,44,1.0,-100.0,10.204081632653061,MARGIN CALL ($0)
38,5,0.0,37,3,34,1.0,-100.0,8.108108108108109,MARGIN CALL ($0)
38,6,0.0,33,3,30,1.0,-100.0,9.090909090909092,MARGIN CALL ($0)
38,7,0.0,38,4,34,1.0,-100.0,10.526315789473683,MARGIN CALL ($0)
38,8,0.0,15,0,15,1.0,-100.0,0.0,MARGIN CALL ($0)
38,9,0.0,19,2,17,1.0,-100.0,10.526315789473683,MARGIN CALL ($0)
38,10,0.0,19,2,17,1.0,-100.0,10.526315789473683,MARGIN CALL ($0)
38,11,0.0,19,2,17,1.0,-100.0,10.526315789473683,MARGIN CALL ($0)
38,12,0.0,68,15,53,1.0,-100.0,22.058823529411764,MARGIN CALL ($0)
38,13,0.0,24,4,20,1.0,-100.0,16.666666666666664,MARGIN CALL ($0)
38,14,0.0,30,4,26,1.0,-100.0,13.333333333333334,MARGIN CALL ($0)
38,15,0.0,71,14,57,1.0,-100.0,19.718309859154928,MARGIN CALL ($0)
38,16,0.0,28,3,25,1.0,-100.0,10.714285714285714,MARGIN CALL ($0)
38,17,0.0,20,1,19,1.0,-100.0,5.0,MARGIN CALL ($0)
38,18,0.0,22,1,21,1.0,-100.0,4.545454545454546,MARGIN CALL ($0)
38,19,0.0,22,1,21,1.0,-100.0,4.545454545454546,MARGIN CALL ($0)
38,21,0.0,17,0,17,1.0,-100.0,0.0,MARGIN CALL ($0)
38,22,0.0,19,0,19,1.0,-100.0,0.0,MARGIN CALL ($0)
38,23,0.0,16,0,16,1.0,-100.0,0.0,MARGIN CALL ($0)
38,24,0.0,17,0,17,1.0,-100.0,0.0,MARGIN CALL ($0)
38,25,0.0,18,0,18,1.0,-100.0,0.0,MARGIN CALL ($0)
38,26,0.0,44,4,40,1.0,-100.0,9.090909090909092,MARGIN CALL ($0)
38,27,0.0,51,3,48,1.0,-100.0,5.88235294117647,MARGIN CALL ($0)
38,28,0.0,45,3,42,1.0,-100.0,6.666666666666667,MARGIN CALL ($0)
38,29,0.0,15,0,15,1.0,-100.0,0.0,MARGIN CALL ($0)
38,30,0.0,15,0,15,1.0,-100.0,0.0,MARGIN CALL ($0)
38,31,0.0,30,1,29,1.0,-100.0,3.3333333333333335,MARGIN CALL ($0)
38,32,0.0,30,1,29,1.0,-100.0,3.3333333333333335,MARGIN CALL ($0)
38,33,0.0,30,1,29,1.0,-100.0,3.3333333333333335,MARGIN CALL ($0)
38,34,0.0,15,0,15,1.0,-100.0,0.0,MARGIN CALL ($0)
38,35,0.0,14,0,14,1.0,-100.0,0.0,MARGIN CALL ($0)
38,36,0.0,15,0,15,1.0,-100.0,0.0,MARGIN CALL ($0)
38,37,0.0,14,0,14,1.0,-100.0,0.0,MARGIN CALL ($0)
38,38,0.0,13,0,13,1.0,-100.0,0.0,MARGIN CALL ($0)
38,39,0.0,13,0,13,1.0,-100.0,0.0,MARGIN CALL ($0)
38,40,0.0,15,1,14,1.0,-100.0,6.666666666666667,MARGIN CALL ($0)
38,41,0.0,15,1,14,1.0,-100.0,6.666666666666667,MARGIN CALL ($0)
38,42,0.0,15,1,14,1.0,-100.0,6.666666666666667,MARGIN CALL ($0)
38,43,0.0,17,1,16,1.0,-100.0,5.88235294117647,MARGIN CALL ($0)
38,44,0.0,16,0,16,1.0,-100.0,0.0,MARGIN CALL ($0)
38,45,0.0,16,0,16,1.0,-100.0,0.0,MARGIN CALL ($0)
38,46,0.0,16,0,16,1.0,-100.0,0.0,MARGIN CALL ($0)
38,47,0.0,17,0,17,1.0,-100.0,0.0,MARGIN CALL ($0)
38,48,0.0,15,0,15,1.0,-100.0,0.0,MARGIN CALL ($0)
38,49,0.0,15,0,15,1.0,-100.0,0.0,MARGIN CALL ($0)
38,51,0.0,14,0,14,1.0,-100.0,0.0,MARGIN CALL ($0)
38,52,0.0,14,0,14,1.0,-100.0,0.0,MARGIN CALL ($0)
38,53,0.0,14,0,14,1.0,-100.0,0.0,MARGIN CALL ($0)
38,54,0.0,15,1,14,1.0,-100.0,6.666666666666667,MARGIN CALL ($0)
38,55,0.0,15,1,14,1.0,-100.0,6.666666666666667,MARGIN CALL ($0)
38,56,0.0,14,1,13,1.0,-100.0,7.142857142857142,MARGIN CALL ($0)
38,57,0.0,15,1,14,1.0,-100.0,6.666666666666667,MARGIN CALL ($0)
38,58,0.0,15,1,14,1.0,-100.0,6.666666666666667,MARGIN CALL ($0)
38,59,0.0,15,1,14,1.0,-100.0,6.666666666666667,MARGIN CALL ($0)
38,60,0.0,15,1,14,1.0,-100.0,6.666666666666667,MARGIN CALL ($0)
38,61,0.0,15,1,14,1.0,-100.0,6.666666666666667,MARGIN CALL ($0)
38,62,0.0,15,1,14,1.0,-100.0,6.666666666666667,MARGIN CALL ($0)
38,63,0.0,15,1,14,1.0,-100.0,6.666666666666667,MARGIN CALL ($0)
38,64,0.0,13,1,12,1.0,-100.0,7.6923076923076925,MARGIN CALL ($0)
38,65,0.0,13,1,12,1.0,-100.0,7.6923076923076925,MARGIN CALL ($0)
38,66,0.0,13,1,12,1.0,-100.0,7.6923076923076925,MARGIN CALL ($0)
38,67,0.0,15,1,14,1.0,-100.0,6.666666666666667,MARGIN CALL ($0)
38,68,0.0,16,1,15,1.0,-100.0,6.25,MARGIN CALL ($0)
38,69,0.0,16,1,15,1.0,-100.0,6.25,MARGIN CALL ($0)
38,70,0.0,16,1,15,1.0,-100.0,6.25,MARGIN CALL ($0)
38,71,0.0,15,1,14,1.0,-100.0,6.666666666666667,MARGIN CALL ($0)
38,72,0.0,15,1,14,1.0,-100.0,6.666666666666667,MARGIN CALL ($0)
38,73,0.0,15,1,14,1.0,-100.0,6.666666666666667,MARGIN CALL ($0)
38,74,0.0,15,1,14,1.0,-100.0,6.666666666666667,MARGIN CALL ($0)
38,75,0.0,15,1,14,1.0,-100.0,6.666666666666667,MARGIN CALL ($0)
38,76,0.0,16,1,15,1.0,-100.0,6.25,MARGIN CALL ($0)
38,77,0.0,16,1,15,1.0,-100.0,6.25,MARGIN CALL ($0)
38,78,0.0,25,4,21,1.0,-100.0,16.0,MARGIN CALL ($0)
38,79,0.0,25,4,21,1.0,-100.0,16.0,MARGIN CALL ($0)
38,80,0.0,24,4,20,1.0,-100.0,16.666666666666664,MARGIN CALL ($0)
38,81,0.0,25,4,21,1.0,-100.0,16.0,MARGIN CALL ($0)
38,82,0.0,25,4,21,1.0,-100.0,16.0,MARGIN CALL ($0)
38,83,0.0,19,3,16,1.0,-100.0,15.789473684210526,MARGIN CALL ($0)
38,84,0.0,18,2,16,1.0,-100.0,11.11111111111111,MARGIN CALL ($0)
38,85,0.0,15,1,14,1.0,-100.0,6.666666666666667,MARGIN CALL ($0)
38,86,0.0,15,1,14,1.0,-100.0,6.666666666666667,MARGIN CALL ($0)
38,87,0.0,14,1,13,1.0,-100.0,7.142857142857142,MARGIN CALL ($0)
38,88,0.0,14,1,13,1.0,-100.0,7.142857142857142,MARGIN CALL ($0)
38,89,0.0,15,1,14,1.0,-100.0,6.666666666666667,MARGIN CALL ($0)
38,90,0.0,12,0,12,1.0,-100.0,0.0,MARGIN CALL ($0)
38,91,0.0,12,0,12,1.0,-100.0,0.0,MARGIN CALL ($0)
38,92,0.0,14,0,14,1.0,-100.0,0.0,MARGIN CALL ($0)
38,93,0.0,13,0,13,1.0,-100.0,0.0,MARGIN CALL ($0)
38,94,0.0,13,0,13,1.0,-100.0,0.0,MARGIN CALL ($0)
38,95,0.0,11,0,11,1.0,-100.0,0.0,MARGIN CALL ($0)
38,96,0.0,11,0,11,1.0,-100.0,0.0,MARGIN CALL ($0)
38,97,0.0,13,0,13,1.0,-100.0,0.0,MARGIN CALL ($0)
38,98,0.0,14,0,14,1.0,-100.0,0.0,MARGIN CALL ($0)
38,99,0.0,11,0,11,1.0,-100.0,0.0,MARGIN CALL ($0)
38,100,0.0,43,4,39,1.0,-100.0,9.30232558139535,MARGIN CALL ($0)
39,1,0.0,49,7,42,1.0,-100.0,14.285714285714285,MARGIN CALL ($0)
39,2,0.0,57,7,50,1.0,-100.0,12.280701754385964,MARGIN CALL ($0)
39,3,0.0,57,7,50,1.0,-100.0,12.280701754385964,MARGIN CALL ($0)
39,4,0.0,49,5,44,1.0,-100.0,10.204081632653061,MARGIN CALL ($0)
39,5,0.0,37,3,34,1.0,-100.0,8.108108108108109,MARGIN CALL ($0)
39,6,0.0,33,3,30,1.0,-100.0,9.090909090909092,MARGIN CALL ($0)
39,7,0.0,38,4,34,1.0,-100.0,10.526315789473683,MARGIN CALL ($0)
39,8,0.0,15,0,15,1.0,-100.0,0.0,MARGIN CALL ($0)
39,9,0.0,19,2,17,1.0,-100.0,10.526315789473683,MARGIN CALL ($0)
39,10,0.0,19,2,17,1.0,-100.0,10.526315789473683,MARGIN CALL ($0)
39,11,0.0,19,2,17,1.0,-100.0,10.526315789473683,MARGIN CALL ($0)
39,12,0.0,67,15,52,1.0,-100.0,22.388059701492537,MARGIN CALL ($0)
39,13,0.0,21,3,18,1.0,-100.0,14.285714285714285,MARGIN CALL ($0)
39,14,0.0,26,3,23,1.0,-100.0,11.538461538461538,MARGIN CALL ($0)
39,15,0.0,66,13,53,1.0,-100.0,19.696969696969695,MARGIN CALL ($0)
39,16,0.0,24,2,22,1.0,-100.0,8.333333333333332,MARGIN CALL ($0)
39,17,0.0,20,1,19,1.0,-100.0,5.0,MARGIN CALL ($0)
39,18,0.0,22,1,21,1.0,-100.0,4.545454545454546,MARGIN CALL ($0)
39,19,0.0,22,1,21,1.0,-100.0,4.545454545454546,MARGIN CALL ($0)
39,21,0.0,17,0,17,1.0,-100.0,0.0,MARGIN CALL ($0)
39,22,0.0,19,0,19,1.0,-100.0,0.0,MARGIN CALL ($0)
39,23,0.0,16,0,16,1.0,-100.0,0.0,MARGIN CALL ($0)
39,24,0.0,17,0,17,1.0,-100.0,0.0,MARGIN CALL ($0)
39,25,0.0,18,0,18,1.0,-100.0,0.0,MARGIN CALL ($0)
39,26,0.0,42,4,38,1.0,-100.0,9.523809523809524,MARGIN CALL ($0)
39,27,0.0,50,3,47,1.0,-100.0,6.0,MARGIN CALL ($0)
39,28,0.0,45,3,42,1.0,-100.0,6.666666666666667,MARGIN CALL ($0)
39,29,0.0,15,0,15,1.0,-100.0,0.0,MARGIN CALL ($0)
39,30,0.0,15,0,15,1.0,-100.0,0.0,MARGIN CALL ($0)
39,31,0.0,29,1,28,1.0,-100.0,3.4482758620689653,MARGIN CALL ($0)
39,32,0.0,30,1,29,1.0,-100.0,3.3333333333333335,MARGIN CALL ($0)
39,33,0.0,30,1,29,1.0,-100.0,3.3333333333333335,MARGIN CALL ($0)
39,34,0.0,15,0,15,1.0,-100.0,0.0,MARGIN CALL ($0)
39,35,0.0,14,0,14,1.0,-100.0,0.0,MARGIN CALL ($0)
39,36,0.0,15,0,15,1.0,-100.0,0.0,MARGIN CALL ($0)
39,37,0.0,14,0,14,1.0,-100.0,0.0,MARGIN CALL ($0)
39,38,0.0,13,0,13,1.0,-100.0,0.0,MARGIN CALL ($0)
39,39,0.0,11,0,11,1.0,-100.0,0.0,MARGIN CALL ($0)
39,40,0.0,13,1,12,1.0,-100.0,7.6923076923076925,MARGIN CALL ($0)
39,41,0.0,14,1,13,1.0,-100.0,7.142857142857142,MARGIN CALL ($0)
39,42,0.0,14,1,13,1.0,-100.0,7.142857142857142,MARGIN CALL ($0)
39,43,0.0,15,1,14,1.0,-100.0,6.666666666666667,MARGIN CALL ($0)
39,44,0.0,16,1,15,1.0,-100.0,6.25,MARGIN CALL ($0)
39,45,0.0,16,1,15,1.0,-100.0,6.25,MARGIN CALL ($0)
39,46,0.0,17,1,16,1.0,-100.0,5.88235294117647,MARGIN CALL ($0)
39,47,0.0,17,1,16,1.0,-100.0,5.88235294117647,MARGIN CALL ($0)
39,48,0.0,16,1,15,1.0,-100.0,6.25,MARGIN CALL ($0)
39,49,0.0,16,1,15,1.0,-100.0,6.25,MARGIN CALL ($0)
39,50,0.0,15,0,15,1.0,-100.0,0.0,MARGIN CALL ($0)
39,51,0.0,14,0,14,1.0,-100.0,0.0,MARGIN CALL ($0)
39,52,0.0,14,0,14,1.0,-100.0,0.0,MARGIN CALL ($0)
39,53,0.0,13,0,13,1.0,-100.0,0.0,MARGIN CALL ($0)
39,54,0.0,15,1,14,1.0,-100.0,6.666666666666667,MARGIN CALL ($0)
39,55,0.0,15,1,14,1.0,-100.0,6.666666666666667,MARGIN CALL ($0)
39,56,0.0,14,1,13,1.0,-100.0,7.142857142857142,MARGIN CALL ($0)
39,57,0.0,15,1,14,1.0,-100.0,6.666666666666667,MARGIN CALL ($0)
39,58,0.0,15,1,14,1.0,-100.0,6.666666666666667,MARGIN CALL ($0)
39,59,0.0,15,1,14,1.0,-100.0,6.666666666666667,MARGIN CALL ($0)
39,60,0.0,15,1,14,1.0,-100.0,6.666666666666667,MARGIN CALL ($0)
39,61,0.0,13,1,12,1.0,-100.0,7.6923076923076925,MARGIN CALL ($0)
39,62,0.0,13,1,12,1.0,-100.0,7.6923076923076925,MARGIN CALL ($0)
39,63,0.0,13,1,12,1.0,-100.0,7.6923076923076925,MARGIN CALL ($0)
39,64,0.0,13,1,12,1.0,-100.0,7.6923076923076925,MARGIN CALL ($0)
39,65,0.0,14,1,13,1.0,-100.0,7.142857142857142,MARGIN CALL ($0)
39,66,0.0,15,1,14,1.0,-100.0,6.666666666666667,MARGIN CALL ($0)
39,67,0.0,15,1,14,1.0,-100.0,6.666666666666667,MARGIN CALL ($0)
39,68,0.0,16,1,15,1.0,-100.0,6.25,MARGIN CALL ($0)
39,69,0.0,16,1,15,1.0,-100.0,6.25,MARGIN CALL ($0)
39,70,0.0,16,1,15,1.0,-100.0,6.25,MARGIN CALL ($0)
39,71,0.0,15,1,14,1.0,-100.0,6.666666666666667,MARGIN CALL ($0)
39,72,0.0,15,1,14,1.0,-100.0,6.666666666666667,MARGIN CALL ($0)
39,73,0.0,15,1,14,1.0,-100.0,6.666666666666667,MARGIN CALL ($0)
39,74,0.0,15,1,14,1.0,-100.0,6.666666666666667,MARGIN CALL ($0)
39,75,0.0,15,1,14,1.0,-100.0,6.666666666666667,MARGIN CALL ($0)
39,76,0.0,16,1,15,1.0,-100.0,6.25,MARGIN CALL ($0)
39,77,0.0,16,1,15,1.0,-100.0,6.25,MARGIN CALL ($0)
39,78,0.0,25,4,21,1.0,-100.0,16.0,MARGIN CALL ($0)
39,79,0.0,25,4,21,1.0,-100.0,16.0,MARGIN CALL ($0)
39,80,0.0,24,4,20,1.0,-100.0,16.666666666666664,MARGIN CALL ($0)
39,81,0.0,25,4,21,1.0,-100.0,16.0,MARGIN CALL ($0)
39,82,0.0,25,4,21,1.0,-100.0,16.0,MARGIN CALL ($0)
39,83,0.0,19,3,16,1.0,-100.0,15.789473684210526,MARGIN CALL ($0)
39,84,0.0,18,2,16,1.0,-100.0,11.11111111111111,MARGIN CALL ($0)
39,85,0.0,15,1,14,1.0,-100.0,6.666666666666667,MARGIN CALL ($0)
39,86,0.0,15,1,14,1.0,-100.0,6.666666666666667,MARGIN CALL ($0)
39,87,0.0,14,1,13,1.0,-100.0,7.142857142857142,MARGIN CALL ($0)
39,88,0.0,14,1,13,1.0,-100.0,7.142857142857142,MARGIN CALL ($0)
39,89,0.0,15,1,14,1.0,-100.0,6.666666666666667,MARGIN CALL ($0)
39,90,0.0,12,0,12,1.0,-100.0,0.0,MARGIN CALL ($0)
39,91,0.0,12,0,12,1.0,-100.0,0.0,MARGIN CALL ($0)
39,92,0.0,14,0,14,1.0,-100.0,0.0,MARGIN CALL ($0)
39,93,0.0,13,0,13,1.0,-100.0,0.0,MARGIN CALL ($0)
39,94,0.0,13,0,13,1.0,-100.0,0.0,MARGIN CALL ($0)
39,95,0.0,11,0,11,1.0,-100.0,0.0,MARGIN CALL ($0)
39,96,0.0,11,0,11,1.0,-100.0,0.0,MARGIN CALL ($0)
39,97,0.0,13,0,13,1.0,-100.0,0.0,MARGIN CALL ($0)
39,98,0.0,14,0,14,1.0,-100.0,0.0,MARGIN CALL ($0)
39,99,0.0,11,0,11,1.0,-100.0,0.0,MARGIN CALL ($0)
39,100,0.0,53,6,47,1.0,-100.0,11.320754716981133,MARGIN CALL ($0)
40,1,0.0,47,7,40,1.0,-100.0,14.893617021276595,MARGIN CALL ($0)
40,2,0.0,57,7,50,1.0,-100.0,12.280701754385964,MARGIN CALL ($0)
40,3,0.0,57,7,50,1.0,-100.0,12.280701754385964,MARGIN CALL ($0)
40,4,0.0,49,5,44,1.0,-100.0,10.204081632653061,MARGIN CALL ($0)
40,5,0.0,37,3,34,1.0,-100.0,8.108108108108109,MARGIN CALL ($0)
40,6,0.0,34,3,31,1.0,-100.0,8.823529411764707,MARGIN CALL ($0)
40,7,0.0,39,4,35,1.0,-100.0,10.256410256410255,MARGIN CALL ($0)
40,8,0.0,16,0,16,1.0,-100.0,0.0,MARGIN CALL ($0)
40,9,0.0,19,2,17,1.0,-100.0,10.526315789473683,MARGIN CALL ($0)
40,10,0.0,19,2,17,1.0,-100.0,10.526315789473683,MARGIN CALL ($0)
40,11,0.0,18,2,16,1.0,-100.0,11.11111111111111,MARGIN CALL ($0)
40,12,0.0,68,15,53,1.0,-100.0,22.058823529411764,MARGIN CALL ($0)
40,13,0.0,21,3,18,1.0,-100.0,14.285714285714285,MARGIN CALL ($0)
40,14,0.0,26,3,23,1.0,-100.0,11.538461538461538,MARGIN CALL ($0)
40,15,0.0,65,13,52,1.0,-100.0,20.0,MARGIN CALL ($0)
40,16,0.0,24,2,22,1.0,-100.0,8.333333333333332,MARGIN CALL ($0)
40,17,0.0,21,1,20,1.0,-100.0,4.761904761904762,MARGIN CALL ($0)
40,18,0.0,23,1,22,1.0,-100.0,4.3478260869565215,MARGIN CALL ($0)
40,19,0.0,23,1,22,1.0,-100.0,4.3478260869565215,MARGIN CALL ($0)
40,21,0.0,17,0,17,1.0,-100.0,0.0,MARGIN CALL ($0)
40,22,0.0,18,0,18,1.0,-100.0,0.0,MARGIN CALL ($0)
40,23,0.0,17,0,17,1.0,-100.0,0.0,MARGIN CALL ($0)
40,24,0.0,17,0,17,1.0,-100.0,0.0,MARGIN CALL ($0)
40,26,0.0,43,4,39,1.0,-100.0,9.30232558139535,MARGIN CALL ($0)
40,27,0.0,50,3,47,1.0,-100.0,6.0,MARGIN CALL ($0)
40,28,0.0,44,3,41,1.0,-100.0,6.8181818181818175,MARGIN CALL ($0)
40,29,0.0,15,0,15,1.0,-100.0,0.0,MARGIN CALL ($0)
40,30,0.0,15,0,15,1.0,-100.0,0.0,MARGIN CALL ($0)
40,31,0.0,31,2,29,1.0,-100.0,6.451612903225806,MARGIN CALL ($0)
40,32,0.0,31,2,29,1.0,-100.0,6.451612903225806,MARGIN CALL ($0)
40,33,0.0,32,2,30,1.0,-100.0,6.25,MARGIN CALL ($0)
40,34,0.0,15,0,15,1.0,-100.0,0.0,MARGIN CALL ($0)
40,35,0.0,14,0,14,1.0,-100.0,0.0,MARGIN CALL ($0)
40,36,0.0,15,0,15,1.0,-100.0,0.0,MARGIN CALL ($0)
40,37,0.0,14,0,14,1.0,-100.0,0.0,MARGIN CALL ($0)
40,38,0.0,13,0,13,1.0,-100.0,0.0,MARGIN CALL ($0)
40,39,0.0,13,1,12,1.0,-100.0,7.6923076923076925,MARGIN CALL ($0)
40,40,0.0,13,1,12,1.0,-100.0,7.6923076923076925,MARGIN CALL ($0)
40,41,0.0,14,1,13,1.0,-100.0,7.142857142857142,MARGIN CALL ($0)
40,42,0.0,14,1,13,1.0,-100.0,7.142857142857142,MARGIN CALL ($0)
40,43,0.0,15,1,14,1.0,-100.0,6.666666666666667,MARGIN CALL ($0)
40,44,0.0,16,1,15,1.0,-100.0,6.25,MARGIN CALL ($0)
40,45,0.0,17,1,16,1.0,-100.0,5.88235294117647,MARGIN CALL ($0)
40,46,0.0,17,1,16,1.0,-100.0,5.88235294117647,MARGIN CALL ($0)
40,47,0.0,17,1,16,1.0,-100.0,5.88235294117647,MARGIN CALL ($0)
40,48,0.0,16,1,15,1.0,-100.0,6.25,MARGIN CALL ($0)
40,49,0.0,16,1,15,1.0,-100.0,6.25,MARGIN CALL ($0)
40,50,0.0,15,0,15,1.0,-100.0,0.0,MARGIN CALL ($0)
40,51,0.0,12,0,12,1.0,-100.0,0.0,MARGIN CALL ($0)
40,52,0.0,12,0,12,1.0,-100.0,0.0,MARGIN CALL ($0)
40,53,0.0,11,0,11,1.0,-100.0,0.0,MARGIN CALL ($0)
40,54,0.0,14,1,13,1.0,-100.0,7.142857142857142,MARGIN CALL ($0)
40,55,0.0,14,1,13,1.0,-100.0,7.142857142857142,MARGIN CALL ($0)
40,56,0.0,14,1,13,1.0,-100.0,7.142857142857142,MARGIN CALL ($0)
40,57,0.0,14,1,13,1.0,-100.0,7.142857142857142,MARGIN CALL ($0)
40,58,0.0,14,1,13,1.0,-100.0,7.142857142857142,MARGIN CALL ($0)
40,59,0.0,14,1,13,1.0,-100.0,7.142857142857142,MARGIN CALL ($0)
40,60,0.0,14,1,13,1.0,-100.0,7.142857142857142,MARGIN CALL ($0)
40,61,0.0,13,1,12,1.0,-100.0,7.6923076923076925,MARGIN CALL ($0)
40,62,0.0,13,1,12,1.0,-100.0,7.6923076923076925,MARGIN CALL ($0)
40,63,0.0,13,1,12,1.0,-100.0,7.6923076923076925,MARGIN CALL ($0)
40,64,0.0,13,1,12,1.0,-100.0,7.6923076923076925,MARGIN CALL ($0)
40,65,0.0,13,1,12,1.0,-100.0,7.6923076923076925,MARGIN CALL ($0)
40,66,0.0,14,1,13,1.0,-100.0,7.142857142857142,MARGIN CALL ($0)
40,67,0.0,14,1,13,1.0,-100.0,7.142857142857142,MARGIN CALL ($0)
40,68,0.0,15,1,14,1.0,-100.0,6.666666666666667,MARGIN CALL ($0)
40,69,0.0,15,1,14,1.0,-100.0,6.666666666666667,MARGIN CALL ($0)
40,70,0.0,16,1,15,1.0,-100.0,6.25,MARGIN CALL ($0)
40,71,0.0,14,1,13,1.0,-100.0,7.142857142857142,MARGIN CALL ($0)
40,72,0.0,14,1,13,1.0,-100.0,7.142857142857142,MARGIN CALL ($0)
40,73,0.0,14,1,13,1.0,-100.0,7.142857142857142,MARGIN CALL ($0)
40,74,0.0,14,1,13,1.0,-100.0,7.142857142857142,MARGIN CALL ($0)
40,75,0.0,14,1,13,1.0,-100.0,7.142857142857142,MARGIN CALL ($0)
40,76,0.0,15,1,14,1.0,-100.0,6.666666666666667,MARGIN CALL ($0)
40,77,0.0,15,1,14,1.0,-100.0,6.666666666666667,MARGIN CALL ($0)
40,78,0.0,24,4,20,1.0,-100.0,16.666666666666664,MARGIN CALL ($0)
40,79,0.0,24,4,20,1.0,-100.0,16.666666666666664,MARGIN CALL ($0)
40,80,0.0,24,4,20,1.0,-100.0,16.666666666666664,MARGIN CALL ($0)
40,81,0.0,25,4,21,1.0,-100.0,16.0,MARGIN CALL ($0)
40,82,0.0,25,4,21,1.0,-100.0,16.0,MARGIN CALL ($0)
40,83,0.0,19,3,16,1.0,-100.0,15.789473684210526,MARGIN CALL ($0)
40,84,0.0,18,2,16,1.0,-100.0,11.11111111111111,MARGIN CALL ($0)
40,85,0.0,15,1,14,1.0,-100.0,6.666666666666667,MARGIN CALL ($0)
40,86,0.0,15,1,14,1.0,-100.0,6.666666666666667,MARGIN CALL ($0)
40,87,0.0,14,1,13,1.0,-100.0,7.142857142857142,MARGIN CALL ($0)
40,88,0.0,14,1,13,1.0,-100.0,7.142857142857142,MARGIN CALL ($0)
40,89,0.0,15,1,14,1.0,-100.0,6.666666666666667,MARGIN CALL ($0)
40,90,0.0,12,0,12,1.0,-100.0,0.0,MARGIN CALL ($0)
40,91,0.0,12,0,12,1.0,-100.0,0.0,MARGIN CALL ($0)
40,92,0.0,13,0,13,1.0,-100.0,0.0,MARGIN CALL ($0)
40,93,0.0,12,0,12,1.0,-100.0,0.0,MARGIN CALL ($0)
40,94,0.0,13,0,13,1.0,-100.0,0.0,MARGIN CALL ($0)
40,95,0.0,11,0,11,1.0,-100.0,0.0,MARGIN CALL ($0)
40,96,0.0,11,0,11,1.0,-100.0,0.0,MARGIN CALL ($0)
40,97,0.0,13,0,13,1.0,-100.0,0.0,MARGIN CALL ($0)
40,98,0.0,14,0,14,1.0,-100.0,0.0,MARGIN CALL ($0)
40,99,0.0,11,0,11,1.0,-100.0,0.0,MARGIN CALL ($0)
40,100,0.0,83,10,73,1.0,-100.0,12.048192771084338,MARGIN CALL ($0)
41,1,0.0,48,7,41,1.0,-100.0,14.583333333333334,MARGIN CALL ($0)
41,2,0.0,57,7,50,1.0,-100.0,12.280701754385964,MARGIN CALL ($0)
41,3,0.0,57,7,50,1.0,-100.0,12.280701754385964,MARGIN CALL ($0)
41,4,0.0,49,5,44,1.0,-100.0,10.204081632653061,MARGIN CALL ($0)
41,5,0.0,37,3,34,1.0,-100.0,8.108108108108109,MARGIN CALL ($0)
41,6,0.0,34,3,31,1.0,-100.0,8.823529411764707,MARGIN CALL ($0)
41,7,0.0,40,4,36,1.0,-100.0,10.0,MARGIN CALL ($0)
41,8,0.0,16,0,16,1.0,-100.0,0.0,MARGIN CALL ($0)
41,9,0.0,20,2,18,1.0,-100.0,10.0,MARGIN CALL ($0)
41,10,0.0,19,2,17,1.0,-100.0,10.526315789473683,MARGIN CALL ($0)
41,11,0.0,18,2,16,1.0,-100.0,11.11111111111111,MARGIN CALL ($0)
41,12,0.0,46,6,40,1.0,-100.0,13.043478260869565,MARGIN CALL ($0)
41,13,0.0,21,3,18,1.0,-100.0,14.285714285714285,MARGIN CALL ($0)
41,14,0.0,26,3,23,1.0,-100.0,11.538461538461538,MARGIN CALL ($0)
41,15,0.0,65,12,53,1.0,-100.0,18.461538461538463,MARGIN CALL ($0)
41,16,0.0,24,2,22,1.0,-100.0,8.333333333333332,MARGIN CALL ($0)
41,17,0.0,21,1,20,1.0,-100.0,4.761904761904762,MARGIN CALL ($0)
41,18,0.0,23,1,22,1.0,-100.0,4.3478260869565215,MARGIN CALL ($0)
41,19,0.0,23,1,22,1.0,-100.0,4.3478260869565215,MARGIN CALL ($0)
41,21,0.0,17,0,17,1.0,-100.0,0.0,MARGIN CALL ($0)
41,22,0.0,18,0,18,1.0,-100.0,0.0,MARGIN CALL ($0)
41,23,0.0,17,0,17,1.0,-100.0,0.0,MARGIN CALL ($0)
41,24,0.0,17,0,17,1.0,-100.0,0.0,MARGIN CALL ($0)
41,26,0.0,43,4,39,1.0,-100.0,9.30232558139535,MARGIN CALL ($0)
41,27,0.0,50,3,47,1.0,-100.0,6.0,MARGIN CALL ($0)
41,28,0.0,44,3,41,1.0,-100.0,6.8181818181818175,MARGIN CALL ($0)
41,29,0.0,15,0,15,1.0,-100.0,0.0,MARGIN CALL ($0)
41,30,0.0,15,0,15,1.0,-100.0,0.0,MARGIN CALL ($0)
41,31,0.0,32,2,30,1.0,-100.0,6.25,MARGIN CALL ($0)
41,32,0.0,32,2,30,1.0,-100.0,6.25,MARGIN CALL ($0)
41,33,0.0,33,2,31,1.0,-100.0,6.0606060606060606,MARGIN CALL ($0)
41,34,0.0,15,0,15,1.0,-100.0,0.0,MARGIN CALL ($0)
41,35,0.0,14,0,14,1.0,-100.0,0.0,MARGIN CALL ($0)
41,36,0.0,15,0,15,1.0,-100.0,0.0,MARGIN CALL ($0)
41,37,0.0,14,0,14,1.0,-100.0,0.0,MARGIN CALL ($0)
41,38,0.0,13,0,13,1.0,-100.0,0.0,MARGIN CALL ($0)
41,39,0.0,13,1,12,1.0,-100.0,7.6923076923076925,MARGIN CALL ($0)
41,40,0.0,13,1,12,1.0,-100.0,7.6923076923076925,MARGIN CALL ($0)
41,41,0.0,12,0,12,1.0,-100.0,0.0,MARGIN CALL ($0)
41,42,0.0,14,1,13,1.0,-100.0,7.142857142857142,MARGIN CALL ($0)
41,43,0.0,15,1,14,1.0,-100.0,6.666666666666667,MARGIN CALL ($0)
41,44,0.0,16,1,15,1.0,-100.0,6.25,MARGIN CALL ($0)
41,45,0.0,17,1,16,1.0,-100.0,5.88235294117647,MARGIN CALL ($0)
41,46,0.0,17,1,16,1.0,-100.0,5.88235294117647,MARGIN CALL ($0)
41,47,0.0,17,1,16,1.0,-100.0,5.88235294117647,MARGIN CALL ($0)
41,48,0.0,16,1,15,1.0,-100.0,6.25,MARGIN CALL ($0)
41,49,0.0,15,1,14,1.0,-100.0,6.666666666666667,MARGIN CALL ($0)
41,50,0.0,14,0,14,1.0,-100.0,0.0,MARGIN CALL ($0)
41,51,0.0,12,0,12,1.0,-100.0,0.0,MARGIN CALL ($0)
41,52,0.0,12,0,12,1.0,-100.0,0.0,MARGIN CALL ($0)
41,53,0.0,12,0,12,1.0,-100.0,0.0,MARGIN CALL ($0)
41,54,0.0,14,1,13,1.0,-100.0,7.142857142857142,MARGIN CALL ($0)
41,55,0.0,14,1,13,1.0,-100.0,7.142857142857142,MARGIN CALL ($0)
41,56,0.0,14,1,13,1.0,-100.0,7.142857142857142,MARGIN CALL ($0)
41,57,0.0,14,1,13,1.0,-100.0,7.142857142857142,MARGIN CALL ($0)
41,58,0.0,14,1,13,1.0,-100.0,7.142857142857142,MARGIN CALL ($0)
41,59,0.0,15,1,14,1.0,-100.0,6.666666666666667,MARGIN CALL ($0)
41,60,0.0,15,1,14,1.0,-100.0,6.666666666666667,MARGIN CALL ($0)
41,61,0.0,13,1,12,1.0,-100.0,7.6923076923076925,MARGIN CALL ($0)
41,62,0.0,13,1,12,1.0,-100.0,7.6923076923076925,MARGIN CALL ($0)
41,63,0.0,13,1,12,1.0,-100.0,7.6923076923076925,MARGIN CALL ($0)
41,64,0.0,14,1,13,1.0,-100.0,7.142857142857142,MARGIN CALL ($0)
41,65,0.0,15,1,14,1.0,-100.0,6.666666666666667,MARGIN CALL ($0)
41,66,0.0,15,1,14,1.0,-100.0,6.666666666666667,MARGIN CALL ($0)
41,67,0.0,15,1,14,1.0,-100.0,6.666666666666667,MARGIN CALL ($0)
41,68,0.0,16,1,15,1.0,-100.0,6.25,MARGIN CALL ($0)
41,69,0.0,16,1,15,1.0,-100.0,6.25,MARGIN CALL ($0)
41,70,0.0,16,1,15,1.0,-100.0,6.25,MARGIN CALL ($0)
41,71,0.0,15,1,14,1.0,-100.0,6.666666666666667,MARGIN CALL ($0)
41,72,0.0,15,1,14,1.0,-100.0,6.666666666666667,MARGIN CALL ($0)
41,73,0.0,15,1,14,1.0,-100.0,6.666666666666667,MARGIN CALL ($0)
41,74,0.0,15,1,14,1.0,-100.0,6.666666666666667,MARGIN CALL ($0)
41,75,0.0,15,1,14,1.0,-100.0,6.666666666666667,MARGIN CALL ($0)
41,76,0.0,16,1,15,1.0,-100.0,6.25,MARGIN CALL ($0)
41,77,0.0,16,1,15,1.0,-100.0,6.25,MARGIN CALL ($0)
41,78,0.0,25,4,21,1.0,-100.0,16.0,MARGIN CALL ($0)
41,79,0.0,25,4,21,1.0,-100.0,16.0,MARGIN CALL ($0)
41,80,0.0,25,4,21,1.0,-100.0,16.0,MARGIN CALL ($0)
41,81,0.0,25,4,21,1.0,-100.0,16.0,MARGIN CALL ($0)
41,82,0.0,25,4,21,1.0,-100.0,16.0,MARGIN CALL ($0)
41,83,0.0,20,3,17,1.0,-100.0,15.0,MARGIN CALL ($0)
41,84,0.0,19,2,17,1.0,-100.0,10.526315789473683,MARGIN CALL ($0)
41,85,0.0,15,1,14,1.0,-100.0,6.666666666666667,MARGIN CALL ($0)
41,86,0.0,15,1,14,1.0,-100.0,6.666666666666667,MARGIN CALL ($0)
41,87,0.0,15,1,14,1.0,-100.0,6.666666666666667,MARGIN CALL ($0)
41,88,0.0,15,1,14,1.0,-100.0,6.666666666666667,MARGIN CALL ($0)
41,89,0.0,15,1,14,1.0,-100.0,6.666666666666667,MARGIN CALL ($0)
41,90,0.0,12,0,12,1.0,-100.0,0.0,MARGIN CALL ($0)
41,91,0.0,12,0,12,1.0,-100.0,0.0,MARGIN CALL ($0)
41,92,0.0,13,0,13,1.0,-100.0,0.0,MARGIN CALL ($0)
41,93,0.0,12,0,12,1.0,-100.0,0.0,MARGIN CALL ($0)
41,94,0.0,13,0,13,1.0,-100.0,0.0,MARGIN CALL ($0)
41,95,0.0,11,0,11,1.0,-100.0,0.0,MARGIN CALL ($0)
41,96,0.0,11,0,11,1.0,-100.0,0.0,MARGIN CALL ($0)
41,97,0.0,13,0,13,1.0,-100.0,0.0,MARGIN CALL ($0)
41,98,0.0,14,0,14,1.0,-100.0,0.0,MARGIN CALL ($0)
41,99,0.0,11,0,11,1.0,-100.0,0.0,MARGIN CALL ($0)
41,100,0.0,78,10,68,1.0,-100.0,12.82051282051282,MARGIN CALL ($0)
42,1,0.0,48,7,41,1.0,-100.0,14.583333333333334,MARGIN CALL ($0)
42,2,0.0,57,7,50,1.0,-100.0,12.280701754385964,MARGIN CALL ($0)
42,3,0.0,57,7,50,1.0,-100.0,12.280701754385964,MARGIN CALL ($0)
42,4,0.0,49,5,44,1.0,-100.0,10.204081632653061,MARGIN CALL ($0)
42,5,0.0,37,3,34,1.0,-100.0,8.108108108108109,MARGIN CALL ($0)
42,6,0.0,34,3,31,1.0,-100.0,8.823529411764707,MARGIN CALL ($0)
42,7,0.0,40,4,36,1.0,-100.0,10.0,MARGIN CALL ($0)
42,8,0.0,16,0,16,1.0,-100.0,0.0,MARGIN CALL ($0)
42,9,0.0,20,2,18,1.0,-100.0,10.0,MARGIN CALL ($0)
42,10,0.0,19,2,17,1.0,-100.0,10.526315789473683,MARGIN CALL ($0)
42,11,0.0,18,2,16,1.0,-100.0,11.11111111111111,MARGIN CALL ($0)
42,12,0.0,66,15,51,1.0,-100.0,22.727272727272727,MARGIN CALL ($0)
42,13,0.0,21,3,18,1.0,-100.0,14.285714285714285,MARGIN CALL ($0)
42,14,0.0,26,3,23,1.0,-100.0,11.538461538461538,MARGIN CALL ($0)
42,15,0.0,67,13,54,1.0,-100.0,19.402985074626866,MARGIN CALL ($0)
42,16,0.0,24,2,22,1.0,-100.0,8.333333333333332,MARGIN CALL ($0)
42,17,0.0,21,1,20,1.0,-100.0,4.761904761904762,MARGIN CALL ($0)
42,18,0.0,23,1,22,1.0,-100.0,4.3478260869565215,MARGIN CALL ($0)
42,19,0.0,23,1,22,1.0,-100.0,4.3478260869565215,MARGIN CALL ($0)
42,21,0.0,17,0,17,1.0,-100.0,0.0,MARGIN CALL ($0)
42,22,0.0,18,0,18,1.0,-100.0,0.0,MARGIN CALL ($0)
42,23,0.0,17,0,17,1.0,-100.0,0.0,MARGIN CALL ($0)
42,24,0.0,17,0,17,1.0,-100.0,0.0,MARGIN CALL ($0)
42,26,0.0,41,4,37,1.0,-100.0,9.75609756097561,MARGIN CALL ($0)
42,27,0.0,47,3,44,1.0,-100.0,6.382978723404255,MARGIN CALL ($0)
42,28,0.0,42,3,39,1.0,-100.0,7.142857142857142,MARGIN CALL ($0)
42,29,0.0,15,0,15,1.0,-100.0,0.0,MARGIN CALL ($0)
42,30,0.0,15,0,15,1.0,-100.0,0.0,MARGIN CALL ($0)
42,31,0.0,30,2,28,1.0,-100.0,6.666666666666667,MARGIN CALL ($0)
42,32,0.0,30,2,28,1.0,-100.0,6.666666666666667,MARGIN CALL ($0)
42,33,0.0,32,2,30,1.0,-100.0,6.25,MARGIN CALL ($0)
42,34,0.0,15,0,15,1.0,-100.0,0.0,MARGIN CALL ($0)
42,35,0.0,14,0,14,1.0,-100.0,0.0,MARGIN CALL ($0)
42,36,0.0,15,0,15,1.0,-100.0,0.0,MARGIN CALL ($0)
42,37,0.0,14,0,14,1.0,-100.0,0.0,MARGIN CALL ($0)
42,38,0.0,13,0,13,1.0,-100.0,0.0,MARGIN CALL ($0)
42,39,0.0,13,1,12,1.0,-100.0,7.6923076923076925,MARGIN CALL ($0)
42,40,0.0,13,1,12,1.0,-100.0,7.6923076923076925,MARGIN CALL ($0)
42,41,0.0,14,1,13,1.0,-100.0,7.142857142857142,MARGIN CALL ($0)
42,42,0.0,21,2,19,1.0,-100.0,9.523809523809524,MARGIN CALL ($0)
42,43,0.0,15,1,14,1.0,-100.0,6.666666666666667,MARGIN CALL ($0)
42,44,0.0,16,1,15,1.0,-100.0,6.25,MARGIN CALL ($0)
42,45,0.0,17,1,16,1.0,-100.0,5.88235294117647,MARGIN CALL ($0)
42,46,0.0,17,1,16,1.0,-100.0,5.88235294117647,MARGIN CALL ($0)
42,47,0.0,17,1,16,1.0,-100.0,5.88235294117647,MARGIN CALL ($0)
42,48,0.0,16,1,15,1.0,-100.0,6.25,MARGIN CALL ($0)
42,49,0.0,15,1,14,1.0,-100.0,6.666666666666667,MARGIN CALL ($0)
42,50,0.0,14,0,14,1.0,-100.0,0.0,MARGIN CALL ($0)
42,51,0.0,12,0,12,1.0,-100.0,0.0,MARGIN CALL ($0)
42,52,0.0,12,0,12,1.0,-100.0,0.0,MARGIN CALL ($0)
42,53,0.0,12,0,12,1.0,-100.0,0.0,MARGIN CALL ($0)
42,54,0.0,14,1,13,1.0,-100.0,7.142857142857142,MARGIN CALL ($0)
42,55,0.0,14,1,13,1.0,-100.0,7.142857142857142,MARGIN CALL ($0)
42,56,0.0,14,1,13,1.0,-100.0,7.142857142857142,MARGIN CALL ($0)
42,57,0.0,14,1,13,1.0,-100.0,7.142857142857142,MARGIN CALL ($0)
42,58,0.0,14,1,13,1.0,-100.0,7.142857142857142,MARGIN CALL ($0)
42,59,0.0,14,1,13,1.0,-100.0,7.142857142857142,MARGIN CALL ($0)
42,60,0.0,14,1,13,1.0,-100.0,7.142857142857142,MARGIN CALL ($0)
42,61,0.0,13,1,12,1.0,-100.0,7.6923076923076925,MARGIN CALL ($0)
42,62,0.0,13,1,12,1.0,-100.0,7.6923076923076925,MARGIN CALL ($0)
42,63,0.0,13,1,12,1.0,-100.0,7.6923076923076925,MARGIN CALL ($0)
42,64,0.0,13,1,12,1.0,-100.0,7.6923076923076925,MARGIN CALL ($0)
42,65,0.0,13,1,12,1.0,-100.0,7.6923076923076925,MARGIN CALL ($0)
42,66,0.0,14,1,13,1.0,-100.0,7.142857142857142,MARGIN CALL ($0)
42,67,0.0,14,1,13,1.0,-100.0,7.142857142857142,MARGIN CALL ($0)
42,68,0.0,15,1,14,1.0,-100.0,6.666666666666667,MARGIN CALL ($0)
42,69,0.0,15,1,14,1.0,-100.0,6.666666666666667,MARGIN CALL ($0)
42,70,0.0,16,1,15,1.0,-100.0,6.25,MARGIN CALL ($0)
42,71,0.0,15,1,14,1.0,-100.0,6.666666666666667,MARGIN CALL ($0)
42,72,0.0,15,1,14,1.0,-100.0,6.666666666666667,MARGIN CALL ($0)
42,73,0.0,15,1,14,1.0,-100.0,6.666666666666667,MARGIN CALL ($0)
42,74,0.0,15,1,14,1.0,-100.0,6.666666666666667,MARGIN CALL ($0)
42,75,0.0,15,1,14,1.0,-100.0,6.666666666666667,MARGIN CALL ($0)
42,76,0.0,16,1,15,1.0,-100.0,6.25,MARGIN CALL ($0)
42,77,0.0,16,1,15,1.0,-100.0,6.25,MARGIN CALL ($0)
42,78,0.0,25,4,21,1.0,-100.0,16.0,MARGIN CALL ($0)
42,79,0.0,25,4,21,1.0,-100.0,16.0,MARGIN CALL ($0)
42,80,0.0,25,4,21,1.0,-100.0,16.0,MARGIN CALL ($0)
42,81,0.0,26,4,22,1.0,-100.0,15.384615384615385,MARGIN CALL ($0)
42,82,0.0,26,4,22,1.0,-100.0,15.384615384615385,MARGIN CALL ($0)
42,83,0.0,20,3,17,1.0,-100.0,15.0,MARGIN CALL ($0)
42,84,0.0,19,2,17,1.0,-100.0,10.526315789473683,MARGIN CALL ($0)
42,85,0.0,15,1,14,1.0,-100.0,6.666666666666667,MARGIN CALL ($0)
42,86,0.0,15,1,14,1.0,-100.0,6.666666666666667,MARGIN CALL ($0)
42,87,0.0,15,1,14,1.0,-100.0,6.666666666666667,MARGIN CALL ($0)
42,88,0.0,15,1,14,1.0,-100.0,6.666666666666667,MARGIN CALL ($0)
42,89,0.0,15,1,14,1.0,-100.0,6.666666666666667,MARGIN CALL ($0)
42,90,0.0,12,0,12,1.0,-100.0,0.0,MARGIN CALL ($0)
42,91,0.0,12,0,12,1.0,-100.0,0.0,MARGIN CALL ($0)
42,92,0.0,13,0,13,1.0,-100.0,0.0,MARGIN CALL ($0)
42,93,0.0,12,0,12,1.0,-100.0,0.0,MARGIN CALL ($0)
42,94,0.0,13,0,13,1.0,-100.0,0.0,MARGIN CALL ($0)
42,95,0.0,11,0,11,1.0,-100.0,0.0,MARGIN CALL ($0)
42,96,0.0,11,0,11,1.0,-100.0,0.0,MARGIN CALL ($0)
42,97,0.0,13,0,13,1.0,-100.0,0.0,MARGIN CALL ($0)
42,98,0.0,14,0,14,1.0,-100.0,0.0,MARGIN CALL ($0)
42,99,0.0,11,0,11,1.0,-100.0,0.0,MARGIN CALL ($0)
42,100,0.0,53,6,47,1.0,-100.0,11.320754716981133,MARGIN CALL ($0)
43,1,0.0,48,7,41,1.0,-100.0,14.583333333333334,MARGIN CALL ($0)
43,2,0.0,57,7,50,1.0,-100.0,12.280701754385964,MARGIN CALL ($0)
43,3,0.0,57,7,50,1.0,-100.0,12.280701754385964,MARGIN CALL ($0)
43,4,0.0,49,5,44,1.0,-100.0,10.204081632653061,MARGIN CALL ($0)
43,5,0.0,38,3,35,1.0,-100.0,7.894736842105263,MARGIN CALL ($0)
43,6,0.0,35,3,32,1.0,-100.0,8.571428571428571,MARGIN CALL ($0)
43,7,0.0,39,4,35,1.0,-100.0,10.256410256410255,MARGIN CALL ($0)
43,8,0.0,16,0,16,1.0,-100.0,0.0,MARGIN CALL ($0)
43,9,0.0,17,1,16,1.0,-100.0,5.88235294117647,MARGIN CALL ($0)
43,10,0.0,17,1,16,1.0,-100.0,5.88235294117647,MARGIN CALL ($0)
43,11,0.0,18,2,16,1.0,-100.0,11.11111111111111,MARGIN CALL ($0)
43,12,0.0,62,14,48,1.0,-100.0,22.58064516129032,MARGIN CALL ($0)
43,13,0.0,21,3,18,1.0,-100.0,14.285714285714285,MARGIN CALL ($0)
43,14,0.0,26,3,23,1.0,-100.0,11.538461538461538,MARGIN CALL ($0)
43,15,0.0,70,13,57,1.0,-100.0,18.571428571428573,MARGIN CALL ($0)
43,16,0.0,24,2,22,1.0,-100.0,8.333333333333332,MARGIN CALL ($0)
43,17,0.0,21,1,20,1.0,-100.0,4.761904761904762,MARGIN CALL ($0)
43,18,0.0,23,1,22,1.0,-100.0,4.3478260869565215,MARGIN CALL ($0)
43,19,0.0,23,1,22,1.0,-100.0,4.3478260869565215,MARGIN CALL ($0)
43,21,0.0,17,0,17,1.0,-100.0,0.0,MARGIN CALL ($0)
43,22,0.0,18,0,18,1.0,-100.0,0.0,MARGIN CALL ($0)
43,23,0.0,17,0,17,1.0,-100.0,0.0,MARGIN CALL ($0)
43,24,0.0,17,0,17,1.0,-100.0,0.0,MARGIN CALL ($0)
43,26,0.0,43,4,39,1.0,-100.0,9.30232558139535,MARGIN CALL ($0)
43,27,0.0,49,3,46,1.0,-100.0,6.122448979591836,MARGIN CALL ($0)
43,28,0.0,44,3,41,1.0,-100.0,6.8181818181818175,MARGIN CALL ($0)
43,29,0.0,16,0,16,1.0,-100.0,0.0,MARGIN CALL ($0)
43,30,0.0,15,0,15,1.0,-100.0,0.0,MARGIN CALL ($0)
43,31,0.0,31,2,29,1.0,-100.0,6.451612903225806,MARGIN CALL ($0)
43,32,0.0,31,2,29,1.0,-100.0,6.451612903225806,MARGIN CALL ($0)
43,33,0.0,32,2,30,1.0,-100.0,6.25,MARGIN CALL ($0)
43,34,0.0,15,0,15,1.0,-100.0,0.0,MARGIN CALL ($0)
43,35,0.0,15,0,15,1.0,-100.0,0.0,MARGIN CALL ($0)
43,36,0.0,15,0,15,1.0,-100.0,0.0,MARGIN CALL ($0)
43,37,0.0,15,0,15,1.0,-100.0,0.0,MARGIN CALL ($0)
43,38,0.0,14,0,14,1.0,-100.0,0.0,MARGIN CALL ($0)
43,39,0.0,15,1,14,1.0,-100.0,6.666666666666667,MARGIN CALL ($0)
43,40,0.0,14,1,13,1.0,-100.0,7.142857142857142,MARGIN CALL ($0)
43,41,0.0,15,1,14,1.0,-100.0,6.666666666666667,MARGIN CALL ($0)
43,42,0.0,15,1,14,1.0,-100.0,6.666666666666667,MARGIN CALL ($0)
43,43,0.0,15,1,14,1.0,-100.0,6.666666666666667,MARGIN CALL ($0)
43,44,0.0,16,1,15,1.0,-100.0,6.25,MARGIN CALL ($0)
43,45,0.0,17,1,16,1.0,-100.0,5.88235294117647,MARGIN CALL ($0)
43,46,0.0,17,1,16,1.0,-100.0,5.88235294117647,MARGIN CALL ($0)
43,47,0.0,17,1,16,1.0,-100.0,5.88235294117647,MARGIN CALL ($0)
43,48,0.0,17,1,16,1.0,-100.0,5.88235294117647,MARGIN CALL ($0)
43,49,0.0,17,1,16,1.0,-100.0,5.88235294117647,MARGIN CALL ($0)
43,50,0.0,16,0,16,1.0,-100.0,0.0,MARGIN CALL ($0)
43,51,0.0,13,0,13,1.0,-100.0,0.0,MARGIN CALL ($0)
43,52,0.0,13,0,13,1.0,-100.0,0.0,MARGIN CALL ($0)
43,53,0.0,12,0,12,1.0,-100.0,0.0,MARGIN CALL ($0)
43,54,0.0,15,1,14,1.0,-100.0,6.666666666666667,MARGIN CALL ($0)
43,55,0.0,15,1,14,1.0,-100.0,6.666666666666667,MARGIN CALL ($0)
43,56,0.0,15,1,14,1.0,-100.0,6.666666666666667,MARGIN CALL ($0)
43,57,0.0,15,1,14,1.0,-100.0,6.666666666666667,MARGIN CALL ($0)
43,58,0.0,15,1,14,1.0,-100.0,6.666666666666667,MARGIN CALL ($0)
43,59,0.0,15,1,14,1.0,-100.0,6.666666666666667,MARGIN CALL ($0)
43,60,0.0,15,1,14,1.0,-100.0,6.666666666666667,MARGIN CALL ($0)
43,61,0.0,14,1,13,1.0,-100.0,7.142857142857142,MARGIN CALL ($0)
43,62,0.0,14,1,13,1.0,-100.0,7.142857142857142,MARGIN CALL ($0)
43,63,0.0,14,1,13,1.0,-100.0,7.142857142857142,MARGIN CALL ($0)
43,64,0.0,13,1,12,1.0,-100.0,7.6923076923076925,MARGIN CALL ($0)
43,65,0.0,13,1,12,1.0,-100.0,7.6923076923076925,MARGIN CALL ($0)
43,66,0.0,14,1,13,1.0,-100.0,7.142857142857142,MARGIN CALL ($0)
43,67,0.0,14,1,13,1.0,-100.0,7.142857142857142,MARGIN CALL ($0)
43,68,0.0,15,1,14,1.0,-100.0,6.666666666666667,MARGIN CALL ($0)
43,69,0.0,15,1,14,1.0,-100.0,6.666666666666667,MARGIN CALL ($0)
43,70,0.0,15,1,14,1.0,-100.0,6.666666666666667,MARGIN CALL ($0)
43,71,0.0,14,1,13,1.0,-100.0,7.142857142857142,MARGIN CALL ($0)
43,72,0.0,14,1,13,1.0,-100.0,7.142857142857142,MARGIN CALL ($0)
43,73,0.0,14,1,13,1.0,-100.0,7.142857142857142,MARGIN CALL ($0)
43,74,0.0,14,1,13,1.0,-100.0,7.142857142857142,MARGIN CALL ($0)
43,75,0.0,14,1,13,1.0,-100.0,7.142857142857142,MARGIN CALL ($0)
43,76,0.0,15,1,14,1.0,-100.0,6.666666666666667,MARGIN CALL ($0)
43,77,0.0,15,1,14,1.0,-100.0,6.666666666666667,MARGIN CALL ($0)
43,78,0.0,24,4,20,1.0,-100.0,16.666666666666664,MARGIN CALL ($0)
43,79,0.0,24,4,20,1.0,-100.0,16.666666666666664,MARGIN CALL ($0)
43,80,0.0,24,4,20,1.0,-100.0,16.666666666666664,MARGIN CALL ($0)
43,81,0.0,24,4,20,1.0,-100.0,16.666666666666664,MARGIN CALL ($0)
43,82,0.0,24,4,20,1.0,-100.0,16.666666666666664,MARGIN CALL ($0)
43,83,0.0,19,3,16,1.0,-100.0,15.789473684210526,MARGIN CALL ($0)
43,84,0.0,18,2,16,1.0,-100.0,11.11111111111111,MARGIN CALL ($0)
43,85,0.0,15,1,14,1.0,-100.0,6.666666666666667,MARGIN CALL ($0)
43,86,0.0,15,1,14,1.0,-100.0,6.666666666666667,MARGIN CALL ($0)
43,87,0.0,14,1,13,1.0,-100.0,7.142857142857142,MARGIN CALL ($0)
43,88,0.0,14,1,13,1.0,-100.0,7.142857142857142,MARGIN CALL ($0)
43,89,0.0,15,1,14,1.0,-100.0,6.666666666666667,MARGIN CALL ($0)
43,90,0.0,12,0,12,1.0,-100.0,0.0,MARGIN CALL ($0)
43,91,0.0,12,0,12,1.0,-100.0,0.0,MARGIN CALL ($0)
43,92,0.0,13,0,13,1.0,-100.0,0.0,MARGIN CALL ($0)
43,93,0.0,13,0,13,1.0,-100.0,0.0,MARGIN CALL ($0)
43,94,0.0,13,0,13,1.0,-100.0,0.0,MARGIN CALL ($0)
43,95,0.0,12,0,12,1.0,-100.0,0.0,MARGIN CALL ($0)
43,96,0.0,12,0,12,1.0,-100.0,0.0,MARGIN CALL ($0)
43,97,0.0,14,0,14,1.0,-100.0,0.0,MARGIN CALL ($0)
43,98,0.0,14,0,14,1.0,-100.0,0.0,MARGIN CALL ($0)
43,99,0.0,12,0,12,1.0,-100.0,0.0,MARGIN CALL ($0)
43,100,0.0,56,6,50,1.0,-100.0,10.714285714285714,MARGIN CALL ($0)
44,1,0.0,48,7,41,1.0,-100.0,14.583333333333334,MARGIN CALL ($0)
44,2,0.0,57,7,50,1.0,-100.0,12.280701754385964,MARGIN CALL ($0)
44,3,0.0,57,7,50,1.0,-100.0,12.280701754385964,MARGIN CALL ($0)
44,4,0.0,49,5,44,1.0,-100.0,10.204081632653061,MARGIN CALL ($0)
44,5,0.0,38,3,35,1.0,-100.0,7.894736842105263,MARGIN CALL ($0)
44,6,0.0,35,3,32,1.0,-100.0,8.571428571428571,MARGIN CALL ($0)
44,7,0.0,39,4,35,1.0,-100.0,10.256410256410255,MARGIN CALL ($0)
44,8,0.0,16,0,16,1.0,-100.0,0.0,MARGIN CALL ($0)
44,9,0.0,17,1,16,1.0,-100.0,5.88235294117647,MARGIN CALL ($0)
44,10,0.0,17,1,16,1.0,-100.0,5.88235294117647,MARGIN CALL ($0)
44,11,0.0,18,2,16,1.0,-100.0,11.11111111111111,MARGIN CALL ($0)
44,12,0.0,62,14,48,1.0,-100.0,22.58064516129032,MARGIN CALL ($0)
44,13,0.0,21,3,18,1.0,-100.0,14.285714285714285,MARGIN CALL ($0)
44,14,0.0,26,3,23,1.0,-100.0,11.538461538461538,MARGIN CALL ($0)
44,16,0.0,24,2,22,1.0,-100.0,8.333333333333332,MARGIN CALL ($0)
44,17,0.0,22,1,21,1.0,-100.0,4.545454545454546,MARGIN CALL ($0)
44,18,0.0,24,1,23,1.0,-100.0,4.166666666666666,MARGIN CALL ($0)
44,19,0.0,23,1,22,1.0,-100.0,4.3478260869565215,MARGIN CALL ($0)
44,21,0.0,17,0,17,1.0,-100.0,0.0,MARGIN CALL ($0)
44,22,0.0,18,0,18,1.0,-100.0,0.0,MARGIN CALL ($0)
44,23,0.0,17,0,17,1.0,-100.0,0.0,MARGIN CALL ($0)
44,24,0.0,18,0,18,1.0,-100.0,0.0,MARGIN CALL ($0)
44,25,0.0,18,0,18,1.0,-100.0,0.0,MARGIN CALL ($0)
44,26,0.0,44,4,40,1.0,-100.0,9.090909090909092,MARGIN CALL ($0)
44,27,0.0,50,3,47,1.0,-100.0,6.0,MARGIN CALL ($0)
44,28,0.0,45,3,42,1.0,-100.0,6.666666666666667,MARGIN CALL ($0)
44,29,0.0,17,0,17,1.0,-100.0,0.0,MARGIN CALL ($0)
44,30,0.0,16,0,16,1.0,-100.0,0.0,MARGIN CALL ($0)
44,31,0.0,32,2,30,1.0,-100.0,6.25,MARGIN CALL ($0)
44,32,0.0,30,2,28,1.0,-100.0,6.666666666666667,MARGIN CALL ($0)
44,33,0.0,32,2,30,1.0,-100.0,6.25,MARGIN CALL ($0)
44,34,0.0,15,0,15,1.0,-100.0,0.0,MARGIN CALL ($0)
44,35,0.0,15,0,15,1.0,-100.0,0.0,MARGIN CALL ($0)
44,36,0.0,15,0,15,1.0,-100.0,0.0,MARGIN CALL ($0)
44,37,0.0,15,0,15,1.0,-100.0,0.0,MARGIN CALL ($0)
44,38,0.0,14,0,14,1.0,-100.0,0.0,MARGIN CALL ($0)
44,39,0.0,15,1,14,1.0,-100.0,6.666666666666667,MARGIN CALL ($0)
44,40,0.0,15,1,14,1.0,-100.0,6.666666666666667,MARGIN CALL ($0)
44,41,0.0,16,1,15,1.0,-100.0,6.25,MARGIN CALL ($0)
44,42,0.0,24,3,21,1.0,-100.0,12.5,MARGIN CALL ($0)
44,43,0.0,16,1,15,1.0,-100.0,6.25,MARGIN CALL ($0)
44,44,0.0,16,1,15,1.0,-100.0,6.25,MARGIN CALL ($0)
44,45,0.0,17,1,16,1.0,-100.0,5.88235294117647,MARGIN CALL ($0)
44,46,0.0,17,1,16,1.0,-100.0,5.88235294117647,MARGIN CALL ($0)
44,47,0.0,18,1,17,1.0,-100.0,5.555555555555555,MARGIN CALL ($0)
44,48,0.0,18,1,17,1.0,-100.0,5.555555555555555,MARGIN CALL ($0)
44,49,0.0,18,1,17,1.0,-100.0,5.555555555555555,MARGIN CALL ($0)
44,50,0.0,16,0,16,1.0,-100.0,0.0,MARGIN CALL ($0)
44,51,0.0,14,0,14,1.0,-100.0,0.0,MARGIN CALL ($0)
44,52,0.0,14,0,14,1.0,-100.0,0.0,MARGIN CALL ($0)
44,53,0.0,13,0,13,1.0,-100.0,0.0,MARGIN CALL ($0)
44,54,0.0,15,1,14,1.0,-100.0,6.666666666666667,MARGIN CALL ($0)
44,55,0.0,16,1,15,1.0,-100.0,6.25,MARGIN CALL ($0)
44,56,0.0,15,1,14,1.0,-100.0,6.666666666666667,MARGIN CALL ($0)
44,57,0.0,16,1,15,1.0,-100.0,6.25,MARGIN CALL ($0)
44,58,0.0,16,1,15,1.0,-100.0,6.25,MARGIN CALL ($0)
44,59,0.0,16,1,15,1.0,-100.0,6.25,MARGIN CALL ($0)
44,60,0.0,16,1,15,1.0,-100.0,6.25,MARGIN CALL ($0)
44,61,0.0,15,1,14,1.0,-100.0,6.666666666666667,MARGIN CALL ($0)
44,62,0.0,15,1,14,1.0,-100.0,6.666666666666667,MARGIN CALL ($0)
44,63,0.0,14,1,13,1.0,-100.0,7.142857142857142,MARGIN CALL ($0)
44,64,0.0,14,1,13,1.0,-100.0,7.142857142857142,MARGIN CALL ($0)
44,65,0.0,14,1,13,1.0,-100.0,7.142857142857142,MARGIN CALL ($0)
44,66,0.0,15,1,14,1.0,-100.0,6.666666666666667,MARGIN CALL ($0)
44,67,0.0,15,1,14,1.0,-100.0,6.666666666666667,MARGIN CALL ($0)
44,68,0.0,16,1,15,1.0,-100.0,6.25,MARGIN CALL ($0)
44,69,0.0,16,1,15,1.0,-100.0,6.25,MARGIN CALL ($0)
44,70,0.0,16,1,15,1.0,-100.0,6.25,MARGIN CALL ($0)
44,71,0.0,15,1,14,1.0,-100.0,6.666666666666667,MARGIN CALL ($0)
44,72,0.0,15,1,14,1.0,-100.0,6.666666666666667,MARGIN CALL ($0)
44,73,0.0,15,1,14,1.0,-100.0,6.666666666666667,MARGIN CALL ($0)
44,74,0.0,15,1,14,1.0,-100.0,6.666666666666667,MARGIN CALL ($0)
44,75,0.0,15,1,14,1.0,-100.0,6.666666666666667,MARGIN CALL ($0)
44,76,0.0,16,1,15,1.0,-100.0,6.25,MARGIN CALL ($0)
44,77,0.0,16,1,15,1.0,-100.0,6.25,MARGIN CALL ($0)
44,78,0.0,25,4,21,1.0,-100.0,16.0,MARGIN CALL ($0)
44,79,0.0,25,4,21,1.0,-100.0,16.0,MARGIN CALL ($0)
44,80,0.0,25,4,21,1.0,-100.0,16.0,MARGIN CALL ($0)
44,81,0.0,26,4,22,1.0,-100.0,15.384615384615385,MARGIN CALL ($0)
44,82,0.0,26,4,22,1.0,-100.0,15.384615384615385,MARGIN CALL ($0)
44,83,0.0,20,3,17,1.0,-100.0,15.0,MARGIN CALL ($0)
44,84,0.0,19,2,17,1.0,-100.0,10.526315789473683,MARGIN CALL ($0)
44,85,0.0,16,1,15,1.0,-100.0,6.25,MARGIN CALL ($0)
44,86,0.0,15,1,14,1.0,-100.0,6.666666666666667,MARGIN CALL ($0)
44,87,0.0,14,1,13,1.0,-100.0,7.142857142857142,MARGIN CALL ($0)
44,88,0.0,14,1,13,1.0,-100.0,7.142857142857142,MARGIN CALL ($0)
44,89,0.0,15,1,14,1.0,-100.0,6.666666666666667,MARGIN CALL ($0)
44,90,0.0,12,0,12,1.0,-100.0,0.0,MARGIN CALL ($0)
44,91,0.0,12,0,12,1.0,-100.0,0.0,MARGIN CALL ($0)
44,92,0.0,13,0,13,1.0,-100.0,0.0,MARGIN CALL ($0)
44,93,0.0,13,0,13,1.0,-100.0,0.0,MARGIN CALL ($0)
44,94,0.0,13,0,13,1.0,-100.0,0.0,MARGIN CALL ($0)
44,95,0.0,12,0,12,1.0,-100.0,0.0,MARGIN CALL ($0)
44,96,0.0,12,0,12,1.0,-100.0,0.0,MARGIN CALL ($0)
44,97,0.0,14,0,14,1.0,-100.0,0.0,MARGIN CALL ($0)
44,98,0.0,14,0,14,1.0,-100.0,0.0,MARGIN CALL ($0)
44,99,0.0,12,0,12,1.0,-100.0,0.0,MARGIN CALL ($0)
44,100,0.0,54,6,48,1.0,-100.0,11.11111111111111,MARGIN CALL ($0)
45,1,0.0,48,7,41,1.0,-100.0,14.583333333333334,MARGIN CALL ($0)
45,2,0.0,57,7,50,1.0,-100.0,12.280701754385964,MARGIN CALL ($0)
45,3,0.0,57,7,50,1.0,-100.0,12.280701754385964,MARGIN CALL ($0)
45,4,0.0,49,5,44,1.0,-100.0,10.204081632653061,MARGIN CALL ($0)
45,5,0.0,38,3,35,1.0,-100.0,7.894736842105263,MARGIN CALL ($0)
45,6,0.0,35,3,32,1.0,-100.0,8.571428571428571,MARGIN CALL ($0)
45,7,0.0,39,4,35,1.0,-100.0,10.256410256410255,MARGIN CALL ($0)
45,8,0.0,16,0,16,1.0,-100.0,0.0,MARGIN CALL ($0)
45,9,0.0,17,1,16,1.0,-100.0,5.88235294117647,MARGIN CALL ($0)
45,10,0.0,17,1,16,1.0,-100.0,5.88235294117647,MARGIN CALL ($0)
45,11,0.0,18,2,16,1.0,-100.0,11.11111111111111,MARGIN CALL ($0)
45,12,0.0,56,11,45,1.0,-100.0,19.642857142857142,MARGIN CALL ($0)
45,13,0.0,21,3,18,1.0,-100.0,14.285714285714285,MARGIN CALL ($0)
45,14,0.0,27,3,24,1.0,-100.0,11.11111111111111,MARGIN CALL ($0)
45,15,0.0,30,3,27,1.0,-100.0,10.0,MARGIN CALL ($0)
45,16,0.0,24,2,22,1.0,-100.0,8.333333333333332,MARGIN CALL ($0)
45,17,0.0,23,1,22,1.0,-100.0,4.3478260869565215,MARGIN CALL ($0)
45,18,0.0,24,1,23,1.0,-100.0,4.166666666666666,MARGIN CALL ($0)
45,19,0.0,23,1,22,1.0,-100.0,4.3478260869565215,MARGIN CALL ($0)
45,21,0.0,17,0,17,1.0,-100.0,0.0,MARGIN CALL ($0)
45,22,0.0,18,0,18,1.0,-100.0,0.0,MARGIN CALL ($0)
45,23,0.0,17,0,17,1.0,-100.0,0.0,MARGIN CALL ($0)
45,24,0.0,18,0,18,1.0,-100.0,0.0,MARGIN CALL ($0)
45,25,0.0,19,0,19,1.0,-100.0,0.0,MARGIN CALL ($0)
45,26,0.0,44,4,40,1.0,-100.0,9.090909090909092,MARGIN CALL ($0)
45,28,0.0,47,3,44,1.0,-100.0,6.382978723404255,MARGIN CALL ($0)
45,29,0.0,17,0,17,1.0,-100.0,0.0,MARGIN CALL ($0)
45,30,0.0,16,0,16,1.0,-100.0,0.0,MARGIN CALL ($0)
45,31,0.0,32,2,30,1.0,-100.0,6.25,MARGIN CALL ($0)
45,32,0.0,30,2,28,1.0,-100.0,6.666666666666667,MARGIN CALL ($0)
45,33,0.0,32,2,30,1.0,-100.0,6.25,MARGIN CALL ($0)
45,34,0.0,15,0,15,1.0,-100.0,0.0,MARGIN CALL ($0)
45,35,0.0,15,0,15,1.0,-100.0,0.0,MARGIN CALL ($0)
45,36,0.0,15,0,15,1.0,-100.0,0.0,MARGIN CALL ($0)
45,37,0.0,15,0,15,1.0,-100.0,0.0,MARGIN CALL ($0)
45,38,0.0,14,0,14,1.0,-100.0,0.0,MARGIN CALL ($0)
45,39,0.0,16,1,15,1.0,-100.0,6.25,MARGIN CALL ($0)
45,40,0.0,16,1,15,1.0,-100.0,6.25,MARGIN CALL ($0)
45,41,0.0,16,1,15,1.0,-100.0,6.25,MARGIN CALL ($0)
45,42,0.0,16,1,15,1.0,-100.0,6.25,MARGIN CALL ($0)
45,43,0.0,17,1,16,1.0,-100.0,5.88235294117647,MARGIN CALL ($0)
45,44,0.0,17,1,16,1.0,-100.0,5.88235294117647,MARGIN CALL ($0)
45,45,0.0,17,1,16,1.0,-100.0,5.88235294117647,MARGIN CALL ($0)
45,46,0.0,17,1,16,1.0,-100.0,5.88235294117647,MARGIN CALL ($0)
45,47,0.0,18,1,17,1.0,-100.0,5.555555555555555,MARGIN CALL ($0)
45,48,0.0,18,1,17,1.0,-100.0,5.555555555555555,MARGIN CALL ($0)
45,49,0.0,18,1,17,1.0,-100.0,5.555555555555555,MARGIN CALL ($0)
45,50,0.0,16,0,16,1.0,-100.0,0.0,MARGIN CALL ($0)
45,51,0.0,15,0,15,1.0,-100.0,0.0,MARGIN CALL ($0)
45,52,0.0,15,0,15,1.0,-100.0,0.0,MARGIN CALL ($0)
45,53,0.0,14,0,14,1.0,-100.0,0.0,MARGIN CALL ($0)
45,54,0.0,16,1,15,1.0,-100.0,6.25,MARGIN CALL ($0)
45,55,0.0,17,1,16,1.0,-100.0,5.88235294117647,MARGIN CALL ($0)
45,56,0.0,16,1,15,1.0,-100.0,6.25,MARGIN CALL ($0)
45,57,0.0,17,1,16,1.0,-100.0,5.88235294117647,MARGIN CALL ($0)
45,58,0.0,17,1,16,1.0,-100.0,5.88235294117647,MARGIN CALL ($0)
45,59,0.0,17,1,16,1.0,-100.0,5.88235294117647,MARGIN CALL ($0)
45,60,0.0,17,1,16,1.0,-100.0,5.88235294117647,MARGIN CALL ($0)
45,61,0.0,16,1,15,1.0,-100.0,6.25,MARGIN CALL ($0)
45,62,0.0,14,1,13,1.0,-100.0,7.142857142857142,MARGIN CALL ($0)
45,63,0.0,15,1,14,1.0,-100.0,6.666666666666667,MARGIN CALL ($0)
45,64,0.0,15,1,14,1.0,-100.0,6.666666666666667,MARGIN CALL ($0)
45,65,0.0,15,1,14,1.0,-100.0,6.666666666666667,MARGIN CALL ($0)
45,66,0.0,16,1,15,1.0,-100.0,6.25,MARGIN CALL ($0)
45,67,0.0,16,1,15,1.0,-100.0,6.25,MARGIN CALL ($0)
45,68,0.0,17,1,16,1.0,-100.0,5.88235294117647,MARGIN CALL ($0)
45,69,0.0,17,1,16,1.0,-100.0,5.88235294117647,MARGIN CALL ($0)
45,70,0.0,17,1,16,1.0,-100.0,5.88235294117647,MARGIN CALL ($0)
45,71,0.0,16,1,15,1.0,-100.0,6.25,MARGIN CALL ($0)
45,72,0.0,16,1,15,1.0,-100.0,6.25,MARGIN CALL ($0)
45,73,0.0,16,1,15,1.0,-100.0,6.25,MARGIN CALL ($0)
45,74,0.0,16,1,15,1.0,-100.0,6.25,MARGIN CALL ($0)
45,75,0.0,16,1,15,1.0,-100.0,6.25,MARGIN CALL ($0)
45,76,0.0,17,1,16,1.0,-100.0,5.88235294117647,MARGIN CALL ($0)
45,77,0.0,17,1,16,1.0,-100.0,5.88235294117647,MARGIN CALL ($0)
45,78,0.0,26,4,22,1.0,-100.0,15.384615384615385,MARGIN CALL ($0)
45,79,0.0,26,4,22,1.0,-100.0,15.384615384615385,MARGIN CALL ($0)
45,80,0.0,26,4,22,1.0,-100.0,15.384615384615385,MARGIN CALL ($0)
45,81,0.0,27,4,23,1.0,-100.0,14.814814814814813,MARGIN CALL ($0)
45,82,0.0,27,4,23,1.0,-100.0,14.814814814814813,MARGIN CALL ($0)
45,83,0.0,21,3,18,1.0,-100.0,14.285714285714285,MARGIN CALL ($0)
45,84,0.0,20,2,18,1.0,-100.0,10.0,MARGIN CALL ($0)
45,85,0.0,16,1,15,1.0,-100.0,6.25,MARGIN CALL ($0)
45,86,0.0,15,1,14,1.0,-100.0,6.666666666666667,MARGIN CALL ($0)
45,87,0.0,14,1,13,1.0,-100.0,7.142857142857142,MARGIN CALL ($0)
45,88,0.0,14,1,13,1.0,-100.0,7.142857142857142,MARGIN CALL ($0)
45,89,0.0,15,1,14,1.0,-100.0,6.666666666666667,MARGIN CALL ($0)
45,90,0.0,10,0,10,1.0,-100.0,0.0,MARGIN CALL ($0)
45,91,0.0,10,0,10,1.0,-100.0,0.0,MARGIN CALL ($0)
45,92,0.0,13,0,13,1.0,-100.0,0.0,MARGIN CALL ($0)
45,93,0.0,13,0,13,1.0,-100.0,0.0,MARGIN CALL ($0)
45,94,0.0,11,0,11,1.0,-100.0,0.0,MARGIN CALL ($0)
45,95,0.0,11,0,11,1.0,-100.0,0.0,MARGIN CALL ($0)
45,96,0.0,11,0,11,1.0,-100.0,0.0,MARGIN CALL ($0)
45,97,0.0,12,0,12,1.0,-100.0,0.0,MARGIN CALL ($0)
45,98,0.0,13,0,13,1.0,-100.0,0.0,MARGIN CALL ($0)
45,99,0.0,12,0,12,1.0,-100.0,0.0,MARGIN CALL ($0)
45,100,0.0,225,36,189,1.0,-100.0,16.0,MARGIN CALL ($0)
46,1,0.0,49,7,42,1.0,-100.0,14.285714285714285,MARGIN CALL ($0)
46,2,0.0,57,7,50,1.0,-100.0,12.280701754385964,MARGIN CALL ($0)
46,3,0.0,57,7,50,1.0,-100.0,12.280701754385964,MARGIN CALL ($0)
46,4,0.0,50,5,45,1.0,-100.0,10.0,MARGIN CALL ($0)
46,5,0.0,39,3,36,1.0,-100.0,7.6923076923076925,MARGIN CALL ($0)
46,6,0.0,34,3,31,1.0,-100.0,8.823529411764707,MARGIN CALL ($0)
46,7,0.0,39,4,35,1.0,-100.0,10.256410256410255,MARGIN CALL ($0)
46,8,0.0,16,0,16,1.0,-100.0,0.0,MARGIN CALL ($0)
46,9,0.0,17,1,16,1.0,-100.0,5.88235294117647,MARGIN CALL ($0)
46,10,0.0,17,1,16,1.0,-100.0,5.88235294117647,MARGIN CALL ($0)
46,11,0.0,19,2,17,1.0,-100.0,10.526315789473683,MARGIN CALL ($0)
46,12,0.0,33,4,29,1.0,-100.0,12.121212121212121,MARGIN CALL ($0)
46,13,0.0,21,3,18,1.0,-100.0,14.285714285714285,MARGIN CALL ($0)
46,14,0.0,28,3,25,1.0,-100.0,10.714285714285714,MARGIN CALL ($0)
46,15,0.0,26,3,23,1.0,-100.0,11.538461538461538,MARGIN CALL ($0)
46,16,0.0,24,2,22,1.0,-100.0,8.333333333333332,MARGIN CALL ($0)
46,17,0.0,19,1,18,1.0,-100.0,5.263157894736842,MARGIN CALL ($0)
46,18,0.0,24,1,23,1.0,-100.0,4.166666666666666,MARGIN CALL ($0)
46,19,0.0,23,1,22,1.0,-100.0,4.3478260869565215,MARGIN CALL ($0)
46,21,0.0,17,0,17,1.0,-100.0,0.0,MARGIN CALL ($0)
46,22,0.0,18,0,18,1.0,-100.0,0.0,MARGIN CALL ($0)
46,23,0.0,16,0,16,1.0,-100.0,0.0,MARGIN CALL ($0)
46,24,0.0,18,0,18,1.0,-100.0,0.0,MARGIN CALL ($0)
46,25,0.0,19,0,19,1.0,-100.0,0.0,MARGIN CALL ($0)
46,26,0.0,44,4,40,1.0,-100.0,9.090909090909092,MARGIN CALL ($0)
46,28,0.0,46,3,43,1.0,-100.0,6.521739130434782,MARGIN CALL ($0)
46,29,0.0,17,0,17,1.0,-100.0,0.0,MARGIN CALL ($0)
46,30,0.0,17,0,17,1.0,-100.0,0.0,MARGIN CALL ($0)
46,31,0.0,33,2,31,1.0,-100.0,6.0606060606060606,MARGIN CALL ($0)
46,32,0.0,31,2,29,1.0,-100.0,6.451612903225806,MARGIN CALL ($0)
46,33,0.0,31,2,29,1.0,-100.0,6.451612903225806,MARGIN CALL ($0)
46,34,0.0,16,0,16,1.0,-100.0,0.0,MARGIN CALL ($0)
46,35,0.0,16,0,16,1.0,-100.0,0.0,MARGIN CALL ($0)
46,36,0.0,16,0,16,1.0,-100.0,0.0,MARGIN CALL ($0)
46,37,0.0,15,0,15,1.0,-100.0,0.0,MARGIN CALL ($0)
46,38,0.0,15,0,15,1.0,-100.0,0.0,MARGIN CALL ($0)
46,39,0.0,16,1,15,1.0,-100.0,6.25,MARGIN CALL ($0)
46,40,0.0,17,1,16,1.0,-100.0,5.88235294117647,MARGIN CALL ($0)
46,41,0.0,17,1,16,1.0,-100.0,5.88235294117647,MARGIN CALL ($0)
46,42,0.0,17,1,16,1.0,-100.0,5.88235294117647,MARGIN CALL ($0)
46,43,0.0,17,1,16,1.0,-100.0,5.88235294117647,MARGIN CALL ($0)
46,44,0.0,17,1,16,1.0,-100.0,5.88235294117647,MARGIN CALL ($0)
46,45,0.0,17,1,16,1.0,-100.0,5.88235294117647,MARGIN CALL ($0)
46,46,0.0,17,1,16,1.0,-100.0,5.88235294117647,MARGIN CALL ($0)
46,47,0.0,18,1,17,1.0,-100.0,5.555555555555555,MARGIN CALL ($0)
46,48,0.0,17,1,16,1.0,-100.0,5.88235294117647,MARGIN CALL ($0)
46,49,0.0,17,1,16,1.0,-100.0,5.88235294117647,MARGIN CALL ($0)
46,50,0.0,16,0,16,1.0,-100.0,0.0,MARGIN CALL ($0)
46,51,0.0,16,0,16,1.0,-100.0,0.0,MARGIN CALL ($0)
46,52,0.0,16,0,16,1.0,-100.0,0.0,MARGIN CALL ($0)
46,53,0.0,15,0,15,1.0,-100.0,0.0,MARGIN CALL ($0)
46,54,0.0,17,1,16,1.0,-100.0,5.88235294117647,MARGIN CALL ($0)
46,55,0.0,18,1,17,1.0,-100.0,5.555555555555555,MARGIN CALL ($0)
46,56,0.0,17,1,16,1.0,-100.0,5.88235294117647,MARGIN CALL ($0)
46,57,0.0,18,1,17,1.0,-100.0,5.555555555555555,MARGIN CALL ($0)
46,58,0.0,18,1,17,1.0,-100.0,5.555555555555555,MARGIN CALL ($0)
46,59,0.0,18,1,17,1.0,-100.0,5.555555555555555,MARGIN CALL ($0)
46,60,0.0,16,1,15,1.0,-100.0,6.25,MARGIN CALL ($0)
46,61,0.0,15,1,14,1.0,-100.0,6.666666666666667,MARGIN CALL ($0)
46,62,0.0,15,1,14,1.0,-100.0,6.666666666666667,MARGIN CALL ($0)
46,63,0.0,16,1,15,1.0,-100.0,6.25,MARGIN CALL ($0)
46,64,0.0,16,1,15,1.0,-100.0,6.25,MARGIN CALL ($0)
46,65,0.0,16,1,15,1.0,-100.0,6.25,MARGIN CALL ($0)
46,66,0.0,17,1,16,1.0,-100.0,5.88235294117647,MARGIN CALL ($0)
46,67,0.0,17,1,16,1.0,-100.0,5.88235294117647,MARGIN CALL ($0)
46,68,0.0,18,1,17,1.0,-100.0,5.555555555555555,MARGIN CALL ($0)
46,69,0.0,18,1,17,1.0,-100.0,5.555555555555555,MARGIN CALL ($0)
46,70,0.0,18,1,17,1.0,-100.0,5.555555555555555,MARGIN CALL ($0)
46,71,0.0,17,1,16,1.0,-100.0,5.88235294117647,MARGIN CALL ($0)
46,72,0.0,17,1,16,1.0,-100.0,5.88235294117647,MARGIN CALL ($0)
46,73,0.0,17,1,16,1.0,-100.0,5.88235294117647,MARGIN CALL ($0)
46,74,0.0,17,1,16,1.0,-100.0,5.88235294117647,MARGIN CALL ($0)
46,75,0.0,17,1,16,1.0,-100.0,5.88235294117647,MARGIN CALL ($0)
46,76,0.0,18,1,17,1.0,-100.0,5.555555555555555,MARGIN CALL ($0)
46,77,0.0,18,1,17,1.0,-100.0,5.555555555555555,MARGIN CALL ($0)
46,78,0.0,27,4,23,1.0,-100.0,14.814814814814813,MARGIN CALL ($0)
46,79,0.0,27,4,23,1.0,-100.0,14.814814814814813,MARGIN CALL ($0)
46,80,0.0,27,4,23,1.0,-100.0,14.814814814814813,MARGIN CALL ($0)
46,81,0.0,28,4,24,1.0,-100.0,14.285714285714285,MARGIN CALL ($0)
46,82,0.0,28,4,24,1.0,-100.0,14.285714285714285,MARGIN CALL ($0)
46,83,0.0,22,3,19,1.0,-100.0,13.636363636363635,MARGIN CALL ($0)
46,84,0.0,21,2,19,1.0,-100.0,9.523809523809524,MARGIN CALL ($0)
46,85,0.0,16,1,15,1.0,-100.0,6.25,MARGIN CALL ($0)
46,86,0.0,15,1,14,1.0,-100.0,6.666666666666667,MARGIN CALL ($0)
46,87,0.0,15,1,14,1.0,-100.0,6.666666666666667,MARGIN CALL ($0)
46,88,0.0,15,1,14,1.0,-100.0,6.666666666666667,MARGIN CALL ($0)
46,89,0.0,15,1,14,1.0,-100.0,6.666666666666667,MARGIN CALL ($0)
46,90,0.0,11,0,11,1.0,-100.0,0.0,MARGIN CALL ($0)
46,91,0.0,11,0,11,1.0,-100.0,0.0,MARGIN CALL ($0)
46,92,0.0,13,0,13,1.0,-100.0,0.0,MARGIN CALL ($0)
46,93,0.0,13,0,13,1.0,-100.0,0.0,MARGIN CALL ($0)
46,94,0.0,12,0,12,1.0,-100.0,0.0,MARGIN CALL ($0)
46,95,0.0,12,0,12,1.0,-100.0,0.0,MARGIN CALL ($0)
46,96,0.0,12,0,12,1.0,-100.0,0.0,MARGIN CALL ($0)
46,97,0.0,13,0,13,1.0,-100.0,0.0,MARGIN CALL ($0)
46,98,0.0,14,0,14,1.0,-100.0,0.0,MARGIN CALL ($0)
46,99,0.0,12,0,12,1.0,-100.0,0.0,MARGIN CALL ($0)
47,1,0.0,48,7,41,1.0,-100.0,14.583333333333334,MARGIN CALL ($0)
47,2,0.0,57,7,50,1.0,-100.0,12.280701754385964,MARGIN CALL ($0)
47,3,0.0,57,7,50,1.0,-100.0,12.280701754385964,MARGIN CALL ($0)
47,4,0.0,50,5,45,1.0,-100.0,10.0,MARGIN CALL ($0)
47,5,0.0,39,3,36,1.0,-100.0,7.6923076923076925,MARGIN CALL ($0)
47,6,0.0,34,3,31,1.0,-100.0,8.823529411764707,MARGIN CALL ($0)
47,7,0.0,39,4,35,1.0,-100.0,10.256410256410255,MARGIN CALL ($0)
47,8,0.0,16,0,16,1.0,-100.0,0.0,MARGIN CALL ($0)
47,9,0.0,17,1,16,1.0,-100.0,5.88235294117647,MARGIN CALL ($0)
47,10,0.0,17,1,16,1.0,-100.0,5.88235294117647,MARGIN CALL ($0)
47,11,0.0,16,1,15,1.0,-100.0,6.25,MARGIN CALL ($0)
47,12,0.0,53,10,43,1.0,-100.0,18.867924528301888,MARGIN CALL ($0)
47,13,0.0,21,3,18,1.0,-100.0,14.285714285714285,MARGIN CALL ($0)
47,14,0.0,28,3,25,1.0,-100.0,10.714285714285714,MARGIN CALL ($0)
47,15,0.0,26,3,23,1.0,-100.0,11.538461538461538,MARGIN CALL ($0)
47,16,0.0,24,2,22,1.0,-100.0,8.333333333333332,MARGIN CALL ($0)
47,17,0.0,19,1,18,1.0,-100.0,5.263157894736842,MARGIN CALL ($0)
47,18,0.0,21,1,20,1.0,-100.0,4.761904761904762,MARGIN CALL ($0)
47,19,0.0,83,20,63,1.0,-100.0,24.096385542168676,MARGIN CALL ($0)
47,21,0.0,15,0,15,1.0,-100.0,0.0,MARGIN CALL ($0)
47,22,0.0,17,0,17,1.0,-100.0,0.0,MARGIN CALL ($0)
47,23,0.0,16,0,16,1.0,-100.0,0.0,MARGIN CALL ($0)
47,24,0.0,16,0,16,1.0,-100.0,0.0,MARGIN CALL ($0)
47,25,0.0,16,0,16,1.0,-100.0,0.0,MARGIN CALL ($0)
47,26,0.0,42,4,38,1.0,-100.0,9.523809523809524,MARGIN CALL ($0)
47,28,0.0,43,3,40,1.0,-100.0,6.976744186046512,MARGIN CALL ($0)
47,29,0.0,14,0,14,1.0,-100.0,0.0,MARGIN CALL ($0)
47,30,0.0,15,0,15,1.0,-100.0,0.0,MARGIN CALL ($0)
47,31,0.0,30,2,28,1.0,-100.0,6.666666666666667,MARGIN CALL ($0)
47,32,0.0,31,2,29,1.0,-100.0,6.451612903225806,MARGIN CALL ($0)
47,33,0.0,31,2,29,1.0,-100.0,6.451612903225806,MARGIN CALL ($0)
47,34,0.0,14,0,14,1.0,-100.0,0.0,MARGIN CALL ($0)
47,35,0.0,14,0,14,1.0,-100.0,0.0,MARGIN CALL ($0)
47,36,0.0,15,0,15,1.0,-100.0,0.0,MARGIN CALL ($0)
47,37,0.0,14,0,14,1.0,-100.0,0.0,MARGIN CALL ($0)
47,38,0.0,15,0,15,1.0,-100.0,0.0,MARGIN CALL ($0)
47,39,0.0,16,0,16,1.0,-100.0,0.0,MARGIN CALL ($0)
47,40,0.0,16,0,16,1.0,-100.0,0.0,MARGIN CALL ($0)
47,41,0.0,18,1,17,1.0,-100.0,5.555555555555555,MARGIN CALL ($0)
47,42,0.0,18,1,17,1.0,-100.0,5.555555555555555,MARGIN CALL ($0)
47,43,0.0,17,1,16,1.0,-100.0,5.88235294117647,MARGIN CALL ($0)
47,44,0.0,18,1,17,1.0,-100.0,5.555555555555555,MARGIN CALL ($0)
47,45,0.0,18,1,17,1.0,-100.0,5.555555555555555,MARGIN CALL ($0)
47,46,0.0,18,1,17,1.0,-100.0,5.555555555555555,MARGIN CALL ($0)
47,47,0.0,15,1,14,1.0,-100.0,6.666666666666667,MARGIN CALL ($0)
47,48,0.0,14,1,13,1.0,-100.0,7.142857142857142,MARGIN CALL ($0)
47,49,0.0,14,1,13,1.0,-100.0,7.142857142857142,MARGIN CALL ($0)
47,50,0.0,13,0,13,1.0,-100.0,0.0,MARGIN CALL ($0)
47,51,0.0,13,0,13,1.0,-100.0,0.0,MARGIN CALL ($0)
47,52,0.0,13,0,13,1.0,-100.0,0.0,MARGIN CALL ($0)
47,53,0.0,12,0,12,1.0,-100.0,0.0,MARGIN CALL ($0)
47,54,0.0,14,1,13,1.0,-100.0,7.142857142857142,MARGIN CALL ($0)
47,55,0.0,14,1,13,1.0,-100.0,7.142857142857142,MARGIN CALL ($0)
47,56,0.0,14,1,13,1.0,-100.0,7.142857142857142,MARGIN CALL ($0)
47,57,0.0,14,1,13,1.0,-100.0,7.142857142857142,MARGIN CALL ($0)
47,58,0.0,14,1,13,1.0,-100.0,7.142857142857142,MARGIN CALL ($0)
47,59,0.0,14,1,13,1.0,-100.0,7.142857142857142,MARGIN CALL ($0)
47,60,0.0,14,1,13,1.0,-100.0,7.142857142857142,MARGIN CALL ($0)
47,61,0.0,13,1,12,1.0,-100.0,7.6923076923076925,MARGIN CALL ($0)
47,62,0.0,13,1,12,1.0,-100.0,7.6923076923076925,MARGIN CALL ($0)
47,63,0.0,13,1,12,1.0,-100.0,7.6923076923076925,MARGIN CALL ($0)
47,64,0.0,13,1,12,1.0,-100.0,7.6923076923076925,MARGIN CALL ($0)
47,65,0.0,13,1,12,1.0,-100.0,7.6923076923076925,MARGIN CALL ($0)
47,66,0.0,14,1,13,1.0,-100.0,7.142857142857142,MARGIN CALL ($0)
47,67,0.0,14,1,13,1.0,-100.0,7.142857142857142,MARGIN CALL ($0)
47,68,0.0,15,1,14,1.0,-100.0,6.666666666666667,MARGIN CALL ($0)
47,69,0.0,15,1,14,1.0,-100.0,6.666666666666667,MARGIN CALL ($0)
47,70,0.0,15,1,14,1.0,-100.0,6.666666666666667,MARGIN CALL ($0)
47,71,0.0,14,1,13,1.0,-100.0,7.142857142857142,MARGIN CALL ($0)
47,72,0.0,15,1,14,1.0,-100.0,6.666666666666667,MARGIN CALL ($0)
47,73,0.0,15,1,14,1.0,-100.0,6.666666666666667,MARGIN CALL ($0)
47,74,0.0,15,1,14,1.0,-100.0,6.666666666666667,MARGIN CALL ($0)
47,75,0.0,15,1,14,1.0,-100.0,6.666666666666667,MARGIN CALL ($0)
47,76,0.0,14,1,13,1.0,-100.0,7.142857142857142,MARGIN CALL ($0)
47,77,0.0,14,1,13,1.0,-100.0,7.142857142857142,MARGIN CALL ($0)
47,78,0.0,20,3,17,1.0,-100.0,15.0,MARGIN CALL ($0)
47,79,0.0,24,4,20,1.0,-100.0,16.666666666666664,MARGIN CALL ($0)
47,80,0.0,24,4,20,1.0,-100.0,16.666666666666664,MARGIN CALL ($0)
47,81,0.0,25,4,21,1.0,-100.0,16.0,MARGIN CALL ($0)
47,82,0.0,25,4,21,1.0,-100.0,16.0,MARGIN CALL ($0)
47,83,0.0,18,3,15,1.0,-100.0,16.666666666666664,MARGIN CALL ($0)
47,84,0.0,18,2,16,1.0,-100.0,11.11111111111111,MARGIN CALL ($0)
47,85,0.0,14,1,13,1.0,-100.0,7.142857142857142,MARGIN CALL ($0)
47,86,0.0,14,1,13,1.0,-100.0,7.142857142857142,MARGIN CALL ($0)
47,87,0.0,15,1,14,1.0,-100.0,6.666666666666667,MARGIN CALL ($0)
47,88,0.0,15,1,14,1.0,-100.0,6.666666666666667,MARGIN CALL ($0)
47,89,0.0,14,1,13,1.0,-100.0,7.142857142857142,MARGIN CALL ($0)
47,90,0.0,11,0,11,1.0,-100.0,0.0,MARGIN CALL ($0)
47,91,0.0,11,0,11,1.0,-100.0,0.0,MARGIN CALL ($0)
47,92,0.0,12,0,12,1.0,-100.0,0.0,MARGIN CALL ($0)
47,93,0.0,12,0,12,1.0,-100.0,0.0,MARGIN CALL ($0)
47,94,0.0,12,0,12,1.0,-100.0,0.0,MARGIN CALL ($0)
47,95,0.0,12,0,12,1.0,-100.0,0.0,MARGIN CALL ($0)
47,96,0.0,12,0,12,1.0,-100.0,0.0,MARGIN CALL ($0)
47,97,0.0,13,0,13,1.0,-100.0,0.0,MARGIN CALL ($0)
47,98,0.0,14,0,14,1.0,-100.0,0.0,MARGIN CALL ($0)
47,99,0.0,12,0,12,1.0,-100.0,0.0,MARGIN CALL ($0)
47,100,0.0,14,0,14,1.0,-100.0,0.0,MARGIN CALL ($0)
48,1,0.0,49,7,42,1.0,-100.0,14.285714285714285,MARGIN CALL ($0)
48,2,0.0,57,7,50,1.0,-100.0,12.280701754385964,MARGIN CALL ($0)
48,3,0.0,57,7,50,1.0,-100.0,12.280701754385964,MARGIN CALL ($0)
48,4,0.0,50,5,45,1.0,-100.0,10.0,MARGIN CALL ($0)
48,5,0.0,39,3,36,1.0,-100.0,7.6923076923076925,MARGIN CALL ($0)
48,6,0.0,35,3,32,1.0,-100.0,8.571428571428571,MARGIN CALL ($0)
48,7,0.0,39,4,35,1.0,-100.0,10.256410256410255,MARGIN CALL ($0)
48,8,0.0,15,0,15,1.0,-100.0,0.0,MARGIN CALL ($0)
48,9,0.0,16,1,15,1.0,-100.0,6.25,MARGIN CALL ($0)
48,10,0.0,16,1,15,1.0,-100.0,6.25,MARGIN CALL ($0)
48,11,0.0,16,1,15,1.0,-100.0,6.25,MARGIN CALL ($0)
48,12,0.0,53,10,43,1.0,-100.0,18.867924528301888,MARGIN CALL ($0)
48,13,0.0,21,3,18,1.0,-100.0,14.285714285714285,MARGIN CALL ($0)
48,14,0.0,28,3,25,1.0,-100.0,10.714285714285714,MARGIN CALL ($0)
48,15,0.0,26,3,23,1.0,-100.0,11.538461538461538,MARGIN CALL ($0)
48,16,0.0,24,2,22,1.0,-100.0,8.333333333333332,MARGIN CALL ($0)
48,17,0.0,19,1,18,1.0,-100.0,5.263157894736842,MARGIN CALL ($0)
48,18,0.0,21,1,20,1.0,-100.0,4.761904761904762,MARGIN CALL ($0)
48,19,0.0,85,20,65,1.0,-100.0,23.52941176470588,MARGIN CALL ($0)
48,21,0.0,15,0,15,1.0,-100.0,0.0,MARGIN CALL ($0)
48,22,0.0,17,0,17,1.0,-100.0,0.0,MARGIN CALL ($0)
48,23,0.0,16,0,16,1.0,-100.0,0.0,MARGIN CALL ($0)
48,24,0.0,16,0,16,1.0,-100.0,0.0,MARGIN CALL ($0)
48,25,0.0,16,0,16,1.0,-100.0,0.0,MARGIN CALL ($0)
48,26,0.0,41,4,37,1.0,-100.0,9.75609756097561,MARGIN CALL ($0)
48,28,0.0,42,3,39,1.0,-100.0,7.142857142857142,MARGIN CALL ($0)
48,29,0.0,14,0,14,1.0,-100.0,0.0,MARGIN CALL ($0)
48,30,0.0,15,0,15,1.0,-100.0,0.0,MARGIN CALL ($0)
48,31,0.0,29,2,27,1.0,-100.0,6.896551724137931,MARGIN CALL ($0)
48,32,0.0,30,2,28,1.0,-100.0,6.666666666666667,MARGIN CALL ($0)
48,33,0.0,31,2,29,1.0,-100.0,6.451612903225806,MARGIN CALL ($0)
48,34,0.0,14,0,14,1.0,-100.0,0.0,MARGIN CALL ($0)
48,35,0.0,14,0,14,1.0,-100.0,0.0,MARGIN CALL ($0)
48,36,0.0,15,0,15,1.0,-100.0,0.0,MARGIN CALL ($0)
48,37,0.0,14,0,14,1.0,-100.0,0.0,MARGIN CALL ($0)
48,38,0.0,15,0,15,1.0,-100.0,0.0,MARGIN CALL ($0)
48,39,0.0,15,0,15,1.0,-100.0,0.0,MARGIN CALL ($0)
48,40,0.0,16,0,16,1.0,-100.0,0.0,MARGIN CALL ($0)
48,41,0.0,17,1,16,1.0,-100.0,5.88235294117647,MARGIN CALL ($0)
48,42,0.0,17,1,16,1.0,-100.0,5.88235294117647,MARGIN CALL ($0)
48,43,0.0,17,1,16,1.0,-100.0,5.88235294117647,MARGIN CALL ($0)
48,44,0.0,18,1,17,1.0,-100.0,5.555555555555555,MARGIN CALL ($0)
48,45,0.0,18,1,17,1.0,-100.0,5.555555555555555,MARGIN CALL ($0)
48,46,0.0,18,1,17,1.0,-100.0,5.555555555555555,MARGIN CALL ($0)
48,47,0.0,15,1,14,1.0,-100.0,6.666666666666667,MARGIN CALL ($0)
48,48,0.0,13,1,12,1.0,-100.0,7.6923076923076925,MARGIN CALL ($0)
48,49,0.0,13,1,12,1.0,-100.0,7.6923076923076925,MARGIN CALL ($0)
48,50,0.0,12,0,12,1.0,-100.0,0.0,MARGIN CALL ($0)
48,51,0.0,12,0,12,1.0,-100.0,0.0,MARGIN CALL ($0)
48,52,0.0,12,0,12,1.0,-100.0,0.0,MARGIN CALL ($0)
48,53,0.0,11,0,11,1.0,-100.0,0.0,MARGIN CALL ($0)
48,54,0.0,14,1,13,1.0,-100.0,7.142857142857142,MARGIN CALL ($0)
48,55,0.0,14,1,13,1.0,-100.0,7.142857142857142,MARGIN CALL ($0)
48,56,0.0,14,1,13,1.0,-100.0,7.142857142857142,MARGIN CALL ($0)
48,57,0.0,13,1,12,1.0,-100.0,7.6923076923076925,MARGIN CALL ($0)
48,58,0.0,13,1,12,1.0,-100.0,7.6923076923076925,MARGIN CALL ($0)
48,59,0.0,13,1,12,1.0,-100.0,7.6923076923076925,MARGIN CALL ($0)
48,60,0.0,13,1,12,1.0,-100.0,7.6923076923076925,MARGIN CALL ($0)
48,61,0.0,14,1,13,1.0,-100.0,7.142857142857142,MARGIN CALL ($0)
48,62,0.0,13,1,12,1.0,-100.0,7.6923076923076925,MARGIN CALL ($0)
48,63,0.0,12,1,11,1.0,-100.0,8.333333333333332,MARGIN CALL ($0)
48,64,0.0,13,1,12,1.0,-100.0,7.6923076923076925,MARGIN CALL ($0)
48,65,0.0,13,1,12,1.0,-100.0,7.6923076923076925,MARGIN CALL ($0)
48,66,0.0,14,1,13,1.0,-100.0,7.142857142857142,MARGIN CALL ($0)
48,67,0.0,14,1,13,1.0,-100.0,7.142857142857142,MARGIN CALL ($0)
48,68,0.0,15,1,14,1.0,-100.0,6.666666666666667,MARGIN CALL ($0)
48,69,0.0,15,1,14,1.0,-100.0,6.666666666666667,MARGIN CALL ($0)
48,70,0.0,15,1,14,1.0,-100.0,6.666666666666667,MARGIN CALL ($0)
48,71,0.0,14,1,13,1.0,-100.0,7.142857142857142,MARGIN CALL ($0)
48,72,0.0,14,1,13,1.0,-100.0,7.142857142857142,MARGIN CALL ($0)
48,73,0.0,14,1,13,1.0,-100.0,7.142857142857142,MARGIN CALL ($0)
48,74,0.0,14,1,13,1.0,-100.0,7.142857142857142,MARGIN CALL ($0)
48,75,0.0,14,1,13,1.0,-100.0,7.142857142857142,MARGIN CALL ($0)
48,76,0.0,15,1,14,1.0,-100.0,6.666666666666667,MARGIN CALL ($0)
48,77,0.0,15,1,14,1.0,-100.0,6.666666666666667,MARGIN CALL ($0)
48,78,0.0,21,3,18,1.0,-100.0,14.285714285714285,MARGIN CALL ($0)
48,79,0.0,24,4,20,1.0,-100.0,16.666666666666664,MARGIN CALL ($0)
48,80,0.0,24,4,20,1.0,-100.0,16.666666666666664,MARGIN CALL ($0)
48,81,0.0,25,4,21,1.0,-100.0,16.0,MARGIN CALL ($0)
48,82,0.0,25,4,21,1.0,-100.0,16.0,MARGIN CALL ($0)
48,83,0.0,19,3,16,1.0,-100.0,15.789473684210526,MARGIN CALL ($0)
48,84,0.0,18,2,16,1.0,-100.0,11.11111111111111,MARGIN CALL ($0)
48,85,0.0,14,1,13,1.0,-100.0,7.142857142857142,MARGIN CALL ($0)
48,86,0.0,14,1,13,1.0,-100.0,7.142857142857142,MARGIN CALL ($0)
48,87,0.0,14,1,13,1.0,-100.0,7.142857142857142,MARGIN CALL ($0)
48,88,0.0,14,1,13,1.0,-100.0,7.142857142857142,MARGIN CALL ($0)
48,89,0.0,14,1,13,1.0,-100.0,7.142857142857142,MARGIN CALL ($0)
48,90,0.0,11,0,11,1.0,-100.0,0.0,MARGIN CALL ($0)
48,91,0.0,11,0,11,1.0,-100.0,0.0,MARGIN CALL ($0)
48,92,0.0,12,0,12,1.0,-100.0,0.0,MARGIN CALL ($0)
48,93,0.0,12,0,12,1.0,-100.0,0.0,MARGIN CALL ($0)
48,94,0.0,12,0,12,1.0,-100.0,0.0,MARGIN CALL ($0)
48,95,0.0,12,0,12,1.0,-100.0,0.0,MARGIN CALL ($0)
48,96,0.0,12,0,12,1.0,-100.0,0.0,MARGIN CALL ($0)
48,97,0.0,13,0,13,1.0,-100.0,0.0,MARGIN CALL ($0)
48,98,0.0,14,0,14,1.0,-100.0,0.0,MARGIN CALL ($0)
48,99,0.0,12,0,12,1.0,-100.0,0.0,MARGIN CALL ($0)
49,1,0.0,49,7,42,1.0,-100.0,14.285714285714285,MARGIN CALL ($0)
49,2,0.0,57,7,50,1.0,-100.0,12.280701754385964,MARGIN CALL ($0)
49,3,0.0,58,7,51,1.0,-100.0,12.068965517241379,MARGIN CALL ($0)
49,4,0.0,53,5,48,1.0,-100.0,9.433962264150944,MARGIN CALL ($0)
49,5,0.0,66,9,57,1.0,-100.0,13.636363636363635,MARGIN CALL ($0)
49,6,0.0,47,5,42,1.0,-100.0,10.638297872340425,MARGIN CALL ($0)
49,7,0.0,50,6,44,1.0,-100.0,12.0,MARGIN CALL ($0)
49,8,0.0,15,0,15,1.0,-100.0,0.0,MARGIN CALL ($0)
49,9,0.0,16,1,15,1.0,-100.0,6.25,MARGIN CALL ($0)
49,10,0.0,16,1,15,1.0,-100.0,6.25,MARGIN CALL ($0)
49,11,0.0,18,2,16,1.0,-100.0,11.11111111111111,MARGIN CALL ($0)
49,12,0.0,56,11,45,1.0,-100.0,19.642857142857142,MARGIN CALL ($0)
49,13,0.0,23,3,20,1.0,-100.0,13.043478260869565,MARGIN CALL ($0)
49,14,0.0,27,3,24,1.0,-100.0,11.11111111111111,MARGIN CALL ($0)
49,16,0.0,24,2,22,1.0,-100.0,8.333333333333332,MARGIN CALL ($0)
49,17,0.0,21,1,20,1.0,-100.0,4.761904761904762,MARGIN CALL ($0)
49,18,0.0,21,1,20,1.0,-100.0,4.761904761904762,MARGIN CALL ($0)
49,19,0.0,84,19,65,1.0,-100.0,22.61904761904762,MARGIN CALL ($0)
49,20,0.0,78,18,60,1.0,-100.0,23.076923076923077,MARGIN CALL ($0)
49,21,0.0,15,0,15,1.0,-100.0,0.0,MARGIN CALL ($0)
49,22,0.0,17,0,17,1.0,-100.0,0.0,MARGIN CALL ($0)
49,23,0.0,16,0,16,1.0,-100.0,0.0,MARGIN CALL ($0)
49,24,0.0,16,0,16,1.0,-100.0,0.0,MARGIN CALL ($0)
49,25,0.0,16,0,16,1.0,-100.0,0.0,MARGIN CALL ($0)
49,26,0.0,40,4,36,1.0,-100.0,10.0,MARGIN CALL ($0)
49,28,0.0,41,3,38,1.0,-100.0,7.317073170731707,MARGIN CALL ($0)
49,29,0.0,14,0,14,1.0,-100.0,0.0,MARGIN CALL ($0)
49,30,0.0,15,0,15,1.0,-100.0,0.0,MARGIN CALL ($0)
49,31,0.0,36,3,33,1.0,-100.0,8.333333333333332,MARGIN CALL ($0)
49,32,0.0,37,3,34,1.0,-100.0,8.108108108108109,MARGIN CALL ($0)
49,33,0.0,38,3,35,1.0,-100.0,7.894736842105263,MARGIN CALL ($0)
49,34,0.0,14,0,14,1.0,-100.0,0.0,MARGIN CALL ($0)
49,35,0.0,14,0,14,1.0,-100.0,0.0,MARGIN CALL ($0)
49,36,0.0,15,0,15,1.0,-100.0,0.0,MARGIN CALL ($0)
49,37,0.0,14,0,14,1.0,-100.0,0.0,MARGIN CALL ($0)
49,38,0.0,15,0,15,1.0,-100.0,0.0,MARGIN CALL ($0)
49,39,0.0,15,0,15,1.0,-100.0,0.0,MARGIN CALL ($0)
49,40,0.0,17,1,16,1.0,-100.0,5.88235294117647,MARGIN CALL ($0)
49,41,0.0,16,1,15,1.0,-100.0,6.25,MARGIN CALL ($0)
49,42,0.0,16,1,15,1.0,-100.0,6.25,MARGIN CALL ($0)
49,43,0.0,17,1,16,1.0,-100.0,5.88235294117647,MARGIN CALL ($0)
49,44,0.0,18,1,17,1.0,-100.0,5.555555555555555,MARGIN CALL ($0)
49,45,0.0,18,1,17,1.0,-100.0,5.555555555555555,MARGIN CALL ($0)
49,46,0.0,18,1,17,1.0,-100.0,5.555555555555555,MARGIN CALL ($0)
49,47,0.0,15,1,14,1.0,-100.0,6.666666666666667,MARGIN CALL ($0)
49,48,0.0,13,1,12,1.0,-100.0,7.6923076923076925,MARGIN CALL ($0)
49,49,0.0,11,1,10,1.0,-100.0,9.090909090909092,MARGIN CALL ($0)
49,50,0.0,10,0,10,1.0,-100.0,0.0,MARGIN CALL ($0)
49,51,0.0,11,0,11,1.0,-100.0,0.0,MARGIN CALL ($0)
49,52,0.0,11,0,11,1.0,-100.0,0.0,MARGIN CALL ($0)
49,53,0.0,10,0,10,1.0,-100.0,0.0,MARGIN CALL ($0)
49,54,0.0,12,1,11,1.0,-100.0,8.333333333333332,MARGIN CALL ($0)
49,55,0.0,12,1,11,1.0,-100.0,8.333333333333332,MARGIN CALL ($0)
49,56,0.0,12,1,11,1.0,-100.0,8.333333333333332,MARGIN CALL ($0)
49,57,0.0,12,1,11,1.0,-100.0,8.333333333333332,MARGIN CALL ($0)
49,58,0.0,12,1,11,1.0,-100.0,8.333333333333332,MARGIN CALL ($0)
49,59,0.0,12,1,11,1.0,-100.0,8.333333333333332,MARGIN CALL ($0)
49,60,0.0,12,1,11,1.0,-100.0,8.333333333333332,MARGIN CALL ($0)
49,61,0.0,12,1,11,1.0,-100.0,8.333333333333332,MARGIN CALL ($0)
49,62,0.0,11,1,10,1.0,-100.0,9.090909090909092,MARGIN CALL ($0)
49,63,0.0,11,1,10,1.0,-100.0,9.090909090909092,MARGIN CALL ($0)
49,64,0.0,11,1,10,1.0,-100.0,9.090909090909092,MARGIN CALL ($0)
49,65,0.0,11,1,10,1.0,-100.0,9.090909090909092,MARGIN CALL ($0)
49,66,0.0,13,1,12,1.0,-100.0,7.6923076923076925,MARGIN CALL ($0)
49,67,0.0,13,1,12,1.0,-100.0,7.6923076923076925,MARGIN CALL ($0)
49,68,0.0,14,1,13,1.0,-100.0,7.142857142857142,MARGIN CALL ($0)
49,69,0.0,14,1,13,1.0,-100.0,7.142857142857142,MARGIN CALL ($0)
49,70,0.0,14,1,13,1.0,-100.0,7.142857142857142,MARGIN CALL ($0)
49,71,0.0,14,1,13,1.0,-100.0,7.142857142857142,MARGIN CALL ($0)
49,72,0.0,14,1,13,1.0,-100.0,7.142857142857142,MARGIN CALL ($0)
49,73,0.0,14,1,13,1.0,-100.0,7.142857142857142,MARGIN CALL ($0)
49,74,0.0,14,1,13,1.0,-100.0,7.142857142857142,MARGIN CALL ($0)
49,75,0.0,14,1,13,1.0,-100.0,7.142857142857142,MARGIN CALL ($0)
49,76,0.0,15,1,14,1.0,-100.0,6.666666666666667,MARGIN CALL ($0)
49,77,0.0,16,1,15,1.0,-100.0,6.25,MARGIN CALL ($0)
49,78,0.0,20,2,18,1.0,-100.0,10.0,MARGIN CALL ($0)
49,79,0.0,22,3,19,1.0,-100.0,13.636363636363635,MARGIN CALL ($0)
49,80,0.0,22,3,19,1.0,-100.0,13.636363636363635,MARGIN CALL ($0)
49,81,0.0,23,4,19,1.0,-100.0,17.391304347826086,MARGIN CALL ($0)
49,82,0.0,23,4,19,1.0,-100.0,17.391304347826086,MARGIN CALL ($0)
49,83,0.0,19,3,16,1.0,-100.0,15.789473684210526,MARGIN CALL ($0)
49,84,0.0,15,2,13,1.0,-100.0,13.333333333333334,MARGIN CALL ($0)
49,85,0.0,12,1,11,1.0,-100.0,8.333333333333332,MARGIN CALL ($0)
49,86,0.0,12,1,11,1.0,-100.0,8.333333333333332,MARGIN CALL ($0)
49,87,0.0,14,1,13,1.0,-100.0,7.142857142857142,MARGIN CALL ($0)
49,88,0.0,14,1,13,1.0,-100.0,7.142857142857142,MARGIN CALL ($0)
49,89,0.0,13,1,12,1.0,-100.0,7.6923076923076925,MARGIN CALL ($0)
49,90,0.0,12,0,12,1.0,-100.0,0.0,MARGIN CALL ($0)
49,91,0.0,12,0,12,1.0,-100.0,0.0,MARGIN CALL ($0)
49,92,0.0,13,0,13,1.0,-100.0,0.0,MARGIN CALL ($0)
49,93,0.0,13,0,13,1.0,-100.0,0.0,MARGIN CALL ($0)
49,94,0.0,13,0,13,1.0,-100.0,0.0,MARGIN CALL ($0)
49,95,0.0,14,0,14,1.0,-100.0,0.0,MARGIN CALL ($0)
49,96,0.0,14,0,14,1.0,-100.0,0.0,MARGIN CALL ($0)
50,1,0.0,49,7,42,1.0,-100.0,14.285714285714285,MARGIN CALL ($0)
50,2,0.0,57,7,50,1.0,-100.0,12.280701754385964,MARGIN CALL ($0)
50,3,0.0,58,7,51,1.0,-100.0,12.068965517241379,MARGIN CALL ($0)
50,4,0.0,53,5,48,1.0,-100.0,9.433962264150944,MARGIN CALL ($0)
50,5,0.0,66,9,57,1.0,-100.0,13.636363636363635,MARGIN CALL ($0)
50,6,0.0,47,5,42,1.0,-100.0,10.638297872340425,MARGIN CALL ($0)
50,7,0.0,50,6,44,1.0,-100.0,12.0,MARGIN CALL ($0)
50,8,0.0,15,0,15,1.0,-100.0,0.0,MARGIN CALL ($0)
50,9,0.0,16,1,15,1.0,-100.0,6.25,MARGIN CALL ($0)
50,10,0.0,16,1,15,1.0,-100.0,6.25,MARGIN CALL ($0)
50,11,0.0,18,2,16,1.0,-100.0,11.11111111111111,MARGIN CALL ($0)
50,12,0.0,61,13,48,1.0,-100.0,21.311475409836063,MARGIN CALL ($0)
50,13,0.0,23,3,20,1.0,-100.0,13.043478260869565,MARGIN CALL ($0)
50,14,0.0,27,3,24,1.0,-100.0,11.11111111111111,MARGIN CALL ($0)
50,15,0.0,58,11,47,1.0,-100.0,18.96551724137931,MARGIN CALL ($0)
50,16,0.0,24,2,22,1.0,-100.0,8.333333333333332,MARGIN CALL ($0)
50,18,0.0,81,18,63,1.0,-100.0,22.22222222222222,MARGIN CALL ($0)
50,19,0.0,84,19,65,1.0,-100.0,22.61904761904762,MARGIN CALL ($0)
50,21,0.0,16,0,16,1.0,-100.0,0.0,MARGIN CALL ($0)
50,22,0.0,17,0,17,1.0,-100.0,0.0,MARGIN CALL ($0)
50,23,0.0,16,0,16,1.0,-100.0,0.0,MARGIN CALL ($0)
50,24,0.0,25,4,21,1.0,-100.0,16.0,MARGIN CALL ($0)
50,25,0.0,43,4,39,1.0,-100.0,9.30232558139535,MARGIN CALL ($0)
50,26,0.0,39,4,35,1.0,-100.0,10.256410256410255,MARGIN CALL ($0)
50,28,0.0,42,3,39,1.0,-100.0,7.142857142857142,MARGIN CALL ($0)
50,29,0.0,14,0,14,1.0,-100.0,0.0,MARGIN CALL ($0)
50,30,0.0,14,0,14,1.0,-100.0,0.0,MARGIN CALL ($0)
50,31,0.0,35,3,32,1.0,-100.0,8.571428571428571,MARGIN CALL ($0)
50,32,0.0,35,3,32,1.0,-100.0,8.571428571428571,MARGIN CALL ($0)
50,33,0.0,36,3,33,1.0,-100.0,8.333333333333332,MARGIN CALL ($0)
50,34,0.0,13,0,13,1.0,-100.0,0.0,MARGIN CALL ($0)
50,35,0.0,13,0,13,1.0,-100.0,0.0,MARGIN CALL ($0)
50,36,0.0,15,0,15,1.0,-100.0,0.0,MARGIN CALL ($0)
50,37,0.0,14,0,14,1.0,-100.0,0.0,MARGIN CALL ($0)
50,38,0.0,15,0,15,1.0,-100.0,0.0,MARGIN CALL ($0)
50,39,0.0,15,0,15,1.0,-100.0,0.0,MARGIN CALL ($0)
50,40,0.0,17,1,16,1.0,-100.0,5.88235294117647,MARGIN CALL ($0)
50,41,0.0,16,1,15,1.0,-100.0,6.25,MARGIN CALL ($0)
50,42,0.0,16,1,15,1.0,-100.0,6.25,MARGIN CALL ($0)
50,43,0.0,17,1,16,1.0,-100.0,5.88235294117647,MARGIN CALL ($0)
50,44,0.0,18,1,17,1.0,-100.0,5.555555555555555,MARGIN CALL ($0)
50,45,0.0,18,1,17,1.0,-100.0,5.555555555555555,MARGIN CALL ($0)
50,46,0.0,18,1,17,1.0,-100.0,5.555555555555555,MARGIN CALL ($0)
50,47,0.0,15,1,14,1.0,-100.0,6.666666666666667,MARGIN CALL ($0)
50,48,0.0,13,1,12,1.0,-100.0,7.6923076923076925,MARGIN CALL ($0)
50,49,0.0,11,1,10,1.0,-100.0,9.090909090909092,MARGIN CALL ($0)
50,50,0.0,17,1,16,1.0,-100.0,5.88235294117647,MARGIN CALL ($0)
50,51,0.0,18,1,17,1.0,-100.0,5.555555555555555,MARGIN CALL ($0)
50,52,0.0,18,1,17,1.0,-100.0,5.555555555555555,MARGIN CALL ($0)
50,53,0.0,9,0,9,1.0,-100.0,0.0,MARGIN CALL ($0)
50,54,0.0,11,1,10,1.0,-100.0,9.090909090909092,MARGIN CALL ($0)
50,55,0.0,11,1,10,1.0,-100.0,9.090909090909092,MARGIN CALL ($0)
50,56,0.0,11,1,10,1.0,-100.0,9.090909090909092,MARGIN CALL ($0)
50,57,0.0,11,1,10,1.0,-100.0,9.090909090909092,MARGIN CALL ($0)
50,58,0.0,11,1,10,1.0,-100.0,9.090909090909092,MARGIN CALL ($0)
50,59,0.0,11,1,10,1.0,-100.0,9.090909090909092,MARGIN CALL ($0)
50,60,0.0,11,1,10,1.0,-100.0,9.090909090909092,MARGIN CALL ($0)
50,61,0.0,11,1,10,1.0,-100.0,9.090909090909092,MARGIN CALL ($0)
50,62,0.0,10,1,9,1.0,-100.0,10.0,MARGIN CALL ($0)
50,63,0.0,10,1,9,1.0,-100.0,10.0,MARGIN CALL ($0)
50,64,0.0,10,1,9,1.0,-100.0,10.0,MARGIN CALL ($0)
50,65,0.0,11,1,10,1.0,-100.0,9.090909090909092,MARGIN CALL ($0)
50,66,0.0,12,1,11,1.0,-100.0,8.333333333333332,MARGIN CALL ($0)
50,67,0.0,12,1,11,1.0,-100.0,8.333333333333332,MARGIN CALL ($0)
50,68,0.0,13,1,12,1.0,-100.0,7.6923076923076925,MARGIN CALL ($0)
50,69,0.0,13,1,12,1.0,-100.0,7.6923076923076925,MARGIN CALL ($0)
50,70,0.0,14,1,13,1.0,-100.0,7.142857142857142,MARGIN CALL ($0)
50,71,0.0,13,1,12,1.0,-100.0,7.6923076923076925,MARGIN CALL ($0)
50,72,0.0,13,1,12,1.0,-100.0,7.6923076923076925,MARGIN CALL ($0)
50,73,0.0,13,1,12,1.0,-100.0,7.6923076923076925,MARGIN CALL ($0)
50,74,0.0,13,1,12,1.0,-100.0,7.6923076923076925,MARGIN CALL ($0)
50,75,0.0,13,1,12,1.0,-100.0,7.6923076923076925,MARGIN CALL ($0)
50,76,0.0,14,1,13,1.0,-100.0,7.142857142857142,MARGIN CALL ($0)
50,77,0.0,15,1,14,1.0,-100.0,6.666666666666667,MARGIN CALL ($0)
50,78,0.0,20,2,18,1.0,-100.0,10.0,MARGIN CALL ($0)
50,79,0.0,21,3,18,1.0,-100.0,14.285714285714285,MARGIN CALL ($0)
50,80,0.0,21,3,18,1.0,-100.0,14.285714285714285,MARGIN CALL ($0)
50,83,0.0,18,3,15,1.0,-100.0,16.666666666666664,MARGIN CALL ($0)
50,84,0.0,15,2,13,1.0,-100.0,13.333333333333334,MARGIN CALL ($0)
50,85,0.0,12,1,11,1.0,-100.0,8.333333333333332,MARGIN CALL ($0)
50,86,0.0,12,1,11,1.0,-100.0,8.333333333333332,MARGIN CALL ($0)
50,87,0.0,13,1,12,1.0,-100.0,7.6923076923076925,MARGIN CALL ($0)
50,88,0.0,13,1,12,1.0,-100.0,7.6923076923076925,MARGIN CALL ($0)
50,89,0.0,13,1,12,1.0,-100.0,7.6923076923076925,MARGIN CALL ($0)
50,90,0.0,12,0,12,1.0,-100.0,0.0,MARGIN CALL ($0)
50,91,0.0,12,0,12,1.0,-100.0,0.0,MARGIN CALL ($0)
50,92,0.0,12,0,12,1.0,-100.0,0.0,MARGIN CALL ($0)
50,93,0.0,12,0,12,1.0,-100.0,0.0,MARGIN CALL ($0)
50,94,0.0,13,0,13,1.0,-100.0,0.0,MARGIN CALL ($0)
50,95,0.0,14,0,14,1.0,-100.0,0.0,MARGIN CALL ($0)
38,50,0.0,15,0,15,1.0,-100.0,0.0,MARGIN CALL ($0)
51,1,0.0,49,7,42,1.0,-100.0,14.285714285714285,MARGIN CALL ($0)
51,2,0.0,57,7,50,1.0,-100.0,12.280701754385964,MARGIN CALL ($0)
51,3,0.0,58,7,51,1.0,-100.0,12.068965517241379,MARGIN CALL ($0)
51,4,0.0,80,13,67,1.0,-100.0,16.25,MARGIN CALL ($0)
51,5,0.0,67,10,57,1.0,-100.0,14.925373134328357,MARGIN CALL ($0)
51,6,0.0,46,5,41,1.0,-100.0,10.869565217391305,MARGIN CALL ($0)
51,7,0.0,47,5,42,1.0,-100.0,10.638297872340425,MARGIN CALL ($0)
51,8,0.0,15,0,15,1.0,-100.0,0.0,MARGIN CALL ($0)
51,9,0.0,15,1,14,1.0,-100.0,6.666666666666667,MARGIN CALL ($0)
51,10,0.0,15,1,14,1.0,-100.0,6.666666666666667,MARGIN CALL ($0)
51,11,0.0,14,1,13,1.0,-100.0,7.142857142857142,MARGIN CALL ($0)
51,12,0.0,56,12,44,1.0,-100.0,21.428571428571427,MARGIN CALL ($0)
51,13,0.0,19,2,17,1.0,-100.0,10.526315789473683,MARGIN CALL ($0)
51,14,0.0,23,2,21,1.0,-100.0,8.695652173913043,MARGIN CALL ($0)
51,15,0.0,53,9,44,1.0,-100.0,16.9811320754717,MARGIN CALL ($0)
51,16,0.0,24,2,22,1.0,-100.0,8.333333333333332,MARGIN CALL ($0)
100,85,0.0,16,1,15,1.0,-100.0,6.25,MARGIN CALL ($0)
51,18,0.0,85,20,65,1.0,-100.0,23.52941176470588,MARGIN CALL ($0)
51,19,0.0,84,19,65,1.0,-100.0,22.61904761904762,MARGIN CALL ($0)
51,20,0.0,76,18,58,1.0,-100.0,23.684210526315788,MARGIN CALL ($0)
51,21,0.0,26,3,23,1.0,-100.0,11.538461538461538,MARGIN CALL ($0)
51,22,0.0,27,3,24,1.0,-100.0,11.11111111111111,MARGIN CALL ($0)
51,23,0.0,26,3,23,1.0,-100.0,11.538461538461538,MARGIN CALL ($0)
51,24,0.0,23,3,20,1.0,-100.0,13.043478260869565,MARGIN CALL ($0)
100,86,0.0,16,1,15,1.0,-100.0,6.25,MARGIN CALL ($0)
51,26,0.0,39,4,35,1.0,-100.0,10.256410256410255,MARGIN CALL ($0)
51,27,0.0,57,4,53,1.0,-100.0,7.017543859649122,MARGIN CALL ($0)
51,28,0.0,43,3,40,1.0,-100.0,6.976744186046512,MARGIN CALL ($0)
51,29,0.0,13,0,13,1.0,-100.0,0.0,MARGIN CALL ($0)
51,30,0.0,13,0,13,1.0,-100.0,0.0,MARGIN CALL ($0)
51,31,0.0,35,3,32,1.0,-100.0,8.571428571428571,MARGIN CALL ($0)
51,32,0.0,36,3,33,1.0,-100.0,8.333333333333332,MARGIN CALL ($0)
51,33,0.0,36,3,33,1.0,-100.0,8.333333333333332,MARGIN CALL ($0)
51,34,0.0,13,0,13,1.0,-100.0,0.0,MARGIN CALL ($0)
51,35,0.0,14,0,14,1.0,-100.0,0.0,MARGIN CALL ($0)
51,36,0.0,14,0,14,1.0,-100.0,0.0,MARGIN CALL ($0)
51,37,0.0,13,0,13,1.0,-100.0,0.0,MARGIN CALL ($0)
51,38,0.0,14,0,14,1.0,-100.0,0.0,MARGIN CALL ($0)
51,39,0.0,16,1,15,1.0,-100.0,6.25,MARGIN CALL ($0)
51,40,0.0,15,1,14,1.0,-100.0,6.666666666666667,MARGIN CALL ($0)
51,41,0.0,14,1,13,1.0,-100.0,7.142857142857142,MARGIN CALL ($0)
51,42,0.0,14,1,13,1.0,-100.0,7.142857142857142,MARGIN CALL ($0)
51,43,0.0,16,1,15,1.0,-100.0,6.25,MARGIN CALL ($0)
51,44,0.0,17,1,16,1.0,-100.0,5.88235294117647,MARGIN CALL ($0)
51,45,0.0,18,1,17,1.0,-100.0,5.555555555555555,MARGIN CALL ($0)
51,46,0.0,18,1,17,1.0,-100.0,5.555555555555555,MARGIN CALL ($0)
51,47,0.0,15,1,14,1.0,-100.0,6.666666666666667,MARGIN CALL ($0)
51,48,0.0,13,1,12,1.0,-100.0,7.6923076923076925,MARGIN CALL ($0)
51,49,0.0,11,1,10,1.0,-100.0,9.090909090909092,MARGIN CALL ($0)
51,50,0.0,18,1,17,1.0,-100.0,5.555555555555555,MARGIN CALL ($0)
51,51,0.0,17,1,16,1.0,-100.0,5.88235294117647,MARGIN CALL ($0)
51,52,0.0,17,1,16,1.0,-100.0,5.88235294117647,MARGIN CALL ($0)
51,53,0.0,18,1,17,1.0,-100.0,5.555555555555555,MARGIN CALL ($0)
51,54,0.0,19,1,18,1.0,-100.0,5.263157894736842,MARGIN CALL ($0)
51,55,0.0,19,1,18,1.0,-100.0,5.263157894736842,MARGIN CALL ($0)
51,56,0.0,21,1,20,1.0,-100.0,4.761904761904762,MARGIN CALL ($0)
51,57,0.0,20,1,19,1.0,-100.0,5.0,MARGIN CALL ($0)
51,58,0.0,18,1,17,1.0,-100.0,5.555555555555555,MARGIN CALL ($0)
51,59,0.0,19,1,18,1.0,-100.0,5.263157894736842,MARGIN CALL ($0)
51,60,0.0,20,1,19,1.0,-100.0,5.0,MARGIN CALL ($0)
51,61,0.0,14,0,14,1.0,-100.0,0.0,MARGIN CALL ($0)
51,62,0.0,14,0,14,1.0,-100.0,0.0,MARGIN CALL ($0)
51,63,0.0,12,0,12,1.0,-100.0,0.0,MARGIN CALL ($0)
51,64,0.0,21,2,19,1.0,-100.0,9.523809523809524,MARGIN CALL ($0)
51,65,0.0,20,2,18,1.0,-100.0,10.0,MARGIN CALL ($0)
51,66,0.0,22,2,20,1.0,-100.0,9.090909090909092,MARGIN CALL ($0)
51,67,0.0,22,2,20,1.0,-100.0,9.090909090909092,MARGIN CALL ($0)
51,68,0.0,23,2,21,1.0,-100.0,8.695652173913043,MARGIN CALL ($0)
51,69,0.0,13,0,13,1.0,-100.0,0.0,MARGIN CALL ($0)
51,70,0.0,14,0,14,1.0,-100.0,0.0,MARGIN CALL ($0)
51,71,0.0,15,0,15,1.0,-100.0,0.0,MARGIN CALL ($0)
51,72,0.0,14,0,14,1.0,-100.0,0.0,MARGIN CALL ($0)
51,73,0.0,14,0,14,1.0,-100.0,0.0,MARGIN CALL ($0)
100,87,0.0,17,1,16,1.0,-100.0,5.88235294117647,MARGIN CALL ($0)
100,88,0.0,17,1,16,1.0,-100.0,5.88235294117647,MARGIN CALL ($0)
100,89,0.0,16,1,15,1.0,-100.0,6.25,MARGIN CALL ($0)
100,90,0.0,16,1,15,1.0,-100.0,6.25,MARGIN CALL ($0)
100,91,0.0,17,1,16,1.0,-100.0,5.88235294117647,MARGIN CALL ($0)
100,92,0.0,15,1,14,1.0,-100.0,6.666666666666667,MARGIN CALL ($0)
100,93,0.0,12,0,12,1.0,-100.0,0.0,MARGIN CALL ($0)
100,94,0.0,12,0,12,1.0,-100.0,0.0,MARGIN CALL ($0)
100,95,0.0,13,0,13,1.0,-100.0,0.0,MARGIN CALL ($0)
100,96,0.0,11,0,11,1.0,-100.0,0.0,MARGIN CALL ($0)
51,84,0.0,21,3,18,1.0,-100.0,14.285714285714285,MARGIN CALL ($0)
51,85,0.0,14,0,14,1.0,-100.0,0.0,MARGIN CALL ($0)
51,86,0.0,14,0,14,1.0,-100.0,0.0,MARGIN CALL ($0)
51,87,0.0,12,0,12,1.0,-100.0,0.0,MARGIN CALL ($0)
51,88,0.0,12,0,12,1.0,-100.0,0.0,MARGIN CALL ($0)
51,89,0.0,12,0,12,1.0,-100.0,0.0,MARGIN CALL ($0)
51,90,0.0,12,0,12,1.0,-100.0,0.0,MARGIN CALL ($0)
51,91,0.0,12,0,12,1.0,-100.0,0.0,MARGIN CALL ($0)
51,92,0.0,12,0,12,1.0,-100.0,0.0,MARGIN CALL ($0)
51,93,0.0,12,0,12,1.0,-100.0,0.0,MARGIN CALL ($0)
51,94,0.0,13,0,13,1.0,-100.0,0.0,MARGIN CALL ($0)
51,95,0.0,13,0,13,1.0,-100.0,0.0,MARGIN CALL ($0)
100,97,0.0,11,0,11,1.0,-100.0,0.0,MARGIN CALL ($0)
100,98,0.0,11,0,11,1.0,-100.0,0.0,MARGIN CALL ($0)
100,99,0.0,11,0,11,1.0,-100.0,0.0,MARGIN CALL ($0)
100,100,0.0,11,0,11,1.0,-100.0,0.0,MARGIN CALL ($0)
1,17,0.0,128,29,99,1.0,-100.0,22.65625,MARGIN CALL ($0)
52,1,0.0,49,7,42,1.0,-100.0,14.285714285714285,MARGIN CALL ($0)
52,2,0.0,57,7,50,1.0,-100.0,12.280701754385964,MARGIN CALL ($0)
52,3,0.0,58,7,51,1.0,-100.0,12.068965517241379,MARGIN CALL ($0)
52,4,0.0,80,13,67,1.0,-100.0,16.25,MARGIN CALL ($0)
52,5,0.0,67,10,57,1.0,-100.0,14.925373134328357,MARGIN CALL ($0)
52,6,0.0,46,5,41,1.0,-100.0,10.869565217391305,MARGIN CALL ($0)
52,7,0.0,47,5,42,1.0,-100.0,10.638297872340425,MARGIN CALL ($0)
52,8,0.0,15,0,15,1.0,-100.0,0.0,MARGIN CALL ($0)
52,9,0.0,15,1,14,1.0,-100.0,6.666666666666667,MARGIN CALL ($0)
52,10,0.0,15,1,14,1.0,-100.0,6.666666666666667,MARGIN CALL ($0)
52,11,0.0,14,1,13,1.0,-100.0,7.142857142857142,MARGIN CALL ($0)
52,12,0.0,58,12,46,1.0,-100.0,20.689655172413794,MARGIN CALL ($0)
52,13,0.0,19,2,17,1.0,-100.0,10.526315789473683,MARGIN CALL ($0)
52,14,0.0,23,2,21,1.0,-100.0,8.695652173913043,MARGIN CALL ($0)
52,15,0.0,53,9,44,1.0,-100.0,16.9811320754717,MARGIN CALL ($0)
52,16,0.0,24,2,22,1.0,-100.0,8.333333333333332,MARGIN CALL ($0)
1,18,0.0,72,15,57,1.0,-100.0,20.833333333333336,MARGIN CALL ($0)
52,18,0.0,85,20,65,1.0,-100.0,23.52941176470588,MARGIN CALL ($0)
52,19,0.0,84,19,65,1.0,-100.0,22.61904761904762,MARGIN CALL ($0)
52,20,0.0,76,18,58,1.0,-100.0,23.684210526315788,MARGIN CALL ($0)
52,21,0.0,26,3,23,1.0,-100.0,11.538461538461538,MARGIN CALL ($0)
52,22,0.0,27,3,24,1.0,-100.0,11.11111111111111,MARGIN CALL ($0)
52,23,0.0,26,3,23,1.0,-100.0,11.538461538461538,MARGIN CALL ($0)
52,24,0.0,23,3,20,1.0,-100.0,13.043478260869565,MARGIN CALL ($0)
1,19,0.0,126,27,99,1.0,-100.0,21.428571428571427,MARGIN CALL ($0)
52,26,0.0,39,4,35,1.0,-100.0,10.256410256410255,MARGIN CALL ($0)
52,27,0.0,57,4,53,1.0,-100.0,7.017543859649122,MARGIN CALL ($0)
52,28,0.0,43,3,40,1.0,-100.0,6.976744186046512,MARGIN CALL ($0)
52,29,0.0,13,0,13,1.0,-100.0,0.0,MARGIN CALL ($0)
52,30,0.0,13,0,13,1.0,-100.0,0.0,MARGIN CALL ($0)
52,31,0.0,35,3,32,1.0,-100.0,8.571428571428571,MARGIN CALL ($0)
52,32,0.0,36,3,33,1.0,-100.0,8.333333333333332,MARGIN CALL ($0)
52,33,0.0,36,3,33,1.0,-100.0,8.333333333333332,MARGIN CALL ($0)
52,34,0.0,13,0,13,1.0,-100.0,0.0,MARGIN CALL ($0)
52,35,0.0,14,0,14,1.0,-100.0,0.0,MARGIN CALL ($0)
52,36,0.0,14,0,14,1.0,-100.0,0.0,MARGIN CALL ($0)
52,37,0.0,13,0,13,1.0,-100.0,0.0,MARGIN CALL ($0)
52,38,0.0,14,0,14,1.0,-100.0,0.0,MARGIN CALL ($0)
52,39,0.0,16,1,15,1.0,-100.0,6.25,MARGIN CALL ($0)
52,40,0.0,15,1,14,1.0,-100.0,6.666666666666667,MARGIN CALL ($0)
52,41,0.0,14,1,13,1.0,-100.0,7.142857142857142,MARGIN CALL ($0)
52,42,0.0,14,1,13,1.0,-100.0,7.142857142857142,MARGIN CALL ($0)
52,43,0.0,16,1,15,1.0,-100.0,6.25,MARGIN CALL ($0)
52,44,0.0,17,1,16,1.0,-100.0,5.88235294117647,MARGIN CALL ($0)
52,45,0.0,18,1,17,1.0,-100.0,5.555555555555555,MARGIN CALL ($0)
52,46,0.0,18,1,17,1.0,-100.0,5.555555555555555,MARGIN CALL ($0)
52,47,0.0,15,1,14,1.0,-100.0,6.666666666666667,MARGIN CALL ($0)
52,48,0.0,13,1,12,1.0,-100.0,7.6923076923076925,MARGIN CALL ($0)
52,49,0.0,11,1,10,1.0,-100.0,9.090909090909092,MARGIN CALL ($0)
52,50,0.0,18,1,17,1.0,-100.0,5.555555555555555,MARGIN CALL ($0)
52,51,0.0,17,1,16,1.0,-100.0,5.88235294117647,MARGIN CALL ($0)
52,52,0.0,17,1,16,1.0,-100.0,5.88235294117647,MARGIN CALL ($0)
52,53,0.0,18,1,17,1.0,-100.0,5.555555555555555,MARGIN CALL ($0)
52,54,0.0,19,1,18,1.0,-100.0,5.263157894736842,MARGIN CALL ($0)
52,55,0.0,19,1,18,1.0,-100.0,5.263157894736842,MARGIN CALL ($0)
52,56,0.0,21,1,20,1.0,-100.0,4.761904761904762,MARGIN CALL ($0)
52,57,0.0,20,1,19,1.0,-100.0,5.0,MARGIN CALL ($0)
52,58,0.0,18,1,17,1.0,-100.0,5.555555555555555,MARGIN CALL ($0)
52,59,0.0,19,1,18,1.0,-100.0,5.263157894736842,MARGIN CALL ($0)
52,60,0.0,20,1,19,1.0,-100.0,5.0,MARGIN CALL ($0)
52,61,0.0,14,0,14,1.0,-100.0,0.0,MARGIN CALL ($0)
52,62,0.0,14,0,14,1.0,-100.0,0.0,MARGIN CALL ($0)
52,63,0.0,12,0,12,1.0,-100.0,0.0,MARGIN CALL ($0)
52,64,0.0,21,2,19,1.0,-100.0,9.523809523809524,MARGIN CALL ($0)
52,65,0.0,20,2,18,1.0,-100.0,10.0,MARGIN CALL ($0)
52,66,0.0,22,2,20,1.0,-100.0,9.090909090909092,MARGIN CALL ($0)
52,67,0.0,22,2,20,1.0,-100.0,9.090909090909092,MARGIN CALL ($0)
52,68,0.0,23,2,21,1.0,-100.0,8.695652173913043,MARGIN CALL ($0)
52,69,0.0,13,0,13,1.0,-100.0,0.0,MARGIN CALL ($0)
52,70,0.0,14,0,14,1.0,-100.0,0.0,MARGIN CALL ($0)
52,71,0.0,15,0,15,1.0,-100.0,0.0,MARGIN CALL ($0)
52,72,0.0,14,0,14,1.0,-100.0,0.0,MARGIN CALL ($0)
52,73,0.0,14,0,14,1.0,-100.0,0.0,MARGIN CALL ($0)
1,20,0.0,136,30,106,1.0,-100.0,22.058823529411764,MARGIN CALL ($0)
1,21,0.0,118,23,95,1.0,-100.0,19.491525423728813,MARGIN CALL ($0)
1,22,0.0,114,23,91,1.0,-100.0,20.175438596491226,MARGIN CALL ($0)
1,23,0.0,150,35,115,1.0,-100.0,23.333333333333332,MARGIN CALL ($0)
1,24,0.0,46,6,40,1.0,-100.0,13.043478260869565,MARGIN CALL ($0)
1,25,0.0,46,6,40,1.0,-100.0,13.043478260869565,MARGIN CALL ($0)
1,26,0.0,45,6,39,1.0,-100.0,13.333333333333334,MARGIN CALL ($0)
1,27,0.0,103,22,81,1.0,-100.0,21.35922330097087,MARGIN CALL ($0)
1,28,0.0,85,17,68,1.0,-100.0,20.0,MARGIN CALL ($0)
1,29,0.0,85,18,67,1.0,-100.0,21.176470588235293,MARGIN CALL ($0)
52,84,0.0,21,3,18,1.0,-100.0,14.285714285714285,MARGIN CALL ($0)
52,85,0.0,14,0,14,1.0,-100.0,0.0,MARGIN CALL ($0)
52,86,0.0,14,0,14,1.0,-100.0,0.0,MARGIN CALL ($0)
52,87,0.0,12,0,12,1.0,-100.0,0.0,MARGIN CALL ($0)
52,88,0.0,12,0,12,1.0,-100.0,0.0,MARGIN CALL ($0)
52,89,0.0,12,0,12,1.0,-100.0,0.0,MARGIN CALL ($0)
52,90,0.0,12,0,12,1.0,-100.0,0.0,MARGIN CALL ($0)
52,91,0.0,12,0,12,1.0,-100.0,0.0,MARGIN CALL ($0)
52,92,0.0,12,0,12,1.0,-100.0,0.0,MARGIN CALL ($0)
52,93,0.0,12,0,12,1.0,-100.0,0.0,MARGIN CALL ($0)
52,94,0.0,13,0,13,1.0,-100.0,0.0,MARGIN CALL ($0)
52,95,0.0,13,0,13,1.0,-100.0,0.0,MARGIN CALL ($0)
1,30,0.0,43,6,37,1.0,-100.0,13.953488372093023,MARGIN CALL ($0)
1,31,0.0,86,17,69,1.0,-100.0,19.767441860465116,MARGIN CALL ($0)
1,32,0.0,46,6,40,1.0,-100.0,13.043478260869565,MARGIN CALL ($0)
1,33,0.0,98,21,77,1.0,-100.0,21.428571428571427,MARGIN CALL ($0)
1,34,0.0,39,6,33,1.0,-100.0,15.384615384615385,MARGIN CALL ($0)
53,1,0.0,48,7,41,1.0,-100.0,14.583333333333334,MARGIN CALL ($0)
53,2,0.0,57,7,50,1.0,-100.0,12.280701754385964,MARGIN CALL ($0)
53,3,0.0,58,7,51,1.0,-100.0,12.068965517241379,MARGIN CALL ($0)
53,4,0.0,80,13,67,1.0,-100.0,16.25,MARGIN CALL ($0)
53,5,0.0,67,10,57,1.0,-100.0,14.925373134328357,MARGIN CALL ($0)
53,6,0.0,46,5,41,1.0,-100.0,10.869565217391305,MARGIN CALL ($0)
53,7,0.0,47,5,42,1.0,-100.0,10.638297872340425,MARGIN CALL ($0)
53,8,0.0,15,0,15,1.0,-100.0,0.0,MARGIN CALL ($0)
53,9,0.0,15,1,14,1.0,-100.0,6.666666666666667,MARGIN CALL ($0)
53,10,0.0,15,1,14,1.0,-100.0,6.666666666666667,MARGIN CALL ($0)
53,11,0.0,14,1,13,1.0,-100.0,7.142857142857142,MARGIN CALL ($0)
53,12,0.0,59,12,47,1.0,-100.0,20.33898305084746,MARGIN CALL ($0)
53,13,0.0,19,2,17,1.0,-100.0,10.526315789473683,MARGIN CALL ($0)
53,14,0.0,22,2,20,1.0,-100.0,9.090909090909092,MARGIN CALL ($0)
53,15,0.0,53,9,44,1.0,-100.0,16.9811320754717,MARGIN CALL ($0)
53,16,0.0,24,2,22,1.0,-100.0,8.333333333333332,MARGIN CALL ($0)
1,35,0.0,37,6,31,1.0,-100.0,16.216216216216218,MARGIN CALL ($0)
53,18,0.0,81,20,61,1.0,-100.0,24.691358024691358,MARGIN CALL ($0)
53,19,0.0,82,19,63,1.0,-100.0,23.170731707317074,MARGIN CALL ($0)
53,20,0.0,75,18,57,1.0,-100.0,24.0,MARGIN CALL ($0)
53,21,0.0,25,3,22,1.0,-100.0,12.0,MARGIN CALL ($0)
53,22,0.0,27,3,24,1.0,-100.0,11.11111111111111,MARGIN CALL ($0)
53,23,0.0,26,3,23,1.0,-100.0,11.538461538461538,MARGIN CALL ($0)
53,24,0.0,23,3,20,1.0,-100.0,13.043478260869565,MARGIN CALL ($0)
53,25,0.0,82,11,71,1.0,-100.0,13.414634146341465,MARGIN CALL ($0)
53,26,0.0,38,4,34,1.0,-100.0,10.526315789473683,MARGIN CALL ($0)
53,27,0.0,53,4,49,1.0,-100.0,7.547169811320755,MARGIN CALL ($0)
53,28,0.0,42,3,39,1.0,-100.0,7.142857142857142,MARGIN CALL ($0)
53,29,0.0,13,0,13,1.0,-100.0,0.0,MARGIN CALL ($0)
53,30,0.0,13,0,13,1.0,-100.0,0.0,MARGIN CALL ($0)
53,31,0.0,35,3,32,1.0,-100.0,8.571428571428571,MARGIN CALL ($0)
53,32,0.0,36,3,33,1.0,-100.0,8.333333333333332,MARGIN CALL ($0)
53,33,0.0,36,3,33,1.0,-100.0,8.333333333333332,MARGIN CALL ($0)
53,34,0.0,15,1,14,1.0,-100.0,6.666666666666667,MARGIN CALL ($0)
53,35,0.0,14,0,14,1.0,-100.0,0.0,MARGIN CALL ($0)
53,36,0.0,13,0,13,1.0,-100.0,0.0,MARGIN CALL ($0)
53,37,0.0,13,0,13,1.0,-100.0,0.0,MARGIN CALL ($0)
53,38,0.0,14,0,14,1.0,-100.0,0.0,MARGIN CALL ($0)
53,39,0.0,16,1,15,1.0,-100.0,6.25,MARGIN CALL ($0)
53,40,0.0,15,1,14,1.0,-100.0,6.666666666666667,MARGIN CALL ($0)
53,41,0.0,14,1,13,1.0,-100.0,7.142857142857142,MARGIN CALL ($0)
53,42,0.0,14,1,13,1.0,-100.0,7.142857142857142,MARGIN CALL ($0)
53,43,0.0,16,1,15,1.0,-100.0,6.25,MARGIN CALL ($0)
53,44,0.0,17,1,16,1.0,-100.0,5.88235294117647,MARGIN CALL ($0)
53,45,0.0,18,1,17,1.0,-100.0,5.555555555555555,MARGIN CALL ($0)
53,46,0.0,18,1,17,1.0,-100.0,5.555555555555555,MARGIN CALL ($0)
53,47,0.0,15,1,14,1.0,-100.0,6.666666666666667,MARGIN CALL ($0)
53,48,0.0,13,1,12,1.0,-100.0,7.6923076923076925,MARGIN CALL ($0)
53,49,0.0,11,1,10,1.0,-100.0,9.090909090909092,MARGIN CALL ($0)
53,50,0.0,10,0,10,1.0,-100.0,0.0,MARGIN CALL ($0)
53,51,0.0,18,1,17,1.0,-100.0,5.555555555555555,MARGIN CALL ($0)
53,52,0.0,18,1,17,1.0,-100.0,5.555555555555555,MARGIN CALL ($0)
53,53,0.0,16,1,15,1.0,-100.0,6.25,MARGIN CALL ($0)
53,54,0.0,18,1,17,1.0,-100.0,5.555555555555555,MARGIN CALL ($0)
53,55,0.0,19,1,18,1.0,-100.0,5.263157894736842,MARGIN CALL ($0)
53,56,0.0,20,1,19,1.0,-100.0,5.0,MARGIN CALL ($0)
53,57,0.0,19,1,18,1.0,-100.0,5.263157894736842,MARGIN CALL ($0)
53,58,0.0,17,1,16,1.0,-100.0,5.88235294117647,MARGIN CALL ($0)
53,59,0.0,18,1,17,1.0,-100.0,5.555555555555555,MARGIN CALL ($0)
53,60,0.0,20,1,19,1.0,-100.0,5.0,MARGIN CALL ($0)
53,61,0.0,13,0,13,1.0,-100.0,0.0,MARGIN CALL ($0)
53,62,0.0,13,0,13,1.0,-100.0,0.0,MARGIN CALL ($0)
53,63,0.0,19,1,18,1.0,-100.0,5.263157894736842,MARGIN CALL ($0)
53,64,0.0,20,2,18,1.0,-100.0,10.0,MARGIN CALL ($0)
53,65,0.0,20,2,18,1.0,-100.0,10.0,MARGIN CALL ($0)
53,66,0.0,22,2,20,1.0,-100.0,9.090909090909092,MARGIN CALL ($0)
53,67,0.0,13,0,13,1.0,-100.0,0.0,MARGIN CALL ($0)
53,68,0.0,14,0,14,1.0,-100.0,0.0,MARGIN CALL ($0)
53,69,0.0,12,0,12,1.0,-100.0,0.0,MARGIN CALL ($0)
53,70,0.0,13,0,13,1.0,-100.0,0.0,MARGIN CALL ($0)
53,71,0.0,14,0,14,1.0,-100.0,0.0,MARGIN CALL ($0)
1,36,0.0,35,6,29,1.0,-100.0,17.142857142857142,MARGIN CALL ($0)
1,37,0.0,35,6,29,1.0,-100.0,17.142857142857142,MARGIN CALL ($0)
1,38,0.0,34,6,28,1.0,-100.0,17.647058823529413,MARGIN CALL ($0)
1,39,0.0,34,6,28,1.0,-100.0,17.647058823529413,MARGIN CALL ($0)
1,40,0.0,34,6,28,1.0,-100.0,17.647058823529413,MARGIN CALL ($0)
1,41,0.0,33,6,27,1.0,-100.0,18.181818181818183,MARGIN CALL ($0)
1,42,0.0,33,6,27,1.0,-100.0,18.181818181818183,MARGIN CALL ($0)
1,43,0.0,11,3,8,1.0,-100.0,27.27272727272727,MARGIN CALL ($0)
1,44,0.0,11,3,8,1.0,-100.0,27.27272727272727,MARGIN CALL ($0)
1,45,0.0,11,3,8,1.0,-100.0,27.27272727272727,MARGIN CALL ($0)
1,46,0.0,11,3,8,1.0,-100.0,27.27272727272727,MARGIN CALL ($0)
1,47,0.0,11,3,8,1.0,-100.0,27.27272727272727,MARGIN CALL ($0)
53,84,0.0,20,3,17,1.0,-100.0,15.0,MARGIN CALL ($0)
53,85,0.0,13,0,13,1.0,-100.0,0.0,MARGIN CALL ($0)
53,86,0.0,13,0,13,1.0,-100.0,0.0,MARGIN CALL ($0)
53,87,0.0,11,0,11,1.0,-100.0,0.0,MARGIN CALL ($0)
53,88,0.0,11,0,11,1.0,-100.0,0.0,MARGIN CALL ($0)
53,89,0.0,11,0,11,1.0,-100.0,0.0,MARGIN CALL ($0)
53,90,0.0,11,0,11,1.0,-100.0,0.0,MARGIN CALL ($0)
53,91,0.0,11,0,11,1.0,-100.0,0.0,MARGIN CALL ($0)
53,92,0.0,12,0,12,1.0,-100.0,0.0,MARGIN CALL ($0)
53,93,0.0,12,0,12,1.0,-100.0,0.0,MARGIN CALL ($0)
53,94,0.0,12,0,12,1.0,-100.0,0.0,MARGIN CALL ($0)
53,95,0.0,13,0,13,1.0,-100.0,0.0,MARGIN CALL ($0)
1,48,0.0,11,3,8,1.0,-100.0,27.27272727272727,MARGIN CALL ($0)
1,49,0.0,11,3,8,1.0,-100.0,27.27272727272727,MARGIN CALL ($0)
1,50,0.0,11,3,8,1.0,-100.0,27.27272727272727,MARGIN CALL ($0)
1,51,0.0,11,3,8,1.0,-100.0,27.27272727272727,MARGIN CALL ($0)
1,52,0.0,11,3,8,1.0,-100.0,27.27272727272727,MARGIN CALL ($0)
54,1,0.0,48,7,41,1.0,-100.0,14.583333333333334,MARGIN CALL ($0)
54,2,0.0,57,7,50,1.0,-100.0,12.280701754385964,MARGIN CALL ($0)
54,3,0.0,58,7,51,1.0,-100.0,12.068965517241379,MARGIN CALL ($0)
54,4,0.0,80,13,67,1.0,-100.0,16.25,MARGIN CALL ($0)
54,5,0.0,67,10,57,1.0,-100.0,14.925373134328357,MARGIN CALL ($0)
54,6,0.0,47,5,42,1.0,-100.0,10.638297872340425,MARGIN CALL ($0)
54,7,0.0,47,5,42,1.0,-100.0,10.638297872340425,MARGIN CALL ($0)
54,8,0.0,15,0,15,1.0,-100.0,0.0,MARGIN CALL ($0)
54,9,0.0,15,1,14,1.0,-100.0,6.666666666666667,MARGIN CALL ($0)
54,10,0.0,15,1,14,1.0,-100.0,6.666666666666667,MARGIN CALL ($0)
54,11,0.0,14,1,13,1.0,-100.0,7.142857142857142,MARGIN CALL ($0)
54,12,0.0,59,12,47,1.0,-100.0,20.33898305084746,MARGIN CALL ($0)
54,13,0.0,57,9,48,1.0,-100.0,15.789473684210526,MARGIN CALL ($0)
54,14,0.0,30,4,26,1.0,-100.0,13.333333333333334,MARGIN CALL ($0)
54,15,0.0,58,11,47,1.0,-100.0,18.96551724137931,MARGIN CALL ($0)
1,53,0.0,11,3,8,1.0,-100.0,27.27272727272727,MARGIN CALL ($0)
1,54,0.0,11,3,8,1.0,-100.0,27.27272727272727,MARGIN CALL ($0)
54,18,0.0,87,21,66,1.0,-100.0,24.137931034482758,MARGIN CALL ($0)
54,19,0.0,85,20,65,1.0,-100.0,23.52941176470588,MARGIN CALL ($0)
54,20,0.0,75,19,56,1.0,-100.0,25.333333333333336,MARGIN CALL ($0)
54,21,0.0,30,4,26,1.0,-100.0,13.333333333333334,MARGIN CALL ($0)
54,22,0.0,33,5,28,1.0,-100.0,15.151515151515152,MARGIN CALL ($0)
54,23,0.0,15,0,15,1.0,-100.0,0.0,MARGIN CALL ($0)
54,24,0.0,15,0,15,1.0,-100.0,0.0,MARGIN CALL ($0)
54,25,0.0,16,0,16,1.0,-100.0,0.0,MARGIN CALL ($0)
54,26,0.0,16,0,16,1.0,-100.0,0.0,MARGIN CALL ($0)
54,27,0.0,56,4,52,1.0,-100.0,7.142857142857142,MARGIN CALL ($0)
54,28,0.0,42,3,39,1.0,-100.0,7.142857142857142,MARGIN CALL ($0)
54,29,0.0,14,0,14,1.0,-100.0,0.0,MARGIN CALL ($0)
54,30,0.0,13,0,13,1.0,-100.0,0.0,MARGIN CALL ($0)
54,31,0.0,37,3,34,1.0,-100.0,8.108108108108109,MARGIN CALL ($0)
54,32,0.0,37,3,34,1.0,-100.0,8.108108108108109,MARGIN CALL ($0)
54,33,0.0,38,3,35,1.0,-100.0,7.894736842105263,MARGIN CALL ($0)
54,34,0.0,16,1,15,1.0,-100.0,6.25,MARGIN CALL ($0)
54,35,0.0,14,0,14,1.0,-100.0,0.0,MARGIN CALL ($0)
54,36,0.0,13,0,13,1.0,-100.0,0.0,MARGIN CALL ($0)
54,37,0.0,13,0,13,1.0,-100.0,0.0,MARGIN CALL ($0)
54,38,0.0,14,0,14,1.0,-100.0,0.0,MARGIN CALL ($0)
54,39,0.0,17,1,16,1.0,-100.0,5.88235294117647,MARGIN CALL ($0)
54,40,0.0,16,1,15,1.0,-100.0,6.25,MARGIN CALL ($0)
54,41,0.0,15,1,14,1.0,-100.0,6.666666666666667,MARGIN CALL ($0)
54,42,0.0,15,1,14,1.0,-100.0,6.666666666666667,MARGIN CALL ($0)
54,43,0.0,17,1,16,1.0,-100.0,5.88235294117647,MARGIN CALL ($0)
54,44,0.0,18,1,17,1.0,-100.0,5.555555555555555,MARGIN CALL ($0)
54,45,0.0,18,1,17,1.0,-100.0,5.555555555555555,MARGIN CALL ($0)
54,46,0.0,19,1,18,1.0,-100.0,5.263157894736842,MARGIN CALL ($0)
54,47,0.0,16,1,15,1.0,-100.0,6.25,MARGIN CALL ($0)
54,48,0.0,14,1,13,1.0,-100.0,7.142857142857142,MARGIN CALL ($0)
54,49,0.0,12,1,11,1.0,-100.0,8.333333333333332,MARGIN CALL ($0)
54,50,0.0,11,0,11,1.0,-100.0,0.0,MARGIN CALL ($0)
54,51,0.0,19,1,18,1.0,-100.0,5.263157894736842,MARGIN CALL ($0)
54,52,0.0,19,1,18,1.0,-100.0,5.263157894736842,MARGIN CALL ($0)
54,53,0.0,18,1,17,1.0,-100.0,5.555555555555555,MARGIN CALL ($0)
54,54,0.0,17,1,16,1.0,-100.0,5.88235294117647,MARGIN CALL ($0)
54,55,0.0,18,1,17,1.0,-100.0,5.555555555555555,MARGIN CALL ($0)
54,56,0.0,19,1,18,1.0,-100.0,5.263157894736842,MARGIN CALL ($0)
54,57,0.0,18,1,17,1.0,-100.0,5.555555555555555,MARGIN CALL ($0)
1,55,0.0,11,3,8,1.0,-100.0,27.27272727272727,MARGIN CALL ($0)
1,56,0.0,11,3,8,1.0,-100.0,27.27272727272727,MARGIN CALL ($0)
1,57,0.0,11,3,8,1.0,-100.0,27.27272727272727,MARGIN CALL ($0)
1,58,0.0,11,3,8,1.0,-100.0,27.27272727272727,MARGIN CALL ($0)
1,59,0.0,11,3,8,1.0,-100.0,27.27272727272727,MARGIN CALL ($0)
1,60,0.0,11,3,8,1.0,-100.0,27.27272727272727,MARGIN CALL ($0)
1,61,0.0,11,3,8,1.0,-100.0,27.27272727272727,MARGIN CALL ($0)
1,62,0.0,11,3,8,1.0,-100.0,27.27272727272727,MARGIN CALL ($0)
1,63,0.0,11,3,8,1.0,-100.0,27.27272727272727,MARGIN CALL ($0)
1,64,0.0,12,3,9,1.0,-100.0,25.0,MARGIN CALL ($0)
1,65,0.0,12,3,9,1.0,-100.0,25.0,MARGIN CALL ($0)
1,66,0.0,12,3,9,1.0,-100.0,25.0,MARGIN CALL ($0)
1,67,0.0,12,3,9,1.0,-100.0,25.0,MARGIN CALL ($0)
1,68,0.0,12,3,9,1.0,-100.0,25.0,MARGIN CALL ($0)
1,69,0.0,35,7,28,1.0,-100.0,20.0,MARGIN CALL ($0)
1,70,0.0,37,7,30,1.0,-100.0,18.91891891891892,MARGIN CALL ($0)
1,71,0.0,36,7,29,1.0,-100.0,19.444444444444446,MARGIN CALL ($0)
1,72,0.0,36,7,29,1.0,-100.0,19.444444444444446,MARGIN CALL ($0)
1,73,0.0,35,7,28,1.0,-100.0,20.0,MARGIN CALL ($0)
1,74,0.0,35,7,28,1.0,-100.0,20.0,MARGIN CALL ($0)
1,75,0.0,35,7,28,1.0,-100.0,20.0,MARGIN CALL ($0)
1,76,0.0,35,7,28,1.0,-100.0,20.0,MARGIN CALL ($0)
1,77,0.0,36,7,29,1.0,-100.0,19.444444444444446,MARGIN CALL ($0)
1,85,0.0,33,7,26,1.0,-100.0,21.21212121212121,MARGIN CALL ($0)
1,86,0.0,33,7,26,1.0,-100.0,21.21212121212121,MARGIN CALL ($0)
1,87,0.0,33,7,26,1.0,-100.0,21.21212121212121,MARGIN CALL ($0)
54,84,0.0,21,3,18,1.0,-100.0,14.285714285714285,MARGIN CALL ($0)
54,85,0.0,14,0,14,1.0,-100.0,0.0,MARGIN CALL ($0)
54,86,0.0,14,0,14,1.0,-100.0,0.0,MARGIN CALL ($0)
54,87,0.0,12,0,12,1.0,-100.0,0.0,MARGIN CALL ($0)
54,88,0.0,12,0,12,1.0,-100.0,0.0,MARGIN CALL ($0)
54,89,0.0,12,0,12,1.0,-100.0,0.0,MARGIN CALL ($0)
54,90,0.0,12,0,12,1.0,-100.0,0.0,MARGIN CALL ($0)
54,91,0.0,11,0,11,1.0,-100.0,0.0,MARGIN CALL ($0)
54,92,0.0,13,0,13,1.0,-100.0,0.0,MARGIN CALL ($0)
54,93,0.0,13,0,13,1.0,-100.0,0.0,MARGIN CALL ($0)
54,94,0.0,13,0,13,1.0,-100.0,0.0,MARGIN CALL ($0)
54,95,0.0,14,0,14,1.0,-100.0,0.0,MARGIN CALL ($0)
1,88,0.0,33,7,26,1.0,-100.0,21.21212121212121,MARGIN CALL ($0)
1,89,0.0,33,7,26,1.0,-100.0,21.21212121212121,MARGIN CALL ($0)
1,90,0.0,30,6,24,1.0,-100.0,20.0,MARGIN CALL ($0)
1,91,0.0,30,6,24,1.0,-100.0,20.0,MARGIN CALL ($0)
1,92,0.0,30,6,24,1.0,-100.0,20.0,MARGIN CALL ($0)
55,1,0.0,48,7,41,1.0,-100.0,14.583333333333334,MARGIN CALL ($0)
55,2,0.0,57,7,50,1.0,-100.0,12.280701754385964,MARGIN CALL ($0)
55,3,0.0,58,7,51,1.0,-100.0,12.068965517241379,MARGIN CALL ($0)
55,4,0.0,80,13,67,1.0,-100.0,16.25,MARGIN CALL ($0)
55,5,0.0,67,10,57,1.0,-100.0,14.925373134328357,MARGIN CALL ($0)
55,6,0.0,47,5,42,1.0,-100.0,10.638297872340425,MARGIN CALL ($0)
55,7,0.0,47,5,42,1.0,-100.0,10.638297872340425,MARGIN CALL ($0)
55,8,0.0,15,0,15,1.0,-100.0,0.0,MARGIN CALL ($0)
55,9,0.0,15,1,14,1.0,-100.0,6.666666666666667,MARGIN CALL ($0)
55,10,0.0,15,1,14,1.0,-100.0,6.666666666666667,MARGIN CALL ($0)
55,11,0.0,14,1,13,1.0,-100.0,7.142857142857142,MARGIN CALL ($0)
55,12,0.0,59,12,47,1.0,-100.0,20.33898305084746,MARGIN CALL ($0)
55,13,0.0,57,9,48,1.0,-100.0,15.789473684210526,MARGIN CALL ($0)
55,14,0.0,30,4,26,1.0,-100.0,13.333333333333334,MARGIN CALL ($0)
55,15,0.0,58,11,47,1.0,-100.0,18.96551724137931,MARGIN CALL ($0)
1,93,0.0,29,6,23,1.0,-100.0,20.689655172413794,MARGIN CALL ($0)
1,94,0.0,29,6,23,1.0,-100.0,20.689655172413794,MARGIN CALL ($0)
55,18,0.0,87,21,66,1.0,-100.0,24.137931034482758,MARGIN CALL ($0)
55,19,0.0,85,20,65,1.0,-100.0,23.52941176470588,MARGIN CALL ($0)
55,20,0.0,75,19,56,1.0,-100.0,25.333333333333336,MARGIN CALL ($0)
55,21,0.0,30,4,26,1.0,-100.0,13.333333333333334,MARGIN CALL ($0)
55,22,0.0,33,5,28,1.0,-100.0,15.151515151515152,MARGIN CALL ($0)
55,23,0.0,15,0,15,1.0,-100.0,0.0,MARGIN CALL ($0)
55,24,0.0,15,0,15,1.0,-100.0,0.0,MARGIN CALL ($0)
55,25,0.0,16,0,16,1.0,-100.0,0.0,MARGIN CALL ($0)
55,26,0.0,16,0,16,1.0,-100.0,0.0,MARGIN CALL ($0)
55,27,0.0,56,4,52,1.0,-100.0,7.142857142857142,MARGIN CALL ($0)
55,28,0.0,42,3,39,1.0,-100.0,7.142857142857142,MARGIN CALL ($0)
55,29,0.0,14,0,14,1.0,-100.0,0.0,MARGIN CALL ($0)
55,30,0.0,13,0,13,1.0,-100.0,0.0,MARGIN CALL ($0)
55,31,0.0,37,3,34,1.0,-100.0,8.108108108108109,MARGIN CALL ($0)
55,32,0.0,37,3,34,1.0,-100.0,8.108108108108109,MARGIN CALL ($0)
55,33,0.0,38,3,35,1.0,-100.0,7.894736842105263,MARGIN CALL ($0)
55,34,0.0,16,1,15,1.0,-100.0,6.25,MARGIN CALL ($0)
55,35,0.0,14,0,14,1.0,-100.0,0.0,MARGIN CALL ($0)
55,36,0.0,13,0,13,1.0,-100.0,0.0,MARGIN CALL ($0)
55,37,0.0,13,0,13,1.0,-100.0,0.0,MARGIN CALL ($0)
55,38,0.0,14,0,14,1.0,-100.0,0.0,MARGIN CALL ($0)
55,39,0.0,17,1,16,1.0,-100.0,5.88235294117647,MARGIN CALL ($0)
55,40,0.0,16,1,15,1.0,-100.0,6.25,MARGIN CALL ($0)
55,41,0.0,15,1,14,1.0,-100.0,6.666666666666667,MARGIN CALL ($0)
55,42,0.0,15,1,14,1.0,-100.0,6.666666666666667,MARGIN CALL ($0)
55,43,0.0,17,1,16,1.0,-100.0,5.88235294117647,MARGIN CALL ($0)
55,44,0.0,18,1,17,1.0,-100.0,5.555555555555555,MARGIN CALL ($0)
55,45,0.0,18,1,17,1.0,-100.0,5.555555555555555,MARGIN CALL ($0)
55,46,0.0,19,1,18,1.0,-100.0,5.263157894736842,MARGIN CALL ($0)
55,47,0.0,16,1,15,1.0,-100.0,6.25,MARGIN CALL ($0)
55,48,0.0,14,1,13,1.0,-100.0,7.142857142857142,MARGIN CALL ($0)
55,49,0.0,12,1,11,1.0,-100.0,8.333333333333332,MARGIN CALL ($0)
55,50,0.0,11,0,11,1.0,-100.0,0.0,MARGIN CALL ($0)
55,51,0.0,19,1,18,1.0,-100.0,5.263157894736842,MARGIN CALL ($0)
55,52,0.0,20,1,19,1.0,-100.0,5.0,MARGIN CALL ($0)
55,53,0.0,19,1,18,1.0,-100.0,5.263157894736842,MARGIN CALL ($0)
55,54,0.0,18,1,17,1.0,-100.0,5.555555555555555,MARGIN CALL ($0)
55,55,0.0,16,1,15,1.0,-100.0,6.25,MARGIN CALL ($0)
55,56,0.0,17,1,16,1.0,-100.0,5.88235294117647,MARGIN CALL ($0)
55,57,0.0,17,1,16,1.0,-100.0,5.88235294117647,MARGIN CALL ($0)
1,95,0.0,29,6,23,1.0,-100.0,20.689655172413794,MARGIN CALL ($0)
1,96,0.0,29,6,23,1.0,-100.0,20.689655172413794,MARGIN CALL ($0)
1,97,0.0,29,6,23,1.0,-100.0,20.689655172413794,MARGIN CALL ($0)
1,98,0.0,29,6,23,1.0,-100.0,20.689655172413794,MARGIN CALL ($0)
1,99,0.0,29,6,23,1.0,-100.0,20.689655172413794,MARGIN CALL ($0)
1,100,0.0,29,6,23,1.0,-100.0,20.689655172413794,MARGIN CALL ($0)
2,1,0.0,88,16,72,1.0,-100.0,18.181818181818183,MARGIN CALL ($0)
2,2,0.0,57,7,50,1.0,-100.0,12.280701754385964,MARGIN CALL ($0)
55,66,0.0,12,0,12,1.0,-100.0,0.0,MARGIN CALL ($0)
55,67,0.0,12,0,12,1.0,-100.0,0.0,MARGIN CALL ($0)
55,68,0.0,13,0,13,1.0,-100.0,0.0,MARGIN CALL ($0)
2,3,0.0,58,7,51,1.0,-100.0,12.068965517241379,MARGIN CALL ($0)
2,4,0.0,55,6,49,1.0,-100.0,10.909090909090908,MARGIN CALL ($0)
2,5,0.0,53,6,47,1.0,-100.0,11.320754716981133,MARGIN CALL ($0)
2,6,0.0,62,9,53,1.0,-100.0,14.516129032258066,MARGIN CALL ($0)
2,7,0.0,65,10,55,1.0,-100.0,15.384615384615385,MARGIN CALL ($0)
2,8,0.0,63,11,52,1.0,-100.0,17.46031746031746,MARGIN CALL ($0)
2,9,0.0,18,0,18,1.0,-100.0,0.0,MARGIN CALL ($0)
2,10,0.0,66,12,54,1.0,-100.0,18.181818181818183,MARGIN CALL ($0)
2,11,0.0,65,12,53,1.0,-100.0,18.461538461538463,MARGIN CALL ($0)
2,12,0.0,80,17,63,1.0,-100.0,21.25,MARGIN CALL ($0)
2,13,0.0,82,17,65,1.0,-100.0,20.73170731707317,MARGIN CALL ($0)
2,14,0.0,67,13,54,1.0,-100.0,19.402985074626866,MARGIN CALL ($0)
2,15,0.0,69,13,56,1.0,-100.0,18.84057971014493,MARGIN CALL ($0)
2,16,0.0,56,6,50,1.0,-100.0,10.714285714285714,MARGIN CALL ($0)
2,17,0.0,57,6,51,1.0,-100.0,10.526315789473683,MARGIN CALL ($0)
55,84,0.0,21,3,18,1.0,-100.0,14.285714285714285,MARGIN CALL ($0)
55,85,0.0,14,0,14,1.0,-100.0,0.0,MARGIN CALL ($0)
55,86,0.0,14,0,14,1.0,-100.0,0.0,MARGIN CALL ($0)
55,87,0.0,12,0,12,1.0,-100.0,0.0,MARGIN CALL ($0)
55,88,0.0,12,0,12,1.0,-100.0,0.0,MARGIN CALL ($0)
55,89,0.0,12,0,12,1.0,-100.0,0.0,MARGIN CALL ($0)
55,90,0.0,12,0,12,1.0,-100.0,0.0,MARGIN CALL ($0)
55,91,0.0,11,0,11,1.0,-100.0,0.0,MARGIN CALL ($0)
55,92,0.0,13,0,13,1.0,-100.0,0.0,MARGIN CALL ($0)
55,93,0.0,13,0,13,1.0,-100.0,0.0,MARGIN CALL ($0)
55,94,0.0,13,0,13,1.0,-100.0,0.0,MARGIN CALL ($0)
55,95,0.0,14,0,14,1.0,-100.0,0.0,MARGIN CALL ($0)
2,18,0.0,17,0,17,1.0,-100.0,0.0,MARGIN CALL ($0)
2,19,0.0,17,0,17,1.0,-100.0,0.0,MARGIN CALL ($0)
2,20,0.0,17,0,17,1.0,-100.0,0.0,MARGIN CALL ($0)
2,21,0.0,17,0,17,1.0,-100.0,0.0,MARGIN CALL ($0)
2,22,0.0,17,0,17,1.0,-100.0,0.0,MARGIN CALL ($0)
56,1,0.0,48,7,41,1.0,-100.0,14.583333333333334,MARGIN CALL ($0)
56,2,0.0,57,7,50,1.0,-100.0,12.280701754385964,MARGIN CALL ($0)
56,3,0.0,58,7,51,1.0,-100.0,12.068965517241379,MARGIN CALL ($0)
56,4,0.0,80,13,67,1.0,-100.0,16.25,MARGIN CALL ($0)
56,5,0.0,67,10,57,1.0,-100.0,14.925373134328357,MARGIN CALL ($0)
56,6,0.0,47,5,42,1.0,-100.0,10.638297872340425,MARGIN CALL ($0)
56,7,0.0,48,5,43,1.0,-100.0,10.416666666666668,MARGIN CALL ($0)
56,8,0.0,15,0,15,1.0,-100.0,0.0,MARGIN CALL ($0)
56,9,0.0,17,1,16,1.0,-100.0,5.88235294117647,MARGIN CALL ($0)
56,10,0.0,15,1,14,1.0,-100.0,6.666666666666667,MARGIN CALL ($0)
56,11,0.0,14,1,13,1.0,-100.0,7.142857142857142,MARGIN CALL ($0)
56,12,0.0,59,12,47,1.0,-100.0,20.33898305084746,MARGIN CALL ($0)
56,13,0.0,57,9,48,1.0,-100.0,15.789473684210526,MARGIN CALL ($0)
56,14,0.0,30,4,26,1.0,-100.0,13.333333333333334,MARGIN CALL ($0)
56,15,0.0,58,11,47,1.0,-100.0,18.96551724137931,MARGIN CALL ($0)
2,23,0.0,17,0,17,1.0,-100.0,0.0,MARGIN CALL ($0)
2,24,0.0,17,0,17,1.0,-100.0,0.0,MARGIN CALL ($0)
56,18,0.0,84,19,65,1.0,-100.0,22.61904761904762,MARGIN CALL ($0)
56,19,0.0,86,20,66,1.0,-100.0,23.25581395348837,MARGIN CALL ($0)
56,20,0.0,79,22,57,1.0,-100.0,27.848101265822784,MARGIN CALL ($0)
56,21,0.0,30,4,26,1.0,-100.0,13.333333333333334,MARGIN CALL ($0)
56,22,0.0,33,5,28,1.0,-100.0,15.151515151515152,MARGIN CALL ($0)
56,23,0.0,15,0,15,1.0,-100.0,0.0,MARGIN CALL ($0)
56,24,0.0,15,0,15,1.0,-100.0,0.0,MARGIN CALL ($0)
56,25,0.0,16,0,16,1.0,-100.0,0.0,MARGIN CALL ($0)
56,26,0.0,16,0,16,1.0,-100.0,0.0,MARGIN CALL ($0)
56,27,0.0,56,4,52,1.0,-100.0,7.142857142857142,MARGIN CALL ($0)
56,28,0.0,42,3,39,1.0,-100.0,7.142857142857142,MARGIN CALL ($0)
56,29,0.0,14,0,14,1.0,-100.0,0.0,MARGIN CALL ($0)
56,30,0.0,13,0,13,1.0,-100.0,0.0,MARGIN CALL ($0)
56,31,0.0,37,3,34,1.0,-100.0,8.108108108108109,MARGIN CALL ($0)
56,32,0.0,37,3,34,1.0,-100.0,8.108108108108109,MARGIN CALL ($0)
56,33,0.0,38,3,35,1.0,-100.0,7.894736842105263,MARGIN CALL ($0)
56,34,0.0,16,1,15,1.0,-100.0,6.25,MARGIN CALL ($0)
56,35,0.0,14,0,14,1.0,-100.0,0.0,MARGIN CALL ($0)
56,36,0.0,13,0,13,1.0,-100.0,0.0,MARGIN CALL ($0)
56,37,0.0,13,0,13,1.0,-100.0,0.0,MARGIN CALL ($0)
56,38,0.0,14,0,14,1.0,-100.0,0.0,MARGIN CALL ($0)
56,39,0.0,17,1,16,1.0,-100.0,5.88235294117647,MARGIN CALL ($0)
56,40,0.0,16,1,15,1.0,-100.0,6.25,MARGIN CALL ($0)
56,41,0.0,15,1,14,1.0,-100.0,6.666666666666667,MARGIN CALL ($0)
56,42,0.0,15,1,14,1.0,-100.0,6.666666666666667,MARGIN CALL ($0)
56,43,0.0,17,1,16,1.0,-100.0,5.88235294117647,MARGIN CALL ($0)
56,44,0.0,18,1,17,1.0,-100.0,5.555555555555555,MARGIN CALL ($0)
56,45,0.0,18,1,17,1.0,-100.0,5.555555555555555,MARGIN CALL ($0)
56,46,0.0,19,1,18,1.0,-100.0,5.263157894736842,MARGIN CALL ($0)
56,47,0.0,16,1,15,1.0,-100.0,6.25,MARGIN CALL ($0)
56,48,0.0,14,1,13,1.0,-100.0,7.142857142857142,MARGIN CALL ($0)
56,49,0.0,12,1,11,1.0,-100.0,8.333333333333332,MARGIN CALL ($0)
56,50,0.0,11,0,11,1.0,-100.0,0.0,MARGIN CALL ($0)
56,51,0.0,19,1,18,1.0,-100.0,5.263157894736842,MARGIN CALL ($0)
56,52,0.0,20,1,19,1.0,-100.0,5.0,MARGIN CALL ($0)
56,53,0.0,19,1,18,1.0,-100.0,5.263157894736842,MARGIN CALL ($0)
56,54,0.0,18,1,17,1.0,-100.0,5.555555555555555,MARGIN CALL ($0)
56,55,0.0,16,1,15,1.0,-100.0,6.25,MARGIN CALL ($0)
56,56,0.0,16,1,15,1.0,-100.0,6.25,MARGIN CALL ($0)
56,57,0.0,17,1,16,1.0,-100.0,5.88235294117647,MARGIN CALL ($0)
2,25,0.0,17,0,17,1.0,-100.0,0.0,MARGIN CALL ($0)
2,26,0.0,17,0,17,1.0,-100.0,0.0,MARGIN CALL ($0)
2,27,0.0,17,0,17,1.0,-100.0,0.0,MARGIN CALL ($0)
2,28,0.0,17,0,17,1.0,-100.0,0.0,MARGIN CALL ($0)
2,29,0.0,17,0,17,1.0,-100.0,0.0,MARGIN CALL ($0)
2,30,0.0,17,0,17,1.0,-100.0,0.0,MARGIN CALL ($0)
2,31,0.0,17,0,17,1.0,-100.0,0.0,MARGIN CALL ($0)
2,32,0.0,17,0,17,1.0,-100.0,0.0,MARGIN CALL ($0)
2,33,0.0,16,0,16,1.0,-100.0,0.0,MARGIN CALL ($0)
56,67,0.0,12,0,12,1.0,-100.0,0.0,MARGIN CALL ($0)
56,68,0.0,12,0,12,1.0,-100.0,0.0,MARGIN CALL ($0)
2,34,0.0,18,0,18,1.0,-100.0,0.0,MARGIN CALL ($0)
2,35,0.0,15,0,15,1.0,-100.0,0.0,MARGIN CALL ($0)
2,36,0.0,15,0,15,1.0,-100.0,0.0,MARGIN CALL ($0)
2,37,0.0,15,0,15,1.0,-100.0,0.0,MARGIN CALL ($0)
2,38,0.0,15,0,15,1.0,-100.0,0.0,MARGIN CALL ($0)
2,39,0.0,15,0,15,1.0,-100.0,0.0,MARGIN CALL ($0)
2,40,0.0,15,0,15,1.0,-100.0,0.0,MARGIN CALL ($0)
2,41,0.0,16,0,16,1.0,-100.0,0.0,MARGIN CALL ($0)
2,42,0.0,16,0,16,1.0,-100.0,0.0,MARGIN CALL ($0)
2,43,0.0,15,0,15,1.0,-100.0,0.0,MARGIN CALL ($0)
2,44,0.0,15,0,15,1.0,-100.0,0.0,MARGIN CALL ($0)
2,45,0.0,15,0,15,1.0,-100.0,0.0,MARGIN CALL ($0)
2,46,0.0,14,0,14,1.0,-100.0,0.0,MARGIN CALL ($0)
2,47,0.0,14,0,14,1.0,-100.0,0.0,MARGIN CALL ($0)
2,48,0.0,14,0,14,1.0,-100.0,0.0,MARGIN CALL ($0)
56,84,0.0,21,3,18,1.0,-100.0,14.285714285714285,MARGIN CALL ($0)
56,85,0.0,14,0,14,1.0,-100.0,0.0,MARGIN CALL ($0)
56,86,0.0,14,0,14,1.0,-100.0,0.0,MARGIN CALL ($0)
56,87,0.0,12,0,12,1.0,-100.0,0.0,MARGIN CALL ($0)
56,88,0.0,12,0,12,1.0,-100.0,0.0,MARGIN CALL ($0)
56,89,0.0,11,0,11,1.0,-100.0,0.0,MARGIN CALL ($0)
56,90,0.0,11,0,11,1.0,-100.0,0.0,MARGIN CALL ($0)
56,91,0.0,12,0,12,1.0,-100.0,0.0,MARGIN CALL ($0)
56,92,0.0,12,0,12,1.0,-100.0,0.0,MARGIN CALL ($0)
56,93,0.0,14,0,14,1.0,-100.0,0.0,MARGIN CALL ($0)
56,94,0.0,13,0,13,1.0,-100.0,0.0,MARGIN CALL ($0)
56,95,0.0,13,0,13,1.0,-100.0,0.0,MARGIN CALL ($0)
2,49,0.0,14,0,14,1.0,-100.0,0.0,MARGIN CALL ($0)
2,50,0.0,14,0,14,1.0,-100.0,0.0,MARGIN CALL ($0)
2,51,0.0,14,0,14,1.0,-100.0,0.0,MARGIN CALL ($0)
2,52,0.0,14,0,14,1.0,-100.0,0.0,MARGIN CALL ($0)
2,53,0.0,14,0,14,1.0,-100.0,0.0,MARGIN CALL ($0)
57,1,0.0,48,7,41,1.0,-100.0,14.583333333333334,MARGIN CALL ($0)
57,2,0.0,57,7,50,1.0,-100.0,12.280701754385964,MARGIN CALL ($0)
57,3,0.0,58,7,51,1.0,-100.0,12.068965517241379,MARGIN CALL ($0)
57,4,0.0,80,13,67,1.0,-100.0,16.25,MARGIN CALL ($0)
57,5,0.0,67,10,57,1.0,-100.0,14.925373134328357,MARGIN CALL ($0)
57,6,0.0,47,5,42,1.0,-100.0,10.638297872340425,MARGIN CALL ($0)
57,7,0.0,47,5,42,1.0,-100.0,10.638297872340425,MARGIN CALL ($0)
57,8,0.0,15,0,15,1.0,-100.0,0.0,MARGIN CALL ($0)
57,9,0.0,17,1,16,1.0,-100.0,5.88235294117647,MARGIN CALL ($0)
57,10,0.0,15,1,14,1.0,-100.0,6.666666666666667,MARGIN CALL ($0)
57,11,0.0,15,1,14,1.0,-100.0,6.666666666666667,MARGIN CALL ($0)
57,12,0.0,59,12,47,1.0,-100.0,20.33898305084746,MARGIN CALL ($0)
57,13,0.0,57,9,48,1.0,-100.0,15.789473684210526,MARGIN CALL ($0)
57,14,0.0,30,4,26,1.0,-100.0,13.333333333333334,MARGIN CALL ($0)
57,15,0.0,58,11,47,1.0,-100.0,18.96551724137931,MARGIN CALL ($0)
2,54,0.0,14,0,14,1.0,-100.0,0.0,MARGIN CALL ($0)
2,55,0.0,14,0,14,1.0,-100.0,0.0,MARGIN CALL ($0)
57,18,0.0,84,19,65,1.0,-100.0,22.61904761904762,MARGIN CALL ($0)
57,19,0.0,86,20,66,1.0,-100.0,23.25581395348837,MARGIN CALL ($0)
57,20,0.0,79,22,57,1.0,-100.0,27.848101265822784,MARGIN CALL ($0)
57,21,0.0,30,4,26,1.0,-100.0,13.333333333333334,MARGIN CALL ($0)
57,22,0.0,33,5,28,1.0,-100.0,15.151515151515152,MARGIN CALL ($0)
57,23,0.0,15,0,15,1.0,-100.0,0.0,MARGIN CALL ($0)
57,24,0.0,15,0,15,1.0,-100.0,0.0,MARGIN CALL ($0)
57,25,0.0,16,0,16,1.0,-100.0,0.0,MARGIN CALL ($0)
57,26,0.0,16,0,16,1.0,-100.0,0.0,MARGIN CALL ($0)
57,27,0.0,56,4,52,1.0,-100.0,7.142857142857142,MARGIN CALL ($0)
57,28,0.0,42,3,39,1.0,-100.0,7.142857142857142,MARGIN CALL ($0)
57,29,0.0,14,0,14,1.0,-100.0,0.0,MARGIN CALL ($0)
57,30,0.0,13,0,13,1.0,-100.0,0.0,MARGIN CALL ($0)
57,31,0.0,37,3,34,1.0,-100.0,8.108108108108109,MARGIN CALL ($0)
57,32,0.0,37,3,34,1.0,-100.0,8.108108108108109,MARGIN CALL ($0)
57,33,0.0,38,3,35,1.0,-100.0,7.894736842105263,MARGIN CALL ($0)
57,34,0.0,16,1,15,1.0,-100.0,6.25,MARGIN CALL ($0)
57,35,0.0,14,0,14,1.0,-100.0,0.0,MARGIN CALL ($0)
57,36,0.0,13,0,13,1.0,-100.0,0.0,MARGIN CALL ($0)
57,37,0.0,13,0,13,1.0,-100.0,0.0,MARGIN CALL ($0)
57,38,0.0,14,0,14,1.0,-100.0,0.0,MARGIN CALL ($0)
57,39,0.0,17,1,16,1.0,-100.0,5.88235294117647,MARGIN CALL ($0)
57,40,0.0,16,1,15,1.0,-100.0,6.25,MARGIN CALL ($0)
57,41,0.0,15,1,14,1.0,-100.0,6.666666666666667,MARGIN CALL ($0)
57,42,0.0,15,1,14,1.0,-100.0,6.666666666666667,MARGIN CALL ($0)
57,43,0.0,17,1,16,1.0,-100.0,5.88235294117647,MARGIN CALL ($0)
57,44,0.0,18,1,17,1.0,-100.0,5.555555555555555,MARGIN CALL ($0)
57,45,0.0,18,1,17,1.0,-100.0,5.555555555555555,MARGIN CALL ($0)
57,46,0.0,19,1,18,1.0,-100.0,5.263157894736842,MARGIN CALL ($0)
57,47,0.0,16,1,15,1.0,-100.0,6.25,MARGIN CALL ($0)
57,48,0.0,14,1,13,1.0,-100.0,7.142857142857142,MARGIN CALL ($0)
57,49,0.0,12,1,11,1.0,-100.0,8.333333333333332,MARGIN CALL ($0)
57,50,0.0,11,0,11,1.0,-100.0,0.0,MARGIN CALL ($0)
57,51,0.0,19,1,18,1.0,-100.0,5.263157894736842,MARGIN CALL ($0)
57,52,0.0,20,1,19,1.0,-100.0,5.0,MARGIN CALL ($0)
57,53,0.0,19,1,18,1.0,-100.0,5.263157894736842,MARGIN CALL ($0)
57,54,0.0,18,1,17,1.0,-100.0,5.555555555555555,MARGIN CALL ($0)
57,55,0.0,16,1,15,1.0,-100.0,6.25,MARGIN CALL ($0)
57,56,0.0,16,1,15,1.0,-100.0,6.25,MARGIN CALL ($0)
57,57,0.0,17,1,16,1.0,-100.0,5.88235294117647,MARGIN CALL ($0)
2,56,0.0,14,0,14,1.0,-100.0,0.0,MARGIN CALL ($0)
2,57,0.0,13,0,13,1.0,-100.0,0.0,MARGIN CALL ($0)
2,58,0.0,13,0,13,1.0,-100.0,0.0,MARGIN CALL ($0)
2,59,0.0,12,0,12,1.0,-100.0,0.0,MARGIN CALL ($0)
2,60,0.0,12,0,12,1.0,-100.0,0.0,MARGIN CALL ($0)
2,61,0.0,12,0,12,1.0,-100.0,0.0,MARGIN CALL ($0)
2,62,0.0,12,0,12,1.0,-100.0,0.0,MARGIN CALL ($0)
2,63,0.0,12,0,12,1.0,-100.0,0.0,MARGIN CALL ($0)
2,64,0.0,11,0,11,1.0,-100.0,0.0,MARGIN CALL ($0)
57,67,0.0,12,0,12,1.0,-100.0,0.0,MARGIN CALL ($0)
57,68,0.0,12,0,12,1.0,-100.0,0.0,MARGIN CALL ($0)
2,65,0.0,11,0,11,1.0,-100.0,0.0,MARGIN CALL ($0)
2,66,0.0,11,0,11,1.0,-100.0,0.0,MARGIN CALL ($0)
2,67,0.0,11,0,11,1.0,-100.0,0.0,MARGIN CALL ($0)
2,68,0.0,11,0,11,1.0,-100.0,0.0,MARGIN CALL ($0)
2,69,0.0,13,0,13,1.0,-100.0,0.0,MARGIN CALL ($0)
2,70,0.0,13,0,13,1.0,-100.0,0.0,MARGIN CALL ($0)
2,71,0.0,12,0,12,1.0,-100.0,0.0,MARGIN CALL ($0)
2,72,0.0,12,0,12,1.0,-100.0,0.0,MARGIN CALL ($0)
2,73,0.0,12,0,12,1.0,-100.0,0.0,MARGIN CALL ($0)
2,74,0.0,12,0,12,1.0,-100.0,0.0,MARGIN CALL ($0)
2,75,0.0,12,0,12,1.0,-100.0,0.0,MARGIN CALL ($0)
2,76,0.0,12,0,12,1.0,-100.0,0.0,MARGIN CALL ($0)
2,77,0.0,12,0,12,1.0,-100.0,0.0,MARGIN CALL ($0)
2,78,0.0,12,0,12,1.0,-100.0,0.0,MARGIN CALL ($0)
2,79,0.0,12,0,12,1.0,-100.0,0.0,MARGIN CALL ($0)
57,84,0.0,21,3,18,1.0,-100.0,14.285714285714285,MARGIN CALL ($0)
57,85,0.0,14,0,14,1.0,-100.0,0.0,MARGIN CALL ($0)
57,86,0.0,14,0,14,1.0,-100.0,0.0,MARGIN CALL ($0)
57,87,0.0,12,0,12,1.0,-100.0,0.0,MARGIN CALL ($0)
57,88,0.0,12,0,12,1.0,-100.0,0.0,MARGIN CALL ($0)
57,89,0.0,11,0,11,1.0,-100.0,0.0,MARGIN CALL ($0)
57,90,0.0,11,0,11,1.0,-100.0,0.0,MARGIN CALL ($0)
57,91,0.0,12,0,12,1.0,-100.0,0.0,MARGIN CALL ($0)
57,92,0.0,12,0,12,1.0,-100.0,0.0,MARGIN CALL ($0)
57,93,0.0,14,0,14,1.0,-100.0,0.0,MARGIN CALL ($0)
57,94,0.0,13,0,13,1.0,-100.0,0.0,MARGIN CALL ($0)
57,95,0.0,13,0,13,1.0,-100.0,0.0,MARGIN CALL ($0)
2,80,0.0,12,0,12,1.0,-100.0,0.0,MARGIN CALL ($0)
2,81,0.0,12,0,12,1.0,-100.0,0.0,MARGIN CALL ($0)
2,82,0.0,12,0,12,1.0,-100.0,0.0,MARGIN CALL ($0)
2,83,0.0,12,0,12,1.0,-100.0,0.0,MARGIN CALL ($0)
2,84,0.0,12,0,12,1.0,-100.0,0.0,MARGIN CALL ($0)
58,1,0.0,48,7,41,1.0,-100.0,14.583333333333334,MARGIN CALL ($0)
58,2,0.0,57,7,50,1.0,-100.0,12.280701754385964,MARGIN CALL ($0)
58,3,0.0,58,7,51,1.0,-100.0,12.068965517241379,MARGIN CALL ($0)
58,4,0.0,80,13,67,1.0,-100.0,16.25,MARGIN CALL ($0)
58,5,0.0,67,10,57,1.0,-100.0,14.925373134328357,MARGIN CALL ($0)
58,6,0.0,47,5,42,1.0,-100.0,10.638297872340425,MARGIN CALL ($0)
58,7,0.0,47,5,42,1.0,-100.0,10.638297872340425,MARGIN CALL ($0)
58,8,0.0,15,0,15,1.0,-100.0,0.0,MARGIN CALL ($0)
58,9,0.0,17,1,16,1.0,-100.0,5.88235294117647,MARGIN CALL ($0)
58,10,0.0,15,1,14,1.0,-100.0,6.666666666666667,MARGIN CALL ($0)
58,11,0.0,15,1,14,1.0,-100.0,6.666666666666667,MARGIN CALL ($0)
58,12,0.0,59,12,47,1.0,-100.0,20.33898305084746,MARGIN CALL ($0)
58,13,0.0,57,9,48,1.0,-100.0,15.789473684210526,MARGIN CALL ($0)
58,14,0.0,30,4,26,1.0,-100.0,13.333333333333334,MARGIN CALL ($0)
58,15,0.0,58,11,47,1.0,-100.0,18.96551724137931,MARGIN CALL ($0)
2,85,0.0,12,0,12,1.0,-100.0,0.0,MARGIN CALL ($0)
2,86,0.0,12,0,12,1.0,-100.0,0.0,MARGIN CALL ($0)
58,18,0.0,87,21,66,1.0,-100.0,24.137931034482758,MARGIN CALL ($0)
58,19,0.0,87,20,67,1.0,-100.0,22.988505747126435,MARGIN CALL ($0)
58,20,0.0,81,22,59,1.0,-100.0,27.160493827160494,MARGIN CALL ($0)
58,21,0.0,30,4,26,1.0,-100.0,13.333333333333334,MARGIN CALL ($0)
58,22,0.0,33,5,28,1.0,-100.0,15.151515151515152,MARGIN CALL ($0)
58,23,0.0,15,0,15,1.0,-100.0,0.0,MARGIN CALL ($0)
58,24,0.0,15,0,15,1.0,-100.0,0.0,MARGIN CALL ($0)
58,25,0.0,16,0,16,1.0,-100.0,0.0,MARGIN CALL ($0)
58,26,0.0,16,0,16,1.0,-100.0,0.0,MARGIN CALL ($0)
58,27,0.0,56,4,52,1.0,-100.0,7.142857142857142,MARGIN CALL ($0)
58,28,0.0,42,3,39,1.0,-100.0,7.142857142857142,MARGIN CALL ($0)
58,29,0.0,14,0,14,1.0,-100.0,0.0,MARGIN CALL ($0)
58,30,0.0,13,0,13,1.0,-100.0,0.0,MARGIN CALL ($0)
58,31,0.0,37,3,34,1.0,-100.0,8.108108108108109,MARGIN CALL ($0)
58,32,0.0,37,3,34,1.0,-100.0,8.108108108108109,MARGIN CALL ($0)
58,33,0.0,38,3,35,1.0,-100.0,7.894736842105263,MARGIN CALL ($0)
58,34,0.0,16,1,15,1.0,-100.0,6.25,MARGIN CALL ($0)
58,35,0.0,14,0,14,1.0,-100.0,0.0,MARGIN CALL ($0)
58,36,0.0,13,0,13,1.0,-100.0,0.0,MARGIN CALL ($0)
58,37,0.0,13,0,13,1.0,-100.0,0.0,MARGIN CALL ($0)
58,38,0.0,14,0,14,1.0,-100.0,0.0,MARGIN CALL ($0)
58,39,0.0,17,1,16,1.0,-100.0,5.88235294117647,MARGIN CALL ($0)
58,40,0.0,16,1,15,1.0,-100.0,6.25,MARGIN CALL ($0)
58,41,0.0,15,1,14,1.0,-100.0,6.666666666666667,MARGIN CALL ($0)
58,42,0.0,15,1,14,1.0,-100.0,6.666666666666667,MARGIN CALL ($0)
58,43,0.0,17,1,16,1.0,-100.0,5.88235294117647,MARGIN CALL ($0)
58,44,0.0,18,1,17,1.0,-100.0,5.555555555555555,MARGIN CALL ($0)
58,45,0.0,18,1,17,1.0,-100.0,5.555555555555555,MARGIN CALL ($0)
58,46,0.0,19,1,18,1.0,-100.0,5.263157894736842,MARGIN CALL ($0)
58,47,0.0,16,1,15,1.0,-100.0,6.25,MARGIN CALL ($0)
58,48,0.0,14,1,13,1.0,-100.0,7.142857142857142,MARGIN CALL ($0)
58,49,0.0,12,1,11,1.0,-100.0,8.333333333333332,MARGIN CALL ($0)
58,50,0.0,11,0,11,1.0,-100.0,0.0,MARGIN CALL ($0)
58,51,0.0,19,1,18,1.0,-100.0,5.263157894736842,MARGIN CALL ($0)
58,52,0.0,18,1,17,1.0,-100.0,5.555555555555555,MARGIN CALL ($0)
58,53,0.0,17,1,16,1.0,-100.0,5.88235294117647,MARGIN CALL ($0)
58,54,0.0,18,1,17,1.0,-100.0,5.555555555555555,MARGIN CALL ($0)
58,55,0.0,16,1,15,1.0,-100.0,6.25,MARGIN CALL ($0)
58,56,0.0,16,1,15,1.0,-100.0,6.25,MARGIN CALL ($0)
58,57,0.0,17,1,16,1.0,-100.0,5.88235294117647,MARGIN CALL ($0)
58,58,0.0,15,1,14,1.0,-100.0,6.666666666666667,MARGIN CALL ($0)
58,59,0.0,16,1,15,1.0,-100.0,6.25,MARGIN CALL ($0)
58,60,0.0,17,1,16,1.0,-100.0,5.88235294117647,MARGIN CALL ($0)
58,61,0.0,20,1,19,1.0,-100.0,5.0,MARGIN CALL ($0)
58,62,0.0,20,1,19,1.0,-100.0,5.0,MARGIN CALL ($0)
58,63,0.0,18,1,17,1.0,-100.0,5.555555555555555,MARGIN CALL ($0)
58,64,0.0,19,2,17,1.0,-100.0,10.526315789473683,MARGIN CALL ($0)
58,65,0.0,19,2,17,1.0,-100.0,10.526315789473683,MARGIN CALL ($0)
58,66,0.0,21,2,19,1.0,-100.0,9.523809523809524,MARGIN CALL ($0)
58,67,0.0,21,2,19,1.0,-100.0,9.523809523809524,MARGIN CALL ($0)
58,68,0.0,13,0,13,1.0,-100.0,0.0,MARGIN CALL ($0)
58,69,0.0,12,0,12,1.0,-100.0,0.0,MARGIN CALL ($0)
58,70,0.0,13,0,13,1.0,-100.0,0.0,MARGIN CALL ($0)
58,71,0.0,13,0,13,1.0,-100.0,0.0,MARGIN CALL ($0)
2,87,0.0,12,0,12,1.0,-100.0,0.0,MARGIN CALL ($0)
2,88,0.0,12,0,12,1.0,-100.0,0.0,MARGIN CALL ($0)
2,89,0.0,12,0,12,1.0,-100.0,0.0,MARGIN CALL ($0)
2,90,0.0,12,0,12,1.0,-100.0,0.0,MARGIN CALL ($0)
2,91,0.0,12,0,12,1.0,-100.0,0.0,MARGIN CALL ($0)
2,92,0.0,12,0,12,1.0,-100.0,0.0,MARGIN CALL ($0)
2,93,0.0,12,0,12,1.0,-100.0,0.0,MARGIN CALL ($0)
2,94,0.0,12,0,12,1.0,-100.0,0.0,MARGIN CALL ($0)
2,95,0.0,12,0,12,1.0,-100.0,0.0,MARGIN CALL ($0)
2,96,0.0,10,0,10,1.0,-100.0,0.0,MARGIN CALL ($0)
2,97,0.0,10,0,10,1.0,-100.0,0.0,MARGIN CALL ($0)
2,98,0.0,10,0,10,1.0,-100.0,0.0,MARGIN CALL ($0)
58,84,0.0,21,3,18,1.0,-100.0,14.285714285714285,MARGIN CALL ($0)
58,85,0.0,14,0,14,1.0,-100.0,0.0,MARGIN CALL ($0)
58,86,0.0,14,0,14,1.0,-100.0,0.0,MARGIN CALL ($0)
58,87,0.0,12,0,12,1.0,-100.0,0.0,MARGIN CALL ($0)
58,88,0.0,12,0,12,1.0,-100.0,0.0,MARGIN CALL ($0)
58,89,0.0,11,0,11,1.0,-100.0,0.0,MARGIN CALL ($0)
58,90,0.0,11,0,11,1.0,-100.0,0.0,MARGIN CALL ($0)
58,91,0.0,12,0,12,1.0,-100.0,0.0,MARGIN CALL ($0)
58,92,0.0,12,0,12,1.0,-100.0,0.0,MARGIN CALL ($0)
58,93,0.0,14,0,14,1.0,-100.0,0.0,MARGIN CALL ($0)
58,94,0.0,13,0,13,1.0,-100.0,0.0,MARGIN CALL ($0)
58,95,0.0,13,0,13,1.0,-100.0,0.0,MARGIN CALL ($0)
2,99,0.0,9,0,9,1.0,-100.0,0.0,MARGIN CALL ($0)
2,100,0.0,8,3,5,1.0,-100.0,37.5,MARGIN CALL ($0)
3,1,0.0,87,16,71,1.0,-100.0,18.39080459770115,MARGIN CALL ($0)
3,2,0.0,57,7,50,1.0,-100.0,12.280701754385964,MARGIN CALL ($0)
3,3,0.0,57,7,50,1.0,-100.0,12.280701754385964,MARGIN CALL ($0)
59,1,0.0,48,7,41,1.0,-100.0,14.583333333333334,MARGIN CALL ($0)
59,2,0.0,57,7,50,1.0,-100.0,12.280701754385964,MARGIN CALL ($0)
59,3,0.0,58,7,51,1.0,-100.0,12.068965517241379,MARGIN CALL ($0)
59,4,0.0,80,13,67,1.0,-100.0,16.25,MARGIN CALL ($0)
59,5,0.0,137,28,109,1.0,-100.0,20.437956204379564,MARGIN CALL ($0)
59,6,0.0,46,5,41,1.0,-100.0,10.869565217391305,MARGIN CALL ($0)
59,7,0.0,46,5,41,1.0,-100.0,10.869565217391305,MARGIN CALL ($0)
59,8,0.0,15,0,15,1.0,-100.0,0.0,MARGIN CALL ($0)
59,9,0.0,16,1,15,1.0,-100.0,6.25,MARGIN CALL ($0)
59,10,0.0,14,1,13,1.0,-100.0,7.142857142857142,MARGIN CALL ($0)
59,11,0.0,13,1,12,1.0,-100.0,7.6923076923076925,MARGIN CALL ($0)
59,12,0.0,39,5,34,1.0,-100.0,12.82051282051282,MARGIN CALL ($0)
59,13,0.0,47,8,39,1.0,-100.0,17.02127659574468,MARGIN CALL ($0)
59,14,0.0,30,4,26,1.0,-100.0,13.333333333333334,MARGIN CALL ($0)
59,15,0.0,58,10,48,1.0,-100.0,17.24137931034483,MARGIN CALL ($0)
3,4,0.0,53,6,47,1.0,-100.0,11.320754716981133,MARGIN CALL ($0)
3,5,0.0,52,6,46,1.0,-100.0,11.538461538461538,MARGIN CALL ($0)
59,18,0.0,87,20,67,1.0,-100.0,22.988505747126435,MARGIN CALL ($0)
59,19,0.0,85,21,64,1.0,-100.0,24.705882352941178,MARGIN CALL ($0)
59,20,0.0,77,22,55,1.0,-100.0,28.57142857142857,MARGIN CALL ($0)
59,21,0.0,30,4,26,1.0,-100.0,13.333333333333334,MARGIN CALL ($0)
59,22,0.0,33,5,28,1.0,-100.0,15.151515151515152,MARGIN CALL ($0)
59,23,0.0,15,0,15,1.0,-100.0,0.0,MARGIN CALL ($0)
59,24,0.0,15,0,15,1.0,-100.0,0.0,MARGIN CALL ($0)
59,25,0.0,16,0,16,1.0,-100.0,0.0,MARGIN CALL ($0)
59,26,0.0,16,0,16,1.0,-100.0,0.0,MARGIN CALL ($0)
59,27,0.0,56,4,52,1.0,-100.0,7.142857142857142,MARGIN CALL ($0)
59,28,0.0,42,3,39,1.0,-100.0,7.142857142857142,MARGIN CALL ($0)
59,29,0.0,14,0,14,1.0,-100.0,0.0,MARGIN CALL ($0)
59,30,0.0,13,0,13,1.0,-100.0,0.0,MARGIN CALL ($0)
59,31,0.0,37,3,34,1.0,-100.0,8.108108108108109,MARGIN CALL ($0)
59,32,0.0,37,3,34,1.0,-100.0,8.108108108108109,MARGIN CALL ($0)
59,33,0.0,38,3,35,1.0,-100.0,7.894736842105263,MARGIN CALL ($0)
59,34,0.0,16,1,15,1.0,-100.0,6.25,MARGIN CALL ($0)
59,35,0.0,14,0,14,1.0,-100.0,0.0,MARGIN CALL ($0)
59,36,0.0,13,0,13,1.0,-100.0,0.0,MARGIN CALL ($0)
59,37,0.0,13,0,13,1.0,-100.0,0.0,MARGIN CALL ($0)
59,38,0.0,14,0,14,1.0,-100.0,0.0,MARGIN CALL ($0)
59,39,0.0,17,1,16,1.0,-100.0,5.88235294117647,MARGIN CALL ($0)
59,40,0.0,16,1,15,1.0,-100.0,6.25,MARGIN CALL ($0)
59,41,0.0,13,0,13,1.0,-100.0,0.0,MARGIN CALL ($0)
59,42,0.0,15,1,14,1.0,-100.0,6.666666666666667,MARGIN CALL ($0)
59,43,0.0,17,1,16,1.0,-100.0,5.88235294117647,MARGIN CALL ($0)
59,44,0.0,18,1,17,1.0,-100.0,5.555555555555555,MARGIN CALL ($0)
59,45,0.0,18,1,17,1.0,-100.0,5.555555555555555,MARGIN CALL ($0)
59,46,0.0,19,1,18,1.0,-100.0,5.263157894736842,MARGIN CALL ($0)
59,47,0.0,16,1,15,1.0,-100.0,6.25,MARGIN CALL ($0)
59,48,0.0,14,1,13,1.0,-100.0,7.142857142857142,MARGIN CALL ($0)
59,49,0.0,12,1,11,1.0,-100.0,8.333333333333332,MARGIN CALL ($0)
59,50,0.0,11,0,11,1.0,-100.0,0.0,MARGIN CALL ($0)
59,51,0.0,19,1,18,1.0,-100.0,5.263157894736842,MARGIN CALL ($0)
59,52,0.0,18,1,17,1.0,-100.0,5.555555555555555,MARGIN CALL ($0)
59,53,0.0,17,1,16,1.0,-100.0,5.88235294117647,MARGIN CALL ($0)
59,54,0.0,18,1,17,1.0,-100.0,5.555555555555555,MARGIN CALL ($0)
59,55,0.0,16,1,15,1.0,-100.0,6.25,MARGIN CALL ($0)
59,56,0.0,16,1,15,1.0,-100.0,6.25,MARGIN CALL ($0)
59,57,0.0,17,1,16,1.0,-100.0,5.88235294117647,MARGIN CALL ($0)
59,58,0.0,15,1,14,1.0,-100.0,6.666666666666667,MARGIN CALL ($0)
59,59,0.0,16,1,15,1.0,-100.0,6.25,MARGIN CALL ($0)
59,60,0.0,18,1,17,1.0,-100.0,5.555555555555555,MARGIN CALL ($0)
59,61,0.0,21,1,20,1.0,-100.0,4.761904761904762,MARGIN CALL ($0)
59,62,0.0,21,1,20,1.0,-100.0,4.761904761904762,MARGIN CALL ($0)
59,63,0.0,19,1,18,1.0,-100.0,5.263157894736842,MARGIN CALL ($0)
59,64,0.0,20,2,18,1.0,-100.0,10.0,MARGIN CALL ($0)
59,65,0.0,20,2,18,1.0,-100.0,10.0,MARGIN CALL ($0)
59,66,0.0,12,0,12,1.0,-100.0,0.0,MARGIN CALL ($0)
59,67,0.0,12,0,12,1.0,-100.0,0.0,MARGIN CALL ($0)
59,68,0.0,13,0,13,1.0,-100.0,0.0,MARGIN CALL ($0)
59,69,0.0,11,0,11,1.0,-100.0,0.0,MARGIN CALL ($0)
59,70,0.0,12,0,12,1.0,-100.0,0.0,MARGIN CALL ($0)
59,71,0.0,12,0,12,1.0,-100.0,0.0,MARGIN CALL ($0)
59,72,0.0,12,0,12,1.0,-100.0,0.0,MARGIN CALL ($0)
59,73,0.0,12,0,12,1.0,-100.0,0.0,MARGIN CALL ($0)
3,6,0.0,61,9,52,1.0,-100.0,14.754098360655737,MARGIN CALL ($0)
3,7,0.0,62,10,52,1.0,-100.0,16.129032258064516,MARGIN CALL ($0)
3,8,0.0,62,11,51,1.0,-100.0,17.741935483870968,MARGIN CALL ($0)
3,9,0.0,18,0,18,1.0,-100.0,0.0,MARGIN CALL ($0)
3,10,0.0,64,12,52,1.0,-100.0,18.75,MARGIN CALL ($0)
3,11,0.0,64,12,52,1.0,-100.0,18.75,MARGIN CALL ($0)
3,12,0.0,79,17,62,1.0,-100.0,21.518987341772153,MARGIN CALL ($0)
3,13,0.0,81,17,64,1.0,-100.0,20.98765432098765,MARGIN CALL ($0)
3,14,0.0,66,13,53,1.0,-100.0,19.696969696969695,MARGIN CALL ($0)
3,15,0.0,68,13,55,1.0,-100.0,19.11764705882353,MARGIN CALL ($0)
59,84,0.0,17,2,15,1.0,-100.0,11.76470588235294,MARGIN CALL ($0)
59,85,0.0,12,0,12,1.0,-100.0,0.0,MARGIN CALL ($0)
59,86,0.0,12,0,12,1.0,-100.0,0.0,MARGIN CALL ($0)
59,87,0.0,11,0,11,1.0,-100.0,0.0,MARGIN CALL ($0)
59,88,0.0,11,0,11,1.0,-100.0,0.0,MARGIN CALL ($0)
59,89,0.0,11,0,11,1.0,-100.0,0.0,MARGIN CALL ($0)
59,90,0.0,11,0,11,1.0,-100.0,0.0,MARGIN CALL ($0)
59,91,0.0,12,0,12,1.0,-100.0,0.0,MARGIN CALL ($0)
59,92,0.0,12,0,12,1.0,-100.0,0.0,MARGIN CALL ($0)
59,93,0.0,10,0,10,1.0,-100.0,0.0,MARGIN CALL ($0)
59,94,0.0,11,0,11,1.0,-100.0,0.0,MARGIN CALL ($0)
59,95,0.0,13,0,13,1.0,-100.0,0.0,MARGIN CALL ($0)
3,16,0.0,68,12,56,1.0,-100.0,17.647058823529413,MARGIN CALL ($0)
3,17,0.0,68,12,56,1.0,-100.0,17.647058823529413,MARGIN CALL ($0)
3,18,0.0,17,0,17,1.0,-100.0,0.0,MARGIN CALL ($0)
3,19,0.0,17,0,17,1.0,-100.0,0.0,MARGIN CALL ($0)
3,20,0.0,17,0,17,1.0,-100.0,0.0,MARGIN CALL ($0)
60,1,0.0,48,7,41,1.0,-100.0,14.583333333333334,MARGIN CALL ($0)
60,2,0.0,57,7,50,1.0,-100.0,12.280701754385964,MARGIN CALL ($0)
60,3,0.0,58,7,51,1.0,-100.0,12.068965517241379,MARGIN CALL ($0)
60,4,0.0,80,13,67,1.0,-100.0,16.25,MARGIN CALL ($0)
60,5,0.0,137,28,109,1.0,-100.0,20.437956204379564,MARGIN CALL ($0)
60,6,0.0,46,5,41,1.0,-100.0,10.869565217391305,MARGIN CALL ($0)
60,7,0.0,46,5,41,1.0,-100.0,10.869565217391305,MARGIN CALL ($0)
60,8,0.0,15,0,15,1.0,-100.0,0.0,MARGIN CALL ($0)
60,9,0.0,16,1,15,1.0,-100.0,6.25,MARGIN CALL ($0)
60,10,0.0,14,1,13,1.0,-100.0,7.142857142857142,MARGIN CALL ($0)
60,11,0.0,13,1,12,1.0,-100.0,7.6923076923076925,MARGIN CALL ($0)
60,12,0.0,39,5,34,1.0,-100.0,12.82051282051282,MARGIN CALL ($0)
60,13,0.0,47,8,39,1.0,-100.0,17.02127659574468,MARGIN CALL ($0)
60,14,0.0,30,5,25,1.0,-100.0,16.666666666666664,MARGIN CALL ($0)
60,15,0.0,59,11,48,1.0,-100.0,18.64406779661017,MARGIN CALL ($0)
3,21,0.0,17,0,17,1.0,-100.0,0.0,MARGIN CALL ($0)
3,22,0.0,17,0,17,1.0,-100.0,0.0,MARGIN CALL ($0)
60,18,0.0,90,20,70,1.0,-100.0,22.22222222222222,MARGIN CALL ($0)
3,23,0.0,17,0,17,1.0,-100.0,0.0,MARGIN CALL ($0)
3,24,0.0,18,0,18,1.0,-100.0,0.0,MARGIN CALL ($0)
60,21,0.0,30,4,26,1.0,-100.0,13.333333333333334,MARGIN CALL ($0)
60,22,0.0,32,4,28,1.0,-100.0,12.5,MARGIN CALL ($0)
60,23,0.0,15,0,15,1.0,-100.0,0.0,MARGIN CALL ($0)
60,24,0.0,15,0,15,1.0,-100.0,0.0,MARGIN CALL ($0)
60,25,0.0,16,0,16,1.0,-100.0,0.0,MARGIN CALL ($0)
60,26,0.0,16,0,16,1.0,-100.0,0.0,MARGIN CALL ($0)
60,27,0.0,54,4,50,1.0,-100.0,7.4074074074074066,MARGIN CALL ($0)
60,28,0.0,42,3,39,1.0,-100.0,7.142857142857142,MARGIN CALL ($0)
60,29,0.0,14,0,14,1.0,-100.0,0.0,MARGIN CALL ($0)
60,30,0.0,13,0,13,1.0,-100.0,0.0,MARGIN CALL ($0)
60,31,0.0,37,3,34,1.0,-100.0,8.108108108108109,MARGIN CALL ($0)
60,32,0.0,37,3,34,1.0,-100.0,8.108108108108109,MARGIN CALL ($0)
60,33,0.0,38,3,35,1.0,-100.0,7.894736842105263,MARGIN CALL ($0)
60,34,0.0,16,1,15,1.0,-100.0,6.25,MARGIN CALL ($0)
60,35,0.0,14,0,14,1.0,-100.0,0.0,MARGIN CALL ($0)
60,36,0.0,13,0,13,1.0,-100.0,0.0,MARGIN CALL ($0)
60,37,0.0,13,0,13,1.0,-100.0,0.0,MARGIN CALL ($0)
60,38,0.0,14,0,14,1.0,-100.0,0.0,MARGIN CALL ($0)
60,39,0.0,17,1,16,1.0,-100.0,5.88235294117647,MARGIN CALL ($0)
60,40,0.0,16,1,15,1.0,-100.0,6.25,MARGIN CALL ($0)
60,41,0.0,13,0,13,1.0,-100.0,0.0,MARGIN CALL ($0)
60,42,0.0,15,1,14,1.0,-100.0,6.666666666666667,MARGIN CALL ($0)
60,43,0.0,17,1,16,1.0,-100.0,5.88235294117647,MARGIN CALL ($0)
60,44,0.0,18,1,17,1.0,-100.0,5.555555555555555,MARGIN CALL ($0)
60,45,0.0,18,1,17,1.0,-100.0,5.555555555555555,MARGIN CALL ($0)
60,46,0.0,19,1,18,1.0,-100.0,5.263157894736842,MARGIN CALL ($0)
60,47,0.0,16,1,15,1.0,-100.0,6.25,MARGIN CALL ($0)
60,48,0.0,14,1,13,1.0,-100.0,7.142857142857142,MARGIN CALL ($0)
60,49,0.0,12,1,11,1.0,-100.0,8.333333333333332,MARGIN CALL ($0)
60,50,0.0,11,0,11,1.0,-100.0,0.0,MARGIN CALL ($0)
60,51,0.0,18,1,17,1.0,-100.0,5.555555555555555,MARGIN CALL ($0)
60,52,0.0,19,1,18,1.0,-100.0,5.263157894736842,MARGIN CALL ($0)
60,53,0.0,18,1,17,1.0,-100.0,5.555555555555555,MARGIN CALL ($0)
60,54,0.0,18,1,17,1.0,-100.0,5.555555555555555,MARGIN CALL ($0)
60,55,0.0,17,1,16,1.0,-100.0,5.88235294117647,MARGIN CALL ($0)
60,56,0.0,17,1,16,1.0,-100.0,5.88235294117647,MARGIN CALL ($0)
60,57,0.0,17,1,16,1.0,-100.0,5.88235294117647,MARGIN CALL ($0)
60,58,0.0,16,1,15,1.0,-100.0,6.25,MARGIN CALL ($0)
60,59,0.0,17,1,16,1.0,-100.0,5.88235294117647,MARGIN CALL ($0)
60,60,0.0,18,1,17,1.0,-100.0,5.555555555555555,MARGIN CALL ($0)
60,61,0.0,21,1,20,1.0,-100.0,4.761904761904762,MARGIN CALL ($0)
60,62,0.0,21,1,20,1.0,-100.0,4.761904761904762,MARGIN CALL ($0)
60,63,0.0,19,1,18,1.0,-100.0,5.263157894736842,MARGIN CALL ($0)
60,64,0.0,20,2,18,1.0,-100.0,10.0,MARGIN CALL ($0)
60,65,0.0,21,2,19,1.0,-100.0,9.523809523809524,MARGIN CALL ($0)
60,66,0.0,12,0,12,1.0,-100.0,0.0,MARGIN CALL ($0)
60,67,0.0,12,0,12,1.0,-100.0,0.0,MARGIN CALL ($0)
60,68,0.0,13,0,13,1.0,-100.0,0.0,MARGIN CALL ($0)
60,69,0.0,11,0,11,1.0,-100.0,0.0,MARGIN CALL ($0)
60,70,0.0,12,0,12,1.0,-100.0,0.0,MARGIN CALL ($0)
60,71,0.0,12,0,12,1.0,-100.0,0.0,MARGIN CALL ($0)
60,72,0.0,12,0,12,1.0,-100.0,0.0,MARGIN CALL ($0)
60,73,0.0,12,0,12,1.0,-100.0,0.0,MARGIN CALL ($0)
3,25,0.0,17,0,17,1.0,-100.0,0.0,MARGIN CALL ($0)
60,75,0.0,237,31,206,1.0,-100.0,13.080168776371309,MARGIN CALL ($0)
3,26,0.0,17,0,17,1.0,-100.0,0.0,MARGIN CALL ($0)
3,27,0.0,17,0,17,1.0,-100.0,0.0,MARGIN CALL ($0)
3,28,0.0,17,0,17,1.0,-100.0,0.0,MARGIN CALL ($0)
3,29,0.0,17,0,17,1.0,-100.0,0.0,MARGIN CALL ($0)
3,30,0.0,17,0,17,1.0,-100.0,0.0,MARGIN CALL ($0)
3,31,0.0,17,0,17,1.0,-100.0,0.0,MARGIN CALL ($0)
3,32,0.0,17,0,17,1.0,-100.0,0.0,MARGIN CALL ($0)
3,33,0.0,16,0,16,1.0,-100.0,0.0,MARGIN CALL ($0)
60,84,0.0,17,2,15,1.0,-100.0,11.76470588235294,MARGIN CALL ($0)
60,85,0.0,12,0,12,1.0,-100.0,0.0,MARGIN CALL ($0)
60,86,0.0,12,0,12,1.0,-100.0,0.0,MARGIN CALL ($0)
60,87,0.0,11,0,11,1.0,-100.0,0.0,MARGIN CALL ($0)
60,88,0.0,11,0,11,1.0,-100.0,0.0,MARGIN CALL ($0)
60,89,0.0,11,0,11,1.0,-100.0,0.0,MARGIN CALL ($0)
60,90,0.0,11,0,11,1.0,-100.0,0.0,MARGIN CALL ($0)
60,91,0.0,12,0,12,1.0,-100.0,0.0,MARGIN CALL ($0)
60,92,0.0,12,0,12,1.0,-100.0,0.0,MARGIN CALL ($0)
60,93,0.0,10,0,10,1.0,-100.0,0.0,MARGIN CALL ($0)
60,94,0.0,11,0,11,1.0,-100.0,0.0,MARGIN CALL ($0)
60,95,0.0,13,0,13,1.0,-100.0,0.0,MARGIN CALL ($0)
60,96,0.0,124,15,109,1.0,-100.0,12.096774193548388,MARGIN CALL ($0)
60,97,0.0,124,15,109,1.0,-100.0,12.096774193548388,MARGIN CALL ($0)
60,98,0.0,129,18,111,1.0,-100.0,13.953488372093023,MARGIN CALL ($0)
3,34,0.0,18,0,18,1.0,-100.0,0.0,MARGIN CALL ($0)
3,35,0.0,15,0,15,1.0,-100.0,0.0,MARGIN CALL ($0)
61,1,0.0,49,7,42,1.0,-100.0,14.285714285714285,MARGIN CALL ($0)
61,2,0.0,57,7,50,1.0,-100.0,12.280701754385964,MARGIN CALL ($0)
61,3,0.0,58,7,51,1.0,-100.0,12.068965517241379,MARGIN CALL ($0)
61,4,0.0,80,13,67,1.0,-100.0,16.25,MARGIN CALL ($0)
61,5,0.0,67,10,57,1.0,-100.0,14.925373134328357,MARGIN CALL ($0)
61,6,0.0,771,171,600,1.0,-100.0,22.17898832684825,MARGIN CALL ($0)
61,7,0.0,52,6,46,1.0,-100.0,11.538461538461538,MARGIN CALL ($0)
61,8,0.0,15,0,15,1.0,-100.0,0.0,MARGIN CALL ($0)
61,9,0.0,16,1,15,1.0,-100.0,6.25,MARGIN CALL ($0)
61,10,0.0,14,1,13,1.0,-100.0,7.142857142857142,MARGIN CALL ($0)
61,11,0.0,13,1,12,1.0,-100.0,7.6923076923076925,MARGIN CALL ($0)
61,12,0.0,44,8,36,1.0,-100.0,18.181818181818183,MARGIN CALL ($0)
61,13,0.0,49,9,40,1.0,-100.0,18.367346938775512,MARGIN CALL ($0)
61,14,0.0,39,8,31,1.0,-100.0,20.51282051282051,MARGIN CALL ($0)
61,15,0.0,60,11,49,1.0,-100.0,18.333333333333332,MARGIN CALL ($0)
3,36,0.0,15,0,15,1.0,-100.0,0.0,MARGIN CALL ($0)
3,37,0.0,15,0,15,1.0,-100.0,0.0,MARGIN CALL ($0)
3,38,0.0,15,0,15,1.0,-100.0,0.0,MARGIN CALL ($0)
3,39,0.0,15,0,15,1.0,-100.0,0.0,MARGIN CALL ($0)
61,20,0.0,24,2,22,1.0,-100.0,8.333333333333332,MARGIN CALL ($0)
61,21,0.0,20,1,19,1.0,-100.0,5.0,MARGIN CALL ($0)
61,22,0.0,35,6,29,1.0,-100.0,17.142857142857142,MARGIN CALL ($0)
61,23,0.0,30,5,25,1.0,-100.0,16.666666666666664,MARGIN CALL ($0)
61,24,0.0,40,7,33,1.0,-100.0,17.5,MARGIN CALL ($0)
3,40,0.0,15,0,15,1.0,-100.0,0.0,MARGIN CALL ($0)
61,26,0.0,54,7,47,1.0,-100.0,12.962962962962962,MARGIN CALL ($0)
61,27,0.0,56,5,51,1.0,-100.0,8.928571428571429,MARGIN CALL ($0)
61,28,0.0,43,4,39,1.0,-100.0,9.30232558139535,MARGIN CALL ($0)
61,29,0.0,15,1,14,1.0,-100.0,6.666666666666667,MARGIN CALL ($0)
61,30,0.0,14,1,13,1.0,-100.0,7.142857142857142,MARGIN CALL ($0)
61,31,0.0,38,4,34,1.0,-100.0,10.526315789473683,MARGIN CALL ($0)
61,32,0.0,39,4,35,1.0,-100.0,10.256410256410255,MARGIN CALL ($0)
61,33,0.0,39,4,35,1.0,-100.0,10.256410256410255,MARGIN CALL ($0)
61,34,0.0,19,2,17,1.0,-100.0,10.526315789473683,MARGIN CALL ($0)
61,35,0.0,19,2,17,1.0,-100.0,10.526315789473683,MARGIN CALL ($0)
61,36,0.0,19,2,17,1.0,-100.0,10.526315789473683,MARGIN CALL ($0)
61,37,0.0,19,2,17,1.0,-100.0,10.526315789473683,MARGIN CALL ($0)
61,38,0.0,20,2,18,1.0,-100.0,10.0,MARGIN CALL ($0)
61,39,0.0,27,3,24,1.0,-100.0,11.11111111111111,MARGIN CALL ($0)
61,40,0.0,26,3,23,1.0,-100.0,11.538461538461538,MARGIN CALL ($0)
61,41,0.0,22,2,20,1.0,-100.0,9.090909090909092,MARGIN CALL ($0)
61,42,0.0,28,4,24,1.0,-100.0,14.285714285714285,MARGIN CALL ($0)
61,43,0.0,24,3,21,1.0,-100.0,12.5,MARGIN CALL ($0)
61,44,0.0,25,3,22,1.0,-100.0,12.0,MARGIN CALL ($0)
61,45,0.0,31,5,26,1.0,-100.0,16.129032258064516,MARGIN CALL ($0)
61,46,0.0,27,3,24,1.0,-100.0,11.11111111111111,MARGIN CALL ($0)
61,47,0.0,23,3,20,1.0,-100.0,13.043478260869565,MARGIN CALL ($0)
61,48,0.0,22,3,19,1.0,-100.0,13.636363636363635,MARGIN CALL ($0)
61,49,0.0,27,4,23,1.0,-100.0,14.814814814814813,MARGIN CALL ($0)
61,50,0.0,26,3,23,1.0,-100.0,11.538461538461538,MARGIN CALL ($0)
61,51,0.0,25,3,22,1.0,-100.0,12.0,MARGIN CALL ($0)
61,52,0.0,26,3,23,1.0,-100.0,11.538461538461538,MARGIN CALL ($0)
61,53,0.0,24,3,21,1.0,-100.0,12.5,MARGIN CALL ($0)
61,54,0.0,15,0,15,1.0,-100.0,0.0,MARGIN CALL ($0)
61,55,0.0,13,0,13,1.0,-100.0,0.0,MARGIN CALL ($0)
61,56,0.0,13,0,13,1.0,-100.0,0.0,MARGIN CALL ($0)
61,57,0.0,19,1,18,1.0,-100.0,5.263157894736842,MARGIN CALL ($0)
61,58,0.0,17,1,16,1.0,-100.0,5.88235294117647,MARGIN CALL ($0)
61,59,0.0,19,1,18,1.0,-100.0,5.263157894736842,MARGIN CALL ($0)
61,60,0.0,20,1,19,1.0,-100.0,5.0,MARGIN CALL ($0)
61,61,0.0,12,0,12,1.0,-100.0,0.0,MARGIN CALL ($0)
61,62,0.0,12,0,12,1.0,-100.0,0.0,MARGIN CALL ($0)
61,63,0.0,11,0,11,1.0,-100.0,0.0,MARGIN CALL ($0)
61,64,0.0,11,0,11,1.0,-100.0,0.0,MARGIN CALL ($0)
61,65,0.0,11,0,11,1.0,-100.0,0.0,MARGIN CALL ($0)
61,66,0.0,12,0,12,1.0,-100.0,0.0,MARGIN CALL ($0)
61,67,0.0,12,0,12,1.0,-100.0,0.0,MARGIN CALL ($0)
61,68,0.0,13,0,13,1.0,-100.0,0.0,MARGIN CALL ($0)
61,69,0.0,11,0,11,1.0,-100.0,0.0,MARGIN CALL ($0)
61,70,0.0,12,0,12,1.0,-100.0,0.0,MARGIN CALL ($0)
61,71,0.0,12,0,12,1.0,-100.0,0.0,MARGIN CALL ($0)
61,72,0.0,12,0,12,1.0,-100.0,0.0,MARGIN CALL ($0)
61,73,0.0,12,0,12,1.0,-100.0,0.0,MARGIN CALL ($0)
3,41,0.0,16,0,16,1.0,-100.0,0.0,MARGIN CALL ($0)
3,42,0.0,16,0,16,1.0,-100.0,0.0,MARGIN CALL ($0)
3,43,0.0,15,0,15,1.0,-100.0,0.0,MARGIN CALL ($0)
3,44,0.0,15,0,15,1.0,-100.0,0.0,MARGIN CALL ($0)
3,45,0.0,15,0,15,1.0,-100.0,0.0,MARGIN CALL ($0)
3,46,0.0,14,0,14,1.0,-100.0,0.0,MARGIN CALL ($0)
3,47,0.0,14,0,14,1.0,-100.0,0.0,MARGIN CALL ($0)
3,48,0.0,14,0,14,1.0,-100.0,0.0,MARGIN CALL ($0)
3,49,0.0,14,0,14,1.0,-100.0,0.0,MARGIN CALL ($0)
3,50,0.0,14,0,14,1.0,-100.0,0.0,MARGIN CALL ($0)
61,84,0.0,17,2,15,1.0,-100.0,11.76470588235294,MARGIN CALL ($0)
61,85,0.0,12,0,12,1.0,-100.0,0.0,MARGIN CALL ($0)
61,86,0.0,12,0,12,1.0,-100.0,0.0,MARGIN CALL ($0)
61,87,0.0,11,0,11,1.0,-100.0,0.0,MARGIN CALL ($0)
61,88,0.0,11,0,11,1.0,-100.0,0.0,MARGIN CALL ($0)
61,89,0.0,11,0,11,1.0,-100.0,0.0,MARGIN CALL ($0)
61,90,0.0,11,0,11,1.0,-100.0,0.0,MARGIN CALL ($0)
61,91,0.0,12,0,12,1.0,-100.0,0.0,MARGIN CALL ($0)
61,92,0.0,12,0,12,1.0,-100.0,0.0,MARGIN CALL ($0)
61,93,0.0,10,0,10,1.0,-100.0,0.0,MARGIN CALL ($0)
61,94,0.0,11,0,11,1.0,-100.0,0.0,MARGIN CALL ($0)
61,95,0.0,13,0,13,1.0,-100.0,0.0,MARGIN CALL ($0)
61,96,0.0,127,18,109,1.0,-100.0,14.173228346456693,MARGIN CALL ($0)
3,51,0.0,14,0,14,1.0,-100.0,0.0,MARGIN CALL ($0)
61,98,0.0,130,18,112,1.0,-100.0,13.846153846153847,MARGIN CALL ($0)
3,52,0.0,14,0,14,1.0,-100.0,0.0,MARGIN CALL ($0)
3,53,0.0,14,0,14,1.0,-100.0,0.0,MARGIN CALL ($0)
62,1,0.0,49,7,42,1.0,-100.0,14.285714285714285,MARGIN CALL ($0)
62,2,0.0,57,7,50,1.0,-100.0,12.280701754385964,MARGIN CALL ($0)
62,3,0.0,58,7,51,1.0,-100.0,12.068965517241379,MARGIN CALL ($0)
62,4,0.0,80,13,67,1.0,-100.0,16.25,MARGIN CALL ($0)
62,5,0.0,67,10,57,1.0,-100.0,14.925373134328357,MARGIN CALL ($0)
62,6,0.0,770,170,600,1.0,-100.0,22.07792207792208,MARGIN CALL ($0)
62,7,0.0,52,6,46,1.0,-100.0,11.538461538461538,MARGIN CALL ($0)
62,8,0.0,15,0,15,1.0,-100.0,0.0,MARGIN CALL ($0)
62,9,0.0,16,1,15,1.0,-100.0,6.25,MARGIN CALL ($0)
62,10,0.0,14,1,13,1.0,-100.0,7.142857142857142,MARGIN CALL ($0)
62,11,0.0,13,1,12,1.0,-100.0,7.6923076923076925,MARGIN CALL ($0)
62,12,0.0,44,8,36,1.0,-100.0,18.181818181818183,MARGIN CALL ($0)
62,13,0.0,49,9,40,1.0,-100.0,18.367346938775512,MARGIN CALL ($0)
62,14,0.0,39,8,31,1.0,-100.0,20.51282051282051,MARGIN CALL ($0)
62,15,0.0,59,11,48,1.0,-100.0,18.64406779661017,MARGIN CALL ($0)
3,54,0.0,14,0,14,1.0,-100.0,0.0,MARGIN CALL ($0)
3,55,0.0,14,0,14,1.0,-100.0,0.0,MARGIN CALL ($0)
3,56,0.0,14,0,14,1.0,-100.0,0.0,MARGIN CALL ($0)
3,57,0.0,13,0,13,1.0,-100.0,0.0,MARGIN CALL ($0)
62,20,0.0,24,2,22,1.0,-100.0,8.333333333333332,MARGIN CALL ($0)
62,21,0.0,20,1,19,1.0,-100.0,5.0,MARGIN CALL ($0)
62,22,0.0,35,6,29,1.0,-100.0,17.142857142857142,MARGIN CALL ($0)
62,23,0.0,30,5,25,1.0,-100.0,16.666666666666664,MARGIN CALL ($0)
62,24,0.0,40,7,33,1.0,-100.0,17.5,MARGIN CALL ($0)
3,58,0.0,13,0,13,1.0,-100.0,0.0,MARGIN CALL ($0)
62,26,0.0,19,1,18,1.0,-100.0,5.263157894736842,MARGIN CALL ($0)
62,27,0.0,55,5,50,1.0,-100.0,9.090909090909092,MARGIN CALL ($0)
62,28,0.0,42,4,38,1.0,-100.0,9.523809523809524,MARGIN CALL ($0)
62,29,0.0,14,1,13,1.0,-100.0,7.142857142857142,MARGIN CALL ($0)
62,30,0.0,14,1,13,1.0,-100.0,7.142857142857142,MARGIN CALL ($0)
62,31,0.0,38,4,34,1.0,-100.0,10.526315789473683,MARGIN CALL ($0)
62,32,0.0,38,4,34,1.0,-100.0,10.526315789473683,MARGIN CALL ($0)
62,33,0.0,39,4,35,1.0,-100.0,10.256410256410255,MARGIN CALL ($0)
62,34,0.0,19,2,17,1.0,-100.0,10.526315789473683,MARGIN CALL ($0)
62,35,0.0,19,2,17,1.0,-100.0,10.526315789473683,MARGIN CALL ($0)
62,36,0.0,19,2,17,1.0,-100.0,10.526315789473683,MARGIN CALL ($0)
62,37,0.0,19,2,17,1.0,-100.0,10.526315789473683,MARGIN CALL ($0)
62,38,0.0,20,2,18,1.0,-100.0,10.0,MARGIN CALL ($0)
62,39,0.0,26,3,23,1.0,-100.0,11.538461538461538,MARGIN CALL ($0)
62,40,0.0,25,3,22,1.0,-100.0,12.0,MARGIN CALL ($0)
62,41,0.0,21,2,19,1.0,-100.0,9.523809523809524,MARGIN CALL ($0)
62,42,0.0,30,4,26,1.0,-100.0,13.333333333333334,MARGIN CALL ($0)
62,43,0.0,24,3,21,1.0,-100.0,12.5,MARGIN CALL ($0)
62,44,0.0,24,3,21,1.0,-100.0,12.5,MARGIN CALL ($0)
62,45,0.0,30,5,25,1.0,-100.0,16.666666666666664,MARGIN CALL ($0)
62,46,0.0,26,3,23,1.0,-100.0,11.538461538461538,MARGIN CALL ($0)
62,47,0.0,22,3,19,1.0,-100.0,13.636363636363635,MARGIN CALL ($0)
62,48,0.0,21,3,18,1.0,-100.0,14.285714285714285,MARGIN CALL ($0)
62,49,0.0,26,4,22,1.0,-100.0,15.384615384615385,MARGIN CALL ($0)
62,50,0.0,25,3,22,1.0,-100.0,12.0,MARGIN CALL ($0)
62,51,0.0,24,3,21,1.0,-100.0,12.5,MARGIN CALL ($0)
62,52,0.0,25,3,22,1.0,-100.0,12.0,MARGIN CALL ($0)
62,53,0.0,23,3,20,1.0,-100.0,13.043478260869565,MARGIN CALL ($0)
62,54,0.0,15,0,15,1.0,-100.0,0.0,MARGIN CALL ($0)
62,55,0.0,13,0,13,1.0,-100.0,0.0,MARGIN CALL ($0)
62,56,0.0,13,0,13,1.0,-100.0,0.0,MARGIN CALL ($0)
62,57,0.0,19,1,18,1.0,-100.0,5.263157894736842,MARGIN CALL ($0)
62,58,0.0,17,1,16,1.0,-100.0,5.88235294117647,MARGIN CALL ($0)
62,59,0.0,19,1,18,1.0,-100.0,5.263157894736842,MARGIN CALL ($0)
62,60,0.0,20,1,19,1.0,-100.0,5.0,MARGIN CALL ($0)
62,61,0.0,12,0,12,1.0,-100.0,0.0,MARGIN CALL ($0)
62,62,0.0,12,0,12,1.0,-100.0,0.0,MARGIN CALL ($0)
62,63,0.0,11,0,11,1.0,-100.0,0.0,MARGIN CALL ($0)
62,64,0.0,10,0,10,1.0,-100.0,0.0,MARGIN CALL ($0)
62,65,0.0,11,0,11,1.0,-100.0,0.0,MARGIN CALL ($0)
62,66,0.0,12,0,12,1.0,-100.0,0.0,MARGIN CALL ($0)
62,67,0.0,12,0,12,1.0,-100.0,0.0,MARGIN CALL ($0)
62,68,0.0,12,0,12,1.0,-100.0,0.0,MARGIN CALL ($0)
62,69,0.0,11,0,11,1.0,-100.0,0.0,MARGIN CALL ($0)
62,70,0.0,11,0,11,1.0,-100.0,0.0,MARGIN CALL ($0)
62,71,0.0,12,0,12,1.0,-100.0,0.0,MARGIN CALL ($0)
3,59,0.0,12,0,12,1.0,-100.0,0.0,MARGIN CALL ($0)
3,60,0.0,12,0,12,1.0,-100.0,0.0,MARGIN CALL ($0)
3,61,0.0,12,0,12,1.0,-100.0,0.0,MARGIN CALL ($0)
3,62,0.0,12,0,12,1.0,-100.0,0.0,MARGIN CALL ($0)
3,63,0.0,12,0,12,1.0,-100.0,0.0,MARGIN CALL ($0)
3,64,0.0,11,0,11,1.0,-100.0,0.0,MARGIN CALL ($0)
3,65,0.0,11,0,11,1.0,-100.0,0.0,MARGIN CALL ($0)
3,66,0.0,11,0,11,1.0,-100.0,0.0,MARGIN CALL ($0)
3,67,0.0,11,0,11,1.0,-100.0,0.0,MARGIN CALL ($0)
3,68,0.0,11,0,11,1.0,-100.0,0.0,MARGIN CALL ($0)
3,69,0.0,13,0,13,1.0,-100.0,0.0,MARGIN CALL ($0)
3,70,0.0,13,0,13,1.0,-100.0,0.0,MARGIN CALL ($0)
62,84,0.0,17,2,15,1.0,-100.0,11.76470588235294,MARGIN CALL ($0)
62,85,0.0,11,0,11,1.0,-100.0,0.0,MARGIN CALL ($0)
62,86,0.0,11,0,11,1.0,-100.0,0.0,MARGIN CALL ($0)
62,87,0.0,10,0,10,1.0,-100.0,0.0,MARGIN CALL ($0)
62,88,0.0,10,0,10,1.0,-100.0,0.0,MARGIN CALL ($0)
62,89,0.0,10,0,10,1.0,-100.0,0.0,MARGIN CALL ($0)
62,90,0.0,10,0,10,1.0,-100.0,0.0,MARGIN CALL ($0)
62,91,0.0,11,0,11,1.0,-100.0,0.0,MARGIN CALL ($0)
62,92,0.0,11,0,11,1.0,-100.0,0.0,MARGIN CALL ($0)
62,93,0.0,10,0,10,1.0,-100.0,0.0,MARGIN CALL ($0)
62,94,0.0,10,0,10,1.0,-100.0,0.0,MARGIN CALL ($0)
62,95,0.0,12,0,12,1.0,-100.0,0.0,MARGIN CALL ($0)
62,96,0.0,227,33,194,1.0,-100.0,14.537444933920703,MARGIN CALL ($0)
62,97,0.0,257,39,218,1.0,-100.0,15.17509727626459,MARGIN CALL ($0)
62,98,0.0,128,18,110,1.0,-100.0,14.0625,MARGIN CALL ($0)
62,99,0.0,256,42,214,1.0,-100.0,16.40625,MARGIN CALL ($0)
62,100,0.0,243,42,201,1.0,-100.0,17.28395061728395,MARGIN CALL ($0)
63,1,0.0,49,7,42,1.0,-100.0,14.285714285714285,MARGIN CALL ($0)
63,2,0.0,57,7,50,1.0,-100.0,12.280701754385964,MARGIN CALL ($0)
63,3,0.0,58,7,51,1.0,-100.0,12.068965517241379,MARGIN CALL ($0)
63,4,0.0,80,13,67,1.0,-100.0,16.25,MARGIN CALL ($0)
63,5,0.0,67,10,57,1.0,-100.0,14.925373134328357,MARGIN CALL ($0)
63,6,0.0,770,170,600,1.0,-100.0,22.07792207792208,MARGIN CALL ($0)
63,7,0.0,53,6,47,1.0,-100.0,11.320754716981133,MARGIN CALL ($0)
63,8,0.0,15,0,15,1.0,-100.0,0.0,MARGIN CALL ($0)
63,9,0.0,16,1,15,1.0,-100.0,6.25,MARGIN CALL ($0)
63,10,0.0,14,1,13,1.0,-100.0,7.142857142857142,MARGIN CALL ($0)
63,11,0.0,13,1,12,1.0,-100.0,7.6923076923076925,MARGIN CALL ($0)
63,12,0.0,45,8,37,1.0,-100.0,17.77777777777778,MARGIN CALL ($0)
63,13,0.0,51,9,42,1.0,-100.0,17.647058823529413,MARGIN CALL ($0)
63,14,0.0,39,8,31,1.0,-100.0,20.51282051282051,MARGIN CALL ($0)
3,71,0.0,12,0,12,1.0,-100.0,0.0,MARGIN CALL ($0)
3,72,0.0,12,0,12,1.0,-100.0,0.0,MARGIN CALL ($0)
3,73,0.0,12,0,12,1.0,-100.0,0.0,MARGIN CALL ($0)
3,74,0.0,12,0,12,1.0,-100.0,0.0,MARGIN CALL ($0)
3,75,0.0,12,0,12,1.0,-100.0,0.0,MARGIN CALL ($0)
63,20,0.0,25,2,23,1.0,-100.0,8.0,MARGIN CALL ($0)
63,21,0.0,20,1,19,1.0,-100.0,5.0,MARGIN CALL ($0)
63,22,0.0,35,6,29,1.0,-100.0,17.142857142857142,MARGIN CALL ($0)
63,23,0.0,30,5,25,1.0,-100.0,16.666666666666664,MARGIN CALL ($0)
63,24,0.0,40,7,33,1.0,-100.0,17.5,MARGIN CALL ($0)
3,76,0.0,12,0,12,1.0,-100.0,0.0,MARGIN CALL ($0)
63,26,0.0,19,1,18,1.0,-100.0,5.263157894736842,MARGIN CALL ($0)
63,27,0.0,55,5,50,1.0,-100.0,9.090909090909092,MARGIN CALL ($0)
63,28,0.0,42,4,38,1.0,-100.0,9.523809523809524,MARGIN CALL ($0)
63,29,0.0,14,1,13,1.0,-100.0,7.142857142857142,MARGIN CALL ($0)
63,30,0.0,14,1,13,1.0,-100.0,7.142857142857142,MARGIN CALL ($0)
63,31,0.0,38,4,34,1.0,-100.0,10.526315789473683,MARGIN CALL ($0)
63,32,0.0,38,4,34,1.0,-100.0,10.526315789473683,MARGIN CALL ($0)
63,33,0.0,39,4,35,1.0,-100.0,10.256410256410255,MARGIN CALL ($0)
63,34,0.0,19,2,17,1.0,-100.0,10.526315789473683,MARGIN CALL ($0)
63,35,0.0,19,2,17,1.0,-100.0,10.526315789473683,MARGIN CALL ($0)
63,36,0.0,19,2,17,1.0,-100.0,10.526315789473683,MARGIN CALL ($0)
63,37,0.0,19,2,17,1.0,-100.0,10.526315789473683,MARGIN CALL ($0)
63,38,0.0,20,2,18,1.0,-100.0,10.0,MARGIN CALL ($0)
63,39,0.0,26,3,23,1.0,-100.0,11.538461538461538,MARGIN CALL ($0)
63,40,0.0,25,3,22,1.0,-100.0,12.0,MARGIN CALL ($0)
63,41,0.0,21,2,19,1.0,-100.0,9.523809523809524,MARGIN CALL ($0)
63,42,0.0,30,4,26,1.0,-100.0,13.333333333333334,MARGIN CALL ($0)
63,43,0.0,24,3,21,1.0,-100.0,12.5,MARGIN CALL ($0)
63,44,0.0,24,3,21,1.0,-100.0,12.5,MARGIN CALL ($0)
63,45,0.0,30,5,25,1.0,-100.0,16.666666666666664,MARGIN CALL ($0)
63,46,0.0,26,3,23,1.0,-100.0,11.538461538461538,MARGIN CALL ($0)
63,47,0.0,22,3,19,1.0,-100.0,13.636363636363635,MARGIN CALL ($0)
63,48,0.0,21,3,18,1.0,-100.0,14.285714285714285,MARGIN CALL ($0)
63,49,0.0,26,4,22,1.0,-100.0,15.384615384615385,MARGIN CALL ($0)
63,50,0.0,24,3,21,1.0,-100.0,12.5,MARGIN CALL ($0)
63,51,0.0,23,3,20,1.0,-100.0,13.043478260869565,MARGIN CALL ($0)
63,52,0.0,24,3,21,1.0,-100.0,12.5,MARGIN CALL ($0)
63,53,0.0,22,3,19,1.0,-100.0,13.636363636363635,MARGIN CALL ($0)
63,54,0.0,15,0,15,1.0,-100.0,0.0,MARGIN CALL ($0)
63,55,0.0,13,0,13,1.0,-100.0,0.0,MARGIN CALL ($0)
63,56,0.0,13,0,13,1.0,-100.0,0.0,MARGIN CALL ($0)
63,57,0.0,18,1,17,1.0,-100.0,5.555555555555555,MARGIN CALL ($0)
63,58,0.0,18,1,17,1.0,-100.0,5.555555555555555,MARGIN CALL ($0)
63,59,0.0,18,1,17,1.0,-100.0,5.555555555555555,MARGIN CALL ($0)
63,60,0.0,19,1,18,1.0,-100.0,5.263157894736842,MARGIN CALL ($0)
63,61,0.0,12,0,12,1.0,-100.0,0.0,MARGIN CALL ($0)
63,62,0.0,12,0,12,1.0,-100.0,0.0,MARGIN CALL ($0)
63,63,0.0,11,0,11,1.0,-100.0,0.0,MARGIN CALL ($0)
63,64,0.0,10,0,10,1.0,-100.0,0.0,MARGIN CALL ($0)
63,65,0.0,11,0,11,1.0,-100.0,0.0,MARGIN CALL ($0)
63,66,0.0,12,0,12,1.0,-100.0,0.0,MARGIN CALL ($0)
63,67,0.0,12,0,12,1.0,-100.0,0.0,MARGIN CALL ($0)
63,68,0.0,12,0,12,1.0,-100.0,0.0,MARGIN CALL ($0)
63,69,0.0,11,0,11,1.0,-100.0,0.0,MARGIN CALL ($0)
63,70,0.0,11,0,11,1.0,-100.0,0.0,MARGIN CALL ($0)
63,71,0.0,12,0,12,1.0,-100.0,0.0,MARGIN CALL ($0)
3,77,0.0,12,0,12,1.0,-100.0,0.0,MARGIN CALL ($0)
3,78,0.0,12,0,12,1.0,-100.0,0.0,MARGIN CALL ($0)
3,79,0.0,12,0,12,1.0,-100.0,0.0,MARGIN CALL ($0)
3,80,0.0,12,0,12,1.0,-100.0,0.0,MARGIN CALL ($0)
3,81,0.0,12,0,12,1.0,-100.0,0.0,MARGIN CALL ($0)
3,82,0.0,12,0,12,1.0,-100.0,0.0,MARGIN CALL ($0)
3,83,0.0,12,0,12,1.0,-100.0,0.0,MARGIN CALL ($0)
3,84,0.0,12,0,12,1.0,-100.0,0.0,MARGIN CALL ($0)
3,85,0.0,12,0,12,1.0,-100.0,0.0,MARGIN CALL ($0)
3,86,0.0,12,0,12,1.0,-100.0,0.0,MARGIN CALL ($0)
3,87,0.0,12,0,12,1.0,-100.0,0.0,MARGIN CALL ($0)
3,88,0.0,12,0,12,1.0,-100.0,0.0,MARGIN CALL ($0)
63,84,0.0,17,2,15,1.0,-100.0,11.76470588235294,MARGIN CALL ($0)
63,85,0.0,11,0,11,1.0,-100.0,0.0,MARGIN CALL ($0)
63,86,0.0,11,0,11,1.0,-100.0,0.0,MARGIN CALL ($0)
63,87,0.0,10,0,10,1.0,-100.0,0.0,MARGIN CALL ($0)
63,88,0.0,10,0,10,1.0,-100.0,0.0,MARGIN CALL ($0)
63,89,0.0,10,0,10,1.0,-100.0,0.0,MARGIN CALL ($0)
63,90,0.0,10,0,10,1.0,-100.0,0.0,MARGIN CALL ($0)
63,91,0.0,11,0,11,1.0,-100.0,0.0,MARGIN CALL ($0)
63,92,0.0,11,0,11,1.0,-100.0,0.0,MARGIN CALL ($0)
63,93,0.0,10,0,10,1.0,-100.0,0.0,MARGIN CALL ($0)
63,94,0.0,10,0,10,1.0,-100.0,0.0,MARGIN CALL ($0)
63,95,0.0,12,0,12,1.0,-100.0,0.0,MARGIN CALL ($0)
63,96,0.0,162,23,139,1.0,-100.0,14.19753086419753,MARGIN CALL ($0)
63,97,0.0,245,37,208,1.0,-100.0,15.10204081632653,MARGIN CALL ($0)
63,98,0.0,128,18,110,1.0,-100.0,14.0625,MARGIN CALL ($0)
63,99,0.0,253,40,213,1.0,-100.0,15.810276679841898,MARGIN CALL ($0)
63,100,0.0,238,40,198,1.0,-100.0,16.80672268907563,MARGIN CALL ($0)
64,1,0.0,48,7,41,1.0,-100.0,14.583333333333334,MARGIN CALL ($0)
64,2,0.0,57,7,50,1.0,-100.0,12.280701754385964,MARGIN CALL ($0)
64,3,0.0,58,7,51,1.0,-100.0,12.068965517241379,MARGIN CALL ($0)
64,4,0.0,80,13,67,1.0,-100.0,16.25,MARGIN CALL ($0)
64,5,0.0,67,10,57,1.0,-100.0,14.925373134328357,MARGIN CALL ($0)
64,6,0.0,769,171,598,1.0,-100.0,22.23667100130039,MARGIN CALL ($0)
64,7,0.0,53,6,47,1.0,-100.0,11.320754716981133,MARGIN CALL ($0)
64,8,0.0,15,0,15,1.0,-100.0,0.0,MARGIN CALL ($0)
64,9,0.0,16,1,15,1.0,-100.0,6.25,MARGIN CALL ($0)
64,10,0.0,14,1,13,1.0,-100.0,7.142857142857142,MARGIN CALL ($0)
64,11,0.0,13,1,12,1.0,-100.0,7.6923076923076925,MARGIN CALL ($0)
64,12,0.0,45,8,37,1.0,-100.0,17.77777777777778,MARGIN CALL ($0)
64,13,0.0,51,9,42,1.0,-100.0,17.647058823529413,MARGIN CALL ($0)
64,14,0.0,39,8,31,1.0,-100.0,20.51282051282051,MARGIN CALL ($0)
3,89,0.0,12,0,12,1.0,-100.0,0.0,MARGIN CALL ($0)
3,90,0.0,12,0,12,1.0,-100.0,0.0,MARGIN CALL ($0)
3,91,0.0,12,0,12,1.0,-100.0,0.0,MARGIN CALL ($0)
3,92,0.0,12,0,12,1.0,-100.0,0.0,MARGIN CALL ($0)
3,93,0.0,12,0,12,1.0,-100.0,0.0,MARGIN CALL ($0)
64,20,0.0,25,2,23,1.0,-100.0,8.0,MARGIN CALL ($0)
64,21,0.0,20,1,19,1.0,-100.0,5.0,MARGIN CALL ($0)
64,22,0.0,35,6,29,1.0,-100.0,17.142857142857142,MARGIN CALL ($0)
64,23,0.0,30,5,25,1.0,-100.0,16.666666666666664,MARGIN CALL ($0)
64,24,0.0,40,7,33,1.0,-100.0,17.5,MARGIN CALL ($0)
3,94,0.0,12,0,12,1.0,-100.0,0.0,MARGIN CALL ($0)
64,26,0.0,19,1,18,1.0,-100.0,5.263157894736842,MARGIN CALL ($0)
64,27,0.0,56,5,51,1.0,-100.0,8.928571428571429,MARGIN CALL ($0)
64,28,0.0,42,4,38,1.0,-100.0,9.523809523809524,MARGIN CALL ($0)
64,29,0.0,14,1,13,1.0,-100.0,7.142857142857142,MARGIN CALL ($0)
64,30,0.0,14,1,13,1.0,-100.0,7.142857142857142,MARGIN CALL ($0)
64,31,0.0,38,4,34,1.0,-100.0,10.526315789473683,MARGIN CALL ($0)
64,32,0.0,38,4,34,1.0,-100.0,10.526315789473683,MARGIN CALL ($0)
64,33,0.0,39,4,35,1.0,-100.0,10.256410256410255,MARGIN CALL ($0)
64,34,0.0,19,2,17,1.0,-100.0,10.526315789473683,MARGIN CALL ($0)
64,35,0.0,19,2,17,1.0,-100.0,10.526315789473683,MARGIN CALL ($0)
64,36,0.0,19,2,17,1.0,-100.0,10.526315789473683,MARGIN CALL ($0)
64,37,0.0,19,2,17,1.0,-100.0,10.526315789473683,MARGIN CALL ($0)
64,38,0.0,20,2,18,1.0,-100.0,10.0,MARGIN CALL ($0)
64,39,0.0,26,3,23,1.0,-100.0,11.538461538461538,MARGIN CALL ($0)
64,40,0.0,25,3,22,1.0,-100.0,12.0,MARGIN CALL ($0)
64,41,0.0,21,2,19,1.0,-100.0,9.523809523809524,MARGIN CALL ($0)
64,42,0.0,22,3,19,1.0,-100.0,13.636363636363635,MARGIN CALL ($0)
64,43,0.0,23,3,20,1.0,-100.0,13.043478260869565,MARGIN CALL ($0)
64,44,0.0,24,3,21,1.0,-100.0,12.5,MARGIN CALL ($0)
64,45,0.0,24,3,21,1.0,-100.0,12.5,MARGIN CALL ($0)
64,46,0.0,25,3,22,1.0,-100.0,12.0,MARGIN CALL ($0)
64,47,0.0,21,3,18,1.0,-100.0,14.285714285714285,MARGIN CALL ($0)
64,48,0.0,20,3,17,1.0,-100.0,15.0,MARGIN CALL ($0)
64,49,0.0,28,5,23,1.0,-100.0,17.857142857142858,MARGIN CALL ($0)
64,50,0.0,26,4,22,1.0,-100.0,15.384615384615385,MARGIN CALL ($0)
64,51,0.0,24,4,20,1.0,-100.0,16.666666666666664,MARGIN CALL ($0)
64,52,0.0,25,4,21,1.0,-100.0,16.0,MARGIN CALL ($0)
64,53,0.0,24,4,20,1.0,-100.0,16.666666666666664,MARGIN CALL ($0)
64,54,0.0,15,0,15,1.0,-100.0,0.0,MARGIN CALL ($0)
64,55,0.0,13,0,13,1.0,-100.0,0.0,MARGIN CALL ($0)
64,56,0.0,13,0,13,1.0,-100.0,0.0,MARGIN CALL ($0)
64,57,0.0,20,2,18,1.0,-100.0,10.0,MARGIN CALL ($0)
64,58,0.0,19,2,17,1.0,-100.0,10.526315789473683,MARGIN CALL ($0)
64,59,0.0,21,2,19,1.0,-100.0,9.523809523809524,MARGIN CALL ($0)
64,60,0.0,21,2,19,1.0,-100.0,9.523809523809524,MARGIN CALL ($0)
64,61,0.0,12,0,12,1.0,-100.0,0.0,MARGIN CALL ($0)
64,62,0.0,12,0,12,1.0,-100.0,0.0,MARGIN CALL ($0)
64,63,0.0,10,0,10,1.0,-100.0,0.0,MARGIN CALL ($0)
64,64,0.0,10,0,10,1.0,-100.0,0.0,MARGIN CALL ($0)
64,65,0.0,11,0,11,1.0,-100.0,0.0,MARGIN CALL ($0)
64,66,0.0,12,0,12,1.0,-100.0,0.0,MARGIN CALL ($0)
64,67,0.0,12,0,12,1.0,-100.0,0.0,MARGIN CALL ($0)
64,68,0.0,12,0,12,1.0,-100.0,0.0,MARGIN CALL ($0)
64,69,0.0,11,0,11,1.0,-100.0,0.0,MARGIN CALL ($0)
64,70,0.0,11,0,11,1.0,-100.0,0.0,MARGIN CALL ($0)
64,71,0.0,12,0,12,1.0,-100.0,0.0,MARGIN CALL ($0)
3,95,0.0,12,0,12,1.0,-100.0,0.0,MARGIN CALL ($0)
3,96,0.0,10,0,10,1.0,-100.0,0.0,MARGIN CALL ($0)
3,97,0.0,10,0,10,1.0,-100.0,0.0,MARGIN CALL ($0)
3,98,0.0,10,0,10,1.0,-100.0,0.0,MARGIN CALL ($0)
3,99,0.0,9,0,9,1.0,-100.0,0.0,MARGIN CALL ($0)
3,100,0.0,8,3,5,1.0,-100.0,37.5,MARGIN CALL ($0)
4,1,0.0,82,15,67,1.0,-100.0,18.29268292682927,MARGIN CALL ($0)
4,2,0.0,57,7,50,1.0,-100.0,12.280701754385964,MARGIN CALL ($0)
4,3,0.0,57,7,50,1.0,-100.0,12.280701754385964,MARGIN CALL ($0)
4,4,0.0,49,5,44,1.0,-100.0,10.204081632653061,MARGIN CALL ($0)
4,5,0.0,64,9,55,1.0,-100.0,14.0625,MARGIN CALL ($0)
4,6,0.0,64,12,52,1.0,-100.0,18.75,MARGIN CALL ($0)
64,84,0.0,17,2,15,1.0,-100.0,11.76470588235294,MARGIN CALL ($0)
64,85,0.0,13,0,13,1.0,-100.0,0.0,MARGIN CALL ($0)
64,86,0.0,13,0,13,1.0,-100.0,0.0,MARGIN CALL ($0)
64,87,0.0,11,0,11,1.0,-100.0,0.0,MARGIN CALL ($0)
64,88,0.0,11,0,11,1.0,-100.0,0.0,MARGIN CALL ($0)
64,89,0.0,10,0,10,1.0,-100.0,0.0,MARGIN CALL ($0)
64,90,0.0,10,0,10,1.0,-100.0,0.0,MARGIN CALL ($0)
64,91,0.0,10,0,10,1.0,-100.0,0.0,MARGIN CALL ($0)
64,92,0.0,11,0,11,1.0,-100.0,0.0,MARGIN CALL ($0)
64,93,0.0,12,0,12,1.0,-100.0,0.0,MARGIN CALL ($0)
64,94,0.0,12,0,12,1.0,-100.0,0.0,MARGIN CALL ($0)
64,95,0.0,11,0,11,1.0,-100.0,0.0,MARGIN CALL ($0)
64,96,0.0,12,0,12,1.0,-100.0,0.0,MARGIN CALL ($0)
64,97,0.0,13,0,13,1.0,-100.0,0.0,MARGIN CALL ($0)
64,98,0.0,14,0,14,1.0,-100.0,0.0,MARGIN CALL ($0)
64,99,0.0,13,0,13,1.0,-100.0,0.0,MARGIN CALL ($0)
64,100,0.0,12,0,12,1.0,-100.0,0.0,MARGIN CALL ($0)
65,1,0.0,48,7,41,1.0,-100.0,14.583333333333334,MARGIN CALL ($0)
65,2,0.0,57,7,50,1.0,-100.0,12.280701754385964,MARGIN CALL ($0)
65,3,0.0,58,7,51,1.0,-100.0,12.068965517241379,MARGIN CALL ($0)
65,4,0.0,80,13,67,1.0,-100.0,16.25,MARGIN CALL ($0)
65,5,0.0,67,10,57,1.0,-100.0,14.925373134328357,MARGIN CALL ($0)
65,6,0.0,770,171,599,1.0,-100.0,22.207792207792206,MARGIN CALL ($0)
65,7,0.0,53,6,47,1.0,-100.0,11.320754716981133,MARGIN CALL ($0)
65,8,0.0,15,0,15,1.0,-100.0,0.0,MARGIN CALL ($0)
65,9,0.0,16,1,15,1.0,-100.0,6.25,MARGIN CALL ($0)
65,10,0.0,14,1,13,1.0,-100.0,7.142857142857142,MARGIN CALL ($0)
65,11,0.0,13,1,12,1.0,-100.0,7.6923076923076925,MARGIN CALL ($0)
65,12,0.0,45,8,37,1.0,-100.0,17.77777777777778,MARGIN CALL ($0)
65,13,0.0,51,9,42,1.0,-100.0,17.647058823529413,MARGIN CALL ($0)
65,14,0.0,39,8,31,1.0,-100.0,20.51282051282051,MARGIN CALL ($0)
4,7,0.0,59,10,49,1.0,-100.0,16.94915254237288,MARGIN CALL ($0)
4,8,0.0,59,11,48,1.0,-100.0,18.64406779661017,MARGIN CALL ($0)
4,9,0.0,56,10,46,1.0,-100.0,17.857142857142858,MARGIN CALL ($0)
65,18,0.0,91,23,68,1.0,-100.0,25.274725274725274,MARGIN CALL ($0)
4,10,0.0,59,11,48,1.0,-100.0,18.64406779661017,MARGIN CALL ($0)
65,20,0.0,25,2,23,1.0,-100.0,8.0,MARGIN CALL ($0)
65,21,0.0,19,1,18,1.0,-100.0,5.263157894736842,MARGIN CALL ($0)
65,22,0.0,34,5,29,1.0,-100.0,14.705882352941178,MARGIN CALL ($0)
65,23,0.0,30,5,25,1.0,-100.0,16.666666666666664,MARGIN CALL ($0)
65,24,0.0,39,7,32,1.0,-100.0,17.94871794871795,MARGIN CALL ($0)
4,11,0.0,60,11,49,1.0,-100.0,18.333333333333332,MARGIN CALL ($0)
65,26,0.0,18,1,17,1.0,-100.0,5.555555555555555,MARGIN CALL ($0)
65,27,0.0,59,5,54,1.0,-100.0,8.47457627118644,MARGIN CALL ($0)
65,28,0.0,47,4,43,1.0,-100.0,8.51063829787234,MARGIN CALL ($0)
65,29,0.0,16,1,15,1.0,-100.0,6.25,MARGIN CALL ($0)
65,30,0.0,15,1,14,1.0,-100.0,6.666666666666667,MARGIN CALL ($0)
65,31,0.0,40,4,36,1.0,-100.0,10.0,MARGIN CALL ($0)
65,32,0.0,41,4,37,1.0,-100.0,9.75609756097561,MARGIN CALL ($0)
65,33,0.0,41,4,37,1.0,-100.0,9.75609756097561,MARGIN CALL ($0)
65,34,0.0,19,2,17,1.0,-100.0,10.526315789473683,MARGIN CALL ($0)
65,35,0.0,19,2,17,1.0,-100.0,10.526315789473683,MARGIN CALL ($0)
65,36,0.0,19,2,17,1.0,-100.0,10.526315789473683,MARGIN CALL ($0)
65,37,0.0,19,2,17,1.0,-100.0,10.526315789473683,MARGIN CALL ($0)
65,38,0.0,20,2,18,1.0,-100.0,10.0,MARGIN CALL ($0)
65,39,0.0,25,2,23,1.0,-100.0,8.0,MARGIN CALL ($0)
65,40,0.0,26,3,23,1.0,-100.0,11.538461538461538,MARGIN CALL ($0)
65,41,0.0,22,2,20,1.0,-100.0,9.090909090909092,MARGIN CALL ($0)
65,42,0.0,22,3,19,1.0,-100.0,13.636363636363635,MARGIN CALL ($0)
65,43,0.0,23,3,20,1.0,-100.0,13.043478260869565,MARGIN CALL ($0)
65,44,0.0,24,3,21,1.0,-100.0,12.5,MARGIN CALL ($0)
65,45,0.0,24,3,21,1.0,-100.0,12.5,MARGIN CALL ($0)
65,46,0.0,25,3,22,1.0,-100.0,12.0,MARGIN CALL ($0)
65,47,0.0,21,3,18,1.0,-100.0,14.285714285714285,MARGIN CALL ($0)
65,48,0.0,20,3,17,1.0,-100.0,15.0,MARGIN CALL ($0)
65,49,0.0,28,5,23,1.0,-100.0,17.857142857142858,MARGIN CALL ($0)
65,50,0.0,26,4,22,1.0,-100.0,15.384615384615385,MARGIN CALL ($0)
65,51,0.0,26,4,22,1.0,-100.0,15.384615384615385,MARGIN CALL ($0)
65,52,0.0,25,4,21,1.0,-100.0,16.0,MARGIN CALL ($0)
65,53,0.0,24,4,20,1.0,-100.0,16.666666666666664,MARGIN CALL ($0)
65,54,0.0,15,0,15,1.0,-100.0,0.0,MARGIN CALL ($0)
65,55,0.0,14,0,14,1.0,-100.0,0.0,MARGIN CALL ($0)
65,56,0.0,14,0,14,1.0,-100.0,0.0,MARGIN CALL ($0)
65,57,0.0,20,2,18,1.0,-100.0,10.0,MARGIN CALL ($0)
65,58,0.0,19,2,17,1.0,-100.0,10.526315789473683,MARGIN CALL ($0)
65,59,0.0,21,2,19,1.0,-100.0,9.523809523809524,MARGIN CALL ($0)
65,60,0.0,22,2,20,1.0,-100.0,9.090909090909092,MARGIN CALL ($0)
65,61,0.0,12,0,12,1.0,-100.0,0.0,MARGIN CALL ($0)
65,62,0.0,12,0,12,1.0,-100.0,0.0,MARGIN CALL ($0)
65,63,0.0,11,0,11,1.0,-100.0,0.0,MARGIN CALL ($0)
65,64,0.0,11,0,11,1.0,-100.0,0.0,MARGIN CALL ($0)
65,65,0.0,11,0,11,1.0,-100.0,0.0,MARGIN CALL ($0)
65,66,0.0,12,0,12,1.0,-100.0,0.0,MARGIN CALL ($0)
65,67,0.0,12,0,12,1.0,-100.0,0.0,MARGIN CALL ($0)
65,68,0.0,12,0,12,1.0,-100.0,0.0,MARGIN CALL ($0)
4,12,0.0,74,16,58,1.0,-100.0,21.62162162162162,MARGIN CALL ($0)
4,13,0.0,86,19,67,1.0,-100.0,22.093023255813954,MARGIN CALL ($0)
65,71,0.0,12,0,12,1.0,-100.0,0.0,MARGIN CALL ($0)
4,14,0.0,59,11,48,1.0,-100.0,18.64406779661017,MARGIN CALL ($0)
4,15,0.0,62,11,51,1.0,-100.0,17.741935483870968,MARGIN CALL ($0)
4,16,0.0,63,11,52,1.0,-100.0,17.46031746031746,MARGIN CALL ($0)
4,17,0.0,64,11,53,1.0,-100.0,17.1875,MARGIN CALL ($0)
4,18,0.0,65,11,54,1.0,-100.0,16.923076923076923,MARGIN CALL ($0)
4,19,0.0,64,11,53,1.0,-100.0,17.1875,MARGIN CALL ($0)
4,20,0.0,64,11,53,1.0,-100.0,17.1875,MARGIN CALL ($0)
4,21,0.0,59,9,50,1.0,-100.0,15.254237288135593,MARGIN CALL ($0)
4,22,0.0,49,4,45,1.0,-100.0,8.16326530612245,MARGIN CALL ($0)
4,23,0.0,59,9,50,1.0,-100.0,15.254237288135593,MARGIN CALL ($0)
4,24,0.0,50,4,46,1.0,-100.0,8.0,MARGIN CALL ($0)
4,25,0.0,50,4,46,1.0,-100.0,8.0,MARGIN CALL ($0)
65,84,0.0,18,2,16,1.0,-100.0,11.11111111111111,MARGIN CALL ($0)
65,85,0.0,13,0,13,1.0,-100.0,0.0,MARGIN CALL ($0)
65,86,0.0,13,0,13,1.0,-100.0,0.0,MARGIN CALL ($0)
65,87,0.0,11,0,11,1.0,-100.0,0.0,MARGIN CALL ($0)
65,88,0.0,11,0,11,1.0,-100.0,0.0,MARGIN CALL ($0)
65,89,0.0,11,0,11,1.0,-100.0,0.0,MARGIN CALL ($0)
65,90,0.0,11,0,11,1.0,-100.0,0.0,MARGIN CALL ($0)
65,91,0.0,12,0,12,1.0,-100.0,0.0,MARGIN CALL ($0)
65,92,0.0,12,0,12,1.0,-100.0,0.0,MARGIN CALL ($0)
65,93,0.0,13,0,13,1.0,-100.0,0.0,MARGIN CALL ($0)
65,94,0.0,14,0,14,1.0,-100.0,0.0,MARGIN CALL ($0)
65,95,0.0,13,0,13,1.0,-100.0,0.0,MARGIN CALL ($0)
65,96,0.0,13,0,13,1.0,-100.0,0.0,MARGIN CALL ($0)
65,97,0.0,13,0,13,1.0,-100.0,0.0,MARGIN CALL ($0)
65,98,0.0,14,0,14,1.0,-100.0,0.0,MARGIN CALL ($0)
65,99,0.0,14,0,14,1.0,-100.0,0.0,MARGIN CALL ($0)
65,100,0.0,12,0,12,1.0,-100.0,0.0,MARGIN CALL ($0)
66,1,0.0,48,7,41,1.0,-100.0,14.583333333333334,MARGIN CALL ($0)
66,2,0.0,57,7,50,1.0,-100.0,12.280701754385964,MARGIN CALL ($0)
66,3,0.0,58,7,51,1.0,-100.0,12.068965517241379,MARGIN CALL ($0)
66,4,0.0,80,13,67,1.0,-100.0,16.25,MARGIN CALL ($0)
66,5,0.0,67,10,57,1.0,-100.0,14.925373134328357,MARGIN CALL ($0)
66,6,0.0,766,168,598,1.0,-100.0,21.93211488250653,MARGIN CALL ($0)
66,7,0.0,53,6,47,1.0,-100.0,11.320754716981133,MARGIN CALL ($0)
66,8,0.0,15,0,15,1.0,-100.0,0.0,MARGIN CALL ($0)
66,9,0.0,16,1,15,1.0,-100.0,6.25,MARGIN CALL ($0)
66,10,0.0,13,0,13,1.0,-100.0,0.0,MARGIN CALL ($0)
66,11,0.0,14,1,13,1.0,-100.0,7.142857142857142,MARGIN CALL ($0)
66,12,0.0,43,7,36,1.0,-100.0,16.27906976744186,MARGIN CALL ($0)
66,13,0.0,50,9,41,1.0,-100.0,18.0,MARGIN CALL ($0)
66,14,0.0,39,8,31,1.0,-100.0,20.51282051282051,MARGIN CALL ($0)
66,15,0.0,60,11,49,1.0,-100.0,18.333333333333332,MARGIN CALL ($0)
4,26,0.0,50,4,46,1.0,-100.0,8.0,MARGIN CALL ($0)
4,27,0.0,16,0,16,1.0,-100.0,0.0,MARGIN CALL ($0)
66,18,0.0,92,23,69,1.0,-100.0,25.0,MARGIN CALL ($0)
4,28,0.0,17,0,17,1.0,-100.0,0.0,MARGIN CALL ($0)
66,20,0.0,24,2,22,1.0,-100.0,8.333333333333332,MARGIN CALL ($0)
66,21,0.0,20,1,19,1.0,-100.0,5.0,MARGIN CALL ($0)
66,22,0.0,33,5,28,1.0,-100.0,15.151515151515152,MARGIN CALL ($0)
66,23,0.0,20,2,18,1.0,-100.0,10.0,MARGIN CALL ($0)
66,24,0.0,39,7,32,1.0,-100.0,17.94871794871795,MARGIN CALL ($0)
66,25,0.0,18,1,17,1.0,-100.0,5.555555555555555,MARGIN CALL ($0)
66,26,0.0,18,1,17,1.0,-100.0,5.555555555555555,MARGIN CALL ($0)
66,27,0.0,70,6,64,1.0,-100.0,8.571428571428571,MARGIN CALL ($0)
66,28,0.0,45,4,41,1.0,-100.0,8.88888888888889,MARGIN CALL ($0)
66,29,0.0,16,1,15,1.0,-100.0,6.25,MARGIN CALL ($0)
66,30,0.0,14,1,13,1.0,-100.0,7.142857142857142,MARGIN CALL ($0)
66,31,0.0,39,4,35,1.0,-100.0,10.256410256410255,MARGIN CALL ($0)
66,32,0.0,39,4,35,1.0,-100.0,10.256410256410255,MARGIN CALL ($0)
66,33,0.0,40,4,36,1.0,-100.0,10.0,MARGIN CALL ($0)
66,34,0.0,19,2,17,1.0,-100.0,10.526315789473683,MARGIN CALL ($0)
66,35,0.0,18,2,16,1.0,-100.0,11.11111111111111,MARGIN CALL ($0)
66,36,0.0,19,2,17,1.0,-100.0,10.526315789473683,MARGIN CALL ($0)
66,37,0.0,20,2,18,1.0,-100.0,10.0,MARGIN CALL ($0)
66,38,0.0,20,2,18,1.0,-100.0,10.0,MARGIN CALL ($0)
66,39,0.0,24,2,22,1.0,-100.0,8.333333333333332,MARGIN CALL ($0)
66,40,0.0,25,2,23,1.0,-100.0,8.0,MARGIN CALL ($0)
66,41,0.0,22,2,20,1.0,-100.0,9.090909090909092,MARGIN CALL ($0)
66,42,0.0,23,3,20,1.0,-100.0,13.043478260869565,MARGIN CALL ($0)
66,43,0.0,24,3,21,1.0,-100.0,12.5,MARGIN CALL ($0)
66,44,0.0,25,3,22,1.0,-100.0,12.0,MARGIN CALL ($0)
66,45,0.0,25,3,22,1.0,-100.0,12.0,MARGIN CALL ($0)
66,46,0.0,25,3,22,1.0,-100.0,12.0,MARGIN CALL ($0)
66,47,0.0,22,3,19,1.0,-100.0,13.636363636363635,MARGIN CALL ($0)
66,48,0.0,21,3,18,1.0,-100.0,14.285714285714285,MARGIN CALL ($0)
66,49,0.0,20,3,17,1.0,-100.0,15.0,MARGIN CALL ($0)
66,50,0.0,18,2,16,1.0,-100.0,11.11111111111111,MARGIN CALL ($0)
4,29,0.0,17,0,17,1.0,-100.0,0.0,MARGIN CALL ($0)
66,52,0.0,44,6,38,1.0,-100.0,13.636363636363635,MARGIN CALL ($0)
66,53,0.0,159,13,146,1.0,-100.0,8.176100628930817,MARGIN CALL ($0)
66,54,0.0,15,0,15,1.0,-100.0,0.0,MARGIN CALL ($0)
66,55,0.0,15,0,15,1.0,-100.0,0.0,MARGIN CALL ($0)
66,56,0.0,15,0,15,1.0,-100.0,0.0,MARGIN CALL ($0)
66,57,0.0,13,0,13,1.0,-100.0,0.0,MARGIN CALL ($0)
66,58,0.0,32,3,29,1.0,-100.0,9.375,MARGIN CALL ($0)
66,59,0.0,12,0,12,1.0,-100.0,0.0,MARGIN CALL ($0)
66,60,0.0,12,0,12,1.0,-100.0,0.0,MARGIN CALL ($0)
66,61,0.0,13,0,13,1.0,-100.0,0.0,MARGIN CALL ($0)
66,62,0.0,13,0,13,1.0,-100.0,0.0,MARGIN CALL ($0)
66,63,0.0,12,0,12,1.0,-100.0,0.0,MARGIN CALL ($0)
66,64,0.0,12,0,12,1.0,-100.0,0.0,MARGIN CALL ($0)
66,65,0.0,12,0,12,1.0,-100.0,0.0,MARGIN CALL ($0)
66,66,0.0,11,0,11,1.0,-100.0,0.0,MARGIN CALL ($0)
66,67,0.0,11,0,11,1.0,-100.0,0.0,MARGIN CALL ($0)
66,68,0.0,12,0,12,1.0,-100.0,0.0,MARGIN CALL ($0)
66,69,0.0,12,0,12,1.0,-100.0,0.0,MARGIN CALL ($0)
66,70,0.0,12,0,12,1.0,-100.0,0.0,MARGIN CALL ($0)
66,71,0.0,12,0,12,1.0,-100.0,0.0,MARGIN CALL ($0)
66,72,0.0,11,0,11,1.0,-100.0,0.0,MARGIN CALL ($0)
66,73,0.0,11,0,11,1.0,-100.0,0.0,MARGIN CALL ($0)
4,30,0.0,17,0,17,1.0,-100.0,0.0,MARGIN CALL ($0)
4,31,0.0,16,0,16,1.0,-100.0,0.0,MARGIN CALL ($0)
4,32,0.0,16,0,16,1.0,-100.0,0.0,MARGIN CALL ($0)
4,33,0.0,15,0,15,1.0,-100.0,0.0,MARGIN CALL ($0)
4,34,0.0,14,0,14,1.0,-100.0,0.0,MARGIN CALL ($0)
4,35,0.0,14,0,14,1.0,-100.0,0.0,MARGIN CALL ($0)
4,36,0.0,14,0,14,1.0,-100.0,0.0,MARGIN CALL ($0)
4,37,0.0,14,0,14,1.0,-100.0,0.0,MARGIN CALL ($0)
4,38,0.0,14,0,14,1.0,-100.0,0.0,MARGIN CALL ($0)
4,39,0.0,14,0,14,1.0,-100.0,0.0,MARGIN CALL ($0)
66,84,0.0,18,2,16,1.0,-100.0,11.11111111111111,MARGIN CALL ($0)
66,85,0.0,13,0,13,1.0,-100.0,0.0,MARGIN CALL ($0)
66,86,0.0,13,0,13,1.0,-100.0,0.0,MARGIN CALL ($0)
66,87,0.0,12,0,12,1.0,-100.0,0.0,MARGIN CALL ($0)
66,88,0.0,12,0,12,1.0,-100.0,0.0,MARGIN CALL ($0)
66,89,0.0,11,0,11,1.0,-100.0,0.0,MARGIN CALL ($0)
66,90,0.0,12,0,12,1.0,-100.0,0.0,MARGIN CALL ($0)
66,91,0.0,13,0,13,1.0,-100.0,0.0,MARGIN CALL ($0)
66,92,0.0,13,0,13,1.0,-100.0,0.0,MARGIN CALL ($0)
66,93,0.0,14,0,14,1.0,-100.0,0.0,MARGIN CALL ($0)
66,94,0.0,13,0,13,1.0,-100.0,0.0,MARGIN CALL ($0)
66,95,0.0,14,0,14,1.0,-100.0,0.0,MARGIN CALL ($0)
66,96,0.0,14,0,14,1.0,-100.0,0.0,MARGIN CALL ($0)
66,97,0.0,14,0,14,1.0,-100.0,0.0,MARGIN CALL ($0)
66,98,0.0,15,0,15,1.0,-100.0,0.0,MARGIN CALL ($0)
66,99,0.0,15,0,15,1.0,-100.0,0.0,MARGIN CALL ($0)
66,100,0.0,13,0,13,1.0,-100.0,0.0,MARGIN CALL ($0)
67,1,0.0,48,7,41,1.0,-100.0,14.583333333333334,MARGIN CALL ($0)
67,2,0.0,57,7,50,1.0,-100.0,12.280701754385964,MARGIN CALL ($0)
67,3,0.0,58,7,51,1.0,-100.0,12.068965517241379,MARGIN CALL ($0)
67,4,0.0,80,13,67,1.0,-100.0,16.25,MARGIN CALL ($0)
67,5,0.0,67,10,57,1.0,-100.0,14.925373134328357,MARGIN CALL ($0)
67,6,0.0,770,169,601,1.0,-100.0,21.948051948051948,MARGIN CALL ($0)
67,7,0.0,53,6,47,1.0,-100.0,11.320754716981133,MARGIN CALL ($0)
67,8,0.0,15,0,15,1.0,-100.0,0.0,MARGIN CALL ($0)
67,9,0.0,16,1,15,1.0,-100.0,6.25,MARGIN CALL ($0)
67,10,0.0,15,1,14,1.0,-100.0,6.666666666666667,MARGIN CALL ($0)
67,11,0.0,15,1,14,1.0,-100.0,6.666666666666667,MARGIN CALL ($0)
67,12,0.0,47,9,38,1.0,-100.0,19.148936170212767,MARGIN CALL ($0)
67,13,0.0,52,9,43,1.0,-100.0,17.307692307692307,MARGIN CALL ($0)
67,14,0.0,42,9,33,1.0,-100.0,21.428571428571427,MARGIN CALL ($0)
4,40,0.0,14,0,14,1.0,-100.0,0.0,MARGIN CALL ($0)
4,41,0.0,15,0,15,1.0,-100.0,0.0,MARGIN CALL ($0)
4,42,0.0,15,0,15,1.0,-100.0,0.0,MARGIN CALL ($0)
4,43,0.0,16,0,16,1.0,-100.0,0.0,MARGIN CALL ($0)
4,44,0.0,16,0,16,1.0,-100.0,0.0,MARGIN CALL ($0)
67,20,0.0,23,2,21,1.0,-100.0,8.695652173913043,MARGIN CALL ($0)
67,21,0.0,18,1,17,1.0,-100.0,5.555555555555555,MARGIN CALL ($0)
67,22,0.0,36,6,30,1.0,-100.0,16.666666666666664,MARGIN CALL ($0)
67,23,0.0,32,6,26,1.0,-100.0,18.75,MARGIN CALL ($0)
67,24,0.0,39,7,32,1.0,-100.0,17.94871794871795,MARGIN CALL ($0)
67,25,0.0,18,1,17,1.0,-100.0,5.555555555555555,MARGIN CALL ($0)
67,26,0.0,18,1,17,1.0,-100.0,5.555555555555555,MARGIN CALL ($0)
67,27,0.0,70,6,64,1.0,-100.0,8.571428571428571,MARGIN CALL ($0)
67,28,0.0,45,4,41,1.0,-100.0,8.88888888888889,MARGIN CALL ($0)
67,29,0.0,16,1,15,1.0,-100.0,6.25,MARGIN CALL ($0)
67,30,0.0,14,1,13,1.0,-100.0,7.142857142857142,MARGIN CALL ($0)
67,31,0.0,39,4,35,1.0,-100.0,10.256410256410255,MARGIN CALL ($0)
67,32,0.0,39,4,35,1.0,-100.0,10.256410256410255,MARGIN CALL ($0)
67,33,0.0,40,4,36,1.0,-100.0,10.0,MARGIN CALL ($0)
67,34,0.0,19,2,17,1.0,-100.0,10.526315789473683,MARGIN CALL ($0)
67,35,0.0,18,2,16,1.0,-100.0,11.11111111111111,MARGIN CALL ($0)
67,36,0.0,19,2,17,1.0,-100.0,10.526315789473683,MARGIN CALL ($0)
67,37,0.0,20,2,18,1.0,-100.0,10.0,MARGIN CALL ($0)
67,38,0.0,20,2,18,1.0,-100.0,10.0,MARGIN CALL ($0)
67,39,0.0,24,2,22,1.0,-100.0,8.333333333333332,MARGIN CALL ($0)
67,40,0.0,25,2,23,1.0,-100.0,8.0,MARGIN CALL ($0)
67,41,0.0,22,2,20,1.0,-100.0,9.090909090909092,MARGIN CALL ($0)
67,42,0.0,23,3,20,1.0,-100.0,13.043478260869565,MARGIN CALL ($0)
67,43,0.0,24,3,21,1.0,-100.0,12.5,MARGIN CALL ($0)
67,44,0.0,25,3,22,1.0,-100.0,12.0,MARGIN CALL ($0)
67,45,0.0,25,3,22,1.0,-100.0,12.0,MARGIN CALL ($0)
67,46,0.0,25,3,22,1.0,-100.0,12.0,MARGIN CALL ($0)
67,47,0.0,22,3,19,1.0,-100.0,13.636363636363635,MARGIN CALL ($0)
67,48,0.0,21,3,18,1.0,-100.0,14.285714285714285,MARGIN CALL ($0)
67,49,0.0,21,3,18,1.0,-100.0,14.285714285714285,MARGIN CALL ($0)
67,50,0.0,19,2,17,1.0,-100.0,10.526315789473683,MARGIN CALL ($0)
4,45,0.0,16,0,16,1.0,-100.0,0.0,MARGIN CALL ($0)
67,52,0.0,45,6,39,1.0,-100.0,13.333333333333334,MARGIN CALL ($0)
67,53,0.0,158,13,145,1.0,-100.0,8.227848101265822,MARGIN CALL ($0)
67,54,0.0,15,0,15,1.0,-100.0,0.0,MARGIN CALL ($0)
67,55,0.0,15,0,15,1.0,-100.0,0.0,MARGIN CALL ($0)
67,56,0.0,15,0,15,1.0,-100.0,0.0,MARGIN CALL ($0)
67,57,0.0,14,0,14,1.0,-100.0,0.0,MARGIN CALL ($0)
67,58,0.0,13,0,13,1.0,-100.0,0.0,MARGIN CALL ($0)
67,59,0.0,12,0,12,1.0,-100.0,0.0,MARGIN CALL ($0)
67,60,0.0,12,0,12,1.0,-100.0,0.0,MARGIN CALL ($0)
67,61,0.0,13,0,13,1.0,-100.0,0.0,MARGIN CALL ($0)
67,62,0.0,13,0,13,1.0,-100.0,0.0,MARGIN CALL ($0)
67,63,0.0,12,0,12,1.0,-100.0,0.0,MARGIN CALL ($0)
67,64,0.0,12,0,12,1.0,-100.0,0.0,MARGIN CALL ($0)
67,65,0.0,12,0,12,1.0,-100.0,0.0,MARGIN CALL ($0)
67,66,0.0,11,0,11,1.0,-100.0,0.0,MARGIN CALL ($0)
67,67,0.0,11,0,11,1.0,-100.0,0.0,MARGIN CALL ($0)
67,68,0.0,11,0,11,1.0,-100.0,0.0,MARGIN CALL ($0)
67,69,0.0,11,0,11,1.0,-100.0,0.0,MARGIN CALL ($0)
67,70,0.0,12,0,12,1.0,-100.0,0.0,MARGIN CALL ($0)
67,71,0.0,12,0,12,1.0,-100.0,0.0,MARGIN CALL ($0)
4,46,0.0,16,0,16,1.0,-100.0,0.0,MARGIN CALL ($0)
4,47,0.0,16,0,16,1.0,-100.0,0.0,MARGIN CALL ($0)
4,48,0.0,13,0,13,1.0,-100.0,0.0,MARGIN CALL ($0)
4,49,0.0,13,0,13,1.0,-100.0,0.0,MARGIN CALL ($0)
4,50,0.0,13,0,13,1.0,-100.0,0.0,MARGIN CALL ($0)
4,51,0.0,13,0,13,1.0,-100.0,0.0,MARGIN CALL ($0)
4,52,0.0,13,0,13,1.0,-100.0,0.0,MARGIN CALL ($0)
4,53,0.0,13,0,13,1.0,-100.0,0.0,MARGIN CALL ($0)
4,54,0.0,13,0,13,1.0,-100.0,0.0,MARGIN CALL ($0)
4,55,0.0,13,0,13,1.0,-100.0,0.0,MARGIN CALL ($0)
4,56,0.0,13,0,13,1.0,-100.0,0.0,MARGIN CALL ($0)
4,57,0.0,12,0,12,1.0,-100.0,0.0,MARGIN CALL ($0)
67,84,0.0,18,2,16,1.0,-100.0,11.11111111111111,MARGIN CALL ($0)
67,85,0.0,13,0,13,1.0,-100.0,0.0,MARGIN CALL ($0)
67,86,0.0,13,0,13,1.0,-100.0,0.0,MARGIN CALL ($0)
67,87,0.0,12,0,12,1.0,-100.0,0.0,MARGIN CALL ($0)
67,88,0.0,12,0,12,1.0,-100.0,0.0,MARGIN CALL ($0)
67,89,0.0,11,0,11,1.0,-100.0,0.0,MARGIN CALL ($0)
67,90,0.0,12,0,12,1.0,-100.0,0.0,MARGIN CALL ($0)
67,91,0.0,13,0,13,1.0,-100.0,0.0,MARGIN CALL ($0)
67,92,0.0,13,0,13,1.0,-100.0,0.0,MARGIN CALL ($0)
67,93,0.0,14,0,14,1.0,-100.0,0.0,MARGIN CALL ($0)
67,94,0.0,13,0,13,1.0,-100.0,0.0,MARGIN CALL ($0)
67,95,0.0,14,0,14,1.0,-100.0,0.0,MARGIN CALL ($0)
67,96,0.0,14,0,14,1.0,-100.0,0.0,MARGIN CALL ($0)
67,97,0.0,14,0,14,1.0,-100.0,0.0,MARGIN CALL ($0)
67,98,0.0,15,0,15,1.0,-100.0,0.0,MARGIN CALL ($0)
67,99,0.0,15,0,15,1.0,-100.0,0.0,MARGIN CALL ($0)
67,100,0.0,13,0,13,1.0,-100.0,0.0,MARGIN CALL ($0)
68,1,0.0,48,7,41,1.0,-100.0,14.583333333333334,MARGIN CALL ($0)
68,2,0.0,57,7,50,1.0,-100.0,12.280701754385964,MARGIN CALL ($0)
68,3,0.0,58,7,51,1.0,-100.0,12.068965517241379,MARGIN CALL ($0)
68,4,0.0,80,13,67,1.0,-100.0,16.25,MARGIN CALL ($0)
68,5,0.0,67,10,57,1.0,-100.0,14.925373134328357,MARGIN CALL ($0)
68,6,0.0,770,169,601,1.0,-100.0,21.948051948051948,MARGIN CALL ($0)
68,7,0.0,53,6,47,1.0,-100.0,11.320754716981133,MARGIN CALL ($0)
68,8,0.0,15,0,15,1.0,-100.0,0.0,MARGIN CALL ($0)
68,9,0.0,16,1,15,1.0,-100.0,6.25,MARGIN CALL ($0)
68,10,0.0,15,1,14,1.0,-100.0,6.666666666666667,MARGIN CALL ($0)
68,11,0.0,15,1,14,1.0,-100.0,6.666666666666667,MARGIN CALL ($0)
68,12,0.0,48,9,39,1.0,-100.0,18.75,MARGIN CALL ($0)
68,13,0.0,52,9,43,1.0,-100.0,17.307692307692307,MARGIN CALL ($0)
68,14,0.0,42,9,33,1.0,-100.0,21.428571428571427,MARGIN CALL ($0)
4,58,0.0,12,0,12,1.0,-100.0,0.0,MARGIN CALL ($0)
4,59,0.0,11,0,11,1.0,-100.0,0.0,MARGIN CALL ($0)
4,60,0.0,11,0,11,1.0,-100.0,0.0,MARGIN CALL ($0)
4,61,0.0,11,0,11,1.0,-100.0,0.0,MARGIN CALL ($0)
4,62,0.0,11,0,11,1.0,-100.0,0.0,MARGIN CALL ($0)
4,63,0.0,11,0,11,1.0,-100.0,0.0,MARGIN CALL ($0)
68,21,0.0,21,1,20,1.0,-100.0,4.761904761904762,MARGIN CALL ($0)
68,22,0.0,40,8,32,1.0,-100.0,20.0,MARGIN CALL ($0)
68,23,0.0,35,7,28,1.0,-100.0,20.0,MARGIN CALL ($0)
68,24,0.0,46,8,38,1.0,-100.0,17.391304347826086,MARGIN CALL ($0)
4,64,0.0,11,0,11,1.0,-100.0,0.0,MARGIN CALL ($0)
4,65,0.0,10,0,10,1.0,-100.0,0.0,MARGIN CALL ($0)
68,27,0.0,72,7,65,1.0,-100.0,9.722222222222223,MARGIN CALL ($0)
68,28,0.0,48,5,43,1.0,-100.0,10.416666666666668,MARGIN CALL ($0)
68,29,0.0,17,2,15,1.0,-100.0,11.76470588235294,MARGIN CALL ($0)
68,30,0.0,17,2,15,1.0,-100.0,11.76470588235294,MARGIN CALL ($0)
68,31,0.0,42,5,37,1.0,-100.0,11.904761904761903,MARGIN CALL ($0)
68,32,0.0,42,5,37,1.0,-100.0,11.904761904761903,MARGIN CALL ($0)
68,33,0.0,42,5,37,1.0,-100.0,11.904761904761903,MARGIN CALL ($0)
68,34,0.0,25,4,21,1.0,-100.0,16.0,MARGIN CALL ($0)
68,35,0.0,25,4,21,1.0,-100.0,16.0,MARGIN CALL ($0)
68,36,0.0,23,4,19,1.0,-100.0,17.391304347826086,MARGIN CALL ($0)
68,37,0.0,23,4,19,1.0,-100.0,17.391304347826086,MARGIN CALL ($0)
68,38,0.0,23,3,20,1.0,-100.0,13.043478260869565,MARGIN CALL ($0)
68,39,0.0,28,4,24,1.0,-100.0,14.285714285714285,MARGIN CALL ($0)
68,40,0.0,28,4,24,1.0,-100.0,14.285714285714285,MARGIN CALL ($0)
68,41,0.0,30,4,26,1.0,-100.0,13.333333333333334,MARGIN CALL ($0)
68,42,0.0,33,5,28,1.0,-100.0,15.151515151515152,MARGIN CALL ($0)
68,43,0.0,35,5,30,1.0,-100.0,14.285714285714285,MARGIN CALL ($0)
68,44,0.0,37,6,31,1.0,-100.0,16.216216216216218,MARGIN CALL ($0)
68,45,0.0,38,6,32,1.0,-100.0,15.789473684210526,MARGIN CALL ($0)
68,46,0.0,30,4,26,1.0,-100.0,13.333333333333334,MARGIN CALL ($0)
4,66,0.0,10,0,10,1.0,-100.0,0.0,MARGIN CALL ($0)
4,67,0.0,10,0,10,1.0,-100.0,0.0,MARGIN CALL ($0)
68,49,0.0,48,8,40,1.0,-100.0,16.666666666666664,MARGIN CALL ($0)
68,50,0.0,45,7,38,1.0,-100.0,15.555555555555555,MARGIN CALL ($0)
4,68,0.0,10,0,10,1.0,-100.0,0.0,MARGIN CALL ($0)
4,69,0.0,12,0,12,1.0,-100.0,0.0,MARGIN CALL ($0)
68,53,0.0,168,16,152,1.0,-100.0,9.523809523809524,MARGIN CALL ($0)
68,54,0.0,15,0,15,1.0,-100.0,0.0,MARGIN CALL ($0)
68,55,0.0,15,0,15,1.0,-100.0,0.0,MARGIN CALL ($0)
68,56,0.0,15,0,15,1.0,-100.0,0.0,MARGIN CALL ($0)
68,57,0.0,14,0,14,1.0,-100.0,0.0,MARGIN CALL ($0)
68,58,0.0,13,0,13,1.0,-100.0,0.0,MARGIN CALL ($0)
68,59,0.0,12,0,12,1.0,-100.0,0.0,MARGIN CALL ($0)
68,60,0.0,12,0,12,1.0,-100.0,0.0,MARGIN CALL ($0)
68,61,0.0,13,0,13,1.0,-100.0,0.0,MARGIN CALL ($0)
68,62,0.0,13,0,13,1.0,-100.0,0.0,MARGIN CALL ($0)
68,63,0.0,12,0,12,1.0,-100.0,0.0,MARGIN CALL ($0)
68,64,0.0,12,0,12,1.0,-100.0,0.0,MARGIN CALL ($0)
68,65,0.0,12,0,12,1.0,-100.0,0.0,MARGIN CALL ($0)
68,66,0.0,11,0,11,1.0,-100.0,0.0,MARGIN CALL ($0)
68,67,0.0,11,0,11,1.0,-100.0,0.0,MARGIN CALL ($0)
68,68,0.0,10,0,10,1.0,-100.0,0.0,MARGIN CALL ($0)
68,69,0.0,10,0,10,1.0,-100.0,0.0,MARGIN CALL ($0)
68,70,0.0,11,0,11,1.0,-100.0,0.0,MARGIN CALL ($0)
68,71,0.0,11,0,11,1.0,-100.0,0.0,MARGIN CALL ($0)
68,72,0.0,11,0,11,1.0,-100.0,0.0,MARGIN CALL ($0)
68,73,0.0,11,0,11,1.0,-100.0,0.0,MARGIN CALL ($0)
68,74,0.0,10,0,10,1.0,-100.0,0.0,MARGIN CALL ($0)
68,75,0.0,11,0,11,1.0,-100.0,0.0,MARGIN CALL ($0)
68,76,0.0,12,0,12,1.0,-100.0,0.0,MARGIN CALL ($0)
68,77,0.0,13,0,13,1.0,-100.0,0.0,MARGIN CALL ($0)
68,78,0.0,18,1,17,1.0,-100.0,5.555555555555555,MARGIN CALL ($0)
68,79,0.0,18,1,17,1.0,-100.0,5.555555555555555,MARGIN CALL ($0)
68,80,0.0,17,1,16,1.0,-100.0,5.88235294117647,MARGIN CALL ($0)
68,81,0.0,16,1,15,1.0,-100.0,6.25,MARGIN CALL ($0)
68,82,0.0,17,1,16,1.0,-100.0,5.88235294117647,MARGIN CALL ($0)
68,83,0.0,16,1,15,1.0,-100.0,6.25,MARGIN CALL ($0)
68,84,0.0,18,2,16,1.0,-100.0,11.11111111111111,MARGIN CALL ($0)
68,85,0.0,13,0,13,1.0,-100.0,0.0,MARGIN CALL ($0)
68,86,0.0,13,0,13,1.0,-100.0,0.0,MARGIN CALL ($0)
68,87,0.0,12,0,12,1.0,-100.0,0.0,MARGIN CALL ($0)
68,88,0.0,12,0,12,1.0,-100.0,0.0,MARGIN CALL ($0)
68,89,0.0,11,0,11,1.0,-100.0,0.0,MARGIN CALL ($0)
68,90,0.0,12,0,12,1.0,-100.0,0.0,MARGIN CALL ($0)
68,91,0.0,13,0,13,1.0,-100.0,0.0,MARGIN CALL ($0)
68,92,0.0,13,0,13,1.0,-100.0,0.0,MARGIN CALL ($0)
68,93,0.0,14,0,14,1.0,-100.0,0.0,MARGIN CALL ($0)
68,94,0.0,13,0,13,1.0,-100.0,0.0,MARGIN CALL ($0)
68,95,0.0,14,0,14,1.0,-100.0,0.0,MARGIN CALL ($0)
68,96,0.0,14,0,14,1.0,-100.0,0.0,MARGIN CALL ($0)
68,97,0.0,14,0,14,1.0,-100.0,0.0,MARGIN CALL ($0)
68,98,0.0,15,0,15,1.0,-100.0,0.0,MARGIN CALL ($0)
68,99,0.0,15,0,15,1.0,-100.0,0.0,MARGIN CALL ($0)
68,100,0.0,13,0,13,1.0,-100.0,0.0,MARGIN CALL ($0)
69,1,0.0,48,7,41,1.0,-100.0,14.583333333333334,MARGIN CALL ($0)
69,2,0.0,57,7,50,1.0,-100.0,12.280701754385964,MARGIN CALL ($0)
69,3,0.0,58,7,51,1.0,-100.0,12.068965517241379,MARGIN CALL ($0)
69,4,0.0,80,13,67,1.0,-100.0,16.25,MARGIN CALL ($0)
69,5,0.0,67,10,57,1.0,-100.0,14.925373134328357,MARGIN CALL ($0)
69,6,0.0,769,169,600,1.0,-100.0,21.976592977893368,MARGIN CALL ($0)
69,7,0.0,53,6,47,1.0,-100.0,11.320754716981133,MARGIN CALL ($0)
69,8,0.0,15,0,15,1.0,-100.0,0.0,MARGIN CALL ($0)
69,9,0.0,16,1,15,1.0,-100.0,6.25,MARGIN CALL ($0)
69,10,0.0,15,1,14,1.0,-100.0,6.666666666666667,MARGIN CALL ($0)
69,11,0.0,15,1,14,1.0,-100.0,6.666666666666667,MARGIN CALL ($0)
69,12,0.0,48,9,39,1.0,-100.0,18.75,MARGIN CALL ($0)
69,13,0.0,52,9,43,1.0,-100.0,17.307692307692307,MARGIN CALL ($0)
69,14,0.0,42,9,33,1.0,-100.0,21.428571428571427,MARGIN CALL ($0)
4,70,0.0,12,0,12,1.0,-100.0,0.0,MARGIN CALL ($0)
4,71,0.0,11,0,11,1.0,-100.0,0.0,MARGIN CALL ($0)
4,72,0.0,11,0,11,1.0,-100.0,0.0,MARGIN CALL ($0)
4,73,0.0,11,0,11,1.0,-100.0,0.0,MARGIN CALL ($0)
4,74,0.0,11,0,11,1.0,-100.0,0.0,MARGIN CALL ($0)
4,75,0.0,11,0,11,1.0,-100.0,0.0,MARGIN CALL ($0)
69,21,0.0,21,1,20,1.0,-100.0,4.761904761904762,MARGIN CALL ($0)
69,22,0.0,40,8,32,1.0,-100.0,20.0,MARGIN CALL ($0)
69,23,0.0,35,7,28,1.0,-100.0,20.0,MARGIN CALL ($0)
69,24,0.0,46,8,38,1.0,-100.0,17.391304347826086,MARGIN CALL ($0)
4,76,0.0,11,0,11,1.0,-100.0,0.0,MARGIN CALL ($0)
4,77,0.0,11,0,11,1.0,-100.0,0.0,MARGIN CALL ($0)
69,27,0.0,70,7,63,1.0,-100.0,10.0,MARGIN CALL ($0)
69,28,0.0,48,5,43,1.0,-100.0,10.416666666666668,MARGIN CALL ($0)
69,29,0.0,17,2,15,1.0,-100.0,11.76470588235294,MARGIN CALL ($0)
69,30,0.0,17,2,15,1.0,-100.0,11.76470588235294,MARGIN CALL ($0)
69,31,0.0,42,5,37,1.0,-100.0,11.904761904761903,MARGIN CALL ($0)
69,32,0.0,42,5,37,1.0,-100.0,11.904761904761903,MARGIN CALL ($0)
69,33,0.0,42,5,37,1.0,-100.0,11.904761904761903,MARGIN CALL ($0)
69,34,0.0,25,4,21,1.0,-100.0,16.0,MARGIN CALL ($0)
69,35,0.0,25,4,21,1.0,-100.0,16.0,MARGIN CALL ($0)
69,36,0.0,23,4,19,1.0,-100.0,17.391304347826086,MARGIN CALL ($0)
69,37,0.0,23,4,19,1.0,-100.0,17.391304347826086,MARGIN CALL ($0)
69,38,0.0,23,3,20,1.0,-100.0,13.043478260869565,MARGIN CALL ($0)
69,39,0.0,28,4,24,1.0,-100.0,14.285714285714285,MARGIN CALL ($0)
69,40,0.0,28,4,24,1.0,-100.0,14.285714285714285,MARGIN CALL ($0)
69,41,0.0,30,4,26,1.0,-100.0,13.333333333333334,MARGIN CALL ($0)
69,42,0.0,33,5,28,1.0,-100.0,15.151515151515152,MARGIN CALL ($0)
69,43,0.0,35,5,30,1.0,-100.0,14.285714285714285,MARGIN CALL ($0)
69,44,0.0,37,6,31,1.0,-100.0,16.216216216216218,MARGIN CALL ($0)
69,45,0.0,38,6,32,1.0,-100.0,15.789473684210526,MARGIN CALL ($0)
69,46,0.0,30,4,26,1.0,-100.0,13.333333333333334,MARGIN CALL ($0)
4,78,0.0,11,0,11,1.0,-100.0,0.0,MARGIN CALL ($0)
4,79,0.0,11,0,11,1.0,-100.0,0.0,MARGIN CALL ($0)
4,80,0.0,11,0,11,1.0,-100.0,0.0,MARGIN CALL ($0)
4,81,0.0,11,0,11,1.0,-100.0,0.0,MARGIN CALL ($0)
4,82,0.0,11,0,11,1.0,-100.0,0.0,MARGIN CALL ($0)
4,83,0.0,11,0,11,1.0,-100.0,0.0,MARGIN CALL ($0)
69,53,0.0,169,16,153,1.0,-100.0,9.467455621301776,MARGIN CALL ($0)
69,54,0.0,15,0,15,1.0,-100.0,0.0,MARGIN CALL ($0)
69,55,0.0,15,0,15,1.0,-100.0,0.0,MARGIN CALL ($0)
69,56,0.0,15,0,15,1.0,-100.0,0.0,MARGIN CALL ($0)
69,57,0.0,14,0,14,1.0,-100.0,0.0,MARGIN CALL ($0)
69,58,0.0,13,0,13,1.0,-100.0,0.0,MARGIN CALL ($0)
69,59,0.0,12,0,12,1.0,-100.0,0.0,MARGIN CALL ($0)
69,60,0.0,12,0,12,1.0,-100.0,0.0,MARGIN CALL ($0)
69,61,0.0,13,0,13,1.0,-100.0,0.0,MARGIN CALL ($0)
69,62,0.0,13,0,13,1.0,-100.0,0.0,MARGIN CALL ($0)
69,63,0.0,12,0,12,1.0,-100.0,0.0,MARGIN CALL ($0)
69,64,0.0,12,0,12,1.0,-100.0,0.0,MARGIN CALL ($0)
69,65,0.0,12,0,12,1.0,-100.0,0.0,MARGIN CALL ($0)
69,66,0.0,11,0,11,1.0,-100.0,0.0,MARGIN CALL ($0)
69,67,0.0,11,0,11,1.0,-100.0,0.0,MARGIN CALL ($0)
69,68,0.0,10,0,10,1.0,-100.0,0.0,MARGIN CALL ($0)
69,69,0.0,98,11,87,1.0,-100.0,11.224489795918368,MARGIN CALL ($0)
69,70,0.0,127,13,114,1.0,-100.0,10.236220472440944,MARGIN CALL ($0)
69,71,0.0,19,3,16,1.0,-100.0,15.789473684210526,MARGIN CALL ($0)
69,72,0.0,20,3,17,1.0,-100.0,15.0,MARGIN CALL ($0)
69,73,0.0,20,3,17,1.0,-100.0,15.0,MARGIN CALL ($0)
69,74,0.0,20,3,17,1.0,-100.0,15.0,MARGIN CALL ($0)
69,75,0.0,14,2,12,1.0,-100.0,14.285714285714285,MARGIN CALL ($0)
69,76,0.0,13,2,11,1.0,-100.0,15.384615384615385,MARGIN CALL ($0)
69,77,0.0,15,2,13,1.0,-100.0,13.333333333333334,MARGIN CALL ($0)
69,78,0.0,18,4,14,1.0,-100.0,22.22222222222222,MARGIN CALL ($0)
69,79,0.0,18,4,14,1.0,-100.0,22.22222222222222,MARGIN CALL ($0)
69,80,0.0,168,22,146,1.0,-100.0,13.095238095238097,MARGIN CALL ($0)
4,84,0.0,11,0,11,1.0,-100.0,0.0,MARGIN CALL ($0)
4,85,0.0,11,0,11,1.0,-100.0,0.0,MARGIN CALL ($0)
4,86,0.0,11,0,11,1.0,-100.0,0.0,MARGIN CALL ($0)
69,84,0.0,22,3,19,1.0,-100.0,13.636363636363635,MARGIN CALL ($0)
69,85,0.0,19,2,17,1.0,-100.0,10.526315789473683,MARGIN CALL ($0)
69,86,0.0,19,2,17,1.0,-100.0,10.526315789473683,MARGIN CALL ($0)
69,87,0.0,18,2,16,1.0,-100.0,11.11111111111111,MARGIN CALL ($0)
69,88,0.0,18,2,16,1.0,-100.0,11.11111111111111,MARGIN CALL ($0)
69,89,0.0,18,2,16,1.0,-100.0,11.11111111111111,MARGIN CALL ($0)
69,90,0.0,17,2,15,1.0,-100.0,11.76470588235294,MARGIN CALL ($0)
69,91,0.0,16,2,14,1.0,-100.0,12.5,MARGIN CALL ($0)
69,92,0.0,18,2,16,1.0,-100.0,11.11111111111111,MARGIN CALL ($0)
69,93,0.0,19,2,17,1.0,-100.0,10.526315789473683,MARGIN CALL ($0)
69,94,0.0,19,2,17,1.0,-100.0,10.526315789473683,MARGIN CALL ($0)
69,95,0.0,18,2,16,1.0,-100.0,11.11111111111111,MARGIN CALL ($0)
69,96,0.0,18,2,16,1.0,-100.0,11.11111111111111,MARGIN CALL ($0)
69,97,0.0,18,2,16,1.0,-100.0,11.11111111111111,MARGIN CALL ($0)
69,98,0.0,19,2,17,1.0,-100.0,10.526315789473683,MARGIN CALL ($0)
69,99,0.0,18,2,16,1.0,-100.0,11.11111111111111,MARGIN CALL ($0)
69,100,0.0,18,2,16,1.0,-100.0,11.11111111111111,MARGIN CALL ($0)
70,1,0.0,48,7,41,1.0,-100.0,14.583333333333334,MARGIN CALL ($0)
70,2,0.0,57,7,50,1.0,-100.0,12.280701754385964,MARGIN CALL ($0)
70,3,0.0,58,7,51,1.0,-100.0,12.068965517241379,MARGIN CALL ($0)
70,4,0.0,80,13,67,1.0,-100.0,16.25,MARGIN CALL ($0)
70,5,0.0,67,10,57,1.0,-100.0,14.925373134328357,MARGIN CALL ($0)
70,6,0.0,784,176,608,1.0,-100.0,22.448979591836736,MARGIN CALL ($0)
70,7,0.0,53,6,47,1.0,-100.0,11.320754716981133,MARGIN CALL ($0)
70,8,0.0,15,0,15,1.0,-100.0,0.0,MARGIN CALL ($0)
70,9,0.0,16,1,15,1.0,-100.0,6.25,MARGIN CALL ($0)
70,10,0.0,15,1,14,1.0,-100.0,6.666666666666667,MARGIN CALL ($0)
70,11,0.0,15,1,14,1.0,-100.0,6.666666666666667,MARGIN CALL ($0)
70,12,0.0,48,9,39,1.0,-100.0,18.75,MARGIN CALL ($0)
70,13,0.0,53,9,44,1.0,-100.0,16.9811320754717,MARGIN CALL ($0)
70,14,0.0,42,9,33,1.0,-100.0,21.428571428571427,MARGIN CALL ($0)
4,87,0.0,11,0,11,1.0,-100.0,0.0,MARGIN CALL ($0)
4,88,0.0,11,0,11,1.0,-100.0,0.0,MARGIN CALL ($0)
4,89,0.0,11,0,11,1.0,-100.0,0.0,MARGIN CALL ($0)
4,90,0.0,11,0,11,1.0,-100.0,0.0,MARGIN CALL ($0)
4,91,0.0,11,0,11,1.0,-100.0,0.0,MARGIN CALL ($0)
4,92,0.0,11,0,11,1.0,-100.0,0.0,MARGIN CALL ($0)
70,21,0.0,21,1,20,1.0,-100.0,4.761904761904762,MARGIN CALL ($0)
70,22,0.0,43,9,34,1.0,-100.0,20.930232558139537,MARGIN CALL ($0)
70,23,0.0,35,7,28,1.0,-100.0,20.0,MARGIN CALL ($0)
70,24,0.0,46,8,38,1.0,-100.0,17.391304347826086,MARGIN CALL ($0)
4,93,0.0,11,0,11,1.0,-100.0,0.0,MARGIN CALL ($0)
4,94,0.0,11,0,11,1.0,-100.0,0.0,MARGIN CALL ($0)
70,27,0.0,70,7,63,1.0,-100.0,10.0,MARGIN CALL ($0)
70,28,0.0,48,5,43,1.0,-100.0,10.416666666666668,MARGIN CALL ($0)
70,29,0.0,17,2,15,1.0,-100.0,11.76470588235294,MARGIN CALL ($0)
70,30,0.0,17,2,15,1.0,-100.0,11.76470588235294,MARGIN CALL ($0)
70,31,0.0,42,5,37,1.0,-100.0,11.904761904761903,MARGIN CALL ($0)
70,32,0.0,42,5,37,1.0,-100.0,11.904761904761903,MARGIN CALL ($0)
70,33,0.0,43,5,38,1.0,-100.0,11.627906976744185,MARGIN CALL ($0)
70,34,0.0,23,4,19,1.0,-100.0,17.391304347826086,MARGIN CALL ($0)
70,35,0.0,23,4,19,1.0,-100.0,17.391304347826086,MARGIN CALL ($0)
70,36,0.0,24,4,20,1.0,-100.0,16.666666666666664,MARGIN CALL ($0)
70,37,0.0,24,4,20,1.0,-100.0,16.666666666666664,MARGIN CALL ($0)
70,38,0.0,23,3,20,1.0,-100.0,13.043478260869565,MARGIN CALL ($0)
70,39,0.0,29,4,25,1.0,-100.0,13.793103448275861,MARGIN CALL ($0)
70,40,0.0,29,4,25,1.0,-100.0,13.793103448275861,MARGIN CALL ($0)
70,41,0.0,30,4,26,1.0,-100.0,13.333333333333334,MARGIN CALL ($0)
70,42,0.0,34,5,29,1.0,-100.0,14.705882352941178,MARGIN CALL ($0)
70,43,0.0,35,5,30,1.0,-100.0,14.285714285714285,MARGIN CALL ($0)
70,44,0.0,37,6,31,1.0,-100.0,16.216216216216218,MARGIN CALL ($0)
70,45,0.0,38,6,32,1.0,-100.0,15.789473684210526,MARGIN CALL ($0)
70,46,0.0,30,4,26,1.0,-100.0,13.333333333333334,MARGIN CALL ($0)
4,95,0.0,11,0,11,1.0,-100.0,0.0,MARGIN CALL ($0)
4,96,0.0,9,0,9,1.0,-100.0,0.0,MARGIN CALL ($0)
4,97,0.0,9,0,9,1.0,-100.0,0.0,MARGIN CALL ($0)
4,98,0.0,9,0,9,1.0,-100.0,0.0,MARGIN CALL ($0)
4,99,0.0,8,0,8,1.0,-100.0,0.0,MARGIN CALL ($0)
4,100,0.0,8,3,5,1.0,-100.0,37.5,MARGIN CALL ($0)
5,1,0.0,79,14,65,1.0,-100.0,17.72151898734177,MARGIN CALL ($0)
70,54,0.0,15,0,15,1.0,-100.0,0.0,MARGIN CALL ($0)
70,55,0.0,15,0,15,1.0,-100.0,0.0,MARGIN CALL ($0)
70,56,0.0,15,0,15,1.0,-100.0,0.0,MARGIN CALL ($0)
70,57,0.0,15,0,15,1.0,-100.0,0.0,MARGIN CALL ($0)
70,58,0.0,14,0,14,1.0,-100.0,0.0,MARGIN CALL ($0)
70,59,0.0,13,0,13,1.0,-100.0,0.0,MARGIN CALL ($0)
70,60,0.0,13,0,13,1.0,-100.0,0.0,MARGIN CALL ($0)
70,61,0.0,14,0,14,1.0,-100.0,0.0,MARGIN CALL ($0)
70,62,0.0,14,0,14,1.0,-100.0,0.0,MARGIN CALL ($0)
70,63,0.0,13,0,13,1.0,-100.0,0.0,MARGIN CALL ($0)
70,64,0.0,13,0,13,1.0,-100.0,0.0,MARGIN CALL ($0)
70,65,0.0,13,0,13,1.0,-100.0,0.0,MARGIN CALL ($0)
70,66,0.0,12,0,12,1.0,-100.0,0.0,MARGIN CALL ($0)
70,67,0.0,11,0,11,1.0,-100.0,0.0,MARGIN CALL ($0)
70,68,0.0,11,0,11,1.0,-100.0,0.0,MARGIN CALL ($0)
70,69,0.0,128,13,115,1.0,-100.0,10.15625,MARGIN CALL ($0)
5,2,0.0,57,7,50,1.0,-100.0,12.280701754385964,MARGIN CALL ($0)
70,71,0.0,130,13,117,1.0,-100.0,10.0,MARGIN CALL ($0)
70,72,0.0,129,14,115,1.0,-100.0,10.852713178294573,MARGIN CALL ($0)
70,73,0.0,132,15,117,1.0,-100.0,11.363636363636363,MARGIN CALL ($0)
70,74,0.0,131,16,115,1.0,-100.0,12.213740458015266,MARGIN CALL ($0)
70,75,0.0,14,2,12,1.0,-100.0,14.285714285714285,MARGIN CALL ($0)
70,76,0.0,13,2,11,1.0,-100.0,15.384615384615385,MARGIN CALL ($0)
70,77,0.0,15,2,13,1.0,-100.0,13.333333333333334,MARGIN CALL ($0)
70,78,0.0,18,4,14,1.0,-100.0,22.22222222222222,MARGIN CALL ($0)
70,79,0.0,18,4,14,1.0,-100.0,22.22222222222222,MARGIN CALL ($0)
70,80,0.0,173,25,148,1.0,-100.0,14.450867052023122,MARGIN CALL ($0)
5,3,0.0,57,7,50,1.0,-100.0,12.280701754385964,MARGIN CALL ($0)
5,4,0.0,51,6,45,1.0,-100.0,11.76470588235294,MARGIN CALL ($0)
5,5,0.0,37,3,34,1.0,-100.0,8.108108108108109,MARGIN CALL ($0)
70,84,0.0,22,3,19,1.0,-100.0,13.636363636363635,MARGIN CALL ($0)
70,85,0.0,19,2,17,1.0,-100.0,10.526315789473683,MARGIN CALL ($0)
70,86,0.0,19,2,17,1.0,-100.0,10.526315789473683,MARGIN CALL ($0)
70,87,0.0,18,2,16,1.0,-100.0,11.11111111111111,MARGIN CALL ($0)
70,88,0.0,18,2,16,1.0,-100.0,11.11111111111111,MARGIN CALL ($0)
70,89,0.0,17,2,15,1.0,-100.0,11.76470588235294,MARGIN CALL ($0)
70,90,0.0,17,2,15,1.0,-100.0,11.76470588235294,MARGIN CALL ($0)
70,91,0.0,16,2,14,1.0,-100.0,12.5,MARGIN CALL ($0)
70,92,0.0,18,2,16,1.0,-100.0,11.11111111111111,MARGIN CALL ($0)
70,93,0.0,19,2,17,1.0,-100.0,10.526315789473683,MARGIN CALL ($0)
70,94,0.0,19,2,17,1.0,-100.0,10.526315789473683,MARGIN CALL ($0)
70,95,0.0,18,2,16,1.0,-100.0,11.11111111111111,MARGIN CALL ($0)
70,96,0.0,18,2,16,1.0,-100.0,11.11111111111111,MARGIN CALL ($0)
70,97,0.0,18,2,16,1.0,-100.0,11.11111111111111,MARGIN CALL ($0)
70,98,0.0,19,2,17,1.0,-100.0,10.526315789473683,MARGIN CALL ($0)
70,99,0.0,18,2,16,1.0,-100.0,11.11111111111111,MARGIN CALL ($0)
70,100,0.0,18,2,16,1.0,-100.0,11.11111111111111,MARGIN CALL ($0)
71,1,0.0,49,7,42,1.0,-100.0,14.285714285714285,MARGIN CALL ($0)
71,2,0.0,57,7,50,1.0,-100.0,12.280701754385964,MARGIN CALL ($0)
71,3,0.0,58,7,51,1.0,-100.0,12.068965517241379,MARGIN CALL ($0)
71,4,0.0,80,13,67,1.0,-100.0,16.25,MARGIN CALL ($0)
71,5,0.0,67,10,57,1.0,-100.0,14.925373134328357,MARGIN CALL ($0)
71,6,0.0,772,172,600,1.0,-100.0,22.279792746113987,MARGIN CALL ($0)
71,7,0.0,53,6,47,1.0,-100.0,11.320754716981133,MARGIN CALL ($0)
71,8,0.0,15,0,15,1.0,-100.0,0.0,MARGIN CALL ($0)
71,9,0.0,16,1,15,1.0,-100.0,6.25,MARGIN CALL ($0)
71,10,0.0,15,1,14,1.0,-100.0,6.666666666666667,MARGIN CALL ($0)
71,11,0.0,15,1,14,1.0,-100.0,6.666666666666667,MARGIN CALL ($0)
71,12,0.0,53,11,42,1.0,-100.0,20.754716981132077,MARGIN CALL ($0)
71,13,0.0,53,10,43,1.0,-100.0,18.867924528301888,MARGIN CALL ($0)
71,14,0.0,34,6,28,1.0,-100.0,17.647058823529413,MARGIN CALL ($0)
71,15,0.0,62,11,51,1.0,-100.0,17.741935483870968,MARGIN CALL ($0)
5,6,0.0,48,8,40,1.0,-100.0,16.666666666666664,MARGIN CALL ($0)
5,7,0.0,46,7,39,1.0,-100.0,15.217391304347828,MARGIN CALL ($0)
5,8,0.0,42,5,37,1.0,-100.0,11.904761904761903,MARGIN CALL ($0)
5,9,0.0,50,10,40,1.0,-100.0,20.0,MARGIN CALL ($0)
71,20,0.0,78,18,60,1.0,-100.0,23.076923076923077,MARGIN CALL ($0)
71,21,0.0,21,1,20,1.0,-100.0,4.761904761904762,MARGIN CALL ($0)
71,22,0.0,36,8,28,1.0,-100.0,22.22222222222222,MARGIN CALL ($0)
71,23,0.0,30,7,23,1.0,-100.0,23.333333333333332,MARGIN CALL ($0)
71,24,0.0,42,8,34,1.0,-100.0,19.047619047619047,MARGIN CALL ($0)
5,10,0.0,51,10,41,1.0,-100.0,19.607843137254903,MARGIN CALL ($0)
5,11,0.0,51,10,41,1.0,-100.0,19.607843137254903,MARGIN CALL ($0)
71,27,0.0,70,7,63,1.0,-100.0,10.0,MARGIN CALL ($0)
71,28,0.0,47,5,42,1.0,-100.0,10.638297872340425,MARGIN CALL ($0)
71,29,0.0,18,2,16,1.0,-100.0,11.11111111111111,MARGIN CALL ($0)
71,30,0.0,16,2,14,1.0,-100.0,12.5,MARGIN CALL ($0)
71,31,0.0,41,5,36,1.0,-100.0,12.195121951219512,MARGIN CALL ($0)
71,32,0.0,41,5,36,1.0,-100.0,12.195121951219512,MARGIN CALL ($0)
71,33,0.0,42,5,37,1.0,-100.0,11.904761904761903,MARGIN CALL ($0)
71,34,0.0,23,4,19,1.0,-100.0,17.391304347826086,MARGIN CALL ($0)
71,35,0.0,23,4,19,1.0,-100.0,17.391304347826086,MARGIN CALL ($0)
71,36,0.0,20,3,17,1.0,-100.0,15.0,MARGIN CALL ($0)
71,37,0.0,22,3,19,1.0,-100.0,13.636363636363635,MARGIN CALL ($0)
71,38,0.0,21,3,18,1.0,-100.0,14.285714285714285,MARGIN CALL ($0)
71,39,0.0,30,4,26,1.0,-100.0,13.333333333333334,MARGIN CALL ($0)
71,40,0.0,29,4,25,1.0,-100.0,13.793103448275861,MARGIN CALL ($0)
71,41,0.0,25,3,22,1.0,-100.0,12.0,MARGIN CALL ($0)
71,42,0.0,35,5,30,1.0,-100.0,14.285714285714285,MARGIN CALL ($0)
71,43,0.0,32,5,27,1.0,-100.0,15.625,MARGIN CALL ($0)
71,44,0.0,35,6,29,1.0,-100.0,17.142857142857142,MARGIN CALL ($0)
71,45,0.0,35,6,29,1.0,-100.0,17.142857142857142,MARGIN CALL ($0)
71,46,0.0,30,4,26,1.0,-100.0,13.333333333333334,MARGIN CALL ($0)
71,47,0.0,26,4,22,1.0,-100.0,15.384615384615385,MARGIN CALL ($0)
71,48,0.0,25,4,21,1.0,-100.0,16.0,MARGIN CALL ($0)
71,49,0.0,25,4,21,1.0,-100.0,16.0,MARGIN CALL ($0)
5,12,0.0,58,12,46,1.0,-100.0,20.689655172413794,MARGIN CALL ($0)
5,13,0.0,148,35,113,1.0,-100.0,23.64864864864865,MARGIN CALL ($0)
5,14,0.0,151,35,116,1.0,-100.0,23.178807947019866,MARGIN CALL ($0)
71,53,0.0,221,21,200,1.0,-100.0,9.502262443438914,MARGIN CALL ($0)
71,54,0.0,14,0,14,1.0,-100.0,0.0,MARGIN CALL ($0)
71,55,0.0,14,0,14,1.0,-100.0,0.0,MARGIN CALL ($0)
71,56,0.0,14,0,14,1.0,-100.0,0.0,MARGIN CALL ($0)
71,57,0.0,13,0,13,1.0,-100.0,0.0,MARGIN CALL ($0)
71,58,0.0,14,0,14,1.0,-100.0,0.0,MARGIN CALL ($0)
71,59,0.0,13,0,13,1.0,-100.0,0.0,MARGIN CALL ($0)
71,60,0.0,13,0,13,1.0,-100.0,0.0,MARGIN CALL ($0)
71,61,0.0,13,0,13,1.0,-100.0,0.0,MARGIN CALL ($0)
71,62,0.0,13,0,13,1.0,-100.0,0.0,MARGIN CALL ($0)
71,63,0.0,13,0,13,1.0,-100.0,0.0,MARGIN CALL ($0)
71,64,0.0,13,0,13,1.0,-100.0,0.0,MARGIN CALL ($0)
71,65,0.0,13,0,13,1.0,-100.0,0.0,MARGIN CALL ($0)
71,66,0.0,12,0,12,1.0,-100.0,0.0,MARGIN CALL ($0)
71,67,0.0,12,0,12,1.0,-100.0,0.0,MARGIN CALL ($0)
71,68,0.0,11,0,11,1.0,-100.0,0.0,MARGIN CALL ($0)
71,69,0.0,124,13,111,1.0,-100.0,10.483870967741936,MARGIN CALL ($0)
71,70,0.0,129,13,116,1.0,-100.0,10.077519379844961,MARGIN CALL ($0)
71,71,0.0,21,3,18,1.0,-100.0,14.285714285714285,MARGIN CALL ($0)
71,72,0.0,21,3,18,1.0,-100.0,14.285714285714285,MARGIN CALL ($0)
71,73,0.0,21,3,18,1.0,-100.0,14.285714285714285,MARGIN CALL ($0)
71,74,0.0,20,3,17,1.0,-100.0,15.0,MARGIN CALL ($0)
71,75,0.0,14,2,12,1.0,-100.0,14.285714285714285,MARGIN CALL ($0)
71,76,0.0,13,2,11,1.0,-100.0,15.384615384615385,MARGIN CALL ($0)
71,77,0.0,15,2,13,1.0,-100.0,13.333333333333334,MARGIN CALL ($0)
71,78,0.0,18,4,14,1.0,-100.0,22.22222222222222,MARGIN CALL ($0)
71,79,0.0,18,4,14,1.0,-100.0,22.22222222222222,MARGIN CALL ($0)
71,80,0.0,32,6,26,1.0,-100.0,18.75,MARGIN CALL ($0)
71,81,0.0,78,11,67,1.0,-100.0,14.102564102564102,MARGIN CALL ($0)
71,82,0.0,80,10,70,1.0,-100.0,12.5,MARGIN CALL ($0)
71,83,0.0,81,10,71,1.0,-100.0,12.345679012345679,MARGIN CALL ($0)
71,84,0.0,22,3,19,1.0,-100.0,13.636363636363635,MARGIN CALL ($0)
71,85,0.0,19,2,17,1.0,-100.0,10.526315789473683,MARGIN CALL ($0)
71,86,0.0,19,2,17,1.0,-100.0,10.526315789473683,MARGIN CALL ($0)
71,87,0.0,18,2,16,1.0,-100.0,11.11111111111111,MARGIN CALL ($0)
71,88,0.0,18,2,16,1.0,-100.0,11.11111111111111,MARGIN CALL ($0)
71,89,0.0,17,2,15,1.0,-100.0,11.76470588235294,MARGIN CALL ($0)
71,90,0.0,17,2,15,1.0,-100.0,11.76470588235294,MARGIN CALL ($0)
71,91,0.0,16,2,14,1.0,-100.0,12.5,MARGIN CALL ($0)
71,92,0.0,18,2,16,1.0,-100.0,11.11111111111111,MARGIN CALL ($0)
71,93,0.0,17,2,15,1.0,-100.0,11.76470588235294,MARGIN CALL ($0)
71,94,0.0,17,2,15,1.0,-100.0,11.76470588235294,MARGIN CALL ($0)
71,95,0.0,18,2,16,1.0,-100.0,11.11111111111111,MARGIN CALL ($0)
71,96,0.0,18,2,16,1.0,-100.0,11.11111111111111,MARGIN CALL ($0)
71,97,0.0,18,2,16,1.0,-100.0,11.11111111111111,MARGIN CALL ($0)
71,98,0.0,17,2,15,1.0,-100.0,11.76470588235294,MARGIN CALL ($0)
71,99,0.0,16,2,14,1.0,-100.0,12.5,MARGIN CALL ($0)
71,100,0.0,16,2,14,1.0,-100.0,12.5,MARGIN CALL ($0)
72,1,0.0,49,7,42,1.0,-100.0,14.285714285714285,MARGIN CALL ($0)
72,2,0.0,57,7,50,1.0,-100.0,12.280701754385964,MARGIN CALL ($0)
72,3,0.0,58,7,51,1.0,-100.0,12.068965517241379,MARGIN CALL ($0)
72,4,0.0,80,13,67,1.0,-100.0,16.25,MARGIN CALL ($0)
72,5,0.0,67,10,57,1.0,-100.0,14.925373134328357,MARGIN CALL ($0)
72,6,0.0,759,168,591,1.0,-100.0,22.134387351778656,MARGIN CALL ($0)
72,7,0.0,53,6,47,1.0,-100.0,11.320754716981133,MARGIN CALL ($0)
72,8,0.0,15,0,15,1.0,-100.0,0.0,MARGIN CALL ($0)
72,9,0.0,16,1,15,1.0,-100.0,6.25,MARGIN CALL ($0)
72,10,0.0,15,1,14,1.0,-100.0,6.666666666666667,MARGIN CALL ($0)
72,11,0.0,15,1,14,1.0,-100.0,6.666666666666667,MARGIN CALL ($0)
72,12,0.0,53,11,42,1.0,-100.0,20.754716981132077,MARGIN CALL ($0)
72,13,0.0,53,10,43,1.0,-100.0,18.867924528301888,MARGIN CALL ($0)
72,14,0.0,34,6,28,1.0,-100.0,17.647058823529413,MARGIN CALL ($0)
72,15,0.0,62,11,51,1.0,-100.0,17.741935483870968,MARGIN CALL ($0)
5,15,0.0,48,7,41,1.0,-100.0,14.583333333333334,MARGIN CALL ($0)
5,16,0.0,158,37,121,1.0,-100.0,23.417721518987342,MARGIN CALL ($0)
5,17,0.0,61,10,51,1.0,-100.0,16.39344262295082,MARGIN CALL ($0)
72,19,0.0,93,23,70,1.0,-100.0,24.731182795698924,MARGIN CALL ($0)
72,20,0.0,78,18,60,1.0,-100.0,23.076923076923077,MARGIN CALL ($0)
72,21,0.0,21,1,20,1.0,-100.0,4.761904761904762,MARGIN CALL ($0)
72,22,0.0,36,8,28,1.0,-100.0,22.22222222222222,MARGIN CALL ($0)
72,23,0.0,30,7,23,1.0,-100.0,23.333333333333332,MARGIN CALL ($0)
72,24,0.0,41,8,33,1.0,-100.0,19.51219512195122,MARGIN CALL ($0)
5,18,0.0,50,5,45,1.0,-100.0,10.0,MARGIN CALL ($0)
5,19,0.0,49,5,44,1.0,-100.0,10.204081632653061,MARGIN CALL ($0)
72,27,0.0,69,7,62,1.0,-100.0,10.144927536231885,MARGIN CALL ($0)
72,28,0.0,47,5,42,1.0,-100.0,10.638297872340425,MARGIN CALL ($0)
72,29,0.0,18,2,16,1.0,-100.0,11.11111111111111,MARGIN CALL ($0)
72,30,0.0,16,2,14,1.0,-100.0,12.5,MARGIN CALL ($0)
72,31,0.0,41,5,36,1.0,-100.0,12.195121951219512,MARGIN CALL ($0)
72,32,0.0,42,5,37,1.0,-100.0,11.904761904761903,MARGIN CALL ($0)
72,33,0.0,43,5,38,1.0,-100.0,11.627906976744185,MARGIN CALL ($0)
72,34,0.0,23,4,19,1.0,-100.0,17.391304347826086,MARGIN CALL ($0)
72,35,0.0,23,4,19,1.0,-100.0,17.391304347826086,MARGIN CALL ($0)
72,36,0.0,20,3,17,1.0,-100.0,15.0,MARGIN CALL ($0)
72,37,0.0,22,3,19,1.0,-100.0,13.636363636363635,MARGIN CALL ($0)
72,38,0.0,21,3,18,1.0,-100.0,14.285714285714285,MARGIN CALL ($0)
72,39,0.0,30,4,26,1.0,-100.0,13.333333333333334,MARGIN CALL ($0)
72,40,0.0,29,4,25,1.0,-100.0,13.793103448275861,MARGIN CALL ($0)
72,41,0.0,25,3,22,1.0,-100.0,12.0,MARGIN CALL ($0)
72,42,0.0,35,5,30,1.0,-100.0,14.285714285714285,MARGIN CALL ($0)
72,43,0.0,32,5,27,1.0,-100.0,15.625,MARGIN CALL ($0)
72,44,0.0,35,6,29,1.0,-100.0,17.142857142857142,MARGIN CALL ($0)
72,45,0.0,35,6,29,1.0,-100.0,17.142857142857142,MARGIN CALL ($0)
72,46,0.0,30,4,26,1.0,-100.0,13.333333333333334,MARGIN CALL ($0)
72,47,0.0,26,4,22,1.0,-100.0,15.384615384615385,MARGIN CALL ($0)
72,48,0.0,25,4,21,1.0,-100.0,16.0,MARGIN CALL ($0)
5,20,0.0,49,5,44,1.0,-100.0,10.204081632653061,MARGIN CALL ($0)
5,21,0.0,46,4,42,1.0,-100.0,8.695652173913043,MARGIN CALL ($0)
5,22,0.0,46,4,42,1.0,-100.0,8.695652173913043,MARGIN CALL ($0)
5,23,0.0,45,4,41,1.0,-100.0,8.88888888888889,MARGIN CALL ($0)
72,53,0.0,201,20,181,1.0,-100.0,9.950248756218906,MARGIN CALL ($0)
72,54,0.0,14,0,14,1.0,-100.0,0.0,MARGIN CALL ($0)
72,55,0.0,14,0,14,1.0,-100.0,0.0,MARGIN CALL ($0)
72,56,0.0,14,0,14,1.0,-100.0,0.0,MARGIN CALL ($0)
72,57,0.0,13,0,13,1.0,-100.0,0.0,MARGIN CALL ($0)
72,58,0.0,14,0,14,1.0,-100.0,0.0,MARGIN CALL ($0)
72,59,0.0,13,0,13,1.0,-100.0,0.0,MARGIN CALL ($0)
72,60,0.0,13,0,13,1.0,-100.0,0.0,MARGIN CALL ($0)
72,61,0.0,13,0,13,1.0,-100.0,0.0,MARGIN CALL ($0)
72,62,0.0,13,0,13,1.0,-100.0,0.0,MARGIN CALL ($0)
72,63,0.0,13,0,13,1.0,-100.0,0.0,MARGIN CALL ($0)
72,64,0.0,13,0,13,1.0,-100.0,0.0,MARGIN CALL ($0)
72,65,0.0,13,0,13,1.0,-100.0,0.0,MARGIN CALL ($0)
72,66,0.0,12,0,12,1.0,-100.0,0.0,MARGIN CALL ($0)
72,67,0.0,12,0,12,1.0,-100.0,0.0,MARGIN CALL ($0)
72,68,0.0,11,0,11,1.0,-100.0,0.0,MARGIN CALL ($0)
72,69,0.0,122,14,108,1.0,-100.0,11.475409836065573,MARGIN CALL ($0)
72,70,0.0,127,14,113,1.0,-100.0,11.023622047244094,MARGIN CALL ($0)
72,71,0.0,21,3,18,1.0,-100.0,14.285714285714285,MARGIN CALL ($0)
72,72,0.0,21,3,18,1.0,-100.0,14.285714285714285,MARGIN CALL ($0)
72,73,0.0,21,3,18,1.0,-100.0,14.285714285714285,MARGIN CALL ($0)
72,74,0.0,21,3,18,1.0,-100.0,14.285714285714285,MARGIN CALL ($0)
72,75,0.0,14,2,12,1.0,-100.0,14.285714285714285,MARGIN CALL ($0)
72,76,0.0,14,2,12,1.0,-100.0,14.285714285714285,MARGIN CALL ($0)
72,77,0.0,16,2,14,1.0,-100.0,12.5,MARGIN CALL ($0)
72,78,0.0,19,4,15,1.0,-100.0,21.052631578947366,MARGIN CALL ($0)
72,79,0.0,19,4,15,1.0,-100.0,21.052631578947366,MARGIN CALL ($0)
72,80,0.0,46,8,38,1.0,-100.0,17.391304347826086,MARGIN CALL ($0)
72,81,0.0,66,10,56,1.0,-100.0,15.151515151515152,MARGIN CALL ($0)
72,82,0.0,68,9,59,1.0,-100.0,13.23529411764706,MARGIN CALL ($0)
72,83,0.0,49,7,42,1.0,-100.0,14.285714285714285,MARGIN CALL ($0)
72,84,0.0,22,3,19,1.0,-100.0,13.636363636363635,MARGIN CALL ($0)
72,85,0.0,19,2,17,1.0,-100.0,10.526315789473683,MARGIN CALL ($0)
72,86,0.0,19,2,17,1.0,-100.0,10.526315789473683,MARGIN CALL ($0)
72,87,0.0,18,2,16,1.0,-100.0,11.11111111111111,MARGIN CALL ($0)
72,88,0.0,18,2,16,1.0,-100.0,11.11111111111111,MARGIN CALL ($0)
72,89,0.0,17,2,15,1.0,-100.0,11.76470588235294,MARGIN CALL ($0)
72,90,0.0,17,2,15,1.0,-100.0,11.76470588235294,MARGIN CALL ($0)
72,91,0.0,16,2,14,1.0,-100.0,12.5,MARGIN CALL ($0)
72,92,0.0,18,2,16,1.0,-100.0,11.11111111111111,MARGIN CALL ($0)
72,93,0.0,17,2,15,1.0,-100.0,11.76470588235294,MARGIN CALL ($0)
72,94,0.0,17,2,15,1.0,-100.0,11.76470588235294,MARGIN CALL ($0)
72,95,0.0,18,2,16,1.0,-100.0,11.11111111111111,MARGIN CALL ($0)
72,96,0.0,18,2,16,1.0,-100.0,11.11111111111111,MARGIN CALL ($0)
72,97,0.0,18,2,16,1.0,-100.0,11.11111111111111,MARGIN CALL ($0)
72,98,0.0,17,2,15,1.0,-100.0,11.76470588235294,MARGIN CALL ($0)
72,99,0.0,16,2,14,1.0,-100.0,12.5,MARGIN CALL ($0)
72,100,0.0,16,2,14,1.0,-100.0,12.5,MARGIN CALL ($0)
73,1,0.0,49,7,42,1.0,-100.0,14.285714285714285,MARGIN CALL ($0)
73,2,0.0,57,7,50,1.0,-100.0,12.280701754385964,MARGIN CALL ($0)
73,3,0.0,58,7,51,1.0,-100.0,12.068965517241379,MARGIN CALL ($0)
73,4,0.0,80,13,67,1.0,-100.0,16.25,MARGIN CALL ($0)
73,5,0.0,67,10,57,1.0,-100.0,14.925373134328357,MARGIN CALL ($0)
73,6,0.0,759,168,591,1.0,-100.0,22.134387351778656,MARGIN CALL ($0)
73,7,0.0,53,6,47,1.0,-100.0,11.320754716981133,MARGIN CALL ($0)
73,8,0.0,15,0,15,1.0,-100.0,0.0,MARGIN CALL ($0)
73,9,0.0,16,1,15,1.0,-100.0,6.25,MARGIN CALL ($0)
73,10,0.0,15,1,14,1.0,-100.0,6.666666666666667,MARGIN CALL ($0)
73,11,0.0,15,1,14,1.0,-100.0,6.666666666666667,MARGIN CALL ($0)
73,12,0.0,54,11,43,1.0,-100.0,20.37037037037037,MARGIN CALL ($0)
73,13,0.0,54,10,44,1.0,-100.0,18.51851851851852,MARGIN CALL ($0)
73,14,0.0,34,6,28,1.0,-100.0,17.647058823529413,MARGIN CALL ($0)
73,15,0.0,60,11,49,1.0,-100.0,18.333333333333332,MARGIN CALL ($0)
5,24,0.0,46,4,42,1.0,-100.0,8.695652173913043,MARGIN CALL ($0)
5,25,0.0,46,4,42,1.0,-100.0,8.695652173913043,MARGIN CALL ($0)
5,26,0.0,46,4,42,1.0,-100.0,8.695652173913043,MARGIN CALL ($0)
73,19,0.0,94,23,71,1.0,-100.0,24.46808510638298,MARGIN CALL ($0)
73,20,0.0,79,18,61,1.0,-100.0,22.78481012658228,MARGIN CALL ($0)
73,21,0.0,21,1,20,1.0,-100.0,4.761904761904762,MARGIN CALL ($0)
73,22,0.0,36,8,28,1.0,-100.0,22.22222222222222,MARGIN CALL ($0)
73,23,0.0,31,7,24,1.0,-100.0,22.58064516129032,MARGIN CALL ($0)
73,24,0.0,40,7,33,1.0,-100.0,17.5,MARGIN CALL ($0)
5,27,0.0,41,3,38,1.0,-100.0,7.317073170731707,MARGIN CALL ($0)
5,28,0.0,40,3,37,1.0,-100.0,7.5,MARGIN CALL ($0)
73,27,0.0,70,7,63,1.0,-100.0,10.0,MARGIN CALL ($0)
73,28,0.0,48,5,43,1.0,-100.0,10.416666666666668,MARGIN CALL ($0)
73,29,0.0,17,2,15,1.0,-100.0,11.76470588235294,MARGIN CALL ($0)
73,30,0.0,16,2,14,1.0,-100.0,12.5,MARGIN CALL ($0)
73,31,0.0,43,5,38,1.0,-100.0,11.627906976744185,MARGIN CALL ($0)
73,32,0.0,44,5,39,1.0,-100.0,11.363636363636363,MARGIN CALL ($0)
73,33,0.0,44,5,39,1.0,-100.0,11.363636363636363,MARGIN CALL ($0)
73,34,0.0,24,4,20,1.0,-100.0,16.666666666666664,MARGIN CALL ($0)
73,35,0.0,23,4,19,1.0,-100.0,17.391304347826086,MARGIN CALL ($0)
73,36,0.0,20,3,17,1.0,-100.0,15.0,MARGIN CALL ($0)
73,37,0.0,22,3,19,1.0,-100.0,13.636363636363635,MARGIN CALL ($0)
73,38,0.0,21,3,18,1.0,-100.0,14.285714285714285,MARGIN CALL ($0)
73,39,0.0,30,4,26,1.0,-100.0,13.333333333333334,MARGIN CALL ($0)
73,40,0.0,29,4,25,1.0,-100.0,13.793103448275861,MARGIN CALL ($0)
73,41,0.0,26,3,23,1.0,-100.0,11.538461538461538,MARGIN CALL ($0)
73,42,0.0,35,5,30,1.0,-100.0,14.285714285714285,MARGIN CALL ($0)
73,43,0.0,32,5,27,1.0,-100.0,15.625,MARGIN CALL ($0)
73,44,0.0,35,6,29,1.0,-100.0,17.142857142857142,MARGIN CALL ($0)
73,45,0.0,35,6,29,1.0,-100.0,17.142857142857142,MARGIN CALL ($0)
73,46,0.0,30,4,26,1.0,-100.0,13.333333333333334,MARGIN CALL ($0)
73,47,0.0,26,4,22,1.0,-100.0,15.384615384615385,MARGIN CALL ($0)
73,48,0.0,25,4,21,1.0,-100.0,16.0,MARGIN CALL ($0)
5,29,0.0,41,3,38,1.0,-100.0,7.317073170731707,MARGIN CALL ($0)
5,30,0.0,17,0,17,1.0,-100.0,0.0,MARGIN CALL ($0)
5,31,0.0,16,0,16,1.0,-100.0,0.0,MARGIN CALL ($0)
5,32,0.0,16,0,16,1.0,-100.0,0.0,MARGIN CALL ($0)
5,33,0.0,15,0,15,1.0,-100.0,0.0,MARGIN CALL ($0)
73,54,0.0,14,0,14,1.0,-100.0,0.0,MARGIN CALL ($0)
73,55,0.0,14,0,14,1.0,-100.0,0.0,MARGIN CALL ($0)
73,56,0.0,14,0,14,1.0,-100.0,0.0,MARGIN CALL ($0)
73,57,0.0,13,0,13,1.0,-100.0,0.0,MARGIN CALL ($0)
73,58,0.0,14,0,14,1.0,-100.0,0.0,MARGIN CALL ($0)
73,59,0.0,13,0,13,1.0,-100.0,0.0,MARGIN CALL ($0)
73,60,0.0,13,0,13,1.0,-100.0,0.0,MARGIN CALL ($0)
73,61,0.0,13,0,13,1.0,-100.0,0.0,MARGIN CALL ($0)
73,62,0.0,13,0,13,1.0,-100.0,0.0,MARGIN CALL ($0)
73,63,0.0,13,0,13,1.0,-100.0,0.0,MARGIN CALL ($0)
73,64,0.0,13,0,13,1.0,-100.0,0.0,MARGIN CALL ($0)
73,65,0.0,13,0,13,1.0,-100.0,0.0,MARGIN CALL ($0)
73,66,0.0,12,0,12,1.0,-100.0,0.0,MARGIN CALL ($0)
73,67,0.0,12,0,12,1.0,-100.0,0.0,MARGIN CALL ($0)
73,68,0.0,11,0,11,1.0,-100.0,0.0,MARGIN CALL ($0)
73,69,0.0,123,14,109,1.0,-100.0,11.38211382113821,MARGIN CALL ($0)
73,70,0.0,128,14,114,1.0,-100.0,10.9375,MARGIN CALL ($0)
73,71,0.0,21,3,18,1.0,-100.0,14.285714285714285,MARGIN CALL ($0)
73,72,0.0,21,3,18,1.0,-100.0,14.285714285714285,MARGIN CALL ($0)
73,73,0.0,21,3,18,1.0,-100.0,14.285714285714285,MARGIN CALL ($0)
73,74,0.0,21,3,18,1.0,-100.0,14.285714285714285,MARGIN CALL ($0)
73,75,0.0,14,2,12,1.0,-100.0,14.285714285714285,MARGIN CALL ($0)
73,76,0.0,14,2,12,1.0,-100.0,14.285714285714285,MARGIN CALL ($0)
73,77,0.0,16,2,14,1.0,-100.0,12.5,MARGIN CALL ($0)
73,78,0.0,19,4,15,1.0,-100.0,21.052631578947366,MARGIN CALL ($0)
73,79,0.0,19,4,15,1.0,-100.0,21.052631578947366,MARGIN CALL ($0)
73,80,0.0,47,8,39,1.0,-100.0,17.02127659574468,MARGIN CALL ($0)
73,81,0.0,65,9,56,1.0,-100.0,13.846153846153847,MARGIN CALL ($0)
73,82,0.0,66,8,58,1.0,-100.0,12.121212121212121,MARGIN CALL ($0)
73,83,0.0,48,6,42,1.0,-100.0,12.5,MARGIN CALL ($0)
73,84,0.0,22,3,19,1.0,-100.0,13.636363636363635,MARGIN CALL ($0)
73,85,0.0,19,2,17,1.0,-100.0,10.526315789473683,MARGIN CALL ($0)
73,86,0.0,19,2,17,1.0,-100.0,10.526315789473683,MARGIN CALL ($0)
73,87,0.0,18,2,16,1.0,-100.0,11.11111111111111,MARGIN CALL ($0)
73,88,0.0,18,2,16,1.0,-100.0,11.11111111111111,MARGIN CALL ($0)
73,89,0.0,17,2,15,1.0,-100.0,11.76470588235294,MARGIN CALL ($0)
73,90,0.0,17,2,15,1.0,-100.0,11.76470588235294,MARGIN CALL ($0)
73,91,0.0,16,2,14,1.0,-100.0,12.5,MARGIN CALL ($0)
73,92,0.0,18,2,16,1.0,-100.0,11.11111111111111,MARGIN CALL ($0)
73,93,0.0,17,2,15,1.0,-100.0,11.76470588235294,MARGIN CALL ($0)
73,94,0.0,17,2,15,1.0,-100.0,11.76470588235294,MARGIN CALL ($0)
73,95,0.0,18,2,16,1.0,-100.0,11.11111111111111,MARGIN CALL ($0)
73,96,0.0,18,2,16,1.0,-100.0,11.11111111111111,MARGIN CALL ($0)
73,97,0.0,18,2,16,1.0,-100.0,11.11111111111111,MARGIN CALL ($0)
73,98,0.0,17,2,15,1.0,-100.0,11.76470588235294,MARGIN CALL ($0)
73,99,0.0,16,2,14,1.0,-100.0,12.5,MARGIN CALL ($0)
73,100,0.0,16,2,14,1.0,-100.0,12.5,MARGIN CALL ($0)
74,1,0.0,49,7,42,1.0,-100.0,14.285714285714285,MARGIN CALL ($0)
74,2,0.0,57,7,50,1.0,-100.0,12.280701754385964,MARGIN CALL ($0)
74,3,0.0,58,7,51,1.0,-100.0,12.068965517241379,MARGIN CALL ($0)
74,4,0.0,80,13,67,1.0,-100.0,16.25,MARGIN CALL ($0)
74,5,0.0,67,10,57,1.0,-100.0,14.925373134328357,MARGIN CALL ($0)
74,6,0.0,751,165,586,1.0,-100.0,21.97070572569907,MARGIN CALL ($0)
74,7,0.0,53,6,47,1.0,-100.0,11.320754716981133,MARGIN CALL ($0)
74,8,0.0,15,0,15,1.0,-100.0,0.0,MARGIN CALL ($0)
74,9,0.0,16,1,15,1.0,-100.0,6.25,MARGIN CALL ($0)
74,10,0.0,15,1,14,1.0,-100.0,6.666666666666667,MARGIN CALL ($0)
74,11,0.0,15,1,14,1.0,-100.0,6.666666666666667,MARGIN CALL ($0)
74,12,0.0,54,11,43,1.0,-100.0,20.37037037037037,MARGIN CALL ($0)
74,13,0.0,54,10,44,1.0,-100.0,18.51851851851852,MARGIN CALL ($0)
74,14,0.0,34,6,28,1.0,-100.0,17.647058823529413,MARGIN CALL ($0)
74,15,0.0,60,11,49,1.0,-100.0,18.333333333333332,MARGIN CALL ($0)
5,34,0.0,14,0,14,1.0,-100.0,0.0,MARGIN CALL ($0)
5,35,0.0,14,0,14,1.0,-100.0,0.0,MARGIN CALL ($0)
5,36,0.0,14,0,14,1.0,-100.0,0.0,MARGIN CALL ($0)
74,19,0.0,94,23,71,1.0,-100.0,24.46808510638298,MARGIN CALL ($0)
74,20,0.0,79,18,61,1.0,-100.0,22.78481012658228,MARGIN CALL ($0)
74,21,0.0,21,1,20,1.0,-100.0,4.761904761904762,MARGIN CALL ($0)
74,22,0.0,36,8,28,1.0,-100.0,22.22222222222222,MARGIN CALL ($0)
74,23,0.0,31,7,24,1.0,-100.0,22.58064516129032,MARGIN CALL ($0)
74,24,0.0,40,7,33,1.0,-100.0,17.5,MARGIN CALL ($0)
5,37,0.0,14,0,14,1.0,-100.0,0.0,MARGIN CALL ($0)
5,38,0.0,14,0,14,1.0,-100.0,0.0,MARGIN CALL ($0)
74,27,0.0,70,7,63,1.0,-100.0,10.0,MARGIN CALL ($0)
74,28,0.0,48,5,43,1.0,-100.0,10.416666666666668,MARGIN CALL ($0)
74,29,0.0,17,2,15,1.0,-100.0,11.76470588235294,MARGIN CALL ($0)
74,30,0.0,16,2,14,1.0,-100.0,12.5,MARGIN CALL ($0)
74,31,0.0,43,5,38,1.0,-100.0,11.627906976744185,MARGIN CALL ($0)
74,32,0.0,44,5,39,1.0,-100.0,11.363636363636363,MARGIN CALL ($0)
74,33,0.0,44,5,39,1.0,-100.0,11.363636363636363,MARGIN CALL ($0)
74,34,0.0,24,4,20,1.0,-100.0,16.666666666666664,MARGIN CALL ($0)
74,35,0.0,23,4,19,1.0,-100.0,17.391304347826086,MARGIN CALL ($0)
74,36,0.0,20,3,17,1.0,-100.0,15.0,MARGIN CALL ($0)
74,37,0.0,22,3,19,1.0,-100.0,13.636363636363635,MARGIN CALL ($0)
74,38,0.0,21,3,18,1.0,-100.0,14.285714285714285,MARGIN CALL ($0)
74,39,0.0,30,4,26,1.0,-100.0,13.333333333333334,MARGIN CALL ($0)
74,40,0.0,29,4,25,1.0,-100.0,13.793103448275861,MARGIN CALL ($0)
74,41,0.0,26,3,23,1.0,-100.0,11.538461538461538,MARGIN CALL ($0)
74,42,0.0,35,5,30,1.0,-100.0,14.285714285714285,MARGIN CALL ($0)
74,43,0.0,32,5,27,1.0,-100.0,15.625,MARGIN CALL ($0)
74,44,0.0,35,6,29,1.0,-100.0,17.142857142857142,MARGIN CALL ($0)
74,45,0.0,35,6,29,1.0,-100.0,17.142857142857142,MARGIN CALL ($0)
74,46,0.0,30,4,26,1.0,-100.0,13.333333333333334,MARGIN CALL ($0)
74,47,0.0,26,4,22,1.0,-100.0,15.384615384615385,MARGIN CALL ($0)
74,48,0.0,25,4,21,1.0,-100.0,16.0,MARGIN CALL ($0)
5,39,0.0,14,0,14,1.0,-100.0,0.0,MARGIN CALL ($0)
5,40,0.0,14,0,14,1.0,-100.0,0.0,MARGIN CALL ($0)
5,41,0.0,15,0,15,1.0,-100.0,0.0,MARGIN CALL ($0)
5,42,0.0,15,0,15,1.0,-100.0,0.0,MARGIN CALL ($0)
74,53,0.0,179,18,161,1.0,-100.0,10.05586592178771,MARGIN CALL ($0)
74,54,0.0,14,0,14,1.0,-100.0,0.0,MARGIN CALL ($0)
74,55,0.0,14,0,14,1.0,-100.0,0.0,MARGIN CALL ($0)
74,56,0.0,14,0,14,1.0,-100.0,0.0,MARGIN CALL ($0)
74,57,0.0,13,0,13,1.0,-100.0,0.0,MARGIN CALL ($0)
74,58,0.0,14,0,14,1.0,-100.0,0.0,MARGIN CALL ($0)
74,59,0.0,13,0,13,1.0,-100.0,0.0,MARGIN CALL ($0)
74,60,0.0,13,0,13,1.0,-100.0,0.0,MARGIN CALL ($0)
74,61,0.0,13,0,13,1.0,-100.0,0.0,MARGIN CALL ($0)
74,62,0.0,13,0,13,1.0,-100.0,0.0,MARGIN CALL ($0)
74,63,0.0,13,0,13,1.0,-100.0,0.0,MARGIN CALL ($0)
74,64,0.0,13,0,13,1.0,-100.0,0.0,MARGIN CALL ($0)
74,65,0.0,13,0,13,1.0,-100.0,0.0,MARGIN CALL ($0)
74,66,0.0,12,0,12,1.0,-100.0,0.0,MARGIN CALL ($0)
74,67,0.0,12,0,12,1.0,-100.0,0.0,MARGIN CALL ($0)
74,68,0.0,11,0,11,1.0,-100.0,0.0,MARGIN CALL ($0)
74,69,0.0,114,14,100,1.0,-100.0,12.280701754385964,MARGIN CALL ($0)
74,70,0.0,125,15,110,1.0,-100.0,12.0,MARGIN CALL ($0)
74,71,0.0,21,3,18,1.0,-100.0,14.285714285714285,MARGIN CALL ($0)
74,72,0.0,21,3,18,1.0,-100.0,14.285714285714285,MARGIN CALL ($0)
74,73,0.0,21,3,18,1.0,-100.0,14.285714285714285,MARGIN CALL ($0)
74,74,0.0,21,3,18,1.0,-100.0,14.285714285714285,MARGIN CALL ($0)
74,75,0.0,14,2,12,1.0,-100.0,14.285714285714285,MARGIN CALL ($0)
74,76,0.0,14,2,12,1.0,-100.0,14.285714285714285,MARGIN CALL ($0)
74,77,0.0,16,2,14,1.0,-100.0,12.5,MARGIN CALL ($0)
74,78,0.0,19,4,15,1.0,-100.0,21.052631578947366,MARGIN CALL ($0)
74,79,0.0,19,4,15,1.0,-100.0,21.052631578947366,MARGIN CALL ($0)
74,80,0.0,47,8,39,1.0,-100.0,17.02127659574468,MARGIN CALL ($0)
74,81,0.0,64,9,55,1.0,-100.0,14.0625,MARGIN CALL ($0)
74,82,0.0,67,8,59,1.0,-100.0,11.940298507462686,MARGIN CALL ($0)
74,83,0.0,48,6,42,1.0,-100.0,12.5,MARGIN CALL ($0)
74,84,0.0,22,3,19,1.0,-100.0,13.636363636363635,MARGIN CALL ($0)
74,85,0.0,19,2,17,1.0,-100.0,10.526315789473683,MARGIN CALL ($0)
74,86,0.0,19,2,17,1.0,-100.0,10.526315789473683,MARGIN CALL ($0)
74,87,0.0,18,2,16,1.0,-100.0,11.11111111111111,MARGIN CALL ($0)
74,88,0.0,18,2,16,1.0,-100.0,11.11111111111111,MARGIN CALL ($0)
74,89,0.0,17,2,15,1.0,-100.0,11.76470588235294,MARGIN CALL ($0)
74,90,0.0,17,2,15,1.0,-100.0,11.76470588235294,MARGIN CALL ($0)
74,91,0.0,16,2,14,1.0,-100.0,12.5,MARGIN CALL ($0)
74,92,0.0,18,2,16,1.0,-100.0,11.11111111111111,MARGIN CALL ($0)
74,93,0.0,17,2,15,1.0,-100.0,11.76470588235294,MARGIN CALL ($0)
74,94,0.0,17,2,15,1.0,-100.0,11.76470588235294,MARGIN CALL ($0)
74,95,0.0,18,2,16,1.0,-100.0,11.11111111111111,MARGIN CALL ($0)
74,96,0.0,18,2,16,1.0,-100.0,11.11111111111111,MARGIN CALL ($0)
74,97,0.0,18,2,16,1.0,-100.0,11.11111111111111,MARGIN CALL ($0)
74,98,0.0,17,2,15,1.0,-100.0,11.76470588235294,MARGIN CALL ($0)
74,99,0.0,16,2,14,1.0,-100.0,12.5,MARGIN CALL ($0)
74,100,0.0,16,2,14,1.0,-100.0,12.5,MARGIN CALL ($0)
75,1,0.0,49,7,42,1.0,-100.0,14.285714285714285,MARGIN CALL ($0)
75,2,0.0,57,7,50,1.0,-100.0,12.280701754385964,MARGIN CALL ($0)
75,3,0.0,58,7,51,1.0,-100.0,12.068965517241379,MARGIN CALL ($0)
75,4,0.0,80,13,67,1.0,-100.0,16.25,MARGIN CALL ($0)
75,5,0.0,67,10,57,1.0,-100.0,14.925373134328357,MARGIN CALL ($0)
75,6,0.0,753,164,589,1.0,-100.0,21.779548472775563,MARGIN CALL ($0)
75,7,0.0,53,6,47,1.0,-100.0,11.320754716981133,MARGIN CALL ($0)
75,8,0.0,15,0,15,1.0,-100.0,0.0,MARGIN CALL ($0)
75,9,0.0,16,1,15,1.0,-100.0,6.25,MARGIN CALL ($0)
75,10,0.0,15,1,14,1.0,-100.0,6.666666666666667,MARGIN CALL ($0)
75,11,0.0,15,1,14,1.0,-100.0,6.666666666666667,MARGIN CALL ($0)
75,12,0.0,54,11,43,1.0,-100.0,20.37037037037037,MARGIN CALL ($0)
75,13,0.0,54,10,44,1.0,-100.0,18.51851851851852,MARGIN CALL ($0)
75,14,0.0,34,6,28,1.0,-100.0,17.647058823529413,MARGIN CALL ($0)
75,15,0.0,60,11,49,1.0,-100.0,18.333333333333332,MARGIN CALL ($0)
5,43,0.0,16,0,16,1.0,-100.0,0.0,MARGIN CALL ($0)
5,44,0.0,16,0,16,1.0,-100.0,0.0,MARGIN CALL ($0)
5,45,0.0,16,0,16,1.0,-100.0,0.0,MARGIN CALL ($0)
5,46,0.0,16,0,16,1.0,-100.0,0.0,MARGIN CALL ($0)
5,47,0.0,16,0,16,1.0,-100.0,0.0,MARGIN CALL ($0)
75,21,0.0,21,1,20,1.0,-100.0,4.761904761904762,MARGIN CALL ($0)
75,22,0.0,36,8,28,1.0,-100.0,22.22222222222222,MARGIN CALL ($0)
75,23,0.0,31,7,24,1.0,-100.0,22.58064516129032,MARGIN CALL ($0)
75,24,0.0,40,7,33,1.0,-100.0,17.5,MARGIN CALL ($0)
5,48,0.0,16,0,16,1.0,-100.0,0.0,MARGIN CALL ($0)
5,49,0.0,16,0,16,1.0,-100.0,0.0,MARGIN CALL ($0)
75,27,0.0,247,38,209,1.0,-100.0,15.384615384615385,MARGIN CALL ($0)
75,28,0.0,48,5,43,1.0,-100.0,10.416666666666668,MARGIN CALL ($0)
75,29,0.0,17,2,15,1.0,-100.0,11.76470588235294,MARGIN CALL ($0)
75,30,0.0,16,2,14,1.0,-100.0,12.5,MARGIN CALL ($0)
75,31,0.0,43,5,38,1.0,-100.0,11.627906976744185,MARGIN CALL ($0)
75,32,0.0,44,5,39,1.0,-100.0,11.363636363636363,MARGIN CALL ($0)
75,33,0.0,44,5,39,1.0,-100.0,11.363636363636363,MARGIN CALL ($0)
75,34,0.0,24,4,20,1.0,-100.0,16.666666666666664,MARGIN CALL ($0)
75,35,0.0,23,4,19,1.0,-100.0,17.391304347826086,MARGIN CALL ($0)
75,36,0.0,20,3,17,1.0,-100.0,15.0,MARGIN CALL ($0)
75,37,0.0,22,3,19,1.0,-100.0,13.636363636363635,MARGIN CALL ($0)
75,38,0.0,21,3,18,1.0,-100.0,14.285714285714285,MARGIN CALL ($0)
75,39,0.0,30,4,26,1.0,-100.0,13.333333333333334,MARGIN CALL ($0)
75,40,0.0,29,4,25,1.0,-100.0,13.793103448275861,MARGIN CALL ($0)
75,41,0.0,26,3,23,1.0,-100.0,11.538461538461538,MARGIN CALL ($0)
75,42,0.0,35,5,30,1.0,-100.0,14.285714285714285,MARGIN CALL ($0)
75,43,0.0,32,5,27,1.0,-100.0,15.625,MARGIN CALL ($0)
75,44,0.0,35,6,29,1.0,-100.0,17.142857142857142,MARGIN CALL ($0)
75,45,0.0,36,6,30,1.0,-100.0,16.666666666666664,MARGIN CALL ($0)
75,46,0.0,30,4,26,1.0,-100.0,13.333333333333334,MARGIN CALL ($0)
5,50,0.0,16,0,16,1.0,-100.0,0.0,MARGIN CALL ($0)
5,51,0.0,16,0,16,1.0,-100.0,0.0,MARGIN CALL ($0)
5,52,0.0,14,0,14,1.0,-100.0,0.0,MARGIN CALL ($0)
5,53,0.0,14,0,14,1.0,-100.0,0.0,MARGIN CALL ($0)
5,54,0.0,14,0,14,1.0,-100.0,0.0,MARGIN CALL ($0)
5,55,0.0,14,0,14,1.0,-100.0,0.0,MARGIN CALL ($0)
5,56,0.0,14,0,14,1.0,-100.0,0.0,MARGIN CALL ($0)
75,54,0.0,14,0,14,1.0,-100.0,0.0,MARGIN CALL ($0)
75,55,0.0,14,0,14,1.0,-100.0,0.0,MARGIN CALL ($0)
75,56,0.0,14,0,14,1.0,-100.0,0.0,MARGIN CALL ($0)
75,57,0.0,13,0,13,1.0,-100.0,0.0,MARGIN CALL ($0)
5,57,0.0,13,0,13,1.0,-100.0,0.0,MARGIN CALL ($0)
75,59,0.0,13,0,13,1.0,-100.0,0.0,MARGIN CALL ($0)
75,60,0.0,13,0,13,1.0,-100.0,0.0,MARGIN CALL ($0)
75,61,0.0,13,0,13,1.0,-100.0,0.0,MARGIN CALL ($0)
75,62,0.0,13,0,13,1.0,-100.0,0.0,MARGIN CALL ($0)
75,63,0.0,13,0,13,1.0,-100.0,0.0,MARGIN CALL ($0)
75,64,0.0,13,0,13,1.0,-100.0,0.0,MARGIN CALL ($0)
75,65,0.0,13,0,13,1.0,-100.0,0.0,MARGIN CALL ($0)
75,66,0.0,12,0,12,1.0,-100.0,0.0,MARGIN CALL ($0)
75,67,0.0,12,0,12,1.0,-100.0,0.0,MARGIN CALL ($0)
75,68,0.0,11,0,11,1.0,-100.0,0.0,MARGIN CALL ($0)
75,69,0.0,20,3,17,1.0,-100.0,15.0,MARGIN CALL ($0)
75,70,0.0,126,15,111,1.0,-100.0,11.904761904761903,MARGIN CALL ($0)
75,71,0.0,21,3,18,1.0,-100.0,14.285714285714285,MARGIN CALL ($0)
75,72,0.0,14,2,12,1.0,-100.0,14.285714285714285,MARGIN CALL ($0)
75,73,0.0,14,2,12,1.0,-100.0,14.285714285714285,MARGIN CALL ($0)
75,74,0.0,22,3,19,1.0,-100.0,13.636363636363635,MARGIN CALL ($0)
75,75,0.0,22,3,19,1.0,-100.0,13.636363636363635,MARGIN CALL ($0)
75,76,0.0,22,3,19,1.0,-100.0,13.636363636363635,MARGIN CALL ($0)
75,77,0.0,23,3,20,1.0,-100.0,13.043478260869565,MARGIN CALL ($0)
75,78,0.0,37,7,30,1.0,-100.0,18.91891891891892,MARGIN CALL ($0)
75,79,0.0,37,7,30,1.0,-100.0,18.91891891891892,MARGIN CALL ($0)
75,80,0.0,48,8,40,1.0,-100.0,16.666666666666664,MARGIN CALL ($0)
75,81,0.0,66,9,57,1.0,-100.0,13.636363636363635,MARGIN CALL ($0)
75,82,0.0,67,8,59,1.0,-100.0,11.940298507462686,MARGIN CALL ($0)
75,83,0.0,48,6,42,1.0,-100.0,12.5,MARGIN CALL ($0)
75,84,0.0,22,3,19,1.0,-100.0,13.636363636363635,MARGIN CALL ($0)
75,85,0.0,19,2,17,1.0,-100.0,10.526315789473683,MARGIN CALL ($0)
75,86,0.0,19,2,17,1.0,-100.0,10.526315789473683,MARGIN CALL ($0)
75,87,0.0,18,2,16,1.0,-100.0,11.11111111111111,MARGIN CALL ($0)
75,88,0.0,18,2,16,1.0,-100.0,11.11111111111111,MARGIN CALL ($0)
75,89,0.0,17,2,15,1.0,-100.0,11.76470588235294,MARGIN CALL ($0)
75,90,0.0,17,2,15,1.0,-100.0,11.76470588235294,MARGIN CALL ($0)
75,91,0.0,16,2,14,1.0,-100.0,12.5,MARGIN CALL ($0)
75,92,0.0,18,2,16,1.0,-100.0,11.11111111111111,MARGIN CALL ($0)
75,93,0.0,17,2,15,1.0,-100.0,11.76470588235294,MARGIN CALL ($0)
75,94,0.0,17,2,15,1.0,-100.0,11.76470588235294,MARGIN CALL ($0)
75,95,0.0,18,2,16,1.0,-100.0,11.11111111111111,MARGIN CALL ($0)
75,96,0.0,18,2,16,1.0,-100.0,11.11111111111111,MARGIN CALL ($0)
75,97,0.0,18,2,16,1.0,-100.0,11.11111111111111,MARGIN CALL ($0)
75,98,0.0,17,2,15,1.0,-100.0,11.76470588235294,MARGIN CALL ($0)
75,99,0.0,16,2,14,1.0,-100.0,12.5,MARGIN CALL ($0)
75,100,0.0,16,2,14,1.0,-100.0,12.5,MARGIN CALL ($0)
76,1,0.0,49,7,42,1.0,-100.0,14.285714285714285,MARGIN CALL ($0)
76,2,0.0,57,7,50,1.0,-100.0,12.280701754385964,MARGIN CALL ($0)
76,3,0.0,58,7,51,1.0,-100.0,12.068965517241379,MARGIN CALL ($0)
76,4,0.0,80,13,67,1.0,-100.0,16.25,MARGIN CALL ($0)
76,5,0.0,67,10,57,1.0,-100.0,14.925373134328357,MARGIN CALL ($0)
76,6,0.0,737,160,577,1.0,-100.0,21.709633649932158,MARGIN CALL ($0)
76,7,0.0,53,6,47,1.0,-100.0,11.320754716981133,MARGIN CALL ($0)
76,8,0.0,15,0,15,1.0,-100.0,0.0,MARGIN CALL ($0)
76,9,0.0,16,1,15,1.0,-100.0,6.25,MARGIN CALL ($0)
76,10,0.0,15,1,14,1.0,-100.0,6.666666666666667,MARGIN CALL ($0)
76,11,0.0,15,1,14,1.0,-100.0,6.666666666666667,MARGIN CALL ($0)
76,12,0.0,54,11,43,1.0,-100.0,20.37037037037037,MARGIN CALL ($0)
76,13,0.0,54,10,44,1.0,-100.0,18.51851851851852,MARGIN CALL ($0)
76,14,0.0,34,6,28,1.0,-100.0,17.647058823529413,MARGIN CALL ($0)
76,15,0.0,60,11,49,1.0,-100.0,18.333333333333332,MARGIN CALL ($0)
5,58,0.0,13,0,13,1.0,-100.0,0.0,MARGIN CALL ($0)
5,59,0.0,12,0,12,1.0,-100.0,0.0,MARGIN CALL ($0)
5,60,0.0,12,0,12,1.0,-100.0,0.0,MARGIN CALL ($0)
76,19,0.0,518,100,418,1.0,-100.0,19.305019305019304,MARGIN CALL ($0)
76,20,0.0,533,94,439,1.0,-100.0,17.636022514071296,MARGIN CALL ($0)
76,21,0.0,21,1,20,1.0,-100.0,4.761904761904762,MARGIN CALL ($0)
76,22,0.0,37,8,29,1.0,-100.0,21.62162162162162,MARGIN CALL ($0)
76,23,0.0,31,7,24,1.0,-100.0,22.58064516129032,MARGIN CALL ($0)
76,24,0.0,41,7,34,1.0,-100.0,17.073170731707318,MARGIN CALL ($0)
5,61,0.0,12,0,12,1.0,-100.0,0.0,MARGIN CALL ($0)
5,62,0.0,12,0,12,1.0,-100.0,0.0,MARGIN CALL ($0)
76,27,0.0,193,30,163,1.0,-100.0,15.544041450777202,MARGIN CALL ($0)
76,28,0.0,48,5,43,1.0,-100.0,10.416666666666668,MARGIN CALL ($0)
76,29,0.0,17,2,15,1.0,-100.0,11.76470588235294,MARGIN CALL ($0)
76,30,0.0,17,2,15,1.0,-100.0,11.76470588235294,MARGIN CALL ($0)
76,31,0.0,44,5,39,1.0,-100.0,11.363636363636363,MARGIN CALL ($0)
76,32,0.0,45,5,40,1.0,-100.0,11.11111111111111,MARGIN CALL ($0)
76,33,0.0,45,5,40,1.0,-100.0,11.11111111111111,MARGIN CALL ($0)
76,34,0.0,23,3,20,1.0,-100.0,13.043478260869565,MARGIN CALL ($0)
76,35,0.0,24,4,20,1.0,-100.0,16.666666666666664,MARGIN CALL ($0)
76,36,0.0,21,3,18,1.0,-100.0,14.285714285714285,MARGIN CALL ($0)
76,37,0.0,21,3,18,1.0,-100.0,14.285714285714285,MARGIN CALL ($0)
76,38,0.0,22,3,19,1.0,-100.0,13.636363636363635,MARGIN CALL ($0)
76,39,0.0,30,4,26,1.0,-100.0,13.333333333333334,MARGIN CALL ($0)
76,40,0.0,30,4,26,1.0,-100.0,13.333333333333334,MARGIN CALL ($0)
76,41,0.0,26,3,23,1.0,-100.0,11.538461538461538,MARGIN CALL ($0)
76,42,0.0,35,5,30,1.0,-100.0,14.285714285714285,MARGIN CALL ($0)
76,43,0.0,32,5,27,1.0,-100.0,15.625,MARGIN CALL ($0)
76,44,0.0,35,6,29,1.0,-100.0,17.142857142857142,MARGIN CALL ($0)
76,45,0.0,36,6,30,1.0,-100.0,16.666666666666664,MARGIN CALL ($0)
76,46,0.0,30,4,26,1.0,-100.0,13.333333333333334,MARGIN CALL ($0)
5,63,0.0,12,0,12,1.0,-100.0,0.0,MARGIN CALL ($0)
5,64,0.0,11,0,11,1.0,-100.0,0.0,MARGIN CALL ($0)
5,65,0.0,11,0,11,1.0,-100.0,0.0,MARGIN CALL ($0)
5,66,0.0,11,0,11,1.0,-100.0,0.0,MARGIN CALL ($0)
5,67,0.0,11,0,11,1.0,-100.0,0.0,MARGIN CALL ($0)
5,68,0.0,11,0,11,1.0,-100.0,0.0,MARGIN CALL ($0)
5,69,0.0,13,0,13,1.0,-100.0,0.0,MARGIN CALL ($0)
76,54,0.0,14,0,14,1.0,-100.0,0.0,MARGIN CALL ($0)
76,55,0.0,14,0,14,1.0,-100.0,0.0,MARGIN CALL ($0)
76,56,0.0,14,0,14,1.0,-100.0,0.0,MARGIN CALL ($0)
76,57,0.0,13,0,13,1.0,-100.0,0.0,MARGIN CALL ($0)
5,70,0.0,13,0,13,1.0,-100.0,0.0,MARGIN CALL ($0)
76,59,0.0,13,0,13,1.0,-100.0,0.0,MARGIN CALL ($0)
76,60,0.0,13,0,13,1.0,-100.0,0.0,MARGIN CALL ($0)
76,61,0.0,13,0,13,1.0,-100.0,0.0,MARGIN CALL ($0)
76,62,0.0,13,0,13,1.0,-100.0,0.0,MARGIN CALL ($0)
76,63,0.0,13,0,13,1.0,-100.0,0.0,MARGIN CALL ($0)
76,64,0.0,13,0,13,1.0,-100.0,0.0,MARGIN CALL ($0)
76,65,0.0,13,0,13,1.0,-100.0,0.0,MARGIN CALL ($0)
76,66,0.0,12,0,12,1.0,-100.0,0.0,MARGIN CALL ($0)
76,67,0.0,12,0,12,1.0,-100.0,0.0,MARGIN CALL ($0)
76,68,0.0,11,0,11,1.0,-100.0,0.0,MARGIN CALL ($0)
76,69,0.0,20,3,17,1.0,-100.0,15.0,MARGIN CALL ($0)
76,70,0.0,124,15,109,1.0,-100.0,12.096774193548388,MARGIN CALL ($0)
76,71,0.0,21,3,18,1.0,-100.0,14.285714285714285,MARGIN CALL ($0)
76,72,0.0,14,2,12,1.0,-100.0,14.285714285714285,MARGIN CALL ($0)
76,73,0.0,14,2,12,1.0,-100.0,14.285714285714285,MARGIN CALL ($0)
76,74,0.0,22,3,19,1.0,-100.0,13.636363636363635,MARGIN CALL ($0)
76,75,0.0,22,3,19,1.0,-100.0,13.636363636363635,MARGIN CALL ($0)
76,76,0.0,22,3,19,1.0,-100.0,13.636363636363635,MARGIN CALL ($0)
76,77,0.0,23,3,20,1.0,-100.0,13.043478260869565,MARGIN CALL ($0)
76,78,0.0,37,7,30,1.0,-100.0,18.91891891891892,MARGIN CALL ($0)
76,79,0.0,37,7,30,1.0,-100.0,18.91891891891892,MARGIN CALL ($0)
76,80,0.0,48,8,40,1.0,-100.0,16.666666666666664,MARGIN CALL ($0)
76,81,0.0,65,9,56,1.0,-100.0,13.846153846153847,MARGIN CALL ($0)
76,82,0.0,67,8,59,1.0,-100.0,11.940298507462686,MARGIN CALL ($0)
76,83,0.0,49,6,43,1.0,-100.0,12.244897959183673,MARGIN CALL ($0)
76,84,0.0,22,3,19,1.0,-100.0,13.636363636363635,MARGIN CALL ($0)
76,85,0.0,19,2,17,1.0,-100.0,10.526315789473683,MARGIN CALL ($0)
76,86,0.0,19,2,17,1.0,-100.0,10.526315789473683,MARGIN CALL ($0)
76,87,0.0,18,2,16,1.0,-100.0,11.11111111111111,MARGIN CALL ($0)
76,88,0.0,18,2,16,1.0,-100.0,11.11111111111111,MARGIN CALL ($0)
76,89,0.0,17,2,15,1.0,-100.0,11.76470588235294,MARGIN CALL ($0)
76,90,0.0,17,2,15,1.0,-100.0,11.76470588235294,MARGIN CALL ($0)
76,91,0.0,16,2,14,1.0,-100.0,12.5,MARGIN CALL ($0)
76,92,0.0,18,2,16,1.0,-100.0,11.11111111111111,MARGIN CALL ($0)
76,93,0.0,17,2,15,1.0,-100.0,11.76470588235294,MARGIN CALL ($0)
76,94,0.0,17,2,15,1.0,-100.0,11.76470588235294,MARGIN CALL ($0)
76,95,0.0,18,2,16,1.0,-100.0,11.11111111111111,MARGIN CALL ($0)
76,96,0.0,18,2,16,1.0,-100.0,11.11111111111111,MARGIN CALL ($0)
76,97,0.0,18,2,16,1.0,-100.0,11.11111111111111,MARGIN CALL ($0)
76,98,0.0,17,2,15,1.0,-100.0,11.76470588235294,MARGIN CALL ($0)
76,99,0.0,16,2,14,1.0,-100.0,12.5,MARGIN CALL ($0)
76,100,0.0,16,2,14,1.0,-100.0,12.5,MARGIN CALL ($0)
77,1,0.0,50,7,43,1.0,-100.0,14.000000000000002,MARGIN CALL ($0)
77,2,0.0,57,7,50,1.0,-100.0,12.280701754385964,MARGIN CALL ($0)
77,3,0.0,58,7,51,1.0,-100.0,12.068965517241379,MARGIN CALL ($0)
77,4,0.0,80,13,67,1.0,-100.0,16.25,MARGIN CALL ($0)
77,5,0.0,67,10,57,1.0,-100.0,14.925373134328357,MARGIN CALL ($0)
77,6,0.0,571,124,447,1.0,-100.0,21.71628721541156,MARGIN CALL ($0)
77,7,0.0,112,19,93,1.0,-100.0,16.964285714285715,MARGIN CALL ($0)
77,8,0.0,15,0,15,1.0,-100.0,0.0,MARGIN CALL ($0)
77,9,0.0,16,1,15,1.0,-100.0,6.25,MARGIN CALL ($0)
77,10,0.0,15,1,14,1.0,-100.0,6.666666666666667,MARGIN CALL ($0)
77,11,0.0,15,1,14,1.0,-100.0,6.666666666666667,MARGIN CALL ($0)
77,12,0.0,52,11,41,1.0,-100.0,21.153846153846153,MARGIN CALL ($0)
77,13,0.0,55,10,45,1.0,-100.0,18.181818181818183,MARGIN CALL ($0)
77,14,0.0,34,6,28,1.0,-100.0,17.647058823529413,MARGIN CALL ($0)
77,15,0.0,60,11,49,1.0,-100.0,18.333333333333332,MARGIN CALL ($0)
5,71,0.0,12,0,12,1.0,-100.0,0.0,MARGIN CALL ($0)
5,72,0.0,12,0,12,1.0,-100.0,0.0,MARGIN CALL ($0)
5,73,0.0,12,0,12,1.0,-100.0,0.0,MARGIN CALL ($0)
77,19,0.0,460,92,368,1.0,-100.0,20.0,MARGIN CALL ($0)
77,20,0.0,525,96,429,1.0,-100.0,18.285714285714285,MARGIN CALL ($0)
77,21,0.0,21,1,20,1.0,-100.0,4.761904761904762,MARGIN CALL ($0)
77,22,0.0,38,8,30,1.0,-100.0,21.052631578947366,MARGIN CALL ($0)
77,23,0.0,30,7,23,1.0,-100.0,23.333333333333332,MARGIN CALL ($0)
77,24,0.0,42,8,34,1.0,-100.0,19.047619047619047,MARGIN CALL ($0)
5,74,0.0,12,0,12,1.0,-100.0,0.0,MARGIN CALL ($0)
5,75,0.0,12,0,12,1.0,-100.0,0.0,MARGIN CALL ($0)
77,27,0.0,162,23,139,1.0,-100.0,14.19753086419753,MARGIN CALL ($0)
77,28,0.0,47,5,42,1.0,-100.0,10.638297872340425,MARGIN CALL ($0)
77,29,0.0,19,2,17,1.0,-100.0,10.526315789473683,MARGIN CALL ($0)
77,30,0.0,17,2,15,1.0,-100.0,11.76470588235294,MARGIN CALL ($0)
77,31,0.0,44,5,39,1.0,-100.0,11.363636363636363,MARGIN CALL ($0)
77,32,0.0,45,5,40,1.0,-100.0,11.11111111111111,MARGIN CALL ($0)
77,33,0.0,45,5,40,1.0,-100.0,11.11111111111111,MARGIN CALL ($0)
77,34,0.0,23,3,20,1.0,-100.0,13.043478260869565,MARGIN CALL ($0)
77,35,0.0,24,4,20,1.0,-100.0,16.666666666666664,MARGIN CALL ($0)
77,36,0.0,21,3,18,1.0,-100.0,14.285714285714285,MARGIN CALL ($0)
77,37,0.0,21,3,18,1.0,-100.0,14.285714285714285,MARGIN CALL ($0)
77,38,0.0,22,3,19,1.0,-100.0,13.636363636363635,MARGIN CALL ($0)
77,39,0.0,30,4,26,1.0,-100.0,13.333333333333334,MARGIN CALL ($0)
77,40,0.0,30,4,26,1.0,-100.0,13.333333333333334,MARGIN CALL ($0)
77,41,0.0,32,4,28,1.0,-100.0,12.5,MARGIN CALL ($0)
77,42,0.0,35,5,30,1.0,-100.0,14.285714285714285,MARGIN CALL ($0)
77,43,0.0,35,5,30,1.0,-100.0,14.285714285714285,MARGIN CALL ($0)
77,44,0.0,37,6,31,1.0,-100.0,16.216216216216218,MARGIN CALL ($0)
77,45,0.0,38,6,32,1.0,-100.0,15.789473684210526,MARGIN CALL ($0)
77,46,0.0,32,4,28,1.0,-100.0,12.5,MARGIN CALL ($0)
5,76,0.0,12,0,12,1.0,-100.0,0.0,MARGIN CALL ($0)
5,77,0.0,12,0,12,1.0,-100.0,0.0,MARGIN CALL ($0)
5,78,0.0,12,0,12,1.0,-100.0,0.0,MARGIN CALL ($0)
5,79,0.0,12,0,12,1.0,-100.0,0.0,MARGIN CALL ($0)
5,80,0.0,12,0,12,1.0,-100.0,0.0,MARGIN CALL ($0)
5,81,0.0,12,0,12,1.0,-100.0,0.0,MARGIN CALL ($0)
5,82,0.0,12,0,12,1.0,-100.0,0.0,MARGIN CALL ($0)
77,54,0.0,14,0,14,1.0,-100.0,0.0,MARGIN CALL ($0)
77,55,0.0,14,0,14,1.0,-100.0,0.0,MARGIN CALL ($0)
77,56,0.0,14,0,14,1.0,-100.0,0.0,MARGIN CALL ($0)
77,57,0.0,13,0,13,1.0,-100.0,0.0,MARGIN CALL ($0)
5,83,0.0,12,0,12,1.0,-100.0,0.0,MARGIN CALL ($0)
77,59,0.0,13,0,13,1.0,-100.0,0.0,MARGIN CALL ($0)
77,60,0.0,12,0,12,1.0,-100.0,0.0,MARGIN CALL ($0)
77,61,0.0,12,0,12,1.0,-100.0,0.0,MARGIN CALL ($0)
77,62,0.0,12,0,12,1.0,-100.0,0.0,MARGIN CALL ($0)
77,63,0.0,13,0,13,1.0,-100.0,0.0,MARGIN CALL ($0)
77,64,0.0,13,0,13,1.0,-100.0,0.0,MARGIN CALL ($0)
77,65,0.0,13,0,13,1.0,-100.0,0.0,MARGIN CALL ($0)
77,66,0.0,12,0,12,1.0,-100.0,0.0,MARGIN CALL ($0)
77,67,0.0,12,0,12,1.0,-100.0,0.0,MARGIN CALL ($0)
77,68,0.0,12,0,12,1.0,-100.0,0.0,MARGIN CALL ($0)
77,69,0.0,15,2,13,1.0,-100.0,13.333333333333334,MARGIN CALL ($0)
77,70,0.0,15,2,13,1.0,-100.0,13.333333333333334,MARGIN CALL ($0)
77,71,0.0,15,2,13,1.0,-100.0,13.333333333333334,MARGIN CALL ($0)
77,72,0.0,16,2,14,1.0,-100.0,12.5,MARGIN CALL ($0)
77,73,0.0,16,2,14,1.0,-100.0,12.5,MARGIN CALL ($0)
77,74,0.0,16,2,14,1.0,-100.0,12.5,MARGIN CALL ($0)
77,75,0.0,23,3,20,1.0,-100.0,13.043478260869565,MARGIN CALL ($0)
77,76,0.0,23,3,20,1.0,-100.0,13.043478260869565,MARGIN CALL ($0)
77,77,0.0,23,3,20,1.0,-100.0,13.043478260869565,MARGIN CALL ($0)
77,78,0.0,37,7,30,1.0,-100.0,18.91891891891892,MARGIN CALL ($0)
77,79,0.0,37,7,30,1.0,-100.0,18.91891891891892,MARGIN CALL ($0)
77,80,0.0,48,8,40,1.0,-100.0,16.666666666666664,MARGIN CALL ($0)
77,81,0.0,65,9,56,1.0,-100.0,13.846153846153847,MARGIN CALL ($0)
77,82,0.0,66,8,58,1.0,-100.0,12.121212121212121,MARGIN CALL ($0)
77,83,0.0,48,6,42,1.0,-100.0,12.5,MARGIN CALL ($0)
77,84,0.0,23,3,20,1.0,-100.0,13.043478260869565,MARGIN CALL ($0)
77,85,0.0,19,2,17,1.0,-100.0,10.526315789473683,MARGIN CALL ($0)
77,86,0.0,19,2,17,1.0,-100.0,10.526315789473683,MARGIN CALL ($0)
77,87,0.0,19,2,17,1.0,-100.0,10.526315789473683,MARGIN CALL ($0)
77,88,0.0,19,2,17,1.0,-100.0,10.526315789473683,MARGIN CALL ($0)
77,89,0.0,18,2,16,1.0,-100.0,11.11111111111111,MARGIN CALL ($0)
77,90,0.0,17,2,15,1.0,-100.0,11.76470588235294,MARGIN CALL ($0)
77,91,0.0,17,2,15,1.0,-100.0,11.76470588235294,MARGIN CALL ($0)
77,92,0.0,19,2,17,1.0,-100.0,10.526315789473683,MARGIN CALL ($0)
77,93,0.0,19,2,17,1.0,-100.0,10.526315789473683,MARGIN CALL ($0)
77,94,0.0,19,2,17,1.0,-100.0,10.526315789473683,MARGIN CALL ($0)
77,95,0.0,18,2,16,1.0,-100.0,11.11111111111111,MARGIN CALL ($0)
77,96,0.0,18,2,16,1.0,-100.0,11.11111111111111,MARGIN CALL ($0)
77,97,0.0,18,2,16,1.0,-100.0,11.11111111111111,MARGIN CALL ($0)
77,98,0.0,18,2,16,1.0,-100.0,11.11111111111111,MARGIN CALL ($0)
77,99,0.0,18,2,16,1.0,-100.0,11.11111111111111,MARGIN CALL ($0)
77,100,0.0,18,2,16,1.0,-100.0,11.11111111111111,MARGIN CALL ($0)
78,1,0.0,50,7,43,1.0,-100.0,14.000000000000002,MARGIN CALL ($0)
78,2,0.0,57,7,50,1.0,-100.0,12.280701754385964,MARGIN CALL ($0)
78,3,0.0,58,7,51,1.0,-100.0,12.068965517241379,MARGIN CALL ($0)
78,4,0.0,80,13,67,1.0,-100.0,16.25,MARGIN CALL ($0)
78,5,0.0,67,10,57,1.0,-100.0,14.925373134328357,MARGIN CALL ($0)
78,6,0.0,573,124,449,1.0,-100.0,21.640488656195462,MARGIN CALL ($0)
78,7,0.0,114,19,95,1.0,-100.0,16.666666666666664,MARGIN CALL ($0)
78,8,0.0,15,0,15,1.0,-100.0,0.0,MARGIN CALL ($0)
78,9,0.0,18,1,17,1.0,-100.0,5.555555555555555,MARGIN CALL ($0)
78,10,0.0,17,1,16,1.0,-100.0,5.88235294117647,MARGIN CALL ($0)
78,11,0.0,17,1,16,1.0,-100.0,5.88235294117647,MARGIN CALL ($0)
78,12,0.0,54,11,43,1.0,-100.0,20.37037037037037,MARGIN CALL ($0)
78,13,0.0,54,9,45,1.0,-100.0,16.666666666666664,MARGIN CALL ($0)
78,14,0.0,36,6,30,1.0,-100.0,16.666666666666664,MARGIN CALL ($0)
78,15,0.0,61,11,50,1.0,-100.0,18.0327868852459,MARGIN CALL ($0)
5,84,0.0,12,0,12,1.0,-100.0,0.0,MARGIN CALL ($0)
5,85,0.0,12,0,12,1.0,-100.0,0.0,MARGIN CALL ($0)
5,86,0.0,12,0,12,1.0,-100.0,0.0,MARGIN CALL ($0)
78,19,0.0,454,90,364,1.0,-100.0,19.823788546255507,MARGIN CALL ($0)
78,20,0.0,527,95,432,1.0,-100.0,18.026565464895636,MARGIN CALL ($0)
78,21,0.0,21,1,20,1.0,-100.0,4.761904761904762,MARGIN CALL ($0)
78,22,0.0,40,8,32,1.0,-100.0,20.0,MARGIN CALL ($0)
78,23,0.0,31,7,24,1.0,-100.0,22.58064516129032,MARGIN CALL ($0)
78,24,0.0,45,8,37,1.0,-100.0,17.77777777777778,MARGIN CALL ($0)
5,87,0.0,12,0,12,1.0,-100.0,0.0,MARGIN CALL ($0)
5,88,0.0,12,0,12,1.0,-100.0,0.0,MARGIN CALL ($0)
78,27,0.0,251,40,211,1.0,-100.0,15.936254980079681,MARGIN CALL ($0)
78,28,0.0,51,5,46,1.0,-100.0,9.803921568627452,MARGIN CALL ($0)
78,29,0.0,19,2,17,1.0,-100.0,10.526315789473683,MARGIN CALL ($0)
78,30,0.0,19,2,17,1.0,-100.0,10.526315789473683,MARGIN CALL ($0)
78,31,0.0,47,5,42,1.0,-100.0,10.638297872340425,MARGIN CALL ($0)
78,32,0.0,48,5,43,1.0,-100.0,10.416666666666668,MARGIN CALL ($0)
78,33,0.0,48,5,43,1.0,-100.0,10.416666666666668,MARGIN CALL ($0)
78,34,0.0,25,3,22,1.0,-100.0,12.0,MARGIN CALL ($0)
78,35,0.0,24,3,21,1.0,-100.0,12.5,MARGIN CALL ($0)
78,36,0.0,22,3,19,1.0,-100.0,13.636363636363635,MARGIN CALL ($0)
78,37,0.0,22,3,19,1.0,-100.0,13.636363636363635,MARGIN CALL ($0)
78,38,0.0,23,3,20,1.0,-100.0,13.043478260869565,MARGIN CALL ($0)
78,39,0.0,33,4,29,1.0,-100.0,12.121212121212121,MARGIN CALL ($0)
78,40,0.0,32,4,28,1.0,-100.0,12.5,MARGIN CALL ($0)
78,41,0.0,34,4,30,1.0,-100.0,11.76470588235294,MARGIN CALL ($0)
78,42,0.0,37,5,32,1.0,-100.0,13.513513513513514,MARGIN CALL ($0)
78,43,0.0,37,5,32,1.0,-100.0,13.513513513513514,MARGIN CALL ($0)
78,44,0.0,39,6,33,1.0,-100.0,15.384615384615385,MARGIN CALL ($0)
78,45,0.0,40,6,34,1.0,-100.0,15.0,MARGIN CALL ($0)
78,46,0.0,35,4,31,1.0,-100.0,11.428571428571429,MARGIN CALL ($0)
5,89,0.0,12,0,12,1.0,-100.0,0.0,MARGIN CALL ($0)
5,90,0.0,12,0,12,1.0,-100.0,0.0,MARGIN CALL ($0)
5,91,0.0,12,0,12,1.0,-100.0,0.0,MARGIN CALL ($0)
5,92,0.0,12,0,12,1.0,-100.0,0.0,MARGIN CALL ($0)
5,93,0.0,12,0,12,1.0,-100.0,0.0,MARGIN CALL ($0)
5,94,0.0,12,0,12,1.0,-100.0,0.0,MARGIN CALL ($0)
5,95,0.0,12,0,12,1.0,-100.0,0.0,MARGIN CALL ($0)
78,54,0.0,16,0,16,1.0,-100.0,0.0,MARGIN CALL ($0)
78,55,0.0,15,0,15,1.0,-100.0,0.0,MARGIN CALL ($0)
78,56,0.0,16,0,16,1.0,-100.0,0.0,MARGIN CALL ($0)
78,57,0.0,16,0,16,1.0,-100.0,0.0,MARGIN CALL ($0)
78,58,0.0,15,0,15,1.0,-100.0,0.0,MARGIN CALL ($0)
78,59,0.0,14,0,14,1.0,-100.0,0.0,MARGIN CALL ($0)
78,60,0.0,13,0,13,1.0,-100.0,0.0,MARGIN CALL ($0)
78,61,0.0,14,0,14,1.0,-100.0,0.0,MARGIN CALL ($0)
78,62,0.0,14,0,14,1.0,-100.0,0.0,MARGIN CALL ($0)
78,63,0.0,15,0,15,1.0,-100.0,0.0,MARGIN CALL ($0)
78,64,0.0,15,0,15,1.0,-100.0,0.0,MARGIN CALL ($0)
78,65,0.0,16,0,16,1.0,-100.0,0.0,MARGIN CALL ($0)
78,66,0.0,15,0,15,1.0,-100.0,0.0,MARGIN CALL ($0)
78,67,0.0,15,0,15,1.0,-100.0,0.0,MARGIN CALL ($0)
78,68,0.0,14,0,14,1.0,-100.0,0.0,MARGIN CALL ($0)
78,69,0.0,16,2,14,1.0,-100.0,12.5,MARGIN CALL ($0)
78,70,0.0,16,2,14,1.0,-100.0,12.5,MARGIN CALL ($0)
78,71,0.0,16,3,13,1.0,-100.0,18.75,MARGIN CALL ($0)
78,72,0.0,17,3,14,1.0,-100.0,17.647058823529413,MARGIN CALL ($0)
78,73,0.0,17,3,14,1.0,-100.0,17.647058823529413,MARGIN CALL ($0)
78,74,0.0,17,3,14,1.0,-100.0,17.647058823529413,MARGIN CALL ($0)
78,75,0.0,33,6,27,1.0,-100.0,18.181818181818183,MARGIN CALL ($0)
78,76,0.0,34,6,28,1.0,-100.0,17.647058823529413,MARGIN CALL ($0)
78,77,0.0,34,6,28,1.0,-100.0,17.647058823529413,MARGIN CALL ($0)
78,78,0.0,38,7,31,1.0,-100.0,18.421052631578945,MARGIN CALL ($0)
78,79,0.0,38,7,31,1.0,-100.0,18.421052631578945,MARGIN CALL ($0)
78,80,0.0,47,8,39,1.0,-100.0,17.02127659574468,MARGIN CALL ($0)
78,81,0.0,67,9,58,1.0,-100.0,13.432835820895523,MARGIN CALL ($0)
78,82,0.0,19,3,16,1.0,-100.0,15.789473684210526,MARGIN CALL ($0)
78,83,0.0,19,3,16,1.0,-100.0,15.789473684210526,MARGIN CALL ($0)
78,84,0.0,23,3,20,1.0,-100.0,13.043478260869565,MARGIN CALL ($0)
78,85,0.0,20,2,18,1.0,-100.0,10.0,MARGIN CALL ($0)
78,86,0.0,20,2,18,1.0,-100.0,10.0,MARGIN CALL ($0)
78,87,0.0,20,2,18,1.0,-100.0,10.0,MARGIN CALL ($0)
78,88,0.0,20,2,18,1.0,-100.0,10.0,MARGIN CALL ($0)
78,89,0.0,19,2,17,1.0,-100.0,10.526315789473683,MARGIN CALL ($0)
78,90,0.0,18,2,16,1.0,-100.0,11.11111111111111,MARGIN CALL ($0)
78,91,0.0,17,2,15,1.0,-100.0,11.76470588235294,MARGIN CALL ($0)
78,92,0.0,19,2,17,1.0,-100.0,10.526315789473683,MARGIN CALL ($0)
78,93,0.0,19,2,17,1.0,-100.0,10.526315789473683,MARGIN CALL ($0)
78,94,0.0,19,2,17,1.0,-100.0,10.526315789473683,MARGIN CALL ($0)
78,95,0.0,20,2,18,1.0,-100.0,10.0,MARGIN CALL ($0)
78,96,0.0,18,2,16,1.0,-100.0,11.11111111111111,MARGIN CALL ($0)
78,97,0.0,18,2,16,1.0,-100.0,11.11111111111111,MARGIN CALL ($0)
78,98,0.0,18,2,16,1.0,-100.0,11.11111111111111,MARGIN CALL ($0)
78,99,0.0,18,2,16,1.0,-100.0,11.11111111111111,MARGIN CALL ($0)
78,100,0.0,19,2,17,1.0,-100.0,10.526315789473683,MARGIN CALL ($0)
79,1,0.0,50,7,43,1.0,-100.0,14.000000000000002,MARGIN CALL ($0)
79,2,0.0,57,7,50,1.0,-100.0,12.280701754385964,MARGIN CALL ($0)
79,3,0.0,58,7,51,1.0,-100.0,12.068965517241379,MARGIN CALL ($0)
79,4,0.0,80,13,67,1.0,-100.0,16.25,MARGIN CALL ($0)
79,5,0.0,67,10,57,1.0,-100.0,14.925373134328357,MARGIN CALL ($0)
79,6,0.0,571,124,447,1.0,-100.0,21.71628721541156,MARGIN CALL ($0)
79,7,0.0,114,19,95,1.0,-100.0,16.666666666666664,MARGIN CALL ($0)
79,8,0.0,15,0,15,1.0,-100.0,0.0,MARGIN CALL ($0)
79,9,0.0,18,1,17,1.0,-100.0,5.555555555555555,MARGIN CALL ($0)
79,10,0.0,17,1,16,1.0,-100.0,5.88235294117647,MARGIN CALL ($0)
79,11,0.0,17,1,16,1.0,-100.0,5.88235294117647,MARGIN CALL ($0)
79,12,0.0,54,11,43,1.0,-100.0,20.37037037037037,MARGIN CALL ($0)
79,13,0.0,54,9,45,1.0,-100.0,16.666666666666664,MARGIN CALL ($0)
79,14,0.0,36,6,30,1.0,-100.0,16.666666666666664,MARGIN CALL ($0)
79,15,0.0,61,11,50,1.0,-100.0,18.0327868852459,MARGIN CALL ($0)
5,96,0.0,10,0,10,1.0,-100.0,0.0,MARGIN CALL ($0)
5,97,0.0,10,0,10,1.0,-100.0,0.0,MARGIN CALL ($0)
5,98,0.0,10,0,10,1.0,-100.0,0.0,MARGIN CALL ($0)
79,19,0.0,453,88,365,1.0,-100.0,19.426048565121413,MARGIN CALL ($0)
79,20,0.0,69,14,55,1.0,-100.0,20.28985507246377,MARGIN CALL ($0)
79,21,0.0,21,1,20,1.0,-100.0,4.761904761904762,MARGIN CALL ($0)
79,22,0.0,40,8,32,1.0,-100.0,20.0,MARGIN CALL ($0)
79,23,0.0,31,7,24,1.0,-100.0,22.58064516129032,MARGIN CALL ($0)
79,24,0.0,45,8,37,1.0,-100.0,17.77777777777778,MARGIN CALL ($0)
5,99,0.0,9,0,9,1.0,-100.0,0.0,MARGIN CALL ($0)
5,100,0.0,8,3,5,1.0,-100.0,37.5,MARGIN CALL ($0)
79,27,0.0,252,39,213,1.0,-100.0,15.476190476190476,MARGIN CALL ($0)
79,28,0.0,51,5,46,1.0,-100.0,9.803921568627452,MARGIN CALL ($0)
79,29,0.0,19,2,17,1.0,-100.0,10.526315789473683,MARGIN CALL ($0)
79,30,0.0,19,2,17,1.0,-100.0,10.526315789473683,MARGIN CALL ($0)
79,31,0.0,47,5,42,1.0,-100.0,10.638297872340425,MARGIN CALL ($0)
79,32,0.0,48,5,43,1.0,-100.0,10.416666666666668,MARGIN CALL ($0)
79,33,0.0,48,5,43,1.0,-100.0,10.416666666666668,MARGIN CALL ($0)
79,34,0.0,25,3,22,1.0,-100.0,12.0,MARGIN CALL ($0)
79,35,0.0,24,3,21,1.0,-100.0,12.5,MARGIN CALL ($0)
79,36,0.0,22,3,19,1.0,-100.0,13.636363636363635,MARGIN CALL ($0)
79,37,0.0,22,3,19,1.0,-100.0,13.636363636363635,MARGIN CALL ($0)
79,38,0.0,23,3,20,1.0,-100.0,13.043478260869565,MARGIN CALL ($0)
79,39,0.0,33,4,29,1.0,-100.0,12.121212121212121,MARGIN CALL ($0)
79,40,0.0,32,4,28,1.0,-100.0,12.5,MARGIN CALL ($0)
79,41,0.0,34,4,30,1.0,-100.0,11.76470588235294,MARGIN CALL ($0)
79,42,0.0,37,5,32,1.0,-100.0,13.513513513513514,MARGIN CALL ($0)
79,43,0.0,37,5,32,1.0,-100.0,13.513513513513514,MARGIN CALL ($0)
79,44,0.0,39,6,33,1.0,-100.0,15.384615384615385,MARGIN CALL ($0)
79,45,0.0,40,6,34,1.0,-100.0,15.0,MARGIN CALL ($0)
79,46,0.0,35,4,31,1.0,-100.0,11.428571428571429,MARGIN CALL ($0)
6,1,0.0,77,14,63,1.0,-100.0,18.181818181818183,MARGIN CALL ($0)
6,2,0.0,57,7,50,1.0,-100.0,12.280701754385964,MARGIN CALL ($0)
6,3,0.0,57,7,50,1.0,-100.0,12.280701754385964,MARGIN CALL ($0)
6,4,0.0,51,6,45,1.0,-100.0,11.76470588235294,MARGIN CALL ($0)
6,5,0.0,37,3,34,1.0,-100.0,8.108108108108109,MARGIN CALL ($0)
6,6,0.0,34,3,31,1.0,-100.0,8.823529411764707,MARGIN CALL ($0)
6,7,0.0,36,3,33,1.0,-100.0,8.333333333333332,MARGIN CALL ($0)
79,54,0.0,16,0,16,1.0,-100.0,0.0,MARGIN CALL ($0)
79,55,0.0,15,0,15,1.0,-100.0,0.0,MARGIN CALL ($0)
79,56,0.0,16,0,16,1.0,-100.0,0.0,MARGIN CALL ($0)
79,57,0.0,16,0,16,1.0,-100.0,0.0,MARGIN CALL ($0)
79,58,0.0,15,0,15,1.0,-100.0,0.0,MARGIN CALL ($0)
79,59,0.0,14,0,14,1.0,-100.0,0.0,MARGIN CALL ($0)
79,60,0.0,13,0,13,1.0,-100.0,0.0,MARGIN CALL ($0)
79,61,0.0,14,0,14,1.0,-100.0,0.0,MARGIN CALL ($0)
79,62,0.0,14,0,14,1.0,-100.0,0.0,MARGIN CALL ($0)
79,63,0.0,15,0,15,1.0,-100.0,0.0,MARGIN CALL ($0)
79,64,0.0,15,0,15,1.0,-100.0,0.0,MARGIN CALL ($0)
79,65,0.0,16,0,16,1.0,-100.0,0.0,MARGIN CALL ($0)
79,66,0.0,15,0,15,1.0,-100.0,0.0,MARGIN CALL ($0)
79,67,0.0,15,0,15,1.0,-100.0,0.0,MARGIN CALL ($0)
79,68,0.0,14,0,14,1.0,-100.0,0.0,MARGIN CALL ($0)
79,69,0.0,16,2,14,1.0,-100.0,12.5,MARGIN CALL ($0)
79,70,0.0,16,2,14,1.0,-100.0,12.5,MARGIN CALL ($0)
79,71,0.0,16,3,13,1.0,-100.0,18.75,MARGIN CALL ($0)
79,72,0.0,17,3,14,1.0,-100.0,17.647058823529413,MARGIN CALL ($0)
79,73,0.0,17,3,14,1.0,-100.0,17.647058823529413,MARGIN CALL ($0)
79,74,0.0,17,3,14,1.0,-100.0,17.647058823529413,MARGIN CALL ($0)
79,75,0.0,33,6,27,1.0,-100.0,18.181818181818183,MARGIN CALL ($0)
79,76,0.0,34,6,28,1.0,-100.0,17.647058823529413,MARGIN CALL ($0)
79,77,0.0,34,6,28,1.0,-100.0,17.647058823529413,MARGIN CALL ($0)
79,78,0.0,38,7,31,1.0,-100.0,18.421052631578945,MARGIN CALL ($0)
79,79,0.0,38,7,31,1.0,-100.0,18.421052631578945,MARGIN CALL ($0)
79,80,0.0,45,8,37,1.0,-100.0,17.77777777777778,MARGIN CALL ($0)
79,81,0.0,64,9,55,1.0,-100.0,14.0625,MARGIN CALL ($0)
79,82,0.0,19,3,16,1.0,-100.0,15.789473684210526,MARGIN CALL ($0)
79,83,0.0,19,3,16,1.0,-100.0,15.789473684210526,MARGIN CALL ($0)
79,84,0.0,23,3,20,1.0,-100.0,13.043478260869565,MARGIN CALL ($0)
79,85,0.0,20,2,18,1.0,-100.0,10.0,MARGIN CALL ($0)
79,86,0.0,20,2,18,1.0,-100.0,10.0,MARGIN CALL ($0)
79,87,0.0,20,2,18,1.0,-100.0,10.0,MARGIN CALL ($0)
79,88,0.0,20,2,18,1.0,-100.0,10.0,MARGIN CALL ($0)
79,89,0.0,19,2,17,1.0,-100.0,10.526315789473683,MARGIN CALL ($0)
79,90,0.0,18,2,16,1.0,-100.0,11.11111111111111,MARGIN CALL ($0)
79,91,0.0,17,2,15,1.0,-100.0,11.76470588235294,MARGIN CALL ($0)
79,92,0.0,19,2,17,1.0,-100.0,10.526315789473683,MARGIN CALL ($0)
79,93,0.0,19,2,17,1.0,-100.0,10.526315789473683,MARGIN CALL ($0)
79,94,0.0,19,2,17,1.0,-100.0,10.526315789473683,MARGIN CALL ($0)
79,95,0.0,20,2,18,1.0,-100.0,10.0,MARGIN CALL ($0)
79,96,0.0,18,2,16,1.0,-100.0,11.11111111111111,MARGIN CALL ($0)
79,97,0.0,18,2,16,1.0,-100.0,11.11111111111111,MARGIN CALL ($0)
79,98,0.0,18,2,16,1.0,-100.0,11.11111111111111,MARGIN CALL ($0)
79,99,0.0,18,2,16,1.0,-100.0,11.11111111111111,MARGIN CALL ($0)
79,100,0.0,19,2,17,1.0,-100.0,10.526315789473683,MARGIN CALL ($0)
80,1,0.0,50,7,43,1.0,-100.0,14.000000000000002,MARGIN CALL ($0)
80,2,0.0,57,7,50,1.0,-100.0,12.280701754385964,MARGIN CALL ($0)
80,3,0.0,58,7,51,1.0,-100.0,12.068965517241379,MARGIN CALL ($0)
80,4,0.0,80,13,67,1.0,-100.0,16.25,MARGIN CALL ($0)
80,5,0.0,67,10,57,1.0,-100.0,14.925373134328357,MARGIN CALL ($0)
80,6,0.0,571,124,447,1.0,-100.0,21.71628721541156,MARGIN CALL ($0)
80,7,0.0,114,19,95,1.0,-100.0,16.666666666666664,MARGIN CALL ($0)
80,8,0.0,15,0,15,1.0,-100.0,0.0,MARGIN CALL ($0)
80,9,0.0,18,1,17,1.0,-100.0,5.555555555555555,MARGIN CALL ($0)
80,10,0.0,17,1,16,1.0,-100.0,5.88235294117647,MARGIN CALL ($0)
80,11,0.0,17,1,16,1.0,-100.0,5.88235294117647,MARGIN CALL ($0)
80,12,0.0,54,11,43,1.0,-100.0,20.37037037037037,MARGIN CALL ($0)
80,13,0.0,56,9,47,1.0,-100.0,16.071428571428573,MARGIN CALL ($0)
80,14,0.0,36,6,30,1.0,-100.0,16.666666666666664,MARGIN CALL ($0)
80,15,0.0,60,11,49,1.0,-100.0,18.333333333333332,MARGIN CALL ($0)
6,8,0.0,1151,259,892,1.0,-100.0,22.502172024326672,MARGIN CALL ($0)
6,9,0.0,1154,267,887,1.0,-100.0,23.1369150779896,MARGIN CALL ($0)
6,10,0.0,198,43,155,1.0,-100.0,21.71717171717172,MARGIN CALL ($0)
80,19,0.0,412,81,331,1.0,-100.0,19.66019417475728,MARGIN CALL ($0)
80,20,0.0,70,14,56,1.0,-100.0,20.0,MARGIN CALL ($0)
80,21,0.0,21,1,20,1.0,-100.0,4.761904761904762,MARGIN CALL ($0)
80,22,0.0,41,8,33,1.0,-100.0,19.51219512195122,MARGIN CALL ($0)
80,23,0.0,31,7,24,1.0,-100.0,22.58064516129032,MARGIN CALL ($0)
80,24,0.0,45,8,37,1.0,-100.0,17.77777777777778,MARGIN CALL ($0)
6,11,0.0,133,32,101,1.0,-100.0,24.06015037593985,MARGIN CALL ($0)
6,12,0.0,209,52,157,1.0,-100.0,24.880382775119617,MARGIN CALL ($0)
80,27,0.0,257,40,217,1.0,-100.0,15.56420233463035,MARGIN CALL ($0)
80,28,0.0,51,5,46,1.0,-100.0,9.803921568627452,MARGIN CALL ($0)
80,29,0.0,19,2,17,1.0,-100.0,10.526315789473683,MARGIN CALL ($0)
80,30,0.0,19,2,17,1.0,-100.0,10.526315789473683,MARGIN CALL ($0)
80,31,0.0,44,5,39,1.0,-100.0,11.363636363636363,MARGIN CALL ($0)
80,32,0.0,45,5,40,1.0,-100.0,11.11111111111111,MARGIN CALL ($0)
80,33,0.0,46,5,41,1.0,-100.0,10.869565217391305,MARGIN CALL ($0)
80,34,0.0,24,3,21,1.0,-100.0,12.5,MARGIN CALL ($0)
80,35,0.0,26,4,22,1.0,-100.0,15.384615384615385,MARGIN CALL ($0)
80,36,0.0,22,3,19,1.0,-100.0,13.636363636363635,MARGIN CALL ($0)
80,37,0.0,22,3,19,1.0,-100.0,13.636363636363635,MARGIN CALL ($0)
80,38,0.0,23,3,20,1.0,-100.0,13.043478260869565,MARGIN CALL ($0)
80,39,0.0,33,4,29,1.0,-100.0,12.121212121212121,MARGIN CALL ($0)
80,40,0.0,32,4,28,1.0,-100.0,12.5,MARGIN CALL ($0)
80,41,0.0,34,4,30,1.0,-100.0,11.76470588235294,MARGIN CALL ($0)
80,42,0.0,37,5,32,1.0,-100.0,13.513513513513514,MARGIN CALL ($0)
80,43,0.0,37,5,32,1.0,-100.0,13.513513513513514,MARGIN CALL ($0)
80,44,0.0,39,6,33,1.0,-100.0,15.384615384615385,MARGIN CALL ($0)
80,45,0.0,40,6,34,1.0,-100.0,15.0,MARGIN CALL ($0)
80,46,0.0,35,4,31,1.0,-100.0,11.428571428571429,MARGIN CALL ($0)
6,17,0.0,56,8,48,1.0,-100.0,14.285714285714285,MARGIN CALL ($0)
6,18,0.0,46,5,41,1.0,-100.0,10.869565217391305,MARGIN CALL ($0)
6,19,0.0,46,5,41,1.0,-100.0,10.869565217391305,MARGIN CALL ($0)
6,20,0.0,46,5,41,1.0,-100.0,10.869565217391305,MARGIN CALL ($0)
6,21,0.0,42,4,38,1.0,-100.0,9.523809523809524,MARGIN CALL ($0)
6,22,0.0,41,4,37,1.0,-100.0,9.75609756097561,MARGIN CALL ($0)
6,23,0.0,48,6,42,1.0,-100.0,12.5,MARGIN CALL ($0)
80,54,0.0,16,0,16,1.0,-100.0,0.0,MARGIN CALL ($0)
80,55,0.0,15,0,15,1.0,-100.0,0.0,MARGIN CALL ($0)
80,56,0.0,16,0,16,1.0,-100.0,0.0,MARGIN CALL ($0)
80,57,0.0,16,0,16,1.0,-100.0,0.0,MARGIN CALL ($0)
80,58,0.0,15,0,15,1.0,-100.0,0.0,MARGIN CALL ($0)
80,59,0.0,14,0,14,1.0,-100.0,0.0,MARGIN CALL ($0)
80,60,0.0,13,0,13,1.0,-100.0,0.0,MARGIN CALL ($0)
80,61,0.0,14,0,14,1.0,-100.0,0.0,MARGIN CALL ($0)
80,62,0.0,14,0,14,1.0,-100.0,0.0,MARGIN CALL ($0)
80,63,0.0,15,0,15,1.0,-100.0,0.0,MARGIN CALL ($0)
80,64,0.0,15,0,15,1.0,-100.0,0.0,MARGIN CALL ($0)
80,65,0.0,16,0,16,1.0,-100.0,0.0,MARGIN CALL ($0)
80,66,0.0,15,0,15,1.0,-100.0,0.0,MARGIN CALL ($0)
80,67,0.0,15,0,15,1.0,-100.0,0.0,MARGIN CALL ($0)
80,68,0.0,14,0,14,1.0,-100.0,0.0,MARGIN CALL ($0)
80,69,0.0,16,2,14,1.0,-100.0,12.5,MARGIN CALL ($0)
80,70,0.0,16,2,14,1.0,-100.0,12.5,MARGIN CALL ($0)
80,71,0.0,16,3,13,1.0,-100.0,18.75,MARGIN CALL ($0)
80,72,0.0,17,3,14,1.0,-100.0,17.647058823529413,MARGIN CALL ($0)
80,73,0.0,17,3,14,1.0,-100.0,17.647058823529413,MARGIN CALL ($0)
80,74,0.0,17,3,14,1.0,-100.0,17.647058823529413,MARGIN CALL ($0)
80,75,0.0,24,4,20,1.0,-100.0,16.666666666666664,MARGIN CALL ($0)
80,76,0.0,24,4,20,1.0,-100.0,16.666666666666664,MARGIN CALL ($0)
80,77,0.0,24,4,20,1.0,-100.0,16.666666666666664,MARGIN CALL ($0)
80,78,0.0,39,7,32,1.0,-100.0,17.94871794871795,MARGIN CALL ($0)
80,79,0.0,39,7,32,1.0,-100.0,17.94871794871795,MARGIN CALL ($0)
80,80,0.0,36,5,31,1.0,-100.0,13.88888888888889,MARGIN CALL ($0)
80,81,0.0,56,6,50,1.0,-100.0,10.714285714285714,MARGIN CALL ($0)
80,82,0.0,18,2,16,1.0,-100.0,11.11111111111111,MARGIN CALL ($0)
80,83,0.0,18,2,16,1.0,-100.0,11.11111111111111,MARGIN CALL ($0)
80,84,0.0,21,2,19,1.0,-100.0,9.523809523809524,MARGIN CALL ($0)
80,85,0.0,19,1,18,1.0,-100.0,5.263157894736842,MARGIN CALL ($0)
80,86,0.0,19,1,18,1.0,-100.0,5.263157894736842,MARGIN CALL ($0)
80,87,0.0,17,1,16,1.0,-100.0,5.88235294117647,MARGIN CALL ($0)
80,88,0.0,17,1,16,1.0,-100.0,5.88235294117647,MARGIN CALL ($0)
80,89,0.0,17,1,16,1.0,-100.0,5.88235294117647,MARGIN CALL ($0)
80,90,0.0,17,1,16,1.0,-100.0,5.88235294117647,MARGIN CALL ($0)
80,91,0.0,16,1,15,1.0,-100.0,6.25,MARGIN CALL ($0)
80,92,0.0,17,1,16,1.0,-100.0,5.88235294117647,MARGIN CALL ($0)
80,93,0.0,17,1,16,1.0,-100.0,5.88235294117647,MARGIN CALL ($0)
80,94,0.0,18,1,17,1.0,-100.0,5.555555555555555,MARGIN CALL ($0)
80,95,0.0,17,1,16,1.0,-100.0,5.88235294117647,MARGIN CALL ($0)
80,96,0.0,17,1,16,1.0,-100.0,5.88235294117647,MARGIN CALL ($0)
80,97,0.0,17,1,16,1.0,-100.0,5.88235294117647,MARGIN CALL ($0)
80,98,0.0,18,1,17,1.0,-100.0,5.555555555555555,MARGIN CALL ($0)
80,99,0.0,18,1,17,1.0,-100.0,5.555555555555555,MARGIN CALL ($0)
80,100,0.0,16,1,15,1.0,-100.0,6.25,MARGIN CALL ($0)
81,1,0.0,50,7,43,1.0,-100.0,14.000000000000002,MARGIN CALL ($0)
81,2,0.0,57,7,50,1.0,-100.0,12.280701754385964,MARGIN CALL ($0)
81,3,0.0,58,7,51,1.0,-100.0,12.068965517241379,MARGIN CALL ($0)
81,4,0.0,80,13,67,1.0,-100.0,16.25,MARGIN CALL ($0)
81,5,0.0,67,10,57,1.0,-100.0,14.925373134328357,MARGIN CALL ($0)
81,6,0.0,1015,227,788,1.0,-100.0,22.364532019704434,MARGIN CALL ($0)
81,7,0.0,114,19,95,1.0,-100.0,16.666666666666664,MARGIN CALL ($0)
81,8,0.0,15,0,15,1.0,-100.0,0.0,MARGIN CALL ($0)
81,9,0.0,18,1,17,1.0,-100.0,5.555555555555555,MARGIN CALL ($0)
81,10,0.0,18,2,16,1.0,-100.0,11.11111111111111,MARGIN CALL ($0)
81,11,0.0,18,2,16,1.0,-100.0,11.11111111111111,MARGIN CALL ($0)
81,12,0.0,54,11,43,1.0,-100.0,20.37037037037037,MARGIN CALL ($0)
81,13,0.0,57,10,47,1.0,-100.0,17.543859649122805,MARGIN CALL ($0)
81,14,0.0,44,9,35,1.0,-100.0,20.454545454545457,MARGIN CALL ($0)
81,15,0.0,65,12,53,1.0,-100.0,18.461538461538463,MARGIN CALL ($0)
6,24,0.0,41,4,37,1.0,-100.0,9.75609756097561,MARGIN CALL ($0)
6,25,0.0,40,4,36,1.0,-100.0,10.0,MARGIN CALL ($0)
6,26,0.0,42,4,38,1.0,-100.0,9.523809523809524,MARGIN CALL ($0)
6,27,0.0,35,3,32,1.0,-100.0,8.571428571428571,MARGIN CALL ($0)
81,20,0.0,528,94,434,1.0,-100.0,17.803030303030305,MARGIN CALL ($0)
81,21,0.0,24,2,22,1.0,-100.0,8.333333333333332,MARGIN CALL ($0)
81,22,0.0,45,9,36,1.0,-100.0,20.0,MARGIN CALL ($0)
81,23,0.0,33,8,25,1.0,-100.0,24.242424242424242,MARGIN CALL ($0)
81,24,0.0,50,9,41,1.0,-100.0,18.0,MARGIN CALL ($0)
6,28,0.0,36,3,33,1.0,-100.0,8.333333333333332,MARGIN CALL ($0)
6,29,0.0,34,3,31,1.0,-100.0,8.823529411764707,MARGIN CALL ($0)
81,27,0.0,60,6,54,1.0,-100.0,10.0,MARGIN CALL ($0)
81,28,0.0,55,6,49,1.0,-100.0,10.909090909090908,MARGIN CALL ($0)
81,29,0.0,24,3,21,1.0,-100.0,12.5,MARGIN CALL ($0)
81,30,0.0,22,3,19,1.0,-100.0,13.636363636363635,MARGIN CALL ($0)
81,31,0.0,48,6,42,1.0,-100.0,12.5,MARGIN CALL ($0)
81,32,0.0,49,6,43,1.0,-100.0,12.244897959183673,MARGIN CALL ($0)
81,33,0.0,49,6,43,1.0,-100.0,12.244897959183673,MARGIN CALL ($0)
81,34,0.0,29,5,24,1.0,-100.0,17.24137931034483,MARGIN CALL ($0)
81,35,0.0,28,5,23,1.0,-100.0,17.857142857142858,MARGIN CALL ($0)
81,36,0.0,26,4,22,1.0,-100.0,15.384615384615385,MARGIN CALL ($0)
81,37,0.0,28,4,24,1.0,-100.0,14.285714285714285,MARGIN CALL ($0)
81,38,0.0,27,4,23,1.0,-100.0,14.814814814814813,MARGIN CALL ($0)
81,39,0.0,35,5,30,1.0,-100.0,14.285714285714285,MARGIN CALL ($0)
81,40,0.0,36,5,31,1.0,-100.0,13.88888888888889,MARGIN CALL ($0)
81,41,0.0,36,5,31,1.0,-100.0,13.88888888888889,MARGIN CALL ($0)
81,42,0.0,39,6,33,1.0,-100.0,15.384615384615385,MARGIN CALL ($0)
81,43,0.0,38,6,32,1.0,-100.0,15.789473684210526,MARGIN CALL ($0)
81,44,0.0,40,7,33,1.0,-100.0,17.5,MARGIN CALL ($0)
81,45,0.0,41,7,34,1.0,-100.0,17.073170731707318,MARGIN CALL ($0)
81,46,0.0,36,5,31,1.0,-100.0,13.88888888888889,MARGIN CALL ($0)
6,30,0.0,35,3,32,1.0,-100.0,8.571428571428571,MARGIN CALL ($0)
6,31,0.0,36,3,33,1.0,-100.0,8.333333333333332,MARGIN CALL ($0)
6,32,0.0,35,3,32,1.0,-100.0,8.571428571428571,MARGIN CALL ($0)
6,33,0.0,36,3,33,1.0,-100.0,8.333333333333332,MARGIN CALL ($0)
6,34,0.0,40,4,36,1.0,-100.0,10.0,MARGIN CALL ($0)
6,35,0.0,41,4,37,1.0,-100.0,9.75609756097561,MARGIN CALL ($0)
6,36,0.0,40,4,36,1.0,-100.0,10.0,MARGIN CALL ($0)
81,54,0.0,18,1,17,1.0,-100.0,5.555555555555555,MARGIN CALL ($0)
81,55,0.0,17,1,16,1.0,-100.0,5.88235294117647,MARGIN CALL ($0)
81,56,0.0,17,1,16,1.0,-100.0,5.88235294117647,MARGIN CALL ($0)
6,37,0.0,40,4,36,1.0,-100.0,10.0,MARGIN CALL ($0)
6,38,0.0,40,4,36,1.0,-100.0,10.0,MARGIN CALL ($0)
81,59,0.0,15,1,14,1.0,-100.0,6.666666666666667,MARGIN CALL ($0)
81,60,0.0,16,1,15,1.0,-100.0,6.25,MARGIN CALL ($0)
81,61,0.0,17,1,16,1.0,-100.0,5.88235294117647,MARGIN CALL ($0)
81,62,0.0,17,1,16,1.0,-100.0,5.88235294117647,MARGIN CALL ($0)
81,63,0.0,16,1,15,1.0,-100.0,6.25,MARGIN CALL ($0)
81,64,0.0,16,1,15,1.0,-100.0,6.25,MARGIN CALL ($0)
81,65,0.0,15,1,14,1.0,-100.0,6.666666666666667,MARGIN CALL ($0)
81,66,0.0,14,0,14,1.0,-100.0,0.0,MARGIN CALL ($0)
81,67,0.0,14,0,14,1.0,-100.0,0.0,MARGIN CALL ($0)
81,68,0.0,13,0,13,1.0,-100.0,0.0,MARGIN CALL ($0)
81,69,0.0,15,2,13,1.0,-100.0,13.333333333333334,MARGIN CALL ($0)
81,70,0.0,15,2,13,1.0,-100.0,13.333333333333334,MARGIN CALL ($0)
81,71,0.0,15,3,12,1.0,-100.0,20.0,MARGIN CALL ($0)
81,72,0.0,16,3,13,1.0,-100.0,18.75,MARGIN CALL ($0)
81,73,0.0,16,3,13,1.0,-100.0,18.75,MARGIN CALL ($0)
81,74,0.0,16,3,13,1.0,-100.0,18.75,MARGIN CALL ($0)
81,75,0.0,23,4,19,1.0,-100.0,17.391304347826086,MARGIN CALL ($0)
81,76,0.0,23,4,19,1.0,-100.0,17.391304347826086,MARGIN CALL ($0)
81,77,0.0,23,4,19,1.0,-100.0,17.391304347826086,MARGIN CALL ($0)
81,78,0.0,27,5,22,1.0,-100.0,18.51851851851852,MARGIN CALL ($0)
81,79,0.0,27,5,22,1.0,-100.0,18.51851851851852,MARGIN CALL ($0)
81,80,0.0,26,4,22,1.0,-100.0,15.384615384615385,MARGIN CALL ($0)
81,81,0.0,55,6,49,1.0,-100.0,10.909090909090908,MARGIN CALL ($0)
81,82,0.0,56,6,50,1.0,-100.0,10.714285714285714,MARGIN CALL ($0)
81,83,0.0,57,7,50,1.0,-100.0,12.280701754385964,MARGIN CALL ($0)
81,84,0.0,65,7,58,1.0,-100.0,10.76923076923077,MARGIN CALL ($0)
81,85,0.0,23,3,20,1.0,-100.0,13.043478260869565,MARGIN CALL ($0)
81,86,0.0,23,3,20,1.0,-100.0,13.043478260869565,MARGIN CALL ($0)
81,87,0.0,24,3,21,1.0,-100.0,12.5,MARGIN CALL ($0)
81,88,0.0,23,3,20,1.0,-100.0,13.043478260869565,MARGIN CALL ($0)
81,89,0.0,23,3,20,1.0,-100.0,13.043478260869565,MARGIN CALL ($0)
81,90,0.0,23,3,20,1.0,-100.0,13.043478260869565,MARGIN CALL ($0)
81,91,0.0,23,3,20,1.0,-100.0,13.043478260869565,MARGIN CALL ($0)
81,92,0.0,25,3,22,1.0,-100.0,12.0,MARGIN CALL ($0)
81,93,0.0,25,3,22,1.0,-100.0,12.0,MARGIN CALL ($0)
81,94,0.0,25,3,22,1.0,-100.0,12.0,MARGIN CALL ($0)
81,95,0.0,25,3,22,1.0,-100.0,12.0,MARGIN CALL ($0)
81,96,0.0,25,3,22,1.0,-100.0,12.0,MARGIN CALL ($0)
81,97,0.0,24,3,21,1.0,-100.0,12.5,MARGIN CALL ($0)
81,98,0.0,25,3,22,1.0,-100.0,12.0,MARGIN CALL ($0)
81,99,0.0,23,3,20,1.0,-100.0,13.043478260869565,MARGIN CALL ($0)
81,100,0.0,69,9,60,1.0,-100.0,13.043478260869565,MARGIN CALL ($0)
82,1,0.0,50,7,43,1.0,-100.0,14.000000000000002,MARGIN CALL ($0)
82,2,0.0,57,7,50,1.0,-100.0,12.280701754385964,MARGIN CALL ($0)
82,3,0.0,58,7,51,1.0,-100.0,12.068965517241379,MARGIN CALL ($0)
82,4,0.0,80,13,67,1.0,-100.0,16.25,MARGIN CALL ($0)
82,5,0.0,67,10,57,1.0,-100.0,14.925373134328357,MARGIN CALL ($0)
82,6,0.0,1018,228,790,1.0,-100.0,22.39685658153242,MARGIN CALL ($0)
82,7,0.0,113,19,94,1.0,-100.0,16.8141592920354,MARGIN CALL ($0)
82,8,0.0,15,0,15,1.0,-100.0,0.0,MARGIN CALL ($0)
82,9,0.0,18,1,17,1.0,-100.0,5.555555555555555,MARGIN CALL ($0)
82,10,0.0,18,2,16,1.0,-100.0,11.11111111111111,MARGIN CALL ($0)
82,11,0.0,18,2,16,1.0,-100.0,11.11111111111111,MARGIN CALL ($0)
82,12,0.0,53,11,42,1.0,-100.0,20.754716981132077,MARGIN CALL ($0)
82,13,0.0,57,10,47,1.0,-100.0,17.543859649122805,MARGIN CALL ($0)
82,14,0.0,44,9,35,1.0,-100.0,20.454545454545457,MARGIN CALL ($0)
82,15,0.0,66,12,54,1.0,-100.0,18.181818181818183,MARGIN CALL ($0)
6,43,0.0,112,25,87,1.0,-100.0,22.321428571428573,MARGIN CALL ($0)
6,44,0.0,113,25,88,1.0,-100.0,22.123893805309734,MARGIN CALL ($0)
6,45,0.0,35,3,32,1.0,-100.0,8.571428571428571,MARGIN CALL ($0)
82,19,0.0,416,81,335,1.0,-100.0,19.471153846153847,MARGIN CALL ($0)
82,20,0.0,75,15,60,1.0,-100.0,20.0,MARGIN CALL ($0)
82,21,0.0,24,2,22,1.0,-100.0,8.333333333333332,MARGIN CALL ($0)
82,22,0.0,45,9,36,1.0,-100.0,20.0,MARGIN CALL ($0)
82,23,0.0,33,8,25,1.0,-100.0,24.242424242424242,MARGIN CALL ($0)
82,24,0.0,44,9,35,1.0,-100.0,20.454545454545457,MARGIN CALL ($0)
6,46,0.0,36,3,33,1.0,-100.0,8.333333333333332,MARGIN CALL ($0)
82,26,0.0,63,9,54,1.0,-100.0,14.285714285714285,MARGIN CALL ($0)
82,27,0.0,58,5,53,1.0,-100.0,8.620689655172415,MARGIN CALL ($0)
82,28,0.0,53,5,48,1.0,-100.0,9.433962264150944,MARGIN CALL ($0)
82,29,0.0,20,2,18,1.0,-100.0,10.0,MARGIN CALL ($0)
82,30,0.0,21,2,19,1.0,-100.0,9.523809523809524,MARGIN CALL ($0)
82,31,0.0,45,5,40,1.0,-100.0,11.11111111111111,MARGIN CALL ($0)
82,32,0.0,46,5,41,1.0,-100.0,10.869565217391305,MARGIN CALL ($0)
82,33,0.0,46,5,41,1.0,-100.0,10.869565217391305,MARGIN CALL ($0)
82,34,0.0,25,4,21,1.0,-100.0,16.0,MARGIN CALL ($0)
82,35,0.0,26,4,22,1.0,-100.0,15.384615384615385,MARGIN CALL ($0)
82,36,0.0,25,4,21,1.0,-100.0,16.0,MARGIN CALL ($0)
82,37,0.0,26,4,22,1.0,-100.0,15.384615384615385,MARGIN CALL ($0)
82,38,0.0,26,4,22,1.0,-100.0,15.384615384615385,MARGIN CALL ($0)
82,39,0.0,36,5,31,1.0,-100.0,13.88888888888889,MARGIN CALL ($0)
82,40,0.0,36,5,31,1.0,-100.0,13.88888888888889,MARGIN CALL ($0)
82,41,0.0,31,4,27,1.0,-100.0,12.903225806451612,MARGIN CALL ($0)
82,42,0.0,35,6,29,1.0,-100.0,17.142857142857142,MARGIN CALL ($0)
82,43,0.0,30,5,25,1.0,-100.0,16.666666666666664,MARGIN CALL ($0)
82,44,0.0,31,5,26,1.0,-100.0,16.129032258064516,MARGIN CALL ($0)
82,45,0.0,31,5,26,1.0,-100.0,16.129032258064516,MARGIN CALL ($0)
82,46,0.0,31,5,26,1.0,-100.0,16.129032258064516,MARGIN CALL ($0)
82,47,0.0,28,5,23,1.0,-100.0,17.857142857142858,MARGIN CALL ($0)
82,48,0.0,27,5,22,1.0,-100.0,18.51851851851852,MARGIN CALL ($0)
6,47,0.0,35,3,32,1.0,-100.0,8.571428571428571,MARGIN CALL ($0)
6,48,0.0,36,3,33,1.0,-100.0,8.333333333333332,MARGIN CALL ($0)
6,49,0.0,37,3,34,1.0,-100.0,8.108108108108109,MARGIN CALL ($0)
6,50,0.0,37,3,34,1.0,-100.0,8.108108108108109,MARGIN CALL ($0)
6,52,0.0,14,0,14,1.0,-100.0,0.0,MARGIN CALL ($0)
82,54,0.0,17,1,16,1.0,-100.0,5.88235294117647,MARGIN CALL ($0)
82,55,0.0,17,1,16,1.0,-100.0,5.88235294117647,MARGIN CALL ($0)
82,56,0.0,18,1,17,1.0,-100.0,5.555555555555555,MARGIN CALL ($0)
82,57,0.0,16,1,15,1.0,-100.0,6.25,MARGIN CALL ($0)
82,58,0.0,16,1,15,1.0,-100.0,6.25,MARGIN CALL ($0)
82,59,0.0,16,1,15,1.0,-100.0,6.25,MARGIN CALL ($0)
82,60,0.0,16,1,15,1.0,-100.0,6.25,MARGIN CALL ($0)
82,61,0.0,15,1,14,1.0,-100.0,6.666666666666667,MARGIN CALL ($0)
82,62,0.0,15,1,14,1.0,-100.0,6.666666666666667,MARGIN CALL ($0)
82,63,0.0,16,1,15,1.0,-100.0,6.25,MARGIN CALL ($0)
82,64,0.0,16,1,15,1.0,-100.0,6.25,MARGIN CALL ($0)
82,65,0.0,16,1,15,1.0,-100.0,6.25,MARGIN CALL ($0)
82,66,0.0,15,0,15,1.0,-100.0,0.0,MARGIN CALL ($0)
82,67,0.0,15,0,15,1.0,-100.0,0.0,MARGIN CALL ($0)
82,68,0.0,14,0,14,1.0,-100.0,0.0,MARGIN CALL ($0)
82,69,0.0,16,2,14,1.0,-100.0,12.5,MARGIN CALL ($0)
82,70,0.0,16,2,14,1.0,-100.0,12.5,MARGIN CALL ($0)
82,71,0.0,16,3,13,1.0,-100.0,18.75,MARGIN CALL ($0)
82,72,0.0,17,3,14,1.0,-100.0,17.647058823529413,MARGIN CALL ($0)
82,73,0.0,17,3,14,1.0,-100.0,17.647058823529413,MARGIN CALL ($0)
82,74,0.0,17,3,14,1.0,-100.0,17.647058823529413,MARGIN CALL ($0)
82,75,0.0,17,3,14,1.0,-100.0,17.647058823529413,MARGIN CALL ($0)
82,76,0.0,17,3,14,1.0,-100.0,17.647058823529413,MARGIN CALL ($0)
82,77,0.0,23,4,19,1.0,-100.0,17.391304347826086,MARGIN CALL ($0)
82,78,0.0,27,5,22,1.0,-100.0,18.51851851851852,MARGIN CALL ($0)
82,79,0.0,27,5,22,1.0,-100.0,18.51851851851852,MARGIN CALL ($0)
82,80,0.0,26,4,22,1.0,-100.0,15.384615384615385,MARGIN CALL ($0)
82,81,0.0,56,6,50,1.0,-100.0,10.714285714285714,MARGIN CALL ($0)
82,82,0.0,56,6,50,1.0,-100.0,10.714285714285714,MARGIN CALL ($0)
82,83,0.0,57,7,50,1.0,-100.0,12.280701754385964,MARGIN CALL ($0)
82,84,0.0,65,7,58,1.0,-100.0,10.76923076923077,MARGIN CALL ($0)
82,85,0.0,30,4,26,1.0,-100.0,13.333333333333334,MARGIN CALL ($0)
82,86,0.0,23,3,20,1.0,-100.0,13.043478260869565,MARGIN CALL ($0)
82,87,0.0,24,3,21,1.0,-100.0,12.5,MARGIN CALL ($0)
82,88,0.0,23,3,20,1.0,-100.0,13.043478260869565,MARGIN CALL ($0)
82,89,0.0,23,3,20,1.0,-100.0,13.043478260869565,MARGIN CALL ($0)
82,90,0.0,23,3,20,1.0,-100.0,13.043478260869565,MARGIN CALL ($0)
82,91,0.0,23,3,20,1.0,-100.0,13.043478260869565,MARGIN CALL ($0)
82,92,0.0,25,3,22,1.0,-100.0,12.0,MARGIN CALL ($0)
82,93,0.0,25,3,22,1.0,-100.0,12.0,MARGIN CALL ($0)
82,94,0.0,25,3,22,1.0,-100.0,12.0,MARGIN CALL ($0)
82,95,0.0,25,3,22,1.0,-100.0,12.0,MARGIN CALL ($0)
82,96,0.0,25,3,22,1.0,-100.0,12.0,MARGIN CALL ($0)
82,97,0.0,24,3,21,1.0,-100.0,12.5,MARGIN CALL ($0)
82,98,0.0,25,3,22,1.0,-100.0,12.0,MARGIN CALL ($0)
82,99,0.0,23,3,20,1.0,-100.0,13.043478260869565,MARGIN CALL ($0)
82,100,0.0,23,3,20,1.0,-100.0,13.043478260869565,MARGIN CALL ($0)
83,1,0.0,49,7,42,1.0,-100.0,14.285714285714285,MARGIN CALL ($0)
83,2,0.0,57,7,50,1.0,-100.0,12.280701754385964,MARGIN CALL ($0)
83,3,0.0,58,7,51,1.0,-100.0,12.068965517241379,MARGIN CALL ($0)
83,4,0.0,80,13,67,1.0,-100.0,16.25,MARGIN CALL ($0)
83,5,0.0,67,10,57,1.0,-100.0,14.925373134328357,MARGIN CALL ($0)
83,6,0.0,1113,247,866,1.0,-100.0,22.192273135669364,MARGIN CALL ($0)
83,7,0.0,112,19,93,1.0,-100.0,16.964285714285715,MARGIN CALL ($0)
83,8,0.0,15,0,15,1.0,-100.0,0.0,MARGIN CALL ($0)
83,9,0.0,17,1,16,1.0,-100.0,5.88235294117647,MARGIN CALL ($0)
83,10,0.0,17,2,15,1.0,-100.0,11.76470588235294,MARGIN CALL ($0)
83,11,0.0,24,5,19,1.0,-100.0,20.833333333333336,MARGIN CALL ($0)
83,12,0.0,55,12,43,1.0,-100.0,21.818181818181817,MARGIN CALL ($0)
83,13,0.0,56,10,46,1.0,-100.0,17.857142857142858,MARGIN CALL ($0)
83,14,0.0,44,9,35,1.0,-100.0,20.454545454545457,MARGIN CALL ($0)
83,15,0.0,66,12,54,1.0,-100.0,18.181818181818183,MARGIN CALL ($0)
6,53,0.0,14,0,14,1.0,-100.0,0.0,MARGIN CALL ($0)
6,54,0.0,14,0,14,1.0,-100.0,0.0,MARGIN CALL ($0)
6,55,0.0,14,0,14,1.0,-100.0,0.0,MARGIN CALL ($0)
83,19,0.0,508,99,409,1.0,-100.0,19.488188976377952,MARGIN CALL ($0)
83,20,0.0,74,15,59,1.0,-100.0,20.27027027027027,MARGIN CALL ($0)
83,21,0.0,24,2,22,1.0,-100.0,8.333333333333332,MARGIN CALL ($0)
83,22,0.0,44,9,35,1.0,-100.0,20.454545454545457,MARGIN CALL ($0)
83,23,0.0,32,8,24,1.0,-100.0,25.0,MARGIN CALL ($0)
83,24,0.0,44,9,35,1.0,-100.0,20.454545454545457,MARGIN CALL ($0)
6,56,0.0,14,0,14,1.0,-100.0,0.0,MARGIN CALL ($0)
6,57,0.0,13,0,13,1.0,-100.0,0.0,MARGIN CALL ($0)
83,27,0.0,57,5,52,1.0,-100.0,8.771929824561402,MARGIN CALL ($0)
83,28,0.0,52,5,47,1.0,-100.0,9.615384615384617,MARGIN CALL ($0)
83,29,0.0,22,2,20,1.0,-100.0,9.090909090909092,MARGIN CALL ($0)
83,30,0.0,20,2,18,1.0,-100.0,10.0,MARGIN CALL ($0)
83,31,0.0,45,5,40,1.0,-100.0,11.11111111111111,MARGIN CALL ($0)
83,32,0.0,45,5,40,1.0,-100.0,11.11111111111111,MARGIN CALL ($0)
83,33,0.0,46,5,41,1.0,-100.0,10.869565217391305,MARGIN CALL ($0)
83,34,0.0,25,4,21,1.0,-100.0,16.0,MARGIN CALL ($0)
83,35,0.0,26,4,22,1.0,-100.0,15.384615384615385,MARGIN CALL ($0)
83,36,0.0,25,4,21,1.0,-100.0,16.0,MARGIN CALL ($0)
83,37,0.0,25,4,21,1.0,-100.0,16.0,MARGIN CALL ($0)
83,38,0.0,25,4,21,1.0,-100.0,16.0,MARGIN CALL ($0)
83,39,0.0,36,5,31,1.0,-100.0,13.88888888888889,MARGIN CALL ($0)
83,40,0.0,35,5,30,1.0,-100.0,14.285714285714285,MARGIN CALL ($0)
83,41,0.0,31,4,27,1.0,-100.0,12.903225806451612,MARGIN CALL ($0)
83,42,0.0,36,6,30,1.0,-100.0,16.666666666666664,MARGIN CALL ($0)
83,43,0.0,29,5,24,1.0,-100.0,17.24137931034483,MARGIN CALL ($0)
83,44,0.0,30,5,25,1.0,-100.0,16.666666666666664,MARGIN CALL ($0)
83,45,0.0,30,5,25,1.0,-100.0,16.666666666666664,MARGIN CALL ($0)
83,46,0.0,32,5,27,1.0,-100.0,15.625,MARGIN CALL ($0)
83,47,0.0,27,5,22,1.0,-100.0,18.51851851851852,MARGIN CALL ($0)
83,48,0.0,26,5,21,1.0,-100.0,19.230769230769234,MARGIN CALL ($0)
6,58,0.0,13,0,13,1.0,-100.0,0.0,MARGIN CALL ($0)
6,59,0.0,12,0,12,1.0,-100.0,0.0,MARGIN CALL ($0)
6,60,0.0,12,0,12,1.0,-100.0,0.0,MARGIN CALL ($0)
6,61,0.0,12,0,12,1.0,-100.0,0.0,MARGIN CALL ($0)
6,62,0.0,12,0,12,1.0,-100.0,0.0,MARGIN CALL ($0)
83,54,0.0,17,1,16,1.0,-100.0,5.88235294117647,MARGIN CALL ($0)
83,55,0.0,17,1,16,1.0,-100.0,5.88235294117647,MARGIN CALL ($0)
83,56,0.0,17,1,16,1.0,-100.0,5.88235294117647,MARGIN CALL ($0)
6,63,0.0,12,0,12,1.0,-100.0,0.0,MARGIN CALL ($0)
6,64,0.0,11,0,11,1.0,-100.0,0.0,MARGIN CALL ($0)
6,65,0.0,11,0,11,1.0,-100.0,0.0,MARGIN CALL ($0)
83,60,0.0,15,1,14,1.0,-100.0,6.666666666666667,MARGIN CALL ($0)
83,61,0.0,15,1,14,1.0,-100.0,6.666666666666667,MARGIN CALL ($0)
83,62,0.0,15,1,14,1.0,-100.0,6.666666666666667,MARGIN CALL ($0)
83,63,0.0,15,1,14,1.0,-100.0,6.666666666666667,MARGIN CALL ($0)
83,64,0.0,15,1,14,1.0,-100.0,6.666666666666667,MARGIN CALL ($0)
83,65,0.0,15,1,14,1.0,-100.0,6.666666666666667,MARGIN CALL ($0)
83,66,0.0,14,0,14,1.0,-100.0,0.0,MARGIN CALL ($0)
83,67,0.0,14,0,14,1.0,-100.0,0.0,MARGIN CALL ($0)
83,68,0.0,13,0,13,1.0,-100.0,0.0,MARGIN CALL ($0)
83,69,0.0,16,2,14,1.0,-100.0,12.5,MARGIN CALL ($0)
83,70,0.0,16,2,14,1.0,-100.0,12.5,MARGIN CALL ($0)
83,71,0.0,16,3,13,1.0,-100.0,18.75,MARGIN CALL ($0)
83,72,0.0,17,3,14,1.0,-100.0,17.647058823529413,MARGIN CALL ($0)
83,73,0.0,17,3,14,1.0,-100.0,17.647058823529413,MARGIN CALL ($0)
83,74,0.0,17,3,14,1.0,-100.0,17.647058823529413,MARGIN CALL ($0)
83,75,0.0,17,3,14,1.0,-100.0,17.647058823529413,MARGIN CALL ($0)
83,76,0.0,17,3,14,1.0,-100.0,17.647058823529413,MARGIN CALL ($0)
83,77,0.0,23,4,19,1.0,-100.0,17.391304347826086,MARGIN CALL ($0)
83,78,0.0,28,5,23,1.0,-100.0,17.857142857142858,MARGIN CALL ($0)
83,79,0.0,28,5,23,1.0,-100.0,17.857142857142858,MARGIN CALL ($0)
83,80,0.0,27,4,23,1.0,-100.0,14.814814814814813,MARGIN CALL ($0)
83,81,0.0,57,7,50,1.0,-100.0,12.280701754385964,MARGIN CALL ($0)
83,82,0.0,57,7,50,1.0,-100.0,12.280701754385964,MARGIN CALL ($0)
83,83,0.0,47,5,42,1.0,-100.0,10.638297872340425,MARGIN CALL ($0)
83,84,0.0,51,5,46,1.0,-100.0,9.803921568627452,MARGIN CALL ($0)
83,85,0.0,22,2,20,1.0,-100.0,9.090909090909092,MARGIN CALL ($0)
83,86,0.0,82,5,77,1.0,-100.0,6.097560975609756,MARGIN CALL ($0)
83,87,0.0,21,2,19,1.0,-100.0,9.523809523809524,MARGIN CALL ($0)
83,88,0.0,20,2,18,1.0,-100.0,10.0,MARGIN CALL ($0)
83,89,0.0,20,2,18,1.0,-100.0,10.0,MARGIN CALL ($0)
83,90,0.0,20,2,18,1.0,-100.0,10.0,MARGIN CALL ($0)
83,91,0.0,20,2,18,1.0,-100.0,10.0,MARGIN CALL ($0)
83,92,0.0,22,2,20,1.0,-100.0,9.090909090909092,MARGIN CALL ($0)
83,93,0.0,22,2,20,1.0,-100.0,9.090909090909092,MARGIN CALL ($0)
83,94,0.0,22,2,20,1.0,-100.0,9.090909090909092,MARGIN CALL ($0)
83,95,0.0,21,2,19,1.0,-100.0,9.523809523809524,MARGIN CALL ($0)
83,96,0.0,21,2,19,1.0,-100.0,9.523809523809524,MARGIN CALL ($0)
83,97,0.0,20,2,18,1.0,-100.0,10.0,MARGIN CALL ($0)
83,98,0.0,21,2,19,1.0,-100.0,9.523809523809524,MARGIN CALL ($0)
83,99,0.0,20,2,18,1.0,-100.0,10.0,MARGIN CALL ($0)
83,100,0.0,20,2,18,1.0,-100.0,10.0,MARGIN CALL ($0)
84,1,0.0,60,10,50,1.0,-100.0,16.666666666666664,MARGIN CALL ($0)
84,2,0.0,57,7,50,1.0,-100.0,12.280701754385964,MARGIN CALL ($0)
84,3,0.0,58,7,51,1.0,-100.0,12.068965517241379,MARGIN CALL ($0)
84,4,0.0,80,13,67,1.0,-100.0,16.25,MARGIN CALL ($0)
84,5,0.0,67,10,57,1.0,-100.0,14.925373134328357,MARGIN CALL ($0)
84,6,0.0,1121,247,874,1.0,-100.0,22.033898305084744,MARGIN CALL ($0)
84,7,0.0,111,19,92,1.0,-100.0,17.117117117117118,MARGIN CALL ($0)
84,8,0.0,15,0,15,1.0,-100.0,0.0,MARGIN CALL ($0)
84,9,0.0,16,1,15,1.0,-100.0,6.25,MARGIN CALL ($0)
84,10,0.0,15,1,14,1.0,-100.0,6.666666666666667,MARGIN CALL ($0)
84,11,0.0,15,1,14,1.0,-100.0,6.666666666666667,MARGIN CALL ($0)
84,12,0.0,52,11,41,1.0,-100.0,21.153846153846153,MARGIN CALL ($0)
84,13,0.0,52,9,43,1.0,-100.0,17.307692307692307,MARGIN CALL ($0)
84,14,0.0,33,6,27,1.0,-100.0,18.181818181818183,MARGIN CALL ($0)
84,15,0.0,59,11,48,1.0,-100.0,18.64406779661017,MARGIN CALL ($0)
6,66,0.0,11,0,11,1.0,-100.0,0.0,MARGIN CALL ($0)
6,67,0.0,11,0,11,1.0,-100.0,0.0,MARGIN CALL ($0)
6,68,0.0,11,0,11,1.0,-100.0,0.0,MARGIN CALL ($0)
84,19,0.0,499,97,402,1.0,-100.0,19.438877755511022,MARGIN CALL ($0)
84,20,0.0,24,2,22,1.0,-100.0,8.333333333333332,MARGIN CALL ($0)
84,21,0.0,19,1,18,1.0,-100.0,5.263157894736842,MARGIN CALL ($0)
84,22,0.0,38,8,30,1.0,-100.0,21.052631578947366,MARGIN CALL ($0)
84,23,0.0,29,7,22,1.0,-100.0,24.137931034482758,MARGIN CALL ($0)
84,24,0.0,38,7,31,1.0,-100.0,18.421052631578945,MARGIN CALL ($0)
6,69,0.0,13,0,13,1.0,-100.0,0.0,MARGIN CALL ($0)
84,26,0.0,60,8,52,1.0,-100.0,13.333333333333334,MARGIN CALL ($0)
84,27,0.0,246,39,207,1.0,-100.0,15.853658536585366,MARGIN CALL ($0)
84,28,0.0,203,33,170,1.0,-100.0,16.25615763546798,MARGIN CALL ($0)
84,29,0.0,26,3,23,1.0,-100.0,11.538461538461538,MARGIN CALL ($0)
84,30,0.0,17,1,16,1.0,-100.0,5.88235294117647,MARGIN CALL ($0)
84,31,0.0,41,4,37,1.0,-100.0,9.75609756097561,MARGIN CALL ($0)
84,32,0.0,42,4,38,1.0,-100.0,9.523809523809524,MARGIN CALL ($0)
84,33,0.0,42,4,38,1.0,-100.0,9.523809523809524,MARGIN CALL ($0)
84,34,0.0,22,3,19,1.0,-100.0,13.636363636363635,MARGIN CALL ($0)
84,35,0.0,22,3,19,1.0,-100.0,13.636363636363635,MARGIN CALL ($0)
84,36,0.0,21,3,18,1.0,-100.0,14.285714285714285,MARGIN CALL ($0)
84,37,0.0,21,3,18,1.0,-100.0,14.285714285714285,MARGIN CALL ($0)
84,38,0.0,22,3,19,1.0,-100.0,13.636363636363635,MARGIN CALL ($0)
84,39,0.0,31,4,27,1.0,-100.0,12.903225806451612,MARGIN CALL ($0)
84,40,0.0,30,4,26,1.0,-100.0,13.333333333333334,MARGIN CALL ($0)
84,41,0.0,26,3,23,1.0,-100.0,11.538461538461538,MARGIN CALL ($0)
84,42,0.0,32,5,27,1.0,-100.0,15.625,MARGIN CALL ($0)
84,43,0.0,27,4,23,1.0,-100.0,14.814814814814813,MARGIN CALL ($0)
84,44,0.0,33,6,27,1.0,-100.0,18.181818181818183,MARGIN CALL ($0)
84,45,0.0,33,6,27,1.0,-100.0,18.181818181818183,MARGIN CALL ($0)
84,46,0.0,29,4,25,1.0,-100.0,13.793103448275861,MARGIN CALL ($0)
84,47,0.0,25,4,21,1.0,-100.0,16.0,MARGIN CALL ($0)
84,48,0.0,24,4,20,1.0,-100.0,16.666666666666664,MARGIN CALL ($0)
6,70,0.0,13,0,13,1.0,-100.0,0.0,MARGIN CALL ($0)
6,71,0.0,12,0,12,1.0,-100.0,0.0,MARGIN CALL ($0)
6,72,0.0,12,0,12,1.0,-100.0,0.0,MARGIN CALL ($0)
6,73,0.0,12,0,12,1.0,-100.0,0.0,MARGIN CALL ($0)
6,74,0.0,12,0,12,1.0,-100.0,0.0,MARGIN CALL ($0)
84,54,0.0,14,0,14,1.0,-100.0,0.0,MARGIN CALL ($0)
84,55,0.0,14,0,14,1.0,-100.0,0.0,MARGIN CALL ($0)
84,56,0.0,13,0,13,1.0,-100.0,0.0,MARGIN CALL ($0)
6,75,0.0,12,0,12,1.0,-100.0,0.0,MARGIN CALL ($0)
6,76,0.0,12,0,12,1.0,-100.0,0.0,MARGIN CALL ($0)
84,59,0.0,11,0,11,1.0,-100.0,0.0,MARGIN CALL ($0)
84,60,0.0,11,0,11,1.0,-100.0,0.0,MARGIN CALL ($0)
84,61,0.0,11,0,11,1.0,-100.0,0.0,MARGIN CALL ($0)
84,62,0.0,11,0,11,1.0,-100.0,0.0,MARGIN CALL ($0)
84,63,0.0,12,0,12,1.0,-100.0,0.0,MARGIN CALL ($0)
84,64,0.0,12,0,12,1.0,-100.0,0.0,MARGIN CALL ($0)
84,65,0.0,12,0,12,1.0,-100.0,0.0,MARGIN CALL ($0)
84,66,0.0,14,0,14,1.0,-100.0,0.0,MARGIN CALL ($0)
84,67,0.0,14,0,14,1.0,-100.0,0.0,MARGIN CALL ($0)
84,68,0.0,13,0,13,1.0,-100.0,0.0,MARGIN CALL ($0)
84,69,0.0,14,2,12,1.0,-100.0,14.285714285714285,MARGIN CALL ($0)
84,70,0.0,14,2,12,1.0,-100.0,14.285714285714285,MARGIN CALL ($0)
84,71,0.0,16,3,13,1.0,-100.0,18.75,MARGIN CALL ($0)
84,72,0.0,16,3,13,1.0,-100.0,18.75,MARGIN CALL ($0)
84,73,0.0,16,3,13,1.0,-100.0,18.75,MARGIN CALL ($0)
84,74,0.0,16,3,13,1.0,-100.0,18.75,MARGIN CALL ($0)
84,75,0.0,17,3,14,1.0,-100.0,17.647058823529413,MARGIN CALL ($0)
84,76,0.0,17,3,14,1.0,-100.0,17.647058823529413,MARGIN CALL ($0)
84,77,0.0,17,3,14,1.0,-100.0,17.647058823529413,MARGIN CALL ($0)
84,78,0.0,20,4,16,1.0,-100.0,20.0,MARGIN CALL ($0)
84,79,0.0,20,4,16,1.0,-100.0,20.0,MARGIN CALL ($0)
84,80,0.0,19,3,16,1.0,-100.0,15.789473684210526,MARGIN CALL ($0)
84,81,0.0,60,7,53,1.0,-100.0,11.666666666666666,MARGIN CALL ($0)
84,82,0.0,60,7,53,1.0,-100.0,11.666666666666666,MARGIN CALL ($0)
84,83,0.0,48,5,43,1.0,-100.0,10.416666666666668,MARGIN CALL ($0)
84,84,0.0,19,2,17,1.0,-100.0,10.526315789473683,MARGIN CALL ($0)
84,85,0.0,17,1,16,1.0,-100.0,5.88235294117647,MARGIN CALL ($0)
84,86,0.0,18,1,17,1.0,-100.0,5.555555555555555,MARGIN CALL ($0)
84,87,0.0,17,1,16,1.0,-100.0,5.88235294117647,MARGIN CALL ($0)
84,88,0.0,16,1,15,1.0,-100.0,6.25,MARGIN CALL ($0)
84,89,0.0,17,1,16,1.0,-100.0,5.88235294117647,MARGIN CALL ($0)
84,90,0.0,16,1,15,1.0,-100.0,6.25,MARGIN CALL ($0)
84,91,0.0,16,1,15,1.0,-100.0,6.25,MARGIN CALL ($0)
84,92,0.0,17,1,16,1.0,-100.0,5.88235294117647,MARGIN CALL ($0)
84,93,0.0,17,1,16,1.0,-100.0,5.88235294117647,MARGIN CALL ($0)
84,94,0.0,18,1,17,1.0,-100.0,5.555555555555555,MARGIN CALL ($0)
84,95,0.0,18,1,17,1.0,-100.0,5.555555555555555,MARGIN CALL ($0)
84,96,0.0,18,1,17,1.0,-100.0,5.555555555555555,MARGIN CALL ($0)
84,97,0.0,18,1,17,1.0,-100.0,5.555555555555555,MARGIN CALL ($0)
84,98,0.0,17,1,16,1.0,-100.0,5.88235294117647,MARGIN CALL ($0)
84,99,0.0,16,1,15,1.0,-100.0,6.25,MARGIN CALL ($0)
84,100,0.0,16,1,15,1.0,-100.0,6.25,MARGIN CALL ($0)
85,1,0.0,61,11,50,1.0,-100.0,18.0327868852459,MARGIN CALL ($0)
85,2,0.0,57,7,50,1.0,-100.0,12.280701754385964,MARGIN CALL ($0)
85,3,0.0,58,7,51,1.0,-100.0,12.068965517241379,MARGIN CALL ($0)
85,4,0.0,80,13,67,1.0,-100.0,16.25,MARGIN CALL ($0)
85,5,0.0,67,10,57,1.0,-100.0,14.925373134328357,MARGIN CALL ($0)
85,6,0.0,1124,248,876,1.0,-100.0,22.064056939501782,MARGIN CALL ($0)
85,7,0.0,114,20,94,1.0,-100.0,17.543859649122805,MARGIN CALL ($0)
85,8,0.0,15,0,15,1.0,-100.0,0.0,MARGIN CALL ($0)
85,9,0.0,16,1,15,1.0,-100.0,6.25,MARGIN CALL ($0)
85,10,0.0,15,1,14,1.0,-100.0,6.666666666666667,MARGIN CALL ($0)
85,11,0.0,15,1,14,1.0,-100.0,6.666666666666667,MARGIN CALL ($0)
85,12,0.0,49,10,39,1.0,-100.0,20.408163265306122,MARGIN CALL ($0)
85,13,0.0,52,9,43,1.0,-100.0,17.307692307692307,MARGIN CALL ($0)
85,14,0.0,33,6,27,1.0,-100.0,18.181818181818183,MARGIN CALL ($0)
85,15,0.0,62,12,50,1.0,-100.0,19.35483870967742,MARGIN CALL ($0)
6,77,0.0,12,0,12,1.0,-100.0,0.0,MARGIN CALL ($0)
6,78,0.0,12,0,12,1.0,-100.0,0.0,MARGIN CALL ($0)
6,79,0.0,12,0,12,1.0,-100.0,0.0,MARGIN CALL ($0)
85,19,0.0,495,98,397,1.0,-100.0,19.7979797979798,MARGIN CALL ($0)
85,20,0.0,25,2,23,1.0,-100.0,8.0,MARGIN CALL ($0)
85,21,0.0,19,1,18,1.0,-100.0,5.263157894736842,MARGIN CALL ($0)
85,22,0.0,37,7,30,1.0,-100.0,18.91891891891892,MARGIN CALL ($0)
85,23,0.0,27,6,21,1.0,-100.0,22.22222222222222,MARGIN CALL ($0)
85,24,0.0,38,7,31,1.0,-100.0,18.421052631578945,MARGIN CALL ($0)
6,80,0.0,12,0,12,1.0,-100.0,0.0,MARGIN CALL ($0)
85,26,0.0,61,8,53,1.0,-100.0,13.114754098360656,MARGIN CALL ($0)
85,27,0.0,56,6,50,1.0,-100.0,10.714285714285714,MARGIN CALL ($0)
85,28,0.0,54,6,48,1.0,-100.0,11.11111111111111,MARGIN CALL ($0)
85,29,0.0,25,3,22,1.0,-100.0,12.0,MARGIN CALL ($0)
85,30,0.0,16,1,15,1.0,-100.0,6.25,MARGIN CALL ($0)
85,31,0.0,40,4,36,1.0,-100.0,10.0,MARGIN CALL ($0)
85,32,0.0,41,4,37,1.0,-100.0,9.75609756097561,MARGIN CALL ($0)
85,33,0.0,41,4,37,1.0,-100.0,9.75609756097561,MARGIN CALL ($0)
85,34,0.0,21,3,18,1.0,-100.0,14.285714285714285,MARGIN CALL ($0)
85,35,0.0,21,3,18,1.0,-100.0,14.285714285714285,MARGIN CALL ($0)
85,36,0.0,20,3,17,1.0,-100.0,15.0,MARGIN CALL ($0)
85,37,0.0,20,3,17,1.0,-100.0,15.0,MARGIN CALL ($0)
85,38,0.0,21,3,18,1.0,-100.0,14.285714285714285,MARGIN CALL ($0)
85,39,0.0,30,4,26,1.0,-100.0,13.333333333333334,MARGIN CALL ($0)
85,40,0.0,29,4,25,1.0,-100.0,13.793103448275861,MARGIN CALL ($0)
85,41,0.0,26,3,23,1.0,-100.0,11.538461538461538,MARGIN CALL ($0)
85,42,0.0,32,5,27,1.0,-100.0,15.625,MARGIN CALL ($0)
85,43,0.0,27,4,23,1.0,-100.0,14.814814814814813,MARGIN CALL ($0)
85,44,0.0,33,6,27,1.0,-100.0,18.181818181818183,MARGIN CALL ($0)
85,45,0.0,33,6,27,1.0,-100.0,18.181818181818183,MARGIN CALL ($0)
85,46,0.0,29,4,25,1.0,-100.0,13.793103448275861,MARGIN CALL ($0)
85,47,0.0,25,4,21,1.0,-100.0,16.0,MARGIN CALL ($0)
85,48,0.0,24,4,20,1.0,-100.0,16.666666666666664,MARGIN CALL ($0)
85,49,0.0,32,5,27,1.0,-100.0,15.625,MARGIN CALL ($0)
85,50,0.0,28,4,24,1.0,-100.0,14.285714285714285,MARGIN CALL ($0)
85,51,0.0,27,4,23,1.0,-100.0,14.814814814814813,MARGIN CALL ($0)
85,52,0.0,27,4,23,1.0,-100.0,14.814814814814813,MARGIN CALL ($0)
85,53,0.0,26,4,22,1.0,-100.0,15.384615384615385,MARGIN CALL ($0)
85,54,0.0,14,0,14,1.0,-100.0,0.0,MARGIN CALL ($0)
85,55,0.0,14,0,14,1.0,-100.0,0.0,MARGIN CALL ($0)
85,56,0.0,13,0,13,1.0,-100.0,0.0,MARGIN CALL ($0)
85,57,0.0,13,0,13,1.0,-100.0,0.0,MARGIN CALL ($0)
85,58,0.0,12,0,12,1.0,-100.0,0.0,MARGIN CALL ($0)
85,59,0.0,11,0,11,1.0,-100.0,0.0,MARGIN CALL ($0)
85,60,0.0,11,0,11,1.0,-100.0,0.0,MARGIN CALL ($0)
85,61,0.0,11,0,11,1.0,-100.0,0.0,MARGIN CALL ($0)
85,62,0.0,11,0,11,1.0,-100.0,0.0,MARGIN CALL ($0)
85,63,0.0,12,0,12,1.0,-100.0,0.0,MARGIN CALL ($0)
85,64,0.0,12,0,12,1.0,-100.0,0.0,MARGIN CALL ($0)
85,65,0.0,12,0,12,1.0,-100.0,0.0,MARGIN CALL ($0)
85,66,0.0,13,0,13,1.0,-100.0,0.0,MARGIN CALL ($0)
85,67,0.0,13,0,13,1.0,-100.0,0.0,MARGIN CALL ($0)
85,68,0.0,12,0,12,1.0,-100.0,0.0,MARGIN CALL ($0)
85,69,0.0,14,2,12,1.0,-100.0,14.285714285714285,MARGIN CALL ($0)
85,70,0.0,14,2,12,1.0,-100.0,14.285714285714285,MARGIN CALL ($0)
85,71,0.0,15,3,12,1.0,-100.0,20.0,MARGIN CALL ($0)
85,72,0.0,16,3,13,1.0,-100.0,18.75,MARGIN CALL ($0)
85,73,0.0,16,3,13,1.0,-100.0,18.75,MARGIN CALL ($0)
85,74,0.0,16,3,13,1.0,-100.0,18.75,MARGIN CALL ($0)
85,75,0.0,17,3,14,1.0,-100.0,17.647058823529413,MARGIN CALL ($0)
85,76,0.0,17,3,14,1.0,-100.0,17.647058823529413,MARGIN CALL ($0)
85,77,0.0,17,3,14,1.0,-100.0,17.647058823529413,MARGIN CALL ($0)
85,78,0.0,20,4,16,1.0,-100.0,20.0,MARGIN CALL ($0)
85,79,0.0,20,4,16,1.0,-100.0,20.0,MARGIN CALL ($0)
85,80,0.0,19,3,16,1.0,-100.0,15.789473684210526,MARGIN CALL ($0)
85,81,0.0,62,7,55,1.0,-100.0,11.29032258064516,MARGIN CALL ($0)
85,82,0.0,62,7,55,1.0,-100.0,11.29032258064516,MARGIN CALL ($0)
85,83,0.0,47,5,42,1.0,-100.0,10.638297872340425,MARGIN CALL ($0)
85,84,0.0,20,2,18,1.0,-100.0,10.0,MARGIN CALL ($0)
85,85,0.0,17,1,16,1.0,-100.0,5.88235294117647,MARGIN CALL ($0)
85,86,0.0,17,1,16,1.0,-100.0,5.88235294117647,MARGIN CALL ($0)
85,87,0.0,17,1,16,1.0,-100.0,5.88235294117647,MARGIN CALL ($0)
85,88,0.0,16,1,15,1.0,-100.0,6.25,MARGIN CALL ($0)
85,89,0.0,17,1,16,1.0,-100.0,5.88235294117647,MARGIN CALL ($0)
85,90,0.0,16,1,15,1.0,-100.0,6.25,MARGIN CALL ($0)
85,91,0.0,16,1,15,1.0,-100.0,6.25,MARGIN CALL ($0)
85,92,0.0,17,1,16,1.0,-100.0,5.88235294117647,MARGIN CALL ($0)
85,93,0.0,17,1,16,1.0,-100.0,5.88235294117647,MARGIN CALL ($0)
85,94,0.0,18,1,17,1.0,-100.0,5.555555555555555,MARGIN CALL ($0)
85,95,0.0,18,1,17,1.0,-100.0,5.555555555555555,MARGIN CALL ($0)
85,96,0.0,18,1,17,1.0,-100.0,5.555555555555555,MARGIN CALL ($0)
85,97,0.0,18,1,17,1.0,-100.0,5.555555555555555,MARGIN CALL ($0)
85,98,0.0,17,1,16,1.0,-100.0,5.88235294117647,MARGIN CALL ($0)
85,99,0.0,16,1,15,1.0,-100.0,6.25,MARGIN CALL ($0)
85,100,0.0,16,1,15,1.0,-100.0,6.25,MARGIN CALL ($0)
86,1,0.0,61,11,50,1.0,-100.0,18.0327868852459,MARGIN CALL ($0)
86,2,0.0,57,7,50,1.0,-100.0,12.280701754385964,MARGIN CALL ($0)
86,3,0.0,58,7,51,1.0,-100.0,12.068965517241379,MARGIN CALL ($0)
86,4,0.0,80,13,67,1.0,-100.0,16.25,MARGIN CALL ($0)
86,5,0.0,67,10,57,1.0,-100.0,14.925373134328357,MARGIN CALL ($0)
86,6,0.0,1119,245,874,1.0,-100.0,21.89454870420018,MARGIN CALL ($0)
86,7,0.0,114,20,94,1.0,-100.0,17.543859649122805,MARGIN CALL ($0)
86,8,0.0,15,0,15,1.0,-100.0,0.0,MARGIN CALL ($0)
86,9,0.0,16,1,15,1.0,-100.0,6.25,MARGIN CALL ($0)
86,10,0.0,15,1,14,1.0,-100.0,6.666666666666667,MARGIN CALL ($0)
86,11,0.0,15,1,14,1.0,-100.0,6.666666666666667,MARGIN CALL ($0)
86,12,0.0,49,10,39,1.0,-100.0,20.408163265306122,MARGIN CALL ($0)
86,13,0.0,52,9,43,1.0,-100.0,17.307692307692307,MARGIN CALL ($0)
86,14,0.0,33,6,27,1.0,-100.0,18.181818181818183,MARGIN CALL ($0)
86,15,0.0,62,12,50,1.0,-100.0,19.35483870967742,MARGIN CALL ($0)
6,81,0.0,12,0,12,1.0,-100.0,0.0,MARGIN CALL ($0)
6,82,0.0,12,0,12,1.0,-100.0,0.0,MARGIN CALL ($0)
6,83,0.0,12,0,12,1.0,-100.0,0.0,MARGIN CALL ($0)
6,84,0.0,12,0,12,1.0,-100.0,0.0,MARGIN CALL ($0)
86,20,0.0,25,2,23,1.0,-100.0,8.0,MARGIN CALL ($0)
86,21,0.0,19,1,18,1.0,-100.0,5.263157894736842,MARGIN CALL ($0)
86,22,0.0,37,7,30,1.0,-100.0,18.91891891891892,MARGIN CALL ($0)
86,23,0.0,27,6,21,1.0,-100.0,22.22222222222222,MARGIN CALL ($0)
86,24,0.0,38,7,31,1.0,-100.0,18.421052631578945,MARGIN CALL ($0)
6,85,0.0,12,0,12,1.0,-100.0,0.0,MARGIN CALL ($0)
86,26,0.0,61,8,53,1.0,-100.0,13.114754098360656,MARGIN CALL ($0)
86,27,0.0,56,6,50,1.0,-100.0,10.714285714285714,MARGIN CALL ($0)
86,28,0.0,54,6,48,1.0,-100.0,11.11111111111111,MARGIN CALL ($0)
86,29,0.0,25,3,22,1.0,-100.0,12.0,MARGIN CALL ($0)
86,30,0.0,16,1,15,1.0,-100.0,6.25,MARGIN CALL ($0)
86,31,0.0,40,4,36,1.0,-100.0,10.0,MARGIN CALL ($0)
86,32,0.0,41,4,37,1.0,-100.0,9.75609756097561,MARGIN CALL ($0)
86,33,0.0,41,4,37,1.0,-100.0,9.75609756097561,MARGIN CALL ($0)
86,34,0.0,21,3,18,1.0,-100.0,14.285714285714285,MARGIN CALL ($0)
86,35,0.0,21,3,18,1.0,-100.0,14.285714285714285,MARGIN CALL ($0)
86,36,0.0,20,3,17,1.0,-100.0,15.0,MARGIN CALL ($0)
86,37,0.0,20,3,17,1.0,-100.0,15.0,MARGIN CALL ($0)
86,38,0.0,21,3,18,1.0,-100.0,14.285714285714285,MARGIN CALL ($0)
86,39,0.0,30,4,26,1.0,-100.0,13.333333333333334,MARGIN CALL ($0)
86,40,0.0,29,4,25,1.0,-100.0,13.793103448275861,MARGIN CALL ($0)
86,41,0.0,25,3,22,1.0,-100.0,12.0,MARGIN CALL ($0)
86,42,0.0,31,5,26,1.0,-100.0,16.129032258064516,MARGIN CALL ($0)
86,43,0.0,27,4,23,1.0,-100.0,14.814814814814813,MARGIN CALL ($0)
86,44,0.0,33,6,27,1.0,-100.0,18.181818181818183,MARGIN CALL ($0)
86,45,0.0,33,6,27,1.0,-100.0,18.181818181818183,MARGIN CALL ($0)
86,46,0.0,29,4,25,1.0,-100.0,13.793103448275861,MARGIN CALL ($0)
86,47,0.0,25,4,21,1.0,-100.0,16.0,MARGIN CALL ($0)
86,48,0.0,24,4,20,1.0,-100.0,16.666666666666664,MARGIN CALL ($0)
86,49,0.0,32,5,27,1.0,-100.0,15.625,MARGIN CALL ($0)
86,50,0.0,28,4,24,1.0,-100.0,14.285714285714285,MARGIN CALL ($0)
86,51,0.0,27,4,23,1.0,-100.0,14.814814814814813,MARGIN CALL ($0)
86,52,0.0,27,4,23,1.0,-100.0,14.814814814814813,MARGIN CALL ($0)
86,53,0.0,26,4,22,1.0,-100.0,15.384615384615385,MARGIN CALL ($0)
86,54,0.0,14,0,14,1.0,-100.0,0.0,MARGIN CALL ($0)
86,55,0.0,14,0,14,1.0,-100.0,0.0,MARGIN CALL ($0)
86,56,0.0,13,0,13,1.0,-100.0,0.0,MARGIN CALL ($0)
86,57,0.0,13,0,13,1.0,-100.0,0.0,MARGIN CALL ($0)
86,58,0.0,12,0,12,1.0,-100.0,0.0,MARGIN CALL ($0)
86,59,0.0,11,0,11,1.0,-100.0,0.0,MARGIN CALL ($0)
86,60,0.0,11,0,11,1.0,-100.0,0.0,MARGIN CALL ($0)
86,61,0.0,11,0,11,1.0,-100.0,0.0,MARGIN CALL ($0)
86,62,0.0,11,0,11,1.0,-100.0,0.0,MARGIN CALL ($0)
86,63,0.0,12,0,12,1.0,-100.0,0.0,MARGIN CALL ($0)
86,64,0.0,12,0,12,1.0,-100.0,0.0,MARGIN CALL ($0)
86,65,0.0,12,0,12,1.0,-100.0,0.0,MARGIN CALL ($0)
86,66,0.0,13,0,13,1.0,-100.0,0.0,MARGIN CALL ($0)
86,67,0.0,13,0,13,1.0,-100.0,0.0,MARGIN CALL ($0)
86,68,0.0,12,0,12,1.0,-100.0,0.0,MARGIN CALL ($0)
86,69,0.0,14,2,12,1.0,-100.0,14.285714285714285,MARGIN CALL ($0)
86,70,0.0,14,2,12,1.0,-100.0,14.285714285714285,MARGIN CALL ($0)
86,71,0.0,15,3,12,1.0,-100.0,20.0,MARGIN CALL ($0)
86,72,0.0,16,3,13,1.0,-100.0,18.75,MARGIN CALL ($0)
86,73,0.0,16,3,13,1.0,-100.0,18.75,MARGIN CALL ($0)
86,74,0.0,16,3,13,1.0,-100.0,18.75,MARGIN CALL ($0)
86,75,0.0,17,3,14,1.0,-100.0,17.647058823529413,MARGIN CALL ($0)
86,76,0.0,17,3,14,1.0,-100.0,17.647058823529413,MARGIN CALL ($0)
86,77,0.0,17,3,14,1.0,-100.0,17.647058823529413,MARGIN CALL ($0)
86,78,0.0,20,4,16,1.0,-100.0,20.0,MARGIN CALL ($0)
86,79,0.0,20,4,16,1.0,-100.0,20.0,MARGIN CALL ($0)
86,80,0.0,19,3,16,1.0,-100.0,15.789473684210526,MARGIN CALL ($0)
86,81,0.0,60,7,53,1.0,-100.0,11.666666666666666,MARGIN CALL ($0)
86,82,0.0,61,7,54,1.0,-100.0,11.475409836065573,MARGIN CALL ($0)
86,83,0.0,47,5,42,1.0,-100.0,10.638297872340425,MARGIN CALL ($0)
86,84,0.0,20,2,18,1.0,-100.0,10.0,MARGIN CALL ($0)
86,85,0.0,17,1,16,1.0,-100.0,5.88235294117647,MARGIN CALL ($0)
86,86,0.0,17,1,16,1.0,-100.0,5.88235294117647,MARGIN CALL ($0)
86,87,0.0,17,1,16,1.0,-100.0,5.88235294117647,MARGIN CALL ($0)
86,88,0.0,16,1,15,1.0,-100.0,6.25,MARGIN CALL ($0)
86,89,0.0,17,1,16,1.0,-100.0,5.88235294117647,MARGIN CALL ($0)
86,90,0.0,16,1,15,1.0,-100.0,6.25,MARGIN CALL ($0)
86,91,0.0,16,1,15,1.0,-100.0,6.25,MARGIN CALL ($0)
86,92,0.0,17,1,16,1.0,-100.0,5.88235294117647,MARGIN CALL ($0)
86,93,0.0,17,1,16,1.0,-100.0,5.88235294117647,MARGIN CALL ($0)
86,94,0.0,18,1,17,1.0,-100.0,5.555555555555555,MARGIN CALL ($0)
86,95,0.0,18,1,17,1.0,-100.0,5.555555555555555,MARGIN CALL ($0)
86,96,0.0,18,1,17,1.0,-100.0,5.555555555555555,MARGIN CALL ($0)
86,97,0.0,18,1,17,1.0,-100.0,5.555555555555555,MARGIN CALL ($0)
86,98,0.0,17,1,16,1.0,-100.0,5.88235294117647,MARGIN CALL ($0)
86,99,0.0,16,1,15,1.0,-100.0,6.25,MARGIN CALL ($0)
86,100,0.0,16,1,15,1.0,-100.0,6.25,MARGIN CALL ($0)
87,1,0.0,61,11,50,1.0,-100.0,18.0327868852459,MARGIN CALL ($0)
87,2,0.0,57,7,50,1.0,-100.0,12.280701754385964,MARGIN CALL ($0)
87,3,0.0,58,7,51,1.0,-100.0,12.068965517241379,MARGIN CALL ($0)
87,4,0.0,80,13,67,1.0,-100.0,16.25,MARGIN CALL ($0)
87,5,0.0,67,10,57,1.0,-100.0,14.925373134328357,MARGIN CALL ($0)
87,6,0.0,1110,244,866,1.0,-100.0,21.98198198198198,MARGIN CALL ($0)
87,7,0.0,114,20,94,1.0,-100.0,17.543859649122805,MARGIN CALL ($0)
87,8,0.0,15,0,15,1.0,-100.0,0.0,MARGIN CALL ($0)
87,9,0.0,16,1,15,1.0,-100.0,6.25,MARGIN CALL ($0)
87,10,0.0,15,1,14,1.0,-100.0,6.666666666666667,MARGIN CALL ($0)
87,11,0.0,15,1,14,1.0,-100.0,6.666666666666667,MARGIN CALL ($0)
87,12,0.0,48,10,38,1.0,-100.0,20.833333333333336,MARGIN CALL ($0)
87,13,0.0,20,3,17,1.0,-100.0,15.0,MARGIN CALL ($0)
87,14,0.0,25,3,22,1.0,-100.0,12.0,MARGIN CALL ($0)
87,15,0.0,56,10,46,1.0,-100.0,17.857142857142858,MARGIN CALL ($0)
6,86,0.0,12,0,12,1.0,-100.0,0.0,MARGIN CALL ($0)
6,87,0.0,12,0,12,1.0,-100.0,0.0,MARGIN CALL ($0)
87,18,0.0,75,15,60,1.0,-100.0,20.0,MARGIN CALL ($0)
87,19,0.0,77,15,62,1.0,-100.0,19.480519480519483,MARGIN CALL ($0)
87,20,0.0,20,1,19,1.0,-100.0,5.0,MARGIN CALL ($0)
87,21,0.0,14,0,14,1.0,-100.0,0.0,MARGIN CALL ($0)
87,22,0.0,25,4,21,1.0,-100.0,16.0,MARGIN CALL ($0)
87,23,0.0,23,5,18,1.0,-100.0,21.73913043478261,MARGIN CALL ($0)
87,24,0.0,34,6,28,1.0,-100.0,17.647058823529413,MARGIN CALL ($0)
87,25,0.0,60,7,53,1.0,-100.0,11.666666666666666,MARGIN CALL ($0)
87,26,0.0,55,7,48,1.0,-100.0,12.727272727272727,MARGIN CALL ($0)
87,27,0.0,57,6,51,1.0,-100.0,10.526315789473683,MARGIN CALL ($0)
87,28,0.0,51,6,45,1.0,-100.0,11.76470588235294,MARGIN CALL ($0)
87,29,0.0,22,3,19,1.0,-100.0,13.636363636363635,MARGIN CALL ($0)
87,30,0.0,16,1,15,1.0,-100.0,6.25,MARGIN CALL ($0)
87,31,0.0,40,4,36,1.0,-100.0,10.0,MARGIN CALL ($0)
87,32,0.0,41,4,37,1.0,-100.0,9.75609756097561,MARGIN CALL ($0)
87,33,0.0,41,4,37,1.0,-100.0,9.75609756097561,MARGIN CALL ($0)
87,34,0.0,21,3,18,1.0,-100.0,14.285714285714285,MARGIN CALL ($0)
87,35,0.0,21,3,18,1.0,-100.0,14.285714285714285,MARGIN CALL ($0)
87,36,0.0,20,3,17,1.0,-100.0,15.0,MARGIN CALL ($0)
87,37,0.0,20,3,17,1.0,-100.0,15.0,MARGIN CALL ($0)
87,38,0.0,21,3,18,1.0,-100.0,14.285714285714285,MARGIN CALL ($0)
87,39,0.0,30,4,26,1.0,-100.0,13.333333333333334,MARGIN CALL ($0)
87,40,0.0,29,4,25,1.0,-100.0,13.793103448275861,MARGIN CALL ($0)
87,41,0.0,25,3,22,1.0,-100.0,12.0,MARGIN CALL ($0)
87,42,0.0,31,5,26,1.0,-100.0,16.129032258064516,MARGIN CALL ($0)
87,43,0.0,27,4,23,1.0,-100.0,14.814814814814813,MARGIN CALL ($0)
87,44,0.0,33,6,27,1.0,-100.0,18.181818181818183,MARGIN CALL ($0)
87,45,0.0,33,6,27,1.0,-100.0,18.181818181818183,MARGIN CALL ($0)
87,46,0.0,29,4,25,1.0,-100.0,13.793103448275861,MARGIN CALL ($0)
87,47,0.0,25,4,21,1.0,-100.0,16.0,MARGIN CALL ($0)
87,48,0.0,24,4,20,1.0,-100.0,16.666666666666664,MARGIN CALL ($0)
87,49,0.0,32,5,27,1.0,-100.0,15.625,MARGIN CALL ($0)
87,50,0.0,28,4,24,1.0,-100.0,14.285714285714285,MARGIN CALL ($0)
87,51,0.0,27,4,23,1.0,-100.0,14.814814814814813,MARGIN CALL ($0)
87,52,0.0,27,4,23,1.0,-100.0,14.814814814814813,MARGIN CALL ($0)
87,53,0.0,26,4,22,1.0,-100.0,15.384615384615385,MARGIN CALL ($0)
87,54,0.0,14,0,14,1.0,-100.0,0.0,MARGIN CALL ($0)
87,55,0.0,14,0,14,1.0,-100.0,0.0,MARGIN CALL ($0)
87,56,0.0,13,0,13,1.0,-100.0,0.0,MARGIN CALL ($0)
87,57,0.0,13,0,13,1.0,-100.0,0.0,MARGIN CALL ($0)
87,58,0.0,12,0,12,1.0,-100.0,0.0,MARGIN CALL ($0)
87,59,0.0,11,0,11,1.0,-100.0,0.0,MARGIN CALL ($0)
87,60,0.0,11,0,11,1.0,-100.0,0.0,MARGIN CALL ($0)
87,61,0.0,11,0,11,1.0,-100.0,0.0,MARGIN CALL ($0)
87,62,0.0,11,0,11,1.0,-100.0,0.0,MARGIN CALL ($0)
87,63,0.0,12,0,12,1.0,-100.0,0.0,MARGIN CALL ($0)
87,64,0.0,12,0,12,1.0,-100.0,0.0,MARGIN CALL ($0)
87,65,0.0,12,0,12,1.0,-100.0,0.0,MARGIN CALL ($0)
87,66,0.0,13,0,13,1.0,-100.0,0.0,MARGIN CALL ($0)
87,67,0.0,13,0,13,1.0,-100.0,0.0,MARGIN CALL ($0)
87,68,0.0,12,0,12,1.0,-100.0,0.0,MARGIN CALL ($0)
87,69,0.0,14,2,12,1.0,-100.0,14.285714285714285,MARGIN CALL ($0)
87,70,0.0,14,2,12,1.0,-100.0,14.285714285714285,MARGIN CALL ($0)
87,71,0.0,15,3,12,1.0,-100.0,20.0,MARGIN CALL ($0)
87,72,0.0,16,3,13,1.0,-100.0,18.75,MARGIN CALL ($0)
87,73,0.0,16,3,13,1.0,-100.0,18.75,MARGIN CALL ($0)
87,74,0.0,16,3,13,1.0,-100.0,18.75,MARGIN CALL ($0)
87,75,0.0,17,3,14,1.0,-100.0,17.647058823529413,MARGIN CALL ($0)
87,76,0.0,17,3,14,1.0,-100.0,17.647058823529413,MARGIN CALL ($0)
87,77,0.0,17,3,14,1.0,-100.0,17.647058823529413,MARGIN CALL ($0)
87,78,0.0,20,4,16,1.0,-100.0,20.0,MARGIN CALL ($0)
87,79,0.0,20,4,16,1.0,-100.0,20.0,MARGIN CALL ($0)
87,80,0.0,19,3,16,1.0,-100.0,15.789473684210526,MARGIN CALL ($0)
87,81,0.0,61,7,54,1.0,-100.0,11.475409836065573,MARGIN CALL ($0)
87,82,0.0,61,7,54,1.0,-100.0,11.475409836065573,MARGIN CALL ($0)
87,83,0.0,47,5,42,1.0,-100.0,10.638297872340425,MARGIN CALL ($0)
87,84,0.0,20,2,18,1.0,-100.0,10.0,MARGIN CALL ($0)
87,85,0.0,17,1,16,1.0,-100.0,5.88235294117647,MARGIN CALL ($0)
87,86,0.0,17,1,16,1.0,-100.0,5.88235294117647,MARGIN CALL ($0)
87,87,0.0,17,1,16,1.0,-100.0,5.88235294117647,MARGIN CALL ($0)
87,88,0.0,16,1,15,1.0,-100.0,6.25,MARGIN CALL ($0)
87,89,0.0,17,1,16,1.0,-100.0,5.88235294117647,MARGIN CALL ($0)
87,90,0.0,17,1,16,1.0,-100.0,5.88235294117647,MARGIN CALL ($0)
87,91,0.0,17,1,16,1.0,-100.0,5.88235294117647,MARGIN CALL ($0)
87,92,0.0,17,1,16,1.0,-100.0,5.88235294117647,MARGIN CALL ($0)
87,93,0.0,17,1,16,1.0,-100.0,5.88235294117647,MARGIN CALL ($0)
87,94,0.0,17,1,16,1.0,-100.0,5.88235294117647,MARGIN CALL ($0)
87,95,0.0,17,1,16,1.0,-100.0,5.88235294117647,MARGIN CALL ($0)
87,96,0.0,15,1,14,1.0,-100.0,6.666666666666667,MARGIN CALL ($0)
87,97,0.0,16,1,15,1.0,-100.0,6.25,MARGIN CALL ($0)
87,98,0.0,17,1,16,1.0,-100.0,5.88235294117647,MARGIN CALL ($0)
87,99,0.0,17,1,16,1.0,-100.0,5.88235294117647,MARGIN CALL ($0)
87,100,0.0,17,1,16,1.0,-100.0,5.88235294117647,MARGIN CALL ($0)
88,1,0.0,61,11,50,1.0,-100.0,18.0327868852459,MARGIN CALL ($0)
88,2,0.0,57,7,50,1.0,-100.0,12.280701754385964,MARGIN CALL ($0)
88,3,0.0,58,7,51,1.0,-100.0,12.068965517241379,MARGIN CALL ($0)
88,4,0.0,80,13,67,1.0,-100.0,16.25,MARGIN CALL ($0)
88,5,0.0,67,10,57,1.0,-100.0,14.925373134328357,MARGIN CALL ($0)
88,6,0.0,1114,244,870,1.0,-100.0,21.903052064631957,MARGIN CALL ($0)
88,7,0.0,114,20,94,1.0,-100.0,17.543859649122805,MARGIN CALL ($0)
88,8,0.0,15,0,15,1.0,-100.0,0.0,MARGIN CALL ($0)
88,9,0.0,16,1,15,1.0,-100.0,6.25,MARGIN CALL ($0)
88,10,0.0,15,1,14,1.0,-100.0,6.666666666666667,MARGIN CALL ($0)
88,11,0.0,15,1,14,1.0,-100.0,6.666666666666667,MARGIN CALL ($0)
88,12,0.0,48,10,38,1.0,-100.0,20.833333333333336,MARGIN CALL ($0)
88,13,0.0,20,3,17,1.0,-100.0,15.0,MARGIN CALL ($0)
88,14,0.0,25,3,22,1.0,-100.0,12.0,MARGIN CALL ($0)
88,15,0.0,57,11,46,1.0,-100.0,19.298245614035086,MARGIN CALL ($0)
88,16,0.0,68,13,55,1.0,-100.0,19.11764705882353,MARGIN CALL ($0)
6,88,0.0,12,0,12,1.0,-100.0,0.0,MARGIN CALL ($0)
88,18,0.0,76,15,61,1.0,-100.0,19.736842105263158,MARGIN CALL ($0)
88,19,0.0,79,16,63,1.0,-100.0,20.253164556962027,MARGIN CALL ($0)
88,20,0.0,20,1,19,1.0,-100.0,5.0,MARGIN CALL ($0)
88,21,0.0,14,0,14,1.0,-100.0,0.0,MARGIN CALL ($0)
88,22,0.0,25,4,21,1.0,-100.0,16.0,MARGIN CALL ($0)
88,23,0.0,23,5,18,1.0,-100.0,21.73913043478261,MARGIN CALL ($0)
88,24,0.0,32,6,26,1.0,-100.0,18.75,MARGIN CALL ($0)
88,25,0.0,60,7,53,1.0,-100.0,11.666666666666666,MARGIN CALL ($0)
88,26,0.0,56,7,49,1.0,-100.0,12.5,MARGIN CALL ($0)
88,27,0.0,58,6,52,1.0,-100.0,10.344827586206897,MARGIN CALL ($0)
88,28,0.0,52,6,46,1.0,-100.0,11.538461538461538,MARGIN CALL ($0)
88,29,0.0,22,3,19,1.0,-100.0,13.636363636363635,MARGIN CALL ($0)
88,30,0.0,16,1,15,1.0,-100.0,6.25,MARGIN CALL ($0)
88,31,0.0,40,4,36,1.0,-100.0,10.0,MARGIN CALL ($0)
88,32,0.0,41,4,37,1.0,-100.0,9.75609756097561,MARGIN CALL ($0)
88,33,0.0,41,4,37,1.0,-100.0,9.75609756097561,MARGIN CALL ($0)
88,34,0.0,21,3,18,1.0,-100.0,14.285714285714285,MARGIN CALL ($0)
88,35,0.0,21,3,18,1.0,-100.0,14.285714285714285,MARGIN CALL ($0)
88,36,0.0,20,3,17,1.0,-100.0,15.0,MARGIN CALL ($0)
88,37,0.0,20,3,17,1.0,-100.0,15.0,MARGIN CALL ($0)
88,38,0.0,21,3,18,1.0,-100.0,14.285714285714285,MARGIN CALL ($0)
88,39,0.0,29,4,25,1.0,-100.0,13.793103448275861,MARGIN CALL ($0)
88,40,0.0,29,4,25,1.0,-100.0,13.793103448275861,MARGIN CALL ($0)
88,41,0.0,25,3,22,1.0,-100.0,12.0,MARGIN CALL ($0)
88,42,0.0,30,5,25,1.0,-100.0,16.666666666666664,MARGIN CALL ($0)
88,43,0.0,29,5,24,1.0,-100.0,17.24137931034483,MARGIN CALL ($0)
88,44,0.0,32,6,26,1.0,-100.0,18.75,MARGIN CALL ($0)
88,45,0.0,32,6,26,1.0,-100.0,18.75,MARGIN CALL ($0)
88,46,0.0,28,4,24,1.0,-100.0,14.285714285714285,MARGIN CALL ($0)
88,47,0.0,25,4,21,1.0,-100.0,16.0,MARGIN CALL ($0)
88,48,0.0,24,4,20,1.0,-100.0,16.666666666666664,MARGIN CALL ($0)
88,49,0.0,25,4,21,1.0,-100.0,16.0,MARGIN CALL ($0)
88,50,0.0,23,3,20,1.0,-100.0,13.043478260869565,MARGIN CALL ($0)
88,51,0.0,33,4,29,1.0,-100.0,12.121212121212121,MARGIN CALL ($0)
88,52,0.0,32,4,28,1.0,-100.0,12.5,MARGIN CALL ($0)
88,53,0.0,32,4,28,1.0,-100.0,12.5,MARGIN CALL ($0)
88,54,0.0,14,0,14,1.0,-100.0,0.0,MARGIN CALL ($0)
88,55,0.0,14,0,14,1.0,-100.0,0.0,MARGIN CALL ($0)
88,56,0.0,13,0,13,1.0,-100.0,0.0,MARGIN CALL ($0)
88,57,0.0,14,0,14,1.0,-100.0,0.0,MARGIN CALL ($0)
88,58,0.0,14,0,14,1.0,-100.0,0.0,MARGIN CALL ($0)
88,59,0.0,12,0,12,1.0,-100.0,0.0,MARGIN CALL ($0)
88,60,0.0,12,0,12,1.0,-100.0,0.0,MARGIN CALL ($0)
88,61,0.0,12,0,12,1.0,-100.0,0.0,MARGIN CALL ($0)
88,62,0.0,12,0,12,1.0,-100.0,0.0,MARGIN CALL ($0)
88,63,0.0,14,1,13,1.0,-100.0,7.142857142857142,MARGIN CALL ($0)
88,64,0.0,15,1,14,1.0,-100.0,6.666666666666667,MARGIN CALL ($0)
88,65,0.0,13,0,13,1.0,-100.0,0.0,MARGIN CALL ($0)
88,66,0.0,14,0,14,1.0,-100.0,0.0,MARGIN CALL ($0)
88,67,0.0,14,0,14,1.0,-100.0,0.0,MARGIN CALL ($0)
88,68,0.0,13,0,13,1.0,-100.0,0.0,MARGIN CALL ($0)
88,69,0.0,17,2,15,1.0,-100.0,11.76470588235294,MARGIN CALL ($0)
88,70,0.0,17,2,15,1.0,-100.0,11.76470588235294,MARGIN CALL ($0)
88,71,0.0,18,3,15,1.0,-100.0,16.666666666666664,MARGIN CALL ($0)
88,72,0.0,18,3,15,1.0,-100.0,16.666666666666664,MARGIN CALL ($0)
88,73,0.0,18,3,15,1.0,-100.0,16.666666666666664,MARGIN CALL ($0)
88,74,0.0,19,3,16,1.0,-100.0,15.789473684210526,MARGIN CALL ($0)
88,75,0.0,19,3,16,1.0,-100.0,15.789473684210526,MARGIN CALL ($0)
88,76,0.0,19,3,16,1.0,-100.0,15.789473684210526,MARGIN CALL ($0)
88,77,0.0,19,3,16,1.0,-100.0,15.789473684210526,MARGIN CALL ($0)
88,78,0.0,23,4,19,1.0,-100.0,17.391304347826086,MARGIN CALL ($0)
88,79,0.0,23,4,19,1.0,-100.0,17.391304347826086,MARGIN CALL ($0)
88,80,0.0,21,3,18,1.0,-100.0,14.285714285714285,MARGIN CALL ($0)
88,81,0.0,68,7,61,1.0,-100.0,10.294117647058822,MARGIN CALL ($0)
88,82,0.0,68,7,61,1.0,-100.0,10.294117647058822,MARGIN CALL ($0)
88,83,0.0,51,5,46,1.0,-100.0,9.803921568627452,MARGIN CALL ($0)
88,84,0.0,19,2,17,1.0,-100.0,10.526315789473683,MARGIN CALL ($0)
88,85,0.0,16,1,15,1.0,-100.0,6.25,MARGIN CALL ($0)
88,86,0.0,16,1,15,1.0,-100.0,6.25,MARGIN CALL ($0)
88,87,0.0,16,1,15,1.0,-100.0,6.25,MARGIN CALL ($0)
88,88,0.0,16,1,15,1.0,-100.0,6.25,MARGIN CALL ($0)
88,89,0.0,17,1,16,1.0,-100.0,5.88235294117647,MARGIN CALL ($0)
88,90,0.0,17,1,16,1.0,-100.0,5.88235294117647,MARGIN CALL ($0)
88,91,0.0,17,1,16,1.0,-100.0,5.88235294117647,MARGIN CALL ($0)
88,92,0.0,17,1,16,1.0,-100.0,5.88235294117647,MARGIN CALL ($0)
88,93,0.0,17,1,16,1.0,-100.0,5.88235294117647,MARGIN CALL ($0)
88,94,0.0,17,1,16,1.0,-100.0,5.88235294117647,MARGIN CALL ($0)
88,95,0.0,17,1,16,1.0,-100.0,5.88235294117647,MARGIN CALL ($0)
88,96,0.0,15,1,14,1.0,-100.0,6.666666666666667,MARGIN CALL ($0)
88,97,0.0,16,1,15,1.0,-100.0,6.25,MARGIN CALL ($0)
88,98,0.0,17,1,16,1.0,-100.0,5.88235294117647,MARGIN CALL ($0)
88,99,0.0,17,1,16,1.0,-100.0,5.88235294117647,MARGIN CALL ($0)
88,100,0.0,17,1,16,1.0,-100.0,5.88235294117647,MARGIN CALL ($0)
89,1,0.0,61,11,50,1.0,-100.0,18.0327868852459,MARGIN CALL ($0)
89,2,0.0,57,7,50,1.0,-100.0,12.280701754385964,MARGIN CALL ($0)
89,3,0.0,58,7,51,1.0,-100.0,12.068965517241379,MARGIN CALL ($0)
89,4,0.0,80,13,67,1.0,-100.0,16.25,MARGIN CALL ($0)
89,5,0.0,67,10,57,1.0,-100.0,14.925373134328357,MARGIN CALL ($0)
89,6,0.0,1046,234,812,1.0,-100.0,22.37093690248566,MARGIN CALL ($0)
89,7,0.0,112,20,92,1.0,-100.0,17.857142857142858,MARGIN CALL ($0)
89,8,0.0,15,0,15,1.0,-100.0,0.0,MARGIN CALL ($0)
89,9,0.0,16,1,15,1.0,-100.0,6.25,MARGIN CALL ($0)
89,10,0.0,15,1,14,1.0,-100.0,6.666666666666667,MARGIN CALL ($0)
89,11,0.0,15,1,14,1.0,-100.0,6.666666666666667,MARGIN CALL ($0)
89,12,0.0,48,10,38,1.0,-100.0,20.833333333333336,MARGIN CALL ($0)
89,13,0.0,20,3,17,1.0,-100.0,15.0,MARGIN CALL ($0)
89,14,0.0,25,3,22,1.0,-100.0,12.0,MARGIN CALL ($0)
89,15,0.0,53,11,42,1.0,-100.0,20.754716981132077,MARGIN CALL ($0)
89,16,0.0,65,13,52,1.0,-100.0,20.0,MARGIN CALL ($0)
6,89,0.0,12,0,12,1.0,-100.0,0.0,MARGIN CALL ($0)
89,18,0.0,74,15,59,1.0,-100.0,20.27027027027027,MARGIN CALL ($0)
89,19,0.0,74,16,58,1.0,-100.0,21.62162162162162,MARGIN CALL ($0)
89,20,0.0,20,1,19,1.0,-100.0,5.0,MARGIN CALL ($0)
89,21,0.0,14,0,14,1.0,-100.0,0.0,MARGIN CALL ($0)
89,22,0.0,25,4,21,1.0,-100.0,16.0,MARGIN CALL ($0)
89,23,0.0,23,5,18,1.0,-100.0,21.73913043478261,MARGIN CALL ($0)
89,24,0.0,33,6,27,1.0,-100.0,18.181818181818183,MARGIN CALL ($0)
6,90,0.0,12,0,12,1.0,-100.0,0.0,MARGIN CALL ($0)
89,26,0.0,54,7,47,1.0,-100.0,12.962962962962962,MARGIN CALL ($0)
89,27,0.0,56,6,50,1.0,-100.0,10.714285714285714,MARGIN CALL ($0)
89,28,0.0,52,6,46,1.0,-100.0,11.538461538461538,MARGIN CALL ($0)
89,29,0.0,21,3,18,1.0,-100.0,14.285714285714285,MARGIN CALL ($0)
89,30,0.0,15,1,14,1.0,-100.0,6.666666666666667,MARGIN CALL ($0)
89,31,0.0,39,4,35,1.0,-100.0,10.256410256410255,MARGIN CALL ($0)
89,32,0.0,39,4,35,1.0,-100.0,10.256410256410255,MARGIN CALL ($0)
89,33,0.0,40,4,36,1.0,-100.0,10.0,MARGIN CALL ($0)
89,34,0.0,23,4,19,1.0,-100.0,17.391304347826086,MARGIN CALL ($0)
89,35,0.0,22,4,18,1.0,-100.0,18.181818181818183,MARGIN CALL ($0)
89,36,0.0,19,3,16,1.0,-100.0,15.789473684210526,MARGIN CALL ($0)
89,37,0.0,21,3,18,1.0,-100.0,14.285714285714285,MARGIN CALL ($0)
89,38,0.0,20,3,17,1.0,-100.0,15.0,MARGIN CALL ($0)
89,39,0.0,28,4,24,1.0,-100.0,14.285714285714285,MARGIN CALL ($0)
89,40,0.0,27,4,23,1.0,-100.0,14.814814814814813,MARGIN CALL ($0)
89,41,0.0,24,3,21,1.0,-100.0,12.5,MARGIN CALL ($0)
89,42,0.0,30,5,25,1.0,-100.0,16.666666666666664,MARGIN CALL ($0)
89,43,0.0,29,5,24,1.0,-100.0,17.24137931034483,MARGIN CALL ($0)
89,44,0.0,32,6,26,1.0,-100.0,18.75,MARGIN CALL ($0)
89,45,0.0,32,6,26,1.0,-100.0,18.75,MARGIN CALL ($0)
89,46,0.0,28,4,24,1.0,-100.0,14.285714285714285,MARGIN CALL ($0)
89,47,0.0,25,4,21,1.0,-100.0,16.0,MARGIN CALL ($0)
89,48,0.0,24,4,20,1.0,-100.0,16.666666666666664,MARGIN CALL ($0)
89,49,0.0,24,4,20,1.0,-100.0,16.666666666666664,MARGIN CALL ($0)
89,50,0.0,22,3,19,1.0,-100.0,13.636363636363635,MARGIN CALL ($0)
89,51,0.0,32,4,28,1.0,-100.0,12.5,MARGIN CALL ($0)
89,52,0.0,31,4,27,1.0,-100.0,12.903225806451612,MARGIN CALL ($0)
89,53,0.0,31,4,27,1.0,-100.0,12.903225806451612,MARGIN CALL ($0)
89,54,0.0,13,0,13,1.0,-100.0,0.0,MARGIN CALL ($0)
89,55,0.0,13,0,13,1.0,-100.0,0.0,MARGIN CALL ($0)
89,56,0.0,13,0,13,1.0,-100.0,0.0,MARGIN CALL ($0)
89,57,0.0,13,0,13,1.0,-100.0,0.0,MARGIN CALL ($0)
89,58,0.0,14,0,14,1.0,-100.0,0.0,MARGIN CALL ($0)
89,59,0.0,12,0,12,1.0,-100.0,0.0,MARGIN CALL ($0)
89,60,0.0,12,0,12,1.0,-100.0,0.0,MARGIN CALL ($0)
89,61,0.0,12,0,12,1.0,-100.0,0.0,MARGIN CALL ($0)
89,62,0.0,12,0,12,1.0,-100.0,0.0,MARGIN CALL ($0)
89,63,0.0,14,1,13,1.0,-100.0,7.142857142857142,MARGIN CALL ($0)
89,64,0.0,14,1,13,1.0,-100.0,7.142857142857142,MARGIN CALL ($0)
89,65,0.0,13,0,13,1.0,-100.0,0.0,MARGIN CALL ($0)
89,66,0.0,14,0,14,1.0,-100.0,0.0,MARGIN CALL ($0)
89,67,0.0,13,0,13,1.0,-100.0,0.0,MARGIN CALL ($0)
89,68,0.0,13,0,13,1.0,-100.0,0.0,MARGIN CALL ($0)
89,69,0.0,17,2,15,1.0,-100.0,11.76470588235294,MARGIN CALL ($0)
89,70,0.0,17,2,15,1.0,-100.0,11.76470588235294,MARGIN CALL ($0)
89,71,0.0,18,3,15,1.0,-100.0,16.666666666666664,MARGIN CALL ($0)
89,72,0.0,18,3,15,1.0,-100.0,16.666666666666664,MARGIN CALL ($0)
89,73,0.0,18,3,15,1.0,-100.0,16.666666666666664,MARGIN CALL ($0)
89,74,0.0,19,3,16,1.0,-100.0,15.789473684210526,MARGIN CALL ($0)
89,75,0.0,19,3,16,1.0,-100.0,15.789473684210526,MARGIN CALL ($0)
89,76,0.0,19,3,16,1.0,-100.0,15.789473684210526,MARGIN CALL ($0)
89,77,0.0,19,3,16,1.0,-100.0,15.789473684210526,MARGIN CALL ($0)
89,78,0.0,23,4,19,1.0,-100.0,17.391304347826086,MARGIN CALL ($0)
89,79,0.0,23,4,19,1.0,-100.0,17.391304347826086,MARGIN CALL ($0)
89,80,0.0,21,3,18,1.0,-100.0,14.285714285714285,MARGIN CALL ($0)
89,81,0.0,69,7,62,1.0,-100.0,10.144927536231885,MARGIN CALL ($0)
89,82,0.0,70,7,63,1.0,-100.0,10.0,MARGIN CALL ($0)
89,83,0.0,52,5,47,1.0,-100.0,9.615384615384617,MARGIN CALL ($0)
89,84,0.0,46,4,42,1.0,-100.0,8.695652173913043,MARGIN CALL ($0)
89,85,0.0,23,2,21,1.0,-100.0,8.695652173913043,MARGIN CALL ($0)
89,86,0.0,16,1,15,1.0,-100.0,6.25,MARGIN CALL ($0)
89,87,0.0,16,1,15,1.0,-100.0,6.25,MARGIN CALL ($0)
89,88,0.0,16,1,15,1.0,-100.0,6.25,MARGIN CALL ($0)
89,89,0.0,16,1,15,1.0,-100.0,6.25,MARGIN CALL ($0)
89,90,0.0,16,1,15,1.0,-100.0,6.25,MARGIN CALL ($0)
89,91,0.0,16,1,15,1.0,-100.0,6.25,MARGIN CALL ($0)
89,92,0.0,17,1,16,1.0,-100.0,5.88235294117647,MARGIN CALL ($0)
89,93,0.0,17,1,16,1.0,-100.0,5.88235294117647,MARGIN CALL ($0)
89,94,0.0,17,1,16,1.0,-100.0,5.88235294117647,MARGIN CALL ($0)
89,95,0.0,17,1,16,1.0,-100.0,5.88235294117647,MARGIN CALL ($0)
89,96,0.0,15,1,14,1.0,-100.0,6.666666666666667,MARGIN CALL ($0)
89,97,0.0,15,1,14,1.0,-100.0,6.666666666666667,MARGIN CALL ($0)
89,98,0.0,16,1,15,1.0,-100.0,6.25,MARGIN CALL ($0)
89,99,0.0,16,1,15,1.0,-100.0,6.25,MARGIN CALL ($0)
89,100,0.0,16,1,15,1.0,-100.0,6.25,MARGIN CALL ($0)
90,1,0.0,61,11,50,1.0,-100.0,18.0327868852459,MARGIN CALL ($0)
90,2,0.0,57,7,50,1.0,-100.0,12.280701754385964,MARGIN CALL ($0)
90,3,0.0,58,7,51,1.0,-100.0,12.068965517241379,MARGIN CALL ($0)
90,4,0.0,80,13,67,1.0,-100.0,16.25,MARGIN CALL ($0)
90,5,0.0,67,10,57,1.0,-100.0,14.925373134328357,MARGIN CALL ($0)
90,6,0.0,1127,249,878,1.0,-100.0,22.09405501330967,MARGIN CALL ($0)
6,91,0.0,12,0,12,1.0,-100.0,0.0,MARGIN CALL ($0)
90,8,0.0,15,0,15,1.0,-100.0,0.0,MARGIN CALL ($0)
90,9,0.0,16,1,15,1.0,-100.0,6.25,MARGIN CALL ($0)
90,10,0.0,15,1,14,1.0,-100.0,6.666666666666667,MARGIN CALL ($0)
90,11,0.0,15,1,14,1.0,-100.0,6.666666666666667,MARGIN CALL ($0)
90,12,0.0,46,10,36,1.0,-100.0,21.73913043478261,MARGIN CALL ($0)
90,13,0.0,20,3,17,1.0,-100.0,15.0,MARGIN CALL ($0)
90,14,0.0,25,3,22,1.0,-100.0,12.0,MARGIN CALL ($0)
90,15,0.0,53,11,42,1.0,-100.0,20.754716981132077,MARGIN CALL ($0)
90,16,0.0,65,13,52,1.0,-100.0,20.0,MARGIN CALL ($0)
6,92,0.0,12,0,12,1.0,-100.0,0.0,MARGIN CALL ($0)
90,18,0.0,74,15,59,1.0,-100.0,20.27027027027027,MARGIN CALL ($0)
90,19,0.0,74,16,58,1.0,-100.0,21.62162162162162,MARGIN CALL ($0)
90,20,0.0,20,1,19,1.0,-100.0,5.0,MARGIN CALL ($0)
90,21,0.0,14,0,14,1.0,-100.0,0.0,MARGIN CALL ($0)
90,22,0.0,25,4,21,1.0,-100.0,16.0,MARGIN CALL ($0)
90,23,0.0,23,5,18,1.0,-100.0,21.73913043478261,MARGIN CALL ($0)
90,24,0.0,33,6,27,1.0,-100.0,18.181818181818183,MARGIN CALL ($0)
6,93,0.0,12,0,12,1.0,-100.0,0.0,MARGIN CALL ($0)
90,26,0.0,54,7,47,1.0,-100.0,12.962962962962962,MARGIN CALL ($0)
90,27,0.0,56,6,50,1.0,-100.0,10.714285714285714,MARGIN CALL ($0)
90,28,0.0,52,6,46,1.0,-100.0,11.538461538461538,MARGIN CALL ($0)
90,29,0.0,21,3,18,1.0,-100.0,14.285714285714285,MARGIN CALL ($0)
90,30,0.0,15,1,14,1.0,-100.0,6.666666666666667,MARGIN CALL ($0)
90,31,0.0,39,4,35,1.0,-100.0,10.256410256410255,MARGIN CALL ($0)
90,32,0.0,39,4,35,1.0,-100.0,10.256410256410255,MARGIN CALL ($0)
90,33,0.0,40,4,36,1.0,-100.0,10.0,MARGIN CALL ($0)
90,34,0.0,23,4,19,1.0,-100.0,17.391304347826086,MARGIN CALL ($0)
90,35,0.0,22,4,18,1.0,-100.0,18.181818181818183,MARGIN CALL ($0)
90,36,0.0,19,3,16,1.0,-100.0,15.789473684210526,MARGIN CALL ($0)
90,37,0.0,21,3,18,1.0,-100.0,14.285714285714285,MARGIN CALL ($0)
90,38,0.0,20,3,17,1.0,-100.0,15.0,MARGIN CALL ($0)
90,39,0.0,28,4,24,1.0,-100.0,14.285714285714285,MARGIN CALL ($0)
90,40,0.0,27,4,23,1.0,-100.0,14.814814814814813,MARGIN CALL ($0)
90,41,0.0,24,3,21,1.0,-100.0,12.5,MARGIN CALL ($0)
90,42,0.0,30,5,25,1.0,-100.0,16.666666666666664,MARGIN CALL ($0)
90,43,0.0,29,5,24,1.0,-100.0,17.24137931034483,MARGIN CALL ($0)
90,44,0.0,32,6,26,1.0,-100.0,18.75,MARGIN CALL ($0)
90,45,0.0,32,6,26,1.0,-100.0,18.75,MARGIN CALL ($0)
90,46,0.0,28,4,24,1.0,-100.0,14.285714285714285,MARGIN CALL ($0)
90,47,0.0,25,4,21,1.0,-100.0,16.0,MARGIN CALL ($0)
90,48,0.0,24,4,20,1.0,-100.0,16.666666666666664,MARGIN CALL ($0)
90,49,0.0,24,4,20,1.0,-100.0,16.666666666666664,MARGIN CALL ($0)
90,50,0.0,22,3,19,1.0,-100.0,13.636363636363635,MARGIN CALL ($0)
90,51,0.0,32,4,28,1.0,-100.0,12.5,MARGIN CALL ($0)
90,52,0.0,31,4,27,1.0,-100.0,12.903225806451612,MARGIN CALL ($0)
90,53,0.0,31,4,27,1.0,-100.0,12.903225806451612,MARGIN CALL ($0)
90,54,0.0,13,0,13,1.0,-100.0,0.0,MARGIN CALL ($0)
90,55,0.0,13,0,13,1.0,-100.0,0.0,MARGIN CALL ($0)
90,56,0.0,13,0,13,1.0,-100.0,0.0,MARGIN CALL ($0)
90,57,0.0,13,0,13,1.0,-100.0,0.0,MARGIN CALL ($0)
90,58,0.0,14,0,14,1.0,-100.0,0.0,MARGIN CALL ($0)
90,59,0.0,12,0,12,1.0,-100.0,0.0,MARGIN CALL ($0)
90,60,0.0,12,0,12,1.0,-100.0,0.0,MARGIN CALL ($0)
90,61,0.0,12,0,12,1.0,-100.0,0.0,MARGIN CALL ($0)
90,62,0.0,12,0,12,1.0,-100.0,0.0,MARGIN CALL ($0)
90,63,0.0,14,1,13,1.0,-100.0,7.142857142857142,MARGIN CALL ($0)
90,64,0.0,14,1,13,1.0,-100.0,7.142857142857142,MARGIN CALL ($0)
90,65,0.0,13,0,13,1.0,-100.0,0.0,MARGIN CALL ($0)
90,66,0.0,14,0,14,1.0,-100.0,0.0,MARGIN CALL ($0)
90,67,0.0,13,0,13,1.0,-100.0,0.0,MARGIN CALL ($0)
90,68,0.0,13,0,13,1.0,-100.0,0.0,MARGIN CALL ($0)
90,69,0.0,17,2,15,1.0,-100.0,11.76470588235294,MARGIN CALL ($0)
90,70,0.0,17,2,15,1.0,-100.0,11.76470588235294,MARGIN CALL ($0)
90,71,0.0,18,3,15,1.0,-100.0,16.666666666666664,MARGIN CALL ($0)
90,72,0.0,18,3,15,1.0,-100.0,16.666666666666664,MARGIN CALL ($0)
90,73,0.0,18,3,15,1.0,-100.0,16.666666666666664,MARGIN CALL ($0)
90,74,0.0,19,3,16,1.0,-100.0,15.789473684210526,MARGIN CALL ($0)
90,75,0.0,19,3,16,1.0,-100.0,15.789473684210526,MARGIN CALL ($0)
90,76,0.0,19,3,16,1.0,-100.0,15.789473684210526,MARGIN CALL ($0)
90,77,0.0,19,3,16,1.0,-100.0,15.789473684210526,MARGIN CALL ($0)
90,78,0.0,23,4,19,1.0,-100.0,17.391304347826086,MARGIN CALL ($0)
90,79,0.0,23,4,19,1.0,-100.0,17.391304347826086,MARGIN CALL ($0)
90,80,0.0,21,3,18,1.0,-100.0,14.285714285714285,MARGIN CALL ($0)
90,81,0.0,68,7,61,1.0,-100.0,10.294117647058822,MARGIN CALL ($0)
90,82,0.0,70,7,63,1.0,-100.0,10.0,MARGIN CALL ($0)
90,83,0.0,52,5,47,1.0,-100.0,9.615384615384617,MARGIN CALL ($0)
90,84,0.0,46,4,42,1.0,-100.0,8.695652173913043,MARGIN CALL ($0)
90,85,0.0,23,2,21,1.0,-100.0,8.695652173913043,MARGIN CALL ($0)
90,86,0.0,16,1,15,1.0,-100.0,6.25,MARGIN CALL ($0)
90,87,0.0,16,1,15,1.0,-100.0,6.25,MARGIN CALL ($0)
90,88,0.0,16,1,15,1.0,-100.0,6.25,MARGIN CALL ($0)
90,89,0.0,16,1,15,1.0,-100.0,6.25,MARGIN CALL ($0)
90,90,0.0,16,1,15,1.0,-100.0,6.25,MARGIN CALL ($0)
90,91,0.0,16,1,15,1.0,-100.0,6.25,MARGIN CALL ($0)
90,92,0.0,16,1,15,1.0,-100.0,6.25,MARGIN CALL ($0)
90,93,0.0,16,1,15,1.0,-100.0,6.25,MARGIN CALL ($0)
90,94,0.0,16,1,15,1.0,-100.0,6.25,MARGIN CALL ($0)
90,95,0.0,17,1,16,1.0,-100.0,5.88235294117647,MARGIN CALL ($0)
90,96,0.0,15,1,14,1.0,-100.0,6.666666666666667,MARGIN CALL ($0)
90,97,0.0,16,1,15,1.0,-100.0,6.25,MARGIN CALL ($0)
90,98,0.0,16,1,15,1.0,-100.0,6.25,MARGIN CALL ($0)
90,99,0.0,16,1,15,1.0,-100.0,6.25,MARGIN CALL ($0)
90,100,0.0,16,1,15,1.0,-100.0,6.25,MARGIN CALL ($0)
91,1,0.0,61,11,50,1.0,-100.0,18.0327868852459,MARGIN CALL ($0)
91,2,0.0,57,7,50,1.0,-100.0,12.280701754385964,MARGIN CALL ($0)
91,3,0.0,58,7,51,1.0,-100.0,12.068965517241379,MARGIN CALL ($0)
91,4,0.0,80,13,67,1.0,-100.0,16.25,MARGIN CALL ($0)
91,5,0.0,67,10,57,1.0,-100.0,14.925373134328357,MARGIN CALL ($0)
91,6,0.0,1127,249,878,1.0,-100.0,22.09405501330967,MARGIN CALL ($0)
91,7,0.0,184,32,152,1.0,-100.0,17.391304347826086,MARGIN CALL ($0)
91,8,0.0,15,0,15,1.0,-100.0,0.0,MARGIN CALL ($0)
91,9,0.0,16,1,15,1.0,-100.0,6.25,MARGIN CALL ($0)
91,10,0.0,15,1,14,1.0,-100.0,6.666666666666667,MARGIN CALL ($0)
91,11,0.0,15,1,14,1.0,-100.0,6.666666666666667,MARGIN CALL ($0)
91,12,0.0,46,10,36,1.0,-100.0,21.73913043478261,MARGIN CALL ($0)
91,13,0.0,20,3,17,1.0,-100.0,15.0,MARGIN CALL ($0)
91,14,0.0,25,3,22,1.0,-100.0,12.0,MARGIN CALL ($0)
91,15,0.0,54,11,43,1.0,-100.0,20.37037037037037,MARGIN CALL ($0)
91,16,0.0,65,13,52,1.0,-100.0,20.0,MARGIN CALL ($0)
6,94,0.0,12,0,12,1.0,-100.0,0.0,MARGIN CALL ($0)
91,18,0.0,75,15,60,1.0,-100.0,20.0,MARGIN CALL ($0)
91,19,0.0,75,16,59,1.0,-100.0,21.333333333333336,MARGIN CALL ($0)
91,20,0.0,20,1,19,1.0,-100.0,5.0,MARGIN CALL ($0)
91,21,0.0,14,0,14,1.0,-100.0,0.0,MARGIN CALL ($0)
91,22,0.0,26,4,22,1.0,-100.0,15.384615384615385,MARGIN CALL ($0)
91,23,0.0,24,5,19,1.0,-100.0,20.833333333333336,MARGIN CALL ($0)
91,24,0.0,33,6,27,1.0,-100.0,18.181818181818183,MARGIN CALL ($0)
91,25,0.0,58,7,51,1.0,-100.0,12.068965517241379,MARGIN CALL ($0)
91,26,0.0,56,7,49,1.0,-100.0,12.5,MARGIN CALL ($0)
91,27,0.0,57,6,51,1.0,-100.0,10.526315789473683,MARGIN CALL ($0)
91,28,0.0,51,6,45,1.0,-100.0,11.76470588235294,MARGIN CALL ($0)
91,29,0.0,21,3,18,1.0,-100.0,14.285714285714285,MARGIN CALL ($0)
91,30,0.0,15,1,14,1.0,-100.0,6.666666666666667,MARGIN CALL ($0)
91,31,0.0,40,4,36,1.0,-100.0,10.0,MARGIN CALL ($0)
91,32,0.0,40,4,36,1.0,-100.0,10.0,MARGIN CALL ($0)
91,33,0.0,40,4,36,1.0,-100.0,10.0,MARGIN CALL ($0)
91,34,0.0,23,4,19,1.0,-100.0,17.391304347826086,MARGIN CALL ($0)
91,35,0.0,22,4,18,1.0,-100.0,18.181818181818183,MARGIN CALL ($0)
91,36,0.0,19,3,16,1.0,-100.0,15.789473684210526,MARGIN CALL ($0)
91,37,0.0,21,3,18,1.0,-100.0,14.285714285714285,MARGIN CALL ($0)
91,38,0.0,20,3,17,1.0,-100.0,15.0,MARGIN CALL ($0)
91,39,0.0,38,7,31,1.0,-100.0,18.421052631578945,MARGIN CALL ($0)
91,40,0.0,38,7,31,1.0,-100.0,18.421052631578945,MARGIN CALL ($0)
91,41,0.0,36,6,30,1.0,-100.0,16.666666666666664,MARGIN CALL ($0)
91,42,0.0,39,7,32,1.0,-100.0,17.94871794871795,MARGIN CALL ($0)
91,43,0.0,38,7,31,1.0,-100.0,18.421052631578945,MARGIN CALL ($0)
91,44,0.0,41,8,33,1.0,-100.0,19.51219512195122,MARGIN CALL ($0)
91,45,0.0,42,8,34,1.0,-100.0,19.047619047619047,MARGIN CALL ($0)
91,46,0.0,36,6,30,1.0,-100.0,16.666666666666664,MARGIN CALL ($0)
91,47,0.0,32,6,26,1.0,-100.0,18.75,MARGIN CALL ($0)
91,48,0.0,32,6,26,1.0,-100.0,18.75,MARGIN CALL ($0)
91,49,0.0,38,7,31,1.0,-100.0,18.421052631578945,MARGIN CALL ($0)
91,50,0.0,35,6,29,1.0,-100.0,17.142857142857142,MARGIN CALL ($0)
91,51,0.0,33,4,29,1.0,-100.0,12.121212121212121,MARGIN CALL ($0)
91,52,0.0,32,4,28,1.0,-100.0,12.5,MARGIN CALL ($0)
91,53,0.0,32,4,28,1.0,-100.0,12.5,MARGIN CALL ($0)
91,54,0.0,13,0,13,1.0,-100.0,0.0,MARGIN CALL ($0)
91,55,0.0,13,0,13,1.0,-100.0,0.0,MARGIN CALL ($0)
91,56,0.0,13,0,13,1.0,-100.0,0.0,MARGIN CALL ($0)
91,57,0.0,13,0,13,1.0,-100.0,0.0,MARGIN CALL ($0)
91,58,0.0,13,0,13,1.0,-100.0,0.0,MARGIN CALL ($0)
91,59,0.0,12,0,12,1.0,-100.0,0.0,MARGIN CALL ($0)
91,60,0.0,12,0,12,1.0,-100.0,0.0,MARGIN CALL ($0)
91,61,0.0,12,0,12,1.0,-100.0,0.0,MARGIN CALL ($0)
91,62,0.0,12,0,12,1.0,-100.0,0.0,MARGIN CALL ($0)
91,63,0.0,12,0,12,1.0,-100.0,0.0,MARGIN CALL ($0)
91,64,0.0,12,0,12,1.0,-100.0,0.0,MARGIN CALL ($0)
91,65,0.0,12,0,12,1.0,-100.0,0.0,MARGIN CALL ($0)
91,66,0.0,13,0,13,1.0,-100.0,0.0,MARGIN CALL ($0)
91,67,0.0,12,0,12,1.0,-100.0,0.0,MARGIN CALL ($0)
91,68,0.0,12,0,12,1.0,-100.0,0.0,MARGIN CALL ($0)
91,69,0.0,18,2,16,1.0,-100.0,11.11111111111111,MARGIN CALL ($0)
91,70,0.0,18,2,16,1.0,-100.0,11.11111111111111,MARGIN CALL ($0)
91,71,0.0,19,3,16,1.0,-100.0,15.789473684210526,MARGIN CALL ($0)
91,72,0.0,19,3,16,1.0,-100.0,15.789473684210526,MARGIN CALL ($0)
91,73,0.0,19,3,16,1.0,-100.0,15.789473684210526,MARGIN CALL ($0)
91,74,0.0,19,3,16,1.0,-100.0,15.789473684210526,MARGIN CALL ($0)
91,75,0.0,19,3,16,1.0,-100.0,15.789473684210526,MARGIN CALL ($0)
91,76,0.0,19,3,16,1.0,-100.0,15.789473684210526,MARGIN CALL ($0)
91,77,0.0,19,3,16,1.0,-100.0,15.789473684210526,MARGIN CALL ($0)
91,78,0.0,23,4,19,1.0,-100.0,17.391304347826086,MARGIN CALL ($0)
91,79,0.0,23,4,19,1.0,-100.0,17.391304347826086,MARGIN CALL ($0)
91,80,0.0,22,3,19,1.0,-100.0,13.636363636363635,MARGIN CALL ($0)
91,81,0.0,24,3,21,1.0,-100.0,12.5,MARGIN CALL ($0)
91,82,0.0,25,3,22,1.0,-100.0,12.0,MARGIN CALL ($0)
91,83,0.0,51,5,46,1.0,-100.0,9.803921568627452,MARGIN CALL ($0)
91,84,0.0,19,2,17,1.0,-100.0,10.526315789473683,MARGIN CALL ($0)
91,85,0.0,16,1,15,1.0,-100.0,6.25,MARGIN CALL ($0)
91,86,0.0,16,1,15,1.0,-100.0,6.25,MARGIN CALL ($0)
91,87,0.0,16,1,15,1.0,-100.0,6.25,MARGIN CALL ($0)
91,88,0.0,16,1,15,1.0,-100.0,6.25,MARGIN CALL ($0)
91,89,0.0,16,1,15,1.0,-100.0,6.25,MARGIN CALL ($0)
91,90,0.0,16,1,15,1.0,-100.0,6.25,MARGIN CALL ($0)
91,91,0.0,15,1,14,1.0,-100.0,6.666666666666667,MARGIN CALL ($0)
91,92,0.0,16,1,15,1.0,-100.0,6.25,MARGIN CALL ($0)
91,93,0.0,16,1,15,1.0,-100.0,6.25,MARGIN CALL ($0)
91,94,0.0,16,1,15,1.0,-100.0,6.25,MARGIN CALL ($0)
91,95,0.0,17,1,16,1.0,-100.0,5.88235294117647,MARGIN CALL ($0)
91,96,0.0,15,1,14,1.0,-100.0,6.666666666666667,MARGIN CALL ($0)
91,97,0.0,16,1,15,1.0,-100.0,6.25,MARGIN CALL ($0)
91,98,0.0,16,1,15,1.0,-100.0,6.25,MARGIN CALL ($0)
91,99,0.0,16,1,15,1.0,-100.0,6.25,MARGIN CALL ($0)
91,100,0.0,16,1,15,1.0,-100.0,6.25,MARGIN CALL ($0)
92,1,0.0,61,11,50,1.0,-100.0,18.0327868852459,MARGIN CALL ($0)
92,2,0.0,57,7,50,1.0,-100.0,12.280701754385964,MARGIN CALL ($0)
92,3,0.0,58,7,51,1.0,-100.0,12.068965517241379,MARGIN CALL ($0)
92,4,0.0,80,13,67,1.0,-100.0,16.25,MARGIN CALL ($0)
92,5,0.0,67,10,57,1.0,-100.0,14.925373134328357,MARGIN CALL ($0)
92,6,0.0,1141,252,889,1.0,-100.0,22.085889570552148,MARGIN CALL ($0)
6,95,0.0,12,0,12,1.0,-100.0,0.0,MARGIN CALL ($0)
92,8,0.0,15,0,15,1.0,-100.0,0.0,MARGIN CALL ($0)
92,9,0.0,16,1,15,1.0,-100.0,6.25,MARGIN CALL ($0)
92,10,0.0,15,1,14,1.0,-100.0,6.666666666666667,MARGIN CALL ($0)
92,11,0.0,15,1,14,1.0,-100.0,6.666666666666667,MARGIN CALL ($0)
92,12,0.0,46,10,36,1.0,-100.0,21.73913043478261,MARGIN CALL ($0)
92,13,0.0,20,3,17,1.0,-100.0,15.0,MARGIN CALL ($0)
92,14,0.0,25,3,22,1.0,-100.0,12.0,MARGIN CALL ($0)
92,15,0.0,55,11,44,1.0,-100.0,20.0,MARGIN CALL ($0)
92,16,0.0,64,12,52,1.0,-100.0,18.75,MARGIN CALL ($0)
6,96,0.0,10,0,10,1.0,-100.0,0.0,MARGIN CALL ($0)
92,18,0.0,69,13,56,1.0,-100.0,18.84057971014493,MARGIN CALL ($0)
92,19,0.0,87,18,69,1.0,-100.0,20.689655172413794,MARGIN CALL ($0)
92,20,0.0,20,1,19,1.0,-100.0,5.0,MARGIN CALL ($0)
92,21,0.0,14,0,14,1.0,-100.0,0.0,MARGIN CALL ($0)
92,22,0.0,26,4,22,1.0,-100.0,15.384615384615385,MARGIN CALL ($0)
92,23,0.0,24,5,19,1.0,-100.0,20.833333333333336,MARGIN CALL ($0)
92,24,0.0,33,6,27,1.0,-100.0,18.181818181818183,MARGIN CALL ($0)
92,25,0.0,58,7,51,1.0,-100.0,12.068965517241379,MARGIN CALL ($0)
92,26,0.0,56,7,49,1.0,-100.0,12.5,MARGIN CALL ($0)
92,27,0.0,57,6,51,1.0,-100.0,10.526315789473683,MARGIN CALL ($0)
92,28,0.0,51,6,45,1.0,-100.0,11.76470588235294,MARGIN CALL ($0)
92,29,0.0,21,3,18,1.0,-100.0,14.285714285714285,MARGIN CALL ($0)
92,30,0.0,15,1,14,1.0,-100.0,6.666666666666667,MARGIN CALL ($0)
92,31,0.0,40,4,36,1.0,-100.0,10.0,MARGIN CALL ($0)
92,32,0.0,40,4,36,1.0,-100.0,10.0,MARGIN CALL ($0)
92,33,0.0,41,4,37,1.0,-100.0,9.75609756097561,MARGIN CALL ($0)
92,34,0.0,23,4,19,1.0,-100.0,17.391304347826086,MARGIN CALL ($0)
92,35,0.0,22,4,18,1.0,-100.0,18.181818181818183,MARGIN CALL ($0)
92,36,0.0,19,3,16,1.0,-100.0,15.789473684210526,MARGIN CALL ($0)
92,37,0.0,21,3,18,1.0,-100.0,14.285714285714285,MARGIN CALL ($0)
92,38,0.0,20,3,17,1.0,-100.0,15.0,MARGIN CALL ($0)
92,39,0.0,38,7,31,1.0,-100.0,18.421052631578945,MARGIN CALL ($0)
92,40,0.0,38,7,31,1.0,-100.0,18.421052631578945,MARGIN CALL ($0)
92,41,0.0,37,6,31,1.0,-100.0,16.216216216216218,MARGIN CALL ($0)
92,42,0.0,40,7,33,1.0,-100.0,17.5,MARGIN CALL ($0)
92,43,0.0,39,7,32,1.0,-100.0,17.94871794871795,MARGIN CALL ($0)
92,44,0.0,41,8,33,1.0,-100.0,19.51219512195122,MARGIN CALL ($0)
92,45,0.0,42,8,34,1.0,-100.0,19.047619047619047,MARGIN CALL ($0)
92,46,0.0,37,6,31,1.0,-100.0,16.216216216216218,MARGIN CALL ($0)
92,47,0.0,32,6,26,1.0,-100.0,18.75,MARGIN CALL ($0)
92,48,0.0,32,6,26,1.0,-100.0,18.75,MARGIN CALL ($0)
92,49,0.0,30,6,24,1.0,-100.0,20.0,MARGIN CALL ($0)
92,50,0.0,28,5,23,1.0,-100.0,17.857142857142858,MARGIN CALL ($0)
92,51,0.0,25,3,22,1.0,-100.0,12.0,MARGIN CALL ($0)
92,52,0.0,25,3,22,1.0,-100.0,12.0,MARGIN CALL ($0)
92,53,0.0,24,3,21,1.0,-100.0,12.5,MARGIN CALL ($0)
92,54,0.0,14,0,14,1.0,-100.0,0.0,MARGIN CALL ($0)
92,55,0.0,14,0,14,1.0,-100.0,0.0,MARGIN CALL ($0)
92,56,0.0,13,0,13,1.0,-100.0,0.0,MARGIN CALL ($0)
92,57,0.0,13,0,13,1.0,-100.0,0.0,MARGIN CALL ($0)
92,58,0.0,13,0,13,1.0,-100.0,0.0,MARGIN CALL ($0)
92,59,0.0,12,0,12,1.0,-100.0,0.0,MARGIN CALL ($0)
92,60,0.0,12,0,12,1.0,-100.0,0.0,MARGIN CALL ($0)
92,61,0.0,12,0,12,1.0,-100.0,0.0,MARGIN CALL ($0)
92,62,0.0,12,0,12,1.0,-100.0,0.0,MARGIN CALL ($0)
92,63,0.0,12,0,12,1.0,-100.0,0.0,MARGIN CALL ($0)
92,64,0.0,12,0,12,1.0,-100.0,0.0,MARGIN CALL ($0)
92,65,0.0,12,0,12,1.0,-100.0,0.0,MARGIN CALL ($0)
92,66,0.0,13,0,13,1.0,-100.0,0.0,MARGIN CALL ($0)
92,67,0.0,13,0,13,1.0,-100.0,0.0,MARGIN CALL ($0)
92,68,0.0,13,0,13,1.0,-100.0,0.0,MARGIN CALL ($0)
92,69,0.0,18,2,16,1.0,-100.0,11.11111111111111,MARGIN CALL ($0)
92,70,0.0,19,2,17,1.0,-100.0,10.526315789473683,MARGIN CALL ($0)
92,71,0.0,20,3,17,1.0,-100.0,15.0,MARGIN CALL ($0)
92,72,0.0,20,3,17,1.0,-100.0,15.0,MARGIN CALL ($0)
92,73,0.0,20,3,17,1.0,-100.0,15.0,MARGIN CALL ($0)
92,74,0.0,20,3,17,1.0,-100.0,15.0,MARGIN CALL ($0)
92,75,0.0,20,3,17,1.0,-100.0,15.0,MARGIN CALL ($0)
92,76,0.0,20,3,17,1.0,-100.0,15.0,MARGIN CALL ($0)
92,77,0.0,20,3,17,1.0,-100.0,15.0,MARGIN CALL ($0)
92,78,0.0,24,4,20,1.0,-100.0,16.666666666666664,MARGIN CALL ($0)
92,79,0.0,24,4,20,1.0,-100.0,16.666666666666664,MARGIN CALL ($0)
92,80,0.0,22,3,19,1.0,-100.0,13.636363636363635,MARGIN CALL ($0)
92,81,0.0,26,4,22,1.0,-100.0,15.384615384615385,MARGIN CALL ($0)
92,82,0.0,27,4,23,1.0,-100.0,14.814814814814813,MARGIN CALL ($0)
92,83,0.0,53,6,47,1.0,-100.0,11.320754716981133,MARGIN CALL ($0)
92,84,0.0,21,3,18,1.0,-100.0,14.285714285714285,MARGIN CALL ($0)
92,85,0.0,17,1,16,1.0,-100.0,5.88235294117647,MARGIN CALL ($0)
92,86,0.0,17,1,16,1.0,-100.0,5.88235294117647,MARGIN CALL ($0)
92,87,0.0,17,1,16,1.0,-100.0,5.88235294117647,MARGIN CALL ($0)
92,88,0.0,17,1,16,1.0,-100.0,5.88235294117647,MARGIN CALL ($0)
92,89,0.0,16,1,15,1.0,-100.0,6.25,MARGIN CALL ($0)
92,90,0.0,16,1,15,1.0,-100.0,6.25,MARGIN CALL ($0)
92,91,0.0,16,1,15,1.0,-100.0,6.25,MARGIN CALL ($0)
92,92,0.0,16,1,15,1.0,-100.0,6.25,MARGIN CALL ($0)
92,93,0.0,16,1,15,1.0,-100.0,6.25,MARGIN CALL ($0)
92,94,0.0,16,1,15,1.0,-100.0,6.25,MARGIN CALL ($0)
92,95,0.0,17,1,16,1.0,-100.0,5.88235294117647,MARGIN CALL ($0)
92,96,0.0,15,1,14,1.0,-100.0,6.666666666666667,MARGIN CALL ($0)
92,97,0.0,16,1,15,1.0,-100.0,6.25,MARGIN CALL ($0)
92,98,0.0,16,1,15,1.0,-100.0,6.25,MARGIN CALL ($0)
92,99,0.0,16,1,15,1.0,-100.0,6.25,MARGIN CALL ($0)
92,100,0.0,16,1,15,1.0,-100.0,6.25,MARGIN CALL ($0)
93,1,0.0,60,11,49,1.0,-100.0,18.333333333333332,MARGIN CALL ($0)
93,2,0.0,57,7,50,1.0,-100.0,12.280701754385964,MARGIN CALL ($0)
93,3,0.0,58,7,51,1.0,-100.0,12.068965517241379,MARGIN CALL ($0)
93,4,0.0,80,13,67,1.0,-100.0,16.25,MARGIN CALL ($0)
93,5,0.0,67,10,57,1.0,-100.0,14.925373134328357,MARGIN CALL ($0)
93,6,0.0,1127,249,878,1.0,-100.0,22.09405501330967,MARGIN CALL ($0)
6,97,0.0,10,0,10,1.0,-100.0,0.0,MARGIN CALL ($0)
93,8,0.0,15,0,15,1.0,-100.0,0.0,MARGIN CALL ($0)
93,9,0.0,16,1,15,1.0,-100.0,6.25,MARGIN CALL ($0)
93,10,0.0,15,1,14,1.0,-100.0,6.666666666666667,MARGIN CALL ($0)
93,11,0.0,15,1,14,1.0,-100.0,6.666666666666667,MARGIN CALL ($0)
93,12,0.0,42,7,35,1.0,-100.0,16.666666666666664,MARGIN CALL ($0)
93,13,0.0,20,3,17,1.0,-100.0,15.0,MARGIN CALL ($0)
93,14,0.0,25,3,22,1.0,-100.0,12.0,MARGIN CALL ($0)
93,15,0.0,57,11,46,1.0,-100.0,19.298245614035086,MARGIN CALL ($0)
6,98,0.0,10,0,10,1.0,-100.0,0.0,MARGIN CALL ($0)
6,99,0.0,9,0,9,1.0,-100.0,0.0,MARGIN CALL ($0)
93,18,0.0,85,17,68,1.0,-100.0,20.0,MARGIN CALL ($0)
93,19,0.0,86,18,68,1.0,-100.0,20.930232558139537,MARGIN CALL ($0)
93,20,0.0,20,1,19,1.0,-100.0,5.0,MARGIN CALL ($0)
93,21,0.0,14,0,14,1.0,-100.0,0.0,MARGIN CALL ($0)
93,22,0.0,30,4,26,1.0,-100.0,13.333333333333334,MARGIN CALL ($0)
93,23,0.0,27,5,22,1.0,-100.0,18.51851851851852,MARGIN CALL ($0)
93,24,0.0,41,7,34,1.0,-100.0,17.073170731707318,MARGIN CALL ($0)
6,100,0.0,8,3,5,1.0,-100.0,37.5,MARGIN CALL ($0)
93,26,0.0,56,7,49,1.0,-100.0,12.5,MARGIN CALL ($0)
93,27,0.0,56,6,50,1.0,-100.0,10.714285714285714,MARGIN CALL ($0)
93,28,0.0,52,6,46,1.0,-100.0,11.538461538461538,MARGIN CALL ($0)
93,29,0.0,21,3,18,1.0,-100.0,14.285714285714285,MARGIN CALL ($0)
93,30,0.0,15,1,14,1.0,-100.0,6.666666666666667,MARGIN CALL ($0)
93,31,0.0,41,4,37,1.0,-100.0,9.75609756097561,MARGIN CALL ($0)
93,32,0.0,42,4,38,1.0,-100.0,9.523809523809524,MARGIN CALL ($0)
93,33,0.0,42,4,38,1.0,-100.0,9.523809523809524,MARGIN CALL ($0)
93,34,0.0,22,4,18,1.0,-100.0,18.181818181818183,MARGIN CALL ($0)
93,35,0.0,20,4,16,1.0,-100.0,20.0,MARGIN CALL ($0)
93,36,0.0,20,3,17,1.0,-100.0,15.0,MARGIN CALL ($0)
93,37,0.0,21,3,18,1.0,-100.0,14.285714285714285,MARGIN CALL ($0)
93,38,0.0,21,3,18,1.0,-100.0,14.285714285714285,MARGIN CALL ($0)
93,39,0.0,38,7,31,1.0,-100.0,18.421052631578945,MARGIN CALL ($0)
93,40,0.0,38,7,31,1.0,-100.0,18.421052631578945,MARGIN CALL ($0)
93,41,0.0,37,6,31,1.0,-100.0,16.216216216216218,MARGIN CALL ($0)
93,42,0.0,38,7,31,1.0,-100.0,18.421052631578945,MARGIN CALL ($0)
93,43,0.0,41,7,34,1.0,-100.0,17.073170731707318,MARGIN CALL ($0)
93,44,0.0,41,8,33,1.0,-100.0,19.51219512195122,MARGIN CALL ($0)
93,45,0.0,42,8,34,1.0,-100.0,19.047619047619047,MARGIN CALL ($0)
93,46,0.0,38,6,32,1.0,-100.0,15.789473684210526,MARGIN CALL ($0)
93,47,0.0,34,6,28,1.0,-100.0,17.647058823529413,MARGIN CALL ($0)
93,48,0.0,32,6,26,1.0,-100.0,18.75,MARGIN CALL ($0)
93,49,0.0,30,6,24,1.0,-100.0,20.0,MARGIN CALL ($0)
93,50,0.0,28,5,23,1.0,-100.0,17.857142857142858,MARGIN CALL ($0)
93,51,0.0,24,3,21,1.0,-100.0,12.5,MARGIN CALL ($0)
93,52,0.0,24,3,21,1.0,-100.0,12.5,MARGIN CALL ($0)
93,53,0.0,33,4,29,1.0,-100.0,12.121212121212121,MARGIN CALL ($0)
93,54,0.0,14,0,14,1.0,-100.0,0.0,MARGIN CALL ($0)
93,55,0.0,15,0,15,1.0,-100.0,0.0,MARGIN CALL ($0)
93,56,0.0,15,0,15,1.0,-100.0,0.0,MARGIN CALL ($0)
93,57,0.0,14,0,14,1.0,-100.0,0.0,MARGIN CALL ($0)
93,58,0.0,14,0,14,1.0,-100.0,0.0,MARGIN CALL ($0)
93,59,0.0,13,0,13,1.0,-100.0,0.0,MARGIN CALL ($0)
93,60,0.0,16,1,15,1.0,-100.0,6.25,MARGIN CALL ($0)
93,61,0.0,13,0,13,1.0,-100.0,0.0,MARGIN CALL ($0)
93,62,0.0,13,0,13,1.0,-100.0,0.0,MARGIN CALL ($0)
93,63,0.0,15,1,14,1.0,-100.0,6.666666666666667,MARGIN CALL ($0)
93,64,0.0,15,1,14,1.0,-100.0,6.666666666666667,MARGIN CALL ($0)
93,65,0.0,14,0,14,1.0,-100.0,0.0,MARGIN CALL ($0)
93,66,0.0,15,0,15,1.0,-100.0,0.0,MARGIN CALL ($0)
93,67,0.0,14,0,14,1.0,-100.0,0.0,MARGIN CALL ($0)
93,68,0.0,14,0,14,1.0,-100.0,0.0,MARGIN CALL ($0)
93,69,0.0,18,2,16,1.0,-100.0,11.11111111111111,MARGIN CALL ($0)
93,70,0.0,18,2,16,1.0,-100.0,11.11111111111111,MARGIN CALL ($0)
93,71,0.0,19,3,16,1.0,-100.0,15.789473684210526,MARGIN CALL ($0)
93,72,0.0,19,3,16,1.0,-100.0,15.789473684210526,MARGIN CALL ($0)
93,73,0.0,19,3,16,1.0,-100.0,15.789473684210526,MARGIN CALL ($0)
93,74,0.0,19,3,16,1.0,-100.0,15.789473684210526,MARGIN CALL ($0)
93,75,0.0,20,3,17,1.0,-100.0,15.0,MARGIN CALL ($0)
93,76,0.0,20,3,17,1.0,-100.0,15.0,MARGIN CALL ($0)
93,77,0.0,20,3,17,1.0,-100.0,15.0,MARGIN CALL ($0)
93,78,0.0,24,4,20,1.0,-100.0,16.666666666666664,MARGIN CALL ($0)
93,79,0.0,24,4,20,1.0,-100.0,16.666666666666664,MARGIN CALL ($0)
93,80,0.0,22,3,19,1.0,-100.0,13.636363636363635,MARGIN CALL ($0)
93,81,0.0,26,4,22,1.0,-100.0,15.384615384615385,MARGIN CALL ($0)
93,82,0.0,27,4,23,1.0,-100.0,14.814814814814813,MARGIN CALL ($0)
93,83,0.0,53,6,47,1.0,-100.0,11.320754716981133,MARGIN CALL ($0)
93,84,0.0,21,3,18,1.0,-100.0,14.285714285714285,MARGIN CALL ($0)
93,85,0.0,17,1,16,1.0,-100.0,5.88235294117647,MARGIN CALL ($0)
93,86,0.0,17,1,16,1.0,-100.0,5.88235294117647,MARGIN CALL ($0)
93,87,0.0,17,1,16,1.0,-100.0,5.88235294117647,MARGIN CALL ($0)
93,88,0.0,17,1,16,1.0,-100.0,5.88235294117647,MARGIN CALL ($0)
93,89,0.0,16,1,15,1.0,-100.0,6.25,MARGIN CALL ($0)
93,90,0.0,16,1,15,1.0,-100.0,6.25,MARGIN CALL ($0)
93,91,0.0,16,1,15,1.0,-100.0,6.25,MARGIN CALL ($0)
93,92,0.0,16,1,15,1.0,-100.0,6.25,MARGIN CALL ($0)
93,93,0.0,12,0,12,1.0,-100.0,0.0,MARGIN CALL ($0)
93,94,0.0,12,0,12,1.0,-100.0,0.0,MARGIN CALL ($0)
93,95,0.0,13,0,13,1.0,-100.0,0.0,MARGIN CALL ($0)
93,96,0.0,11,0,11,1.0,-100.0,0.0,MARGIN CALL ($0)
93,97,0.0,12,0,12,1.0,-100.0,0.0,MARGIN CALL ($0)
93,98,0.0,12,0,12,1.0,-100.0,0.0,MARGIN CALL ($0)
93,99,0.0,12,0,12,1.0,-100.0,0.0,MARGIN CALL ($0)
93,100,0.0,12,0,12,1.0,-100.0,0.0,MARGIN CALL ($0)
94,1,0.0,61,11,50,1.0,-100.0,18.0327868852459,MARGIN CALL ($0)
94,2,0.0,57,7,50,1.0,-100.0,12.280701754385964,MARGIN CALL ($0)
94,3,0.0,58,7,51,1.0,-100.0,12.068965517241379,MARGIN CALL ($0)
94,4,0.0,80,13,67,1.0,-100.0,16.25,MARGIN CALL ($0)
94,5,0.0,67,10,57,1.0,-100.0,14.925373134328357,MARGIN CALL ($0)
94,6,0.0,1132,252,880,1.0,-100.0,22.261484098939928,MARGIN CALL ($0)
94,7,0.0,119,20,99,1.0,-100.0,16.80672268907563,MARGIN CALL ($0)
94,8,0.0,15,0,15,1.0,-100.0,0.0,MARGIN CALL ($0)
94,9,0.0,16,1,15,1.0,-100.0,6.25,MARGIN CALL ($0)
94,10,0.0,15,1,14,1.0,-100.0,6.666666666666667,MARGIN CALL ($0)
94,11,0.0,15,1,14,1.0,-100.0,6.666666666666667,MARGIN CALL ($0)
94,12,0.0,42,7,35,1.0,-100.0,16.666666666666664,MARGIN CALL ($0)
94,13,0.0,21,3,18,1.0,-100.0,14.285714285714285,MARGIN CALL ($0)
94,14,0.0,25,3,22,1.0,-100.0,12.0,MARGIN CALL ($0)
94,15,0.0,56,11,45,1.0,-100.0,19.642857142857142,MARGIN CALL ($0)
94,16,0.0,68,13,55,1.0,-100.0,19.11764705882353,MARGIN CALL ($0)
7,1,0.0,77,13,64,1.0,-100.0,16.883116883116884,MARGIN CALL ($0)
94,18,0.0,68,12,56,1.0,-100.0,17.647058823529413,MARGIN CALL ($0)
94,19,0.0,85,17,68,1.0,-100.0,20.0,MARGIN CALL ($0)
94,20,0.0,77,18,59,1.0,-100.0,23.376623376623375,MARGIN CALL ($0)
94,21,0.0,18,2,16,1.0,-100.0,11.11111111111111,MARGIN CALL ($0)
94,22,0.0,28,4,24,1.0,-100.0,14.285714285714285,MARGIN CALL ($0)
94,23,0.0,26,5,21,1.0,-100.0,19.230769230769234,MARGIN CALL ($0)
94,24,0.0,16,1,15,1.0,-100.0,6.25,MARGIN CALL ($0)
94,25,0.0,53,7,46,1.0,-100.0,13.20754716981132,MARGIN CALL ($0)
94,26,0.0,51,7,44,1.0,-100.0,13.725490196078432,MARGIN CALL ($0)
94,27,0.0,56,6,50,1.0,-100.0,10.714285714285714,MARGIN CALL ($0)
94,28,0.0,52,6,46,1.0,-100.0,11.538461538461538,MARGIN CALL ($0)
94,29,0.0,21,3,18,1.0,-100.0,14.285714285714285,MARGIN CALL ($0)
94,30,0.0,16,1,15,1.0,-100.0,6.25,MARGIN CALL ($0)
94,31,0.0,40,4,36,1.0,-100.0,10.0,MARGIN CALL ($0)
94,32,0.0,40,4,36,1.0,-100.0,10.0,MARGIN CALL ($0)
94,33,0.0,41,4,37,1.0,-100.0,9.75609756097561,MARGIN CALL ($0)
94,34,0.0,19,2,17,1.0,-100.0,10.526315789473683,MARGIN CALL ($0)
94,35,0.0,18,2,16,1.0,-100.0,11.11111111111111,MARGIN CALL ($0)
94,36,0.0,17,2,15,1.0,-100.0,11.76470588235294,MARGIN CALL ($0)
94,37,0.0,17,2,15,1.0,-100.0,11.76470588235294,MARGIN CALL ($0)
94,38,0.0,16,2,14,1.0,-100.0,12.5,MARGIN CALL ($0)
94,39,0.0,23,3,20,1.0,-100.0,13.043478260869565,MARGIN CALL ($0)
94,40,0.0,23,3,20,1.0,-100.0,13.043478260869565,MARGIN CALL ($0)
94,41,0.0,17,1,16,1.0,-100.0,5.88235294117647,MARGIN CALL ($0)
94,42,0.0,17,2,15,1.0,-100.0,11.76470588235294,MARGIN CALL ($0)
94,43,0.0,18,1,17,1.0,-100.0,5.555555555555555,MARGIN CALL ($0)
94,44,0.0,18,1,17,1.0,-100.0,5.555555555555555,MARGIN CALL ($0)
94,45,0.0,19,1,18,1.0,-100.0,5.263157894736842,MARGIN CALL ($0)
94,46,0.0,19,1,18,1.0,-100.0,5.263157894736842,MARGIN CALL ($0)
94,47,0.0,17,2,15,1.0,-100.0,11.76470588235294,MARGIN CALL ($0)
94,48,0.0,15,2,13,1.0,-100.0,13.333333333333334,MARGIN CALL ($0)
94,49,0.0,20,4,16,1.0,-100.0,20.0,MARGIN CALL ($0)
94,50,0.0,19,3,16,1.0,-100.0,15.789473684210526,MARGIN CALL ($0)
94,51,0.0,15,1,14,1.0,-100.0,6.666666666666667,MARGIN CALL ($0)
94,52,0.0,15,1,14,1.0,-100.0,6.666666666666667,MARGIN CALL ($0)
94,53,0.0,15,1,14,1.0,-100.0,6.666666666666667,MARGIN CALL ($0)
94,54,0.0,16,1,15,1.0,-100.0,6.25,MARGIN CALL ($0)
94,55,0.0,16,1,15,1.0,-100.0,6.25,MARGIN CALL ($0)
94,56,0.0,16,1,15,1.0,-100.0,6.25,MARGIN CALL ($0)
94,57,0.0,14,0,14,1.0,-100.0,0.0,MARGIN CALL ($0)
94,58,0.0,14,0,14,1.0,-100.0,0.0,MARGIN CALL ($0)
94,59,0.0,12,0,12,1.0,-100.0,0.0,MARGIN CALL ($0)
94,60,0.0,13,0,13,1.0,-100.0,0.0,MARGIN CALL ($0)
94,61,0.0,12,0,12,1.0,-100.0,0.0,MARGIN CALL ($0)
94,62,0.0,12,0,12,1.0,-100.0,0.0,MARGIN CALL ($0)
94,63,0.0,14,1,13,1.0,-100.0,7.142857142857142,MARGIN CALL ($0)
94,64,0.0,14,1,13,1.0,-100.0,7.142857142857142,MARGIN CALL ($0)
94,65,0.0,13,0,13,1.0,-100.0,0.0,MARGIN CALL ($0)
94,66,0.0,14,0,14,1.0,-100.0,0.0,MARGIN CALL ($0)
94,67,0.0,14,0,14,1.0,-100.0,0.0,MARGIN CALL ($0)
94,68,0.0,13,0,13,1.0,-100.0,0.0,MARGIN CALL ($0)
94,69,0.0,17,2,15,1.0,-100.0,11.76470588235294,MARGIN CALL ($0)
94,70,0.0,18,2,16,1.0,-100.0,11.11111111111111,MARGIN CALL ($0)
94,71,0.0,19,3,16,1.0,-100.0,15.789473684210526,MARGIN CALL ($0)
94,72,0.0,19,3,16,1.0,-100.0,15.789473684210526,MARGIN CALL ($0)
94,73,0.0,19,3,16,1.0,-100.0,15.789473684210526,MARGIN CALL ($0)
94,74,0.0,19,3,16,1.0,-100.0,15.789473684210526,MARGIN CALL ($0)
94,75,0.0,19,3,16,1.0,-100.0,15.789473684210526,MARGIN CALL ($0)
94,76,0.0,19,3,16,1.0,-100.0,15.789473684210526,MARGIN CALL ($0)
94,77,0.0,19,3,16,1.0,-100.0,15.789473684210526,MARGIN CALL ($0)
94,78,0.0,24,4,20,1.0,-100.0,16.666666666666664,MARGIN CALL ($0)
94,79,0.0,24,4,20,1.0,-100.0,16.666666666666664,MARGIN CALL ($0)
94,80,0.0,22,3,19,1.0,-100.0,13.636363636363635,MARGIN CALL ($0)
94,81,0.0,27,4,23,1.0,-100.0,14.814814814814813,MARGIN CALL ($0)
94,82,0.0,27,4,23,1.0,-100.0,14.814814814814813,MARGIN CALL ($0)
94,83,0.0,53,6,47,1.0,-100.0,11.320754716981133,MARGIN CALL ($0)
94,84,0.0,20,2,18,1.0,-100.0,10.0,MARGIN CALL ($0)
94,85,0.0,18,1,17,1.0,-100.0,5.555555555555555,MARGIN CALL ($0)
94,86,0.0,18,1,17,1.0,-100.0,5.555555555555555,MARGIN CALL ($0)
94,87,0.0,17,1,16,1.0,-100.0,5.88235294117647,MARGIN CALL ($0)
94,88,0.0,17,1,16,1.0,-100.0,5.88235294117647,MARGIN CALL ($0)
94,89,0.0,17,1,16,1.0,-100.0,5.88235294117647,MARGIN CALL ($0)
94,90,0.0,17,1,16,1.0,-100.0,5.88235294117647,MARGIN CALL ($0)
94,91,0.0,16,1,15,1.0,-100.0,6.25,MARGIN CALL ($0)
94,92,0.0,16,1,15,1.0,-100.0,6.25,MARGIN CALL ($0)
94,93,0.0,12,0,12,1.0,-100.0,0.0,MARGIN CALL ($0)
94,94,0.0,12,0,12,1.0,-100.0,0.0,MARGIN CALL ($0)
94,95,0.0,13,0,13,1.0,-100.0,0.0,MARGIN CALL ($0)
94,96,0.0,11,0,11,1.0,-100.0,0.0,MARGIN CALL ($0)
94,97,0.0,12,0,12,1.0,-100.0,0.0,MARGIN CALL ($0)
94,98,0.0,12,0,12,1.0,-100.0,0.0,MARGIN CALL ($0)
94,99,0.0,12,0,12,1.0,-100.0,0.0,MARGIN CALL ($0)
94,100,0.0,12,0,12,1.0,-100.0,0.0,MARGIN CALL ($0)
95,1,0.0,60,11,49,1.0,-100.0,18.333333333333332,MARGIN CALL ($0)
95,2,0.0,57,7,50,1.0,-100.0,12.280701754385964,MARGIN CALL ($0)
95,3,0.0,58,7,51,1.0,-100.0,12.068965517241379,MARGIN CALL ($0)
95,4,0.0,79,13,66,1.0,-100.0,16.455696202531644,MARGIN CALL ($0)
95,5,0.0,138,28,110,1.0,-100.0,20.28985507246377,MARGIN CALL ($0)
95,6,0.0,815,185,630,1.0,-100.0,22.699386503067483,MARGIN CALL ($0)
95,7,0.0,119,21,98,1.0,-100.0,17.647058823529413,MARGIN CALL ($0)
95,8,0.0,15,0,15,1.0,-100.0,0.0,MARGIN CALL ($0)
95,9,0.0,16,1,15,1.0,-100.0,6.25,MARGIN CALL ($0)
95,10,0.0,15,1,14,1.0,-100.0,6.666666666666667,MARGIN CALL ($0)
95,11,0.0,15,1,14,1.0,-100.0,6.666666666666667,MARGIN CALL ($0)
95,12,0.0,25,3,22,1.0,-100.0,12.0,MARGIN CALL ($0)
95,13,0.0,21,4,17,1.0,-100.0,19.047619047619047,MARGIN CALL ($0)
95,14,0.0,27,4,23,1.0,-100.0,14.814814814814813,MARGIN CALL ($0)
95,15,0.0,25,4,21,1.0,-100.0,16.0,MARGIN CALL ($0)
95,16,0.0,73,16,57,1.0,-100.0,21.91780821917808,MARGIN CALL ($0)
95,17,0.0,20,1,19,1.0,-100.0,5.0,MARGIN CALL ($0)
95,18,0.0,20,1,19,1.0,-100.0,5.0,MARGIN CALL ($0)
95,19,0.0,19,1,18,1.0,-100.0,5.263157894736842,MARGIN CALL ($0)
95,20,0.0,19,1,18,1.0,-100.0,5.263157894736842,MARGIN CALL ($0)
95,21,0.0,15,0,15,1.0,-100.0,0.0,MARGIN CALL ($0)
95,22,0.0,16,0,16,1.0,-100.0,0.0,MARGIN CALL ($0)
95,23,0.0,14,0,14,1.0,-100.0,0.0,MARGIN CALL ($0)
95,24,0.0,14,0,14,1.0,-100.0,0.0,MARGIN CALL ($0)
95,25,0.0,51,6,45,1.0,-100.0,11.76470588235294,MARGIN CALL ($0)
95,26,0.0,50,6,44,1.0,-100.0,12.0,MARGIN CALL ($0)
95,27,0.0,55,5,50,1.0,-100.0,9.090909090909092,MARGIN CALL ($0)
95,28,0.0,50,5,45,1.0,-100.0,10.0,MARGIN CALL ($0)
95,29,0.0,20,2,18,1.0,-100.0,10.0,MARGIN CALL ($0)
95,30,0.0,15,0,15,1.0,-100.0,0.0,MARGIN CALL ($0)
95,31,0.0,39,3,36,1.0,-100.0,7.6923076923076925,MARGIN CALL ($0)
95,32,0.0,39,3,36,1.0,-100.0,7.6923076923076925,MARGIN CALL ($0)
95,33,0.0,39,3,36,1.0,-100.0,7.6923076923076925,MARGIN CALL ($0)
95,34,0.0,14,0,14,1.0,-100.0,0.0,MARGIN CALL ($0)
95,35,0.0,15,0,15,1.0,-100.0,0.0,MARGIN CALL ($0)
95,36,0.0,13,0,13,1.0,-100.0,0.0,MARGIN CALL ($0)
95,37,0.0,13,0,13,1.0,-100.0,0.0,MARGIN CALL ($0)
95,38,0.0,13,0,13,1.0,-100.0,0.0,MARGIN CALL ($0)
95,39,0.0,20,2,18,1.0,-100.0,10.0,MARGIN CALL ($0)
95,40,0.0,20,2,18,1.0,-100.0,10.0,MARGIN CALL ($0)
95,41,0.0,15,0,15,1.0,-100.0,0.0,MARGIN CALL ($0)
95,42,0.0,15,1,14,1.0,-100.0,6.666666666666667,MARGIN CALL ($0)
95,43,0.0,13,0,13,1.0,-100.0,0.0,MARGIN CALL ($0)
95,44,0.0,14,0,14,1.0,-100.0,0.0,MARGIN CALL ($0)
95,45,0.0,14,0,14,1.0,-100.0,0.0,MARGIN CALL ($0)
95,46,0.0,14,0,14,1.0,-100.0,0.0,MARGIN CALL ($0)
95,47,0.0,12,0,12,1.0,-100.0,0.0,MARGIN CALL ($0)
95,48,0.0,12,0,12,1.0,-100.0,0.0,MARGIN CALL ($0)
95,49,0.0,13,1,12,1.0,-100.0,7.6923076923076925,MARGIN CALL ($0)
95,50,0.0,17,2,15,1.0,-100.0,11.76470588235294,MARGIN CALL ($0)
95,51,0.0,13,0,13,1.0,-100.0,0.0,MARGIN CALL ($0)
95,52,0.0,13,0,13,1.0,-100.0,0.0,MARGIN CALL ($0)
95,53,0.0,12,0,12,1.0,-100.0,0.0,MARGIN CALL ($0)
95,54,0.0,14,0,14,1.0,-100.0,0.0,MARGIN CALL ($0)
95,55,0.0,14,0,14,1.0,-100.0,0.0,MARGIN CALL ($0)
95,56,0.0,14,0,14,1.0,-100.0,0.0,MARGIN CALL ($0)
95,57,0.0,14,0,14,1.0,-100.0,0.0,MARGIN CALL ($0)
95,58,0.0,14,0,14,1.0,-100.0,0.0,MARGIN CALL ($0)
95,59,0.0,12,0,12,1.0,-100.0,0.0,MARGIN CALL ($0)
95,60,0.0,12,0,12,1.0,-100.0,0.0,MARGIN CALL ($0)
95,61,0.0,12,0,12,1.0,-100.0,0.0,MARGIN CALL ($0)
95,62,0.0,12,0,12,1.0,-100.0,0.0,MARGIN CALL ($0)
95,63,0.0,12,0,12,1.0,-100.0,0.0,MARGIN CALL ($0)
95,64,0.0,12,0,12,1.0,-100.0,0.0,MARGIN CALL ($0)
95,65,0.0,12,0,12,1.0,-100.0,0.0,MARGIN CALL ($0)
95,66,0.0,13,0,13,1.0,-100.0,0.0,MARGIN CALL ($0)
95,67,0.0,12,0,12,1.0,-100.0,0.0,MARGIN CALL ($0)
95,68,0.0,13,0,13,1.0,-100.0,0.0,MARGIN CALL ($0)
95,69,0.0,18,2,16,1.0,-100.0,11.11111111111111,MARGIN CALL ($0)
95,70,0.0,19,2,17,1.0,-100.0,10.526315789473683,MARGIN CALL ($0)
95,71,0.0,20,3,17,1.0,-100.0,15.0,MARGIN CALL ($0)
95,72,0.0,20,3,17,1.0,-100.0,15.0,MARGIN CALL ($0)
95,73,0.0,20,3,17,1.0,-100.0,15.0,MARGIN CALL ($0)
95,74,0.0,20,3,17,1.0,-100.0,15.0,MARGIN CALL ($0)
95,75,0.0,20,3,17,1.0,-100.0,15.0,MARGIN CALL ($0)
95,76,0.0,20,3,17,1.0,-100.0,15.0,MARGIN CALL ($0)
95,77,0.0,20,3,17,1.0,-100.0,15.0,MARGIN CALL ($0)
95,78,0.0,24,4,20,1.0,-100.0,16.666666666666664,MARGIN CALL ($0)
95,79,0.0,24,4,20,1.0,-100.0,16.666666666666664,MARGIN CALL ($0)
95,80,0.0,21,3,18,1.0,-100.0,14.285714285714285,MARGIN CALL ($0)
95,81,0.0,27,4,23,1.0,-100.0,14.814814814814813,MARGIN CALL ($0)
95,82,0.0,25,3,22,1.0,-100.0,12.0,MARGIN CALL ($0)
95,83,0.0,25,3,22,1.0,-100.0,12.0,MARGIN CALL ($0)
95,84,0.0,21,2,19,1.0,-100.0,9.523809523809524,MARGIN CALL ($0)
95,85,0.0,18,1,17,1.0,-100.0,5.555555555555555,MARGIN CALL ($0)
95,86,0.0,18,1,17,1.0,-100.0,5.555555555555555,MARGIN CALL ($0)
95,87,0.0,17,1,16,1.0,-100.0,5.88235294117647,MARGIN CALL ($0)
95,88,0.0,17,1,16,1.0,-100.0,5.88235294117647,MARGIN CALL ($0)
95,89,0.0,16,1,15,1.0,-100.0,6.25,MARGIN CALL ($0)
95,90,0.0,16,1,15,1.0,-100.0,6.25,MARGIN CALL ($0)
95,91,0.0,16,1,15,1.0,-100.0,6.25,MARGIN CALL ($0)
95,92,0.0,16,1,15,1.0,-100.0,6.25,MARGIN CALL ($0)
95,93,0.0,13,0,13,1.0,-100.0,0.0,MARGIN CALL ($0)
95,94,0.0,13,0,13,1.0,-100.0,0.0,MARGIN CALL ($0)
95,95,0.0,13,0,13,1.0,-100.0,0.0,MARGIN CALL ($0)
95,96,0.0,12,0,12,1.0,-100.0,0.0,MARGIN CALL ($0)
95,97,0.0,11,0,11,1.0,-100.0,0.0,MARGIN CALL ($0)
95,98,0.0,11,0,11,1.0,-100.0,0.0,MARGIN CALL ($0)
95,99,0.0,11,0,11,1.0,-100.0,0.0,MARGIN CALL ($0)
95,100,0.0,12,0,12,1.0,-100.0,0.0,MARGIN CALL ($0)
96,1,0.0,60,11,49,1.0,-100.0,18.333333333333332,MARGIN CALL ($0)
96,2,0.0,57,7,50,1.0,-100.0,12.280701754385964,MARGIN CALL ($0)
96,3,0.0,58,7,51,1.0,-100.0,12.068965517241379,MARGIN CALL ($0)
96,4,0.0,79,13,66,1.0,-100.0,16.455696202531644,MARGIN CALL ($0)
96,5,0.0,138,28,110,1.0,-100.0,20.28985507246377,MARGIN CALL ($0)
96,6,0.0,812,185,627,1.0,-100.0,22.783251231527093,MARGIN CALL ($0)
96,7,0.0,119,21,98,1.0,-100.0,17.647058823529413,MARGIN CALL ($0)
96,8,0.0,15,0,15,1.0,-100.0,0.0,MARGIN CALL ($0)
96,9,0.0,16,1,15,1.0,-100.0,6.25,MARGIN CALL ($0)
96,10,0.0,15,1,14,1.0,-100.0,6.666666666666667,MARGIN CALL ($0)
96,11,0.0,15,1,14,1.0,-100.0,6.666666666666667,MARGIN CALL ($0)
96,12,0.0,25,3,22,1.0,-100.0,12.0,MARGIN CALL ($0)
96,13,0.0,21,4,17,1.0,-100.0,19.047619047619047,MARGIN CALL ($0)
96,14,0.0,27,4,23,1.0,-100.0,14.814814814814813,MARGIN CALL ($0)
96,15,0.0,25,4,21,1.0,-100.0,16.0,MARGIN CALL ($0)
96,16,0.0,74,16,58,1.0,-100.0,21.62162162162162,MARGIN CALL ($0)
96,17,0.0,20,1,19,1.0,-100.0,5.0,MARGIN CALL ($0)
96,18,0.0,20,1,19,1.0,-100.0,5.0,MARGIN CALL ($0)
96,19,0.0,19,1,18,1.0,-100.0,5.263157894736842,MARGIN CALL ($0)
96,20,0.0,19,1,18,1.0,-100.0,5.263157894736842,MARGIN CALL ($0)
96,21,0.0,15,0,15,1.0,-100.0,0.0,MARGIN CALL ($0)
96,22,0.0,16,0,16,1.0,-100.0,0.0,MARGIN CALL ($0)
96,23,0.0,14,0,14,1.0,-100.0,0.0,MARGIN CALL ($0)
96,24,0.0,14,0,14,1.0,-100.0,0.0,MARGIN CALL ($0)
96,25,0.0,51,6,45,1.0,-100.0,11.76470588235294,MARGIN CALL ($0)
96,26,0.0,50,6,44,1.0,-100.0,12.0,MARGIN CALL ($0)
96,27,0.0,56,5,51,1.0,-100.0,8.928571428571429,MARGIN CALL ($0)
96,28,0.0,50,5,45,1.0,-100.0,10.0,MARGIN CALL ($0)
96,29,0.0,20,2,18,1.0,-100.0,10.0,MARGIN CALL ($0)
96,30,0.0,15,0,15,1.0,-100.0,0.0,MARGIN CALL ($0)
96,31,0.0,39,3,36,1.0,-100.0,7.6923076923076925,MARGIN CALL ($0)
96,32,0.0,39,3,36,1.0,-100.0,7.6923076923076925,MARGIN CALL ($0)
96,33,0.0,39,3,36,1.0,-100.0,7.6923076923076925,MARGIN CALL ($0)
96,34,0.0,14,0,14,1.0,-100.0,0.0,MARGIN CALL ($0)
96,35,0.0,15,0,15,1.0,-100.0,0.0,MARGIN CALL ($0)
96,36,0.0,13,0,13,1.0,-100.0,0.0,MARGIN CALL ($0)
96,37,0.0,13,0,13,1.0,-100.0,0.0,MARGIN CALL ($0)
96,38,0.0,13,0,13,1.0,-100.0,0.0,MARGIN CALL ($0)
96,39,0.0,20,2,18,1.0,-100.0,10.0,MARGIN CALL ($0)
96,40,0.0,20,2,18,1.0,-100.0,10.0,MARGIN CALL ($0)
96,41,0.0,15,0,15,1.0,-100.0,0.0,MARGIN CALL ($0)
96,42,0.0,15,1,14,1.0,-100.0,6.666666666666667,MARGIN CALL ($0)
96,43,0.0,13,0,13,1.0,-100.0,0.0,MARGIN CALL ($0)
96,44,0.0,14,0,14,1.0,-100.0,0.0,MARGIN CALL ($0)
96,45,0.0,14,0,14,1.0,-100.0,0.0,MARGIN CALL ($0)
96,46,0.0,14,0,14,1.0,-100.0,0.0,MARGIN CALL ($0)
96,47,0.0,12,0,12,1.0,-100.0,0.0,MARGIN CALL ($0)
96,48,0.0,12,0,12,1.0,-100.0,0.0,MARGIN CALL ($0)
96,49,0.0,13,1,12,1.0,-100.0,7.6923076923076925,MARGIN CALL ($0)
96,50,0.0,17,2,15,1.0,-100.0,11.76470588235294,MARGIN CALL ($0)
96,51,0.0,13,0,13,1.0,-100.0,0.0,MARGIN CALL ($0)
96,52,0.0,13,0,13,1.0,-100.0,0.0,MARGIN CALL ($0)
96,53,0.0,12,0,12,1.0,-100.0,0.0,MARGIN CALL ($0)
96,54,0.0,14,0,14,1.0,-100.0,0.0,MARGIN CALL ($0)
96,55,0.0,14,0,14,1.0,-100.0,0.0,MARGIN CALL ($0)
96,56,0.0,14,0,14,1.0,-100.0,0.0,MARGIN CALL ($0)
96,57,0.0,14,0,14,1.0,-100.0,0.0,MARGIN CALL ($0)
96,58,0.0,14,0,14,1.0,-100.0,0.0,MARGIN CALL ($0)
96,59,0.0,12,0,12,1.0,-100.0,0.0,MARGIN CALL ($0)
96,60,0.0,12,0,12,1.0,-100.0,0.0,MARGIN CALL ($0)
96,61,0.0,12,0,12,1.0,-100.0,0.0,MARGIN CALL ($0)
96,62,0.0,12,0,12,1.0,-100.0,0.0,MARGIN CALL ($0)
96,63,0.0,12,0,12,1.0,-100.0,0.0,MARGIN CALL ($0)
96,64,0.0,12,0,12,1.0,-100.0,0.0,MARGIN CALL ($0)
96,65,0.0,12,0,12,1.0,-100.0,0.0,MARGIN CALL ($0)
96,66,0.0,13,0,13,1.0,-100.0,0.0,MARGIN CALL ($0)
96,67,0.0,12,0,12,1.0,-100.0,0.0,MARGIN CALL ($0)
96,68,0.0,13,0,13,1.0,-100.0,0.0,MARGIN CALL ($0)
96,69,0.0,18,2,16,1.0,-100.0,11.11111111111111,MARGIN CALL ($0)
96,70,0.0,19,2,17,1.0,-100.0,10.526315789473683,MARGIN CALL ($0)
96,71,0.0,20,3,17,1.0,-100.0,15.0,MARGIN CALL ($0)
96,72,0.0,20,3,17,1.0,-100.0,15.0,MARGIN CALL ($0)
96,73,0.0,20,3,17,1.0,-100.0,15.0,MARGIN CALL ($0)
96,74,0.0,20,3,17,1.0,-100.0,15.0,MARGIN CALL ($0)
96,75,0.0,20,3,17,1.0,-100.0,15.0,MARGIN CALL ($0)
96,76,0.0,20,3,17,1.0,-100.0,15.0,MARGIN CALL ($0)
96,77,0.0,20,3,17,1.0,-100.0,15.0,MARGIN CALL ($0)
96,78,0.0,24,4,20,1.0,-100.0,16.666666666666664,MARGIN CALL ($0)
96,79,0.0,24,4,20,1.0,-100.0,16.666666666666664,MARGIN CALL ($0)
96,80,0.0,21,3,18,1.0,-100.0,14.285714285714285,MARGIN CALL ($0)
96,81,0.0,27,4,23,1.0,-100.0,14.814814814814813,MARGIN CALL ($0)
96,82,0.0,25,3,22,1.0,-100.0,12.0,MARGIN CALL ($0)
96,83,0.0,25,3,22,1.0,-100.0,12.0,MARGIN CALL ($0)
96,84,0.0,21,3,18,1.0,-100.0,14.285714285714285,MARGIN CALL ($0)
96,85,0.0,17,1,16,1.0,-100.0,5.88235294117647,MARGIN CALL ($0)
96,86,0.0,17,1,16,1.0,-100.0,5.88235294117647,MARGIN CALL ($0)
96,87,0.0,19,1,18,1.0,-100.0,5.263157894736842,MARGIN CALL ($0)
96,88,0.0,17,1,16,1.0,-100.0,5.88235294117647,MARGIN CALL ($0)
96,89,0.0,16,1,15,1.0,-100.0,6.25,MARGIN CALL ($0)
96,90,0.0,16,1,15,1.0,-100.0,6.25,MARGIN CALL ($0)
96,91,0.0,16,1,15,1.0,-100.0,6.25,MARGIN CALL ($0)
96,92,0.0,16,1,15,1.0,-100.0,6.25,MARGIN CALL ($0)
96,93,0.0,13,0,13,1.0,-100.0,0.0,MARGIN CALL ($0)
96,94,0.0,13,0,13,1.0,-100.0,0.0,MARGIN CALL ($0)
96,95,0.0,13,0,13,1.0,-100.0,0.0,MARGIN CALL ($0)
96,96,0.0,12,0,12,1.0,-100.0,0.0,MARGIN CALL ($0)
96,97,0.0,11,0,11,1.0,-100.0,0.0,MARGIN CALL ($0)
96,98,0.0,11,0,11,1.0,-100.0,0.0,MARGIN CALL ($0)
96,99,0.0,11,0,11,1.0,-100.0,0.0,MARGIN CALL ($0)
96,100,0.0,12,0,12,1.0,-100.0,0.0,MARGIN CALL ($0)
97,1,0.0,60,11,49,1.0,-100.0,18.333333333333332,MARGIN CALL ($0)
97,2,0.0,57,7,50,1.0,-100.0,12.280701754385964,MARGIN CALL ($0)
97,3,0.0,58,7,51,1.0,-100.0,12.068965517241379,MARGIN CALL ($0)
97,4,0.0,79,13,66,1.0,-100.0,16.455696202531644,MARGIN CALL ($0)
97,5,0.0,138,28,110,1.0,-100.0,20.28985507246377,MARGIN CALL ($0)
97,6,0.0,806,184,622,1.0,-100.0,22.8287841191067,MARGIN CALL ($0)
97,7,0.0,119,21,98,1.0,-100.0,17.647058823529413,MARGIN CALL ($0)
97,8,0.0,15,0,15,1.0,-100.0,0.0,MARGIN CALL ($0)
97,9,0.0,16,1,15,1.0,-100.0,6.25,MARGIN CALL ($0)
97,10,0.0,15,1,14,1.0,-100.0,6.666666666666667,MARGIN CALL ($0)
97,11,0.0,15,1,14,1.0,-100.0,6.666666666666667,MARGIN CALL ($0)
97,12,0.0,25,3,22,1.0,-100.0,12.0,MARGIN CALL ($0)
97,13,0.0,21,4,17,1.0,-100.0,19.047619047619047,MARGIN CALL ($0)
97,14,0.0,27,4,23,1.0,-100.0,14.814814814814813,MARGIN CALL ($0)
97,15,0.0,25,4,21,1.0,-100.0,16.0,MARGIN CALL ($0)
97,16,0.0,74,16,58,1.0,-100.0,21.62162162162162,MARGIN CALL ($0)
97,17,0.0,20,1,19,1.0,-100.0,5.0,MARGIN CALL ($0)
97,18,0.0,20,1,19,1.0,-100.0,5.0,MARGIN CALL ($0)
97,19,0.0,19,1,18,1.0,-100.0,5.263157894736842,MARGIN CALL ($0)
97,20,0.0,19,1,18,1.0,-100.0,5.263157894736842,MARGIN CALL ($0)
97,21,0.0,15,0,15,1.0,-100.0,0.0,MARGIN CALL ($0)
97,22,0.0,16,0,16,1.0,-100.0,0.0,MARGIN CALL ($0)
97,23,0.0,14,0,14,1.0,-100.0,0.0,MARGIN CALL ($0)
97,24,0.0,14,0,14,1.0,-100.0,0.0,MARGIN CALL ($0)
97,25,0.0,51,6,45,1.0,-100.0,11.76470588235294,MARGIN CALL ($0)
97,26,0.0,50,6,44,1.0,-100.0,12.0,MARGIN CALL ($0)
97,27,0.0,56,5,51,1.0,-100.0,8.928571428571429,MARGIN CALL ($0)
97,28,0.0,52,5,47,1.0,-100.0,9.615384615384617,MARGIN CALL ($0)
97,29,0.0,22,2,20,1.0,-100.0,9.090909090909092,MARGIN CALL ($0)
97,30,0.0,15,0,15,1.0,-100.0,0.0,MARGIN CALL ($0)
97,31,0.0,38,2,36,1.0,-100.0,5.263157894736842,MARGIN CALL ($0)
97,32,0.0,38,3,35,1.0,-100.0,7.894736842105263,MARGIN CALL ($0)
97,33,0.0,38,3,35,1.0,-100.0,7.894736842105263,MARGIN CALL ($0)
97,34,0.0,14,0,14,1.0,-100.0,0.0,MARGIN CALL ($0)
97,35,0.0,15,0,15,1.0,-100.0,0.0,MARGIN CALL ($0)
97,36,0.0,13,0,13,1.0,-100.0,0.0,MARGIN CALL ($0)
97,37,0.0,13,0,13,1.0,-100.0,0.0,MARGIN CALL ($0)
97,38,0.0,13,0,13,1.0,-100.0,0.0,MARGIN CALL ($0)
97,39,0.0,20,2,18,1.0,-100.0,10.0,MARGIN CALL ($0)
97,40,0.0,20,2,18,1.0,-100.0,10.0,MARGIN CALL ($0)
97,41,0.0,15,0,15,1.0,-100.0,0.0,MARGIN CALL ($0)
97,42,0.0,15,1,14,1.0,-100.0,6.666666666666667,MARGIN CALL ($0)
97,43,0.0,13,0,13,1.0,-100.0,0.0,MARGIN CALL ($0)
97,44,0.0,14,0,14,1.0,-100.0,0.0,MARGIN CALL ($0)
97,45,0.0,14,0,14,1.0,-100.0,0.0,MARGIN CALL ($0)
97,46,0.0,14,0,14,1.0,-100.0,0.0,MARGIN CALL ($0)
97,47,0.0,12,0,12,1.0,-100.0,0.0,MARGIN CALL ($0)
97,48,0.0,12,0,12,1.0,-100.0,0.0,MARGIN CALL ($0)
97,49,0.0,13,1,12,1.0,-100.0,7.6923076923076925,MARGIN CALL ($0)
97,50,0.0,17,2,15,1.0,-100.0,11.76470588235294,MARGIN CALL ($0)
97,51,0.0,13,0,13,1.0,-100.0,0.0,MARGIN CALL ($0)
97,52,0.0,13,0,13,1.0,-100.0,0.0,MARGIN CALL ($0)
97,53,0.0,12,0,12,1.0,-100.0,0.0,MARGIN CALL ($0)
97,54,0.0,14,0,14,1.0,-100.0,0.0,MARGIN CALL ($0)
97,55,0.0,14,0,14,1.0,-100.0,0.0,MARGIN CALL ($0)
97,56,0.0,14,0,14,1.0,-100.0,0.0,MARGIN CALL ($0)
97,57,0.0,14,0,14,1.0,-100.0,0.0,MARGIN CALL ($0)
97,58,0.0,14,0,14,1.0,-100.0,0.0,MARGIN CALL ($0)
97,59,0.0,12,0,12,1.0,-100.0,0.0,MARGIN CALL ($0)
97,60,0.0,12,0,12,1.0,-100.0,0.0,MARGIN CALL ($0)
97,61,0.0,12,0,12,1.0,-100.0,0.0,MARGIN CALL ($0)
97,62,0.0,12,0,12,1.0,-100.0,0.0,MARGIN CALL ($0)
97,63,0.0,12,0,12,1.0,-100.0,0.0,MARGIN CALL ($0)
97,64,0.0,12,0,12,1.0,-100.0,0.0,MARGIN CALL ($0)
97,65,0.0,12,0,12,1.0,-100.0,0.0,MARGIN CALL ($0)
97,66,0.0,13,0,13,1.0,-100.0,0.0,MARGIN CALL ($0)
97,67,0.0,12,0,12,1.0,-100.0,0.0,MARGIN CALL ($0)
97,68,0.0,13,0,13,1.0,-100.0,0.0,MARGIN CALL ($0)
97,69,0.0,18,2,16,1.0,-100.0,11.11111111111111,MARGIN CALL ($0)
97,70,0.0,19,2,17,1.0,-100.0,10.526315789473683,MARGIN CALL ($0)
97,71,0.0,20,3,17,1.0,-100.0,15.0,MARGIN CALL ($0)
97,72,0.0,20,3,17,1.0,-100.0,15.0,MARGIN CALL ($0)
97,73,0.0,20,3,17,1.0,-100.0,15.0,MARGIN CALL ($0)
97,74,0.0,20,3,17,1.0,-100.0,15.0,MARGIN CALL ($0)
97,75,0.0,20,3,17,1.0,-100.0,15.0,MARGIN CALL ($0)
97,76,0.0,20,3,17,1.0,-100.0,15.0,MARGIN CALL ($0)
97,77,0.0,20,3,17,1.0,-100.0,15.0,MARGIN CALL ($0)
97,78,0.0,24,4,20,1.0,-100.0,16.666666666666664,MARGIN CALL ($0)
97,79,0.0,24,4,20,1.0,-100.0,16.666666666666664,MARGIN CALL ($0)
97,80,0.0,21,3,18,1.0,-100.0,14.285714285714285,MARGIN CALL ($0)
97,81,0.0,27,4,23,1.0,-100.0,14.814814814814813,MARGIN CALL ($0)
97,82,0.0,25,3,22,1.0,-100.0,12.0,MARGIN CALL ($0)
97,83,0.0,25,3,22,1.0,-100.0,12.0,MARGIN CALL ($0)
97,84,0.0,21,3,18,1.0,-100.0,14.285714285714285,MARGIN CALL ($0)
97,85,0.0,17,1,16,1.0,-100.0,5.88235294117647,MARGIN CALL ($0)
97,86,0.0,17,1,16,1.0,-100.0,5.88235294117647,MARGIN CALL ($0)
97,87,0.0,19,1,18,1.0,-100.0,5.263157894736842,MARGIN CALL ($0)
97,88,0.0,17,1,16,1.0,-100.0,5.88235294117647,MARGIN CALL ($0)
97,89,0.0,16,1,15,1.0,-100.0,6.25,MARGIN CALL ($0)
97,90,0.0,16,1,15,1.0,-100.0,6.25,MARGIN CALL ($0)
97,91,0.0,16,1,15,1.0,-100.0,6.25,MARGIN CALL ($0)
97,92,0.0,17,1,16,1.0,-100.0,5.88235294117647,MARGIN CALL ($0)
97,93,0.0,11,0,11,1.0,-100.0,0.0,MARGIN CALL ($0)
97,94,0.0,11,0,11,1.0,-100.0,0.0,MARGIN CALL ($0)
97,95,0.0,12,0,12,1.0,-100.0,0.0,MARGIN CALL ($0)
97,96,0.0,11,0,11,1.0,-100.0,0.0,MARGIN CALL ($0)
97,97,0.0,11,0,11,1.0,-100.0,0.0,MARGIN CALL ($0)
97,98,0.0,11,0,11,1.0,-100.0,0.0,MARGIN CALL ($0)
97,99,0.0,11,0,11,1.0,-100.0,0.0,MARGIN CALL ($0)
97,100,0.0,12,0,12,1.0,-100.0,0.0,MARGIN CALL ($0)
98,1,0.0,60,11,49,1.0,-100.0,18.333333333333332,MARGIN CALL ($0)
98,2,0.0,57,7,50,1.0,-100.0,12.280701754385964,MARGIN CALL ($0)
98,3,0.0,58,7,51,1.0,-100.0,12.068965517241379,MARGIN CALL ($0)
98,4,0.0,79,13,66,1.0,-100.0,16.455696202531644,MARGIN CALL ($0)
98,5,0.0,139,28,111,1.0,-100.0,20.14388489208633,MARGIN CALL ($0)
98,6,0.0,817,187,630,1.0,-100.0,22.88861689106487,MARGIN CALL ($0)
98,7,0.0,121,21,100,1.0,-100.0,17.355371900826448,MARGIN CALL ($0)
98,8,0.0,15,0,15,1.0,-100.0,0.0,MARGIN CALL ($0)
98,9,0.0,16,1,15,1.0,-100.0,6.25,MARGIN CALL ($0)
98,10,0.0,15,1,14,1.0,-100.0,6.666666666666667,MARGIN CALL ($0)
98,11,0.0,16,1,15,1.0,-100.0,6.25,MARGIN CALL ($0)
98,12,0.0,26,3,23,1.0,-100.0,11.538461538461538,MARGIN CALL ($0)
98,13,0.0,22,4,18,1.0,-100.0,18.181818181818183,MARGIN CALL ($0)
98,14,0.0,26,4,22,1.0,-100.0,15.384615384615385,MARGIN CALL ($0)
98,15,0.0,26,4,22,1.0,-100.0,15.384615384615385,MARGIN CALL ($0)
98,16,0.0,30,5,25,1.0,-100.0,16.666666666666664,MARGIN CALL ($0)
98,17,0.0,20,1,19,1.0,-100.0,5.0,MARGIN CALL ($0)
98,18,0.0,19,1,18,1.0,-100.0,5.263157894736842,MARGIN CALL ($0)
98,19,0.0,20,1,19,1.0,-100.0,5.0,MARGIN CALL ($0)
98,20,0.0,19,1,18,1.0,-100.0,5.263157894736842,MARGIN CALL ($0)
98,21,0.0,15,0,15,1.0,-100.0,0.0,MARGIN CALL ($0)
98,22,0.0,16,0,16,1.0,-100.0,0.0,MARGIN CALL ($0)
98,23,0.0,14,0,14,1.0,-100.0,0.0,MARGIN CALL ($0)
98,24,0.0,14,0,14,1.0,-100.0,0.0,MARGIN CALL ($0)
98,25,0.0,52,6,46,1.0,-100.0,11.538461538461538,MARGIN CALL ($0)
98,26,0.0,51,6,45,1.0,-100.0,11.76470588235294,MARGIN CALL ($0)
98,27,0.0,57,5,52,1.0,-100.0,8.771929824561402,MARGIN CALL ($0)
98,28,0.0,51,5,46,1.0,-100.0,9.803921568627452,MARGIN CALL ($0)
98,29,0.0,23,2,21,1.0,-100.0,8.695652173913043,MARGIN CALL ($0)
98,30,0.0,14,0,14,1.0,-100.0,0.0,MARGIN CALL ($0)
98,31,0.0,38,2,36,1.0,-100.0,5.263157894736842,MARGIN CALL ($0)
98,32,0.0,38,3,35,1.0,-100.0,7.894736842105263,MARGIN CALL ($0)
98,33,0.0,38,3,35,1.0,-100.0,7.894736842105263,MARGIN CALL ($0)
98,34,0.0,13,0,13,1.0,-100.0,0.0,MARGIN CALL ($0)
98,35,0.0,13,0,13,1.0,-100.0,0.0,MARGIN CALL ($0)
98,36,0.0,13,0,13,1.0,-100.0,0.0,MARGIN CALL ($0)
98,37,0.0,13,0,13,1.0,-100.0,0.0,MARGIN CALL ($0)
98,38,0.0,13,0,13,1.0,-100.0,0.0,MARGIN CALL ($0)
98,39,0.0,19,2,17,1.0,-100.0,10.526315789473683,MARGIN CALL ($0)
98,40,0.0,20,2,18,1.0,-100.0,10.0,MARGIN CALL ($0)
98,41,0.0,14,0,14,1.0,-100.0,0.0,MARGIN CALL ($0)
98,42,0.0,14,0,14,1.0,-100.0,0.0,MARGIN CALL ($0)
98,43,0.0,11,0,11,1.0,-100.0,0.0,MARGIN CALL ($0)
98,44,0.0,11,0,11,1.0,-100.0,0.0,MARGIN CALL ($0)
98,45,0.0,11,0,11,1.0,-100.0,0.0,MARGIN CALL ($0)
98,46,0.0,12,0,12,1.0,-100.0,0.0,MARGIN CALL ($0)
98,47,0.0,11,0,11,1.0,-100.0,0.0,MARGIN CALL ($0)
98,48,0.0,11,0,11,1.0,-100.0,0.0,MARGIN CALL ($0)
98,49,0.0,13,1,12,1.0,-100.0,7.6923076923076925,MARGIN CALL ($0)
98,50,0.0,11,0,11,1.0,-100.0,0.0,MARGIN CALL ($0)
98,51,0.0,14,0,14,1.0,-100.0,0.0,MARGIN CALL ($0)
98,52,0.0,14,0,14,1.0,-100.0,0.0,MARGIN CALL ($0)
98,53,0.0,13,0,13,1.0,-100.0,0.0,MARGIN CALL ($0)
98,54,0.0,14,0,14,1.0,-100.0,0.0,MARGIN CALL ($0)
98,55,0.0,14,0,14,1.0,-100.0,0.0,MARGIN CALL ($0)
98,56,0.0,14,0,14,1.0,-100.0,0.0,MARGIN CALL ($0)
98,57,0.0,14,0,14,1.0,-100.0,0.0,MARGIN CALL ($0)
98,58,0.0,14,0,14,1.0,-100.0,0.0,MARGIN CALL ($0)
98,59,0.0,13,0,13,1.0,-100.0,0.0,MARGIN CALL ($0)
98,60,0.0,13,0,13,1.0,-100.0,0.0,MARGIN CALL ($0)
98,61,0.0,13,0,13,1.0,-100.0,0.0,MARGIN CALL ($0)
98,62,0.0,13,0,13,1.0,-100.0,0.0,MARGIN CALL ($0)
98,63,0.0,12,0,12,1.0,-100.0,0.0,MARGIN CALL ($0)
98,64,0.0,12,0,12,1.0,-100.0,0.0,MARGIN CALL ($0)
98,65,0.0,13,0,13,1.0,-100.0,0.0,MARGIN CALL ($0)
98,66,0.0,13,0,13,1.0,-100.0,0.0,MARGIN CALL ($0)
98,67,0.0,13,0,13,1.0,-100.0,0.0,MARGIN CALL ($0)
98,68,0.0,13,0,13,1.0,-100.0,0.0,MARGIN CALL ($0)
98,69,0.0,18,2,16,1.0,-100.0,11.11111111111111,MARGIN CALL ($0)
98,70,0.0,19,2,17,1.0,-100.0,10.526315789473683,MARGIN CALL ($0)
98,71,0.0,19,3,16,1.0,-100.0,15.789473684210526,MARGIN CALL ($0)
98,72,0.0,19,3,16,1.0,-100.0,15.789473684210526,MARGIN CALL ($0)
98,73,0.0,19,3,16,1.0,-100.0,15.789473684210526,MARGIN CALL ($0)
98,74,0.0,19,3,16,1.0,-100.0,15.789473684210526,MARGIN CALL ($0)
98,75,0.0,19,3,16,1.0,-100.0,15.789473684210526,MARGIN CALL ($0)
98,76,0.0,19,3,16,1.0,-100.0,15.789473684210526,MARGIN CALL ($0)
98,77,0.0,19,3,16,1.0,-100.0,15.789473684210526,MARGIN CALL ($0)
98,78,0.0,23,4,19,1.0,-100.0,17.391304347826086,MARGIN CALL ($0)
98,79,0.0,23,4,19,1.0,-100.0,17.391304347826086,MARGIN CALL ($0)
98,80,0.0,21,3,18,1.0,-100.0,14.285714285714285,MARGIN CALL ($0)
98,81,0.0,25,3,22,1.0,-100.0,12.0,MARGIN CALL ($0)
98,82,0.0,26,3,23,1.0,-100.0,11.538461538461538,MARGIN CALL ($0)
98,83,0.0,25,3,22,1.0,-100.0,12.0,MARGIN CALL ($0)
98,84,0.0,19,2,17,1.0,-100.0,10.526315789473683,MARGIN CALL ($0)
98,85,0.0,18,1,17,1.0,-100.0,5.555555555555555,MARGIN CALL ($0)
98,86,0.0,18,1,17,1.0,-100.0,5.555555555555555,MARGIN CALL ($0)
98,87,0.0,16,1,15,1.0,-100.0,6.25,MARGIN CALL ($0)
98,88,0.0,16,1,15,1.0,-100.0,6.25,MARGIN CALL ($0)
98,89,0.0,16,1,15,1.0,-100.0,6.25,MARGIN CALL ($0)
98,90,0.0,16,1,15,1.0,-100.0,6.25,MARGIN CALL ($0)
98,91,0.0,17,1,16,1.0,-100.0,5.88235294117647,MARGIN CALL ($0)
98,92,0.0,15,1,14,1.0,-100.0,6.666666666666667,MARGIN CALL ($0)
98,93,0.0,12,0,12,1.0,-100.0,0.0,MARGIN CALL ($0)
98,94,0.0,12,0,12,1.0,-100.0,0.0,MARGIN CALL ($0)
98,95,0.0,13,0,13,1.0,-100.0,0.0,MARGIN CALL ($0)
98,96,0.0,11,0,11,1.0,-100.0,0.0,MARGIN CALL ($0)
98,97,0.0,11,0,11,1.0,-100.0,0.0,MARGIN CALL ($0)
98,98,0.0,11,0,11,1.0,-100.0,0.0,MARGIN CALL ($0)
98,99,0.0,11,0,11,1.0,-100.0,0.0,MARGIN CALL ($0)
98,100,0.0,12,0,12,1.0,-100.0,0.0,MARGIN CALL ($0)
99,1,0.0,60,11,49,1.0,-100.0,18.333333333333332,MARGIN CALL ($0)
99,2,0.0,57,7,50,1.0,-100.0,12.280701754385964,MARGIN CALL ($0)
99,3,0.0,58,7,51,1.0,-100.0,12.068965517241379,MARGIN CALL ($0)
99,4,0.0,79,13,66,1.0,-100.0,16.455696202531644,MARGIN CALL ($0)
99,5,0.0,139,28,111,1.0,-100.0,20.14388489208633,MARGIN CALL ($0)
99,6,0.0,815,186,629,1.0,-100.0,22.822085889570552,MARGIN CALL ($0)
99,7,0.0,121,21,100,1.0,-100.0,17.355371900826448,MARGIN CALL ($0)
99,8,0.0,15,0,15,1.0,-100.0,0.0,MARGIN CALL ($0)
99,9,0.0,16,1,15,1.0,-100.0,6.25,MARGIN CALL ($0)
99,10,0.0,15,1,14,1.0,-100.0,6.666666666666667,MARGIN CALL ($0)
99,11,0.0,16,1,15,1.0,-100.0,6.25,MARGIN CALL ($0)
99,12,0.0,26,3,23,1.0,-100.0,11.538461538461538,MARGIN CALL ($0)
99,13,0.0,22,4,18,1.0,-100.0,18.181818181818183,MARGIN CALL ($0)
99,14,0.0,26,4,22,1.0,-100.0,15.384615384615385,MARGIN CALL ($0)
99,15,0.0,25,4,21,1.0,-100.0,16.0,MARGIN CALL ($0)
99,16,0.0,73,16,57,1.0,-100.0,21.91780821917808,MARGIN CALL ($0)
99,17,0.0,20,1,19,1.0,-100.0,5.0,MARGIN CALL ($0)
99,18,0.0,19,1,18,1.0,-100.0,5.263157894736842,MARGIN CALL ($0)
99,19,0.0,19,1,18,1.0,-100.0,5.263157894736842,MARGIN CALL ($0)
99,20,0.0,19,1,18,1.0,-100.0,5.263157894736842,MARGIN CALL ($0)
99,21,0.0,14,0,14,1.0,-100.0,0.0,MARGIN CALL ($0)
99,22,0.0,16,0,16,1.0,-100.0,0.0,MARGIN CALL ($0)
99,23,0.0,14,0,14,1.0,-100.0,0.0,MARGIN CALL ($0)
99,24,0.0,14,0,14,1.0,-100.0,0.0,MARGIN CALL ($0)
99,25,0.0,52,6,46,1.0,-100.0,11.538461538461538,MARGIN CALL ($0)
99,26,0.0,51,6,45,1.0,-100.0,11.76470588235294,MARGIN CALL ($0)
99,27,0.0,57,5,52,1.0,-100.0,8.771929824561402,MARGIN CALL ($0)
99,28,0.0,51,5,46,1.0,-100.0,9.803921568627452,MARGIN CALL ($0)
99,29,0.0,23,2,21,1.0,-100.0,8.695652173913043,MARGIN CALL ($0)
99,30,0.0,14,0,14,1.0,-100.0,0.0,MARGIN CALL ($0)
99,31,0.0,38,2,36,1.0,-100.0,5.263157894736842,MARGIN CALL ($0)
99,32,0.0,38,3,35,1.0,-100.0,7.894736842105263,MARGIN CALL ($0)
99,33,0.0,38,3,35,1.0,-100.0,7.894736842105263,MARGIN CALL ($0)
99,34,0.0,13,0,13,1.0,-100.0,0.0,MARGIN CALL ($0)
99,35,0.0,13,0,13,1.0,-100.0,0.0,MARGIN CALL ($0)
99,36,0.0,13,0,13,1.0,-100.0,0.0,MARGIN CALL ($0)
99,37,0.0,13,0,13,1.0,-100.0,0.0,MARGIN CALL ($0)
99,38,0.0,13,0,13,1.0,-100.0,0.0,MARGIN CALL ($0)
99,39,0.0,19,2,17,1.0,-100.0,10.526315789473683,MARGIN CALL ($0)
99,40,0.0,20,2,18,1.0,-100.0,10.0,MARGIN CALL ($0)
99,41,0.0,14,0,14,1.0,-100.0,0.0,MARGIN CALL ($0)
99,42,0.0,14,0,14,1.0,-100.0,0.0,MARGIN CALL ($0)
99,43,0.0,11,0,11,1.0,-100.0,0.0,MARGIN CALL ($0)
99,44,0.0,11,0,11,1.0,-100.0,0.0,MARGIN CALL ($0)
99,45,0.0,11,0,11,1.0,-100.0,0.0,MARGIN CALL ($0)
99,46,0.0,12,0,12,1.0,-100.0,0.0,MARGIN CALL ($0)
99,47,0.0,11,0,11,1.0,-100.0,0.0,MARGIN CALL ($0)
99,48,0.0,11,0,11,1.0,-100.0,0.0,MARGIN CALL ($0)
99,49,0.0,13,1,12,1.0,-100.0,7.6923076923076925,MARGIN CALL ($0)
99,50,0.0,11,0,11,1.0,-100.0,0.0,MARGIN CALL ($0)
99,51,0.0,14,0,14,1.0,-100.0,0.0,MARGIN CALL ($0)
99,52,0.0,14,0,14,1.0,-100.0,0.0,MARGIN CALL ($0)
99,53,0.0,13,0,13,1.0,-100.0,0.0,MARGIN CALL ($0)
99,54,0.0,14,0,14,1.0,-100.0,0.0,MARGIN CALL ($0)
99,55,0.0,14,0,14,1.0,-100.0,0.0,MARGIN CALL ($0)
99,56,0.0,14,0,14,1.0,-100.0,0.0,MARGIN CALL ($0)
99,57,0.0,14,0,14,1.0,-100.0,0.0,MARGIN CALL ($0)
99,58,0.0,14,0,14,1.0,-100.0,0.0,MARGIN CALL ($0)
99,59,0.0,13,0,13,1.0,-100.0,0.0,MARGIN CALL ($0)
99,60,0.0,13,0,13,1.0,-100.0,0.0,MARGIN CALL ($0)
99,61,0.0,13,0,13,1.0,-100.0,0.0,MARGIN CALL ($0)
99,62,0.0,13,0,13,1.0,-100.0,0.0,MARGIN CALL ($0)
99,63,0.0,12,0,12,1.0,-100.0,0.0,MARGIN CALL ($0)
99,64,0.0,12,0,12,1.0,-100.0,0.0,MARGIN CALL ($0)
99,65,0.0,13,0,13,1.0,-100.0,0.0,MARGIN CALL ($0)
99,66,0.0,13,0,13,1.0,-100.0,0.0,MARGIN CALL ($0)
99,67,0.0,13,0,13,1.0,-100.0,0.0,MARGIN CALL ($0)
99,68,0.0,13,0,13,1.0,-100.0,0.0,MARGIN CALL ($0)
99,69,0.0,18,2,16,1.0,-100.0,11.11111111111111,MARGIN CALL ($0)
99,70,0.0,19,2,17,1.0,-100.0,10.526315789473683,MARGIN CALL ($0)
99,71,0.0,19,3,16,1.0,-100.0,15.789473684210526,MARGIN CALL ($0)
99,72,0.0,19,3,16,1.0,-100.0,15.789473684210526,MARGIN CALL ($0)
99,73,0.0,19,3,16,1.0,-100.0,15.789473684210526,MARGIN CALL ($0)
99,74,0.0,19,3,16,1.0,-100.0,15.789473684210526,MARGIN CALL ($0)
99,75,0.0,19,3,16,1.0,-100.0,15.789473684210526,MARGIN CALL ($0)
99,76,0.0,19,3,16,1.0,-100.0,15.789473684210526,MARGIN CALL ($0)
99,77,0.0,19,3,16,1.0,-100.0,15.789473684210526,MARGIN CALL ($0)
99,78,0.0,23,4,19,1.0,-100.0,17.391304347826086,MARGIN CALL ($0)
99,79,0.0,23,4,19,1.0,-100.0,17.391304347826086,MARGIN CALL ($0)
99,80,0.0,21,3,18,1.0,-100.0,14.285714285714285,MARGIN CALL ($0)
99,81,0.0,25,3,22,1.0,-100.0,12.0,MARGIN CALL ($0)
99,82,0.0,26,3,23,1.0,-100.0,11.538461538461538,MARGIN CALL ($0)
99,83,0.0,25,3,22,1.0,-100.0,12.0,MARGIN CALL ($0)
99,84,0.0,19,2,17,1.0,-100.0,10.526315789473683,MARGIN CALL ($0)
99,85,0.0,18,1,17,1.0,-100.0,5.555555555555555,MARGIN CALL ($0)
99,86,0.0,18,1,17,1.0,-100.0,5.555555555555555,MARGIN CALL ($0)
99,87,0.0,16,1,15,1.0,-100.0,6.25,MARGIN CALL ($0)
99,88,0.0,16,1,15,1.0,-100.0,6.25,MARGIN CALL ($0)
99,89,0.0,16,1,15,1.0,-100.0,6.25,MARGIN CALL ($0)
99,90,0.0,16,1,15,1.0,-100.0,6.25,MARGIN CALL ($0)
99,91,0.0,17,1,16,1.0,-100.0,5.88235294117647,MARGIN CALL ($0)
99,92,0.0,15,1,14,1.0,-100.0,6.666666666666667,MARGIN CALL ($0)
99,93,0.0,12,0,12,1.0,-100.0,0.0,MARGIN CALL ($0)
99,94,0.0,12,0,12,1.0,-100.0,0.0,MARGIN CALL ($0)
99,95,0.0,13,0,13,1.0,-100.0,0.0,MARGIN CALL ($0)
99,96,0.0,11,0,11,1.0,-100.0,0.0,MARGIN CALL ($0)
99,97,0.0,11,0,11,1.0,-100.0,0.0,MARGIN CALL ($0)
99,98,0.0,11,0,11,1.0,-100.0,0.0,MARGIN CALL ($0)
99,99,0.0,11,0,11,1.0,-100.0,0.0,MARGIN CALL ($0)
99,100,0.0,12,0,12,1.0,-100.0,0.0,MARGIN CALL ($0)
100,1,0.0,60,11,49,1.0,-100.0,18.333333333333332,MARGIN CALL ($0)
100,2,0.0,57,7,50,1.0,-100.0,12.280701754385964,MARGIN CALL ($0)
100,3,0.0,58,7,51,1.0,-100.0,12.068965517241379,MARGIN CALL ($0)
100,4,0.0,79,13,66,1.0,-100.0,16.455696202531644,MARGIN CALL ($0)
100,5,0.0,139,28,111,1.0,-100.0,20.14388489208633,MARGIN CALL ($0)
100,6,0.0,978,234,744,1.0,-100.0,23.92638036809816,MARGIN CALL ($0)
100,7,0.0,119,21,98,1.0,-100.0,17.647058823529413,MARGIN CALL ($0)
100,8,0.0,15,0,15,1.0,-100.0,0.0,MARGIN CALL ($0)
100,9,0.0,16,1,15,1.0,-100.0,6.25,MARGIN CALL ($0)
100,10,0.0,15,1,14,1.0,-100.0,6.666666666666667,MARGIN CALL ($0)
100,11,0.0,16,1,15,1.0,-100.0,6.25,MARGIN CALL ($0)
100,12,0.0,26,3,23,1.0,-100.0,11.538461538461538,MARGIN CALL ($0)
100,13,0.0,22,4,18,1.0,-100.0,18.181818181818183,MARGIN CALL ($0)
100,14,0.0,26,4,22,1.0,-100.0,15.384615384615385,MARGIN CALL ($0)
100,15,0.0,25,4,21,1.0,-100.0,16.0,MARGIN CALL ($0)
7,2,0.0,57,7,50,1.0,-100.0,12.280701754385964,MARGIN CALL ($0)
100,17,0.0,20,1,19,1.0,-100.0,5.0,MARGIN CALL ($0)
100,18,0.0,19,1,18,1.0,-100.0,5.263157894736842,MARGIN CALL ($0)
100,19,0.0,19,1,18,1.0,-100.0,5.263157894736842,MARGIN CALL ($0)
100,20,0.0,19,1,18,1.0,-100.0,5.263157894736842,MARGIN CALL ($0)
100,21,0.0,14,0,14,1.0,-100.0,0.0,MARGIN CALL ($0)
100,22,0.0,16,0,16,1.0,-100.0,0.0,MARGIN CALL ($0)
100,23,0.0,14,0,14,1.0,-100.0,0.0,MARGIN CALL ($0)
100,24,0.0,14,0,14,1.0,-100.0,0.0,MARGIN CALL ($0)
100,25,0.0,51,6,45,1.0,-100.0,11.76470588235294,MARGIN CALL ($0)
100,26,0.0,47,6,41,1.0,-100.0,12.76595744680851,MARGIN CALL ($0)
100,27,0.0,54,5,49,1.0,-100.0,9.25925925925926,MARGIN CALL ($0)
100,28,0.0,50,5,45,1.0,-100.0,10.0,MARGIN CALL ($0)
100,29,0.0,21,2,19,1.0,-100.0,9.523809523809524,MARGIN CALL ($0)
100,30,0.0,14,0,14,1.0,-100.0,0.0,MARGIN CALL ($0)
100,31,0.0,36,2,34,1.0,-100.0,5.555555555555555,MARGIN CALL ($0)
100,32,0.0,37,2,35,1.0,-100.0,5.405405405405405,MARGIN CALL ($0)
100,33,0.0,37,2,35,1.0,-100.0,5.405405405405405,MARGIN CALL ($0)
100,34,0.0,13,0,13,1.0,-100.0,0.0,MARGIN CALL ($0)
100,35,0.0,13,0,13,1.0,-100.0,0.0,MARGIN CALL ($0)
100,36,0.0,13,0,13,1.0,-100.0,0.0,MARGIN CALL ($0)
100,37,0.0,13,0,13,1.0,-100.0,0.0,MARGIN CALL ($0)
100,38,0.0,13,0,13,1.0,-100.0,0.0,MARGIN CALL ($0)
100,39,0.0,19,2,17,1.0,-100.0,10.526315789473683,MARGIN CALL ($0)
100,40,0.0,20,2,18,1.0,-100.0,10.0,MARGIN CALL ($0)
100,41,0.0,14,0,14,1.0,-100.0,0.0,MARGIN CALL ($0)
100,42,0.0,14,0,14,1.0,-100.0,0.0,MARGIN CALL ($0)
100,43,0.0,11,0,11,1.0,-100.0,0.0,MARGIN CALL ($0)
100,44,0.0,11,0,11,1.0,-100.0,0.0,MARGIN CALL ($0)
100,45,0.0,11,0,11,1.0,-100.0,0.0,MARGIN CALL ($0)
100,46,0.0,12,0,12,1.0,-100.0,0.0,MARGIN CALL ($0)
100,47,0.0,11,0,11,1.0,-100.0,0.0,MARGIN CALL ($0)
100,48,0.0,11,0,11,1.0,-100.0,0.0,MARGIN CALL ($0)
100,49,0.0,13,1,12,1.0,-100.0,7.6923076923076925,MARGIN CALL ($0)
100,50,0.0,11,0,11,1.0,-100.0,0.0,MARGIN CALL ($0)
100,51,0.0,12,0,12,1.0,-100.0,0.0,MARGIN CALL ($0)
100,52,0.0,12,0,12,1.0,-100.0,0.0,MARGIN CALL ($0)
100,53,0.0,11,0,11,1.0,-100.0,0.0,MARGIN CALL ($0)
100,54,0.0,13,0,13,1.0,-100.0,0.0,MARGIN CALL ($0)
100,55,0.0,13,0,13,1.0,-100.0,0.0,MARGIN CALL ($0)
100,56,0.0,13,0,13,1.0,-100.0,0.0,MARGIN CALL ($0)
100,57,0.0,13,0,13,1.0,-100.0,0.0,MARGIN CALL ($0)
100,58,0.0,13,0,13,1.0,-100.0,0.0,MARGIN CALL ($0)
100,59,0.0,12,0,12,1.0,-100.0,0.0,MARGIN CALL ($0)
100,60,0.0,12,0,12,1.0,-100.0,0.0,MARGIN CALL ($0)
100,61,0.0,11,0,11,1.0,-100.0,0.0,MARGIN CALL ($0)
100,62,0.0,11,0,11,1.0,-100.0,0.0,MARGIN CALL ($0)
100,63,0.0,13,1,12,1.0,-100.0,7.6923076923076925,MARGIN CALL ($0)
100,64,0.0,13,1,12,1.0,-100.0,7.6923076923076925,MARGIN CALL ($0)
100,65,0.0,12,0,12,1.0,-100.0,0.0,MARGIN CALL ($0)
100,66,0.0,13,0,13,1.0,-100.0,0.0,MARGIN CALL ($0)
100,67,0.0,13,0,13,1.0,-100.0,0.0,MARGIN CALL ($0)
100,68,0.0,12,0,12,1.0,-100.0,0.0,MARGIN CALL ($0)
1,1,0.0,47,7,40,1.0,-100.0,14.893617021276595,MARGIN CALL ($0)
1,2,0.0,57,7,50,1.0,-100.0,12.280701754385964,MARGIN CALL ($0)
1,3,0.0,58,7,51,1.0,-100.0,12.068965517241379,MARGIN CALL ($0)
1,4,0.0,52,5,47,1.0,-100.0,9.615384615384617,MARGIN CALL ($0)
1,5,0.0,72,10,62,1.0,-100.0,13.88888888888889,MARGIN CALL ($0)
1,6,0.0,175,41,134,1.0,-100.0,23.42857142857143,MARGIN CALL ($0)
1,7,0.0,52,7,45,1.0,-100.0,13.461538461538462,MARGIN CALL ($0)
1,8,0.0,49,8,41,1.0,-100.0,16.3265306122449,MARGIN CALL ($0)
1,9,0.0,46,8,38,1.0,-100.0,17.391304347826086,MARGIN CALL ($0)
1,10,0.0,48,8,40,1.0,-100.0,16.666666666666664,MARGIN CALL ($0)
1,11,0.0,49,8,41,1.0,-100.0,16.3265306122449,MARGIN CALL ($0)
1,12,0.0,103,20,83,1.0,-100.0,19.41747572815534,MARGIN CALL ($0)
1,13,0.0,98,15,83,1.0,-100.0,15.306122448979592,MARGIN CALL ($0)
1,14,0.0,54,10,44,1.0,-100.0,18.51851851851852,MARGIN CALL ($0)
1,15,0.0,55,10,45,1.0,-100.0,18.181818181818183,MARGIN CALL ($0)
1,16,0.0,118,27,91,1.0,-100.0,22.88135593220339,MARGIN CALL ($0)
100,69,0.0,17,2,15,1.0,-100.0,11.76470588235294,MARGIN CALL ($0)
100,70,0.0,17,2,15,1.0,-100.0,11.76470588235294,MARGIN CALL ($0)
100,71,0.0,19,3,16,1.0,-100.0,15.789473684210526,MARGIN CALL ($0)
100,72,0.0,19,3,16,1.0,-100.0,15.789473684210526,MARGIN CALL ($0)
100,73,0.0,19,3,16,1.0,-100.0,15.789473684210526,MARGIN CALL ($0)
100,74,0.0,19,3,16,1.0,-100.0,15.789473684210526,MARGIN CALL ($0)
100,75,0.0,19,3,16,1.0,-100.0,15.789473684210526,MARGIN CALL ($0)
100,76,0.0,19,3,16,1.0,-100.0,15.789473684210526,MARGIN CALL ($0)
100,77,0.0,19,3,16,1.0,-100.0,15.789473684210526,MARGIN CALL ($0)
100,78,0.0,23,4,19,1.0,-100.0,17.391304347826086,MARGIN CALL ($0)
100,79,0.0,23,4,19,1.0,-100.0,17.391304347826086,MARGIN CALL ($0)
100,80,0.0,21,3,18,1.0,-100.0,14.285714285714285,MARGIN CALL ($0)
100,81,0.0,22,3,19,1.0,-100.0,13.636363636363635,MARGIN CALL ($0)
100,82,0.0,24,3,21,1.0,-100.0,12.5,MARGIN CALL ($0)
100,83,0.0,23,3,20,1.0,-100.0,13.043478260869565,MARGIN CALL ($0)
100,84,0.0,16,2,14,1.0,-100.0,12.5,MARGIN CALL ($0)
