MA_Fast,MA_Slow,Final_Balance,Total_Trades,Win_Trades,Loss_Trades,Is_MC,Net_Profit,Win_Rate_%,Status
15,55,5342.655527284769,402,106,296,0.0,5242.655527284769,26.368159203980102,SURVIVED (PROFIT)
29,53,5260.997509431217,260,55,205,0.0,5160.997509431217,21.153846153846153,SURVIVED (PROFIT)
29,52,5244.776326915688,266,59,207,0.0,5144.776326915688,22.18045112781955,SURVIVED (PROFIT)
29,55,5233.924599989879,283,61,222,0.0,5133.924599989879,21.554770318021202,SURVIVED (PROFIT)
29,51,5148.368980387673,263,58,205,0.0,5048.368980387673,22.0532319391635,SURVIVED (PROFIT)
29,50,5143.495799996823,263,58,205,0.0,5043.495799996823,22.0532319391635,SURVIVED (PROFIT)
29,54,5142.338592588676,272,57,215,0.0,5042.338592588676,20.955882352941178,SURVIVED (PROFIT)
32,53,5114.640339605787,247,53,194,0.0,5014.640339605787,21.45748987854251,SURVIVED (PROFIT)
33,53,5064.822943380839,248,49,199,0.0,4964.822943380839,19.758064516129032,SURVIVED (PROFIT)
27,50,5035.110960001321,264,65,199,0.0,4935.110960001321,24.62121212121212,SURVIVED (PROFIT)
27,51,5014.964117651283,268,67,201,0.0,4914.964117651283,25.0,SURVIVED (PROFIT)
29,48,5006.077770829058,265,63,202,0.0,4906.077770829058,23.77358490566038,SURVIVED (PROFIT)
28,50,5004.965719999284,260,60,200,0.0,4904.965719999284,23.076923076923077,SURVIVED (PROFIT)
14,12,4996.705999989249,510,113,397,0.0,4896.705999989249,22.15686274509804,SURVIVED (PROFIT)
15,54,4993.618777795597,396,100,296,0.0,4893.618777795597,25.252525252525253,SURVIVED (PROFIT)
28,51,4967.437568624256,262,60,202,0.0,4867.437568624256,22.900763358778626,SURVIVED (PROFIT)
32,54,4954.26653701982,259,55,204,0.0,4854.26653701982,21.235521235521233,SURVIVED (PROFIT)
18,12,4872.255916665236,586,131,455,0.0,4772.255916665236,22.35494880546075,SURVIVED (PROFIT)
33,54,4832.108129614312,264,52,212,0.0,4732.108129614312,19.696969696969695,SURVIVED (PROFIT)
32,55,4719.033145434035,279,56,223,0.0,4619.033145434035,20.07168458781362,SURVIVED (PROFIT)
26,50,4698.478320002464,257,62,195,0.0,4598.478320002464,24.124513618677042,SURVIVED (PROFIT)
26,51,4682.419843141698,261,64,197,0.0,4582.419843141698,24.521072796934863,SURVIVED (PROFIT)
15,53,4673.15777360427,395,99,296,0.0,4573.15777360427,25.063291139240505,SURVIVED (PROFIT)
15,12,4658.773833321588,539,118,421,0.0,4558.773833321588,21.89239332096475,SURVIVED (PROFIT)
29,46,4643.753217398565,272,64,208,0.0,4543.753217398565,23.52941176470588,SURVIVED (PROFIT)
29,49,4612.605938768007,256,57,199,0.0,4512.605938768007,22.265625,SURVIVED (PROFIT)
31,55,4605.745654523879,284,61,223,0.0,4505.745654523879,21.47887323943662,SURVIVED (PROFIT)
16,12,4582.09283332751,551,122,429,0.0,4482.09283332751,22.141560798548092,SURVIVED (PROFIT)
33,55,4573.666490891895,284,53,231,0.0,4473.666490891895,18.661971830985916,SURVIVED (PROFIT)
31,53,4551.083924515751,264,55,209,0.0,4451.083924515751,20.833333333333336,SURVIVED (PROFIT)
31,52,4525.614942288995,271,59,212,0.0,4425.614942288995,21.771217712177123,SURVIVED (PROFIT)
33,51,4524.5965097925755,256,49,207,0.0,4424.5965097925755,19.140625,SURVIVED (PROFIT)
32,51,4507.480254890866,258,52,206,0.0,4407.480254890866,20.155038759689923,SURVIVED (PROFIT)
31,48,4503.0291249903285,267,58,209,0.0,4403.0291249903285,21.722846441947567,SURVIVED (PROFIT)
27,49,4502.136061224125,253,61,192,0.0,4402.136061224125,24.110671936758894,SURVIVED (PROFIT)
30,48,4495.730291659662,270,61,209,0.0,4395.730291659662,22.59259259259259,SURVIVED (PROFIT)
57,12,4492.786416669516,542,121,421,0.0,4392.786416669516,22.324723247232473,SURVIVED (PROFIT)
17,12,4489.701499995831,574,126,448,0.0,4389.701499995831,21.951219512195124,SURVIVED (PROFIT)
31,51,4487.986823518269,267,58,209,0.0,4387.986823518269,21.722846441947567,SURVIVED (PROFIT)
31,50,4483.435319989474,267,58,209,0.0,4383.435319989474,21.722846441947567,SURVIVED (PROFIT)
28,49,4472.3194285676,250,57,193,0.0,4372.3194285676,22.8,SURVIVED (PROFIT)
56,12,4436.997916662636,549,123,426,0.0,4336.997916662636,22.404371584699454,SURVIVED (PROFIT)
30,53,4405.3305094285615,268,56,212,0.0,4305.3305094285615,20.8955223880597,SURVIVED (PROFIT)
30,55,4386.161981805008,291,62,229,0.0,4286.161981805008,21.305841924398624,SURVIVED (PROFIT)
30,52,4381.59826922018,274,60,214,0.0,4281.59826922018,21.897810218978105,SURVIVED (PROFIT)
31,54,4375.899703689588,275,57,218,0.0,4275.899703689588,20.727272727272727,SURVIVED (PROFIT)
33,50,4371.01101998463,253,47,206,0.0,4271.01101998463,18.57707509881423,SURVIVED (PROFIT)
31,49,4370.677265293958,261,57,204,0.0,4270.677265293958,21.839080459770116,SURVIVED (PROFIT)
46,12,4366.903166668755,540,118,422,0.0,4266.903166668755,21.85185185185185,SURVIVED (PROFIT)
31,46,4363.076739133037,272,60,212,0.0,4263.076739133037,22.058823529411764,SURVIVED (PROFIT)
14,13,4362.3897692228575,474,98,376,0.0,4262.3897692228575,20.675105485232066,SURVIVED (PROFIT)
61,12,4358.331666666047,551,126,425,0.0,4258.331666666047,22.867513611615244,SURVIVED (PROFIT)
32,50,4356.864719988255,258,51,207,0.0,4256.864719988255,19.767441860465116,SURVIVED (PROFIT)
48,12,4354.412750003544,534,115,419,0.0,4254.412750003544,21.53558052434457,SURVIVED (PROFIT)
55,12,4341.003249998038,557,122,435,0.0,4241.003249998038,21.903052064631957,SURVIVED (PROFIT)
13,14,4338.443500019801,452,97,355,0.0,4238.443500019801,21.460176991150444,SURVIVED (PROFIT)
47,12,4330.419166672677,538,115,423,0.0,4230.419166672677,21.37546468401487,SURVIVED (PROFIT)
30,51,4301.887862737954,271,59,212,0.0,4201.887862737954,21.771217712177123,SURVIVED (PROFIT)
30,50,4298.955239993601,271,59,212,0.0,4198.955239993601,21.771217712177123,SURVIVED (PROFIT)
30,54,4270.574037029786,280,58,222,0.0,4170.574037029786,20.714285714285715,SURVIVED (PROFIT)
45,12,4269.84733332503,536,117,419,0.0,4169.84733332503,21.828358208955223,SURVIVED (PROFIT)
44,12,4260.252999995941,542,116,426,0.0,4160.252999995941,21.40221402214022,SURVIVED (PROFIT)
30,49,4249.568367337487,264,58,206,0.0,4149.568367337487,21.96969696969697,SURVIVED (PROFIT)
49,12,4221.534416674485,534,113,421,0.0,4121.534416674485,21.161048689138575,SURVIVED (PROFIT)
54,12,4174.784833320078,546,117,429,0.0,4074.784833320078,21.428571428571427,SURVIVED (PROFIT)
51,12,4111.186583331259,541,114,427,0.0,4011.1865833312586,21.072088724584106,SURVIVED (PROFIT)
50,12,4087.649250000285,536,114,422,0.0,3987.649250000285,21.26865671641791,SURVIVED (PROFIT)
12,12,4084.479000000054,458,98,360,0.0,3984.479000000054,21.397379912663755,SURVIVED (PROFIT)
53,12,4081.502916660973,545,116,429,0.0,3981.502916660973,21.28440366972477,SURVIVED (PROFIT)
17,13,4067.2831538468818,545,114,431,0.0,3967.2831538468818,20.91743119266055,SURVIVED (PROFIT)
52,12,4027.795499992244,548,115,433,0.0,3927.795499992244,20.985401459854014,SURVIVED (PROFIT)
59,12,4026.086249999018,552,119,433,0.0,3926.086249999018,21.557971014492754,SURVIVED (PROFIT)
16,13,3969.307153844421,526,108,418,0.0,3869.307153844421,20.53231939163498,SURVIVED (PROFIT)
26,49,3966.8996938801647,251,56,195,0.0,3866.8996938801647,22.31075697211155,SURVIVED (PROFIT)
43,12,3957.433500004522,542,114,428,0.0,3857.433500004522,21.033210332103323,SURVIVED (PROFIT)
60,12,3918.8329166761223,553,122,431,0.0,3818.8329166761223,22.06148282097649,SURVIVED (PROFIT)
15,56,3918.2871071509485,384,102,282,0.0,3818.2871071509485,26.5625,SURVIVED (PROFIT)
23,12,3917.1879166719573,562,124,438,0.0,3817.1879166719573,22.064056939501782,SURVIVED (PROFIT)
42,12,3901.976416664843,554,119,435,0.0,3801.976416664843,21.48014440433213,SURVIVED (PROFIT)
32,46,3885.7382173926726,266,53,213,0.0,3785.7382173926726,19.924812030075188,SURVIVED (PROFIT)
58,12,3877.114750001686,549,116,433,0.0,3777.114750001686,21.129326047358834,SURVIVED (PROFIT)
12,53,3874.5499245458973,464,113,351,0.0,3774.5499245458973,24.353448275862068,SURVIVED (PROFIT)
27,57,3812.2087543870384,284,65,219,0.0,3712.2087543870384,22.887323943661972,SURVIVED (PROFIT)
26,60,3775.2399833399013,278,61,217,0.0,3675.2399833399013,21.942446043165468,SURVIVED (PROFIT)
62,12,3773.62383332554,553,123,430,0.0,3673.62383332554,22.24231464737794,SURVIVED (PROFIT)
12,52,3760.0189615554555,471,109,362,0.0,3660.0189615554555,23.142250530785564,SURVIVED (PROFIT)
13,12,3750.4137500055813,494,102,392,0.0,3650.4137500055813,20.647773279352226,SURVIVED (PROFIT)
19,12,3709.6063333303214,581,126,455,0.0,3609.6063333303214,21.686746987951807,SURVIVED (PROFIT)
31,58,3708.662258604039,277,60,217,0.0,3608.662258604039,21.660649819494584,SURVIVED (PROFIT)
12,51,3701.7267451131693,461,105,356,0.0,3601.7267451131693,22.7765726681128,SURVIVED (PROFIT)
63,12,3690.5548333260676,550,121,429,0.0,3590.5548333260676,22.0,SURVIVED (PROFIT)
33,52,3679.324615370065,268,51,217,0.0,3579.324615370065,19.029850746268657,SURVIVED (PROFIT)
11,12,3667.3892499913086,523,117,406,0.0,3567.3892499913086,22.37093690248566,SURVIVED (PROFIT)
33,46,3647.9925652173133,260,50,210,0.0,3547.9925652173133,19.230769230769234,SURVIVED (PROFIT)
64,12,3630.6856666559424,551,120,431,0.0,3530.6856666559424,21.77858439201452,SURVIVED (PROFIT)
26,41,3623.517560974182,259,53,206,0.0,3523.517560974182,20.463320463320464,SURVIVED (PROFIT)
12,54,3620.50957408735,458,112,346,0.0,3520.50957408735,24.45414847161572,SURVIVED (PROFIT)
92,12,3600.4268333067607,538,117,421,0.0,3500.4268333067607,21.74721189591078,SURVIVED (PROFIT)
29,56,3598.9446964231847,278,58,220,0.0,3498.9446964231847,20.863309352517987,SURVIVED (PROFIT)
30,46,3592.8053478303536,277,58,219,0.0,3492.8053478303536,20.938628158844764,SURVIVED (PROFIT)
95,12,3590.8469999725953,533,118,415,0.0,3490.8469999725953,22.138836772983115,SURVIVED (PROFIT)
32,52,3589.850615365113,271,54,217,0.0,3489.850615365113,19.92619926199262,SURVIVED (PROFIT)
26,57,3584.022456145562,289,63,226,0.0,3484.022456145562,21.79930795847751,SURVIVED (PROFIT)
27,59,3574.4411355958523,276,61,215,0.0,3474.4411355958523,22.10144927536232,SURVIVED (PROFIT)
93,12,3572.6061666408905,539,118,421,0.0,3472.6061666408905,21.89239332096475,SURVIVED (PROFIT)
66,12,3564.110333319817,544,116,428,0.0,3464.110333319817,21.323529411764707,SURVIVED (PROFIT)
15,45,3563.9988222380703,419,96,323,0.0,3463.9988222380703,22.911694510739856,SURVIVED (PROFIT)
30,58,3546.4151551627715,281,61,220,0.0,3446.4151551627715,21.70818505338078,SURVIVED (PROFIT)
29,57,3533.8595263094185,270,57,213,0.0,3433.8595263094185,21.11111111111111,SURVIVED (PROFIT)
100,12,3529.1822499710033,541,117,424,0.0,3429.1822499710033,21.626617375231053,SURVIVED (PROFIT)
94,12,3519.3356666405525,543,118,425,0.0,3419.3356666405525,21.731123388581953,SURVIVED (PROFIT)
12,50,3519.3131600194033,458,99,359,0.0,3419.3131600194033,21.61572052401747,SURVIVED (PROFIT)
99,12,3491.9929166390893,536,116,420,0.0,3391.9929166390893,21.641791044776117,SURVIVED (PROFIT)
28,57,3488.872263151708,275,57,218,0.0,3388.872263151708,20.727272727272727,SURVIVED (PROFIT)
9,52,3462.273384632636,552,124,428,0.0,3362.273384632636,22.463768115942027,SURVIVED (PROFIT)
27,58,3462.2010689662484,288,65,223,0.0,3362.2010689662484,22.569444444444446,SURVIVED (PROFIT)
31,57,3452.6762631408174,272,58,214,0.0,3352.6762631408174,21.323529411764707,SURVIVED (PROFIT)
27,41,3424.894317066051,261,56,205,0.0,3324.894317066051,21.455938697318008,SURVIVED (PROFIT)
97,12,3412.699249977589,536,115,421,0.0,3312.699249977589,21.455223880597014,SURVIVED (PROFIT)
90,12,3411.207916637037,538,115,423,0.0,3311.207916637037,21.37546468401487,SURVIVED (PROFIT)
15,46,3403.6980217573227,426,97,329,0.0,3303.6980217573227,22.769953051643192,SURVIVED (PROFIT)
91,12,3394.5198333067633,540,115,425,0.0,3294.5198333067633,21.296296296296298,SURVIVED (PROFIT)
98,12,3394.0136666397652,538,115,423,0.0,3294.0136666397652,21.37546468401487,SURVIVED (PROFIT)
9,51,3371.7201960949737,549,122,427,0.0,3271.7201960949737,22.22222222222222,SURVIVED (PROFIT)
89,12,3335.2434166431044,540,114,426,0.0,3235.2434166431044,21.11111111111111,SURVIVED (PROFIT)
26,59,3320.208135598779,283,62,221,0.0,3220.208135598779,21.908127208480565,SURVIVED (PROFIT)
65,12,3302.888666651631,551,117,434,0.0,3202.888666651631,21.234119782214155,SURVIVED (PROFIT)
25,53,3274.202188683191,287,61,226,0.0,3174.202188683191,21.254355400696863,SURVIVED (PROFIT)
12,55,3271.7778909144395,459,112,347,0.0,3171.7778909144395,24.40087145969499,SURVIVED (PROFIT)
30,57,3262.8457368327645,278,59,219,0.0,3162.8457368327645,21.223021582733814,SURVIVED (PROFIT)
13,13,3262.012000000058,450,88,362,0.0,3162.012000000058,19.555555555555557,SURVIVED (PROFIT)
26,58,3261.7111551776043,291,64,227,0.0,3161.7111551776043,21.993127147766323,SURVIVED (PROFIT)
86,12,3261.2984999729883,529,114,415,0.0,3161.2984999729883,21.550094517958414,SURVIVED (PROFIT)
87,12,3241.9199166401017,531,116,415,0.0,3141.9199166401017,21.84557438794727,SURVIVED (PROFIT)
10,55,3200.6184363718544,518,126,392,0.0,3100.6184363718544,24.324324324324326,SURVIVED (PROFIT)
29,58,3190.9219310271633,279,59,220,0.0,3090.9219310271633,21.14695340501792,SURVIVED (PROFIT)
45,15,3174.6513999997846,452,95,357,0.0,3074.6513999997846,21.01769911504425,SURVIVED (PROFIT)
44,15,3162.3476666681477,458,96,362,0.0,3062.3476666681477,20.96069868995633,SURVIVED (PROFIT)
26,40,3147.8736999860575,270,57,213,0.0,3047.8736999860575,21.11111111111111,SURVIVED (PROFIT)
12,13,3137.6666154110912,492,99,393,0.0,3037.6666154110912,20.121951219512198,SURVIVED (PROFIT)
25,54,3134.5935370408038,299,63,236,0.0,3034.5935370408038,21.070234113712374,SURVIVED (PROFIT)
46,15,3120.7772666682063,449,91,358,0.0,3020.7772666682063,20.26726057906459,SURVIVED (PROFIT)
12,49,3105.6441836881568,456,97,359,0.0,3005.6441836881568,21.271929824561404,SURVIVED (PROFIT)
28,58,3100.379293096542,285,58,227,0.0,3000.379293096542,20.350877192982455,SURVIVED (PROFIT)
9,50,3099.3489400085355,542,118,424,0.0,2999.3489400085355,21.771217712177123,SURVIVED (PROFIT)
30,59,3088.6088813509973,273,58,215,0.0,2988.6088813509973,21.245421245421245,SURVIVED (PROFIT)
45,16,3085.9415624964704,433,89,344,0.0,2985.9415624964704,20.554272517321014,SURVIVED (PROFIT)
31,59,3038.405999987887,270,56,214,0.0,2938.405999987887,20.74074074074074,SURVIVED (PROFIT)
44,16,3027.7647500006005,439,89,350,0.0,2927.7647500006005,20.273348519362187,SURVIVED (PROFIT)
32,56,3027.2670535502552,269,54,215,0.0,2927.2670535502552,20.074349442379184,SURVIVED (PROFIT)
26,87,2996.6654482801396,273,66,207,0.0,2896.6654482801396,24.175824175824175,SURVIVED (PROFIT)
32,58,2963.4724482563015,265,54,211,0.0,2863.4724482563015,20.37735849056604,SURVIVED (PROFIT)
32,48,2939.843833320562,268,51,217,0.0,2839.843833320562,19.029850746268657,SURVIVED (PROFIT)
31,87,2932.4185977010425,252,67,185,0.0,2832.4185977010425,26.58730158730159,SURVIVED (PROFIT)
15,44,2915.4803409212464,426,94,332,0.0,2815.4803409212464,22.065727699530516,SURVIVED (PROFIT)
26,39,2869.566820504764,271,58,213,0.0,2769.566820504764,21.40221402214022,SURVIVED (PROFIT)
17,55,2863.018454554074,411,103,308,0.0,2763.018454554074,25.060827250608277,SURVIVED (PROFIT)
25,61,2839.3182622971726,294,65,229,0.0,2739.3182622971726,22.108843537414966,SURVIVED (PROFIT)
18,54,2837.513351851261,396,96,300,0.0,2737.513351851261,24.242424242424242,SURVIVED (PROFIT)
32,49,2832.4097754959803,262,49,213,0.0,2732.4097754959803,18.702290076335878,SURVIVED (PROFIT)
18,53,2814.8986226419133,389,95,294,0.0,2714.8986226419133,24.42159383033419,SURVIVED (PROFIT)
18,55,2793.3800363687706,402,98,304,0.0,2693.3800363687706,24.378109452736318,SURVIVED (PROFIT)
33,48,2784.810874988334,257,45,212,0.0,2684.810874988334,17.509727626459142,SURVIVED (PROFIT)
31,56,2784.1376249829773,280,58,222,0.0,2684.1376249829773,20.714285714285715,SURVIVED (PROFIT)
11,13,2768.385461551564,548,118,430,0.0,2668.385461551564,21.532846715328464,SURVIVED (PROFIT)
9,49,2762.537367353488,541,116,425,0.0,2662.537367353488,21.441774491682068,SURVIVED (PROFIT)
16,55,2755.07216364789,402,106,296,0.0,2655.07216364789,26.368159203980102,SURVIVED (PROFIT)
26,86,2737.6084534895635,270,63,207,0.0,2637.6084534895635,23.333333333333332,SURVIVED (PROFIT)
30,87,2730.565563221378,256,66,190,0.0,2630.565563221378,25.78125,SURVIVED (PROFIT)
33,56,2714.667267839187,277,51,226,0.0,2614.667267839187,18.4115523465704,SURVIVED (PROFIT)
17,54,2687.009351862572,408,100,308,0.0,2587.009351862572,24.509803921568626,SURVIVED (PROFIT)
43,15,2683.179200007407,456,94,362,0.0,2583.179200007407,20.614035087719298,SURVIVED (PROFIT)
42,15,2674.635400003563,462,97,365,0.0,2574.635400003563,20.995670995670995,SURVIVED (PROFIT)
12,48,2673.56391668046,475,104,371,0.0,2573.56391668046,21.894736842105264,SURVIVED (PROFIT)
32,57,2673.3134034882173,260,51,209,0.0,2573.3134034882173,19.615384615384617,SURVIVED (PROFIT)
33,49,2656.5491020270038,252,43,209,0.0,2556.5491020270038,17.063492063492063,SURVIVED (PROFIT)
17,53,2645.4334528416516,405,99,306,0.0,2545.4334528416516,24.444444444444443,SURVIVED (PROFIT)
27,40,2626.9223499847803,275,58,217,0.0,2526.9223499847803,21.09090909090909,SURVIVED (PROFIT)
46,16,2609.790187495608,432,87,345,0.0,2509.790187495608,20.13888888888889,SURVIVED (PROFIT)
32,61,2595.7084426076653,251,51,200,0.0,2495.7084426076653,20.318725099601593,SURVIVED (PROFIT)
31,83,2583.3897710855726,252,69,183,0.0,2483.3897710855726,27.380952380952383,SURVIVED (PROFIT)
12,45,2573.122311125659,462,104,358,0.0,2473.122311125659,22.51082251082251,SURVIVED (PROFIT)
30,56,2567.8016785626332,287,59,228,0.0,2467.8016785626332,20.557491289198605,SURVIVED (PROFIT)
10,51,2555.729980413977,506,111,395,0.0,2455.729980413977,21.936758893280633,SURVIVED (PROFIT)
33,58,2544.1395689511664,278,54,224,0.0,2444.1395689511664,19.424460431654676,SURVIVED (PROFIT)
32,59,2521.799525405922,257,52,205,0.0,2421.799525405922,20.233463035019454,SURVIVED (PROFIT)
33,61,2516.3116557267426,252,49,203,0.0,2416.3116557267426,19.444444444444446,SURVIVED (PROFIT)
31,84,2502.4936904774167,249,66,183,0.0,2402.4936904774167,26.506024096385545,SURVIVED (PROFIT)
42,16,2501.238687498574,442,90,352,0.0,2401.238687498574,20.361990950226243,SURVIVED (PROFIT)
31,82,2466.367243904979,257,67,190,0.0,2366.367243904979,26.07003891050584,SURVIVED (PROFIT)
30,61,2460.436278682573,262,55,207,0.0,2360.436278682573,20.99236641221374,SURVIVED (PROFIT)
31,67,2452.197238803335,264,52,212,0.0,2352.197238803335,19.696969696969695,SURVIVED (PROFIT)
31,85,2444.688105883199,254,66,188,0.0,2344.688105883199,25.984251968503933,SURVIVED (PROFIT)
43,16,2440.7681875057533,437,86,351,0.0,2340.7681875057533,19.679633867276888,SURVIVED (PROFIT)
10,54,2425.1264444629924,519,119,400,0.0,2325.1264444629924,22.928709055876688,SURVIVED (PROFIT)
30,60,2412.2769666626737,274,57,217,0.0,2312.2769666626737,20.802919708029197,SURVIVED (PROFIT)
10,52,2408.265365408053,515,116,399,0.0,2308.265365408053,22.52427184466019,SURVIVED (PROFIT)
16,54,2405.420407421591,401,103,298,0.0,2305.420407421591,25.6857855361596,SURVIVED (PROFIT)
15,43,2376.587372087566,431,94,337,0.0,2276.587372087566,21.809744779582367,SURVIVED (PROFIT)
10,53,2363.812924555787,520,119,401,0.0,2263.812924555787,22.884615384615383,SURVIVED (PROFIT)
31,79,2357.726227850151,248,58,190,0.0,2257.726227850151,23.387096774193548,SURVIVED (PROFIT)
31,61,2336.6007376945836,260,52,208,0.0,2236.6007376945836,20.0,SURVIVED (PROFIT)
27,39,2331.321128195108,275,59,216,0.0,2231.321128195108,21.454545454545453,SURVIVED (PROFIT)
12,47,2329.527808525222,472,101,371,0.0,2229.527808525222,21.398305084745765,SURVIVED (PROFIT)
30,67,2329.2650895532993,263,53,210,0.0,2229.2650895532993,20.15209125475285,SURVIVED (PROFIT)
10,50,2325.227940016036,502,107,395,0.0,2225.227940016036,21.314741035856574,SURVIVED (PROFIT)
31,86,2322.459418603714,253,64,189,0.0,2222.459418603714,25.296442687747035,SURVIVED (PROFIT)
33,47,2312.858744674263,257,44,213,0.0,2212.858744674263,17.120622568093385,SURVIVED (PROFIT)
12,46,2309.6536304547053,474,108,366,0.0,2209.6536304547053,22.78481012658228,SURVIVED (PROFIT)
31,60,2296.8227999894393,271,54,217,0.0,2196.8227999894393,19.92619926199262,SURVIVED (PROFIT)
31,66,2278.1656212041835,266,51,215,0.0,2178.1656212041835,19.172932330827066,SURVIVED (PROFIT)
31,80,2275.010537499896,249,58,191,0.0,2175.010537499896,23.293172690763054,SURVIVED (PROFIT)
33,57,2264.1786315619192,274,50,224,0.0,2164.1786315619192,18.248175182481752,SURVIVED (PROFIT)
16,53,2259.7954717124076,400,102,298,0.0,2159.7954717124076,25.5,SURVIVED (PROFIT)
30,66,2255.901106059657,264,52,212,0.0,2155.901106059657,19.696969696969695,SURVIVED (PROFIT)
30,79,2214.4568734220434,251,57,194,0.0,2114.4568734220434,22.709163346613543,SURVIVED (PROFIT)
31,78,2212.5681923082284,241,55,186,0.0,2112.5681923082284,22.821576763485478,SURVIVED (PROFIT)
16,42,2171.0617619019877,408,93,315,0.0,2071.0617619019877,22.794117647058822,SURVIVED (PROFIT)
25,57,2151.799368428015,304,66,238,0.0,2051.799368428015,21.710526315789476,SURVIVED (PROFIT)
30,83,2147.6740722934073,258,66,192,0.0,2047.6740722934073,25.581395348837212,SURVIVED (PROFIT)
30,80,2143.4445250020826,252,57,195,0.0,2043.4445250020826,22.61904761904762,SURVIVED (PROFIT)
16,56,2127.268053581451,389,105,284,0.0,2027.268053581451,26.99228791773779,SURVIVED (PROFIT)
31,72,2093.907763891559,233,46,187,0.0,1993.9077638915592,19.742489270386265,SURVIVED (PROFIT)
26,33,2076.843757596583,267,47,220,0.0,1976.8437575965831,17.60299625468165,SURVIVED (PROFIT)
30,78,2059.3240512849297,244,54,190,0.0,1959.3240512849297,22.131147540983605,SURVIVED (PROFIT)
30,82,2027.2994512243927,263,64,199,0.0,1927.2994512243927,24.334600760456272,SURVIVED (PROFIT)
31,76,2008.9853947362813,245,50,195,0.0,1908.9853947362813,20.408163265306122,SURVIVED (PROFIT)
30,72,2007.6023750059817,236,46,190,0.0,1907.6023750059817,19.491525423728813,SURVIVED (PROFIT)
31,65,2002.2917846057721,272,50,222,0.0,1902.2917846057721,18.38235294117647,SURVIVED (PROFIT)
25,56,1996.985089293098,309,66,243,0.0,1896.985089293098,21.35922330097087,SURVIVED (PROFIT)
17,46,1965.4492608771834,410,97,313,0.0,1865.4492608771834,23.65853658536585,SURVIVED (PROFIT)
30,65,1956.550092304608,271,51,220,0.0,1856.550092304608,18.81918819188192,SURVIVED (PROFIT)
31,81,1949.6904938229409,253,59,194,0.0,1849.6904938229409,23.3201581027668,SURVIVED (PROFIT)
26,32,1945.3912812771346,259,46,213,0.0,1845.3912812771346,17.760617760617762,SURVIVED (PROFIT)
30,84,1944.8808690518372,253,63,190,0.0,1844.8808690518372,24.90118577075099,SURVIVED (PROFIT)
32,60,1929.5761666506332,256,50,206,0.0,1829.5761666506332,19.53125,SURVIVED (PROFIT)
22,57,1896.5580000117857,321,67,254,0.0,1796.5580000117857,20.87227414330218,SURVIVED (PROFIT)
33,59,1889.186593206795,267,50,217,0.0,1789.186593206795,18.726591760299627,SURVIVED (PROFIT)
30,85,1888.8094352978455,258,63,195,0.0,1788.8094352978455,24.418604651162788,SURVIVED (PROFIT)
30,76,1861.6238289496423,246,49,197,0.0,1761.6238289496423,19.91869918699187,SURVIVED (PROFIT)
30,86,1857.535651164887,257,62,195,0.0,1757.535651164887,24.124513618677042,SURVIVED (PROFIT)
32,67,1855.4395820833347,266,46,220,0.0,1755.4395820833347,17.293233082706767,SURVIVED (PROFIT)
33,60,1828.641816655149,259,48,211,0.0,1728.641816655149,18.53281853281853,SURVIVED (PROFIT)
22,60,1827.8301666775747,315,62,253,0.0,1727.8301666775747,19.682539682539684,SURVIVED (PROFIT)
30,81,1821.641592590539,256,58,198,0.0,1721.641592590539,22.65625,SURVIVED (PROFIT)
23,57,1818.3362982582921,313,68,245,0.0,1718.3362982582921,21.72523961661342,SURVIVED (PROFIT)
28,59,1814.4042542312309,273,52,221,0.0,1714.4042542312309,19.047619047619047,SURVIVED (PROFIT)
22,59,1813.7198305189,308,63,245,0.0,1713.7198305189,20.454545454545457,SURVIVED (PROFIT)
25,60,1810.3407833396104,294,60,234,0.0,1710.3407833396104,20.408163265306122,SURVIVED (PROFIT)
24,57,1806.7435263274028,309,65,244,0.0,1706.7435263274028,21.035598705501616,SURVIVED (PROFIT)
22,58,1803.6468448350288,315,65,250,0.0,1703.6468448350288,20.634920634920633,SURVIVED (PROFIT)
18,46,1801.4324347791835,398,90,308,0.0,1701.4324347791835,22.613065326633166,SURVIVED (PROFIT)
31,70,1797.086400000478,248,46,202,0.0,1697.086400000478,18.548387096774192,SURVIVED (PROFIT)
15,42,1795.4847142782814,422,90,332,0.0,1695.4847142782814,21.32701421800948,SURVIVED (PROFIT)
31,73,1790.0808767119847,233,46,187,0.0,1690.0808767119847,19.742489270386265,SURVIVED (PROFIT)
31,71,1783.960647888487,241,45,196,0.0,1683.960647888487,18.672199170124482,SURVIVED (PROFIT)
23,60,1760.3554833435187,303,63,240,0.0,1660.3554833435187,20.792079207920793,SURVIVED (PROFIT)
29,59,1750.147932197197,268,53,215,0.0,1650.147932197197,19.776119402985074,SURVIVED (PROFIT)
31,74,1734.9239999987867,246,46,200,0.0,1634.9239999987867,18.69918699186992,SURVIVED (PROFIT)
10,49,1733.174795931995,501,103,398,0.0,1633.174795931995,20.55888223552894,SURVIVED (PROFIT)
17,56,1731.3401964356958,398,100,298,0.0,1631.3401964356958,25.125628140703515,SURVIVED (PROFIT)
25,59,1725.280372887516,296,63,233,0.0,1625.280372887516,21.283783783783782,SURVIVED (PROFIT)
23,59,1722.282033907401,299,64,235,0.0,1622.282033907401,21.40468227424749,SURVIVED (PROFIT)
11,45,1715.9220666788246,498,115,383,0.0,1615.9220666788246,23.09236947791165,SURVIVED (PROFIT)
31,75,1713.0288399969763,239,44,195,0.0,1613.0288399969763,18.410041841004183,SURVIVED (PROFIT)
32,65,1712.578199987448,267,45,222,0.0,1612.578199987448,16.853932584269664,SURVIVED (PROFIT)
16,45,1712.439111123619,405,96,309,0.0,1612.439111123619,23.703703703703706,SURVIVED (PROFIT)
23,58,1711.9796724226194,307,66,241,0.0,1611.9796724226194,21.49837133550489,SURVIVED (PROFIT)
30,73,1707.7100547972373,236,46,190,0.0,1607.7100547972373,19.491525423728813,SURVIVED (PROFIT)
30,71,1706.9717042296716,243,46,197,0.0,1606.9717042296716,18.930041152263374,SURVIVED (PROFIT)
18,56,1706.241625003941,390,95,295,0.0,1606.241625003941,24.358974358974358,SURVIVED (PROFIT)
33,67,1697.6012985045818,272,44,228,0.0,1597.6012985045818,16.176470588235293,SURVIVED (PROFIT)
32,66,1693.1307727164244,267,45,222,0.0,1593.1307727164244,16.853932584269664,SURVIVED (PROFIT)
25,58,1686.606982763583,304,65,239,0.0,1586.606982763583,21.38157894736842,SURVIVED (PROFIT)
11,51,1683.3370784502072,489,110,379,0.0,1583.3370784502072,22.494887525562373,SURVIVED (PROFIT)
31,77,1680.2472207788555,246,53,193,0.0,1580.2472207788555,21.544715447154474,SURVIVED (PROFIT)
10,56,1666.3309285765254,504,121,383,0.0,1566.3309285765254,24.00793650793651,SURVIVED (PROFIT)
30,74,1658.6000540556201,248,46,202,0.0,1558.6000540556201,18.548387096774192,SURVIVED (PROFIT)
12,56,1635.7550892876775,442,106,336,0.0,1535.7550892876775,23.981900452488688,SURVIVED (PROFIT)
61,55,1623.9407818193863,190,24,166,0.0,1523.9407818193863,12.631578947368421,SURVIVED (PROFIT)
30,70,1618.6473285752945,249,46,203,0.0,1518.6473285752945,18.473895582329316,SURVIVED (PROFIT)
11,52,1608.7561730974344,499,115,384,0.0,1508.7561730974344,23.04609218436874,SURVIVED (PROFIT)
33,65,1598.8361230677551,273,45,228,0.0,1498.8361230677551,16.483516483516482,SURVIVED (PROFIT)
11,50,1593.3581600201783,488,105,383,0.0,1493.3581600201783,21.51639344262295,SURVIVED (PROFIT)
33,87,1591.07613793289,244,49,195,0.0,1491.07613793289,20.081967213114755,SURVIVED (PROFIT)
11,54,1582.994962982551,495,118,377,0.0,1482.994962982551,23.83838383838384,SURVIVED (PROFIT)
27,32,1564.4550937654672,253,42,211,0.0,1464.4550937654672,16.600790513833992,SURVIVED (PROFIT)
30,75,1557.0335999998265,240,43,197,0.0,1457.0335999998265,17.916666666666668,SURVIVED (PROFIT)
24,60,1550.9517000110732,303,61,242,0.0,1450.9517000110732,20.13201320132013,SURVIVED (PROFIT)
33,66,1541.0121515075302,273,43,230,0.0,1441.0121515075302,15.75091575091575,SURVIVED (PROFIT)
30,77,1534.0449220803794,250,52,198,0.0,1434.0449220803794,20.8,SURVIVED (PROFIT)
27,33,1519.3737272830772,263,43,220,0.0,1419.3737272830772,16.34980988593156,SURVIVED (PROFIT)
25,98,1517.0480918320472,275,65,210,0.0,1417.0480918320472,23.636363636363637,SURVIVED (PROFIT)
11,53,1514.089132101231,500,118,382,0.0,1414.089132101231,23.599999999999998,SURVIVED (PROFIT)
31,68,1501.7309264650844,266,51,215,0.0,1401.7309264650844,19.172932330827066,SURVIVED (PROFIT)
31,69,1478.3386521688235,266,51,215,0.0,1378.3386521688235,19.172932330827066,SURVIVED (PROFIT)
53,52,1477.8474615355426,140,14,126,0.0,1377.8474615355426,10.0,SURVIVED (PROFIT)
33,83,1474.9790000037615,240,48,192,0.0,1374.9790000037615,20.0,SURVIVED (PROFIT)
25,97,1457.7635876252216,279,64,215,0.0,1357.7635876252216,22.939068100358423,SURVIVED (PROFIT)
12,57,1436.3910526327522,452,106,346,0.0,1336.3910526327522,23.451327433628318,SURVIVED (PROFIT)
33,82,1434.095926832812,243,48,195,0.0,1334.095926832812,19.753086419753085,SURVIVED (PROFIT)
21,57,1432.9963508834203,323,65,258,0.0,1332.9963508834203,20.123839009287924,SURVIVED (PROFIT)
30,68,1407.2423235274969,264,52,212,0.0,1307.2423235274969,19.696969696969695,SURVIVED (PROFIT)
54,52,1397.6189615342319,143,14,129,0.0,1297.6189615342319,9.79020979020979,SURVIVED (PROFIT)
53,55,1391.2262727239904,152,17,135,0.0,1291.2262727239904,11.18421052631579,SURVIVED (PROFIT)
27,31,1377.5175806537954,244,42,202,0.0,1277.5175806537954,17.21311475409836,SURVIVED (PROFIT)
84,45,1363.1651777668476,212,38,174,0.0,1263.1651777668476,17.92452830188679,SURVIVED (PROFIT)
32,87,1354.523655173111,243,52,191,0.0,1254.523655173111,21.39917695473251,SURVIVED (PROFIT)
16,44,1348.0571136455824,414,97,317,0.0,1248.0571136455824,23.42995169082126,SURVIVED (PROFIT)
30,69,1345.8616956512483,263,51,212,0.0,1245.8616956512483,19.39163498098859,SURVIVED (PROFIT)
55,52,1340.5382884561645,154,14,140,0.0,1240.5382884561645,9.090909090909092,SURVIVED (PROFIT)
87,50,1334.19439998587,194,33,161,0.0,1234.19439998587,17.010309278350515,SURVIVED (PROFIT)
53,73,1333.0791095978338,175,27,148,0.0,1233.0791095978338,15.428571428571427,SURVIVED (PROFIT)
87,45,1332.8044444343554,206,38,168,0.0,1232.8044444343554,18.446601941747574,SURVIVED (PROFIT)
86,45,1330.8254444328359,211,38,173,0.0,1230.8254444328359,18.009478672985782,SURVIVED (PROFIT)
85,45,1330.2518666536225,211,38,173,0.0,1230.2518666536225,18.009478672985782,SURVIVED (PROFIT)
25,99,1323.025696964411,278,65,213,0.0,1223.025696964411,23.381294964028775,SURVIVED (PROFIT)
24,58,1302.756827596269,310,64,246,0.0,1202.756827596269,20.64516129032258,SURVIVED (PROFIT)
24,59,1300.2805254336977,304,62,242,0.0,1200.2805254336977,20.394736842105264,SURVIVED (PROFIT)
54,55,1298.6963454525812,146,16,130,0.0,1198.6963454525812,10.95890410958904,SURVIVED (PROFIT)
84,44,1292.1884545329772,226,40,186,0.0,1192.1884545329772,17.699115044247787,SURVIVED (PROFIT)
87,44,1290.2296136235518,221,40,181,0.0,1190.2296136235518,18.099547511312217,SURVIVED (PROFIT)
56,52,1282.9068653805484,160,16,144,0.0,1182.9068653805484,10.0,SURVIVED (PROFIT)
53,78,1277.797025648606,188,30,158,0.0,1177.797025648606,15.957446808510639,SURVIVED (PROFIT)
33,84,1262.093571432088,238,45,193,0.0,1162.093571432088,18.907563025210084,SURVIVED (PROFIT)
86,44,1259.527977259128,225,40,185,0.0,1159.527977259128,17.77777777777778,SURVIVED (PROFIT)
85,44,1259.3547954397113,225,40,185,0.0,1159.3547954397113,17.77777777777778,SURVIVED (PROFIT)
84,50,1247.8391399864772,196,32,164,0.0,1147.8391399864772,16.3265306122449,SURVIVED (PROFIT)
32,83,1246.3856987975823,245,53,192,0.0,1146.3856987975823,21.63265306122449,SURVIVED (PROFIT)
85,50,1240.4414199846601,194,32,162,0.0,1140.4414199846601,16.49484536082474,SURVIVED (PROFIT)
17,58,1240.239810351462,385,84,301,0.0,1140.239810351462,21.818181818181817,SURVIVED (PROFIT)
33,79,1239.5108607626548,241,43,198,0.0,1139.5108607626548,17.842323651452283,SURVIVED (PROFIT)
53,74,1238.1686891971885,182,26,156,0.0,1138.1686891971885,14.285714285714285,SURVIVED (PROFIT)
53,75,1236.5260000066191,180,26,154,0.0,1136.5260000066191,14.444444444444443,SURVIVED (PROFIT)
33,80,1234.4668500014982,239,43,196,0.0,1134.4668500014982,17.99163179916318,SURVIVED (PROFIT)
86,50,1222.0021799815527,200,32,168,0.0,1122.0021799815527,16.0,SURVIVED (PROFIT)
33,86,1221.4824302335646,245,47,198,0.0,1121.4824302335646,19.183673469387756,SURVIVED (PROFIT)
33,72,1216.734513888674,239,39,200,0.0,1116.734513888674,16.317991631799163,SURVIVED (PROFIT)
11,55,1205.4065636517785,495,118,377,0.0,1105.4065636517785,23.83838383838384,SURVIVED (PROFIT)
17,17,1199.1800000000367,337,69,268,0.0,1099.1800000000367,20.474777448071215,SURVIVED (PROFIT)
33,85,1199.109588238351,243,45,198,0.0,1099.109588238351,18.51851851851852,SURVIVED (PROFIT)
12,67,1176.8662089483128,438,98,340,0.0,1076.8662089483128,22.37442922374429,SURVIVED (PROFIT)
17,57,1172.1112631654255,388,89,299,0.0,1072.1112631654255,22.938144329896907,SURVIVED (PROFIT)
53,79,1149.2790759577883,197,30,167,0.0,1049.2790759577883,15.228426395939088,SURVIVED (PROFIT)
53,77,1147.7792467569857,190,29,161,0.0,1047.7792467569857,15.263157894736842,SURVIVED (PROFIT)
32,82,1143.1158536606408,249,51,198,0.0,1043.1158536606408,20.481927710843372,SURVIVED (PROFIT)
53,76,1132.860526320555,183,28,155,0.0,1032.860526320555,15.300546448087433,SURVIVED (PROFIT)
53,72,1130.423902785572,173,26,147,0.0,1030.423902785572,15.028901734104046,SURVIVED (PROFIT)
32,72,1121.6560555546075,235,37,198,0.0,1021.6560555546075,15.74468085106383,SURVIVED (PROFIT)
33,78,1121.4084487165273,240,42,198,0.0,1021.4084487165273,17.5,SURVIVED (PROFIT)
54,73,1121.3972054885844,180,26,154,0.0,1021.3972054885844,14.444444444444443,SURVIVED (PROFIT)
11,49,1112.6392245048482,485,102,383,0.0,1012.6392245048482,21.030927835051546,SURVIVED (PROFIT)
87,33,1112.4312121046228,239,47,192,0.0,1012.4312121046228,19.665271966527197,SURVIVED (PROFIT)
21,58,1100.5071206943476,318,62,256,0.0,1000.5071206943476,19.49685534591195,SURVIVED (PROFIT)
25,100,1098.007059994247,280,65,215,0.0,998.0070599942469,23.214285714285715,SURVIVED (PROFIT)
12,58,1097.513844825613,455,104,351,0.0,997.513844825613,22.857142857142858,SURVIVED (PROFIT)
32,79,1091.169177216796,242,44,198,0.0,991.169177216796,18.181818181818183,SURVIVED (PROFIT)
11,67,1079.618313432486,462,103,359,0.0,979.618313432486,22.294372294372295,SURVIVED (PROFIT)
33,76,1055.35807894471,240,39,201,0.0,955.3580789447101,16.25,SURVIVED (PROFIT)
17,59,1052.3958305173273,391,85,306,0.0,952.3958305173273,21.73913043478261,SURVIVED (PROFIT)
11,66,1047.61325757225,472,102,370,0.0,947.61325757225,21.610169491525426,SURVIVED (PROFIT)
27,30,1046.6167666705906,243,40,203,0.0,946.6167666705906,16.46090534979424,SURVIVED (PROFIT)
32,84,1040.0952380973931,242,50,192,0.0,940.0952380973931,20.66115702479339,SURVIVED (PROFIT)
84,33,1027.1317878679552,243,46,197,0.0,927.1317878679552,18.930041152263374,SURVIVED (PROFIT)
54,74,1024.6566081169767,187,25,162,0.0,924.6566081169767,13.368983957219251,SURVIVED (PROFIT)
54,75,1021.0260133404163,185,25,160,0.0,921.0260133404163,13.513513513513514,SURVIVED (PROFIT)
58,55,1019.0735272748198,163,18,145,0.0,919.0735272748198,11.042944785276074,SURVIVED (PROFIT)
53,53,1014.0260000000121,129,11,118,0.0,914.0260000000121,8.527131782945736,SURVIVED (PROFIT)
53,100,1009.7306399983413,218,43,175,0.0,909.7306399983413,19.724770642201836,SURVIVED (PROFIT)
32,80,1007.1647874993096,243,44,199,0.0,907.1647874993096,18.106995884773664,SURVIVED (PROFIT)
56,55,1006.5740000009455,145,15,130,0.0,906.5740000009455,10.344827586206897,SURVIVED (PROFIT)
55,55,984.7210000000132,143,14,129,0.0,884.7210000000132,9.79020979020979,SURVIVED (PROFIT)
85,33,984.1003333186522,245,47,198,0.0,884.1003333186522,19.183673469387756,SURVIVED (PROFIT)
32,85,980.9395411782843,247,50,197,0.0,880.9395411782843,20.242914979757085,SURVIVED (PROFIT)
32,86,976.6678139532637,244,50,194,0.0,876.6678139532637,20.491803278688526,SURVIVED (PROFIT)
32,78,968.6481794844617,241,43,198,0.0,868.6481794844617,17.842323651452283,SURVIVED (PROFIT)
53,82,908.811097565273,209,35,174,0.0,808.811097565273,16.74641148325359,SURVIVED (PROFIT)
61,56,899.4450178591005,183,25,158,0.0,799.4450178591005,13.661202185792352,SURVIVED (PROFIT)
86,33,897.5237575596761,247,47,200,0.0,797.5237575596761,19.02834008097166,SURVIVED (PROFIT)
54,76,893.2281578999623,188,27,161,0.0,793.2281578999623,14.361702127659576,SURVIVED (PROFIT)
12,60,893.1504166643813,454,105,349,0.0,793.1504166643813,23.127753303964756,SURVIVED (PROFIT)
25,87,890.914471266778,272,61,211,0.0,790.914471266778,22.426470588235293,SURVIVED (PROFIT)
33,81,890.1520617258939,240,41,199,0.0,790.1520617258939,17.083333333333332,SURVIVED (PROFIT)
12,59,886.1282203364481,444,100,344,0.0,786.1282203364481,22.52252252252252,SURVIVED (PROFIT)
33,74,875.4810405350622,251,40,211,0.0,775.4810405350622,15.936254980079681,SURVIVED (PROFIT)
33,73,874.330520543037,242,40,202,0.0,774.330520543037,16.528925619834713,SURVIVED (PROFIT)
59,55,873.347345454712,170,18,152,0.0,773.347345454712,10.588235294117647,SURVIVED (PROFIT)
57,55,872.6769454573214,154,16,138,0.0,772.6769454573214,10.38961038961039,SURVIVED (PROFIT)
16,46,872.4748261016593,417,99,318,0.0,772.4748261016593,23.741007194244602,SURVIVED (PROFIT)
33,71,831.846112676687,252,38,214,0.0,731.846112676687,15.079365079365079,SURVIVED (PROFIT)
53,98,803.4999999957035,220,40,180,0.0,703.4999999957035,18.181818181818183,SURVIVED (PROFIT)
54,78,803.4539743663981,192,28,164,0.0,703.4539743663981,14.583333333333334,SURVIVED (PROFIT)
32,76,796.7778815740412,245,39,206,0.0,696.7778815740412,15.918367346938775,SURVIVED (PROFIT)
32,71,782.4365211246118,246,36,210,0.0,682.4365211246118,14.634146341463413,SURVIVED (PROFIT)
32,73,781.600479445995,238,38,200,0.0,681.600479445995,15.966386554621847,SURVIVED (PROFIT)
33,70,775.1845571426293,257,38,219,0.0,675.1845571426293,14.785992217898833,SURVIVED (PROFIT)
84,48,773.1753749882059,196,28,168,0.0,673.1753749882059,14.285714285714285,SURVIVED (PROFIT)
32,74,771.2043783715571,250,38,212,0.0,671.2043783715571,15.2,SURVIVED (PROFIT)
52,73,768.4670548074146,176,28,148,0.0,668.4670548074146,15.909090909090908,SURVIVED (PROFIT)
33,75,765.3290399947923,241,37,204,0.0,665.3290399947923,15.352697095435685,SURVIVED (PROFIT)
87,48,761.2474583223157,187,28,159,0.0,661.2474583223157,14.973262032085561,SURVIVED (PROFIT)
32,68,750.58510293157,269,44,225,0.0,650.58510293157,16.356877323420075,SURVIVED (PROFIT)
60,55,744.5975636391645,179,18,161,0.0,644.5975636391645,10.05586592178771,SURVIVED (PROFIT)
86,48,743.9288333206391,195,28,167,0.0,643.9288333206391,14.358974358974358,SURVIVED (PROFIT)
85,48,743.7784166527013,195,28,167,0.0,643.7784166527013,14.358974358974358,SURVIVED (PROFIT)
16,43,729.4159767436581,412,94,318,0.0,629.4159767436581,22.815533980582526,SURVIVED (PROFIT)
32,70,726.494885711284,251,36,215,0.0,626.494885711284,14.342629482071715,SURVIVED (PROFIT)
53,97,724.1973711351561,228,40,188,0.0,624.1973711351561,17.543859649122805,SURVIVED (PROFIT)
32,69,716.4529710059019,267,43,224,0.0,616.4529710059019,16.10486891385768,SURVIVED (PROFIT)
21,59,711.5254576358839,317,60,257,0.0,611.5254576358839,18.92744479495268,SURVIVED (PROFIT)
21,60,702.926083337989,321,60,261,0.0,602.926083337989,18.69158878504673,SURVIVED (PROFIT)
32,81,700.0690370323186,245,44,201,0.0,600.0690370323186,17.959183673469386,SURVIVED (PROFIT)
11,48,688.8222083473238,503,110,393,0.0,588.8222083473238,21.868787276341948,SURVIVED (PROFIT)
33,68,687.0236764643491,272,42,230,0.0,587.0236764643491,15.441176470588236,SURVIVED (PROFIT)
87,53,679.3227358363138,183,30,153,0.0,579.3227358363138,16.39344262295082,SURVIVED (PROFIT)
54,79,672.9710759575873,201,28,173,0.0,572.9710759575873,13.930348258706468,SURVIVED (PROFIT)
25,86,672.032000008543,280,62,218,0.0,572.032000008543,22.142857142857142,SURVIVED (PROFIT)
54,77,668.9735714322874,195,27,168,0.0,568.9735714322874,13.846153846153847,SURVIVED (PROFIT)
87,49,655.2165510080263,183,26,157,0.0,555.2165510080263,14.207650273224044,SURVIVED (PROFIT)
84,49,640.3571224354059,194,26,168,0.0,540.3571224354059,13.402061855670103,SURVIVED (PROFIT)
32,75,638.214279991983,243,35,208,0.0,538.214279991983,14.40329218106996,SURVIVED (PROFIT)
12,66,630.4738484763593,445,96,349,0.0,530.4738484763593,21.573033707865168,SURVIVED (PROFIT)
55,73,624.9531369922629,190,25,165,0.0,524.9531369922629,13.157894736842104,SURVIVED (PROFIT)
33,69,624.1137970956547,272,41,231,0.0,524.1137970956547,15.073529411764705,SURVIVED (PROFIT)
85,49,617.8332652902759,193,26,167,0.0,517.8332652902759,13.471502590673575,SURVIVED (PROFIT)
86,49,617.2762448832996,193,26,167,0.0,517.2762448832996,13.471502590673575,SURVIVED (PROFIT)
56,73,577.0610410979507,189,24,165,0.0,477.0610410979507,12.698412698412698,SURVIVED (PROFIT)
87,54,572.2761481373313,176,29,147,0.0,472.27614813733135,16.477272727272727,SURVIVED (PROFIT)
53,99,567.0235757534597,215,38,177,0.0,467.0235757534597,17.674418604651162,SURVIVED (PROFIT)
55,74,551.2110405470025,196,24,172,0.0,451.21104054700254,12.244897959183673,SURVIVED (PROFIT)
55,75,534.3217866725354,195,24,171,0.0,434.3217866725354,12.307692307692308,SURVIVED (PROFIT)
53,93,531.0260537624154,224,39,185,0.0,431.02605376241536,17.410714285714285,SURVIVED (PROFIT)
56,74,501.9975675701462,195,23,172,0.0,401.9975675701462,11.794871794871794,SURVIVED (PROFIT)
56,75,475.3769066689242,195,23,172,0.0,375.3769066689242,11.794871794871794,SURVIVED (PROFIT)
55,76,466.0992763208642,195,26,169,0.0,366.0992763208642,13.333333333333334,SURVIVED (PROFIT)
84,53,459.3246981011307,178,27,151,0.0,359.3246981011307,15.168539325842698,SURVIVED (PROFIT)
85,53,450.39522640238647,175,27,148,0.0,350.39522640238647,15.428571428571427,SURVIVED (PROFIT)
86,53,434.3649245123297,180,27,153,0.0,334.3649245123297,15.0,SURVIVED (PROFIT)
84,42,428.47521427590254,228,36,192,0.0,328.47521427590254,15.789473684210526,SURVIVED (PROFIT)
56,76,427.2484342113621,194,25,169,0.0,327.2484342113621,12.886597938144329,SURVIVED (PROFIT)
55,79,392.6126835516916,210,28,182,0.0,292.6126835516916,13.333333333333334,SURVIVED (PROFIT)
86,42,369.674261892701,227,36,191,0.0,269.674261892701,15.859030837004406,SURVIVED (PROFIT)
55,78,367.22616667354623,201,27,174,0.0,267.22616667354623,13.432835820895523,SURVIVED (PROFIT)
85,42,362.8472618917822,228,36,192,0.0,262.8472618917822,15.789473684210526,SURVIVED (PROFIT)
56,79,351.92130380047274,209,27,182,0.0,251.92130380047274,12.918660287081341,SURVIVED (PROFIT)
58,56,338.1432321442121,156,19,137,0.0,238.1432321442121,12.179487179487179,SURVIVED (PROFIT)
56,78,326.892358976811,200,26,174,0.0,226.892358976811,13.0,SURVIVED (PROFIT)
87,55,293.4243272609797,203,31,172,0.0,193.42432726097968,15.270935960591133,SURVIVED (PROFIT)
58,73,267.793246579502,179,18,161,0.0,167.793246579502,10.05586592178771,SURVIVED (PROFIT)
55,77,238.39163636729154,202,26,176,0.0,138.39163636729154,12.871287128712872,SURVIVED (PROFIT)
58,74,200.5907027072899,185,17,168,0.0,100.59070270728989,9.18918918918919,SURVIVED (PROFIT)
56,77,198.58584415514815,201,25,176,0.0,98.58584415514815,12.437810945273633,SURVIVED (PROFIT)
58,75,181.20416000404157,185,17,168,0.0,81.20416000404157,9.18918918918919,SURVIVED (PROFIT)
59,56,170.55899999924395,164,19,145,0.0,70.55899999924395,11.585365853658537,SURVIVED (PROFIT)
57,73,163.79419178392072,186,20,166,0.0,63.79419178392072,10.75268817204301,SURVIVED (PROFIT)
87,42,90.53266665632782,222,35,187,0.0,-9.46733334367218,15.765765765765765,SURVIVED (PROFIT)
57,74,80.1108918955033,193,19,174,0.0,-19.8891081044967,9.844559585492227,SURVIVED (PROFIT)
57,75,56.57302666988244,193,19,174,0.0,-43.42697333011756,9.844559585492227,SURVIVED (PROFIT)
2,23,0.0,6,0,6,1.0,-100.0,0.0,MARGIN CALL ($0)
2,24,0.0,6,0,6,1.0,-100.0,0.0,MARGIN CALL ($0)
2,25,0.0,6,0,6,1.0,-100.0,0.0,MARGIN CALL ($0)
2,26,0.0,9,0,9,1.0,-100.0,0.0,MARGIN CALL ($0)
2,27,0.0,9,0,9,1.0,-100.0,0.0,MARGIN CALL ($0)
2,28,0.0,9,0,9,1.0,-100.0,0.0,MARGIN CALL ($0)
2,29,0.0,9,0,9,1.0,-100.0,0.0,MARGIN CALL ($0)
2,30,0.0,9,0,9,1.0,-100.0,0.0,MARGIN CALL ($0)
2,31,0.0,9,0,9,1.0,-100.0,0.0,MARGIN CALL ($0)
2,32,0.0,22,3,19,1.0,-100.0,13.636363636363635,MARGIN CALL ($0)
2,33,0.0,25,5,20,1.0,-100.0,20.0,MARGIN CALL ($0)
2,34,0.0,25,5,20,1.0,-100.0,20.0,MARGIN CALL ($0)
2,35,0.0,25,5,20,1.0,-100.0,20.0,MARGIN CALL ($0)
2,36,0.0,25,5,20,1.0,-100.0,20.0,MARGIN CALL ($0)
2,37,0.0,27,5,22,1.0,-100.0,18.51851851851852,MARGIN CALL ($0)
2,38,0.0,27,5,22,1.0,-100.0,18.51851851851852,MARGIN CALL ($0)
2,39,0.0,26,4,22,1.0,-100.0,15.384615384615385,MARGIN CALL ($0)
2,40,0.0,9,0,9,1.0,-100.0,0.0,MARGIN CALL ($0)
2,41,0.0,9,0,9,1.0,-100.0,0.0,MARGIN CALL ($0)
2,42,0.0,9,0,9,1.0,-100.0,0.0,MARGIN CALL ($0)
2,43,0.0,9,0,9,1.0,-100.0,0.0,MARGIN CALL ($0)
2,44,0.0,9,0,9,1.0,-100.0,0.0,MARGIN CALL ($0)
2,45,0.0,22,3,19,1.0,-100.0,13.636363636363635,MARGIN CALL ($0)
2,46,0.0,23,3,20,1.0,-100.0,13.043478260869565,MARGIN CALL ($0)
2,47,0.0,23,3,20,1.0,-100.0,13.043478260869565,MARGIN CALL ($0)
2,48,0.0,23,3,20,1.0,-100.0,13.043478260869565,MARGIN CALL ($0)
2,49,0.0,23,3,20,1.0,-100.0,13.043478260869565,MARGIN CALL ($0)
2,50,0.0,23,3,20,1.0,-100.0,13.043478260869565,MARGIN CALL ($0)
2,51,0.0,23,3,20,1.0,-100.0,13.043478260869565,MARGIN CALL ($0)
2,52,0.0,23,3,20,1.0,-100.0,13.043478260869565,MARGIN CALL ($0)
2,53,0.0,23,3,20,1.0,-100.0,13.043478260869565,MARGIN CALL ($0)
2,54,0.0,23,3,20,1.0,-100.0,13.043478260869565,MARGIN CALL ($0)
2,55,0.0,23,3,20,1.0,-100.0,13.043478260869565,MARGIN CALL ($0)
2,56,0.0,23,3,20,1.0,-100.0,13.043478260869565,MARGIN CALL ($0)
2,57,0.0,23,3,20,1.0,-100.0,13.043478260869565,MARGIN CALL ($0)
2,58,0.0,23,3,20,1.0,-100.0,13.043478260869565,MARGIN CALL ($0)
2,59,0.0,23,3,20,1.0,-100.0,13.043478260869565,MARGIN CALL ($0)
2,60,0.0,23,3,20,1.0,-100.0,13.043478260869565,MARGIN CALL ($0)
2,61,0.0,23,3,20,1.0,-100.0,13.043478260869565,MARGIN CALL ($0)
2,62,0.0,23,3,20,1.0,-100.0,13.043478260869565,MARGIN CALL ($0)
2,63,0.0,23,3,20,1.0,-100.0,13.043478260869565,MARGIN CALL ($0)
2,64,0.0,22,3,19,1.0,-100.0,13.636363636363635,MARGIN CALL ($0)
2,65,0.0,22,3,19,1.0,-100.0,13.636363636363635,MARGIN CALL ($0)
2,66,0.0,22,3,19,1.0,-100.0,13.636363636363635,MARGIN CALL ($0)
2,67,0.0,22,3,19,1.0,-100.0,13.636363636363635,MARGIN CALL ($0)
2,68,0.0,22,3,19,1.0,-100.0,13.636363636363635,MARGIN CALL ($0)
2,69,0.0,22,3,19,1.0,-100.0,13.636363636363635,MARGIN CALL ($0)
2,70,0.0,22,3,19,1.0,-100.0,13.636363636363635,MARGIN CALL ($0)
2,71,0.0,22,3,19,1.0,-100.0,13.636363636363635,MARGIN CALL ($0)
2,72,0.0,9,0,9,1.0,-100.0,0.0,MARGIN CALL ($0)
2,73,0.0,9,0,9,1.0,-100.0,0.0,MARGIN CALL ($0)
2,74,0.0,9,0,9,1.0,-100.0,0.0,MARGIN CALL ($0)
2,75,0.0,9,0,9,1.0,-100.0,0.0,MARGIN CALL ($0)
2,76,0.0,9,0,9,1.0,-100.0,0.0,MARGIN CALL ($0)
2,77,0.0,9,0,9,1.0,-100.0,0.0,MARGIN CALL ($0)
2,78,0.0,9,0,9,1.0,-100.0,0.0,MARGIN CALL ($0)
2,79,0.0,9,0,9,1.0,-100.0,0.0,MARGIN CALL ($0)
2,80,0.0,9,0,9,1.0,-100.0,0.0,MARGIN CALL ($0)
2,81,0.0,9,0,9,1.0,-100.0,0.0,MARGIN CALL ($0)
2,82,0.0,9,0,9,1.0,-100.0,0.0,MARGIN CALL ($0)
2,83,0.0,9,0,9,1.0,-100.0,0.0,MARGIN CALL ($0)
2,84,0.0,9,0,9,1.0,-100.0,0.0,MARGIN CALL ($0)
2,85,0.0,9,0,9,1.0,-100.0,0.0,MARGIN CALL ($0)
2,86,0.0,9,0,9,1.0,-100.0,0.0,MARGIN CALL ($0)
2,87,0.0,9,0,9,1.0,-100.0,0.0,MARGIN CALL ($0)
2,88,0.0,9,0,9,1.0,-100.0,0.0,MARGIN CALL ($0)
2,89,0.0,9,0,9,1.0,-100.0,0.0,MARGIN CALL ($0)
2,90,0.0,9,0,9,1.0,-100.0,0.0,MARGIN CALL ($0)
2,91,0.0,9,0,9,1.0,-100.0,0.0,MARGIN CALL ($0)
2,92,0.0,9,0,9,1.0,-100.0,0.0,MARGIN CALL ($0)
2,93,0.0,9,0,9,1.0,-100.0,0.0,MARGIN CALL ($0)
2,94,0.0,9,0,9,1.0,-100.0,0.0,MARGIN CALL ($0)
2,95,0.0,9,0,9,1.0,-100.0,0.0,MARGIN CALL ($0)
2,96,0.0,9,0,9,1.0,-100.0,0.0,MARGIN CALL ($0)
2,97,0.0,9,0,9,1.0,-100.0,0.0,MARGIN CALL ($0)
2,98,0.0,9,0,9,1.0,-100.0,0.0,MARGIN CALL ($0)
2,99,0.0,9,0,9,1.0,-100.0,0.0,MARGIN CALL ($0)
2,100,0.0,9,0,9,1.0,-100.0,0.0,MARGIN CALL ($0)
3,1,0.0,9,0,9,1.0,-100.0,0.0,MARGIN CALL ($0)
3,2,0.0,25,3,22,1.0,-100.0,12.0,MARGIN CALL ($0)
3,3,0.0,15,2,13,1.0,-100.0,13.333333333333334,MARGIN CALL ($0)
3,4,0.0,15,2,13,1.0,-100.0,13.333333333333334,MARGIN CALL ($0)
3,5,0.0,18,3,15,1.0,-100.0,16.666666666666664,MARGIN CALL ($0)
3,6,0.0,17,3,14,1.0,-100.0,17.647058823529413,MARGIN CALL ($0)
3,7,0.0,16,3,13,1.0,-100.0,18.75,MARGIN CALL ($0)
3,8,0.0,14,3,11,1.0,-100.0,21.428571428571427,MARGIN CALL ($0)
3,9,0.0,13,3,10,1.0,-100.0,23.076923076923077,MARGIN CALL ($0)
3,10,0.0,13,3,10,1.0,-100.0,23.076923076923077,MARGIN CALL ($0)
3,11,0.0,13,3,10,1.0,-100.0,23.076923076923077,MARGIN CALL ($0)
3,12,0.0,13,3,10,1.0,-100.0,23.076923076923077,MARGIN CALL ($0)
3,13,0.0,13,3,10,1.0,-100.0,23.076923076923077,MARGIN CALL ($0)
3,14,0.0,6,0,6,1.0,-100.0,0.0,MARGIN CALL ($0)
3,15,0.0,5,0,5,1.0,-100.0,0.0,MARGIN CALL ($0)
3,16,0.0,5,0,5,1.0,-100.0,0.0,MARGIN CALL ($0)
3,17,0.0,5,0,5,1.0,-100.0,0.0,MARGIN CALL ($0)
3,18,0.0,5,0,5,1.0,-100.0,0.0,MARGIN CALL ($0)
3,19,0.0,5,0,5,1.0,-100.0,0.0,MARGIN CALL ($0)
3,20,0.0,5,0,5,1.0,-100.0,0.0,MARGIN CALL ($0)
3,21,0.0,5,0,5,1.0,-100.0,0.0,MARGIN CALL ($0)
3,22,0.0,5,0,5,1.0,-100.0,0.0,MARGIN CALL ($0)
3,23,0.0,5,0,5,1.0,-100.0,0.0,MARGIN CALL ($0)
3,24,0.0,5,0,5,1.0,-100.0,0.0,MARGIN CALL ($0)
3,25,0.0,5,0,5,1.0,-100.0,0.0,MARGIN CALL ($0)
3,26,0.0,9,0,9,1.0,-100.0,0.0,MARGIN CALL ($0)
3,27,0.0,9,0,9,1.0,-100.0,0.0,MARGIN CALL ($0)
3,28,0.0,9,0,9,1.0,-100.0,0.0,MARGIN CALL ($0)
3,29,0.0,9,0,9,1.0,-100.0,0.0,MARGIN CALL ($0)
3,30,0.0,9,0,9,1.0,-100.0,0.0,MARGIN CALL ($0)
3,31,0.0,9,0,9,1.0,-100.0,0.0,MARGIN CALL ($0)
3,32,0.0,19,3,16,1.0,-100.0,15.789473684210526,MARGIN CALL ($0)
3,33,0.0,19,3,16,1.0,-100.0,15.789473684210526,MARGIN CALL ($0)
3,34,0.0,19,3,16,1.0,-100.0,15.789473684210526,MARGIN CALL ($0)
3,35,0.0,16,3,13,1.0,-100.0,18.75,MARGIN CALL ($0)
3,36,0.0,16,3,13,1.0,-100.0,18.75,MARGIN CALL ($0)
3,37,0.0,19,3,16,1.0,-100.0,15.789473684210526,MARGIN CALL ($0)
3,38,0.0,19,3,16,1.0,-100.0,15.789473684210526,MARGIN CALL ($0)
3,39,0.0,19,3,16,1.0,-100.0,15.789473684210526,MARGIN CALL ($0)
3,40,0.0,6,0,6,1.0,-100.0,0.0,MARGIN CALL ($0)
3,41,0.0,6,0,6,1.0,-100.0,0.0,MARGIN CALL ($0)
3,42,0.0,6,0,6,1.0,-100.0,0.0,MARGIN CALL ($0)
3,43,0.0,6,0,6,1.0,-100.0,0.0,MARGIN CALL ($0)
3,44,0.0,9,0,9,1.0,-100.0,0.0,MARGIN CALL ($0)
3,45,0.0,21,3,18,1.0,-100.0,14.285714285714285,MARGIN CALL ($0)
3,46,0.0,23,3,20,1.0,-100.0,13.043478260869565,MARGIN CALL ($0)
3,47,0.0,23,3,20,1.0,-100.0,13.043478260869565,MARGIN CALL ($0)
3,48,0.0,23,3,20,1.0,-100.0,13.043478260869565,MARGIN CALL ($0)
3,49,0.0,23,3,20,1.0,-100.0,13.043478260869565,MARGIN CALL ($0)
3,50,0.0,23,3,20,1.0,-100.0,13.043478260869565,MARGIN CALL ($0)
3,51,0.0,23,3,20,1.0,-100.0,13.043478260869565,MARGIN CALL ($0)
3,52,0.0,23,3,20,1.0,-100.0,13.043478260869565,MARGIN CALL ($0)
3,53,0.0,23,3,20,1.0,-100.0,13.043478260869565,MARGIN CALL ($0)
3,54,0.0,23,3,20,1.0,-100.0,13.043478260869565,MARGIN CALL ($0)
3,55,0.0,23,3,20,1.0,-100.0,13.043478260869565,MARGIN CALL ($0)
3,56,0.0,23,3,20,1.0,-100.0,13.043478260869565,MARGIN CALL ($0)
3,57,0.0,23,3,20,1.0,-100.0,13.043478260869565,MARGIN CALL ($0)
3,58,0.0,23,3,20,1.0,-100.0,13.043478260869565,MARGIN CALL ($0)
3,59,0.0,23,3,20,1.0,-100.0,13.043478260869565,MARGIN CALL ($0)
3,60,0.0,23,3,20,1.0,-100.0,13.043478260869565,MARGIN CALL ($0)
3,61,0.0,23,3,20,1.0,-100.0,13.043478260869565,MARGIN CALL ($0)
3,62,0.0,23,3,20,1.0,-100.0,13.043478260869565,MARGIN CALL ($0)
3,63,0.0,23,3,20,1.0,-100.0,13.043478260869565,MARGIN CALL ($0)
3,64,0.0,22,3,19,1.0,-100.0,13.636363636363635,MARGIN CALL ($0)
3,65,0.0,22,3,19,1.0,-100.0,13.636363636363635,MARGIN CALL ($0)
3,66,0.0,22,3,19,1.0,-100.0,13.636363636363635,MARGIN CALL ($0)
3,67,0.0,22,3,19,1.0,-100.0,13.636363636363635,MARGIN CALL ($0)
3,68,0.0,21,3,18,1.0,-100.0,14.285714285714285,MARGIN CALL ($0)
3,69,0.0,21,3,18,1.0,-100.0,14.285714285714285,MARGIN CALL ($0)
3,70,0.0,21,3,18,1.0,-100.0,14.285714285714285,MARGIN CALL ($0)
3,71,0.0,21,3,18,1.0,-100.0,14.285714285714285,MARGIN CALL ($0)
3,72,0.0,9,0,9,1.0,-100.0,0.0,MARGIN CALL ($0)
3,73,0.0,9,0,9,1.0,-100.0,0.0,MARGIN CALL ($0)
3,74,0.0,9,0,9,1.0,-100.0,0.0,MARGIN CALL ($0)
3,75,0.0,9,0,9,1.0,-100.0,0.0,MARGIN CALL ($0)
3,76,0.0,9,0,9,1.0,-100.0,0.0,MARGIN CALL ($0)
3,77,0.0,9,0,9,1.0,-100.0,0.0,MARGIN CALL ($0)
3,78,0.0,9,0,9,1.0,-100.0,0.0,MARGIN CALL ($0)
3,79,0.0,9,0,9,1.0,-100.0,0.0,MARGIN CALL ($0)
3,80,0.0,9,0,9,1.0,-100.0,0.0,MARGIN CALL ($0)
3,81,0.0,9,0,9,1.0,-100.0,0.0,MARGIN CALL ($0)
3,82,0.0,9,0,9,1.0,-100.0,0.0,MARGIN CALL ($0)
3,83,0.0,9,0,9,1.0,-100.0,0.0,MARGIN CALL ($0)
3,84,0.0,9,0,9,1.0,-100.0,0.0,MARGIN CALL ($0)
3,85,0.0,9,0,9,1.0,-100.0,0.0,MARGIN CALL ($0)
3,86,0.0,9,0,9,1.0,-100.0,0.0,MARGIN CALL ($0)
3,87,0.0,9,0,9,1.0,-100.0,0.0,MARGIN CALL ($0)
3,88,0.0,9,0,9,1.0,-100.0,0.0,MARGIN CALL ($0)
3,89,0.0,9,0,9,1.0,-100.0,0.0,MARGIN CALL ($0)
3,90,0.0,9,0,9,1.0,-100.0,0.0,MARGIN CALL ($0)
3,91,0.0,9,0,9,1.0,-100.0,0.0,MARGIN CALL ($0)
3,92,0.0,9,0,9,1.0,-100.0,0.0,MARGIN CALL ($0)
3,93,0.0,9,0,9,1.0,-100.0,0.0,MARGIN CALL ($0)
3,94,0.0,9,0,9,1.0,-100.0,0.0,MARGIN CALL ($0)
3,95,0.0,9,0,9,1.0,-100.0,0.0,MARGIN CALL ($0)
3,96,0.0,9,0,9,1.0,-100.0,0.0,MARGIN CALL ($0)
3,97,0.0,9,0,9,1.0,-100.0,0.0,MARGIN CALL ($0)
3,98,0.0,9,0,9,1.0,-100.0,0.0,MARGIN CALL ($0)
3,99,0.0,9,0,9,1.0,-100.0,0.0,MARGIN CALL ($0)
3,100,0.0,9,0,9,1.0,-100.0,0.0,MARGIN CALL ($0)
4,1,0.0,10,0,10,1.0,-100.0,0.0,MARGIN CALL ($0)
4,2,0.0,25,3,22,1.0,-100.0,12.0,MARGIN CALL ($0)
4,3,0.0,15,2,13,1.0,-100.0,13.333333333333334,MARGIN CALL ($0)
4,4,0.0,15,2,13,1.0,-100.0,13.333333333333334,MARGIN CALL ($0)
4,5,0.0,18,3,15,1.0,-100.0,16.666666666666664,MARGIN CALL ($0)
4,6,0.0,17,3,14,1.0,-100.0,17.647058823529413,MARGIN CALL ($0)
4,7,0.0,16,3,13,1.0,-100.0,18.75,MARGIN CALL ($0)
4,8,0.0,13,3,10,1.0,-100.0,23.076923076923077,MARGIN CALL ($0)
4,9,0.0,13,3,10,1.0,-100.0,23.076923076923077,MARGIN CALL ($0)
4,10,0.0,13,3,10,1.0,-100.0,23.076923076923077,MARGIN CALL ($0)
4,11,0.0,13,3,10,1.0,-100.0,23.076923076923077,MARGIN CALL ($0)
4,12,0.0,14,3,11,1.0,-100.0,21.428571428571427,MARGIN CALL ($0)
4,13,0.0,14,3,11,1.0,-100.0,21.428571428571427,MARGIN CALL ($0)
4,14,0.0,6,0,6,1.0,-100.0,0.0,MARGIN CALL ($0)
4,15,0.0,6,0,6,1.0,-100.0,0.0,MARGIN CALL ($0)
4,16,0.0,6,0,6,1.0,-100.0,0.0,MARGIN CALL ($0)
4,17,0.0,6,0,6,1.0,-100.0,0.0,MARGIN CALL ($0)
4,18,0.0,6,0,6,1.0,-100.0,0.0,MARGIN CALL ($0)
4,19,0.0,6,0,6,1.0,-100.0,0.0,MARGIN CALL ($0)
4,20,0.0,6,0,6,1.0,-100.0,0.0,MARGIN CALL ($0)
4,21,0.0,6,0,6,1.0,-100.0,0.0,MARGIN CALL ($0)
4,22,0.0,5,0,5,1.0,-100.0,0.0,MARGIN CALL ($0)
4,23,0.0,5,0,5,1.0,-100.0,0.0,MARGIN CALL ($0)
4,24,0.0,5,0,5,1.0,-100.0,0.0,MARGIN CALL ($0)
4,25,0.0,5,0,5,1.0,-100.0,0.0,MARGIN CALL ($0)
4,26,0.0,6,0,6,1.0,-100.0,0.0,MARGIN CALL ($0)
4,27,0.0,6,0,6,1.0,-100.0,0.0,MARGIN CALL ($0)
4,28,0.0,6,0,6,1.0,-100.0,0.0,MARGIN CALL ($0)
4,29,0.0,6,0,6,1.0,-100.0,0.0,MARGIN CALL ($0)
4,30,0.0,6,0,6,1.0,-100.0,0.0,MARGIN CALL ($0)
4,31,0.0,6,0,6,1.0,-100.0,0.0,MARGIN CALL ($0)
4,32,0.0,16,3,13,1.0,-100.0,18.75,MARGIN CALL ($0)
4,33,0.0,16,3,13,1.0,-100.0,18.75,MARGIN CALL ($0)
4,34,0.0,19,3,16,1.0,-100.0,15.789473684210526,MARGIN CALL ($0)
4,35,0.0,15,3,12,1.0,-100.0,20.0,MARGIN CALL ($0)
4,36,0.0,15,3,12,1.0,-100.0,20.0,MARGIN CALL ($0)
4,37,0.0,16,3,13,1.0,-100.0,18.75,MARGIN CALL ($0)
4,38,0.0,16,3,13,1.0,-100.0,18.75,MARGIN CALL ($0)
4,39,0.0,19,3,16,1.0,-100.0,15.789473684210526,MARGIN CALL ($0)
4,40,0.0,6,0,6,1.0,-100.0,0.0,MARGIN CALL ($0)
4,41,0.0,6,0,6,1.0,-100.0,0.0,MARGIN CALL ($0)
4,42,0.0,6,0,6,1.0,-100.0,0.0,MARGIN CALL ($0)
4,43,0.0,6,0,6,1.0,-100.0,0.0,MARGIN CALL ($0)
4,44,0.0,6,0,6,1.0,-100.0,0.0,MARGIN CALL ($0)
4,45,0.0,20,3,17,1.0,-100.0,15.0,MARGIN CALL ($0)
4,46,0.0,21,3,18,1.0,-100.0,14.285714285714285,MARGIN CALL ($0)
4,47,0.0,21,3,18,1.0,-100.0,14.285714285714285,MARGIN CALL ($0)
4,48,0.0,21,3,18,1.0,-100.0,14.285714285714285,MARGIN CALL ($0)
4,49,0.0,21,3,18,1.0,-100.0,14.285714285714285,MARGIN CALL ($0)
4,50,0.0,21,3,18,1.0,-100.0,14.285714285714285,MARGIN CALL ($0)
4,51,0.0,21,3,18,1.0,-100.0,14.285714285714285,MARGIN CALL ($0)
4,52,0.0,21,3,18,1.0,-100.0,14.285714285714285,MARGIN CALL ($0)
4,53,0.0,21,3,18,1.0,-100.0,14.285714285714285,MARGIN CALL ($0)
4,54,0.0,21,3,18,1.0,-100.0,14.285714285714285,MARGIN CALL ($0)
4,55,0.0,21,3,18,1.0,-100.0,14.285714285714285,MARGIN CALL ($0)
4,56,0.0,21,3,18,1.0,-100.0,14.285714285714285,MARGIN CALL ($0)
4,57,0.0,21,3,18,1.0,-100.0,14.285714285714285,MARGIN CALL ($0)
4,58,0.0,21,3,18,1.0,-100.0,14.285714285714285,MARGIN CALL ($0)
4,59,0.0,21,3,18,1.0,-100.0,14.285714285714285,MARGIN CALL ($0)
4,60,0.0,21,3,18,1.0,-100.0,14.285714285714285,MARGIN CALL ($0)
4,61,0.0,21,3,18,1.0,-100.0,14.285714285714285,MARGIN CALL ($0)
4,62,0.0,21,3,18,1.0,-100.0,14.285714285714285,MARGIN CALL ($0)
4,63,0.0,21,3,18,1.0,-100.0,14.285714285714285,MARGIN CALL ($0)
4,64,0.0,21,3,18,1.0,-100.0,14.285714285714285,MARGIN CALL ($0)
4,65,0.0,21,3,18,1.0,-100.0,14.285714285714285,MARGIN CALL ($0)
4,66,0.0,21,3,18,1.0,-100.0,14.285714285714285,MARGIN CALL ($0)
4,67,0.0,21,3,18,1.0,-100.0,14.285714285714285,MARGIN CALL ($0)
4,68,0.0,20,3,17,1.0,-100.0,15.0,MARGIN CALL ($0)
4,69,0.0,20,3,17,1.0,-100.0,15.0,MARGIN CALL ($0)
4,70,0.0,20,3,17,1.0,-100.0,15.0,MARGIN CALL ($0)
4,71,0.0,20,3,17,1.0,-100.0,15.0,MARGIN CALL ($0)
4,72,0.0,6,0,6,1.0,-100.0,0.0,MARGIN CALL ($0)
4,73,0.0,6,0,6,1.0,-100.0,0.0,MARGIN CALL ($0)
4,74,0.0,6,0,6,1.0,-100.0,0.0,MARGIN CALL ($0)
4,75,0.0,6,0,6,1.0,-100.0,0.0,MARGIN CALL ($0)
4,76,0.0,6,0,6,1.0,-100.0,0.0,MARGIN CALL ($0)
4,77,0.0,6,0,6,1.0,-100.0,0.0,MARGIN CALL ($0)
4,78,0.0,6,0,6,1.0,-100.0,0.0,MARGIN CALL ($0)
4,79,0.0,6,0,6,1.0,-100.0,0.0,MARGIN CALL ($0)
4,80,0.0,6,0,6,1.0,-100.0,0.0,MARGIN CALL ($0)
4,81,0.0,6,0,6,1.0,-100.0,0.0,MARGIN CALL ($0)
4,82,0.0,6,0,6,1.0,-100.0,0.0,MARGIN CALL ($0)
4,83,0.0,6,0,6,1.0,-100.0,0.0,MARGIN CALL ($0)
4,84,0.0,6,0,6,1.0,-100.0,0.0,MARGIN CALL ($0)
4,85,0.0,6,0,6,1.0,-100.0,0.0,MARGIN CALL ($0)
4,86,0.0,6,0,6,1.0,-100.0,0.0,MARGIN CALL ($0)
4,87,0.0,6,0,6,1.0,-100.0,0.0,MARGIN CALL ($0)
4,88,0.0,6,0,6,1.0,-100.0,0.0,MARGIN CALL ($0)
4,89,0.0,6,0,6,1.0,-100.0,0.0,MARGIN CALL ($0)
4,90,0.0,6,0,6,1.0,-100.0,0.0,MARGIN CALL ($0)
4,91,0.0,6,0,6,1.0,-100.0,0.0,MARGIN CALL ($0)
4,92,0.0,6,0,6,1.0,-100.0,0.0,MARGIN CALL ($0)
4,93,0.0,6,0,6,1.0,-100.0,0.0,MARGIN CALL ($0)
4,94,0.0,6,0,6,1.0,-100.0,0.0,MARGIN CALL ($0)
4,95,0.0,6,0,6,1.0,-100.0,0.0,MARGIN CALL ($0)
4,96,0.0,6,0,6,1.0,-100.0,0.0,MARGIN CALL ($0)
4,97,0.0,6,0,6,1.0,-100.0,0.0,MARGIN CALL ($0)
4,98,0.0,6,0,6,1.0,-100.0,0.0,MARGIN CALL ($0)
4,99,0.0,6,0,6,1.0,-100.0,0.0,MARGIN CALL ($0)
4,100,0.0,6,0,6,1.0,-100.0,0.0,MARGIN CALL ($0)
5,1,0.0,10,0,10,1.0,-100.0,0.0,MARGIN CALL ($0)
5,2,0.0,25,3,22,1.0,-100.0,12.0,MARGIN CALL ($0)
5,3,0.0,15,2,13,1.0,-100.0,13.333333333333334,MARGIN CALL ($0)
5,4,0.0,15,2,13,1.0,-100.0,13.333333333333334,MARGIN CALL ($0)
5,5,0.0,19,2,17,1.0,-100.0,10.526315789473683,MARGIN CALL ($0)
5,6,0.0,18,2,16,1.0,-100.0,11.11111111111111,MARGIN CALL ($0)
5,7,0.0,17,2,15,1.0,-100.0,11.76470588235294,MARGIN CALL ($0)
5,8,0.0,16,2,14,1.0,-100.0,12.5,MARGIN CALL ($0)
5,9,0.0,15,2,13,1.0,-100.0,13.333333333333334,MARGIN CALL ($0)
5,10,0.0,15,2,13,1.0,-100.0,13.333333333333334,MARGIN CALL ($0)
5,11,0.0,15,2,13,1.0,-100.0,13.333333333333334,MARGIN CALL ($0)
5,12,0.0,14,2,12,1.0,-100.0,14.285714285714285,MARGIN CALL ($0)
5,13,0.0,14,2,12,1.0,-100.0,14.285714285714285,MARGIN CALL ($0)
5,14,0.0,6,0,6,1.0,-100.0,0.0,MARGIN CALL ($0)
5,15,0.0,6,0,6,1.0,-100.0,0.0,MARGIN CALL ($0)
5,16,0.0,6,0,6,1.0,-100.0,0.0,MARGIN CALL ($0)
5,17,0.0,6,0,6,1.0,-100.0,0.0,MARGIN CALL ($0)
5,18,0.0,6,0,6,1.0,-100.0,0.0,MARGIN CALL ($0)
5,19,0.0,6,0,6,1.0,-100.0,0.0,MARGIN CALL ($0)
5,20,0.0,6,0,6,1.0,-100.0,0.0,MARGIN CALL ($0)
5,21,0.0,6,0,6,1.0,-100.0,0.0,MARGIN CALL ($0)
5,22,0.0,5,0,5,1.0,-100.0,0.0,MARGIN CALL ($0)
5,23,0.0,5,0,5,1.0,-100.0,0.0,MARGIN CALL ($0)
5,24,0.0,5,0,5,1.0,-100.0,0.0,MARGIN CALL ($0)
5,25,0.0,5,0,5,1.0,-100.0,0.0,MARGIN CALL ($0)
5,26,0.0,4,0,4,1.0,-100.0,0.0,MARGIN CALL ($0)
5,27,0.0,4,0,4,1.0,-100.0,0.0,MARGIN CALL ($0)
5,28,0.0,4,0,4,1.0,-100.0,0.0,MARGIN CALL ($0)
5,29,0.0,5,0,5,1.0,-100.0,0.0,MARGIN CALL ($0)
5,30,0.0,5,0,5,1.0,-100.0,0.0,MARGIN CALL ($0)
5,31,0.0,5,0,5,1.0,-100.0,0.0,MARGIN CALL ($0)
5,32,0.0,12,2,10,1.0,-100.0,16.666666666666664,MARGIN CALL ($0)
5,33,0.0,13,2,11,1.0,-100.0,15.384615384615385,MARGIN CALL ($0)
5,34,0.0,15,2,13,1.0,-100.0,13.333333333333334,MARGIN CALL ($0)
5,35,0.0,12,2,10,1.0,-100.0,16.666666666666664,MARGIN CALL ($0)
5,36,0.0,12,2,10,1.0,-100.0,16.666666666666664,MARGIN CALL ($0)
5,37,0.0,14,2,12,1.0,-100.0,14.285714285714285,MARGIN CALL ($0)
5,38,0.0,14,2,12,1.0,-100.0,14.285714285714285,MARGIN CALL ($0)
5,39,0.0,14,2,12,1.0,-100.0,14.285714285714285,MARGIN CALL ($0)
5,40,0.0,5,0,5,1.0,-100.0,0.0,MARGIN CALL ($0)
5,41,0.0,5,0,5,1.0,-100.0,0.0,MARGIN CALL ($0)
5,42,0.0,5,0,5,1.0,-100.0,0.0,MARGIN CALL ($0)
5,43,0.0,6,0,6,1.0,-100.0,0.0,MARGIN CALL ($0)
5,44,0.0,6,0,6,1.0,-100.0,0.0,MARGIN CALL ($0)
5,45,0.0,18,3,15,1.0,-100.0,16.666666666666664,MARGIN CALL ($0)
5,46,0.0,18,3,15,1.0,-100.0,16.666666666666664,MARGIN CALL ($0)
5,47,0.0,19,3,16,1.0,-100.0,15.789473684210526,MARGIN CALL ($0)
5,48,0.0,19,3,16,1.0,-100.0,15.789473684210526,MARGIN CALL ($0)
5,49,0.0,19,3,16,1.0,-100.0,15.789473684210526,MARGIN CALL ($0)
5,50,0.0,19,3,16,1.0,-100.0,15.789473684210526,MARGIN CALL ($0)
5,51,0.0,19,3,16,1.0,-100.0,15.789473684210526,MARGIN CALL ($0)
5,52,0.0,19,3,16,1.0,-100.0,15.789473684210526,MARGIN CALL ($0)
5,53,0.0,18,3,15,1.0,-100.0,16.666666666666664,MARGIN CALL ($0)
5,54,0.0,18,3,15,1.0,-100.0,16.666666666666664,MARGIN CALL ($0)
5,55,0.0,18,3,15,1.0,-100.0,16.666666666666664,MARGIN CALL ($0)
5,56,0.0,18,3,15,1.0,-100.0,16.666666666666664,MARGIN CALL ($0)
5,57,0.0,18,3,15,1.0,-100.0,16.666666666666664,MARGIN CALL ($0)
5,58,0.0,18,3,15,1.0,-100.0,16.666666666666664,MARGIN CALL ($0)
5,59,0.0,18,3,15,1.0,-100.0,16.666666666666664,MARGIN CALL ($0)
5,60,0.0,18,3,15,1.0,-100.0,16.666666666666664,MARGIN CALL ($0)
5,61,0.0,18,3,15,1.0,-100.0,16.666666666666664,MARGIN CALL ($0)
5,62,0.0,18,3,15,1.0,-100.0,16.666666666666664,MARGIN CALL ($0)
5,63,0.0,19,3,16,1.0,-100.0,15.789473684210526,MARGIN CALL ($0)
5,64,0.0,19,3,16,1.0,-100.0,15.789473684210526,MARGIN CALL ($0)
5,65,0.0,19,3,16,1.0,-100.0,15.789473684210526,MARGIN CALL ($0)
5,66,0.0,20,3,17,1.0,-100.0,15.0,MARGIN CALL ($0)
5,67,0.0,21,3,18,1.0,-100.0,14.285714285714285,MARGIN CALL ($0)
5,68,0.0,19,3,16,1.0,-100.0,15.789473684210526,MARGIN CALL ($0)
5,69,0.0,19,3,16,1.0,-100.0,15.789473684210526,MARGIN CALL ($0)
5,70,0.0,19,3,16,1.0,-100.0,15.789473684210526,MARGIN CALL ($0)
5,71,0.0,19,3,16,1.0,-100.0,15.789473684210526,MARGIN CALL ($0)
5,72,0.0,6,0,6,1.0,-100.0,0.0,MARGIN CALL ($0)
5,73,0.0,6,0,6,1.0,-100.0,0.0,MARGIN CALL ($0)
5,74,0.0,6,0,6,1.0,-100.0,0.0,MARGIN CALL ($0)
5,75,0.0,6,0,6,1.0,-100.0,0.0,MARGIN CALL ($0)
5,76,0.0,6,0,6,1.0,-100.0,0.0,MARGIN CALL ($0)
5,77,0.0,6,0,6,1.0,-100.0,0.0,MARGIN CALL ($0)
5,78,0.0,6,0,6,1.0,-100.0,0.0,MARGIN CALL ($0)
5,79,0.0,6,0,6,1.0,-100.0,0.0,MARGIN CALL ($0)
5,80,0.0,6,0,6,1.0,-100.0,0.0,MARGIN CALL ($0)
5,81,0.0,6,0,6,1.0,-100.0,0.0,MARGIN CALL ($0)
5,82,0.0,6,0,6,1.0,-100.0,0.0,MARGIN CALL ($0)
5,83,0.0,6,0,6,1.0,-100.0,0.0,MARGIN CALL ($0)
5,84,0.0,6,0,6,1.0,-100.0,0.0,MARGIN CALL ($0)
5,85,0.0,6,0,6,1.0,-100.0,0.0,MARGIN CALL ($0)
5,86,0.0,6,0,6,1.0,-100.0,0.0,MARGIN CALL ($0)
5,87,0.0,6,0,6,1.0,-100.0,0.0,MARGIN CALL ($0)
5,88,0.0,6,0,6,1.0,-100.0,0.0,MARGIN CALL ($0)
5,89,0.0,6,0,6,1.0,-100.0,0.0,MARGIN CALL ($0)
5,90,0.0,6,0,6,1.0,-100.0,0.0,MARGIN CALL ($0)
5,91,0.0,6,0,6,1.0,-100.0,0.0,MARGIN CALL ($0)
5,92,0.0,6,0,6,1.0,-100.0,0.0,MARGIN CALL ($0)
5,93,0.0,6,0,6,1.0,-100.0,0.0,MARGIN CALL ($0)
5,94,0.0,6,0,6,1.0,-100.0,0.0,MARGIN CALL ($0)
5,95,0.0,6,0,6,1.0,-100.0,0.0,MARGIN CALL ($0)
5,96,0.0,6,0,6,1.0,-100.0,0.0,MARGIN CALL ($0)
5,97,0.0,6,0,6,1.0,-100.0,0.0,MARGIN CALL ($0)
5,98,0.0,6,0,6,1.0,-100.0,0.0,MARGIN CALL ($0)
5,99,0.0,6,0,6,1.0,-100.0,0.0,MARGIN CALL ($0)
5,100,0.0,6,0,6,1.0,-100.0,0.0,MARGIN CALL ($0)
6,1,0.0,10,0,10,1.0,-100.0,0.0,MARGIN CALL ($0)
6,2,0.0,25,3,22,1.0,-100.0,12.0,MARGIN CALL ($0)
6,3,0.0,15,2,13,1.0,-100.0,13.333333333333334,MARGIN CALL ($0)
6,4,0.0,15,2,13,1.0,-100.0,13.333333333333334,MARGIN CALL ($0)
6,5,0.0,19,2,17,1.0,-100.0,10.526315789473683,MARGIN CALL ($0)
6,6,0.0,16,2,14,1.0,-100.0,12.5,MARGIN CALL ($0)
6,7,0.0,16,2,14,1.0,-100.0,12.5,MARGIN CALL ($0)
6,8,0.0,16,2,14,1.0,-100.0,12.5,MARGIN CALL ($0)
6,9,0.0,15,2,13,1.0,-100.0,13.333333333333334,MARGIN CALL ($0)
6,10,0.0,14,2,12,1.0,-100.0,14.285714285714285,MARGIN CALL ($0)
6,11,0.0,15,2,13,1.0,-100.0,13.333333333333334,MARGIN CALL ($0)
6,12,0.0,14,2,12,1.0,-100.0,14.285714285714285,MARGIN CALL ($0)
6,13,0.0,12,2,10,1.0,-100.0,16.666666666666664,MARGIN CALL ($0)
6,14,0.0,7,0,7,1.0,-100.0,0.0,MARGIN CALL ($0)
6,15,0.0,6,0,6,1.0,-100.0,0.0,MARGIN CALL ($0)
6,16,0.0,6,0,6,1.0,-100.0,0.0,MARGIN CALL ($0)
6,17,0.0,6,0,6,1.0,-100.0,0.0,MARGIN CALL ($0)
6,18,0.0,6,0,6,1.0,-100.0,0.0,MARGIN CALL ($0)
6,19,0.0,6,0,6,1.0,-100.0,0.0,MARGIN CALL ($0)
6,20,0.0,6,0,6,1.0,-100.0,0.0,MARGIN CALL ($0)
6,21,0.0,6,0,6,1.0,-100.0,0.0,MARGIN CALL ($0)
6,22,0.0,5,0,5,1.0,-100.0,0.0,MARGIN CALL ($0)
6,23,0.0,5,0,5,1.0,-100.0,0.0,MARGIN CALL ($0)
6,24,0.0,5,0,5,1.0,-100.0,0.0,MARGIN CALL ($0)
6,25,0.0,5,0,5,1.0,-100.0,0.0,MARGIN CALL ($0)
6,26,0.0,4,0,4,1.0,-100.0,0.0,MARGIN CALL ($0)
6,27,0.0,4,0,4,1.0,-100.0,0.0,MARGIN CALL ($0)
6,28,0.0,4,0,4,1.0,-100.0,0.0,MARGIN CALL ($0)
6,29,0.0,5,0,5,1.0,-100.0,0.0,MARGIN CALL ($0)
6,30,0.0,5,0,5,1.0,-100.0,0.0,MARGIN CALL ($0)
6,31,0.0,5,0,5,1.0,-100.0,0.0,MARGIN CALL ($0)
6,32,0.0,10,2,8,1.0,-100.0,20.0,MARGIN CALL ($0)
6,33,0.0,10,2,8,1.0,-100.0,20.0,MARGIN CALL ($0)
6,34,0.0,15,2,13,1.0,-100.0,13.333333333333334,MARGIN CALL ($0)
6,35,0.0,11,2,9,1.0,-100.0,18.181818181818183,MARGIN CALL ($0)
6,36,0.0,11,2,9,1.0,-100.0,18.181818181818183,MARGIN CALL ($0)
6,37,0.0,11,2,9,1.0,-100.0,18.181818181818183,MARGIN CALL ($0)
6,38,0.0,11,2,9,1.0,-100.0,18.181818181818183,MARGIN CALL ($0)
6,39,0.0,11,2,9,1.0,-100.0,18.181818181818183,MARGIN CALL ($0)
6,40,0.0,5,0,5,1.0,-100.0,0.0,MARGIN CALL ($0)
6,41,0.0,6,0,6,1.0,-100.0,0.0,MARGIN CALL ($0)
6,42,0.0,6,0,6,1.0,-100.0,0.0,MARGIN CALL ($0)
6,43,0.0,6,0,6,1.0,-100.0,0.0,MARGIN CALL ($0)
6,44,0.0,6,0,6,1.0,-100.0,0.0,MARGIN CALL ($0)
6,45,0.0,19,4,15,1.0,-100.0,21.052631578947366,MARGIN CALL ($0)
6,46,0.0,17,3,14,1.0,-100.0,17.647058823529413,MARGIN CALL ($0)
6,47,0.0,17,3,14,1.0,-100.0,17.647058823529413,MARGIN CALL ($0)
6,48,0.0,17,3,14,1.0,-100.0,17.647058823529413,MARGIN CALL ($0)
6,49,0.0,17,3,14,1.0,-100.0,17.647058823529413,MARGIN CALL ($0)
6,50,0.0,17,3,14,1.0,-100.0,17.647058823529413,MARGIN CALL ($0)
6,51,0.0,17,3,14,1.0,-100.0,17.647058823529413,MARGIN CALL ($0)
6,52,0.0,17,3,14,1.0,-100.0,17.647058823529413,MARGIN CALL ($0)
6,53,0.0,17,3,14,1.0,-100.0,17.647058823529413,MARGIN CALL ($0)
6,54,0.0,17,3,14,1.0,-100.0,17.647058823529413,MARGIN CALL ($0)
6,55,0.0,17,3,14,1.0,-100.0,17.647058823529413,MARGIN CALL ($0)
6,56,0.0,17,3,14,1.0,-100.0,17.647058823529413,MARGIN CALL ($0)
6,57,0.0,17,3,14,1.0,-100.0,17.647058823529413,MARGIN CALL ($0)
6,58,0.0,17,3,14,1.0,-100.0,17.647058823529413,MARGIN CALL ($0)
6,59,0.0,17,3,14,1.0,-100.0,17.647058823529413,MARGIN CALL ($0)
6,60,0.0,17,3,14,1.0,-100.0,17.647058823529413,MARGIN CALL ($0)
6,61,0.0,17,3,14,1.0,-100.0,17.647058823529413,MARGIN CALL ($0)
6,62,0.0,17,3,14,1.0,-100.0,17.647058823529413,MARGIN CALL ($0)
6,63,0.0,17,3,14,1.0,-100.0,17.647058823529413,MARGIN CALL ($0)
6,64,0.0,17,3,14,1.0,-100.0,17.647058823529413,MARGIN CALL ($0)
6,65,0.0,18,3,15,1.0,-100.0,16.666666666666664,MARGIN CALL ($0)
6,66,0.0,18,3,15,1.0,-100.0,16.666666666666664,MARGIN CALL ($0)
6,67,0.0,21,3,18,1.0,-100.0,14.285714285714285,MARGIN CALL ($0)
6,68,0.0,18,3,15,1.0,-100.0,16.666666666666664,MARGIN CALL ($0)
6,69,0.0,18,3,15,1.0,-100.0,16.666666666666664,MARGIN CALL ($0)
6,70,0.0,18,3,15,1.0,-100.0,16.666666666666664,MARGIN CALL ($0)
6,71,0.0,18,3,15,1.0,-100.0,16.666666666666664,MARGIN CALL ($0)
6,72,0.0,6,0,6,1.0,-100.0,0.0,MARGIN CALL ($0)
6,73,0.0,6,0,6,1.0,-100.0,0.0,MARGIN CALL ($0)
6,74,0.0,6,0,6,1.0,-100.0,0.0,MARGIN CALL ($0)
6,75,0.0,6,0,6,1.0,-100.0,0.0,MARGIN CALL ($0)
6,76,0.0,6,0,6,1.0,-100.0,0.0,MARGIN CALL ($0)
6,77,0.0,6,0,6,1.0,-100.0,0.0,MARGIN CALL ($0)
6,78,0.0,6,0,6,1.0,-100.0,0.0,MARGIN CALL ($0)
6,79,0.0,6,0,6,1.0,-100.0,0.0,MARGIN CALL ($0)
6,80,0.0,6,0,6,1.0,-100.0,0.0,MARGIN CALL ($0)
6,81,0.0,6,0,6,1.0,-100.0,0.0,MARGIN CALL ($0)
6,82,0.0,6,0,6,1.0,-100.0,0.0,MARGIN CALL ($0)
6,83,0.0,6,0,6,1.0,-100.0,0.0,MARGIN CALL ($0)
6,84,0.0,6,0,6,1.0,-100.0,0.0,MARGIN CALL ($0)
6,85,0.0,6,0,6,1.0,-100.0,0.0,MARGIN CALL ($0)
6,86,0.0,6,0,6,1.0,-100.0,0.0,MARGIN CALL ($0)
6,87,0.0,6,0,6,1.0,-100.0,0.0,MARGIN CALL ($0)
6,88,0.0,6,0,6,1.0,-100.0,0.0,MARGIN CALL ($0)
6,89,0.0,6,0,6,1.0,-100.0,0.0,MARGIN CALL ($0)
6,90,0.0,6,0,6,1.0,-100.0,0.0,MARGIN CALL ($0)
6,91,0.0,6,0,6,1.0,-100.0,0.0,MARGIN CALL ($0)
6,92,0.0,6,0,6,1.0,-100.0,0.0,MARGIN CALL ($0)
6,93,0.0,6,0,6,1.0,-100.0,0.0,MARGIN CALL ($0)
6,94,0.0,6,0,6,1.0,-100.0,0.0,MARGIN CALL ($0)
6,95,0.0,6,0,6,1.0,-100.0,0.0,MARGIN CALL ($0)
6,96,0.0,6,0,6,1.0,-100.0,0.0,MARGIN CALL ($0)
6,97,0.0,6,0,6,1.0,-100.0,0.0,MARGIN CALL ($0)
6,98,0.0,6,0,6,1.0,-100.0,0.0,MARGIN CALL ($0)
6,99,0.0,6,0,6,1.0,-100.0,0.0,MARGIN CALL ($0)
6,100,0.0,6,0,6,1.0,-100.0,0.0,MARGIN CALL ($0)
7,1,0.0,9,0,9,1.0,-100.0,0.0,MARGIN CALL ($0)
7,2,0.0,25,3,22,1.0,-100.0,12.0,MARGIN CALL ($0)
7,3,0.0,15,2,13,1.0,-100.0,13.333333333333334,MARGIN CALL ($0)
7,4,0.0,15,2,13,1.0,-100.0,13.333333333333334,MARGIN CALL ($0)
7,5,0.0,19,2,17,1.0,-100.0,10.526315789473683,MARGIN CALL ($0)
7,6,0.0,16,2,14,1.0,-100.0,12.5,MARGIN CALL ($0)
7,7,0.0,16,2,14,1.0,-100.0,12.5,MARGIN CALL ($0)
7,8,0.0,17,2,15,1.0,-100.0,11.76470588235294,MARGIN CALL ($0)
7,9,0.0,17,2,15,1.0,-100.0,11.76470588235294,MARGIN CALL ($0)
7,10,0.0,16,2,14,1.0,-100.0,12.5,MARGIN CALL ($0)
7,11,0.0,15,2,13,1.0,-100.0,13.333333333333334,MARGIN CALL ($0)
7,12,0.0,15,2,13,1.0,-100.0,13.333333333333334,MARGIN CALL ($0)
7,13,0.0,15,2,13,1.0,-100.0,13.333333333333334,MARGIN CALL ($0)
7,14,0.0,6,0,6,1.0,-100.0,0.0,MARGIN CALL ($0)
7,15,0.0,7,0,7,1.0,-100.0,0.0,MARGIN CALL ($0)
7,16,0.0,6,0,6,1.0,-100.0,0.0,MARGIN CALL ($0)
7,17,0.0,5,0,5,1.0,-100.0,0.0,MARGIN CALL ($0)
7,18,0.0,5,0,5,1.0,-100.0,0.0,MARGIN CALL ($0)
7,19,0.0,5,0,5,1.0,-100.0,0.0,MARGIN CALL ($0)
7,20,0.0,5,0,5,1.0,-100.0,0.0,MARGIN CALL ($0)
7,21,0.0,5,0,5,1.0,-100.0,0.0,MARGIN CALL ($0)
7,22,0.0,5,0,5,1.0,-100.0,0.0,MARGIN CALL ($0)
7,23,0.0,5,0,5,1.0,-100.0,0.0,MARGIN CALL ($0)
7,24,0.0,5,0,5,1.0,-100.0,0.0,MARGIN CALL ($0)
7,25,0.0,5,0,5,1.0,-100.0,0.0,MARGIN CALL ($0)
7,26,0.0,4,0,4,1.0,-100.0,0.0,MARGIN CALL ($0)
7,27,0.0,4,0,4,1.0,-100.0,0.0,MARGIN CALL ($0)
7,28,0.0,4,0,4,1.0,-100.0,0.0,MARGIN CALL ($0)
7,29,0.0,5,0,5,1.0,-100.0,0.0,MARGIN CALL ($0)
7,30,0.0,4,0,4,1.0,-100.0,0.0,MARGIN CALL ($0)
7,31,0.0,4,0,4,1.0,-100.0,0.0,MARGIN CALL ($0)
7,32,0.0,10,2,8,1.0,-100.0,20.0,MARGIN CALL ($0)
7,33,0.0,10,2,8,1.0,-100.0,20.0,MARGIN CALL ($0)
7,34,0.0,15,2,13,1.0,-100.0,13.333333333333334,MARGIN CALL ($0)
7,35,0.0,9,2,7,1.0,-100.0,22.22222222222222,MARGIN CALL ($0)
7,36,0.0,9,2,7,1.0,-100.0,22.22222222222222,MARGIN CALL ($0)
7,37,0.0,11,2,9,1.0,-100.0,18.181818181818183,MARGIN CALL ($0)
7,38,0.0,11,2,9,1.0,-100.0,18.181818181818183,MARGIN CALL ($0)
7,39,0.0,11,2,9,1.0,-100.0,18.181818181818183,MARGIN CALL ($0)
7,40,0.0,5,0,5,1.0,-100.0,0.0,MARGIN CALL ($0)
7,41,0.0,5,0,5,1.0,-100.0,0.0,MARGIN CALL ($0)
7,42,0.0,5,0,5,1.0,-100.0,0.0,MARGIN CALL ($0)
7,43,0.0,5,0,5,1.0,-100.0,0.0,MARGIN CALL ($0)
7,44,0.0,5,0,5,1.0,-100.0,0.0,MARGIN CALL ($0)
7,45,0.0,16,3,13,1.0,-100.0,18.75,MARGIN CALL ($0)
7,46,0.0,16,3,13,1.0,-100.0,18.75,MARGIN CALL ($0)
7,47,0.0,17,3,14,1.0,-100.0,17.647058823529413,MARGIN CALL ($0)
7,48,0.0,17,3,14,1.0,-100.0,17.647058823529413,MARGIN CALL ($0)
7,49,0.0,17,3,14,1.0,-100.0,17.647058823529413,MARGIN CALL ($0)
7,50,0.0,17,3,14,1.0,-100.0,17.647058823529413,MARGIN CALL ($0)
7,51,0.0,17,3,14,1.0,-100.0,17.647058823529413,MARGIN CALL ($0)
7,52,0.0,17,3,14,1.0,-100.0,17.647058823529413,MARGIN CALL ($0)
7,53,0.0,16,3,13,1.0,-100.0,18.75,MARGIN CALL ($0)
7,54,0.0,16,3,13,1.0,-100.0,18.75,MARGIN CALL ($0)
7,55,0.0,16,3,13,1.0,-100.0,18.75,MARGIN CALL ($0)
7,56,0.0,16,3,13,1.0,-100.0,18.75,MARGIN CALL ($0)
7,57,0.0,16,3,13,1.0,-100.0,18.75,MARGIN CALL ($0)
7,58,0.0,16,3,13,1.0,-100.0,18.75,MARGIN CALL ($0)
7,59,0.0,16,3,13,1.0,-100.0,18.75,MARGIN CALL ($0)
7,60,0.0,16,3,13,1.0,-100.0,18.75,MARGIN CALL ($0)
7,61,0.0,17,3,14,1.0,-100.0,17.647058823529413,MARGIN CALL ($0)
7,62,0.0,17,3,14,1.0,-100.0,17.647058823529413,MARGIN CALL ($0)
7,63,0.0,17,3,14,1.0,-100.0,17.647058823529413,MARGIN CALL ($0)
7,64,0.0,17,3,14,1.0,-100.0,17.647058823529413,MARGIN CALL ($0)
7,65,0.0,17,3,14,1.0,-100.0,17.647058823529413,MARGIN CALL ($0)
7,66,0.0,18,3,15,1.0,-100.0,16.666666666666664,MARGIN CALL ($0)
7,67,0.0,21,3,18,1.0,-100.0,14.285714285714285,MARGIN CALL ($0)
7,68,0.0,18,3,15,1.0,-100.0,16.666666666666664,MARGIN CALL ($0)
7,69,0.0,18,3,15,1.0,-100.0,16.666666666666664,MARGIN CALL ($0)
7,70,0.0,18,3,15,1.0,-100.0,16.666666666666664,MARGIN CALL ($0)
7,71,0.0,18,3,15,1.0,-100.0,16.666666666666664,MARGIN CALL ($0)
7,72,0.0,6,0,6,1.0,-100.0,0.0,MARGIN CALL ($0)
7,73,0.0,6,0,6,1.0,-100.0,0.0,MARGIN CALL ($0)
7,74,0.0,6,0,6,1.0,-100.0,0.0,MARGIN CALL ($0)
7,75,0.0,6,0,6,1.0,-100.0,0.0,MARGIN CALL ($0)
7,76,0.0,6,0,6,1.0,-100.0,0.0,MARGIN CALL ($0)
7,77,0.0,6,0,6,1.0,-100.0,0.0,MARGIN CALL ($0)
7,78,0.0,6,0,6,1.0,-100.0,0.0,MARGIN CALL ($0)
7,79,0.0,6,0,6,1.0,-100.0,0.0,MARGIN CALL ($0)
7,80,0.0,6,0,6,1.0,-100.0,0.0,MARGIN CALL ($0)
7,81,0.0,6,0,6,1.0,-100.0,0.0,MARGIN CALL ($0)
7,82,0.0,6,0,6,1.0,-100.0,0.0,MARGIN CALL ($0)
7,83,0.0,6,0,6,1.0,-100.0,0.0,MARGIN CALL ($0)
7,84,0.0,6,0,6,1.0,-100.0,0.0,MARGIN CALL ($0)
7,85,0.0,6,0,6,1.0,-100.0,0.0,MARGIN CALL ($0)
7,86,0.0,6,0,6,1.0,-100.0,0.0,MARGIN CALL ($0)
7,87,0.0,6,0,6,1.0,-100.0,0.0,MARGIN CALL ($0)
7,88,0.0,6,0,6,1.0,-100.0,0.0,MARGIN CALL ($0)
7,89,0.0,6,0,6,1.0,-100.0,0.0,MARGIN CALL ($0)
7,90,0.0,6,0,6,1.0,-100.0,0.0,MARGIN CALL ($0)
7,91,0.0,6,0,6,1.0,-100.0,0.0,MARGIN CALL ($0)
7,92,0.0,6,0,6,1.0,-100.0,0.0,MARGIN CALL ($0)
7,93,0.0,6,0,6,1.0,-100.0,0.0,MARGIN CALL ($0)
7,94,0.0,6,0,6,1.0,-100.0,0.0,MARGIN CALL ($0)
7,95,0.0,6,0,6,1.0,-100.0,0.0,MARGIN CALL ($0)
7,96,0.0,6,0,6,1.0,-100.0,0.0,MARGIN CALL ($0)
7,97,0.0,6,0,6,1.0,-100.0,0.0,MARGIN CALL ($0)
7,98,0.0,6,0,6,1.0,-100.0,0.0,MARGIN CALL ($0)
7,99,0.0,6,0,6,1.0,-100.0,0.0,MARGIN CALL ($0)
7,100,0.0,6,0,6,1.0,-100.0,0.0,MARGIN CALL ($0)
8,1,0.0,9,0,9,1.0,-100.0,0.0,MARGIN CALL ($0)
8,2,0.0,25,3,22,1.0,-100.0,12.0,MARGIN CALL ($0)
8,3,0.0,15,2,13,1.0,-100.0,13.333333333333334,MARGIN CALL ($0)
8,4,0.0,15,2,13,1.0,-100.0,13.333333333333334,MARGIN CALL ($0)
8,5,0.0,19,2,17,1.0,-100.0,10.526315789473683,MARGIN CALL ($0)
8,6,0.0,16,2,14,1.0,-100.0,12.5,MARGIN CALL ($0)
8,7,0.0,16,2,14,1.0,-100.0,12.5,MARGIN CALL ($0)
8,8,0.0,19,2,17,1.0,-100.0,10.526315789473683,MARGIN CALL ($0)
8,9,0.0,25,3,22,1.0,-100.0,12.0,MARGIN CALL ($0)
8,10,0.0,18,2,16,1.0,-100.0,11.11111111111111,MARGIN CALL ($0)
8,11,0.0,18,2,16,1.0,-100.0,11.11111111111111,MARGIN CALL ($0)
8,12,0.0,16,2,14,1.0,-100.0,12.5,MARGIN CALL ($0)
8,13,0.0,21,5,16,1.0,-100.0,23.809523809523807,MARGIN CALL ($0)
8,14,0.0,6,0,6,1.0,-100.0,0.0,MARGIN CALL ($0)
8,15,0.0,7,0,7,1.0,-100.0,0.0,MARGIN CALL ($0)
8,16,0.0,6,0,6,1.0,-100.0,0.0,MARGIN CALL ($0)
8,17,0.0,5,0,5,1.0,-100.0,0.0,MARGIN CALL ($0)
8,18,0.0,5,0,5,1.0,-100.0,0.0,MARGIN CALL ($0)
8,19,0.0,5,0,5,1.0,-100.0,0.0,MARGIN CALL ($0)
8,20,0.0,5,0,5,1.0,-100.0,0.0,MARGIN CALL ($0)
8,21,0.0,5,0,5,1.0,-100.0,0.0,MARGIN CALL ($0)
8,22,0.0,5,0,5,1.0,-100.0,0.0,MARGIN CALL ($0)
8,23,0.0,5,0,5,1.0,-100.0,0.0,MARGIN CALL ($0)
8,24,0.0,5,0,5,1.0,-100.0,0.0,MARGIN CALL ($0)
8,25,0.0,5,0,5,1.0,-100.0,0.0,MARGIN CALL ($0)
8,26,0.0,4,0,4,1.0,-100.0,0.0,MARGIN CALL ($0)
8,27,0.0,4,0,4,1.0,-100.0,0.0,MARGIN CALL ($0)
8,28,0.0,4,0,4,1.0,-100.0,0.0,MARGIN CALL ($0)
8,29,0.0,5,0,5,1.0,-100.0,0.0,MARGIN CALL ($0)
8,30,0.0,4,0,4,1.0,-100.0,0.0,MARGIN CALL ($0)
8,31,0.0,4,0,4,1.0,-100.0,0.0,MARGIN CALL ($0)
8,32,0.0,10,2,8,1.0,-100.0,20.0,MARGIN CALL ($0)
8,33,0.0,10,2,8,1.0,-100.0,20.0,MARGIN CALL ($0)
8,34,0.0,15,2,13,1.0,-100.0,13.333333333333334,MARGIN CALL ($0)
8,35,0.0,10,2,8,1.0,-100.0,20.0,MARGIN CALL ($0)
8,36,0.0,10,2,8,1.0,-100.0,20.0,MARGIN CALL ($0)
8,37,0.0,11,2,9,1.0,-100.0,18.181818181818183,MARGIN CALL ($0)
8,38,0.0,11,2,9,1.0,-100.0,18.181818181818183,MARGIN CALL ($0)
8,39,0.0,11,2,9,1.0,-100.0,18.181818181818183,MARGIN CALL ($0)
8,40,0.0,5,0,5,1.0,-100.0,0.0,MARGIN CALL ($0)
8,41,0.0,5,0,5,1.0,-100.0,0.0,MARGIN CALL ($0)
8,42,0.0,5,0,5,1.0,-100.0,0.0,MARGIN CALL ($0)
8,43,0.0,5,0,5,1.0,-100.0,0.0,MARGIN CALL ($0)
8,44,0.0,5,0,5,1.0,-100.0,0.0,MARGIN CALL ($0)
8,45,0.0,20,4,16,1.0,-100.0,20.0,MARGIN CALL ($0)
8,46,0.0,16,3,13,1.0,-100.0,18.75,MARGIN CALL ($0)
8,47,0.0,19,3,16,1.0,-100.0,15.789473684210526,MARGIN CALL ($0)
8,48,0.0,28,6,22,1.0,-100.0,21.428571428571427,MARGIN CALL ($0)
8,49,0.0,28,6,22,1.0,-100.0,21.428571428571427,MARGIN CALL ($0)
8,50,0.0,28,6,22,1.0,-100.0,21.428571428571427,MARGIN CALL ($0)
8,51,0.0,28,6,22,1.0,-100.0,21.428571428571427,MARGIN CALL ($0)
8,52,0.0,28,6,22,1.0,-100.0,21.428571428571427,MARGIN CALL ($0)
8,53,0.0,16,3,13,1.0,-100.0,18.75,MARGIN CALL ($0)
8,54,0.0,16,3,13,1.0,-100.0,18.75,MARGIN CALL ($0)
8,55,0.0,18,3,15,1.0,-100.0,16.666666666666664,MARGIN CALL ($0)
8,56,0.0,18,3,15,1.0,-100.0,16.666666666666664,MARGIN CALL ($0)
8,57,0.0,18,3,15,1.0,-100.0,16.666666666666664,MARGIN CALL ($0)
8,58,0.0,18,3,15,1.0,-100.0,16.666666666666664,MARGIN CALL ($0)
8,59,0.0,18,3,15,1.0,-100.0,16.666666666666664,MARGIN CALL ($0)
8,60,0.0,18,3,15,1.0,-100.0,16.666666666666664,MARGIN CALL ($0)
8,61,0.0,18,3,15,1.0,-100.0,16.666666666666664,MARGIN CALL ($0)
8,62,0.0,17,3,14,1.0,-100.0,17.647058823529413,MARGIN CALL ($0)
8,63,0.0,17,3,14,1.0,-100.0,17.647058823529413,MARGIN CALL ($0)
8,64,0.0,17,3,14,1.0,-100.0,17.647058823529413,MARGIN CALL ($0)
8,65,0.0,17,3,14,1.0,-100.0,17.647058823529413,MARGIN CALL ($0)
8,66,0.0,20,3,17,1.0,-100.0,15.0,MARGIN CALL ($0)
8,67,0.0,23,3,20,1.0,-100.0,13.043478260869565,MARGIN CALL ($0)
8,68,0.0,19,3,16,1.0,-100.0,15.789473684210526,MARGIN CALL ($0)
8,69,0.0,19,3,16,1.0,-100.0,15.789473684210526,MARGIN CALL ($0)
8,70,0.0,19,3,16,1.0,-100.0,15.789473684210526,MARGIN CALL ($0)
8,71,0.0,19,3,16,1.0,-100.0,15.789473684210526,MARGIN CALL ($0)
8,72,0.0,6,0,6,1.0,-100.0,0.0,MARGIN CALL ($0)
8,73,0.0,6,0,6,1.0,-100.0,0.0,MARGIN CALL ($0)
8,74,0.0,6,0,6,1.0,-100.0,0.0,MARGIN CALL ($0)
8,75,0.0,6,0,6,1.0,-100.0,0.0,MARGIN CALL ($0)
8,76,0.0,6,0,6,1.0,-100.0,0.0,MARGIN CALL ($0)
8,77,0.0,6,0,6,1.0,-100.0,0.0,MARGIN CALL ($0)
8,78,0.0,6,0,6,1.0,-100.0,0.0,MARGIN CALL ($0)
8,79,0.0,6,0,6,1.0,-100.0,0.0,MARGIN CALL ($0)
8,80,0.0,6,0,6,1.0,-100.0,0.0,MARGIN CALL ($0)
8,81,0.0,6,0,6,1.0,-100.0,0.0,MARGIN CALL ($0)
8,82,0.0,6,0,6,1.0,-100.0,0.0,MARGIN CALL ($0)
8,83,0.0,6,0,6,1.0,-100.0,0.0,MARGIN CALL ($0)
8,84,0.0,6,0,6,1.0,-100.0,0.0,MARGIN CALL ($0)
8,85,0.0,6,0,6,1.0,-100.0,0.0,MARGIN CALL ($0)
8,86,0.0,6,0,6,1.0,-100.0,0.0,MARGIN CALL ($0)
8,87,0.0,6,0,6,1.0,-100.0,0.0,MARGIN CALL ($0)
8,88,0.0,6,0,6,1.0,-100.0,0.0,MARGIN CALL ($0)
8,89,0.0,6,0,6,1.0,-100.0,0.0,MARGIN CALL ($0)
8,90,0.0,6,0,6,1.0,-100.0,0.0,MARGIN CALL ($0)
8,91,0.0,6,0,6,1.0,-100.0,0.0,MARGIN CALL ($0)
8,92,0.0,6,0,6,1.0,-100.0,0.0,MARGIN CALL ($0)
8,93,0.0,6,0,6,1.0,-100.0,0.0,MARGIN CALL ($0)
8,94,0.0,6,0,6,1.0,-100.0,0.0,MARGIN CALL ($0)
8,95,0.0,6,0,6,1.0,-100.0,0.0,MARGIN CALL ($0)
8,96,0.0,6,0,6,1.0,-100.0,0.0,MARGIN CALL ($0)
8,97,0.0,6,0,6,1.0,-100.0,0.0,MARGIN CALL ($0)
8,98,0.0,6,0,6,1.0,-100.0,0.0,MARGIN CALL ($0)
8,99,0.0,6,0,6,1.0,-100.0,0.0,MARGIN CALL ($0)
8,100,0.0,6,0,6,1.0,-100.0,0.0,MARGIN CALL ($0)
9,1,0.0,9,0,9,1.0,-100.0,0.0,MARGIN CALL ($0)
9,2,0.0,25,3,22,1.0,-100.0,12.0,MARGIN CALL ($0)
9,3,0.0,15,2,13,1.0,-100.0,13.333333333333334,MARGIN CALL ($0)
9,4,0.0,15,2,13,1.0,-100.0,13.333333333333334,MARGIN CALL ($0)
9,5,0.0,19,2,17,1.0,-100.0,10.526315789473683,MARGIN CALL ($0)
9,6,0.0,16,2,14,1.0,-100.0,12.5,MARGIN CALL ($0)
9,7,0.0,16,2,14,1.0,-100.0,12.5,MARGIN CALL ($0)
9,8,0.0,19,2,17,1.0,-100.0,10.526315789473683,MARGIN CALL ($0)
9,9,0.0,19,2,17,1.0,-100.0,10.526315789473683,MARGIN CALL ($0)
9,10,0.0,19,2,17,1.0,-100.0,10.526315789473683,MARGIN CALL ($0)
9,11,0.0,18,2,16,1.0,-100.0,11.11111111111111,MARGIN CALL ($0)
9,12,0.0,17,2,15,1.0,-100.0,11.76470588235294,MARGIN CALL ($0)
9,13,0.0,20,3,17,1.0,-100.0,15.0,MARGIN CALL ($0)
9,14,0.0,7,0,7,1.0,-100.0,0.0,MARGIN CALL ($0)
9,15,0.0,6,0,6,1.0,-100.0,0.0,MARGIN CALL ($0)
9,16,0.0,5,0,5,1.0,-100.0,0.0,MARGIN CALL ($0)
9,17,0.0,5,0,5,1.0,-100.0,0.0,MARGIN CALL ($0)
9,18,0.0,6,0,6,1.0,-100.0,0.0,MARGIN CALL ($0)
9,19,0.0,6,0,6,1.0,-100.0,0.0,MARGIN CALL ($0)
9,20,0.0,6,0,6,1.0,-100.0,0.0,MARGIN CALL ($0)
9,21,0.0,6,0,6,1.0,-100.0,0.0,MARGIN CALL ($0)
9,22,0.0,6,0,6,1.0,-100.0,0.0,MARGIN CALL ($0)
9,23,0.0,6,0,6,1.0,-100.0,0.0,MARGIN CALL ($0)
9,24,0.0,6,0,6,1.0,-100.0,0.0,MARGIN CALL ($0)
9,25,0.0,6,0,6,1.0,-100.0,0.0,MARGIN CALL ($0)
9,26,0.0,5,0,5,1.0,-100.0,0.0,MARGIN CALL ($0)
9,27,0.0,5,0,5,1.0,-100.0,0.0,MARGIN CALL ($0)
9,28,0.0,5,0,5,1.0,-100.0,0.0,MARGIN CALL ($0)
9,29,0.0,5,0,5,1.0,-100.0,0.0,MARGIN CALL ($0)
9,30,0.0,5,0,5,1.0,-100.0,0.0,MARGIN CALL ($0)
9,31,0.0,5,0,5,1.0,-100.0,0.0,MARGIN CALL ($0)
9,32,0.0,10,2,8,1.0,-100.0,20.0,MARGIN CALL ($0)
9,33,0.0,10,2,8,1.0,-100.0,20.0,MARGIN CALL ($0)
9,34,0.0,15,2,13,1.0,-100.0,13.333333333333334,MARGIN CALL ($0)
9,35,0.0,10,2,8,1.0,-100.0,20.0,MARGIN CALL ($0)
9,36,0.0,10,2,8,1.0,-100.0,20.0,MARGIN CALL ($0)
9,37,0.0,11,2,9,1.0,-100.0,18.181818181818183,MARGIN CALL ($0)
9,38,0.0,11,2,9,1.0,-100.0,18.181818181818183,MARGIN CALL ($0)
9,39,0.0,11,2,9,1.0,-100.0,18.181818181818183,MARGIN CALL ($0)
9,40,0.0,5,0,5,1.0,-100.0,0.0,MARGIN CALL ($0)
9,41,0.0,5,0,5,1.0,-100.0,0.0,MARGIN CALL ($0)
9,42,0.0,5,0,5,1.0,-100.0,0.0,MARGIN CALL ($0)
9,43,0.0,5,0,5,1.0,-100.0,0.0,MARGIN CALL ($0)
9,44,0.0,5,0,5,1.0,-100.0,0.0,MARGIN CALL ($0)
9,45,0.0,20,4,16,1.0,-100.0,20.0,MARGIN CALL ($0)
9,46,0.0,17,3,14,1.0,-100.0,17.647058823529413,MARGIN CALL ($0)
9,47,0.0,59,12,47,1.0,-100.0,20.33898305084746,MARGIN CALL ($0)
9,48,0.0,59,12,47,1.0,-100.0,20.33898305084746,MARGIN CALL ($0)
9,53,0.0,17,3,14,1.0,-100.0,17.647058823529413,MARGIN CALL ($0)
9,54,0.0,17,3,14,1.0,-100.0,17.647058823529413,MARGIN CALL ($0)
9,55,0.0,17,3,14,1.0,-100.0,17.647058823529413,MARGIN CALL ($0)
9,56,0.0,17,3,14,1.0,-100.0,17.647058823529413,MARGIN CALL ($0)
9,57,0.0,17,3,14,1.0,-100.0,17.647058823529413,MARGIN CALL ($0)
9,58,0.0,18,3,15,1.0,-100.0,16.666666666666664,MARGIN CALL ($0)
9,59,0.0,18,3,15,1.0,-100.0,16.666666666666664,MARGIN CALL ($0)
9,60,0.0,18,3,15,1.0,-100.0,16.666666666666664,MARGIN CALL ($0)
9,61,0.0,18,3,15,1.0,-100.0,16.666666666666664,MARGIN CALL ($0)
9,62,0.0,18,3,15,1.0,-100.0,16.666666666666664,MARGIN CALL ($0)
9,63,0.0,18,3,15,1.0,-100.0,16.666666666666664,MARGIN CALL ($0)
9,64,0.0,18,3,15,1.0,-100.0,16.666666666666664,MARGIN CALL ($0)
9,65,0.0,18,3,15,1.0,-100.0,16.666666666666664,MARGIN CALL ($0)
9,66,0.0,21,3,18,1.0,-100.0,14.285714285714285,MARGIN CALL ($0)
9,67,0.0,22,3,19,1.0,-100.0,13.636363636363635,MARGIN CALL ($0)
9,68,0.0,20,3,17,1.0,-100.0,15.0,MARGIN CALL ($0)
9,69,0.0,20,3,17,1.0,-100.0,15.0,MARGIN CALL ($0)
9,70,0.0,20,3,17,1.0,-100.0,15.0,MARGIN CALL ($0)
9,71,0.0,20,3,17,1.0,-100.0,15.0,MARGIN CALL ($0)
9,72,0.0,6,0,6,1.0,-100.0,0.0,MARGIN CALL ($0)
9,73,0.0,6,0,6,1.0,-100.0,0.0,MARGIN CALL ($0)
9,74,0.0,6,0,6,1.0,-100.0,0.0,MARGIN CALL ($0)
9,75,0.0,6,0,6,1.0,-100.0,0.0,MARGIN CALL ($0)
9,76,0.0,6,0,6,1.0,-100.0,0.0,MARGIN CALL ($0)
9,77,0.0,6,0,6,1.0,-100.0,0.0,MARGIN CALL ($0)
9,78,0.0,6,0,6,1.0,-100.0,0.0,MARGIN CALL ($0)
9,79,0.0,6,0,6,1.0,-100.0,0.0,MARGIN CALL ($0)
9,80,0.0,6,0,6,1.0,-100.0,0.0,MARGIN CALL ($0)
9,81,0.0,6,0,6,1.0,-100.0,0.0,MARGIN CALL ($0)
9,82,0.0,6,0,6,1.0,-100.0,0.0,MARGIN CALL ($0)
9,83,0.0,6,0,6,1.0,-100.0,0.0,MARGIN CALL ($0)
9,84,0.0,6,0,6,1.0,-100.0,0.0,MARGIN CALL ($0)
9,85,0.0,6,0,6,1.0,-100.0,0.0,MARGIN CALL ($0)
9,86,0.0,6,0,6,1.0,-100.0,0.0,MARGIN CALL ($0)
9,87,0.0,6,0,6,1.0,-100.0,0.0,MARGIN CALL ($0)
9,88,0.0,6,0,6,1.0,-100.0,0.0,MARGIN CALL ($0)
9,89,0.0,5,0,5,1.0,-100.0,0.0,MARGIN CALL ($0)
9,90,0.0,5,0,5,1.0,-100.0,0.0,MARGIN CALL ($0)
9,91,0.0,5,0,5,1.0,-100.0,0.0,MARGIN CALL ($0)
9,92,0.0,5,0,5,1.0,-100.0,0.0,MARGIN CALL ($0)
9,93,0.0,5,0,5,1.0,-100.0,0.0,MARGIN CALL ($0)
9,94,0.0,5,0,5,1.0,-100.0,0.0,MARGIN CALL ($0)
9,95,0.0,5,0,5,1.0,-100.0,0.0,MARGIN CALL ($0)
9,96,0.0,5,0,5,1.0,-100.0,0.0,MARGIN CALL ($0)
9,97,0.0,5,0,5,1.0,-100.0,0.0,MARGIN CALL ($0)
9,98,0.0,5,0,5,1.0,-100.0,0.0,MARGIN CALL ($0)
9,99,0.0,5,0,5,1.0,-100.0,0.0,MARGIN CALL ($0)
9,100,0.0,5,0,5,1.0,-100.0,0.0,MARGIN CALL ($0)
10,1,0.0,9,0,9,1.0,-100.0,0.0,MARGIN CALL ($0)
10,2,0.0,25,3,22,1.0,-100.0,12.0,MARGIN CALL ($0)
10,3,0.0,15,2,13,1.0,-100.0,13.333333333333334,MARGIN CALL ($0)
10,4,0.0,15,2,13,1.0,-100.0,13.333333333333334,MARGIN CALL ($0)
10,5,0.0,19,2,17,1.0,-100.0,10.526315789473683,MARGIN CALL ($0)
10,6,0.0,16,2,14,1.0,-100.0,12.5,MARGIN CALL ($0)
10,7,0.0,16,2,14,1.0,-100.0,12.5,MARGIN CALL ($0)
10,8,0.0,19,2,17,1.0,-100.0,10.526315789473683,MARGIN CALL ($0)
10,9,0.0,19,2,17,1.0,-100.0,10.526315789473683,MARGIN CALL ($0)
10,10,0.0,16,1,15,1.0,-100.0,6.25,MARGIN CALL ($0)
10,11,0.0,16,1,15,1.0,-100.0,6.25,MARGIN CALL ($0)
10,12,0.0,15,1,14,1.0,-100.0,6.666666666666667,MARGIN CALL ($0)
10,13,0.0,14,1,13,1.0,-100.0,7.142857142857142,MARGIN CALL ($0)
10,14,0.0,7,0,7,1.0,-100.0,0.0,MARGIN CALL ($0)
10,15,0.0,6,0,6,1.0,-100.0,0.0,MARGIN CALL ($0)
10,16,0.0,5,0,5,1.0,-100.0,0.0,MARGIN CALL ($0)
10,17,0.0,5,0,5,1.0,-100.0,0.0,MARGIN CALL ($0)
10,18,0.0,6,0,6,1.0,-100.0,0.0,MARGIN CALL ($0)
10,19,0.0,6,0,6,1.0,-100.0,0.0,MARGIN CALL ($0)
10,20,0.0,6,0,6,1.0,-100.0,0.0,MARGIN CALL ($0)
10,21,0.0,6,0,6,1.0,-100.0,0.0,MARGIN CALL ($0)
10,22,0.0,6,0,6,1.0,-100.0,0.0,MARGIN CALL ($0)
10,23,0.0,6,0,6,1.0,-100.0,0.0,MARGIN CALL ($0)
10,24,0.0,6,0,6,1.0,-100.0,0.0,MARGIN CALL ($0)
10,25,0.0,6,0,6,1.0,-100.0,0.0,MARGIN CALL ($0)
10,26,0.0,5,0,5,1.0,-100.0,0.0,MARGIN CALL ($0)
10,27,0.0,5,0,5,1.0,-100.0,0.0,MARGIN CALL ($0)
10,28,0.0,5,0,5,1.0,-100.0,0.0,MARGIN CALL ($0)
10,29,0.0,5,0,5,1.0,-100.0,0.0,MARGIN CALL ($0)
10,30,0.0,5,0,5,1.0,-100.0,0.0,MARGIN CALL ($0)
10,31,0.0,5,0,5,1.0,-100.0,0.0,MARGIN CALL ($0)
10,32,0.0,8,1,7,1.0,-100.0,12.5,MARGIN CALL ($0)
10,33,0.0,8,1,7,1.0,-100.0,12.5,MARGIN CALL ($0)
10,34,0.0,10,1,9,1.0,-100.0,10.0,MARGIN CALL ($0)
10,35,0.0,8,1,7,1.0,-100.0,12.5,MARGIN CALL ($0)
10,36,0.0,8,1,7,1.0,-100.0,12.5,MARGIN CALL ($0)
10,37,0.0,10,1,9,1.0,-100.0,10.0,MARGIN CALL ($0)
10,38,0.0,10,1,9,1.0,-100.0,10.0,MARGIN CALL ($0)
10,39,0.0,10,1,9,1.0,-100.0,10.0,MARGIN CALL ($0)
10,40,0.0,5,0,5,1.0,-100.0,0.0,MARGIN CALL ($0)
10,41,0.0,5,0,5,1.0,-100.0,0.0,MARGIN CALL ($0)
10,42,0.0,5,0,5,1.0,-100.0,0.0,MARGIN CALL ($0)
10,43,0.0,5,0,5,1.0,-100.0,0.0,MARGIN CALL ($0)
10,44,0.0,5,0,5,1.0,-100.0,0.0,MARGIN CALL ($0)
10,45,0.0,14,2,12,1.0,-100.0,14.285714285714285,MARGIN CALL ($0)
10,46,0.0,14,2,12,1.0,-100.0,14.285714285714285,MARGIN CALL ($0)
10,47,0.0,56,11,45,1.0,-100.0,19.642857142857142,MARGIN CALL ($0)
10,48,0.0,55,11,44,1.0,-100.0,20.0,MARGIN CALL ($0)
10,57,0.0,15,2,13,1.0,-100.0,13.333333333333334,MARGIN CALL ($0)
10,58,0.0,15,2,13,1.0,-100.0,13.333333333333334,MARGIN CALL ($0)
10,59,0.0,15,2,13,1.0,-100.0,13.333333333333334,MARGIN CALL ($0)
10,60,0.0,16,2,14,1.0,-100.0,12.5,MARGIN CALL ($0)
10,61,0.0,14,2,12,1.0,-100.0,14.285714285714285,MARGIN CALL ($0)
10,62,0.0,14,2,12,1.0,-100.0,14.285714285714285,MARGIN CALL ($0)
10,63,0.0,14,2,12,1.0,-100.0,14.285714285714285,MARGIN CALL ($0)
10,64,0.0,14,2,12,1.0,-100.0,14.285714285714285,MARGIN CALL ($0)
10,65,0.0,14,2,12,1.0,-100.0,14.285714285714285,MARGIN CALL ($0)
10,66,0.0,19,3,16,1.0,-100.0,15.789473684210526,MARGIN CALL ($0)
10,67,0.0,20,3,17,1.0,-100.0,15.0,MARGIN CALL ($0)
10,68,0.0,16,2,14,1.0,-100.0,12.5,MARGIN CALL ($0)
10,69,0.0,16,2,14,1.0,-100.0,12.5,MARGIN CALL ($0)
10,70,0.0,16,2,14,1.0,-100.0,12.5,MARGIN CALL ($0)
10,71,0.0,16,2,14,1.0,-100.0,12.5,MARGIN CALL ($0)
10,72,0.0,6,0,6,1.0,-100.0,0.0,MARGIN CALL ($0)
10,73,0.0,6,0,6,1.0,-100.0,0.0,MARGIN CALL ($0)
10,74,0.0,6,0,6,1.0,-100.0,0.0,MARGIN CALL ($0)
10,75,0.0,6,0,6,1.0,-100.0,0.0,MARGIN CALL ($0)
10,76,0.0,6,0,6,1.0,-100.0,0.0,MARGIN CALL ($0)
10,77,0.0,6,0,6,1.0,-100.0,0.0,MARGIN CALL ($0)
10,78,0.0,6,0,6,1.0,-100.0,0.0,MARGIN CALL ($0)
10,79,0.0,6,0,6,1.0,-100.0,0.0,MARGIN CALL ($0)
10,80,0.0,6,0,6,1.0,-100.0,0.0,MARGIN CALL ($0)
10,81,0.0,6,0,6,1.0,-100.0,0.0,MARGIN CALL ($0)
10,82,0.0,6,0,6,1.0,-100.0,0.0,MARGIN CALL ($0)
10,83,0.0,6,0,6,1.0,-100.0,0.0,MARGIN CALL ($0)
10,84,0.0,6,0,6,1.0,-100.0,0.0,MARGIN CALL ($0)
10,85,0.0,6,0,6,1.0,-100.0,0.0,MARGIN CALL ($0)
10,86,0.0,6,0,6,1.0,-100.0,0.0,MARGIN CALL ($0)
10,87,0.0,6,0,6,1.0,-100.0,0.0,MARGIN CALL ($0)
10,88,0.0,6,0,6,1.0,-100.0,0.0,MARGIN CALL ($0)
10,89,0.0,5,0,5,1.0,-100.0,0.0,MARGIN CALL ($0)
10,90,0.0,5,0,5,1.0,-100.0,0.0,MARGIN CALL ($0)
10,91,0.0,5,0,5,1.0,-100.0,0.0,MARGIN CALL ($0)
10,92,0.0,5,0,5,1.0,-100.0,0.0,MARGIN CALL ($0)
10,93,0.0,5,0,5,1.0,-100.0,0.0,MARGIN CALL ($0)
10,94,0.0,5,0,5,1.0,-100.0,0.0,MARGIN CALL ($0)
10,95,0.0,5,0,5,1.0,-100.0,0.0,MARGIN CALL ($0)
10,96,0.0,5,0,5,1.0,-100.0,0.0,MARGIN CALL ($0)
10,97,0.0,5,0,5,1.0,-100.0,0.0,MARGIN CALL ($0)
10,98,0.0,5,0,5,1.0,-100.0,0.0,MARGIN CALL ($0)
10,99,0.0,5,0,5,1.0,-100.0,0.0,MARGIN CALL ($0)
10,100,0.0,5,0,5,1.0,-100.0,0.0,MARGIN CALL ($0)
11,1,0.0,9,0,9,1.0,-100.0,0.0,MARGIN CALL ($0)
11,2,0.0,25,3,22,1.0,-100.0,12.0,MARGIN CALL ($0)
11,3,0.0,15,2,13,1.0,-100.0,13.333333333333334,MARGIN CALL ($0)
11,4,0.0,15,2,13,1.0,-100.0,13.333333333333334,MARGIN CALL ($0)
11,5,0.0,19,2,17,1.0,-100.0,10.526315789473683,MARGIN CALL ($0)
11,6,0.0,16,2,14,1.0,-100.0,12.5,MARGIN CALL ($0)
11,7,0.0,16,2,14,1.0,-100.0,12.5,MARGIN CALL ($0)
11,8,0.0,19,2,17,1.0,-100.0,10.526315789473683,MARGIN CALL ($0)
11,9,0.0,19,2,17,1.0,-100.0,10.526315789473683,MARGIN CALL ($0)
11,10,0.0,16,1,15,1.0,-100.0,6.25,MARGIN CALL ($0)
11,11,0.0,17,1,16,1.0,-100.0,5.88235294117647,MARGIN CALL ($0)
11,14,0.0,8,0,8,1.0,-100.0,0.0,MARGIN CALL ($0)
11,15,0.0,8,0,8,1.0,-100.0,0.0,MARGIN CALL ($0)
11,16,0.0,7,0,7,1.0,-100.0,0.0,MARGIN CALL ($0)
11,17,0.0,7,0,7,1.0,-100.0,0.0,MARGIN CALL ($0)
11,18,0.0,7,0,7,1.0,-100.0,0.0,MARGIN CALL ($0)
11,19,0.0,8,0,8,1.0,-100.0,0.0,MARGIN CALL ($0)
11,20,0.0,8,0,8,1.0,-100.0,0.0,MARGIN CALL ($0)
11,21,0.0,8,0,8,1.0,-100.0,0.0,MARGIN CALL ($0)
11,22,0.0,8,0,8,1.0,-100.0,0.0,MARGIN CALL ($0)
11,23,0.0,8,0,8,1.0,-100.0,0.0,MARGIN CALL ($0)
11,24,0.0,6,0,6,1.0,-100.0,0.0,MARGIN CALL ($0)
11,25,0.0,6,0,6,1.0,-100.0,0.0,MARGIN CALL ($0)
11,26,0.0,7,0,7,1.0,-100.0,0.0,MARGIN CALL ($0)
11,27,0.0,7,0,7,1.0,-100.0,0.0,MARGIN CALL ($0)
11,28,0.0,7,0,7,1.0,-100.0,0.0,MARGIN CALL ($0)
11,29,0.0,6,0,6,1.0,-100.0,0.0,MARGIN CALL ($0)
11,30,0.0,6,0,6,1.0,-100.0,0.0,MARGIN CALL ($0)
11,31,0.0,6,0,6,1.0,-100.0,0.0,MARGIN CALL ($0)
11,32,0.0,9,1,8,1.0,-100.0,11.11111111111111,MARGIN CALL ($0)
11,33,0.0,9,1,8,1.0,-100.0,11.11111111111111,MARGIN CALL ($0)
11,34,0.0,10,1,9,1.0,-100.0,10.0,MARGIN CALL ($0)
11,35,0.0,12,1,11,1.0,-100.0,8.333333333333332,MARGIN CALL ($0)
11,36,0.0,12,1,11,1.0,-100.0,8.333333333333332,MARGIN CALL ($0)
11,37,0.0,13,1,12,1.0,-100.0,7.6923076923076925,MARGIN CALL ($0)
11,38,0.0,13,1,12,1.0,-100.0,7.6923076923076925,MARGIN CALL ($0)
11,39,0.0,12,1,11,1.0,-100.0,8.333333333333332,MARGIN CALL ($0)
11,40,0.0,7,0,7,1.0,-100.0,0.0,MARGIN CALL ($0)
11,41,0.0,7,0,7,1.0,-100.0,0.0,MARGIN CALL ($0)
11,42,0.0,7,0,7,1.0,-100.0,0.0,MARGIN CALL ($0)
11,43,0.0,7,0,7,1.0,-100.0,0.0,MARGIN CALL ($0)
11,44,0.0,7,0,7,1.0,-100.0,0.0,MARGIN CALL ($0)
11,46,0.0,285,56,229,1.0,-100.0,19.649122807017545,MARGIN CALL ($0)
11,47,0.0,284,51,233,1.0,-100.0,17.95774647887324,MARGIN CALL ($0)
11,56,0.0,244,47,197,1.0,-100.0,19.262295081967213,MARGIN CALL ($0)
11,57,0.0,262,50,212,1.0,-100.0,19.083969465648856,MARGIN CALL ($0)
11,58,0.0,454,103,351,1.0,-100.0,22.687224669603523,MARGIN CALL ($0)
11,59,0.0,234,46,188,1.0,-100.0,19.65811965811966,MARGIN CALL ($0)
11,60,0.0,234,46,188,1.0,-100.0,19.65811965811966,MARGIN CALL ($0)
11,61,0.0,17,2,15,1.0,-100.0,11.76470588235294,MARGIN CALL ($0)
11,62,0.0,18,2,16,1.0,-100.0,11.11111111111111,MARGIN CALL ($0)
11,63,0.0,18,2,16,1.0,-100.0,11.11111111111111,MARGIN CALL ($0)
11,64,0.0,18,2,16,1.0,-100.0,11.11111111111111,MARGIN CALL ($0)
11,65,0.0,18,2,16,1.0,-100.0,11.11111111111111,MARGIN CALL ($0)
11,68,0.0,17,2,15,1.0,-100.0,11.76470588235294,MARGIN CALL ($0)
11,69,0.0,17,2,15,1.0,-100.0,11.76470588235294,MARGIN CALL ($0)
11,70,0.0,17,2,15,1.0,-100.0,11.76470588235294,MARGIN CALL ($0)
11,71,0.0,17,2,15,1.0,-100.0,11.76470588235294,MARGIN CALL ($0)
11,72,0.0,6,0,6,1.0,-100.0,0.0,MARGIN CALL ($0)
11,73,0.0,6,0,6,1.0,-100.0,0.0,MARGIN CALL ($0)
11,74,0.0,6,0,6,1.0,-100.0,0.0,MARGIN CALL ($0)
11,75,0.0,6,0,6,1.0,-100.0,0.0,MARGIN CALL ($0)
11,76,0.0,6,0,6,1.0,-100.0,0.0,MARGIN CALL ($0)
11,77,0.0,6,0,6,1.0,-100.0,0.0,MARGIN CALL ($0)
11,78,0.0,6,0,6,1.0,-100.0,0.0,MARGIN CALL ($0)
11,79,0.0,6,0,6,1.0,-100.0,0.0,MARGIN CALL ($0)
11,80,0.0,6,0,6,1.0,-100.0,0.0,MARGIN CALL ($0)
11,81,0.0,6,0,6,1.0,-100.0,0.0,MARGIN CALL ($0)
11,82,0.0,6,0,6,1.0,-100.0,0.0,MARGIN CALL ($0)
11,83,0.0,6,0,6,1.0,-100.0,0.0,MARGIN CALL ($0)
11,84,0.0,6,0,6,1.0,-100.0,0.0,MARGIN CALL ($0)
11,85,0.0,6,0,6,1.0,-100.0,0.0,MARGIN CALL ($0)
11,86,0.0,6,0,6,1.0,-100.0,0.0,MARGIN CALL ($0)
11,87,0.0,6,0,6,1.0,-100.0,0.0,MARGIN CALL ($0)
11,88,0.0,6,0,6,1.0,-100.0,0.0,MARGIN CALL ($0)
11,89,0.0,7,0,7,1.0,-100.0,0.0,MARGIN CALL ($0)
11,90,0.0,7,0,7,1.0,-100.0,0.0,MARGIN CALL ($0)
11,91,0.0,7,0,7,1.0,-100.0,0.0,MARGIN CALL ($0)
11,92,0.0,7,0,7,1.0,-100.0,0.0,MARGIN CALL ($0)
11,93,0.0,7,0,7,1.0,-100.0,0.0,MARGIN CALL ($0)
11,94,0.0,7,0,7,1.0,-100.0,0.0,MARGIN CALL ($0)
11,95,0.0,7,0,7,1.0,-100.0,0.0,MARGIN CALL ($0)
11,96,0.0,7,0,7,1.0,-100.0,0.0,MARGIN CALL ($0)
11,97,0.0,7,0,7,1.0,-100.0,0.0,MARGIN CALL ($0)
11,98,0.0,7,0,7,1.0,-100.0,0.0,MARGIN CALL ($0)
11,99,0.0,7,0,7,1.0,-100.0,0.0,MARGIN CALL ($0)
11,100,0.0,7,0,7,1.0,-100.0,0.0,MARGIN CALL ($0)
12,1,0.0,9,0,9,1.0,-100.0,0.0,MARGIN CALL ($0)
12,2,0.0,25,3,22,1.0,-100.0,12.0,MARGIN CALL ($0)
12,3,0.0,15,2,13,1.0,-100.0,13.333333333333334,MARGIN CALL ($0)
12,4,0.0,15,2,13,1.0,-100.0,13.333333333333334,MARGIN CALL ($0)
12,5,0.0,19,2,17,1.0,-100.0,10.526315789473683,MARGIN CALL ($0)
12,6,0.0,16,2,14,1.0,-100.0,12.5,MARGIN CALL ($0)
12,7,0.0,16,2,14,1.0,-100.0,12.5,MARGIN CALL ($0)
12,8,0.0,19,2,17,1.0,-100.0,10.526315789473683,MARGIN CALL ($0)
12,9,0.0,19,2,17,1.0,-100.0,10.526315789473683,MARGIN CALL ($0)
12,10,0.0,16,1,15,1.0,-100.0,6.25,MARGIN CALL ($0)
12,11,0.0,43,4,39,1.0,-100.0,9.30232558139535,MARGIN CALL ($0)
12,14,0.0,8,0,8,1.0,-100.0,0.0,MARGIN CALL ($0)
12,15,0.0,8,0,8,1.0,-100.0,0.0,MARGIN CALL ($0)
12,16,0.0,7,0,7,1.0,-100.0,0.0,MARGIN CALL ($0)
12,17,0.0,7,0,7,1.0,-100.0,0.0,MARGIN CALL ($0)
12,18,0.0,7,0,7,1.0,-100.0,0.0,MARGIN CALL ($0)
12,19,0.0,8,0,8,1.0,-100.0,0.0,MARGIN CALL ($0)
12,20,0.0,8,0,8,1.0,-100.0,0.0,MARGIN CALL ($0)
12,21,0.0,8,0,8,1.0,-100.0,0.0,MARGIN CALL ($0)
12,22,0.0,8,0,8,1.0,-100.0,0.0,MARGIN CALL ($0)
12,23,0.0,8,0,8,1.0,-100.0,0.0,MARGIN CALL ($0)
12,24,0.0,6,0,6,1.0,-100.0,0.0,MARGIN CALL ($0)
12,25,0.0,6,0,6,1.0,-100.0,0.0,MARGIN CALL ($0)
12,26,0.0,7,0,7,1.0,-100.0,0.0,MARGIN CALL ($0)
12,27,0.0,7,0,7,1.0,-100.0,0.0,MARGIN CALL ($0)
12,28,0.0,7,0,7,1.0,-100.0,0.0,MARGIN CALL ($0)
12,29,0.0,6,0,6,1.0,-100.0,0.0,MARGIN CALL ($0)
12,30,0.0,6,0,6,1.0,-100.0,0.0,MARGIN CALL ($0)
12,31,0.0,6,0,6,1.0,-100.0,0.0,MARGIN CALL ($0)
12,32,0.0,9,1,8,1.0,-100.0,11.11111111111111,MARGIN CALL ($0)
12,33,0.0,9,1,8,1.0,-100.0,11.11111111111111,MARGIN CALL ($0)
12,34,0.0,10,1,9,1.0,-100.0,10.0,MARGIN CALL ($0)
12,35,0.0,12,1,11,1.0,-100.0,8.333333333333332,MARGIN CALL ($0)
12,36,0.0,12,1,11,1.0,-100.0,8.333333333333332,MARGIN CALL ($0)
12,37,0.0,13,1,12,1.0,-100.0,7.6923076923076925,MARGIN CALL ($0)
12,38,0.0,13,1,12,1.0,-100.0,7.6923076923076925,MARGIN CALL ($0)
12,39,0.0,12,1,11,1.0,-100.0,8.333333333333332,MARGIN CALL ($0)
12,40,0.0,7,0,7,1.0,-100.0,0.0,MARGIN CALL ($0)
12,41,0.0,7,0,7,1.0,-100.0,0.0,MARGIN CALL ($0)
12,42,0.0,7,0,7,1.0,-100.0,0.0,MARGIN CALL ($0)
12,43,0.0,7,0,7,1.0,-100.0,0.0,MARGIN CALL ($0)
12,44,0.0,7,0,7,1.0,-100.0,0.0,MARGIN CALL ($0)
12,61,0.0,16,2,14,1.0,-100.0,12.5,MARGIN CALL ($0)
12,62,0.0,17,2,15,1.0,-100.0,11.76470588235294,MARGIN CALL ($0)
12,63,0.0,17,2,15,1.0,-100.0,11.76470588235294,MARGIN CALL ($0)
12,64,0.0,17,2,15,1.0,-100.0,11.76470588235294,MARGIN CALL ($0)
12,65,0.0,17,2,15,1.0,-100.0,11.76470588235294,MARGIN CALL ($0)
12,68,0.0,17,2,15,1.0,-100.0,11.76470588235294,MARGIN CALL ($0)
12,69,0.0,17,2,15,1.0,-100.0,11.76470588235294,MARGIN CALL ($0)
12,70,0.0,17,2,15,1.0,-100.0,11.76470588235294,MARGIN CALL ($0)
12,71,0.0,17,2,15,1.0,-100.0,11.76470588235294,MARGIN CALL ($0)
12,72,0.0,6,0,6,1.0,-100.0,0.0,MARGIN CALL ($0)
12,73,0.0,6,0,6,1.0,-100.0,0.0,MARGIN CALL ($0)
12,74,0.0,6,0,6,1.0,-100.0,0.0,MARGIN CALL ($0)
12,75,0.0,6,0,6,1.0,-100.0,0.0,MARGIN CALL ($0)
12,76,0.0,6,0,6,1.0,-100.0,0.0,MARGIN CALL ($0)
12,77,0.0,6,0,6,1.0,-100.0,0.0,MARGIN CALL ($0)
12,78,0.0,6,0,6,1.0,-100.0,0.0,MARGIN CALL ($0)
12,79,0.0,6,0,6,1.0,-100.0,0.0,MARGIN CALL ($0)
12,80,0.0,6,0,6,1.0,-100.0,0.0,MARGIN CALL ($0)
12,81,0.0,6,0,6,1.0,-100.0,0.0,MARGIN CALL ($0)
12,82,0.0,6,0,6,1.0,-100.0,0.0,MARGIN CALL ($0)
12,83,0.0,6,0,6,1.0,-100.0,0.0,MARGIN CALL ($0)
12,84,0.0,6,0,6,1.0,-100.0,0.0,MARGIN CALL ($0)
12,85,0.0,6,0,6,1.0,-100.0,0.0,MARGIN CALL ($0)
12,86,0.0,6,0,6,1.0,-100.0,0.0,MARGIN CALL ($0)
12,87,0.0,6,0,6,1.0,-100.0,0.0,MARGIN CALL ($0)
12,88,0.0,6,0,6,1.0,-100.0,0.0,MARGIN CALL ($0)
12,89,0.0,7,0,7,1.0,-100.0,0.0,MARGIN CALL ($0)
12,90,0.0,7,0,7,1.0,-100.0,0.0,MARGIN CALL ($0)
12,91,0.0,7,0,7,1.0,-100.0,0.0,MARGIN CALL ($0)
12,92,0.0,7,0,7,1.0,-100.0,0.0,MARGIN CALL ($0)
12,93,0.0,7,0,7,1.0,-100.0,0.0,MARGIN CALL ($0)
12,94,0.0,7,0,7,1.0,-100.0,0.0,MARGIN CALL ($0)
12,95,0.0,7,0,7,1.0,-100.0,0.0,MARGIN CALL ($0)
12,96,0.0,7,0,7,1.0,-100.0,0.0,MARGIN CALL ($0)
12,97,0.0,7,0,7,1.0,-100.0,0.0,MARGIN CALL ($0)
12,98,0.0,7,0,7,1.0,-100.0,0.0,MARGIN CALL ($0)
12,99,0.0,7,0,7,1.0,-100.0,0.0,MARGIN CALL ($0)
12,100,0.0,7,0,7,1.0,-100.0,0.0,MARGIN CALL ($0)
13,1,0.0,9,0,9,1.0,-100.0,0.0,MARGIN CALL ($0)
13,2,0.0,25,3,22,1.0,-100.0,12.0,MARGIN CALL ($0)
13,3,0.0,15,2,13,1.0,-100.0,13.333333333333334,MARGIN CALL ($0)
13,4,0.0,15,2,13,1.0,-100.0,13.333333333333334,MARGIN CALL ($0)
13,5,0.0,19,2,17,1.0,-100.0,10.526315789473683,MARGIN CALL ($0)
13,6,0.0,16,2,14,1.0,-100.0,12.5,MARGIN CALL ($0)
13,7,0.0,16,2,14,1.0,-100.0,12.5,MARGIN CALL ($0)
13,8,0.0,19,2,17,1.0,-100.0,10.526315789473683,MARGIN CALL ($0)
13,9,0.0,19,2,17,1.0,-100.0,10.526315789473683,MARGIN CALL ($0)
13,10,0.0,16,1,15,1.0,-100.0,6.25,MARGIN CALL ($0)
13,11,0.0,43,4,39,1.0,-100.0,9.30232558139535,MARGIN CALL ($0)
13,15,0.0,10,0,10,1.0,-100.0,0.0,MARGIN CALL ($0)
13,16,0.0,9,0,9,1.0,-100.0,0.0,MARGIN CALL ($0)
13,17,0.0,9,0,9,1.0,-100.0,0.0,MARGIN CALL ($0)
13,18,0.0,9,0,9,1.0,-100.0,0.0,MARGIN CALL ($0)
13,19,0.0,8,0,8,1.0,-100.0,0.0,MARGIN CALL ($0)
13,20,0.0,6,0,6,1.0,-100.0,0.0,MARGIN CALL ($0)
13,21,0.0,6,0,6,1.0,-100.0,0.0,MARGIN CALL ($0)
13,22,0.0,6,0,6,1.0,-100.0,0.0,MARGIN CALL ($0)
13,23,0.0,8,0,8,1.0,-100.0,0.0,MARGIN CALL ($0)
13,24,0.0,6,0,6,1.0,-100.0,0.0,MARGIN CALL ($0)
13,25,0.0,6,0,6,1.0,-100.0,0.0,MARGIN CALL ($0)
13,26,0.0,7,0,7,1.0,-100.0,0.0,MARGIN CALL ($0)
13,27,0.0,7,0,7,1.0,-100.0,0.0,MARGIN CALL ($0)
13,28,0.0,7,0,7,1.0,-100.0,0.0,MARGIN CALL ($0)
13,29,0.0,6,0,6,1.0,-100.0,0.0,MARGIN CALL ($0)
13,30,0.0,6,0,6,1.0,-100.0,0.0,MARGIN CALL ($0)
13,31,0.0,6,0,6,1.0,-100.0,0.0,MARGIN CALL ($0)
13,32,0.0,6,0,6,1.0,-100.0,0.0,MARGIN CALL ($0)
13,33,0.0,6,0,6,1.0,-100.0,0.0,MARGIN CALL ($0)
13,34,0.0,6,0,6,1.0,-100.0,0.0,MARGIN CALL ($0)
13,35,0.0,6,0,6,1.0,-100.0,0.0,MARGIN CALL ($0)
13,36,0.0,6,0,6,1.0,-100.0,0.0,MARGIN CALL ($0)
13,37,0.0,8,0,8,1.0,-100.0,0.0,MARGIN CALL ($0)
13,38,0.0,8,0,8,1.0,-100.0,0.0,MARGIN CALL ($0)
13,39,0.0,7,0,7,1.0,-100.0,0.0,MARGIN CALL ($0)
13,40,0.0,7,0,7,1.0,-100.0,0.0,MARGIN CALL ($0)
13,41,0.0,7,0,7,1.0,-100.0,0.0,MARGIN CALL ($0)
13,42,0.0,7,0,7,1.0,-100.0,0.0,MARGIN CALL ($0)
13,43,0.0,7,0,7,1.0,-100.0,0.0,MARGIN CALL ($0)
13,44,0.0,7,0,7,1.0,-100.0,0.0,MARGIN CALL ($0)
13,45,0.0,7,0,7,1.0,-100.0,0.0,MARGIN CALL ($0)
13,46,0.0,7,0,7,1.0,-100.0,0.0,MARGIN CALL ($0)
13,47,0.0,6,0,6,1.0,-100.0,0.0,MARGIN CALL ($0)
13,48,0.0,6,0,6,1.0,-100.0,0.0,MARGIN CALL ($0)
13,49,0.0,6,0,6,1.0,-100.0,0.0,MARGIN CALL ($0)
13,50,0.0,6,0,6,1.0,-100.0,0.0,MARGIN CALL ($0)
13,51,0.0,6,0,6,1.0,-100.0,0.0,MARGIN CALL ($0)
13,52,0.0,6,0,6,1.0,-100.0,0.0,MARGIN CALL ($0)
13,53,0.0,7,0,7,1.0,-100.0,0.0,MARGIN CALL ($0)
13,54,0.0,7,0,7,1.0,-100.0,0.0,MARGIN CALL ($0)
13,55,0.0,7,0,7,1.0,-100.0,0.0,MARGIN CALL ($0)
13,56,0.0,7,0,7,1.0,-100.0,0.0,MARGIN CALL ($0)
13,57,0.0,7,0,7,1.0,-100.0,0.0,MARGIN CALL ($0)
13,58,0.0,7,0,7,1.0,-100.0,0.0,MARGIN CALL ($0)
13,59,0.0,7,0,7,1.0,-100.0,0.0,MARGIN CALL ($0)
13,60,0.0,7,0,7,1.0,-100.0,0.0,MARGIN CALL ($0)
13,61,0.0,7,0,7,1.0,-100.0,0.0,MARGIN CALL ($0)
13,62,0.0,7,0,7,1.0,-100.0,0.0,MARGIN CALL ($0)
13,63,0.0,7,0,7,1.0,-100.0,0.0,MARGIN CALL ($0)
13,64,0.0,7,0,7,1.0,-100.0,0.0,MARGIN CALL ($0)
13,65,0.0,7,0,7,1.0,-100.0,0.0,MARGIN CALL ($0)
13,66,0.0,7,0,7,1.0,-100.0,0.0,MARGIN CALL ($0)
13,67,0.0,6,0,6,1.0,-100.0,0.0,MARGIN CALL ($0)
13,68,0.0,6,0,6,1.0,-100.0,0.0,MARGIN CALL ($0)
13,69,0.0,6,0,6,1.0,-100.0,0.0,MARGIN CALL ($0)
13,70,0.0,6,0,6,1.0,-100.0,0.0,MARGIN CALL ($0)
13,71,0.0,6,0,6,1.0,-100.0,0.0,MARGIN CALL ($0)
13,72,0.0,6,0,6,1.0,-100.0,0.0,MARGIN CALL ($0)
13,73,0.0,6,0,6,1.0,-100.0,0.0,MARGIN CALL ($0)
13,74,0.0,6,0,6,1.0,-100.0,0.0,MARGIN CALL ($0)
13,75,0.0,6,0,6,1.0,-100.0,0.0,MARGIN CALL ($0)
13,76,0.0,6,0,6,1.0,-100.0,0.0,MARGIN CALL ($0)
13,77,0.0,6,0,6,1.0,-100.0,0.0,MARGIN CALL ($0)
13,78,0.0,6,0,6,1.0,-100.0,0.0,MARGIN CALL ($0)
13,79,0.0,6,0,6,1.0,-100.0,0.0,MARGIN CALL ($0)
13,80,0.0,6,0,6,1.0,-100.0,0.0,MARGIN CALL ($0)
13,81,0.0,6,0,6,1.0,-100.0,0.0,MARGIN CALL ($0)
13,82,0.0,6,0,6,1.0,-100.0,0.0,MARGIN CALL ($0)
13,83,0.0,6,0,6,1.0,-100.0,0.0,MARGIN CALL ($0)
13,84,0.0,6,0,6,1.0,-100.0,0.0,MARGIN CALL ($0)
13,85,0.0,6,0,6,1.0,-100.0,0.0,MARGIN CALL ($0)
13,86,0.0,6,0,6,1.0,-100.0,0.0,MARGIN CALL ($0)
13,87,0.0,6,0,6,1.0,-100.0,0.0,MARGIN CALL ($0)
13,88,0.0,6,0,6,1.0,-100.0,0.0,MARGIN CALL ($0)
13,89,0.0,7,0,7,1.0,-100.0,0.0,MARGIN CALL ($0)
13,90,0.0,7,0,7,1.0,-100.0,0.0,MARGIN CALL ($0)
13,91,0.0,7,0,7,1.0,-100.0,0.0,MARGIN CALL ($0)
13,92,0.0,7,0,7,1.0,-100.0,0.0,MARGIN CALL ($0)
13,93,0.0,7,0,7,1.0,-100.0,0.0,MARGIN CALL ($0)
13,94,0.0,7,0,7,1.0,-100.0,0.0,MARGIN CALL ($0)
13,95,0.0,7,0,7,1.0,-100.0,0.0,MARGIN CALL ($0)
13,96,0.0,7,0,7,1.0,-100.0,0.0,MARGIN CALL ($0)
13,97,0.0,7,0,7,1.0,-100.0,0.0,MARGIN CALL ($0)
13,98,0.0,7,0,7,1.0,-100.0,0.0,MARGIN CALL ($0)
13,99,0.0,7,0,7,1.0,-100.0,0.0,MARGIN CALL ($0)
13,100,0.0,7,0,7,1.0,-100.0,0.0,MARGIN CALL ($0)
14,1,0.0,9,0,9,1.0,-100.0,0.0,MARGIN CALL ($0)
14,2,0.0,25,3,22,1.0,-100.0,12.0,MARGIN CALL ($0)
14,3,0.0,15,2,13,1.0,-100.0,13.333333333333334,MARGIN CALL ($0)
14,4,0.0,15,2,13,1.0,-100.0,13.333333333333334,MARGIN CALL ($0)
14,5,0.0,19,2,17,1.0,-100.0,10.526315789473683,MARGIN CALL ($0)
14,6,0.0,16,2,14,1.0,-100.0,12.5,MARGIN CALL ($0)
14,7,0.0,16,2,14,1.0,-100.0,12.5,MARGIN CALL ($0)
14,8,0.0,19,2,17,1.0,-100.0,10.526315789473683,MARGIN CALL ($0)
14,9,0.0,19,2,17,1.0,-100.0,10.526315789473683,MARGIN CALL ($0)
14,10,0.0,16,1,15,1.0,-100.0,6.25,MARGIN CALL ($0)
14,11,0.0,17,1,16,1.0,-100.0,5.88235294117647,MARGIN CALL ($0)
14,14,0.0,11,0,11,1.0,-100.0,0.0,MARGIN CALL ($0)
14,15,0.0,10,0,10,1.0,-100.0,0.0,MARGIN CALL ($0)
14,16,0.0,9,0,9,1.0,-100.0,0.0,MARGIN CALL ($0)
14,17,0.0,9,0,9,1.0,-100.0,0.0,MARGIN CALL ($0)
14,18,0.0,9,0,9,1.0,-100.0,0.0,MARGIN CALL ($0)
14,19,0.0,8,0,8,1.0,-100.0,0.0,MARGIN CALL ($0)
14,20,0.0,6,0,6,1.0,-100.0,0.0,MARGIN CALL ($0)
14,21,0.0,6,0,6,1.0,-100.0,0.0,MARGIN CALL ($0)
14,22,0.0,6,0,6,1.0,-100.0,0.0,MARGIN CALL ($0)
14,23,0.0,8,0,8,1.0,-100.0,0.0,MARGIN CALL ($0)
14,24,0.0,6,0,6,1.0,-100.0,0.0,MARGIN CALL ($0)
14,25,0.0,6,0,6,1.0,-100.0,0.0,MARGIN CALL ($0)
14,26,0.0,7,0,7,1.0,-100.0,0.0,MARGIN CALL ($0)
14,27,0.0,7,0,7,1.0,-100.0,0.0,MARGIN CALL ($0)
14,28,0.0,7,0,7,1.0,-100.0,0.0,MARGIN CALL ($0)
14,29,0.0,6,0,6,1.0,-100.0,0.0,MARGIN CALL ($0)
14,30,0.0,6,0,6,1.0,-100.0,0.0,MARGIN CALL ($0)
14,31,0.0,6,0,6,1.0,-100.0,0.0,MARGIN CALL ($0)
14,32,0.0,6,0,6,1.0,-100.0,0.0,MARGIN CALL ($0)
14,33,0.0,6,0,6,1.0,-100.0,0.0,MARGIN CALL ($0)
14,34,0.0,6,0,6,1.0,-100.0,0.0,MARGIN CALL ($0)
14,35,0.0,6,0,6,1.0,-100.0,0.0,MARGIN CALL ($0)
14,36,0.0,6,0,6,1.0,-100.0,0.0,MARGIN CALL ($0)
14,37,0.0,8,0,8,1.0,-100.0,0.0,MARGIN CALL ($0)
14,38,0.0,8,0,8,1.0,-100.0,0.0,MARGIN CALL ($0)
14,39,0.0,7,0,7,1.0,-100.0,0.0,MARGIN CALL ($0)
14,40,0.0,7,0,7,1.0,-100.0,0.0,MARGIN CALL ($0)
14,41,0.0,7,0,7,1.0,-100.0,0.0,MARGIN CALL ($0)
14,42,0.0,7,0,7,1.0,-100.0,0.0,MARGIN CALL ($0)
14,43,0.0,7,0,7,1.0,-100.0,0.0,MARGIN CALL ($0)
14,44,0.0,7,0,7,1.0,-100.0,0.0,MARGIN CALL ($0)
14,45,0.0,7,0,7,1.0,-100.0,0.0,MARGIN CALL ($0)
14,46,0.0,7,0,7,1.0,-100.0,0.0,MARGIN CALL ($0)
14,47,0.0,6,0,6,1.0,-100.0,0.0,MARGIN CALL ($0)
14,48,0.0,6,0,6,1.0,-100.0,0.0,MARGIN CALL ($0)
14,49,0.0,6,0,6,1.0,-100.0,0.0,MARGIN CALL ($0)
14,50,0.0,6,0,6,1.0,-100.0,0.0,MARGIN CALL ($0)
14,51,0.0,6,0,6,1.0,-100.0,0.0,MARGIN CALL ($0)
14,52,0.0,6,0,6,1.0,-100.0,0.0,MARGIN CALL ($0)
14,53,0.0,7,0,7,1.0,-100.0,0.0,MARGIN CALL ($0)
14,54,0.0,7,0,7,1.0,-100.0,0.0,MARGIN CALL ($0)
14,55,0.0,7,0,7,1.0,-100.0,0.0,MARGIN CALL ($0)
14,56,0.0,7,0,7,1.0,-100.0,0.0,MARGIN CALL ($0)
14,57,0.0,7,0,7,1.0,-100.0,0.0,MARGIN CALL ($0)
14,58,0.0,7,0,7,1.0,-100.0,0.0,MARGIN CALL ($0)
14,59,0.0,7,0,7,1.0,-100.0,0.0,MARGIN CALL ($0)
14,60,0.0,7,0,7,1.0,-100.0,0.0,MARGIN CALL ($0)
14,61,0.0,7,0,7,1.0,-100.0,0.0,MARGIN CALL ($0)
14,62,0.0,7,0,7,1.0,-100.0,0.0,MARGIN CALL ($0)
14,63,0.0,7,0,7,1.0,-100.0,0.0,MARGIN CALL ($0)
14,64,0.0,7,0,7,1.0,-100.0,0.0,MARGIN CALL ($0)
14,65,0.0,7,0,7,1.0,-100.0,0.0,MARGIN CALL ($0)
14,66,0.0,7,0,7,1.0,-100.0,0.0,MARGIN CALL ($0)
14,67,0.0,6,0,6,1.0,-100.0,0.0,MARGIN CALL ($0)
14,68,0.0,6,0,6,1.0,-100.0,0.0,MARGIN CALL ($0)
14,69,0.0,6,0,6,1.0,-100.0,0.0,MARGIN CALL ($0)
14,70,0.0,6,0,6,1.0,-100.0,0.0,MARGIN CALL ($0)
14,71,0.0,6,0,6,1.0,-100.0,0.0,MARGIN CALL ($0)
14,72,0.0,6,0,6,1.0,-100.0,0.0,MARGIN CALL ($0)
14,73,0.0,6,0,6,1.0,-100.0,0.0,MARGIN CALL ($0)
14,74,0.0,6,0,6,1.0,-100.0,0.0,MARGIN CALL ($0)
14,75,0.0,6,0,6,1.0,-100.0,0.0,MARGIN CALL ($0)
14,76,0.0,6,0,6,1.0,-100.0,0.0,MARGIN CALL ($0)
14,77,0.0,6,0,6,1.0,-100.0,0.0,MARGIN CALL ($0)
14,78,0.0,6,0,6,1.0,-100.0,0.0,MARGIN CALL ($0)
14,79,0.0,6,0,6,1.0,-100.0,0.0,MARGIN CALL ($0)
14,80,0.0,6,0,6,1.0,-100.0,0.0,MARGIN CALL ($0)
14,81,0.0,6,0,6,1.0,-100.0,0.0,MARGIN CALL ($0)
14,82,0.0,6,0,6,1.0,-100.0,0.0,MARGIN CALL ($0)
14,83,0.0,6,0,6,1.0,-100.0,0.0,MARGIN CALL ($0)
14,84,0.0,6,0,6,1.0,-100.0,0.0,MARGIN CALL ($0)
14,85,0.0,6,0,6,1.0,-100.0,0.0,MARGIN CALL ($0)
14,86,0.0,6,0,6,1.0,-100.0,0.0,MARGIN CALL ($0)
14,87,0.0,6,0,6,1.0,-100.0,0.0,MARGIN CALL ($0)
14,88,0.0,6,0,6,1.0,-100.0,0.0,MARGIN CALL ($0)
14,89,0.0,7,0,7,1.0,-100.0,0.0,MARGIN CALL ($0)
14,90,0.0,7,0,7,1.0,-100.0,0.0,MARGIN CALL ($0)
14,91,0.0,7,0,7,1.0,-100.0,0.0,MARGIN CALL ($0)
14,92,0.0,7,0,7,1.0,-100.0,0.0,MARGIN CALL ($0)
14,93,0.0,7,0,7,1.0,-100.0,0.0,MARGIN CALL ($0)
14,94,0.0,7,0,7,1.0,-100.0,0.0,MARGIN CALL ($0)
14,95,0.0,7,0,7,1.0,-100.0,0.0,MARGIN CALL ($0)
14,96,0.0,7,0,7,1.0,-100.0,0.0,MARGIN CALL ($0)
14,97,0.0,7,0,7,1.0,-100.0,0.0,MARGIN CALL ($0)
14,98,0.0,7,0,7,1.0,-100.0,0.0,MARGIN CALL ($0)
14,99,0.0,7,0,7,1.0,-100.0,0.0,MARGIN CALL ($0)
14,100,0.0,7,0,7,1.0,-100.0,0.0,MARGIN CALL ($0)
15,1,0.0,9,0,9,1.0,-100.0,0.0,MARGIN CALL ($0)
15,2,0.0,25,3,22,1.0,-100.0,12.0,MARGIN CALL ($0)
15,3,0.0,15,2,13,1.0,-100.0,13.333333333333334,MARGIN CALL ($0)
15,4,0.0,15,2,13,1.0,-100.0,13.333333333333334,MARGIN CALL ($0)
15,5,0.0,19,2,17,1.0,-100.0,10.526315789473683,MARGIN CALL ($0)
15,6,0.0,17,2,15,1.0,-100.0,11.76470588235294,MARGIN CALL ($0)
15,7,0.0,17,2,15,1.0,-100.0,11.76470588235294,MARGIN CALL ($0)
15,8,0.0,20,2,18,1.0,-100.0,10.0,MARGIN CALL ($0)
15,9,0.0,20,2,18,1.0,-100.0,10.0,MARGIN CALL ($0)
15,10,0.0,17,1,16,1.0,-100.0,5.88235294117647,MARGIN CALL ($0)
15,11,0.0,18,1,17,1.0,-100.0,5.555555555555555,MARGIN CALL ($0)
15,13,0.0,10,0,10,1.0,-100.0,0.0,MARGIN CALL ($0)
15,14,0.0,10,0,10,1.0,-100.0,0.0,MARGIN CALL ($0)
15,15,0.0,9,0,9,1.0,-100.0,0.0,MARGIN CALL ($0)
15,16,0.0,8,0,8,1.0,-100.0,0.0,MARGIN CALL ($0)
15,17,0.0,8,0,8,1.0,-100.0,0.0,MARGIN CALL ($0)
15,18,0.0,8,0,8,1.0,-100.0,0.0,MARGIN CALL ($0)
15,19,0.0,8,0,8,1.0,-100.0,0.0,MARGIN CALL ($0)
15,20,0.0,7,0,7,1.0,-100.0,0.0,MARGIN CALL ($0)
15,21,0.0,6,0,6,1.0,-100.0,0.0,MARGIN CALL ($0)
15,22,0.0,6,0,6,1.0,-100.0,0.0,MARGIN CALL ($0)
15,23,0.0,7,0,7,1.0,-100.0,0.0,MARGIN CALL ($0)
15,24,0.0,5,0,5,1.0,-100.0,0.0,MARGIN CALL ($0)
15,25,0.0,5,0,5,1.0,-100.0,0.0,MARGIN CALL ($0)
15,26,0.0,6,0,6,1.0,-100.0,0.0,MARGIN CALL ($0)
15,27,0.0,6,0,6,1.0,-100.0,0.0,MARGIN CALL ($0)
15,28,0.0,6,0,6,1.0,-100.0,0.0,MARGIN CALL ($0)
15,29,0.0,5,0,5,1.0,-100.0,0.0,MARGIN CALL ($0)
15,30,0.0,5,0,5,1.0,-100.0,0.0,MARGIN CALL ($0)
15,31,0.0,5,0,5,1.0,-100.0,0.0,MARGIN CALL ($0)
15,32,0.0,5,0,5,1.0,-100.0,0.0,MARGIN CALL ($0)
15,33,0.0,5,0,5,1.0,-100.0,0.0,MARGIN CALL ($0)
15,34,0.0,8,0,8,1.0,-100.0,0.0,MARGIN CALL ($0)
15,35,0.0,5,0,5,1.0,-100.0,0.0,MARGIN CALL ($0)
15,36,0.0,5,0,5,1.0,-100.0,0.0,MARGIN CALL ($0)
15,37,0.0,9,0,9,1.0,-100.0,0.0,MARGIN CALL ($0)
15,38,0.0,9,0,9,1.0,-100.0,0.0,MARGIN CALL ($0)
15,39,0.0,8,0,8,1.0,-100.0,0.0,MARGIN CALL ($0)
15,40,0.0,7,0,7,1.0,-100.0,0.0,MARGIN CALL ($0)
15,41,0.0,7,0,7,1.0,-100.0,0.0,MARGIN CALL ($0)
15,47,0.0,6,0,6,1.0,-100.0,0.0,MARGIN CALL ($0)
15,48,0.0,6,0,6,1.0,-100.0,0.0,MARGIN CALL ($0)
15,49,0.0,6,0,6,1.0,-100.0,0.0,MARGIN CALL ($0)
15,50,0.0,6,0,6,1.0,-100.0,0.0,MARGIN CALL ($0)
15,51,0.0,6,0,6,1.0,-100.0,0.0,MARGIN CALL ($0)
15,52,0.0,6,0,6,1.0,-100.0,0.0,MARGIN CALL ($0)
15,57,0.0,7,0,7,1.0,-100.0,0.0,MARGIN CALL ($0)
15,58,0.0,7,0,7,1.0,-100.0,0.0,MARGIN CALL ($0)
15,59,0.0,7,0,7,1.0,-100.0,0.0,MARGIN CALL ($0)
15,60,0.0,7,0,7,1.0,-100.0,0.0,MARGIN CALL ($0)
15,61,0.0,6,0,6,1.0,-100.0,0.0,MARGIN CALL ($0)
15,62,0.0,6,0,6,1.0,-100.0,0.0,MARGIN CALL ($0)
15,63,0.0,6,0,6,1.0,-100.0,0.0,MARGIN CALL ($0)
15,64,0.0,6,0,6,1.0,-100.0,0.0,MARGIN CALL ($0)
15,65,0.0,6,0,6,1.0,-100.0,0.0,MARGIN CALL ($0)
15,66,0.0,6,0,6,1.0,-100.0,0.0,MARGIN CALL ($0)
15,67,0.0,7,0,7,1.0,-100.0,0.0,MARGIN CALL ($0)
15,68,0.0,7,0,7,1.0,-100.0,0.0,MARGIN CALL ($0)
15,69,0.0,7,0,7,1.0,-100.0,0.0,MARGIN CALL ($0)
15,70,0.0,7,0,7,1.0,-100.0,0.0,MARGIN CALL ($0)
15,71,0.0,7,0,7,1.0,-100.0,0.0,MARGIN CALL ($0)
15,72,0.0,7,0,7,1.0,-100.0,0.0,MARGIN CALL ($0)
15,73,0.0,7,0,7,1.0,-100.0,0.0,MARGIN CALL ($0)
15,74,0.0,7,0,7,1.0,-100.0,0.0,MARGIN CALL ($0)
15,75,0.0,7,0,7,1.0,-100.0,0.0,MARGIN CALL ($0)
15,76,0.0,7,0,7,1.0,-100.0,0.0,MARGIN CALL ($0)
15,77,0.0,7,0,7,1.0,-100.0,0.0,MARGIN CALL ($0)
15,78,0.0,6,0,6,1.0,-100.0,0.0,MARGIN CALL ($0)
15,79,0.0,6,0,6,1.0,-100.0,0.0,MARGIN CALL ($0)
15,80,0.0,6,0,6,1.0,-100.0,0.0,MARGIN CALL ($0)
15,81,0.0,6,0,6,1.0,-100.0,0.0,MARGIN CALL ($0)
15,82,0.0,6,0,6,1.0,-100.0,0.0,MARGIN CALL ($0)
15,83,0.0,6,0,6,1.0,-100.0,0.0,MARGIN CALL ($0)
15,84,0.0,6,0,6,1.0,-100.0,0.0,MARGIN CALL ($0)
15,85,0.0,6,0,6,1.0,-100.0,0.0,MARGIN CALL ($0)
15,86,0.0,6,0,6,1.0,-100.0,0.0,MARGIN CALL ($0)
15,87,0.0,6,0,6,1.0,-100.0,0.0,MARGIN CALL ($0)
15,88,0.0,6,0,6,1.0,-100.0,0.0,MARGIN CALL ($0)
15,89,0.0,6,0,6,1.0,-100.0,0.0,MARGIN CALL ($0)
15,90,0.0,6,0,6,1.0,-100.0,0.0,MARGIN CALL ($0)
15,91,0.0,6,0,6,1.0,-100.0,0.0,MARGIN CALL ($0)
15,92,0.0,6,0,6,1.0,-100.0,0.0,MARGIN CALL ($0)
15,93,0.0,6,0,6,1.0,-100.0,0.0,MARGIN CALL ($0)
15,94,0.0,6,0,6,1.0,-100.0,0.0,MARGIN CALL ($0)
15,95,0.0,6,0,6,1.0,-100.0,0.0,MARGIN CALL ($0)
15,96,0.0,6,0,6,1.0,-100.0,0.0,MARGIN CALL ($0)
15,97,0.0,7,0,7,1.0,-100.0,0.0,MARGIN CALL ($0)
15,98,0.0,7,0,7,1.0,-100.0,0.0,MARGIN CALL ($0)
15,99,0.0,7,0,7,1.0,-100.0,0.0,MARGIN CALL ($0)
15,100,0.0,7,0,7,1.0,-100.0,0.0,MARGIN CALL ($0)
16,1,0.0,9,0,9,1.0,-100.0,0.0,MARGIN CALL ($0)
16,2,0.0,25,3,22,1.0,-100.0,12.0,MARGIN CALL ($0)
16,3,0.0,15,2,13,1.0,-100.0,13.333333333333334,MARGIN CALL ($0)
16,4,0.0,15,2,13,1.0,-100.0,13.333333333333334,MARGIN CALL ($0)
16,5,0.0,19,2,17,1.0,-100.0,10.526315789473683,MARGIN CALL ($0)
16,6,0.0,16,2,14,1.0,-100.0,12.5,MARGIN CALL ($0)
16,7,0.0,16,2,14,1.0,-100.0,12.5,MARGIN CALL ($0)
16,8,0.0,19,2,17,1.0,-100.0,10.526315789473683,MARGIN CALL ($0)
16,9,0.0,19,2,17,1.0,-100.0,10.526315789473683,MARGIN CALL ($0)
16,10,0.0,16,1,15,1.0,-100.0,6.25,MARGIN CALL ($0)
16,11,0.0,17,1,16,1.0,-100.0,5.88235294117647,MARGIN CALL ($0)
16,14,0.0,11,0,11,1.0,-100.0,0.0,MARGIN CALL ($0)
16,15,0.0,9,0,9,1.0,-100.0,0.0,MARGIN CALL ($0)
16,16,0.0,9,0,9,1.0,-100.0,0.0,MARGIN CALL ($0)
16,17,0.0,9,0,9,1.0,-100.0,0.0,MARGIN CALL ($0)
16,18,0.0,8,0,8,1.0,-100.0,0.0,MARGIN CALL ($0)
16,19,0.0,8,0,8,1.0,-100.0,0.0,MARGIN CALL ($0)
16,20,0.0,7,0,7,1.0,-100.0,0.0,MARGIN CALL ($0)
16,21,0.0,7,0,7,1.0,-100.0,0.0,MARGIN CALL ($0)
16,22,0.0,7,0,7,1.0,-100.0,0.0,MARGIN CALL ($0)
16,23,0.0,9,0,9,1.0,-100.0,0.0,MARGIN CALL ($0)
16,24,0.0,7,0,7,1.0,-100.0,0.0,MARGIN CALL ($0)
16,25,0.0,7,0,7,1.0,-100.0,0.0,MARGIN CALL ($0)
16,26,0.0,7,0,7,1.0,-100.0,0.0,MARGIN CALL ($0)
16,27,0.0,7,0,7,1.0,-100.0,0.0,MARGIN CALL ($0)
16,28,0.0,7,0,7,1.0,-100.0,0.0,MARGIN CALL ($0)
16,29,0.0,7,0,7,1.0,-100.0,0.0,MARGIN CALL ($0)
16,30,0.0,7,0,7,1.0,-100.0,0.0,MARGIN CALL ($0)
16,31,0.0,7,0,7,1.0,-100.0,0.0,MARGIN CALL ($0)
16,32,0.0,7,0,7,1.0,-100.0,0.0,MARGIN CALL ($0)
16,33,0.0,7,0,7,1.0,-100.0,0.0,MARGIN CALL ($0)
16,34,0.0,8,0,8,1.0,-100.0,0.0,MARGIN CALL ($0)
16,35,0.0,8,0,8,1.0,-100.0,0.0,MARGIN CALL ($0)
16,36,0.0,8,0,8,1.0,-100.0,0.0,MARGIN CALL ($0)
16,37,0.0,9,0,9,1.0,-100.0,0.0,MARGIN CALL ($0)
16,38,0.0,9,0,9,1.0,-100.0,0.0,MARGIN CALL ($0)
16,39,0.0,8,0,8,1.0,-100.0,0.0,MARGIN CALL ($0)
16,40,0.0,7,0,7,1.0,-100.0,0.0,MARGIN CALL ($0)
16,41,0.0,7,0,7,1.0,-100.0,0.0,MARGIN CALL ($0)
16,47,0.0,6,0,6,1.0,-100.0,0.0,MARGIN CALL ($0)
16,48,0.0,6,0,6,1.0,-100.0,0.0,MARGIN CALL ($0)
16,49,0.0,6,0,6,1.0,-100.0,0.0,MARGIN CALL ($0)
16,50,0.0,6,0,6,1.0,-100.0,0.0,MARGIN CALL ($0)
16,51,0.0,6,0,6,1.0,-100.0,0.0,MARGIN CALL ($0)
16,52,0.0,6,0,6,1.0,-100.0,0.0,MARGIN CALL ($0)
16,57,0.0,7,0,7,1.0,-100.0,0.0,MARGIN CALL ($0)
16,58,0.0,7,0,7,1.0,-100.0,0.0,MARGIN CALL ($0)
16,59,0.0,7,0,7,1.0,-100.0,0.0,MARGIN CALL ($0)
16,60,0.0,7,0,7,1.0,-100.0,0.0,MARGIN CALL ($0)
16,61,0.0,6,0,6,1.0,-100.0,0.0,MARGIN CALL ($0)
16,62,0.0,6,0,6,1.0,-100.0,0.0,MARGIN CALL ($0)
16,63,0.0,6,0,6,1.0,-100.0,0.0,MARGIN CALL ($0)
16,64,0.0,6,0,6,1.0,-100.0,0.0,MARGIN CALL ($0)
16,65,0.0,6,0,6,1.0,-100.0,0.0,MARGIN CALL ($0)
16,66,0.0,6,0,6,1.0,-100.0,0.0,MARGIN CALL ($0)
16,67,0.0,7,0,7,1.0,-100.0,0.0,MARGIN CALL ($0)
16,68,0.0,7,0,7,1.0,-100.0,0.0,MARGIN CALL ($0)
16,69,0.0,7,0,7,1.0,-100.0,0.0,MARGIN CALL ($0)
16,70,0.0,7,0,7,1.0,-100.0,0.0,MARGIN CALL ($0)
16,71,0.0,7,0,7,1.0,-100.0,0.0,MARGIN CALL ($0)
16,72,0.0,7,0,7,1.0,-100.0,0.0,MARGIN CALL ($0)
16,73,0.0,7,0,7,1.0,-100.0,0.0,MARGIN CALL ($0)
16,74,0.0,7,0,7,1.0,-100.0,0.0,MARGIN CALL ($0)
16,75,0.0,7,0,7,1.0,-100.0,0.0,MARGIN CALL ($0)
16,76,0.0,7,0,7,1.0,-100.0,0.0,MARGIN CALL ($0)
16,77,0.0,7,0,7,1.0,-100.0,0.0,MARGIN CALL ($0)
16,78,0.0,6,0,6,1.0,-100.0,0.0,MARGIN CALL ($0)
16,79,0.0,6,0,6,1.0,-100.0,0.0,MARGIN CALL ($0)
16,80,0.0,6,0,6,1.0,-100.0,0.0,MARGIN CALL ($0)
16,81,0.0,6,0,6,1.0,-100.0,0.0,MARGIN CALL ($0)
16,82,0.0,6,0,6,1.0,-100.0,0.0,MARGIN CALL ($0)
16,83,0.0,6,0,6,1.0,-100.0,0.0,MARGIN CALL ($0)
16,84,0.0,6,0,6,1.0,-100.0,0.0,MARGIN CALL ($0)
16,85,0.0,6,0,6,1.0,-100.0,0.0,MARGIN CALL ($0)
16,86,0.0,6,0,6,1.0,-100.0,0.0,MARGIN CALL ($0)
16,87,0.0,6,0,6,1.0,-100.0,0.0,MARGIN CALL ($0)
16,88,0.0,6,0,6,1.0,-100.0,0.0,MARGIN CALL ($0)
16,89,0.0,6,0,6,1.0,-100.0,0.0,MARGIN CALL ($0)
16,90,0.0,6,0,6,1.0,-100.0,0.0,MARGIN CALL ($0)
16,91,0.0,6,0,6,1.0,-100.0,0.0,MARGIN CALL ($0)
16,92,0.0,6,0,6,1.0,-100.0,0.0,MARGIN CALL ($0)
16,93,0.0,6,0,6,1.0,-100.0,0.0,MARGIN CALL ($0)
16,94,0.0,6,0,6,1.0,-100.0,0.0,MARGIN CALL ($0)
16,95,0.0,6,0,6,1.0,-100.0,0.0,MARGIN CALL ($0)
16,96,0.0,6,0,6,1.0,-100.0,0.0,MARGIN CALL ($0)
16,97,0.0,7,0,7,1.0,-100.0,0.0,MARGIN CALL ($0)
16,98,0.0,7,0,7,1.0,-100.0,0.0,MARGIN CALL ($0)
16,99,0.0,7,0,7,1.0,-100.0,0.0,MARGIN CALL ($0)
16,100,0.0,7,0,7,1.0,-100.0,0.0,MARGIN CALL ($0)
17,1,0.0,8,0,8,1.0,-100.0,0.0,MARGIN CALL ($0)
17,2,0.0,25,3,22,1.0,-100.0,12.0,MARGIN CALL ($0)
17,3,0.0,15,2,13,1.0,-100.0,13.333333333333334,MARGIN CALL ($0)
17,4,0.0,15,2,13,1.0,-100.0,13.333333333333334,MARGIN CALL ($0)
17,5,0.0,19,2,17,1.0,-100.0,10.526315789473683,MARGIN CALL ($0)
17,6,0.0,16,2,14,1.0,-100.0,12.5,MARGIN CALL ($0)
17,7,0.0,16,2,14,1.0,-100.0,12.5,MARGIN CALL ($0)
17,8,0.0,19,2,17,1.0,-100.0,10.526315789473683,MARGIN CALL ($0)
17,9,0.0,19,2,17,1.0,-100.0,10.526315789473683,MARGIN CALL ($0)
17,10,0.0,16,1,15,1.0,-100.0,6.25,MARGIN CALL ($0)
17,11,0.0,17,1,16,1.0,-100.0,5.88235294117647,MARGIN CALL ($0)
17,14,0.0,11,0,11,1.0,-100.0,0.0,MARGIN CALL ($0)
17,15,0.0,9,0,9,1.0,-100.0,0.0,MARGIN CALL ($0)
17,16,0.0,9,0,9,1.0,-100.0,0.0,MARGIN CALL ($0)
17,18,0.0,8,0,8,1.0,-100.0,0.0,MARGIN CALL ($0)
17,19,0.0,8,0,8,1.0,-100.0,0.0,MARGIN CALL ($0)
17,20,0.0,7,0,7,1.0,-100.0,0.0,MARGIN CALL ($0)
17,21,0.0,7,0,7,1.0,-100.0,0.0,MARGIN CALL ($0)
17,22,0.0,7,0,7,1.0,-100.0,0.0,MARGIN CALL ($0)
17,23,0.0,8,0,8,1.0,-100.0,0.0,MARGIN CALL ($0)
17,24,0.0,7,0,7,1.0,-100.0,0.0,MARGIN CALL ($0)
17,25,0.0,7,0,7,1.0,-100.0,0.0,MARGIN CALL ($0)
17,26,0.0,7,0,7,1.0,-100.0,0.0,MARGIN CALL ($0)
17,27,0.0,7,0,7,1.0,-100.0,0.0,MARGIN CALL ($0)
17,28,0.0,7,0,7,1.0,-100.0,0.0,MARGIN CALL ($0)
17,29,0.0,7,0,7,1.0,-100.0,0.0,MARGIN CALL ($0)
17,30,0.0,7,0,7,1.0,-100.0,0.0,MARGIN CALL ($0)
17,31,0.0,7,0,7,1.0,-100.0,0.0,MARGIN CALL ($0)
17,32,0.0,7,0,7,1.0,-100.0,0.0,MARGIN CALL ($0)
17,33,0.0,7,0,7,1.0,-100.0,0.0,MARGIN CALL ($0)
17,34,0.0,8,0,8,1.0,-100.0,0.0,MARGIN CALL ($0)
17,35,0.0,8,0,8,1.0,-100.0,0.0,MARGIN CALL ($0)
17,36,0.0,8,0,8,1.0,-100.0,0.0,MARGIN CALL ($0)
17,37,0.0,8,0,8,1.0,-100.0,0.0,MARGIN CALL ($0)
17,38,0.0,8,0,8,1.0,-100.0,0.0,MARGIN CALL ($0)
17,39,0.0,7,0,7,1.0,-100.0,0.0,MARGIN CALL ($0)
17,40,0.0,7,0,7,1.0,-100.0,0.0,MARGIN CALL ($0)
17,41,0.0,7,0,7,1.0,-100.0,0.0,MARGIN CALL ($0)
17,42,0.0,13,3,10,1.0,-100.0,23.076923076923077,MARGIN CALL ($0)
17,43,0.0,13,3,10,1.0,-100.0,23.076923076923077,MARGIN CALL ($0)
17,44,0.0,13,3,10,1.0,-100.0,23.076923076923077,MARGIN CALL ($0)
17,45,0.0,13,3,10,1.0,-100.0,23.076923076923077,MARGIN CALL ($0)
17,47,0.0,6,0,6,1.0,-100.0,0.0,MARGIN CALL ($0)
17,48,0.0,6,0,6,1.0,-100.0,0.0,MARGIN CALL ($0)
17,49,0.0,6,0,6,1.0,-100.0,0.0,MARGIN CALL ($0)
17,50,0.0,6,0,6,1.0,-100.0,0.0,MARGIN CALL ($0)
17,51,0.0,6,0,6,1.0,-100.0,0.0,MARGIN CALL ($0)
17,52,0.0,6,0,6,1.0,-100.0,0.0,MARGIN CALL ($0)
17,60,0.0,7,0,7,1.0,-100.0,0.0,MARGIN CALL ($0)
17,61,0.0,6,0,6,1.0,-100.0,0.0,MARGIN CALL ($0)
17,62,0.0,6,0,6,1.0,-100.0,0.0,MARGIN CALL ($0)
17,63,0.0,6,0,6,1.0,-100.0,0.0,MARGIN CALL ($0)
17,64,0.0,6,0,6,1.0,-100.0,0.0,MARGIN CALL ($0)
17,65,0.0,6,0,6,1.0,-100.0,0.0,MARGIN CALL ($0)
17,66,0.0,6,0,6,1.0,-100.0,0.0,MARGIN CALL ($0)
17,67,0.0,7,0,7,1.0,-100.0,0.0,MARGIN CALL ($0)
17,68,0.0,7,0,7,1.0,-100.0,0.0,MARGIN CALL ($0)
17,69,0.0,7,0,7,1.0,-100.0,0.0,MARGIN CALL ($0)
17,70,0.0,7,0,7,1.0,-100.0,0.0,MARGIN CALL ($0)
17,71,0.0,7,0,7,1.0,-100.0,0.0,MARGIN CALL ($0)
17,72,0.0,7,0,7,1.0,-100.0,0.0,MARGIN CALL ($0)
17,73,0.0,7,0,7,1.0,-100.0,0.0,MARGIN CALL ($0)
17,74,0.0,7,0,7,1.0,-100.0,0.0,MARGIN CALL ($0)
17,75,0.0,7,0,7,1.0,-100.0,0.0,MARGIN CALL ($0)
17,76,0.0,7,0,7,1.0,-100.0,0.0,MARGIN CALL ($0)
17,77,0.0,7,0,7,1.0,-100.0,0.0,MARGIN CALL ($0)
17,78,0.0,6,0,6,1.0,-100.0,0.0,MARGIN CALL ($0)
17,79,0.0,6,0,6,1.0,-100.0,0.0,MARGIN CALL ($0)
17,80,0.0,6,0,6,1.0,-100.0,0.0,MARGIN CALL ($0)
17,81,0.0,6,0,6,1.0,-100.0,0.0,MARGIN CALL ($0)
17,82,0.0,6,0,6,1.0,-100.0,0.0,MARGIN CALL ($0)
17,83,0.0,6,0,6,1.0,-100.0,0.0,MARGIN CALL ($0)
17,84,0.0,6,0,6,1.0,-100.0,0.0,MARGIN CALL ($0)
17,85,0.0,6,0,6,1.0,-100.0,0.0,MARGIN CALL ($0)
17,86,0.0,6,0,6,1.0,-100.0,0.0,MARGIN CALL ($0)
17,87,0.0,6,0,6,1.0,-100.0,0.0,MARGIN CALL ($0)
17,88,0.0,6,0,6,1.0,-100.0,0.0,MARGIN CALL ($0)
17,89,0.0,6,0,6,1.0,-100.0,0.0,MARGIN CALL ($0)
17,90,0.0,6,0,6,1.0,-100.0,0.0,MARGIN CALL ($0)
17,91,0.0,6,0,6,1.0,-100.0,0.0,MARGIN CALL ($0)
17,92,0.0,6,0,6,1.0,-100.0,0.0,MARGIN CALL ($0)
17,93,0.0,6,0,6,1.0,-100.0,0.0,MARGIN CALL ($0)
17,94,0.0,6,0,6,1.0,-100.0,0.0,MARGIN CALL ($0)
17,95,0.0,6,0,6,1.0,-100.0,0.0,MARGIN CALL ($0)
17,96,0.0,6,0,6,1.0,-100.0,0.0,MARGIN CALL ($0)
17,97,0.0,7,0,7,1.0,-100.0,0.0,MARGIN CALL ($0)
17,98,0.0,7,0,7,1.0,-100.0,0.0,MARGIN CALL ($0)
17,99,0.0,7,0,7,1.0,-100.0,0.0,MARGIN CALL ($0)
17,100,0.0,7,0,7,1.0,-100.0,0.0,MARGIN CALL ($0)
18,1,0.0,8,0,8,1.0,-100.0,0.0,MARGIN CALL ($0)
18,2,0.0,25,3,22,1.0,-100.0,12.0,MARGIN CALL ($0)
18,3,0.0,15,2,13,1.0,-100.0,13.333333333333334,MARGIN CALL ($0)
18,4,0.0,15,2,13,1.0,-100.0,13.333333333333334,MARGIN CALL ($0)
18,5,0.0,19,2,17,1.0,-100.0,10.526315789473683,MARGIN CALL ($0)
18,6,0.0,16,2,14,1.0,-100.0,12.5,MARGIN CALL ($0)
18,7,0.0,16,2,14,1.0,-100.0,12.5,MARGIN CALL ($0)
18,8,0.0,18,2,16,1.0,-100.0,11.11111111111111,MARGIN CALL ($0)
18,9,0.0,19,2,17,1.0,-100.0,10.526315789473683,MARGIN CALL ($0)
18,10,0.0,16,1,15,1.0,-100.0,6.25,MARGIN CALL ($0)
18,11,0.0,15,1,14,1.0,-100.0,6.666666666666667,MARGIN CALL ($0)
18,13,0.0,10,0,10,1.0,-100.0,0.0,MARGIN CALL ($0)
18,14,0.0,10,0,10,1.0,-100.0,0.0,MARGIN CALL ($0)
18,15,0.0,10,0,10,1.0,-100.0,0.0,MARGIN CALL ($0)
18,16,0.0,8,0,8,1.0,-100.0,0.0,MARGIN CALL ($0)
18,17,0.0,8,0,8,1.0,-100.0,0.0,MARGIN CALL ($0)
18,18,0.0,8,0,8,1.0,-100.0,0.0,MARGIN CALL ($0)
18,19,0.0,8,0,8,1.0,-100.0,0.0,MARGIN CALL ($0)
18,20,0.0,7,0,7,1.0,-100.0,0.0,MARGIN CALL ($0)
18,21,0.0,7,0,7,1.0,-100.0,0.0,MARGIN CALL ($0)
18,22,0.0,7,0,7,1.0,-100.0,0.0,MARGIN CALL ($0)
18,23,0.0,8,0,8,1.0,-100.0,0.0,MARGIN CALL ($0)
18,24,0.0,8,0,8,1.0,-100.0,0.0,MARGIN CALL ($0)
18,25,0.0,8,0,8,1.0,-100.0,0.0,MARGIN CALL ($0)
18,26,0.0,8,0,8,1.0,-100.0,0.0,MARGIN CALL ($0)
18,27,0.0,8,0,8,1.0,-100.0,0.0,MARGIN CALL ($0)
18,28,0.0,8,0,8,1.0,-100.0,0.0,MARGIN CALL ($0)
18,29,0.0,7,0,7,1.0,-100.0,0.0,MARGIN CALL ($0)
18,30,0.0,7,0,7,1.0,-100.0,0.0,MARGIN CALL ($0)
18,31,0.0,7,0,7,1.0,-100.0,0.0,MARGIN CALL ($0)
18,32,0.0,7,0,7,1.0,-100.0,0.0,MARGIN CALL ($0)
18,33,0.0,8,0,8,1.0,-100.0,0.0,MARGIN CALL ($0)
18,34,0.0,8,0,8,1.0,-100.0,0.0,MARGIN CALL ($0)
18,35,0.0,8,0,8,1.0,-100.0,0.0,MARGIN CALL ($0)
18,36,0.0,8,0,8,1.0,-100.0,0.0,MARGIN CALL ($0)
18,37,0.0,8,0,8,1.0,-100.0,0.0,MARGIN CALL ($0)
18,38,0.0,8,0,8,1.0,-100.0,0.0,MARGIN CALL ($0)
18,39,0.0,8,0,8,1.0,-100.0,0.0,MARGIN CALL ($0)
18,40,0.0,8,0,8,1.0,-100.0,0.0,MARGIN CALL ($0)
18,41,0.0,8,0,8,1.0,-100.0,0.0,MARGIN CALL ($0)
18,42,0.0,14,3,11,1.0,-100.0,21.428571428571427,MARGIN CALL ($0)
18,43,0.0,14,3,11,1.0,-100.0,21.428571428571427,MARGIN CALL ($0)
18,44,0.0,13,3,10,1.0,-100.0,23.076923076923077,MARGIN CALL ($0)
18,45,0.0,13,3,10,1.0,-100.0,23.076923076923077,MARGIN CALL ($0)
18,47,0.0,6,0,6,1.0,-100.0,0.0,MARGIN CALL ($0)
18,48,0.0,6,0,6,1.0,-100.0,0.0,MARGIN CALL ($0)
18,49,0.0,6,0,6,1.0,-100.0,0.0,MARGIN CALL ($0)
18,50,0.0,6,0,6,1.0,-100.0,0.0,MARGIN CALL ($0)
18,51,0.0,6,0,6,1.0,-100.0,0.0,MARGIN CALL ($0)
18,52,0.0,6,0,6,1.0,-100.0,0.0,MARGIN CALL ($0)
18,57,0.0,7,0,7,1.0,-100.0,0.0,MARGIN CALL ($0)
18,58,0.0,7,0,7,1.0,-100.0,0.0,MARGIN CALL ($0)
18,59,0.0,7,0,7,1.0,-100.0,0.0,MARGIN CALL ($0)
18,60,0.0,7,0,7,1.0,-100.0,0.0,MARGIN CALL ($0)
18,61,0.0,6,0,6,1.0,-100.0,0.0,MARGIN CALL ($0)
18,62,0.0,7,0,7,1.0,-100.0,0.0,MARGIN CALL ($0)
18,63,0.0,7,0,7,1.0,-100.0,0.0,MARGIN CALL ($0)
18,64,0.0,7,0,7,1.0,-100.0,0.0,MARGIN CALL ($0)
18,65,0.0,7,0,7,1.0,-100.0,0.0,MARGIN CALL ($0)
18,66,0.0,7,0,7,1.0,-100.0,0.0,MARGIN CALL ($0)
18,67,0.0,7,0,7,1.0,-100.0,0.0,MARGIN CALL ($0)
18,68,0.0,7,0,7,1.0,-100.0,0.0,MARGIN CALL ($0)
18,69,0.0,7,0,7,1.0,-100.0,0.0,MARGIN CALL ($0)
18,70,0.0,7,0,7,1.0,-100.0,0.0,MARGIN CALL ($0)
18,71,0.0,7,0,7,1.0,-100.0,0.0,MARGIN CALL ($0)
18,72,0.0,7,0,7,1.0,-100.0,0.0,MARGIN CALL ($0)
18,73,0.0,7,0,7,1.0,-100.0,0.0,MARGIN CALL ($0)
18,74,0.0,7,0,7,1.0,-100.0,0.0,MARGIN CALL ($0)
18,75,0.0,7,0,7,1.0,-100.0,0.0,MARGIN CALL ($0)
18,76,0.0,7,0,7,1.0,-100.0,0.0,MARGIN CALL ($0)
18,77,0.0,7,0,7,1.0,-100.0,0.0,MARGIN CALL ($0)
18,78,0.0,7,0,7,1.0,-100.0,0.0,MARGIN CALL ($0)
18,79,0.0,7,0,7,1.0,-100.0,0.0,MARGIN CALL ($0)
18,80,0.0,7,0,7,1.0,-100.0,0.0,MARGIN CALL ($0)
18,81,0.0,7,0,7,1.0,-100.0,0.0,MARGIN CALL ($0)
18,82,0.0,7,0,7,1.0,-100.0,0.0,MARGIN CALL ($0)
18,83,0.0,7,0,7,1.0,-100.0,0.0,MARGIN CALL ($0)
18,84,0.0,7,0,7,1.0,-100.0,0.0,MARGIN CALL ($0)
18,85,0.0,7,0,7,1.0,-100.0,0.0,MARGIN CALL ($0)
18,86,0.0,7,0,7,1.0,-100.0,0.0,MARGIN CALL ($0)
18,87,0.0,7,0,7,1.0,-100.0,0.0,MARGIN CALL ($0)
18,88,0.0,7,0,7,1.0,-100.0,0.0,MARGIN CALL ($0)
18,89,0.0,6,0,6,1.0,-100.0,0.0,MARGIN CALL ($0)
18,90,0.0,6,0,6,1.0,-100.0,0.0,MARGIN CALL ($0)
18,91,0.0,6,0,6,1.0,-100.0,0.0,MARGIN CALL ($0)
18,92,0.0,6,0,6,1.0,-100.0,0.0,MARGIN CALL ($0)
18,93,0.0,6,0,6,1.0,-100.0,0.0,MARGIN CALL ($0)
18,94,0.0,6,0,6,1.0,-100.0,0.0,MARGIN CALL ($0)
18,95,0.0,6,0,6,1.0,-100.0,0.0,MARGIN CALL ($0)
18,96,0.0,7,0,7,1.0,-100.0,0.0,MARGIN CALL ($0)
18,97,0.0,7,0,7,1.0,-100.0,0.0,MARGIN CALL ($0)
18,98,0.0,7,0,7,1.0,-100.0,0.0,MARGIN CALL ($0)
18,99,0.0,7,0,7,1.0,-100.0,0.0,MARGIN CALL ($0)
18,100,0.0,7,0,7,1.0,-100.0,0.0,MARGIN CALL ($0)
19,1,0.0,8,0,8,1.0,-100.0,0.0,MARGIN CALL ($0)
19,2,0.0,25,3,22,1.0,-100.0,12.0,MARGIN CALL ($0)
19,3,0.0,15,2,13,1.0,-100.0,13.333333333333334,MARGIN CALL ($0)
19,4,0.0,15,2,13,1.0,-100.0,13.333333333333334,MARGIN CALL ($0)
19,5,0.0,19,2,17,1.0,-100.0,10.526315789473683,MARGIN CALL ($0)
19,6,0.0,16,2,14,1.0,-100.0,12.5,MARGIN CALL ($0)
19,7,0.0,16,2,14,1.0,-100.0,12.5,MARGIN CALL ($0)
19,8,0.0,18,2,16,1.0,-100.0,11.11111111111111,MARGIN CALL ($0)
19,9,0.0,19,2,17,1.0,-100.0,10.526315789473683,MARGIN CALL ($0)
19,10,0.0,16,1,15,1.0,-100.0,6.25,MARGIN CALL ($0)
19,11,0.0,15,1,14,1.0,-100.0,6.666666666666667,MARGIN CALL ($0)
19,13,0.0,10,0,10,1.0,-100.0,0.0,MARGIN CALL ($0)
19,14,0.0,10,0,10,1.0,-100.0,0.0,MARGIN CALL ($0)
19,15,0.0,9,0,9,1.0,-100.0,0.0,MARGIN CALL ($0)
19,16,0.0,8,0,8,1.0,-100.0,0.0,MARGIN CALL ($0)
19,17,0.0,8,0,8,1.0,-100.0,0.0,MARGIN CALL ($0)
19,18,0.0,8,0,8,1.0,-100.0,0.0,MARGIN CALL ($0)
19,19,0.0,9,0,9,1.0,-100.0,0.0,MARGIN CALL ($0)
19,20,0.0,7,0,7,1.0,-100.0,0.0,MARGIN CALL ($0)
19,21,0.0,7,0,7,1.0,-100.0,0.0,MARGIN CALL ($0)
19,22,0.0,7,0,7,1.0,-100.0,0.0,MARGIN CALL ($0)
19,23,0.0,9,0,9,1.0,-100.0,0.0,MARGIN CALL ($0)
19,24,0.0,9,0,9,1.0,-100.0,0.0,MARGIN CALL ($0)
19,25,0.0,9,0,9,1.0,-100.0,0.0,MARGIN CALL ($0)
19,26,0.0,8,0,8,1.0,-100.0,0.0,MARGIN CALL ($0)
19,27,0.0,8,0,8,1.0,-100.0,0.0,MARGIN CALL ($0)
19,28,0.0,8,0,8,1.0,-100.0,0.0,MARGIN CALL ($0)
19,29,0.0,7,0,7,1.0,-100.0,0.0,MARGIN CALL ($0)
19,30,0.0,7,0,7,1.0,-100.0,0.0,MARGIN CALL ($0)
19,31,0.0,7,0,7,1.0,-100.0,0.0,MARGIN CALL ($0)
19,32,0.0,7,0,7,1.0,-100.0,0.0,MARGIN CALL ($0)
19,33,0.0,8,0,8,1.0,-100.0,0.0,MARGIN CALL ($0)
19,34,0.0,8,0,8,1.0,-100.0,0.0,MARGIN CALL ($0)
19,35,0.0,8,0,8,1.0,-100.0,0.0,MARGIN CALL ($0)
19,36,0.0,8,0,8,1.0,-100.0,0.0,MARGIN CALL ($0)
19,37,0.0,8,0,8,1.0,-100.0,0.0,MARGIN CALL ($0)
19,38,0.0,8,0,8,1.0,-100.0,0.0,MARGIN CALL ($0)
19,39,0.0,8,0,8,1.0,-100.0,0.0,MARGIN CALL ($0)
19,40,0.0,8,0,8,1.0,-100.0,0.0,MARGIN CALL ($0)
19,41,0.0,8,0,8,1.0,-100.0,0.0,MARGIN CALL ($0)
19,42,0.0,9,0,9,1.0,-100.0,0.0,MARGIN CALL ($0)
19,43,0.0,9,0,9,1.0,-100.0,0.0,MARGIN CALL ($0)
19,44,0.0,8,0,8,1.0,-100.0,0.0,MARGIN CALL ($0)
19,45,0.0,8,0,8,1.0,-100.0,0.0,MARGIN CALL ($0)
19,46,0.0,8,0,8,1.0,-100.0,0.0,MARGIN CALL ($0)
19,47,0.0,6,0,6,1.0,-100.0,0.0,MARGIN CALL ($0)
19,48,0.0,6,0,6,1.0,-100.0,0.0,MARGIN CALL ($0)
19,49,0.0,6,0,6,1.0,-100.0,0.0,MARGIN CALL ($0)
19,50,0.0,6,0,6,1.0,-100.0,0.0,MARGIN CALL ($0)
19,51,0.0,6,0,6,1.0,-100.0,0.0,MARGIN CALL ($0)
19,52,0.0,6,0,6,1.0,-100.0,0.0,MARGIN CALL ($0)
19,53,0.0,8,0,8,1.0,-100.0,0.0,MARGIN CALL ($0)
19,54,0.0,8,0,8,1.0,-100.0,0.0,MARGIN CALL ($0)
19,55,0.0,8,0,8,1.0,-100.0,0.0,MARGIN CALL ($0)
19,56,0.0,8,0,8,1.0,-100.0,0.0,MARGIN CALL ($0)
19,57,0.0,59,11,48,1.0,-100.0,18.64406779661017,MARGIN CALL ($0)
19,58,0.0,58,12,46,1.0,-100.0,20.689655172413794,MARGIN CALL ($0)
19,59,0.0,58,12,46,1.0,-100.0,20.689655172413794,MARGIN CALL ($0)
19,60,0.0,7,0,7,1.0,-100.0,0.0,MARGIN CALL ($0)
19,61,0.0,6,0,6,1.0,-100.0,0.0,MARGIN CALL ($0)
19,62,0.0,7,0,7,1.0,-100.0,0.0,MARGIN CALL ($0)
19,63,0.0,7,0,7,1.0,-100.0,0.0,MARGIN CALL ($0)
19,64,0.0,7,0,7,1.0,-100.0,0.0,MARGIN CALL ($0)
19,65,0.0,7,0,7,1.0,-100.0,0.0,MARGIN CALL ($0)
19,66,0.0,7,0,7,1.0,-100.0,0.0,MARGIN CALL ($0)
19,67,0.0,7,0,7,1.0,-100.0,0.0,MARGIN CALL ($0)
19,68,0.0,7,0,7,1.0,-100.0,0.0,MARGIN CALL ($0)
19,69,0.0,7,0,7,1.0,-100.0,0.0,MARGIN CALL ($0)
19,70,0.0,7,0,7,1.0,-100.0,0.0,MARGIN CALL ($0)
19,71,0.0,7,0,7,1.0,-100.0,0.0,MARGIN CALL ($0)
19,72,0.0,7,0,7,1.0,-100.0,0.0,MARGIN CALL ($0)
19,73,0.0,7,0,7,1.0,-100.0,0.0,MARGIN CALL ($0)
19,74,0.0,7,0,7,1.0,-100.0,0.0,MARGIN CALL ($0)
19,75,0.0,7,0,7,1.0,-100.0,0.0,MARGIN CALL ($0)
19,76,0.0,7,0,7,1.0,-100.0,0.0,MARGIN CALL ($0)
19,77,0.0,7,0,7,1.0,-100.0,0.0,MARGIN CALL ($0)
19,78,0.0,7,0,7,1.0,-100.0,0.0,MARGIN CALL ($0)
19,79,0.0,7,0,7,1.0,-100.0,0.0,MARGIN CALL ($0)
19,80,0.0,7,0,7,1.0,-100.0,0.0,MARGIN CALL ($0)
19,81,0.0,7,0,7,1.0,-100.0,0.0,MARGIN CALL ($0)
19,82,0.0,7,0,7,1.0,-100.0,0.0,MARGIN CALL ($0)
19,83,0.0,7,0,7,1.0,-100.0,0.0,MARGIN CALL ($0)
19,84,0.0,7,0,7,1.0,-100.0,0.0,MARGIN CALL ($0)
19,85,0.0,7,0,7,1.0,-100.0,0.0,MARGIN CALL ($0)
19,86,0.0,7,0,7,1.0,-100.0,0.0,MARGIN CALL ($0)
19,87,0.0,7,0,7,1.0,-100.0,0.0,MARGIN CALL ($0)
19,88,0.0,7,0,7,1.0,-100.0,0.0,MARGIN CALL ($0)
19,89,0.0,6,0,6,1.0,-100.0,0.0,MARGIN CALL ($0)
19,90,0.0,6,0,6,1.0,-100.0,0.0,MARGIN CALL ($0)
19,91,0.0,6,0,6,1.0,-100.0,0.0,MARGIN CALL ($0)
19,92,0.0,6,0,6,1.0,-100.0,0.0,MARGIN CALL ($0)
19,93,0.0,6,0,6,1.0,-100.0,0.0,MARGIN CALL ($0)
19,94,0.0,6,0,6,1.0,-100.0,0.0,MARGIN CALL ($0)
19,95,0.0,6,0,6,1.0,-100.0,0.0,MARGIN CALL ($0)
19,96,0.0,7,0,7,1.0,-100.0,0.0,MARGIN CALL ($0)
19,97,0.0,7,0,7,1.0,-100.0,0.0,MARGIN CALL ($0)
19,98,0.0,7,0,7,1.0,-100.0,0.0,MARGIN CALL ($0)
19,99,0.0,7,0,7,1.0,-100.0,0.0,MARGIN CALL ($0)
19,100,0.0,7,0,7,1.0,-100.0,0.0,MARGIN CALL ($0)
20,1,0.0,8,0,8,1.0,-100.0,0.0,MARGIN CALL ($0)
20,2,0.0,25,3,22,1.0,-100.0,12.0,MARGIN CALL ($0)
20,3,0.0,15,2,13,1.0,-100.0,13.333333333333334,MARGIN CALL ($0)
20,4,0.0,15,2,13,1.0,-100.0,13.333333333333334,MARGIN CALL ($0)
20,5,0.0,19,2,17,1.0,-100.0,10.526315789473683,MARGIN CALL ($0)
20,6,0.0,16,2,14,1.0,-100.0,12.5,MARGIN CALL ($0)
20,7,0.0,16,2,14,1.0,-100.0,12.5,MARGIN CALL ($0)
20,8,0.0,16,2,14,1.0,-100.0,12.5,MARGIN CALL ($0)
20,9,0.0,17,2,15,1.0,-100.0,11.76470588235294,MARGIN CALL ($0)
20,10,0.0,13,1,12,1.0,-100.0,7.6923076923076925,MARGIN CALL ($0)
20,11,0.0,14,1,13,1.0,-100.0,7.142857142857142,MARGIN CALL ($0)
20,12,0.0,14,1,13,1.0,-100.0,7.142857142857142,MARGIN CALL ($0)
20,13,0.0,7,0,7,1.0,-100.0,0.0,MARGIN CALL ($0)
20,14,0.0,7,0,7,1.0,-100.0,0.0,MARGIN CALL ($0)
20,15,0.0,7,0,7,1.0,-100.0,0.0,MARGIN CALL ($0)
20,16,0.0,7,0,7,1.0,-100.0,0.0,MARGIN CALL ($0)
20,17,0.0,7,0,7,1.0,-100.0,0.0,MARGIN CALL ($0)
20,18,0.0,7,0,7,1.0,-100.0,0.0,MARGIN CALL ($0)
20,19,0.0,7,0,7,1.0,-100.0,0.0,MARGIN CALL ($0)
20,20,0.0,7,0,7,1.0,-100.0,0.0,MARGIN CALL ($0)
20,21,0.0,7,0,7,1.0,-100.0,0.0,MARGIN CALL ($0)
20,22,0.0,7,0,7,1.0,-100.0,0.0,MARGIN CALL ($0)
20,23,0.0,9,0,9,1.0,-100.0,0.0,MARGIN CALL ($0)
20,24,0.0,9,0,9,1.0,-100.0,0.0,MARGIN CALL ($0)
20,25,0.0,9,0,9,1.0,-100.0,0.0,MARGIN CALL ($0)
20,26,0.0,8,0,8,1.0,-100.0,0.0,MARGIN CALL ($0)
20,27,0.0,8,0,8,1.0,-100.0,0.0,MARGIN CALL ($0)
20,28,0.0,8,0,8,1.0,-100.0,0.0,MARGIN CALL ($0)
20,29,0.0,7,0,7,1.0,-100.0,0.0,MARGIN CALL ($0)
20,30,0.0,7,0,7,1.0,-100.0,0.0,MARGIN CALL ($0)
20,31,0.0,7,0,7,1.0,-100.0,0.0,MARGIN CALL ($0)
20,32,0.0,7,0,7,1.0,-100.0,0.0,MARGIN CALL ($0)
20,33,0.0,8,0,8,1.0,-100.0,0.0,MARGIN CALL ($0)
20,34,0.0,6,0,6,1.0,-100.0,0.0,MARGIN CALL ($0)
20,35,0.0,6,0,6,1.0,-100.0,0.0,MARGIN CALL ($0)
20,36,0.0,6,0,6,1.0,-100.0,0.0,MARGIN CALL ($0)
20,37,0.0,6,0,6,1.0,-100.0,0.0,MARGIN CALL ($0)
20,38,0.0,6,0,6,1.0,-100.0,0.0,MARGIN CALL ($0)
20,39,0.0,6,0,6,1.0,-100.0,0.0,MARGIN CALL ($0)
20,40,0.0,6,0,6,1.0,-100.0,0.0,MARGIN CALL ($0)
20,41,0.0,6,0,6,1.0,-100.0,0.0,MARGIN CALL ($0)
20,42,0.0,6,0,6,1.0,-100.0,0.0,MARGIN CALL ($0)
20,43,0.0,6,0,6,1.0,-100.0,0.0,MARGIN CALL ($0)
20,44,0.0,6,0,6,1.0,-100.0,0.0,MARGIN CALL ($0)
20,45,0.0,6,0,6,1.0,-100.0,0.0,MARGIN CALL ($0)
20,46,0.0,6,0,6,1.0,-100.0,0.0,MARGIN CALL ($0)
20,47,0.0,6,0,6,1.0,-100.0,0.0,MARGIN CALL ($0)
20,48,0.0,6,0,6,1.0,-100.0,0.0,MARGIN CALL ($0)
20,49,0.0,6,0,6,1.0,-100.0,0.0,MARGIN CALL ($0)
20,50,0.0,6,0,6,1.0,-100.0,0.0,MARGIN CALL ($0)
20,51,0.0,6,0,6,1.0,-100.0,0.0,MARGIN CALL ($0)
20,52,0.0,6,0,6,1.0,-100.0,0.0,MARGIN CALL ($0)
20,53,0.0,6,0,6,1.0,-100.0,0.0,MARGIN CALL ($0)
20,54,0.0,6,0,6,1.0,-100.0,0.0,MARGIN CALL ($0)
20,55,0.0,6,0,6,1.0,-100.0,0.0,MARGIN CALL ($0)
20,56,0.0,6,0,6,1.0,-100.0,0.0,MARGIN CALL ($0)
20,57,0.0,6,0,6,1.0,-100.0,0.0,MARGIN CALL ($0)
20,58,0.0,6,0,6,1.0,-100.0,0.0,MARGIN CALL ($0)
20,59,0.0,6,0,6,1.0,-100.0,0.0,MARGIN CALL ($0)
20,60,0.0,6,0,6,1.0,-100.0,0.0,MARGIN CALL ($0)
20,61,0.0,6,0,6,1.0,-100.0,0.0,MARGIN CALL ($0)
20,62,0.0,6,0,6,1.0,-100.0,0.0,MARGIN CALL ($0)
20,63,0.0,6,0,6,1.0,-100.0,0.0,MARGIN CALL ($0)
20,64,0.0,6,0,6,1.0,-100.0,0.0,MARGIN CALL ($0)
20,65,0.0,6,0,6,1.0,-100.0,0.0,MARGIN CALL ($0)
20,66,0.0,6,0,6,1.0,-100.0,0.0,MARGIN CALL ($0)
20,67,0.0,6,0,6,1.0,-100.0,0.0,MARGIN CALL ($0)
20,68,0.0,6,0,6,1.0,-100.0,0.0,MARGIN CALL ($0)
20,69,0.0,6,0,6,1.0,-100.0,0.0,MARGIN CALL ($0)
20,70,0.0,6,0,6,1.0,-100.0,0.0,MARGIN CALL ($0)
20,71,0.0,6,0,6,1.0,-100.0,0.0,MARGIN CALL ($0)
20,72,0.0,6,0,6,1.0,-100.0,0.0,MARGIN CALL ($0)
20,73,0.0,6,0,6,1.0,-100.0,0.0,MARGIN CALL ($0)
20,74,0.0,6,0,6,1.0,-100.0,0.0,MARGIN CALL ($0)
20,75,0.0,6,0,6,1.0,-100.0,0.0,MARGIN CALL ($0)
20,76,0.0,6,0,6,1.0,-100.0,0.0,MARGIN CALL ($0)
20,77,0.0,6,0,6,1.0,-100.0,0.0,MARGIN CALL ($0)
20,78,0.0,6,0,6,1.0,-100.0,0.0,MARGIN CALL ($0)
20,79,0.0,6,0,6,1.0,-100.0,0.0,MARGIN CALL ($0)
20,80,0.0,6,0,6,1.0,-100.0,0.0,MARGIN CALL ($0)
20,81,0.0,6,0,6,1.0,-100.0,0.0,MARGIN CALL ($0)
20,82,0.0,6,0,6,1.0,-100.0,0.0,MARGIN CALL ($0)
20,83,0.0,6,0,6,1.0,-100.0,0.0,MARGIN CALL ($0)
20,84,0.0,6,0,6,1.0,-100.0,0.0,MARGIN CALL ($0)
20,85,0.0,6,0,6,1.0,-100.0,0.0,MARGIN CALL ($0)
20,86,0.0,6,0,6,1.0,-100.0,0.0,MARGIN CALL ($0)
20,87,0.0,6,0,6,1.0,-100.0,0.0,MARGIN CALL ($0)
20,88,0.0,6,0,6,1.0,-100.0,0.0,MARGIN CALL ($0)
20,89,0.0,6,0,6,1.0,-100.0,0.0,MARGIN CALL ($0)
20,90,0.0,6,0,6,1.0,-100.0,0.0,MARGIN CALL ($0)
20,91,0.0,6,0,6,1.0,-100.0,0.0,MARGIN CALL ($0)
20,92,0.0,6,0,6,1.0,-100.0,0.0,MARGIN CALL ($0)
20,93,0.0,6,0,6,1.0,-100.0,0.0,MARGIN CALL ($0)
20,94,0.0,6,0,6,1.0,-100.0,0.0,MARGIN CALL ($0)
20,95,0.0,6,0,6,1.0,-100.0,0.0,MARGIN CALL ($0)
20,96,0.0,6,0,6,1.0,-100.0,0.0,MARGIN CALL ($0)
20,97,0.0,6,0,6,1.0,-100.0,0.0,MARGIN CALL ($0)
20,98,0.0,6,0,6,1.0,-100.0,0.0,MARGIN CALL ($0)
20,99,0.0,6,0,6,1.0,-100.0,0.0,MARGIN CALL ($0)
20,100,0.0,6,0,6,1.0,-100.0,0.0,MARGIN CALL ($0)
21,1,0.0,8,0,8,1.0,-100.0,0.0,MARGIN CALL ($0)
21,2,0.0,25,3,22,1.0,-100.0,12.0,MARGIN CALL ($0)
21,3,0.0,15,2,13,1.0,-100.0,13.333333333333334,MARGIN CALL ($0)
21,4,0.0,15,2,13,1.0,-100.0,13.333333333333334,MARGIN CALL ($0)
21,5,0.0,19,2,17,1.0,-100.0,10.526315789473683,MARGIN CALL ($0)
21,6,0.0,16,2,14,1.0,-100.0,12.5,MARGIN CALL ($0)
21,7,0.0,16,2,14,1.0,-100.0,12.5,MARGIN CALL ($0)
21,8,0.0,16,2,14,1.0,-100.0,12.5,MARGIN CALL ($0)
21,9,0.0,17,2,15,1.0,-100.0,11.76470588235294,MARGIN CALL ($0)
21,10,0.0,13,1,12,1.0,-100.0,7.6923076923076925,MARGIN CALL ($0)
21,11,0.0,14,1,13,1.0,-100.0,7.142857142857142,MARGIN CALL ($0)
21,12,0.0,14,1,13,1.0,-100.0,7.142857142857142,MARGIN CALL ($0)
21,13,0.0,7,0,7,1.0,-100.0,0.0,MARGIN CALL ($0)
21,14,0.0,7,0,7,1.0,-100.0,0.0,MARGIN CALL ($0)
21,15,0.0,7,0,7,1.0,-100.0,0.0,MARGIN CALL ($0)
21,16,0.0,7,0,7,1.0,-100.0,0.0,MARGIN CALL ($0)
21,17,0.0,7,0,7,1.0,-100.0,0.0,MARGIN CALL ($0)
21,18,0.0,7,0,7,1.0,-100.0,0.0,MARGIN CALL ($0)
21,19,0.0,7,0,7,1.0,-100.0,0.0,MARGIN CALL ($0)
21,20,0.0,7,0,7,1.0,-100.0,0.0,MARGIN CALL ($0)
21,21,0.0,14,1,13,1.0,-100.0,7.142857142857142,MARGIN CALL ($0)
21,22,0.0,14,1,13,1.0,-100.0,7.142857142857142,MARGIN CALL ($0)
21,23,0.0,14,1,13,1.0,-100.0,7.142857142857142,MARGIN CALL ($0)
21,24,0.0,17,3,14,1.0,-100.0,17.647058823529413,MARGIN CALL ($0)
21,25,0.0,15,2,13,1.0,-100.0,13.333333333333334,MARGIN CALL ($0)
21,26,0.0,14,2,12,1.0,-100.0,14.285714285714285,MARGIN CALL ($0)
21,27,0.0,13,2,11,1.0,-100.0,15.384615384615385,MARGIN CALL ($0)
21,28,0.0,11,0,11,1.0,-100.0,0.0,MARGIN CALL ($0)
21,29,0.0,11,0,11,1.0,-100.0,0.0,MARGIN CALL ($0)
21,30,0.0,11,0,11,1.0,-100.0,0.0,MARGIN CALL ($0)
21,31,0.0,11,0,11,1.0,-100.0,0.0,MARGIN CALL ($0)
21,32,0.0,11,0,11,1.0,-100.0,0.0,MARGIN CALL ($0)
21,33,0.0,13,0,13,1.0,-100.0,0.0,MARGIN CALL ($0)
21,34,0.0,8,0,8,1.0,-100.0,0.0,MARGIN CALL ($0)
21,35,0.0,10,0,10,1.0,-100.0,0.0,MARGIN CALL ($0)
21,36,0.0,9,0,9,1.0,-100.0,0.0,MARGIN CALL ($0)
21,37,0.0,9,0,9,1.0,-100.0,0.0,MARGIN CALL ($0)
21,38,0.0,9,0,9,1.0,-100.0,0.0,MARGIN CALL ($0)
21,39,0.0,9,0,9,1.0,-100.0,0.0,MARGIN CALL ($0)
21,40,0.0,10,0,10,1.0,-100.0,0.0,MARGIN CALL ($0)
21,41,0.0,10,0,10,1.0,-100.0,0.0,MARGIN CALL ($0)
21,42,0.0,9,0,9,1.0,-100.0,0.0,MARGIN CALL ($0)
21,43,0.0,9,0,9,1.0,-100.0,0.0,MARGIN CALL ($0)
21,44,0.0,8,0,8,1.0,-100.0,0.0,MARGIN CALL ($0)
21,45,0.0,8,0,8,1.0,-100.0,0.0,MARGIN CALL ($0)
21,46,0.0,8,0,8,1.0,-100.0,0.0,MARGIN CALL ($0)
21,47,0.0,8,0,8,1.0,-100.0,0.0,MARGIN CALL ($0)
21,48,0.0,7,0,7,1.0,-100.0,0.0,MARGIN CALL ($0)
21,49,0.0,7,0,7,1.0,-100.0,0.0,MARGIN CALL ($0)
21,50,0.0,7,0,7,1.0,-100.0,0.0,MARGIN CALL ($0)
21,51,0.0,7,0,7,1.0,-100.0,0.0,MARGIN CALL ($0)
21,52,0.0,7,0,7,1.0,-100.0,0.0,MARGIN CALL ($0)
21,53,0.0,7,0,7,1.0,-100.0,0.0,MARGIN CALL ($0)
21,54,0.0,7,0,7,1.0,-100.0,0.0,MARGIN CALL ($0)
21,55,0.0,7,0,7,1.0,-100.0,0.0,MARGIN CALL ($0)
21,56,0.0,7,0,7,1.0,-100.0,0.0,MARGIN CALL ($0)
21,61,0.0,6,0,6,1.0,-100.0,0.0,MARGIN CALL ($0)
21,62,0.0,7,0,7,1.0,-100.0,0.0,MARGIN CALL ($0)
21,63,0.0,7,0,7,1.0,-100.0,0.0,MARGIN CALL ($0)
21,64,0.0,7,0,7,1.0,-100.0,0.0,MARGIN CALL ($0)
21,65,0.0,7,0,7,1.0,-100.0,0.0,MARGIN CALL ($0)
21,66,0.0,7,0,7,1.0,-100.0,0.0,MARGIN CALL ($0)
21,67,0.0,7,0,7,1.0,-100.0,0.0,MARGIN CALL ($0)
21,68,0.0,7,0,7,1.0,-100.0,0.0,MARGIN CALL ($0)
21,69,0.0,7,0,7,1.0,-100.0,0.0,MARGIN CALL ($0)
21,70,0.0,7,0,7,1.0,-100.0,0.0,MARGIN CALL ($0)
21,71,0.0,7,0,7,1.0,-100.0,0.0,MARGIN CALL ($0)
21,72,0.0,7,0,7,1.0,-100.0,0.0,MARGIN CALL ($0)
21,73,0.0,7,0,7,1.0,-100.0,0.0,MARGIN CALL ($0)
21,74,0.0,7,0,7,1.0,-100.0,0.0,MARGIN CALL ($0)
21,75,0.0,7,0,7,1.0,-100.0,0.0,MARGIN CALL ($0)
21,76,0.0,7,0,7,1.0,-100.0,0.0,MARGIN CALL ($0)
21,77,0.0,7,0,7,1.0,-100.0,0.0,MARGIN CALL ($0)
21,78,0.0,7,0,7,1.0,-100.0,0.0,MARGIN CALL ($0)
21,79,0.0,7,0,7,1.0,-100.0,0.0,MARGIN CALL ($0)
21,80,0.0,7,0,7,1.0,-100.0,0.0,MARGIN CALL ($0)
21,81,0.0,7,0,7,1.0,-100.0,0.0,MARGIN CALL ($0)
21,82,0.0,7,0,7,1.0,-100.0,0.0,MARGIN CALL ($0)
21,83,0.0,7,0,7,1.0,-100.0,0.0,MARGIN CALL ($0)
21,84,0.0,7,0,7,1.0,-100.0,0.0,MARGIN CALL ($0)
21,85,0.0,7,0,7,1.0,-100.0,0.0,MARGIN CALL ($0)
21,86,0.0,7,0,7,1.0,-100.0,0.0,MARGIN CALL ($0)
21,87,0.0,7,0,7,1.0,-100.0,0.0,MARGIN CALL ($0)
21,88,0.0,7,0,7,1.0,-100.0,0.0,MARGIN CALL ($0)
21,89,0.0,8,0,8,1.0,-100.0,0.0,MARGIN CALL ($0)
21,90,0.0,8,0,8,1.0,-100.0,0.0,MARGIN CALL ($0)
21,91,0.0,8,0,8,1.0,-100.0,0.0,MARGIN CALL ($0)
21,92,0.0,8,0,8,1.0,-100.0,0.0,MARGIN CALL ($0)
21,93,0.0,8,0,8,1.0,-100.0,0.0,MARGIN CALL ($0)
21,94,0.0,8,0,8,1.0,-100.0,0.0,MARGIN CALL ($0)
21,95,0.0,8,0,8,1.0,-100.0,0.0,MARGIN CALL ($0)
21,96,0.0,7,0,7,1.0,-100.0,0.0,MARGIN CALL ($0)
21,97,0.0,7,0,7,1.0,-100.0,0.0,MARGIN CALL ($0)
21,98,0.0,7,0,7,1.0,-100.0,0.0,MARGIN CALL ($0)
21,99,0.0,7,0,7,1.0,-100.0,0.0,MARGIN CALL ($0)
21,100,0.0,7,0,7,1.0,-100.0,0.0,MARGIN CALL ($0)
22,1,0.0,8,0,8,1.0,-100.0,0.0,MARGIN CALL ($0)
22,2,0.0,25,3,22,1.0,-100.0,12.0,MARGIN CALL ($0)
22,3,0.0,15,2,13,1.0,-100.0,13.333333333333334,MARGIN CALL ($0)
22,4,0.0,15,2,13,1.0,-100.0,13.333333333333334,MARGIN CALL ($0)
22,5,0.0,19,2,17,1.0,-100.0,10.526315789473683,MARGIN CALL ($0)
22,6,0.0,16,2,14,1.0,-100.0,12.5,MARGIN CALL ($0)
22,7,0.0,16,2,14,1.0,-100.0,12.5,MARGIN CALL ($0)
22,8,0.0,16,2,14,1.0,-100.0,12.5,MARGIN CALL ($0)
22,9,0.0,17,2,15,1.0,-100.0,11.76470588235294,MARGIN CALL ($0)
22,10,0.0,13,1,12,1.0,-100.0,7.6923076923076925,MARGIN CALL ($0)
22,11,0.0,14,1,13,1.0,-100.0,7.142857142857142,MARGIN CALL ($0)
22,12,0.0,14,1,13,1.0,-100.0,7.142857142857142,MARGIN CALL ($0)
22,13,0.0,7,0,7,1.0,-100.0,0.0,MARGIN CALL ($0)
22,14,0.0,7,0,7,1.0,-100.0,0.0,MARGIN CALL ($0)
22,15,0.0,7,0,7,1.0,-100.0,0.0,MARGIN CALL ($0)
22,16,0.0,7,0,7,1.0,-100.0,0.0,MARGIN CALL ($0)
22,17,0.0,7,0,7,1.0,-100.0,0.0,MARGIN CALL ($0)
22,18,0.0,7,0,7,1.0,-100.0,0.0,MARGIN CALL ($0)
22,19,0.0,7,0,7,1.0,-100.0,0.0,MARGIN CALL ($0)
22,20,0.0,7,0,7,1.0,-100.0,0.0,MARGIN CALL ($0)
22,21,0.0,14,1,13,1.0,-100.0,7.142857142857142,MARGIN CALL ($0)
22,22,0.0,11,0,11,1.0,-100.0,0.0,MARGIN CALL ($0)
22,23,0.0,13,0,13,1.0,-100.0,0.0,MARGIN CALL ($0)
22,24,0.0,16,2,14,1.0,-100.0,12.5,MARGIN CALL ($0)
22,25,0.0,15,2,13,1.0,-100.0,13.333333333333334,MARGIN CALL ($0)
22,26,0.0,14,2,12,1.0,-100.0,14.285714285714285,MARGIN CALL ($0)
22,27,0.0,13,2,11,1.0,-100.0,15.384615384615385,MARGIN CALL ($0)
22,28,0.0,11,0,11,1.0,-100.0,0.0,MARGIN CALL ($0)
22,29,0.0,11,0,11,1.0,-100.0,0.0,MARGIN CALL ($0)
22,30,0.0,11,0,11,1.0,-100.0,0.0,MARGIN CALL ($0)
22,31,0.0,11,0,11,1.0,-100.0,0.0,MARGIN CALL ($0)
22,32,0.0,11,0,11,1.0,-100.0,0.0,MARGIN CALL ($0)
22,33,0.0,13,0,13,1.0,-100.0,0.0,MARGIN CALL ($0)
22,34,0.0,8,0,8,1.0,-100.0,0.0,MARGIN CALL ($0)
22,35,0.0,10,0,10,1.0,-100.0,0.0,MARGIN CALL ($0)
22,36,0.0,9,0,9,1.0,-100.0,0.0,MARGIN CALL ($0)
22,37,0.0,9,0,9,1.0,-100.0,0.0,MARGIN CALL ($0)
22,38,0.0,9,0,9,1.0,-100.0,0.0,MARGIN CALL ($0)
22,39,0.0,9,0,9,1.0,-100.0,0.0,MARGIN CALL ($0)
22,40,0.0,10,0,10,1.0,-100.0,0.0,MARGIN CALL ($0)
22,41,0.0,10,0,10,1.0,-100.0,0.0,MARGIN CALL ($0)
22,42,0.0,9,0,9,1.0,-100.0,0.0,MARGIN CALL ($0)
22,43,0.0,9,0,9,1.0,-100.0,0.0,MARGIN CALL ($0)
22,44,0.0,8,0,8,1.0,-100.0,0.0,MARGIN CALL ($0)
22,45,0.0,8,0,8,1.0,-100.0,0.0,MARGIN CALL ($0)
22,46,0.0,8,0,8,1.0,-100.0,0.0,MARGIN CALL ($0)
22,47,0.0,8,0,8,1.0,-100.0,0.0,MARGIN CALL ($0)
22,48,0.0,7,0,7,1.0,-100.0,0.0,MARGIN CALL ($0)
22,49,0.0,7,0,7,1.0,-100.0,0.0,MARGIN CALL ($0)
22,50,0.0,7,0,7,1.0,-100.0,0.0,MARGIN CALL ($0)
22,51,0.0,7,0,7,1.0,-100.0,0.0,MARGIN CALL ($0)
22,52,0.0,7,0,7,1.0,-100.0,0.0,MARGIN CALL ($0)
22,53,0.0,7,0,7,1.0,-100.0,0.0,MARGIN CALL ($0)
22,54,0.0,7,0,7,1.0,-100.0,0.0,MARGIN CALL ($0)
22,55,0.0,7,0,7,1.0,-100.0,0.0,MARGIN CALL ($0)
22,56,0.0,7,0,7,1.0,-100.0,0.0,MARGIN CALL ($0)
22,61,0.0,6,0,6,1.0,-100.0,0.0,MARGIN CALL ($0)
22,62,0.0,7,0,7,1.0,-100.0,0.0,MARGIN CALL ($0)
22,63,0.0,7,0,7,1.0,-100.0,0.0,MARGIN CALL ($0)
22,64,0.0,7,0,7,1.0,-100.0,0.0,MARGIN CALL ($0)
22,65,0.0,7,0,7,1.0,-100.0,0.0,MARGIN CALL ($0)
22,66,0.0,7,0,7,1.0,-100.0,0.0,MARGIN CALL ($0)
22,67,0.0,7,0,7,1.0,-100.0,0.0,MARGIN CALL ($0)
22,68,0.0,7,0,7,1.0,-100.0,0.0,MARGIN CALL ($0)
22,69,0.0,7,0,7,1.0,-100.0,0.0,MARGIN CALL ($0)
22,70,0.0,7,0,7,1.0,-100.0,0.0,MARGIN CALL ($0)
22,71,0.0,7,0,7,1.0,-100.0,0.0,MARGIN CALL ($0)
22,72,0.0,7,0,7,1.0,-100.0,0.0,MARGIN CALL ($0)
22,73,0.0,7,0,7,1.0,-100.0,0.0,MARGIN CALL ($0)
22,74,0.0,7,0,7,1.0,-100.0,0.0,MARGIN CALL ($0)
22,75,0.0,7,0,7,1.0,-100.0,0.0,MARGIN CALL ($0)
22,76,0.0,7,0,7,1.0,-100.0,0.0,MARGIN CALL ($0)
22,77,0.0,7,0,7,1.0,-100.0,0.0,MARGIN CALL ($0)
22,78,0.0,7,0,7,1.0,-100.0,0.0,MARGIN CALL ($0)
22,79,0.0,7,0,7,1.0,-100.0,0.0,MARGIN CALL ($0)
22,80,0.0,7,0,7,1.0,-100.0,0.0,MARGIN CALL ($0)
22,81,0.0,7,0,7,1.0,-100.0,0.0,MARGIN CALL ($0)
22,82,0.0,7,0,7,1.0,-100.0,0.0,MARGIN CALL ($0)
22,83,0.0,7,0,7,1.0,-100.0,0.0,MARGIN CALL ($0)
22,84,0.0,7,0,7,1.0,-100.0,0.0,MARGIN CALL ($0)
22,85,0.0,7,0,7,1.0,-100.0,0.0,MARGIN CALL ($0)
22,86,0.0,7,0,7,1.0,-100.0,0.0,MARGIN CALL ($0)
22,87,0.0,7,0,7,1.0,-100.0,0.0,MARGIN CALL ($0)
22,88,0.0,7,0,7,1.0,-100.0,0.0,MARGIN CALL ($0)
22,89,0.0,8,0,8,1.0,-100.0,0.0,MARGIN CALL ($0)
22,90,0.0,8,0,8,1.0,-100.0,0.0,MARGIN CALL ($0)
22,91,0.0,8,0,8,1.0,-100.0,0.0,MARGIN CALL ($0)
22,92,0.0,8,0,8,1.0,-100.0,0.0,MARGIN CALL ($0)
22,93,0.0,8,0,8,1.0,-100.0,0.0,MARGIN CALL ($0)
22,94,0.0,8,0,8,1.0,-100.0,0.0,MARGIN CALL ($0)
22,95,0.0,8,0,8,1.0,-100.0,0.0,MARGIN CALL ($0)
22,96,0.0,7,0,7,1.0,-100.0,0.0,MARGIN CALL ($0)
22,97,0.0,7,0,7,1.0,-100.0,0.0,MARGIN CALL ($0)
22,98,0.0,7,0,7,1.0,-100.0,0.0,MARGIN CALL ($0)
22,99,0.0,7,0,7,1.0,-100.0,0.0,MARGIN CALL ($0)
22,100,0.0,7,0,7,1.0,-100.0,0.0,MARGIN CALL ($0)
23,1,0.0,8,0,8,1.0,-100.0,0.0,MARGIN CALL ($0)
23,2,0.0,25,3,22,1.0,-100.0,12.0,MARGIN CALL ($0)
23,3,0.0,15,2,13,1.0,-100.0,13.333333333333334,MARGIN CALL ($0)
23,4,0.0,15,2,13,1.0,-100.0,13.333333333333334,MARGIN CALL ($0)
23,5,0.0,18,2,16,1.0,-100.0,11.11111111111111,MARGIN CALL ($0)
23,6,0.0,17,2,15,1.0,-100.0,11.76470588235294,MARGIN CALL ($0)
23,7,0.0,17,2,15,1.0,-100.0,11.76470588235294,MARGIN CALL ($0)
23,8,0.0,16,2,14,1.0,-100.0,12.5,MARGIN CALL ($0)
23,9,0.0,17,2,15,1.0,-100.0,11.76470588235294,MARGIN CALL ($0)
23,10,0.0,14,1,13,1.0,-100.0,7.142857142857142,MARGIN CALL ($0)
23,11,0.0,15,1,14,1.0,-100.0,6.666666666666667,MARGIN CALL ($0)
23,13,0.0,8,0,8,1.0,-100.0,0.0,MARGIN CALL ($0)
23,14,0.0,8,0,8,1.0,-100.0,0.0,MARGIN CALL ($0)
23,15,0.0,8,0,8,1.0,-100.0,0.0,MARGIN CALL ($0)
23,16,0.0,8,0,8,1.0,-100.0,0.0,MARGIN CALL ($0)
23,17,0.0,8,0,8,1.0,-100.0,0.0,MARGIN CALL ($0)
23,18,0.0,8,0,8,1.0,-100.0,0.0,MARGIN CALL ($0)
23,19,0.0,9,0,9,1.0,-100.0,0.0,MARGIN CALL ($0)
23,20,0.0,9,0,9,1.0,-100.0,0.0,MARGIN CALL ($0)
23,21,0.0,14,1,13,1.0,-100.0,7.142857142857142,MARGIN CALL ($0)
23,22,0.0,13,0,13,1.0,-100.0,0.0,MARGIN CALL ($0)
23,23,0.0,13,0,13,1.0,-100.0,0.0,MARGIN CALL ($0)
23,24,0.0,15,2,13,1.0,-100.0,13.333333333333334,MARGIN CALL ($0)
23,25,0.0,17,2,15,1.0,-100.0,11.76470588235294,MARGIN CALL ($0)
23,26,0.0,14,2,12,1.0,-100.0,14.285714285714285,MARGIN CALL ($0)
23,27,0.0,15,2,13,1.0,-100.0,13.333333333333334,MARGIN CALL ($0)
23,28,0.0,12,0,12,1.0,-100.0,0.0,MARGIN CALL ($0)
23,29,0.0,12,0,12,1.0,-100.0,0.0,MARGIN CALL ($0)
23,30,0.0,12,0,12,1.0,-100.0,0.0,MARGIN CALL ($0)
23,31,0.0,12,0,12,1.0,-100.0,0.0,MARGIN CALL ($0)
23,32,0.0,12,0,12,1.0,-100.0,0.0,MARGIN CALL ($0)
23,33,0.0,11,0,11,1.0,-100.0,0.0,MARGIN CALL ($0)
23,34,0.0,8,0,8,1.0,-100.0,0.0,MARGIN CALL ($0)
23,35,0.0,10,0,10,1.0,-100.0,0.0,MARGIN CALL ($0)
23,36,0.0,10,0,10,1.0,-100.0,0.0,MARGIN CALL ($0)
23,37,0.0,10,0,10,1.0,-100.0,0.0,MARGIN CALL ($0)
23,38,0.0,10,0,10,1.0,-100.0,0.0,MARGIN CALL ($0)
23,39,0.0,10,0,10,1.0,-100.0,0.0,MARGIN CALL ($0)
23,40,0.0,11,0,11,1.0,-100.0,0.0,MARGIN CALL ($0)
23,41,0.0,11,0,11,1.0,-100.0,0.0,MARGIN CALL ($0)
23,42,0.0,9,0,9,1.0,-100.0,0.0,MARGIN CALL ($0)
23,43,0.0,9,0,9,1.0,-100.0,0.0,MARGIN CALL ($0)
23,44,0.0,8,0,8,1.0,-100.0,0.0,MARGIN CALL ($0)
23,45,0.0,8,0,8,1.0,-100.0,0.0,MARGIN CALL ($0)
23,46,0.0,8,0,8,1.0,-100.0,0.0,MARGIN CALL ($0)
23,47,0.0,8,0,8,1.0,-100.0,0.0,MARGIN CALL ($0)
23,48,0.0,7,0,7,1.0,-100.0,0.0,MARGIN CALL ($0)
23,49,0.0,7,0,7,1.0,-100.0,0.0,MARGIN CALL ($0)
23,50,0.0,7,0,7,1.0,-100.0,0.0,MARGIN CALL ($0)
23,51,0.0,7,0,7,1.0,-100.0,0.0,MARGIN CALL ($0)
23,52,0.0,7,0,7,1.0,-100.0,0.0,MARGIN CALL ($0)
23,53,0.0,7,0,7,1.0,-100.0,0.0,MARGIN CALL ($0)
23,54,0.0,7,0,7,1.0,-100.0,0.0,MARGIN CALL ($0)
23,55,0.0,7,0,7,1.0,-100.0,0.0,MARGIN CALL ($0)
23,56,0.0,7,0,7,1.0,-100.0,0.0,MARGIN CALL ($0)
23,61,0.0,6,0,6,1.0,-100.0,0.0,MARGIN CALL ($0)
23,62,0.0,7,0,7,1.0,-100.0,0.0,MARGIN CALL ($0)
23,63,0.0,7,0,7,1.0,-100.0,0.0,MARGIN CALL ($0)
23,64,0.0,7,0,7,1.0,-100.0,0.0,MARGIN CALL ($0)
23,65,0.0,7,0,7,1.0,-100.0,0.0,MARGIN CALL ($0)
23,66,0.0,7,0,7,1.0,-100.0,0.0,MARGIN CALL ($0)
23,67,0.0,7,0,7,1.0,-100.0,0.0,MARGIN CALL ($0)
23,68,0.0,7,0,7,1.0,-100.0,0.0,MARGIN CALL ($0)
23,69,0.0,7,0,7,1.0,-100.0,0.0,MARGIN CALL ($0)
23,70,0.0,7,0,7,1.0,-100.0,0.0,MARGIN CALL ($0)
23,71,0.0,7,0,7,1.0,-100.0,0.0,MARGIN CALL ($0)
23,72,0.0,7,0,7,1.0,-100.0,0.0,MARGIN CALL ($0)
23,73,0.0,7,0,7,1.0,-100.0,0.0,MARGIN CALL ($0)
23,74,0.0,7,0,7,1.0,-100.0,0.0,MARGIN CALL ($0)
23,75,0.0,7,0,7,1.0,-100.0,0.0,MARGIN CALL ($0)
23,76,0.0,7,0,7,1.0,-100.0,0.0,MARGIN CALL ($0)
23,77,0.0,7,0,7,1.0,-100.0,0.0,MARGIN CALL ($0)
23,78,0.0,7,0,7,1.0,-100.0,0.0,MARGIN CALL ($0)
23,79,0.0,7,0,7,1.0,-100.0,0.0,MARGIN CALL ($0)
23,80,0.0,7,0,7,1.0,-100.0,0.0,MARGIN CALL ($0)
23,81,0.0,7,0,7,1.0,-100.0,0.0,MARGIN CALL ($0)
23,82,0.0,7,0,7,1.0,-100.0,0.0,MARGIN CALL ($0)
23,83,0.0,7,0,7,1.0,-100.0,0.0,MARGIN CALL ($0)
23,84,0.0,7,0,7,1.0,-100.0,0.0,MARGIN CALL ($0)
23,85,0.0,7,0,7,1.0,-100.0,0.0,MARGIN CALL ($0)
23,86,0.0,7,0,7,1.0,-100.0,0.0,MARGIN CALL ($0)
23,87,0.0,7,0,7,1.0,-100.0,0.0,MARGIN CALL ($0)
23,88,0.0,7,0,7,1.0,-100.0,0.0,MARGIN CALL ($0)
23,89,0.0,8,0,8,1.0,-100.0,0.0,MARGIN CALL ($0)
23,90,0.0,8,0,8,1.0,-100.0,0.0,MARGIN CALL ($0)
23,91,0.0,8,0,8,1.0,-100.0,0.0,MARGIN CALL ($0)
23,92,0.0,8,0,8,1.0,-100.0,0.0,MARGIN CALL ($0)
23,93,0.0,8,0,8,1.0,-100.0,0.0,MARGIN CALL ($0)
23,94,0.0,8,0,8,1.0,-100.0,0.0,MARGIN CALL ($0)
23,95,0.0,8,0,8,1.0,-100.0,0.0,MARGIN CALL ($0)
23,96,0.0,7,0,7,1.0,-100.0,0.0,MARGIN CALL ($0)
23,97,0.0,7,0,7,1.0,-100.0,0.0,MARGIN CALL ($0)
23,98,0.0,7,0,7,1.0,-100.0,0.0,MARGIN CALL ($0)
23,99,0.0,7,0,7,1.0,-100.0,0.0,MARGIN CALL ($0)
23,100,0.0,7,0,7,1.0,-100.0,0.0,MARGIN CALL ($0)
24,1,0.0,8,0,8,1.0,-100.0,0.0,MARGIN CALL ($0)
24,2,0.0,25,3,22,1.0,-100.0,12.0,MARGIN CALL ($0)
24,3,0.0,15,2,13,1.0,-100.0,13.333333333333334,MARGIN CALL ($0)
24,4,0.0,15,2,13,1.0,-100.0,13.333333333333334,MARGIN CALL ($0)
24,5,0.0,18,2,16,1.0,-100.0,11.11111111111111,MARGIN CALL ($0)
24,6,0.0,16,2,14,1.0,-100.0,12.5,MARGIN CALL ($0)
24,7,0.0,16,2,14,1.0,-100.0,12.5,MARGIN CALL ($0)
24,8,0.0,16,2,14,1.0,-100.0,12.5,MARGIN CALL ($0)
24,9,0.0,15,2,13,1.0,-100.0,13.333333333333334,MARGIN CALL ($0)
24,10,0.0,12,1,11,1.0,-100.0,8.333333333333332,MARGIN CALL ($0)
24,11,0.0,13,1,12,1.0,-100.0,7.6923076923076925,MARGIN CALL ($0)
24,12,0.0,13,1,12,1.0,-100.0,7.6923076923076925,MARGIN CALL ($0)
24,13,0.0,7,0,7,1.0,-100.0,0.0,MARGIN CALL ($0)
24,14,0.0,7,0,7,1.0,-100.0,0.0,MARGIN CALL ($0)
24,15,0.0,7,0,7,1.0,-100.0,0.0,MARGIN CALL ($0)
24,16,0.0,6,0,6,1.0,-100.0,0.0,MARGIN CALL ($0)
24,17,0.0,6,0,6,1.0,-100.0,0.0,MARGIN CALL ($0)
24,18,0.0,8,0,8,1.0,-100.0,0.0,MARGIN CALL ($0)
24,19,0.0,9,0,9,1.0,-100.0,0.0,MARGIN CALL ($0)
24,20,0.0,9,0,9,1.0,-100.0,0.0,MARGIN CALL ($0)
24,21,0.0,17,3,14,1.0,-100.0,17.647058823529413,MARGIN CALL ($0)
24,22,0.0,17,2,15,1.0,-100.0,11.76470588235294,MARGIN CALL ($0)
24,23,0.0,16,2,14,1.0,-100.0,12.5,MARGIN CALL ($0)
24,24,0.0,15,2,13,1.0,-100.0,13.333333333333334,MARGIN CALL ($0)
24,25,0.0,17,2,15,1.0,-100.0,11.76470588235294,MARGIN CALL ($0)
24,26,0.0,14,2,12,1.0,-100.0,14.285714285714285,MARGIN CALL ($0)
24,27,0.0,15,2,13,1.0,-100.0,13.333333333333334,MARGIN CALL ($0)
24,28,0.0,15,2,13,1.0,-100.0,13.333333333333334,MARGIN CALL ($0)
24,29,0.0,15,2,13,1.0,-100.0,13.333333333333334,MARGIN CALL ($0)
24,30,0.0,15,2,13,1.0,-100.0,13.333333333333334,MARGIN CALL ($0)
24,31,0.0,15,2,13,1.0,-100.0,13.333333333333334,MARGIN CALL ($0)
24,32,0.0,15,2,13,1.0,-100.0,13.333333333333334,MARGIN CALL ($0)
24,33,0.0,14,2,12,1.0,-100.0,14.285714285714285,MARGIN CALL ($0)
24,34,0.0,8,0,8,1.0,-100.0,0.0,MARGIN CALL ($0)
24,35,0.0,10,0,10,1.0,-100.0,0.0,MARGIN CALL ($0)
24,36,0.0,10,0,10,1.0,-100.0,0.0,MARGIN CALL ($0)
24,37,0.0,10,0,10,1.0,-100.0,0.0,MARGIN CALL ($0)
24,38,0.0,10,0,10,1.0,-100.0,0.0,MARGIN CALL ($0)
24,39,0.0,12,2,10,1.0,-100.0,16.666666666666664,MARGIN CALL ($0)
24,40,0.0,14,2,12,1.0,-100.0,14.285714285714285,MARGIN CALL ($0)
24,41,0.0,14,2,12,1.0,-100.0,14.285714285714285,MARGIN CALL ($0)
24,42,0.0,9,0,9,1.0,-100.0,0.0,MARGIN CALL ($0)
24,43,0.0,9,0,9,1.0,-100.0,0.0,MARGIN CALL ($0)
24,44,0.0,8,0,8,1.0,-100.0,0.0,MARGIN CALL ($0)
24,45,0.0,8,0,8,1.0,-100.0,0.0,MARGIN CALL ($0)
24,46,0.0,8,0,8,1.0,-100.0,0.0,MARGIN CALL ($0)
24,47,0.0,8,0,8,1.0,-100.0,0.0,MARGIN CALL ($0)
24,48,0.0,7,0,7,1.0,-100.0,0.0,MARGIN CALL ($0)
24,49,0.0,7,0,7,1.0,-100.0,0.0,MARGIN CALL ($0)
24,50,0.0,7,0,7,1.0,-100.0,0.0,MARGIN CALL ($0)
24,51,0.0,7,0,7,1.0,-100.0,0.0,MARGIN CALL ($0)
24,52,0.0,7,0,7,1.0,-100.0,0.0,MARGIN CALL ($0)
24,53,0.0,7,0,7,1.0,-100.0,0.0,MARGIN CALL ($0)
24,54,0.0,7,0,7,1.0,-100.0,0.0,MARGIN CALL ($0)
24,55,0.0,7,0,7,1.0,-100.0,0.0,MARGIN CALL ($0)
24,56,0.0,7,0,7,1.0,-100.0,0.0,MARGIN CALL ($0)
24,61,0.0,6,0,6,1.0,-100.0,0.0,MARGIN CALL ($0)
24,62,0.0,7,0,7,1.0,-100.0,0.0,MARGIN CALL ($0)
24,63,0.0,7,0,7,1.0,-100.0,0.0,MARGIN CALL ($0)
24,64,0.0,7,0,7,1.0,-100.0,0.0,MARGIN CALL ($0)
24,65,0.0,7,0,7,1.0,-100.0,0.0,MARGIN CALL ($0)
24,66,0.0,7,0,7,1.0,-100.0,0.0,MARGIN CALL ($0)
24,67,0.0,7,0,7,1.0,-100.0,0.0,MARGIN CALL ($0)
24,68,0.0,7,0,7,1.0,-100.0,0.0,MARGIN CALL ($0)
24,69,0.0,7,0,7,1.0,-100.0,0.0,MARGIN CALL ($0)
24,70,0.0,7,0,7,1.0,-100.0,0.0,MARGIN CALL ($0)
24,71,0.0,7,0,7,1.0,-100.0,0.0,MARGIN CALL ($0)
24,72,0.0,7,0,7,1.0,-100.0,0.0,MARGIN CALL ($0)
24,73,0.0,7,0,7,1.0,-100.0,0.0,MARGIN CALL ($0)
24,74,0.0,7,0,7,1.0,-100.0,0.0,MARGIN CALL ($0)
24,75,0.0,7,0,7,1.0,-100.0,0.0,MARGIN CALL ($0)
24,76,0.0,7,0,7,1.0,-100.0,0.0,MARGIN CALL ($0)
24,77,0.0,7,0,7,1.0,-100.0,0.0,MARGIN CALL ($0)
24,78,0.0,7,0,7,1.0,-100.0,0.0,MARGIN CALL ($0)
24,79,0.0,7,0,7,1.0,-100.0,0.0,MARGIN CALL ($0)
24,80,0.0,7,0,7,1.0,-100.0,0.0,MARGIN CALL ($0)
24,81,0.0,7,0,7,1.0,-100.0,0.0,MARGIN CALL ($0)
24,82,0.0,7,0,7,1.0,-100.0,0.0,MARGIN CALL ($0)
24,83,0.0,7,0,7,1.0,-100.0,0.0,MARGIN CALL ($0)
24,84,0.0,7,0,7,1.0,-100.0,0.0,MARGIN CALL ($0)
24,85,0.0,7,0,7,1.0,-100.0,0.0,MARGIN CALL ($0)
24,86,0.0,7,0,7,1.0,-100.0,0.0,MARGIN CALL ($0)
24,87,0.0,7,0,7,1.0,-100.0,0.0,MARGIN CALL ($0)
24,88,0.0,7,0,7,1.0,-100.0,0.0,MARGIN CALL ($0)
24,89,0.0,8,0,8,1.0,-100.0,0.0,MARGIN CALL ($0)
24,90,0.0,8,0,8,1.0,-100.0,0.0,MARGIN CALL ($0)
24,91,0.0,8,0,8,1.0,-100.0,0.0,MARGIN CALL ($0)
24,92,0.0,8,0,8,1.0,-100.0,0.0,MARGIN CALL ($0)
24,93,0.0,8,0,8,1.0,-100.0,0.0,MARGIN CALL ($0)
24,94,0.0,8,0,8,1.0,-100.0,0.0,MARGIN CALL ($0)
24,95,0.0,8,0,8,1.0,-100.0,0.0,MARGIN CALL ($0)
24,96,0.0,7,0,7,1.0,-100.0,0.0,MARGIN CALL ($0)
24,97,0.0,7,0,7,1.0,-100.0,0.0,MARGIN CALL ($0)
24,98,0.0,7,0,7,1.0,-100.0,0.0,MARGIN CALL ($0)
24,99,0.0,7,0,7,1.0,-100.0,0.0,MARGIN CALL ($0)
24,100,0.0,7,0,7,1.0,-100.0,0.0,MARGIN CALL ($0)
25,1,0.0,8,0,8,1.0,-100.0,0.0,MARGIN CALL ($0)
25,2,0.0,25,3,22,1.0,-100.0,12.0,MARGIN CALL ($0)
25,3,0.0,15,2,13,1.0,-100.0,13.333333333333334,MARGIN CALL ($0)
25,4,0.0,15,2,13,1.0,-100.0,13.333333333333334,MARGIN CALL ($0)
25,5,0.0,18,2,16,1.0,-100.0,11.11111111111111,MARGIN CALL ($0)
25,6,0.0,16,2,14,1.0,-100.0,12.5,MARGIN CALL ($0)
25,7,0.0,16,2,14,1.0,-100.0,12.5,MARGIN CALL ($0)
25,8,0.0,16,2,14,1.0,-100.0,12.5,MARGIN CALL ($0)
25,9,0.0,15,2,13,1.0,-100.0,13.333333333333334,MARGIN CALL ($0)
25,10,0.0,12,1,11,1.0,-100.0,8.333333333333332,MARGIN CALL ($0)
25,11,0.0,13,1,12,1.0,-100.0,7.6923076923076925,MARGIN CALL ($0)
25,12,0.0,13,1,12,1.0,-100.0,7.6923076923076925,MARGIN CALL ($0)
25,13,0.0,7,0,7,1.0,-100.0,0.0,MARGIN CALL ($0)
25,14,0.0,7,0,7,1.0,-100.0,0.0,MARGIN CALL ($0)
25,15,0.0,7,0,7,1.0,-100.0,0.0,MARGIN CALL ($0)
25,16,0.0,6,0,6,1.0,-100.0,0.0,MARGIN CALL ($0)
25,17,0.0,6,0,6,1.0,-100.0,0.0,MARGIN CALL ($0)
25,18,0.0,8,0,8,1.0,-100.0,0.0,MARGIN CALL ($0)
25,19,0.0,9,0,9,1.0,-100.0,0.0,MARGIN CALL ($0)
25,20,0.0,9,0,9,1.0,-100.0,0.0,MARGIN CALL ($0)
25,21,0.0,17,3,14,1.0,-100.0,17.647058823529413,MARGIN CALL ($0)
25,22,0.0,17,2,15,1.0,-100.0,11.76470588235294,MARGIN CALL ($0)
25,23,0.0,16,2,14,1.0,-100.0,12.5,MARGIN CALL ($0)
25,24,0.0,15,2,13,1.0,-100.0,13.333333333333334,MARGIN CALL ($0)
25,25,0.0,14,2,12,1.0,-100.0,14.285714285714285,MARGIN CALL ($0)
25,26,0.0,15,2,13,1.0,-100.0,13.333333333333334,MARGIN CALL ($0)
25,27,0.0,16,2,14,1.0,-100.0,12.5,MARGIN CALL ($0)
25,28,0.0,16,2,14,1.0,-100.0,12.5,MARGIN CALL ($0)
25,29,0.0,16,2,14,1.0,-100.0,12.5,MARGIN CALL ($0)
25,30,0.0,13,2,11,1.0,-100.0,15.384615384615385,MARGIN CALL ($0)
25,31,0.0,13,2,11,1.0,-100.0,15.384615384615385,MARGIN CALL ($0)
25,32,0.0,13,2,11,1.0,-100.0,15.384615384615385,MARGIN CALL ($0)
25,33,0.0,14,2,12,1.0,-100.0,14.285714285714285,MARGIN CALL ($0)
25,34,0.0,12,2,10,1.0,-100.0,16.666666666666664,MARGIN CALL ($0)
25,35,0.0,14,2,12,1.0,-100.0,14.285714285714285,MARGIN CALL ($0)
25,36,0.0,14,2,12,1.0,-100.0,14.285714285714285,MARGIN CALL ($0)
25,37,0.0,14,2,12,1.0,-100.0,14.285714285714285,MARGIN CALL ($0)
25,38,0.0,14,2,12,1.0,-100.0,14.285714285714285,MARGIN CALL ($0)
25,39,0.0,13,2,11,1.0,-100.0,15.384615384615385,MARGIN CALL ($0)
25,40,0.0,12,2,10,1.0,-100.0,16.666666666666664,MARGIN CALL ($0)
25,41,0.0,12,2,10,1.0,-100.0,16.666666666666664,MARGIN CALL ($0)
25,42,0.0,12,2,10,1.0,-100.0,16.666666666666664,MARGIN CALL ($0)
25,43,0.0,12,2,10,1.0,-100.0,16.666666666666664,MARGIN CALL ($0)
25,44,0.0,12,2,10,1.0,-100.0,16.666666666666664,MARGIN CALL ($0)
25,45,0.0,12,2,10,1.0,-100.0,16.666666666666664,MARGIN CALL ($0)
25,46,0.0,11,2,9,1.0,-100.0,18.181818181818183,MARGIN CALL ($0)
25,47,0.0,7,0,7,1.0,-100.0,0.0,MARGIN CALL ($0)
25,48,0.0,7,0,7,1.0,-100.0,0.0,MARGIN CALL ($0)
25,49,0.0,7,0,7,1.0,-100.0,0.0,MARGIN CALL ($0)
25,50,0.0,7,0,7,1.0,-100.0,0.0,MARGIN CALL ($0)
25,51,0.0,7,0,7,1.0,-100.0,0.0,MARGIN CALL ($0)
25,52,0.0,7,0,7,1.0,-100.0,0.0,MARGIN CALL ($0)
25,55,0.0,7,0,7,1.0,-100.0,0.0,MARGIN CALL ($0)
25,62,0.0,6,0,6,1.0,-100.0,0.0,MARGIN CALL ($0)
25,63,0.0,6,0,6,1.0,-100.0,0.0,MARGIN CALL ($0)
25,64,0.0,6,0,6,1.0,-100.0,0.0,MARGIN CALL ($0)
25,65,0.0,6,0,6,1.0,-100.0,0.0,MARGIN CALL ($0)
25,66,0.0,6,0,6,1.0,-100.0,0.0,MARGIN CALL ($0)
25,67,0.0,7,0,7,1.0,-100.0,0.0,MARGIN CALL ($0)
25,68,0.0,7,0,7,1.0,-100.0,0.0,MARGIN CALL ($0)
25,69,0.0,7,0,7,1.0,-100.0,0.0,MARGIN CALL ($0)
25,70,0.0,7,0,7,1.0,-100.0,0.0,MARGIN CALL ($0)
25,71,0.0,7,0,7,1.0,-100.0,0.0,MARGIN CALL ($0)
25,72,0.0,7,0,7,1.0,-100.0,0.0,MARGIN CALL ($0)
25,73,0.0,7,0,7,1.0,-100.0,0.0,MARGIN CALL ($0)
25,74,0.0,7,0,7,1.0,-100.0,0.0,MARGIN CALL ($0)
25,75,0.0,7,0,7,1.0,-100.0,0.0,MARGIN CALL ($0)
25,76,0.0,7,0,7,1.0,-100.0,0.0,MARGIN CALL ($0)
25,77,0.0,7,0,7,1.0,-100.0,0.0,MARGIN CALL ($0)
25,78,0.0,6,0,6,1.0,-100.0,0.0,MARGIN CALL ($0)
25,79,0.0,6,0,6,1.0,-100.0,0.0,MARGIN CALL ($0)
25,80,0.0,6,0,6,1.0,-100.0,0.0,MARGIN CALL ($0)
25,81,0.0,6,0,6,1.0,-100.0,0.0,MARGIN CALL ($0)
25,82,0.0,6,0,6,1.0,-100.0,0.0,MARGIN CALL ($0)
25,83,0.0,6,0,6,1.0,-100.0,0.0,MARGIN CALL ($0)
25,84,0.0,6,0,6,1.0,-100.0,0.0,MARGIN CALL ($0)
25,85,0.0,6,0,6,1.0,-100.0,0.0,MARGIN CALL ($0)
25,88,0.0,8,0,8,1.0,-100.0,0.0,MARGIN CALL ($0)
25,89,0.0,7,0,7,1.0,-100.0,0.0,MARGIN CALL ($0)
25,90,0.0,7,0,7,1.0,-100.0,0.0,MARGIN CALL ($0)
25,91,0.0,7,0,7,1.0,-100.0,0.0,MARGIN CALL ($0)
25,92,0.0,7,0,7,1.0,-100.0,0.0,MARGIN CALL ($0)
25,93,0.0,7,0,7,1.0,-100.0,0.0,MARGIN CALL ($0)
25,94,0.0,7,0,7,1.0,-100.0,0.0,MARGIN CALL ($0)
25,95,0.0,7,0,7,1.0,-100.0,0.0,MARGIN CALL ($0)
25,96,0.0,8,0,8,1.0,-100.0,0.0,MARGIN CALL ($0)
26,1,0.0,8,0,8,1.0,-100.0,0.0,MARGIN CALL ($0)
26,2,0.0,25,3,22,1.0,-100.0,12.0,MARGIN CALL ($0)
26,3,0.0,16,2,14,1.0,-100.0,12.5,MARGIN CALL ($0)
26,4,0.0,16,2,14,1.0,-100.0,12.5,MARGIN CALL ($0)
26,5,0.0,17,2,15,1.0,-100.0,11.76470588235294,MARGIN CALL ($0)
26,6,0.0,15,2,13,1.0,-100.0,13.333333333333334,MARGIN CALL ($0)
26,7,0.0,14,2,12,1.0,-100.0,14.285714285714285,MARGIN CALL ($0)
26,8,0.0,14,2,12,1.0,-100.0,14.285714285714285,MARGIN CALL ($0)
26,9,0.0,14,2,12,1.0,-100.0,14.285714285714285,MARGIN CALL ($0)
26,10,0.0,10,1,9,1.0,-100.0,10.0,MARGIN CALL ($0)
26,11,0.0,11,1,10,1.0,-100.0,9.090909090909092,MARGIN CALL ($0)
26,12,0.0,11,1,10,1.0,-100.0,9.090909090909092,MARGIN CALL ($0)
26,13,0.0,5,0,5,1.0,-100.0,0.0,MARGIN CALL ($0)
26,14,0.0,5,0,5,1.0,-100.0,0.0,MARGIN CALL ($0)
26,15,0.0,6,0,6,1.0,-100.0,0.0,MARGIN CALL ($0)
26,16,0.0,5,0,5,1.0,-100.0,0.0,MARGIN CALL ($0)
26,17,0.0,5,0,5,1.0,-100.0,0.0,MARGIN CALL ($0)
26,18,0.0,7,0,7,1.0,-100.0,0.0,MARGIN CALL ($0)
26,19,0.0,7,0,7,1.0,-100.0,0.0,MARGIN CALL ($0)
26,20,0.0,8,0,8,1.0,-100.0,0.0,MARGIN CALL ($0)
26,21,0.0,13,2,11,1.0,-100.0,15.384615384615385,MARGIN CALL ($0)
26,22,0.0,13,2,11,1.0,-100.0,15.384615384615385,MARGIN CALL ($0)
26,23,0.0,14,2,12,1.0,-100.0,14.285714285714285,MARGIN CALL ($0)
26,24,0.0,16,2,14,1.0,-100.0,12.5,MARGIN CALL ($0)
26,25,0.0,15,2,13,1.0,-100.0,13.333333333333334,MARGIN CALL ($0)
26,26,0.0,11,0,11,1.0,-100.0,0.0,MARGIN CALL ($0)
26,27,0.0,11,0,11,1.0,-100.0,0.0,MARGIN CALL ($0)
26,28,0.0,11,0,11,1.0,-100.0,0.0,MARGIN CALL ($0)
26,29,0.0,11,0,11,1.0,-100.0,0.0,MARGIN CALL ($0)
26,30,0.0,16,1,15,1.0,-100.0,6.25,MARGIN CALL ($0)
26,31,0.0,15,1,14,1.0,-100.0,6.666666666666667,MARGIN CALL ($0)
26,34,0.0,8,0,8,1.0,-100.0,0.0,MARGIN CALL ($0)
26,35,0.0,8,0,8,1.0,-100.0,0.0,MARGIN CALL ($0)
26,36,0.0,8,0,8,1.0,-100.0,0.0,MARGIN CALL ($0)
26,37,0.0,8,0,8,1.0,-100.0,0.0,MARGIN CALL ($0)
26,38,0.0,8,0,8,1.0,-100.0,0.0,MARGIN CALL ($0)
26,42,0.0,8,0,8,1.0,-100.0,0.0,MARGIN CALL ($0)
26,43,0.0,8,0,8,1.0,-100.0,0.0,MARGIN CALL ($0)
26,44,0.0,8,0,8,1.0,-100.0,0.0,MARGIN CALL ($0)
26,45,0.0,8,0,8,1.0,-100.0,0.0,MARGIN CALL ($0)
26,46,0.0,8,0,8,1.0,-100.0,0.0,MARGIN CALL ($0)
26,47,0.0,8,0,8,1.0,-100.0,0.0,MARGIN CALL ($0)
26,48,0.0,8,0,8,1.0,-100.0,0.0,MARGIN CALL ($0)
26,52,0.0,7,0,7,1.0,-100.0,0.0,MARGIN CALL ($0)
26,53,0.0,7,0,7,1.0,-100.0,0.0,MARGIN CALL ($0)
26,54,0.0,7,0,7,1.0,-100.0,0.0,MARGIN CALL ($0)
26,55,0.0,7,0,7,1.0,-100.0,0.0,MARGIN CALL ($0)
26,56,0.0,7,0,7,1.0,-100.0,0.0,MARGIN CALL ($0)
26,61,0.0,6,0,6,1.0,-100.0,0.0,MARGIN CALL ($0)
26,62,0.0,7,0,7,1.0,-100.0,0.0,MARGIN CALL ($0)
26,63,0.0,7,0,7,1.0,-100.0,0.0,MARGIN CALL ($0)
26,64,0.0,7,0,7,1.0,-100.0,0.0,MARGIN CALL ($0)
26,65,0.0,7,0,7,1.0,-100.0,0.0,MARGIN CALL ($0)
26,66,0.0,7,0,7,1.0,-100.0,0.0,MARGIN CALL ($0)
26,67,0.0,7,0,7,1.0,-100.0,0.0,MARGIN CALL ($0)
26,68,0.0,7,0,7,1.0,-100.0,0.0,MARGIN CALL ($0)
26,69,0.0,7,0,7,1.0,-100.0,0.0,MARGIN CALL ($0)
26,70,0.0,7,0,7,1.0,-100.0,0.0,MARGIN CALL ($0)
26,71,0.0,7,0,7,1.0,-100.0,0.0,MARGIN CALL ($0)
26,72,0.0,7,0,7,1.0,-100.0,0.0,MARGIN CALL ($0)
26,73,0.0,7,0,7,1.0,-100.0,0.0,MARGIN CALL ($0)
26,74,0.0,7,0,7,1.0,-100.0,0.0,MARGIN CALL ($0)
26,75,0.0,7,0,7,1.0,-100.0,0.0,MARGIN CALL ($0)
26,76,0.0,7,0,7,1.0,-100.0,0.0,MARGIN CALL ($0)
26,77,0.0,7,0,7,1.0,-100.0,0.0,MARGIN CALL ($0)
26,78,0.0,6,0,6,1.0,-100.0,0.0,MARGIN CALL ($0)
26,79,0.0,6,0,6,1.0,-100.0,0.0,MARGIN CALL ($0)
26,80,0.0,6,0,6,1.0,-100.0,0.0,MARGIN CALL ($0)
26,81,0.0,6,0,6,1.0,-100.0,0.0,MARGIN CALL ($0)
26,82,0.0,6,0,6,1.0,-100.0,0.0,MARGIN CALL ($0)
26,83,0.0,6,0,6,1.0,-100.0,0.0,MARGIN CALL ($0)
26,84,0.0,6,0,6,1.0,-100.0,0.0,MARGIN CALL ($0)
26,85,0.0,6,0,6,1.0,-100.0,0.0,MARGIN CALL ($0)
26,88,0.0,8,0,8,1.0,-100.0,0.0,MARGIN CALL ($0)
26,89,0.0,8,0,8,1.0,-100.0,0.0,MARGIN CALL ($0)
26,90,0.0,8,0,8,1.0,-100.0,0.0,MARGIN CALL ($0)
26,91,0.0,8,0,8,1.0,-100.0,0.0,MARGIN CALL ($0)
26,92,0.0,8,0,8,1.0,-100.0,0.0,MARGIN CALL ($0)
26,93,0.0,8,0,8,1.0,-100.0,0.0,MARGIN CALL ($0)
26,94,0.0,8,0,8,1.0,-100.0,0.0,MARGIN CALL ($0)
26,95,0.0,8,0,8,1.0,-100.0,0.0,MARGIN CALL ($0)
26,96,0.0,7,0,7,1.0,-100.0,0.0,MARGIN CALL ($0)
26,97,0.0,7,0,7,1.0,-100.0,0.0,MARGIN CALL ($0)
26,98,0.0,7,0,7,1.0,-100.0,0.0,MARGIN CALL ($0)
26,99,0.0,7,0,7,1.0,-100.0,0.0,MARGIN CALL ($0)
26,100,0.0,7,0,7,1.0,-100.0,0.0,MARGIN CALL ($0)
27,1,0.0,8,0,8,1.0,-100.0,0.0,MARGIN CALL ($0)
27,2,0.0,25,3,22,1.0,-100.0,12.0,MARGIN CALL ($0)
27,3,0.0,16,2,14,1.0,-100.0,12.5,MARGIN CALL ($0)
27,4,0.0,16,2,14,1.0,-100.0,12.5,MARGIN CALL ($0)
27,5,0.0,17,2,15,1.0,-100.0,11.76470588235294,MARGIN CALL ($0)
27,6,0.0,15,2,13,1.0,-100.0,13.333333333333334,MARGIN CALL ($0)
27,7,0.0,14,2,12,1.0,-100.0,14.285714285714285,MARGIN CALL ($0)
27,8,0.0,14,2,12,1.0,-100.0,14.285714285714285,MARGIN CALL ($0)
27,9,0.0,14,2,12,1.0,-100.0,14.285714285714285,MARGIN CALL ($0)
27,10,0.0,10,1,9,1.0,-100.0,10.0,MARGIN CALL ($0)
27,11,0.0,11,1,10,1.0,-100.0,9.090909090909092,MARGIN CALL ($0)
27,12,0.0,11,1,10,1.0,-100.0,9.090909090909092,MARGIN CALL ($0)
27,13,0.0,5,0,5,1.0,-100.0,0.0,MARGIN CALL ($0)
27,14,0.0,5,0,5,1.0,-100.0,0.0,MARGIN CALL ($0)
27,15,0.0,6,0,6,1.0,-100.0,0.0,MARGIN CALL ($0)
27,16,0.0,5,0,5,1.0,-100.0,0.0,MARGIN CALL ($0)
27,17,0.0,5,0,5,1.0,-100.0,0.0,MARGIN CALL ($0)
27,18,0.0,7,0,7,1.0,-100.0,0.0,MARGIN CALL ($0)
27,19,0.0,7,0,7,1.0,-100.0,0.0,MARGIN CALL ($0)
27,20,0.0,8,0,8,1.0,-100.0,0.0,MARGIN CALL ($0)
27,21,0.0,13,2,11,1.0,-100.0,15.384615384615385,MARGIN CALL ($0)
27,22,0.0,13,2,11,1.0,-100.0,15.384615384615385,MARGIN CALL ($0)
27,23,0.0,14,2,12,1.0,-100.0,14.285714285714285,MARGIN CALL ($0)
27,24,0.0,16,2,14,1.0,-100.0,12.5,MARGIN CALL ($0)
27,25,0.0,15,2,13,1.0,-100.0,13.333333333333334,MARGIN CALL ($0)
27,26,0.0,11,0,11,1.0,-100.0,0.0,MARGIN CALL ($0)
27,27,0.0,11,0,11,1.0,-100.0,0.0,MARGIN CALL ($0)
27,28,0.0,11,0,11,1.0,-100.0,0.0,MARGIN CALL ($0)
27,29,0.0,11,0,11,1.0,-100.0,0.0,MARGIN CALL ($0)
27,34,0.0,9,0,9,1.0,-100.0,0.0,MARGIN CALL ($0)
27,35,0.0,9,0,9,1.0,-100.0,0.0,MARGIN CALL ($0)
27,36,0.0,9,0,9,1.0,-100.0,0.0,MARGIN CALL ($0)
27,37,0.0,8,0,8,1.0,-100.0,0.0,MARGIN CALL ($0)
27,38,0.0,8,0,8,1.0,-100.0,0.0,MARGIN CALL ($0)
27,42,0.0,8,0,8,1.0,-100.0,0.0,MARGIN CALL ($0)
27,43,0.0,8,0,8,1.0,-100.0,0.0,MARGIN CALL ($0)
27,44,0.0,8,0,8,1.0,-100.0,0.0,MARGIN CALL ($0)
27,45,0.0,8,0,8,1.0,-100.0,0.0,MARGIN CALL ($0)
27,46,0.0,8,0,8,1.0,-100.0,0.0,MARGIN CALL ($0)
27,47,0.0,8,0,8,1.0,-100.0,0.0,MARGIN CALL ($0)
27,48,0.0,8,0,8,1.0,-100.0,0.0,MARGIN CALL ($0)
27,52,0.0,7,0,7,1.0,-100.0,0.0,MARGIN CALL ($0)
27,53,0.0,7,0,7,1.0,-100.0,0.0,MARGIN CALL ($0)
27,54,0.0,7,0,7,1.0,-100.0,0.0,MARGIN CALL ($0)
27,55,0.0,7,0,7,1.0,-100.0,0.0,MARGIN CALL ($0)
27,56,0.0,7,0,7,1.0,-100.0,0.0,MARGIN CALL ($0)
27,60,0.0,7,1,6,1.0,-100.0,14.285714285714285,MARGIN CALL ($0)
27,61,0.0,6,0,6,1.0,-100.0,0.0,MARGIN CALL ($0)
27,62,0.0,7,0,7,1.0,-100.0,0.0,MARGIN CALL ($0)
27,63,0.0,7,0,7,1.0,-100.0,0.0,MARGIN CALL ($0)
27,64,0.0,7,0,7,1.0,-100.0,0.0,MARGIN CALL ($0)
27,65,0.0,7,0,7,1.0,-100.0,0.0,MARGIN CALL ($0)
27,66,0.0,7,0,7,1.0,-100.0,0.0,MARGIN CALL ($0)
27,67,0.0,7,0,7,1.0,-100.0,0.0,MARGIN CALL ($0)
27,68,0.0,7,0,7,1.0,-100.0,0.0,MARGIN CALL ($0)
27,69,0.0,7,0,7,1.0,-100.0,0.0,MARGIN CALL ($0)
27,70,0.0,7,0,7,1.0,-100.0,0.0,MARGIN CALL ($0)
27,71,0.0,7,0,7,1.0,-100.0,0.0,MARGIN CALL ($0)
27,72,0.0,7,0,7,1.0,-100.0,0.0,MARGIN CALL ($0)
27,73,0.0,7,0,7,1.0,-100.0,0.0,MARGIN CALL ($0)
27,74,0.0,7,0,7,1.0,-100.0,0.0,MARGIN CALL ($0)
27,75,0.0,7,0,7,1.0,-100.0,0.0,MARGIN CALL ($0)
27,76,0.0,7,0,7,1.0,-100.0,0.0,MARGIN CALL ($0)
27,77,0.0,7,0,7,1.0,-100.0,0.0,MARGIN CALL ($0)
27,78,0.0,6,0,6,1.0,-100.0,0.0,MARGIN CALL ($0)
27,79,0.0,6,0,6,1.0,-100.0,0.0,MARGIN CALL ($0)
27,80,0.0,6,0,6,1.0,-100.0,0.0,MARGIN CALL ($0)
27,81,0.0,6,0,6,1.0,-100.0,0.0,MARGIN CALL ($0)
27,82,0.0,6,0,6,1.0,-100.0,0.0,MARGIN CALL ($0)
27,83,0.0,6,0,6,1.0,-100.0,0.0,MARGIN CALL ($0)
27,84,0.0,6,0,6,1.0,-100.0,0.0,MARGIN CALL ($0)
27,85,0.0,6,0,6,1.0,-100.0,0.0,MARGIN CALL ($0)
27,86,0.0,9,0,9,1.0,-100.0,0.0,MARGIN CALL ($0)
27,87,0.0,9,0,9,1.0,-100.0,0.0,MARGIN CALL ($0)
27,88,0.0,8,0,8,1.0,-100.0,0.0,MARGIN CALL ($0)
27,89,0.0,8,0,8,1.0,-100.0,0.0,MARGIN CALL ($0)
27,90,0.0,8,0,8,1.0,-100.0,0.0,MARGIN CALL ($0)
27,91,0.0,8,0,8,1.0,-100.0,0.0,MARGIN CALL ($0)
27,92,0.0,8,0,8,1.0,-100.0,0.0,MARGIN CALL ($0)
27,93,0.0,8,0,8,1.0,-100.0,0.0,MARGIN CALL ($0)
27,94,0.0,8,0,8,1.0,-100.0,0.0,MARGIN CALL ($0)
27,95,0.0,8,0,8,1.0,-100.0,0.0,MARGIN CALL ($0)
27,96,0.0,7,0,7,1.0,-100.0,0.0,MARGIN CALL ($0)
27,97,0.0,7,0,7,1.0,-100.0,0.0,MARGIN CALL ($0)
27,98,0.0,7,0,7,1.0,-100.0,0.0,MARGIN CALL ($0)
27,99,0.0,7,0,7,1.0,-100.0,0.0,MARGIN CALL ($0)
27,100,0.0,7,0,7,1.0,-100.0,0.0,MARGIN CALL ($0)
28,1,0.0,8,0,8,1.0,-100.0,0.0,MARGIN CALL ($0)
28,2,0.0,25,3,22,1.0,-100.0,12.0,MARGIN CALL ($0)
28,3,0.0,16,2,14,1.0,-100.0,12.5,MARGIN CALL ($0)
28,4,0.0,16,2,14,1.0,-100.0,12.5,MARGIN CALL ($0)
28,5,0.0,17,2,15,1.0,-100.0,11.76470588235294,MARGIN CALL ($0)
28,6,0.0,15,2,13,1.0,-100.0,13.333333333333334,MARGIN CALL ($0)
28,7,0.0,14,2,12,1.0,-100.0,14.285714285714285,MARGIN CALL ($0)
28,8,0.0,14,2,12,1.0,-100.0,14.285714285714285,MARGIN CALL ($0)
28,9,0.0,14,2,12,1.0,-100.0,14.285714285714285,MARGIN CALL ($0)
28,10,0.0,10,1,9,1.0,-100.0,10.0,MARGIN CALL ($0)
28,11,0.0,11,1,10,1.0,-100.0,9.090909090909092,MARGIN CALL ($0)
28,12,0.0,11,1,10,1.0,-100.0,9.090909090909092,MARGIN CALL ($0)
28,13,0.0,5,0,5,1.0,-100.0,0.0,MARGIN CALL ($0)
28,14,0.0,5,0,5,1.0,-100.0,0.0,MARGIN CALL ($0)
28,15,0.0,6,0,6,1.0,-100.0,0.0,MARGIN CALL ($0)
28,16,0.0,5,0,5,1.0,-100.0,0.0,MARGIN CALL ($0)
28,17,0.0,5,0,5,1.0,-100.0,0.0,MARGIN CALL ($0)
28,18,0.0,7,0,7,1.0,-100.0,0.0,MARGIN CALL ($0)
28,19,0.0,7,0,7,1.0,-100.0,0.0,MARGIN CALL ($0)
28,20,0.0,8,0,8,1.0,-100.0,0.0,MARGIN CALL ($0)
28,21,0.0,10,0,10,1.0,-100.0,0.0,MARGIN CALL ($0)
28,22,0.0,13,0,13,1.0,-100.0,0.0,MARGIN CALL ($0)
28,23,0.0,11,0,11,1.0,-100.0,0.0,MARGIN CALL ($0)
28,24,0.0,16,2,14,1.0,-100.0,12.5,MARGIN CALL ($0)
28,25,0.0,15,2,13,1.0,-100.0,13.333333333333334,MARGIN CALL ($0)
28,26,0.0,11,0,11,1.0,-100.0,0.0,MARGIN CALL ($0)
28,27,0.0,11,0,11,1.0,-100.0,0.0,MARGIN CALL ($0)
28,28,0.0,9,0,9,1.0,-100.0,0.0,MARGIN CALL ($0)
28,29,0.0,9,0,9,1.0,-100.0,0.0,MARGIN CALL ($0)
28,30,0.0,9,0,9,1.0,-100.0,0.0,MARGIN CALL ($0)
28,31,0.0,9,0,9,1.0,-100.0,0.0,MARGIN CALL ($0)
28,32,0.0,8,0,8,1.0,-100.0,0.0,MARGIN CALL ($0)
28,33,0.0,9,0,9,1.0,-100.0,0.0,MARGIN CALL ($0)
28,34,0.0,9,0,9,1.0,-100.0,0.0,MARGIN CALL ($0)
28,35,0.0,9,0,9,1.0,-100.0,0.0,MARGIN CALL ($0)
28,36,0.0,9,0,9,1.0,-100.0,0.0,MARGIN CALL ($0)
28,37,0.0,9,0,9,1.0,-100.0,0.0,MARGIN CALL ($0)
28,38,0.0,9,0,9,1.0,-100.0,0.0,MARGIN CALL ($0)
28,39,0.0,8,0,8,1.0,-100.0,0.0,MARGIN CALL ($0)
28,40,0.0,8,0,8,1.0,-100.0,0.0,MARGIN CALL ($0)
28,41,0.0,8,0,8,1.0,-100.0,0.0,MARGIN CALL ($0)
28,42,0.0,8,0,8,1.0,-100.0,0.0,MARGIN CALL ($0)
28,43,0.0,8,0,8,1.0,-100.0,0.0,MARGIN CALL ($0)
28,44,0.0,8,0,8,1.0,-100.0,0.0,MARGIN CALL ($0)
28,45,0.0,8,0,8,1.0,-100.0,0.0,MARGIN CALL ($0)
28,46,0.0,8,0,8,1.0,-100.0,0.0,MARGIN CALL ($0)
28,47,0.0,8,0,8,1.0,-100.0,0.0,MARGIN CALL ($0)
28,48,0.0,8,0,8,1.0,-100.0,0.0,MARGIN CALL ($0)
28,52,0.0,7,0,7,1.0,-100.0,0.0,MARGIN CALL ($0)
28,53,0.0,7,0,7,1.0,-100.0,0.0,MARGIN CALL ($0)
28,54,0.0,7,0,7,1.0,-100.0,0.0,MARGIN CALL ($0)
28,55,0.0,7,0,7,1.0,-100.0,0.0,MARGIN CALL ($0)
28,56,0.0,7,0,7,1.0,-100.0,0.0,MARGIN CALL ($0)
28,60,0.0,7,1,6,1.0,-100.0,14.285714285714285,MARGIN CALL ($0)
28,61,0.0,6,0,6,1.0,-100.0,0.0,MARGIN CALL ($0)
28,62,0.0,7,0,7,1.0,-100.0,0.0,MARGIN CALL ($0)
28,63,0.0,7,0,7,1.0,-100.0,0.0,MARGIN CALL ($0)
28,64,0.0,7,0,7,1.0,-100.0,0.0,MARGIN CALL ($0)
28,65,0.0,7,0,7,1.0,-100.0,0.0,MARGIN CALL ($0)
28,66,0.0,7,0,7,1.0,-100.0,0.0,MARGIN CALL ($0)
28,67,0.0,7,0,7,1.0,-100.0,0.0,MARGIN CALL ($0)
28,68,0.0,7,0,7,1.0,-100.0,0.0,MARGIN CALL ($0)
28,69,0.0,7,0,7,1.0,-100.0,0.0,MARGIN CALL ($0)
28,70,0.0,7,0,7,1.0,-100.0,0.0,MARGIN CALL ($0)
28,71,0.0,7,0,7,1.0,-100.0,0.0,MARGIN CALL ($0)
28,72,0.0,7,0,7,1.0,-100.0,0.0,MARGIN CALL ($0)
28,73,0.0,7,0,7,1.0,-100.0,0.0,MARGIN CALL ($0)
28,74,0.0,7,0,7,1.0,-100.0,0.0,MARGIN CALL ($0)
28,75,0.0,7,0,7,1.0,-100.0,0.0,MARGIN CALL ($0)
28,76,0.0,7,0,7,1.0,-100.0,0.0,MARGIN CALL ($0)
28,77,0.0,7,0,7,1.0,-100.0,0.0,MARGIN CALL ($0)
28,78,0.0,6,0,6,1.0,-100.0,0.0,MARGIN CALL ($0)
28,79,0.0,6,0,6,1.0,-100.0,0.0,MARGIN CALL ($0)
28,80,0.0,6,0,6,1.0,-100.0,0.0,MARGIN CALL ($0)
28,81,0.0,6,0,6,1.0,-100.0,0.0,MARGIN CALL ($0)
28,82,0.0,6,0,6,1.0,-100.0,0.0,MARGIN CALL ($0)
28,83,0.0,6,0,6,1.0,-100.0,0.0,MARGIN CALL ($0)
28,84,0.0,6,0,6,1.0,-100.0,0.0,MARGIN CALL ($0)
28,85,0.0,6,0,6,1.0,-100.0,0.0,MARGIN CALL ($0)
28,86,0.0,9,0,9,1.0,-100.0,0.0,MARGIN CALL ($0)
28,87,0.0,9,0,9,1.0,-100.0,0.0,MARGIN CALL ($0)
28,88,0.0,8,0,8,1.0,-100.0,0.0,MARGIN CALL ($0)
28,89,0.0,8,0,8,1.0,-100.0,0.0,MARGIN CALL ($0)
28,90,0.0,8,0,8,1.0,-100.0,0.0,MARGIN CALL ($0)
28,91,0.0,8,0,8,1.0,-100.0,0.0,MARGIN CALL ($0)
28,92,0.0,8,0,8,1.0,-100.0,0.0,MARGIN CALL ($0)
28,93,0.0,8,0,8,1.0,-100.0,0.0,MARGIN CALL ($0)
28,94,0.0,8,0,8,1.0,-100.0,0.0,MARGIN CALL ($0)
28,95,0.0,8,0,8,1.0,-100.0,0.0,MARGIN CALL ($0)
28,96,0.0,7,0,7,1.0,-100.0,0.0,MARGIN CALL ($0)
28,97,0.0,7,0,7,1.0,-100.0,0.0,MARGIN CALL ($0)
28,98,0.0,7,0,7,1.0,-100.0,0.0,MARGIN CALL ($0)
28,99,0.0,7,0,7,1.0,-100.0,0.0,MARGIN CALL ($0)
28,100,0.0,7,0,7,1.0,-100.0,0.0,MARGIN CALL ($0)
29,1,0.0,8,0,8,1.0,-100.0,0.0,MARGIN CALL ($0)
29,2,0.0,25,3,22,1.0,-100.0,12.0,MARGIN CALL ($0)
29,3,0.0,16,2,14,1.0,-100.0,12.5,MARGIN CALL ($0)
29,4,0.0,16,2,14,1.0,-100.0,12.5,MARGIN CALL ($0)
29,5,0.0,17,2,15,1.0,-100.0,11.76470588235294,MARGIN CALL ($0)
29,6,0.0,15,2,13,1.0,-100.0,13.333333333333334,MARGIN CALL ($0)
29,7,0.0,16,2,14,1.0,-100.0,12.5,MARGIN CALL ($0)
29,8,0.0,15,2,13,1.0,-100.0,13.333333333333334,MARGIN CALL ($0)
29,9,0.0,15,2,13,1.0,-100.0,13.333333333333334,MARGIN CALL ($0)
29,10,0.0,12,1,11,1.0,-100.0,8.333333333333332,MARGIN CALL ($0)
29,11,0.0,12,1,11,1.0,-100.0,8.333333333333332,MARGIN CALL ($0)
29,12,0.0,12,1,11,1.0,-100.0,8.333333333333332,MARGIN CALL ($0)
29,13,0.0,6,0,6,1.0,-100.0,0.0,MARGIN CALL ($0)
29,14,0.0,6,0,6,1.0,-100.0,0.0,MARGIN CALL ($0)
29,15,0.0,6,0,6,1.0,-100.0,0.0,MARGIN CALL ($0)
29,16,0.0,5,0,5,1.0,-100.0,0.0,MARGIN CALL ($0)
29,17,0.0,6,0,6,1.0,-100.0,0.0,MARGIN CALL ($0)
29,18,0.0,6,0,6,1.0,-100.0,0.0,MARGIN CALL ($0)
29,19,0.0,6,0,6,1.0,-100.0,0.0,MARGIN CALL ($0)
29,20,0.0,6,0,6,1.0,-100.0,0.0,MARGIN CALL ($0)
29,21,0.0,10,0,10,1.0,-100.0,0.0,MARGIN CALL ($0)
29,22,0.0,13,0,13,1.0,-100.0,0.0,MARGIN CALL ($0)
29,23,0.0,11,0,11,1.0,-100.0,0.0,MARGIN CALL ($0)
29,24,0.0,16,2,14,1.0,-100.0,12.5,MARGIN CALL ($0)
29,25,0.0,15,2,13,1.0,-100.0,13.333333333333334,MARGIN CALL ($0)
29,26,0.0,11,0,11,1.0,-100.0,0.0,MARGIN CALL ($0)
29,27,0.0,11,0,11,1.0,-100.0,0.0,MARGIN CALL ($0)
29,28,0.0,9,0,9,1.0,-100.0,0.0,MARGIN CALL ($0)
29,29,0.0,10,0,10,1.0,-100.0,0.0,MARGIN CALL ($0)
29,30,0.0,10,0,10,1.0,-100.0,0.0,MARGIN CALL ($0)
29,31,0.0,10,0,10,1.0,-100.0,0.0,MARGIN CALL ($0)
29,32,0.0,9,0,9,1.0,-100.0,0.0,MARGIN CALL ($0)
29,33,0.0,11,0,11,1.0,-100.0,0.0,MARGIN CALL ($0)
29,34,0.0,10,0,10,1.0,-100.0,0.0,MARGIN CALL ($0)
29,35,0.0,10,0,10,1.0,-100.0,0.0,MARGIN CALL ($0)
29,36,0.0,11,0,11,1.0,-100.0,0.0,MARGIN CALL ($0)
29,37,0.0,11,0,11,1.0,-100.0,0.0,MARGIN CALL ($0)
29,38,0.0,10,0,10,1.0,-100.0,0.0,MARGIN CALL ($0)
29,39,0.0,9,0,9,1.0,-100.0,0.0,MARGIN CALL ($0)
29,40,0.0,9,0,9,1.0,-100.0,0.0,MARGIN CALL ($0)
29,41,0.0,9,0,9,1.0,-100.0,0.0,MARGIN CALL ($0)
29,42,0.0,10,0,10,1.0,-100.0,0.0,MARGIN CALL ($0)
29,43,0.0,10,0,10,1.0,-100.0,0.0,MARGIN CALL ($0)
29,44,0.0,9,0,9,1.0,-100.0,0.0,MARGIN CALL ($0)
29,45,0.0,9,0,9,1.0,-100.0,0.0,MARGIN CALL ($0)
29,47,0.0,8,0,8,1.0,-100.0,0.0,MARGIN CALL ($0)
29,60,0.0,12,2,10,1.0,-100.0,16.666666666666664,MARGIN CALL ($0)
29,61,0.0,13,2,11,1.0,-100.0,15.384615384615385,MARGIN CALL ($0)
29,62,0.0,9,0,9,1.0,-100.0,0.0,MARGIN CALL ($0)
29,63,0.0,9,0,9,1.0,-100.0,0.0,MARGIN CALL ($0)
29,64,0.0,9,0,9,1.0,-100.0,0.0,MARGIN CALL ($0)
29,65,0.0,13,1,12,1.0,-100.0,7.6923076923076925,MARGIN CALL ($0)
29,66,0.0,14,1,13,1.0,-100.0,7.142857142857142,MARGIN CALL ($0)
29,67,0.0,11,1,10,1.0,-100.0,9.090909090909092,MARGIN CALL ($0)
29,68,0.0,11,1,10,1.0,-100.0,9.090909090909092,MARGIN CALL ($0)
29,69,0.0,13,1,12,1.0,-100.0,7.6923076923076925,MARGIN CALL ($0)
29,70,0.0,13,1,12,1.0,-100.0,7.6923076923076925,MARGIN CALL ($0)
29,71,0.0,13,1,12,1.0,-100.0,7.6923076923076925,MARGIN CALL ($0)
29,72,0.0,12,1,11,1.0,-100.0,8.333333333333332,MARGIN CALL ($0)
29,73,0.0,12,1,11,1.0,-100.0,8.333333333333332,MARGIN CALL ($0)
29,74,0.0,8,0,8,1.0,-100.0,0.0,MARGIN CALL ($0)
29,75,0.0,8,0,8,1.0,-100.0,0.0,MARGIN CALL ($0)
29,76,0.0,8,0,8,1.0,-100.0,0.0,MARGIN CALL ($0)
29,77,0.0,8,0,8,1.0,-100.0,0.0,MARGIN CALL ($0)
29,78,0.0,10,0,10,1.0,-100.0,0.0,MARGIN CALL ($0)
29,79,0.0,10,0,10,1.0,-100.0,0.0,MARGIN CALL ($0)
29,80,0.0,10,0,10,1.0,-100.0,0.0,MARGIN CALL ($0)
29,81,0.0,10,0,10,1.0,-100.0,0.0,MARGIN CALL ($0)
29,82,0.0,10,0,10,1.0,-100.0,0.0,MARGIN CALL ($0)
29,83,0.0,7,0,7,1.0,-100.0,0.0,MARGIN CALL ($0)
29,84,0.0,7,0,7,1.0,-100.0,0.0,MARGIN CALL ($0)
29,85,0.0,7,0,7,1.0,-100.0,0.0,MARGIN CALL ($0)
29,86,0.0,11,0,11,1.0,-100.0,0.0,MARGIN CALL ($0)
29,87,0.0,11,0,11,1.0,-100.0,0.0,MARGIN CALL ($0)
29,88,0.0,10,0,10,1.0,-100.0,0.0,MARGIN CALL ($0)
29,89,0.0,10,0,10,1.0,-100.0,0.0,MARGIN CALL ($0)
29,90,0.0,10,0,10,1.0,-100.0,0.0,MARGIN CALL ($0)
29,91,0.0,10,0,10,1.0,-100.0,0.0,MARGIN CALL ($0)
29,92,0.0,10,0,10,1.0,-100.0,0.0,MARGIN CALL ($0)
29,93,0.0,9,0,9,1.0,-100.0,0.0,MARGIN CALL ($0)
29,94,0.0,9,0,9,1.0,-100.0,0.0,MARGIN CALL ($0)
29,95,0.0,9,0,9,1.0,-100.0,0.0,MARGIN CALL ($0)
29,96,0.0,9,0,9,1.0,-100.0,0.0,MARGIN CALL ($0)
29,97,0.0,10,0,10,1.0,-100.0,0.0,MARGIN CALL ($0)
29,98,0.0,9,0,9,1.0,-100.0,0.0,MARGIN CALL ($0)
29,99,0.0,9,0,9,1.0,-100.0,0.0,MARGIN CALL ($0)
29,100,0.0,9,0,9,1.0,-100.0,0.0,MARGIN CALL ($0)
30,1,0.0,8,0,8,1.0,-100.0,0.0,MARGIN CALL ($0)
30,2,0.0,25,3,22,1.0,-100.0,12.0,MARGIN CALL ($0)
30,3,0.0,16,2,14,1.0,-100.0,12.5,MARGIN CALL ($0)
30,4,0.0,16,2,14,1.0,-100.0,12.5,MARGIN CALL ($0)
30,5,0.0,17,2,15,1.0,-100.0,11.76470588235294,MARGIN CALL ($0)
30,6,0.0,15,2,13,1.0,-100.0,13.333333333333334,MARGIN CALL ($0)
30,7,0.0,16,2,14,1.0,-100.0,12.5,MARGIN CALL ($0)
30,8,0.0,15,2,13,1.0,-100.0,13.333333333333334,MARGIN CALL ($0)
30,9,0.0,15,2,13,1.0,-100.0,13.333333333333334,MARGIN CALL ($0)
30,10,0.0,12,1,11,1.0,-100.0,8.333333333333332,MARGIN CALL ($0)
30,11,0.0,12,1,11,1.0,-100.0,8.333333333333332,MARGIN CALL ($0)
30,12,0.0,12,1,11,1.0,-100.0,8.333333333333332,MARGIN CALL ($0)
30,13,0.0,6,0,6,1.0,-100.0,0.0,MARGIN CALL ($0)
30,14,0.0,6,0,6,1.0,-100.0,0.0,MARGIN CALL ($0)
30,15,0.0,6,0,6,1.0,-100.0,0.0,MARGIN CALL ($0)
30,16,0.0,5,0,5,1.0,-100.0,0.0,MARGIN CALL ($0)
30,17,0.0,6,0,6,1.0,-100.0,0.0,MARGIN CALL ($0)
30,18,0.0,6,0,6,1.0,-100.0,0.0,MARGIN CALL ($0)
30,19,0.0,6,0,6,1.0,-100.0,0.0,MARGIN CALL ($0)
30,20,0.0,6,0,6,1.0,-100.0,0.0,MARGIN CALL ($0)
30,21,0.0,10,0,10,1.0,-100.0,0.0,MARGIN CALL ($0)
30,22,0.0,13,0,13,1.0,-100.0,0.0,MARGIN CALL ($0)
30,23,0.0,11,0,11,1.0,-100.0,0.0,MARGIN CALL ($0)
30,24,0.0,16,2,14,1.0,-100.0,12.5,MARGIN CALL ($0)
30,25,0.0,15,2,13,1.0,-100.0,13.333333333333334,MARGIN CALL ($0)
30,26,0.0,11,0,11,1.0,-100.0,0.0,MARGIN CALL ($0)
30,27,0.0,11,0,11,1.0,-100.0,0.0,MARGIN CALL ($0)
30,28,0.0,9,0,9,1.0,-100.0,0.0,MARGIN CALL ($0)
30,29,0.0,10,0,10,1.0,-100.0,0.0,MARGIN CALL ($0)
30,30,0.0,8,0,8,1.0,-100.0,0.0,MARGIN CALL ($0)
30,31,0.0,8,0,8,1.0,-100.0,0.0,MARGIN CALL ($0)
30,32,0.0,7,0,7,1.0,-100.0,0.0,MARGIN CALL ($0)
30,33,0.0,11,0,11,1.0,-100.0,0.0,MARGIN CALL ($0)
30,34,0.0,11,0,11,1.0,-100.0,0.0,MARGIN CALL ($0)
30,35,0.0,11,0,11,1.0,-100.0,0.0,MARGIN CALL ($0)
30,36,0.0,10,0,10,1.0,-100.0,0.0,MARGIN CALL ($0)
30,37,0.0,10,0,10,1.0,-100.0,0.0,MARGIN CALL ($0)
30,38,0.0,10,0,10,1.0,-100.0,0.0,MARGIN CALL ($0)
30,39,0.0,9,0,9,1.0,-100.0,0.0,MARGIN CALL ($0)
30,40,0.0,9,0,9,1.0,-100.0,0.0,MARGIN CALL ($0)
30,41,0.0,9,0,9,1.0,-100.0,0.0,MARGIN CALL ($0)
30,42,0.0,10,0,10,1.0,-100.0,0.0,MARGIN CALL ($0)
30,43,0.0,10,0,10,1.0,-100.0,0.0,MARGIN CALL ($0)
30,44,0.0,9,0,9,1.0,-100.0,0.0,MARGIN CALL ($0)
30,45,0.0,9,0,9,1.0,-100.0,0.0,MARGIN CALL ($0)
30,47,0.0,8,0,8,1.0,-100.0,0.0,MARGIN CALL ($0)
30,62,0.0,9,0,9,1.0,-100.0,0.0,MARGIN CALL ($0)
30,63,0.0,9,0,9,1.0,-100.0,0.0,MARGIN CALL ($0)
30,64,0.0,9,0,9,1.0,-100.0,0.0,MARGIN CALL ($0)
30,88,0.0,10,0,10,1.0,-100.0,0.0,MARGIN CALL ($0)
30,89,0.0,10,0,10,1.0,-100.0,0.0,MARGIN CALL ($0)
30,90,0.0,10,0,10,1.0,-100.0,0.0,MARGIN CALL ($0)
30,91,0.0,10,0,10,1.0,-100.0,0.0,MARGIN CALL ($0)
30,92,0.0,10,0,10,1.0,-100.0,0.0,MARGIN CALL ($0)
30,93,0.0,9,0,9,1.0,-100.0,0.0,MARGIN CALL ($0)
30,94,0.0,9,0,9,1.0,-100.0,0.0,MARGIN CALL ($0)
30,95,0.0,9,0,9,1.0,-100.0,0.0,MARGIN CALL ($0)
30,96,0.0,9,0,9,1.0,-100.0,0.0,MARGIN CALL ($0)
30,97,0.0,10,0,10,1.0,-100.0,0.0,MARGIN CALL ($0)
30,98,0.0,9,0,9,1.0,-100.0,0.0,MARGIN CALL ($0)
30,99,0.0,9,0,9,1.0,-100.0,0.0,MARGIN CALL ($0)
30,100,0.0,9,0,9,1.0,-100.0,0.0,MARGIN CALL ($0)
31,1,0.0,8,0,8,1.0,-100.0,0.0,MARGIN CALL ($0)
31,2,0.0,25,3,22,1.0,-100.0,12.0,MARGIN CALL ($0)
31,3,0.0,16,2,14,1.0,-100.0,12.5,MARGIN CALL ($0)
31,4,0.0,16,2,14,1.0,-100.0,12.5,MARGIN CALL ($0)
31,5,0.0,17,2,15,1.0,-100.0,11.76470588235294,MARGIN CALL ($0)
31,6,0.0,15,2,13,1.0,-100.0,13.333333333333334,MARGIN CALL ($0)
31,7,0.0,16,2,14,1.0,-100.0,12.5,MARGIN CALL ($0)
31,8,0.0,15,2,13,1.0,-100.0,13.333333333333334,MARGIN CALL ($0)
31,9,0.0,15,2,13,1.0,-100.0,13.333333333333334,MARGIN CALL ($0)
31,10,0.0,12,1,11,1.0,-100.0,8.333333333333332,MARGIN CALL ($0)
31,11,0.0,12,1,11,1.0,-100.0,8.333333333333332,MARGIN CALL ($0)
31,12,0.0,12,1,11,1.0,-100.0,8.333333333333332,MARGIN CALL ($0)
31,13,0.0,6,0,6,1.0,-100.0,0.0,MARGIN CALL ($0)
31,14,0.0,6,0,6,1.0,-100.0,0.0,MARGIN CALL ($0)
31,15,0.0,6,0,6,1.0,-100.0,0.0,MARGIN CALL ($0)
31,16,0.0,5,0,5,1.0,-100.0,0.0,MARGIN CALL ($0)
31,17,0.0,6,0,6,1.0,-100.0,0.0,MARGIN CALL ($0)
31,18,0.0,6,0,6,1.0,-100.0,0.0,MARGIN CALL ($0)
31,19,0.0,6,0,6,1.0,-100.0,0.0,MARGIN CALL ($0)
31,20,0.0,6,0,6,1.0,-100.0,0.0,MARGIN CALL ($0)
31,21,0.0,10,0,10,1.0,-100.0,0.0,MARGIN CALL ($0)
31,22,0.0,13,0,13,1.0,-100.0,0.0,MARGIN CALL ($0)
31,23,0.0,11,0,11,1.0,-100.0,0.0,MARGIN CALL ($0)
31,24,0.0,16,2,14,1.0,-100.0,12.5,MARGIN CALL ($0)
31,25,0.0,15,2,13,1.0,-100.0,13.333333333333334,MARGIN CALL ($0)
31,26,0.0,11,0,11,1.0,-100.0,0.0,MARGIN CALL ($0)
31,27,0.0,11,0,11,1.0,-100.0,0.0,MARGIN CALL ($0)
31,28,0.0,9,0,9,1.0,-100.0,0.0,MARGIN CALL ($0)
31,29,0.0,10,0,10,1.0,-100.0,0.0,MARGIN CALL ($0)
31,30,0.0,8,0,8,1.0,-100.0,0.0,MARGIN CALL ($0)
31,31,0.0,8,0,8,1.0,-100.0,0.0,MARGIN CALL ($0)
31,32,0.0,7,0,7,1.0,-100.0,0.0,MARGIN CALL ($0)
31,33,0.0,11,0,11,1.0,-100.0,0.0,MARGIN CALL ($0)
31,34,0.0,11,0,11,1.0,-100.0,0.0,MARGIN CALL ($0)
31,35,0.0,11,0,11,1.0,-100.0,0.0,MARGIN CALL ($0)
31,36,0.0,10,0,10,1.0,-100.0,0.0,MARGIN CALL ($0)
31,37,0.0,10,0,10,1.0,-100.0,0.0,MARGIN CALL ($0)
31,38,0.0,10,0,10,1.0,-100.0,0.0,MARGIN CALL ($0)
31,39,0.0,9,0,9,1.0,-100.0,0.0,MARGIN CALL ($0)
31,40,0.0,9,0,9,1.0,-100.0,0.0,MARGIN CALL ($0)
31,41,0.0,9,0,9,1.0,-100.0,0.0,MARGIN CALL ($0)
31,42,0.0,10,0,10,1.0,-100.0,0.0,MARGIN CALL ($0)
31,43,0.0,10,0,10,1.0,-100.0,0.0,MARGIN CALL ($0)
31,44,0.0,9,0,9,1.0,-100.0,0.0,MARGIN CALL ($0)
31,45,0.0,9,0,9,1.0,-100.0,0.0,MARGIN CALL ($0)
31,47,0.0,8,0,8,1.0,-100.0,0.0,MARGIN CALL ($0)
31,62,0.0,9,0,9,1.0,-100.0,0.0,MARGIN CALL ($0)
31,63,0.0,9,0,9,1.0,-100.0,0.0,MARGIN CALL ($0)
31,64,0.0,9,0,9,1.0,-100.0,0.0,MARGIN CALL ($0)
31,88,0.0,10,0,10,1.0,-100.0,0.0,MARGIN CALL ($0)
31,89,0.0,10,0,10,1.0,-100.0,0.0,MARGIN CALL ($0)
31,90,0.0,10,0,10,1.0,-100.0,0.0,MARGIN CALL ($0)
31,91,0.0,10,0,10,1.0,-100.0,0.0,MARGIN CALL ($0)
31,92,0.0,10,0,10,1.0,-100.0,0.0,MARGIN CALL ($0)
31,93,0.0,9,0,9,1.0,-100.0,0.0,MARGIN CALL ($0)
31,94,0.0,9,0,9,1.0,-100.0,0.0,MARGIN CALL ($0)
31,95,0.0,9,0,9,1.0,-100.0,0.0,MARGIN CALL ($0)
31,96,0.0,9,0,9,1.0,-100.0,0.0,MARGIN CALL ($0)
31,97,0.0,10,0,10,1.0,-100.0,0.0,MARGIN CALL ($0)
31,98,0.0,9,0,9,1.0,-100.0,0.0,MARGIN CALL ($0)
31,99,0.0,9,0,9,1.0,-100.0,0.0,MARGIN CALL ($0)
31,100,0.0,9,0,9,1.0,-100.0,0.0,MARGIN CALL ($0)
32,1,0.0,8,0,8,1.0,-100.0,0.0,MARGIN CALL ($0)
32,2,0.0,25,3,22,1.0,-100.0,12.0,MARGIN CALL ($0)
32,3,0.0,16,2,14,1.0,-100.0,12.5,MARGIN CALL ($0)
32,4,0.0,16,2,14,1.0,-100.0,12.5,MARGIN CALL ($0)
32,5,0.0,17,2,15,1.0,-100.0,11.76470588235294,MARGIN CALL ($0)
32,6,0.0,15,2,13,1.0,-100.0,13.333333333333334,MARGIN CALL ($0)
32,7,0.0,16,2,14,1.0,-100.0,12.5,MARGIN CALL ($0)
32,8,0.0,15,2,13,1.0,-100.0,13.333333333333334,MARGIN CALL ($0)
32,9,0.0,15,2,13,1.0,-100.0,13.333333333333334,MARGIN CALL ($0)
32,10,0.0,12,1,11,1.0,-100.0,8.333333333333332,MARGIN CALL ($0)
32,11,0.0,12,1,11,1.0,-100.0,8.333333333333332,MARGIN CALL ($0)
32,12,0.0,12,1,11,1.0,-100.0,8.333333333333332,MARGIN CALL ($0)
32,13,0.0,6,0,6,1.0,-100.0,0.0,MARGIN CALL ($0)
32,14,0.0,6,0,6,1.0,-100.0,0.0,MARGIN CALL ($0)
32,15,0.0,6,0,6,1.0,-100.0,0.0,MARGIN CALL ($0)
32,16,0.0,5,0,5,1.0,-100.0,0.0,MARGIN CALL ($0)
32,17,0.0,6,0,6,1.0,-100.0,0.0,MARGIN CALL ($0)
32,18,0.0,6,0,6,1.0,-100.0,0.0,MARGIN CALL ($0)
32,19,0.0,6,0,6,1.0,-100.0,0.0,MARGIN CALL ($0)
32,20,0.0,6,0,6,1.0,-100.0,0.0,MARGIN CALL ($0)
32,21,0.0,10,0,10,1.0,-100.0,0.0,MARGIN CALL ($0)
32,22,0.0,13,0,13,1.0,-100.0,0.0,MARGIN CALL ($0)
32,23,0.0,11,0,11,1.0,-100.0,0.0,MARGIN CALL ($0)
32,24,0.0,16,2,14,1.0,-100.0,12.5,MARGIN CALL ($0)
32,25,0.0,15,2,13,1.0,-100.0,13.333333333333334,MARGIN CALL ($0)
32,26,0.0,11,0,11,1.0,-100.0,0.0,MARGIN CALL ($0)
32,27,0.0,11,0,11,1.0,-100.0,0.0,MARGIN CALL ($0)
32,28,0.0,9,0,9,1.0,-100.0,0.0,MARGIN CALL ($0)
32,29,0.0,10,0,10,1.0,-100.0,0.0,MARGIN CALL ($0)
32,30,0.0,8,0,8,1.0,-100.0,0.0,MARGIN CALL ($0)
32,31,0.0,8,0,8,1.0,-100.0,0.0,MARGIN CALL ($0)
32,32,0.0,7,0,7,1.0,-100.0,0.0,MARGIN CALL ($0)
32,33,0.0,11,0,11,1.0,-100.0,0.0,MARGIN CALL ($0)
32,34,0.0,11,0,11,1.0,-100.0,0.0,MARGIN CALL ($0)
32,35,0.0,11,0,11,1.0,-100.0,0.0,MARGIN CALL ($0)
32,36,0.0,10,0,10,1.0,-100.0,0.0,MARGIN CALL ($0)
32,37,0.0,10,0,10,1.0,-100.0,0.0,MARGIN CALL ($0)
32,38,0.0,10,0,10,1.0,-100.0,0.0,MARGIN CALL ($0)
32,39,0.0,9,0,9,1.0,-100.0,0.0,MARGIN CALL ($0)
32,40,0.0,9,0,9,1.0,-100.0,0.0,MARGIN CALL ($0)
32,41,0.0,9,0,9,1.0,-100.0,0.0,MARGIN CALL ($0)
32,42,0.0,10,0,10,1.0,-100.0,0.0,MARGIN CALL ($0)
32,43,0.0,10,0,10,1.0,-100.0,0.0,MARGIN CALL ($0)
32,44,0.0,9,0,9,1.0,-100.0,0.0,MARGIN CALL ($0)
32,45,0.0,9,0,9,1.0,-100.0,0.0,MARGIN CALL ($0)
32,47,0.0,8,0,8,1.0,-100.0,0.0,MARGIN CALL ($0)
32,62,0.0,9,0,9,1.0,-100.0,0.0,MARGIN CALL ($0)
32,63,0.0,9,0,9,1.0,-100.0,0.0,MARGIN CALL ($0)
32,64,0.0,9,0,9,1.0,-100.0,0.0,MARGIN CALL ($0)
32,77,0.0,123,17,106,1.0,-100.0,13.821138211382115,MARGIN CALL ($0)
32,88,0.0,10,0,10,1.0,-100.0,0.0,MARGIN CALL ($0)
32,89,0.0,10,0,10,1.0,-100.0,0.0,MARGIN CALL ($0)
32,90,0.0,10,0,10,1.0,-100.0,0.0,MARGIN CALL ($0)
32,91,0.0,10,0,10,1.0,-100.0,0.0,MARGIN CALL ($0)
32,92,0.0,10,0,10,1.0,-100.0,0.0,MARGIN CALL ($0)
32,93,0.0,9,0,9,1.0,-100.0,0.0,MARGIN CALL ($0)
32,94,0.0,9,0,9,1.0,-100.0,0.0,MARGIN CALL ($0)
32,95,0.0,9,0,9,1.0,-100.0,0.0,MARGIN CALL ($0)
32,96,0.0,9,0,9,1.0,-100.0,0.0,MARGIN CALL ($0)
32,97,0.0,10,0,10,1.0,-100.0,0.0,MARGIN CALL ($0)
32,98,0.0,9,0,9,1.0,-100.0,0.0,MARGIN CALL ($0)
32,99,0.0,9,0,9,1.0,-100.0,0.0,MARGIN CALL ($0)
32,100,0.0,9,0,9,1.0,-100.0,0.0,MARGIN CALL ($0)
33,1,0.0,8,0,8,1.0,-100.0,0.0,MARGIN CALL ($0)
33,2,0.0,25,3,22,1.0,-100.0,12.0,MARGIN CALL ($0)
33,3,0.0,16,2,14,1.0,-100.0,12.5,MARGIN CALL ($0)
33,4,0.0,16,2,14,1.0,-100.0,12.5,MARGIN CALL ($0)
33,5,0.0,17,2,15,1.0,-100.0,11.76470588235294,MARGIN CALL ($0)
33,6,0.0,15,2,13,1.0,-100.0,13.333333333333334,MARGIN CALL ($0)
33,7,0.0,16,2,14,1.0,-100.0,12.5,MARGIN CALL ($0)
33,8,0.0,15,2,13,1.0,-100.0,13.333333333333334,MARGIN CALL ($0)
33,9,0.0,15,2,13,1.0,-100.0,13.333333333333334,MARGIN CALL ($0)
33,10,0.0,12,1,11,1.0,-100.0,8.333333333333332,MARGIN CALL ($0)
33,11,0.0,12,1,11,1.0,-100.0,8.333333333333332,MARGIN CALL ($0)
33,12,0.0,12,1,11,1.0,-100.0,8.333333333333332,MARGIN CALL ($0)
33,13,0.0,6,0,6,1.0,-100.0,0.0,MARGIN CALL ($0)
33,14,0.0,6,0,6,1.0,-100.0,0.0,MARGIN CALL ($0)
33,15,0.0,6,0,6,1.0,-100.0,0.0,MARGIN CALL ($0)
33,16,0.0,5,0,5,1.0,-100.0,0.0,MARGIN CALL ($0)
33,17,0.0,7,0,7,1.0,-100.0,0.0,MARGIN CALL ($0)
33,18,0.0,6,0,6,1.0,-100.0,0.0,MARGIN CALL ($0)
33,19,0.0,6,0,6,1.0,-100.0,0.0,MARGIN CALL ($0)
33,20,0.0,6,0,6,1.0,-100.0,0.0,MARGIN CALL ($0)
33,21,0.0,10,0,10,1.0,-100.0,0.0,MARGIN CALL ($0)
33,22,0.0,10,0,10,1.0,-100.0,0.0,MARGIN CALL ($0)
33,23,0.0,11,0,11,1.0,-100.0,0.0,MARGIN CALL ($0)
33,24,0.0,14,2,12,1.0,-100.0,14.285714285714285,MARGIN CALL ($0)
33,25,0.0,15,2,13,1.0,-100.0,13.333333333333334,MARGIN CALL ($0)
33,26,0.0,11,0,11,1.0,-100.0,0.0,MARGIN CALL ($0)
33,27,0.0,11,0,11,1.0,-100.0,0.0,MARGIN CALL ($0)
33,28,0.0,11,0,11,1.0,-100.0,0.0,MARGIN CALL ($0)
33,29,0.0,12,0,12,1.0,-100.0,0.0,MARGIN CALL ($0)
33,30,0.0,10,0,10,1.0,-100.0,0.0,MARGIN CALL ($0)
33,31,0.0,10,0,10,1.0,-100.0,0.0,MARGIN CALL ($0)
33,32,0.0,9,0,9,1.0,-100.0,0.0,MARGIN CALL ($0)
33,33,0.0,10,0,10,1.0,-100.0,0.0,MARGIN CALL ($0)
33,34,0.0,10,0,10,1.0,-100.0,0.0,MARGIN CALL ($0)
33,35,0.0,9,0,9,1.0,-100.0,0.0,MARGIN CALL ($0)
33,36,0.0,10,0,10,1.0,-100.0,0.0,MARGIN CALL ($0)
33,37,0.0,10,0,10,1.0,-100.0,0.0,MARGIN CALL ($0)
33,38,0.0,10,0,10,1.0,-100.0,0.0,MARGIN CALL ($0)
33,39,0.0,10,0,10,1.0,-100.0,0.0,MARGIN CALL ($0)
33,40,0.0,10,0,10,1.0,-100.0,0.0,MARGIN CALL ($0)
33,41,0.0,9,0,9,1.0,-100.0,0.0,MARGIN CALL ($0)
33,42,0.0,10,0,10,1.0,-100.0,0.0,MARGIN CALL ($0)
33,43,0.0,10,0,10,1.0,-100.0,0.0,MARGIN CALL ($0)
33,44,0.0,10,0,10,1.0,-100.0,0.0,MARGIN CALL ($0)
33,45,0.0,10,0,10,1.0,-100.0,0.0,MARGIN CALL ($0)
33,62,0.0,10,0,10,1.0,-100.0,0.0,MARGIN CALL ($0)
33,63,0.0,11,0,11,1.0,-100.0,0.0,MARGIN CALL ($0)
33,64,0.0,11,0,11,1.0,-100.0,0.0,MARGIN CALL ($0)
33,77,0.0,127,17,110,1.0,-100.0,13.385826771653544,MARGIN CALL ($0)
33,88,0.0,10,0,10,1.0,-100.0,0.0,MARGIN CALL ($0)
33,89,0.0,10,0,10,1.0,-100.0,0.0,MARGIN CALL ($0)
33,90,0.0,10,0,10,1.0,-100.0,0.0,MARGIN CALL ($0)
33,91,0.0,10,0,10,1.0,-100.0,0.0,MARGIN CALL ($0)
33,92,0.0,10,0,10,1.0,-100.0,0.0,MARGIN CALL ($0)
33,93,0.0,10,0,10,1.0,-100.0,0.0,MARGIN CALL ($0)
33,94,0.0,10,0,10,1.0,-100.0,0.0,MARGIN CALL ($0)
33,95,0.0,10,0,10,1.0,-100.0,0.0,MARGIN CALL ($0)
33,96,0.0,10,0,10,1.0,-100.0,0.0,MARGIN CALL ($0)
33,97,0.0,9,0,9,1.0,-100.0,0.0,MARGIN CALL ($0)
33,98,0.0,9,0,9,1.0,-100.0,0.0,MARGIN CALL ($0)
33,99,0.0,9,0,9,1.0,-100.0,0.0,MARGIN CALL ($0)
33,100,0.0,9,0,9,1.0,-100.0,0.0,MARGIN CALL ($0)
34,1,0.0,8,0,8,1.0,-100.0,0.0,MARGIN CALL ($0)
34,2,0.0,25,3,22,1.0,-100.0,12.0,MARGIN CALL ($0)
34,3,0.0,16,2,14,1.0,-100.0,12.5,MARGIN CALL ($0)
34,4,0.0,16,2,14,1.0,-100.0,12.5,MARGIN CALL ($0)
34,5,0.0,16,2,14,1.0,-100.0,12.5,MARGIN CALL ($0)
34,6,0.0,14,2,12,1.0,-100.0,14.285714285714285,MARGIN CALL ($0)
34,7,0.0,13,2,11,1.0,-100.0,15.384615384615385,MARGIN CALL ($0)
34,8,0.0,15,2,13,1.0,-100.0,13.333333333333334,MARGIN CALL ($0)
34,9,0.0,14,2,12,1.0,-100.0,14.285714285714285,MARGIN CALL ($0)
34,10,0.0,11,1,10,1.0,-100.0,9.090909090909092,MARGIN CALL ($0)
34,11,0.0,12,1,11,1.0,-100.0,8.333333333333332,MARGIN CALL ($0)
34,12,0.0,12,1,11,1.0,-100.0,8.333333333333332,MARGIN CALL ($0)
34,13,0.0,4,0,4,1.0,-100.0,0.0,MARGIN CALL ($0)
34,14,0.0,6,0,6,1.0,-100.0,0.0,MARGIN CALL ($0)
34,15,0.0,5,0,5,1.0,-100.0,0.0,MARGIN CALL ($0)
34,16,0.0,5,0,5,1.0,-100.0,0.0,MARGIN CALL ($0)
34,17,0.0,5,0,5,1.0,-100.0,0.0,MARGIN CALL ($0)
34,18,0.0,5,0,5,1.0,-100.0,0.0,MARGIN CALL ($0)
34,19,0.0,5,0,5,1.0,-100.0,0.0,MARGIN CALL ($0)
34,20,0.0,5,0,5,1.0,-100.0,0.0,MARGIN CALL ($0)
34,21,0.0,7,0,7,1.0,-100.0,0.0,MARGIN CALL ($0)
34,22,0.0,7,0,7,1.0,-100.0,0.0,MARGIN CALL ($0)
34,23,0.0,7,0,7,1.0,-100.0,0.0,MARGIN CALL ($0)
34,24,0.0,7,0,7,1.0,-100.0,0.0,MARGIN CALL ($0)
34,25,0.0,11,2,9,1.0,-100.0,18.181818181818183,MARGIN CALL ($0)
34,26,0.0,9,0,9,1.0,-100.0,0.0,MARGIN CALL ($0)
34,27,0.0,9,0,9,1.0,-100.0,0.0,MARGIN CALL ($0)
34,28,0.0,8,0,8,1.0,-100.0,0.0,MARGIN CALL ($0)
34,29,0.0,10,0,10,1.0,-100.0,0.0,MARGIN CALL ($0)
34,30,0.0,11,0,11,1.0,-100.0,0.0,MARGIN CALL ($0)
34,31,0.0,11,0,11,1.0,-100.0,0.0,MARGIN CALL ($0)
34,32,0.0,10,0,10,1.0,-100.0,0.0,MARGIN CALL ($0)
34,33,0.0,11,0,11,1.0,-100.0,0.0,MARGIN CALL ($0)
34,34,0.0,9,0,9,1.0,-100.0,0.0,MARGIN CALL ($0)
34,35,0.0,10,0,10,1.0,-100.0,0.0,MARGIN CALL ($0)
34,36,0.0,9,0,9,1.0,-100.0,0.0,MARGIN CALL ($0)
34,37,0.0,9,0,9,1.0,-100.0,0.0,MARGIN CALL ($0)
34,38,0.0,9,0,9,1.0,-100.0,0.0,MARGIN CALL ($0)
34,39,0.0,9,0,9,1.0,-100.0,0.0,MARGIN CALL ($0)
34,40,0.0,9,0,9,1.0,-100.0,0.0,MARGIN CALL ($0)
34,41,0.0,9,0,9,1.0,-100.0,0.0,MARGIN CALL ($0)
34,42,0.0,10,0,10,1.0,-100.0,0.0,MARGIN CALL ($0)
34,43,0.0,10,0,10,1.0,-100.0,0.0,MARGIN CALL ($0)
34,44,0.0,10,0,10,1.0,-100.0,0.0,MARGIN CALL ($0)
34,45,0.0,10,0,10,1.0,-100.0,0.0,MARGIN CALL ($0)
34,46,0.0,10,0,10,1.0,-100.0,0.0,MARGIN CALL ($0)
34,47,0.0,9,0,9,1.0,-100.0,0.0,MARGIN CALL ($0)
34,48,0.0,10,0,10,1.0,-100.0,0.0,MARGIN CALL ($0)
34,49,0.0,10,0,10,1.0,-100.0,0.0,MARGIN CALL ($0)
34,50,0.0,10,0,10,1.0,-100.0,0.0,MARGIN CALL ($0)
34,51,0.0,10,0,10,1.0,-100.0,0.0,MARGIN CALL ($0)
34,52,0.0,9,0,9,1.0,-100.0,0.0,MARGIN CALL ($0)
34,53,0.0,9,0,9,1.0,-100.0,0.0,MARGIN CALL ($0)
34,54,0.0,8,0,8,1.0,-100.0,0.0,MARGIN CALL ($0)
34,55,0.0,8,0,8,1.0,-100.0,0.0,MARGIN CALL ($0)
34,56,0.0,8,0,8,1.0,-100.0,0.0,MARGIN CALL ($0)
34,57,0.0,13,3,10,1.0,-100.0,23.076923076923077,MARGIN CALL ($0)
34,58,0.0,13,3,10,1.0,-100.0,23.076923076923077,MARGIN CALL ($0)
34,59,0.0,14,3,11,1.0,-100.0,21.428571428571427,MARGIN CALL ($0)
34,60,0.0,13,3,10,1.0,-100.0,23.076923076923077,MARGIN CALL ($0)
34,61,0.0,13,3,10,1.0,-100.0,23.076923076923077,MARGIN CALL ($0)
34,62,0.0,12,0,12,1.0,-100.0,0.0,MARGIN CALL ($0)
34,63,0.0,12,0,12,1.0,-100.0,0.0,MARGIN CALL ($0)
34,64,0.0,12,0,12,1.0,-100.0,0.0,MARGIN CALL ($0)
34,65,0.0,12,1,11,1.0,-100.0,8.333333333333332,MARGIN CALL ($0)
34,66,0.0,12,1,11,1.0,-100.0,8.333333333333332,MARGIN CALL ($0)
34,67,0.0,10,0,10,1.0,-100.0,0.0,MARGIN CALL ($0)
34,68,0.0,10,0,10,1.0,-100.0,0.0,MARGIN CALL ($0)
34,69,0.0,10,0,10,1.0,-100.0,0.0,MARGIN CALL ($0)
34,70,0.0,10,0,10,1.0,-100.0,0.0,MARGIN CALL ($0)
34,71,0.0,10,0,10,1.0,-100.0,0.0,MARGIN CALL ($0)
34,72,0.0,11,1,10,1.0,-100.0,9.090909090909092,MARGIN CALL ($0)
34,73,0.0,11,1,10,1.0,-100.0,9.090909090909092,MARGIN CALL ($0)
34,74,0.0,12,0,12,1.0,-100.0,0.0,MARGIN CALL ($0)
34,75,0.0,12,0,12,1.0,-100.0,0.0,MARGIN CALL ($0)
34,76,0.0,12,0,12,1.0,-100.0,0.0,MARGIN CALL ($0)
34,77,0.0,12,0,12,1.0,-100.0,0.0,MARGIN CALL ($0)
34,78,0.0,11,0,11,1.0,-100.0,0.0,MARGIN CALL ($0)
34,79,0.0,11,0,11,1.0,-100.0,0.0,MARGIN CALL ($0)
34,80,0.0,11,0,11,1.0,-100.0,0.0,MARGIN CALL ($0)
34,81,0.0,11,0,11,1.0,-100.0,0.0,MARGIN CALL ($0)
34,82,0.0,10,0,10,1.0,-100.0,0.0,MARGIN CALL ($0)
34,83,0.0,10,0,10,1.0,-100.0,0.0,MARGIN CALL ($0)
34,84,0.0,8,0,8,1.0,-100.0,0.0,MARGIN CALL ($0)
34,85,0.0,8,0,8,1.0,-100.0,0.0,MARGIN CALL ($0)
34,86,0.0,8,0,8,1.0,-100.0,0.0,MARGIN CALL ($0)
34,87,0.0,8,0,8,1.0,-100.0,0.0,MARGIN CALL ($0)
34,88,0.0,9,0,9,1.0,-100.0,0.0,MARGIN CALL ($0)
34,89,0.0,9,0,9,1.0,-100.0,0.0,MARGIN CALL ($0)
34,90,0.0,9,0,9,1.0,-100.0,0.0,MARGIN CALL ($0)
34,91,0.0,9,0,9,1.0,-100.0,0.0,MARGIN CALL ($0)
34,92,0.0,9,0,9,1.0,-100.0,0.0,MARGIN CALL ($0)
34,93,0.0,9,0,9,1.0,-100.0,0.0,MARGIN CALL ($0)
34,94,0.0,9,0,9,1.0,-100.0,0.0,MARGIN CALL ($0)
34,95,0.0,9,0,9,1.0,-100.0,0.0,MARGIN CALL ($0)
34,96,0.0,9,0,9,1.0,-100.0,0.0,MARGIN CALL ($0)
34,97,0.0,9,0,9,1.0,-100.0,0.0,MARGIN CALL ($0)
34,98,0.0,9,0,9,1.0,-100.0,0.0,MARGIN CALL ($0)
34,99,0.0,9,0,9,1.0,-100.0,0.0,MARGIN CALL ($0)
34,100,0.0,9,0,9,1.0,-100.0,0.0,MARGIN CALL ($0)
35,1,0.0,8,0,8,1.0,-100.0,0.0,MARGIN CALL ($0)
35,2,0.0,25,3,22,1.0,-100.0,12.0,MARGIN CALL ($0)
35,3,0.0,15,2,13,1.0,-100.0,13.333333333333334,MARGIN CALL ($0)
35,4,0.0,15,2,13,1.0,-100.0,13.333333333333334,MARGIN CALL ($0)
35,5,0.0,17,2,15,1.0,-100.0,11.76470588235294,MARGIN CALL ($0)
35,6,0.0,15,2,13,1.0,-100.0,13.333333333333334,MARGIN CALL ($0)
35,7,0.0,15,2,13,1.0,-100.0,13.333333333333334,MARGIN CALL ($0)
35,8,0.0,17,2,15,1.0,-100.0,11.76470588235294,MARGIN CALL ($0)
35,9,0.0,16,2,14,1.0,-100.0,12.5,MARGIN CALL ($0)
35,10,0.0,13,1,12,1.0,-100.0,7.6923076923076925,MARGIN CALL ($0)
35,11,0.0,14,1,13,1.0,-100.0,7.142857142857142,MARGIN CALL ($0)
35,12,0.0,14,1,13,1.0,-100.0,7.142857142857142,MARGIN CALL ($0)
35,13,0.0,8,0,8,1.0,-100.0,0.0,MARGIN CALL ($0)
35,14,0.0,8,0,8,1.0,-100.0,0.0,MARGIN CALL ($0)
35,15,0.0,7,0,7,1.0,-100.0,0.0,MARGIN CALL ($0)
35,16,0.0,6,0,6,1.0,-100.0,0.0,MARGIN CALL ($0)
35,17,0.0,6,0,6,1.0,-100.0,0.0,MARGIN CALL ($0)
35,18,0.0,7,0,7,1.0,-100.0,0.0,MARGIN CALL ($0)
35,19,0.0,7,0,7,1.0,-100.0,0.0,MARGIN CALL ($0)
35,20,0.0,5,0,5,1.0,-100.0,0.0,MARGIN CALL ($0)
35,21,0.0,8,0,8,1.0,-100.0,0.0,MARGIN CALL ($0)
35,22,0.0,8,0,8,1.0,-100.0,0.0,MARGIN CALL ($0)
35,23,0.0,9,0,9,1.0,-100.0,0.0,MARGIN CALL ($0)
35,24,0.0,9,0,9,1.0,-100.0,0.0,MARGIN CALL ($0)
35,25,0.0,12,2,10,1.0,-100.0,16.666666666666664,MARGIN CALL ($0)
35,26,0.0,9,0,9,1.0,-100.0,0.0,MARGIN CALL ($0)
35,27,0.0,9,0,9,1.0,-100.0,0.0,MARGIN CALL ($0)
35,28,0.0,8,0,8,1.0,-100.0,0.0,MARGIN CALL ($0)
35,29,0.0,10,0,10,1.0,-100.0,0.0,MARGIN CALL ($0)
35,30,0.0,11,0,11,1.0,-100.0,0.0,MARGIN CALL ($0)
35,31,0.0,11,0,11,1.0,-100.0,0.0,MARGIN CALL ($0)
35,32,0.0,10,0,10,1.0,-100.0,0.0,MARGIN CALL ($0)
35,33,0.0,11,0,11,1.0,-100.0,0.0,MARGIN CALL ($0)
35,34,0.0,9,0,9,1.0,-100.0,0.0,MARGIN CALL ($0)
35,35,0.0,7,0,7,1.0,-100.0,0.0,MARGIN CALL ($0)
35,36,0.0,8,0,8,1.0,-100.0,0.0,MARGIN CALL ($0)
35,37,0.0,7,0,7,1.0,-100.0,0.0,MARGIN CALL ($0)
35,38,0.0,7,0,7,1.0,-100.0,0.0,MARGIN CALL ($0)
35,39,0.0,9,0,9,1.0,-100.0,0.0,MARGIN CALL ($0)
35,40,0.0,9,0,9,1.0,-100.0,0.0,MARGIN CALL ($0)
35,41,0.0,8,0,8,1.0,-100.0,0.0,MARGIN CALL ($0)
35,42,0.0,9,0,9,1.0,-100.0,0.0,MARGIN CALL ($0)
35,43,0.0,9,0,9,1.0,-100.0,0.0,MARGIN CALL ($0)
35,44,0.0,9,0,9,1.0,-100.0,0.0,MARGIN CALL ($0)
35,45,0.0,9,0,9,1.0,-100.0,0.0,MARGIN CALL ($0)
35,46,0.0,9,0,9,1.0,-100.0,0.0,MARGIN CALL ($0)
35,47,0.0,8,0,8,1.0,-100.0,0.0,MARGIN CALL ($0)
35,48,0.0,8,0,8,1.0,-100.0,0.0,MARGIN CALL ($0)
35,49,0.0,8,0,8,1.0,-100.0,0.0,MARGIN CALL ($0)
35,50,0.0,9,0,9,1.0,-100.0,0.0,MARGIN CALL ($0)
35,51,0.0,9,0,9,1.0,-100.0,0.0,MARGIN CALL ($0)
35,52,0.0,8,0,8,1.0,-100.0,0.0,MARGIN CALL ($0)
35,53,0.0,7,0,7,1.0,-100.0,0.0,MARGIN CALL ($0)
35,54,0.0,7,0,7,1.0,-100.0,0.0,MARGIN CALL ($0)
35,55,0.0,7,0,7,1.0,-100.0,0.0,MARGIN CALL ($0)
35,56,0.0,7,0,7,1.0,-100.0,0.0,MARGIN CALL ($0)
35,57,0.0,11,3,8,1.0,-100.0,27.27272727272727,MARGIN CALL ($0)
35,58,0.0,11,3,8,1.0,-100.0,27.27272727272727,MARGIN CALL ($0)
35,59,0.0,12,3,9,1.0,-100.0,25.0,MARGIN CALL ($0)
35,60,0.0,11,3,8,1.0,-100.0,27.27272727272727,MARGIN CALL ($0)
35,61,0.0,12,3,9,1.0,-100.0,25.0,MARGIN CALL ($0)
35,62,0.0,10,0,10,1.0,-100.0,0.0,MARGIN CALL ($0)
35,63,0.0,10,0,10,1.0,-100.0,0.0,MARGIN CALL ($0)
35,64,0.0,10,0,10,1.0,-100.0,0.0,MARGIN CALL ($0)
35,65,0.0,11,1,10,1.0,-100.0,9.090909090909092,MARGIN CALL ($0)
35,66,0.0,11,1,10,1.0,-100.0,9.090909090909092,MARGIN CALL ($0)
35,67,0.0,9,0,9,1.0,-100.0,0.0,MARGIN CALL ($0)
35,68,0.0,9,0,9,1.0,-100.0,0.0,MARGIN CALL ($0)
35,69,0.0,11,1,10,1.0,-100.0,9.090909090909092,MARGIN CALL ($0)
35,70,0.0,11,1,10,1.0,-100.0,9.090909090909092,MARGIN CALL ($0)
35,71,0.0,11,1,10,1.0,-100.0,9.090909090909092,MARGIN CALL ($0)
35,72,0.0,10,1,9,1.0,-100.0,10.0,MARGIN CALL ($0)
35,73,0.0,10,1,9,1.0,-100.0,10.0,MARGIN CALL ($0)
35,74,0.0,10,0,10,1.0,-100.0,0.0,MARGIN CALL ($0)
35,75,0.0,10,0,10,1.0,-100.0,0.0,MARGIN CALL ($0)
35,76,0.0,10,0,10,1.0,-100.0,0.0,MARGIN CALL ($0)
35,77,0.0,10,0,10,1.0,-100.0,0.0,MARGIN CALL ($0)
35,78,0.0,9,0,9,1.0,-100.0,0.0,MARGIN CALL ($0)
35,79,0.0,9,0,9,1.0,-100.0,0.0,MARGIN CALL ($0)
35,80,0.0,9,0,9,1.0,-100.0,0.0,MARGIN CALL ($0)
35,81,0.0,9,0,9,1.0,-100.0,0.0,MARGIN CALL ($0)
35,82,0.0,8,0,8,1.0,-100.0,0.0,MARGIN CALL ($0)
35,83,0.0,8,0,8,1.0,-100.0,0.0,MARGIN CALL ($0)
35,84,0.0,9,0,9,1.0,-100.0,0.0,MARGIN CALL ($0)
35,85,0.0,9,0,9,1.0,-100.0,0.0,MARGIN CALL ($0)
35,86,0.0,9,0,9,1.0,-100.0,0.0,MARGIN CALL ($0)
35,87,0.0,9,0,9,1.0,-100.0,0.0,MARGIN CALL ($0)
35,88,0.0,8,0,8,1.0,-100.0,0.0,MARGIN CALL ($0)
35,89,0.0,10,0,10,1.0,-100.0,0.0,MARGIN CALL ($0)
35,90,0.0,10,0,10,1.0,-100.0,0.0,MARGIN CALL ($0)
35,91,0.0,10,0,10,1.0,-100.0,0.0,MARGIN CALL ($0)
35,92,0.0,10,0,10,1.0,-100.0,0.0,MARGIN CALL ($0)
35,93,0.0,10,0,10,1.0,-100.0,0.0,MARGIN CALL ($0)
35,94,0.0,10,0,10,1.0,-100.0,0.0,MARGIN CALL ($0)
35,95,0.0,10,0,10,1.0,-100.0,0.0,MARGIN CALL ($0)
35,96,0.0,8,0,8,1.0,-100.0,0.0,MARGIN CALL ($0)
35,97,0.0,9,0,9,1.0,-100.0,0.0,MARGIN CALL ($0)
35,98,0.0,9,0,9,1.0,-100.0,0.0,MARGIN CALL ($0)
35,99,0.0,9,0,9,1.0,-100.0,0.0,MARGIN CALL ($0)
35,100,0.0,9,0,9,1.0,-100.0,0.0,MARGIN CALL ($0)
36,1,0.0,8,0,8,1.0,-100.0,0.0,MARGIN CALL ($0)
36,2,0.0,25,3,22,1.0,-100.0,12.0,MARGIN CALL ($0)
36,3,0.0,15,2,13,1.0,-100.0,13.333333333333334,MARGIN CALL ($0)
36,4,0.0,15,2,13,1.0,-100.0,13.333333333333334,MARGIN CALL ($0)
36,5,0.0,17,2,15,1.0,-100.0,11.76470588235294,MARGIN CALL ($0)
36,6,0.0,15,2,13,1.0,-100.0,13.333333333333334,MARGIN CALL ($0)
36,7,0.0,15,2,13,1.0,-100.0,13.333333333333334,MARGIN CALL ($0)
36,8,0.0,17,2,15,1.0,-100.0,11.76470588235294,MARGIN CALL ($0)
36,9,0.0,16,2,14,1.0,-100.0,12.5,MARGIN CALL ($0)
36,10,0.0,13,1,12,1.0,-100.0,7.6923076923076925,MARGIN CALL ($0)
36,11,0.0,14,1,13,1.0,-100.0,7.142857142857142,MARGIN CALL ($0)
36,12,0.0,14,1,13,1.0,-100.0,7.142857142857142,MARGIN CALL ($0)
36,13,0.0,8,0,8,1.0,-100.0,0.0,MARGIN CALL ($0)
36,14,0.0,8,0,8,1.0,-100.0,0.0,MARGIN CALL ($0)
36,15,0.0,7,0,7,1.0,-100.0,0.0,MARGIN CALL ($0)
36,16,0.0,6,0,6,1.0,-100.0,0.0,MARGIN CALL ($0)
36,17,0.0,6,0,6,1.0,-100.0,0.0,MARGIN CALL ($0)
36,18,0.0,7,0,7,1.0,-100.0,0.0,MARGIN CALL ($0)
36,19,0.0,7,0,7,1.0,-100.0,0.0,MARGIN CALL ($0)
36,20,0.0,5,0,5,1.0,-100.0,0.0,MARGIN CALL ($0)
36,21,0.0,8,0,8,1.0,-100.0,0.0,MARGIN CALL ($0)
36,22,0.0,8,0,8,1.0,-100.0,0.0,MARGIN CALL ($0)
36,23,0.0,9,0,9,1.0,-100.0,0.0,MARGIN CALL ($0)
36,24,0.0,9,0,9,1.0,-100.0,0.0,MARGIN CALL ($0)
36,25,0.0,12,2,10,1.0,-100.0,16.666666666666664,MARGIN CALL ($0)
36,26,0.0,9,0,9,1.0,-100.0,0.0,MARGIN CALL ($0)
36,27,0.0,9,0,9,1.0,-100.0,0.0,MARGIN CALL ($0)
36,28,0.0,8,0,8,1.0,-100.0,0.0,MARGIN CALL ($0)
36,29,0.0,11,0,11,1.0,-100.0,0.0,MARGIN CALL ($0)
36,30,0.0,10,0,10,1.0,-100.0,0.0,MARGIN CALL ($0)
36,31,0.0,10,0,10,1.0,-100.0,0.0,MARGIN CALL ($0)
36,32,0.0,11,0,11,1.0,-100.0,0.0,MARGIN CALL ($0)
36,33,0.0,10,0,10,1.0,-100.0,0.0,MARGIN CALL ($0)
36,34,0.0,10,0,10,1.0,-100.0,0.0,MARGIN CALL ($0)
36,35,0.0,8,0,8,1.0,-100.0,0.0,MARGIN CALL ($0)
36,36,0.0,7,0,7,1.0,-100.0,0.0,MARGIN CALL ($0)
36,37,0.0,7,0,7,1.0,-100.0,0.0,MARGIN CALL ($0)
36,38,0.0,7,0,7,1.0,-100.0,0.0,MARGIN CALL ($0)
36,39,0.0,8,0,8,1.0,-100.0,0.0,MARGIN CALL ($0)
36,40,0.0,8,0,8,1.0,-100.0,0.0,MARGIN CALL ($0)
36,41,0.0,8,0,8,1.0,-100.0,0.0,MARGIN CALL ($0)
36,42,0.0,9,0,9,1.0,-100.0,0.0,MARGIN CALL ($0)
36,43,0.0,9,0,9,1.0,-100.0,0.0,MARGIN CALL ($0)
36,44,0.0,9,0,9,1.0,-100.0,0.0,MARGIN CALL ($0)
36,45,0.0,9,0,9,1.0,-100.0,0.0,MARGIN CALL ($0)
36,46,0.0,9,0,9,1.0,-100.0,0.0,MARGIN CALL ($0)
36,47,0.0,8,0,8,1.0,-100.0,0.0,MARGIN CALL ($0)
36,48,0.0,9,0,9,1.0,-100.0,0.0,MARGIN CALL ($0)
36,49,0.0,8,0,8,1.0,-100.0,0.0,MARGIN CALL ($0)
36,50,0.0,8,0,8,1.0,-100.0,0.0,MARGIN CALL ($0)
36,51,0.0,8,0,8,1.0,-100.0,0.0,MARGIN CALL ($0)
36,52,0.0,7,0,7,1.0,-100.0,0.0,MARGIN CALL ($0)
36,53,0.0,7,0,7,1.0,-100.0,0.0,MARGIN CALL ($0)
36,54,0.0,7,0,7,1.0,-100.0,0.0,MARGIN CALL ($0)
36,55,0.0,7,0,7,1.0,-100.0,0.0,MARGIN CALL ($0)
36,56,0.0,7,0,7,1.0,-100.0,0.0,MARGIN CALL ($0)
36,57,0.0,12,3,9,1.0,-100.0,25.0,MARGIN CALL ($0)
36,58,0.0,12,3,9,1.0,-100.0,25.0,MARGIN CALL ($0)
36,59,0.0,13,3,10,1.0,-100.0,23.076923076923077,MARGIN CALL ($0)
36,60,0.0,12,3,9,1.0,-100.0,25.0,MARGIN CALL ($0)
36,61,0.0,12,3,9,1.0,-100.0,25.0,MARGIN CALL ($0)
36,62,0.0,8,0,8,1.0,-100.0,0.0,MARGIN CALL ($0)
36,63,0.0,8,0,8,1.0,-100.0,0.0,MARGIN CALL ($0)
36,64,0.0,8,0,8,1.0,-100.0,0.0,MARGIN CALL ($0)
36,65,0.0,8,0,8,1.0,-100.0,0.0,MARGIN CALL ($0)
36,66,0.0,10,1,9,1.0,-100.0,10.0,MARGIN CALL ($0)
36,67,0.0,7,0,7,1.0,-100.0,0.0,MARGIN CALL ($0)
36,68,0.0,7,0,7,1.0,-100.0,0.0,MARGIN CALL ($0)
36,69,0.0,7,0,7,1.0,-100.0,0.0,MARGIN CALL ($0)
36,70,0.0,7,0,7,1.0,-100.0,0.0,MARGIN CALL ($0)
36,71,0.0,7,0,7,1.0,-100.0,0.0,MARGIN CALL ($0)
36,72,0.0,7,0,7,1.0,-100.0,0.0,MARGIN CALL ($0)
36,73,0.0,7,0,7,1.0,-100.0,0.0,MARGIN CALL ($0)
36,74,0.0,7,0,7,1.0,-100.0,0.0,MARGIN CALL ($0)
36,75,0.0,7,0,7,1.0,-100.0,0.0,MARGIN CALL ($0)
36,76,0.0,7,0,7,1.0,-100.0,0.0,MARGIN CALL ($0)
36,77,0.0,7,0,7,1.0,-100.0,0.0,MARGIN CALL ($0)
36,78,0.0,10,0,10,1.0,-100.0,0.0,MARGIN CALL ($0)
36,79,0.0,10,0,10,1.0,-100.0,0.0,MARGIN CALL ($0)
36,80,0.0,10,0,10,1.0,-100.0,0.0,MARGIN CALL ($0)
36,81,0.0,10,0,10,1.0,-100.0,0.0,MARGIN CALL ($0)
36,82,0.0,9,0,9,1.0,-100.0,0.0,MARGIN CALL ($0)
36,83,0.0,9,0,9,1.0,-100.0,0.0,MARGIN CALL ($0)
36,84,0.0,7,0,7,1.0,-100.0,0.0,MARGIN CALL ($0)
36,85,0.0,7,0,7,1.0,-100.0,0.0,MARGIN CALL ($0)
36,86,0.0,7,0,7,1.0,-100.0,0.0,MARGIN CALL ($0)
36,87,0.0,7,0,7,1.0,-100.0,0.0,MARGIN CALL ($0)
36,88,0.0,8,0,8,1.0,-100.0,0.0,MARGIN CALL ($0)
36,89,0.0,8,0,8,1.0,-100.0,0.0,MARGIN CALL ($0)
36,90,0.0,8,0,8,1.0,-100.0,0.0,MARGIN CALL ($0)
36,91,0.0,8,0,8,1.0,-100.0,0.0,MARGIN CALL ($0)
36,92,0.0,8,0,8,1.0,-100.0,0.0,MARGIN CALL ($0)
36,93,0.0,8,0,8,1.0,-100.0,0.0,MARGIN CALL ($0)
36,94,0.0,8,0,8,1.0,-100.0,0.0,MARGIN CALL ($0)
36,95,0.0,8,0,8,1.0,-100.0,0.0,MARGIN CALL ($0)
36,96,0.0,8,0,8,1.0,-100.0,0.0,MARGIN CALL ($0)
36,97,0.0,7,0,7,1.0,-100.0,0.0,MARGIN CALL ($0)
36,98,0.0,7,0,7,1.0,-100.0,0.0,MARGIN CALL ($0)
36,99,0.0,7,0,7,1.0,-100.0,0.0,MARGIN CALL ($0)
36,100,0.0,7,0,7,1.0,-100.0,0.0,MARGIN CALL ($0)
37,1,0.0,8,0,8,1.0,-100.0,0.0,MARGIN CALL ($0)
37,2,0.0,25,3,22,1.0,-100.0,12.0,MARGIN CALL ($0)
37,3,0.0,15,2,13,1.0,-100.0,13.333333333333334,MARGIN CALL ($0)
37,4,0.0,15,2,13,1.0,-100.0,13.333333333333334,MARGIN CALL ($0)
37,5,0.0,17,2,15,1.0,-100.0,11.76470588235294,MARGIN CALL ($0)
37,6,0.0,15,2,13,1.0,-100.0,13.333333333333334,MARGIN CALL ($0)
37,7,0.0,15,2,13,1.0,-100.0,13.333333333333334,MARGIN CALL ($0)
37,8,0.0,17,2,15,1.0,-100.0,11.76470588235294,MARGIN CALL ($0)
37,9,0.0,16,2,14,1.0,-100.0,12.5,MARGIN CALL ($0)
37,10,0.0,13,1,12,1.0,-100.0,7.6923076923076925,MARGIN CALL ($0)
37,11,0.0,14,1,13,1.0,-100.0,7.142857142857142,MARGIN CALL ($0)
37,12,0.0,14,1,13,1.0,-100.0,7.142857142857142,MARGIN CALL ($0)
37,13,0.0,8,0,8,1.0,-100.0,0.0,MARGIN CALL ($0)
37,14,0.0,8,0,8,1.0,-100.0,0.0,MARGIN CALL ($0)
37,15,0.0,7,0,7,1.0,-100.0,0.0,MARGIN CALL ($0)
37,16,0.0,6,0,6,1.0,-100.0,0.0,MARGIN CALL ($0)
37,17,0.0,6,0,6,1.0,-100.0,0.0,MARGIN CALL ($0)
37,18,0.0,7,0,7,1.0,-100.0,0.0,MARGIN CALL ($0)
37,19,0.0,7,0,7,1.0,-100.0,0.0,MARGIN CALL ($0)
37,20,0.0,5,0,5,1.0,-100.0,0.0,MARGIN CALL ($0)
37,21,0.0,8,0,8,1.0,-100.0,0.0,MARGIN CALL ($0)
37,22,0.0,8,0,8,1.0,-100.0,0.0,MARGIN CALL ($0)
37,23,0.0,9,0,9,1.0,-100.0,0.0,MARGIN CALL ($0)
37,24,0.0,9,0,9,1.0,-100.0,0.0,MARGIN CALL ($0)
37,25,0.0,12,2,10,1.0,-100.0,16.666666666666664,MARGIN CALL ($0)
37,26,0.0,9,0,9,1.0,-100.0,0.0,MARGIN CALL ($0)
37,27,0.0,9,0,9,1.0,-100.0,0.0,MARGIN CALL ($0)
37,28,0.0,8,0,8,1.0,-100.0,0.0,MARGIN CALL ($0)
37,29,0.0,11,0,11,1.0,-100.0,0.0,MARGIN CALL ($0)
37,30,0.0,10,0,10,1.0,-100.0,0.0,MARGIN CALL ($0)
37,31,0.0,10,0,10,1.0,-100.0,0.0,MARGIN CALL ($0)
37,32,0.0,11,0,11,1.0,-100.0,0.0,MARGIN CALL ($0)
37,33,0.0,10,0,10,1.0,-100.0,0.0,MARGIN CALL ($0)
37,34,0.0,10,0,10,1.0,-100.0,0.0,MARGIN CALL ($0)
37,35,0.0,8,0,8,1.0,-100.0,0.0,MARGIN CALL ($0)
37,36,0.0,7,0,7,1.0,-100.0,0.0,MARGIN CALL ($0)
37,37,0.0,7,0,7,1.0,-100.0,0.0,MARGIN CALL ($0)
37,38,0.0,7,0,7,1.0,-100.0,0.0,MARGIN CALL ($0)
37,39,0.0,8,0,8,1.0,-100.0,0.0,MARGIN CALL ($0)
37,40,0.0,8,0,8,1.0,-100.0,0.0,MARGIN CALL ($0)
37,41,0.0,8,0,8,1.0,-100.0,0.0,MARGIN CALL ($0)
37,42,0.0,9,0,9,1.0,-100.0,0.0,MARGIN CALL ($0)
37,43,0.0,9,0,9,1.0,-100.0,0.0,MARGIN CALL ($0)
37,44,0.0,9,0,9,1.0,-100.0,0.0,MARGIN CALL ($0)
37,45,0.0,9,0,9,1.0,-100.0,0.0,MARGIN CALL ($0)
37,46,0.0,9,0,9,1.0,-100.0,0.0,MARGIN CALL ($0)
37,47,0.0,8,0,8,1.0,-100.0,0.0,MARGIN CALL ($0)
37,48,0.0,9,0,9,1.0,-100.0,0.0,MARGIN CALL ($0)
37,49,0.0,8,0,8,1.0,-100.0,0.0,MARGIN CALL ($0)
37,50,0.0,8,0,8,1.0,-100.0,0.0,MARGIN CALL ($0)
37,51,0.0,8,0,8,1.0,-100.0,0.0,MARGIN CALL ($0)
37,52,0.0,7,0,7,1.0,-100.0,0.0,MARGIN CALL ($0)
37,53,0.0,7,0,7,1.0,-100.0,0.0,MARGIN CALL ($0)
37,54,0.0,7,0,7,1.0,-100.0,0.0,MARGIN CALL ($0)
37,55,0.0,7,0,7,1.0,-100.0,0.0,MARGIN CALL ($0)
37,56,0.0,7,0,7,1.0,-100.0,0.0,MARGIN CALL ($0)
37,57,0.0,12,3,9,1.0,-100.0,25.0,MARGIN CALL ($0)
37,58,0.0,12,3,9,1.0,-100.0,25.0,MARGIN CALL ($0)
37,59,0.0,13,3,10,1.0,-100.0,23.076923076923077,MARGIN CALL ($0)
37,60,0.0,12,3,9,1.0,-100.0,25.0,MARGIN CALL ($0)
37,61,0.0,12,3,9,1.0,-100.0,25.0,MARGIN CALL ($0)
37,62,0.0,8,0,8,1.0,-100.0,0.0,MARGIN CALL ($0)
37,63,0.0,8,0,8,1.0,-100.0,0.0,MARGIN CALL ($0)
37,64,0.0,8,0,8,1.0,-100.0,0.0,MARGIN CALL ($0)
37,65,0.0,8,0,8,1.0,-100.0,0.0,MARGIN CALL ($0)
37,66,0.0,10,1,9,1.0,-100.0,10.0,MARGIN CALL ($0)
37,67,0.0,7,0,7,1.0,-100.0,0.0,MARGIN CALL ($0)
37,68,0.0,7,0,7,1.0,-100.0,0.0,MARGIN CALL ($0)
37,69,0.0,7,0,7,1.0,-100.0,0.0,MARGIN CALL ($0)
37,70,0.0,7,0,7,1.0,-100.0,0.0,MARGIN CALL ($0)
37,71,0.0,7,0,7,1.0,-100.0,0.0,MARGIN CALL ($0)
37,72,0.0,7,0,7,1.0,-100.0,0.0,MARGIN CALL ($0)
37,73,0.0,7,0,7,1.0,-100.0,0.0,MARGIN CALL ($0)
37,74,0.0,7,0,7,1.0,-100.0,0.0,MARGIN CALL ($0)
37,75,0.0,7,0,7,1.0,-100.0,0.0,MARGIN CALL ($0)
37,76,0.0,7,0,7,1.0,-100.0,0.0,MARGIN CALL ($0)
37,77,0.0,7,0,7,1.0,-100.0,0.0,MARGIN CALL ($0)
37,78,0.0,10,0,10,1.0,-100.0,0.0,MARGIN CALL ($0)
37,79,0.0,10,0,10,1.0,-100.0,0.0,MARGIN CALL ($0)
37,80,0.0,10,0,10,1.0,-100.0,0.0,MARGIN CALL ($0)
37,81,0.0,10,0,10,1.0,-100.0,0.0,MARGIN CALL ($0)
37,82,0.0,9,0,9,1.0,-100.0,0.0,MARGIN CALL ($0)
37,83,0.0,9,0,9,1.0,-100.0,0.0,MARGIN CALL ($0)
37,84,0.0,7,0,7,1.0,-100.0,0.0,MARGIN CALL ($0)
37,85,0.0,7,0,7,1.0,-100.0,0.0,MARGIN CALL ($0)
37,86,0.0,7,0,7,1.0,-100.0,0.0,MARGIN CALL ($0)
37,87,0.0,7,0,7,1.0,-100.0,0.0,MARGIN CALL ($0)
37,88,0.0,8,0,8,1.0,-100.0,0.0,MARGIN CALL ($0)
37,89,0.0,8,0,8,1.0,-100.0,0.0,MARGIN CALL ($0)
37,90,0.0,8,0,8,1.0,-100.0,0.0,MARGIN CALL ($0)
37,91,0.0,8,0,8,1.0,-100.0,0.0,MARGIN CALL ($0)
37,92,0.0,8,0,8,1.0,-100.0,0.0,MARGIN CALL ($0)
37,93,0.0,8,0,8,1.0,-100.0,0.0,MARGIN CALL ($0)
37,94,0.0,8,0,8,1.0,-100.0,0.0,MARGIN CALL ($0)
37,95,0.0,8,0,8,1.0,-100.0,0.0,MARGIN CALL ($0)
37,96,0.0,8,0,8,1.0,-100.0,0.0,MARGIN CALL ($0)
37,97,0.0,7,0,7,1.0,-100.0,0.0,MARGIN CALL ($0)
37,98,0.0,7,0,7,1.0,-100.0,0.0,MARGIN CALL ($0)
37,99,0.0,7,0,7,1.0,-100.0,0.0,MARGIN CALL ($0)
37,100,0.0,7,0,7,1.0,-100.0,0.0,MARGIN CALL ($0)
38,1,0.0,8,0,8,1.0,-100.0,0.0,MARGIN CALL ($0)
38,2,0.0,25,3,22,1.0,-100.0,12.0,MARGIN CALL ($0)
38,3,0.0,15,2,13,1.0,-100.0,13.333333333333334,MARGIN CALL ($0)
38,4,0.0,15,2,13,1.0,-100.0,13.333333333333334,MARGIN CALL ($0)
38,5,0.0,17,2,15,1.0,-100.0,11.76470588235294,MARGIN CALL ($0)
38,6,0.0,15,2,13,1.0,-100.0,13.333333333333334,MARGIN CALL ($0)
38,7,0.0,15,2,13,1.0,-100.0,13.333333333333334,MARGIN CALL ($0)
38,8,0.0,17,2,15,1.0,-100.0,11.76470588235294,MARGIN CALL ($0)
38,9,0.0,16,2,14,1.0,-100.0,12.5,MARGIN CALL ($0)
38,10,0.0,13,1,12,1.0,-100.0,7.6923076923076925,MARGIN CALL ($0)
38,11,0.0,14,1,13,1.0,-100.0,7.142857142857142,MARGIN CALL ($0)
38,12,0.0,14,1,13,1.0,-100.0,7.142857142857142,MARGIN CALL ($0)
38,13,0.0,8,0,8,1.0,-100.0,0.0,MARGIN CALL ($0)
38,14,0.0,8,0,8,1.0,-100.0,0.0,MARGIN CALL ($0)
38,15,0.0,7,0,7,1.0,-100.0,0.0,MARGIN CALL ($0)
38,16,0.0,6,0,6,1.0,-100.0,0.0,MARGIN CALL ($0)
38,17,0.0,6,0,6,1.0,-100.0,0.0,MARGIN CALL ($0)
38,18,0.0,7,0,7,1.0,-100.0,0.0,MARGIN CALL ($0)
38,19,0.0,7,0,7,1.0,-100.0,0.0,MARGIN CALL ($0)
38,20,0.0,5,0,5,1.0,-100.0,0.0,MARGIN CALL ($0)
38,21,0.0,8,0,8,1.0,-100.0,0.0,MARGIN CALL ($0)
38,22,0.0,8,0,8,1.0,-100.0,0.0,MARGIN CALL ($0)
38,23,0.0,9,0,9,1.0,-100.0,0.0,MARGIN CALL ($0)
38,24,0.0,9,0,9,1.0,-100.0,0.0,MARGIN CALL ($0)
38,25,0.0,12,2,10,1.0,-100.0,16.666666666666664,MARGIN CALL ($0)
38,26,0.0,9,0,9,1.0,-100.0,0.0,MARGIN CALL ($0)
38,27,0.0,9,0,9,1.0,-100.0,0.0,MARGIN CALL ($0)
38,28,0.0,8,0,8,1.0,-100.0,0.0,MARGIN CALL ($0)
38,29,0.0,11,0,11,1.0,-100.0,0.0,MARGIN CALL ($0)
38,30,0.0,10,0,10,1.0,-100.0,0.0,MARGIN CALL ($0)
38,31,0.0,10,0,10,1.0,-100.0,0.0,MARGIN CALL ($0)
38,32,0.0,11,0,11,1.0,-100.0,0.0,MARGIN CALL ($0)
38,33,0.0,10,0,10,1.0,-100.0,0.0,MARGIN CALL ($0)
38,34,0.0,10,0,10,1.0,-100.0,0.0,MARGIN CALL ($0)
38,35,0.0,8,0,8,1.0,-100.0,0.0,MARGIN CALL ($0)
38,36,0.0,7,0,7,1.0,-100.0,0.0,MARGIN CALL ($0)
38,37,0.0,7,0,7,1.0,-100.0,0.0,MARGIN CALL ($0)
38,38,0.0,8,0,8,1.0,-100.0,0.0,MARGIN CALL ($0)
38,39,0.0,8,0,8,1.0,-100.0,0.0,MARGIN CALL ($0)
38,40,0.0,8,0,8,1.0,-100.0,0.0,MARGIN CALL ($0)
38,41,0.0,8,0,8,1.0,-100.0,0.0,MARGIN CALL ($0)
38,42,0.0,9,0,9,1.0,-100.0,0.0,MARGIN CALL ($0)
38,43,0.0,9,0,9,1.0,-100.0,0.0,MARGIN CALL ($0)
38,44,0.0,9,0,9,1.0,-100.0,0.0,MARGIN CALL ($0)
38,45,0.0,9,0,9,1.0,-100.0,0.0,MARGIN CALL ($0)
38,46,0.0,9,0,9,1.0,-100.0,0.0,MARGIN CALL ($0)
38,47,0.0,8,0,8,1.0,-100.0,0.0,MARGIN CALL ($0)
38,48,0.0,9,0,9,1.0,-100.0,0.0,MARGIN CALL ($0)
38,49,0.0,8,0,8,1.0,-100.0,0.0,MARGIN CALL ($0)
38,50,0.0,8,0,8,1.0,-100.0,0.0,MARGIN CALL ($0)
38,51,0.0,8,0,8,1.0,-100.0,0.0,MARGIN CALL ($0)
38,52,0.0,7,0,7,1.0,-100.0,0.0,MARGIN CALL ($0)
38,53,0.0,7,0,7,1.0,-100.0,0.0,MARGIN CALL ($0)
38,54,0.0,7,0,7,1.0,-100.0,0.0,MARGIN CALL ($0)
38,55,0.0,7,0,7,1.0,-100.0,0.0,MARGIN CALL ($0)
38,56,0.0,7,0,7,1.0,-100.0,0.0,MARGIN CALL ($0)
38,57,0.0,12,3,9,1.0,-100.0,25.0,MARGIN CALL ($0)
38,58,0.0,12,3,9,1.0,-100.0,25.0,MARGIN CALL ($0)
38,59,0.0,13,3,10,1.0,-100.0,23.076923076923077,MARGIN CALL ($0)
38,60,0.0,12,3,9,1.0,-100.0,25.0,MARGIN CALL ($0)
38,61,0.0,12,3,9,1.0,-100.0,25.0,MARGIN CALL ($0)
38,62,0.0,8,0,8,1.0,-100.0,0.0,MARGIN CALL ($0)
38,63,0.0,8,0,8,1.0,-100.0,0.0,MARGIN CALL ($0)
38,64,0.0,8,0,8,1.0,-100.0,0.0,MARGIN CALL ($0)
38,65,0.0,8,0,8,1.0,-100.0,0.0,MARGIN CALL ($0)
38,66,0.0,10,1,9,1.0,-100.0,10.0,MARGIN CALL ($0)
38,67,0.0,7,0,7,1.0,-100.0,0.0,MARGIN CALL ($0)
38,68,0.0,7,0,7,1.0,-100.0,0.0,MARGIN CALL ($0)
38,69,0.0,7,0,7,1.0,-100.0,0.0,MARGIN CALL ($0)
38,70,0.0,7,0,7,1.0,-100.0,0.0,MARGIN CALL ($0)
38,71,0.0,7,0,7,1.0,-100.0,0.0,MARGIN CALL ($0)
38,72,0.0,7,0,7,1.0,-100.0,0.0,MARGIN CALL ($0)
38,73,0.0,7,0,7,1.0,-100.0,0.0,MARGIN CALL ($0)
38,74,0.0,7,0,7,1.0,-100.0,0.0,MARGIN CALL ($0)
38,75,0.0,7,0,7,1.0,-100.0,0.0,MARGIN CALL ($0)
38,76,0.0,7,0,7,1.0,-100.0,0.0,MARGIN CALL ($0)
38,77,0.0,7,0,7,1.0,-100.0,0.0,MARGIN CALL ($0)
38,78,0.0,10,0,10,1.0,-100.0,0.0,MARGIN CALL ($0)
38,79,0.0,10,0,10,1.0,-100.0,0.0,MARGIN CALL ($0)
38,80,0.0,10,0,10,1.0,-100.0,0.0,MARGIN CALL ($0)
38,81,0.0,10,0,10,1.0,-100.0,0.0,MARGIN CALL ($0)
38,82,0.0,9,0,9,1.0,-100.0,0.0,MARGIN CALL ($0)
38,83,0.0,9,0,9,1.0,-100.0,0.0,MARGIN CALL ($0)
38,84,0.0,7,0,7,1.0,-100.0,0.0,MARGIN CALL ($0)
38,85,0.0,7,0,7,1.0,-100.0,0.0,MARGIN CALL ($0)
38,86,0.0,7,0,7,1.0,-100.0,0.0,MARGIN CALL ($0)
38,87,0.0,7,0,7,1.0,-100.0,0.0,MARGIN CALL ($0)
38,88,0.0,8,0,8,1.0,-100.0,0.0,MARGIN CALL ($0)
38,89,0.0,8,0,8,1.0,-100.0,0.0,MARGIN CALL ($0)
38,90,0.0,8,0,8,1.0,-100.0,0.0,MARGIN CALL ($0)
38,91,0.0,8,0,8,1.0,-100.0,0.0,MARGIN CALL ($0)
38,92,0.0,8,0,8,1.0,-100.0,0.0,MARGIN CALL ($0)
38,93,0.0,8,0,8,1.0,-100.0,0.0,MARGIN CALL ($0)
38,94,0.0,8,0,8,1.0,-100.0,0.0,MARGIN CALL ($0)
38,95,0.0,8,0,8,1.0,-100.0,0.0,MARGIN CALL ($0)
38,96,0.0,8,0,8,1.0,-100.0,0.0,MARGIN CALL ($0)
38,97,0.0,7,0,7,1.0,-100.0,0.0,MARGIN CALL ($0)
38,98,0.0,7,0,7,1.0,-100.0,0.0,MARGIN CALL ($0)
38,99,0.0,7,0,7,1.0,-100.0,0.0,MARGIN CALL ($0)
38,100,0.0,7,0,7,1.0,-100.0,0.0,MARGIN CALL ($0)
39,1,0.0,8,0,8,1.0,-100.0,0.0,MARGIN CALL ($0)
39,2,0.0,25,3,22,1.0,-100.0,12.0,MARGIN CALL ($0)
39,3,0.0,15,2,13,1.0,-100.0,13.333333333333334,MARGIN CALL ($0)
39,4,0.0,15,2,13,1.0,-100.0,13.333333333333334,MARGIN CALL ($0)
39,5,0.0,17,2,15,1.0,-100.0,11.76470588235294,MARGIN CALL ($0)
39,6,0.0,15,2,13,1.0,-100.0,13.333333333333334,MARGIN CALL ($0)
39,7,0.0,15,2,13,1.0,-100.0,13.333333333333334,MARGIN CALL ($0)
39,8,0.0,17,2,15,1.0,-100.0,11.76470588235294,MARGIN CALL ($0)
39,9,0.0,16,2,14,1.0,-100.0,12.5,MARGIN CALL ($0)
39,10,0.0,13,1,12,1.0,-100.0,7.6923076923076925,MARGIN CALL ($0)
39,11,0.0,13,1,12,1.0,-100.0,7.6923076923076925,MARGIN CALL ($0)
39,12,0.0,13,1,12,1.0,-100.0,7.6923076923076925,MARGIN CALL ($0)
39,13,0.0,7,0,7,1.0,-100.0,0.0,MARGIN CALL ($0)
39,14,0.0,7,0,7,1.0,-100.0,0.0,MARGIN CALL ($0)
39,15,0.0,7,0,7,1.0,-100.0,0.0,MARGIN CALL ($0)
39,16,0.0,6,0,6,1.0,-100.0,0.0,MARGIN CALL ($0)
39,17,0.0,6,0,6,1.0,-100.0,0.0,MARGIN CALL ($0)
39,18,0.0,6,0,6,1.0,-100.0,0.0,MARGIN CALL ($0)
39,19,0.0,6,0,6,1.0,-100.0,0.0,MARGIN CALL ($0)
39,20,0.0,5,0,5,1.0,-100.0,0.0,MARGIN CALL ($0)
39,21,0.0,8,0,8,1.0,-100.0,0.0,MARGIN CALL ($0)
39,22,0.0,8,0,8,1.0,-100.0,0.0,MARGIN CALL ($0)
39,23,0.0,9,0,9,1.0,-100.0,0.0,MARGIN CALL ($0)
39,24,0.0,12,2,10,1.0,-100.0,16.666666666666664,MARGIN CALL ($0)
39,25,0.0,12,2,10,1.0,-100.0,16.666666666666664,MARGIN CALL ($0)
39,26,0.0,8,0,8,1.0,-100.0,0.0,MARGIN CALL ($0)
39,27,0.0,8,0,8,1.0,-100.0,0.0,MARGIN CALL ($0)
39,28,0.0,8,0,8,1.0,-100.0,0.0,MARGIN CALL ($0)
39,29,0.0,10,0,10,1.0,-100.0,0.0,MARGIN CALL ($0)
39,30,0.0,9,0,9,1.0,-100.0,0.0,MARGIN CALL ($0)
39,31,0.0,9,0,9,1.0,-100.0,0.0,MARGIN CALL ($0)
39,32,0.0,10,0,10,1.0,-100.0,0.0,MARGIN CALL ($0)
39,33,0.0,10,0,10,1.0,-100.0,0.0,MARGIN CALL ($0)
39,34,0.0,10,0,10,1.0,-100.0,0.0,MARGIN CALL ($0)
39,35,0.0,7,0,7,1.0,-100.0,0.0,MARGIN CALL ($0)
39,36,0.0,7,0,7,1.0,-100.0,0.0,MARGIN CALL ($0)
39,37,0.0,8,0,8,1.0,-100.0,0.0,MARGIN CALL ($0)
39,38,0.0,8,0,8,1.0,-100.0,0.0,MARGIN CALL ($0)
39,39,0.0,8,0,8,1.0,-100.0,0.0,MARGIN CALL ($0)
39,40,0.0,8,0,8,1.0,-100.0,0.0,MARGIN CALL ($0)
39,41,0.0,8,0,8,1.0,-100.0,0.0,MARGIN CALL ($0)
39,42,0.0,9,0,9,1.0,-100.0,0.0,MARGIN CALL ($0)
39,43,0.0,9,0,9,1.0,-100.0,0.0,MARGIN CALL ($0)
39,44,0.0,9,0,9,1.0,-100.0,0.0,MARGIN CALL ($0)
39,45,0.0,9,0,9,1.0,-100.0,0.0,MARGIN CALL ($0)
39,46,0.0,9,0,9,1.0,-100.0,0.0,MARGIN CALL ($0)
39,47,0.0,8,0,8,1.0,-100.0,0.0,MARGIN CALL ($0)
39,48,0.0,9,0,9,1.0,-100.0,0.0,MARGIN CALL ($0)
39,49,0.0,9,0,9,1.0,-100.0,0.0,MARGIN CALL ($0)
39,50,0.0,9,0,9,1.0,-100.0,0.0,MARGIN CALL ($0)
39,51,0.0,9,0,9,1.0,-100.0,0.0,MARGIN CALL ($0)
39,52,0.0,7,0,7,1.0,-100.0,0.0,MARGIN CALL ($0)
39,53,0.0,7,0,7,1.0,-100.0,0.0,MARGIN CALL ($0)
39,54,0.0,7,0,7,1.0,-100.0,0.0,MARGIN CALL ($0)
39,55,0.0,7,0,7,1.0,-100.0,0.0,MARGIN CALL ($0)
39,56,0.0,7,0,7,1.0,-100.0,0.0,MARGIN CALL ($0)
39,57,0.0,12,3,9,1.0,-100.0,25.0,MARGIN CALL ($0)
39,58,0.0,12,3,9,1.0,-100.0,25.0,MARGIN CALL ($0)
39,59,0.0,13,3,10,1.0,-100.0,23.076923076923077,MARGIN CALL ($0)
39,60,0.0,12,3,9,1.0,-100.0,25.0,MARGIN CALL ($0)
39,61,0.0,12,3,9,1.0,-100.0,25.0,MARGIN CALL ($0)
39,62,0.0,9,0,9,1.0,-100.0,0.0,MARGIN CALL ($0)
39,63,0.0,9,0,9,1.0,-100.0,0.0,MARGIN CALL ($0)
39,64,0.0,9,0,9,1.0,-100.0,0.0,MARGIN CALL ($0)
39,65,0.0,9,0,9,1.0,-100.0,0.0,MARGIN CALL ($0)
39,66,0.0,9,0,9,1.0,-100.0,0.0,MARGIN CALL ($0)
39,67,0.0,8,0,8,1.0,-100.0,0.0,MARGIN CALL ($0)
39,68,0.0,8,0,8,1.0,-100.0,0.0,MARGIN CALL ($0)
39,69,0.0,8,0,8,1.0,-100.0,0.0,MARGIN CALL ($0)
39,70,0.0,8,0,8,1.0,-100.0,0.0,MARGIN CALL ($0)
39,71,0.0,8,0,8,1.0,-100.0,0.0,MARGIN CALL ($0)
39,72,0.0,8,0,8,1.0,-100.0,0.0,MARGIN CALL ($0)
39,73,0.0,8,0,8,1.0,-100.0,0.0,MARGIN CALL ($0)
39,74,0.0,8,0,8,1.0,-100.0,0.0,MARGIN CALL ($0)
39,75,0.0,8,0,8,1.0,-100.0,0.0,MARGIN CALL ($0)
39,76,0.0,8,0,8,1.0,-100.0,0.0,MARGIN CALL ($0)
39,77,0.0,8,0,8,1.0,-100.0,0.0,MARGIN CALL ($0)
39,78,0.0,8,0,8,1.0,-100.0,0.0,MARGIN CALL ($0)
39,79,0.0,8,0,8,1.0,-100.0,0.0,MARGIN CALL ($0)
39,80,0.0,8,0,8,1.0,-100.0,0.0,MARGIN CALL ($0)
39,81,0.0,8,0,8,1.0,-100.0,0.0,MARGIN CALL ($0)
39,82,0.0,8,0,8,1.0,-100.0,0.0,MARGIN CALL ($0)
39,83,0.0,8,0,8,1.0,-100.0,0.0,MARGIN CALL ($0)
39,84,0.0,8,0,8,1.0,-100.0,0.0,MARGIN CALL ($0)
39,85,0.0,8,0,8,1.0,-100.0,0.0,MARGIN CALL ($0)
39,86,0.0,8,0,8,1.0,-100.0,0.0,MARGIN CALL ($0)
39,87,0.0,8,0,8,1.0,-100.0,0.0,MARGIN CALL ($0)
39,88,0.0,8,0,8,1.0,-100.0,0.0,MARGIN CALL ($0)
39,89,0.0,8,0,8,1.0,-100.0,0.0,MARGIN CALL ($0)
39,90,0.0,8,0,8,1.0,-100.0,0.0,MARGIN CALL ($0)
39,91,0.0,8,0,8,1.0,-100.0,0.0,MARGIN CALL ($0)
39,92,0.0,8,0,8,1.0,-100.0,0.0,MARGIN CALL ($0)
39,93,0.0,8,0,8,1.0,-100.0,0.0,MARGIN CALL ($0)
39,94,0.0,8,0,8,1.0,-100.0,0.0,MARGIN CALL ($0)
39,95,0.0,8,0,8,1.0,-100.0,0.0,MARGIN CALL ($0)
39,96,0.0,8,0,8,1.0,-100.0,0.0,MARGIN CALL ($0)
39,97,0.0,8,0,8,1.0,-100.0,0.0,MARGIN CALL ($0)
39,98,0.0,8,0,8,1.0,-100.0,0.0,MARGIN CALL ($0)
39,99,0.0,8,0,8,1.0,-100.0,0.0,MARGIN CALL ($0)
39,100,0.0,8,0,8,1.0,-100.0,0.0,MARGIN CALL ($0)
40,1,0.0,8,0,8,1.0,-100.0,0.0,MARGIN CALL ($0)
40,2,0.0,25,3,22,1.0,-100.0,12.0,MARGIN CALL ($0)
40,3,0.0,15,2,13,1.0,-100.0,13.333333333333334,MARGIN CALL ($0)
40,4,0.0,15,2,13,1.0,-100.0,13.333333333333334,MARGIN CALL ($0)
40,5,0.0,17,2,15,1.0,-100.0,11.76470588235294,MARGIN CALL ($0)
40,6,0.0,15,2,13,1.0,-100.0,13.333333333333334,MARGIN CALL ($0)
40,7,0.0,15,2,13,1.0,-100.0,13.333333333333334,MARGIN CALL ($0)
40,8,0.0,17,2,15,1.0,-100.0,11.76470588235294,MARGIN CALL ($0)
40,9,0.0,16,2,14,1.0,-100.0,12.5,MARGIN CALL ($0)
40,10,0.0,13,1,12,1.0,-100.0,7.6923076923076925,MARGIN CALL ($0)
40,11,0.0,13,1,12,1.0,-100.0,7.6923076923076925,MARGIN CALL ($0)
40,12,0.0,13,1,12,1.0,-100.0,7.6923076923076925,MARGIN CALL ($0)
40,13,0.0,7,0,7,1.0,-100.0,0.0,MARGIN CALL ($0)
40,14,0.0,7,0,7,1.0,-100.0,0.0,MARGIN CALL ($0)
40,15,0.0,7,0,7,1.0,-100.0,0.0,MARGIN CALL ($0)
40,16,0.0,6,0,6,1.0,-100.0,0.0,MARGIN CALL ($0)
40,17,0.0,6,0,6,1.0,-100.0,0.0,MARGIN CALL ($0)
40,18,0.0,6,0,6,1.0,-100.0,0.0,MARGIN CALL ($0)
40,19,0.0,6,0,6,1.0,-100.0,0.0,MARGIN CALL ($0)
40,20,0.0,5,0,5,1.0,-100.0,0.0,MARGIN CALL ($0)
40,21,0.0,8,0,8,1.0,-100.0,0.0,MARGIN CALL ($0)
40,22,0.0,8,0,8,1.0,-100.0,0.0,MARGIN CALL ($0)
40,23,0.0,9,0,9,1.0,-100.0,0.0,MARGIN CALL ($0)
40,24,0.0,12,2,10,1.0,-100.0,16.666666666666664,MARGIN CALL ($0)
40,25,0.0,12,2,10,1.0,-100.0,16.666666666666664,MARGIN CALL ($0)
40,26,0.0,8,0,8,1.0,-100.0,0.0,MARGIN CALL ($0)
40,27,0.0,8,0,8,1.0,-100.0,0.0,MARGIN CALL ($0)
40,28,0.0,8,0,8,1.0,-100.0,0.0,MARGIN CALL ($0)
40,29,0.0,10,0,10,1.0,-100.0,0.0,MARGIN CALL ($0)
40,30,0.0,9,0,9,1.0,-100.0,0.0,MARGIN CALL ($0)
40,31,0.0,9,0,9,1.0,-100.0,0.0,MARGIN CALL ($0)
40,32,0.0,10,0,10,1.0,-100.0,0.0,MARGIN CALL ($0)
40,33,0.0,10,0,10,1.0,-100.0,0.0,MARGIN CALL ($0)
40,34,0.0,10,0,10,1.0,-100.0,0.0,MARGIN CALL ($0)
40,35,0.0,7,0,7,1.0,-100.0,0.0,MARGIN CALL ($0)
40,36,0.0,7,0,7,1.0,-100.0,0.0,MARGIN CALL ($0)
40,37,0.0,8,0,8,1.0,-100.0,0.0,MARGIN CALL ($0)
40,38,0.0,8,0,8,1.0,-100.0,0.0,MARGIN CALL ($0)
40,39,0.0,8,0,8,1.0,-100.0,0.0,MARGIN CALL ($0)
40,40,0.0,8,0,8,1.0,-100.0,0.0,MARGIN CALL ($0)
40,41,0.0,8,0,8,1.0,-100.0,0.0,MARGIN CALL ($0)
40,42,0.0,9,0,9,1.0,-100.0,0.0,MARGIN CALL ($0)
40,43,0.0,9,0,9,1.0,-100.0,0.0,MARGIN CALL ($0)
40,44,0.0,9,0,9,1.0,-100.0,0.0,MARGIN CALL ($0)
40,45,0.0,9,0,9,1.0,-100.0,0.0,MARGIN CALL ($0)
40,46,0.0,9,0,9,1.0,-100.0,0.0,MARGIN CALL ($0)
40,47,0.0,8,0,8,1.0,-100.0,0.0,MARGIN CALL ($0)
40,48,0.0,9,0,9,1.0,-100.0,0.0,MARGIN CALL ($0)
40,49,0.0,9,0,9,1.0,-100.0,0.0,MARGIN CALL ($0)
40,50,0.0,9,0,9,1.0,-100.0,0.0,MARGIN CALL ($0)
40,51,0.0,9,0,9,1.0,-100.0,0.0,MARGIN CALL ($0)
40,52,0.0,7,0,7,1.0,-100.0,0.0,MARGIN CALL ($0)
40,53,0.0,7,0,7,1.0,-100.0,0.0,MARGIN CALL ($0)
40,54,0.0,7,0,7,1.0,-100.0,0.0,MARGIN CALL ($0)
40,55,0.0,7,0,7,1.0,-100.0,0.0,MARGIN CALL ($0)
40,56,0.0,7,0,7,1.0,-100.0,0.0,MARGIN CALL ($0)
40,57,0.0,12,3,9,1.0,-100.0,25.0,MARGIN CALL ($0)
40,58,0.0,12,3,9,1.0,-100.0,25.0,MARGIN CALL ($0)
40,59,0.0,13,3,10,1.0,-100.0,23.076923076923077,MARGIN CALL ($0)
40,60,0.0,12,3,9,1.0,-100.0,25.0,MARGIN CALL ($0)
40,61,0.0,12,3,9,1.0,-100.0,25.0,MARGIN CALL ($0)
40,62,0.0,9,0,9,1.0,-100.0,0.0,MARGIN CALL ($0)
40,63,0.0,9,0,9,1.0,-100.0,0.0,MARGIN CALL ($0)
40,64,0.0,9,0,9,1.0,-100.0,0.0,MARGIN CALL ($0)
40,65,0.0,9,0,9,1.0,-100.0,0.0,MARGIN CALL ($0)
40,66,0.0,9,0,9,1.0,-100.0,0.0,MARGIN CALL ($0)
40,67,0.0,8,0,8,1.0,-100.0,0.0,MARGIN CALL ($0)
40,68,0.0,8,0,8,1.0,-100.0,0.0,MARGIN CALL ($0)
40,69,0.0,8,0,8,1.0,-100.0,0.0,MARGIN CALL ($0)
40,70,0.0,8,0,8,1.0,-100.0,0.0,MARGIN CALL ($0)
40,71,0.0,8,0,8,1.0,-100.0,0.0,MARGIN CALL ($0)
40,72,0.0,8,0,8,1.0,-100.0,0.0,MARGIN CALL ($0)
40,73,0.0,8,0,8,1.0,-100.0,0.0,MARGIN CALL ($0)
40,74,0.0,8,0,8,1.0,-100.0,0.0,MARGIN CALL ($0)
40,75,0.0,8,0,8,1.0,-100.0,0.0,MARGIN CALL ($0)
40,76,0.0,8,0,8,1.0,-100.0,0.0,MARGIN CALL ($0)
40,77,0.0,8,0,8,1.0,-100.0,0.0,MARGIN CALL ($0)
40,78,0.0,8,0,8,1.0,-100.0,0.0,MARGIN CALL ($0)
40,79,0.0,8,0,8,1.0,-100.0,0.0,MARGIN CALL ($0)
40,80,0.0,8,0,8,1.0,-100.0,0.0,MARGIN CALL ($0)
40,81,0.0,8,0,8,1.0,-100.0,0.0,MARGIN CALL ($0)
40,82,0.0,8,0,8,1.0,-100.0,0.0,MARGIN CALL ($0)
40,83,0.0,8,0,8,1.0,-100.0,0.0,MARGIN CALL ($0)
40,84,0.0,8,0,8,1.0,-100.0,0.0,MARGIN CALL ($0)
40,85,0.0,8,0,8,1.0,-100.0,0.0,MARGIN CALL ($0)
40,86,0.0,8,0,8,1.0,-100.0,0.0,MARGIN CALL ($0)
40,87,0.0,8,0,8,1.0,-100.0,0.0,MARGIN CALL ($0)
40,88,0.0,8,0,8,1.0,-100.0,0.0,MARGIN CALL ($0)
40,89,0.0,8,0,8,1.0,-100.0,0.0,MARGIN CALL ($0)
40,90,0.0,8,0,8,1.0,-100.0,0.0,MARGIN CALL ($0)
40,91,0.0,8,0,8,1.0,-100.0,0.0,MARGIN CALL ($0)
40,92,0.0,8,0,8,1.0,-100.0,0.0,MARGIN CALL ($0)
40,93,0.0,8,0,8,1.0,-100.0,0.0,MARGIN CALL ($0)
40,94,0.0,8,0,8,1.0,-100.0,0.0,MARGIN CALL ($0)
40,95,0.0,8,0,8,1.0,-100.0,0.0,MARGIN CALL ($0)
40,96,0.0,8,0,8,1.0,-100.0,0.0,MARGIN CALL ($0)
40,97,0.0,8,0,8,1.0,-100.0,0.0,MARGIN CALL ($0)
40,98,0.0,8,0,8,1.0,-100.0,0.0,MARGIN CALL ($0)
40,99,0.0,8,0,8,1.0,-100.0,0.0,MARGIN CALL ($0)
40,100,0.0,8,0,8,1.0,-100.0,0.0,MARGIN CALL ($0)
41,1,0.0,8,0,8,1.0,-100.0,0.0,MARGIN CALL ($0)
41,2,0.0,25,3,22,1.0,-100.0,12.0,MARGIN CALL ($0)
41,3,0.0,15,2,13,1.0,-100.0,13.333333333333334,MARGIN CALL ($0)
41,4,0.0,15,2,13,1.0,-100.0,13.333333333333334,MARGIN CALL ($0)
41,5,0.0,17,2,15,1.0,-100.0,11.76470588235294,MARGIN CALL ($0)
41,6,0.0,15,2,13,1.0,-100.0,13.333333333333334,MARGIN CALL ($0)
41,7,0.0,15,2,13,1.0,-100.0,13.333333333333334,MARGIN CALL ($0)
41,8,0.0,17,2,15,1.0,-100.0,11.76470588235294,MARGIN CALL ($0)
41,9,0.0,16,2,14,1.0,-100.0,12.5,MARGIN CALL ($0)
41,10,0.0,13,1,12,1.0,-100.0,7.6923076923076925,MARGIN CALL ($0)
41,11,0.0,13,1,12,1.0,-100.0,7.6923076923076925,MARGIN CALL ($0)
41,12,0.0,13,1,12,1.0,-100.0,7.6923076923076925,MARGIN CALL ($0)
41,13,0.0,7,0,7,1.0,-100.0,0.0,MARGIN CALL ($0)
41,14,0.0,7,0,7,1.0,-100.0,0.0,MARGIN CALL ($0)
41,15,0.0,7,0,7,1.0,-100.0,0.0,MARGIN CALL ($0)
41,16,0.0,6,0,6,1.0,-100.0,0.0,MARGIN CALL ($0)
41,17,0.0,6,0,6,1.0,-100.0,0.0,MARGIN CALL ($0)
41,18,0.0,6,0,6,1.0,-100.0,0.0,MARGIN CALL ($0)
41,19,0.0,6,0,6,1.0,-100.0,0.0,MARGIN CALL ($0)
41,20,0.0,5,0,5,1.0,-100.0,0.0,MARGIN CALL ($0)
41,21,0.0,8,0,8,1.0,-100.0,0.0,MARGIN CALL ($0)
41,22,0.0,8,0,8,1.0,-100.0,0.0,MARGIN CALL ($0)
41,23,0.0,9,0,9,1.0,-100.0,0.0,MARGIN CALL ($0)
41,24,0.0,12,2,10,1.0,-100.0,16.666666666666664,MARGIN CALL ($0)
41,25,0.0,12,2,10,1.0,-100.0,16.666666666666664,MARGIN CALL ($0)
41,26,0.0,8,0,8,1.0,-100.0,0.0,MARGIN CALL ($0)
41,27,0.0,8,0,8,1.0,-100.0,0.0,MARGIN CALL ($0)
41,28,0.0,8,0,8,1.0,-100.0,0.0,MARGIN CALL ($0)
41,29,0.0,8,0,8,1.0,-100.0,0.0,MARGIN CALL ($0)
41,30,0.0,9,0,9,1.0,-100.0,0.0,MARGIN CALL ($0)
41,31,0.0,9,0,9,1.0,-100.0,0.0,MARGIN CALL ($0)
41,32,0.0,8,0,8,1.0,-100.0,0.0,MARGIN CALL ($0)
41,33,0.0,9,0,9,1.0,-100.0,0.0,MARGIN CALL ($0)
41,34,0.0,9,0,9,1.0,-100.0,0.0,MARGIN CALL ($0)
41,35,0.0,8,0,8,1.0,-100.0,0.0,MARGIN CALL ($0)
41,36,0.0,8,0,8,1.0,-100.0,0.0,MARGIN CALL ($0)
41,37,0.0,8,0,8,1.0,-100.0,0.0,MARGIN CALL ($0)
41,38,0.0,8,0,8,1.0,-100.0,0.0,MARGIN CALL ($0)
41,39,0.0,8,0,8,1.0,-100.0,0.0,MARGIN CALL ($0)
41,40,0.0,8,0,8,1.0,-100.0,0.0,MARGIN CALL ($0)
41,41,0.0,8,0,8,1.0,-100.0,0.0,MARGIN CALL ($0)
41,42,0.0,9,0,9,1.0,-100.0,0.0,MARGIN CALL ($0)
41,43,0.0,9,0,9,1.0,-100.0,0.0,MARGIN CALL ($0)
41,44,0.0,9,0,9,1.0,-100.0,0.0,MARGIN CALL ($0)
41,45,0.0,9,0,9,1.0,-100.0,0.0,MARGIN CALL ($0)
41,46,0.0,9,0,9,1.0,-100.0,0.0,MARGIN CALL ($0)
41,47,0.0,8,0,8,1.0,-100.0,0.0,MARGIN CALL ($0)
41,48,0.0,9,0,9,1.0,-100.0,0.0,MARGIN CALL ($0)
41,49,0.0,9,0,9,1.0,-100.0,0.0,MARGIN CALL ($0)
41,50,0.0,9,0,9,1.0,-100.0,0.0,MARGIN CALL ($0)
41,51,0.0,9,0,9,1.0,-100.0,0.0,MARGIN CALL ($0)
41,52,0.0,7,0,7,1.0,-100.0,0.0,MARGIN CALL ($0)
41,53,0.0,7,0,7,1.0,-100.0,0.0,MARGIN CALL ($0)
41,54,0.0,7,0,7,1.0,-100.0,0.0,MARGIN CALL ($0)
41,55,0.0,7,0,7,1.0,-100.0,0.0,MARGIN CALL ($0)
41,56,0.0,7,0,7,1.0,-100.0,0.0,MARGIN CALL ($0)
41,57,0.0,12,3,9,1.0,-100.0,25.0,MARGIN CALL ($0)
41,58,0.0,12,3,9,1.0,-100.0,25.0,MARGIN CALL ($0)
41,59,0.0,13,3,10,1.0,-100.0,23.076923076923077,MARGIN CALL ($0)
41,60,0.0,13,3,10,1.0,-100.0,23.076923076923077,MARGIN CALL ($0)
41,61,0.0,13,3,10,1.0,-100.0,23.076923076923077,MARGIN CALL ($0)
41,62,0.0,8,0,8,1.0,-100.0,0.0,MARGIN CALL ($0)
41,63,0.0,8,0,8,1.0,-100.0,0.0,MARGIN CALL ($0)
41,64,0.0,8,0,8,1.0,-100.0,0.0,MARGIN CALL ($0)
41,65,0.0,8,0,8,1.0,-100.0,0.0,MARGIN CALL ($0)
41,66,0.0,8,0,8,1.0,-100.0,0.0,MARGIN CALL ($0)
41,67,0.0,7,0,7,1.0,-100.0,0.0,MARGIN CALL ($0)
41,68,0.0,7,0,7,1.0,-100.0,0.0,MARGIN CALL ($0)
41,69,0.0,7,0,7,1.0,-100.0,0.0,MARGIN CALL ($0)
41,70,0.0,7,0,7,1.0,-100.0,0.0,MARGIN CALL ($0)
41,71,0.0,7,0,7,1.0,-100.0,0.0,MARGIN CALL ($0)
41,72,0.0,7,0,7,1.0,-100.0,0.0,MARGIN CALL ($0)
41,73,0.0,7,0,7,1.0,-100.0,0.0,MARGIN CALL ($0)
41,74,0.0,7,0,7,1.0,-100.0,0.0,MARGIN CALL ($0)
41,75,0.0,7,0,7,1.0,-100.0,0.0,MARGIN CALL ($0)
41,76,0.0,7,0,7,1.0,-100.0,0.0,MARGIN CALL ($0)
41,77,0.0,7,0,7,1.0,-100.0,0.0,MARGIN CALL ($0)
41,78,0.0,7,0,7,1.0,-100.0,0.0,MARGIN CALL ($0)
41,79,0.0,7,0,7,1.0,-100.0,0.0,MARGIN CALL ($0)
41,80,0.0,7,0,7,1.0,-100.0,0.0,MARGIN CALL ($0)
41,81,0.0,7,0,7,1.0,-100.0,0.0,MARGIN CALL ($0)
41,82,0.0,7,0,7,1.0,-100.0,0.0,MARGIN CALL ($0)
41,83,0.0,7,0,7,1.0,-100.0,0.0,MARGIN CALL ($0)
41,84,0.0,7,0,7,1.0,-100.0,0.0,MARGIN CALL ($0)
41,85,0.0,7,0,7,1.0,-100.0,0.0,MARGIN CALL ($0)
41,86,0.0,7,0,7,1.0,-100.0,0.0,MARGIN CALL ($0)
41,87,0.0,7,0,7,1.0,-100.0,0.0,MARGIN CALL ($0)
41,88,0.0,8,0,8,1.0,-100.0,0.0,MARGIN CALL ($0)
41,89,0.0,8,0,8,1.0,-100.0,0.0,MARGIN CALL ($0)
41,90,0.0,8,0,8,1.0,-100.0,0.0,MARGIN CALL ($0)
41,91,0.0,8,0,8,1.0,-100.0,0.0,MARGIN CALL ($0)
41,92,0.0,8,0,8,1.0,-100.0,0.0,MARGIN CALL ($0)
41,93,0.0,8,0,8,1.0,-100.0,0.0,MARGIN CALL ($0)
41,94,0.0,8,0,8,1.0,-100.0,0.0,MARGIN CALL ($0)
41,95,0.0,8,0,8,1.0,-100.0,0.0,MARGIN CALL ($0)
41,96,0.0,8,0,8,1.0,-100.0,0.0,MARGIN CALL ($0)
41,97,0.0,7,0,7,1.0,-100.0,0.0,MARGIN CALL ($0)
41,98,0.0,7,0,7,1.0,-100.0,0.0,MARGIN CALL ($0)
41,99,0.0,7,0,7,1.0,-100.0,0.0,MARGIN CALL ($0)
41,100,0.0,7,0,7,1.0,-100.0,0.0,MARGIN CALL ($0)
42,1,0.0,8,0,8,1.0,-100.0,0.0,MARGIN CALL ($0)
42,2,0.0,25,3,22,1.0,-100.0,12.0,MARGIN CALL ($0)
42,3,0.0,15,2,13,1.0,-100.0,13.333333333333334,MARGIN CALL ($0)
42,4,0.0,15,2,13,1.0,-100.0,13.333333333333334,MARGIN CALL ($0)
42,5,0.0,17,2,15,1.0,-100.0,11.76470588235294,MARGIN CALL ($0)
42,6,0.0,15,2,13,1.0,-100.0,13.333333333333334,MARGIN CALL ($0)
42,7,0.0,15,2,13,1.0,-100.0,13.333333333333334,MARGIN CALL ($0)
42,8,0.0,17,2,15,1.0,-100.0,11.76470588235294,MARGIN CALL ($0)
42,9,0.0,16,2,14,1.0,-100.0,12.5,MARGIN CALL ($0)
42,10,0.0,13,1,12,1.0,-100.0,7.6923076923076925,MARGIN CALL ($0)
42,11,0.0,13,1,12,1.0,-100.0,7.6923076923076925,MARGIN CALL ($0)
42,13,0.0,7,0,7,1.0,-100.0,0.0,MARGIN CALL ($0)
42,14,0.0,7,0,7,1.0,-100.0,0.0,MARGIN CALL ($0)
42,17,0.0,6,0,6,1.0,-100.0,0.0,MARGIN CALL ($0)
42,18,0.0,6,0,6,1.0,-100.0,0.0,MARGIN CALL ($0)
42,19,0.0,6,0,6,1.0,-100.0,0.0,MARGIN CALL ($0)
42,20,0.0,5,0,5,1.0,-100.0,0.0,MARGIN CALL ($0)
42,21,0.0,8,0,8,1.0,-100.0,0.0,MARGIN CALL ($0)
42,22,0.0,8,0,8,1.0,-100.0,0.0,MARGIN CALL ($0)
42,23,0.0,9,0,9,1.0,-100.0,0.0,MARGIN CALL ($0)
42,24,0.0,12,2,10,1.0,-100.0,16.666666666666664,MARGIN CALL ($0)
42,25,0.0,12,2,10,1.0,-100.0,16.666666666666664,MARGIN CALL ($0)
42,26,0.0,8,0,8,1.0,-100.0,0.0,MARGIN CALL ($0)
42,27,0.0,8,0,8,1.0,-100.0,0.0,MARGIN CALL ($0)
42,28,0.0,8,0,8,1.0,-100.0,0.0,MARGIN CALL ($0)
42,29,0.0,8,0,8,1.0,-100.0,0.0,MARGIN CALL ($0)
42,30,0.0,9,0,9,1.0,-100.0,0.0,MARGIN CALL ($0)
42,31,0.0,9,0,9,1.0,-100.0,0.0,MARGIN CALL ($0)
42,32,0.0,8,0,8,1.0,-100.0,0.0,MARGIN CALL ($0)
42,33,0.0,9,0,9,1.0,-100.0,0.0,MARGIN CALL ($0)
42,34,0.0,9,0,9,1.0,-100.0,0.0,MARGIN CALL ($0)
42,35,0.0,8,0,8,1.0,-100.0,0.0,MARGIN CALL ($0)
42,36,0.0,8,0,8,1.0,-100.0,0.0,MARGIN CALL ($0)
42,37,0.0,8,0,8,1.0,-100.0,0.0,MARGIN CALL ($0)
42,38,0.0,8,0,8,1.0,-100.0,0.0,MARGIN CALL ($0)
42,39,0.0,8,0,8,1.0,-100.0,0.0,MARGIN CALL ($0)
42,40,0.0,8,0,8,1.0,-100.0,0.0,MARGIN CALL ($0)
42,41,0.0,9,0,9,1.0,-100.0,0.0,MARGIN CALL ($0)
42,42,0.0,9,0,9,1.0,-100.0,0.0,MARGIN CALL ($0)
42,43,0.0,9,0,9,1.0,-100.0,0.0,MARGIN CALL ($0)
42,44,0.0,9,0,9,1.0,-100.0,0.0,MARGIN CALL ($0)
42,45,0.0,9,0,9,1.0,-100.0,0.0,MARGIN CALL ($0)
42,46,0.0,9,0,9,1.0,-100.0,0.0,MARGIN CALL ($0)
42,47,0.0,8,0,8,1.0,-100.0,0.0,MARGIN CALL ($0)
42,48,0.0,9,0,9,1.0,-100.0,0.0,MARGIN CALL ($0)
42,49,0.0,9,0,9,1.0,-100.0,0.0,MARGIN CALL ($0)
42,50,0.0,10,0,10,1.0,-100.0,0.0,MARGIN CALL ($0)
42,51,0.0,10,0,10,1.0,-100.0,0.0,MARGIN CALL ($0)
42,52,0.0,7,0,7,1.0,-100.0,0.0,MARGIN CALL ($0)
42,53,0.0,7,0,7,1.0,-100.0,0.0,MARGIN CALL ($0)
42,54,0.0,7,0,7,1.0,-100.0,0.0,MARGIN CALL ($0)
42,55,0.0,7,0,7,1.0,-100.0,0.0,MARGIN CALL ($0)
42,56,0.0,7,0,7,1.0,-100.0,0.0,MARGIN CALL ($0)
42,57,0.0,13,3,10,1.0,-100.0,23.076923076923077,MARGIN CALL ($0)
42,58,0.0,13,3,10,1.0,-100.0,23.076923076923077,MARGIN CALL ($0)
42,59,0.0,14,3,11,1.0,-100.0,21.428571428571427,MARGIN CALL ($0)
42,60,0.0,13,3,10,1.0,-100.0,23.076923076923077,MARGIN CALL ($0)
42,61,0.0,13,3,10,1.0,-100.0,23.076923076923077,MARGIN CALL ($0)
42,62,0.0,9,0,9,1.0,-100.0,0.0,MARGIN CALL ($0)
42,63,0.0,9,0,9,1.0,-100.0,0.0,MARGIN CALL ($0)
42,64,0.0,9,0,9,1.0,-100.0,0.0,MARGIN CALL ($0)
42,65,0.0,9,0,9,1.0,-100.0,0.0,MARGIN CALL ($0)
42,66,0.0,9,0,9,1.0,-100.0,0.0,MARGIN CALL ($0)
42,67,0.0,7,0,7,1.0,-100.0,0.0,MARGIN CALL ($0)
42,68,0.0,7,0,7,1.0,-100.0,0.0,MARGIN CALL ($0)
42,69,0.0,7,0,7,1.0,-100.0,0.0,MARGIN CALL ($0)
42,70,0.0,7,0,7,1.0,-100.0,0.0,MARGIN CALL ($0)
42,71,0.0,7,0,7,1.0,-100.0,0.0,MARGIN CALL ($0)
42,72,0.0,7,0,7,1.0,-100.0,0.0,MARGIN CALL ($0)
42,73,0.0,7,0,7,1.0,-100.0,0.0,MARGIN CALL ($0)
42,74,0.0,7,0,7,1.0,-100.0,0.0,MARGIN CALL ($0)
42,75,0.0,7,0,7,1.0,-100.0,0.0,MARGIN CALL ($0)
42,76,0.0,7,0,7,1.0,-100.0,0.0,MARGIN CALL ($0)
42,77,0.0,7,0,7,1.0,-100.0,0.0,MARGIN CALL ($0)
42,78,0.0,7,0,7,1.0,-100.0,0.0,MARGIN CALL ($0)
42,79,0.0,7,0,7,1.0,-100.0,0.0,MARGIN CALL ($0)
42,80,0.0,7,0,7,1.0,-100.0,0.0,MARGIN CALL ($0)
42,81,0.0,7,0,7,1.0,-100.0,0.0,MARGIN CALL ($0)
42,82,0.0,7,0,7,1.0,-100.0,0.0,MARGIN CALL ($0)
42,83,0.0,7,0,7,1.0,-100.0,0.0,MARGIN CALL ($0)
42,84,0.0,7,0,7,1.0,-100.0,0.0,MARGIN CALL ($0)
42,85,0.0,7,0,7,1.0,-100.0,0.0,MARGIN CALL ($0)
42,86,0.0,7,0,7,1.0,-100.0,0.0,MARGIN CALL ($0)
42,87,0.0,7,0,7,1.0,-100.0,0.0,MARGIN CALL ($0)
42,88,0.0,8,0,8,1.0,-100.0,0.0,MARGIN CALL ($0)
42,89,0.0,8,0,8,1.0,-100.0,0.0,MARGIN CALL ($0)
42,90,0.0,8,0,8,1.0,-100.0,0.0,MARGIN CALL ($0)
42,91,0.0,8,0,8,1.0,-100.0,0.0,MARGIN CALL ($0)
42,92,0.0,8,0,8,1.0,-100.0,0.0,MARGIN CALL ($0)
42,93,0.0,8,0,8,1.0,-100.0,0.0,MARGIN CALL ($0)
42,94,0.0,8,0,8,1.0,-100.0,0.0,MARGIN CALL ($0)
42,95,0.0,8,0,8,1.0,-100.0,0.0,MARGIN CALL ($0)
42,96,0.0,8,0,8,1.0,-100.0,0.0,MARGIN CALL ($0)
42,97,0.0,7,0,7,1.0,-100.0,0.0,MARGIN CALL ($0)
42,98,0.0,7,0,7,1.0,-100.0,0.0,MARGIN CALL ($0)
42,99,0.0,7,0,7,1.0,-100.0,0.0,MARGIN CALL ($0)
42,100,0.0,7,0,7,1.0,-100.0,0.0,MARGIN CALL ($0)
43,1,0.0,8,0,8,1.0,-100.0,0.0,MARGIN CALL ($0)
43,2,0.0,25,3,22,1.0,-100.0,12.0,MARGIN CALL ($0)
43,3,0.0,15,2,13,1.0,-100.0,13.333333333333334,MARGIN CALL ($0)
43,4,0.0,15,2,13,1.0,-100.0,13.333333333333334,MARGIN CALL ($0)
43,5,0.0,17,2,15,1.0,-100.0,11.76470588235294,MARGIN CALL ($0)
43,6,0.0,15,2,13,1.0,-100.0,13.333333333333334,MARGIN CALL ($0)
43,7,0.0,15,2,13,1.0,-100.0,13.333333333333334,MARGIN CALL ($0)
43,8,0.0,17,2,15,1.0,-100.0,11.76470588235294,MARGIN CALL ($0)
43,9,0.0,16,2,14,1.0,-100.0,12.5,MARGIN CALL ($0)
43,10,0.0,13,1,12,1.0,-100.0,7.6923076923076925,MARGIN CALL ($0)
43,11,0.0,13,1,12,1.0,-100.0,7.6923076923076925,MARGIN CALL ($0)
43,13,0.0,7,0,7,1.0,-100.0,0.0,MARGIN CALL ($0)
43,14,0.0,7,0,7,1.0,-100.0,0.0,MARGIN CALL ($0)
43,17,0.0,6,0,6,1.0,-100.0,0.0,MARGIN CALL ($0)
43,18,0.0,6,0,6,1.0,-100.0,0.0,MARGIN CALL ($0)
43,19,0.0,6,0,6,1.0,-100.0,0.0,MARGIN CALL ($0)
43,20,0.0,5,0,5,1.0,-100.0,0.0,MARGIN CALL ($0)
43,21,0.0,8,0,8,1.0,-100.0,0.0,MARGIN CALL ($0)
43,22,0.0,8,0,8,1.0,-100.0,0.0,MARGIN CALL ($0)
43,23,0.0,9,0,9,1.0,-100.0,0.0,MARGIN CALL ($0)
43,24,0.0,12,2,10,1.0,-100.0,16.666666666666664,MARGIN CALL ($0)
43,25,0.0,12,2,10,1.0,-100.0,16.666666666666664,MARGIN CALL ($0)
43,26,0.0,8,0,8,1.0,-100.0,0.0,MARGIN CALL ($0)
43,27,0.0,8,0,8,1.0,-100.0,0.0,MARGIN CALL ($0)
43,28,0.0,8,0,8,1.0,-100.0,0.0,MARGIN CALL ($0)
43,29,0.0,8,0,8,1.0,-100.0,0.0,MARGIN CALL ($0)
43,30,0.0,9,0,9,1.0,-100.0,0.0,MARGIN CALL ($0)
43,31,0.0,9,0,9,1.0,-100.0,0.0,MARGIN CALL ($0)
43,32,0.0,8,0,8,1.0,-100.0,0.0,MARGIN CALL ($0)
43,33,0.0,9,0,9,1.0,-100.0,0.0,MARGIN CALL ($0)
43,34,0.0,9,0,9,1.0,-100.0,0.0,MARGIN CALL ($0)
43,35,0.0,8,0,8,1.0,-100.0,0.0,MARGIN CALL ($0)
43,36,0.0,8,0,8,1.0,-100.0,0.0,MARGIN CALL ($0)
43,37,0.0,8,0,8,1.0,-100.0,0.0,MARGIN CALL ($0)
43,38,0.0,8,0,8,1.0,-100.0,0.0,MARGIN CALL ($0)
43,39,0.0,8,0,8,1.0,-100.0,0.0,MARGIN CALL ($0)
43,40,0.0,8,0,8,1.0,-100.0,0.0,MARGIN CALL ($0)
43,41,0.0,9,0,9,1.0,-100.0,0.0,MARGIN CALL ($0)
43,42,0.0,9,0,9,1.0,-100.0,0.0,MARGIN CALL ($0)
43,43,0.0,9,0,9,1.0,-100.0,0.0,MARGIN CALL ($0)
43,44,0.0,9,0,9,1.0,-100.0,0.0,MARGIN CALL ($0)
43,45,0.0,9,0,9,1.0,-100.0,0.0,MARGIN CALL ($0)
43,46,0.0,9,0,9,1.0,-100.0,0.0,MARGIN CALL ($0)
43,47,0.0,8,0,8,1.0,-100.0,0.0,MARGIN CALL ($0)
43,48,0.0,9,0,9,1.0,-100.0,0.0,MARGIN CALL ($0)
43,49,0.0,9,0,9,1.0,-100.0,0.0,MARGIN CALL ($0)
43,50,0.0,10,0,10,1.0,-100.0,0.0,MARGIN CALL ($0)
43,51,0.0,10,0,10,1.0,-100.0,0.0,MARGIN CALL ($0)
43,52,0.0,7,0,7,1.0,-100.0,0.0,MARGIN CALL ($0)
43,53,0.0,7,0,7,1.0,-100.0,0.0,MARGIN CALL ($0)
43,54,0.0,7,0,7,1.0,-100.0,0.0,MARGIN CALL ($0)
43,55,0.0,7,0,7,1.0,-100.0,0.0,MARGIN CALL ($0)
43,56,0.0,7,0,7,1.0,-100.0,0.0,MARGIN CALL ($0)
43,57,0.0,13,3,10,1.0,-100.0,23.076923076923077,MARGIN CALL ($0)
43,58,0.0,13,3,10,1.0,-100.0,23.076923076923077,MARGIN CALL ($0)
43,59,0.0,14,3,11,1.0,-100.0,21.428571428571427,MARGIN CALL ($0)
43,60,0.0,13,3,10,1.0,-100.0,23.076923076923077,MARGIN CALL ($0)
43,61,0.0,13,3,10,1.0,-100.0,23.076923076923077,MARGIN CALL ($0)
43,62,0.0,9,0,9,1.0,-100.0,0.0,MARGIN CALL ($0)
43,63,0.0,9,0,9,1.0,-100.0,0.0,MARGIN CALL ($0)
43,64,0.0,9,0,9,1.0,-100.0,0.0,MARGIN CALL ($0)
43,65,0.0,9,0,9,1.0,-100.0,0.0,MARGIN CALL ($0)
43,66,0.0,9,0,9,1.0,-100.0,0.0,MARGIN CALL ($0)
43,67,0.0,7,0,7,1.0,-100.0,0.0,MARGIN CALL ($0)
43,68,0.0,7,0,7,1.0,-100.0,0.0,MARGIN CALL ($0)
43,69,0.0,7,0,7,1.0,-100.0,0.0,MARGIN CALL ($0)
43,70,0.0,7,0,7,1.0,-100.0,0.0,MARGIN CALL ($0)
43,71,0.0,7,0,7,1.0,-100.0,0.0,MARGIN CALL ($0)
43,72,0.0,7,0,7,1.0,-100.0,0.0,MARGIN CALL ($0)
43,73,0.0,7,0,7,1.0,-100.0,0.0,MARGIN CALL ($0)
43,74,0.0,7,0,7,1.0,-100.0,0.0,MARGIN CALL ($0)
43,75,0.0,7,0,7,1.0,-100.0,0.0,MARGIN CALL ($0)
43,76,0.0,7,0,7,1.0,-100.0,0.0,MARGIN CALL ($0)
43,77,0.0,7,0,7,1.0,-100.0,0.0,MARGIN CALL ($0)
43,78,0.0,7,0,7,1.0,-100.0,0.0,MARGIN CALL ($0)
43,79,0.0,7,0,7,1.0,-100.0,0.0,MARGIN CALL ($0)
43,80,0.0,7,0,7,1.0,-100.0,0.0,MARGIN CALL ($0)
43,81,0.0,7,0,7,1.0,-100.0,0.0,MARGIN CALL ($0)
43,82,0.0,7,0,7,1.0,-100.0,0.0,MARGIN CALL ($0)
43,83,0.0,7,0,7,1.0,-100.0,0.0,MARGIN CALL ($0)
43,84,0.0,7,0,7,1.0,-100.0,0.0,MARGIN CALL ($0)
43,85,0.0,7,0,7,1.0,-100.0,0.0,MARGIN CALL ($0)
43,86,0.0,7,0,7,1.0,-100.0,0.0,MARGIN CALL ($0)
43,87,0.0,7,0,7,1.0,-100.0,0.0,MARGIN CALL ($0)
43,88,0.0,8,0,8,1.0,-100.0,0.0,MARGIN CALL ($0)
43,89,0.0,8,0,8,1.0,-100.0,0.0,MARGIN CALL ($0)
43,90,0.0,8,0,8,1.0,-100.0,0.0,MARGIN CALL ($0)
43,91,0.0,8,0,8,1.0,-100.0,0.0,MARGIN CALL ($0)
43,92,0.0,8,0,8,1.0,-100.0,0.0,MARGIN CALL ($0)
43,93,0.0,8,0,8,1.0,-100.0,0.0,MARGIN CALL ($0)
43,94,0.0,8,0,8,1.0,-100.0,0.0,MARGIN CALL ($0)
43,95,0.0,8,0,8,1.0,-100.0,0.0,MARGIN CALL ($0)
43,96,0.0,8,0,8,1.0,-100.0,0.0,MARGIN CALL ($0)
43,97,0.0,7,0,7,1.0,-100.0,0.0,MARGIN CALL ($0)
43,98,0.0,7,0,7,1.0,-100.0,0.0,MARGIN CALL ($0)
43,99,0.0,7,0,7,1.0,-100.0,0.0,MARGIN CALL ($0)
43,100,0.0,7,0,7,1.0,-100.0,0.0,MARGIN CALL ($0)
44,1,0.0,8,0,8,1.0,-100.0,0.0,MARGIN CALL ($0)
44,2,0.0,25,3,22,1.0,-100.0,12.0,MARGIN CALL ($0)
44,3,0.0,21,3,18,1.0,-100.0,14.285714285714285,MARGIN CALL ($0)
44,4,0.0,21,3,18,1.0,-100.0,14.285714285714285,MARGIN CALL ($0)
44,5,0.0,22,3,19,1.0,-100.0,13.636363636363635,MARGIN CALL ($0)
44,6,0.0,19,3,16,1.0,-100.0,15.789473684210526,MARGIN CALL ($0)
44,7,0.0,19,3,16,1.0,-100.0,15.789473684210526,MARGIN CALL ($0)
44,8,0.0,22,3,19,1.0,-100.0,13.636363636363635,MARGIN CALL ($0)
44,9,0.0,28,4,24,1.0,-100.0,14.285714285714285,MARGIN CALL ($0)
44,10,0.0,25,3,22,1.0,-100.0,12.0,MARGIN CALL ($0)
44,11,0.0,20,2,18,1.0,-100.0,10.0,MARGIN CALL ($0)
44,13,0.0,7,0,7,1.0,-100.0,0.0,MARGIN CALL ($0)
44,14,0.0,7,0,7,1.0,-100.0,0.0,MARGIN CALL ($0)
44,17,0.0,6,0,6,1.0,-100.0,0.0,MARGIN CALL ($0)
44,18,0.0,6,0,6,1.0,-100.0,0.0,MARGIN CALL ($0)
44,19,0.0,6,0,6,1.0,-100.0,0.0,MARGIN CALL ($0)
44,20,0.0,5,0,5,1.0,-100.0,0.0,MARGIN CALL ($0)
44,21,0.0,8,0,8,1.0,-100.0,0.0,MARGIN CALL ($0)
44,22,0.0,8,0,8,1.0,-100.0,0.0,MARGIN CALL ($0)
44,23,0.0,9,0,9,1.0,-100.0,0.0,MARGIN CALL ($0)
44,24,0.0,12,2,10,1.0,-100.0,16.666666666666664,MARGIN CALL ($0)
44,25,0.0,12,2,10,1.0,-100.0,16.666666666666664,MARGIN CALL ($0)
44,26,0.0,8,0,8,1.0,-100.0,0.0,MARGIN CALL ($0)
44,27,0.0,8,0,8,1.0,-100.0,0.0,MARGIN CALL ($0)
44,28,0.0,8,0,8,1.0,-100.0,0.0,MARGIN CALL ($0)
44,29,0.0,8,0,8,1.0,-100.0,0.0,MARGIN CALL ($0)
44,30,0.0,9,0,9,1.0,-100.0,0.0,MARGIN CALL ($0)
44,31,0.0,9,0,9,1.0,-100.0,0.0,MARGIN CALL ($0)
44,32,0.0,8,0,8,1.0,-100.0,0.0,MARGIN CALL ($0)
44,33,0.0,9,0,9,1.0,-100.0,0.0,MARGIN CALL ($0)
44,34,0.0,9,0,9,1.0,-100.0,0.0,MARGIN CALL ($0)
44,35,0.0,8,0,8,1.0,-100.0,0.0,MARGIN CALL ($0)
44,36,0.0,8,0,8,1.0,-100.0,0.0,MARGIN CALL ($0)
44,37,0.0,8,0,8,1.0,-100.0,0.0,MARGIN CALL ($0)
44,38,0.0,8,0,8,1.0,-100.0,0.0,MARGIN CALL ($0)
44,39,0.0,8,0,8,1.0,-100.0,0.0,MARGIN CALL ($0)
44,40,0.0,8,0,8,1.0,-100.0,0.0,MARGIN CALL ($0)
44,41,0.0,9,0,9,1.0,-100.0,0.0,MARGIN CALL ($0)
44,42,0.0,9,0,9,1.0,-100.0,0.0,MARGIN CALL ($0)
44,43,0.0,9,0,9,1.0,-100.0,0.0,MARGIN CALL ($0)
44,44,0.0,8,0,8,1.0,-100.0,0.0,MARGIN CALL ($0)
44,45,0.0,8,0,8,1.0,-100.0,0.0,MARGIN CALL ($0)
44,46,0.0,8,0,8,1.0,-100.0,0.0,MARGIN CALL ($0)
44,47,0.0,8,0,8,1.0,-100.0,0.0,MARGIN CALL ($0)
44,48,0.0,9,0,9,1.0,-100.0,0.0,MARGIN CALL ($0)
44,49,0.0,9,0,9,1.0,-100.0,0.0,MARGIN CALL ($0)
44,50,0.0,10,0,10,1.0,-100.0,0.0,MARGIN CALL ($0)
44,51,0.0,10,0,10,1.0,-100.0,0.0,MARGIN CALL ($0)
44,52,0.0,7,0,7,1.0,-100.0,0.0,MARGIN CALL ($0)
44,53,0.0,7,0,7,1.0,-100.0,0.0,MARGIN CALL ($0)
44,54,0.0,7,0,7,1.0,-100.0,0.0,MARGIN CALL ($0)
44,55,0.0,7,0,7,1.0,-100.0,0.0,MARGIN CALL ($0)
44,56,0.0,7,0,7,1.0,-100.0,0.0,MARGIN CALL ($0)
44,57,0.0,13,3,10,1.0,-100.0,23.076923076923077,MARGIN CALL ($0)
44,58,0.0,12,3,9,1.0,-100.0,25.0,MARGIN CALL ($0)
44,59,0.0,13,3,10,1.0,-100.0,23.076923076923077,MARGIN CALL ($0)
44,60,0.0,13,3,10,1.0,-100.0,23.076923076923077,MARGIN CALL ($0)
44,61,0.0,13,3,10,1.0,-100.0,23.076923076923077,MARGIN CALL ($0)
44,62,0.0,9,0,9,1.0,-100.0,0.0,MARGIN CALL ($0)
44,63,0.0,9,0,9,1.0,-100.0,0.0,MARGIN CALL ($0)
44,64,0.0,9,0,9,1.0,-100.0,0.0,MARGIN CALL ($0)
44,65,0.0,9,0,9,1.0,-100.0,0.0,MARGIN CALL ($0)
44,66,0.0,9,0,9,1.0,-100.0,0.0,MARGIN CALL ($0)
44,67,0.0,7,0,7,1.0,-100.0,0.0,MARGIN CALL ($0)
44,68,0.0,7,0,7,1.0,-100.0,0.0,MARGIN CALL ($0)
44,69,0.0,7,0,7,1.0,-100.0,0.0,MARGIN CALL ($0)
44,70,0.0,7,0,7,1.0,-100.0,0.0,MARGIN CALL ($0)
44,71,0.0,7,0,7,1.0,-100.0,0.0,MARGIN CALL ($0)
44,72,0.0,7,0,7,1.0,-100.0,0.0,MARGIN CALL ($0)
44,73,0.0,7,0,7,1.0,-100.0,0.0,MARGIN CALL ($0)
44,74,0.0,7,0,7,1.0,-100.0,0.0,MARGIN CALL ($0)
44,75,0.0,7,0,7,1.0,-100.0,0.0,MARGIN CALL ($0)
44,76,0.0,7,0,7,1.0,-100.0,0.0,MARGIN CALL ($0)
44,77,0.0,7,0,7,1.0,-100.0,0.0,MARGIN CALL ($0)
44,78,0.0,7,0,7,1.0,-100.0,0.0,MARGIN CALL ($0)
44,79,0.0,7,0,7,1.0,-100.0,0.0,MARGIN CALL ($0)
44,80,0.0,7,0,7,1.0,-100.0,0.0,MARGIN CALL ($0)
44,81,0.0,7,0,7,1.0,-100.0,0.0,MARGIN CALL ($0)
44,82,0.0,7,0,7,1.0,-100.0,0.0,MARGIN CALL ($0)
44,83,0.0,7,0,7,1.0,-100.0,0.0,MARGIN CALL ($0)
44,84,0.0,7,0,7,1.0,-100.0,0.0,MARGIN CALL ($0)
44,85,0.0,7,0,7,1.0,-100.0,0.0,MARGIN CALL ($0)
44,86,0.0,7,0,7,1.0,-100.0,0.0,MARGIN CALL ($0)
44,87,0.0,7,0,7,1.0,-100.0,0.0,MARGIN CALL ($0)
44,88,0.0,8,0,8,1.0,-100.0,0.0,MARGIN CALL ($0)
44,89,0.0,8,0,8,1.0,-100.0,0.0,MARGIN CALL ($0)
44,90,0.0,8,0,8,1.0,-100.0,0.0,MARGIN CALL ($0)
44,91,0.0,8,0,8,1.0,-100.0,0.0,MARGIN CALL ($0)
44,92,0.0,8,0,8,1.0,-100.0,0.0,MARGIN CALL ($0)
44,93,0.0,8,0,8,1.0,-100.0,0.0,MARGIN CALL ($0)
44,94,0.0,8,0,8,1.0,-100.0,0.0,MARGIN CALL ($0)
44,95,0.0,8,0,8,1.0,-100.0,0.0,MARGIN CALL ($0)
44,96,0.0,8,0,8,1.0,-100.0,0.0,MARGIN CALL ($0)
44,97,0.0,7,0,7,1.0,-100.0,0.0,MARGIN CALL ($0)
44,98,0.0,7,0,7,1.0,-100.0,0.0,MARGIN CALL ($0)
44,99,0.0,7,0,7,1.0,-100.0,0.0,MARGIN CALL ($0)
44,100,0.0,7,0,7,1.0,-100.0,0.0,MARGIN CALL ($0)
45,1,0.0,8,0,8,1.0,-100.0,0.0,MARGIN CALL ($0)
45,2,0.0,25,3,22,1.0,-100.0,12.0,MARGIN CALL ($0)
45,3,0.0,21,3,18,1.0,-100.0,14.285714285714285,MARGIN CALL ($0)
45,4,0.0,21,3,18,1.0,-100.0,14.285714285714285,MARGIN CALL ($0)
45,5,0.0,22,3,19,1.0,-100.0,13.636363636363635,MARGIN CALL ($0)
45,6,0.0,19,3,16,1.0,-100.0,15.789473684210526,MARGIN CALL ($0)
45,7,0.0,19,3,16,1.0,-100.0,15.789473684210526,MARGIN CALL ($0)
45,8,0.0,22,3,19,1.0,-100.0,13.636363636363635,MARGIN CALL ($0)
45,9,0.0,28,4,24,1.0,-100.0,14.285714285714285,MARGIN CALL ($0)
45,10,0.0,25,3,22,1.0,-100.0,12.0,MARGIN CALL ($0)
45,11,0.0,20,2,18,1.0,-100.0,10.0,MARGIN CALL ($0)
45,13,0.0,7,0,7,1.0,-100.0,0.0,MARGIN CALL ($0)
45,14,0.0,7,0,7,1.0,-100.0,0.0,MARGIN CALL ($0)
45,17,0.0,6,0,6,1.0,-100.0,0.0,MARGIN CALL ($0)
45,18,0.0,6,0,6,1.0,-100.0,0.0,MARGIN CALL ($0)
45,19,0.0,6,0,6,1.0,-100.0,0.0,MARGIN CALL ($0)
45,20,0.0,5,0,5,1.0,-100.0,0.0,MARGIN CALL ($0)
45,21,0.0,8,0,8,1.0,-100.0,0.0,MARGIN CALL ($0)
45,22,0.0,8,0,8,1.0,-100.0,0.0,MARGIN CALL ($0)
45,23,0.0,9,0,9,1.0,-100.0,0.0,MARGIN CALL ($0)
45,24,0.0,12,2,10,1.0,-100.0,16.666666666666664,MARGIN CALL ($0)
45,25,0.0,12,2,10,1.0,-100.0,16.666666666666664,MARGIN CALL ($0)
45,26,0.0,8,0,8,1.0,-100.0,0.0,MARGIN CALL ($0)
45,27,0.0,8,0,8,1.0,-100.0,0.0,MARGIN CALL ($0)
45,28,0.0,8,0,8,1.0,-100.0,0.0,MARGIN CALL ($0)
45,29,0.0,8,0,8,1.0,-100.0,0.0,MARGIN CALL ($0)
45,30,0.0,9,0,9,1.0,-100.0,0.0,MARGIN CALL ($0)
45,31,0.0,9,0,9,1.0,-100.0,0.0,MARGIN CALL ($0)
45,32,0.0,8,0,8,1.0,-100.0,0.0,MARGIN CALL ($0)
45,33,0.0,9,0,9,1.0,-100.0,0.0,MARGIN CALL ($0)
45,34,0.0,9,0,9,1.0,-100.0,0.0,MARGIN CALL ($0)
45,35,0.0,8,0,8,1.0,-100.0,0.0,MARGIN CALL ($0)
45,36,0.0,8,0,8,1.0,-100.0,0.0,MARGIN CALL ($0)
45,37,0.0,8,0,8,1.0,-100.0,0.0,MARGIN CALL ($0)
45,38,0.0,8,0,8,1.0,-100.0,0.0,MARGIN CALL ($0)
45,39,0.0,8,0,8,1.0,-100.0,0.0,MARGIN CALL ($0)
45,40,0.0,8,0,8,1.0,-100.0,0.0,MARGIN CALL ($0)
45,41,0.0,9,0,9,1.0,-100.0,0.0,MARGIN CALL ($0)
45,42,0.0,9,0,9,1.0,-100.0,0.0,MARGIN CALL ($0)
45,43,0.0,9,0,9,1.0,-100.0,0.0,MARGIN CALL ($0)
45,44,0.0,8,0,8,1.0,-100.0,0.0,MARGIN CALL ($0)
45,45,0.0,8,0,8,1.0,-100.0,0.0,MARGIN CALL ($0)
45,46,0.0,8,0,8,1.0,-100.0,0.0,MARGIN CALL ($0)
45,47,0.0,8,0,8,1.0,-100.0,0.0,MARGIN CALL ($0)
45,48,0.0,9,0,9,1.0,-100.0,0.0,MARGIN CALL ($0)
45,49,0.0,9,0,9,1.0,-100.0,0.0,MARGIN CALL ($0)
45,50,0.0,10,0,10,1.0,-100.0,0.0,MARGIN CALL ($0)
45,51,0.0,10,0,10,1.0,-100.0,0.0,MARGIN CALL ($0)
45,52,0.0,7,0,7,1.0,-100.0,0.0,MARGIN CALL ($0)
45,53,0.0,7,0,7,1.0,-100.0,0.0,MARGIN CALL ($0)
45,54,0.0,7,0,7,1.0,-100.0,0.0,MARGIN CALL ($0)
45,55,0.0,7,0,7,1.0,-100.0,0.0,MARGIN CALL ($0)
45,56,0.0,7,0,7,1.0,-100.0,0.0,MARGIN CALL ($0)
45,57,0.0,13,3,10,1.0,-100.0,23.076923076923077,MARGIN CALL ($0)
45,58,0.0,12,3,9,1.0,-100.0,25.0,MARGIN CALL ($0)
45,59,0.0,13,3,10,1.0,-100.0,23.076923076923077,MARGIN CALL ($0)
45,60,0.0,14,3,11,1.0,-100.0,21.428571428571427,MARGIN CALL ($0)
45,61,0.0,14,3,11,1.0,-100.0,21.428571428571427,MARGIN CALL ($0)
45,62,0.0,9,0,9,1.0,-100.0,0.0,MARGIN CALL ($0)
45,63,0.0,9,0,9,1.0,-100.0,0.0,MARGIN CALL ($0)
45,64,0.0,9,0,9,1.0,-100.0,0.0,MARGIN CALL ($0)
45,65,0.0,9,0,9,1.0,-100.0,0.0,MARGIN CALL ($0)
45,66,0.0,9,0,9,1.0,-100.0,0.0,MARGIN CALL ($0)
45,67,0.0,7,0,7,1.0,-100.0,0.0,MARGIN CALL ($0)
45,68,0.0,7,0,7,1.0,-100.0,0.0,MARGIN CALL ($0)
45,69,0.0,7,0,7,1.0,-100.0,0.0,MARGIN CALL ($0)
45,70,0.0,7,0,7,1.0,-100.0,0.0,MARGIN CALL ($0)
45,71,0.0,7,0,7,1.0,-100.0,0.0,MARGIN CALL ($0)
45,72,0.0,7,0,7,1.0,-100.0,0.0,MARGIN CALL ($0)
45,73,0.0,7,0,7,1.0,-100.0,0.0,MARGIN CALL ($0)
45,74,0.0,7,0,7,1.0,-100.0,0.0,MARGIN CALL ($0)
45,75,0.0,7,0,7,1.0,-100.0,0.0,MARGIN CALL ($0)
45,76,0.0,7,0,7,1.0,-100.0,0.0,MARGIN CALL ($0)
45,77,0.0,7,0,7,1.0,-100.0,0.0,MARGIN CALL ($0)
45,78,0.0,7,0,7,1.0,-100.0,0.0,MARGIN CALL ($0)
45,79,0.0,7,0,7,1.0,-100.0,0.0,MARGIN CALL ($0)
45,80,0.0,7,0,7,1.0,-100.0,0.0,MARGIN CALL ($0)
45,81,0.0,7,0,7,1.0,-100.0,0.0,MARGIN CALL ($0)
45,82,0.0,7,0,7,1.0,-100.0,0.0,MARGIN CALL ($0)
45,83,0.0,7,0,7,1.0,-100.0,0.0,MARGIN CALL ($0)
45,84,0.0,7,0,7,1.0,-100.0,0.0,MARGIN CALL ($0)
45,85,0.0,7,0,7,1.0,-100.0,0.0,MARGIN CALL ($0)
45,86,0.0,7,0,7,1.0,-100.0,0.0,MARGIN CALL ($0)
45,87,0.0,7,0,7,1.0,-100.0,0.0,MARGIN CALL ($0)
45,88,0.0,8,0,8,1.0,-100.0,0.0,MARGIN CALL ($0)
45,89,0.0,8,0,8,1.0,-100.0,0.0,MARGIN CALL ($0)
45,90,0.0,8,0,8,1.0,-100.0,0.0,MARGIN CALL ($0)
45,91,0.0,8,0,8,1.0,-100.0,0.0,MARGIN CALL ($0)
45,92,0.0,8,0,8,1.0,-100.0,0.0,MARGIN CALL ($0)
45,93,0.0,8,0,8,1.0,-100.0,0.0,MARGIN CALL ($0)
45,94,0.0,8,0,8,1.0,-100.0,0.0,MARGIN CALL ($0)
45,95,0.0,8,0,8,1.0,-100.0,0.0,MARGIN CALL ($0)
45,96,0.0,8,0,8,1.0,-100.0,0.0,MARGIN CALL ($0)
45,97,0.0,7,0,7,1.0,-100.0,0.0,MARGIN CALL ($0)
45,98,0.0,7,0,7,1.0,-100.0,0.0,MARGIN CALL ($0)
45,99,0.0,7,0,7,1.0,-100.0,0.0,MARGIN CALL ($0)
45,100,0.0,7,0,7,1.0,-100.0,0.0,MARGIN CALL ($0)
46,1,0.0,8,0,8,1.0,-100.0,0.0,MARGIN CALL ($0)
46,2,0.0,25,3,22,1.0,-100.0,12.0,MARGIN CALL ($0)
46,3,0.0,21,3,18,1.0,-100.0,14.285714285714285,MARGIN CALL ($0)
46,4,0.0,21,3,18,1.0,-100.0,14.285714285714285,MARGIN CALL ($0)
46,5,0.0,22,3,19,1.0,-100.0,13.636363636363635,MARGIN CALL ($0)
46,6,0.0,19,3,16,1.0,-100.0,15.789473684210526,MARGIN CALL ($0)
46,7,0.0,19,3,16,1.0,-100.0,15.789473684210526,MARGIN CALL ($0)
46,8,0.0,22,3,19,1.0,-100.0,13.636363636363635,MARGIN CALL ($0)
46,9,0.0,28,4,24,1.0,-100.0,14.285714285714285,MARGIN CALL ($0)
46,10,0.0,25,3,22,1.0,-100.0,12.0,MARGIN CALL ($0)
46,11,0.0,20,2,18,1.0,-100.0,10.0,MARGIN CALL ($0)
46,13,0.0,7,0,7,1.0,-100.0,0.0,MARGIN CALL ($0)
46,14,0.0,7,0,7,1.0,-100.0,0.0,MARGIN CALL ($0)
46,17,0.0,6,0,6,1.0,-100.0,0.0,MARGIN CALL ($0)
46,18,0.0,6,0,6,1.0,-100.0,0.0,MARGIN CALL ($0)
46,19,0.0,6,0,6,1.0,-100.0,0.0,MARGIN CALL ($0)
46,20,0.0,5,0,5,1.0,-100.0,0.0,MARGIN CALL ($0)
46,21,0.0,8,0,8,1.0,-100.0,0.0,MARGIN CALL ($0)
46,22,0.0,8,0,8,1.0,-100.0,0.0,MARGIN CALL ($0)
46,23,0.0,9,0,9,1.0,-100.0,0.0,MARGIN CALL ($0)
46,24,0.0,12,2,10,1.0,-100.0,16.666666666666664,MARGIN CALL ($0)
46,25,0.0,12,2,10,1.0,-100.0,16.666666666666664,MARGIN CALL ($0)
46,26,0.0,8,0,8,1.0,-100.0,0.0,MARGIN CALL ($0)
46,27,0.0,8,0,8,1.0,-100.0,0.0,MARGIN CALL ($0)
46,28,0.0,8,0,8,1.0,-100.0,0.0,MARGIN CALL ($0)
46,29,0.0,8,0,8,1.0,-100.0,0.0,MARGIN CALL ($0)
46,30,0.0,9,0,9,1.0,-100.0,0.0,MARGIN CALL ($0)
46,31,0.0,9,0,9,1.0,-100.0,0.0,MARGIN CALL ($0)
46,32,0.0,8,0,8,1.0,-100.0,0.0,MARGIN CALL ($0)
46,33,0.0,9,0,9,1.0,-100.0,0.0,MARGIN CALL ($0)
46,34,0.0,9,0,9,1.0,-100.0,0.0,MARGIN CALL ($0)
46,35,0.0,8,0,8,1.0,-100.0,0.0,MARGIN CALL ($0)
46,36,0.0,8,0,8,1.0,-100.0,0.0,MARGIN CALL ($0)
46,37,0.0,8,0,8,1.0,-100.0,0.0,MARGIN CALL ($0)
46,38,0.0,8,0,8,1.0,-100.0,0.0,MARGIN CALL ($0)
46,39,0.0,8,0,8,1.0,-100.0,0.0,MARGIN CALL ($0)
46,40,0.0,8,0,8,1.0,-100.0,0.0,MARGIN CALL ($0)
46,41,0.0,9,0,9,1.0,-100.0,0.0,MARGIN CALL ($0)
46,42,0.0,9,0,9,1.0,-100.0,0.0,MARGIN CALL ($0)
46,43,0.0,9,0,9,1.0,-100.0,0.0,MARGIN CALL ($0)
46,44,0.0,8,0,8,1.0,-100.0,0.0,MARGIN CALL ($0)
46,45,0.0,8,0,8,1.0,-100.0,0.0,MARGIN CALL ($0)
46,46,0.0,8,0,8,1.0,-100.0,0.0,MARGIN CALL ($0)
46,47,0.0,8,0,8,1.0,-100.0,0.0,MARGIN CALL ($0)
46,48,0.0,9,0,9,1.0,-100.0,0.0,MARGIN CALL ($0)
46,49,0.0,9,0,9,1.0,-100.0,0.0,MARGIN CALL ($0)
46,50,0.0,10,0,10,1.0,-100.0,0.0,MARGIN CALL ($0)
46,51,0.0,10,0,10,1.0,-100.0,0.0,MARGIN CALL ($0)
46,52,0.0,7,0,7,1.0,-100.0,0.0,MARGIN CALL ($0)
46,53,0.0,7,0,7,1.0,-100.0,0.0,MARGIN CALL ($0)
46,54,0.0,7,0,7,1.0,-100.0,0.0,MARGIN CALL ($0)
46,55,0.0,7,0,7,1.0,-100.0,0.0,MARGIN CALL ($0)
46,56,0.0,7,0,7,1.0,-100.0,0.0,MARGIN CALL ($0)
46,57,0.0,13,3,10,1.0,-100.0,23.076923076923077,MARGIN CALL ($0)
46,58,0.0,12,3,9,1.0,-100.0,25.0,MARGIN CALL ($0)
46,59,0.0,13,3,10,1.0,-100.0,23.076923076923077,MARGIN CALL ($0)
46,60,0.0,14,3,11,1.0,-100.0,21.428571428571427,MARGIN CALL ($0)
46,61,0.0,14,3,11,1.0,-100.0,21.428571428571427,MARGIN CALL ($0)
46,62,0.0,9,0,9,1.0,-100.0,0.0,MARGIN CALL ($0)
46,63,0.0,9,0,9,1.0,-100.0,0.0,MARGIN CALL ($0)
46,64,0.0,9,0,9,1.0,-100.0,0.0,MARGIN CALL ($0)
46,65,0.0,9,0,9,1.0,-100.0,0.0,MARGIN CALL ($0)
46,66,0.0,9,0,9,1.0,-100.0,0.0,MARGIN CALL ($0)
46,67,0.0,7,0,7,1.0,-100.0,0.0,MARGIN CALL ($0)
46,68,0.0,7,0,7,1.0,-100.0,0.0,MARGIN CALL ($0)
46,69,0.0,7,0,7,1.0,-100.0,0.0,MARGIN CALL ($0)
46,70,0.0,7,0,7,1.0,-100.0,0.0,MARGIN CALL ($0)
46,71,0.0,7,0,7,1.0,-100.0,0.0,MARGIN CALL ($0)
46,72,0.0,7,0,7,1.0,-100.0,0.0,MARGIN CALL ($0)
46,73,0.0,7,0,7,1.0,-100.0,0.0,MARGIN CALL ($0)
46,74,0.0,7,0,7,1.0,-100.0,0.0,MARGIN CALL ($0)
46,75,0.0,7,0,7,1.0,-100.0,0.0,MARGIN CALL ($0)
46,76,0.0,7,0,7,1.0,-100.0,0.0,MARGIN CALL ($0)
46,77,0.0,7,0,7,1.0,-100.0,0.0,MARGIN CALL ($0)
46,78,0.0,7,0,7,1.0,-100.0,0.0,MARGIN CALL ($0)
46,79,0.0,7,0,7,1.0,-100.0,0.0,MARGIN CALL ($0)
46,80,0.0,7,0,7,1.0,-100.0,0.0,MARGIN CALL ($0)
46,81,0.0,7,0,7,1.0,-100.0,0.0,MARGIN CALL ($0)
46,82,0.0,7,0,7,1.0,-100.0,0.0,MARGIN CALL ($0)
46,83,0.0,7,0,7,1.0,-100.0,0.0,MARGIN CALL ($0)
46,84,0.0,7,0,7,1.0,-100.0,0.0,MARGIN CALL ($0)
46,85,0.0,7,0,7,1.0,-100.0,0.0,MARGIN CALL ($0)
46,86,0.0,7,0,7,1.0,-100.0,0.0,MARGIN CALL ($0)
46,87,0.0,7,0,7,1.0,-100.0,0.0,MARGIN CALL ($0)
46,88,0.0,8,0,8,1.0,-100.0,0.0,MARGIN CALL ($0)
46,89,0.0,8,0,8,1.0,-100.0,0.0,MARGIN CALL ($0)
46,90,0.0,8,0,8,1.0,-100.0,0.0,MARGIN CALL ($0)
46,91,0.0,8,0,8,1.0,-100.0,0.0,MARGIN CALL ($0)
46,92,0.0,8,0,8,1.0,-100.0,0.0,MARGIN CALL ($0)
46,93,0.0,8,0,8,1.0,-100.0,0.0,MARGIN CALL ($0)
46,94,0.0,8,0,8,1.0,-100.0,0.0,MARGIN CALL ($0)
46,95,0.0,8,0,8,1.0,-100.0,0.0,MARGIN CALL ($0)
46,96,0.0,8,0,8,1.0,-100.0,0.0,MARGIN CALL ($0)
46,97,0.0,7,0,7,1.0,-100.0,0.0,MARGIN CALL ($0)
46,98,0.0,7,0,7,1.0,-100.0,0.0,MARGIN CALL ($0)
46,99,0.0,7,0,7,1.0,-100.0,0.0,MARGIN CALL ($0)
46,100,0.0,7,0,7,1.0,-100.0,0.0,MARGIN CALL ($0)
47,1,0.0,8,0,8,1.0,-100.0,0.0,MARGIN CALL ($0)
47,2,0.0,25,3,22,1.0,-100.0,12.0,MARGIN CALL ($0)
47,3,0.0,21,3,18,1.0,-100.0,14.285714285714285,MARGIN CALL ($0)
47,4,0.0,21,3,18,1.0,-100.0,14.285714285714285,MARGIN CALL ($0)
47,5,0.0,20,3,17,1.0,-100.0,15.0,MARGIN CALL ($0)
47,6,0.0,17,3,14,1.0,-100.0,17.647058823529413,MARGIN CALL ($0)
47,7,0.0,17,3,14,1.0,-100.0,17.647058823529413,MARGIN CALL ($0)
47,8,0.0,18,3,15,1.0,-100.0,16.666666666666664,MARGIN CALL ($0)
47,9,0.0,18,3,15,1.0,-100.0,16.666666666666664,MARGIN CALL ($0)
47,10,0.0,14,2,12,1.0,-100.0,14.285714285714285,MARGIN CALL ($0)
47,11,0.0,15,2,13,1.0,-100.0,13.333333333333334,MARGIN CALL ($0)
47,13,0.0,3,0,3,1.0,-100.0,0.0,MARGIN CALL ($0)
47,14,0.0,3,0,3,1.0,-100.0,0.0,MARGIN CALL ($0)
47,15,0.0,3,0,3,1.0,-100.0,0.0,MARGIN CALL ($0)
47,16,0.0,3,0,3,1.0,-100.0,0.0,MARGIN CALL ($0)
47,17,0.0,3,0,3,1.0,-100.0,0.0,MARGIN CALL ($0)
47,18,0.0,3,0,3,1.0,-100.0,0.0,MARGIN CALL ($0)
47,19,0.0,3,0,3,1.0,-100.0,0.0,MARGIN CALL ($0)
47,20,0.0,3,0,3,1.0,-100.0,0.0,MARGIN CALL ($0)
47,21,0.0,3,0,3,1.0,-100.0,0.0,MARGIN CALL ($0)
47,22,0.0,4,0,4,1.0,-100.0,0.0,MARGIN CALL ($0)
47,23,0.0,4,0,4,1.0,-100.0,0.0,MARGIN CALL ($0)
47,24,0.0,4,0,4,1.0,-100.0,0.0,MARGIN CALL ($0)
47,25,0.0,4,0,4,1.0,-100.0,0.0,MARGIN CALL ($0)
47,26,0.0,8,0,8,1.0,-100.0,0.0,MARGIN CALL ($0)
47,27,0.0,8,0,8,1.0,-100.0,0.0,MARGIN CALL ($0)
47,28,0.0,9,0,9,1.0,-100.0,0.0,MARGIN CALL ($0)
47,29,0.0,7,0,7,1.0,-100.0,0.0,MARGIN CALL ($0)
47,30,0.0,7,0,7,1.0,-100.0,0.0,MARGIN CALL ($0)
47,31,0.0,7,0,7,1.0,-100.0,0.0,MARGIN CALL ($0)
47,32,0.0,7,0,7,1.0,-100.0,0.0,MARGIN CALL ($0)
47,33,0.0,8,0,8,1.0,-100.0,0.0,MARGIN CALL ($0)
47,34,0.0,7,0,7,1.0,-100.0,0.0,MARGIN CALL ($0)
47,35,0.0,6,0,6,1.0,-100.0,0.0,MARGIN CALL ($0)
47,36,0.0,7,0,7,1.0,-100.0,0.0,MARGIN CALL ($0)
47,37,0.0,7,0,7,1.0,-100.0,0.0,MARGIN CALL ($0)
47,38,0.0,7,0,7,1.0,-100.0,0.0,MARGIN CALL ($0)
47,39,0.0,8,0,8,1.0,-100.0,0.0,MARGIN CALL ($0)
47,40,0.0,8,0,8,1.0,-100.0,0.0,MARGIN CALL ($0)
47,41,0.0,8,0,8,1.0,-100.0,0.0,MARGIN CALL ($0)
47,42,0.0,8,0,8,1.0,-100.0,0.0,MARGIN CALL ($0)
47,43,0.0,8,0,8,1.0,-100.0,0.0,MARGIN CALL ($0)
47,44,0.0,8,0,8,1.0,-100.0,0.0,MARGIN CALL ($0)
47,45,0.0,8,0,8,1.0,-100.0,0.0,MARGIN CALL ($0)
47,46,0.0,8,0,8,1.0,-100.0,0.0,MARGIN CALL ($0)
47,47,0.0,8,0,8,1.0,-100.0,0.0,MARGIN CALL ($0)
47,48,0.0,8,0,8,1.0,-100.0,0.0,MARGIN CALL ($0)
47,49,0.0,8,0,8,1.0,-100.0,0.0,MARGIN CALL ($0)
47,50,0.0,9,0,9,1.0,-100.0,0.0,MARGIN CALL ($0)
47,51,0.0,9,0,9,1.0,-100.0,0.0,MARGIN CALL ($0)
47,52,0.0,8,0,8,1.0,-100.0,0.0,MARGIN CALL ($0)
47,53,0.0,8,0,8,1.0,-100.0,0.0,MARGIN CALL ($0)
47,54,0.0,8,0,8,1.0,-100.0,0.0,MARGIN CALL ($0)
47,55,0.0,8,0,8,1.0,-100.0,0.0,MARGIN CALL ($0)
47,56,0.0,8,0,8,1.0,-100.0,0.0,MARGIN CALL ($0)
47,57,0.0,13,3,10,1.0,-100.0,23.076923076923077,MARGIN CALL ($0)
47,58,0.0,13,3,10,1.0,-100.0,23.076923076923077,MARGIN CALL ($0)
47,59,0.0,13,3,10,1.0,-100.0,23.076923076923077,MARGIN CALL ($0)
47,60,0.0,13,3,10,1.0,-100.0,23.076923076923077,MARGIN CALL ($0)
47,61,0.0,14,3,11,1.0,-100.0,21.428571428571427,MARGIN CALL ($0)
47,62,0.0,9,0,9,1.0,-100.0,0.0,MARGIN CALL ($0)
47,63,0.0,8,0,8,1.0,-100.0,0.0,MARGIN CALL ($0)
47,64,0.0,8,0,8,1.0,-100.0,0.0,MARGIN CALL ($0)
47,65,0.0,9,0,9,1.0,-100.0,0.0,MARGIN CALL ($0)
47,66,0.0,9,0,9,1.0,-100.0,0.0,MARGIN CALL ($0)
47,67,0.0,8,0,8,1.0,-100.0,0.0,MARGIN CALL ($0)
47,68,0.0,8,0,8,1.0,-100.0,0.0,MARGIN CALL ($0)
47,69,0.0,8,0,8,1.0,-100.0,0.0,MARGIN CALL ($0)
47,70,0.0,8,0,8,1.0,-100.0,0.0,MARGIN CALL ($0)
47,71,0.0,8,0,8,1.0,-100.0,0.0,MARGIN CALL ($0)
47,72,0.0,8,0,8,1.0,-100.0,0.0,MARGIN CALL ($0)
47,73,0.0,8,0,8,1.0,-100.0,0.0,MARGIN CALL ($0)
47,74,0.0,8,0,8,1.0,-100.0,0.0,MARGIN CALL ($0)
47,75,0.0,8,0,8,1.0,-100.0,0.0,MARGIN CALL ($0)
47,76,0.0,8,0,8,1.0,-100.0,0.0,MARGIN CALL ($0)
47,77,0.0,8,0,8,1.0,-100.0,0.0,MARGIN CALL ($0)
47,78,0.0,7,0,7,1.0,-100.0,0.0,MARGIN CALL ($0)
47,79,0.0,7,0,7,1.0,-100.0,0.0,MARGIN CALL ($0)
47,80,0.0,7,0,7,1.0,-100.0,0.0,MARGIN CALL ($0)
47,81,0.0,7,0,7,1.0,-100.0,0.0,MARGIN CALL ($0)
47,82,0.0,7,0,7,1.0,-100.0,0.0,MARGIN CALL ($0)
47,83,0.0,7,0,7,1.0,-100.0,0.0,MARGIN CALL ($0)
47,84,0.0,8,0,8,1.0,-100.0,0.0,MARGIN CALL ($0)
47,85,0.0,8,0,8,1.0,-100.0,0.0,MARGIN CALL ($0)
47,86,0.0,8,0,8,1.0,-100.0,0.0,MARGIN CALL ($0)
47,87,0.0,8,0,8,1.0,-100.0,0.0,MARGIN CALL ($0)
47,88,0.0,8,0,8,1.0,-100.0,0.0,MARGIN CALL ($0)
47,89,0.0,9,0,9,1.0,-100.0,0.0,MARGIN CALL ($0)
47,90,0.0,9,0,9,1.0,-100.0,0.0,MARGIN CALL ($0)
47,91,0.0,9,0,9,1.0,-100.0,0.0,MARGIN CALL ($0)
47,92,0.0,9,0,9,1.0,-100.0,0.0,MARGIN CALL ($0)
47,93,0.0,9,0,9,1.0,-100.0,0.0,MARGIN CALL ($0)
47,94,0.0,9,0,9,1.0,-100.0,0.0,MARGIN CALL ($0)
47,95,0.0,9,0,9,1.0,-100.0,0.0,MARGIN CALL ($0)
47,96,0.0,8,0,8,1.0,-100.0,0.0,MARGIN CALL ($0)
47,97,0.0,8,0,8,1.0,-100.0,0.0,MARGIN CALL ($0)
47,98,0.0,8,0,8,1.0,-100.0,0.0,MARGIN CALL ($0)
47,99,0.0,8,0,8,1.0,-100.0,0.0,MARGIN CALL ($0)
47,100,0.0,8,0,8,1.0,-100.0,0.0,MARGIN CALL ($0)
48,1,0.0,8,0,8,1.0,-100.0,0.0,MARGIN CALL ($0)
48,2,0.0,25,3,22,1.0,-100.0,12.0,MARGIN CALL ($0)
48,3,0.0,21,3,18,1.0,-100.0,14.285714285714285,MARGIN CALL ($0)
48,4,0.0,21,3,18,1.0,-100.0,14.285714285714285,MARGIN CALL ($0)
48,5,0.0,20,3,17,1.0,-100.0,15.0,MARGIN CALL ($0)
48,6,0.0,17,3,14,1.0,-100.0,17.647058823529413,MARGIN CALL ($0)
48,7,0.0,17,3,14,1.0,-100.0,17.647058823529413,MARGIN CALL ($0)
48,8,0.0,18,3,15,1.0,-100.0,16.666666666666664,MARGIN CALL ($0)
48,9,0.0,18,3,15,1.0,-100.0,16.666666666666664,MARGIN CALL ($0)
48,10,0.0,14,2,12,1.0,-100.0,14.285714285714285,MARGIN CALL ($0)
48,11,0.0,15,2,13,1.0,-100.0,13.333333333333334,MARGIN CALL ($0)
48,13,0.0,3,0,3,1.0,-100.0,0.0,MARGIN CALL ($0)
48,14,0.0,3,0,3,1.0,-100.0,0.0,MARGIN CALL ($0)
48,15,0.0,3,0,3,1.0,-100.0,0.0,MARGIN CALL ($0)
48,16,0.0,3,0,3,1.0,-100.0,0.0,MARGIN CALL ($0)
48,17,0.0,3,0,3,1.0,-100.0,0.0,MARGIN CALL ($0)
48,18,0.0,3,0,3,1.0,-100.0,0.0,MARGIN CALL ($0)
48,19,0.0,3,0,3,1.0,-100.0,0.0,MARGIN CALL ($0)
48,20,0.0,3,0,3,1.0,-100.0,0.0,MARGIN CALL ($0)
48,21,0.0,3,0,3,1.0,-100.0,0.0,MARGIN CALL ($0)
48,22,0.0,4,0,4,1.0,-100.0,0.0,MARGIN CALL ($0)
48,23,0.0,4,0,4,1.0,-100.0,0.0,MARGIN CALL ($0)
48,24,0.0,4,0,4,1.0,-100.0,0.0,MARGIN CALL ($0)
48,25,0.0,4,0,4,1.0,-100.0,0.0,MARGIN CALL ($0)
48,26,0.0,8,0,8,1.0,-100.0,0.0,MARGIN CALL ($0)
48,27,0.0,8,0,8,1.0,-100.0,0.0,MARGIN CALL ($0)
48,28,0.0,9,0,9,1.0,-100.0,0.0,MARGIN CALL ($0)
48,29,0.0,8,0,8,1.0,-100.0,0.0,MARGIN CALL ($0)
48,30,0.0,7,0,7,1.0,-100.0,0.0,MARGIN CALL ($0)
48,31,0.0,7,0,7,1.0,-100.0,0.0,MARGIN CALL ($0)
48,32,0.0,7,0,7,1.0,-100.0,0.0,MARGIN CALL ($0)
48,33,0.0,8,0,8,1.0,-100.0,0.0,MARGIN CALL ($0)
48,34,0.0,8,0,8,1.0,-100.0,0.0,MARGIN CALL ($0)
48,35,0.0,6,0,6,1.0,-100.0,0.0,MARGIN CALL ($0)
48,36,0.0,7,0,7,1.0,-100.0,0.0,MARGIN CALL ($0)
48,37,0.0,7,0,7,1.0,-100.0,0.0,MARGIN CALL ($0)
48,38,0.0,8,0,8,1.0,-100.0,0.0,MARGIN CALL ($0)
48,39,0.0,8,0,8,1.0,-100.0,0.0,MARGIN CALL ($0)
48,40,0.0,8,0,8,1.0,-100.0,0.0,MARGIN CALL ($0)
48,41,0.0,8,0,8,1.0,-100.0,0.0,MARGIN CALL ($0)
48,42,0.0,9,0,9,1.0,-100.0,0.0,MARGIN CALL ($0)
48,43,0.0,9,0,9,1.0,-100.0,0.0,MARGIN CALL ($0)
48,44,0.0,9,0,9,1.0,-100.0,0.0,MARGIN CALL ($0)
48,45,0.0,9,0,9,1.0,-100.0,0.0,MARGIN CALL ($0)
48,46,0.0,9,0,9,1.0,-100.0,0.0,MARGIN CALL ($0)
48,47,0.0,8,0,8,1.0,-100.0,0.0,MARGIN CALL ($0)
48,48,0.0,9,0,9,1.0,-100.0,0.0,MARGIN CALL ($0)
48,49,0.0,8,0,8,1.0,-100.0,0.0,MARGIN CALL ($0)
48,50,0.0,9,0,9,1.0,-100.0,0.0,MARGIN CALL ($0)
48,51,0.0,9,0,9,1.0,-100.0,0.0,MARGIN CALL ($0)
48,52,0.0,9,0,9,1.0,-100.0,0.0,MARGIN CALL ($0)
48,53,0.0,9,0,9,1.0,-100.0,0.0,MARGIN CALL ($0)
48,54,0.0,9,0,9,1.0,-100.0,0.0,MARGIN CALL ($0)
48,55,0.0,9,0,9,1.0,-100.0,0.0,MARGIN CALL ($0)
48,56,0.0,9,0,9,1.0,-100.0,0.0,MARGIN CALL ($0)
48,57,0.0,13,3,10,1.0,-100.0,23.076923076923077,MARGIN CALL ($0)
48,58,0.0,12,3,9,1.0,-100.0,25.0,MARGIN CALL ($0)
48,59,0.0,13,3,10,1.0,-100.0,23.076923076923077,MARGIN CALL ($0)
48,60,0.0,13,3,10,1.0,-100.0,23.076923076923077,MARGIN CALL ($0)
48,61,0.0,14,3,11,1.0,-100.0,21.428571428571427,MARGIN CALL ($0)
48,62,0.0,9,0,9,1.0,-100.0,0.0,MARGIN CALL ($0)
48,63,0.0,8,0,8,1.0,-100.0,0.0,MARGIN CALL ($0)
48,64,0.0,8,0,8,1.0,-100.0,0.0,MARGIN CALL ($0)
48,65,0.0,9,0,9,1.0,-100.0,0.0,MARGIN CALL ($0)
48,66,0.0,9,0,9,1.0,-100.0,0.0,MARGIN CALL ($0)
48,67,0.0,8,0,8,1.0,-100.0,0.0,MARGIN CALL ($0)
48,68,0.0,8,0,8,1.0,-100.0,0.0,MARGIN CALL ($0)
48,69,0.0,8,0,8,1.0,-100.0,0.0,MARGIN CALL ($0)
48,70,0.0,8,0,8,1.0,-100.0,0.0,MARGIN CALL ($0)
48,71,0.0,8,0,8,1.0,-100.0,0.0,MARGIN CALL ($0)
48,72,0.0,8,0,8,1.0,-100.0,0.0,MARGIN CALL ($0)
48,73,0.0,8,0,8,1.0,-100.0,0.0,MARGIN CALL ($0)
48,74,0.0,8,0,8,1.0,-100.0,0.0,MARGIN CALL ($0)
48,75,0.0,8,0,8,1.0,-100.0,0.0,MARGIN CALL ($0)
48,76,0.0,8,0,8,1.0,-100.0,0.0,MARGIN CALL ($0)
48,77,0.0,8,0,8,1.0,-100.0,0.0,MARGIN CALL ($0)
48,78,0.0,9,0,9,1.0,-100.0,0.0,MARGIN CALL ($0)
48,79,0.0,9,0,9,1.0,-100.0,0.0,MARGIN CALL ($0)
48,80,0.0,9,0,9,1.0,-100.0,0.0,MARGIN CALL ($0)
48,81,0.0,9,0,9,1.0,-100.0,0.0,MARGIN CALL ($0)
48,82,0.0,9,0,9,1.0,-100.0,0.0,MARGIN CALL ($0)
48,83,0.0,9,0,9,1.0,-100.0,0.0,MARGIN CALL ($0)
48,84,0.0,8,0,8,1.0,-100.0,0.0,MARGIN CALL ($0)
48,85,0.0,8,0,8,1.0,-100.0,0.0,MARGIN CALL ($0)
48,86,0.0,8,0,8,1.0,-100.0,0.0,MARGIN CALL ($0)
48,87,0.0,8,0,8,1.0,-100.0,0.0,MARGIN CALL ($0)
48,88,0.0,8,0,8,1.0,-100.0,0.0,MARGIN CALL ($0)
48,89,0.0,9,0,9,1.0,-100.0,0.0,MARGIN CALL ($0)
48,90,0.0,9,0,9,1.0,-100.0,0.0,MARGIN CALL ($0)
48,91,0.0,9,0,9,1.0,-100.0,0.0,MARGIN CALL ($0)
48,92,0.0,9,0,9,1.0,-100.0,0.0,MARGIN CALL ($0)
48,93,0.0,9,0,9,1.0,-100.0,0.0,MARGIN CALL ($0)
48,94,0.0,9,0,9,1.0,-100.0,0.0,MARGIN CALL ($0)
48,95,0.0,9,0,9,1.0,-100.0,0.0,MARGIN CALL ($0)
48,96,0.0,8,0,8,1.0,-100.0,0.0,MARGIN CALL ($0)
48,97,0.0,8,0,8,1.0,-100.0,0.0,MARGIN CALL ($0)
48,98,0.0,8,0,8,1.0,-100.0,0.0,MARGIN CALL ($0)
48,99,0.0,8,0,8,1.0,-100.0,0.0,MARGIN CALL ($0)
48,100,0.0,8,0,8,1.0,-100.0,0.0,MARGIN CALL ($0)
49,1,0.0,8,0,8,1.0,-100.0,0.0,MARGIN CALL ($0)
49,2,0.0,25,3,22,1.0,-100.0,12.0,MARGIN CALL ($0)
49,3,0.0,21,3,18,1.0,-100.0,14.285714285714285,MARGIN CALL ($0)
49,4,0.0,21,3,18,1.0,-100.0,14.285714285714285,MARGIN CALL ($0)
49,5,0.0,20,3,17,1.0,-100.0,15.0,MARGIN CALL ($0)
49,6,0.0,17,3,14,1.0,-100.0,17.647058823529413,MARGIN CALL ($0)
49,7,0.0,17,3,14,1.0,-100.0,17.647058823529413,MARGIN CALL ($0)
49,8,0.0,18,3,15,1.0,-100.0,16.666666666666664,MARGIN CALL ($0)
49,9,0.0,18,3,15,1.0,-100.0,16.666666666666664,MARGIN CALL ($0)
49,10,0.0,14,2,12,1.0,-100.0,14.285714285714285,MARGIN CALL ($0)
49,11,0.0,15,2,13,1.0,-100.0,13.333333333333334,MARGIN CALL ($0)
49,13,0.0,3,0,3,1.0,-100.0,0.0,MARGIN CALL ($0)
49,14,0.0,3,0,3,1.0,-100.0,0.0,MARGIN CALL ($0)
49,15,0.0,3,0,3,1.0,-100.0,0.0,MARGIN CALL ($0)
49,16,0.0,3,0,3,1.0,-100.0,0.0,MARGIN CALL ($0)
49,17,0.0,3,0,3,1.0,-100.0,0.0,MARGIN CALL ($0)
49,18,0.0,3,0,3,1.0,-100.0,0.0,MARGIN CALL ($0)
49,19,0.0,3,0,3,1.0,-100.0,0.0,MARGIN CALL ($0)
49,20,0.0,3,0,3,1.0,-100.0,0.0,MARGIN CALL ($0)
49,21,0.0,3,0,3,1.0,-100.0,0.0,MARGIN CALL ($0)
49,22,0.0,4,0,4,1.0,-100.0,0.0,MARGIN CALL ($0)
49,23,0.0,4,0,4,1.0,-100.0,0.0,MARGIN CALL ($0)
49,24,0.0,4,0,4,1.0,-100.0,0.0,MARGIN CALL ($0)
49,25,0.0,4,0,4,1.0,-100.0,0.0,MARGIN CALL ($0)
49,26,0.0,8,0,8,1.0,-100.0,0.0,MARGIN CALL ($0)
49,27,0.0,8,0,8,1.0,-100.0,0.0,MARGIN CALL ($0)
49,28,0.0,9,0,9,1.0,-100.0,0.0,MARGIN CALL ($0)
49,29,0.0,8,0,8,1.0,-100.0,0.0,MARGIN CALL ($0)
49,30,0.0,7,0,7,1.0,-100.0,0.0,MARGIN CALL ($0)
49,31,0.0,7,0,7,1.0,-100.0,0.0,MARGIN CALL ($0)
49,32,0.0,7,0,7,1.0,-100.0,0.0,MARGIN CALL ($0)
49,33,0.0,8,0,8,1.0,-100.0,0.0,MARGIN CALL ($0)
49,34,0.0,8,0,8,1.0,-100.0,0.0,MARGIN CALL ($0)
49,35,0.0,6,0,6,1.0,-100.0,0.0,MARGIN CALL ($0)
49,36,0.0,7,0,7,1.0,-100.0,0.0,MARGIN CALL ($0)
49,37,0.0,7,0,7,1.0,-100.0,0.0,MARGIN CALL ($0)
49,38,0.0,8,0,8,1.0,-100.0,0.0,MARGIN CALL ($0)
49,39,0.0,8,0,8,1.0,-100.0,0.0,MARGIN CALL ($0)
49,40,0.0,8,0,8,1.0,-100.0,0.0,MARGIN CALL ($0)
49,41,0.0,8,0,8,1.0,-100.0,0.0,MARGIN CALL ($0)
49,42,0.0,9,0,9,1.0,-100.0,0.0,MARGIN CALL ($0)
49,43,0.0,9,0,9,1.0,-100.0,0.0,MARGIN CALL ($0)
49,44,0.0,9,0,9,1.0,-100.0,0.0,MARGIN CALL ($0)
49,45,0.0,9,0,9,1.0,-100.0,0.0,MARGIN CALL ($0)
49,46,0.0,9,0,9,1.0,-100.0,0.0,MARGIN CALL ($0)
49,47,0.0,8,0,8,1.0,-100.0,0.0,MARGIN CALL ($0)
49,48,0.0,9,0,9,1.0,-100.0,0.0,MARGIN CALL ($0)
49,49,0.0,8,0,8,1.0,-100.0,0.0,MARGIN CALL ($0)
49,50,0.0,8,0,8,1.0,-100.0,0.0,MARGIN CALL ($0)
49,51,0.0,8,0,8,1.0,-100.0,0.0,MARGIN CALL ($0)
49,52,0.0,8,0,8,1.0,-100.0,0.0,MARGIN CALL ($0)
49,53,0.0,8,0,8,1.0,-100.0,0.0,MARGIN CALL ($0)
49,54,0.0,8,0,8,1.0,-100.0,0.0,MARGIN CALL ($0)
49,55,0.0,8,0,8,1.0,-100.0,0.0,MARGIN CALL ($0)
49,56,0.0,8,0,8,1.0,-100.0,0.0,MARGIN CALL ($0)
49,57,0.0,13,3,10,1.0,-100.0,23.076923076923077,MARGIN CALL ($0)
49,58,0.0,12,3,9,1.0,-100.0,25.0,MARGIN CALL ($0)
49,59,0.0,13,3,10,1.0,-100.0,23.076923076923077,MARGIN CALL ($0)
49,60,0.0,13,3,10,1.0,-100.0,23.076923076923077,MARGIN CALL ($0)
49,61,0.0,14,3,11,1.0,-100.0,21.428571428571427,MARGIN CALL ($0)
49,62,0.0,10,0,10,1.0,-100.0,0.0,MARGIN CALL ($0)
49,63,0.0,10,0,10,1.0,-100.0,0.0,MARGIN CALL ($0)
49,64,0.0,10,0,10,1.0,-100.0,0.0,MARGIN CALL ($0)
49,65,0.0,11,1,10,1.0,-100.0,9.090909090909092,MARGIN CALL ($0)
49,66,0.0,11,1,10,1.0,-100.0,9.090909090909092,MARGIN CALL ($0)
49,67,0.0,9,0,9,1.0,-100.0,0.0,MARGIN CALL ($0)
49,68,0.0,9,0,9,1.0,-100.0,0.0,MARGIN CALL ($0)
49,69,0.0,10,1,9,1.0,-100.0,10.0,MARGIN CALL ($0)
49,70,0.0,10,1,9,1.0,-100.0,10.0,MARGIN CALL ($0)
49,71,0.0,10,1,9,1.0,-100.0,10.0,MARGIN CALL ($0)
49,72,0.0,10,1,9,1.0,-100.0,10.0,MARGIN CALL ($0)
49,73,0.0,10,1,9,1.0,-100.0,10.0,MARGIN CALL ($0)
49,74,0.0,10,0,10,1.0,-100.0,0.0,MARGIN CALL ($0)
49,75,0.0,10,0,10,1.0,-100.0,0.0,MARGIN CALL ($0)
49,76,0.0,10,0,10,1.0,-100.0,0.0,MARGIN CALL ($0)
49,77,0.0,10,0,10,1.0,-100.0,0.0,MARGIN CALL ($0)
49,78,0.0,9,0,9,1.0,-100.0,0.0,MARGIN CALL ($0)
49,79,0.0,9,0,9,1.0,-100.0,0.0,MARGIN CALL ($0)
49,80,0.0,9,0,9,1.0,-100.0,0.0,MARGIN CALL ($0)
49,81,0.0,9,0,9,1.0,-100.0,0.0,MARGIN CALL ($0)
49,82,0.0,8,0,8,1.0,-100.0,0.0,MARGIN CALL ($0)
49,83,0.0,8,0,8,1.0,-100.0,0.0,MARGIN CALL ($0)
49,84,0.0,9,0,9,1.0,-100.0,0.0,MARGIN CALL ($0)
49,85,0.0,9,0,9,1.0,-100.0,0.0,MARGIN CALL ($0)
49,86,0.0,9,0,9,1.0,-100.0,0.0,MARGIN CALL ($0)
49,87,0.0,9,0,9,1.0,-100.0,0.0,MARGIN CALL ($0)
49,88,0.0,8,0,8,1.0,-100.0,0.0,MARGIN CALL ($0)
49,89,0.0,8,0,8,1.0,-100.0,0.0,MARGIN CALL ($0)
49,90,0.0,8,0,8,1.0,-100.0,0.0,MARGIN CALL ($0)
49,91,0.0,8,0,8,1.0,-100.0,0.0,MARGIN CALL ($0)
49,92,0.0,8,0,8,1.0,-100.0,0.0,MARGIN CALL ($0)
49,93,0.0,8,0,8,1.0,-100.0,0.0,MARGIN CALL ($0)
49,94,0.0,8,0,8,1.0,-100.0,0.0,MARGIN CALL ($0)
49,95,0.0,8,0,8,1.0,-100.0,0.0,MARGIN CALL ($0)
49,96,0.0,8,0,8,1.0,-100.0,0.0,MARGIN CALL ($0)
49,97,0.0,9,0,9,1.0,-100.0,0.0,MARGIN CALL ($0)
49,98,0.0,9,0,9,1.0,-100.0,0.0,MARGIN CALL ($0)
49,99,0.0,9,0,9,1.0,-100.0,0.0,MARGIN CALL ($0)
49,100,0.0,9,0,9,1.0,-100.0,0.0,MARGIN CALL ($0)
50,1,0.0,8,0,8,1.0,-100.0,0.0,MARGIN CALL ($0)
50,2,0.0,25,3,22,1.0,-100.0,12.0,MARGIN CALL ($0)
50,3,0.0,21,3,18,1.0,-100.0,14.285714285714285,MARGIN CALL ($0)
50,4,0.0,21,3,18,1.0,-100.0,14.285714285714285,MARGIN CALL ($0)
50,5,0.0,20,3,17,1.0,-100.0,15.0,MARGIN CALL ($0)
50,6,0.0,17,3,14,1.0,-100.0,17.647058823529413,MARGIN CALL ($0)
50,7,0.0,17,3,14,1.0,-100.0,17.647058823529413,MARGIN CALL ($0)
50,8,0.0,18,3,15,1.0,-100.0,16.666666666666664,MARGIN CALL ($0)
50,9,0.0,18,3,15,1.0,-100.0,16.666666666666664,MARGIN CALL ($0)
50,10,0.0,14,2,12,1.0,-100.0,14.285714285714285,MARGIN CALL ($0)
50,11,0.0,15,2,13,1.0,-100.0,13.333333333333334,MARGIN CALL ($0)
50,13,0.0,3,0,3,1.0,-100.0,0.0,MARGIN CALL ($0)
50,14,0.0,3,0,3,1.0,-100.0,0.0,MARGIN CALL ($0)
50,15,0.0,3,0,3,1.0,-100.0,0.0,MARGIN CALL ($0)
50,16,0.0,3,0,3,1.0,-100.0,0.0,MARGIN CALL ($0)
50,17,0.0,3,0,3,1.0,-100.0,0.0,MARGIN CALL ($0)
50,18,0.0,3,0,3,1.0,-100.0,0.0,MARGIN CALL ($0)
50,19,0.0,3,0,3,1.0,-100.0,0.0,MARGIN CALL ($0)
50,20,0.0,3,0,3,1.0,-100.0,0.0,MARGIN CALL ($0)
50,21,0.0,3,0,3,1.0,-100.0,0.0,MARGIN CALL ($0)
50,22,0.0,4,0,4,1.0,-100.0,0.0,MARGIN CALL ($0)
50,23,0.0,4,0,4,1.0,-100.0,0.0,MARGIN CALL ($0)
50,24,0.0,4,0,4,1.0,-100.0,0.0,MARGIN CALL ($0)
50,25,0.0,4,0,4,1.0,-100.0,0.0,MARGIN CALL ($0)
50,26,0.0,8,0,8,1.0,-100.0,0.0,MARGIN CALL ($0)
50,27,0.0,8,0,8,1.0,-100.0,0.0,MARGIN CALL ($0)
50,28,0.0,9,0,9,1.0,-100.0,0.0,MARGIN CALL ($0)
50,29,0.0,8,0,8,1.0,-100.0,0.0,MARGIN CALL ($0)
50,30,0.0,7,0,7,1.0,-100.0,0.0,MARGIN CALL ($0)
50,31,0.0,7,0,7,1.0,-100.0,0.0,MARGIN CALL ($0)
50,32,0.0,7,0,7,1.0,-100.0,0.0,MARGIN CALL ($0)
50,33,0.0,8,0,8,1.0,-100.0,0.0,MARGIN CALL ($0)
50,34,0.0,8,0,8,1.0,-100.0,0.0,MARGIN CALL ($0)
50,35,0.0,6,0,6,1.0,-100.0,0.0,MARGIN CALL ($0)
50,36,0.0,7,0,7,1.0,-100.0,0.0,MARGIN CALL ($0)
50,37,0.0,7,0,7,1.0,-100.0,0.0,MARGIN CALL ($0)
50,38,0.0,8,0,8,1.0,-100.0,0.0,MARGIN CALL ($0)
50,39,0.0,8,0,8,1.0,-100.0,0.0,MARGIN CALL ($0)
50,40,0.0,8,0,8,1.0,-100.0,0.0,MARGIN CALL ($0)
50,41,0.0,8,0,8,1.0,-100.0,0.0,MARGIN CALL ($0)
50,42,0.0,9,0,9,1.0,-100.0,0.0,MARGIN CALL ($0)
50,43,0.0,9,0,9,1.0,-100.0,0.0,MARGIN CALL ($0)
50,44,0.0,9,0,9,1.0,-100.0,0.0,MARGIN CALL ($0)
50,45,0.0,9,0,9,1.0,-100.0,0.0,MARGIN CALL ($0)
50,46,0.0,9,0,9,1.0,-100.0,0.0,MARGIN CALL ($0)
50,47,0.0,8,0,8,1.0,-100.0,0.0,MARGIN CALL ($0)
50,48,0.0,9,0,9,1.0,-100.0,0.0,MARGIN CALL ($0)
50,49,0.0,8,0,8,1.0,-100.0,0.0,MARGIN CALL ($0)
50,50,0.0,8,0,8,1.0,-100.0,0.0,MARGIN CALL ($0)
50,51,0.0,8,0,8,1.0,-100.0,0.0,MARGIN CALL ($0)
50,52,0.0,8,0,8,1.0,-100.0,0.0,MARGIN CALL ($0)
50,53,0.0,8,0,8,1.0,-100.0,0.0,MARGIN CALL ($0)
50,54,0.0,8,0,8,1.0,-100.0,0.0,MARGIN CALL ($0)
50,55,0.0,8,0,8,1.0,-100.0,0.0,MARGIN CALL ($0)
50,56,0.0,8,0,8,1.0,-100.0,0.0,MARGIN CALL ($0)
50,57,0.0,12,3,9,1.0,-100.0,25.0,MARGIN CALL ($0)
50,58,0.0,12,3,9,1.0,-100.0,25.0,MARGIN CALL ($0)
50,59,0.0,13,3,10,1.0,-100.0,23.076923076923077,MARGIN CALL ($0)
50,60,0.0,13,3,10,1.0,-100.0,23.076923076923077,MARGIN CALL ($0)
50,61,0.0,14,3,11,1.0,-100.0,21.428571428571427,MARGIN CALL ($0)
50,62,0.0,10,0,10,1.0,-100.0,0.0,MARGIN CALL ($0)
50,63,0.0,10,0,10,1.0,-100.0,0.0,MARGIN CALL ($0)
50,64,0.0,10,0,10,1.0,-100.0,0.0,MARGIN CALL ($0)
50,65,0.0,11,1,10,1.0,-100.0,9.090909090909092,MARGIN CALL ($0)
50,66,0.0,11,1,10,1.0,-100.0,9.090909090909092,MARGIN CALL ($0)
50,67,0.0,9,0,9,1.0,-100.0,0.0,MARGIN CALL ($0)
50,68,0.0,9,0,9,1.0,-100.0,0.0,MARGIN CALL ($0)
50,69,0.0,10,1,9,1.0,-100.0,10.0,MARGIN CALL ($0)
50,70,0.0,10,1,9,1.0,-100.0,10.0,MARGIN CALL ($0)
50,71,0.0,10,1,9,1.0,-100.0,10.0,MARGIN CALL ($0)
50,72,0.0,10,1,9,1.0,-100.0,10.0,MARGIN CALL ($0)
50,73,0.0,10,1,9,1.0,-100.0,10.0,MARGIN CALL ($0)
50,74,0.0,10,0,10,1.0,-100.0,0.0,MARGIN CALL ($0)
50,75,0.0,10,0,10,1.0,-100.0,0.0,MARGIN CALL ($0)
50,76,0.0,10,0,10,1.0,-100.0,0.0,MARGIN CALL ($0)
50,77,0.0,10,0,10,1.0,-100.0,0.0,MARGIN CALL ($0)
50,78,0.0,9,0,9,1.0,-100.0,0.0,MARGIN CALL ($0)
50,79,0.0,9,0,9,1.0,-100.0,0.0,MARGIN CALL ($0)
50,80,0.0,9,0,9,1.0,-100.0,0.0,MARGIN CALL ($0)
50,81,0.0,9,0,9,1.0,-100.0,0.0,MARGIN CALL ($0)
50,82,0.0,8,0,8,1.0,-100.0,0.0,MARGIN CALL ($0)
50,83,0.0,8,0,8,1.0,-100.0,0.0,MARGIN CALL ($0)
50,84,0.0,9,0,9,1.0,-100.0,0.0,MARGIN CALL ($0)
50,85,0.0,9,0,9,1.0,-100.0,0.0,MARGIN CALL ($0)
50,86,0.0,9,0,9,1.0,-100.0,0.0,MARGIN CALL ($0)
50,87,0.0,9,0,9,1.0,-100.0,0.0,MARGIN CALL ($0)
50,88,0.0,8,0,8,1.0,-100.0,0.0,MARGIN CALL ($0)
50,89,0.0,8,0,8,1.0,-100.0,0.0,MARGIN CALL ($0)
50,90,0.0,8,0,8,1.0,-100.0,0.0,MARGIN CALL ($0)
50,91,0.0,8,0,8,1.0,-100.0,0.0,MARGIN CALL ($0)
50,92,0.0,8,0,8,1.0,-100.0,0.0,MARGIN CALL ($0)
50,93,0.0,8,0,8,1.0,-100.0,0.0,MARGIN CALL ($0)
50,94,0.0,8,0,8,1.0,-100.0,0.0,MARGIN CALL ($0)
50,95,0.0,8,0,8,1.0,-100.0,0.0,MARGIN CALL ($0)
50,96,0.0,8,0,8,1.0,-100.0,0.0,MARGIN CALL ($0)
50,97,0.0,9,0,9,1.0,-100.0,0.0,MARGIN CALL ($0)
50,98,0.0,9,0,9,1.0,-100.0,0.0,MARGIN CALL ($0)
50,99,0.0,9,0,9,1.0,-100.0,0.0,MARGIN CALL ($0)
50,100,0.0,9,0,9,1.0,-100.0,0.0,MARGIN CALL ($0)
51,1,0.0,8,0,8,1.0,-100.0,0.0,MARGIN CALL ($0)
51,2,0.0,25,3,22,1.0,-100.0,12.0,MARGIN CALL ($0)
51,3,0.0,21,3,18,1.0,-100.0,14.285714285714285,MARGIN CALL ($0)
51,4,0.0,21,3,18,1.0,-100.0,14.285714285714285,MARGIN CALL ($0)
51,5,0.0,20,3,17,1.0,-100.0,15.0,MARGIN CALL ($0)
51,6,0.0,17,3,14,1.0,-100.0,17.647058823529413,MARGIN CALL ($0)
51,7,0.0,17,3,14,1.0,-100.0,17.647058823529413,MARGIN CALL ($0)
51,8,0.0,18,3,15,1.0,-100.0,16.666666666666664,MARGIN CALL ($0)
51,9,0.0,18,3,15,1.0,-100.0,16.666666666666664,MARGIN CALL ($0)
51,10,0.0,14,2,12,1.0,-100.0,14.285714285714285,MARGIN CALL ($0)
51,11,0.0,15,2,13,1.0,-100.0,13.333333333333334,MARGIN CALL ($0)
100,85,0.0,8,0,8,1.0,-100.0,0.0,MARGIN CALL ($0)
51,13,0.0,3,0,3,1.0,-100.0,0.0,MARGIN CALL ($0)
51,14,0.0,3,0,3,1.0,-100.0,0.0,MARGIN CALL ($0)
51,15,0.0,3,0,3,1.0,-100.0,0.0,MARGIN CALL ($0)
51,16,0.0,3,0,3,1.0,-100.0,0.0,MARGIN CALL ($0)
51,17,0.0,3,0,3,1.0,-100.0,0.0,MARGIN CALL ($0)
51,18,0.0,3,0,3,1.0,-100.0,0.0,MARGIN CALL ($0)
51,19,0.0,3,0,3,1.0,-100.0,0.0,MARGIN CALL ($0)
51,20,0.0,3,0,3,1.0,-100.0,0.0,MARGIN CALL ($0)
51,21,0.0,3,0,3,1.0,-100.0,0.0,MARGIN CALL ($0)
51,22,0.0,4,0,4,1.0,-100.0,0.0,MARGIN CALL ($0)
51,23,0.0,4,0,4,1.0,-100.0,0.0,MARGIN CALL ($0)
51,24,0.0,4,0,4,1.0,-100.0,0.0,MARGIN CALL ($0)
51,25,0.0,4,0,4,1.0,-100.0,0.0,MARGIN CALL ($0)
51,26,0.0,8,0,8,1.0,-100.0,0.0,MARGIN CALL ($0)
51,27,0.0,8,0,8,1.0,-100.0,0.0,MARGIN CALL ($0)
51,28,0.0,9,0,9,1.0,-100.0,0.0,MARGIN CALL ($0)
51,29,0.0,7,0,7,1.0,-100.0,0.0,MARGIN CALL ($0)
51,30,0.0,7,0,7,1.0,-100.0,0.0,MARGIN CALL ($0)
51,31,0.0,7,0,7,1.0,-100.0,0.0,MARGIN CALL ($0)
51,32,0.0,7,0,7,1.0,-100.0,0.0,MARGIN CALL ($0)
51,33,0.0,8,0,8,1.0,-100.0,0.0,MARGIN CALL ($0)
51,34,0.0,8,0,8,1.0,-100.0,0.0,MARGIN CALL ($0)
51,35,0.0,6,0,6,1.0,-100.0,0.0,MARGIN CALL ($0)
51,36,0.0,7,0,7,1.0,-100.0,0.0,MARGIN CALL ($0)
51,37,0.0,7,0,7,1.0,-100.0,0.0,MARGIN CALL ($0)
51,38,0.0,8,0,8,1.0,-100.0,0.0,MARGIN CALL ($0)
51,39,0.0,8,0,8,1.0,-100.0,0.0,MARGIN CALL ($0)
51,40,0.0,8,0,8,1.0,-100.0,0.0,MARGIN CALL ($0)
51,41,0.0,8,0,8,1.0,-100.0,0.0,MARGIN CALL ($0)
51,42,0.0,9,0,9,1.0,-100.0,0.0,MARGIN CALL ($0)
51,43,0.0,9,0,9,1.0,-100.0,0.0,MARGIN CALL ($0)
51,44,0.0,9,0,9,1.0,-100.0,0.0,MARGIN CALL ($0)
51,45,0.0,9,0,9,1.0,-100.0,0.0,MARGIN CALL ($0)
51,46,0.0,9,0,9,1.0,-100.0,0.0,MARGIN CALL ($0)
51,47,0.0,8,0,8,1.0,-100.0,0.0,MARGIN CALL ($0)
51,48,0.0,9,0,9,1.0,-100.0,0.0,MARGIN CALL ($0)
51,49,0.0,8,0,8,1.0,-100.0,0.0,MARGIN CALL ($0)
51,50,0.0,8,0,8,1.0,-100.0,0.0,MARGIN CALL ($0)
51,51,0.0,7,0,7,1.0,-100.0,0.0,MARGIN CALL ($0)
51,52,0.0,7,0,7,1.0,-100.0,0.0,MARGIN CALL ($0)
51,53,0.0,7,0,7,1.0,-100.0,0.0,MARGIN CALL ($0)
51,54,0.0,7,0,7,1.0,-100.0,0.0,MARGIN CALL ($0)
51,55,0.0,7,0,7,1.0,-100.0,0.0,MARGIN CALL ($0)
51,56,0.0,7,0,7,1.0,-100.0,0.0,MARGIN CALL ($0)
51,57,0.0,9,1,8,1.0,-100.0,11.11111111111111,MARGIN CALL ($0)
51,58,0.0,9,1,8,1.0,-100.0,11.11111111111111,MARGIN CALL ($0)
51,59,0.0,10,1,9,1.0,-100.0,10.0,MARGIN CALL ($0)
51,60,0.0,10,1,9,1.0,-100.0,10.0,MARGIN CALL ($0)
51,61,0.0,11,1,10,1.0,-100.0,9.090909090909092,MARGIN CALL ($0)
51,62,0.0,9,0,9,1.0,-100.0,0.0,MARGIN CALL ($0)
51,63,0.0,9,0,9,1.0,-100.0,0.0,MARGIN CALL ($0)
51,64,0.0,9,0,9,1.0,-100.0,0.0,MARGIN CALL ($0)
51,65,0.0,11,1,10,1.0,-100.0,9.090909090909092,MARGIN CALL ($0)
51,66,0.0,11,1,10,1.0,-100.0,9.090909090909092,MARGIN CALL ($0)
51,67,0.0,10,1,9,1.0,-100.0,10.0,MARGIN CALL ($0)
51,68,0.0,10,1,9,1.0,-100.0,10.0,MARGIN CALL ($0)
51,69,0.0,11,1,10,1.0,-100.0,9.090909090909092,MARGIN CALL ($0)
51,70,0.0,11,1,10,1.0,-100.0,9.090909090909092,MARGIN CALL ($0)
51,71,0.0,11,1,10,1.0,-100.0,9.090909090909092,MARGIN CALL ($0)
51,72,0.0,10,1,9,1.0,-100.0,10.0,MARGIN CALL ($0)
51,73,0.0,10,1,9,1.0,-100.0,10.0,MARGIN CALL ($0)
51,74,0.0,8,0,8,1.0,-100.0,0.0,MARGIN CALL ($0)
51,75,0.0,8,0,8,1.0,-100.0,0.0,MARGIN CALL ($0)
51,76,0.0,8,0,8,1.0,-100.0,0.0,MARGIN CALL ($0)
51,77,0.0,8,0,8,1.0,-100.0,0.0,MARGIN CALL ($0)
51,78,0.0,9,0,9,1.0,-100.0,0.0,MARGIN CALL ($0)
51,79,0.0,9,0,9,1.0,-100.0,0.0,MARGIN CALL ($0)
51,80,0.0,9,0,9,1.0,-100.0,0.0,MARGIN CALL ($0)
51,81,0.0,9,0,9,1.0,-100.0,0.0,MARGIN CALL ($0)
51,82,0.0,8,0,8,1.0,-100.0,0.0,MARGIN CALL ($0)
51,83,0.0,8,0,8,1.0,-100.0,0.0,MARGIN CALL ($0)
51,84,0.0,9,0,9,1.0,-100.0,0.0,MARGIN CALL ($0)
51,85,0.0,9,0,9,1.0,-100.0,0.0,MARGIN CALL ($0)
51,86,0.0,8,0,8,1.0,-100.0,0.0,MARGIN CALL ($0)
51,87,0.0,8,0,8,1.0,-100.0,0.0,MARGIN CALL ($0)
51,88,0.0,8,0,8,1.0,-100.0,0.0,MARGIN CALL ($0)
51,89,0.0,8,0,8,1.0,-100.0,0.0,MARGIN CALL ($0)
51,90,0.0,8,0,8,1.0,-100.0,0.0,MARGIN CALL ($0)
51,91,0.0,8,0,8,1.0,-100.0,0.0,MARGIN CALL ($0)
51,92,0.0,8,0,8,1.0,-100.0,0.0,MARGIN CALL ($0)
51,93,0.0,8,0,8,1.0,-100.0,0.0,MARGIN CALL ($0)
51,94,0.0,8,0,8,1.0,-100.0,0.0,MARGIN CALL ($0)
51,95,0.0,8,0,8,1.0,-100.0,0.0,MARGIN CALL ($0)
51,96,0.0,8,0,8,1.0,-100.0,0.0,MARGIN CALL ($0)
51,97,0.0,9,0,9,1.0,-100.0,0.0,MARGIN CALL ($0)
51,98,0.0,7,0,7,1.0,-100.0,0.0,MARGIN CALL ($0)
51,99,0.0,7,0,7,1.0,-100.0,0.0,MARGIN CALL ($0)
51,100,0.0,7,0,7,1.0,-100.0,0.0,MARGIN CALL ($0)
52,1,0.0,8,0,8,1.0,-100.0,0.0,MARGIN CALL ($0)
52,2,0.0,25,3,22,1.0,-100.0,12.0,MARGIN CALL ($0)
52,3,0.0,21,3,18,1.0,-100.0,14.285714285714285,MARGIN CALL ($0)
52,4,0.0,21,3,18,1.0,-100.0,14.285714285714285,MARGIN CALL ($0)
52,5,0.0,20,3,17,1.0,-100.0,15.0,MARGIN CALL ($0)
52,6,0.0,17,3,14,1.0,-100.0,17.647058823529413,MARGIN CALL ($0)
52,7,0.0,17,3,14,1.0,-100.0,17.647058823529413,MARGIN CALL ($0)
52,8,0.0,18,3,15,1.0,-100.0,16.666666666666664,MARGIN CALL ($0)
52,9,0.0,18,3,15,1.0,-100.0,16.666666666666664,MARGIN CALL ($0)
52,10,0.0,14,2,12,1.0,-100.0,14.285714285714285,MARGIN CALL ($0)
52,11,0.0,15,2,13,1.0,-100.0,13.333333333333334,MARGIN CALL ($0)
100,86,0.0,9,0,9,1.0,-100.0,0.0,MARGIN CALL ($0)
52,13,0.0,3,0,3,1.0,-100.0,0.0,MARGIN CALL ($0)
52,14,0.0,3,0,3,1.0,-100.0,0.0,MARGIN CALL ($0)
52,15,0.0,3,0,3,1.0,-100.0,0.0,MARGIN CALL ($0)
52,16,0.0,3,0,3,1.0,-100.0,0.0,MARGIN CALL ($0)
52,17,0.0,3,0,3,1.0,-100.0,0.0,MARGIN CALL ($0)
52,18,0.0,3,0,3,1.0,-100.0,0.0,MARGIN CALL ($0)
52,19,0.0,3,0,3,1.0,-100.0,0.0,MARGIN CALL ($0)
52,20,0.0,3,0,3,1.0,-100.0,0.0,MARGIN CALL ($0)
52,21,0.0,3,0,3,1.0,-100.0,0.0,MARGIN CALL ($0)
52,22,0.0,4,0,4,1.0,-100.0,0.0,MARGIN CALL ($0)
52,23,0.0,4,0,4,1.0,-100.0,0.0,MARGIN CALL ($0)
52,24,0.0,4,0,4,1.0,-100.0,0.0,MARGIN CALL ($0)
52,25,0.0,4,0,4,1.0,-100.0,0.0,MARGIN CALL ($0)
52,26,0.0,8,0,8,1.0,-100.0,0.0,MARGIN CALL ($0)
52,27,0.0,8,0,8,1.0,-100.0,0.0,MARGIN CALL ($0)
52,28,0.0,8,0,8,1.0,-100.0,0.0,MARGIN CALL ($0)
52,29,0.0,7,0,7,1.0,-100.0,0.0,MARGIN CALL ($0)
52,30,0.0,8,0,8,1.0,-100.0,0.0,MARGIN CALL ($0)
52,31,0.0,8,0,8,1.0,-100.0,0.0,MARGIN CALL ($0)
52,32,0.0,7,0,7,1.0,-100.0,0.0,MARGIN CALL ($0)
52,33,0.0,8,0,8,1.0,-100.0,0.0,MARGIN CALL ($0)
52,34,0.0,7,0,7,1.0,-100.0,0.0,MARGIN CALL ($0)
52,35,0.0,6,0,6,1.0,-100.0,0.0,MARGIN CALL ($0)
52,36,0.0,7,0,7,1.0,-100.0,0.0,MARGIN CALL ($0)
52,37,0.0,7,0,7,1.0,-100.0,0.0,MARGIN CALL ($0)
52,38,0.0,7,0,7,1.0,-100.0,0.0,MARGIN CALL ($0)
52,39,0.0,8,0,8,1.0,-100.0,0.0,MARGIN CALL ($0)
52,40,0.0,8,0,8,1.0,-100.0,0.0,MARGIN CALL ($0)
52,41,0.0,8,0,8,1.0,-100.0,0.0,MARGIN CALL ($0)
52,42,0.0,8,0,8,1.0,-100.0,0.0,MARGIN CALL ($0)
52,43,0.0,8,0,8,1.0,-100.0,0.0,MARGIN CALL ($0)
52,44,0.0,8,0,8,1.0,-100.0,0.0,MARGIN CALL ($0)
52,45,0.0,8,0,8,1.0,-100.0,0.0,MARGIN CALL ($0)
52,46,0.0,8,0,8,1.0,-100.0,0.0,MARGIN CALL ($0)
52,47,0.0,8,0,8,1.0,-100.0,0.0,MARGIN CALL ($0)
52,48,0.0,9,0,9,1.0,-100.0,0.0,MARGIN CALL ($0)
52,49,0.0,8,0,8,1.0,-100.0,0.0,MARGIN CALL ($0)
52,50,0.0,8,0,8,1.0,-100.0,0.0,MARGIN CALL ($0)
52,51,0.0,7,0,7,1.0,-100.0,0.0,MARGIN CALL ($0)
52,52,0.0,57,4,53,1.0,-100.0,7.017543859649122,MARGIN CALL ($0)
52,53,0.0,25,2,23,1.0,-100.0,8.0,MARGIN CALL ($0)
52,54,0.0,25,2,23,1.0,-100.0,8.0,MARGIN CALL ($0)
52,55,0.0,7,0,7,1.0,-100.0,0.0,MARGIN CALL ($0)
52,56,0.0,7,0,7,1.0,-100.0,0.0,MARGIN CALL ($0)
52,57,0.0,28,3,25,1.0,-100.0,10.714285714285714,MARGIN CALL ($0)
52,58,0.0,27,3,24,1.0,-100.0,11.11111111111111,MARGIN CALL ($0)
52,59,0.0,27,3,24,1.0,-100.0,11.11111111111111,MARGIN CALL ($0)
52,60,0.0,11,1,10,1.0,-100.0,9.090909090909092,MARGIN CALL ($0)
52,61,0.0,11,1,10,1.0,-100.0,9.090909090909092,MARGIN CALL ($0)
52,62,0.0,9,0,9,1.0,-100.0,0.0,MARGIN CALL ($0)
52,63,0.0,9,0,9,1.0,-100.0,0.0,MARGIN CALL ($0)
52,64,0.0,9,0,9,1.0,-100.0,0.0,MARGIN CALL ($0)
52,65,0.0,10,1,9,1.0,-100.0,10.0,MARGIN CALL ($0)
52,66,0.0,12,1,11,1.0,-100.0,8.333333333333332,MARGIN CALL ($0)
52,67,0.0,10,1,9,1.0,-100.0,10.0,MARGIN CALL ($0)
52,68,0.0,10,1,9,1.0,-100.0,10.0,MARGIN CALL ($0)
52,69,0.0,10,1,9,1.0,-100.0,10.0,MARGIN CALL ($0)
52,70,0.0,10,1,9,1.0,-100.0,10.0,MARGIN CALL ($0)
52,71,0.0,10,1,9,1.0,-100.0,10.0,MARGIN CALL ($0)
52,72,0.0,9,1,8,1.0,-100.0,11.11111111111111,MARGIN CALL ($0)
100,87,0.0,9,0,9,1.0,-100.0,0.0,MARGIN CALL ($0)
52,74,0.0,9,0,9,1.0,-100.0,0.0,MARGIN CALL ($0)
52,75,0.0,9,0,9,1.0,-100.0,0.0,MARGIN CALL ($0)
52,76,0.0,9,0,9,1.0,-100.0,0.0,MARGIN CALL ($0)
52,77,0.0,9,0,9,1.0,-100.0,0.0,MARGIN CALL ($0)
52,78,0.0,8,0,8,1.0,-100.0,0.0,MARGIN CALL ($0)
52,79,0.0,8,0,8,1.0,-100.0,0.0,MARGIN CALL ($0)
52,80,0.0,8,0,8,1.0,-100.0,0.0,MARGIN CALL ($0)
52,81,0.0,8,0,8,1.0,-100.0,0.0,MARGIN CALL ($0)
52,82,0.0,8,0,8,1.0,-100.0,0.0,MARGIN CALL ($0)
52,83,0.0,8,0,8,1.0,-100.0,0.0,MARGIN CALL ($0)
52,84,0.0,8,0,8,1.0,-100.0,0.0,MARGIN CALL ($0)
52,85,0.0,8,0,8,1.0,-100.0,0.0,MARGIN CALL ($0)
52,86,0.0,8,0,8,1.0,-100.0,0.0,MARGIN CALL ($0)
52,87,0.0,8,0,8,1.0,-100.0,0.0,MARGIN CALL ($0)
52,88,0.0,9,0,9,1.0,-100.0,0.0,MARGIN CALL ($0)
52,89,0.0,8,0,8,1.0,-100.0,0.0,MARGIN CALL ($0)
52,90,0.0,8,0,8,1.0,-100.0,0.0,MARGIN CALL ($0)
52,91,0.0,8,0,8,1.0,-100.0,0.0,MARGIN CALL ($0)
52,92,0.0,8,0,8,1.0,-100.0,0.0,MARGIN CALL ($0)
52,93,0.0,8,0,8,1.0,-100.0,0.0,MARGIN CALL ($0)
52,94,0.0,8,0,8,1.0,-100.0,0.0,MARGIN CALL ($0)
52,95,0.0,8,0,8,1.0,-100.0,0.0,MARGIN CALL ($0)
52,96,0.0,9,0,9,1.0,-100.0,0.0,MARGIN CALL ($0)
52,97,0.0,8,0,8,1.0,-100.0,0.0,MARGIN CALL ($0)
52,98,0.0,8,0,8,1.0,-100.0,0.0,MARGIN CALL ($0)
52,99,0.0,8,0,8,1.0,-100.0,0.0,MARGIN CALL ($0)
52,100,0.0,8,0,8,1.0,-100.0,0.0,MARGIN CALL ($0)
53,1,0.0,8,0,8,1.0,-100.0,0.0,MARGIN CALL ($0)
53,2,0.0,25,3,22,1.0,-100.0,12.0,MARGIN CALL ($0)
53,3,0.0,21,3,18,1.0,-100.0,14.285714285714285,MARGIN CALL ($0)
53,4,0.0,21,3,18,1.0,-100.0,14.285714285714285,MARGIN CALL ($0)
53,5,0.0,21,3,18,1.0,-100.0,14.285714285714285,MARGIN CALL ($0)
53,6,0.0,18,3,15,1.0,-100.0,16.666666666666664,MARGIN CALL ($0)
53,7,0.0,18,3,15,1.0,-100.0,16.666666666666664,MARGIN CALL ($0)
53,8,0.0,21,3,18,1.0,-100.0,14.285714285714285,MARGIN CALL ($0)
53,9,0.0,27,4,23,1.0,-100.0,14.814814814814813,MARGIN CALL ($0)
53,10,0.0,23,3,20,1.0,-100.0,13.043478260869565,MARGIN CALL ($0)
53,11,0.0,18,2,16,1.0,-100.0,11.11111111111111,MARGIN CALL ($0)
100,88,0.0,10,0,10,1.0,-100.0,0.0,MARGIN CALL ($0)
53,13,0.0,5,0,5,1.0,-100.0,0.0,MARGIN CALL ($0)
53,14,0.0,5,0,5,1.0,-100.0,0.0,MARGIN CALL ($0)
53,15,0.0,5,0,5,1.0,-100.0,0.0,MARGIN CALL ($0)
53,16,0.0,4,0,4,1.0,-100.0,0.0,MARGIN CALL ($0)
53,17,0.0,4,0,4,1.0,-100.0,0.0,MARGIN CALL ($0)
53,18,0.0,5,0,5,1.0,-100.0,0.0,MARGIN CALL ($0)
53,19,0.0,5,0,5,1.0,-100.0,0.0,MARGIN CALL ($0)
53,20,0.0,5,0,5,1.0,-100.0,0.0,MARGIN CALL ($0)
53,21,0.0,5,0,5,1.0,-100.0,0.0,MARGIN CALL ($0)
53,22,0.0,5,0,5,1.0,-100.0,0.0,MARGIN CALL ($0)
53,23,0.0,5,0,5,1.0,-100.0,0.0,MARGIN CALL ($0)
53,24,0.0,7,0,7,1.0,-100.0,0.0,MARGIN CALL ($0)
53,25,0.0,9,2,7,1.0,-100.0,22.22222222222222,MARGIN CALL ($0)
53,26,0.0,5,0,5,1.0,-100.0,0.0,MARGIN CALL ($0)
53,27,0.0,5,0,5,1.0,-100.0,0.0,MARGIN CALL ($0)
53,28,0.0,5,0,5,1.0,-100.0,0.0,MARGIN CALL ($0)
53,29,0.0,11,0,11,1.0,-100.0,0.0,MARGIN CALL ($0)
53,30,0.0,9,0,9,1.0,-100.0,0.0,MARGIN CALL ($0)
53,31,0.0,9,0,9,1.0,-100.0,0.0,MARGIN CALL ($0)
53,32,0.0,8,0,8,1.0,-100.0,0.0,MARGIN CALL ($0)
53,33,0.0,11,0,11,1.0,-100.0,0.0,MARGIN CALL ($0)
53,34,0.0,7,0,7,1.0,-100.0,0.0,MARGIN CALL ($0)
53,35,0.0,6,0,6,1.0,-100.0,0.0,MARGIN CALL ($0)
53,36,0.0,7,0,7,1.0,-100.0,0.0,MARGIN CALL ($0)
53,37,0.0,7,0,7,1.0,-100.0,0.0,MARGIN CALL ($0)
53,38,0.0,7,0,7,1.0,-100.0,0.0,MARGIN CALL ($0)
53,39,0.0,8,0,8,1.0,-100.0,0.0,MARGIN CALL ($0)
53,40,0.0,8,0,8,1.0,-100.0,0.0,MARGIN CALL ($0)
53,41,0.0,8,0,8,1.0,-100.0,0.0,MARGIN CALL ($0)
53,42,0.0,8,0,8,1.0,-100.0,0.0,MARGIN CALL ($0)
53,43,0.0,8,0,8,1.0,-100.0,0.0,MARGIN CALL ($0)
53,44,0.0,8,0,8,1.0,-100.0,0.0,MARGIN CALL ($0)
53,45,0.0,8,0,8,1.0,-100.0,0.0,MARGIN CALL ($0)
53,46,0.0,8,0,8,1.0,-100.0,0.0,MARGIN CALL ($0)
53,47,0.0,8,0,8,1.0,-100.0,0.0,MARGIN CALL ($0)
53,48,0.0,9,0,9,1.0,-100.0,0.0,MARGIN CALL ($0)
53,49,0.0,8,0,8,1.0,-100.0,0.0,MARGIN CALL ($0)
53,50,0.0,8,0,8,1.0,-100.0,0.0,MARGIN CALL ($0)
53,51,0.0,7,0,7,1.0,-100.0,0.0,MARGIN CALL ($0)
100,89,0.0,10,0,10,1.0,-100.0,0.0,MARGIN CALL ($0)
100,90,0.0,9,0,9,1.0,-100.0,0.0,MARGIN CALL ($0)
53,54,0.0,40,3,37,1.0,-100.0,7.5,MARGIN CALL ($0)
100,91,0.0,9,0,9,1.0,-100.0,0.0,MARGIN CALL ($0)
53,56,0.0,108,10,98,1.0,-100.0,9.25925925925926,MARGIN CALL ($0)
53,57,0.0,27,3,24,1.0,-100.0,11.11111111111111,MARGIN CALL ($0)
53,58,0.0,94,9,85,1.0,-100.0,9.574468085106384,MARGIN CALL ($0)
53,59,0.0,28,3,25,1.0,-100.0,10.714285714285714,MARGIN CALL ($0)
53,60,0.0,39,4,35,1.0,-100.0,10.256410256410255,MARGIN CALL ($0)
53,61,0.0,39,4,35,1.0,-100.0,10.256410256410255,MARGIN CALL ($0)
53,62,0.0,28,2,26,1.0,-100.0,7.142857142857142,MARGIN CALL ($0)
53,63,0.0,29,2,27,1.0,-100.0,6.896551724137931,MARGIN CALL ($0)
53,64,0.0,28,2,26,1.0,-100.0,7.142857142857142,MARGIN CALL ($0)
53,65,0.0,10,1,9,1.0,-100.0,10.0,MARGIN CALL ($0)
53,66,0.0,10,1,9,1.0,-100.0,10.0,MARGIN CALL ($0)
53,67,0.0,11,1,10,1.0,-100.0,9.090909090909092,MARGIN CALL ($0)
53,68,0.0,11,1,10,1.0,-100.0,9.090909090909092,MARGIN CALL ($0)
53,69,0.0,10,1,9,1.0,-100.0,10.0,MARGIN CALL ($0)
53,70,0.0,10,1,9,1.0,-100.0,10.0,MARGIN CALL ($0)
53,71,0.0,10,1,9,1.0,-100.0,10.0,MARGIN CALL ($0)
100,92,0.0,9,0,9,1.0,-100.0,0.0,MARGIN CALL ($0)
100,93,0.0,9,0,9,1.0,-100.0,0.0,MARGIN CALL ($0)
100,94,0.0,8,0,8,1.0,-100.0,0.0,MARGIN CALL ($0)
100,95,0.0,8,0,8,1.0,-100.0,0.0,MARGIN CALL ($0)
100,96,0.0,8,0,8,1.0,-100.0,0.0,MARGIN CALL ($0)
100,97,0.0,6,0,6,1.0,-100.0,0.0,MARGIN CALL ($0)
100,98,0.0,6,0,6,1.0,-100.0,0.0,MARGIN CALL ($0)
100,99,0.0,6,0,6,1.0,-100.0,0.0,MARGIN CALL ($0)
53,80,0.0,7,0,7,1.0,-100.0,0.0,MARGIN CALL ($0)
53,81,0.0,7,0,7,1.0,-100.0,0.0,MARGIN CALL ($0)
100,100,0.0,6,0,6,1.0,-100.0,0.0,MARGIN CALL ($0)
53,83,0.0,15,1,14,1.0,-100.0,6.666666666666667,MARGIN CALL ($0)
53,84,0.0,7,0,7,1.0,-100.0,0.0,MARGIN CALL ($0)
53,85,0.0,15,1,14,1.0,-100.0,6.666666666666667,MARGIN CALL ($0)
53,86,0.0,16,1,15,1.0,-100.0,6.25,MARGIN CALL ($0)
53,87,0.0,15,1,14,1.0,-100.0,6.666666666666667,MARGIN CALL ($0)
53,88,0.0,10,0,10,1.0,-100.0,0.0,MARGIN CALL ($0)
53,89,0.0,10,0,10,1.0,-100.0,0.0,MARGIN CALL ($0)
53,90,0.0,10,0,10,1.0,-100.0,0.0,MARGIN CALL ($0)
53,91,0.0,10,0,10,1.0,-100.0,0.0,MARGIN CALL ($0)
53,92,0.0,49,6,43,1.0,-100.0,12.244897959183673,MARGIN CALL ($0)
1,17,0.0,4,0,4,1.0,-100.0,0.0,MARGIN CALL ($0)
53,94,0.0,10,0,10,1.0,-100.0,0.0,MARGIN CALL ($0)
53,95,0.0,11,0,11,1.0,-100.0,0.0,MARGIN CALL ($0)
53,96,0.0,11,0,11,1.0,-100.0,0.0,MARGIN CALL ($0)
1,18,0.0,4,0,4,1.0,-100.0,0.0,MARGIN CALL ($0)
1,19,0.0,4,0,4,1.0,-100.0,0.0,MARGIN CALL ($0)
1,20,0.0,4,0,4,1.0,-100.0,0.0,MARGIN CALL ($0)
1,21,0.0,5,0,5,1.0,-100.0,0.0,MARGIN CALL ($0)
54,1,0.0,8,0,8,1.0,-100.0,0.0,MARGIN CALL ($0)
54,2,0.0,25,3,22,1.0,-100.0,12.0,MARGIN CALL ($0)
54,3,0.0,21,3,18,1.0,-100.0,14.285714285714285,MARGIN CALL ($0)
54,4,0.0,21,3,18,1.0,-100.0,14.285714285714285,MARGIN CALL ($0)
54,5,0.0,21,3,18,1.0,-100.0,14.285714285714285,MARGIN CALL ($0)
54,6,0.0,18,3,15,1.0,-100.0,16.666666666666664,MARGIN CALL ($0)
54,7,0.0,18,3,15,1.0,-100.0,16.666666666666664,MARGIN CALL ($0)
54,8,0.0,21,3,18,1.0,-100.0,14.285714285714285,MARGIN CALL ($0)
54,9,0.0,27,4,23,1.0,-100.0,14.814814814814813,MARGIN CALL ($0)
54,10,0.0,23,3,20,1.0,-100.0,13.043478260869565,MARGIN CALL ($0)
54,11,0.0,18,2,16,1.0,-100.0,11.11111111111111,MARGIN CALL ($0)
1,22,0.0,5,0,5,1.0,-100.0,0.0,MARGIN CALL ($0)
54,13,0.0,5,0,5,1.0,-100.0,0.0,MARGIN CALL ($0)
54,14,0.0,5,0,5,1.0,-100.0,0.0,MARGIN CALL ($0)
54,15,0.0,5,0,5,1.0,-100.0,0.0,MARGIN CALL ($0)
54,16,0.0,4,0,4,1.0,-100.0,0.0,MARGIN CALL ($0)
54,17,0.0,4,0,4,1.0,-100.0,0.0,MARGIN CALL ($0)
54,18,0.0,5,0,5,1.0,-100.0,0.0,MARGIN CALL ($0)
54,19,0.0,5,0,5,1.0,-100.0,0.0,MARGIN CALL ($0)
54,20,0.0,5,0,5,1.0,-100.0,0.0,MARGIN CALL ($0)
54,21,0.0,5,0,5,1.0,-100.0,0.0,MARGIN CALL ($0)
54,22,0.0,5,0,5,1.0,-100.0,0.0,MARGIN CALL ($0)
54,23,0.0,5,0,5,1.0,-100.0,0.0,MARGIN CALL ($0)
54,24,0.0,7,0,7,1.0,-100.0,0.0,MARGIN CALL ($0)
54,25,0.0,9,2,7,1.0,-100.0,22.22222222222222,MARGIN CALL ($0)
54,26,0.0,5,0,5,1.0,-100.0,0.0,MARGIN CALL ($0)
54,27,0.0,5,0,5,1.0,-100.0,0.0,MARGIN CALL ($0)
54,28,0.0,5,0,5,1.0,-100.0,0.0,MARGIN CALL ($0)
54,29,0.0,9,0,9,1.0,-100.0,0.0,MARGIN CALL ($0)
54,30,0.0,10,0,10,1.0,-100.0,0.0,MARGIN CALL ($0)
54,31,0.0,10,0,10,1.0,-100.0,0.0,MARGIN CALL ($0)
54,32,0.0,9,0,9,1.0,-100.0,0.0,MARGIN CALL ($0)
54,33,0.0,11,0,11,1.0,-100.0,0.0,MARGIN CALL ($0)
54,34,0.0,7,0,7,1.0,-100.0,0.0,MARGIN CALL ($0)
54,35,0.0,6,0,6,1.0,-100.0,0.0,MARGIN CALL ($0)
54,36,0.0,7,0,7,1.0,-100.0,0.0,MARGIN CALL ($0)
54,37,0.0,7,0,7,1.0,-100.0,0.0,MARGIN CALL ($0)
54,38,0.0,7,0,7,1.0,-100.0,0.0,MARGIN CALL ($0)
54,39,0.0,8,0,8,1.0,-100.0,0.0,MARGIN CALL ($0)
54,40,0.0,8,0,8,1.0,-100.0,0.0,MARGIN CALL ($0)
54,41,0.0,8,0,8,1.0,-100.0,0.0,MARGIN CALL ($0)
54,42,0.0,8,0,8,1.0,-100.0,0.0,MARGIN CALL ($0)
54,43,0.0,8,0,8,1.0,-100.0,0.0,MARGIN CALL ($0)
54,44,0.0,8,0,8,1.0,-100.0,0.0,MARGIN CALL ($0)
54,45,0.0,8,0,8,1.0,-100.0,0.0,MARGIN CALL ($0)
54,46,0.0,8,0,8,1.0,-100.0,0.0,MARGIN CALL ($0)
54,47,0.0,8,0,8,1.0,-100.0,0.0,MARGIN CALL ($0)
54,48,0.0,9,0,9,1.0,-100.0,0.0,MARGIN CALL ($0)
54,49,0.0,8,0,8,1.0,-100.0,0.0,MARGIN CALL ($0)
54,50,0.0,8,0,8,1.0,-100.0,0.0,MARGIN CALL ($0)
54,51,0.0,7,0,7,1.0,-100.0,0.0,MARGIN CALL ($0)
1,23,0.0,5,0,5,1.0,-100.0,0.0,MARGIN CALL ($0)
54,53,0.0,40,3,37,1.0,-100.0,7.5,MARGIN CALL ($0)
54,54,0.0,6,0,6,1.0,-100.0,0.0,MARGIN CALL ($0)
1,24,0.0,5,0,5,1.0,-100.0,0.0,MARGIN CALL ($0)
54,56,0.0,94,8,86,1.0,-100.0,8.51063829787234,MARGIN CALL ($0)
54,57,0.0,8,1,7,1.0,-100.0,12.5,MARGIN CALL ($0)
54,58,0.0,8,1,7,1.0,-100.0,12.5,MARGIN CALL ($0)
54,59,0.0,9,1,8,1.0,-100.0,11.11111111111111,MARGIN CALL ($0)
54,60,0.0,10,1,9,1.0,-100.0,10.0,MARGIN CALL ($0)
54,61,0.0,11,1,10,1.0,-100.0,9.090909090909092,MARGIN CALL ($0)
54,62,0.0,9,0,9,1.0,-100.0,0.0,MARGIN CALL ($0)
54,63,0.0,10,0,10,1.0,-100.0,0.0,MARGIN CALL ($0)
54,64,0.0,10,0,10,1.0,-100.0,0.0,MARGIN CALL ($0)
54,65,0.0,10,1,9,1.0,-100.0,10.0,MARGIN CALL ($0)
54,66,0.0,10,1,9,1.0,-100.0,10.0,MARGIN CALL ($0)
54,67,0.0,11,1,10,1.0,-100.0,9.090909090909092,MARGIN CALL ($0)
54,68,0.0,11,1,10,1.0,-100.0,9.090909090909092,MARGIN CALL ($0)
54,69,0.0,10,1,9,1.0,-100.0,10.0,MARGIN CALL ($0)
54,70,0.0,10,1,9,1.0,-100.0,10.0,MARGIN CALL ($0)
54,71,0.0,10,1,9,1.0,-100.0,10.0,MARGIN CALL ($0)
54,72,0.0,29,4,25,1.0,-100.0,13.793103448275861,MARGIN CALL ($0)
1,25,0.0,4,0,4,1.0,-100.0,0.0,MARGIN CALL ($0)
1,26,0.0,4,0,4,1.0,-100.0,0.0,MARGIN CALL ($0)
1,27,0.0,4,0,4,1.0,-100.0,0.0,MARGIN CALL ($0)
1,28,0.0,4,0,4,1.0,-100.0,0.0,MARGIN CALL ($0)
1,29,0.0,5,0,5,1.0,-100.0,0.0,MARGIN CALL ($0)
1,30,0.0,5,0,5,1.0,-100.0,0.0,MARGIN CALL ($0)
1,31,0.0,5,0,5,1.0,-100.0,0.0,MARGIN CALL ($0)
54,80,0.0,7,0,7,1.0,-100.0,0.0,MARGIN CALL ($0)
54,81,0.0,7,0,7,1.0,-100.0,0.0,MARGIN CALL ($0)
54,82,0.0,23,3,20,1.0,-100.0,13.043478260869565,MARGIN CALL ($0)
54,83,0.0,6,0,6,1.0,-100.0,0.0,MARGIN CALL ($0)
54,84,0.0,7,0,7,1.0,-100.0,0.0,MARGIN CALL ($0)
54,85,0.0,7,0,7,1.0,-100.0,0.0,MARGIN CALL ($0)
54,86,0.0,7,0,7,1.0,-100.0,0.0,MARGIN CALL ($0)
54,87,0.0,7,0,7,1.0,-100.0,0.0,MARGIN CALL ($0)
54,88,0.0,10,0,10,1.0,-100.0,0.0,MARGIN CALL ($0)
54,89,0.0,11,0,11,1.0,-100.0,0.0,MARGIN CALL ($0)
54,90,0.0,11,0,11,1.0,-100.0,0.0,MARGIN CALL ($0)
54,91,0.0,11,0,11,1.0,-100.0,0.0,MARGIN CALL ($0)
54,92,0.0,10,0,10,1.0,-100.0,0.0,MARGIN CALL ($0)
54,93,0.0,11,0,11,1.0,-100.0,0.0,MARGIN CALL ($0)
54,94,0.0,10,0,10,1.0,-100.0,0.0,MARGIN CALL ($0)
54,95,0.0,11,0,11,1.0,-100.0,0.0,MARGIN CALL ($0)
54,96,0.0,11,0,11,1.0,-100.0,0.0,MARGIN CALL ($0)
54,97,0.0,10,0,10,1.0,-100.0,0.0,MARGIN CALL ($0)
54,98,0.0,9,0,9,1.0,-100.0,0.0,MARGIN CALL ($0)
54,99,0.0,9,0,9,1.0,-100.0,0.0,MARGIN CALL ($0)
54,100,0.0,9,0,9,1.0,-100.0,0.0,MARGIN CALL ($0)
55,1,0.0,8,0,8,1.0,-100.0,0.0,MARGIN CALL ($0)
55,2,0.0,25,3,22,1.0,-100.0,12.0,MARGIN CALL ($0)
55,3,0.0,21,3,18,1.0,-100.0,14.285714285714285,MARGIN CALL ($0)
55,4,0.0,21,3,18,1.0,-100.0,14.285714285714285,MARGIN CALL ($0)
55,5,0.0,21,3,18,1.0,-100.0,14.285714285714285,MARGIN CALL ($0)
55,6,0.0,18,3,15,1.0,-100.0,16.666666666666664,MARGIN CALL ($0)
55,7,0.0,18,3,15,1.0,-100.0,16.666666666666664,MARGIN CALL ($0)
55,8,0.0,21,3,18,1.0,-100.0,14.285714285714285,MARGIN CALL ($0)
55,9,0.0,27,4,23,1.0,-100.0,14.814814814814813,MARGIN CALL ($0)
55,10,0.0,23,3,20,1.0,-100.0,13.043478260869565,MARGIN CALL ($0)
55,11,0.0,18,2,16,1.0,-100.0,11.11111111111111,MARGIN CALL ($0)
1,32,0.0,5,0,5,1.0,-100.0,0.0,MARGIN CALL ($0)
55,13,0.0,5,0,5,1.0,-100.0,0.0,MARGIN CALL ($0)
55,14,0.0,5,0,5,1.0,-100.0,0.0,MARGIN CALL ($0)
55,15,0.0,5,0,5,1.0,-100.0,0.0,MARGIN CALL ($0)
55,16,0.0,4,0,4,1.0,-100.0,0.0,MARGIN CALL ($0)
55,17,0.0,4,0,4,1.0,-100.0,0.0,MARGIN CALL ($0)
55,18,0.0,5,0,5,1.0,-100.0,0.0,MARGIN CALL ($0)
55,19,0.0,5,0,5,1.0,-100.0,0.0,MARGIN CALL ($0)
55,20,0.0,5,0,5,1.0,-100.0,0.0,MARGIN CALL ($0)
55,21,0.0,5,0,5,1.0,-100.0,0.0,MARGIN CALL ($0)
55,22,0.0,5,0,5,1.0,-100.0,0.0,MARGIN CALL ($0)
55,23,0.0,5,0,5,1.0,-100.0,0.0,MARGIN CALL ($0)
55,24,0.0,7,0,7,1.0,-100.0,0.0,MARGIN CALL ($0)
55,25,0.0,9,2,7,1.0,-100.0,22.22222222222222,MARGIN CALL ($0)
55,26,0.0,5,0,5,1.0,-100.0,0.0,MARGIN CALL ($0)
55,27,0.0,5,0,5,1.0,-100.0,0.0,MARGIN CALL ($0)
55,28,0.0,5,0,5,1.0,-100.0,0.0,MARGIN CALL ($0)
55,29,0.0,9,0,9,1.0,-100.0,0.0,MARGIN CALL ($0)
55,30,0.0,10,0,10,1.0,-100.0,0.0,MARGIN CALL ($0)
55,31,0.0,10,0,10,1.0,-100.0,0.0,MARGIN CALL ($0)
55,32,0.0,9,0,9,1.0,-100.0,0.0,MARGIN CALL ($0)
55,33,0.0,11,0,11,1.0,-100.0,0.0,MARGIN CALL ($0)
55,34,0.0,7,0,7,1.0,-100.0,0.0,MARGIN CALL ($0)
55,35,0.0,6,0,6,1.0,-100.0,0.0,MARGIN CALL ($0)
55,36,0.0,7,0,7,1.0,-100.0,0.0,MARGIN CALL ($0)
55,37,0.0,7,0,7,1.0,-100.0,0.0,MARGIN CALL ($0)
55,38,0.0,7,0,7,1.0,-100.0,0.0,MARGIN CALL ($0)
55,39,0.0,8,0,8,1.0,-100.0,0.0,MARGIN CALL ($0)
55,40,0.0,8,0,8,1.0,-100.0,0.0,MARGIN CALL ($0)
55,41,0.0,8,0,8,1.0,-100.0,0.0,MARGIN CALL ($0)
55,42,0.0,8,0,8,1.0,-100.0,0.0,MARGIN CALL ($0)
55,43,0.0,8,0,8,1.0,-100.0,0.0,MARGIN CALL ($0)
55,44,0.0,8,0,8,1.0,-100.0,0.0,MARGIN CALL ($0)
55,45,0.0,8,0,8,1.0,-100.0,0.0,MARGIN CALL ($0)
55,46,0.0,8,0,8,1.0,-100.0,0.0,MARGIN CALL ($0)
55,47,0.0,8,0,8,1.0,-100.0,0.0,MARGIN CALL ($0)
55,48,0.0,9,0,9,1.0,-100.0,0.0,MARGIN CALL ($0)
55,49,0.0,8,0,8,1.0,-100.0,0.0,MARGIN CALL ($0)
55,50,0.0,8,0,8,1.0,-100.0,0.0,MARGIN CALL ($0)
55,51,0.0,7,0,7,1.0,-100.0,0.0,MARGIN CALL ($0)
1,33,0.0,5,0,5,1.0,-100.0,0.0,MARGIN CALL ($0)
55,53,0.0,41,3,38,1.0,-100.0,7.317073170731707,MARGIN CALL ($0)
55,54,0.0,6,0,6,1.0,-100.0,0.0,MARGIN CALL ($0)
1,34,0.0,9,0,9,1.0,-100.0,0.0,MARGIN CALL ($0)
55,56,0.0,91,8,83,1.0,-100.0,8.791208791208792,MARGIN CALL ($0)
55,57,0.0,8,1,7,1.0,-100.0,12.5,MARGIN CALL ($0)
55,58,0.0,8,1,7,1.0,-100.0,12.5,MARGIN CALL ($0)
55,59,0.0,9,1,8,1.0,-100.0,11.11111111111111,MARGIN CALL ($0)
55,60,0.0,10,1,9,1.0,-100.0,10.0,MARGIN CALL ($0)
55,61,0.0,11,1,10,1.0,-100.0,9.090909090909092,MARGIN CALL ($0)
55,62,0.0,9,0,9,1.0,-100.0,0.0,MARGIN CALL ($0)
55,63,0.0,10,0,10,1.0,-100.0,0.0,MARGIN CALL ($0)
55,64,0.0,10,0,10,1.0,-100.0,0.0,MARGIN CALL ($0)
55,65,0.0,10,1,9,1.0,-100.0,10.0,MARGIN CALL ($0)
55,66,0.0,10,1,9,1.0,-100.0,10.0,MARGIN CALL ($0)
55,67,0.0,11,1,10,1.0,-100.0,9.090909090909092,MARGIN CALL ($0)
55,68,0.0,11,1,10,1.0,-100.0,9.090909090909092,MARGIN CALL ($0)
55,69,0.0,10,1,9,1.0,-100.0,10.0,MARGIN CALL ($0)
55,70,0.0,10,1,9,1.0,-100.0,10.0,MARGIN CALL ($0)
55,71,0.0,10,1,9,1.0,-100.0,10.0,MARGIN CALL ($0)
55,72,0.0,30,4,26,1.0,-100.0,13.333333333333334,MARGIN CALL ($0)
1,35,0.0,9,0,9,1.0,-100.0,0.0,MARGIN CALL ($0)
1,36,0.0,9,0,9,1.0,-100.0,0.0,MARGIN CALL ($0)
1,37,0.0,9,0,9,1.0,-100.0,0.0,MARGIN CALL ($0)
1,38,0.0,9,0,9,1.0,-100.0,0.0,MARGIN CALL ($0)
1,39,0.0,9,0,9,1.0,-100.0,0.0,MARGIN CALL ($0)
1,40,0.0,9,0,9,1.0,-100.0,0.0,MARGIN CALL ($0)
1,41,0.0,9,0,9,1.0,-100.0,0.0,MARGIN CALL ($0)
55,80,0.0,7,0,7,1.0,-100.0,0.0,MARGIN CALL ($0)
55,81,0.0,7,0,7,1.0,-100.0,0.0,MARGIN CALL ($0)
55,82,0.0,23,3,20,1.0,-100.0,13.043478260869565,MARGIN CALL ($0)
55,83,0.0,6,0,6,1.0,-100.0,0.0,MARGIN CALL ($0)
55,84,0.0,7,0,7,1.0,-100.0,0.0,MARGIN CALL ($0)
55,85,0.0,7,0,7,1.0,-100.0,0.0,MARGIN CALL ($0)
55,86,0.0,7,0,7,1.0,-100.0,0.0,MARGIN CALL ($0)
55,87,0.0,7,0,7,1.0,-100.0,0.0,MARGIN CALL ($0)
55,88,0.0,10,0,10,1.0,-100.0,0.0,MARGIN CALL ($0)
55,89,0.0,11,0,11,1.0,-100.0,0.0,MARGIN CALL ($0)
55,90,0.0,10,0,10,1.0,-100.0,0.0,MARGIN CALL ($0)
55,91,0.0,10,0,10,1.0,-100.0,0.0,MARGIN CALL ($0)
55,92,0.0,9,0,9,1.0,-100.0,0.0,MARGIN CALL ($0)
55,93,0.0,10,0,10,1.0,-100.0,0.0,MARGIN CALL ($0)
55,94,0.0,10,0,10,1.0,-100.0,0.0,MARGIN CALL ($0)
55,95,0.0,11,0,11,1.0,-100.0,0.0,MARGIN CALL ($0)
55,96,0.0,11,0,11,1.0,-100.0,0.0,MARGIN CALL ($0)
55,97,0.0,9,0,9,1.0,-100.0,0.0,MARGIN CALL ($0)
55,98,0.0,8,0,8,1.0,-100.0,0.0,MARGIN CALL ($0)
55,99,0.0,8,0,8,1.0,-100.0,0.0,MARGIN CALL ($0)
55,100,0.0,8,0,8,1.0,-100.0,0.0,MARGIN CALL ($0)
56,1,0.0,8,0,8,1.0,-100.0,0.0,MARGIN CALL ($0)
56,2,0.0,25,3,22,1.0,-100.0,12.0,MARGIN CALL ($0)
56,3,0.0,21,3,18,1.0,-100.0,14.285714285714285,MARGIN CALL ($0)
56,4,0.0,21,3,18,1.0,-100.0,14.285714285714285,MARGIN CALL ($0)
56,5,0.0,21,3,18,1.0,-100.0,14.285714285714285,MARGIN CALL ($0)
56,6,0.0,18,3,15,1.0,-100.0,16.666666666666664,MARGIN CALL ($0)
56,7,0.0,18,3,15,1.0,-100.0,16.666666666666664,MARGIN CALL ($0)
56,8,0.0,21,3,18,1.0,-100.0,14.285714285714285,MARGIN CALL ($0)
56,9,0.0,27,4,23,1.0,-100.0,14.814814814814813,MARGIN CALL ($0)
56,10,0.0,23,3,20,1.0,-100.0,13.043478260869565,MARGIN CALL ($0)
56,11,0.0,18,2,16,1.0,-100.0,11.11111111111111,MARGIN CALL ($0)
1,42,0.0,9,0,9,1.0,-100.0,0.0,MARGIN CALL ($0)
56,13,0.0,5,0,5,1.0,-100.0,0.0,MARGIN CALL ($0)
56,14,0.0,5,0,5,1.0,-100.0,0.0,MARGIN CALL ($0)
56,15,0.0,5,0,5,1.0,-100.0,0.0,MARGIN CALL ($0)
56,16,0.0,4,0,4,1.0,-100.0,0.0,MARGIN CALL ($0)
56,17,0.0,4,0,4,1.0,-100.0,0.0,MARGIN CALL ($0)
56,18,0.0,5,0,5,1.0,-100.0,0.0,MARGIN CALL ($0)
56,19,0.0,5,0,5,1.0,-100.0,0.0,MARGIN CALL ($0)
56,20,0.0,5,0,5,1.0,-100.0,0.0,MARGIN CALL ($0)
56,21,0.0,5,0,5,1.0,-100.0,0.0,MARGIN CALL ($0)
56,22,0.0,5,0,5,1.0,-100.0,0.0,MARGIN CALL ($0)
56,23,0.0,5,0,5,1.0,-100.0,0.0,MARGIN CALL ($0)
56,24,0.0,7,0,7,1.0,-100.0,0.0,MARGIN CALL ($0)
56,25,0.0,9,2,7,1.0,-100.0,22.22222222222222,MARGIN CALL ($0)
56,26,0.0,5,0,5,1.0,-100.0,0.0,MARGIN CALL ($0)
56,27,0.0,5,0,5,1.0,-100.0,0.0,MARGIN CALL ($0)
56,28,0.0,5,0,5,1.0,-100.0,0.0,MARGIN CALL ($0)
56,29,0.0,9,0,9,1.0,-100.0,0.0,MARGIN CALL ($0)
56,30,0.0,10,0,10,1.0,-100.0,0.0,MARGIN CALL ($0)
56,31,0.0,10,0,10,1.0,-100.0,0.0,MARGIN CALL ($0)
56,32,0.0,9,0,9,1.0,-100.0,0.0,MARGIN CALL ($0)
56,33,0.0,11,0,11,1.0,-100.0,0.0,MARGIN CALL ($0)
56,34,0.0,7,0,7,1.0,-100.0,0.0,MARGIN CALL ($0)
56,35,0.0,6,0,6,1.0,-100.0,0.0,MARGIN CALL ($0)
56,36,0.0,7,0,7,1.0,-100.0,0.0,MARGIN CALL ($0)
56,37,0.0,7,0,7,1.0,-100.0,0.0,MARGIN CALL ($0)
56,38,0.0,7,0,7,1.0,-100.0,0.0,MARGIN CALL ($0)
56,39,0.0,8,0,8,1.0,-100.0,0.0,MARGIN CALL ($0)
56,40,0.0,8,0,8,1.0,-100.0,0.0,MARGIN CALL ($0)
56,41,0.0,8,0,8,1.0,-100.0,0.0,MARGIN CALL ($0)
56,42,0.0,8,0,8,1.0,-100.0,0.0,MARGIN CALL ($0)
56,43,0.0,8,0,8,1.0,-100.0,0.0,MARGIN CALL ($0)
56,44,0.0,8,0,8,1.0,-100.0,0.0,MARGIN CALL ($0)
56,45,0.0,8,0,8,1.0,-100.0,0.0,MARGIN CALL ($0)
56,46,0.0,8,0,8,1.0,-100.0,0.0,MARGIN CALL ($0)
56,47,0.0,8,0,8,1.0,-100.0,0.0,MARGIN CALL ($0)
56,48,0.0,9,0,9,1.0,-100.0,0.0,MARGIN CALL ($0)
56,49,0.0,8,0,8,1.0,-100.0,0.0,MARGIN CALL ($0)
56,50,0.0,8,0,8,1.0,-100.0,0.0,MARGIN CALL ($0)
56,51,0.0,7,0,7,1.0,-100.0,0.0,MARGIN CALL ($0)
1,43,0.0,9,0,9,1.0,-100.0,0.0,MARGIN CALL ($0)
56,53,0.0,41,3,38,1.0,-100.0,7.317073170731707,MARGIN CALL ($0)
56,54,0.0,6,0,6,1.0,-100.0,0.0,MARGIN CALL ($0)
1,44,0.0,9,0,9,1.0,-100.0,0.0,MARGIN CALL ($0)
56,56,0.0,94,8,86,1.0,-100.0,8.51063829787234,MARGIN CALL ($0)
56,57,0.0,8,1,7,1.0,-100.0,12.5,MARGIN CALL ($0)
56,58,0.0,8,1,7,1.0,-100.0,12.5,MARGIN CALL ($0)
56,59,0.0,9,1,8,1.0,-100.0,11.11111111111111,MARGIN CALL ($0)
56,60,0.0,10,1,9,1.0,-100.0,10.0,MARGIN CALL ($0)
56,61,0.0,11,1,10,1.0,-100.0,9.090909090909092,MARGIN CALL ($0)
56,62,0.0,9,0,9,1.0,-100.0,0.0,MARGIN CALL ($0)
56,63,0.0,10,0,10,1.0,-100.0,0.0,MARGIN CALL ($0)
56,64,0.0,10,0,10,1.0,-100.0,0.0,MARGIN CALL ($0)
56,65,0.0,10,1,9,1.0,-100.0,10.0,MARGIN CALL ($0)
56,66,0.0,10,1,9,1.0,-100.0,10.0,MARGIN CALL ($0)
56,67,0.0,11,1,10,1.0,-100.0,9.090909090909092,MARGIN CALL ($0)
56,68,0.0,11,1,10,1.0,-100.0,9.090909090909092,MARGIN CALL ($0)
56,69,0.0,10,1,9,1.0,-100.0,10.0,MARGIN CALL ($0)
56,70,0.0,10,1,9,1.0,-100.0,10.0,MARGIN CALL ($0)
56,71,0.0,10,1,9,1.0,-100.0,10.0,MARGIN CALL ($0)
56,72,0.0,30,4,26,1.0,-100.0,13.333333333333334,MARGIN CALL ($0)
1,45,0.0,9,0,9,1.0,-100.0,0.0,MARGIN CALL ($0)
1,46,0.0,9,0,9,1.0,-100.0,0.0,MARGIN CALL ($0)
1,47,0.0,9,0,9,1.0,-100.0,0.0,MARGIN CALL ($0)
1,48,0.0,9,0,9,1.0,-100.0,0.0,MARGIN CALL ($0)
1,49,0.0,9,0,9,1.0,-100.0,0.0,MARGIN CALL ($0)
1,50,0.0,9,0,9,1.0,-100.0,0.0,MARGIN CALL ($0)
1,51,0.0,9,0,9,1.0,-100.0,0.0,MARGIN CALL ($0)
56,80,0.0,7,0,7,1.0,-100.0,0.0,MARGIN CALL ($0)
56,81,0.0,7,0,7,1.0,-100.0,0.0,MARGIN CALL ($0)
56,82,0.0,23,3,20,1.0,-100.0,13.043478260869565,MARGIN CALL ($0)
56,83,0.0,6,0,6,1.0,-100.0,0.0,MARGIN CALL ($0)
56,84,0.0,7,0,7,1.0,-100.0,0.0,MARGIN CALL ($0)
56,85,0.0,7,0,7,1.0,-100.0,0.0,MARGIN CALL ($0)
56,86,0.0,7,0,7,1.0,-100.0,0.0,MARGIN CALL ($0)
56,87,0.0,7,0,7,1.0,-100.0,0.0,MARGIN CALL ($0)
56,88,0.0,10,0,10,1.0,-100.0,0.0,MARGIN CALL ($0)
56,89,0.0,11,0,11,1.0,-100.0,0.0,MARGIN CALL ($0)
56,90,0.0,10,0,10,1.0,-100.0,0.0,MARGIN CALL ($0)
56,91,0.0,10,0,10,1.0,-100.0,0.0,MARGIN CALL ($0)
56,92,0.0,9,0,9,1.0,-100.0,0.0,MARGIN CALL ($0)
56,93,0.0,10,0,10,1.0,-100.0,0.0,MARGIN CALL ($0)
56,94,0.0,10,0,10,1.0,-100.0,0.0,MARGIN CALL ($0)
56,95,0.0,11,0,11,1.0,-100.0,0.0,MARGIN CALL ($0)
56,96,0.0,11,0,11,1.0,-100.0,0.0,MARGIN CALL ($0)
56,97,0.0,9,0,9,1.0,-100.0,0.0,MARGIN CALL ($0)
56,98,0.0,8,0,8,1.0,-100.0,0.0,MARGIN CALL ($0)
56,99,0.0,8,0,8,1.0,-100.0,0.0,MARGIN CALL ($0)
56,100,0.0,8,0,8,1.0,-100.0,0.0,MARGIN CALL ($0)
57,1,0.0,8,0,8,1.0,-100.0,0.0,MARGIN CALL ($0)
57,2,0.0,25,3,22,1.0,-100.0,12.0,MARGIN CALL ($0)
57,3,0.0,21,3,18,1.0,-100.0,14.285714285714285,MARGIN CALL ($0)
57,4,0.0,21,3,18,1.0,-100.0,14.285714285714285,MARGIN CALL ($0)
57,5,0.0,21,3,18,1.0,-100.0,14.285714285714285,MARGIN CALL ($0)
57,6,0.0,18,3,15,1.0,-100.0,16.666666666666664,MARGIN CALL ($0)
57,7,0.0,18,3,15,1.0,-100.0,16.666666666666664,MARGIN CALL ($0)
57,8,0.0,21,3,18,1.0,-100.0,14.285714285714285,MARGIN CALL ($0)
57,9,0.0,27,4,23,1.0,-100.0,14.814814814814813,MARGIN CALL ($0)
57,10,0.0,23,3,20,1.0,-100.0,13.043478260869565,MARGIN CALL ($0)
57,11,0.0,18,2,16,1.0,-100.0,11.11111111111111,MARGIN CALL ($0)
1,52,0.0,9,0,9,1.0,-100.0,0.0,MARGIN CALL ($0)
57,13,0.0,5,0,5,1.0,-100.0,0.0,MARGIN CALL ($0)
57,14,0.0,5,0,5,1.0,-100.0,0.0,MARGIN CALL ($0)
57,15,0.0,5,0,5,1.0,-100.0,0.0,MARGIN CALL ($0)
57,16,0.0,4,0,4,1.0,-100.0,0.0,MARGIN CALL ($0)
57,17,0.0,4,0,4,1.0,-100.0,0.0,MARGIN CALL ($0)
57,18,0.0,5,0,5,1.0,-100.0,0.0,MARGIN CALL ($0)
57,19,0.0,5,0,5,1.0,-100.0,0.0,MARGIN CALL ($0)
57,20,0.0,5,0,5,1.0,-100.0,0.0,MARGIN CALL ($0)
57,21,0.0,5,0,5,1.0,-100.0,0.0,MARGIN CALL ($0)
57,22,0.0,5,0,5,1.0,-100.0,0.0,MARGIN CALL ($0)
57,23,0.0,5,0,5,1.0,-100.0,0.0,MARGIN CALL ($0)
57,24,0.0,7,0,7,1.0,-100.0,0.0,MARGIN CALL ($0)
57,25,0.0,9,2,7,1.0,-100.0,22.22222222222222,MARGIN CALL ($0)
57,26,0.0,5,0,5,1.0,-100.0,0.0,MARGIN CALL ($0)
57,27,0.0,5,0,5,1.0,-100.0,0.0,MARGIN CALL ($0)
57,28,0.0,5,0,5,1.0,-100.0,0.0,MARGIN CALL ($0)
57,29,0.0,9,0,9,1.0,-100.0,0.0,MARGIN CALL ($0)
57,30,0.0,9,0,9,1.0,-100.0,0.0,MARGIN CALL ($0)
57,31,0.0,9,0,9,1.0,-100.0,0.0,MARGIN CALL ($0)
57,32,0.0,8,0,8,1.0,-100.0,0.0,MARGIN CALL ($0)
57,33,0.0,11,0,11,1.0,-100.0,0.0,MARGIN CALL ($0)
57,34,0.0,7,0,7,1.0,-100.0,0.0,MARGIN CALL ($0)
57,35,0.0,6,0,6,1.0,-100.0,0.0,MARGIN CALL ($0)
57,36,0.0,6,0,6,1.0,-100.0,0.0,MARGIN CALL ($0)
57,37,0.0,7,0,7,1.0,-100.0,0.0,MARGIN CALL ($0)
57,38,0.0,7,0,7,1.0,-100.0,0.0,MARGIN CALL ($0)
57,39,0.0,7,0,7,1.0,-100.0,0.0,MARGIN CALL ($0)
57,40,0.0,7,0,7,1.0,-100.0,0.0,MARGIN CALL ($0)
57,41,0.0,8,0,8,1.0,-100.0,0.0,MARGIN CALL ($0)
57,42,0.0,8,0,8,1.0,-100.0,0.0,MARGIN CALL ($0)
57,43,0.0,8,0,8,1.0,-100.0,0.0,MARGIN CALL ($0)
57,44,0.0,8,0,8,1.0,-100.0,0.0,MARGIN CALL ($0)
57,45,0.0,8,0,8,1.0,-100.0,0.0,MARGIN CALL ($0)
57,46,0.0,12,2,10,1.0,-100.0,16.666666666666664,MARGIN CALL ($0)
57,47,0.0,12,2,10,1.0,-100.0,16.666666666666664,MARGIN CALL ($0)
57,48,0.0,13,2,11,1.0,-100.0,15.384615384615385,MARGIN CALL ($0)
57,49,0.0,12,2,10,1.0,-100.0,16.666666666666664,MARGIN CALL ($0)
57,50,0.0,11,2,9,1.0,-100.0,18.181818181818183,MARGIN CALL ($0)
57,51,0.0,8,0,8,1.0,-100.0,0.0,MARGIN CALL ($0)
57,52,0.0,8,0,8,1.0,-100.0,0.0,MARGIN CALL ($0)
57,53,0.0,28,3,25,1.0,-100.0,10.714285714285714,MARGIN CALL ($0)
57,54,0.0,9,1,8,1.0,-100.0,11.11111111111111,MARGIN CALL ($0)
1,53,0.0,6,0,6,1.0,-100.0,0.0,MARGIN CALL ($0)
57,56,0.0,94,9,85,1.0,-100.0,9.574468085106384,MARGIN CALL ($0)
57,57,0.0,9,1,8,1.0,-100.0,11.11111111111111,MARGIN CALL ($0)
57,58,0.0,9,1,8,1.0,-100.0,11.11111111111111,MARGIN CALL ($0)
57,59,0.0,10,1,9,1.0,-100.0,10.0,MARGIN CALL ($0)
57,60,0.0,11,1,10,1.0,-100.0,9.090909090909092,MARGIN CALL ($0)
57,61,0.0,11,1,10,1.0,-100.0,9.090909090909092,MARGIN CALL ($0)
57,62,0.0,12,1,11,1.0,-100.0,8.333333333333332,MARGIN CALL ($0)
57,63,0.0,13,1,12,1.0,-100.0,7.6923076923076925,MARGIN CALL ($0)
57,64,0.0,12,1,11,1.0,-100.0,8.333333333333332,MARGIN CALL ($0)
57,65,0.0,13,2,11,1.0,-100.0,15.384615384615385,MARGIN CALL ($0)
57,66,0.0,13,2,11,1.0,-100.0,15.384615384615385,MARGIN CALL ($0)
57,67,0.0,14,2,12,1.0,-100.0,14.285714285714285,MARGIN CALL ($0)
57,68,0.0,14,2,12,1.0,-100.0,14.285714285714285,MARGIN CALL ($0)
57,69,0.0,13,2,11,1.0,-100.0,15.384615384615385,MARGIN CALL ($0)
57,70,0.0,13,2,11,1.0,-100.0,15.384615384615385,MARGIN CALL ($0)
57,71,0.0,13,2,11,1.0,-100.0,15.384615384615385,MARGIN CALL ($0)
57,72,0.0,32,4,28,1.0,-100.0,12.5,MARGIN CALL ($0)
1,54,0.0,6,0,6,1.0,-100.0,0.0,MARGIN CALL ($0)
1,55,0.0,6,0,6,1.0,-100.0,0.0,MARGIN CALL ($0)
1,56,0.0,6,0,6,1.0,-100.0,0.0,MARGIN CALL ($0)
57,76,0.0,76,7,69,1.0,-100.0,9.210526315789473,MARGIN CALL ($0)
57,77,0.0,70,7,63,1.0,-100.0,10.0,MARGIN CALL ($0)
57,78,0.0,73,7,66,1.0,-100.0,9.58904109589041,MARGIN CALL ($0)
57,79,0.0,74,7,67,1.0,-100.0,9.45945945945946,MARGIN CALL ($0)
57,80,0.0,10,1,9,1.0,-100.0,10.0,MARGIN CALL ($0)
57,81,0.0,10,1,9,1.0,-100.0,10.0,MARGIN CALL ($0)
57,82,0.0,69,8,61,1.0,-100.0,11.594202898550725,MARGIN CALL ($0)
57,83,0.0,9,1,8,1.0,-100.0,11.11111111111111,MARGIN CALL ($0)
57,84,0.0,9,1,8,1.0,-100.0,11.11111111111111,MARGIN CALL ($0)
57,85,0.0,9,1,8,1.0,-100.0,11.11111111111111,MARGIN CALL ($0)
57,86,0.0,10,1,9,1.0,-100.0,10.0,MARGIN CALL ($0)
57,87,0.0,10,1,9,1.0,-100.0,10.0,MARGIN CALL ($0)
57,88,0.0,13,1,12,1.0,-100.0,7.6923076923076925,MARGIN CALL ($0)
57,89,0.0,14,1,13,1.0,-100.0,7.142857142857142,MARGIN CALL ($0)
57,90,0.0,13,1,12,1.0,-100.0,7.6923076923076925,MARGIN CALL ($0)
57,91,0.0,13,1,12,1.0,-100.0,7.6923076923076925,MARGIN CALL ($0)
57,92,0.0,12,1,11,1.0,-100.0,8.333333333333332,MARGIN CALL ($0)
57,93,0.0,11,1,10,1.0,-100.0,9.090909090909092,MARGIN CALL ($0)
57,94,0.0,11,1,10,1.0,-100.0,9.090909090909092,MARGIN CALL ($0)
57,95,0.0,11,1,10,1.0,-100.0,9.090909090909092,MARGIN CALL ($0)
57,96,0.0,12,1,11,1.0,-100.0,8.333333333333332,MARGIN CALL ($0)
57,97,0.0,10,1,9,1.0,-100.0,10.0,MARGIN CALL ($0)
57,98,0.0,10,1,9,1.0,-100.0,10.0,MARGIN CALL ($0)
57,99,0.0,10,1,9,1.0,-100.0,10.0,MARGIN CALL ($0)
57,100,0.0,10,1,9,1.0,-100.0,10.0,MARGIN CALL ($0)
58,1,0.0,8,0,8,1.0,-100.0,0.0,MARGIN CALL ($0)
58,2,0.0,25,3,22,1.0,-100.0,12.0,MARGIN CALL ($0)
58,3,0.0,21,3,18,1.0,-100.0,14.285714285714285,MARGIN CALL ($0)
58,4,0.0,21,3,18,1.0,-100.0,14.285714285714285,MARGIN CALL ($0)
58,5,0.0,21,3,18,1.0,-100.0,14.285714285714285,MARGIN CALL ($0)
58,6,0.0,18,3,15,1.0,-100.0,16.666666666666664,MARGIN CALL ($0)
58,7,0.0,18,3,15,1.0,-100.0,16.666666666666664,MARGIN CALL ($0)
58,8,0.0,21,3,18,1.0,-100.0,14.285714285714285,MARGIN CALL ($0)
58,9,0.0,27,4,23,1.0,-100.0,14.814814814814813,MARGIN CALL ($0)
58,10,0.0,23,3,20,1.0,-100.0,13.043478260869565,MARGIN CALL ($0)
58,11,0.0,18,2,16,1.0,-100.0,11.11111111111111,MARGIN CALL ($0)
1,57,0.0,6,0,6,1.0,-100.0,0.0,MARGIN CALL ($0)
58,13,0.0,5,0,5,1.0,-100.0,0.0,MARGIN CALL ($0)
58,14,0.0,5,0,5,1.0,-100.0,0.0,MARGIN CALL ($0)
58,15,0.0,5,0,5,1.0,-100.0,0.0,MARGIN CALL ($0)
58,16,0.0,4,0,4,1.0,-100.0,0.0,MARGIN CALL ($0)
58,17,0.0,4,0,4,1.0,-100.0,0.0,MARGIN CALL ($0)
58,18,0.0,5,0,5,1.0,-100.0,0.0,MARGIN CALL ($0)
58,19,0.0,5,0,5,1.0,-100.0,0.0,MARGIN CALL ($0)
58,20,0.0,5,0,5,1.0,-100.0,0.0,MARGIN CALL ($0)
58,21,0.0,5,0,5,1.0,-100.0,0.0,MARGIN CALL ($0)
58,22,0.0,5,0,5,1.0,-100.0,0.0,MARGIN CALL ($0)
58,23,0.0,5,0,5,1.0,-100.0,0.0,MARGIN CALL ($0)
58,24,0.0,7,0,7,1.0,-100.0,0.0,MARGIN CALL ($0)
58,25,0.0,9,2,7,1.0,-100.0,22.22222222222222,MARGIN CALL ($0)
58,26,0.0,5,0,5,1.0,-100.0,0.0,MARGIN CALL ($0)
58,27,0.0,5,0,5,1.0,-100.0,0.0,MARGIN CALL ($0)
58,28,0.0,5,0,5,1.0,-100.0,0.0,MARGIN CALL ($0)
58,29,0.0,9,0,9,1.0,-100.0,0.0,MARGIN CALL ($0)
58,30,0.0,9,0,9,1.0,-100.0,0.0,MARGIN CALL ($0)
58,31,0.0,9,0,9,1.0,-100.0,0.0,MARGIN CALL ($0)
58,32,0.0,8,0,8,1.0,-100.0,0.0,MARGIN CALL ($0)
58,33,0.0,11,0,11,1.0,-100.0,0.0,MARGIN CALL ($0)
58,34,0.0,7,0,7,1.0,-100.0,0.0,MARGIN CALL ($0)
58,35,0.0,6,0,6,1.0,-100.0,0.0,MARGIN CALL ($0)
58,36,0.0,6,0,6,1.0,-100.0,0.0,MARGIN CALL ($0)
58,37,0.0,7,0,7,1.0,-100.0,0.0,MARGIN CALL ($0)
58,38,0.0,7,0,7,1.0,-100.0,0.0,MARGIN CALL ($0)
58,39,0.0,7,0,7,1.0,-100.0,0.0,MARGIN CALL ($0)
58,40,0.0,7,0,7,1.0,-100.0,0.0,MARGIN CALL ($0)
58,41,0.0,8,0,8,1.0,-100.0,0.0,MARGIN CALL ($0)
58,42,0.0,8,0,8,1.0,-100.0,0.0,MARGIN CALL ($0)
58,43,0.0,8,0,8,1.0,-100.0,0.0,MARGIN CALL ($0)
58,44,0.0,8,0,8,1.0,-100.0,0.0,MARGIN CALL ($0)
58,45,0.0,8,0,8,1.0,-100.0,0.0,MARGIN CALL ($0)
58,46,0.0,12,2,10,1.0,-100.0,16.666666666666664,MARGIN CALL ($0)
58,47,0.0,12,2,10,1.0,-100.0,16.666666666666664,MARGIN CALL ($0)
58,48,0.0,13,2,11,1.0,-100.0,15.384615384615385,MARGIN CALL ($0)
58,49,0.0,12,2,10,1.0,-100.0,16.666666666666664,MARGIN CALL ($0)
58,50,0.0,11,2,9,1.0,-100.0,18.181818181818183,MARGIN CALL ($0)
58,51,0.0,8,0,8,1.0,-100.0,0.0,MARGIN CALL ($0)
58,52,0.0,8,0,8,1.0,-100.0,0.0,MARGIN CALL ($0)
58,53,0.0,28,3,25,1.0,-100.0,10.714285714285714,MARGIN CALL ($0)
58,54,0.0,9,1,8,1.0,-100.0,11.11111111111111,MARGIN CALL ($0)
1,58,0.0,6,0,6,1.0,-100.0,0.0,MARGIN CALL ($0)
1,59,0.0,6,0,6,1.0,-100.0,0.0,MARGIN CALL ($0)
58,57,0.0,9,1,8,1.0,-100.0,11.11111111111111,MARGIN CALL ($0)
58,58,0.0,7,0,7,1.0,-100.0,0.0,MARGIN CALL ($0)
58,59,0.0,7,0,7,1.0,-100.0,0.0,MARGIN CALL ($0)
58,60,0.0,7,0,7,1.0,-100.0,0.0,MARGIN CALL ($0)
58,61,0.0,7,0,7,1.0,-100.0,0.0,MARGIN CALL ($0)
58,62,0.0,8,0,8,1.0,-100.0,0.0,MARGIN CALL ($0)
58,63,0.0,8,0,8,1.0,-100.0,0.0,MARGIN CALL ($0)
58,64,0.0,9,0,9,1.0,-100.0,0.0,MARGIN CALL ($0)
58,65,0.0,10,0,10,1.0,-100.0,0.0,MARGIN CALL ($0)
58,66,0.0,9,0,9,1.0,-100.0,0.0,MARGIN CALL ($0)
58,67,0.0,8,0,8,1.0,-100.0,0.0,MARGIN CALL ($0)
58,68,0.0,8,0,8,1.0,-100.0,0.0,MARGIN CALL ($0)
58,69,0.0,11,1,10,1.0,-100.0,9.090909090909092,MARGIN CALL ($0)
58,70,0.0,11,1,10,1.0,-100.0,9.090909090909092,MARGIN CALL ($0)
58,71,0.0,11,1,10,1.0,-100.0,9.090909090909092,MARGIN CALL ($0)
58,72,0.0,9,1,8,1.0,-100.0,11.11111111111111,MARGIN CALL ($0)
1,60,0.0,6,0,6,1.0,-100.0,0.0,MARGIN CALL ($0)
1,61,0.0,6,0,6,1.0,-100.0,0.0,MARGIN CALL ($0)
1,62,0.0,6,0,6,1.0,-100.0,0.0,MARGIN CALL ($0)
58,76,0.0,82,6,76,1.0,-100.0,7.317073170731707,MARGIN CALL ($0)
58,77,0.0,69,6,63,1.0,-100.0,8.695652173913043,MARGIN CALL ($0)
58,78,0.0,78,6,72,1.0,-100.0,7.6923076923076925,MARGIN CALL ($0)
58,79,0.0,79,6,73,1.0,-100.0,7.59493670886076,MARGIN CALL ($0)
58,80,0.0,24,2,22,1.0,-100.0,8.333333333333332,MARGIN CALL ($0)
58,81,0.0,24,2,22,1.0,-100.0,8.333333333333332,MARGIN CALL ($0)
58,82,0.0,77,9,68,1.0,-100.0,11.688311688311687,MARGIN CALL ($0)
58,83,0.0,77,9,68,1.0,-100.0,11.688311688311687,MARGIN CALL ($0)
58,84,0.0,8,1,7,1.0,-100.0,12.5,MARGIN CALL ($0)
58,85,0.0,81,9,72,1.0,-100.0,11.11111111111111,MARGIN CALL ($0)
58,86,0.0,88,11,77,1.0,-100.0,12.5,MARGIN CALL ($0)
58,87,0.0,115,16,99,1.0,-100.0,13.91304347826087,MARGIN CALL ($0)
58,88,0.0,10,1,9,1.0,-100.0,10.0,MARGIN CALL ($0)
58,89,0.0,10,1,9,1.0,-100.0,10.0,MARGIN CALL ($0)
58,90,0.0,10,1,9,1.0,-100.0,10.0,MARGIN CALL ($0)
58,91,0.0,10,1,9,1.0,-100.0,10.0,MARGIN CALL ($0)
58,92,0.0,10,1,9,1.0,-100.0,10.0,MARGIN CALL ($0)
58,93,0.0,9,0,9,1.0,-100.0,0.0,MARGIN CALL ($0)
58,94,0.0,8,0,8,1.0,-100.0,0.0,MARGIN CALL ($0)
58,95,0.0,8,0,8,1.0,-100.0,0.0,MARGIN CALL ($0)
58,96,0.0,8,0,8,1.0,-100.0,0.0,MARGIN CALL ($0)
58,97,0.0,6,0,6,1.0,-100.0,0.0,MARGIN CALL ($0)
58,98,0.0,6,0,6,1.0,-100.0,0.0,MARGIN CALL ($0)
58,99,0.0,6,0,6,1.0,-100.0,0.0,MARGIN CALL ($0)
58,100,0.0,6,0,6,1.0,-100.0,0.0,MARGIN CALL ($0)
59,1,0.0,8,0,8,1.0,-100.0,0.0,MARGIN CALL ($0)
59,2,0.0,25,3,22,1.0,-100.0,12.0,MARGIN CALL ($0)
59,3,0.0,21,3,18,1.0,-100.0,14.285714285714285,MARGIN CALL ($0)
59,4,0.0,21,3,18,1.0,-100.0,14.285714285714285,MARGIN CALL ($0)
59,5,0.0,21,3,18,1.0,-100.0,14.285714285714285,MARGIN CALL ($0)
59,6,0.0,18,3,15,1.0,-100.0,16.666666666666664,MARGIN CALL ($0)
59,7,0.0,18,3,15,1.0,-100.0,16.666666666666664,MARGIN CALL ($0)
59,8,0.0,21,3,18,1.0,-100.0,14.285714285714285,MARGIN CALL ($0)
59,9,0.0,27,4,23,1.0,-100.0,14.814814814814813,MARGIN CALL ($0)
59,10,0.0,23,3,20,1.0,-100.0,13.043478260869565,MARGIN CALL ($0)
59,11,0.0,18,2,16,1.0,-100.0,11.11111111111111,MARGIN CALL ($0)
1,63,0.0,6,0,6,1.0,-100.0,0.0,MARGIN CALL ($0)
59,13,0.0,5,0,5,1.0,-100.0,0.0,MARGIN CALL ($0)
59,14,0.0,5,0,5,1.0,-100.0,0.0,MARGIN CALL ($0)
59,15,0.0,5,0,5,1.0,-100.0,0.0,MARGIN CALL ($0)
59,16,0.0,4,0,4,1.0,-100.0,0.0,MARGIN CALL ($0)
59,17,0.0,4,0,4,1.0,-100.0,0.0,MARGIN CALL ($0)
59,18,0.0,5,0,5,1.0,-100.0,0.0,MARGIN CALL ($0)
59,19,0.0,5,0,5,1.0,-100.0,0.0,MARGIN CALL ($0)
59,20,0.0,5,0,5,1.0,-100.0,0.0,MARGIN CALL ($0)
59,21,0.0,5,0,5,1.0,-100.0,0.0,MARGIN CALL ($0)
59,22,0.0,5,0,5,1.0,-100.0,0.0,MARGIN CALL ($0)
59,23,0.0,5,0,5,1.0,-100.0,0.0,MARGIN CALL ($0)
59,24,0.0,7,0,7,1.0,-100.0,0.0,MARGIN CALL ($0)
59,25,0.0,9,2,7,1.0,-100.0,22.22222222222222,MARGIN CALL ($0)
59,26,0.0,5,0,5,1.0,-100.0,0.0,MARGIN CALL ($0)
59,27,0.0,5,0,5,1.0,-100.0,0.0,MARGIN CALL ($0)
59,28,0.0,5,0,5,1.0,-100.0,0.0,MARGIN CALL ($0)
59,29,0.0,9,0,9,1.0,-100.0,0.0,MARGIN CALL ($0)
59,30,0.0,9,0,9,1.0,-100.0,0.0,MARGIN CALL ($0)
59,31,0.0,9,0,9,1.0,-100.0,0.0,MARGIN CALL ($0)
59,32,0.0,8,0,8,1.0,-100.0,0.0,MARGIN CALL ($0)
59,33,0.0,11,0,11,1.0,-100.0,0.0,MARGIN CALL ($0)
59,34,0.0,7,0,7,1.0,-100.0,0.0,MARGIN CALL ($0)
59,35,0.0,6,0,6,1.0,-100.0,0.0,MARGIN CALL ($0)
59,36,0.0,6,0,6,1.0,-100.0,0.0,MARGIN CALL ($0)
59,37,0.0,7,0,7,1.0,-100.0,0.0,MARGIN CALL ($0)
59,38,0.0,7,0,7,1.0,-100.0,0.0,MARGIN CALL ($0)
59,39,0.0,7,0,7,1.0,-100.0,0.0,MARGIN CALL ($0)
59,40,0.0,7,0,7,1.0,-100.0,0.0,MARGIN CALL ($0)
59,41,0.0,8,0,8,1.0,-100.0,0.0,MARGIN CALL ($0)
59,42,0.0,8,0,8,1.0,-100.0,0.0,MARGIN CALL ($0)
59,43,0.0,8,0,8,1.0,-100.0,0.0,MARGIN CALL ($0)
59,44,0.0,8,0,8,1.0,-100.0,0.0,MARGIN CALL ($0)
59,45,0.0,8,0,8,1.0,-100.0,0.0,MARGIN CALL ($0)
59,46,0.0,12,2,10,1.0,-100.0,16.666666666666664,MARGIN CALL ($0)
59,47,0.0,12,2,10,1.0,-100.0,16.666666666666664,MARGIN CALL ($0)
59,48,0.0,13,2,11,1.0,-100.0,15.384615384615385,MARGIN CALL ($0)
59,49,0.0,12,2,10,1.0,-100.0,16.666666666666664,MARGIN CALL ($0)
59,50,0.0,11,2,9,1.0,-100.0,18.181818181818183,MARGIN CALL ($0)
59,51,0.0,8,0,8,1.0,-100.0,0.0,MARGIN CALL ($0)
59,52,0.0,8,0,8,1.0,-100.0,0.0,MARGIN CALL ($0)
59,53,0.0,28,3,25,1.0,-100.0,10.714285714285714,MARGIN CALL ($0)
59,54,0.0,10,1,9,1.0,-100.0,10.0,MARGIN CALL ($0)
1,64,0.0,6,0,6,1.0,-100.0,0.0,MARGIN CALL ($0)
1,65,0.0,6,0,6,1.0,-100.0,0.0,MARGIN CALL ($0)
59,57,0.0,10,1,9,1.0,-100.0,10.0,MARGIN CALL ($0)
59,58,0.0,7,0,7,1.0,-100.0,0.0,MARGIN CALL ($0)
59,59,0.0,7,0,7,1.0,-100.0,0.0,MARGIN CALL ($0)
59,60,0.0,7,0,7,1.0,-100.0,0.0,MARGIN CALL ($0)
59,61,0.0,7,0,7,1.0,-100.0,0.0,MARGIN CALL ($0)
59,62,0.0,7,0,7,1.0,-100.0,0.0,MARGIN CALL ($0)
59,63,0.0,7,0,7,1.0,-100.0,0.0,MARGIN CALL ($0)
59,64,0.0,8,0,8,1.0,-100.0,0.0,MARGIN CALL ($0)
59,65,0.0,9,0,9,1.0,-100.0,0.0,MARGIN CALL ($0)
59,66,0.0,8,0,8,1.0,-100.0,0.0,MARGIN CALL ($0)
59,67,0.0,10,0,10,1.0,-100.0,0.0,MARGIN CALL ($0)
59,68,0.0,10,0,10,1.0,-100.0,0.0,MARGIN CALL ($0)
59,69,0.0,10,1,9,1.0,-100.0,10.0,MARGIN CALL ($0)
59,70,0.0,10,1,9,1.0,-100.0,10.0,MARGIN CALL ($0)
59,71,0.0,10,1,9,1.0,-100.0,10.0,MARGIN CALL ($0)
59,72,0.0,9,1,8,1.0,-100.0,11.11111111111111,MARGIN CALL ($0)
59,73,0.0,11,1,10,1.0,-100.0,9.090909090909092,MARGIN CALL ($0)
59,74,0.0,11,0,11,1.0,-100.0,0.0,MARGIN CALL ($0)
59,75,0.0,11,0,11,1.0,-100.0,0.0,MARGIN CALL ($0)
59,76,0.0,11,0,11,1.0,-100.0,0.0,MARGIN CALL ($0)
59,77,0.0,10,0,10,1.0,-100.0,0.0,MARGIN CALL ($0)
59,78,0.0,9,0,9,1.0,-100.0,0.0,MARGIN CALL ($0)
59,79,0.0,9,0,9,1.0,-100.0,0.0,MARGIN CALL ($0)
59,80,0.0,8,0,8,1.0,-100.0,0.0,MARGIN CALL ($0)
59,81,0.0,8,0,8,1.0,-100.0,0.0,MARGIN CALL ($0)
59,82,0.0,8,1,7,1.0,-100.0,12.5,MARGIN CALL ($0)
59,83,0.0,8,1,7,1.0,-100.0,12.5,MARGIN CALL ($0)
59,84,0.0,8,1,7,1.0,-100.0,12.5,MARGIN CALL ($0)
59,85,0.0,8,1,7,1.0,-100.0,12.5,MARGIN CALL ($0)
59,86,0.0,8,1,7,1.0,-100.0,12.5,MARGIN CALL ($0)
59,87,0.0,8,1,7,1.0,-100.0,12.5,MARGIN CALL ($0)
59,88,0.0,10,1,9,1.0,-100.0,10.0,MARGIN CALL ($0)
59,89,0.0,10,1,9,1.0,-100.0,10.0,MARGIN CALL ($0)
59,90,0.0,10,1,9,1.0,-100.0,10.0,MARGIN CALL ($0)
59,91,0.0,10,1,9,1.0,-100.0,10.0,MARGIN CALL ($0)
59,92,0.0,10,1,9,1.0,-100.0,10.0,MARGIN CALL ($0)
59,93,0.0,9,0,9,1.0,-100.0,0.0,MARGIN CALL ($0)
59,94,0.0,8,0,8,1.0,-100.0,0.0,MARGIN CALL ($0)
59,95,0.0,8,0,8,1.0,-100.0,0.0,MARGIN CALL ($0)
59,96,0.0,8,0,8,1.0,-100.0,0.0,MARGIN CALL ($0)
59,97,0.0,6,0,6,1.0,-100.0,0.0,MARGIN CALL ($0)
59,98,0.0,6,0,6,1.0,-100.0,0.0,MARGIN CALL ($0)
59,99,0.0,6,0,6,1.0,-100.0,0.0,MARGIN CALL ($0)
59,100,0.0,6,0,6,1.0,-100.0,0.0,MARGIN CALL ($0)
60,1,0.0,8,0,8,1.0,-100.0,0.0,MARGIN CALL ($0)
60,2,0.0,25,3,22,1.0,-100.0,12.0,MARGIN CALL ($0)
60,3,0.0,21,3,18,1.0,-100.0,14.285714285714285,MARGIN CALL ($0)
60,4,0.0,21,3,18,1.0,-100.0,14.285714285714285,MARGIN CALL ($0)
60,5,0.0,21,3,18,1.0,-100.0,14.285714285714285,MARGIN CALL ($0)
60,6,0.0,18,3,15,1.0,-100.0,16.666666666666664,MARGIN CALL ($0)
60,7,0.0,18,3,15,1.0,-100.0,16.666666666666664,MARGIN CALL ($0)
60,8,0.0,21,3,18,1.0,-100.0,14.285714285714285,MARGIN CALL ($0)
60,9,0.0,27,4,23,1.0,-100.0,14.814814814814813,MARGIN CALL ($0)
60,10,0.0,23,3,20,1.0,-100.0,13.043478260869565,MARGIN CALL ($0)
60,11,0.0,18,2,16,1.0,-100.0,11.11111111111111,MARGIN CALL ($0)
1,66,0.0,6,0,6,1.0,-100.0,0.0,MARGIN CALL ($0)
60,13,0.0,5,0,5,1.0,-100.0,0.0,MARGIN CALL ($0)
60,14,0.0,5,0,5,1.0,-100.0,0.0,MARGIN CALL ($0)
60,15,0.0,5,0,5,1.0,-100.0,0.0,MARGIN CALL ($0)
60,16,0.0,4,0,4,1.0,-100.0,0.0,MARGIN CALL ($0)
60,17,0.0,4,0,4,1.0,-100.0,0.0,MARGIN CALL ($0)
60,18,0.0,5,0,5,1.0,-100.0,0.0,MARGIN CALL ($0)
60,19,0.0,5,0,5,1.0,-100.0,0.0,MARGIN CALL ($0)
60,20,0.0,5,0,5,1.0,-100.0,0.0,MARGIN CALL ($0)
60,21,0.0,5,0,5,1.0,-100.0,0.0,MARGIN CALL ($0)
60,22,0.0,5,0,5,1.0,-100.0,0.0,MARGIN CALL ($0)
60,23,0.0,5,0,5,1.0,-100.0,0.0,MARGIN CALL ($0)
60,24,0.0,7,0,7,1.0,-100.0,0.0,MARGIN CALL ($0)
60,25,0.0,9,2,7,1.0,-100.0,22.22222222222222,MARGIN CALL ($0)
60,26,0.0,5,0,5,1.0,-100.0,0.0,MARGIN CALL ($0)
60,27,0.0,5,0,5,1.0,-100.0,0.0,MARGIN CALL ($0)
60,28,0.0,5,0,5,1.0,-100.0,0.0,MARGIN CALL ($0)
60,29,0.0,10,0,10,1.0,-100.0,0.0,MARGIN CALL ($0)
60,30,0.0,8,0,8,1.0,-100.0,0.0,MARGIN CALL ($0)
60,31,0.0,8,0,8,1.0,-100.0,0.0,MARGIN CALL ($0)
60,32,0.0,7,0,7,1.0,-100.0,0.0,MARGIN CALL ($0)
60,33,0.0,10,0,10,1.0,-100.0,0.0,MARGIN CALL ($0)
60,34,0.0,7,0,7,1.0,-100.0,0.0,MARGIN CALL ($0)
60,35,0.0,7,0,7,1.0,-100.0,0.0,MARGIN CALL ($0)
60,36,0.0,6,0,6,1.0,-100.0,0.0,MARGIN CALL ($0)
60,37,0.0,7,0,7,1.0,-100.0,0.0,MARGIN CALL ($0)
60,38,0.0,7,0,7,1.0,-100.0,0.0,MARGIN CALL ($0)
60,39,0.0,8,0,8,1.0,-100.0,0.0,MARGIN CALL ($0)
60,40,0.0,8,0,8,1.0,-100.0,0.0,MARGIN CALL ($0)
60,41,0.0,8,0,8,1.0,-100.0,0.0,MARGIN CALL ($0)
60,42,0.0,8,0,8,1.0,-100.0,0.0,MARGIN CALL ($0)
60,43,0.0,8,0,8,1.0,-100.0,0.0,MARGIN CALL ($0)
60,44,0.0,8,0,8,1.0,-100.0,0.0,MARGIN CALL ($0)
60,45,0.0,8,0,8,1.0,-100.0,0.0,MARGIN CALL ($0)
60,46,0.0,12,2,10,1.0,-100.0,16.666666666666664,MARGIN CALL ($0)
60,47,0.0,12,2,10,1.0,-100.0,16.666666666666664,MARGIN CALL ($0)
60,48,0.0,13,2,11,1.0,-100.0,15.384615384615385,MARGIN CALL ($0)
60,49,0.0,12,2,10,1.0,-100.0,16.666666666666664,MARGIN CALL ($0)
60,50,0.0,11,2,9,1.0,-100.0,18.181818181818183,MARGIN CALL ($0)
60,51,0.0,8,0,8,1.0,-100.0,0.0,MARGIN CALL ($0)
60,52,0.0,8,0,8,1.0,-100.0,0.0,MARGIN CALL ($0)
60,53,0.0,28,3,25,1.0,-100.0,10.714285714285714,MARGIN CALL ($0)
60,54,0.0,10,1,9,1.0,-100.0,10.0,MARGIN CALL ($0)
1,67,0.0,6,0,6,1.0,-100.0,0.0,MARGIN CALL ($0)
60,56,0.0,124,13,111,1.0,-100.0,10.483870967741936,MARGIN CALL ($0)
60,57,0.0,10,1,9,1.0,-100.0,10.0,MARGIN CALL ($0)
60,58,0.0,7,0,7,1.0,-100.0,0.0,MARGIN CALL ($0)
60,59,0.0,7,0,7,1.0,-100.0,0.0,MARGIN CALL ($0)
60,60,0.0,8,0,8,1.0,-100.0,0.0,MARGIN CALL ($0)
60,61,0.0,8,0,8,1.0,-100.0,0.0,MARGIN CALL ($0)
60,62,0.0,8,0,8,1.0,-100.0,0.0,MARGIN CALL ($0)
60,63,0.0,8,0,8,1.0,-100.0,0.0,MARGIN CALL ($0)
60,64,0.0,8,0,8,1.0,-100.0,0.0,MARGIN CALL ($0)
60,65,0.0,9,0,9,1.0,-100.0,0.0,MARGIN CALL ($0)
60,66,0.0,9,0,9,1.0,-100.0,0.0,MARGIN CALL ($0)
60,67,0.0,10,0,10,1.0,-100.0,0.0,MARGIN CALL ($0)
60,68,0.0,8,0,8,1.0,-100.0,0.0,MARGIN CALL ($0)
60,69,0.0,10,1,9,1.0,-100.0,10.0,MARGIN CALL ($0)
60,70,0.0,10,1,9,1.0,-100.0,10.0,MARGIN CALL ($0)
60,71,0.0,9,1,8,1.0,-100.0,11.11111111111111,MARGIN CALL ($0)
60,72,0.0,10,1,9,1.0,-100.0,10.0,MARGIN CALL ($0)
60,73,0.0,12,1,11,1.0,-100.0,8.333333333333332,MARGIN CALL ($0)
60,74,0.0,11,0,11,1.0,-100.0,0.0,MARGIN CALL ($0)
60,75,0.0,11,0,11,1.0,-100.0,0.0,MARGIN CALL ($0)
60,76,0.0,11,0,11,1.0,-100.0,0.0,MARGIN CALL ($0)
60,77,0.0,10,0,10,1.0,-100.0,0.0,MARGIN CALL ($0)
60,78,0.0,9,0,9,1.0,-100.0,0.0,MARGIN CALL ($0)
60,79,0.0,9,0,9,1.0,-100.0,0.0,MARGIN CALL ($0)
60,80,0.0,9,0,9,1.0,-100.0,0.0,MARGIN CALL ($0)
60,81,0.0,9,0,9,1.0,-100.0,0.0,MARGIN CALL ($0)
60,82,0.0,8,1,7,1.0,-100.0,12.5,MARGIN CALL ($0)
60,83,0.0,8,1,7,1.0,-100.0,12.5,MARGIN CALL ($0)
60,84,0.0,9,1,8,1.0,-100.0,11.11111111111111,MARGIN CALL ($0)
60,85,0.0,9,1,8,1.0,-100.0,11.11111111111111,MARGIN CALL ($0)
60,86,0.0,9,1,8,1.0,-100.0,11.11111111111111,MARGIN CALL ($0)
60,87,0.0,9,1,8,1.0,-100.0,11.11111111111111,MARGIN CALL ($0)
60,88,0.0,12,1,11,1.0,-100.0,8.333333333333332,MARGIN CALL ($0)
60,89,0.0,12,1,11,1.0,-100.0,8.333333333333332,MARGIN CALL ($0)
60,90,0.0,12,1,11,1.0,-100.0,8.333333333333332,MARGIN CALL ($0)
60,91,0.0,12,1,11,1.0,-100.0,8.333333333333332,MARGIN CALL ($0)
60,92,0.0,12,1,11,1.0,-100.0,8.333333333333332,MARGIN CALL ($0)
60,93,0.0,9,0,9,1.0,-100.0,0.0,MARGIN CALL ($0)
60,94,0.0,8,0,8,1.0,-100.0,0.0,MARGIN CALL ($0)
60,95,0.0,8,0,8,1.0,-100.0,0.0,MARGIN CALL ($0)
60,96,0.0,8,0,8,1.0,-100.0,0.0,MARGIN CALL ($0)
60,97,0.0,6,0,6,1.0,-100.0,0.0,MARGIN CALL ($0)
60,98,0.0,6,0,6,1.0,-100.0,0.0,MARGIN CALL ($0)
60,99,0.0,6,0,6,1.0,-100.0,0.0,MARGIN CALL ($0)
60,100,0.0,6,0,6,1.0,-100.0,0.0,MARGIN CALL ($0)
61,1,0.0,8,0,8,1.0,-100.0,0.0,MARGIN CALL ($0)
61,2,0.0,25,3,22,1.0,-100.0,12.0,MARGIN CALL ($0)
61,3,0.0,21,3,18,1.0,-100.0,14.285714285714285,MARGIN CALL ($0)
61,4,0.0,21,3,18,1.0,-100.0,14.285714285714285,MARGIN CALL ($0)
61,5,0.0,21,3,18,1.0,-100.0,14.285714285714285,MARGIN CALL ($0)
61,6,0.0,18,3,15,1.0,-100.0,16.666666666666664,MARGIN CALL ($0)
61,7,0.0,18,3,15,1.0,-100.0,16.666666666666664,MARGIN CALL ($0)
61,8,0.0,21,3,18,1.0,-100.0,14.285714285714285,MARGIN CALL ($0)
61,9,0.0,27,4,23,1.0,-100.0,14.814814814814813,MARGIN CALL ($0)
61,10,0.0,21,3,18,1.0,-100.0,14.285714285714285,MARGIN CALL ($0)
61,11,0.0,16,2,14,1.0,-100.0,12.5,MARGIN CALL ($0)
1,68,0.0,6,0,6,1.0,-100.0,0.0,MARGIN CALL ($0)
61,13,0.0,5,0,5,1.0,-100.0,0.0,MARGIN CALL ($0)
61,14,0.0,5,0,5,1.0,-100.0,0.0,MARGIN CALL ($0)
61,15,0.0,5,0,5,1.0,-100.0,0.0,MARGIN CALL ($0)
61,16,0.0,4,0,4,1.0,-100.0,0.0,MARGIN CALL ($0)
61,17,0.0,4,0,4,1.0,-100.0,0.0,MARGIN CALL ($0)
61,18,0.0,5,0,5,1.0,-100.0,0.0,MARGIN CALL ($0)
61,19,0.0,5,0,5,1.0,-100.0,0.0,MARGIN CALL ($0)
61,20,0.0,5,0,5,1.0,-100.0,0.0,MARGIN CALL ($0)
61,21,0.0,7,0,7,1.0,-100.0,0.0,MARGIN CALL ($0)
61,22,0.0,6,0,6,1.0,-100.0,0.0,MARGIN CALL ($0)
61,23,0.0,6,0,6,1.0,-100.0,0.0,MARGIN CALL ($0)
61,24,0.0,6,0,6,1.0,-100.0,0.0,MARGIN CALL ($0)
61,25,0.0,7,0,7,1.0,-100.0,0.0,MARGIN CALL ($0)
61,26,0.0,7,0,7,1.0,-100.0,0.0,MARGIN CALL ($0)
61,27,0.0,7,0,7,1.0,-100.0,0.0,MARGIN CALL ($0)
61,28,0.0,7,0,7,1.0,-100.0,0.0,MARGIN CALL ($0)
61,29,0.0,13,0,13,1.0,-100.0,0.0,MARGIN CALL ($0)
61,30,0.0,11,0,11,1.0,-100.0,0.0,MARGIN CALL ($0)
61,31,0.0,11,0,11,1.0,-100.0,0.0,MARGIN CALL ($0)
61,32,0.0,10,1,9,1.0,-100.0,10.0,MARGIN CALL ($0)
61,33,0.0,13,1,12,1.0,-100.0,7.6923076923076925,MARGIN CALL ($0)
61,34,0.0,10,1,9,1.0,-100.0,10.0,MARGIN CALL ($0)
61,35,0.0,6,0,6,1.0,-100.0,0.0,MARGIN CALL ($0)
61,36,0.0,6,0,6,1.0,-100.0,0.0,MARGIN CALL ($0)
61,37,0.0,7,0,7,1.0,-100.0,0.0,MARGIN CALL ($0)
61,38,0.0,7,0,7,1.0,-100.0,0.0,MARGIN CALL ($0)
61,39,0.0,7,0,7,1.0,-100.0,0.0,MARGIN CALL ($0)
61,40,0.0,7,0,7,1.0,-100.0,0.0,MARGIN CALL ($0)
61,41,0.0,7,0,7,1.0,-100.0,0.0,MARGIN CALL ($0)
61,42,0.0,7,0,7,1.0,-100.0,0.0,MARGIN CALL ($0)
61,43,0.0,7,0,7,1.0,-100.0,0.0,MARGIN CALL ($0)
61,44,0.0,7,0,7,1.0,-100.0,0.0,MARGIN CALL ($0)
61,45,0.0,7,0,7,1.0,-100.0,0.0,MARGIN CALL ($0)
61,46,0.0,11,2,9,1.0,-100.0,18.181818181818183,MARGIN CALL ($0)
61,47,0.0,12,2,10,1.0,-100.0,16.666666666666664,MARGIN CALL ($0)
61,48,0.0,11,2,9,1.0,-100.0,18.181818181818183,MARGIN CALL ($0)
61,49,0.0,11,2,9,1.0,-100.0,18.181818181818183,MARGIN CALL ($0)
61,50,0.0,11,2,9,1.0,-100.0,18.181818181818183,MARGIN CALL ($0)
61,51,0.0,8,0,8,1.0,-100.0,0.0,MARGIN CALL ($0)
61,52,0.0,8,0,8,1.0,-100.0,0.0,MARGIN CALL ($0)
61,53,0.0,29,3,26,1.0,-100.0,10.344827586206897,MARGIN CALL ($0)
61,54,0.0,11,1,10,1.0,-100.0,9.090909090909092,MARGIN CALL ($0)
1,69,0.0,6,0,6,1.0,-100.0,0.0,MARGIN CALL ($0)
1,70,0.0,6,0,6,1.0,-100.0,0.0,MARGIN CALL ($0)
61,57,0.0,10,1,9,1.0,-100.0,10.0,MARGIN CALL ($0)
61,58,0.0,7,0,7,1.0,-100.0,0.0,MARGIN CALL ($0)
61,59,0.0,7,0,7,1.0,-100.0,0.0,MARGIN CALL ($0)
61,60,0.0,8,0,8,1.0,-100.0,0.0,MARGIN CALL ($0)
61,61,0.0,8,0,8,1.0,-100.0,0.0,MARGIN CALL ($0)
61,62,0.0,8,0,8,1.0,-100.0,0.0,MARGIN CALL ($0)
61,63,0.0,8,0,8,1.0,-100.0,0.0,MARGIN CALL ($0)
61,64,0.0,8,0,8,1.0,-100.0,0.0,MARGIN CALL ($0)
61,65,0.0,9,0,9,1.0,-100.0,0.0,MARGIN CALL ($0)
61,66,0.0,9,0,9,1.0,-100.0,0.0,MARGIN CALL ($0)
61,67,0.0,10,0,10,1.0,-100.0,0.0,MARGIN CALL ($0)
61,68,0.0,8,0,8,1.0,-100.0,0.0,MARGIN CALL ($0)
61,69,0.0,10,1,9,1.0,-100.0,10.0,MARGIN CALL ($0)
61,70,0.0,10,1,9,1.0,-100.0,10.0,MARGIN CALL ($0)
61,71,0.0,9,1,8,1.0,-100.0,11.11111111111111,MARGIN CALL ($0)
61,72,0.0,10,1,9,1.0,-100.0,10.0,MARGIN CALL ($0)
61,73,0.0,12,1,11,1.0,-100.0,8.333333333333332,MARGIN CALL ($0)
61,74,0.0,11,0,11,1.0,-100.0,0.0,MARGIN CALL ($0)
61,75,0.0,11,0,11,1.0,-100.0,0.0,MARGIN CALL ($0)
61,76,0.0,11,0,11,1.0,-100.0,0.0,MARGIN CALL ($0)
61,77,0.0,10,0,10,1.0,-100.0,0.0,MARGIN CALL ($0)
61,78,0.0,9,0,9,1.0,-100.0,0.0,MARGIN CALL ($0)
61,79,0.0,9,0,9,1.0,-100.0,0.0,MARGIN CALL ($0)
61,80,0.0,9,0,9,1.0,-100.0,0.0,MARGIN CALL ($0)
61,81,0.0,9,0,9,1.0,-100.0,0.0,MARGIN CALL ($0)
61,82,0.0,8,1,7,1.0,-100.0,12.5,MARGIN CALL ($0)
61,83,0.0,8,1,7,1.0,-100.0,12.5,MARGIN CALL ($0)
61,84,0.0,9,1,8,1.0,-100.0,11.11111111111111,MARGIN CALL ($0)
61,85,0.0,9,1,8,1.0,-100.0,11.11111111111111,MARGIN CALL ($0)
61,86,0.0,9,1,8,1.0,-100.0,11.11111111111111,MARGIN CALL ($0)
61,87,0.0,9,1,8,1.0,-100.0,11.11111111111111,MARGIN CALL ($0)
61,88,0.0,12,1,11,1.0,-100.0,8.333333333333332,MARGIN CALL ($0)
61,89,0.0,12,1,11,1.0,-100.0,8.333333333333332,MARGIN CALL ($0)
61,90,0.0,12,1,11,1.0,-100.0,8.333333333333332,MARGIN CALL ($0)
61,91,0.0,12,1,11,1.0,-100.0,8.333333333333332,MARGIN CALL ($0)
61,92,0.0,12,1,11,1.0,-100.0,8.333333333333332,MARGIN CALL ($0)
61,93,0.0,9,0,9,1.0,-100.0,0.0,MARGIN CALL ($0)
61,94,0.0,8,0,8,1.0,-100.0,0.0,MARGIN CALL ($0)
61,95,0.0,7,0,7,1.0,-100.0,0.0,MARGIN CALL ($0)
61,96,0.0,8,0,8,1.0,-100.0,0.0,MARGIN CALL ($0)
61,97,0.0,7,0,7,1.0,-100.0,0.0,MARGIN CALL ($0)
61,98,0.0,7,0,7,1.0,-100.0,0.0,MARGIN CALL ($0)
61,99,0.0,7,0,7,1.0,-100.0,0.0,MARGIN CALL ($0)
61,100,0.0,7,0,7,1.0,-100.0,0.0,MARGIN CALL ($0)
62,1,0.0,8,0,8,1.0,-100.0,0.0,MARGIN CALL ($0)
62,2,0.0,25,3,22,1.0,-100.0,12.0,MARGIN CALL ($0)
62,3,0.0,21,3,18,1.0,-100.0,14.285714285714285,MARGIN CALL ($0)
62,4,0.0,21,3,18,1.0,-100.0,14.285714285714285,MARGIN CALL ($0)
62,5,0.0,21,3,18,1.0,-100.0,14.285714285714285,MARGIN CALL ($0)
62,6,0.0,18,3,15,1.0,-100.0,16.666666666666664,MARGIN CALL ($0)
62,7,0.0,18,3,15,1.0,-100.0,16.666666666666664,MARGIN CALL ($0)
62,8,0.0,21,3,18,1.0,-100.0,14.285714285714285,MARGIN CALL ($0)
62,9,0.0,26,4,22,1.0,-100.0,15.384615384615385,MARGIN CALL ($0)
62,10,0.0,16,2,14,1.0,-100.0,12.5,MARGIN CALL ($0)
62,11,0.0,16,2,14,1.0,-100.0,12.5,MARGIN CALL ($0)
1,71,0.0,6,0,6,1.0,-100.0,0.0,MARGIN CALL ($0)
62,13,0.0,5,0,5,1.0,-100.0,0.0,MARGIN CALL ($0)
62,14,0.0,5,0,5,1.0,-100.0,0.0,MARGIN CALL ($0)
62,15,0.0,5,0,5,1.0,-100.0,0.0,MARGIN CALL ($0)
62,16,0.0,4,0,4,1.0,-100.0,0.0,MARGIN CALL ($0)
62,17,0.0,4,0,4,1.0,-100.0,0.0,MARGIN CALL ($0)
62,18,0.0,5,0,5,1.0,-100.0,0.0,MARGIN CALL ($0)
62,19,0.0,5,0,5,1.0,-100.0,0.0,MARGIN CALL ($0)
62,20,0.0,5,0,5,1.0,-100.0,0.0,MARGIN CALL ($0)
62,21,0.0,7,0,7,1.0,-100.0,0.0,MARGIN CALL ($0)
62,22,0.0,7,0,7,1.0,-100.0,0.0,MARGIN CALL ($0)
62,23,0.0,7,0,7,1.0,-100.0,0.0,MARGIN CALL ($0)
62,24,0.0,7,0,7,1.0,-100.0,0.0,MARGIN CALL ($0)
62,25,0.0,7,0,7,1.0,-100.0,0.0,MARGIN CALL ($0)
62,26,0.0,7,0,7,1.0,-100.0,0.0,MARGIN CALL ($0)
62,27,0.0,7,0,7,1.0,-100.0,0.0,MARGIN CALL ($0)
62,28,0.0,7,0,7,1.0,-100.0,0.0,MARGIN CALL ($0)
62,29,0.0,12,0,12,1.0,-100.0,0.0,MARGIN CALL ($0)
62,30,0.0,12,0,12,1.0,-100.0,0.0,MARGIN CALL ($0)
62,31,0.0,12,0,12,1.0,-100.0,0.0,MARGIN CALL ($0)
62,32,0.0,11,1,10,1.0,-100.0,9.090909090909092,MARGIN CALL ($0)
62,33,0.0,14,1,13,1.0,-100.0,7.142857142857142,MARGIN CALL ($0)
62,34,0.0,11,1,10,1.0,-100.0,9.090909090909092,MARGIN CALL ($0)
62,35,0.0,7,0,7,1.0,-100.0,0.0,MARGIN CALL ($0)
62,36,0.0,7,0,7,1.0,-100.0,0.0,MARGIN CALL ($0)
62,37,0.0,7,0,7,1.0,-100.0,0.0,MARGIN CALL ($0)
62,38,0.0,7,0,7,1.0,-100.0,0.0,MARGIN CALL ($0)
62,39,0.0,8,0,8,1.0,-100.0,0.0,MARGIN CALL ($0)
62,40,0.0,8,0,8,1.0,-100.0,0.0,MARGIN CALL ($0)
62,41,0.0,8,0,8,1.0,-100.0,0.0,MARGIN CALL ($0)
62,42,0.0,8,0,8,1.0,-100.0,0.0,MARGIN CALL ($0)
62,43,0.0,8,0,8,1.0,-100.0,0.0,MARGIN CALL ($0)
62,44,0.0,8,0,8,1.0,-100.0,0.0,MARGIN CALL ($0)
62,45,0.0,8,0,8,1.0,-100.0,0.0,MARGIN CALL ($0)
62,46,0.0,8,0,8,1.0,-100.0,0.0,MARGIN CALL ($0)
62,47,0.0,8,0,8,1.0,-100.0,0.0,MARGIN CALL ($0)
62,48,0.0,8,0,8,1.0,-100.0,0.0,MARGIN CALL ($0)
62,49,0.0,8,0,8,1.0,-100.0,0.0,MARGIN CALL ($0)
62,50,0.0,8,0,8,1.0,-100.0,0.0,MARGIN CALL ($0)
62,51,0.0,8,0,8,1.0,-100.0,0.0,MARGIN CALL ($0)
62,52,0.0,7,0,7,1.0,-100.0,0.0,MARGIN CALL ($0)
62,53,0.0,27,2,25,1.0,-100.0,7.4074074074074066,MARGIN CALL ($0)
62,54,0.0,9,0,9,1.0,-100.0,0.0,MARGIN CALL ($0)
62,55,0.0,8,0,8,1.0,-100.0,0.0,MARGIN CALL ($0)
62,56,0.0,8,0,8,1.0,-100.0,0.0,MARGIN CALL ($0)
62,57,0.0,11,1,10,1.0,-100.0,9.090909090909092,MARGIN CALL ($0)
62,58,0.0,8,0,8,1.0,-100.0,0.0,MARGIN CALL ($0)
62,59,0.0,7,0,7,1.0,-100.0,0.0,MARGIN CALL ($0)
62,60,0.0,8,0,8,1.0,-100.0,0.0,MARGIN CALL ($0)
62,61,0.0,8,0,8,1.0,-100.0,0.0,MARGIN CALL ($0)
62,62,0.0,8,0,8,1.0,-100.0,0.0,MARGIN CALL ($0)
62,63,0.0,8,0,8,1.0,-100.0,0.0,MARGIN CALL ($0)
62,64,0.0,8,0,8,1.0,-100.0,0.0,MARGIN CALL ($0)
62,65,0.0,8,0,8,1.0,-100.0,0.0,MARGIN CALL ($0)
62,66,0.0,8,0,8,1.0,-100.0,0.0,MARGIN CALL ($0)
62,67,0.0,8,0,8,1.0,-100.0,0.0,MARGIN CALL ($0)
62,68,0.0,10,0,10,1.0,-100.0,0.0,MARGIN CALL ($0)
62,69,0.0,8,0,8,1.0,-100.0,0.0,MARGIN CALL ($0)
62,70,0.0,8,0,8,1.0,-100.0,0.0,MARGIN CALL ($0)
62,71,0.0,6,0,6,1.0,-100.0,0.0,MARGIN CALL ($0)
62,72,0.0,6,0,6,1.0,-100.0,0.0,MARGIN CALL ($0)
62,73,0.0,6,0,6,1.0,-100.0,0.0,MARGIN CALL ($0)
62,74,0.0,5,0,5,1.0,-100.0,0.0,MARGIN CALL ($0)
62,75,0.0,5,0,5,1.0,-100.0,0.0,MARGIN CALL ($0)
62,76,0.0,5,0,5,1.0,-100.0,0.0,MARGIN CALL ($0)
62,77,0.0,5,0,5,1.0,-100.0,0.0,MARGIN CALL ($0)
62,78,0.0,8,0,8,1.0,-100.0,0.0,MARGIN CALL ($0)
62,79,0.0,8,0,8,1.0,-100.0,0.0,MARGIN CALL ($0)
62,80,0.0,8,0,8,1.0,-100.0,0.0,MARGIN CALL ($0)
62,81,0.0,8,0,8,1.0,-100.0,0.0,MARGIN CALL ($0)
62,82,0.0,7,0,7,1.0,-100.0,0.0,MARGIN CALL ($0)
62,83,0.0,7,0,7,1.0,-100.0,0.0,MARGIN CALL ($0)
62,84,0.0,8,0,8,1.0,-100.0,0.0,MARGIN CALL ($0)
62,85,0.0,8,0,8,1.0,-100.0,0.0,MARGIN CALL ($0)
62,86,0.0,8,0,8,1.0,-100.0,0.0,MARGIN CALL ($0)
62,87,0.0,8,0,8,1.0,-100.0,0.0,MARGIN CALL ($0)
62,88,0.0,11,0,11,1.0,-100.0,0.0,MARGIN CALL ($0)
62,89,0.0,9,0,9,1.0,-100.0,0.0,MARGIN CALL ($0)
62,90,0.0,8,0,8,1.0,-100.0,0.0,MARGIN CALL ($0)
62,91,0.0,8,0,8,1.0,-100.0,0.0,MARGIN CALL ($0)
62,92,0.0,8,0,8,1.0,-100.0,0.0,MARGIN CALL ($0)
62,93,0.0,7,0,7,1.0,-100.0,0.0,MARGIN CALL ($0)
62,94,0.0,7,0,7,1.0,-100.0,0.0,MARGIN CALL ($0)
62,95,0.0,7,0,7,1.0,-100.0,0.0,MARGIN CALL ($0)
62,96,0.0,8,0,8,1.0,-100.0,0.0,MARGIN CALL ($0)
62,97,0.0,7,0,7,1.0,-100.0,0.0,MARGIN CALL ($0)
62,98,0.0,8,0,8,1.0,-100.0,0.0,MARGIN CALL ($0)
62,99,0.0,8,0,8,1.0,-100.0,0.0,MARGIN CALL ($0)
62,100,0.0,8,0,8,1.0,-100.0,0.0,MARGIN CALL ($0)
63,1,0.0,8,0,8,1.0,-100.0,0.0,MARGIN CALL ($0)
63,2,0.0,25,3,22,1.0,-100.0,12.0,MARGIN CALL ($0)
63,3,0.0,21,3,18,1.0,-100.0,14.285714285714285,MARGIN CALL ($0)
63,4,0.0,21,3,18,1.0,-100.0,14.285714285714285,MARGIN CALL ($0)
63,5,0.0,21,3,18,1.0,-100.0,14.285714285714285,MARGIN CALL ($0)
63,6,0.0,18,3,15,1.0,-100.0,16.666666666666664,MARGIN CALL ($0)
63,7,0.0,18,3,15,1.0,-100.0,16.666666666666664,MARGIN CALL ($0)
63,8,0.0,21,3,18,1.0,-100.0,14.285714285714285,MARGIN CALL ($0)
63,9,0.0,21,3,18,1.0,-100.0,14.285714285714285,MARGIN CALL ($0)
63,10,0.0,16,2,14,1.0,-100.0,12.5,MARGIN CALL ($0)
63,11,0.0,16,2,14,1.0,-100.0,12.5,MARGIN CALL ($0)
1,72,0.0,6,0,6,1.0,-100.0,0.0,MARGIN CALL ($0)
63,13,0.0,5,0,5,1.0,-100.0,0.0,MARGIN CALL ($0)
63,14,0.0,5,0,5,1.0,-100.0,0.0,MARGIN CALL ($0)
63,15,0.0,5,0,5,1.0,-100.0,0.0,MARGIN CALL ($0)
63,16,0.0,4,0,4,1.0,-100.0,0.0,MARGIN CALL ($0)
63,17,0.0,4,0,4,1.0,-100.0,0.0,MARGIN CALL ($0)
63,18,0.0,5,0,5,1.0,-100.0,0.0,MARGIN CALL ($0)
63,19,0.0,5,0,5,1.0,-100.0,0.0,MARGIN CALL ($0)
63,20,0.0,5,0,5,1.0,-100.0,0.0,MARGIN CALL ($0)
63,21,0.0,7,0,7,1.0,-100.0,0.0,MARGIN CALL ($0)
63,22,0.0,7,0,7,1.0,-100.0,0.0,MARGIN CALL ($0)
63,23,0.0,7,0,7,1.0,-100.0,0.0,MARGIN CALL ($0)
63,24,0.0,7,0,7,1.0,-100.0,0.0,MARGIN CALL ($0)
63,25,0.0,7,0,7,1.0,-100.0,0.0,MARGIN CALL ($0)
63,26,0.0,7,0,7,1.0,-100.0,0.0,MARGIN CALL ($0)
63,27,0.0,7,0,7,1.0,-100.0,0.0,MARGIN CALL ($0)
63,28,0.0,7,0,7,1.0,-100.0,0.0,MARGIN CALL ($0)
63,29,0.0,13,0,13,1.0,-100.0,0.0,MARGIN CALL ($0)
63,30,0.0,13,0,13,1.0,-100.0,0.0,MARGIN CALL ($0)
63,31,0.0,13,0,13,1.0,-100.0,0.0,MARGIN CALL ($0)
63,32,0.0,12,1,11,1.0,-100.0,8.333333333333332,MARGIN CALL ($0)
63,33,0.0,15,1,14,1.0,-100.0,6.666666666666667,MARGIN CALL ($0)
63,34,0.0,12,1,11,1.0,-100.0,8.333333333333332,MARGIN CALL ($0)
63,35,0.0,7,0,7,1.0,-100.0,0.0,MARGIN CALL ($0)
63,36,0.0,7,0,7,1.0,-100.0,0.0,MARGIN CALL ($0)
63,37,0.0,7,0,7,1.0,-100.0,0.0,MARGIN CALL ($0)
63,38,0.0,7,0,7,1.0,-100.0,0.0,MARGIN CALL ($0)
63,39,0.0,8,0,8,1.0,-100.0,0.0,MARGIN CALL ($0)
63,40,0.0,8,0,8,1.0,-100.0,0.0,MARGIN CALL ($0)
63,41,0.0,8,0,8,1.0,-100.0,0.0,MARGIN CALL ($0)
63,42,0.0,8,0,8,1.0,-100.0,0.0,MARGIN CALL ($0)
63,43,0.0,8,0,8,1.0,-100.0,0.0,MARGIN CALL ($0)
63,44,0.0,8,0,8,1.0,-100.0,0.0,MARGIN CALL ($0)
63,45,0.0,8,0,8,1.0,-100.0,0.0,MARGIN CALL ($0)
63,46,0.0,8,0,8,1.0,-100.0,0.0,MARGIN CALL ($0)
63,47,0.0,8,0,8,1.0,-100.0,0.0,MARGIN CALL ($0)
63,48,0.0,9,0,9,1.0,-100.0,0.0,MARGIN CALL ($0)
63,49,0.0,9,0,9,1.0,-100.0,0.0,MARGIN CALL ($0)
63,50,0.0,9,0,9,1.0,-100.0,0.0,MARGIN CALL ($0)
63,51,0.0,8,0,8,1.0,-100.0,0.0,MARGIN CALL ($0)
63,52,0.0,7,0,7,1.0,-100.0,0.0,MARGIN CALL ($0)
63,53,0.0,27,2,25,1.0,-100.0,7.4074074074074066,MARGIN CALL ($0)
63,54,0.0,10,0,10,1.0,-100.0,0.0,MARGIN CALL ($0)
63,55,0.0,8,0,8,1.0,-100.0,0.0,MARGIN CALL ($0)
63,56,0.0,8,0,8,1.0,-100.0,0.0,MARGIN CALL ($0)
63,57,0.0,12,1,11,1.0,-100.0,8.333333333333332,MARGIN CALL ($0)
63,58,0.0,8,0,8,1.0,-100.0,0.0,MARGIN CALL ($0)
63,59,0.0,7,0,7,1.0,-100.0,0.0,MARGIN CALL ($0)
63,60,0.0,8,0,8,1.0,-100.0,0.0,MARGIN CALL ($0)
63,61,0.0,8,0,8,1.0,-100.0,0.0,MARGIN CALL ($0)
63,62,0.0,8,0,8,1.0,-100.0,0.0,MARGIN CALL ($0)
63,63,0.0,8,0,8,1.0,-100.0,0.0,MARGIN CALL ($0)
63,64,0.0,8,0,8,1.0,-100.0,0.0,MARGIN CALL ($0)
63,65,0.0,8,0,8,1.0,-100.0,0.0,MARGIN CALL ($0)
63,66,0.0,8,0,8,1.0,-100.0,0.0,MARGIN CALL ($0)
63,67,0.0,8,0,8,1.0,-100.0,0.0,MARGIN CALL ($0)
63,68,0.0,10,0,10,1.0,-100.0,0.0,MARGIN CALL ($0)
63,69,0.0,8,0,8,1.0,-100.0,0.0,MARGIN CALL ($0)
63,70,0.0,8,0,8,1.0,-100.0,0.0,MARGIN CALL ($0)
63,71,0.0,6,0,6,1.0,-100.0,0.0,MARGIN CALL ($0)
63,72,0.0,6,0,6,1.0,-100.0,0.0,MARGIN CALL ($0)
63,73,0.0,6,0,6,1.0,-100.0,0.0,MARGIN CALL ($0)
63,74,0.0,5,0,5,1.0,-100.0,0.0,MARGIN CALL ($0)
63,75,0.0,5,0,5,1.0,-100.0,0.0,MARGIN CALL ($0)
63,76,0.0,5,0,5,1.0,-100.0,0.0,MARGIN CALL ($0)
63,77,0.0,5,0,5,1.0,-100.0,0.0,MARGIN CALL ($0)
63,78,0.0,8,0,8,1.0,-100.0,0.0,MARGIN CALL ($0)
63,79,0.0,8,0,8,1.0,-100.0,0.0,MARGIN CALL ($0)
63,80,0.0,8,0,8,1.0,-100.0,0.0,MARGIN CALL ($0)
63,81,0.0,8,0,8,1.0,-100.0,0.0,MARGIN CALL ($0)
63,82,0.0,7,0,7,1.0,-100.0,0.0,MARGIN CALL ($0)
63,83,0.0,7,0,7,1.0,-100.0,0.0,MARGIN CALL ($0)
63,84,0.0,8,0,8,1.0,-100.0,0.0,MARGIN CALL ($0)
63,85,0.0,8,0,8,1.0,-100.0,0.0,MARGIN CALL ($0)
63,86,0.0,8,0,8,1.0,-100.0,0.0,MARGIN CALL ($0)
63,87,0.0,8,0,8,1.0,-100.0,0.0,MARGIN CALL ($0)
63,88,0.0,11,0,11,1.0,-100.0,0.0,MARGIN CALL ($0)
63,89,0.0,9,0,9,1.0,-100.0,0.0,MARGIN CALL ($0)
63,90,0.0,8,0,8,1.0,-100.0,0.0,MARGIN CALL ($0)
63,91,0.0,8,0,8,1.0,-100.0,0.0,MARGIN CALL ($0)
63,92,0.0,8,0,8,1.0,-100.0,0.0,MARGIN CALL ($0)
63,93,0.0,7,0,7,1.0,-100.0,0.0,MARGIN CALL ($0)
63,94,0.0,7,0,7,1.0,-100.0,0.0,MARGIN CALL ($0)
63,95,0.0,7,0,7,1.0,-100.0,0.0,MARGIN CALL ($0)
63,96,0.0,8,0,8,1.0,-100.0,0.0,MARGIN CALL ($0)
63,97,0.0,7,0,7,1.0,-100.0,0.0,MARGIN CALL ($0)
63,98,0.0,8,0,8,1.0,-100.0,0.0,MARGIN CALL ($0)
63,99,0.0,8,0,8,1.0,-100.0,0.0,MARGIN CALL ($0)
63,100,0.0,8,0,8,1.0,-100.0,0.0,MARGIN CALL ($0)
64,1,0.0,8,0,8,1.0,-100.0,0.0,MARGIN CALL ($0)
64,2,0.0,25,3,22,1.0,-100.0,12.0,MARGIN CALL ($0)
64,3,0.0,21,3,18,1.0,-100.0,14.285714285714285,MARGIN CALL ($0)
64,4,0.0,21,3,18,1.0,-100.0,14.285714285714285,MARGIN CALL ($0)
64,5,0.0,21,3,18,1.0,-100.0,14.285714285714285,MARGIN CALL ($0)
64,6,0.0,18,3,15,1.0,-100.0,16.666666666666664,MARGIN CALL ($0)
64,7,0.0,18,3,15,1.0,-100.0,16.666666666666664,MARGIN CALL ($0)
64,8,0.0,21,3,18,1.0,-100.0,14.285714285714285,MARGIN CALL ($0)
64,9,0.0,21,3,18,1.0,-100.0,14.285714285714285,MARGIN CALL ($0)
64,10,0.0,16,2,14,1.0,-100.0,12.5,MARGIN CALL ($0)
64,11,0.0,16,2,14,1.0,-100.0,12.5,MARGIN CALL ($0)
1,73,0.0,6,0,6,1.0,-100.0,0.0,MARGIN CALL ($0)
64,13,0.0,5,0,5,1.0,-100.0,0.0,MARGIN CALL ($0)
64,14,0.0,5,0,5,1.0,-100.0,0.0,MARGIN CALL ($0)
64,15,0.0,5,0,5,1.0,-100.0,0.0,MARGIN CALL ($0)
64,16,0.0,4,0,4,1.0,-100.0,0.0,MARGIN CALL ($0)
64,17,0.0,4,0,4,1.0,-100.0,0.0,MARGIN CALL ($0)
64,18,0.0,5,0,5,1.0,-100.0,0.0,MARGIN CALL ($0)
64,19,0.0,5,0,5,1.0,-100.0,0.0,MARGIN CALL ($0)
64,20,0.0,5,0,5,1.0,-100.0,0.0,MARGIN CALL ($0)
64,21,0.0,7,0,7,1.0,-100.0,0.0,MARGIN CALL ($0)
64,22,0.0,7,0,7,1.0,-100.0,0.0,MARGIN CALL ($0)
64,23,0.0,7,0,7,1.0,-100.0,0.0,MARGIN CALL ($0)
64,24,0.0,7,0,7,1.0,-100.0,0.0,MARGIN CALL ($0)
64,25,0.0,7,0,7,1.0,-100.0,0.0,MARGIN CALL ($0)
64,26,0.0,7,0,7,1.0,-100.0,0.0,MARGIN CALL ($0)
64,27,0.0,7,0,7,1.0,-100.0,0.0,MARGIN CALL ($0)
64,28,0.0,7,0,7,1.0,-100.0,0.0,MARGIN CALL ($0)
64,29,0.0,13,0,13,1.0,-100.0,0.0,MARGIN CALL ($0)
64,30,0.0,13,0,13,1.0,-100.0,0.0,MARGIN CALL ($0)
64,31,0.0,13,0,13,1.0,-100.0,0.0,MARGIN CALL ($0)
64,32,0.0,12,1,11,1.0,-100.0,8.333333333333332,MARGIN CALL ($0)
64,33,0.0,15,1,14,1.0,-100.0,6.666666666666667,MARGIN CALL ($0)
64,34,0.0,12,1,11,1.0,-100.0,8.333333333333332,MARGIN CALL ($0)
64,35,0.0,7,0,7,1.0,-100.0,0.0,MARGIN CALL ($0)
64,36,0.0,7,0,7,1.0,-100.0,0.0,MARGIN CALL ($0)
64,37,0.0,7,0,7,1.0,-100.0,0.0,MARGIN CALL ($0)
64,38,0.0,7,0,7,1.0,-100.0,0.0,MARGIN CALL ($0)
64,39,0.0,8,0,8,1.0,-100.0,0.0,MARGIN CALL ($0)
64,40,0.0,8,0,8,1.0,-100.0,0.0,MARGIN CALL ($0)
64,41,0.0,8,0,8,1.0,-100.0,0.0,MARGIN CALL ($0)
64,42,0.0,8,0,8,1.0,-100.0,0.0,MARGIN CALL ($0)
64,43,0.0,8,0,8,1.0,-100.0,0.0,MARGIN CALL ($0)
64,44,0.0,8,0,8,1.0,-100.0,0.0,MARGIN CALL ($0)
64,45,0.0,8,0,8,1.0,-100.0,0.0,MARGIN CALL ($0)
64,46,0.0,8,0,8,1.0,-100.0,0.0,MARGIN CALL ($0)
64,47,0.0,8,0,8,1.0,-100.0,0.0,MARGIN CALL ($0)
64,48,0.0,9,0,9,1.0,-100.0,0.0,MARGIN CALL ($0)
64,49,0.0,9,0,9,1.0,-100.0,0.0,MARGIN CALL ($0)
64,50,0.0,9,0,9,1.0,-100.0,0.0,MARGIN CALL ($0)
64,51,0.0,8,0,8,1.0,-100.0,0.0,MARGIN CALL ($0)
64,52,0.0,7,0,7,1.0,-100.0,0.0,MARGIN CALL ($0)
64,53,0.0,27,2,25,1.0,-100.0,7.4074074074074066,MARGIN CALL ($0)
64,54,0.0,10,0,10,1.0,-100.0,0.0,MARGIN CALL ($0)
64,55,0.0,8,0,8,1.0,-100.0,0.0,MARGIN CALL ($0)
64,56,0.0,8,0,8,1.0,-100.0,0.0,MARGIN CALL ($0)
64,57,0.0,13,1,12,1.0,-100.0,7.6923076923076925,MARGIN CALL ($0)
64,58,0.0,9,0,9,1.0,-100.0,0.0,MARGIN CALL ($0)
64,59,0.0,8,0,8,1.0,-100.0,0.0,MARGIN CALL ($0)
64,60,0.0,9,0,9,1.0,-100.0,0.0,MARGIN CALL ($0)
64,61,0.0,9,0,9,1.0,-100.0,0.0,MARGIN CALL ($0)
64,62,0.0,8,0,8,1.0,-100.0,0.0,MARGIN CALL ($0)
64,63,0.0,8,0,8,1.0,-100.0,0.0,MARGIN CALL ($0)
64,64,0.0,8,0,8,1.0,-100.0,0.0,MARGIN CALL ($0)
64,65,0.0,8,0,8,1.0,-100.0,0.0,MARGIN CALL ($0)
64,66,0.0,8,0,8,1.0,-100.0,0.0,MARGIN CALL ($0)
64,67,0.0,8,0,8,1.0,-100.0,0.0,MARGIN CALL ($0)
64,68,0.0,10,0,10,1.0,-100.0,0.0,MARGIN CALL ($0)
64,69,0.0,8,0,8,1.0,-100.0,0.0,MARGIN CALL ($0)
64,70,0.0,8,0,8,1.0,-100.0,0.0,MARGIN CALL ($0)
64,71,0.0,6,0,6,1.0,-100.0,0.0,MARGIN CALL ($0)
64,72,0.0,6,0,6,1.0,-100.0,0.0,MARGIN CALL ($0)
64,73,0.0,6,0,6,1.0,-100.0,0.0,MARGIN CALL ($0)
64,74,0.0,5,0,5,1.0,-100.0,0.0,MARGIN CALL ($0)
64,75,0.0,5,0,5,1.0,-100.0,0.0,MARGIN CALL ($0)
64,76,0.0,5,0,5,1.0,-100.0,0.0,MARGIN CALL ($0)
64,77,0.0,5,0,5,1.0,-100.0,0.0,MARGIN CALL ($0)
64,78,0.0,8,0,8,1.0,-100.0,0.0,MARGIN CALL ($0)
64,79,0.0,8,0,8,1.0,-100.0,0.0,MARGIN CALL ($0)
64,80,0.0,8,0,8,1.0,-100.0,0.0,MARGIN CALL ($0)
64,81,0.0,8,0,8,1.0,-100.0,0.0,MARGIN CALL ($0)
64,82,0.0,7,0,7,1.0,-100.0,0.0,MARGIN CALL ($0)
64,83,0.0,7,0,7,1.0,-100.0,0.0,MARGIN CALL ($0)
64,84,0.0,8,0,8,1.0,-100.0,0.0,MARGIN CALL ($0)
64,85,0.0,8,0,8,1.0,-100.0,0.0,MARGIN CALL ($0)
64,86,0.0,8,0,8,1.0,-100.0,0.0,MARGIN CALL ($0)
64,87,0.0,8,0,8,1.0,-100.0,0.0,MARGIN CALL ($0)
64,88,0.0,11,0,11,1.0,-100.0,0.0,MARGIN CALL ($0)
64,89,0.0,9,0,9,1.0,-100.0,0.0,MARGIN CALL ($0)
64,90,0.0,8,0,8,1.0,-100.0,0.0,MARGIN CALL ($0)
64,91,0.0,8,0,8,1.0,-100.0,0.0,MARGIN CALL ($0)
64,92,0.0,8,0,8,1.0,-100.0,0.0,MARGIN CALL ($0)
64,93,0.0,9,0,9,1.0,-100.0,0.0,MARGIN CALL ($0)
64,94,0.0,9,0,9,1.0,-100.0,0.0,MARGIN CALL ($0)
64,95,0.0,10,0,10,1.0,-100.0,0.0,MARGIN CALL ($0)
64,96,0.0,10,0,10,1.0,-100.0,0.0,MARGIN CALL ($0)
64,97,0.0,9,0,9,1.0,-100.0,0.0,MARGIN CALL ($0)
64,98,0.0,8,0,8,1.0,-100.0,0.0,MARGIN CALL ($0)
64,99,0.0,8,0,8,1.0,-100.0,0.0,MARGIN CALL ($0)
64,100,0.0,8,0,8,1.0,-100.0,0.0,MARGIN CALL ($0)
65,1,0.0,8,0,8,1.0,-100.0,0.0,MARGIN CALL ($0)
65,2,0.0,25,3,22,1.0,-100.0,12.0,MARGIN CALL ($0)
65,3,0.0,21,3,18,1.0,-100.0,14.285714285714285,MARGIN CALL ($0)
65,4,0.0,21,3,18,1.0,-100.0,14.285714285714285,MARGIN CALL ($0)
65,5,0.0,21,3,18,1.0,-100.0,14.285714285714285,MARGIN CALL ($0)
65,6,0.0,18,3,15,1.0,-100.0,16.666666666666664,MARGIN CALL ($0)
65,7,0.0,18,3,15,1.0,-100.0,16.666666666666664,MARGIN CALL ($0)
65,8,0.0,21,3,18,1.0,-100.0,14.285714285714285,MARGIN CALL ($0)
65,9,0.0,21,3,18,1.0,-100.0,14.285714285714285,MARGIN CALL ($0)
65,10,0.0,16,2,14,1.0,-100.0,12.5,MARGIN CALL ($0)
65,11,0.0,16,2,14,1.0,-100.0,12.5,MARGIN CALL ($0)
1,74,0.0,6,0,6,1.0,-100.0,0.0,MARGIN CALL ($0)
65,13,0.0,5,0,5,1.0,-100.0,0.0,MARGIN CALL ($0)
65,14,0.0,5,0,5,1.0,-100.0,0.0,MARGIN CALL ($0)
65,15,0.0,5,0,5,1.0,-100.0,0.0,MARGIN CALL ($0)
65,16,0.0,4,0,4,1.0,-100.0,0.0,MARGIN CALL ($0)
65,17,0.0,4,0,4,1.0,-100.0,0.0,MARGIN CALL ($0)
65,18,0.0,5,0,5,1.0,-100.0,0.0,MARGIN CALL ($0)
65,19,0.0,5,0,5,1.0,-100.0,0.0,MARGIN CALL ($0)
65,20,0.0,5,0,5,1.0,-100.0,0.0,MARGIN CALL ($0)
65,21,0.0,7,0,7,1.0,-100.0,0.0,MARGIN CALL ($0)
65,22,0.0,7,0,7,1.0,-100.0,0.0,MARGIN CALL ($0)
65,23,0.0,7,0,7,1.0,-100.0,0.0,MARGIN CALL ($0)
65,24,0.0,7,0,7,1.0,-100.0,0.0,MARGIN CALL ($0)
65,25,0.0,7,0,7,1.0,-100.0,0.0,MARGIN CALL ($0)
65,26,0.0,7,0,7,1.0,-100.0,0.0,MARGIN CALL ($0)
65,27,0.0,7,0,7,1.0,-100.0,0.0,MARGIN CALL ($0)
65,28,0.0,7,0,7,1.0,-100.0,0.0,MARGIN CALL ($0)
65,29,0.0,15,0,15,1.0,-100.0,0.0,MARGIN CALL ($0)
65,30,0.0,13,0,13,1.0,-100.0,0.0,MARGIN CALL ($0)
65,31,0.0,13,0,13,1.0,-100.0,0.0,MARGIN CALL ($0)
65,32,0.0,12,1,11,1.0,-100.0,8.333333333333332,MARGIN CALL ($0)
65,33,0.0,15,1,14,1.0,-100.0,6.666666666666667,MARGIN CALL ($0)
65,34,0.0,12,1,11,1.0,-100.0,8.333333333333332,MARGIN CALL ($0)
65,35,0.0,7,0,7,1.0,-100.0,0.0,MARGIN CALL ($0)
65,36,0.0,7,0,7,1.0,-100.0,0.0,MARGIN CALL ($0)
65,37,0.0,7,0,7,1.0,-100.0,0.0,MARGIN CALL ($0)
65,38,0.0,7,0,7,1.0,-100.0,0.0,MARGIN CALL ($0)
65,39,0.0,8,0,8,1.0,-100.0,0.0,MARGIN CALL ($0)
65,40,0.0,8,0,8,1.0,-100.0,0.0,MARGIN CALL ($0)
65,41,0.0,8,0,8,1.0,-100.0,0.0,MARGIN CALL ($0)
65,42,0.0,8,0,8,1.0,-100.0,0.0,MARGIN CALL ($0)
65,43,0.0,8,0,8,1.0,-100.0,0.0,MARGIN CALL ($0)
65,44,0.0,8,0,8,1.0,-100.0,0.0,MARGIN CALL ($0)
65,45,0.0,8,0,8,1.0,-100.0,0.0,MARGIN CALL ($0)
65,46,0.0,8,0,8,1.0,-100.0,0.0,MARGIN CALL ($0)
65,47,0.0,8,0,8,1.0,-100.0,0.0,MARGIN CALL ($0)
65,48,0.0,9,0,9,1.0,-100.0,0.0,MARGIN CALL ($0)
65,49,0.0,9,0,9,1.0,-100.0,0.0,MARGIN CALL ($0)
65,50,0.0,9,0,9,1.0,-100.0,0.0,MARGIN CALL ($0)
65,51,0.0,8,0,8,1.0,-100.0,0.0,MARGIN CALL ($0)
65,52,0.0,7,0,7,1.0,-100.0,0.0,MARGIN CALL ($0)
65,53,0.0,27,2,25,1.0,-100.0,7.4074074074074066,MARGIN CALL ($0)
65,54,0.0,10,0,10,1.0,-100.0,0.0,MARGIN CALL ($0)
65,55,0.0,8,0,8,1.0,-100.0,0.0,MARGIN CALL ($0)
65,56,0.0,8,0,8,1.0,-100.0,0.0,MARGIN CALL ($0)
65,57,0.0,13,1,12,1.0,-100.0,7.6923076923076925,MARGIN CALL ($0)
65,58,0.0,10,0,10,1.0,-100.0,0.0,MARGIN CALL ($0)
65,59,0.0,10,0,10,1.0,-100.0,0.0,MARGIN CALL ($0)
65,60,0.0,9,0,9,1.0,-100.0,0.0,MARGIN CALL ($0)
65,61,0.0,9,0,9,1.0,-100.0,0.0,MARGIN CALL ($0)
65,62,0.0,9,0,9,1.0,-100.0,0.0,MARGIN CALL ($0)
65,63,0.0,9,0,9,1.0,-100.0,0.0,MARGIN CALL ($0)
65,64,0.0,9,0,9,1.0,-100.0,0.0,MARGIN CALL ($0)
65,65,0.0,9,0,9,1.0,-100.0,0.0,MARGIN CALL ($0)
65,66,0.0,9,0,9,1.0,-100.0,0.0,MARGIN CALL ($0)
65,67,0.0,9,0,9,1.0,-100.0,0.0,MARGIN CALL ($0)
65,68,0.0,8,0,8,1.0,-100.0,0.0,MARGIN CALL ($0)
65,69,0.0,8,0,8,1.0,-100.0,0.0,MARGIN CALL ($0)
65,70,0.0,8,0,8,1.0,-100.0,0.0,MARGIN CALL ($0)
65,71,0.0,6,0,6,1.0,-100.0,0.0,MARGIN CALL ($0)
65,72,0.0,6,0,6,1.0,-100.0,0.0,MARGIN CALL ($0)
65,73,0.0,6,0,6,1.0,-100.0,0.0,MARGIN CALL ($0)
65,74,0.0,8,0,8,1.0,-100.0,0.0,MARGIN CALL ($0)
65,75,0.0,9,0,9,1.0,-100.0,0.0,MARGIN CALL ($0)
65,76,0.0,9,0,9,1.0,-100.0,0.0,MARGIN CALL ($0)
65,77,0.0,8,0,8,1.0,-100.0,0.0,MARGIN CALL ($0)
65,78,0.0,9,0,9,1.0,-100.0,0.0,MARGIN CALL ($0)
65,79,0.0,9,0,9,1.0,-100.0,0.0,MARGIN CALL ($0)
65,80,0.0,9,0,9,1.0,-100.0,0.0,MARGIN CALL ($0)
65,81,0.0,9,0,9,1.0,-100.0,0.0,MARGIN CALL ($0)
65,82,0.0,9,0,9,1.0,-100.0,0.0,MARGIN CALL ($0)
65,83,0.0,9,0,9,1.0,-100.0,0.0,MARGIN CALL ($0)
65,84,0.0,10,0,10,1.0,-100.0,0.0,MARGIN CALL ($0)
65,85,0.0,10,0,10,1.0,-100.0,0.0,MARGIN CALL ($0)
65,86,0.0,10,0,10,1.0,-100.0,0.0,MARGIN CALL ($0)
65,87,0.0,10,0,10,1.0,-100.0,0.0,MARGIN CALL ($0)
65,88,0.0,13,0,13,1.0,-100.0,0.0,MARGIN CALL ($0)
65,89,0.0,11,0,11,1.0,-100.0,0.0,MARGIN CALL ($0)
65,90,0.0,11,0,11,1.0,-100.0,0.0,MARGIN CALL ($0)
65,91,0.0,10,0,10,1.0,-100.0,0.0,MARGIN CALL ($0)
65,92,0.0,10,0,10,1.0,-100.0,0.0,MARGIN CALL ($0)
65,93,0.0,10,0,10,1.0,-100.0,0.0,MARGIN CALL ($0)
65,94,0.0,12,0,12,1.0,-100.0,0.0,MARGIN CALL ($0)
65,95,0.0,13,0,13,1.0,-100.0,0.0,MARGIN CALL ($0)
65,96,0.0,13,0,13,1.0,-100.0,0.0,MARGIN CALL ($0)
65,97,0.0,11,0,11,1.0,-100.0,0.0,MARGIN CALL ($0)
65,98,0.0,10,0,10,1.0,-100.0,0.0,MARGIN CALL ($0)
65,99,0.0,11,0,11,1.0,-100.0,0.0,MARGIN CALL ($0)
65,100,0.0,11,0,11,1.0,-100.0,0.0,MARGIN CALL ($0)
66,1,0.0,8,0,8,1.0,-100.0,0.0,MARGIN CALL ($0)
66,2,0.0,25,3,22,1.0,-100.0,12.0,MARGIN CALL ($0)
66,3,0.0,22,3,19,1.0,-100.0,13.636363636363635,MARGIN CALL ($0)
66,4,0.0,22,3,19,1.0,-100.0,13.636363636363635,MARGIN CALL ($0)
66,5,0.0,23,3,20,1.0,-100.0,13.043478260869565,MARGIN CALL ($0)
66,6,0.0,20,3,17,1.0,-100.0,15.0,MARGIN CALL ($0)
66,7,0.0,20,3,17,1.0,-100.0,15.0,MARGIN CALL ($0)
66,8,0.0,23,3,20,1.0,-100.0,13.043478260869565,MARGIN CALL ($0)
66,9,0.0,23,3,20,1.0,-100.0,13.043478260869565,MARGIN CALL ($0)
66,10,0.0,22,3,19,1.0,-100.0,13.636363636363635,MARGIN CALL ($0)
66,11,0.0,22,3,19,1.0,-100.0,13.636363636363635,MARGIN CALL ($0)
1,75,0.0,6,0,6,1.0,-100.0,0.0,MARGIN CALL ($0)
66,13,0.0,5,0,5,1.0,-100.0,0.0,MARGIN CALL ($0)
66,14,0.0,5,0,5,1.0,-100.0,0.0,MARGIN CALL ($0)
66,15,0.0,5,0,5,1.0,-100.0,0.0,MARGIN CALL ($0)
66,16,0.0,4,0,4,1.0,-100.0,0.0,MARGIN CALL ($0)
66,17,0.0,4,0,4,1.0,-100.0,0.0,MARGIN CALL ($0)
66,18,0.0,5,0,5,1.0,-100.0,0.0,MARGIN CALL ($0)
66,19,0.0,5,0,5,1.0,-100.0,0.0,MARGIN CALL ($0)
66,20,0.0,5,0,5,1.0,-100.0,0.0,MARGIN CALL ($0)
66,21,0.0,9,1,8,1.0,-100.0,11.11111111111111,MARGIN CALL ($0)
66,22,0.0,8,1,7,1.0,-100.0,12.5,MARGIN CALL ($0)
66,23,0.0,8,1,7,1.0,-100.0,12.5,MARGIN CALL ($0)
66,24,0.0,8,1,7,1.0,-100.0,12.5,MARGIN CALL ($0)
66,25,0.0,8,1,7,1.0,-100.0,12.5,MARGIN CALL ($0)
66,26,0.0,8,1,7,1.0,-100.0,12.5,MARGIN CALL ($0)
66,27,0.0,9,1,8,1.0,-100.0,11.11111111111111,MARGIN CALL ($0)
66,28,0.0,9,1,8,1.0,-100.0,11.11111111111111,MARGIN CALL ($0)
66,29,0.0,15,1,14,1.0,-100.0,6.666666666666667,MARGIN CALL ($0)
66,30,0.0,13,1,12,1.0,-100.0,7.6923076923076925,MARGIN CALL ($0)
66,31,0.0,13,0,13,1.0,-100.0,0.0,MARGIN CALL ($0)
66,32,0.0,12,1,11,1.0,-100.0,8.333333333333332,MARGIN CALL ($0)
66,33,0.0,15,1,14,1.0,-100.0,6.666666666666667,MARGIN CALL ($0)
66,34,0.0,12,1,11,1.0,-100.0,8.333333333333332,MARGIN CALL ($0)
66,35,0.0,7,0,7,1.0,-100.0,0.0,MARGIN CALL ($0)
66,36,0.0,7,0,7,1.0,-100.0,0.0,MARGIN CALL ($0)
66,37,0.0,7,0,7,1.0,-100.0,0.0,MARGIN CALL ($0)
66,38,0.0,7,0,7,1.0,-100.0,0.0,MARGIN CALL ($0)
66,39,0.0,8,0,8,1.0,-100.0,0.0,MARGIN CALL ($0)
66,40,0.0,8,0,8,1.0,-100.0,0.0,MARGIN CALL ($0)
66,41,0.0,8,0,8,1.0,-100.0,0.0,MARGIN CALL ($0)
66,42,0.0,8,0,8,1.0,-100.0,0.0,MARGIN CALL ($0)
66,43,0.0,8,0,8,1.0,-100.0,0.0,MARGIN CALL ($0)
66,44,0.0,8,0,8,1.0,-100.0,0.0,MARGIN CALL ($0)
66,45,0.0,8,0,8,1.0,-100.0,0.0,MARGIN CALL ($0)
66,46,0.0,8,0,8,1.0,-100.0,0.0,MARGIN CALL ($0)
66,47,0.0,8,0,8,1.0,-100.0,0.0,MARGIN CALL ($0)
66,48,0.0,9,0,9,1.0,-100.0,0.0,MARGIN CALL ($0)
66,49,0.0,9,0,9,1.0,-100.0,0.0,MARGIN CALL ($0)
66,50,0.0,9,0,9,1.0,-100.0,0.0,MARGIN CALL ($0)
66,51,0.0,8,0,8,1.0,-100.0,0.0,MARGIN CALL ($0)
66,52,0.0,7,0,7,1.0,-100.0,0.0,MARGIN CALL ($0)
66,53,0.0,27,2,25,1.0,-100.0,7.4074074074074066,MARGIN CALL ($0)
66,54,0.0,9,0,9,1.0,-100.0,0.0,MARGIN CALL ($0)
66,55,0.0,8,0,8,1.0,-100.0,0.0,MARGIN CALL ($0)
66,56,0.0,8,0,8,1.0,-100.0,0.0,MARGIN CALL ($0)
66,57,0.0,13,1,12,1.0,-100.0,7.6923076923076925,MARGIN CALL ($0)
66,58,0.0,10,0,10,1.0,-100.0,0.0,MARGIN CALL ($0)
66,59,0.0,10,0,10,1.0,-100.0,0.0,MARGIN CALL ($0)
66,60,0.0,9,0,9,1.0,-100.0,0.0,MARGIN CALL ($0)
66,61,0.0,9,0,9,1.0,-100.0,0.0,MARGIN CALL ($0)
66,62,0.0,9,0,9,1.0,-100.0,0.0,MARGIN CALL ($0)
66,63,0.0,9,0,9,1.0,-100.0,0.0,MARGIN CALL ($0)
66,64,0.0,9,0,9,1.0,-100.0,0.0,MARGIN CALL ($0)
66,65,0.0,9,0,9,1.0,-100.0,0.0,MARGIN CALL ($0)
66,66,0.0,9,0,9,1.0,-100.0,0.0,MARGIN CALL ($0)
66,67,0.0,9,0,9,1.0,-100.0,0.0,MARGIN CALL ($0)
66,68,0.0,8,0,8,1.0,-100.0,0.0,MARGIN CALL ($0)
66,69,0.0,8,0,8,1.0,-100.0,0.0,MARGIN CALL ($0)
66,70,0.0,8,0,8,1.0,-100.0,0.0,MARGIN CALL ($0)
66,71,0.0,6,0,6,1.0,-100.0,0.0,MARGIN CALL ($0)
66,72,0.0,6,0,6,1.0,-100.0,0.0,MARGIN CALL ($0)
66,73,0.0,6,0,6,1.0,-100.0,0.0,MARGIN CALL ($0)
66,74,0.0,8,0,8,1.0,-100.0,0.0,MARGIN CALL ($0)
66,75,0.0,9,0,9,1.0,-100.0,0.0,MARGIN CALL ($0)
66,76,0.0,9,0,9,1.0,-100.0,0.0,MARGIN CALL ($0)
66,77,0.0,8,0,8,1.0,-100.0,0.0,MARGIN CALL ($0)
66,78,0.0,9,0,9,1.0,-100.0,0.0,MARGIN CALL ($0)
66,79,0.0,9,0,9,1.0,-100.0,0.0,MARGIN CALL ($0)
66,80,0.0,9,0,9,1.0,-100.0,0.0,MARGIN CALL ($0)
66,81,0.0,9,0,9,1.0,-100.0,0.0,MARGIN CALL ($0)
66,82,0.0,9,0,9,1.0,-100.0,0.0,MARGIN CALL ($0)
66,83,0.0,9,0,9,1.0,-100.0,0.0,MARGIN CALL ($0)
66,84,0.0,10,0,10,1.0,-100.0,0.0,MARGIN CALL ($0)
66,85,0.0,10,0,10,1.0,-100.0,0.0,MARGIN CALL ($0)
66,86,0.0,10,0,10,1.0,-100.0,0.0,MARGIN CALL ($0)
66,87,0.0,10,0,10,1.0,-100.0,0.0,MARGIN CALL ($0)
66,88,0.0,13,0,13,1.0,-100.0,0.0,MARGIN CALL ($0)
66,89,0.0,11,0,11,1.0,-100.0,0.0,MARGIN CALL ($0)
66,90,0.0,11,0,11,1.0,-100.0,0.0,MARGIN CALL ($0)
66,91,0.0,10,0,10,1.0,-100.0,0.0,MARGIN CALL ($0)
66,92,0.0,10,0,10,1.0,-100.0,0.0,MARGIN CALL ($0)
66,93,0.0,10,0,10,1.0,-100.0,0.0,MARGIN CALL ($0)
66,94,0.0,12,0,12,1.0,-100.0,0.0,MARGIN CALL ($0)
66,95,0.0,13,0,13,1.0,-100.0,0.0,MARGIN CALL ($0)
66,96,0.0,13,0,13,1.0,-100.0,0.0,MARGIN CALL ($0)
66,97,0.0,11,0,11,1.0,-100.0,0.0,MARGIN CALL ($0)
66,98,0.0,10,0,10,1.0,-100.0,0.0,MARGIN CALL ($0)
66,99,0.0,11,0,11,1.0,-100.0,0.0,MARGIN CALL ($0)
66,100,0.0,11,0,11,1.0,-100.0,0.0,MARGIN CALL ($0)
67,1,0.0,8,0,8,1.0,-100.0,0.0,MARGIN CALL ($0)
67,2,0.0,25,3,22,1.0,-100.0,12.0,MARGIN CALL ($0)
67,3,0.0,22,3,19,1.0,-100.0,13.636363636363635,MARGIN CALL ($0)
67,4,0.0,22,3,19,1.0,-100.0,13.636363636363635,MARGIN CALL ($0)
67,5,0.0,22,3,19,1.0,-100.0,13.636363636363635,MARGIN CALL ($0)
67,6,0.0,18,3,15,1.0,-100.0,16.666666666666664,MARGIN CALL ($0)
67,7,0.0,18,3,15,1.0,-100.0,16.666666666666664,MARGIN CALL ($0)
67,8,0.0,20,3,17,1.0,-100.0,15.0,MARGIN CALL ($0)
67,9,0.0,20,3,17,1.0,-100.0,15.0,MARGIN CALL ($0)
67,10,0.0,18,3,15,1.0,-100.0,16.666666666666664,MARGIN CALL ($0)
67,11,0.0,17,3,14,1.0,-100.0,17.647058823529413,MARGIN CALL ($0)
67,12,0.0,16,3,13,1.0,-100.0,18.75,MARGIN CALL ($0)
67,13,0.0,3,0,3,1.0,-100.0,0.0,MARGIN CALL ($0)
67,14,0.0,3,0,3,1.0,-100.0,0.0,MARGIN CALL ($0)
67,15,0.0,3,0,3,1.0,-100.0,0.0,MARGIN CALL ($0)
67,16,0.0,3,0,3,1.0,-100.0,0.0,MARGIN CALL ($0)
67,17,0.0,3,0,3,1.0,-100.0,0.0,MARGIN CALL ($0)
67,18,0.0,3,0,3,1.0,-100.0,0.0,MARGIN CALL ($0)
67,19,0.0,3,0,3,1.0,-100.0,0.0,MARGIN CALL ($0)
67,20,0.0,3,0,3,1.0,-100.0,0.0,MARGIN CALL ($0)
67,21,0.0,3,0,3,1.0,-100.0,0.0,MARGIN CALL ($0)
67,22,0.0,3,0,3,1.0,-100.0,0.0,MARGIN CALL ($0)
67,23,0.0,3,0,3,1.0,-100.0,0.0,MARGIN CALL ($0)
67,24,0.0,3,0,3,1.0,-100.0,0.0,MARGIN CALL ($0)
67,25,0.0,3,0,3,1.0,-100.0,0.0,MARGIN CALL ($0)
67,26,0.0,8,1,7,1.0,-100.0,12.5,MARGIN CALL ($0)
67,27,0.0,9,1,8,1.0,-100.0,11.11111111111111,MARGIN CALL ($0)
67,28,0.0,9,1,8,1.0,-100.0,11.11111111111111,MARGIN CALL ($0)
67,29,0.0,15,1,14,1.0,-100.0,6.666666666666667,MARGIN CALL ($0)
67,30,0.0,13,1,12,1.0,-100.0,7.6923076923076925,MARGIN CALL ($0)
67,31,0.0,13,0,13,1.0,-100.0,0.0,MARGIN CALL ($0)
67,32,0.0,13,1,12,1.0,-100.0,7.6923076923076925,MARGIN CALL ($0)
67,33,0.0,13,1,12,1.0,-100.0,7.6923076923076925,MARGIN CALL ($0)
67,34,0.0,7,1,6,1.0,-100.0,14.285714285714285,MARGIN CALL ($0)
67,35,0.0,5,0,5,1.0,-100.0,0.0,MARGIN CALL ($0)
67,36,0.0,6,0,6,1.0,-100.0,0.0,MARGIN CALL ($0)
67,37,0.0,6,0,6,1.0,-100.0,0.0,MARGIN CALL ($0)
67,38,0.0,7,0,7,1.0,-100.0,0.0,MARGIN CALL ($0)
67,39,0.0,7,0,7,1.0,-100.0,0.0,MARGIN CALL ($0)
67,40,0.0,7,0,7,1.0,-100.0,0.0,MARGIN CALL ($0)
67,41,0.0,7,0,7,1.0,-100.0,0.0,MARGIN CALL ($0)
67,42,0.0,7,0,7,1.0,-100.0,0.0,MARGIN CALL ($0)
67,43,0.0,7,0,7,1.0,-100.0,0.0,MARGIN CALL ($0)
67,44,0.0,7,0,7,1.0,-100.0,0.0,MARGIN CALL ($0)
67,45,0.0,7,0,7,1.0,-100.0,0.0,MARGIN CALL ($0)
67,46,0.0,7,0,7,1.0,-100.0,0.0,MARGIN CALL ($0)
67,47,0.0,7,0,7,1.0,-100.0,0.0,MARGIN CALL ($0)
67,48,0.0,7,0,7,1.0,-100.0,0.0,MARGIN CALL ($0)
67,49,0.0,7,0,7,1.0,-100.0,0.0,MARGIN CALL ($0)
67,50,0.0,7,0,7,1.0,-100.0,0.0,MARGIN CALL ($0)
67,51,0.0,7,0,7,1.0,-100.0,0.0,MARGIN CALL ($0)
67,52,0.0,7,0,7,1.0,-100.0,0.0,MARGIN CALL ($0)
67,53,0.0,9,0,9,1.0,-100.0,0.0,MARGIN CALL ($0)
67,54,0.0,9,0,9,1.0,-100.0,0.0,MARGIN CALL ($0)
67,55,0.0,9,0,9,1.0,-100.0,0.0,MARGIN CALL ($0)
67,56,0.0,9,0,9,1.0,-100.0,0.0,MARGIN CALL ($0)
67,57,0.0,12,1,11,1.0,-100.0,8.333333333333332,MARGIN CALL ($0)
67,58,0.0,9,0,9,1.0,-100.0,0.0,MARGIN CALL ($0)
67,59,0.0,8,0,8,1.0,-100.0,0.0,MARGIN CALL ($0)
67,60,0.0,9,0,9,1.0,-100.0,0.0,MARGIN CALL ($0)
67,61,0.0,9,0,9,1.0,-100.0,0.0,MARGIN CALL ($0)
67,62,0.0,8,0,8,1.0,-100.0,0.0,MARGIN CALL ($0)
67,63,0.0,8,0,8,1.0,-100.0,0.0,MARGIN CALL ($0)
67,64,0.0,9,0,9,1.0,-100.0,0.0,MARGIN CALL ($0)
67,65,0.0,9,0,9,1.0,-100.0,0.0,MARGIN CALL ($0)
67,66,0.0,9,0,9,1.0,-100.0,0.0,MARGIN CALL ($0)
67,67,0.0,8,0,8,1.0,-100.0,0.0,MARGIN CALL ($0)
67,68,0.0,8,0,8,1.0,-100.0,0.0,MARGIN CALL ($0)
67,69,0.0,8,0,8,1.0,-100.0,0.0,MARGIN CALL ($0)
67,70,0.0,8,0,8,1.0,-100.0,0.0,MARGIN CALL ($0)
67,71,0.0,5,0,5,1.0,-100.0,0.0,MARGIN CALL ($0)
67,72,0.0,5,0,5,1.0,-100.0,0.0,MARGIN CALL ($0)
67,73,0.0,5,0,5,1.0,-100.0,0.0,MARGIN CALL ($0)
67,74,0.0,8,0,8,1.0,-100.0,0.0,MARGIN CALL ($0)
67,75,0.0,9,0,9,1.0,-100.0,0.0,MARGIN CALL ($0)
67,76,0.0,9,0,9,1.0,-100.0,0.0,MARGIN CALL ($0)
67,77,0.0,8,0,8,1.0,-100.0,0.0,MARGIN CALL ($0)
67,78,0.0,9,0,9,1.0,-100.0,0.0,MARGIN CALL ($0)
67,79,0.0,9,0,9,1.0,-100.0,0.0,MARGIN CALL ($0)
67,80,0.0,9,0,9,1.0,-100.0,0.0,MARGIN CALL ($0)
67,81,0.0,9,0,9,1.0,-100.0,0.0,MARGIN CALL ($0)
67,82,0.0,9,0,9,1.0,-100.0,0.0,MARGIN CALL ($0)
67,83,0.0,9,0,9,1.0,-100.0,0.0,MARGIN CALL ($0)
67,84,0.0,10,0,10,1.0,-100.0,0.0,MARGIN CALL ($0)
67,85,0.0,10,0,10,1.0,-100.0,0.0,MARGIN CALL ($0)
67,86,0.0,10,0,10,1.0,-100.0,0.0,MARGIN CALL ($0)
67,87,0.0,10,0,10,1.0,-100.0,0.0,MARGIN CALL ($0)
67,88,0.0,7,0,7,1.0,-100.0,0.0,MARGIN CALL ($0)
67,89,0.0,7,0,7,1.0,-100.0,0.0,MARGIN CALL ($0)
67,90,0.0,7,0,7,1.0,-100.0,0.0,MARGIN CALL ($0)
67,91,0.0,7,0,7,1.0,-100.0,0.0,MARGIN CALL ($0)
67,92,0.0,7,0,7,1.0,-100.0,0.0,MARGIN CALL ($0)
67,93,0.0,7,0,7,1.0,-100.0,0.0,MARGIN CALL ($0)
67,94,0.0,9,0,9,1.0,-100.0,0.0,MARGIN CALL ($0)
67,95,0.0,9,0,9,1.0,-100.0,0.0,MARGIN CALL ($0)
67,96,0.0,12,0,12,1.0,-100.0,0.0,MARGIN CALL ($0)
67,97,0.0,11,0,11,1.0,-100.0,0.0,MARGIN CALL ($0)
67,98,0.0,10,0,10,1.0,-100.0,0.0,MARGIN CALL ($0)
67,99,0.0,10,0,10,1.0,-100.0,0.0,MARGIN CALL ($0)
67,100,0.0,10,0,10,1.0,-100.0,0.0,MARGIN CALL ($0)
68,1,0.0,8,0,8,1.0,-100.0,0.0,MARGIN CALL ($0)
68,2,0.0,25,3,22,1.0,-100.0,12.0,MARGIN CALL ($0)
68,3,0.0,20,3,17,1.0,-100.0,15.0,MARGIN CALL ($0)
68,4,0.0,20,3,17,1.0,-100.0,15.0,MARGIN CALL ($0)
68,5,0.0,20,3,17,1.0,-100.0,15.0,MARGIN CALL ($0)
68,6,0.0,16,3,13,1.0,-100.0,18.75,MARGIN CALL ($0)
68,7,0.0,17,3,14,1.0,-100.0,17.647058823529413,MARGIN CALL ($0)
68,8,0.0,16,3,13,1.0,-100.0,18.75,MARGIN CALL ($0)
68,9,0.0,17,3,14,1.0,-100.0,17.647058823529413,MARGIN CALL ($0)
68,10,0.0,13,2,11,1.0,-100.0,15.384615384615385,MARGIN CALL ($0)
68,11,0.0,12,2,10,1.0,-100.0,16.666666666666664,MARGIN CALL ($0)
68,12,0.0,12,2,10,1.0,-100.0,16.666666666666664,MARGIN CALL ($0)
68,13,0.0,3,0,3,1.0,-100.0,0.0,MARGIN CALL ($0)
68,14,0.0,3,0,3,1.0,-100.0,0.0,MARGIN CALL ($0)
68,15,0.0,3,0,3,1.0,-100.0,0.0,MARGIN CALL ($0)
68,16,0.0,3,0,3,1.0,-100.0,0.0,MARGIN CALL ($0)
68,17,0.0,3,0,3,1.0,-100.0,0.0,MARGIN CALL ($0)
68,18,0.0,3,0,3,1.0,-100.0,0.0,MARGIN CALL ($0)
68,19,0.0,3,0,3,1.0,-100.0,0.0,MARGIN CALL ($0)
68,20,0.0,3,0,3,1.0,-100.0,0.0,MARGIN CALL ($0)
68,21,0.0,3,0,3,1.0,-100.0,0.0,MARGIN CALL ($0)
68,22,0.0,3,0,3,1.0,-100.0,0.0,MARGIN CALL ($0)
68,23,0.0,3,0,3,1.0,-100.0,0.0,MARGIN CALL ($0)
68,24,0.0,3,0,3,1.0,-100.0,0.0,MARGIN CALL ($0)
68,25,0.0,3,0,3,1.0,-100.0,0.0,MARGIN CALL ($0)
68,26,0.0,8,1,7,1.0,-100.0,12.5,MARGIN CALL ($0)
68,27,0.0,9,1,8,1.0,-100.0,11.11111111111111,MARGIN CALL ($0)
68,28,0.0,9,1,8,1.0,-100.0,11.11111111111111,MARGIN CALL ($0)
68,29,0.0,15,1,14,1.0,-100.0,6.666666666666667,MARGIN CALL ($0)
68,30,0.0,13,1,12,1.0,-100.0,7.6923076923076925,MARGIN CALL ($0)
68,31,0.0,13,0,13,1.0,-100.0,0.0,MARGIN CALL ($0)
68,32,0.0,13,1,12,1.0,-100.0,7.6923076923076925,MARGIN CALL ($0)
68,33,0.0,13,1,12,1.0,-100.0,7.6923076923076925,MARGIN CALL ($0)
68,34,0.0,7,1,6,1.0,-100.0,14.285714285714285,MARGIN CALL ($0)
68,35,0.0,5,0,5,1.0,-100.0,0.0,MARGIN CALL ($0)
68,36,0.0,6,0,6,1.0,-100.0,0.0,MARGIN CALL ($0)
68,37,0.0,6,0,6,1.0,-100.0,0.0,MARGIN CALL ($0)
68,38,0.0,7,0,7,1.0,-100.0,0.0,MARGIN CALL ($0)
68,39,0.0,7,0,7,1.0,-100.0,0.0,MARGIN CALL ($0)
68,40,0.0,7,0,7,1.0,-100.0,0.0,MARGIN CALL ($0)
68,41,0.0,7,0,7,1.0,-100.0,0.0,MARGIN CALL ($0)
68,42,0.0,7,0,7,1.0,-100.0,0.0,MARGIN CALL ($0)
68,43,0.0,7,0,7,1.0,-100.0,0.0,MARGIN CALL ($0)
68,44,0.0,7,0,7,1.0,-100.0,0.0,MARGIN CALL ($0)
68,45,0.0,7,0,7,1.0,-100.0,0.0,MARGIN CALL ($0)
68,46,0.0,7,0,7,1.0,-100.0,0.0,MARGIN CALL ($0)
68,47,0.0,7,0,7,1.0,-100.0,0.0,MARGIN CALL ($0)
68,48,0.0,7,0,7,1.0,-100.0,0.0,MARGIN CALL ($0)
68,49,0.0,7,0,7,1.0,-100.0,0.0,MARGIN CALL ($0)
68,50,0.0,7,0,7,1.0,-100.0,0.0,MARGIN CALL ($0)
68,51,0.0,7,0,7,1.0,-100.0,0.0,MARGIN CALL ($0)
68,52,0.0,7,0,7,1.0,-100.0,0.0,MARGIN CALL ($0)
68,53,0.0,9,0,9,1.0,-100.0,0.0,MARGIN CALL ($0)
68,54,0.0,9,0,9,1.0,-100.0,0.0,MARGIN CALL ($0)
68,55,0.0,9,0,9,1.0,-100.0,0.0,MARGIN CALL ($0)
68,56,0.0,9,0,9,1.0,-100.0,0.0,MARGIN CALL ($0)
68,57,0.0,12,1,11,1.0,-100.0,8.333333333333332,MARGIN CALL ($0)
68,58,0.0,9,0,9,1.0,-100.0,0.0,MARGIN CALL ($0)
68,59,0.0,8,0,8,1.0,-100.0,0.0,MARGIN CALL ($0)
68,60,0.0,9,0,9,1.0,-100.0,0.0,MARGIN CALL ($0)
68,61,0.0,9,0,9,1.0,-100.0,0.0,MARGIN CALL ($0)
68,62,0.0,8,0,8,1.0,-100.0,0.0,MARGIN CALL ($0)
68,63,0.0,8,0,8,1.0,-100.0,0.0,MARGIN CALL ($0)
68,64,0.0,9,0,9,1.0,-100.0,0.0,MARGIN CALL ($0)
68,65,0.0,9,0,9,1.0,-100.0,0.0,MARGIN CALL ($0)
68,66,0.0,9,0,9,1.0,-100.0,0.0,MARGIN CALL ($0)
68,67,0.0,8,0,8,1.0,-100.0,0.0,MARGIN CALL ($0)
68,68,0.0,8,0,8,1.0,-100.0,0.0,MARGIN CALL ($0)
68,69,0.0,8,0,8,1.0,-100.0,0.0,MARGIN CALL ($0)
68,70,0.0,8,0,8,1.0,-100.0,0.0,MARGIN CALL ($0)
68,71,0.0,5,0,5,1.0,-100.0,0.0,MARGIN CALL ($0)
68,72,0.0,5,0,5,1.0,-100.0,0.0,MARGIN CALL ($0)
68,73,0.0,5,0,5,1.0,-100.0,0.0,MARGIN CALL ($0)
68,74,0.0,8,0,8,1.0,-100.0,0.0,MARGIN CALL ($0)
68,75,0.0,9,0,9,1.0,-100.0,0.0,MARGIN CALL ($0)
68,76,0.0,9,0,9,1.0,-100.0,0.0,MARGIN CALL ($0)
68,77,0.0,8,0,8,1.0,-100.0,0.0,MARGIN CALL ($0)
68,78,0.0,9,0,9,1.0,-100.0,0.0,MARGIN CALL ($0)
68,79,0.0,9,0,9,1.0,-100.0,0.0,MARGIN CALL ($0)
68,80,0.0,9,0,9,1.0,-100.0,0.0,MARGIN CALL ($0)
68,81,0.0,9,0,9,1.0,-100.0,0.0,MARGIN CALL ($0)
68,82,0.0,9,0,9,1.0,-100.0,0.0,MARGIN CALL ($0)
68,83,0.0,9,0,9,1.0,-100.0,0.0,MARGIN CALL ($0)
68,84,0.0,10,0,10,1.0,-100.0,0.0,MARGIN CALL ($0)
68,85,0.0,10,0,10,1.0,-100.0,0.0,MARGIN CALL ($0)
68,86,0.0,10,0,10,1.0,-100.0,0.0,MARGIN CALL ($0)
68,87,0.0,10,0,10,1.0,-100.0,0.0,MARGIN CALL ($0)
68,88,0.0,7,0,7,1.0,-100.0,0.0,MARGIN CALL ($0)
68,89,0.0,7,0,7,1.0,-100.0,0.0,MARGIN CALL ($0)
68,90,0.0,7,0,7,1.0,-100.0,0.0,MARGIN CALL ($0)
68,91,0.0,7,0,7,1.0,-100.0,0.0,MARGIN CALL ($0)
68,92,0.0,7,0,7,1.0,-100.0,0.0,MARGIN CALL ($0)
68,93,0.0,7,0,7,1.0,-100.0,0.0,MARGIN CALL ($0)
68,94,0.0,9,0,9,1.0,-100.0,0.0,MARGIN CALL ($0)
68,95,0.0,9,0,9,1.0,-100.0,0.0,MARGIN CALL ($0)
68,96,0.0,12,0,12,1.0,-100.0,0.0,MARGIN CALL ($0)
68,97,0.0,11,0,11,1.0,-100.0,0.0,MARGIN CALL ($0)
68,98,0.0,10,0,10,1.0,-100.0,0.0,MARGIN CALL ($0)
68,99,0.0,10,0,10,1.0,-100.0,0.0,MARGIN CALL ($0)
68,100,0.0,10,0,10,1.0,-100.0,0.0,MARGIN CALL ($0)
69,1,0.0,8,0,8,1.0,-100.0,0.0,MARGIN CALL ($0)
69,2,0.0,25,3,22,1.0,-100.0,12.0,MARGIN CALL ($0)
69,3,0.0,20,3,17,1.0,-100.0,15.0,MARGIN CALL ($0)
69,4,0.0,20,3,17,1.0,-100.0,15.0,MARGIN CALL ($0)
69,5,0.0,20,3,17,1.0,-100.0,15.0,MARGIN CALL ($0)
69,6,0.0,16,3,13,1.0,-100.0,18.75,MARGIN CALL ($0)
69,7,0.0,17,3,14,1.0,-100.0,17.647058823529413,MARGIN CALL ($0)
69,8,0.0,16,3,13,1.0,-100.0,18.75,MARGIN CALL ($0)
69,9,0.0,17,3,14,1.0,-100.0,17.647058823529413,MARGIN CALL ($0)
69,10,0.0,13,2,11,1.0,-100.0,15.384615384615385,MARGIN CALL ($0)
69,11,0.0,12,2,10,1.0,-100.0,16.666666666666664,MARGIN CALL ($0)
69,12,0.0,12,2,10,1.0,-100.0,16.666666666666664,MARGIN CALL ($0)
69,13,0.0,3,0,3,1.0,-100.0,0.0,MARGIN CALL ($0)
69,14,0.0,3,0,3,1.0,-100.0,0.0,MARGIN CALL ($0)
69,15,0.0,3,0,3,1.0,-100.0,0.0,MARGIN CALL ($0)
69,16,0.0,3,0,3,1.0,-100.0,0.0,MARGIN CALL ($0)
69,17,0.0,3,0,3,1.0,-100.0,0.0,MARGIN CALL ($0)
69,18,0.0,3,0,3,1.0,-100.0,0.0,MARGIN CALL ($0)
69,19,0.0,3,0,3,1.0,-100.0,0.0,MARGIN CALL ($0)
69,20,0.0,3,0,3,1.0,-100.0,0.0,MARGIN CALL ($0)
69,21,0.0,3,0,3,1.0,-100.0,0.0,MARGIN CALL ($0)
69,22,0.0,3,0,3,1.0,-100.0,0.0,MARGIN CALL ($0)
69,23,0.0,3,0,3,1.0,-100.0,0.0,MARGIN CALL ($0)
69,24,0.0,3,0,3,1.0,-100.0,0.0,MARGIN CALL ($0)
69,25,0.0,3,0,3,1.0,-100.0,0.0,MARGIN CALL ($0)
69,26,0.0,8,1,7,1.0,-100.0,12.5,MARGIN CALL ($0)
69,27,0.0,9,1,8,1.0,-100.0,11.11111111111111,MARGIN CALL ($0)
69,28,0.0,9,1,8,1.0,-100.0,11.11111111111111,MARGIN CALL ($0)
69,29,0.0,15,1,14,1.0,-100.0,6.666666666666667,MARGIN CALL ($0)
69,30,0.0,13,1,12,1.0,-100.0,7.6923076923076925,MARGIN CALL ($0)
69,31,0.0,13,0,13,1.0,-100.0,0.0,MARGIN CALL ($0)
69,32,0.0,13,1,12,1.0,-100.0,7.6923076923076925,MARGIN CALL ($0)
69,33,0.0,13,1,12,1.0,-100.0,7.6923076923076925,MARGIN CALL ($0)
69,34,0.0,7,1,6,1.0,-100.0,14.285714285714285,MARGIN CALL ($0)
69,35,0.0,5,0,5,1.0,-100.0,0.0,MARGIN CALL ($0)
69,36,0.0,6,0,6,1.0,-100.0,0.0,MARGIN CALL ($0)
69,37,0.0,6,0,6,1.0,-100.0,0.0,MARGIN CALL ($0)
69,38,0.0,7,0,7,1.0,-100.0,0.0,MARGIN CALL ($0)
69,39,0.0,7,0,7,1.0,-100.0,0.0,MARGIN CALL ($0)
69,40,0.0,7,0,7,1.0,-100.0,0.0,MARGIN CALL ($0)
69,41,0.0,7,0,7,1.0,-100.0,0.0,MARGIN CALL ($0)
69,42,0.0,7,0,7,1.0,-100.0,0.0,MARGIN CALL ($0)
69,43,0.0,7,0,7,1.0,-100.0,0.0,MARGIN CALL ($0)
69,44,0.0,7,0,7,1.0,-100.0,0.0,MARGIN CALL ($0)
69,45,0.0,7,0,7,1.0,-100.0,0.0,MARGIN CALL ($0)
69,46,0.0,7,0,7,1.0,-100.0,0.0,MARGIN CALL ($0)
69,47,0.0,7,0,7,1.0,-100.0,0.0,MARGIN CALL ($0)
69,48,0.0,7,0,7,1.0,-100.0,0.0,MARGIN CALL ($0)
69,49,0.0,7,0,7,1.0,-100.0,0.0,MARGIN CALL ($0)
69,50,0.0,7,0,7,1.0,-100.0,0.0,MARGIN CALL ($0)
69,51,0.0,7,0,7,1.0,-100.0,0.0,MARGIN CALL ($0)
69,52,0.0,7,0,7,1.0,-100.0,0.0,MARGIN CALL ($0)
69,53,0.0,9,0,9,1.0,-100.0,0.0,MARGIN CALL ($0)
69,54,0.0,9,0,9,1.0,-100.0,0.0,MARGIN CALL ($0)
69,55,0.0,9,0,9,1.0,-100.0,0.0,MARGIN CALL ($0)
69,56,0.0,9,0,9,1.0,-100.0,0.0,MARGIN CALL ($0)
69,57,0.0,12,1,11,1.0,-100.0,8.333333333333332,MARGIN CALL ($0)
69,58,0.0,9,0,9,1.0,-100.0,0.0,MARGIN CALL ($0)
69,59,0.0,8,0,8,1.0,-100.0,0.0,MARGIN CALL ($0)
69,60,0.0,9,0,9,1.0,-100.0,0.0,MARGIN CALL ($0)
69,61,0.0,9,0,9,1.0,-100.0,0.0,MARGIN CALL ($0)
69,62,0.0,8,0,8,1.0,-100.0,0.0,MARGIN CALL ($0)
69,63,0.0,8,0,8,1.0,-100.0,0.0,MARGIN CALL ($0)
69,64,0.0,9,0,9,1.0,-100.0,0.0,MARGIN CALL ($0)
69,65,0.0,9,0,9,1.0,-100.0,0.0,MARGIN CALL ($0)
69,66,0.0,9,0,9,1.0,-100.0,0.0,MARGIN CALL ($0)
69,67,0.0,8,0,8,1.0,-100.0,0.0,MARGIN CALL ($0)
69,68,0.0,8,0,8,1.0,-100.0,0.0,MARGIN CALL ($0)
69,69,0.0,8,0,8,1.0,-100.0,0.0,MARGIN CALL ($0)
69,70,0.0,8,0,8,1.0,-100.0,0.0,MARGIN CALL ($0)
69,71,0.0,5,0,5,1.0,-100.0,0.0,MARGIN CALL ($0)
69,72,0.0,5,0,5,1.0,-100.0,0.0,MARGIN CALL ($0)
69,73,0.0,5,0,5,1.0,-100.0,0.0,MARGIN CALL ($0)
69,74,0.0,8,0,8,1.0,-100.0,0.0,MARGIN CALL ($0)
69,75,0.0,9,0,9,1.0,-100.0,0.0,MARGIN CALL ($0)
69,76,0.0,9,0,9,1.0,-100.0,0.0,MARGIN CALL ($0)
69,77,0.0,8,0,8,1.0,-100.0,0.0,MARGIN CALL ($0)
69,78,0.0,9,0,9,1.0,-100.0,0.0,MARGIN CALL ($0)
69,79,0.0,9,0,9,1.0,-100.0,0.0,MARGIN CALL ($0)
69,80,0.0,9,0,9,1.0,-100.0,0.0,MARGIN CALL ($0)
69,81,0.0,9,0,9,1.0,-100.0,0.0,MARGIN CALL ($0)
69,82,0.0,9,0,9,1.0,-100.0,0.0,MARGIN CALL ($0)
69,83,0.0,9,0,9,1.0,-100.0,0.0,MARGIN CALL ($0)
69,84,0.0,10,0,10,1.0,-100.0,0.0,MARGIN CALL ($0)
69,85,0.0,10,0,10,1.0,-100.0,0.0,MARGIN CALL ($0)
69,86,0.0,10,0,10,1.0,-100.0,0.0,MARGIN CALL ($0)
69,87,0.0,10,0,10,1.0,-100.0,0.0,MARGIN CALL ($0)
69,88,0.0,7,0,7,1.0,-100.0,0.0,MARGIN CALL ($0)
69,89,0.0,7,0,7,1.0,-100.0,0.0,MARGIN CALL ($0)
69,90,0.0,7,0,7,1.0,-100.0,0.0,MARGIN CALL ($0)
69,91,0.0,7,0,7,1.0,-100.0,0.0,MARGIN CALL ($0)
69,92,0.0,7,0,7,1.0,-100.0,0.0,MARGIN CALL ($0)
69,93,0.0,7,0,7,1.0,-100.0,0.0,MARGIN CALL ($0)
69,94,0.0,9,0,9,1.0,-100.0,0.0,MARGIN CALL ($0)
69,95,0.0,9,0,9,1.0,-100.0,0.0,MARGIN CALL ($0)
69,96,0.0,12,0,12,1.0,-100.0,0.0,MARGIN CALL ($0)
69,97,0.0,11,0,11,1.0,-100.0,0.0,MARGIN CALL ($0)
69,98,0.0,10,0,10,1.0,-100.0,0.0,MARGIN CALL ($0)
69,99,0.0,10,0,10,1.0,-100.0,0.0,MARGIN CALL ($0)
69,100,0.0,10,0,10,1.0,-100.0,0.0,MARGIN CALL ($0)
70,1,0.0,8,0,8,1.0,-100.0,0.0,MARGIN CALL ($0)
70,2,0.0,25,3,22,1.0,-100.0,12.0,MARGIN CALL ($0)
70,3,0.0,20,3,17,1.0,-100.0,15.0,MARGIN CALL ($0)
70,4,0.0,20,3,17,1.0,-100.0,15.0,MARGIN CALL ($0)
70,5,0.0,20,3,17,1.0,-100.0,15.0,MARGIN CALL ($0)
70,6,0.0,16,3,13,1.0,-100.0,18.75,MARGIN CALL ($0)
70,7,0.0,17,3,14,1.0,-100.0,17.647058823529413,MARGIN CALL ($0)
70,8,0.0,16,3,13,1.0,-100.0,18.75,MARGIN CALL ($0)
70,9,0.0,17,3,14,1.0,-100.0,17.647058823529413,MARGIN CALL ($0)
70,10,0.0,13,2,11,1.0,-100.0,15.384615384615385,MARGIN CALL ($0)
70,11,0.0,12,2,10,1.0,-100.0,16.666666666666664,MARGIN CALL ($0)
70,12,0.0,12,2,10,1.0,-100.0,16.666666666666664,MARGIN CALL ($0)
70,13,0.0,3,0,3,1.0,-100.0,0.0,MARGIN CALL ($0)
70,14,0.0,3,0,3,1.0,-100.0,0.0,MARGIN CALL ($0)
70,15,0.0,3,0,3,1.0,-100.0,0.0,MARGIN CALL ($0)
70,16,0.0,3,0,3,1.0,-100.0,0.0,MARGIN CALL ($0)
70,17,0.0,3,0,3,1.0,-100.0,0.0,MARGIN CALL ($0)
70,18,0.0,3,0,3,1.0,-100.0,0.0,MARGIN CALL ($0)
70,19,0.0,3,0,3,1.0,-100.0,0.0,MARGIN CALL ($0)
70,20,0.0,3,0,3,1.0,-100.0,0.0,MARGIN CALL ($0)
70,21,0.0,3,0,3,1.0,-100.0,0.0,MARGIN CALL ($0)
70,22,0.0,3,0,3,1.0,-100.0,0.0,MARGIN CALL ($0)
70,23,0.0,3,0,3,1.0,-100.0,0.0,MARGIN CALL ($0)
70,24,0.0,3,0,3,1.0,-100.0,0.0,MARGIN CALL ($0)
70,25,0.0,3,0,3,1.0,-100.0,0.0,MARGIN CALL ($0)
70,26,0.0,8,1,7,1.0,-100.0,12.5,MARGIN CALL ($0)
70,27,0.0,9,1,8,1.0,-100.0,11.11111111111111,MARGIN CALL ($0)
70,28,0.0,9,1,8,1.0,-100.0,11.11111111111111,MARGIN CALL ($0)
70,29,0.0,15,1,14,1.0,-100.0,6.666666666666667,MARGIN CALL ($0)
70,30,0.0,13,1,12,1.0,-100.0,7.6923076923076925,MARGIN CALL ($0)
70,31,0.0,13,0,13,1.0,-100.0,0.0,MARGIN CALL ($0)
70,32,0.0,13,1,12,1.0,-100.0,7.6923076923076925,MARGIN CALL ($0)
70,33,0.0,13,1,12,1.0,-100.0,7.6923076923076925,MARGIN CALL ($0)
70,34,0.0,7,1,6,1.0,-100.0,14.285714285714285,MARGIN CALL ($0)
70,35,0.0,5,0,5,1.0,-100.0,0.0,MARGIN CALL ($0)
70,36,0.0,6,0,6,1.0,-100.0,0.0,MARGIN CALL ($0)
70,37,0.0,6,0,6,1.0,-100.0,0.0,MARGIN CALL ($0)
70,38,0.0,7,0,7,1.0,-100.0,0.0,MARGIN CALL ($0)
70,39,0.0,7,0,7,1.0,-100.0,0.0,MARGIN CALL ($0)
70,40,0.0,7,0,7,1.0,-100.0,0.0,MARGIN CALL ($0)
70,41,0.0,7,0,7,1.0,-100.0,0.0,MARGIN CALL ($0)
70,42,0.0,7,0,7,1.0,-100.0,0.0,MARGIN CALL ($0)
70,43,0.0,7,0,7,1.0,-100.0,0.0,MARGIN CALL ($0)
70,44,0.0,7,0,7,1.0,-100.0,0.0,MARGIN CALL ($0)
70,45,0.0,7,0,7,1.0,-100.0,0.0,MARGIN CALL ($0)
70,46,0.0,7,0,7,1.0,-100.0,0.0,MARGIN CALL ($0)
70,47,0.0,7,0,7,1.0,-100.0,0.0,MARGIN CALL ($0)
70,48,0.0,7,0,7,1.0,-100.0,0.0,MARGIN CALL ($0)
70,49,0.0,7,0,7,1.0,-100.0,0.0,MARGIN CALL ($0)
70,50,0.0,7,0,7,1.0,-100.0,0.0,MARGIN CALL ($0)
70,51,0.0,7,0,7,1.0,-100.0,0.0,MARGIN CALL ($0)
70,52,0.0,7,0,7,1.0,-100.0,0.0,MARGIN CALL ($0)
70,53,0.0,9,0,9,1.0,-100.0,0.0,MARGIN CALL ($0)
70,54,0.0,9,0,9,1.0,-100.0,0.0,MARGIN CALL ($0)
70,55,0.0,9,0,9,1.0,-100.0,0.0,MARGIN CALL ($0)
70,56,0.0,9,0,9,1.0,-100.0,0.0,MARGIN CALL ($0)
70,57,0.0,12,1,11,1.0,-100.0,8.333333333333332,MARGIN CALL ($0)
70,58,0.0,9,0,9,1.0,-100.0,0.0,MARGIN CALL ($0)
70,59,0.0,8,0,8,1.0,-100.0,0.0,MARGIN CALL ($0)
70,60,0.0,9,0,9,1.0,-100.0,0.0,MARGIN CALL ($0)
70,61,0.0,9,0,9,1.0,-100.0,0.0,MARGIN CALL ($0)
70,62,0.0,8,0,8,1.0,-100.0,0.0,MARGIN CALL ($0)
70,63,0.0,8,0,8,1.0,-100.0,0.0,MARGIN CALL ($0)
70,64,0.0,9,0,9,1.0,-100.0,0.0,MARGIN CALL ($0)
70,65,0.0,9,0,9,1.0,-100.0,0.0,MARGIN CALL ($0)
70,66,0.0,9,0,9,1.0,-100.0,0.0,MARGIN CALL ($0)
70,67,0.0,8,0,8,1.0,-100.0,0.0,MARGIN CALL ($0)
70,68,0.0,8,0,8,1.0,-100.0,0.0,MARGIN CALL ($0)
70,69,0.0,8,0,8,1.0,-100.0,0.0,MARGIN CALL ($0)
70,70,0.0,8,0,8,1.0,-100.0,0.0,MARGIN CALL ($0)
70,71,0.0,5,0,5,1.0,-100.0,0.0,MARGIN CALL ($0)
70,72,0.0,5,0,5,1.0,-100.0,0.0,MARGIN CALL ($0)
70,73,0.0,5,0,5,1.0,-100.0,0.0,MARGIN CALL ($0)
70,74,0.0,8,0,8,1.0,-100.0,0.0,MARGIN CALL ($0)
70,75,0.0,9,0,9,1.0,-100.0,0.0,MARGIN CALL ($0)
70,76,0.0,9,0,9,1.0,-100.0,0.0,MARGIN CALL ($0)
70,77,0.0,8,0,8,1.0,-100.0,0.0,MARGIN CALL ($0)
70,78,0.0,9,0,9,1.0,-100.0,0.0,MARGIN CALL ($0)
70,79,0.0,9,0,9,1.0,-100.0,0.0,MARGIN CALL ($0)
70,80,0.0,9,0,9,1.0,-100.0,0.0,MARGIN CALL ($0)
70,81,0.0,9,0,9,1.0,-100.0,0.0,MARGIN CALL ($0)
70,82,0.0,9,0,9,1.0,-100.0,0.0,MARGIN CALL ($0)
70,83,0.0,9,0,9,1.0,-100.0,0.0,MARGIN CALL ($0)
70,84,0.0,10,0,10,1.0,-100.0,0.0,MARGIN CALL ($0)
70,85,0.0,10,0,10,1.0,-100.0,0.0,MARGIN CALL ($0)
70,86,0.0,10,0,10,1.0,-100.0,0.0,MARGIN CALL ($0)
70,87,0.0,10,0,10,1.0,-100.0,0.0,MARGIN CALL ($0)
70,88,0.0,7,0,7,1.0,-100.0,0.0,MARGIN CALL ($0)
70,89,0.0,7,0,7,1.0,-100.0,0.0,MARGIN CALL ($0)
70,90,0.0,7,0,7,1.0,-100.0,0.0,MARGIN CALL ($0)
70,91,0.0,7,0,7,1.0,-100.0,0.0,MARGIN CALL ($0)
70,92,0.0,7,0,7,1.0,-100.0,0.0,MARGIN CALL ($0)
70,93,0.0,7,0,7,1.0,-100.0,0.0,MARGIN CALL ($0)
70,94,0.0,9,0,9,1.0,-100.0,0.0,MARGIN CALL ($0)
70,95,0.0,9,0,9,1.0,-100.0,0.0,MARGIN CALL ($0)
70,96,0.0,12,0,12,1.0,-100.0,0.0,MARGIN CALL ($0)
70,97,0.0,11,0,11,1.0,-100.0,0.0,MARGIN CALL ($0)
70,98,0.0,10,0,10,1.0,-100.0,0.0,MARGIN CALL ($0)
70,99,0.0,10,0,10,1.0,-100.0,0.0,MARGIN CALL ($0)
70,100,0.0,10,0,10,1.0,-100.0,0.0,MARGIN CALL ($0)
71,1,0.0,8,0,8,1.0,-100.0,0.0,MARGIN CALL ($0)
71,2,0.0,25,3,22,1.0,-100.0,12.0,MARGIN CALL ($0)
71,3,0.0,20,3,17,1.0,-100.0,15.0,MARGIN CALL ($0)
71,4,0.0,20,3,17,1.0,-100.0,15.0,MARGIN CALL ($0)
71,5,0.0,20,3,17,1.0,-100.0,15.0,MARGIN CALL ($0)
71,6,0.0,16,3,13,1.0,-100.0,18.75,MARGIN CALL ($0)
71,7,0.0,17,3,14,1.0,-100.0,17.647058823529413,MARGIN CALL ($0)
71,8,0.0,16,3,13,1.0,-100.0,18.75,MARGIN CALL ($0)
71,9,0.0,17,3,14,1.0,-100.0,17.647058823529413,MARGIN CALL ($0)
71,10,0.0,13,2,11,1.0,-100.0,15.384615384615385,MARGIN CALL ($0)
71,11,0.0,12,2,10,1.0,-100.0,16.666666666666664,MARGIN CALL ($0)
71,12,0.0,12,2,10,1.0,-100.0,16.666666666666664,MARGIN CALL ($0)
71,13,0.0,3,0,3,1.0,-100.0,0.0,MARGIN CALL ($0)
71,14,0.0,3,0,3,1.0,-100.0,0.0,MARGIN CALL ($0)
71,15,0.0,3,0,3,1.0,-100.0,0.0,MARGIN CALL ($0)
71,16,0.0,3,0,3,1.0,-100.0,0.0,MARGIN CALL ($0)
71,17,0.0,3,0,3,1.0,-100.0,0.0,MARGIN CALL ($0)
71,18,0.0,3,0,3,1.0,-100.0,0.0,MARGIN CALL ($0)
71,19,0.0,3,0,3,1.0,-100.0,0.0,MARGIN CALL ($0)
71,20,0.0,3,0,3,1.0,-100.0,0.0,MARGIN CALL ($0)
71,21,0.0,3,0,3,1.0,-100.0,0.0,MARGIN CALL ($0)
71,22,0.0,3,0,3,1.0,-100.0,0.0,MARGIN CALL ($0)
71,23,0.0,3,0,3,1.0,-100.0,0.0,MARGIN CALL ($0)
71,24,0.0,3,0,3,1.0,-100.0,0.0,MARGIN CALL ($0)
71,25,0.0,3,0,3,1.0,-100.0,0.0,MARGIN CALL ($0)
71,26,0.0,8,1,7,1.0,-100.0,12.5,MARGIN CALL ($0)
71,27,0.0,9,1,8,1.0,-100.0,11.11111111111111,MARGIN CALL ($0)
71,28,0.0,9,1,8,1.0,-100.0,11.11111111111111,MARGIN CALL ($0)
71,29,0.0,15,1,14,1.0,-100.0,6.666666666666667,MARGIN CALL ($0)
71,30,0.0,13,1,12,1.0,-100.0,7.6923076923076925,MARGIN CALL ($0)
71,31,0.0,13,0,13,1.0,-100.0,0.0,MARGIN CALL ($0)
71,32,0.0,13,1,12,1.0,-100.0,7.6923076923076925,MARGIN CALL ($0)
71,33,0.0,13,1,12,1.0,-100.0,7.6923076923076925,MARGIN CALL ($0)
71,34,0.0,7,1,6,1.0,-100.0,14.285714285714285,MARGIN CALL ($0)
71,35,0.0,5,0,5,1.0,-100.0,0.0,MARGIN CALL ($0)
71,36,0.0,6,0,6,1.0,-100.0,0.0,MARGIN CALL ($0)
71,37,0.0,6,0,6,1.0,-100.0,0.0,MARGIN CALL ($0)
71,38,0.0,7,0,7,1.0,-100.0,0.0,MARGIN CALL ($0)
71,39,0.0,7,0,7,1.0,-100.0,0.0,MARGIN CALL ($0)
71,40,0.0,7,0,7,1.0,-100.0,0.0,MARGIN CALL ($0)
71,41,0.0,7,0,7,1.0,-100.0,0.0,MARGIN CALL ($0)
71,42,0.0,7,0,7,1.0,-100.0,0.0,MARGIN CALL ($0)
71,43,0.0,7,0,7,1.0,-100.0,0.0,MARGIN CALL ($0)
71,44,0.0,7,0,7,1.0,-100.0,0.0,MARGIN CALL ($0)
71,45,0.0,7,0,7,1.0,-100.0,0.0,MARGIN CALL ($0)
71,46,0.0,7,0,7,1.0,-100.0,0.0,MARGIN CALL ($0)
71,47,0.0,7,0,7,1.0,-100.0,0.0,MARGIN CALL ($0)
71,48,0.0,7,0,7,1.0,-100.0,0.0,MARGIN CALL ($0)
71,49,0.0,7,0,7,1.0,-100.0,0.0,MARGIN CALL ($0)
71,50,0.0,7,0,7,1.0,-100.0,0.0,MARGIN CALL ($0)
71,51,0.0,7,0,7,1.0,-100.0,0.0,MARGIN CALL ($0)
71,52,0.0,7,0,7,1.0,-100.0,0.0,MARGIN CALL ($0)
71,53,0.0,9,0,9,1.0,-100.0,0.0,MARGIN CALL ($0)
71,54,0.0,9,0,9,1.0,-100.0,0.0,MARGIN CALL ($0)
71,55,0.0,9,0,9,1.0,-100.0,0.0,MARGIN CALL ($0)
71,56,0.0,9,0,9,1.0,-100.0,0.0,MARGIN CALL ($0)
71,57,0.0,13,1,12,1.0,-100.0,7.6923076923076925,MARGIN CALL ($0)
71,58,0.0,10,0,10,1.0,-100.0,0.0,MARGIN CALL ($0)
71,59,0.0,9,0,9,1.0,-100.0,0.0,MARGIN CALL ($0)
71,60,0.0,7,0,7,1.0,-100.0,0.0,MARGIN CALL ($0)
71,61,0.0,7,0,7,1.0,-100.0,0.0,MARGIN CALL ($0)
71,62,0.0,8,0,8,1.0,-100.0,0.0,MARGIN CALL ($0)
71,63,0.0,8,0,8,1.0,-100.0,0.0,MARGIN CALL ($0)
71,64,0.0,8,0,8,1.0,-100.0,0.0,MARGIN CALL ($0)
71,65,0.0,8,0,8,1.0,-100.0,0.0,MARGIN CALL ($0)
71,66,0.0,8,0,8,1.0,-100.0,0.0,MARGIN CALL ($0)
71,67,0.0,5,0,5,1.0,-100.0,0.0,MARGIN CALL ($0)
71,68,0.0,5,0,5,1.0,-100.0,0.0,MARGIN CALL ($0)
71,69,0.0,5,0,5,1.0,-100.0,0.0,MARGIN CALL ($0)
71,70,0.0,5,0,5,1.0,-100.0,0.0,MARGIN CALL ($0)
71,71,0.0,5,0,5,1.0,-100.0,0.0,MARGIN CALL ($0)
71,72,0.0,5,0,5,1.0,-100.0,0.0,MARGIN CALL ($0)
71,73,0.0,5,0,5,1.0,-100.0,0.0,MARGIN CALL ($0)
71,74,0.0,8,0,8,1.0,-100.0,0.0,MARGIN CALL ($0)
71,75,0.0,9,0,9,1.0,-100.0,0.0,MARGIN CALL ($0)
71,76,0.0,9,0,9,1.0,-100.0,0.0,MARGIN CALL ($0)
71,77,0.0,8,0,8,1.0,-100.0,0.0,MARGIN CALL ($0)
71,78,0.0,9,0,9,1.0,-100.0,0.0,MARGIN CALL ($0)
71,79,0.0,9,0,9,1.0,-100.0,0.0,MARGIN CALL ($0)
71,80,0.0,9,0,9,1.0,-100.0,0.0,MARGIN CALL ($0)
71,81,0.0,9,0,9,1.0,-100.0,0.0,MARGIN CALL ($0)
71,82,0.0,9,0,9,1.0,-100.0,0.0,MARGIN CALL ($0)
71,83,0.0,9,0,9,1.0,-100.0,0.0,MARGIN CALL ($0)
71,84,0.0,10,0,10,1.0,-100.0,0.0,MARGIN CALL ($0)
71,85,0.0,10,0,10,1.0,-100.0,0.0,MARGIN CALL ($0)
71,86,0.0,10,0,10,1.0,-100.0,0.0,MARGIN CALL ($0)
71,87,0.0,10,0,10,1.0,-100.0,0.0,MARGIN CALL ($0)
71,88,0.0,7,0,7,1.0,-100.0,0.0,MARGIN CALL ($0)
71,89,0.0,7,0,7,1.0,-100.0,0.0,MARGIN CALL ($0)
71,90,0.0,7,0,7,1.0,-100.0,0.0,MARGIN CALL ($0)
71,91,0.0,7,0,7,1.0,-100.0,0.0,MARGIN CALL ($0)
71,92,0.0,7,0,7,1.0,-100.0,0.0,MARGIN CALL ($0)
71,93,0.0,7,0,7,1.0,-100.0,0.0,MARGIN CALL ($0)
71,94,0.0,9,0,9,1.0,-100.0,0.0,MARGIN CALL ($0)
71,95,0.0,9,0,9,1.0,-100.0,0.0,MARGIN CALL ($0)
71,96,0.0,12,0,12,1.0,-100.0,0.0,MARGIN CALL ($0)
71,97,0.0,11,0,11,1.0,-100.0,0.0,MARGIN CALL ($0)
71,98,0.0,10,0,10,1.0,-100.0,0.0,MARGIN CALL ($0)
71,99,0.0,10,0,10,1.0,-100.0,0.0,MARGIN CALL ($0)
71,100,0.0,10,0,10,1.0,-100.0,0.0,MARGIN CALL ($0)
72,1,0.0,8,0,8,1.0,-100.0,0.0,MARGIN CALL ($0)
72,2,0.0,25,3,22,1.0,-100.0,12.0,MARGIN CALL ($0)
72,3,0.0,20,3,17,1.0,-100.0,15.0,MARGIN CALL ($0)
72,4,0.0,20,3,17,1.0,-100.0,15.0,MARGIN CALL ($0)
72,5,0.0,20,3,17,1.0,-100.0,15.0,MARGIN CALL ($0)
72,6,0.0,16,3,13,1.0,-100.0,18.75,MARGIN CALL ($0)
72,7,0.0,17,3,14,1.0,-100.0,17.647058823529413,MARGIN CALL ($0)
72,8,0.0,16,3,13,1.0,-100.0,18.75,MARGIN CALL ($0)
72,9,0.0,17,3,14,1.0,-100.0,17.647058823529413,MARGIN CALL ($0)
72,10,0.0,13,2,11,1.0,-100.0,15.384615384615385,MARGIN CALL ($0)
72,11,0.0,12,2,10,1.0,-100.0,16.666666666666664,MARGIN CALL ($0)
72,12,0.0,12,2,10,1.0,-100.0,16.666666666666664,MARGIN CALL ($0)
72,13,0.0,3,0,3,1.0,-100.0,0.0,MARGIN CALL ($0)
72,14,0.0,3,0,3,1.0,-100.0,0.0,MARGIN CALL ($0)
72,15,0.0,3,0,3,1.0,-100.0,0.0,MARGIN CALL ($0)
72,16,0.0,3,0,3,1.0,-100.0,0.0,MARGIN CALL ($0)
72,17,0.0,3,0,3,1.0,-100.0,0.0,MARGIN CALL ($0)
72,18,0.0,3,0,3,1.0,-100.0,0.0,MARGIN CALL ($0)
72,19,0.0,3,0,3,1.0,-100.0,0.0,MARGIN CALL ($0)
72,20,0.0,3,0,3,1.0,-100.0,0.0,MARGIN CALL ($0)
72,21,0.0,3,0,3,1.0,-100.0,0.0,MARGIN CALL ($0)
72,22,0.0,3,0,3,1.0,-100.0,0.0,MARGIN CALL ($0)
72,23,0.0,3,0,3,1.0,-100.0,0.0,MARGIN CALL ($0)
72,24,0.0,3,0,3,1.0,-100.0,0.0,MARGIN CALL ($0)
72,25,0.0,3,0,3,1.0,-100.0,0.0,MARGIN CALL ($0)
72,26,0.0,8,1,7,1.0,-100.0,12.5,MARGIN CALL ($0)
72,27,0.0,9,1,8,1.0,-100.0,11.11111111111111,MARGIN CALL ($0)
72,28,0.0,9,1,8,1.0,-100.0,11.11111111111111,MARGIN CALL ($0)
72,29,0.0,14,1,13,1.0,-100.0,7.142857142857142,MARGIN CALL ($0)
72,30,0.0,13,1,12,1.0,-100.0,7.6923076923076925,MARGIN CALL ($0)
72,31,0.0,13,0,13,1.0,-100.0,0.0,MARGIN CALL ($0)
72,32,0.0,12,1,11,1.0,-100.0,8.333333333333332,MARGIN CALL ($0)
72,33,0.0,15,1,14,1.0,-100.0,6.666666666666667,MARGIN CALL ($0)
72,34,0.0,7,1,6,1.0,-100.0,14.285714285714285,MARGIN CALL ($0)
72,35,0.0,5,0,5,1.0,-100.0,0.0,MARGIN CALL ($0)
72,36,0.0,6,0,6,1.0,-100.0,0.0,MARGIN CALL ($0)
72,37,0.0,6,0,6,1.0,-100.0,0.0,MARGIN CALL ($0)
72,38,0.0,7,0,7,1.0,-100.0,0.0,MARGIN CALL ($0)
72,39,0.0,7,0,7,1.0,-100.0,0.0,MARGIN CALL ($0)
72,40,0.0,7,0,7,1.0,-100.0,0.0,MARGIN CALL ($0)
72,41,0.0,7,0,7,1.0,-100.0,0.0,MARGIN CALL ($0)
72,42,0.0,7,0,7,1.0,-100.0,0.0,MARGIN CALL ($0)
72,43,0.0,7,0,7,1.0,-100.0,0.0,MARGIN CALL ($0)
72,44,0.0,7,0,7,1.0,-100.0,0.0,MARGIN CALL ($0)
72,45,0.0,7,0,7,1.0,-100.0,0.0,MARGIN CALL ($0)
72,46,0.0,7,0,7,1.0,-100.0,0.0,MARGIN CALL ($0)
72,47,0.0,7,0,7,1.0,-100.0,0.0,MARGIN CALL ($0)
72,48,0.0,7,0,7,1.0,-100.0,0.0,MARGIN CALL ($0)
72,49,0.0,7,0,7,1.0,-100.0,0.0,MARGIN CALL ($0)
72,50,0.0,7,0,7,1.0,-100.0,0.0,MARGIN CALL ($0)
72,51,0.0,7,0,7,1.0,-100.0,0.0,MARGIN CALL ($0)
72,52,0.0,7,0,7,1.0,-100.0,0.0,MARGIN CALL ($0)
72,53,0.0,9,0,9,1.0,-100.0,0.0,MARGIN CALL ($0)
72,54,0.0,9,0,9,1.0,-100.0,0.0,MARGIN CALL ($0)
72,55,0.0,7,0,7,1.0,-100.0,0.0,MARGIN CALL ($0)
72,56,0.0,7,0,7,1.0,-100.0,0.0,MARGIN CALL ($0)
72,57,0.0,11,1,10,1.0,-100.0,9.090909090909092,MARGIN CALL ($0)
72,58,0.0,10,0,10,1.0,-100.0,0.0,MARGIN CALL ($0)
72,59,0.0,9,0,9,1.0,-100.0,0.0,MARGIN CALL ($0)
72,60,0.0,7,0,7,1.0,-100.0,0.0,MARGIN CALL ($0)
72,61,0.0,7,0,7,1.0,-100.0,0.0,MARGIN CALL ($0)
72,62,0.0,8,0,8,1.0,-100.0,0.0,MARGIN CALL ($0)
72,63,0.0,8,0,8,1.0,-100.0,0.0,MARGIN CALL ($0)
72,64,0.0,8,0,8,1.0,-100.0,0.0,MARGIN CALL ($0)
72,65,0.0,8,0,8,1.0,-100.0,0.0,MARGIN CALL ($0)
72,66,0.0,8,0,8,1.0,-100.0,0.0,MARGIN CALL ($0)
72,67,0.0,5,0,5,1.0,-100.0,0.0,MARGIN CALL ($0)
72,68,0.0,5,0,5,1.0,-100.0,0.0,MARGIN CALL ($0)
72,69,0.0,5,0,5,1.0,-100.0,0.0,MARGIN CALL ($0)
72,70,0.0,5,0,5,1.0,-100.0,0.0,MARGIN CALL ($0)
72,71,0.0,5,0,5,1.0,-100.0,0.0,MARGIN CALL ($0)
72,72,0.0,5,0,5,1.0,-100.0,0.0,MARGIN CALL ($0)
72,73,0.0,5,0,5,1.0,-100.0,0.0,MARGIN CALL ($0)
72,74,0.0,8,0,8,1.0,-100.0,0.0,MARGIN CALL ($0)
72,75,0.0,9,0,9,1.0,-100.0,0.0,MARGIN CALL ($0)
72,76,0.0,9,0,9,1.0,-100.0,0.0,MARGIN CALL ($0)
72,77,0.0,8,0,8,1.0,-100.0,0.0,MARGIN CALL ($0)
72,78,0.0,9,0,9,1.0,-100.0,0.0,MARGIN CALL ($0)
72,79,0.0,9,0,9,1.0,-100.0,0.0,MARGIN CALL ($0)
72,80,0.0,9,0,9,1.0,-100.0,0.0,MARGIN CALL ($0)
72,81,0.0,9,0,9,1.0,-100.0,0.0,MARGIN CALL ($0)
72,82,0.0,9,0,9,1.0,-100.0,0.0,MARGIN CALL ($0)
72,83,0.0,9,0,9,1.0,-100.0,0.0,MARGIN CALL ($0)
72,84,0.0,10,0,10,1.0,-100.0,0.0,MARGIN CALL ($0)
72,85,0.0,10,0,10,1.0,-100.0,0.0,MARGIN CALL ($0)
72,86,0.0,10,0,10,1.0,-100.0,0.0,MARGIN CALL ($0)
72,87,0.0,10,0,10,1.0,-100.0,0.0,MARGIN CALL ($0)
72,88,0.0,7,0,7,1.0,-100.0,0.0,MARGIN CALL ($0)
72,89,0.0,7,0,7,1.0,-100.0,0.0,MARGIN CALL ($0)
72,90,0.0,7,0,7,1.0,-100.0,0.0,MARGIN CALL ($0)
72,91,0.0,7,0,7,1.0,-100.0,0.0,MARGIN CALL ($0)
72,92,0.0,7,0,7,1.0,-100.0,0.0,MARGIN CALL ($0)
72,93,0.0,7,0,7,1.0,-100.0,0.0,MARGIN CALL ($0)
72,94,0.0,9,0,9,1.0,-100.0,0.0,MARGIN CALL ($0)
72,95,0.0,9,0,9,1.0,-100.0,0.0,MARGIN CALL ($0)
72,96,0.0,12,0,12,1.0,-100.0,0.0,MARGIN CALL ($0)
72,97,0.0,11,0,11,1.0,-100.0,0.0,MARGIN CALL ($0)
72,98,0.0,10,0,10,1.0,-100.0,0.0,MARGIN CALL ($0)
72,99,0.0,10,0,10,1.0,-100.0,0.0,MARGIN CALL ($0)
72,100,0.0,10,0,10,1.0,-100.0,0.0,MARGIN CALL ($0)
73,1,0.0,8,0,8,1.0,-100.0,0.0,MARGIN CALL ($0)
73,2,0.0,25,3,22,1.0,-100.0,12.0,MARGIN CALL ($0)
73,3,0.0,20,3,17,1.0,-100.0,15.0,MARGIN CALL ($0)
73,4,0.0,20,3,17,1.0,-100.0,15.0,MARGIN CALL ($0)
73,5,0.0,20,3,17,1.0,-100.0,15.0,MARGIN CALL ($0)
73,6,0.0,16,3,13,1.0,-100.0,18.75,MARGIN CALL ($0)
73,7,0.0,17,3,14,1.0,-100.0,17.647058823529413,MARGIN CALL ($0)
73,8,0.0,16,3,13,1.0,-100.0,18.75,MARGIN CALL ($0)
73,9,0.0,17,3,14,1.0,-100.0,17.647058823529413,MARGIN CALL ($0)
73,10,0.0,13,2,11,1.0,-100.0,15.384615384615385,MARGIN CALL ($0)
73,11,0.0,12,2,10,1.0,-100.0,16.666666666666664,MARGIN CALL ($0)
73,12,0.0,12,2,10,1.0,-100.0,16.666666666666664,MARGIN CALL ($0)
73,13,0.0,3,0,3,1.0,-100.0,0.0,MARGIN CALL ($0)
73,14,0.0,3,0,3,1.0,-100.0,0.0,MARGIN CALL ($0)
73,15,0.0,3,0,3,1.0,-100.0,0.0,MARGIN CALL ($0)
73,16,0.0,3,0,3,1.0,-100.0,0.0,MARGIN CALL ($0)
73,17,0.0,3,0,3,1.0,-100.0,0.0,MARGIN CALL ($0)
73,18,0.0,3,0,3,1.0,-100.0,0.0,MARGIN CALL ($0)
73,19,0.0,3,0,3,1.0,-100.0,0.0,MARGIN CALL ($0)
73,20,0.0,3,0,3,1.0,-100.0,0.0,MARGIN CALL ($0)
73,21,0.0,3,0,3,1.0,-100.0,0.0,MARGIN CALL ($0)
73,22,0.0,3,0,3,1.0,-100.0,0.0,MARGIN CALL ($0)
73,23,0.0,3,0,3,1.0,-100.0,0.0,MARGIN CALL ($0)
73,24,0.0,3,0,3,1.0,-100.0,0.0,MARGIN CALL ($0)
73,25,0.0,3,0,3,1.0,-100.0,0.0,MARGIN CALL ($0)
73,26,0.0,8,1,7,1.0,-100.0,12.5,MARGIN CALL ($0)
73,27,0.0,9,1,8,1.0,-100.0,11.11111111111111,MARGIN CALL ($0)
73,28,0.0,9,1,8,1.0,-100.0,11.11111111111111,MARGIN CALL ($0)
73,29,0.0,14,1,13,1.0,-100.0,7.142857142857142,MARGIN CALL ($0)
73,30,0.0,13,1,12,1.0,-100.0,7.6923076923076925,MARGIN CALL ($0)
73,31,0.0,13,0,13,1.0,-100.0,0.0,MARGIN CALL ($0)
73,32,0.0,12,1,11,1.0,-100.0,8.333333333333332,MARGIN CALL ($0)
73,33,0.0,15,1,14,1.0,-100.0,6.666666666666667,MARGIN CALL ($0)
73,34,0.0,7,1,6,1.0,-100.0,14.285714285714285,MARGIN CALL ($0)
73,35,0.0,5,0,5,1.0,-100.0,0.0,MARGIN CALL ($0)
73,36,0.0,6,0,6,1.0,-100.0,0.0,MARGIN CALL ($0)
73,37,0.0,6,0,6,1.0,-100.0,0.0,MARGIN CALL ($0)
73,38,0.0,7,0,7,1.0,-100.0,0.0,MARGIN CALL ($0)
73,39,0.0,7,0,7,1.0,-100.0,0.0,MARGIN CALL ($0)
73,40,0.0,7,0,7,1.0,-100.0,0.0,MARGIN CALL ($0)
73,41,0.0,7,0,7,1.0,-100.0,0.0,MARGIN CALL ($0)
73,42,0.0,7,0,7,1.0,-100.0,0.0,MARGIN CALL ($0)
73,43,0.0,7,0,7,1.0,-100.0,0.0,MARGIN CALL ($0)
73,44,0.0,7,0,7,1.0,-100.0,0.0,MARGIN CALL ($0)
73,45,0.0,7,0,7,1.0,-100.0,0.0,MARGIN CALL ($0)
73,46,0.0,7,0,7,1.0,-100.0,0.0,MARGIN CALL ($0)
73,47,0.0,7,0,7,1.0,-100.0,0.0,MARGIN CALL ($0)
73,48,0.0,7,0,7,1.0,-100.0,0.0,MARGIN CALL ($0)
73,49,0.0,7,0,7,1.0,-100.0,0.0,MARGIN CALL ($0)
73,50,0.0,7,0,7,1.0,-100.0,0.0,MARGIN CALL ($0)
73,51,0.0,7,0,7,1.0,-100.0,0.0,MARGIN CALL ($0)
73,52,0.0,7,0,7,1.0,-100.0,0.0,MARGIN CALL ($0)
73,53,0.0,9,0,9,1.0,-100.0,0.0,MARGIN CALL ($0)
73,54,0.0,9,0,9,1.0,-100.0,0.0,MARGIN CALL ($0)
73,55,0.0,7,0,7,1.0,-100.0,0.0,MARGIN CALL ($0)
73,56,0.0,7,0,7,1.0,-100.0,0.0,MARGIN CALL ($0)
73,57,0.0,11,1,10,1.0,-100.0,9.090909090909092,MARGIN CALL ($0)
73,58,0.0,10,0,10,1.0,-100.0,0.0,MARGIN CALL ($0)
73,59,0.0,9,0,9,1.0,-100.0,0.0,MARGIN CALL ($0)
73,60,0.0,7,0,7,1.0,-100.0,0.0,MARGIN CALL ($0)
73,61,0.0,7,0,7,1.0,-100.0,0.0,MARGIN CALL ($0)
73,62,0.0,8,0,8,1.0,-100.0,0.0,MARGIN CALL ($0)
73,63,0.0,8,0,8,1.0,-100.0,0.0,MARGIN CALL ($0)
73,64,0.0,8,0,8,1.0,-100.0,0.0,MARGIN CALL ($0)
73,65,0.0,8,0,8,1.0,-100.0,0.0,MARGIN CALL ($0)
73,66,0.0,8,0,8,1.0,-100.0,0.0,MARGIN CALL ($0)
73,67,0.0,5,0,5,1.0,-100.0,0.0,MARGIN CALL ($0)
73,68,0.0,5,0,5,1.0,-100.0,0.0,MARGIN CALL ($0)
73,69,0.0,5,0,5,1.0,-100.0,0.0,MARGIN CALL ($0)
73,70,0.0,5,0,5,1.0,-100.0,0.0,MARGIN CALL ($0)
73,71,0.0,5,0,5,1.0,-100.0,0.0,MARGIN CALL ($0)
73,72,0.0,5,0,5,1.0,-100.0,0.0,MARGIN CALL ($0)
73,73,0.0,5,0,5,1.0,-100.0,0.0,MARGIN CALL ($0)
73,74,0.0,8,0,8,1.0,-100.0,0.0,MARGIN CALL ($0)
73,75,0.0,9,0,9,1.0,-100.0,0.0,MARGIN CALL ($0)
73,76,0.0,9,0,9,1.0,-100.0,0.0,MARGIN CALL ($0)
73,77,0.0,9,0,9,1.0,-100.0,0.0,MARGIN CALL ($0)
73,78,0.0,9,0,9,1.0,-100.0,0.0,MARGIN CALL ($0)
73,79,0.0,9,0,9,1.0,-100.0,0.0,MARGIN CALL ($0)
73,80,0.0,9,0,9,1.0,-100.0,0.0,MARGIN CALL ($0)
73,81,0.0,9,0,9,1.0,-100.0,0.0,MARGIN CALL ($0)
73,82,0.0,9,0,9,1.0,-100.0,0.0,MARGIN CALL ($0)
73,83,0.0,9,0,9,1.0,-100.0,0.0,MARGIN CALL ($0)
73,84,0.0,10,0,10,1.0,-100.0,0.0,MARGIN CALL ($0)
73,85,0.0,10,0,10,1.0,-100.0,0.0,MARGIN CALL ($0)
73,86,0.0,10,0,10,1.0,-100.0,0.0,MARGIN CALL ($0)
73,87,0.0,10,0,10,1.0,-100.0,0.0,MARGIN CALL ($0)
73,88,0.0,9,0,9,1.0,-100.0,0.0,MARGIN CALL ($0)
73,89,0.0,9,0,9,1.0,-100.0,0.0,MARGIN CALL ($0)
73,90,0.0,9,0,9,1.0,-100.0,0.0,MARGIN CALL ($0)
73,91,0.0,9,0,9,1.0,-100.0,0.0,MARGIN CALL ($0)
73,92,0.0,11,1,10,1.0,-100.0,9.090909090909092,MARGIN CALL ($0)
73,93,0.0,11,1,10,1.0,-100.0,9.090909090909092,MARGIN CALL ($0)
73,94,0.0,12,1,11,1.0,-100.0,8.333333333333332,MARGIN CALL ($0)
73,95,0.0,13,1,12,1.0,-100.0,7.6923076923076925,MARGIN CALL ($0)
73,96,0.0,13,1,12,1.0,-100.0,7.6923076923076925,MARGIN CALL ($0)
73,97,0.0,12,1,11,1.0,-100.0,8.333333333333332,MARGIN CALL ($0)
73,98,0.0,11,1,10,1.0,-100.0,9.090909090909092,MARGIN CALL ($0)
73,99,0.0,11,1,10,1.0,-100.0,9.090909090909092,MARGIN CALL ($0)
73,100,0.0,11,1,10,1.0,-100.0,9.090909090909092,MARGIN CALL ($0)
74,1,0.0,8,0,8,1.0,-100.0,0.0,MARGIN CALL ($0)
74,2,0.0,25,3,22,1.0,-100.0,12.0,MARGIN CALL ($0)
74,3,0.0,20,3,17,1.0,-100.0,15.0,MARGIN CALL ($0)
74,4,0.0,20,3,17,1.0,-100.0,15.0,MARGIN CALL ($0)
74,5,0.0,20,3,17,1.0,-100.0,15.0,MARGIN CALL ($0)
74,6,0.0,16,3,13,1.0,-100.0,18.75,MARGIN CALL ($0)
74,7,0.0,17,3,14,1.0,-100.0,17.647058823529413,MARGIN CALL ($0)
74,8,0.0,16,3,13,1.0,-100.0,18.75,MARGIN CALL ($0)
74,9,0.0,17,3,14,1.0,-100.0,17.647058823529413,MARGIN CALL ($0)
74,10,0.0,13,2,11,1.0,-100.0,15.384615384615385,MARGIN CALL ($0)
74,11,0.0,12,2,10,1.0,-100.0,16.666666666666664,MARGIN CALL ($0)
74,12,0.0,12,2,10,1.0,-100.0,16.666666666666664,MARGIN CALL ($0)
74,13,0.0,3,0,3,1.0,-100.0,0.0,MARGIN CALL ($0)
74,14,0.0,3,0,3,1.0,-100.0,0.0,MARGIN CALL ($0)
74,15,0.0,3,0,3,1.0,-100.0,0.0,MARGIN CALL ($0)
74,16,0.0,3,0,3,1.0,-100.0,0.0,MARGIN CALL ($0)
74,17,0.0,3,0,3,1.0,-100.0,0.0,MARGIN CALL ($0)
74,18,0.0,3,0,3,1.0,-100.0,0.0,MARGIN CALL ($0)
74,19,0.0,3,0,3,1.0,-100.0,0.0,MARGIN CALL ($0)
74,20,0.0,3,0,3,1.0,-100.0,0.0,MARGIN CALL ($0)
74,21,0.0,3,0,3,1.0,-100.0,0.0,MARGIN CALL ($0)
74,22,0.0,3,0,3,1.0,-100.0,0.0,MARGIN CALL ($0)
74,23,0.0,3,0,3,1.0,-100.0,0.0,MARGIN CALL ($0)
74,24,0.0,3,0,3,1.0,-100.0,0.0,MARGIN CALL ($0)
74,25,0.0,3,0,3,1.0,-100.0,0.0,MARGIN CALL ($0)
74,26,0.0,9,2,7,1.0,-100.0,22.22222222222222,MARGIN CALL ($0)
74,27,0.0,9,2,7,1.0,-100.0,22.22222222222222,MARGIN CALL ($0)
74,28,0.0,9,2,7,1.0,-100.0,22.22222222222222,MARGIN CALL ($0)
74,29,0.0,14,2,12,1.0,-100.0,14.285714285714285,MARGIN CALL ($0)
74,30,0.0,13,2,11,1.0,-100.0,15.384615384615385,MARGIN CALL ($0)
74,31,0.0,13,1,12,1.0,-100.0,7.6923076923076925,MARGIN CALL ($0)
74,32,0.0,12,1,11,1.0,-100.0,8.333333333333332,MARGIN CALL ($0)
74,33,0.0,15,1,14,1.0,-100.0,6.666666666666667,MARGIN CALL ($0)
74,34,0.0,7,1,6,1.0,-100.0,14.285714285714285,MARGIN CALL ($0)
74,35,0.0,5,0,5,1.0,-100.0,0.0,MARGIN CALL ($0)
74,36,0.0,6,0,6,1.0,-100.0,0.0,MARGIN CALL ($0)
74,37,0.0,6,0,6,1.0,-100.0,0.0,MARGIN CALL ($0)
74,38,0.0,7,0,7,1.0,-100.0,0.0,MARGIN CALL ($0)
74,39,0.0,7,0,7,1.0,-100.0,0.0,MARGIN CALL ($0)
74,40,0.0,7,0,7,1.0,-100.0,0.0,MARGIN CALL ($0)
74,41,0.0,7,0,7,1.0,-100.0,0.0,MARGIN CALL ($0)
74,42,0.0,7,0,7,1.0,-100.0,0.0,MARGIN CALL ($0)
74,43,0.0,7,0,7,1.0,-100.0,0.0,MARGIN CALL ($0)
74,44,0.0,7,0,7,1.0,-100.0,0.0,MARGIN CALL ($0)
74,45,0.0,7,0,7,1.0,-100.0,0.0,MARGIN CALL ($0)
74,46,0.0,7,0,7,1.0,-100.0,0.0,MARGIN CALL ($0)
74,47,0.0,7,0,7,1.0,-100.0,0.0,MARGIN CALL ($0)
74,48,0.0,7,0,7,1.0,-100.0,0.0,MARGIN CALL ($0)
74,49,0.0,7,0,7,1.0,-100.0,0.0,MARGIN CALL ($0)
74,50,0.0,7,0,7,1.0,-100.0,0.0,MARGIN CALL ($0)
74,51,0.0,7,0,7,1.0,-100.0,0.0,MARGIN CALL ($0)
74,52,0.0,7,0,7,1.0,-100.0,0.0,MARGIN CALL ($0)
74,53,0.0,9,0,9,1.0,-100.0,0.0,MARGIN CALL ($0)
74,54,0.0,9,0,9,1.0,-100.0,0.0,MARGIN CALL ($0)
74,55,0.0,7,0,7,1.0,-100.0,0.0,MARGIN CALL ($0)
74,56,0.0,7,0,7,1.0,-100.0,0.0,MARGIN CALL ($0)
74,57,0.0,11,1,10,1.0,-100.0,9.090909090909092,MARGIN CALL ($0)
74,58,0.0,9,0,9,1.0,-100.0,0.0,MARGIN CALL ($0)
74,59,0.0,8,0,8,1.0,-100.0,0.0,MARGIN CALL ($0)
74,60,0.0,6,0,6,1.0,-100.0,0.0,MARGIN CALL ($0)
74,61,0.0,6,0,6,1.0,-100.0,0.0,MARGIN CALL ($0)
74,62,0.0,6,0,6,1.0,-100.0,0.0,MARGIN CALL ($0)
74,63,0.0,6,0,6,1.0,-100.0,0.0,MARGIN CALL ($0)
74,64,0.0,6,0,6,1.0,-100.0,0.0,MARGIN CALL ($0)
74,65,0.0,8,0,8,1.0,-100.0,0.0,MARGIN CALL ($0)
74,66,0.0,9,0,9,1.0,-100.0,0.0,MARGIN CALL ($0)
74,67,0.0,8,0,8,1.0,-100.0,0.0,MARGIN CALL ($0)
74,68,0.0,8,0,8,1.0,-100.0,0.0,MARGIN CALL ($0)
74,69,0.0,8,0,8,1.0,-100.0,0.0,MARGIN CALL ($0)
74,70,0.0,8,0,8,1.0,-100.0,0.0,MARGIN CALL ($0)
74,71,0.0,8,0,8,1.0,-100.0,0.0,MARGIN CALL ($0)
74,72,0.0,8,0,8,1.0,-100.0,0.0,MARGIN CALL ($0)
74,73,0.0,8,0,8,1.0,-100.0,0.0,MARGIN CALL ($0)
74,74,0.0,5,0,5,1.0,-100.0,0.0,MARGIN CALL ($0)
74,75,0.0,5,0,5,1.0,-100.0,0.0,MARGIN CALL ($0)
74,76,0.0,5,0,5,1.0,-100.0,0.0,MARGIN CALL ($0)
74,77,0.0,5,0,5,1.0,-100.0,0.0,MARGIN CALL ($0)
74,78,0.0,8,0,8,1.0,-100.0,0.0,MARGIN CALL ($0)
74,79,0.0,8,0,8,1.0,-100.0,0.0,MARGIN CALL ($0)
74,80,0.0,8,0,8,1.0,-100.0,0.0,MARGIN CALL ($0)
74,81,0.0,8,0,8,1.0,-100.0,0.0,MARGIN CALL ($0)
74,82,0.0,8,0,8,1.0,-100.0,0.0,MARGIN CALL ($0)
74,83,0.0,8,0,8,1.0,-100.0,0.0,MARGIN CALL ($0)
74,84,0.0,8,0,8,1.0,-100.0,0.0,MARGIN CALL ($0)
74,85,0.0,8,0,8,1.0,-100.0,0.0,MARGIN CALL ($0)
74,86,0.0,9,0,9,1.0,-100.0,0.0,MARGIN CALL ($0)
74,87,0.0,9,0,9,1.0,-100.0,0.0,MARGIN CALL ($0)
74,88,0.0,12,0,12,1.0,-100.0,0.0,MARGIN CALL ($0)
74,89,0.0,10,0,10,1.0,-100.0,0.0,MARGIN CALL ($0)
74,90,0.0,10,0,10,1.0,-100.0,0.0,MARGIN CALL ($0)
74,91,0.0,10,0,10,1.0,-100.0,0.0,MARGIN CALL ($0)
74,92,0.0,10,0,10,1.0,-100.0,0.0,MARGIN CALL ($0)
74,93,0.0,11,0,11,1.0,-100.0,0.0,MARGIN CALL ($0)
74,94,0.0,10,0,10,1.0,-100.0,0.0,MARGIN CALL ($0)
74,95,0.0,11,0,11,1.0,-100.0,0.0,MARGIN CALL ($0)
74,96,0.0,11,0,11,1.0,-100.0,0.0,MARGIN CALL ($0)
74,97,0.0,9,0,9,1.0,-100.0,0.0,MARGIN CALL ($0)
74,98,0.0,8,0,8,1.0,-100.0,0.0,MARGIN CALL ($0)
74,99,0.0,8,0,8,1.0,-100.0,0.0,MARGIN CALL ($0)
74,100,0.0,8,0,8,1.0,-100.0,0.0,MARGIN CALL ($0)
75,1,0.0,8,0,8,1.0,-100.0,0.0,MARGIN CALL ($0)
75,2,0.0,25,3,22,1.0,-100.0,12.0,MARGIN CALL ($0)
75,3,0.0,20,3,17,1.0,-100.0,15.0,MARGIN CALL ($0)
75,4,0.0,20,3,17,1.0,-100.0,15.0,MARGIN CALL ($0)
75,5,0.0,20,3,17,1.0,-100.0,15.0,MARGIN CALL ($0)
75,6,0.0,16,3,13,1.0,-100.0,18.75,MARGIN CALL ($0)
75,7,0.0,17,3,14,1.0,-100.0,17.647058823529413,MARGIN CALL ($0)
75,8,0.0,16,3,13,1.0,-100.0,18.75,MARGIN CALL ($0)
75,9,0.0,17,3,14,1.0,-100.0,17.647058823529413,MARGIN CALL ($0)
75,10,0.0,13,2,11,1.0,-100.0,15.384615384615385,MARGIN CALL ($0)
75,11,0.0,12,2,10,1.0,-100.0,16.666666666666664,MARGIN CALL ($0)
75,12,0.0,12,2,10,1.0,-100.0,16.666666666666664,MARGIN CALL ($0)
75,13,0.0,3,0,3,1.0,-100.0,0.0,MARGIN CALL ($0)
75,14,0.0,3,0,3,1.0,-100.0,0.0,MARGIN CALL ($0)
75,15,0.0,3,0,3,1.0,-100.0,0.0,MARGIN CALL ($0)
75,16,0.0,3,0,3,1.0,-100.0,0.0,MARGIN CALL ($0)
75,17,0.0,3,0,3,1.0,-100.0,0.0,MARGIN CALL ($0)
75,18,0.0,3,0,3,1.0,-100.0,0.0,MARGIN CALL ($0)
75,19,0.0,3,0,3,1.0,-100.0,0.0,MARGIN CALL ($0)
75,20,0.0,3,0,3,1.0,-100.0,0.0,MARGIN CALL ($0)
75,21,0.0,3,0,3,1.0,-100.0,0.0,MARGIN CALL ($0)
75,22,0.0,3,0,3,1.0,-100.0,0.0,MARGIN CALL ($0)
75,23,0.0,3,0,3,1.0,-100.0,0.0,MARGIN CALL ($0)
75,24,0.0,3,0,3,1.0,-100.0,0.0,MARGIN CALL ($0)
75,25,0.0,3,0,3,1.0,-100.0,0.0,MARGIN CALL ($0)
75,26,0.0,9,2,7,1.0,-100.0,22.22222222222222,MARGIN CALL ($0)
75,27,0.0,9,2,7,1.0,-100.0,22.22222222222222,MARGIN CALL ($0)
75,28,0.0,9,2,7,1.0,-100.0,22.22222222222222,MARGIN CALL ($0)
75,29,0.0,14,2,12,1.0,-100.0,14.285714285714285,MARGIN CALL ($0)
75,30,0.0,13,2,11,1.0,-100.0,15.384615384615385,MARGIN CALL ($0)
75,31,0.0,13,1,12,1.0,-100.0,7.6923076923076925,MARGIN CALL ($0)
75,32,0.0,12,1,11,1.0,-100.0,8.333333333333332,MARGIN CALL ($0)
75,33,0.0,15,1,14,1.0,-100.0,6.666666666666667,MARGIN CALL ($0)
75,34,0.0,7,1,6,1.0,-100.0,14.285714285714285,MARGIN CALL ($0)
75,35,0.0,5,0,5,1.0,-100.0,0.0,MARGIN CALL ($0)
75,36,0.0,6,0,6,1.0,-100.0,0.0,MARGIN CALL ($0)
75,37,0.0,6,0,6,1.0,-100.0,0.0,MARGIN CALL ($0)
75,38,0.0,7,0,7,1.0,-100.0,0.0,MARGIN CALL ($0)
75,39,0.0,7,0,7,1.0,-100.0,0.0,MARGIN CALL ($0)
75,40,0.0,7,0,7,1.0,-100.0,0.0,MARGIN CALL ($0)
75,41,0.0,7,0,7,1.0,-100.0,0.0,MARGIN CALL ($0)
75,42,0.0,7,0,7,1.0,-100.0,0.0,MARGIN CALL ($0)
75,43,0.0,7,0,7,1.0,-100.0,0.0,MARGIN CALL ($0)
75,44,0.0,7,0,7,1.0,-100.0,0.0,MARGIN CALL ($0)
75,45,0.0,7,0,7,1.0,-100.0,0.0,MARGIN CALL ($0)
75,46,0.0,7,0,7,1.0,-100.0,0.0,MARGIN CALL ($0)
75,47,0.0,7,0,7,1.0,-100.0,0.0,MARGIN CALL ($0)
75,48,0.0,7,0,7,1.0,-100.0,0.0,MARGIN CALL ($0)
75,49,0.0,7,0,7,1.0,-100.0,0.0,MARGIN CALL ($0)
75,50,0.0,7,0,7,1.0,-100.0,0.0,MARGIN CALL ($0)
75,51,0.0,7,0,7,1.0,-100.0,0.0,MARGIN CALL ($0)
75,52,0.0,7,0,7,1.0,-100.0,0.0,MARGIN CALL ($0)
75,53,0.0,9,0,9,1.0,-100.0,0.0,MARGIN CALL ($0)
75,54,0.0,9,0,9,1.0,-100.0,0.0,MARGIN CALL ($0)
75,55,0.0,7,0,7,1.0,-100.0,0.0,MARGIN CALL ($0)
75,56,0.0,7,0,7,1.0,-100.0,0.0,MARGIN CALL ($0)
75,57,0.0,11,1,10,1.0,-100.0,9.090909090909092,MARGIN CALL ($0)
75,58,0.0,9,0,9,1.0,-100.0,0.0,MARGIN CALL ($0)
75,59,0.0,8,0,8,1.0,-100.0,0.0,MARGIN CALL ($0)
75,60,0.0,6,0,6,1.0,-100.0,0.0,MARGIN CALL ($0)
75,61,0.0,6,0,6,1.0,-100.0,0.0,MARGIN CALL ($0)
75,62,0.0,6,0,6,1.0,-100.0,0.0,MARGIN CALL ($0)
75,63,0.0,6,0,6,1.0,-100.0,0.0,MARGIN CALL ($0)
75,64,0.0,6,0,6,1.0,-100.0,0.0,MARGIN CALL ($0)
75,65,0.0,8,0,8,1.0,-100.0,0.0,MARGIN CALL ($0)
75,66,0.0,9,0,9,1.0,-100.0,0.0,MARGIN CALL ($0)
75,67,0.0,8,0,8,1.0,-100.0,0.0,MARGIN CALL ($0)
75,68,0.0,8,0,8,1.0,-100.0,0.0,MARGIN CALL ($0)
75,69,0.0,8,0,8,1.0,-100.0,0.0,MARGIN CALL ($0)
75,70,0.0,8,0,8,1.0,-100.0,0.0,MARGIN CALL ($0)
75,71,0.0,8,0,8,1.0,-100.0,0.0,MARGIN CALL ($0)
75,72,0.0,8,0,8,1.0,-100.0,0.0,MARGIN CALL ($0)
75,73,0.0,8,0,8,1.0,-100.0,0.0,MARGIN CALL ($0)
75,74,0.0,5,0,5,1.0,-100.0,0.0,MARGIN CALL ($0)
75,75,0.0,5,0,5,1.0,-100.0,0.0,MARGIN CALL ($0)
75,76,0.0,5,0,5,1.0,-100.0,0.0,MARGIN CALL ($0)
75,77,0.0,5,0,5,1.0,-100.0,0.0,MARGIN CALL ($0)
75,78,0.0,8,0,8,1.0,-100.0,0.0,MARGIN CALL ($0)
75,79,0.0,8,0,8,1.0,-100.0,0.0,MARGIN CALL ($0)
75,80,0.0,8,0,8,1.0,-100.0,0.0,MARGIN CALL ($0)
75,81,0.0,8,0,8,1.0,-100.0,0.0,MARGIN CALL ($0)
75,82,0.0,8,0,8,1.0,-100.0,0.0,MARGIN CALL ($0)
75,83,0.0,8,0,8,1.0,-100.0,0.0,MARGIN CALL ($0)
75,84,0.0,8,0,8,1.0,-100.0,0.0,MARGIN CALL ($0)
75,85,0.0,8,0,8,1.0,-100.0,0.0,MARGIN CALL ($0)
75,86,0.0,9,0,9,1.0,-100.0,0.0,MARGIN CALL ($0)
75,87,0.0,9,0,9,1.0,-100.0,0.0,MARGIN CALL ($0)
75,88,0.0,12,0,12,1.0,-100.0,0.0,MARGIN CALL ($0)
75,89,0.0,10,0,10,1.0,-100.0,0.0,MARGIN CALL ($0)
75,90,0.0,10,0,10,1.0,-100.0,0.0,MARGIN CALL ($0)
75,91,0.0,10,0,10,1.0,-100.0,0.0,MARGIN CALL ($0)
75,92,0.0,10,0,10,1.0,-100.0,0.0,MARGIN CALL ($0)
75,93,0.0,11,0,11,1.0,-100.0,0.0,MARGIN CALL ($0)
75,94,0.0,10,0,10,1.0,-100.0,0.0,MARGIN CALL ($0)
75,95,0.0,11,0,11,1.0,-100.0,0.0,MARGIN CALL ($0)
75,96,0.0,11,0,11,1.0,-100.0,0.0,MARGIN CALL ($0)
75,97,0.0,9,0,9,1.0,-100.0,0.0,MARGIN CALL ($0)
75,98,0.0,8,0,8,1.0,-100.0,0.0,MARGIN CALL ($0)
75,99,0.0,8,0,8,1.0,-100.0,0.0,MARGIN CALL ($0)
75,100,0.0,8,0,8,1.0,-100.0,0.0,MARGIN CALL ($0)
76,1,0.0,8,0,8,1.0,-100.0,0.0,MARGIN CALL ($0)
76,2,0.0,25,3,22,1.0,-100.0,12.0,MARGIN CALL ($0)
76,3,0.0,20,3,17,1.0,-100.0,15.0,MARGIN CALL ($0)
76,4,0.0,20,3,17,1.0,-100.0,15.0,MARGIN CALL ($0)
76,5,0.0,20,3,17,1.0,-100.0,15.0,MARGIN CALL ($0)
76,6,0.0,16,3,13,1.0,-100.0,18.75,MARGIN CALL ($0)
76,7,0.0,17,3,14,1.0,-100.0,17.647058823529413,MARGIN CALL ($0)
76,8,0.0,16,3,13,1.0,-100.0,18.75,MARGIN CALL ($0)
76,9,0.0,17,3,14,1.0,-100.0,17.647058823529413,MARGIN CALL ($0)
76,10,0.0,13,2,11,1.0,-100.0,15.384615384615385,MARGIN CALL ($0)
76,11,0.0,12,2,10,1.0,-100.0,16.666666666666664,MARGIN CALL ($0)
76,12,0.0,12,2,10,1.0,-100.0,16.666666666666664,MARGIN CALL ($0)
76,13,0.0,3,0,3,1.0,-100.0,0.0,MARGIN CALL ($0)
76,14,0.0,3,0,3,1.0,-100.0,0.0,MARGIN CALL ($0)
76,15,0.0,3,0,3,1.0,-100.0,0.0,MARGIN CALL ($0)
76,16,0.0,3,0,3,1.0,-100.0,0.0,MARGIN CALL ($0)
76,17,0.0,3,0,3,1.0,-100.0,0.0,MARGIN CALL ($0)
76,18,0.0,3,0,3,1.0,-100.0,0.0,MARGIN CALL ($0)
76,19,0.0,3,0,3,1.0,-100.0,0.0,MARGIN CALL ($0)
76,20,0.0,3,0,3,1.0,-100.0,0.0,MARGIN CALL ($0)
76,21,0.0,3,0,3,1.0,-100.0,0.0,MARGIN CALL ($0)
76,22,0.0,3,0,3,1.0,-100.0,0.0,MARGIN CALL ($0)
76,23,0.0,3,0,3,1.0,-100.0,0.0,MARGIN CALL ($0)
76,24,0.0,3,0,3,1.0,-100.0,0.0,MARGIN CALL ($0)
76,25,0.0,3,0,3,1.0,-100.0,0.0,MARGIN CALL ($0)
76,26,0.0,9,2,7,1.0,-100.0,22.22222222222222,MARGIN CALL ($0)
76,27,0.0,9,2,7,1.0,-100.0,22.22222222222222,MARGIN CALL ($0)
76,28,0.0,9,2,7,1.0,-100.0,22.22222222222222,MARGIN CALL ($0)
76,29,0.0,14,2,12,1.0,-100.0,14.285714285714285,MARGIN CALL ($0)
76,30,0.0,13,2,11,1.0,-100.0,15.384615384615385,MARGIN CALL ($0)
76,31,0.0,13,1,12,1.0,-100.0,7.6923076923076925,MARGIN CALL ($0)
76,32,0.0,12,1,11,1.0,-100.0,8.333333333333332,MARGIN CALL ($0)
76,33,0.0,15,1,14,1.0,-100.0,6.666666666666667,MARGIN CALL ($0)
76,34,0.0,7,1,6,1.0,-100.0,14.285714285714285,MARGIN CALL ($0)
76,35,0.0,5,0,5,1.0,-100.0,0.0,MARGIN CALL ($0)
76,36,0.0,6,0,6,1.0,-100.0,0.0,MARGIN CALL ($0)
76,37,0.0,6,0,6,1.0,-100.0,0.0,MARGIN CALL ($0)
76,38,0.0,7,0,7,1.0,-100.0,0.0,MARGIN CALL ($0)
76,39,0.0,7,0,7,1.0,-100.0,0.0,MARGIN CALL ($0)
76,40,0.0,7,0,7,1.0,-100.0,0.0,MARGIN CALL ($0)
76,41,0.0,7,0,7,1.0,-100.0,0.0,MARGIN CALL ($0)
76,42,0.0,7,0,7,1.0,-100.0,0.0,MARGIN CALL ($0)
76,43,0.0,7,0,7,1.0,-100.0,0.0,MARGIN CALL ($0)
76,44,0.0,7,0,7,1.0,-100.0,0.0,MARGIN CALL ($0)
76,45,0.0,7,0,7,1.0,-100.0,0.0,MARGIN CALL ($0)
76,46,0.0,7,0,7,1.0,-100.0,0.0,MARGIN CALL ($0)
76,47,0.0,7,0,7,1.0,-100.0,0.0,MARGIN CALL ($0)
76,48,0.0,7,0,7,1.0,-100.0,0.0,MARGIN CALL ($0)
76,49,0.0,7,0,7,1.0,-100.0,0.0,MARGIN CALL ($0)
76,50,0.0,7,0,7,1.0,-100.0,0.0,MARGIN CALL ($0)
76,51,0.0,7,0,7,1.0,-100.0,0.0,MARGIN CALL ($0)
76,52,0.0,7,0,7,1.0,-100.0,0.0,MARGIN CALL ($0)
76,53,0.0,9,0,9,1.0,-100.0,0.0,MARGIN CALL ($0)
76,54,0.0,9,0,9,1.0,-100.0,0.0,MARGIN CALL ($0)
76,55,0.0,7,0,7,1.0,-100.0,0.0,MARGIN CALL ($0)
76,56,0.0,7,0,7,1.0,-100.0,0.0,MARGIN CALL ($0)
76,57,0.0,11,1,10,1.0,-100.0,9.090909090909092,MARGIN CALL ($0)
76,58,0.0,9,0,9,1.0,-100.0,0.0,MARGIN CALL ($0)
76,59,0.0,8,0,8,1.0,-100.0,0.0,MARGIN CALL ($0)
76,60,0.0,6,0,6,1.0,-100.0,0.0,MARGIN CALL ($0)
76,61,0.0,6,0,6,1.0,-100.0,0.0,MARGIN CALL ($0)
76,62,0.0,6,0,6,1.0,-100.0,0.0,MARGIN CALL ($0)
76,63,0.0,6,0,6,1.0,-100.0,0.0,MARGIN CALL ($0)
76,64,0.0,6,0,6,1.0,-100.0,0.0,MARGIN CALL ($0)
76,65,0.0,8,0,8,1.0,-100.0,0.0,MARGIN CALL ($0)
76,66,0.0,9,0,9,1.0,-100.0,0.0,MARGIN CALL ($0)
76,67,0.0,8,0,8,1.0,-100.0,0.0,MARGIN CALL ($0)
76,68,0.0,8,0,8,1.0,-100.0,0.0,MARGIN CALL ($0)
76,69,0.0,8,0,8,1.0,-100.0,0.0,MARGIN CALL ($0)
76,70,0.0,8,0,8,1.0,-100.0,0.0,MARGIN CALL ($0)
76,71,0.0,8,0,8,1.0,-100.0,0.0,MARGIN CALL ($0)
76,72,0.0,8,0,8,1.0,-100.0,0.0,MARGIN CALL ($0)
76,73,0.0,8,0,8,1.0,-100.0,0.0,MARGIN CALL ($0)
76,74,0.0,5,0,5,1.0,-100.0,0.0,MARGIN CALL ($0)
76,75,0.0,5,0,5,1.0,-100.0,0.0,MARGIN CALL ($0)
76,76,0.0,5,0,5,1.0,-100.0,0.0,MARGIN CALL ($0)
76,77,0.0,5,0,5,1.0,-100.0,0.0,MARGIN CALL ($0)
76,78,0.0,8,0,8,1.0,-100.0,0.0,MARGIN CALL ($0)
76,79,0.0,8,0,8,1.0,-100.0,0.0,MARGIN CALL ($0)
76,80,0.0,8,0,8,1.0,-100.0,0.0,MARGIN CALL ($0)
76,81,0.0,8,0,8,1.0,-100.0,0.0,MARGIN CALL ($0)
76,82,0.0,8,0,8,1.0,-100.0,0.0,MARGIN CALL ($0)
76,83,0.0,8,0,8,1.0,-100.0,0.0,MARGIN CALL ($0)
76,84,0.0,8,0,8,1.0,-100.0,0.0,MARGIN CALL ($0)
76,85,0.0,8,0,8,1.0,-100.0,0.0,MARGIN CALL ($0)
76,86,0.0,9,0,9,1.0,-100.0,0.0,MARGIN CALL ($0)
76,87,0.0,9,0,9,1.0,-100.0,0.0,MARGIN CALL ($0)
76,88,0.0,12,0,12,1.0,-100.0,0.0,MARGIN CALL ($0)
76,89,0.0,10,0,10,1.0,-100.0,0.0,MARGIN CALL ($0)
76,90,0.0,10,0,10,1.0,-100.0,0.0,MARGIN CALL ($0)
76,91,0.0,10,0,10,1.0,-100.0,0.0,MARGIN CALL ($0)
76,92,0.0,10,0,10,1.0,-100.0,0.0,MARGIN CALL ($0)
76,93,0.0,11,0,11,1.0,-100.0,0.0,MARGIN CALL ($0)
76,94,0.0,10,0,10,1.0,-100.0,0.0,MARGIN CALL ($0)
76,95,0.0,11,0,11,1.0,-100.0,0.0,MARGIN CALL ($0)
76,96,0.0,11,0,11,1.0,-100.0,0.0,MARGIN CALL ($0)
76,97,0.0,9,0,9,1.0,-100.0,0.0,MARGIN CALL ($0)
76,98,0.0,8,0,8,1.0,-100.0,0.0,MARGIN CALL ($0)
76,99,0.0,8,0,8,1.0,-100.0,0.0,MARGIN CALL ($0)
76,100,0.0,8,0,8,1.0,-100.0,0.0,MARGIN CALL ($0)
77,1,0.0,8,0,8,1.0,-100.0,0.0,MARGIN CALL ($0)
77,2,0.0,25,3,22,1.0,-100.0,12.0,MARGIN CALL ($0)
77,3,0.0,20,3,17,1.0,-100.0,15.0,MARGIN CALL ($0)
77,4,0.0,20,3,17,1.0,-100.0,15.0,MARGIN CALL ($0)
77,5,0.0,20,3,17,1.0,-100.0,15.0,MARGIN CALL ($0)
77,6,0.0,16,3,13,1.0,-100.0,18.75,MARGIN CALL ($0)
77,7,0.0,17,3,14,1.0,-100.0,17.647058823529413,MARGIN CALL ($0)
77,8,0.0,16,3,13,1.0,-100.0,18.75,MARGIN CALL ($0)
77,9,0.0,17,3,14,1.0,-100.0,17.647058823529413,MARGIN CALL ($0)
77,10,0.0,13,2,11,1.0,-100.0,15.384615384615385,MARGIN CALL ($0)
77,11,0.0,12,2,10,1.0,-100.0,16.666666666666664,MARGIN CALL ($0)
77,12,0.0,12,2,10,1.0,-100.0,16.666666666666664,MARGIN CALL ($0)
77,13,0.0,3,0,3,1.0,-100.0,0.0,MARGIN CALL ($0)
77,14,0.0,3,0,3,1.0,-100.0,0.0,MARGIN CALL ($0)
77,15,0.0,3,0,3,1.0,-100.0,0.0,MARGIN CALL ($0)
77,16,0.0,3,0,3,1.0,-100.0,0.0,MARGIN CALL ($0)
77,17,0.0,3,0,3,1.0,-100.0,0.0,MARGIN CALL ($0)
77,18,0.0,3,0,3,1.0,-100.0,0.0,MARGIN CALL ($0)
77,19,0.0,3,0,3,1.0,-100.0,0.0,MARGIN CALL ($0)
77,20,0.0,3,0,3,1.0,-100.0,0.0,MARGIN CALL ($0)
77,21,0.0,3,0,3,1.0,-100.0,0.0,MARGIN CALL ($0)
77,22,0.0,3,0,3,1.0,-100.0,0.0,MARGIN CALL ($0)
77,23,0.0,3,0,3,1.0,-100.0,0.0,MARGIN CALL ($0)
77,24,0.0,3,0,3,1.0,-100.0,0.0,MARGIN CALL ($0)
77,25,0.0,3,0,3,1.0,-100.0,0.0,MARGIN CALL ($0)
77,26,0.0,9,2,7,1.0,-100.0,22.22222222222222,MARGIN CALL ($0)
77,27,0.0,9,2,7,1.0,-100.0,22.22222222222222,MARGIN CALL ($0)
77,28,0.0,9,2,7,1.0,-100.0,22.22222222222222,MARGIN CALL ($0)
77,29,0.0,14,2,12,1.0,-100.0,14.285714285714285,MARGIN CALL ($0)
77,30,0.0,13,2,11,1.0,-100.0,15.384615384615385,MARGIN CALL ($0)
77,31,0.0,13,1,12,1.0,-100.0,7.6923076923076925,MARGIN CALL ($0)
77,32,0.0,12,1,11,1.0,-100.0,8.333333333333332,MARGIN CALL ($0)
77,33,0.0,15,1,14,1.0,-100.0,6.666666666666667,MARGIN CALL ($0)
77,34,0.0,7,1,6,1.0,-100.0,14.285714285714285,MARGIN CALL ($0)
77,35,0.0,5,0,5,1.0,-100.0,0.0,MARGIN CALL ($0)
77,36,0.0,6,0,6,1.0,-100.0,0.0,MARGIN CALL ($0)
77,37,0.0,6,0,6,1.0,-100.0,0.0,MARGIN CALL ($0)
77,38,0.0,7,0,7,1.0,-100.0,0.0,MARGIN CALL ($0)
77,39,0.0,7,0,7,1.0,-100.0,0.0,MARGIN CALL ($0)
77,40,0.0,7,0,7,1.0,-100.0,0.0,MARGIN CALL ($0)
77,41,0.0,7,0,7,1.0,-100.0,0.0,MARGIN CALL ($0)
77,42,0.0,7,0,7,1.0,-100.0,0.0,MARGIN CALL ($0)
77,43,0.0,7,0,7,1.0,-100.0,0.0,MARGIN CALL ($0)
77,44,0.0,7,0,7,1.0,-100.0,0.0,MARGIN CALL ($0)
77,45,0.0,7,0,7,1.0,-100.0,0.0,MARGIN CALL ($0)
77,46,0.0,7,0,7,1.0,-100.0,0.0,MARGIN CALL ($0)
77,47,0.0,7,0,7,1.0,-100.0,0.0,MARGIN CALL ($0)
77,48,0.0,7,0,7,1.0,-100.0,0.0,MARGIN CALL ($0)
77,49,0.0,7,0,7,1.0,-100.0,0.0,MARGIN CALL ($0)
77,50,0.0,7,0,7,1.0,-100.0,0.0,MARGIN CALL ($0)
77,51,0.0,7,0,7,1.0,-100.0,0.0,MARGIN CALL ($0)
77,52,0.0,7,0,7,1.0,-100.0,0.0,MARGIN CALL ($0)
77,53,0.0,9,0,9,1.0,-100.0,0.0,MARGIN CALL ($0)
77,54,0.0,9,0,9,1.0,-100.0,0.0,MARGIN CALL ($0)
77,55,0.0,7,0,7,1.0,-100.0,0.0,MARGIN CALL ($0)
77,56,0.0,7,0,7,1.0,-100.0,0.0,MARGIN CALL ($0)
77,57,0.0,11,1,10,1.0,-100.0,9.090909090909092,MARGIN CALL ($0)
77,58,0.0,9,0,9,1.0,-100.0,0.0,MARGIN CALL ($0)
77,59,0.0,8,0,8,1.0,-100.0,0.0,MARGIN CALL ($0)
77,60,0.0,6,0,6,1.0,-100.0,0.0,MARGIN CALL ($0)
77,61,0.0,6,0,6,1.0,-100.0,0.0,MARGIN CALL ($0)
77,62,0.0,6,0,6,1.0,-100.0,0.0,MARGIN CALL ($0)
77,63,0.0,6,0,6,1.0,-100.0,0.0,MARGIN CALL ($0)
77,64,0.0,6,0,6,1.0,-100.0,0.0,MARGIN CALL ($0)
77,65,0.0,10,0,10,1.0,-100.0,0.0,MARGIN CALL ($0)
77,66,0.0,11,0,11,1.0,-100.0,0.0,MARGIN CALL ($0)
77,67,0.0,8,0,8,1.0,-100.0,0.0,MARGIN CALL ($0)
77,68,0.0,8,0,8,1.0,-100.0,0.0,MARGIN CALL ($0)
77,69,0.0,8,0,8,1.0,-100.0,0.0,MARGIN CALL ($0)
77,70,0.0,8,0,8,1.0,-100.0,0.0,MARGIN CALL ($0)
77,71,0.0,8,0,8,1.0,-100.0,0.0,MARGIN CALL ($0)
77,72,0.0,8,0,8,1.0,-100.0,0.0,MARGIN CALL ($0)
77,73,0.0,8,0,8,1.0,-100.0,0.0,MARGIN CALL ($0)
77,74,0.0,5,0,5,1.0,-100.0,0.0,MARGIN CALL ($0)
77,75,0.0,5,0,5,1.0,-100.0,0.0,MARGIN CALL ($0)
77,76,0.0,5,0,5,1.0,-100.0,0.0,MARGIN CALL ($0)
77,77,0.0,5,0,5,1.0,-100.0,0.0,MARGIN CALL ($0)
77,78,0.0,8,0,8,1.0,-100.0,0.0,MARGIN CALL ($0)
77,79,0.0,8,0,8,1.0,-100.0,0.0,MARGIN CALL ($0)
77,80,0.0,8,0,8,1.0,-100.0,0.0,MARGIN CALL ($0)
77,81,0.0,8,0,8,1.0,-100.0,0.0,MARGIN CALL ($0)
77,82,0.0,8,0,8,1.0,-100.0,0.0,MARGIN CALL ($0)
77,83,0.0,8,0,8,1.0,-100.0,0.0,MARGIN CALL ($0)
77,84,0.0,8,0,8,1.0,-100.0,0.0,MARGIN CALL ($0)
77,85,0.0,8,0,8,1.0,-100.0,0.0,MARGIN CALL ($0)
77,86,0.0,9,0,9,1.0,-100.0,0.0,MARGIN CALL ($0)
77,87,0.0,9,0,9,1.0,-100.0,0.0,MARGIN CALL ($0)
77,88,0.0,12,0,12,1.0,-100.0,0.0,MARGIN CALL ($0)
77,89,0.0,10,0,10,1.0,-100.0,0.0,MARGIN CALL ($0)
77,90,0.0,10,0,10,1.0,-100.0,0.0,MARGIN CALL ($0)
77,91,0.0,10,0,10,1.0,-100.0,0.0,MARGIN CALL ($0)
77,92,0.0,10,0,10,1.0,-100.0,0.0,MARGIN CALL ($0)
77,93,0.0,11,0,11,1.0,-100.0,0.0,MARGIN CALL ($0)
77,94,0.0,10,0,10,1.0,-100.0,0.0,MARGIN CALL ($0)
77,95,0.0,11,0,11,1.0,-100.0,0.0,MARGIN CALL ($0)
77,96,0.0,11,0,11,1.0,-100.0,0.0,MARGIN CALL ($0)
77,97,0.0,9,0,9,1.0,-100.0,0.0,MARGIN CALL ($0)
77,98,0.0,8,0,8,1.0,-100.0,0.0,MARGIN CALL ($0)
77,99,0.0,8,0,8,1.0,-100.0,0.0,MARGIN CALL ($0)
77,100,0.0,8,0,8,1.0,-100.0,0.0,MARGIN CALL ($0)
78,1,0.0,8,0,8,1.0,-100.0,0.0,MARGIN CALL ($0)
78,2,0.0,25,3,22,1.0,-100.0,12.0,MARGIN CALL ($0)
78,3,0.0,20,3,17,1.0,-100.0,15.0,MARGIN CALL ($0)
78,4,0.0,20,3,17,1.0,-100.0,15.0,MARGIN CALL ($0)
78,5,0.0,20,3,17,1.0,-100.0,15.0,MARGIN CALL ($0)
78,6,0.0,16,3,13,1.0,-100.0,18.75,MARGIN CALL ($0)
78,7,0.0,16,3,13,1.0,-100.0,18.75,MARGIN CALL ($0)
78,8,0.0,17,3,14,1.0,-100.0,17.647058823529413,MARGIN CALL ($0)
78,9,0.0,16,3,13,1.0,-100.0,18.75,MARGIN CALL ($0)
78,10,0.0,12,2,10,1.0,-100.0,16.666666666666664,MARGIN CALL ($0)
78,11,0.0,11,2,9,1.0,-100.0,18.181818181818183,MARGIN CALL ($0)
78,12,0.0,11,2,9,1.0,-100.0,18.181818181818183,MARGIN CALL ($0)
78,13,0.0,3,0,3,1.0,-100.0,0.0,MARGIN CALL ($0)
78,14,0.0,3,0,3,1.0,-100.0,0.0,MARGIN CALL ($0)
78,15,0.0,3,0,3,1.0,-100.0,0.0,MARGIN CALL ($0)
78,16,0.0,3,0,3,1.0,-100.0,0.0,MARGIN CALL ($0)
78,17,0.0,3,0,3,1.0,-100.0,0.0,MARGIN CALL ($0)
78,18,0.0,3,0,3,1.0,-100.0,0.0,MARGIN CALL ($0)
78,19,0.0,3,0,3,1.0,-100.0,0.0,MARGIN CALL ($0)
78,20,0.0,3,0,3,1.0,-100.0,0.0,MARGIN CALL ($0)
78,21,0.0,3,0,3,1.0,-100.0,0.0,MARGIN CALL ($0)
78,22,0.0,3,0,3,1.0,-100.0,0.0,MARGIN CALL ($0)
78,23,0.0,3,0,3,1.0,-100.0,0.0,MARGIN CALL ($0)
78,24,0.0,3,0,3,1.0,-100.0,0.0,MARGIN CALL ($0)
78,25,0.0,3,0,3,1.0,-100.0,0.0,MARGIN CALL ($0)
78,26,0.0,11,2,9,1.0,-100.0,18.181818181818183,MARGIN CALL ($0)
78,27,0.0,11,2,9,1.0,-100.0,18.181818181818183,MARGIN CALL ($0)
78,28,0.0,10,2,8,1.0,-100.0,20.0,MARGIN CALL ($0)
78,29,0.0,13,2,11,1.0,-100.0,15.384615384615385,MARGIN CALL ($0)
78,30,0.0,12,2,10,1.0,-100.0,16.666666666666664,MARGIN CALL ($0)
78,31,0.0,12,1,11,1.0,-100.0,8.333333333333332,MARGIN CALL ($0)
78,32,0.0,11,1,10,1.0,-100.0,9.090909090909092,MARGIN CALL ($0)
78,33,0.0,14,1,13,1.0,-100.0,7.142857142857142,MARGIN CALL ($0)
78,34,0.0,8,1,7,1.0,-100.0,12.5,MARGIN CALL ($0)
78,35,0.0,5,0,5,1.0,-100.0,0.0,MARGIN CALL ($0)
78,36,0.0,6,0,6,1.0,-100.0,0.0,MARGIN CALL ($0)
78,37,0.0,6,0,6,1.0,-100.0,0.0,MARGIN CALL ($0)
78,38,0.0,6,0,6,1.0,-100.0,0.0,MARGIN CALL ($0)
78,39,0.0,7,0,7,1.0,-100.0,0.0,MARGIN CALL ($0)
78,40,0.0,7,0,7,1.0,-100.0,0.0,MARGIN CALL ($0)
78,41,0.0,7,0,7,1.0,-100.0,0.0,MARGIN CALL ($0)
78,42,0.0,7,0,7,1.0,-100.0,0.0,MARGIN CALL ($0)
78,43,0.0,7,0,7,1.0,-100.0,0.0,MARGIN CALL ($0)
78,44,0.0,6,0,6,1.0,-100.0,0.0,MARGIN CALL ($0)
78,45,0.0,6,0,6,1.0,-100.0,0.0,MARGIN CALL ($0)
78,46,0.0,7,0,7,1.0,-100.0,0.0,MARGIN CALL ($0)
78,47,0.0,7,0,7,1.0,-100.0,0.0,MARGIN CALL ($0)
78,48,0.0,7,0,7,1.0,-100.0,0.0,MARGIN CALL ($0)
78,49,0.0,7,0,7,1.0,-100.0,0.0,MARGIN CALL ($0)
78,50,0.0,7,0,7,1.0,-100.0,0.0,MARGIN CALL ($0)
78,51,0.0,7,0,7,1.0,-100.0,0.0,MARGIN CALL ($0)
78,52,0.0,7,0,7,1.0,-100.0,0.0,MARGIN CALL ($0)
78,53,0.0,8,0,8,1.0,-100.0,0.0,MARGIN CALL ($0)
78,54,0.0,8,0,8,1.0,-100.0,0.0,MARGIN CALL ($0)
78,55,0.0,7,0,7,1.0,-100.0,0.0,MARGIN CALL ($0)
78,56,0.0,7,0,7,1.0,-100.0,0.0,MARGIN CALL ($0)
78,57,0.0,10,1,9,1.0,-100.0,10.0,MARGIN CALL ($0)
78,58,0.0,8,0,8,1.0,-100.0,0.0,MARGIN CALL ($0)
78,59,0.0,7,0,7,1.0,-100.0,0.0,MARGIN CALL ($0)
78,60,0.0,5,0,5,1.0,-100.0,0.0,MARGIN CALL ($0)
78,61,0.0,5,0,5,1.0,-100.0,0.0,MARGIN CALL ($0)
78,62,0.0,5,0,5,1.0,-100.0,0.0,MARGIN CALL ($0)
78,63,0.0,5,0,5,1.0,-100.0,0.0,MARGIN CALL ($0)
78,64,0.0,5,0,5,1.0,-100.0,0.0,MARGIN CALL ($0)
78,65,0.0,8,0,8,1.0,-100.0,0.0,MARGIN CALL ($0)
78,66,0.0,7,0,7,1.0,-100.0,0.0,MARGIN CALL ($0)
78,67,0.0,6,0,6,1.0,-100.0,0.0,MARGIN CALL ($0)
78,68,0.0,6,0,6,1.0,-100.0,0.0,MARGIN CALL ($0)
78,69,0.0,6,0,6,1.0,-100.0,0.0,MARGIN CALL ($0)
78,70,0.0,6,0,6,1.0,-100.0,0.0,MARGIN CALL ($0)
78,71,0.0,6,0,6,1.0,-100.0,0.0,MARGIN CALL ($0)
78,72,0.0,7,0,7,1.0,-100.0,0.0,MARGIN CALL ($0)
78,73,0.0,9,0,9,1.0,-100.0,0.0,MARGIN CALL ($0)
78,74,0.0,8,0,8,1.0,-100.0,0.0,MARGIN CALL ($0)
78,75,0.0,8,0,8,1.0,-100.0,0.0,MARGIN CALL ($0)
78,76,0.0,8,0,8,1.0,-100.0,0.0,MARGIN CALL ($0)
78,77,0.0,8,0,8,1.0,-100.0,0.0,MARGIN CALL ($0)
78,78,0.0,7,0,7,1.0,-100.0,0.0,MARGIN CALL ($0)
78,79,0.0,7,0,7,1.0,-100.0,0.0,MARGIN CALL ($0)
78,80,0.0,7,0,7,1.0,-100.0,0.0,MARGIN CALL ($0)
78,81,0.0,7,0,7,1.0,-100.0,0.0,MARGIN CALL ($0)
78,82,0.0,7,0,7,1.0,-100.0,0.0,MARGIN CALL ($0)
78,83,0.0,7,0,7,1.0,-100.0,0.0,MARGIN CALL ($0)
78,84,0.0,8,0,8,1.0,-100.0,0.0,MARGIN CALL ($0)
78,85,0.0,8,0,8,1.0,-100.0,0.0,MARGIN CALL ($0)
78,86,0.0,8,0,8,1.0,-100.0,0.0,MARGIN CALL ($0)
78,87,0.0,8,0,8,1.0,-100.0,0.0,MARGIN CALL ($0)
78,88,0.0,11,0,11,1.0,-100.0,0.0,MARGIN CALL ($0)
78,89,0.0,11,0,11,1.0,-100.0,0.0,MARGIN CALL ($0)
78,90,0.0,11,0,11,1.0,-100.0,0.0,MARGIN CALL ($0)
78,91,0.0,11,0,11,1.0,-100.0,0.0,MARGIN CALL ($0)
78,92,0.0,11,0,11,1.0,-100.0,0.0,MARGIN CALL ($0)
78,93,0.0,12,0,12,1.0,-100.0,0.0,MARGIN CALL ($0)
78,94,0.0,12,0,12,1.0,-100.0,0.0,MARGIN CALL ($0)
78,95,0.0,13,0,13,1.0,-100.0,0.0,MARGIN CALL ($0)
78,96,0.0,11,0,11,1.0,-100.0,0.0,MARGIN CALL ($0)
78,97,0.0,12,0,12,1.0,-100.0,0.0,MARGIN CALL ($0)
78,98,0.0,11,0,11,1.0,-100.0,0.0,MARGIN CALL ($0)
78,99,0.0,8,0,8,1.0,-100.0,0.0,MARGIN CALL ($0)
78,100,0.0,8,0,8,1.0,-100.0,0.0,MARGIN CALL ($0)
79,1,0.0,8,0,8,1.0,-100.0,0.0,MARGIN CALL ($0)
79,2,0.0,25,3,22,1.0,-100.0,12.0,MARGIN CALL ($0)
79,3,0.0,20,3,17,1.0,-100.0,15.0,MARGIN CALL ($0)
79,4,0.0,20,3,17,1.0,-100.0,15.0,MARGIN CALL ($0)
79,5,0.0,20,3,17,1.0,-100.0,15.0,MARGIN CALL ($0)
79,6,0.0,16,3,13,1.0,-100.0,18.75,MARGIN CALL ($0)
79,7,0.0,16,3,13,1.0,-100.0,18.75,MARGIN CALL ($0)
79,8,0.0,17,3,14,1.0,-100.0,17.647058823529413,MARGIN CALL ($0)
79,9,0.0,16,3,13,1.0,-100.0,18.75,MARGIN CALL ($0)
79,10,0.0,12,2,10,1.0,-100.0,16.666666666666664,MARGIN CALL ($0)
79,11,0.0,11,2,9,1.0,-100.0,18.181818181818183,MARGIN CALL ($0)
79,12,0.0,11,2,9,1.0,-100.0,18.181818181818183,MARGIN CALL ($0)
79,13,0.0,3,0,3,1.0,-100.0,0.0,MARGIN CALL ($0)
79,14,0.0,3,0,3,1.0,-100.0,0.0,MARGIN CALL ($0)
79,15,0.0,3,0,3,1.0,-100.0,0.0,MARGIN CALL ($0)
79,16,0.0,3,0,3,1.0,-100.0,0.0,MARGIN CALL ($0)
79,17,0.0,3,0,3,1.0,-100.0,0.0,MARGIN CALL ($0)
79,18,0.0,3,0,3,1.0,-100.0,0.0,MARGIN CALL ($0)
79,19,0.0,3,0,3,1.0,-100.0,0.0,MARGIN CALL ($0)
79,20,0.0,3,0,3,1.0,-100.0,0.0,MARGIN CALL ($0)
79,21,0.0,3,0,3,1.0,-100.0,0.0,MARGIN CALL ($0)
79,22,0.0,3,0,3,1.0,-100.0,0.0,MARGIN CALL ($0)
79,23,0.0,3,0,3,1.0,-100.0,0.0,MARGIN CALL ($0)
79,24,0.0,3,0,3,1.0,-100.0,0.0,MARGIN CALL ($0)
79,25,0.0,3,0,3,1.0,-100.0,0.0,MARGIN CALL ($0)
79,26,0.0,11,2,9,1.0,-100.0,18.181818181818183,MARGIN CALL ($0)
79,27,0.0,11,2,9,1.0,-100.0,18.181818181818183,MARGIN CALL ($0)
79,28,0.0,10,2,8,1.0,-100.0,20.0,MARGIN CALL ($0)
79,29,0.0,13,2,11,1.0,-100.0,15.384615384615385,MARGIN CALL ($0)
79,30,0.0,12,2,10,1.0,-100.0,16.666666666666664,MARGIN CALL ($0)
79,31,0.0,12,1,11,1.0,-100.0,8.333333333333332,MARGIN CALL ($0)
79,32,0.0,11,1,10,1.0,-100.0,9.090909090909092,MARGIN CALL ($0)
79,33,0.0,14,1,13,1.0,-100.0,7.142857142857142,MARGIN CALL ($0)
79,34,0.0,8,1,7,1.0,-100.0,12.5,MARGIN CALL ($0)
79,35,0.0,5,0,5,1.0,-100.0,0.0,MARGIN CALL ($0)
79,36,0.0,6,0,6,1.0,-100.0,0.0,MARGIN CALL ($0)
79,37,0.0,6,0,6,1.0,-100.0,0.0,MARGIN CALL ($0)
79,38,0.0,6,0,6,1.0,-100.0,0.0,MARGIN CALL ($0)
79,39,0.0,7,0,7,1.0,-100.0,0.0,MARGIN CALL ($0)
79,40,0.0,7,0,7,1.0,-100.0,0.0,MARGIN CALL ($0)
79,41,0.0,7,0,7,1.0,-100.0,0.0,MARGIN CALL ($0)
79,42,0.0,7,0,7,1.0,-100.0,0.0,MARGIN CALL ($0)
79,43,0.0,7,0,7,1.0,-100.0,0.0,MARGIN CALL ($0)
79,44,0.0,6,0,6,1.0,-100.0,0.0,MARGIN CALL ($0)
79,45,0.0,6,0,6,1.0,-100.0,0.0,MARGIN CALL ($0)
79,46,0.0,7,0,7,1.0,-100.0,0.0,MARGIN CALL ($0)
79,47,0.0,7,0,7,1.0,-100.0,0.0,MARGIN CALL ($0)
79,48,0.0,7,0,7,1.0,-100.0,0.0,MARGIN CALL ($0)
79,49,0.0,7,0,7,1.0,-100.0,0.0,MARGIN CALL ($0)
79,50,0.0,7,0,7,1.0,-100.0,0.0,MARGIN CALL ($0)
79,51,0.0,7,0,7,1.0,-100.0,0.0,MARGIN CALL ($0)
79,52,0.0,7,0,7,1.0,-100.0,0.0,MARGIN CALL ($0)
79,53,0.0,8,0,8,1.0,-100.0,0.0,MARGIN CALL ($0)
79,54,0.0,8,0,8,1.0,-100.0,0.0,MARGIN CALL ($0)
79,55,0.0,7,0,7,1.0,-100.0,0.0,MARGIN CALL ($0)
79,56,0.0,7,0,7,1.0,-100.0,0.0,MARGIN CALL ($0)
79,57,0.0,10,1,9,1.0,-100.0,10.0,MARGIN CALL ($0)
79,58,0.0,8,0,8,1.0,-100.0,0.0,MARGIN CALL ($0)
79,59,0.0,7,0,7,1.0,-100.0,0.0,MARGIN CALL ($0)
79,60,0.0,5,0,5,1.0,-100.0,0.0,MARGIN CALL ($0)
79,61,0.0,5,0,5,1.0,-100.0,0.0,MARGIN CALL ($0)
79,62,0.0,5,0,5,1.0,-100.0,0.0,MARGIN CALL ($0)
79,63,0.0,5,0,5,1.0,-100.0,0.0,MARGIN CALL ($0)
79,64,0.0,5,0,5,1.0,-100.0,0.0,MARGIN CALL ($0)
79,65,0.0,8,0,8,1.0,-100.0,0.0,MARGIN CALL ($0)
79,66,0.0,7,0,7,1.0,-100.0,0.0,MARGIN CALL ($0)
79,67,0.0,6,0,6,1.0,-100.0,0.0,MARGIN CALL ($0)
79,68,0.0,6,0,6,1.0,-100.0,0.0,MARGIN CALL ($0)
79,69,0.0,6,0,6,1.0,-100.0,0.0,MARGIN CALL ($0)
79,70,0.0,6,0,6,1.0,-100.0,0.0,MARGIN CALL ($0)
79,71,0.0,6,0,6,1.0,-100.0,0.0,MARGIN CALL ($0)
79,72,0.0,7,0,7,1.0,-100.0,0.0,MARGIN CALL ($0)
79,73,0.0,9,0,9,1.0,-100.0,0.0,MARGIN CALL ($0)
79,74,0.0,8,0,8,1.0,-100.0,0.0,MARGIN CALL ($0)
79,75,0.0,8,0,8,1.0,-100.0,0.0,MARGIN CALL ($0)
79,76,0.0,8,0,8,1.0,-100.0,0.0,MARGIN CALL ($0)
79,77,0.0,8,0,8,1.0,-100.0,0.0,MARGIN CALL ($0)
79,78,0.0,7,0,7,1.0,-100.0,0.0,MARGIN CALL ($0)
79,79,0.0,7,0,7,1.0,-100.0,0.0,MARGIN CALL ($0)
79,80,0.0,7,0,7,1.0,-100.0,0.0,MARGIN CALL ($0)
79,81,0.0,7,0,7,1.0,-100.0,0.0,MARGIN CALL ($0)
79,82,0.0,7,0,7,1.0,-100.0,0.0,MARGIN CALL ($0)
79,83,0.0,7,0,7,1.0,-100.0,0.0,MARGIN CALL ($0)
79,84,0.0,8,0,8,1.0,-100.0,0.0,MARGIN CALL ($0)
79,85,0.0,8,0,8,1.0,-100.0,0.0,MARGIN CALL ($0)
79,86,0.0,8,0,8,1.0,-100.0,0.0,MARGIN CALL ($0)
79,87,0.0,8,0,8,1.0,-100.0,0.0,MARGIN CALL ($0)
79,88,0.0,11,0,11,1.0,-100.0,0.0,MARGIN CALL ($0)
79,89,0.0,11,0,11,1.0,-100.0,0.0,MARGIN CALL ($0)
79,90,0.0,11,0,11,1.0,-100.0,0.0,MARGIN CALL ($0)
79,91,0.0,11,0,11,1.0,-100.0,0.0,MARGIN CALL ($0)
79,92,0.0,11,0,11,1.0,-100.0,0.0,MARGIN CALL ($0)
79,93,0.0,12,0,12,1.0,-100.0,0.0,MARGIN CALL ($0)
79,94,0.0,12,0,12,1.0,-100.0,0.0,MARGIN CALL ($0)
79,95,0.0,13,0,13,1.0,-100.0,0.0,MARGIN CALL ($0)
79,96,0.0,11,0,11,1.0,-100.0,0.0,MARGIN CALL ($0)
79,97,0.0,12,0,12,1.0,-100.0,0.0,MARGIN CALL ($0)
79,98,0.0,11,0,11,1.0,-100.0,0.0,MARGIN CALL ($0)
79,99,0.0,8,0,8,1.0,-100.0,0.0,MARGIN CALL ($0)
79,100,0.0,8,0,8,1.0,-100.0,0.0,MARGIN CALL ($0)
80,1,0.0,8,0,8,1.0,-100.0,0.0,MARGIN CALL ($0)
80,2,0.0,25,3,22,1.0,-100.0,12.0,MARGIN CALL ($0)
80,3,0.0,20,3,17,1.0,-100.0,15.0,MARGIN CALL ($0)
80,4,0.0,20,3,17,1.0,-100.0,15.0,MARGIN CALL ($0)
80,5,0.0,20,3,17,1.0,-100.0,15.0,MARGIN CALL ($0)
80,6,0.0,16,3,13,1.0,-100.0,18.75,MARGIN CALL ($0)
80,7,0.0,16,3,13,1.0,-100.0,18.75,MARGIN CALL ($0)
80,8,0.0,17,3,14,1.0,-100.0,17.647058823529413,MARGIN CALL ($0)
80,9,0.0,16,3,13,1.0,-100.0,18.75,MARGIN CALL ($0)
80,10,0.0,12,2,10,1.0,-100.0,16.666666666666664,MARGIN CALL ($0)
80,11,0.0,11,2,9,1.0,-100.0,18.181818181818183,MARGIN CALL ($0)
80,12,0.0,11,2,9,1.0,-100.0,18.181818181818183,MARGIN CALL ($0)
80,13,0.0,3,0,3,1.0,-100.0,0.0,MARGIN CALL ($0)
80,14,0.0,3,0,3,1.0,-100.0,0.0,MARGIN CALL ($0)
80,15,0.0,3,0,3,1.0,-100.0,0.0,MARGIN CALL ($0)
80,16,0.0,3,0,3,1.0,-100.0,0.0,MARGIN CALL ($0)
80,17,0.0,3,0,3,1.0,-100.0,0.0,MARGIN CALL ($0)
80,18,0.0,3,0,3,1.0,-100.0,0.0,MARGIN CALL ($0)
80,19,0.0,3,0,3,1.0,-100.0,0.0,MARGIN CALL ($0)
80,20,0.0,3,0,3,1.0,-100.0,0.0,MARGIN CALL ($0)
80,21,0.0,3,0,3,1.0,-100.0,0.0,MARGIN CALL ($0)
80,22,0.0,3,0,3,1.0,-100.0,0.0,MARGIN CALL ($0)
80,23,0.0,3,0,3,1.0,-100.0,0.0,MARGIN CALL ($0)
80,24,0.0,3,0,3,1.0,-100.0,0.0,MARGIN CALL ($0)
80,25,0.0,3,0,3,1.0,-100.0,0.0,MARGIN CALL ($0)
80,26,0.0,9,2,7,1.0,-100.0,22.22222222222222,MARGIN CALL ($0)
80,27,0.0,10,2,8,1.0,-100.0,20.0,MARGIN CALL ($0)
80,28,0.0,10,2,8,1.0,-100.0,20.0,MARGIN CALL ($0)
80,29,0.0,13,2,11,1.0,-100.0,15.384615384615385,MARGIN CALL ($0)
80,30,0.0,12,2,10,1.0,-100.0,16.666666666666664,MARGIN CALL ($0)
80,31,0.0,12,1,11,1.0,-100.0,8.333333333333332,MARGIN CALL ($0)
80,32,0.0,11,1,10,1.0,-100.0,9.090909090909092,MARGIN CALL ($0)
80,33,0.0,14,1,13,1.0,-100.0,7.142857142857142,MARGIN CALL ($0)
80,34,0.0,8,1,7,1.0,-100.0,12.5,MARGIN CALL ($0)
80,35,0.0,5,0,5,1.0,-100.0,0.0,MARGIN CALL ($0)
80,36,0.0,6,0,6,1.0,-100.0,0.0,MARGIN CALL ($0)
80,37,0.0,6,0,6,1.0,-100.0,0.0,MARGIN CALL ($0)
80,38,0.0,6,0,6,1.0,-100.0,0.0,MARGIN CALL ($0)
80,39,0.0,7,0,7,1.0,-100.0,0.0,MARGIN CALL ($0)
80,40,0.0,7,0,7,1.0,-100.0,0.0,MARGIN CALL ($0)
80,41,0.0,7,0,7,1.0,-100.0,0.0,MARGIN CALL ($0)
80,42,0.0,7,0,7,1.0,-100.0,0.0,MARGIN CALL ($0)
80,43,0.0,7,0,7,1.0,-100.0,0.0,MARGIN CALL ($0)
80,44,0.0,6,0,6,1.0,-100.0,0.0,MARGIN CALL ($0)
80,45,0.0,6,0,6,1.0,-100.0,0.0,MARGIN CALL ($0)
80,46,0.0,7,0,7,1.0,-100.0,0.0,MARGIN CALL ($0)
80,47,0.0,7,0,7,1.0,-100.0,0.0,MARGIN CALL ($0)
80,48,0.0,7,0,7,1.0,-100.0,0.0,MARGIN CALL ($0)
80,49,0.0,7,0,7,1.0,-100.0,0.0,MARGIN CALL ($0)
80,50,0.0,7,0,7,1.0,-100.0,0.0,MARGIN CALL ($0)
80,51,0.0,7,0,7,1.0,-100.0,0.0,MARGIN CALL ($0)
80,52,0.0,7,0,7,1.0,-100.0,0.0,MARGIN CALL ($0)
80,53,0.0,8,0,8,1.0,-100.0,0.0,MARGIN CALL ($0)
80,54,0.0,8,0,8,1.0,-100.0,0.0,MARGIN CALL ($0)
80,55,0.0,7,0,7,1.0,-100.0,0.0,MARGIN CALL ($0)
80,56,0.0,7,0,7,1.0,-100.0,0.0,MARGIN CALL ($0)
80,57,0.0,10,1,9,1.0,-100.0,10.0,MARGIN CALL ($0)
80,58,0.0,8,0,8,1.0,-100.0,0.0,MARGIN CALL ($0)
80,59,0.0,7,0,7,1.0,-100.0,0.0,MARGIN CALL ($0)
80,60,0.0,5,0,5,1.0,-100.0,0.0,MARGIN CALL ($0)
80,61,0.0,5,0,5,1.0,-100.0,0.0,MARGIN CALL ($0)
80,62,0.0,5,0,5,1.0,-100.0,0.0,MARGIN CALL ($0)
80,63,0.0,5,0,5,1.0,-100.0,0.0,MARGIN CALL ($0)
80,64,0.0,5,0,5,1.0,-100.0,0.0,MARGIN CALL ($0)
80,65,0.0,8,0,8,1.0,-100.0,0.0,MARGIN CALL ($0)
80,66,0.0,7,0,7,1.0,-100.0,0.0,MARGIN CALL ($0)
80,67,0.0,6,0,6,1.0,-100.0,0.0,MARGIN CALL ($0)
80,68,0.0,6,0,6,1.0,-100.0,0.0,MARGIN CALL ($0)
80,69,0.0,6,0,6,1.0,-100.0,0.0,MARGIN CALL ($0)
80,70,0.0,6,0,6,1.0,-100.0,0.0,MARGIN CALL ($0)
80,71,0.0,6,0,6,1.0,-100.0,0.0,MARGIN CALL ($0)
80,72,0.0,7,0,7,1.0,-100.0,0.0,MARGIN CALL ($0)
80,73,0.0,9,0,9,1.0,-100.0,0.0,MARGIN CALL ($0)
80,74,0.0,8,0,8,1.0,-100.0,0.0,MARGIN CALL ($0)
80,75,0.0,8,0,8,1.0,-100.0,0.0,MARGIN CALL ($0)
80,76,0.0,8,0,8,1.0,-100.0,0.0,MARGIN CALL ($0)
80,77,0.0,8,0,8,1.0,-100.0,0.0,MARGIN CALL ($0)
80,78,0.0,7,0,7,1.0,-100.0,0.0,MARGIN CALL ($0)
80,79,0.0,7,0,7,1.0,-100.0,0.0,MARGIN CALL ($0)
80,80,0.0,6,0,6,1.0,-100.0,0.0,MARGIN CALL ($0)
80,81,0.0,6,0,6,1.0,-100.0,0.0,MARGIN CALL ($0)
80,82,0.0,6,0,6,1.0,-100.0,0.0,MARGIN CALL ($0)
80,83,0.0,6,0,6,1.0,-100.0,0.0,MARGIN CALL ($0)
80,84,0.0,7,0,7,1.0,-100.0,0.0,MARGIN CALL ($0)
80,85,0.0,7,0,7,1.0,-100.0,0.0,MARGIN CALL ($0)
80,86,0.0,7,0,7,1.0,-100.0,0.0,MARGIN CALL ($0)
80,87,0.0,7,0,7,1.0,-100.0,0.0,MARGIN CALL ($0)
80,88,0.0,10,0,10,1.0,-100.0,0.0,MARGIN CALL ($0)
80,89,0.0,10,0,10,1.0,-100.0,0.0,MARGIN CALL ($0)
80,90,0.0,10,0,10,1.0,-100.0,0.0,MARGIN CALL ($0)
80,91,0.0,9,0,9,1.0,-100.0,0.0,MARGIN CALL ($0)
80,92,0.0,9,0,9,1.0,-100.0,0.0,MARGIN CALL ($0)
80,93,0.0,10,0,10,1.0,-100.0,0.0,MARGIN CALL ($0)
80,94,0.0,10,0,10,1.0,-100.0,0.0,MARGIN CALL ($0)
80,95,0.0,11,0,11,1.0,-100.0,0.0,MARGIN CALL ($0)
80,96,0.0,11,0,11,1.0,-100.0,0.0,MARGIN CALL ($0)
80,97,0.0,10,0,10,1.0,-100.0,0.0,MARGIN CALL ($0)
80,98,0.0,9,0,9,1.0,-100.0,0.0,MARGIN CALL ($0)
80,99,0.0,8,0,8,1.0,-100.0,0.0,MARGIN CALL ($0)
80,100,0.0,8,0,8,1.0,-100.0,0.0,MARGIN CALL ($0)
81,1,0.0,8,0,8,1.0,-100.0,0.0,MARGIN CALL ($0)
81,2,0.0,25,3,22,1.0,-100.0,12.0,MARGIN CALL ($0)
81,3,0.0,20,3,17,1.0,-100.0,15.0,MARGIN CALL ($0)
81,4,0.0,20,3,17,1.0,-100.0,15.0,MARGIN CALL ($0)
81,5,0.0,20,3,17,1.0,-100.0,15.0,MARGIN CALL ($0)
81,6,0.0,16,3,13,1.0,-100.0,18.75,MARGIN CALL ($0)
81,7,0.0,16,3,13,1.0,-100.0,18.75,MARGIN CALL ($0)
81,8,0.0,17,3,14,1.0,-100.0,17.647058823529413,MARGIN CALL ($0)
81,9,0.0,16,3,13,1.0,-100.0,18.75,MARGIN CALL ($0)
81,10,0.0,12,2,10,1.0,-100.0,16.666666666666664,MARGIN CALL ($0)
81,11,0.0,11,2,9,1.0,-100.0,18.181818181818183,MARGIN CALL ($0)
81,12,0.0,11,2,9,1.0,-100.0,18.181818181818183,MARGIN CALL ($0)
81,13,0.0,3,0,3,1.0,-100.0,0.0,MARGIN CALL ($0)
81,14,0.0,3,0,3,1.0,-100.0,0.0,MARGIN CALL ($0)
81,15,0.0,3,0,3,1.0,-100.0,0.0,MARGIN CALL ($0)
81,16,0.0,3,0,3,1.0,-100.0,0.0,MARGIN CALL ($0)
81,17,0.0,3,0,3,1.0,-100.0,0.0,MARGIN CALL ($0)
81,18,0.0,3,0,3,1.0,-100.0,0.0,MARGIN CALL ($0)
81,19,0.0,3,0,3,1.0,-100.0,0.0,MARGIN CALL ($0)
81,20,0.0,3,0,3,1.0,-100.0,0.0,MARGIN CALL ($0)
81,21,0.0,3,0,3,1.0,-100.0,0.0,MARGIN CALL ($0)
81,22,0.0,3,0,3,1.0,-100.0,0.0,MARGIN CALL ($0)
81,23,0.0,3,0,3,1.0,-100.0,0.0,MARGIN CALL ($0)
81,24,0.0,3,0,3,1.0,-100.0,0.0,MARGIN CALL ($0)
81,25,0.0,3,0,3,1.0,-100.0,0.0,MARGIN CALL ($0)
81,26,0.0,9,2,7,1.0,-100.0,22.22222222222222,MARGIN CALL ($0)
81,27,0.0,10,2,8,1.0,-100.0,20.0,MARGIN CALL ($0)
81,28,0.0,10,2,8,1.0,-100.0,20.0,MARGIN CALL ($0)
81,29,0.0,13,2,11,1.0,-100.0,15.384615384615385,MARGIN CALL ($0)
81,30,0.0,12,2,10,1.0,-100.0,16.666666666666664,MARGIN CALL ($0)
81,31,0.0,12,1,11,1.0,-100.0,8.333333333333332,MARGIN CALL ($0)
81,32,0.0,11,1,10,1.0,-100.0,9.090909090909092,MARGIN CALL ($0)
81,33,0.0,14,1,13,1.0,-100.0,7.142857142857142,MARGIN CALL ($0)
81,34,0.0,8,1,7,1.0,-100.0,12.5,MARGIN CALL ($0)
81,35,0.0,5,0,5,1.0,-100.0,0.0,MARGIN CALL ($0)
81,36,0.0,6,0,6,1.0,-100.0,0.0,MARGIN CALL ($0)
81,37,0.0,6,0,6,1.0,-100.0,0.0,MARGIN CALL ($0)
81,38,0.0,6,0,6,1.0,-100.0,0.0,MARGIN CALL ($0)
81,39,0.0,7,0,7,1.0,-100.0,0.0,MARGIN CALL ($0)
81,40,0.0,7,0,7,1.0,-100.0,0.0,MARGIN CALL ($0)
81,41,0.0,7,0,7,1.0,-100.0,0.0,MARGIN CALL ($0)
81,42,0.0,7,0,7,1.0,-100.0,0.0,MARGIN CALL ($0)
81,43,0.0,7,0,7,1.0,-100.0,0.0,MARGIN CALL ($0)
81,44,0.0,6,0,6,1.0,-100.0,0.0,MARGIN CALL ($0)
81,45,0.0,6,0,6,1.0,-100.0,0.0,MARGIN CALL ($0)
81,46,0.0,7,0,7,1.0,-100.0,0.0,MARGIN CALL ($0)
81,47,0.0,7,0,7,1.0,-100.0,0.0,MARGIN CALL ($0)
81,48,0.0,7,0,7,1.0,-100.0,0.0,MARGIN CALL ($0)
81,49,0.0,7,0,7,1.0,-100.0,0.0,MARGIN CALL ($0)
81,50,0.0,7,0,7,1.0,-100.0,0.0,MARGIN CALL ($0)
81,51,0.0,7,0,7,1.0,-100.0,0.0,MARGIN CALL ($0)
81,52,0.0,7,0,7,1.0,-100.0,0.0,MARGIN CALL ($0)
81,53,0.0,8,0,8,1.0,-100.0,0.0,MARGIN CALL ($0)
81,54,0.0,8,0,8,1.0,-100.0,0.0,MARGIN CALL ($0)
81,55,0.0,7,0,7,1.0,-100.0,0.0,MARGIN CALL ($0)
81,56,0.0,7,0,7,1.0,-100.0,0.0,MARGIN CALL ($0)
81,57,0.0,10,1,9,1.0,-100.0,10.0,MARGIN CALL ($0)
81,58,0.0,8,0,8,1.0,-100.0,0.0,MARGIN CALL ($0)
81,59,0.0,7,0,7,1.0,-100.0,0.0,MARGIN CALL ($0)
81,60,0.0,5,0,5,1.0,-100.0,0.0,MARGIN CALL ($0)
81,61,0.0,5,0,5,1.0,-100.0,0.0,MARGIN CALL ($0)
81,62,0.0,5,0,5,1.0,-100.0,0.0,MARGIN CALL ($0)
81,63,0.0,5,0,5,1.0,-100.0,0.0,MARGIN CALL ($0)
81,64,0.0,5,0,5,1.0,-100.0,0.0,MARGIN CALL ($0)
81,65,0.0,8,0,8,1.0,-100.0,0.0,MARGIN CALL ($0)
81,66,0.0,7,0,7,1.0,-100.0,0.0,MARGIN CALL ($0)
81,67,0.0,6,0,6,1.0,-100.0,0.0,MARGIN CALL ($0)
81,68,0.0,6,0,6,1.0,-100.0,0.0,MARGIN CALL ($0)
81,69,0.0,6,0,6,1.0,-100.0,0.0,MARGIN CALL ($0)
81,70,0.0,6,0,6,1.0,-100.0,0.0,MARGIN CALL ($0)
81,71,0.0,6,0,6,1.0,-100.0,0.0,MARGIN CALL ($0)
81,72,0.0,7,0,7,1.0,-100.0,0.0,MARGIN CALL ($0)
81,73,0.0,9,0,9,1.0,-100.0,0.0,MARGIN CALL ($0)
81,74,0.0,8,0,8,1.0,-100.0,0.0,MARGIN CALL ($0)
81,75,0.0,8,0,8,1.0,-100.0,0.0,MARGIN CALL ($0)
81,76,0.0,8,0,8,1.0,-100.0,0.0,MARGIN CALL ($0)
81,77,0.0,8,0,8,1.0,-100.0,0.0,MARGIN CALL ($0)
81,78,0.0,7,0,7,1.0,-100.0,0.0,MARGIN CALL ($0)
81,79,0.0,7,0,7,1.0,-100.0,0.0,MARGIN CALL ($0)
81,80,0.0,6,0,6,1.0,-100.0,0.0,MARGIN CALL ($0)
81,81,0.0,6,0,6,1.0,-100.0,0.0,MARGIN CALL ($0)
81,82,0.0,6,0,6,1.0,-100.0,0.0,MARGIN CALL ($0)
81,83,0.0,6,0,6,1.0,-100.0,0.0,MARGIN CALL ($0)
81,84,0.0,7,0,7,1.0,-100.0,0.0,MARGIN CALL ($0)
81,85,0.0,7,0,7,1.0,-100.0,0.0,MARGIN CALL ($0)
81,86,0.0,7,0,7,1.0,-100.0,0.0,MARGIN CALL ($0)
81,87,0.0,7,0,7,1.0,-100.0,0.0,MARGIN CALL ($0)
81,88,0.0,10,0,10,1.0,-100.0,0.0,MARGIN CALL ($0)
81,89,0.0,10,0,10,1.0,-100.0,0.0,MARGIN CALL ($0)
81,90,0.0,10,0,10,1.0,-100.0,0.0,MARGIN CALL ($0)
81,91,0.0,9,0,9,1.0,-100.0,0.0,MARGIN CALL ($0)
81,92,0.0,9,0,9,1.0,-100.0,0.0,MARGIN CALL ($0)
81,93,0.0,10,0,10,1.0,-100.0,0.0,MARGIN CALL ($0)
81,94,0.0,10,0,10,1.0,-100.0,0.0,MARGIN CALL ($0)
81,95,0.0,11,0,11,1.0,-100.0,0.0,MARGIN CALL ($0)
81,96,0.0,11,0,11,1.0,-100.0,0.0,MARGIN CALL ($0)
81,97,0.0,10,0,10,1.0,-100.0,0.0,MARGIN CALL ($0)
81,98,0.0,9,0,9,1.0,-100.0,0.0,MARGIN CALL ($0)
81,99,0.0,8,0,8,1.0,-100.0,0.0,MARGIN CALL ($0)
81,100,0.0,8,0,8,1.0,-100.0,0.0,MARGIN CALL ($0)
82,1,0.0,8,0,8,1.0,-100.0,0.0,MARGIN CALL ($0)
82,2,0.0,25,3,22,1.0,-100.0,12.0,MARGIN CALL ($0)
82,3,0.0,20,3,17,1.0,-100.0,15.0,MARGIN CALL ($0)
82,4,0.0,20,3,17,1.0,-100.0,15.0,MARGIN CALL ($0)
82,5,0.0,20,3,17,1.0,-100.0,15.0,MARGIN CALL ($0)
82,6,0.0,16,3,13,1.0,-100.0,18.75,MARGIN CALL ($0)
82,7,0.0,16,3,13,1.0,-100.0,18.75,MARGIN CALL ($0)
82,8,0.0,17,3,14,1.0,-100.0,17.647058823529413,MARGIN CALL ($0)
82,9,0.0,16,3,13,1.0,-100.0,18.75,MARGIN CALL ($0)
82,10,0.0,12,2,10,1.0,-100.0,16.666666666666664,MARGIN CALL ($0)
82,11,0.0,11,2,9,1.0,-100.0,18.181818181818183,MARGIN CALL ($0)
82,12,0.0,11,2,9,1.0,-100.0,18.181818181818183,MARGIN CALL ($0)
82,13,0.0,3,0,3,1.0,-100.0,0.0,MARGIN CALL ($0)
82,14,0.0,3,0,3,1.0,-100.0,0.0,MARGIN CALL ($0)
82,15,0.0,3,0,3,1.0,-100.0,0.0,MARGIN CALL ($0)
82,16,0.0,3,0,3,1.0,-100.0,0.0,MARGIN CALL ($0)
82,17,0.0,3,0,3,1.0,-100.0,0.0,MARGIN CALL ($0)
82,18,0.0,3,0,3,1.0,-100.0,0.0,MARGIN CALL ($0)
82,19,0.0,3,0,3,1.0,-100.0,0.0,MARGIN CALL ($0)
82,20,0.0,3,0,3,1.0,-100.0,0.0,MARGIN CALL ($0)
82,21,0.0,3,0,3,1.0,-100.0,0.0,MARGIN CALL ($0)
82,22,0.0,3,0,3,1.0,-100.0,0.0,MARGIN CALL ($0)
82,23,0.0,3,0,3,1.0,-100.0,0.0,MARGIN CALL ($0)
82,24,0.0,3,0,3,1.0,-100.0,0.0,MARGIN CALL ($0)
82,25,0.0,3,0,3,1.0,-100.0,0.0,MARGIN CALL ($0)
82,26,0.0,9,2,7,1.0,-100.0,22.22222222222222,MARGIN CALL ($0)
82,27,0.0,10,2,8,1.0,-100.0,20.0,MARGIN CALL ($0)
82,28,0.0,10,2,8,1.0,-100.0,20.0,MARGIN CALL ($0)
82,29,0.0,13,2,11,1.0,-100.0,15.384615384615385,MARGIN CALL ($0)
82,30,0.0,11,2,9,1.0,-100.0,18.181818181818183,MARGIN CALL ($0)
82,31,0.0,11,2,9,1.0,-100.0,18.181818181818183,MARGIN CALL ($0)
82,32,0.0,10,2,8,1.0,-100.0,20.0,MARGIN CALL ($0)
82,33,0.0,13,2,11,1.0,-100.0,15.384615384615385,MARGIN CALL ($0)
82,34,0.0,9,2,7,1.0,-100.0,22.22222222222222,MARGIN CALL ($0)
82,35,0.0,5,0,5,1.0,-100.0,0.0,MARGIN CALL ($0)
82,36,0.0,5,0,5,1.0,-100.0,0.0,MARGIN CALL ($0)
82,37,0.0,7,0,7,1.0,-100.0,0.0,MARGIN CALL ($0)
82,38,0.0,7,0,7,1.0,-100.0,0.0,MARGIN CALL ($0)
82,39,0.0,7,0,7,1.0,-100.0,0.0,MARGIN CALL ($0)
82,40,0.0,7,0,7,1.0,-100.0,0.0,MARGIN CALL ($0)
82,41,0.0,7,0,7,1.0,-100.0,0.0,MARGIN CALL ($0)
82,42,0.0,7,0,7,1.0,-100.0,0.0,MARGIN CALL ($0)
82,43,0.0,7,0,7,1.0,-100.0,0.0,MARGIN CALL ($0)
82,44,0.0,6,0,6,1.0,-100.0,0.0,MARGIN CALL ($0)
82,45,0.0,6,0,6,1.0,-100.0,0.0,MARGIN CALL ($0)
82,46,0.0,7,0,7,1.0,-100.0,0.0,MARGIN CALL ($0)
82,47,0.0,7,0,7,1.0,-100.0,0.0,MARGIN CALL ($0)
82,48,0.0,7,0,7,1.0,-100.0,0.0,MARGIN CALL ($0)
82,49,0.0,7,0,7,1.0,-100.0,0.0,MARGIN CALL ($0)
82,50,0.0,7,0,7,1.0,-100.0,0.0,MARGIN CALL ($0)
82,51,0.0,7,0,7,1.0,-100.0,0.0,MARGIN CALL ($0)
82,52,0.0,7,0,7,1.0,-100.0,0.0,MARGIN CALL ($0)
82,53,0.0,8,0,8,1.0,-100.0,0.0,MARGIN CALL ($0)
82,54,0.0,8,0,8,1.0,-100.0,0.0,MARGIN CALL ($0)
82,55,0.0,7,0,7,1.0,-100.0,0.0,MARGIN CALL ($0)
82,56,0.0,7,0,7,1.0,-100.0,0.0,MARGIN CALL ($0)
82,57,0.0,10,1,9,1.0,-100.0,10.0,MARGIN CALL ($0)
82,58,0.0,8,0,8,1.0,-100.0,0.0,MARGIN CALL ($0)
82,59,0.0,7,0,7,1.0,-100.0,0.0,MARGIN CALL ($0)
82,60,0.0,5,0,5,1.0,-100.0,0.0,MARGIN CALL ($0)
82,61,0.0,5,0,5,1.0,-100.0,0.0,MARGIN CALL ($0)
82,62,0.0,5,0,5,1.0,-100.0,0.0,MARGIN CALL ($0)
82,63,0.0,5,0,5,1.0,-100.0,0.0,MARGIN CALL ($0)
82,64,0.0,5,0,5,1.0,-100.0,0.0,MARGIN CALL ($0)
82,65,0.0,8,0,8,1.0,-100.0,0.0,MARGIN CALL ($0)
82,66,0.0,8,0,8,1.0,-100.0,0.0,MARGIN CALL ($0)
82,67,0.0,5,0,5,1.0,-100.0,0.0,MARGIN CALL ($0)
82,68,0.0,5,0,5,1.0,-100.0,0.0,MARGIN CALL ($0)
82,69,0.0,5,0,5,1.0,-100.0,0.0,MARGIN CALL ($0)
82,70,0.0,5,0,5,1.0,-100.0,0.0,MARGIN CALL ($0)
82,71,0.0,5,0,5,1.0,-100.0,0.0,MARGIN CALL ($0)
82,72,0.0,7,0,7,1.0,-100.0,0.0,MARGIN CALL ($0)
82,73,0.0,8,0,8,1.0,-100.0,0.0,MARGIN CALL ($0)
82,74,0.0,8,0,8,1.0,-100.0,0.0,MARGIN CALL ($0)
82,75,0.0,8,0,8,1.0,-100.0,0.0,MARGIN CALL ($0)
82,76,0.0,8,0,8,1.0,-100.0,0.0,MARGIN CALL ($0)
82,77,0.0,8,0,8,1.0,-100.0,0.0,MARGIN CALL ($0)
82,78,0.0,7,0,7,1.0,-100.0,0.0,MARGIN CALL ($0)
82,79,0.0,7,0,7,1.0,-100.0,0.0,MARGIN CALL ($0)
82,80,0.0,6,0,6,1.0,-100.0,0.0,MARGIN CALL ($0)
82,81,0.0,6,0,6,1.0,-100.0,0.0,MARGIN CALL ($0)
82,82,0.0,7,0,7,1.0,-100.0,0.0,MARGIN CALL ($0)
82,83,0.0,7,0,7,1.0,-100.0,0.0,MARGIN CALL ($0)
82,84,0.0,6,0,6,1.0,-100.0,0.0,MARGIN CALL ($0)
82,85,0.0,6,0,6,1.0,-100.0,0.0,MARGIN CALL ($0)
82,86,0.0,7,0,7,1.0,-100.0,0.0,MARGIN CALL ($0)
82,87,0.0,7,0,7,1.0,-100.0,0.0,MARGIN CALL ($0)
82,88,0.0,9,0,9,1.0,-100.0,0.0,MARGIN CALL ($0)
82,89,0.0,9,0,9,1.0,-100.0,0.0,MARGIN CALL ($0)
82,90,0.0,9,0,9,1.0,-100.0,0.0,MARGIN CALL ($0)
82,91,0.0,9,0,9,1.0,-100.0,0.0,MARGIN CALL ($0)
82,92,0.0,9,0,9,1.0,-100.0,0.0,MARGIN CALL ($0)
82,93,0.0,10,0,10,1.0,-100.0,0.0,MARGIN CALL ($0)
82,94,0.0,9,0,9,1.0,-100.0,0.0,MARGIN CALL ($0)
82,95,0.0,10,0,10,1.0,-100.0,0.0,MARGIN CALL ($0)
82,96,0.0,11,0,11,1.0,-100.0,0.0,MARGIN CALL ($0)
82,97,0.0,9,0,9,1.0,-100.0,0.0,MARGIN CALL ($0)
82,98,0.0,8,0,8,1.0,-100.0,0.0,MARGIN CALL ($0)
82,99,0.0,8,0,8,1.0,-100.0,0.0,MARGIN CALL ($0)
82,100,0.0,8,0,8,1.0,-100.0,0.0,MARGIN CALL ($0)
83,1,0.0,8,0,8,1.0,-100.0,0.0,MARGIN CALL ($0)
83,2,0.0,25,3,22,1.0,-100.0,12.0,MARGIN CALL ($0)
83,3,0.0,20,3,17,1.0,-100.0,15.0,MARGIN CALL ($0)
83,4,0.0,20,3,17,1.0,-100.0,15.0,MARGIN CALL ($0)
83,5,0.0,20,3,17,1.0,-100.0,15.0,MARGIN CALL ($0)
83,6,0.0,16,3,13,1.0,-100.0,18.75,MARGIN CALL ($0)
83,7,0.0,16,3,13,1.0,-100.0,18.75,MARGIN CALL ($0)
83,8,0.0,17,3,14,1.0,-100.0,17.647058823529413,MARGIN CALL ($0)
83,9,0.0,16,3,13,1.0,-100.0,18.75,MARGIN CALL ($0)
83,10,0.0,12,2,10,1.0,-100.0,16.666666666666664,MARGIN CALL ($0)
83,11,0.0,11,2,9,1.0,-100.0,18.181818181818183,MARGIN CALL ($0)
83,12,0.0,11,2,9,1.0,-100.0,18.181818181818183,MARGIN CALL ($0)
83,13,0.0,3,0,3,1.0,-100.0,0.0,MARGIN CALL ($0)
83,14,0.0,3,0,3,1.0,-100.0,0.0,MARGIN CALL ($0)
83,15,0.0,3,0,3,1.0,-100.0,0.0,MARGIN CALL ($0)
83,16,0.0,3,0,3,1.0,-100.0,0.0,MARGIN CALL ($0)
83,17,0.0,3,0,3,1.0,-100.0,0.0,MARGIN CALL ($0)
83,18,0.0,3,0,3,1.0,-100.0,0.0,MARGIN CALL ($0)
83,19,0.0,3,0,3,1.0,-100.0,0.0,MARGIN CALL ($0)
83,20,0.0,3,0,3,1.0,-100.0,0.0,MARGIN CALL ($0)
83,21,0.0,3,0,3,1.0,-100.0,0.0,MARGIN CALL ($0)
83,22,0.0,3,0,3,1.0,-100.0,0.0,MARGIN CALL ($0)
83,23,0.0,3,0,3,1.0,-100.0,0.0,MARGIN CALL ($0)
83,24,0.0,3,0,3,1.0,-100.0,0.0,MARGIN CALL ($0)
83,25,0.0,3,0,3,1.0,-100.0,0.0,MARGIN CALL ($0)
83,26,0.0,9,2,7,1.0,-100.0,22.22222222222222,MARGIN CALL ($0)
83,27,0.0,10,2,8,1.0,-100.0,20.0,MARGIN CALL ($0)
83,28,0.0,10,2,8,1.0,-100.0,20.0,MARGIN CALL ($0)
83,29,0.0,13,2,11,1.0,-100.0,15.384615384615385,MARGIN CALL ($0)
83,30,0.0,11,2,9,1.0,-100.0,18.181818181818183,MARGIN CALL ($0)
83,31,0.0,11,2,9,1.0,-100.0,18.181818181818183,MARGIN CALL ($0)
83,32,0.0,10,2,8,1.0,-100.0,20.0,MARGIN CALL ($0)
83,33,0.0,13,2,11,1.0,-100.0,15.384615384615385,MARGIN CALL ($0)
83,34,0.0,9,2,7,1.0,-100.0,22.22222222222222,MARGIN CALL ($0)
83,35,0.0,5,0,5,1.0,-100.0,0.0,MARGIN CALL ($0)
83,36,0.0,5,0,5,1.0,-100.0,0.0,MARGIN CALL ($0)
83,37,0.0,7,0,7,1.0,-100.0,0.0,MARGIN CALL ($0)
83,38,0.0,7,0,7,1.0,-100.0,0.0,MARGIN CALL ($0)
83,39,0.0,7,0,7,1.0,-100.0,0.0,MARGIN CALL ($0)
83,40,0.0,7,0,7,1.0,-100.0,0.0,MARGIN CALL ($0)
83,41,0.0,7,0,7,1.0,-100.0,0.0,MARGIN CALL ($0)
83,42,0.0,6,0,6,1.0,-100.0,0.0,MARGIN CALL ($0)
83,43,0.0,6,0,6,1.0,-100.0,0.0,MARGIN CALL ($0)
83,44,0.0,6,0,6,1.0,-100.0,0.0,MARGIN CALL ($0)
83,45,0.0,6,0,6,1.0,-100.0,0.0,MARGIN CALL ($0)
83,46,0.0,7,0,7,1.0,-100.0,0.0,MARGIN CALL ($0)
83,47,0.0,7,0,7,1.0,-100.0,0.0,MARGIN CALL ($0)
83,48,0.0,7,0,7,1.0,-100.0,0.0,MARGIN CALL ($0)
83,49,0.0,7,0,7,1.0,-100.0,0.0,MARGIN CALL ($0)
83,50,0.0,7,0,7,1.0,-100.0,0.0,MARGIN CALL ($0)
83,51,0.0,7,0,7,1.0,-100.0,0.0,MARGIN CALL ($0)
83,52,0.0,7,0,7,1.0,-100.0,0.0,MARGIN CALL ($0)
83,53,0.0,8,0,8,1.0,-100.0,0.0,MARGIN CALL ($0)
83,54,0.0,8,0,8,1.0,-100.0,0.0,MARGIN CALL ($0)
83,55,0.0,6,0,6,1.0,-100.0,0.0,MARGIN CALL ($0)
83,56,0.0,7,0,7,1.0,-100.0,0.0,MARGIN CALL ($0)
83,57,0.0,10,1,9,1.0,-100.0,10.0,MARGIN CALL ($0)
83,58,0.0,8,0,8,1.0,-100.0,0.0,MARGIN CALL ($0)
83,59,0.0,7,0,7,1.0,-100.0,0.0,MARGIN CALL ($0)
83,60,0.0,5,0,5,1.0,-100.0,0.0,MARGIN CALL ($0)
83,61,0.0,5,0,5,1.0,-100.0,0.0,MARGIN CALL ($0)
83,62,0.0,5,0,5,1.0,-100.0,0.0,MARGIN CALL ($0)
83,63,0.0,5,0,5,1.0,-100.0,0.0,MARGIN CALL ($0)
83,64,0.0,5,0,5,1.0,-100.0,0.0,MARGIN CALL ($0)
83,65,0.0,8,0,8,1.0,-100.0,0.0,MARGIN CALL ($0)
83,66,0.0,8,0,8,1.0,-100.0,0.0,MARGIN CALL ($0)
83,67,0.0,5,0,5,1.0,-100.0,0.0,MARGIN CALL ($0)
83,68,0.0,5,0,5,1.0,-100.0,0.0,MARGIN CALL ($0)
83,69,0.0,5,0,5,1.0,-100.0,0.0,MARGIN CALL ($0)
83,70,0.0,5,0,5,1.0,-100.0,0.0,MARGIN CALL ($0)
83,71,0.0,5,0,5,1.0,-100.0,0.0,MARGIN CALL ($0)
83,72,0.0,7,0,7,1.0,-100.0,0.0,MARGIN CALL ($0)
83,73,0.0,8,0,8,1.0,-100.0,0.0,MARGIN CALL ($0)
83,74,0.0,8,0,8,1.0,-100.0,0.0,MARGIN CALL ($0)
83,75,0.0,8,0,8,1.0,-100.0,0.0,MARGIN CALL ($0)
83,76,0.0,8,0,8,1.0,-100.0,0.0,MARGIN CALL ($0)
83,77,0.0,8,0,8,1.0,-100.0,0.0,MARGIN CALL ($0)
83,78,0.0,7,0,7,1.0,-100.0,0.0,MARGIN CALL ($0)
83,79,0.0,7,0,7,1.0,-100.0,0.0,MARGIN CALL ($0)
83,80,0.0,6,0,6,1.0,-100.0,0.0,MARGIN CALL ($0)
83,81,0.0,6,0,6,1.0,-100.0,0.0,MARGIN CALL ($0)
83,82,0.0,7,0,7,1.0,-100.0,0.0,MARGIN CALL ($0)
83,83,0.0,6,0,6,1.0,-100.0,0.0,MARGIN CALL ($0)
83,84,0.0,6,0,6,1.0,-100.0,0.0,MARGIN CALL ($0)
83,85,0.0,6,0,6,1.0,-100.0,0.0,MARGIN CALL ($0)
83,86,0.0,7,0,7,1.0,-100.0,0.0,MARGIN CALL ($0)
83,87,0.0,7,0,7,1.0,-100.0,0.0,MARGIN CALL ($0)
83,88,0.0,9,0,9,1.0,-100.0,0.0,MARGIN CALL ($0)
83,89,0.0,9,0,9,1.0,-100.0,0.0,MARGIN CALL ($0)
83,90,0.0,9,0,9,1.0,-100.0,0.0,MARGIN CALL ($0)
83,91,0.0,9,0,9,1.0,-100.0,0.0,MARGIN CALL ($0)
83,92,0.0,9,0,9,1.0,-100.0,0.0,MARGIN CALL ($0)
83,93,0.0,10,0,10,1.0,-100.0,0.0,MARGIN CALL ($0)
83,94,0.0,9,0,9,1.0,-100.0,0.0,MARGIN CALL ($0)
83,95,0.0,10,0,10,1.0,-100.0,0.0,MARGIN CALL ($0)
83,96,0.0,11,0,11,1.0,-100.0,0.0,MARGIN CALL ($0)
83,97,0.0,9,0,9,1.0,-100.0,0.0,MARGIN CALL ($0)
83,98,0.0,8,0,8,1.0,-100.0,0.0,MARGIN CALL ($0)
83,99,0.0,8,0,8,1.0,-100.0,0.0,MARGIN CALL ($0)
83,100,0.0,8,0,8,1.0,-100.0,0.0,MARGIN CALL ($0)
84,1,0.0,8,0,8,1.0,-100.0,0.0,MARGIN CALL ($0)
84,2,0.0,25,3,22,1.0,-100.0,12.0,MARGIN CALL ($0)
84,3,0.0,20,3,17,1.0,-100.0,15.0,MARGIN CALL ($0)
84,4,0.0,20,3,17,1.0,-100.0,15.0,MARGIN CALL ($0)
84,5,0.0,20,3,17,1.0,-100.0,15.0,MARGIN CALL ($0)
84,6,0.0,16,3,13,1.0,-100.0,18.75,MARGIN CALL ($0)
84,7,0.0,16,3,13,1.0,-100.0,18.75,MARGIN CALL ($0)
84,8,0.0,17,3,14,1.0,-100.0,17.647058823529413,MARGIN CALL ($0)
84,9,0.0,16,3,13,1.0,-100.0,18.75,MARGIN CALL ($0)
84,10,0.0,12,2,10,1.0,-100.0,16.666666666666664,MARGIN CALL ($0)
84,11,0.0,11,2,9,1.0,-100.0,18.181818181818183,MARGIN CALL ($0)
84,12,0.0,11,2,9,1.0,-100.0,18.181818181818183,MARGIN CALL ($0)
84,13,0.0,3,0,3,1.0,-100.0,0.0,MARGIN CALL ($0)
84,14,0.0,3,0,3,1.0,-100.0,0.0,MARGIN CALL ($0)
84,15,0.0,3,0,3,1.0,-100.0,0.0,MARGIN CALL ($0)
84,16,0.0,3,0,3,1.0,-100.0,0.0,MARGIN CALL ($0)
84,17,0.0,3,0,3,1.0,-100.0,0.0,MARGIN CALL ($0)
84,18,0.0,3,0,3,1.0,-100.0,0.0,MARGIN CALL ($0)
84,19,0.0,3,0,3,1.0,-100.0,0.0,MARGIN CALL ($0)
84,20,0.0,3,0,3,1.0,-100.0,0.0,MARGIN CALL ($0)
84,21,0.0,3,0,3,1.0,-100.0,0.0,MARGIN CALL ($0)
84,22,0.0,3,0,3,1.0,-100.0,0.0,MARGIN CALL ($0)
84,23,0.0,3,0,3,1.0,-100.0,0.0,MARGIN CALL ($0)
84,24,0.0,3,0,3,1.0,-100.0,0.0,MARGIN CALL ($0)
84,25,0.0,3,0,3,1.0,-100.0,0.0,MARGIN CALL ($0)
84,26,0.0,9,2,7,1.0,-100.0,22.22222222222222,MARGIN CALL ($0)
84,27,0.0,9,2,7,1.0,-100.0,22.22222222222222,MARGIN CALL ($0)
84,28,0.0,10,2,8,1.0,-100.0,20.0,MARGIN CALL ($0)
84,29,0.0,20,3,17,1.0,-100.0,15.0,MARGIN CALL ($0)
84,30,0.0,17,3,14,1.0,-100.0,17.647058823529413,MARGIN CALL ($0)
84,31,0.0,17,3,14,1.0,-100.0,17.647058823529413,MARGIN CALL ($0)
84,32,0.0,23,4,19,1.0,-100.0,17.391304347826086,MARGIN CALL ($0)
1,76,0.0,6,0,6,1.0,-100.0,0.0,MARGIN CALL ($0)
84,34,0.0,9,2,7,1.0,-100.0,22.22222222222222,MARGIN CALL ($0)
84,35,0.0,6,0,6,1.0,-100.0,0.0,MARGIN CALL ($0)
84,36,0.0,6,0,6,1.0,-100.0,0.0,MARGIN CALL ($0)
84,37,0.0,7,0,7,1.0,-100.0,0.0,MARGIN CALL ($0)
84,38,0.0,7,0,7,1.0,-100.0,0.0,MARGIN CALL ($0)
84,39,0.0,114,13,101,1.0,-100.0,11.403508771929824,MARGIN CALL ($0)
84,40,0.0,112,13,99,1.0,-100.0,11.607142857142858,MARGIN CALL ($0)
84,41,0.0,119,14,105,1.0,-100.0,11.76470588235294,MARGIN CALL ($0)
1,77,0.0,6,0,6,1.0,-100.0,0.0,MARGIN CALL ($0)
84,43,0.0,94,15,79,1.0,-100.0,15.957446808510639,MARGIN CALL ($0)
1,78,0.0,6,0,6,1.0,-100.0,0.0,MARGIN CALL ($0)
1,79,0.0,6,0,6,1.0,-100.0,0.0,MARGIN CALL ($0)
84,46,0.0,7,0,7,1.0,-100.0,0.0,MARGIN CALL ($0)
84,47,0.0,7,0,7,1.0,-100.0,0.0,MARGIN CALL ($0)
1,80,0.0,6,0,6,1.0,-100.0,0.0,MARGIN CALL ($0)
1,81,0.0,6,0,6,1.0,-100.0,0.0,MARGIN CALL ($0)
1,82,0.0,6,0,6,1.0,-100.0,0.0,MARGIN CALL ($0)
84,51,0.0,6,0,6,1.0,-100.0,0.0,MARGIN CALL ($0)
84,52,0.0,82,8,74,1.0,-100.0,9.75609756097561,MARGIN CALL ($0)
1,83,0.0,6,0,6,1.0,-100.0,0.0,MARGIN CALL ($0)
84,54,0.0,13,2,11,1.0,-100.0,15.384615384615385,MARGIN CALL ($0)
84,55,0.0,28,4,24,1.0,-100.0,14.285714285714285,MARGIN CALL ($0)
84,56,0.0,22,3,19,1.0,-100.0,13.636363636363635,MARGIN CALL ($0)
84,57,0.0,11,2,9,1.0,-100.0,18.181818181818183,MARGIN CALL ($0)
84,58,0.0,10,1,9,1.0,-100.0,10.0,MARGIN CALL ($0)
84,59,0.0,9,1,8,1.0,-100.0,11.11111111111111,MARGIN CALL ($0)
84,60,0.0,8,1,7,1.0,-100.0,12.5,MARGIN CALL ($0)
84,61,0.0,8,1,7,1.0,-100.0,12.5,MARGIN CALL ($0)
84,62,0.0,8,1,7,1.0,-100.0,12.5,MARGIN CALL ($0)
84,63,0.0,8,1,7,1.0,-100.0,12.5,MARGIN CALL ($0)
84,64,0.0,6,0,6,1.0,-100.0,0.0,MARGIN CALL ($0)
84,65,0.0,9,0,9,1.0,-100.0,0.0,MARGIN CALL ($0)
84,66,0.0,9,0,9,1.0,-100.0,0.0,MARGIN CALL ($0)
84,67,0.0,6,0,6,1.0,-100.0,0.0,MARGIN CALL ($0)
84,68,0.0,6,0,6,1.0,-100.0,0.0,MARGIN CALL ($0)
84,69,0.0,6,0,6,1.0,-100.0,0.0,MARGIN CALL ($0)
84,70,0.0,6,0,6,1.0,-100.0,0.0,MARGIN CALL ($0)
84,71,0.0,6,0,6,1.0,-100.0,0.0,MARGIN CALL ($0)
84,72,0.0,7,0,7,1.0,-100.0,0.0,MARGIN CALL ($0)
84,73,0.0,8,0,8,1.0,-100.0,0.0,MARGIN CALL ($0)
84,74,0.0,8,0,8,1.0,-100.0,0.0,MARGIN CALL ($0)
84,75,0.0,8,0,8,1.0,-100.0,0.0,MARGIN CALL ($0)
84,76,0.0,8,0,8,1.0,-100.0,0.0,MARGIN CALL ($0)
84,77,0.0,8,0,8,1.0,-100.0,0.0,MARGIN CALL ($0)
84,78,0.0,8,0,8,1.0,-100.0,0.0,MARGIN CALL ($0)
84,79,0.0,8,0,8,1.0,-100.0,0.0,MARGIN CALL ($0)
84,80,0.0,7,0,7,1.0,-100.0,0.0,MARGIN CALL ($0)
84,81,0.0,7,0,7,1.0,-100.0,0.0,MARGIN CALL ($0)
84,82,0.0,6,0,6,1.0,-100.0,0.0,MARGIN CALL ($0)
84,83,0.0,6,0,6,1.0,-100.0,0.0,MARGIN CALL ($0)
84,84,0.0,6,0,6,1.0,-100.0,0.0,MARGIN CALL ($0)
84,85,0.0,6,0,6,1.0,-100.0,0.0,MARGIN CALL ($0)
84,86,0.0,7,0,7,1.0,-100.0,0.0,MARGIN CALL ($0)
84,87,0.0,7,0,7,1.0,-100.0,0.0,MARGIN CALL ($0)
84,88,0.0,9,0,9,1.0,-100.0,0.0,MARGIN CALL ($0)
84,89,0.0,9,0,9,1.0,-100.0,0.0,MARGIN CALL ($0)
84,90,0.0,9,0,9,1.0,-100.0,0.0,MARGIN CALL ($0)
84,91,0.0,9,0,9,1.0,-100.0,0.0,MARGIN CALL ($0)
84,92,0.0,9,0,9,1.0,-100.0,0.0,MARGIN CALL ($0)
84,93,0.0,10,0,10,1.0,-100.0,0.0,MARGIN CALL ($0)
84,94,0.0,9,0,9,1.0,-100.0,0.0,MARGIN CALL ($0)
84,95,0.0,10,0,10,1.0,-100.0,0.0,MARGIN CALL ($0)
84,96,0.0,11,0,11,1.0,-100.0,0.0,MARGIN CALL ($0)
84,97,0.0,10,0,10,1.0,-100.0,0.0,MARGIN CALL ($0)
84,98,0.0,9,0,9,1.0,-100.0,0.0,MARGIN CALL ($0)
84,99,0.0,9,0,9,1.0,-100.0,0.0,MARGIN CALL ($0)
84,100,0.0,9,0,9,1.0,-100.0,0.0,MARGIN CALL ($0)
85,1,0.0,8,0,8,1.0,-100.0,0.0,MARGIN CALL ($0)
85,2,0.0,25,3,22,1.0,-100.0,12.0,MARGIN CALL ($0)
85,3,0.0,20,3,17,1.0,-100.0,15.0,MARGIN CALL ($0)
85,4,0.0,20,3,17,1.0,-100.0,15.0,MARGIN CALL ($0)
85,5,0.0,20,3,17,1.0,-100.0,15.0,MARGIN CALL ($0)
85,6,0.0,16,3,13,1.0,-100.0,18.75,MARGIN CALL ($0)
85,7,0.0,16,3,13,1.0,-100.0,18.75,MARGIN CALL ($0)
85,8,0.0,17,3,14,1.0,-100.0,17.647058823529413,MARGIN CALL ($0)
85,9,0.0,16,3,13,1.0,-100.0,18.75,MARGIN CALL ($0)
85,10,0.0,14,3,11,1.0,-100.0,21.428571428571427,MARGIN CALL ($0)
85,11,0.0,14,3,11,1.0,-100.0,21.428571428571427,MARGIN CALL ($0)
85,12,0.0,19,4,15,1.0,-100.0,21.052631578947366,MARGIN CALL ($0)
85,13,0.0,3,0,3,1.0,-100.0,0.0,MARGIN CALL ($0)
85,14,0.0,3,0,3,1.0,-100.0,0.0,MARGIN CALL ($0)
85,15,0.0,3,0,3,1.0,-100.0,0.0,MARGIN CALL ($0)
85,16,0.0,3,0,3,1.0,-100.0,0.0,MARGIN CALL ($0)
85,17,0.0,3,0,3,1.0,-100.0,0.0,MARGIN CALL ($0)
85,18,0.0,3,0,3,1.0,-100.0,0.0,MARGIN CALL ($0)
85,19,0.0,3,0,3,1.0,-100.0,0.0,MARGIN CALL ($0)
85,20,0.0,3,0,3,1.0,-100.0,0.0,MARGIN CALL ($0)
85,21,0.0,3,0,3,1.0,-100.0,0.0,MARGIN CALL ($0)
85,22,0.0,3,0,3,1.0,-100.0,0.0,MARGIN CALL ($0)
85,23,0.0,3,0,3,1.0,-100.0,0.0,MARGIN CALL ($0)
85,24,0.0,3,0,3,1.0,-100.0,0.0,MARGIN CALL ($0)
85,25,0.0,3,0,3,1.0,-100.0,0.0,MARGIN CALL ($0)
85,26,0.0,8,2,6,1.0,-100.0,25.0,MARGIN CALL ($0)
85,27,0.0,9,2,7,1.0,-100.0,22.22222222222222,MARGIN CALL ($0)
85,28,0.0,10,2,8,1.0,-100.0,20.0,MARGIN CALL ($0)
85,29,0.0,19,3,16,1.0,-100.0,15.789473684210526,MARGIN CALL ($0)
85,30,0.0,17,3,14,1.0,-100.0,17.647058823529413,MARGIN CALL ($0)
85,31,0.0,17,3,14,1.0,-100.0,17.647058823529413,MARGIN CALL ($0)
85,32,0.0,23,4,19,1.0,-100.0,17.391304347826086,MARGIN CALL ($0)
1,84,0.0,6,0,6,1.0,-100.0,0.0,MARGIN CALL ($0)
85,34,0.0,9,2,7,1.0,-100.0,22.22222222222222,MARGIN CALL ($0)
85,35,0.0,6,0,6,1.0,-100.0,0.0,MARGIN CALL ($0)
85,36,0.0,6,0,6,1.0,-100.0,0.0,MARGIN CALL ($0)
85,37,0.0,7,0,7,1.0,-100.0,0.0,MARGIN CALL ($0)
85,38,0.0,7,0,7,1.0,-100.0,0.0,MARGIN CALL ($0)
85,39,0.0,111,13,98,1.0,-100.0,11.711711711711711,MARGIN CALL ($0)
85,40,0.0,106,12,94,1.0,-100.0,11.320754716981133,MARGIN CALL ($0)
85,41,0.0,105,13,92,1.0,-100.0,12.380952380952381,MARGIN CALL ($0)
1,85,0.0,6,0,6,1.0,-100.0,0.0,MARGIN CALL ($0)
85,43,0.0,92,15,77,1.0,-100.0,16.304347826086957,MARGIN CALL ($0)
1,86,0.0,6,0,6,1.0,-100.0,0.0,MARGIN CALL ($0)
1,87,0.0,6,0,6,1.0,-100.0,0.0,MARGIN CALL ($0)
85,46,0.0,7,0,7,1.0,-100.0,0.0,MARGIN CALL ($0)
85,47,0.0,7,0,7,1.0,-100.0,0.0,MARGIN CALL ($0)
1,88,0.0,6,0,6,1.0,-100.0,0.0,MARGIN CALL ($0)
1,89,0.0,6,0,6,1.0,-100.0,0.0,MARGIN CALL ($0)
1,90,0.0,6,0,6,1.0,-100.0,0.0,MARGIN CALL ($0)
85,51,0.0,6,0,6,1.0,-100.0,0.0,MARGIN CALL ($0)
85,52,0.0,82,8,74,1.0,-100.0,9.75609756097561,MARGIN CALL ($0)
1,91,0.0,6,0,6,1.0,-100.0,0.0,MARGIN CALL ($0)
85,54,0.0,15,3,12,1.0,-100.0,20.0,MARGIN CALL ($0)
85,55,0.0,31,4,27,1.0,-100.0,12.903225806451612,MARGIN CALL ($0)
85,56,0.0,22,3,19,1.0,-100.0,13.636363636363635,MARGIN CALL ($0)
85,57,0.0,11,2,9,1.0,-100.0,18.181818181818183,MARGIN CALL ($0)
85,58,0.0,10,1,9,1.0,-100.0,10.0,MARGIN CALL ($0)
85,59,0.0,9,1,8,1.0,-100.0,11.11111111111111,MARGIN CALL ($0)
85,60,0.0,9,1,8,1.0,-100.0,11.11111111111111,MARGIN CALL ($0)
85,61,0.0,9,1,8,1.0,-100.0,11.11111111111111,MARGIN CALL ($0)
85,62,0.0,9,1,8,1.0,-100.0,11.11111111111111,MARGIN CALL ($0)
85,63,0.0,10,1,9,1.0,-100.0,10.0,MARGIN CALL ($0)
85,64,0.0,7,0,7,1.0,-100.0,0.0,MARGIN CALL ($0)
85,65,0.0,9,0,9,1.0,-100.0,0.0,MARGIN CALL ($0)
85,66,0.0,9,0,9,1.0,-100.0,0.0,MARGIN CALL ($0)
85,67,0.0,6,0,6,1.0,-100.0,0.0,MARGIN CALL ($0)
85,68,0.0,6,0,6,1.0,-100.0,0.0,MARGIN CALL ($0)
85,69,0.0,6,0,6,1.0,-100.0,0.0,MARGIN CALL ($0)
85,70,0.0,6,0,6,1.0,-100.0,0.0,MARGIN CALL ($0)
85,71,0.0,6,0,6,1.0,-100.0,0.0,MARGIN CALL ($0)
85,72,0.0,7,0,7,1.0,-100.0,0.0,MARGIN CALL ($0)
85,73,0.0,8,0,8,1.0,-100.0,0.0,MARGIN CALL ($0)
85,74,0.0,8,0,8,1.0,-100.0,0.0,MARGIN CALL ($0)
85,75,0.0,8,0,8,1.0,-100.0,0.0,MARGIN CALL ($0)
85,76,0.0,8,0,8,1.0,-100.0,0.0,MARGIN CALL ($0)
85,77,0.0,8,0,8,1.0,-100.0,0.0,MARGIN CALL ($0)
85,78,0.0,8,0,8,1.0,-100.0,0.0,MARGIN CALL ($0)
85,79,0.0,8,0,8,1.0,-100.0,0.0,MARGIN CALL ($0)
85,80,0.0,7,0,7,1.0,-100.0,0.0,MARGIN CALL ($0)
85,81,0.0,7,0,7,1.0,-100.0,0.0,MARGIN CALL ($0)
85,82,0.0,6,0,6,1.0,-100.0,0.0,MARGIN CALL ($0)
85,83,0.0,6,0,6,1.0,-100.0,0.0,MARGIN CALL ($0)
85,84,0.0,6,0,6,1.0,-100.0,0.0,MARGIN CALL ($0)
85,85,0.0,5,0,5,1.0,-100.0,0.0,MARGIN CALL ($0)
85,86,0.0,6,0,6,1.0,-100.0,0.0,MARGIN CALL ($0)
85,87,0.0,6,0,6,1.0,-100.0,0.0,MARGIN CALL ($0)
85,88,0.0,9,0,9,1.0,-100.0,0.0,MARGIN CALL ($0)
85,89,0.0,9,0,9,1.0,-100.0,0.0,MARGIN CALL ($0)
85,90,0.0,9,0,9,1.0,-100.0,0.0,MARGIN CALL ($0)
85,91,0.0,9,0,9,1.0,-100.0,0.0,MARGIN CALL ($0)
85,92,0.0,9,0,9,1.0,-100.0,0.0,MARGIN CALL ($0)
85,93,0.0,10,0,10,1.0,-100.0,0.0,MARGIN CALL ($0)
85,94,0.0,9,0,9,1.0,-100.0,0.0,MARGIN CALL ($0)
85,95,0.0,10,0,10,1.0,-100.0,0.0,MARGIN CALL ($0)
85,96,0.0,11,0,11,1.0,-100.0,0.0,MARGIN CALL ($0)
85,97,0.0,10,0,10,1.0,-100.0,0.0,MARGIN CALL ($0)
85,98,0.0,9,0,9,1.0,-100.0,0.0,MARGIN CALL ($0)
85,99,0.0,9,0,9,1.0,-100.0,0.0,MARGIN CALL ($0)
85,100,0.0,9,0,9,1.0,-100.0,0.0,MARGIN CALL ($0)
86,1,0.0,8,0,8,1.0,-100.0,0.0,MARGIN CALL ($0)
86,2,0.0,25,3,22,1.0,-100.0,12.0,MARGIN CALL ($0)
86,3,0.0,20,3,17,1.0,-100.0,15.0,MARGIN CALL ($0)
86,4,0.0,20,3,17,1.0,-100.0,15.0,MARGIN CALL ($0)
86,5,0.0,20,3,17,1.0,-100.0,15.0,MARGIN CALL ($0)
86,6,0.0,17,3,14,1.0,-100.0,17.647058823529413,MARGIN CALL ($0)
86,7,0.0,17,3,14,1.0,-100.0,17.647058823529413,MARGIN CALL ($0)
86,8,0.0,18,3,15,1.0,-100.0,16.666666666666664,MARGIN CALL ($0)
86,9,0.0,17,3,14,1.0,-100.0,17.647058823529413,MARGIN CALL ($0)
86,10,0.0,15,3,12,1.0,-100.0,20.0,MARGIN CALL ($0)
86,11,0.0,15,3,12,1.0,-100.0,20.0,MARGIN CALL ($0)
1,92,0.0,6,0,6,1.0,-100.0,0.0,MARGIN CALL ($0)
86,13,0.0,3,0,3,1.0,-100.0,0.0,MARGIN CALL ($0)
86,14,0.0,3,0,3,1.0,-100.0,0.0,MARGIN CALL ($0)
86,15,0.0,3,0,3,1.0,-100.0,0.0,MARGIN CALL ($0)
86,16,0.0,3,0,3,1.0,-100.0,0.0,MARGIN CALL ($0)
86,17,0.0,3,0,3,1.0,-100.0,0.0,MARGIN CALL ($0)
86,18,0.0,3,0,3,1.0,-100.0,0.0,MARGIN CALL ($0)
86,19,0.0,3,0,3,1.0,-100.0,0.0,MARGIN CALL ($0)
86,20,0.0,3,0,3,1.0,-100.0,0.0,MARGIN CALL ($0)
86,21,0.0,3,0,3,1.0,-100.0,0.0,MARGIN CALL ($0)
86,22,0.0,3,0,3,1.0,-100.0,0.0,MARGIN CALL ($0)
86,23,0.0,3,0,3,1.0,-100.0,0.0,MARGIN CALL ($0)
86,24,0.0,3,0,3,1.0,-100.0,0.0,MARGIN CALL ($0)
86,25,0.0,3,0,3,1.0,-100.0,0.0,MARGIN CALL ($0)
86,26,0.0,8,2,6,1.0,-100.0,25.0,MARGIN CALL ($0)
86,27,0.0,9,2,7,1.0,-100.0,22.22222222222222,MARGIN CALL ($0)
86,28,0.0,10,2,8,1.0,-100.0,20.0,MARGIN CALL ($0)
86,29,0.0,19,3,16,1.0,-100.0,15.789473684210526,MARGIN CALL ($0)
86,30,0.0,17,3,14,1.0,-100.0,17.647058823529413,MARGIN CALL ($0)
86,31,0.0,17,3,14,1.0,-100.0,17.647058823529413,MARGIN CALL ($0)
86,32,0.0,23,4,19,1.0,-100.0,17.391304347826086,MARGIN CALL ($0)
1,93,0.0,6,0,6,1.0,-100.0,0.0,MARGIN CALL ($0)
86,34,0.0,9,2,7,1.0,-100.0,22.22222222222222,MARGIN CALL ($0)
86,35,0.0,6,0,6,1.0,-100.0,0.0,MARGIN CALL ($0)
86,36,0.0,6,0,6,1.0,-100.0,0.0,MARGIN CALL ($0)
86,37,0.0,7,0,7,1.0,-100.0,0.0,MARGIN CALL ($0)
86,38,0.0,7,0,7,1.0,-100.0,0.0,MARGIN CALL ($0)
86,39,0.0,110,13,97,1.0,-100.0,11.818181818181818,MARGIN CALL ($0)
86,40,0.0,105,12,93,1.0,-100.0,11.428571428571429,MARGIN CALL ($0)
86,41,0.0,106,13,93,1.0,-100.0,12.264150943396226,MARGIN CALL ($0)
1,94,0.0,6,0,6,1.0,-100.0,0.0,MARGIN CALL ($0)
86,43,0.0,93,15,78,1.0,-100.0,16.129032258064516,MARGIN CALL ($0)
1,95,0.0,6,0,6,1.0,-100.0,0.0,MARGIN CALL ($0)
1,96,0.0,6,0,6,1.0,-100.0,0.0,MARGIN CALL ($0)
86,46,0.0,7,0,7,1.0,-100.0,0.0,MARGIN CALL ($0)
86,47,0.0,7,0,7,1.0,-100.0,0.0,MARGIN CALL ($0)
1,97,0.0,6,0,6,1.0,-100.0,0.0,MARGIN CALL ($0)
1,98,0.0,6,0,6,1.0,-100.0,0.0,MARGIN CALL ($0)
1,99,0.0,6,0,6,1.0,-100.0,0.0,MARGIN CALL ($0)
86,51,0.0,6,0,6,1.0,-100.0,0.0,MARGIN CALL ($0)
86,52,0.0,85,8,77,1.0,-100.0,9.411764705882353,MARGIN CALL ($0)
1,100,0.0,6,0,6,1.0,-100.0,0.0,MARGIN CALL ($0)
86,54,0.0,15,3,12,1.0,-100.0,20.0,MARGIN CALL ($0)
86,55,0.0,31,4,27,1.0,-100.0,12.903225806451612,MARGIN CALL ($0)
86,56,0.0,22,3,19,1.0,-100.0,13.636363636363635,MARGIN CALL ($0)
86,57,0.0,11,2,9,1.0,-100.0,18.181818181818183,MARGIN CALL ($0)
86,58,0.0,10,1,9,1.0,-100.0,10.0,MARGIN CALL ($0)
86,59,0.0,9,1,8,1.0,-100.0,11.11111111111111,MARGIN CALL ($0)
86,60,0.0,9,1,8,1.0,-100.0,11.11111111111111,MARGIN CALL ($0)
86,61,0.0,9,1,8,1.0,-100.0,11.11111111111111,MARGIN CALL ($0)
86,62,0.0,9,1,8,1.0,-100.0,11.11111111111111,MARGIN CALL ($0)
86,63,0.0,10,1,9,1.0,-100.0,10.0,MARGIN CALL ($0)
86,64,0.0,7,0,7,1.0,-100.0,0.0,MARGIN CALL ($0)
86,65,0.0,9,0,9,1.0,-100.0,0.0,MARGIN CALL ($0)
86,66,0.0,9,0,9,1.0,-100.0,0.0,MARGIN CALL ($0)
86,67,0.0,6,0,6,1.0,-100.0,0.0,MARGIN CALL ($0)
86,68,0.0,6,0,6,1.0,-100.0,0.0,MARGIN CALL ($0)
86,69,0.0,6,0,6,1.0,-100.0,0.0,MARGIN CALL ($0)
86,70,0.0,6,0,6,1.0,-100.0,0.0,MARGIN CALL ($0)
86,71,0.0,6,0,6,1.0,-100.0,0.0,MARGIN CALL ($0)
86,72,0.0,7,0,7,1.0,-100.0,0.0,MARGIN CALL ($0)
86,73,0.0,8,0,8,1.0,-100.0,0.0,MARGIN CALL ($0)
86,74,0.0,8,0,8,1.0,-100.0,0.0,MARGIN CALL ($0)
86,75,0.0,8,0,8,1.0,-100.0,0.0,MARGIN CALL ($0)
86,76,0.0,8,0,8,1.0,-100.0,0.0,MARGIN CALL ($0)
86,77,0.0,8,0,8,1.0,-100.0,0.0,MARGIN CALL ($0)
86,78,0.0,8,0,8,1.0,-100.0,0.0,MARGIN CALL ($0)
86,79,0.0,8,0,8,1.0,-100.0,0.0,MARGIN CALL ($0)
86,80,0.0,7,0,7,1.0,-100.0,0.0,MARGIN CALL ($0)
86,81,0.0,7,0,7,1.0,-100.0,0.0,MARGIN CALL ($0)
86,82,0.0,6,0,6,1.0,-100.0,0.0,MARGIN CALL ($0)
86,83,0.0,6,0,6,1.0,-100.0,0.0,MARGIN CALL ($0)
86,84,0.0,6,0,6,1.0,-100.0,0.0,MARGIN CALL ($0)
86,85,0.0,5,0,5,1.0,-100.0,0.0,MARGIN CALL ($0)
86,86,0.0,6,0,6,1.0,-100.0,0.0,MARGIN CALL ($0)
86,87,0.0,6,0,6,1.0,-100.0,0.0,MARGIN CALL ($0)
86,88,0.0,9,0,9,1.0,-100.0,0.0,MARGIN CALL ($0)
86,89,0.0,9,0,9,1.0,-100.0,0.0,MARGIN CALL ($0)
86,90,0.0,9,0,9,1.0,-100.0,0.0,MARGIN CALL ($0)
86,91,0.0,9,0,9,1.0,-100.0,0.0,MARGIN CALL ($0)
86,92,0.0,9,0,9,1.0,-100.0,0.0,MARGIN CALL ($0)
86,93,0.0,10,0,10,1.0,-100.0,0.0,MARGIN CALL ($0)
86,94,0.0,9,0,9,1.0,-100.0,0.0,MARGIN CALL ($0)
86,95,0.0,10,0,10,1.0,-100.0,0.0,MARGIN CALL ($0)
86,96,0.0,11,0,11,1.0,-100.0,0.0,MARGIN CALL ($0)
86,97,0.0,10,0,10,1.0,-100.0,0.0,MARGIN CALL ($0)
86,98,0.0,9,0,9,1.0,-100.0,0.0,MARGIN CALL ($0)
86,99,0.0,9,0,9,1.0,-100.0,0.0,MARGIN CALL ($0)
86,100,0.0,9,0,9,1.0,-100.0,0.0,MARGIN CALL ($0)
87,1,0.0,8,0,8,1.0,-100.0,0.0,MARGIN CALL ($0)
87,2,0.0,25,3,22,1.0,-100.0,12.0,MARGIN CALL ($0)
87,3,0.0,20,3,17,1.0,-100.0,15.0,MARGIN CALL ($0)
87,4,0.0,20,3,17,1.0,-100.0,15.0,MARGIN CALL ($0)
87,5,0.0,20,3,17,1.0,-100.0,15.0,MARGIN CALL ($0)
87,6,0.0,17,3,14,1.0,-100.0,17.647058823529413,MARGIN CALL ($0)
87,7,0.0,17,3,14,1.0,-100.0,17.647058823529413,MARGIN CALL ($0)
87,8,0.0,18,3,15,1.0,-100.0,16.666666666666664,MARGIN CALL ($0)
87,9,0.0,17,3,14,1.0,-100.0,17.647058823529413,MARGIN CALL ($0)
87,10,0.0,15,3,12,1.0,-100.0,20.0,MARGIN CALL ($0)
87,11,0.0,15,3,12,1.0,-100.0,20.0,MARGIN CALL ($0)
2,1,0.0,10,0,10,1.0,-100.0,0.0,MARGIN CALL ($0)
87,13,0.0,3,0,3,1.0,-100.0,0.0,MARGIN CALL ($0)
87,14,0.0,3,0,3,1.0,-100.0,0.0,MARGIN CALL ($0)
87,15,0.0,3,0,3,1.0,-100.0,0.0,MARGIN CALL ($0)
87,16,0.0,3,0,3,1.0,-100.0,0.0,MARGIN CALL ($0)
87,17,0.0,3,0,3,1.0,-100.0,0.0,MARGIN CALL ($0)
87,18,0.0,3,0,3,1.0,-100.0,0.0,MARGIN CALL ($0)
87,19,0.0,3,0,3,1.0,-100.0,0.0,MARGIN CALL ($0)
87,20,0.0,3,0,3,1.0,-100.0,0.0,MARGIN CALL ($0)
87,21,0.0,3,0,3,1.0,-100.0,0.0,MARGIN CALL ($0)
87,22,0.0,3,0,3,1.0,-100.0,0.0,MARGIN CALL ($0)
87,23,0.0,3,0,3,1.0,-100.0,0.0,MARGIN CALL ($0)
87,24,0.0,3,0,3,1.0,-100.0,0.0,MARGIN CALL ($0)
87,25,0.0,3,0,3,1.0,-100.0,0.0,MARGIN CALL ($0)
87,26,0.0,8,2,6,1.0,-100.0,25.0,MARGIN CALL ($0)
87,27,0.0,9,2,7,1.0,-100.0,22.22222222222222,MARGIN CALL ($0)
87,28,0.0,10,2,8,1.0,-100.0,20.0,MARGIN CALL ($0)
87,29,0.0,19,3,16,1.0,-100.0,15.789473684210526,MARGIN CALL ($0)
87,30,0.0,17,3,14,1.0,-100.0,17.647058823529413,MARGIN CALL ($0)
87,31,0.0,17,3,14,1.0,-100.0,17.647058823529413,MARGIN CALL ($0)
87,32,0.0,23,4,19,1.0,-100.0,17.391304347826086,MARGIN CALL ($0)
2,2,0.0,25,3,22,1.0,-100.0,12.0,MARGIN CALL ($0)
87,34,0.0,9,2,7,1.0,-100.0,22.22222222222222,MARGIN CALL ($0)
87,35,0.0,6,0,6,1.0,-100.0,0.0,MARGIN CALL ($0)
87,36,0.0,6,0,6,1.0,-100.0,0.0,MARGIN CALL ($0)
87,37,0.0,7,0,7,1.0,-100.0,0.0,MARGIN CALL ($0)
87,38,0.0,7,0,7,1.0,-100.0,0.0,MARGIN CALL ($0)
87,39,0.0,112,14,98,1.0,-100.0,12.5,MARGIN CALL ($0)
87,40,0.0,104,13,91,1.0,-100.0,12.5,MARGIN CALL ($0)
87,41,0.0,101,13,88,1.0,-100.0,12.871287128712872,MARGIN CALL ($0)
2,3,0.0,23,3,20,1.0,-100.0,13.043478260869565,MARGIN CALL ($0)
87,43,0.0,107,16,91,1.0,-100.0,14.953271028037381,MARGIN CALL ($0)
2,4,0.0,22,3,19,1.0,-100.0,13.636363636363635,MARGIN CALL ($0)
2,5,0.0,22,3,19,1.0,-100.0,13.636363636363635,MARGIN CALL ($0)
87,46,0.0,7,0,7,1.0,-100.0,0.0,MARGIN CALL ($0)
87,47,0.0,7,0,7,1.0,-100.0,0.0,MARGIN CALL ($0)
2,6,0.0,22,3,19,1.0,-100.0,13.636363636363635,MARGIN CALL ($0)
2,7,0.0,22,3,19,1.0,-100.0,13.636363636363635,MARGIN CALL ($0)
2,8,0.0,21,3,18,1.0,-100.0,14.285714285714285,MARGIN CALL ($0)
87,51,0.0,6,0,6,1.0,-100.0,0.0,MARGIN CALL ($0)
87,52,0.0,96,9,87,1.0,-100.0,9.375,MARGIN CALL ($0)
2,9,0.0,19,3,16,1.0,-100.0,15.789473684210526,MARGIN CALL ($0)
2,10,0.0,21,3,18,1.0,-100.0,14.285714285714285,MARGIN CALL ($0)
2,11,0.0,20,3,17,1.0,-100.0,15.0,MARGIN CALL ($0)
87,56,0.0,99,10,89,1.0,-100.0,10.1010101010101,MARGIN CALL ($0)
87,57,0.0,19,3,16,1.0,-100.0,15.789473684210526,MARGIN CALL ($0)
87,58,0.0,17,2,15,1.0,-100.0,11.76470588235294,MARGIN CALL ($0)
87,59,0.0,16,2,14,1.0,-100.0,12.5,MARGIN CALL ($0)
87,60,0.0,17,2,15,1.0,-100.0,11.76470588235294,MARGIN CALL ($0)
87,61,0.0,17,2,15,1.0,-100.0,11.76470588235294,MARGIN CALL ($0)
87,62,0.0,17,2,15,1.0,-100.0,11.76470588235294,MARGIN CALL ($0)
87,63,0.0,15,2,13,1.0,-100.0,13.333333333333334,MARGIN CALL ($0)
87,64,0.0,7,1,6,1.0,-100.0,14.285714285714285,MARGIN CALL ($0)
87,65,0.0,9,1,8,1.0,-100.0,11.11111111111111,MARGIN CALL ($0)
87,66,0.0,9,1,8,1.0,-100.0,11.11111111111111,MARGIN CALL ($0)
87,67,0.0,6,0,6,1.0,-100.0,0.0,MARGIN CALL ($0)
87,68,0.0,6,0,6,1.0,-100.0,0.0,MARGIN CALL ($0)
87,69,0.0,6,0,6,1.0,-100.0,0.0,MARGIN CALL ($0)
87,70,0.0,6,0,6,1.0,-100.0,0.0,MARGIN CALL ($0)
87,71,0.0,6,0,6,1.0,-100.0,0.0,MARGIN CALL ($0)
87,72,0.0,7,0,7,1.0,-100.0,0.0,MARGIN CALL ($0)
87,73,0.0,8,0,8,1.0,-100.0,0.0,MARGIN CALL ($0)
87,74,0.0,8,0,8,1.0,-100.0,0.0,MARGIN CALL ($0)
87,75,0.0,8,0,8,1.0,-100.0,0.0,MARGIN CALL ($0)
87,76,0.0,8,0,8,1.0,-100.0,0.0,MARGIN CALL ($0)
87,77,0.0,8,0,8,1.0,-100.0,0.0,MARGIN CALL ($0)
87,78,0.0,8,0,8,1.0,-100.0,0.0,MARGIN CALL ($0)
87,79,0.0,8,0,8,1.0,-100.0,0.0,MARGIN CALL ($0)
87,80,0.0,7,0,7,1.0,-100.0,0.0,MARGIN CALL ($0)
87,81,0.0,7,0,7,1.0,-100.0,0.0,MARGIN CALL ($0)
87,82,0.0,6,0,6,1.0,-100.0,0.0,MARGIN CALL ($0)
87,83,0.0,6,0,6,1.0,-100.0,0.0,MARGIN CALL ($0)
87,84,0.0,6,0,6,1.0,-100.0,0.0,MARGIN CALL ($0)
87,85,0.0,5,0,5,1.0,-100.0,0.0,MARGIN CALL ($0)
87,86,0.0,6,0,6,1.0,-100.0,0.0,MARGIN CALL ($0)
87,87,0.0,6,0,6,1.0,-100.0,0.0,MARGIN CALL ($0)
87,88,0.0,9,0,9,1.0,-100.0,0.0,MARGIN CALL ($0)
87,89,0.0,9,0,9,1.0,-100.0,0.0,MARGIN CALL ($0)
87,90,0.0,9,0,9,1.0,-100.0,0.0,MARGIN CALL ($0)
87,91,0.0,9,0,9,1.0,-100.0,0.0,MARGIN CALL ($0)
87,92,0.0,9,0,9,1.0,-100.0,0.0,MARGIN CALL ($0)
87,93,0.0,10,0,10,1.0,-100.0,0.0,MARGIN CALL ($0)
87,94,0.0,9,0,9,1.0,-100.0,0.0,MARGIN CALL ($0)
87,95,0.0,10,0,10,1.0,-100.0,0.0,MARGIN CALL ($0)
87,96,0.0,11,0,11,1.0,-100.0,0.0,MARGIN CALL ($0)
87,97,0.0,10,0,10,1.0,-100.0,0.0,MARGIN CALL ($0)
87,98,0.0,9,0,9,1.0,-100.0,0.0,MARGIN CALL ($0)
87,99,0.0,9,0,9,1.0,-100.0,0.0,MARGIN CALL ($0)
87,100,0.0,9,0,9,1.0,-100.0,0.0,MARGIN CALL ($0)
88,1,0.0,8,0,8,1.0,-100.0,0.0,MARGIN CALL ($0)
88,2,0.0,25,3,22,1.0,-100.0,12.0,MARGIN CALL ($0)
88,3,0.0,20,3,17,1.0,-100.0,15.0,MARGIN CALL ($0)
88,4,0.0,20,3,17,1.0,-100.0,15.0,MARGIN CALL ($0)
88,5,0.0,20,3,17,1.0,-100.0,15.0,MARGIN CALL ($0)
88,6,0.0,17,3,14,1.0,-100.0,17.647058823529413,MARGIN CALL ($0)
88,7,0.0,17,3,14,1.0,-100.0,17.647058823529413,MARGIN CALL ($0)
88,8,0.0,18,3,15,1.0,-100.0,16.666666666666664,MARGIN CALL ($0)
88,9,0.0,17,3,14,1.0,-100.0,17.647058823529413,MARGIN CALL ($0)
88,10,0.0,15,3,12,1.0,-100.0,20.0,MARGIN CALL ($0)
88,11,0.0,15,3,12,1.0,-100.0,20.0,MARGIN CALL ($0)
88,12,0.0,20,4,16,1.0,-100.0,20.0,MARGIN CALL ($0)
88,13,0.0,3,0,3,1.0,-100.0,0.0,MARGIN CALL ($0)
88,14,0.0,3,0,3,1.0,-100.0,0.0,MARGIN CALL ($0)
88,15,0.0,3,0,3,1.0,-100.0,0.0,MARGIN CALL ($0)
88,16,0.0,3,0,3,1.0,-100.0,0.0,MARGIN CALL ($0)
88,17,0.0,3,0,3,1.0,-100.0,0.0,MARGIN CALL ($0)
88,18,0.0,3,0,3,1.0,-100.0,0.0,MARGIN CALL ($0)
88,19,0.0,3,0,3,1.0,-100.0,0.0,MARGIN CALL ($0)
88,20,0.0,3,0,3,1.0,-100.0,0.0,MARGIN CALL ($0)
88,21,0.0,3,0,3,1.0,-100.0,0.0,MARGIN CALL ($0)
88,22,0.0,3,0,3,1.0,-100.0,0.0,MARGIN CALL ($0)
88,23,0.0,3,0,3,1.0,-100.0,0.0,MARGIN CALL ($0)
88,24,0.0,3,0,3,1.0,-100.0,0.0,MARGIN CALL ($0)
88,25,0.0,3,0,3,1.0,-100.0,0.0,MARGIN CALL ($0)
88,26,0.0,8,2,6,1.0,-100.0,25.0,MARGIN CALL ($0)
88,27,0.0,9,2,7,1.0,-100.0,22.22222222222222,MARGIN CALL ($0)
88,28,0.0,9,2,7,1.0,-100.0,22.22222222222222,MARGIN CALL ($0)
88,29,0.0,14,2,12,1.0,-100.0,14.285714285714285,MARGIN CALL ($0)
88,30,0.0,14,2,12,1.0,-100.0,14.285714285714285,MARGIN CALL ($0)
88,31,0.0,14,2,12,1.0,-100.0,14.285714285714285,MARGIN CALL ($0)
88,32,0.0,13,2,11,1.0,-100.0,15.384615384615385,MARGIN CALL ($0)
88,33,0.0,16,2,14,1.0,-100.0,12.5,MARGIN CALL ($0)
88,34,0.0,9,2,7,1.0,-100.0,22.22222222222222,MARGIN CALL ($0)
88,35,0.0,7,0,7,1.0,-100.0,0.0,MARGIN CALL ($0)
88,36,0.0,7,0,7,1.0,-100.0,0.0,MARGIN CALL ($0)
88,37,0.0,7,0,7,1.0,-100.0,0.0,MARGIN CALL ($0)
88,38,0.0,7,0,7,1.0,-100.0,0.0,MARGIN CALL ($0)
88,39,0.0,8,0,8,1.0,-100.0,0.0,MARGIN CALL ($0)
88,40,0.0,8,0,8,1.0,-100.0,0.0,MARGIN CALL ($0)
88,41,0.0,8,0,8,1.0,-100.0,0.0,MARGIN CALL ($0)
88,42,0.0,9,0,9,1.0,-100.0,0.0,MARGIN CALL ($0)
88,43,0.0,9,0,9,1.0,-100.0,0.0,MARGIN CALL ($0)
88,44,0.0,9,0,9,1.0,-100.0,0.0,MARGIN CALL ($0)
88,45,0.0,9,0,9,1.0,-100.0,0.0,MARGIN CALL ($0)
88,46,0.0,7,0,7,1.0,-100.0,0.0,MARGIN CALL ($0)
88,47,0.0,7,0,7,1.0,-100.0,0.0,MARGIN CALL ($0)
88,48,0.0,7,0,7,1.0,-100.0,0.0,MARGIN CALL ($0)
88,49,0.0,7,0,7,1.0,-100.0,0.0,MARGIN CALL ($0)
88,50,0.0,7,0,7,1.0,-100.0,0.0,MARGIN CALL ($0)
88,51,0.0,7,0,7,1.0,-100.0,0.0,MARGIN CALL ($0)
88,52,0.0,7,0,7,1.0,-100.0,0.0,MARGIN CALL ($0)
88,53,0.0,10,0,10,1.0,-100.0,0.0,MARGIN CALL ($0)
88,54,0.0,10,0,10,1.0,-100.0,0.0,MARGIN CALL ($0)
88,55,0.0,9,0,9,1.0,-100.0,0.0,MARGIN CALL ($0)
88,56,0.0,9,0,9,1.0,-100.0,0.0,MARGIN CALL ($0)
88,57,0.0,13,2,11,1.0,-100.0,15.384615384615385,MARGIN CALL ($0)
88,58,0.0,11,1,10,1.0,-100.0,9.090909090909092,MARGIN CALL ($0)
88,59,0.0,10,1,9,1.0,-100.0,10.0,MARGIN CALL ($0)
88,60,0.0,9,1,8,1.0,-100.0,11.11111111111111,MARGIN CALL ($0)
88,61,0.0,9,1,8,1.0,-100.0,11.11111111111111,MARGIN CALL ($0)
88,62,0.0,9,1,8,1.0,-100.0,11.11111111111111,MARGIN CALL ($0)
88,63,0.0,9,1,8,1.0,-100.0,11.11111111111111,MARGIN CALL ($0)
88,64,0.0,9,1,8,1.0,-100.0,11.11111111111111,MARGIN CALL ($0)
88,65,0.0,10,1,9,1.0,-100.0,10.0,MARGIN CALL ($0)
88,66,0.0,10,1,9,1.0,-100.0,10.0,MARGIN CALL ($0)
88,67,0.0,8,0,8,1.0,-100.0,0.0,MARGIN CALL ($0)
88,68,0.0,8,0,8,1.0,-100.0,0.0,MARGIN CALL ($0)
88,69,0.0,8,0,8,1.0,-100.0,0.0,MARGIN CALL ($0)
88,70,0.0,8,0,8,1.0,-100.0,0.0,MARGIN CALL ($0)
88,71,0.0,8,0,8,1.0,-100.0,0.0,MARGIN CALL ($0)
88,72,0.0,9,0,9,1.0,-100.0,0.0,MARGIN CALL ($0)
88,73,0.0,10,0,10,1.0,-100.0,0.0,MARGIN CALL ($0)
88,74,0.0,10,0,10,1.0,-100.0,0.0,MARGIN CALL ($0)
88,75,0.0,10,0,10,1.0,-100.0,0.0,MARGIN CALL ($0)
88,76,0.0,10,0,10,1.0,-100.0,0.0,MARGIN CALL ($0)
88,77,0.0,10,0,10,1.0,-100.0,0.0,MARGIN CALL ($0)
88,78,0.0,9,0,9,1.0,-100.0,0.0,MARGIN CALL ($0)
88,79,0.0,9,0,9,1.0,-100.0,0.0,MARGIN CALL ($0)
88,80,0.0,8,0,8,1.0,-100.0,0.0,MARGIN CALL ($0)
88,81,0.0,8,0,8,1.0,-100.0,0.0,MARGIN CALL ($0)
88,82,0.0,7,0,7,1.0,-100.0,0.0,MARGIN CALL ($0)
88,83,0.0,7,0,7,1.0,-100.0,0.0,MARGIN CALL ($0)
88,84,0.0,8,0,8,1.0,-100.0,0.0,MARGIN CALL ($0)
88,85,0.0,8,0,8,1.0,-100.0,0.0,MARGIN CALL ($0)
88,86,0.0,9,0,9,1.0,-100.0,0.0,MARGIN CALL ($0)
88,87,0.0,9,0,9,1.0,-100.0,0.0,MARGIN CALL ($0)
88,88,0.0,9,0,9,1.0,-100.0,0.0,MARGIN CALL ($0)
88,89,0.0,9,0,9,1.0,-100.0,0.0,MARGIN CALL ($0)
88,90,0.0,9,0,9,1.0,-100.0,0.0,MARGIN CALL ($0)
88,91,0.0,9,0,9,1.0,-100.0,0.0,MARGIN CALL ($0)
88,92,0.0,9,0,9,1.0,-100.0,0.0,MARGIN CALL ($0)
88,93,0.0,10,0,10,1.0,-100.0,0.0,MARGIN CALL ($0)
88,94,0.0,10,0,10,1.0,-100.0,0.0,MARGIN CALL ($0)
88,95,0.0,11,0,11,1.0,-100.0,0.0,MARGIN CALL ($0)
88,96,0.0,11,0,11,1.0,-100.0,0.0,MARGIN CALL ($0)
88,97,0.0,10,0,10,1.0,-100.0,0.0,MARGIN CALL ($0)
88,98,0.0,9,0,9,1.0,-100.0,0.0,MARGIN CALL ($0)
88,99,0.0,9,0,9,1.0,-100.0,0.0,MARGIN CALL ($0)
88,100,0.0,9,0,9,1.0,-100.0,0.0,MARGIN CALL ($0)
89,1,0.0,8,0,8,1.0,-100.0,0.0,MARGIN CALL ($0)
89,2,0.0,25,3,22,1.0,-100.0,12.0,MARGIN CALL ($0)
89,3,0.0,20,3,17,1.0,-100.0,15.0,MARGIN CALL ($0)
89,4,0.0,20,3,17,1.0,-100.0,15.0,MARGIN CALL ($0)
89,5,0.0,21,3,18,1.0,-100.0,14.285714285714285,MARGIN CALL ($0)
89,6,0.0,18,3,15,1.0,-100.0,16.666666666666664,MARGIN CALL ($0)
89,7,0.0,18,3,15,1.0,-100.0,16.666666666666664,MARGIN CALL ($0)
89,8,0.0,21,3,18,1.0,-100.0,14.285714285714285,MARGIN CALL ($0)
89,9,0.0,26,4,22,1.0,-100.0,15.384615384615385,MARGIN CALL ($0)
89,10,0.0,24,4,20,1.0,-100.0,16.666666666666664,MARGIN CALL ($0)
89,11,0.0,20,3,17,1.0,-100.0,15.0,MARGIN CALL ($0)
2,12,0.0,21,3,18,1.0,-100.0,14.285714285714285,MARGIN CALL ($0)
89,13,0.0,5,0,5,1.0,-100.0,0.0,MARGIN CALL ($0)
89,14,0.0,5,0,5,1.0,-100.0,0.0,MARGIN CALL ($0)
89,15,0.0,5,0,5,1.0,-100.0,0.0,MARGIN CALL ($0)
89,16,0.0,4,0,4,1.0,-100.0,0.0,MARGIN CALL ($0)
89,17,0.0,4,0,4,1.0,-100.0,0.0,MARGIN CALL ($0)
89,18,0.0,5,0,5,1.0,-100.0,0.0,MARGIN CALL ($0)
89,19,0.0,5,0,5,1.0,-100.0,0.0,MARGIN CALL ($0)
89,20,0.0,5,0,5,1.0,-100.0,0.0,MARGIN CALL ($0)
89,21,0.0,7,0,7,1.0,-100.0,0.0,MARGIN CALL ($0)
89,22,0.0,9,2,7,1.0,-100.0,22.22222222222222,MARGIN CALL ($0)
89,23,0.0,9,2,7,1.0,-100.0,22.22222222222222,MARGIN CALL ($0)
89,24,0.0,9,2,7,1.0,-100.0,22.22222222222222,MARGIN CALL ($0)
89,25,0.0,10,2,8,1.0,-100.0,20.0,MARGIN CALL ($0)
89,26,0.0,8,2,6,1.0,-100.0,25.0,MARGIN CALL ($0)
89,27,0.0,9,2,7,1.0,-100.0,22.22222222222222,MARGIN CALL ($0)
89,28,0.0,9,2,7,1.0,-100.0,22.22222222222222,MARGIN CALL ($0)
89,29,0.0,14,2,12,1.0,-100.0,14.285714285714285,MARGIN CALL ($0)
89,30,0.0,14,2,12,1.0,-100.0,14.285714285714285,MARGIN CALL ($0)
89,31,0.0,14,2,12,1.0,-100.0,14.285714285714285,MARGIN CALL ($0)
89,32,0.0,13,2,11,1.0,-100.0,15.384615384615385,MARGIN CALL ($0)
89,33,0.0,16,2,14,1.0,-100.0,12.5,MARGIN CALL ($0)
89,34,0.0,12,2,10,1.0,-100.0,16.666666666666664,MARGIN CALL ($0)
89,35,0.0,9,0,9,1.0,-100.0,0.0,MARGIN CALL ($0)
89,36,0.0,9,0,9,1.0,-100.0,0.0,MARGIN CALL ($0)
89,37,0.0,9,0,9,1.0,-100.0,0.0,MARGIN CALL ($0)
89,38,0.0,9,0,9,1.0,-100.0,0.0,MARGIN CALL ($0)
89,39,0.0,10,0,10,1.0,-100.0,0.0,MARGIN CALL ($0)
89,40,0.0,10,0,10,1.0,-100.0,0.0,MARGIN CALL ($0)
89,41,0.0,10,0,10,1.0,-100.0,0.0,MARGIN CALL ($0)
89,42,0.0,9,0,9,1.0,-100.0,0.0,MARGIN CALL ($0)
89,43,0.0,10,0,10,1.0,-100.0,0.0,MARGIN CALL ($0)
89,44,0.0,9,0,9,1.0,-100.0,0.0,MARGIN CALL ($0)
89,45,0.0,10,0,10,1.0,-100.0,0.0,MARGIN CALL ($0)
89,46,0.0,8,0,8,1.0,-100.0,0.0,MARGIN CALL ($0)
89,47,0.0,10,0,10,1.0,-100.0,0.0,MARGIN CALL ($0)
89,48,0.0,9,0,9,1.0,-100.0,0.0,MARGIN CALL ($0)
89,49,0.0,9,0,9,1.0,-100.0,0.0,MARGIN CALL ($0)
89,50,0.0,9,0,9,1.0,-100.0,0.0,MARGIN CALL ($0)
89,51,0.0,9,0,9,1.0,-100.0,0.0,MARGIN CALL ($0)
89,52,0.0,9,0,9,1.0,-100.0,0.0,MARGIN CALL ($0)
89,53,0.0,10,0,10,1.0,-100.0,0.0,MARGIN CALL ($0)
89,54,0.0,10,0,10,1.0,-100.0,0.0,MARGIN CALL ($0)
89,55,0.0,9,0,9,1.0,-100.0,0.0,MARGIN CALL ($0)
89,56,0.0,9,0,9,1.0,-100.0,0.0,MARGIN CALL ($0)
89,57,0.0,13,2,11,1.0,-100.0,15.384615384615385,MARGIN CALL ($0)
89,58,0.0,11,1,10,1.0,-100.0,9.090909090909092,MARGIN CALL ($0)
89,59,0.0,10,1,9,1.0,-100.0,10.0,MARGIN CALL ($0)
89,60,0.0,9,1,8,1.0,-100.0,11.11111111111111,MARGIN CALL ($0)
89,61,0.0,9,1,8,1.0,-100.0,11.11111111111111,MARGIN CALL ($0)
89,62,0.0,9,1,8,1.0,-100.0,11.11111111111111,MARGIN CALL ($0)
89,63,0.0,9,1,8,1.0,-100.0,11.11111111111111,MARGIN CALL ($0)
89,64,0.0,9,1,8,1.0,-100.0,11.11111111111111,MARGIN CALL ($0)
89,65,0.0,10,1,9,1.0,-100.0,10.0,MARGIN CALL ($0)
89,66,0.0,10,1,9,1.0,-100.0,10.0,MARGIN CALL ($0)
89,67,0.0,8,0,8,1.0,-100.0,0.0,MARGIN CALL ($0)
89,68,0.0,8,0,8,1.0,-100.0,0.0,MARGIN CALL ($0)
89,69,0.0,8,0,8,1.0,-100.0,0.0,MARGIN CALL ($0)
89,70,0.0,8,0,8,1.0,-100.0,0.0,MARGIN CALL ($0)
89,71,0.0,8,0,8,1.0,-100.0,0.0,MARGIN CALL ($0)
89,72,0.0,8,0,8,1.0,-100.0,0.0,MARGIN CALL ($0)
89,73,0.0,8,0,8,1.0,-100.0,0.0,MARGIN CALL ($0)
89,74,0.0,8,0,8,1.0,-100.0,0.0,MARGIN CALL ($0)
89,75,0.0,8,0,8,1.0,-100.0,0.0,MARGIN CALL ($0)
89,76,0.0,9,0,9,1.0,-100.0,0.0,MARGIN CALL ($0)
89,77,0.0,8,0,8,1.0,-100.0,0.0,MARGIN CALL ($0)
89,78,0.0,9,0,9,1.0,-100.0,0.0,MARGIN CALL ($0)
89,79,0.0,9,0,9,1.0,-100.0,0.0,MARGIN CALL ($0)
89,80,0.0,8,0,8,1.0,-100.0,0.0,MARGIN CALL ($0)
89,81,0.0,8,0,8,1.0,-100.0,0.0,MARGIN CALL ($0)
89,82,0.0,7,0,7,1.0,-100.0,0.0,MARGIN CALL ($0)
89,83,0.0,7,0,7,1.0,-100.0,0.0,MARGIN CALL ($0)
89,84,0.0,8,0,8,1.0,-100.0,0.0,MARGIN CALL ($0)
89,85,0.0,8,0,8,1.0,-100.0,0.0,MARGIN CALL ($0)
89,86,0.0,9,0,9,1.0,-100.0,0.0,MARGIN CALL ($0)
89,87,0.0,9,0,9,1.0,-100.0,0.0,MARGIN CALL ($0)
89,88,0.0,9,0,9,1.0,-100.0,0.0,MARGIN CALL ($0)
89,89,0.0,8,0,8,1.0,-100.0,0.0,MARGIN CALL ($0)
89,90,0.0,8,0,8,1.0,-100.0,0.0,MARGIN CALL ($0)
89,91,0.0,8,0,8,1.0,-100.0,0.0,MARGIN CALL ($0)
89,92,0.0,8,0,8,1.0,-100.0,0.0,MARGIN CALL ($0)
89,93,0.0,9,0,9,1.0,-100.0,0.0,MARGIN CALL ($0)
89,94,0.0,10,0,10,1.0,-100.0,0.0,MARGIN CALL ($0)
89,95,0.0,11,0,11,1.0,-100.0,0.0,MARGIN CALL ($0)
89,96,0.0,11,0,11,1.0,-100.0,0.0,MARGIN CALL ($0)
89,97,0.0,10,0,10,1.0,-100.0,0.0,MARGIN CALL ($0)
89,98,0.0,9,0,9,1.0,-100.0,0.0,MARGIN CALL ($0)
89,99,0.0,9,0,9,1.0,-100.0,0.0,MARGIN CALL ($0)
89,100,0.0,9,0,9,1.0,-100.0,0.0,MARGIN CALL ($0)
90,1,0.0,8,0,8,1.0,-100.0,0.0,MARGIN CALL ($0)
90,2,0.0,25,3,22,1.0,-100.0,12.0,MARGIN CALL ($0)
90,3,0.0,20,3,17,1.0,-100.0,15.0,MARGIN CALL ($0)
90,4,0.0,20,3,17,1.0,-100.0,15.0,MARGIN CALL ($0)
90,5,0.0,21,3,18,1.0,-100.0,14.285714285714285,MARGIN CALL ($0)
90,6,0.0,18,3,15,1.0,-100.0,16.666666666666664,MARGIN CALL ($0)
90,7,0.0,18,3,15,1.0,-100.0,16.666666666666664,MARGIN CALL ($0)
90,8,0.0,21,3,18,1.0,-100.0,14.285714285714285,MARGIN CALL ($0)
90,9,0.0,26,4,22,1.0,-100.0,15.384615384615385,MARGIN CALL ($0)
90,10,0.0,24,4,20,1.0,-100.0,16.666666666666664,MARGIN CALL ($0)
90,11,0.0,20,3,17,1.0,-100.0,15.0,MARGIN CALL ($0)
2,13,0.0,21,3,18,1.0,-100.0,14.285714285714285,MARGIN CALL ($0)
90,13,0.0,5,0,5,1.0,-100.0,0.0,MARGIN CALL ($0)
90,14,0.0,5,0,5,1.0,-100.0,0.0,MARGIN CALL ($0)
90,15,0.0,5,0,5,1.0,-100.0,0.0,MARGIN CALL ($0)
90,16,0.0,4,0,4,1.0,-100.0,0.0,MARGIN CALL ($0)
90,17,0.0,4,0,4,1.0,-100.0,0.0,MARGIN CALL ($0)
90,18,0.0,5,0,5,1.0,-100.0,0.0,MARGIN CALL ($0)
90,19,0.0,5,0,5,1.0,-100.0,0.0,MARGIN CALL ($0)
90,20,0.0,5,0,5,1.0,-100.0,0.0,MARGIN CALL ($0)
90,21,0.0,7,0,7,1.0,-100.0,0.0,MARGIN CALL ($0)
90,22,0.0,9,2,7,1.0,-100.0,22.22222222222222,MARGIN CALL ($0)
90,23,0.0,9,2,7,1.0,-100.0,22.22222222222222,MARGIN CALL ($0)
90,24,0.0,9,2,7,1.0,-100.0,22.22222222222222,MARGIN CALL ($0)
90,25,0.0,10,2,8,1.0,-100.0,20.0,MARGIN CALL ($0)
90,26,0.0,8,2,6,1.0,-100.0,25.0,MARGIN CALL ($0)
90,27,0.0,9,2,7,1.0,-100.0,22.22222222222222,MARGIN CALL ($0)
90,28,0.0,9,2,7,1.0,-100.0,22.22222222222222,MARGIN CALL ($0)
90,29,0.0,14,2,12,1.0,-100.0,14.285714285714285,MARGIN CALL ($0)
90,30,0.0,14,2,12,1.0,-100.0,14.285714285714285,MARGIN CALL ($0)
90,31,0.0,14,2,12,1.0,-100.0,14.285714285714285,MARGIN CALL ($0)
90,32,0.0,13,2,11,1.0,-100.0,15.384615384615385,MARGIN CALL ($0)
90,33,0.0,16,2,14,1.0,-100.0,12.5,MARGIN CALL ($0)
90,34,0.0,12,2,10,1.0,-100.0,16.666666666666664,MARGIN CALL ($0)
90,35,0.0,9,0,9,1.0,-100.0,0.0,MARGIN CALL ($0)
90,36,0.0,9,0,9,1.0,-100.0,0.0,MARGIN CALL ($0)
90,37,0.0,9,0,9,1.0,-100.0,0.0,MARGIN CALL ($0)
90,38,0.0,9,0,9,1.0,-100.0,0.0,MARGIN CALL ($0)
90,39,0.0,10,0,10,1.0,-100.0,0.0,MARGIN CALL ($0)
90,40,0.0,10,0,10,1.0,-100.0,0.0,MARGIN CALL ($0)
90,41,0.0,10,0,10,1.0,-100.0,0.0,MARGIN CALL ($0)
90,42,0.0,9,0,9,1.0,-100.0,0.0,MARGIN CALL ($0)
90,43,0.0,10,0,10,1.0,-100.0,0.0,MARGIN CALL ($0)
90,44,0.0,9,0,9,1.0,-100.0,0.0,MARGIN CALL ($0)
90,45,0.0,10,0,10,1.0,-100.0,0.0,MARGIN CALL ($0)
90,46,0.0,8,0,8,1.0,-100.0,0.0,MARGIN CALL ($0)
90,47,0.0,10,0,10,1.0,-100.0,0.0,MARGIN CALL ($0)
90,48,0.0,9,0,9,1.0,-100.0,0.0,MARGIN CALL ($0)
90,49,0.0,9,0,9,1.0,-100.0,0.0,MARGIN CALL ($0)
90,50,0.0,9,0,9,1.0,-100.0,0.0,MARGIN CALL ($0)
90,51,0.0,9,0,9,1.0,-100.0,0.0,MARGIN CALL ($0)
90,52,0.0,9,0,9,1.0,-100.0,0.0,MARGIN CALL ($0)
90,53,0.0,10,0,10,1.0,-100.0,0.0,MARGIN CALL ($0)
90,54,0.0,10,0,10,1.0,-100.0,0.0,MARGIN CALL ($0)
90,55,0.0,9,0,9,1.0,-100.0,0.0,MARGIN CALL ($0)
90,56,0.0,9,0,9,1.0,-100.0,0.0,MARGIN CALL ($0)
90,57,0.0,12,1,11,1.0,-100.0,8.333333333333332,MARGIN CALL ($0)
90,58,0.0,10,0,10,1.0,-100.0,0.0,MARGIN CALL ($0)
90,59,0.0,9,0,9,1.0,-100.0,0.0,MARGIN CALL ($0)
90,60,0.0,10,1,9,1.0,-100.0,10.0,MARGIN CALL ($0)
90,61,0.0,10,1,9,1.0,-100.0,10.0,MARGIN CALL ($0)
90,62,0.0,10,1,9,1.0,-100.0,10.0,MARGIN CALL ($0)
90,63,0.0,10,1,9,1.0,-100.0,10.0,MARGIN CALL ($0)
90,64,0.0,10,1,9,1.0,-100.0,10.0,MARGIN CALL ($0)
90,65,0.0,9,0,9,1.0,-100.0,0.0,MARGIN CALL ($0)
90,66,0.0,9,0,9,1.0,-100.0,0.0,MARGIN CALL ($0)
90,67,0.0,8,0,8,1.0,-100.0,0.0,MARGIN CALL ($0)
90,68,0.0,8,0,8,1.0,-100.0,0.0,MARGIN CALL ($0)
90,69,0.0,8,0,8,1.0,-100.0,0.0,MARGIN CALL ($0)
90,70,0.0,8,0,8,1.0,-100.0,0.0,MARGIN CALL ($0)
90,71,0.0,8,0,8,1.0,-100.0,0.0,MARGIN CALL ($0)
90,72,0.0,8,0,8,1.0,-100.0,0.0,MARGIN CALL ($0)
90,73,0.0,8,0,8,1.0,-100.0,0.0,MARGIN CALL ($0)
90,74,0.0,8,0,8,1.0,-100.0,0.0,MARGIN CALL ($0)
90,75,0.0,8,0,8,1.0,-100.0,0.0,MARGIN CALL ($0)
90,76,0.0,9,0,9,1.0,-100.0,0.0,MARGIN CALL ($0)
90,77,0.0,8,0,8,1.0,-100.0,0.0,MARGIN CALL ($0)
90,78,0.0,9,0,9,1.0,-100.0,0.0,MARGIN CALL ($0)
90,79,0.0,9,0,9,1.0,-100.0,0.0,MARGIN CALL ($0)
90,80,0.0,8,0,8,1.0,-100.0,0.0,MARGIN CALL ($0)
90,81,0.0,8,0,8,1.0,-100.0,0.0,MARGIN CALL ($0)
90,82,0.0,7,0,7,1.0,-100.0,0.0,MARGIN CALL ($0)
90,83,0.0,7,0,7,1.0,-100.0,0.0,MARGIN CALL ($0)
90,84,0.0,8,0,8,1.0,-100.0,0.0,MARGIN CALL ($0)
90,85,0.0,8,0,8,1.0,-100.0,0.0,MARGIN CALL ($0)
90,86,0.0,9,0,9,1.0,-100.0,0.0,MARGIN CALL ($0)
90,87,0.0,9,0,9,1.0,-100.0,0.0,MARGIN CALL ($0)
90,88,0.0,9,0,9,1.0,-100.0,0.0,MARGIN CALL ($0)
90,89,0.0,8,0,8,1.0,-100.0,0.0,MARGIN CALL ($0)
90,90,0.0,7,0,7,1.0,-100.0,0.0,MARGIN CALL ($0)
90,91,0.0,7,0,7,1.0,-100.0,0.0,MARGIN CALL ($0)
90,92,0.0,7,0,7,1.0,-100.0,0.0,MARGIN CALL ($0)
90,93,0.0,8,0,8,1.0,-100.0,0.0,MARGIN CALL ($0)
90,94,0.0,9,0,9,1.0,-100.0,0.0,MARGIN CALL ($0)
90,95,0.0,10,0,10,1.0,-100.0,0.0,MARGIN CALL ($0)
90,96,0.0,11,0,11,1.0,-100.0,0.0,MARGIN CALL ($0)
90,97,0.0,10,0,10,1.0,-100.0,0.0,MARGIN CALL ($0)
90,98,0.0,9,0,9,1.0,-100.0,0.0,MARGIN CALL ($0)
90,99,0.0,9,0,9,1.0,-100.0,0.0,MARGIN CALL ($0)
90,100,0.0,9,0,9,1.0,-100.0,0.0,MARGIN CALL ($0)
91,1,0.0,8,0,8,1.0,-100.0,0.0,MARGIN CALL ($0)
91,2,0.0,25,3,22,1.0,-100.0,12.0,MARGIN CALL ($0)
91,3,0.0,20,3,17,1.0,-100.0,15.0,MARGIN CALL ($0)
91,4,0.0,20,3,17,1.0,-100.0,15.0,MARGIN CALL ($0)
91,5,0.0,21,3,18,1.0,-100.0,14.285714285714285,MARGIN CALL ($0)
91,6,0.0,18,3,15,1.0,-100.0,16.666666666666664,MARGIN CALL ($0)
91,7,0.0,18,3,15,1.0,-100.0,16.666666666666664,MARGIN CALL ($0)
91,8,0.0,21,3,18,1.0,-100.0,14.285714285714285,MARGIN CALL ($0)
91,9,0.0,26,4,22,1.0,-100.0,15.384615384615385,MARGIN CALL ($0)
91,10,0.0,24,4,20,1.0,-100.0,16.666666666666664,MARGIN CALL ($0)
91,11,0.0,20,3,17,1.0,-100.0,15.0,MARGIN CALL ($0)
2,14,0.0,6,0,6,1.0,-100.0,0.0,MARGIN CALL ($0)
91,13,0.0,5,0,5,1.0,-100.0,0.0,MARGIN CALL ($0)
91,14,0.0,5,0,5,1.0,-100.0,0.0,MARGIN CALL ($0)
91,15,0.0,5,0,5,1.0,-100.0,0.0,MARGIN CALL ($0)
91,16,0.0,4,0,4,1.0,-100.0,0.0,MARGIN CALL ($0)
91,17,0.0,4,0,4,1.0,-100.0,0.0,MARGIN CALL ($0)
91,18,0.0,5,0,5,1.0,-100.0,0.0,MARGIN CALL ($0)
91,19,0.0,5,0,5,1.0,-100.0,0.0,MARGIN CALL ($0)
91,20,0.0,5,0,5,1.0,-100.0,0.0,MARGIN CALL ($0)
91,21,0.0,7,0,7,1.0,-100.0,0.0,MARGIN CALL ($0)
91,22,0.0,9,2,7,1.0,-100.0,22.22222222222222,MARGIN CALL ($0)
91,23,0.0,9,2,7,1.0,-100.0,22.22222222222222,MARGIN CALL ($0)
91,24,0.0,9,2,7,1.0,-100.0,22.22222222222222,MARGIN CALL ($0)
91,25,0.0,10,2,8,1.0,-100.0,20.0,MARGIN CALL ($0)
91,26,0.0,8,2,6,1.0,-100.0,25.0,MARGIN CALL ($0)
91,27,0.0,9,2,7,1.0,-100.0,22.22222222222222,MARGIN CALL ($0)
91,28,0.0,9,2,7,1.0,-100.0,22.22222222222222,MARGIN CALL ($0)
91,29,0.0,14,2,12,1.0,-100.0,14.285714285714285,MARGIN CALL ($0)
91,30,0.0,14,2,12,1.0,-100.0,14.285714285714285,MARGIN CALL ($0)
91,31,0.0,14,2,12,1.0,-100.0,14.285714285714285,MARGIN CALL ($0)
91,32,0.0,13,2,11,1.0,-100.0,15.384615384615385,MARGIN CALL ($0)
91,33,0.0,16,2,14,1.0,-100.0,12.5,MARGIN CALL ($0)
91,34,0.0,12,2,10,1.0,-100.0,16.666666666666664,MARGIN CALL ($0)
91,35,0.0,9,0,9,1.0,-100.0,0.0,MARGIN CALL ($0)
91,36,0.0,9,0,9,1.0,-100.0,0.0,MARGIN CALL ($0)
91,37,0.0,9,0,9,1.0,-100.0,0.0,MARGIN CALL ($0)
91,38,0.0,9,0,9,1.0,-100.0,0.0,MARGIN CALL ($0)
91,39,0.0,10,0,10,1.0,-100.0,0.0,MARGIN CALL ($0)
91,40,0.0,10,0,10,1.0,-100.0,0.0,MARGIN CALL ($0)
91,41,0.0,10,0,10,1.0,-100.0,0.0,MARGIN CALL ($0)
91,42,0.0,9,0,9,1.0,-100.0,0.0,MARGIN CALL ($0)
91,43,0.0,10,0,10,1.0,-100.0,0.0,MARGIN CALL ($0)
91,44,0.0,9,0,9,1.0,-100.0,0.0,MARGIN CALL ($0)
91,45,0.0,10,0,10,1.0,-100.0,0.0,MARGIN CALL ($0)
91,46,0.0,8,0,8,1.0,-100.0,0.0,MARGIN CALL ($0)
91,47,0.0,10,0,10,1.0,-100.0,0.0,MARGIN CALL ($0)
91,48,0.0,9,0,9,1.0,-100.0,0.0,MARGIN CALL ($0)
91,49,0.0,9,0,9,1.0,-100.0,0.0,MARGIN CALL ($0)
91,50,0.0,9,0,9,1.0,-100.0,0.0,MARGIN CALL ($0)
91,51,0.0,9,0,9,1.0,-100.0,0.0,MARGIN CALL ($0)
91,52,0.0,9,0,9,1.0,-100.0,0.0,MARGIN CALL ($0)
91,53,0.0,10,0,10,1.0,-100.0,0.0,MARGIN CALL ($0)
91,54,0.0,10,0,10,1.0,-100.0,0.0,MARGIN CALL ($0)
91,55,0.0,9,0,9,1.0,-100.0,0.0,MARGIN CALL ($0)
91,56,0.0,9,0,9,1.0,-100.0,0.0,MARGIN CALL ($0)
91,57,0.0,12,1,11,1.0,-100.0,8.333333333333332,MARGIN CALL ($0)
91,58,0.0,10,0,10,1.0,-100.0,0.0,MARGIN CALL ($0)
91,59,0.0,9,0,9,1.0,-100.0,0.0,MARGIN CALL ($0)
91,60,0.0,10,1,9,1.0,-100.0,10.0,MARGIN CALL ($0)
91,61,0.0,10,1,9,1.0,-100.0,10.0,MARGIN CALL ($0)
91,62,0.0,10,1,9,1.0,-100.0,10.0,MARGIN CALL ($0)
91,63,0.0,10,1,9,1.0,-100.0,10.0,MARGIN CALL ($0)
91,64,0.0,10,1,9,1.0,-100.0,10.0,MARGIN CALL ($0)
91,65,0.0,9,0,9,1.0,-100.0,0.0,MARGIN CALL ($0)
91,66,0.0,9,0,9,1.0,-100.0,0.0,MARGIN CALL ($0)
91,67,0.0,8,0,8,1.0,-100.0,0.0,MARGIN CALL ($0)
91,68,0.0,8,0,8,1.0,-100.0,0.0,MARGIN CALL ($0)
91,69,0.0,8,0,8,1.0,-100.0,0.0,MARGIN CALL ($0)
91,70,0.0,8,0,8,1.0,-100.0,0.0,MARGIN CALL ($0)
91,71,0.0,8,0,8,1.0,-100.0,0.0,MARGIN CALL ($0)
91,72,0.0,8,0,8,1.0,-100.0,0.0,MARGIN CALL ($0)
91,73,0.0,8,0,8,1.0,-100.0,0.0,MARGIN CALL ($0)
91,74,0.0,8,0,8,1.0,-100.0,0.0,MARGIN CALL ($0)
91,75,0.0,8,0,8,1.0,-100.0,0.0,MARGIN CALL ($0)
91,76,0.0,9,0,9,1.0,-100.0,0.0,MARGIN CALL ($0)
91,77,0.0,8,0,8,1.0,-100.0,0.0,MARGIN CALL ($0)
91,78,0.0,9,0,9,1.0,-100.0,0.0,MARGIN CALL ($0)
91,79,0.0,9,0,9,1.0,-100.0,0.0,MARGIN CALL ($0)
91,80,0.0,8,0,8,1.0,-100.0,0.0,MARGIN CALL ($0)
91,81,0.0,8,0,8,1.0,-100.0,0.0,MARGIN CALL ($0)
91,82,0.0,7,0,7,1.0,-100.0,0.0,MARGIN CALL ($0)
91,83,0.0,7,0,7,1.0,-100.0,0.0,MARGIN CALL ($0)
91,84,0.0,8,0,8,1.0,-100.0,0.0,MARGIN CALL ($0)
91,85,0.0,8,0,8,1.0,-100.0,0.0,MARGIN CALL ($0)
91,86,0.0,9,0,9,1.0,-100.0,0.0,MARGIN CALL ($0)
91,87,0.0,9,0,9,1.0,-100.0,0.0,MARGIN CALL ($0)
91,88,0.0,9,0,9,1.0,-100.0,0.0,MARGIN CALL ($0)
91,89,0.0,8,0,8,1.0,-100.0,0.0,MARGIN CALL ($0)
91,90,0.0,7,0,7,1.0,-100.0,0.0,MARGIN CALL ($0)
91,91,0.0,7,0,7,1.0,-100.0,0.0,MARGIN CALL ($0)
91,92,0.0,7,0,7,1.0,-100.0,0.0,MARGIN CALL ($0)
91,93,0.0,8,0,8,1.0,-100.0,0.0,MARGIN CALL ($0)
91,94,0.0,9,0,9,1.0,-100.0,0.0,MARGIN CALL ($0)
91,95,0.0,10,0,10,1.0,-100.0,0.0,MARGIN CALL ($0)
91,96,0.0,11,0,11,1.0,-100.0,0.0,MARGIN CALL ($0)
91,97,0.0,10,0,10,1.0,-100.0,0.0,MARGIN CALL ($0)
91,98,0.0,9,0,9,1.0,-100.0,0.0,MARGIN CALL ($0)
91,99,0.0,9,0,9,1.0,-100.0,0.0,MARGIN CALL ($0)
91,100,0.0,9,0,9,1.0,-100.0,0.0,MARGIN CALL ($0)
92,1,0.0,8,0,8,1.0,-100.0,0.0,MARGIN CALL ($0)
92,2,0.0,25,3,22,1.0,-100.0,12.0,MARGIN CALL ($0)
92,3,0.0,20,3,17,1.0,-100.0,15.0,MARGIN CALL ($0)
92,4,0.0,20,3,17,1.0,-100.0,15.0,MARGIN CALL ($0)
92,5,0.0,21,3,18,1.0,-100.0,14.285714285714285,MARGIN CALL ($0)
92,6,0.0,18,3,15,1.0,-100.0,16.666666666666664,MARGIN CALL ($0)
92,7,0.0,18,3,15,1.0,-100.0,16.666666666666664,MARGIN CALL ($0)
92,8,0.0,21,3,18,1.0,-100.0,14.285714285714285,MARGIN CALL ($0)
92,9,0.0,26,4,22,1.0,-100.0,15.384615384615385,MARGIN CALL ($0)
92,10,0.0,24,4,20,1.0,-100.0,16.666666666666664,MARGIN CALL ($0)
92,11,0.0,20,3,17,1.0,-100.0,15.0,MARGIN CALL ($0)
2,15,0.0,6,0,6,1.0,-100.0,0.0,MARGIN CALL ($0)
92,13,0.0,5,0,5,1.0,-100.0,0.0,MARGIN CALL ($0)
92,14,0.0,5,0,5,1.0,-100.0,0.0,MARGIN CALL ($0)
92,15,0.0,5,0,5,1.0,-100.0,0.0,MARGIN CALL ($0)
92,16,0.0,4,0,4,1.0,-100.0,0.0,MARGIN CALL ($0)
92,17,0.0,4,0,4,1.0,-100.0,0.0,MARGIN CALL ($0)
92,18,0.0,5,0,5,1.0,-100.0,0.0,MARGIN CALL ($0)
92,19,0.0,5,0,5,1.0,-100.0,0.0,MARGIN CALL ($0)
92,20,0.0,5,0,5,1.0,-100.0,0.0,MARGIN CALL ($0)
92,21,0.0,7,0,7,1.0,-100.0,0.0,MARGIN CALL ($0)
92,22,0.0,8,1,7,1.0,-100.0,12.5,MARGIN CALL ($0)
92,23,0.0,8,1,7,1.0,-100.0,12.5,MARGIN CALL ($0)
92,24,0.0,8,1,7,1.0,-100.0,12.5,MARGIN CALL ($0)
92,25,0.0,8,2,6,1.0,-100.0,25.0,MARGIN CALL ($0)
92,26,0.0,8,2,6,1.0,-100.0,25.0,MARGIN CALL ($0)
92,27,0.0,8,2,6,1.0,-100.0,25.0,MARGIN CALL ($0)
92,28,0.0,9,2,7,1.0,-100.0,22.22222222222222,MARGIN CALL ($0)
92,29,0.0,14,2,12,1.0,-100.0,14.285714285714285,MARGIN CALL ($0)
92,30,0.0,14,2,12,1.0,-100.0,14.285714285714285,MARGIN CALL ($0)
92,31,0.0,14,2,12,1.0,-100.0,14.285714285714285,MARGIN CALL ($0)
92,32,0.0,13,2,11,1.0,-100.0,15.384615384615385,MARGIN CALL ($0)
92,33,0.0,16,2,14,1.0,-100.0,12.5,MARGIN CALL ($0)
92,34,0.0,12,2,10,1.0,-100.0,16.666666666666664,MARGIN CALL ($0)
92,35,0.0,9,0,9,1.0,-100.0,0.0,MARGIN CALL ($0)
92,36,0.0,9,0,9,1.0,-100.0,0.0,MARGIN CALL ($0)
92,37,0.0,9,0,9,1.0,-100.0,0.0,MARGIN CALL ($0)
92,38,0.0,9,0,9,1.0,-100.0,0.0,MARGIN CALL ($0)
92,39,0.0,10,0,10,1.0,-100.0,0.0,MARGIN CALL ($0)
92,40,0.0,10,0,10,1.0,-100.0,0.0,MARGIN CALL ($0)
92,41,0.0,10,0,10,1.0,-100.0,0.0,MARGIN CALL ($0)
92,42,0.0,9,0,9,1.0,-100.0,0.0,MARGIN CALL ($0)
92,43,0.0,10,0,10,1.0,-100.0,0.0,MARGIN CALL ($0)
92,44,0.0,9,0,9,1.0,-100.0,0.0,MARGIN CALL ($0)
92,45,0.0,10,0,10,1.0,-100.0,0.0,MARGIN CALL ($0)
92,46,0.0,8,0,8,1.0,-100.0,0.0,MARGIN CALL ($0)
92,47,0.0,10,0,10,1.0,-100.0,0.0,MARGIN CALL ($0)
92,48,0.0,9,0,9,1.0,-100.0,0.0,MARGIN CALL ($0)
92,49,0.0,9,0,9,1.0,-100.0,0.0,MARGIN CALL ($0)
92,50,0.0,9,0,9,1.0,-100.0,0.0,MARGIN CALL ($0)
92,51,0.0,9,0,9,1.0,-100.0,0.0,MARGIN CALL ($0)
92,52,0.0,9,0,9,1.0,-100.0,0.0,MARGIN CALL ($0)
92,53,0.0,10,0,10,1.0,-100.0,0.0,MARGIN CALL ($0)
92,54,0.0,10,0,10,1.0,-100.0,0.0,MARGIN CALL ($0)
92,55,0.0,9,0,9,1.0,-100.0,0.0,MARGIN CALL ($0)
92,56,0.0,9,0,9,1.0,-100.0,0.0,MARGIN CALL ($0)
92,57,0.0,13,1,12,1.0,-100.0,7.6923076923076925,MARGIN CALL ($0)
92,58,0.0,11,0,11,1.0,-100.0,0.0,MARGIN CALL ($0)
92,59,0.0,10,0,10,1.0,-100.0,0.0,MARGIN CALL ($0)
92,60,0.0,8,0,8,1.0,-100.0,0.0,MARGIN CALL ($0)
92,61,0.0,8,0,8,1.0,-100.0,0.0,MARGIN CALL ($0)
92,62,0.0,8,0,8,1.0,-100.0,0.0,MARGIN CALL ($0)
92,63,0.0,8,0,8,1.0,-100.0,0.0,MARGIN CALL ($0)
92,64,0.0,8,0,8,1.0,-100.0,0.0,MARGIN CALL ($0)
92,65,0.0,10,0,10,1.0,-100.0,0.0,MARGIN CALL ($0)
92,66,0.0,10,0,10,1.0,-100.0,0.0,MARGIN CALL ($0)
92,67,0.0,9,0,9,1.0,-100.0,0.0,MARGIN CALL ($0)
92,68,0.0,9,0,9,1.0,-100.0,0.0,MARGIN CALL ($0)
92,69,0.0,9,0,9,1.0,-100.0,0.0,MARGIN CALL ($0)
92,70,0.0,9,0,9,1.0,-100.0,0.0,MARGIN CALL ($0)
92,71,0.0,8,0,8,1.0,-100.0,0.0,MARGIN CALL ($0)
92,72,0.0,8,0,8,1.0,-100.0,0.0,MARGIN CALL ($0)
92,73,0.0,8,0,8,1.0,-100.0,0.0,MARGIN CALL ($0)
92,74,0.0,8,0,8,1.0,-100.0,0.0,MARGIN CALL ($0)
92,75,0.0,8,0,8,1.0,-100.0,0.0,MARGIN CALL ($0)
92,76,0.0,9,0,9,1.0,-100.0,0.0,MARGIN CALL ($0)
92,77,0.0,8,0,8,1.0,-100.0,0.0,MARGIN CALL ($0)
92,78,0.0,9,0,9,1.0,-100.0,0.0,MARGIN CALL ($0)
92,79,0.0,9,0,9,1.0,-100.0,0.0,MARGIN CALL ($0)
92,80,0.0,8,0,8,1.0,-100.0,0.0,MARGIN CALL ($0)
92,81,0.0,8,0,8,1.0,-100.0,0.0,MARGIN CALL ($0)
92,82,0.0,7,0,7,1.0,-100.0,0.0,MARGIN CALL ($0)
92,83,0.0,7,0,7,1.0,-100.0,0.0,MARGIN CALL ($0)
92,84,0.0,8,0,8,1.0,-100.0,0.0,MARGIN CALL ($0)
92,85,0.0,8,0,8,1.0,-100.0,0.0,MARGIN CALL ($0)
92,86,0.0,9,0,9,1.0,-100.0,0.0,MARGIN CALL ($0)
92,87,0.0,9,0,9,1.0,-100.0,0.0,MARGIN CALL ($0)
92,88,0.0,9,0,9,1.0,-100.0,0.0,MARGIN CALL ($0)
92,89,0.0,8,0,8,1.0,-100.0,0.0,MARGIN CALL ($0)
92,90,0.0,7,0,7,1.0,-100.0,0.0,MARGIN CALL ($0)
92,91,0.0,7,0,7,1.0,-100.0,0.0,MARGIN CALL ($0)
92,92,0.0,7,0,7,1.0,-100.0,0.0,MARGIN CALL ($0)
92,93,0.0,8,0,8,1.0,-100.0,0.0,MARGIN CALL ($0)
92,94,0.0,9,0,9,1.0,-100.0,0.0,MARGIN CALL ($0)
92,95,0.0,10,0,10,1.0,-100.0,0.0,MARGIN CALL ($0)
92,96,0.0,11,0,11,1.0,-100.0,0.0,MARGIN CALL ($0)
92,97,0.0,10,0,10,1.0,-100.0,0.0,MARGIN CALL ($0)
92,98,0.0,9,0,9,1.0,-100.0,0.0,MARGIN CALL ($0)
92,99,0.0,9,0,9,1.0,-100.0,0.0,MARGIN CALL ($0)
92,100,0.0,9,0,9,1.0,-100.0,0.0,MARGIN CALL ($0)
93,1,0.0,8,0,8,1.0,-100.0,0.0,MARGIN CALL ($0)
93,2,0.0,25,3,22,1.0,-100.0,12.0,MARGIN CALL ($0)
93,3,0.0,20,3,17,1.0,-100.0,15.0,MARGIN CALL ($0)
93,4,0.0,20,3,17,1.0,-100.0,15.0,MARGIN CALL ($0)
93,5,0.0,21,3,18,1.0,-100.0,14.285714285714285,MARGIN CALL ($0)
93,6,0.0,18,3,15,1.0,-100.0,16.666666666666664,MARGIN CALL ($0)
93,7,0.0,18,3,15,1.0,-100.0,16.666666666666664,MARGIN CALL ($0)
93,8,0.0,21,3,18,1.0,-100.0,14.285714285714285,MARGIN CALL ($0)
93,9,0.0,26,4,22,1.0,-100.0,15.384615384615385,MARGIN CALL ($0)
93,10,0.0,24,4,20,1.0,-100.0,16.666666666666664,MARGIN CALL ($0)
93,11,0.0,20,3,17,1.0,-100.0,15.0,MARGIN CALL ($0)
2,16,0.0,6,0,6,1.0,-100.0,0.0,MARGIN CALL ($0)
93,13,0.0,5,0,5,1.0,-100.0,0.0,MARGIN CALL ($0)
93,14,0.0,5,0,5,1.0,-100.0,0.0,MARGIN CALL ($0)
93,15,0.0,5,0,5,1.0,-100.0,0.0,MARGIN CALL ($0)
93,16,0.0,4,0,4,1.0,-100.0,0.0,MARGIN CALL ($0)
93,17,0.0,4,0,4,1.0,-100.0,0.0,MARGIN CALL ($0)
93,18,0.0,5,0,5,1.0,-100.0,0.0,MARGIN CALL ($0)
93,19,0.0,5,0,5,1.0,-100.0,0.0,MARGIN CALL ($0)
93,20,0.0,5,0,5,1.0,-100.0,0.0,MARGIN CALL ($0)
93,21,0.0,7,0,7,1.0,-100.0,0.0,MARGIN CALL ($0)
93,22,0.0,8,1,7,1.0,-100.0,12.5,MARGIN CALL ($0)
93,23,0.0,8,1,7,1.0,-100.0,12.5,MARGIN CALL ($0)
93,24,0.0,8,1,7,1.0,-100.0,12.5,MARGIN CALL ($0)
93,25,0.0,8,2,6,1.0,-100.0,25.0,MARGIN CALL ($0)
93,26,0.0,8,2,6,1.0,-100.0,25.0,MARGIN CALL ($0)
93,27,0.0,8,2,6,1.0,-100.0,25.0,MARGIN CALL ($0)
93,28,0.0,9,2,7,1.0,-100.0,22.22222222222222,MARGIN CALL ($0)
93,29,0.0,14,2,12,1.0,-100.0,14.285714285714285,MARGIN CALL ($0)
93,30,0.0,14,2,12,1.0,-100.0,14.285714285714285,MARGIN CALL ($0)
93,31,0.0,14,2,12,1.0,-100.0,14.285714285714285,MARGIN CALL ($0)
93,32,0.0,13,2,11,1.0,-100.0,15.384615384615385,MARGIN CALL ($0)
93,33,0.0,16,2,14,1.0,-100.0,12.5,MARGIN CALL ($0)
93,34,0.0,12,2,10,1.0,-100.0,16.666666666666664,MARGIN CALL ($0)
93,35,0.0,9,0,9,1.0,-100.0,0.0,MARGIN CALL ($0)
93,36,0.0,9,0,9,1.0,-100.0,0.0,MARGIN CALL ($0)
93,37,0.0,9,0,9,1.0,-100.0,0.0,MARGIN CALL ($0)
93,38,0.0,9,0,9,1.0,-100.0,0.0,MARGIN CALL ($0)
93,39,0.0,10,0,10,1.0,-100.0,0.0,MARGIN CALL ($0)
93,40,0.0,10,0,10,1.0,-100.0,0.0,MARGIN CALL ($0)
93,41,0.0,10,0,10,1.0,-100.0,0.0,MARGIN CALL ($0)
93,42,0.0,9,0,9,1.0,-100.0,0.0,MARGIN CALL ($0)
93,43,0.0,10,0,10,1.0,-100.0,0.0,MARGIN CALL ($0)
93,44,0.0,9,0,9,1.0,-100.0,0.0,MARGIN CALL ($0)
93,45,0.0,10,0,10,1.0,-100.0,0.0,MARGIN CALL ($0)
93,46,0.0,8,0,8,1.0,-100.0,0.0,MARGIN CALL ($0)
93,47,0.0,10,0,10,1.0,-100.0,0.0,MARGIN CALL ($0)
93,48,0.0,9,0,9,1.0,-100.0,0.0,MARGIN CALL ($0)
93,49,0.0,9,0,9,1.0,-100.0,0.0,MARGIN CALL ($0)
93,50,0.0,9,0,9,1.0,-100.0,0.0,MARGIN CALL ($0)
93,51,0.0,9,0,9,1.0,-100.0,0.0,MARGIN CALL ($0)
93,52,0.0,9,0,9,1.0,-100.0,0.0,MARGIN CALL ($0)
93,53,0.0,10,0,10,1.0,-100.0,0.0,MARGIN CALL ($0)
93,54,0.0,10,0,10,1.0,-100.0,0.0,MARGIN CALL ($0)
93,55,0.0,9,0,9,1.0,-100.0,0.0,MARGIN CALL ($0)
93,56,0.0,9,0,9,1.0,-100.0,0.0,MARGIN CALL ($0)
93,57,0.0,12,1,11,1.0,-100.0,8.333333333333332,MARGIN CALL ($0)
93,58,0.0,10,0,10,1.0,-100.0,0.0,MARGIN CALL ($0)
93,59,0.0,9,0,9,1.0,-100.0,0.0,MARGIN CALL ($0)
93,60,0.0,7,0,7,1.0,-100.0,0.0,MARGIN CALL ($0)
93,61,0.0,7,0,7,1.0,-100.0,0.0,MARGIN CALL ($0)
93,62,0.0,7,0,7,1.0,-100.0,0.0,MARGIN CALL ($0)
93,63,0.0,7,0,7,1.0,-100.0,0.0,MARGIN CALL ($0)
93,64,0.0,8,0,8,1.0,-100.0,0.0,MARGIN CALL ($0)
93,65,0.0,10,0,10,1.0,-100.0,0.0,MARGIN CALL ($0)
93,66,0.0,10,0,10,1.0,-100.0,0.0,MARGIN CALL ($0)
93,67,0.0,9,0,9,1.0,-100.0,0.0,MARGIN CALL ($0)
93,68,0.0,9,0,9,1.0,-100.0,0.0,MARGIN CALL ($0)
93,69,0.0,9,0,9,1.0,-100.0,0.0,MARGIN CALL ($0)
93,70,0.0,9,0,9,1.0,-100.0,0.0,MARGIN CALL ($0)
93,71,0.0,8,0,8,1.0,-100.0,0.0,MARGIN CALL ($0)
93,72,0.0,8,0,8,1.0,-100.0,0.0,MARGIN CALL ($0)
93,73,0.0,8,0,8,1.0,-100.0,0.0,MARGIN CALL ($0)
93,74,0.0,8,0,8,1.0,-100.0,0.0,MARGIN CALL ($0)
93,75,0.0,8,0,8,1.0,-100.0,0.0,MARGIN CALL ($0)
93,76,0.0,9,0,9,1.0,-100.0,0.0,MARGIN CALL ($0)
93,77,0.0,8,0,8,1.0,-100.0,0.0,MARGIN CALL ($0)
93,78,0.0,9,0,9,1.0,-100.0,0.0,MARGIN CALL ($0)
93,79,0.0,9,0,9,1.0,-100.0,0.0,MARGIN CALL ($0)
93,80,0.0,8,0,8,1.0,-100.0,0.0,MARGIN CALL ($0)
93,81,0.0,8,0,8,1.0,-100.0,0.0,MARGIN CALL ($0)
93,82,0.0,7,0,7,1.0,-100.0,0.0,MARGIN CALL ($0)
93,83,0.0,7,0,7,1.0,-100.0,0.0,MARGIN CALL ($0)
93,84,0.0,8,0,8,1.0,-100.0,0.0,MARGIN CALL ($0)
93,85,0.0,8,0,8,1.0,-100.0,0.0,MARGIN CALL ($0)
93,86,0.0,9,0,9,1.0,-100.0,0.0,MARGIN CALL ($0)
93,87,0.0,9,0,9,1.0,-100.0,0.0,MARGIN CALL ($0)
93,88,0.0,10,0,10,1.0,-100.0,0.0,MARGIN CALL ($0)
93,89,0.0,9,0,9,1.0,-100.0,0.0,MARGIN CALL ($0)
93,90,0.0,8,0,8,1.0,-100.0,0.0,MARGIN CALL ($0)
93,91,0.0,8,0,8,1.0,-100.0,0.0,MARGIN CALL ($0)
93,92,0.0,8,0,8,1.0,-100.0,0.0,MARGIN CALL ($0)
93,93,0.0,6,0,6,1.0,-100.0,0.0,MARGIN CALL ($0)
93,94,0.0,7,0,7,1.0,-100.0,0.0,MARGIN CALL ($0)
93,95,0.0,7,0,7,1.0,-100.0,0.0,MARGIN CALL ($0)
93,96,0.0,8,0,8,1.0,-100.0,0.0,MARGIN CALL ($0)
93,97,0.0,8,0,8,1.0,-100.0,0.0,MARGIN CALL ($0)
93,98,0.0,9,0,9,1.0,-100.0,0.0,MARGIN CALL ($0)
93,99,0.0,9,0,9,1.0,-100.0,0.0,MARGIN CALL ($0)
93,100,0.0,9,0,9,1.0,-100.0,0.0,MARGIN CALL ($0)
94,1,0.0,8,0,8,1.0,-100.0,0.0,MARGIN CALL ($0)
94,2,0.0,25,3,22,1.0,-100.0,12.0,MARGIN CALL ($0)
94,3,0.0,20,3,17,1.0,-100.0,15.0,MARGIN CALL ($0)
94,4,0.0,20,3,17,1.0,-100.0,15.0,MARGIN CALL ($0)
94,5,0.0,21,3,18,1.0,-100.0,14.285714285714285,MARGIN CALL ($0)
94,6,0.0,18,3,15,1.0,-100.0,16.666666666666664,MARGIN CALL ($0)
94,7,0.0,18,3,15,1.0,-100.0,16.666666666666664,MARGIN CALL ($0)
94,8,0.0,21,3,18,1.0,-100.0,14.285714285714285,MARGIN CALL ($0)
94,9,0.0,26,4,22,1.0,-100.0,15.384615384615385,MARGIN CALL ($0)
94,10,0.0,24,4,20,1.0,-100.0,16.666666666666664,MARGIN CALL ($0)
94,11,0.0,20,3,17,1.0,-100.0,15.0,MARGIN CALL ($0)
2,17,0.0,5,0,5,1.0,-100.0,0.0,MARGIN CALL ($0)
94,13,0.0,5,0,5,1.0,-100.0,0.0,MARGIN CALL ($0)
94,14,0.0,5,0,5,1.0,-100.0,0.0,MARGIN CALL ($0)
94,15,0.0,5,0,5,1.0,-100.0,0.0,MARGIN CALL ($0)
94,16,0.0,4,0,4,1.0,-100.0,0.0,MARGIN CALL ($0)
94,17,0.0,4,0,4,1.0,-100.0,0.0,MARGIN CALL ($0)
94,18,0.0,5,0,5,1.0,-100.0,0.0,MARGIN CALL ($0)
94,19,0.0,5,0,5,1.0,-100.0,0.0,MARGIN CALL ($0)
94,20,0.0,5,0,5,1.0,-100.0,0.0,MARGIN CALL ($0)
94,21,0.0,5,0,5,1.0,-100.0,0.0,MARGIN CALL ($0)
94,22,0.0,5,0,5,1.0,-100.0,0.0,MARGIN CALL ($0)
94,23,0.0,5,0,5,1.0,-100.0,0.0,MARGIN CALL ($0)
94,24,0.0,5,0,5,1.0,-100.0,0.0,MARGIN CALL ($0)
94,25,0.0,8,2,6,1.0,-100.0,25.0,MARGIN CALL ($0)
94,26,0.0,7,1,6,1.0,-100.0,14.285714285714285,MARGIN CALL ($0)
94,27,0.0,8,1,7,1.0,-100.0,12.5,MARGIN CALL ($0)
94,28,0.0,8,1,7,1.0,-100.0,12.5,MARGIN CALL ($0)
94,29,0.0,13,1,12,1.0,-100.0,7.6923076923076925,MARGIN CALL ($0)
94,30,0.0,13,1,12,1.0,-100.0,7.6923076923076925,MARGIN CALL ($0)
94,31,0.0,13,1,12,1.0,-100.0,7.6923076923076925,MARGIN CALL ($0)
94,32,0.0,12,1,11,1.0,-100.0,8.333333333333332,MARGIN CALL ($0)
94,33,0.0,13,1,12,1.0,-100.0,7.6923076923076925,MARGIN CALL ($0)
94,34,0.0,12,2,10,1.0,-100.0,16.666666666666664,MARGIN CALL ($0)
94,35,0.0,9,0,9,1.0,-100.0,0.0,MARGIN CALL ($0)
94,36,0.0,9,0,9,1.0,-100.0,0.0,MARGIN CALL ($0)
94,37,0.0,9,0,9,1.0,-100.0,0.0,MARGIN CALL ($0)
94,38,0.0,9,0,9,1.0,-100.0,0.0,MARGIN CALL ($0)
94,39,0.0,10,0,10,1.0,-100.0,0.0,MARGIN CALL ($0)
94,40,0.0,10,0,10,1.0,-100.0,0.0,MARGIN CALL ($0)
94,41,0.0,10,0,10,1.0,-100.0,0.0,MARGIN CALL ($0)
94,42,0.0,9,0,9,1.0,-100.0,0.0,MARGIN CALL ($0)
94,43,0.0,10,0,10,1.0,-100.0,0.0,MARGIN CALL ($0)
94,44,0.0,9,0,9,1.0,-100.0,0.0,MARGIN CALL ($0)
94,45,0.0,10,0,10,1.0,-100.0,0.0,MARGIN CALL ($0)
94,46,0.0,8,0,8,1.0,-100.0,0.0,MARGIN CALL ($0)
94,47,0.0,10,0,10,1.0,-100.0,0.0,MARGIN CALL ($0)
94,48,0.0,9,0,9,1.0,-100.0,0.0,MARGIN CALL ($0)
94,49,0.0,9,0,9,1.0,-100.0,0.0,MARGIN CALL ($0)
94,50,0.0,9,0,9,1.0,-100.0,0.0,MARGIN CALL ($0)
94,51,0.0,9,0,9,1.0,-100.0,0.0,MARGIN CALL ($0)
94,52,0.0,9,0,9,1.0,-100.0,0.0,MARGIN CALL ($0)
94,53,0.0,10,0,10,1.0,-100.0,0.0,MARGIN CALL ($0)
94,54,0.0,10,0,10,1.0,-100.0,0.0,MARGIN CALL ($0)
94,55,0.0,10,0,10,1.0,-100.0,0.0,MARGIN CALL ($0)
94,56,0.0,10,0,10,1.0,-100.0,0.0,MARGIN CALL ($0)
94,57,0.0,13,1,12,1.0,-100.0,7.6923076923076925,MARGIN CALL ($0)
94,58,0.0,9,0,9,1.0,-100.0,0.0,MARGIN CALL ($0)
94,59,0.0,10,0,10,1.0,-100.0,0.0,MARGIN CALL ($0)
94,60,0.0,8,0,8,1.0,-100.0,0.0,MARGIN CALL ($0)
94,61,0.0,8,0,8,1.0,-100.0,0.0,MARGIN CALL ($0)
94,62,0.0,8,0,8,1.0,-100.0,0.0,MARGIN CALL ($0)
94,63,0.0,8,0,8,1.0,-100.0,0.0,MARGIN CALL ($0)
94,64,0.0,9,0,9,1.0,-100.0,0.0,MARGIN CALL ($0)
94,65,0.0,11,0,11,1.0,-100.0,0.0,MARGIN CALL ($0)
94,66,0.0,11,0,11,1.0,-100.0,0.0,MARGIN CALL ($0)
94,67,0.0,10,0,10,1.0,-100.0,0.0,MARGIN CALL ($0)
94,68,0.0,10,0,10,1.0,-100.0,0.0,MARGIN CALL ($0)
94,69,0.0,10,0,10,1.0,-100.0,0.0,MARGIN CALL ($0)
94,70,0.0,10,0,10,1.0,-100.0,0.0,MARGIN CALL ($0)
94,71,0.0,9,0,9,1.0,-100.0,0.0,MARGIN CALL ($0)
94,72,0.0,9,0,9,1.0,-100.0,0.0,MARGIN CALL ($0)
94,73,0.0,9,0,9,1.0,-100.0,0.0,MARGIN CALL ($0)
94,74,0.0,9,0,9,1.0,-100.0,0.0,MARGIN CALL ($0)
94,75,0.0,9,0,9,1.0,-100.0,0.0,MARGIN CALL ($0)
94,76,0.0,10,0,10,1.0,-100.0,0.0,MARGIN CALL ($0)
94,77,0.0,9,0,9,1.0,-100.0,0.0,MARGIN CALL ($0)
94,78,0.0,10,0,10,1.0,-100.0,0.0,MARGIN CALL ($0)
94,79,0.0,10,0,10,1.0,-100.0,0.0,MARGIN CALL ($0)
94,80,0.0,8,0,8,1.0,-100.0,0.0,MARGIN CALL ($0)
94,81,0.0,8,0,8,1.0,-100.0,0.0,MARGIN CALL ($0)
94,82,0.0,8,0,8,1.0,-100.0,0.0,MARGIN CALL ($0)
94,83,0.0,8,0,8,1.0,-100.0,0.0,MARGIN CALL ($0)
94,84,0.0,8,0,8,1.0,-100.0,0.0,MARGIN CALL ($0)
94,85,0.0,8,0,8,1.0,-100.0,0.0,MARGIN CALL ($0)
94,86,0.0,9,0,9,1.0,-100.0,0.0,MARGIN CALL ($0)
94,87,0.0,9,0,9,1.0,-100.0,0.0,MARGIN CALL ($0)
94,88,0.0,10,0,10,1.0,-100.0,0.0,MARGIN CALL ($0)
94,89,0.0,10,0,10,1.0,-100.0,0.0,MARGIN CALL ($0)
94,90,0.0,9,0,9,1.0,-100.0,0.0,MARGIN CALL ($0)
94,91,0.0,9,0,9,1.0,-100.0,0.0,MARGIN CALL ($0)
94,92,0.0,9,0,9,1.0,-100.0,0.0,MARGIN CALL ($0)
94,93,0.0,7,0,7,1.0,-100.0,0.0,MARGIN CALL ($0)
94,94,0.0,6,0,6,1.0,-100.0,0.0,MARGIN CALL ($0)
94,95,0.0,6,0,6,1.0,-100.0,0.0,MARGIN CALL ($0)
94,96,0.0,7,0,7,1.0,-100.0,0.0,MARGIN CALL ($0)
94,97,0.0,7,0,7,1.0,-100.0,0.0,MARGIN CALL ($0)
94,98,0.0,8,0,8,1.0,-100.0,0.0,MARGIN CALL ($0)
94,99,0.0,8,0,8,1.0,-100.0,0.0,MARGIN CALL ($0)
94,100,0.0,8,0,8,1.0,-100.0,0.0,MARGIN CALL ($0)
95,1,0.0,8,0,8,1.0,-100.0,0.0,MARGIN CALL ($0)
95,2,0.0,25,3,22,1.0,-100.0,12.0,MARGIN CALL ($0)
95,3,0.0,20,3,17,1.0,-100.0,15.0,MARGIN CALL ($0)
95,4,0.0,20,3,17,1.0,-100.0,15.0,MARGIN CALL ($0)
95,5,0.0,21,3,18,1.0,-100.0,14.285714285714285,MARGIN CALL ($0)
95,6,0.0,18,3,15,1.0,-100.0,16.666666666666664,MARGIN CALL ($0)
95,7,0.0,18,3,15,1.0,-100.0,16.666666666666664,MARGIN CALL ($0)
95,8,0.0,21,3,18,1.0,-100.0,14.285714285714285,MARGIN CALL ($0)
95,9,0.0,26,4,22,1.0,-100.0,15.384615384615385,MARGIN CALL ($0)
95,10,0.0,24,4,20,1.0,-100.0,16.666666666666664,MARGIN CALL ($0)
95,11,0.0,20,3,17,1.0,-100.0,15.0,MARGIN CALL ($0)
2,18,0.0,5,0,5,1.0,-100.0,0.0,MARGIN CALL ($0)
95,13,0.0,5,0,5,1.0,-100.0,0.0,MARGIN CALL ($0)
95,14,0.0,5,0,5,1.0,-100.0,0.0,MARGIN CALL ($0)
95,15,0.0,5,0,5,1.0,-100.0,0.0,MARGIN CALL ($0)
95,16,0.0,4,0,4,1.0,-100.0,0.0,MARGIN CALL ($0)
95,17,0.0,4,0,4,1.0,-100.0,0.0,MARGIN CALL ($0)
95,18,0.0,5,0,5,1.0,-100.0,0.0,MARGIN CALL ($0)
95,19,0.0,5,0,5,1.0,-100.0,0.0,MARGIN CALL ($0)
95,20,0.0,5,0,5,1.0,-100.0,0.0,MARGIN CALL ($0)
95,21,0.0,5,0,5,1.0,-100.0,0.0,MARGIN CALL ($0)
95,22,0.0,5,0,5,1.0,-100.0,0.0,MARGIN CALL ($0)
95,23,0.0,5,0,5,1.0,-100.0,0.0,MARGIN CALL ($0)
95,24,0.0,5,0,5,1.0,-100.0,0.0,MARGIN CALL ($0)
95,25,0.0,8,2,6,1.0,-100.0,25.0,MARGIN CALL ($0)
95,26,0.0,7,1,6,1.0,-100.0,14.285714285714285,MARGIN CALL ($0)
95,27,0.0,8,1,7,1.0,-100.0,12.5,MARGIN CALL ($0)
95,28,0.0,8,1,7,1.0,-100.0,12.5,MARGIN CALL ($0)
95,29,0.0,13,1,12,1.0,-100.0,7.6923076923076925,MARGIN CALL ($0)
95,30,0.0,13,1,12,1.0,-100.0,7.6923076923076925,MARGIN CALL ($0)
95,31,0.0,13,1,12,1.0,-100.0,7.6923076923076925,MARGIN CALL ($0)
95,32,0.0,13,1,12,1.0,-100.0,7.6923076923076925,MARGIN CALL ($0)
95,33,0.0,14,1,13,1.0,-100.0,7.142857142857142,MARGIN CALL ($0)
95,34,0.0,12,2,10,1.0,-100.0,16.666666666666664,MARGIN CALL ($0)
95,35,0.0,9,0,9,1.0,-100.0,0.0,MARGIN CALL ($0)
95,36,0.0,9,0,9,1.0,-100.0,0.0,MARGIN CALL ($0)
95,37,0.0,9,0,9,1.0,-100.0,0.0,MARGIN CALL ($0)
95,38,0.0,9,0,9,1.0,-100.0,0.0,MARGIN CALL ($0)
95,39,0.0,10,0,10,1.0,-100.0,0.0,MARGIN CALL ($0)
95,40,0.0,10,0,10,1.0,-100.0,0.0,MARGIN CALL ($0)
95,41,0.0,10,0,10,1.0,-100.0,0.0,MARGIN CALL ($0)
95,42,0.0,9,0,9,1.0,-100.0,0.0,MARGIN CALL ($0)
95,43,0.0,10,0,10,1.0,-100.0,0.0,MARGIN CALL ($0)
95,44,0.0,9,0,9,1.0,-100.0,0.0,MARGIN CALL ($0)
95,45,0.0,10,0,10,1.0,-100.0,0.0,MARGIN CALL ($0)
95,46,0.0,8,0,8,1.0,-100.0,0.0,MARGIN CALL ($0)
95,47,0.0,10,0,10,1.0,-100.0,0.0,MARGIN CALL ($0)
95,48,0.0,9,0,9,1.0,-100.0,0.0,MARGIN CALL ($0)
95,49,0.0,9,0,9,1.0,-100.0,0.0,MARGIN CALL ($0)
95,50,0.0,9,0,9,1.0,-100.0,0.0,MARGIN CALL ($0)
95,51,0.0,10,0,10,1.0,-100.0,0.0,MARGIN CALL ($0)
95,52,0.0,10,0,10,1.0,-100.0,0.0,MARGIN CALL ($0)
95,53,0.0,11,0,11,1.0,-100.0,0.0,MARGIN CALL ($0)
95,54,0.0,11,0,11,1.0,-100.0,0.0,MARGIN CALL ($0)
95,55,0.0,11,0,11,1.0,-100.0,0.0,MARGIN CALL ($0)
95,56,0.0,11,0,11,1.0,-100.0,0.0,MARGIN CALL ($0)
95,57,0.0,13,1,12,1.0,-100.0,7.6923076923076925,MARGIN CALL ($0)
95,58,0.0,9,0,9,1.0,-100.0,0.0,MARGIN CALL ($0)
95,59,0.0,10,0,10,1.0,-100.0,0.0,MARGIN CALL ($0)
95,60,0.0,8,0,8,1.0,-100.0,0.0,MARGIN CALL ($0)
95,61,0.0,8,0,8,1.0,-100.0,0.0,MARGIN CALL ($0)
95,62,0.0,8,0,8,1.0,-100.0,0.0,MARGIN CALL ($0)
95,63,0.0,8,0,8,1.0,-100.0,0.0,MARGIN CALL ($0)
95,64,0.0,10,0,10,1.0,-100.0,0.0,MARGIN CALL ($0)
95,65,0.0,12,0,12,1.0,-100.0,0.0,MARGIN CALL ($0)
95,66,0.0,12,0,12,1.0,-100.0,0.0,MARGIN CALL ($0)
95,67,0.0,11,0,11,1.0,-100.0,0.0,MARGIN CALL ($0)
95,68,0.0,11,0,11,1.0,-100.0,0.0,MARGIN CALL ($0)
95,69,0.0,11,0,11,1.0,-100.0,0.0,MARGIN CALL ($0)
95,70,0.0,11,0,11,1.0,-100.0,0.0,MARGIN CALL ($0)
95,71,0.0,10,0,10,1.0,-100.0,0.0,MARGIN CALL ($0)
95,72,0.0,10,0,10,1.0,-100.0,0.0,MARGIN CALL ($0)
95,73,0.0,10,0,10,1.0,-100.0,0.0,MARGIN CALL ($0)
95,74,0.0,10,0,10,1.0,-100.0,0.0,MARGIN CALL ($0)
95,75,0.0,10,0,10,1.0,-100.0,0.0,MARGIN CALL ($0)
95,76,0.0,11,0,11,1.0,-100.0,0.0,MARGIN CALL ($0)
95,77,0.0,10,0,10,1.0,-100.0,0.0,MARGIN CALL ($0)
95,78,0.0,11,0,11,1.0,-100.0,0.0,MARGIN CALL ($0)
95,79,0.0,11,0,11,1.0,-100.0,0.0,MARGIN CALL ($0)
95,80,0.0,9,0,9,1.0,-100.0,0.0,MARGIN CALL ($0)
95,81,0.0,9,0,9,1.0,-100.0,0.0,MARGIN CALL ($0)
95,82,0.0,9,0,9,1.0,-100.0,0.0,MARGIN CALL ($0)
95,83,0.0,9,0,9,1.0,-100.0,0.0,MARGIN CALL ($0)
95,84,0.0,9,0,9,1.0,-100.0,0.0,MARGIN CALL ($0)
95,85,0.0,9,0,9,1.0,-100.0,0.0,MARGIN CALL ($0)
95,86,0.0,9,0,9,1.0,-100.0,0.0,MARGIN CALL ($0)
95,87,0.0,9,0,9,1.0,-100.0,0.0,MARGIN CALL ($0)
95,88,0.0,11,0,11,1.0,-100.0,0.0,MARGIN CALL ($0)
95,89,0.0,11,0,11,1.0,-100.0,0.0,MARGIN CALL ($0)
95,90,0.0,10,0,10,1.0,-100.0,0.0,MARGIN CALL ($0)
95,91,0.0,10,0,10,1.0,-100.0,0.0,MARGIN CALL ($0)
95,92,0.0,10,0,10,1.0,-100.0,0.0,MARGIN CALL ($0)
95,93,0.0,7,0,7,1.0,-100.0,0.0,MARGIN CALL ($0)
95,94,0.0,6,0,6,1.0,-100.0,0.0,MARGIN CALL ($0)
95,95,0.0,6,0,6,1.0,-100.0,0.0,MARGIN CALL ($0)
95,96,0.0,7,0,7,1.0,-100.0,0.0,MARGIN CALL ($0)
95,97,0.0,7,0,7,1.0,-100.0,0.0,MARGIN CALL ($0)
95,98,0.0,8,0,8,1.0,-100.0,0.0,MARGIN CALL ($0)
95,99,0.0,8,0,8,1.0,-100.0,0.0,MARGIN CALL ($0)
95,100,0.0,8,0,8,1.0,-100.0,0.0,MARGIN CALL ($0)
96,1,0.0,8,0,8,1.0,-100.0,0.0,MARGIN CALL ($0)
96,2,0.0,25,3,22,1.0,-100.0,12.0,MARGIN CALL ($0)
96,3,0.0,20,3,17,1.0,-100.0,15.0,MARGIN CALL ($0)
96,4,0.0,20,3,17,1.0,-100.0,15.0,MARGIN CALL ($0)
96,5,0.0,21,3,18,1.0,-100.0,14.285714285714285,MARGIN CALL ($0)
96,6,0.0,18,3,15,1.0,-100.0,16.666666666666664,MARGIN CALL ($0)
96,7,0.0,18,3,15,1.0,-100.0,16.666666666666664,MARGIN CALL ($0)
96,8,0.0,19,3,16,1.0,-100.0,15.789473684210526,MARGIN CALL ($0)
96,9,0.0,19,3,16,1.0,-100.0,15.789473684210526,MARGIN CALL ($0)
96,10,0.0,22,4,18,1.0,-100.0,18.181818181818183,MARGIN CALL ($0)
96,11,0.0,17,3,14,1.0,-100.0,17.647058823529413,MARGIN CALL ($0)
96,12,0.0,23,4,19,1.0,-100.0,17.391304347826086,MARGIN CALL ($0)
96,13,0.0,5,0,5,1.0,-100.0,0.0,MARGIN CALL ($0)
96,14,0.0,5,0,5,1.0,-100.0,0.0,MARGIN CALL ($0)
96,15,0.0,5,0,5,1.0,-100.0,0.0,MARGIN CALL ($0)
96,16,0.0,4,0,4,1.0,-100.0,0.0,MARGIN CALL ($0)
96,17,0.0,4,0,4,1.0,-100.0,0.0,MARGIN CALL ($0)
96,18,0.0,5,0,5,1.0,-100.0,0.0,MARGIN CALL ($0)
96,19,0.0,5,0,5,1.0,-100.0,0.0,MARGIN CALL ($0)
96,20,0.0,5,0,5,1.0,-100.0,0.0,MARGIN CALL ($0)
96,21,0.0,6,0,6,1.0,-100.0,0.0,MARGIN CALL ($0)
96,22,0.0,7,1,6,1.0,-100.0,14.285714285714285,MARGIN CALL ($0)
96,23,0.0,7,1,6,1.0,-100.0,14.285714285714285,MARGIN CALL ($0)
96,24,0.0,7,1,6,1.0,-100.0,14.285714285714285,MARGIN CALL ($0)
96,25,0.0,7,1,6,1.0,-100.0,14.285714285714285,MARGIN CALL ($0)
96,26,0.0,7,1,6,1.0,-100.0,14.285714285714285,MARGIN CALL ($0)
96,27,0.0,7,1,6,1.0,-100.0,14.285714285714285,MARGIN CALL ($0)
96,28,0.0,7,1,6,1.0,-100.0,14.285714285714285,MARGIN CALL ($0)
96,29,0.0,13,1,12,1.0,-100.0,7.6923076923076925,MARGIN CALL ($0)
96,30,0.0,13,1,12,1.0,-100.0,7.6923076923076925,MARGIN CALL ($0)
96,31,0.0,13,1,12,1.0,-100.0,7.6923076923076925,MARGIN CALL ($0)
96,32,0.0,13,1,12,1.0,-100.0,7.6923076923076925,MARGIN CALL ($0)
96,33,0.0,14,1,13,1.0,-100.0,7.142857142857142,MARGIN CALL ($0)
96,34,0.0,11,1,10,1.0,-100.0,9.090909090909092,MARGIN CALL ($0)
96,35,0.0,8,0,8,1.0,-100.0,0.0,MARGIN CALL ($0)
96,36,0.0,8,0,8,1.0,-100.0,0.0,MARGIN CALL ($0)
96,37,0.0,8,0,8,1.0,-100.0,0.0,MARGIN CALL ($0)
96,38,0.0,8,0,8,1.0,-100.0,0.0,MARGIN CALL ($0)
96,39,0.0,8,0,8,1.0,-100.0,0.0,MARGIN CALL ($0)
96,40,0.0,8,0,8,1.0,-100.0,0.0,MARGIN CALL ($0)
96,41,0.0,8,0,8,1.0,-100.0,0.0,MARGIN CALL ($0)
96,42,0.0,7,0,7,1.0,-100.0,0.0,MARGIN CALL ($0)
96,43,0.0,9,0,9,1.0,-100.0,0.0,MARGIN CALL ($0)
96,44,0.0,7,0,7,1.0,-100.0,0.0,MARGIN CALL ($0)
96,45,0.0,9,0,9,1.0,-100.0,0.0,MARGIN CALL ($0)
96,46,0.0,6,0,6,1.0,-100.0,0.0,MARGIN CALL ($0)
96,47,0.0,6,0,6,1.0,-100.0,0.0,MARGIN CALL ($0)
96,48,0.0,7,0,7,1.0,-100.0,0.0,MARGIN CALL ($0)
96,49,0.0,7,0,7,1.0,-100.0,0.0,MARGIN CALL ($0)
96,50,0.0,7,0,7,1.0,-100.0,0.0,MARGIN CALL ($0)
96,51,0.0,7,0,7,1.0,-100.0,0.0,MARGIN CALL ($0)
96,52,0.0,7,0,7,1.0,-100.0,0.0,MARGIN CALL ($0)
96,53,0.0,10,0,10,1.0,-100.0,0.0,MARGIN CALL ($0)
96,54,0.0,10,0,10,1.0,-100.0,0.0,MARGIN CALL ($0)
96,55,0.0,10,0,10,1.0,-100.0,0.0,MARGIN CALL ($0)
96,56,0.0,10,0,10,1.0,-100.0,0.0,MARGIN CALL ($0)
96,57,0.0,10,1,9,1.0,-100.0,10.0,MARGIN CALL ($0)
96,58,0.0,8,0,8,1.0,-100.0,0.0,MARGIN CALL ($0)
96,59,0.0,8,0,8,1.0,-100.0,0.0,MARGIN CALL ($0)
96,60,0.0,9,0,9,1.0,-100.0,0.0,MARGIN CALL ($0)
96,61,0.0,9,0,9,1.0,-100.0,0.0,MARGIN CALL ($0)
96,62,0.0,9,0,9,1.0,-100.0,0.0,MARGIN CALL ($0)
96,63,0.0,9,0,9,1.0,-100.0,0.0,MARGIN CALL ($0)
96,64,0.0,9,0,9,1.0,-100.0,0.0,MARGIN CALL ($0)
96,65,0.0,10,0,10,1.0,-100.0,0.0,MARGIN CALL ($0)
96,66,0.0,10,0,10,1.0,-100.0,0.0,MARGIN CALL ($0)
96,67,0.0,9,0,9,1.0,-100.0,0.0,MARGIN CALL ($0)
96,68,0.0,9,0,9,1.0,-100.0,0.0,MARGIN CALL ($0)
96,69,0.0,9,0,9,1.0,-100.0,0.0,MARGIN CALL ($0)
96,70,0.0,9,0,9,1.0,-100.0,0.0,MARGIN CALL ($0)
96,71,0.0,9,0,9,1.0,-100.0,0.0,MARGIN CALL ($0)
96,72,0.0,9,0,9,1.0,-100.0,0.0,MARGIN CALL ($0)
96,73,0.0,9,0,9,1.0,-100.0,0.0,MARGIN CALL ($0)
96,74,0.0,10,0,10,1.0,-100.0,0.0,MARGIN CALL ($0)
96,75,0.0,10,0,10,1.0,-100.0,0.0,MARGIN CALL ($0)
96,76,0.0,10,0,10,1.0,-100.0,0.0,MARGIN CALL ($0)
96,77,0.0,10,0,10,1.0,-100.0,0.0,MARGIN CALL ($0)
96,78,0.0,9,0,9,1.0,-100.0,0.0,MARGIN CALL ($0)
96,79,0.0,9,0,9,1.0,-100.0,0.0,MARGIN CALL ($0)
96,80,0.0,9,0,9,1.0,-100.0,0.0,MARGIN CALL ($0)
96,81,0.0,9,0,9,1.0,-100.0,0.0,MARGIN CALL ($0)
96,82,0.0,9,0,9,1.0,-100.0,0.0,MARGIN CALL ($0)
96,83,0.0,9,0,9,1.0,-100.0,0.0,MARGIN CALL ($0)
96,84,0.0,9,0,9,1.0,-100.0,0.0,MARGIN CALL ($0)
96,85,0.0,9,0,9,1.0,-100.0,0.0,MARGIN CALL ($0)
96,86,0.0,10,0,10,1.0,-100.0,0.0,MARGIN CALL ($0)
96,87,0.0,10,0,10,1.0,-100.0,0.0,MARGIN CALL ($0)
96,88,0.0,10,0,10,1.0,-100.0,0.0,MARGIN CALL ($0)
96,89,0.0,10,0,10,1.0,-100.0,0.0,MARGIN CALL ($0)
96,90,0.0,11,0,11,1.0,-100.0,0.0,MARGIN CALL ($0)
96,91,0.0,11,0,11,1.0,-100.0,0.0,MARGIN CALL ($0)
96,92,0.0,11,0,11,1.0,-100.0,0.0,MARGIN CALL ($0)
96,93,0.0,8,0,8,1.0,-100.0,0.0,MARGIN CALL ($0)
96,94,0.0,7,0,7,1.0,-100.0,0.0,MARGIN CALL ($0)
96,95,0.0,7,0,7,1.0,-100.0,0.0,MARGIN CALL ($0)
96,96,0.0,7,0,7,1.0,-100.0,0.0,MARGIN CALL ($0)
96,97,0.0,7,0,7,1.0,-100.0,0.0,MARGIN CALL ($0)
96,98,0.0,8,0,8,1.0,-100.0,0.0,MARGIN CALL ($0)
96,99,0.0,8,0,8,1.0,-100.0,0.0,MARGIN CALL ($0)
96,100,0.0,8,0,8,1.0,-100.0,0.0,MARGIN CALL ($0)
97,1,0.0,8,0,8,1.0,-100.0,0.0,MARGIN CALL ($0)
97,2,0.0,25,3,22,1.0,-100.0,12.0,MARGIN CALL ($0)
97,3,0.0,20,3,17,1.0,-100.0,15.0,MARGIN CALL ($0)
97,4,0.0,20,3,17,1.0,-100.0,15.0,MARGIN CALL ($0)
97,5,0.0,21,3,18,1.0,-100.0,14.285714285714285,MARGIN CALL ($0)
97,6,0.0,18,3,15,1.0,-100.0,16.666666666666664,MARGIN CALL ($0)
97,7,0.0,18,3,15,1.0,-100.0,16.666666666666664,MARGIN CALL ($0)
97,8,0.0,19,3,16,1.0,-100.0,15.789473684210526,MARGIN CALL ($0)
97,9,0.0,19,3,16,1.0,-100.0,15.789473684210526,MARGIN CALL ($0)
97,10,0.0,24,4,20,1.0,-100.0,16.666666666666664,MARGIN CALL ($0)
97,11,0.0,19,3,16,1.0,-100.0,15.789473684210526,MARGIN CALL ($0)
2,19,0.0,6,0,6,1.0,-100.0,0.0,MARGIN CALL ($0)
97,13,0.0,5,0,5,1.0,-100.0,0.0,MARGIN CALL ($0)
97,14,0.0,5,0,5,1.0,-100.0,0.0,MARGIN CALL ($0)
97,15,0.0,5,0,5,1.0,-100.0,0.0,MARGIN CALL ($0)
97,16,0.0,4,0,4,1.0,-100.0,0.0,MARGIN CALL ($0)
97,17,0.0,4,0,4,1.0,-100.0,0.0,MARGIN CALL ($0)
97,18,0.0,5,0,5,1.0,-100.0,0.0,MARGIN CALL ($0)
97,19,0.0,5,0,5,1.0,-100.0,0.0,MARGIN CALL ($0)
97,20,0.0,5,0,5,1.0,-100.0,0.0,MARGIN CALL ($0)
97,21,0.0,5,0,5,1.0,-100.0,0.0,MARGIN CALL ($0)
97,22,0.0,6,1,5,1.0,-100.0,16.666666666666664,MARGIN CALL ($0)
97,23,0.0,6,1,5,1.0,-100.0,16.666666666666664,MARGIN CALL ($0)
97,24,0.0,6,1,5,1.0,-100.0,16.666666666666664,MARGIN CALL ($0)
97,25,0.0,6,1,5,1.0,-100.0,16.666666666666664,MARGIN CALL ($0)
97,26,0.0,6,1,5,1.0,-100.0,16.666666666666664,MARGIN CALL ($0)
97,27,0.0,6,1,5,1.0,-100.0,16.666666666666664,MARGIN CALL ($0)
97,28,0.0,6,1,5,1.0,-100.0,16.666666666666664,MARGIN CALL ($0)
97,29,0.0,12,1,11,1.0,-100.0,8.333333333333332,MARGIN CALL ($0)
97,30,0.0,12,1,11,1.0,-100.0,8.333333333333332,MARGIN CALL ($0)
97,31,0.0,12,1,11,1.0,-100.0,8.333333333333332,MARGIN CALL ($0)
97,32,0.0,12,1,11,1.0,-100.0,8.333333333333332,MARGIN CALL ($0)
97,33,0.0,11,1,10,1.0,-100.0,9.090909090909092,MARGIN CALL ($0)
97,34,0.0,10,1,9,1.0,-100.0,10.0,MARGIN CALL ($0)
97,35,0.0,7,0,7,1.0,-100.0,0.0,MARGIN CALL ($0)
97,36,0.0,7,0,7,1.0,-100.0,0.0,MARGIN CALL ($0)
97,37,0.0,8,0,8,1.0,-100.0,0.0,MARGIN CALL ($0)
97,38,0.0,8,0,8,1.0,-100.0,0.0,MARGIN CALL ($0)
97,39,0.0,8,0,8,1.0,-100.0,0.0,MARGIN CALL ($0)
97,40,0.0,9,0,9,1.0,-100.0,0.0,MARGIN CALL ($0)
97,41,0.0,9,0,9,1.0,-100.0,0.0,MARGIN CALL ($0)
97,42,0.0,7,0,7,1.0,-100.0,0.0,MARGIN CALL ($0)
97,43,0.0,7,0,7,1.0,-100.0,0.0,MARGIN CALL ($0)
97,44,0.0,7,0,7,1.0,-100.0,0.0,MARGIN CALL ($0)
97,45,0.0,8,0,8,1.0,-100.0,0.0,MARGIN CALL ($0)
97,46,0.0,8,0,8,1.0,-100.0,0.0,MARGIN CALL ($0)
97,47,0.0,8,0,8,1.0,-100.0,0.0,MARGIN CALL ($0)
97,48,0.0,7,0,7,1.0,-100.0,0.0,MARGIN CALL ($0)
97,49,0.0,7,0,7,1.0,-100.0,0.0,MARGIN CALL ($0)
97,50,0.0,7,0,7,1.0,-100.0,0.0,MARGIN CALL ($0)
97,51,0.0,7,0,7,1.0,-100.0,0.0,MARGIN CALL ($0)
97,52,0.0,7,0,7,1.0,-100.0,0.0,MARGIN CALL ($0)
97,53,0.0,9,0,9,1.0,-100.0,0.0,MARGIN CALL ($0)
97,54,0.0,9,0,9,1.0,-100.0,0.0,MARGIN CALL ($0)
97,55,0.0,9,0,9,1.0,-100.0,0.0,MARGIN CALL ($0)
97,56,0.0,9,0,9,1.0,-100.0,0.0,MARGIN CALL ($0)
97,57,0.0,10,1,9,1.0,-100.0,10.0,MARGIN CALL ($0)
97,58,0.0,8,0,8,1.0,-100.0,0.0,MARGIN CALL ($0)
97,59,0.0,9,0,9,1.0,-100.0,0.0,MARGIN CALL ($0)
97,60,0.0,7,0,7,1.0,-100.0,0.0,MARGIN CALL ($0)
97,61,0.0,8,0,8,1.0,-100.0,0.0,MARGIN CALL ($0)
97,62,0.0,8,0,8,1.0,-100.0,0.0,MARGIN CALL ($0)
97,63,0.0,8,0,8,1.0,-100.0,0.0,MARGIN CALL ($0)
97,64,0.0,8,0,8,1.0,-100.0,0.0,MARGIN CALL ($0)
97,65,0.0,9,0,9,1.0,-100.0,0.0,MARGIN CALL ($0)
97,66,0.0,9,0,9,1.0,-100.0,0.0,MARGIN CALL ($0)
97,67,0.0,9,0,9,1.0,-100.0,0.0,MARGIN CALL ($0)
97,68,0.0,9,0,9,1.0,-100.0,0.0,MARGIN CALL ($0)
97,69,0.0,9,0,9,1.0,-100.0,0.0,MARGIN CALL ($0)
97,70,0.0,9,0,9,1.0,-100.0,0.0,MARGIN CALL ($0)
97,71,0.0,9,0,9,1.0,-100.0,0.0,MARGIN CALL ($0)
97,72,0.0,9,0,9,1.0,-100.0,0.0,MARGIN CALL ($0)
97,73,0.0,9,0,9,1.0,-100.0,0.0,MARGIN CALL ($0)
97,74,0.0,9,0,9,1.0,-100.0,0.0,MARGIN CALL ($0)
97,75,0.0,9,0,9,1.0,-100.0,0.0,MARGIN CALL ($0)
97,76,0.0,9,0,9,1.0,-100.0,0.0,MARGIN CALL ($0)
97,77,0.0,9,0,9,1.0,-100.0,0.0,MARGIN CALL ($0)
97,78,0.0,8,0,8,1.0,-100.0,0.0,MARGIN CALL ($0)
97,79,0.0,11,0,11,1.0,-100.0,0.0,MARGIN CALL ($0)
97,80,0.0,9,0,9,1.0,-100.0,0.0,MARGIN CALL ($0)
97,81,0.0,9,0,9,1.0,-100.0,0.0,MARGIN CALL ($0)
97,82,0.0,8,0,8,1.0,-100.0,0.0,MARGIN CALL ($0)
97,83,0.0,8,0,8,1.0,-100.0,0.0,MARGIN CALL ($0)
97,84,0.0,9,0,9,1.0,-100.0,0.0,MARGIN CALL ($0)
97,85,0.0,9,0,9,1.0,-100.0,0.0,MARGIN CALL ($0)
97,86,0.0,10,0,10,1.0,-100.0,0.0,MARGIN CALL ($0)
97,87,0.0,10,0,10,1.0,-100.0,0.0,MARGIN CALL ($0)
97,88,0.0,10,0,10,1.0,-100.0,0.0,MARGIN CALL ($0)
97,89,0.0,10,0,10,1.0,-100.0,0.0,MARGIN CALL ($0)
97,90,0.0,10,0,10,1.0,-100.0,0.0,MARGIN CALL ($0)
97,91,0.0,10,0,10,1.0,-100.0,0.0,MARGIN CALL ($0)
97,92,0.0,10,0,10,1.0,-100.0,0.0,MARGIN CALL ($0)
97,93,0.0,8,0,8,1.0,-100.0,0.0,MARGIN CALL ($0)
97,94,0.0,7,0,7,1.0,-100.0,0.0,MARGIN CALL ($0)
97,95,0.0,7,0,7,1.0,-100.0,0.0,MARGIN CALL ($0)
97,96,0.0,7,0,7,1.0,-100.0,0.0,MARGIN CALL ($0)
97,97,0.0,5,0,5,1.0,-100.0,0.0,MARGIN CALL ($0)
97,98,0.0,6,0,6,1.0,-100.0,0.0,MARGIN CALL ($0)
97,99,0.0,6,0,6,1.0,-100.0,0.0,MARGIN CALL ($0)
97,100,0.0,6,0,6,1.0,-100.0,0.0,MARGIN CALL ($0)
98,1,0.0,8,0,8,1.0,-100.0,0.0,MARGIN CALL ($0)
98,2,0.0,25,3,22,1.0,-100.0,12.0,MARGIN CALL ($0)
98,3,0.0,20,3,17,1.0,-100.0,15.0,MARGIN CALL ($0)
98,4,0.0,20,3,17,1.0,-100.0,15.0,MARGIN CALL ($0)
98,5,0.0,21,3,18,1.0,-100.0,14.285714285714285,MARGIN CALL ($0)
98,6,0.0,18,3,15,1.0,-100.0,16.666666666666664,MARGIN CALL ($0)
98,7,0.0,18,3,15,1.0,-100.0,16.666666666666664,MARGIN CALL ($0)
98,8,0.0,19,3,16,1.0,-100.0,15.789473684210526,MARGIN CALL ($0)
98,9,0.0,19,3,16,1.0,-100.0,15.789473684210526,MARGIN CALL ($0)
98,10,0.0,24,4,20,1.0,-100.0,16.666666666666664,MARGIN CALL ($0)
98,11,0.0,19,3,16,1.0,-100.0,15.789473684210526,MARGIN CALL ($0)
2,20,0.0,6,0,6,1.0,-100.0,0.0,MARGIN CALL ($0)
98,13,0.0,5,0,5,1.0,-100.0,0.0,MARGIN CALL ($0)
98,14,0.0,5,0,5,1.0,-100.0,0.0,MARGIN CALL ($0)
98,15,0.0,5,0,5,1.0,-100.0,0.0,MARGIN CALL ($0)
98,16,0.0,4,0,4,1.0,-100.0,0.0,MARGIN CALL ($0)
98,17,0.0,4,0,4,1.0,-100.0,0.0,MARGIN CALL ($0)
98,18,0.0,5,0,5,1.0,-100.0,0.0,MARGIN CALL ($0)
98,19,0.0,5,0,5,1.0,-100.0,0.0,MARGIN CALL ($0)
98,20,0.0,5,0,5,1.0,-100.0,0.0,MARGIN CALL ($0)
98,21,0.0,5,0,5,1.0,-100.0,0.0,MARGIN CALL ($0)
98,22,0.0,6,1,5,1.0,-100.0,16.666666666666664,MARGIN CALL ($0)
98,23,0.0,6,1,5,1.0,-100.0,16.666666666666664,MARGIN CALL ($0)
98,24,0.0,6,1,5,1.0,-100.0,16.666666666666664,MARGIN CALL ($0)
98,25,0.0,6,1,5,1.0,-100.0,16.666666666666664,MARGIN CALL ($0)
98,26,0.0,6,1,5,1.0,-100.0,16.666666666666664,MARGIN CALL ($0)
98,27,0.0,6,1,5,1.0,-100.0,16.666666666666664,MARGIN CALL ($0)
98,28,0.0,6,1,5,1.0,-100.0,16.666666666666664,MARGIN CALL ($0)
98,29,0.0,12,1,11,1.0,-100.0,8.333333333333332,MARGIN CALL ($0)
98,30,0.0,11,1,10,1.0,-100.0,9.090909090909092,MARGIN CALL ($0)
98,31,0.0,11,1,10,1.0,-100.0,9.090909090909092,MARGIN CALL ($0)
98,32,0.0,11,1,10,1.0,-100.0,9.090909090909092,MARGIN CALL ($0)
98,33,0.0,11,1,10,1.0,-100.0,9.090909090909092,MARGIN CALL ($0)
98,34,0.0,10,1,9,1.0,-100.0,10.0,MARGIN CALL ($0)
98,35,0.0,7,0,7,1.0,-100.0,0.0,MARGIN CALL ($0)
98,36,0.0,7,0,7,1.0,-100.0,0.0,MARGIN CALL ($0)
98,37,0.0,8,0,8,1.0,-100.0,0.0,MARGIN CALL ($0)
98,38,0.0,8,0,8,1.0,-100.0,0.0,MARGIN CALL ($0)
98,39,0.0,8,0,8,1.0,-100.0,0.0,MARGIN CALL ($0)
98,40,0.0,9,0,9,1.0,-100.0,0.0,MARGIN CALL ($0)
98,41,0.0,9,0,9,1.0,-100.0,0.0,MARGIN CALL ($0)
98,42,0.0,7,0,7,1.0,-100.0,0.0,MARGIN CALL ($0)
98,43,0.0,7,0,7,1.0,-100.0,0.0,MARGIN CALL ($0)
98,44,0.0,7,0,7,1.0,-100.0,0.0,MARGIN CALL ($0)
98,45,0.0,8,0,8,1.0,-100.0,0.0,MARGIN CALL ($0)
98,46,0.0,8,0,8,1.0,-100.0,0.0,MARGIN CALL ($0)
98,47,0.0,8,0,8,1.0,-100.0,0.0,MARGIN CALL ($0)
98,48,0.0,7,0,7,1.0,-100.0,0.0,MARGIN CALL ($0)
98,49,0.0,7,0,7,1.0,-100.0,0.0,MARGIN CALL ($0)
98,50,0.0,7,0,7,1.0,-100.0,0.0,MARGIN CALL ($0)
98,51,0.0,7,0,7,1.0,-100.0,0.0,MARGIN CALL ($0)
98,52,0.0,7,0,7,1.0,-100.0,0.0,MARGIN CALL ($0)
98,53,0.0,9,0,9,1.0,-100.0,0.0,MARGIN CALL ($0)
98,54,0.0,9,0,9,1.0,-100.0,0.0,MARGIN CALL ($0)
98,55,0.0,9,0,9,1.0,-100.0,0.0,MARGIN CALL ($0)
98,56,0.0,9,0,9,1.0,-100.0,0.0,MARGIN CALL ($0)
98,57,0.0,10,1,9,1.0,-100.0,10.0,MARGIN CALL ($0)
98,58,0.0,8,0,8,1.0,-100.0,0.0,MARGIN CALL ($0)
98,59,0.0,8,0,8,1.0,-100.0,0.0,MARGIN CALL ($0)
98,60,0.0,8,0,8,1.0,-100.0,0.0,MARGIN CALL ($0)
98,61,0.0,7,0,7,1.0,-100.0,0.0,MARGIN CALL ($0)
98,62,0.0,7,0,7,1.0,-100.0,0.0,MARGIN CALL ($0)
98,63,0.0,7,0,7,1.0,-100.0,0.0,MARGIN CALL ($0)
98,64,0.0,8,0,8,1.0,-100.0,0.0,MARGIN CALL ($0)
98,65,0.0,9,0,9,1.0,-100.0,0.0,MARGIN CALL ($0)
98,66,0.0,9,0,9,1.0,-100.0,0.0,MARGIN CALL ($0)
98,67,0.0,8,0,8,1.0,-100.0,0.0,MARGIN CALL ($0)
98,68,0.0,8,0,8,1.0,-100.0,0.0,MARGIN CALL ($0)
98,69,0.0,8,0,8,1.0,-100.0,0.0,MARGIN CALL ($0)
98,70,0.0,8,0,8,1.0,-100.0,0.0,MARGIN CALL ($0)
98,71,0.0,8,0,8,1.0,-100.0,0.0,MARGIN CALL ($0)
98,72,0.0,8,0,8,1.0,-100.0,0.0,MARGIN CALL ($0)
98,73,0.0,8,0,8,1.0,-100.0,0.0,MARGIN CALL ($0)
98,74,0.0,9,0,9,1.0,-100.0,0.0,MARGIN CALL ($0)
98,75,0.0,9,0,9,1.0,-100.0,0.0,MARGIN CALL ($0)
98,76,0.0,9,0,9,1.0,-100.0,0.0,MARGIN CALL ($0)
98,77,0.0,9,0,9,1.0,-100.0,0.0,MARGIN CALL ($0)
98,78,0.0,10,0,10,1.0,-100.0,0.0,MARGIN CALL ($0)
98,79,0.0,10,0,10,1.0,-100.0,0.0,MARGIN CALL ($0)
98,80,0.0,8,0,8,1.0,-100.0,0.0,MARGIN CALL ($0)
98,81,0.0,8,0,8,1.0,-100.0,0.0,MARGIN CALL ($0)
98,82,0.0,7,0,7,1.0,-100.0,0.0,MARGIN CALL ($0)
98,83,0.0,7,0,7,1.0,-100.0,0.0,MARGIN CALL ($0)
98,84,0.0,8,0,8,1.0,-100.0,0.0,MARGIN CALL ($0)
98,85,0.0,8,0,8,1.0,-100.0,0.0,MARGIN CALL ($0)
98,86,0.0,9,0,9,1.0,-100.0,0.0,MARGIN CALL ($0)
98,87,0.0,9,0,9,1.0,-100.0,0.0,MARGIN CALL ($0)
98,88,0.0,10,0,10,1.0,-100.0,0.0,MARGIN CALL ($0)
98,89,0.0,10,0,10,1.0,-100.0,0.0,MARGIN CALL ($0)
98,90,0.0,9,0,9,1.0,-100.0,0.0,MARGIN CALL ($0)
98,91,0.0,9,0,9,1.0,-100.0,0.0,MARGIN CALL ($0)
98,92,0.0,9,0,9,1.0,-100.0,0.0,MARGIN CALL ($0)
98,93,0.0,9,0,9,1.0,-100.0,0.0,MARGIN CALL ($0)
98,94,0.0,8,0,8,1.0,-100.0,0.0,MARGIN CALL ($0)
98,95,0.0,8,0,8,1.0,-100.0,0.0,MARGIN CALL ($0)
98,96,0.0,8,0,8,1.0,-100.0,0.0,MARGIN CALL ($0)
98,97,0.0,6,0,6,1.0,-100.0,0.0,MARGIN CALL ($0)
98,98,0.0,6,0,6,1.0,-100.0,0.0,MARGIN CALL ($0)
98,99,0.0,6,0,6,1.0,-100.0,0.0,MARGIN CALL ($0)
98,100,0.0,6,0,6,1.0,-100.0,0.0,MARGIN CALL ($0)
99,1,0.0,8,0,8,1.0,-100.0,0.0,MARGIN CALL ($0)
99,2,0.0,25,3,22,1.0,-100.0,12.0,MARGIN CALL ($0)
99,3,0.0,20,3,17,1.0,-100.0,15.0,MARGIN CALL ($0)
99,4,0.0,20,3,17,1.0,-100.0,15.0,MARGIN CALL ($0)
99,5,0.0,21,3,18,1.0,-100.0,14.285714285714285,MARGIN CALL ($0)
99,6,0.0,18,3,15,1.0,-100.0,16.666666666666664,MARGIN CALL ($0)
99,7,0.0,18,3,15,1.0,-100.0,16.666666666666664,MARGIN CALL ($0)
99,8,0.0,19,3,16,1.0,-100.0,15.789473684210526,MARGIN CALL ($0)
99,9,0.0,19,3,16,1.0,-100.0,15.789473684210526,MARGIN CALL ($0)
99,10,0.0,24,4,20,1.0,-100.0,16.666666666666664,MARGIN CALL ($0)
99,11,0.0,19,3,16,1.0,-100.0,15.789473684210526,MARGIN CALL ($0)
2,21,0.0,6,0,6,1.0,-100.0,0.0,MARGIN CALL ($0)
99,13,0.0,5,0,5,1.0,-100.0,0.0,MARGIN CALL ($0)
99,14,0.0,5,0,5,1.0,-100.0,0.0,MARGIN CALL ($0)
99,15,0.0,5,0,5,1.0,-100.0,0.0,MARGIN CALL ($0)
99,16,0.0,4,0,4,1.0,-100.0,0.0,MARGIN CALL ($0)
99,17,0.0,4,0,4,1.0,-100.0,0.0,MARGIN CALL ($0)
99,18,0.0,5,0,5,1.0,-100.0,0.0,MARGIN CALL ($0)
99,19,0.0,5,0,5,1.0,-100.0,0.0,MARGIN CALL ($0)
99,20,0.0,5,0,5,1.0,-100.0,0.0,MARGIN CALL ($0)
99,21,0.0,5,0,5,1.0,-100.0,0.0,MARGIN CALL ($0)
99,22,0.0,6,1,5,1.0,-100.0,16.666666666666664,MARGIN CALL ($0)
99,23,0.0,6,1,5,1.0,-100.0,16.666666666666664,MARGIN CALL ($0)
99,24,0.0,6,1,5,1.0,-100.0,16.666666666666664,MARGIN CALL ($0)
99,25,0.0,6,1,5,1.0,-100.0,16.666666666666664,MARGIN CALL ($0)
99,26,0.0,6,1,5,1.0,-100.0,16.666666666666664,MARGIN CALL ($0)
99,27,0.0,6,1,5,1.0,-100.0,16.666666666666664,MARGIN CALL ($0)
99,28,0.0,6,1,5,1.0,-100.0,16.666666666666664,MARGIN CALL ($0)
99,29,0.0,12,1,11,1.0,-100.0,8.333333333333332,MARGIN CALL ($0)
99,30,0.0,11,1,10,1.0,-100.0,9.090909090909092,MARGIN CALL ($0)
99,31,0.0,11,1,10,1.0,-100.0,9.090909090909092,MARGIN CALL ($0)
99,32,0.0,11,1,10,1.0,-100.0,9.090909090909092,MARGIN CALL ($0)
99,33,0.0,11,1,10,1.0,-100.0,9.090909090909092,MARGIN CALL ($0)
99,34,0.0,10,1,9,1.0,-100.0,10.0,MARGIN CALL ($0)
99,35,0.0,7,0,7,1.0,-100.0,0.0,MARGIN CALL ($0)
99,36,0.0,7,0,7,1.0,-100.0,0.0,MARGIN CALL ($0)
99,37,0.0,8,0,8,1.0,-100.0,0.0,MARGIN CALL ($0)
99,38,0.0,8,0,8,1.0,-100.0,0.0,MARGIN CALL ($0)
99,39,0.0,8,0,8,1.0,-100.0,0.0,MARGIN CALL ($0)
99,40,0.0,9,0,9,1.0,-100.0,0.0,MARGIN CALL ($0)
99,41,0.0,9,0,9,1.0,-100.0,0.0,MARGIN CALL ($0)
99,42,0.0,7,0,7,1.0,-100.0,0.0,MARGIN CALL ($0)
99,43,0.0,7,0,7,1.0,-100.0,0.0,MARGIN CALL ($0)
99,44,0.0,7,0,7,1.0,-100.0,0.0,MARGIN CALL ($0)
99,45,0.0,8,0,8,1.0,-100.0,0.0,MARGIN CALL ($0)
99,46,0.0,8,0,8,1.0,-100.0,0.0,MARGIN CALL ($0)
99,47,0.0,8,0,8,1.0,-100.0,0.0,MARGIN CALL ($0)
99,48,0.0,7,0,7,1.0,-100.0,0.0,MARGIN CALL ($0)
99,49,0.0,7,0,7,1.0,-100.0,0.0,MARGIN CALL ($0)
99,50,0.0,7,0,7,1.0,-100.0,0.0,MARGIN CALL ($0)
99,51,0.0,7,0,7,1.0,-100.0,0.0,MARGIN CALL ($0)
99,52,0.0,7,0,7,1.0,-100.0,0.0,MARGIN CALL ($0)
99,53,0.0,9,0,9,1.0,-100.0,0.0,MARGIN CALL ($0)
99,54,0.0,9,0,9,1.0,-100.0,0.0,MARGIN CALL ($0)
99,55,0.0,9,0,9,1.0,-100.0,0.0,MARGIN CALL ($0)
99,56,0.0,9,0,9,1.0,-100.0,0.0,MARGIN CALL ($0)
99,57,0.0,10,1,9,1.0,-100.0,10.0,MARGIN CALL ($0)
99,58,0.0,8,0,8,1.0,-100.0,0.0,MARGIN CALL ($0)
99,59,0.0,8,0,8,1.0,-100.0,0.0,MARGIN CALL ($0)
99,60,0.0,7,0,7,1.0,-100.0,0.0,MARGIN CALL ($0)
99,61,0.0,7,0,7,1.0,-100.0,0.0,MARGIN CALL ($0)
99,62,0.0,7,0,7,1.0,-100.0,0.0,MARGIN CALL ($0)
99,63,0.0,7,0,7,1.0,-100.0,0.0,MARGIN CALL ($0)
99,64,0.0,8,0,8,1.0,-100.0,0.0,MARGIN CALL ($0)
99,65,0.0,9,0,9,1.0,-100.0,0.0,MARGIN CALL ($0)
99,66,0.0,9,0,9,1.0,-100.0,0.0,MARGIN CALL ($0)
99,67,0.0,8,0,8,1.0,-100.0,0.0,MARGIN CALL ($0)
99,68,0.0,8,0,8,1.0,-100.0,0.0,MARGIN CALL ($0)
99,69,0.0,8,0,8,1.0,-100.0,0.0,MARGIN CALL ($0)
99,70,0.0,8,0,8,1.0,-100.0,0.0,MARGIN CALL ($0)
99,71,0.0,8,0,8,1.0,-100.0,0.0,MARGIN CALL ($0)
99,72,0.0,8,0,8,1.0,-100.0,0.0,MARGIN CALL ($0)
99,73,0.0,8,0,8,1.0,-100.0,0.0,MARGIN CALL ($0)
99,74,0.0,9,0,9,1.0,-100.0,0.0,MARGIN CALL ($0)
99,75,0.0,9,0,9,1.0,-100.0,0.0,MARGIN CALL ($0)
99,76,0.0,9,0,9,1.0,-100.0,0.0,MARGIN CALL ($0)
99,77,0.0,9,0,9,1.0,-100.0,0.0,MARGIN CALL ($0)
99,78,0.0,10,0,10,1.0,-100.0,0.0,MARGIN CALL ($0)
99,79,0.0,10,0,10,1.0,-100.0,0.0,MARGIN CALL ($0)
99,80,0.0,8,0,8,1.0,-100.0,0.0,MARGIN CALL ($0)
99,81,0.0,8,0,8,1.0,-100.0,0.0,MARGIN CALL ($0)
99,82,0.0,7,0,7,1.0,-100.0,0.0,MARGIN CALL ($0)
99,83,0.0,7,0,7,1.0,-100.0,0.0,MARGIN CALL ($0)
99,84,0.0,8,0,8,1.0,-100.0,0.0,MARGIN CALL ($0)
99,85,0.0,8,0,8,1.0,-100.0,0.0,MARGIN CALL ($0)
99,86,0.0,9,0,9,1.0,-100.0,0.0,MARGIN CALL ($0)
99,87,0.0,9,0,9,1.0,-100.0,0.0,MARGIN CALL ($0)
99,88,0.0,10,0,10,1.0,-100.0,0.0,MARGIN CALL ($0)
99,89,0.0,10,0,10,1.0,-100.0,0.0,MARGIN CALL ($0)
99,90,0.0,9,0,9,1.0,-100.0,0.0,MARGIN CALL ($0)
99,91,0.0,9,0,9,1.0,-100.0,0.0,MARGIN CALL ($0)
99,92,0.0,9,0,9,1.0,-100.0,0.0,MARGIN CALL ($0)
99,93,0.0,9,0,9,1.0,-100.0,0.0,MARGIN CALL ($0)
99,94,0.0,8,0,8,1.0,-100.0,0.0,MARGIN CALL ($0)
99,95,0.0,8,0,8,1.0,-100.0,0.0,MARGIN CALL ($0)
99,96,0.0,8,0,8,1.0,-100.0,0.0,MARGIN CALL ($0)
99,97,0.0,6,0,6,1.0,-100.0,0.0,MARGIN CALL ($0)
99,98,0.0,6,0,6,1.0,-100.0,0.0,MARGIN CALL ($0)
99,99,0.0,6,0,6,1.0,-100.0,0.0,MARGIN CALL ($0)
99,100,0.0,6,0,6,1.0,-100.0,0.0,MARGIN CALL ($0)
100,1,0.0,8,0,8,1.0,-100.0,0.0,MARGIN CALL ($0)
100,2,0.0,25,3,22,1.0,-100.0,12.0,MARGIN CALL ($0)
100,3,0.0,20,3,17,1.0,-100.0,15.0,MARGIN CALL ($0)
100,4,0.0,20,3,17,1.0,-100.0,15.0,MARGIN CALL ($0)
100,5,0.0,21,3,18,1.0,-100.0,14.285714285714285,MARGIN CALL ($0)
100,6,0.0,18,3,15,1.0,-100.0,16.666666666666664,MARGIN CALL ($0)
100,7,0.0,18,3,15,1.0,-100.0,16.666666666666664,MARGIN CALL ($0)
100,8,0.0,19,3,16,1.0,-100.0,15.789473684210526,MARGIN CALL ($0)
100,9,0.0,19,3,16,1.0,-100.0,15.789473684210526,MARGIN CALL ($0)
100,10,0.0,24,4,20,1.0,-100.0,16.666666666666664,MARGIN CALL ($0)
100,11,0.0,19,3,16,1.0,-100.0,15.789473684210526,MARGIN CALL ($0)
2,22,0.0,6,0,6,1.0,-100.0,0.0,MARGIN CALL ($0)
100,13,0.0,5,0,5,1.0,-100.0,0.0,MARGIN CALL ($0)
100,14,0.0,5,0,5,1.0,-100.0,0.0,MARGIN CALL ($0)
100,15,0.0,5,0,5,1.0,-100.0,0.0,MARGIN CALL ($0)
100,16,0.0,4,0,4,1.0,-100.0,0.0,MARGIN CALL ($0)
100,17,0.0,4,0,4,1.0,-100.0,0.0,MARGIN CALL ($0)
100,18,0.0,5,0,5,1.0,-100.0,0.0,MARGIN CALL ($0)
100,19,0.0,5,0,5,1.0,-100.0,0.0,MARGIN CALL ($0)
100,20,0.0,5,0,5,1.0,-100.0,0.0,MARGIN CALL ($0)
100,21,0.0,5,0,5,1.0,-100.0,0.0,MARGIN CALL ($0)
100,22,0.0,6,1,5,1.0,-100.0,16.666666666666664,MARGIN CALL ($0)
100,23,0.0,6,1,5,1.0,-100.0,16.666666666666664,MARGIN CALL ($0)
100,24,0.0,6,1,5,1.0,-100.0,16.666666666666664,MARGIN CALL ($0)
100,25,0.0,6,1,5,1.0,-100.0,16.666666666666664,MARGIN CALL ($0)
100,26,0.0,6,1,5,1.0,-100.0,16.666666666666664,MARGIN CALL ($0)
100,27,0.0,6,1,5,1.0,-100.0,16.666666666666664,MARGIN CALL ($0)
100,28,0.0,6,1,5,1.0,-100.0,16.666666666666664,MARGIN CALL ($0)
100,29,0.0,12,1,11,1.0,-100.0,8.333333333333332,MARGIN CALL ($0)
100,30,0.0,11,1,10,1.0,-100.0,9.090909090909092,MARGIN CALL ($0)
100,31,0.0,11,1,10,1.0,-100.0,9.090909090909092,MARGIN CALL ($0)
100,32,0.0,11,1,10,1.0,-100.0,9.090909090909092,MARGIN CALL ($0)
100,33,0.0,11,1,10,1.0,-100.0,9.090909090909092,MARGIN CALL ($0)
100,34,0.0,10,1,9,1.0,-100.0,10.0,MARGIN CALL ($0)
100,35,0.0,7,0,7,1.0,-100.0,0.0,MARGIN CALL ($0)
100,36,0.0,7,0,7,1.0,-100.0,0.0,MARGIN CALL ($0)
100,37,0.0,8,0,8,1.0,-100.0,0.0,MARGIN CALL ($0)
100,38,0.0,8,0,8,1.0,-100.0,0.0,MARGIN CALL ($0)
100,39,0.0,8,0,8,1.0,-100.0,0.0,MARGIN CALL ($0)
100,40,0.0,8,0,8,1.0,-100.0,0.0,MARGIN CALL ($0)
100,41,0.0,8,0,8,1.0,-100.0,0.0,MARGIN CALL ($0)
100,42,0.0,7,0,7,1.0,-100.0,0.0,MARGIN CALL ($0)
100,43,0.0,7,0,7,1.0,-100.0,0.0,MARGIN CALL ($0)
100,44,0.0,7,0,7,1.0,-100.0,0.0,MARGIN CALL ($0)
100,45,0.0,8,0,8,1.0,-100.0,0.0,MARGIN CALL ($0)
100,46,0.0,8,0,8,1.0,-100.0,0.0,MARGIN CALL ($0)
100,47,0.0,8,0,8,1.0,-100.0,0.0,MARGIN CALL ($0)
100,48,0.0,7,0,7,1.0,-100.0,0.0,MARGIN CALL ($0)
100,49,0.0,7,0,7,1.0,-100.0,0.0,MARGIN CALL ($0)
100,50,0.0,7,0,7,1.0,-100.0,0.0,MARGIN CALL ($0)
100,51,0.0,7,0,7,1.0,-100.0,0.0,MARGIN CALL ($0)
100,52,0.0,7,0,7,1.0,-100.0,0.0,MARGIN CALL ($0)
100,53,0.0,9,0,9,1.0,-100.0,0.0,MARGIN CALL ($0)
100,54,0.0,9,0,9,1.0,-100.0,0.0,MARGIN CALL ($0)
100,55,0.0,9,0,9,1.0,-100.0,0.0,MARGIN CALL ($0)
100,56,0.0,9,0,9,1.0,-100.0,0.0,MARGIN CALL ($0)
100,57,0.0,10,1,9,1.0,-100.0,10.0,MARGIN CALL ($0)
100,58,0.0,8,0,8,1.0,-100.0,0.0,MARGIN CALL ($0)
100,59,0.0,8,0,8,1.0,-100.0,0.0,MARGIN CALL ($0)
100,60,0.0,7,0,7,1.0,-100.0,0.0,MARGIN CALL ($0)
100,61,0.0,7,0,7,1.0,-100.0,0.0,MARGIN CALL ($0)
100,62,0.0,7,0,7,1.0,-100.0,0.0,MARGIN CALL ($0)
100,63,0.0,7,0,7,1.0,-100.0,0.0,MARGIN CALL ($0)
100,64,0.0,8,0,8,1.0,-100.0,0.0,MARGIN CALL ($0)
100,65,0.0,9,0,9,1.0,-100.0,0.0,MARGIN CALL ($0)
100,66,0.0,9,0,9,1.0,-100.0,0.0,MARGIN CALL ($0)
100,67,0.0,8,0,8,1.0,-100.0,0.0,MARGIN CALL ($0)
100,68,0.0,8,0,8,1.0,-100.0,0.0,MARGIN CALL ($0)
1,1,0.0,8,0,8,1.0,-100.0,0.0,MARGIN CALL ($0)
1,2,0.0,25,3,22,1.0,-100.0,12.0,MARGIN CALL ($0)
1,3,0.0,18,3,15,1.0,-100.0,16.666666666666664,MARGIN CALL ($0)
1,4,0.0,18,3,15,1.0,-100.0,16.666666666666664,MARGIN CALL ($0)
1,5,0.0,19,3,16,1.0,-100.0,15.789473684210526,MARGIN CALL ($0)
1,6,0.0,18,3,15,1.0,-100.0,16.666666666666664,MARGIN CALL ($0)
1,7,0.0,16,3,13,1.0,-100.0,18.75,MARGIN CALL ($0)
1,8,0.0,18,3,15,1.0,-100.0,16.666666666666664,MARGIN CALL ($0)
1,9,0.0,15,3,12,1.0,-100.0,20.0,MARGIN CALL ($0)
1,10,0.0,15,3,12,1.0,-100.0,20.0,MARGIN CALL ($0)
1,11,0.0,16,3,13,1.0,-100.0,18.75,MARGIN CALL ($0)
1,12,0.0,13,3,10,1.0,-100.0,23.076923076923077,MARGIN CALL ($0)
1,13,0.0,6,0,6,1.0,-100.0,0.0,MARGIN CALL ($0)
1,14,0.0,5,0,5,1.0,-100.0,0.0,MARGIN CALL ($0)
1,15,0.0,5,0,5,1.0,-100.0,0.0,MARGIN CALL ($0)
1,16,0.0,5,0,5,1.0,-100.0,0.0,MARGIN CALL ($0)
100,69,0.0,8,0,8,1.0,-100.0,0.0,MARGIN CALL ($0)
100,70,0.0,8,0,8,1.0,-100.0,0.0,MARGIN CALL ($0)
100,71,0.0,8,0,8,1.0,-100.0,0.0,MARGIN CALL ($0)
100,72,0.0,8,0,8,1.0,-100.0,0.0,MARGIN CALL ($0)
100,73,0.0,8,0,8,1.0,-100.0,0.0,MARGIN CALL ($0)
100,74,0.0,9,0,9,1.0,-100.0,0.0,MARGIN CALL ($0)
100,75,0.0,9,0,9,1.0,-100.0,0.0,MARGIN CALL ($0)
100,76,0.0,9,0,9,1.0,-100.0,0.0,MARGIN CALL ($0)
100,77,0.0,9,0,9,1.0,-100.0,0.0,MARGIN CALL ($0)
100,78,0.0,10,0,10,1.0,-100.0,0.0,MARGIN CALL ($0)
100,79,0.0,10,0,10,1.0,-100.0,0.0,MARGIN CALL ($0)
100,80,0.0,8,0,8,1.0,-100.0,0.0,MARGIN CALL ($0)
100,81,0.0,8,0,8,1.0,-100.0,0.0,MARGIN CALL ($0)
100,82,0.0,7,0,7,1.0,-100.0,0.0,MARGIN CALL ($0)
100,83,0.0,7,0,7,1.0,-100.0,0.0,MARGIN CALL ($0)
100,84,0.0,8,0,8,1.0,-100.0,0.0,MARGIN CALL ($0)
