MA_Fast,MA_Slow,Final_Balance,Total_Trades,Win_Trades,Loss_Trades,Is_MC,Net_Profit,Win_Rate_%,Status
97,23,5441.206739310885,14746,3117,11629,0.0,5341.206739310885,21.137935711379356,SURVIVED (PROFIT)
96,23,5023.6291306752055,14759,3131,11628,0.0,4923.6291306752055,21.21417440205976,SURVIVED (PROFIT)
99,19,4976.260526490435,16727,3698,13029,0.0,4876.260526490435,22.10796915167095,SURVIVED (PROFIT)
100,19,4958.354052848647,16726,3695,13031,0.0,4858.354052848647,22.091354776993903,SURVIVED (PROFIT)
95,23,4855.8593045501575,14732,3112,11620,0.0,4755.8593045501575,21.1240836274776,SURVIVED (PROFIT)
93,23,4755.002087188815,14712,3102,11610,0.0,4655.002087188815,21.08482871125612,SURVIVED (PROFIT)
49,21,4733.831809515839,16060,3409,12651,0.0,4633.831809515839,21.2266500622665,SURVIVED (PROFIT)
94,23,4624.318956781864,14741,3115,11626,0.0,4524.318956781864,21.13153788752459,SURVIVED (PROFIT)
92,23,4436.77017412131,14769,3120,11649,0.0,4336.77017412131,21.125330083282552,SURVIVED (PROFIT)
17,21,4241.020429021098,17201,3698,13503,0.0,4141.020429021098,21.498750072670195,SURVIVED (PROFIT)
59,37,4154.461540456566,10184,1763,8421,0.0,4054.4615404565657,17.311468970934797,SURVIVED (PROFIT)
91,23,4024.182913234742,14755,3107,11648,0.0,3924.182913234742,21.057268722466958,SURVIVED (PROFIT)
63,37,3901.0349459105378,10290,1823,8467,0.0,3801.0349459105378,17.716229348882408,SURVIVED (PROFIT)
58,37,3858.4832972153968,10179,1759,8420,0.0,3758.4832972153968,17.280675901365555,SURVIVED (PROFIT)
41,37,3810.129054260289,8963,1418,7545,0.0,3710.129054260289,15.820595782662055,SURVIVED (PROFIT)
36,36,3789.5620000002837,7580,1173,6407,0.0,3689.5620000002837,15.474934036939313,SURVIVED (PROFIT)
36,37,3788.693756630457,8090,1263,6827,0.0,3688.693756630457,15.611866501854141,SURVIVED (PROFIT)
37,37,3782.2370000002725,7460,1159,6301,0.0,3682.2370000002725,15.536193029490617,SURVIVED (PROFIT)
40,37,3781.973702816523,8632,1352,7280,0.0,3681.973702816523,15.66265060240964,SURVIVED (PROFIT)
64,37,3767.0165134410586,10246,1819,8427,0.0,3667.0165134410586,17.75326956861214,SURVIVED (PROFIT)
43,37,3717.039324339584,9530,1527,8003,0.0,3617.039324339584,16.02308499475341,SURVIVED (PROFIT)
100,37,3665.7733515916957,10554,1949,8605,0.0,3565.7733515916957,18.466931968921735,SURVIVED (PROFIT)
56,37,3550.483081152852,10191,1743,8448,0.0,3450.483081152852,17.103326464527523,SURVIVED (PROFIT)
35,37,3479.0076754794623,8768,1387,7381,0.0,3379.0076754794623,15.81888686131387,SURVIVED (PROFIT)
42,37,3459.5804866310477,9278,1471,7807,0.0,3359.5804866310477,15.854710066824746,SURVIVED (PROFIT)
62,37,3413.4455135025482,10242,1807,8435,0.0,3313.4455135025482,17.643038469049014,SURVIVED (PROFIT)
57,37,3374.8127837703355,10178,1740,8438,0.0,3274.8127837703355,17.095696600510905,SURVIVED (PROFIT)
99,37,3345.7001353364685,10558,1937,8621,0.0,3245.7001353364685,18.346277704110626,SURVIVED (PROFIT)
38,37,3303.1141622222626,7858,1238,6620,0.0,3203.1141622222626,15.754644947823873,SURVIVED (PROFIT)
98,37,3296.531135300431,10549,1946,8603,0.0,3196.531135300431,18.447246184472462,SURVIVED (PROFIT)
61,37,3286.41740543586,10228,1803,8425,0.0,3186.41740543586,17.628079780993353,SURVIVED (PROFIT)
38,40,3243.7944498187544,8119,1236,6883,0.0,3143.7944498187544,15.2235496982387,SURVIVED (PROFIT)
39,37,3238.2369189962906,8264,1286,6978,0.0,3138.2369189962906,15.561471442400773,SURVIVED (PROFIT)
43,38,3231.828552672535,9097,1416,7681,0.0,3131.828552672535,15.565571067384854,SURVIVED (PROFIT)
49,37,3198.544865075152,10082,1690,8392,0.0,3098.544865075152,16.76254711366792,SURVIVED (PROFIT)
60,37,3193.5706757362605,10218,1779,8439,0.0,3093.5706757362605,17.41045214327657,SURVIVED (PROFIT)
58,38,3134.3138419809015,9955,1688,8267,0.0,3034.3138419809015,16.956303365143143,SURVIVED (PROFIT)
21,20,3115.973350100606,13474,2671,10803,0.0,3015.973350100606,19.82336351491762,SURVIVED (PROFIT)
37,38,3114.5569473761498,7868,1225,6643,0.0,3014.5569473761498,15.569395017793594,SURVIVED (PROFIT)
59,38,3033.7607629943072,10004,1706,8298,0.0,2933.7607629943072,17.0531787285086,SURVIVED (PROFIT)
20,21,3027.7332382544605,13470,2706,10764,0.0,2927.7332382544605,20.089086859688194,SURVIVED (PROFIT)
41,38,2973.771921266999,8447,1302,7145,0.0,2873.771921266999,15.413756363205872,SURVIVED (PROFIT)
63,38,2966.477447274882,10055,1766,8289,0.0,2866.477447274882,17.56340129288911,SURVIVED (PROFIT)
66,37,2960.8757296361,10321,1847,8474,0.0,2860.8757296361,17.89555275651584,SURVIVED (PROFIT)
45,37,2902.928297364031,9999,1622,8377,0.0,2802.928297364031,16.22162216221622,SURVIVED (PROFIT)
38,43,2896.1189300282813,9050,1394,7656,0.0,2796.1189300282813,15.403314917127073,SURVIVED (PROFIT)
33,38,2862.0483419509765,10317,1712,8605,0.0,2762.0483419509765,16.59397111563439,SURVIVED (PROFIT)
34,37,2856.3681078822633,9458,1528,7930,0.0,2756.3681078822633,16.155635440896596,SURVIVED (PROFIT)
46,37,2848.2630271454364,10091,1659,8432,0.0,2748.2630271454364,16.440392428897038,SURVIVED (PROFIT)
38,41,2846.499194964697,8500,1303,7197,0.0,2746.499194964697,15.329411764705883,SURVIVED (PROFIT)
38,39,2801.464333199888,7737,1184,6553,0.0,2701.464333199888,15.303089052604369,SURVIVED (PROFIT)
42,38,2800.6192896523194,8779,1355,7424,0.0,2700.6192896523194,15.434559744845656,SURVIVED (PROFIT)
64,38,2798.257526196133,10034,1766,8268,0.0,2698.257526196133,17.600159457843333,SURVIVED (PROFIT)
50,37,2792.360973099301,10139,1703,8436,0.0,2692.360973099301,16.796528257224576,SURVIVED (PROFIT)
97,38,2791.52523685077,10232,1864,8368,0.0,2691.52523685077,18.21735731039875,SURVIVED (PROFIT)
56,38,2758.805999973988,9950,1678,8272,0.0,2658.805999973988,16.8643216080402,SURVIVED (PROFIT)
40,38,2726.888342206471,8103,1228,6875,0.0,2626.888342206471,15.154880908305564,SURVIVED (PROFIT)
66,38,2723.867157688907,10095,1781,8314,0.0,2623.867157688907,17.64239722634968,SURVIVED (PROFIT)
51,37,2708.1810271458235,10077,1686,8391,0.0,2608.1810271458235,16.73116999106877,SURVIVED (PROFIT)
61,38,2604.1637631219933,10030,1741,8289,0.0,2504.1637631219933,17.357926221335994,SURVIVED (PROFIT)
62,38,2588.2387631120096,10031,1744,8287,0.0,2488.2387631120096,17.386103080450603,SURVIVED (PROFIT)
57,38,2579.2923420094544,9932,1673,8259,0.0,2479.2923420094544,16.844542891663313,SURVIVED (PROFIT)
53,38,2547.9752368795207,9896,1629,8267,0.0,2447.9752368795207,16.461196443007275,SURVIVED (PROFIT)
54,38,2527.2573421276425,9887,1632,8255,0.0,2427.2573421276425,16.50652371801355,SURVIVED (PROFIT)
96,38,2494.9981843100345,10210,1866,8344,0.0,2394.9981843100345,18.276199804113613,SURVIVED (PROFIT)
39,38,2471.832789484016,7714,1172,6542,0.0,2371.832789484016,15.193155302048226,SURVIVED (PROFIT)
98,38,2457.7760264141357,10254,1859,8395,0.0,2357.7760264141357,18.129510434952216,SURVIVED (PROFIT)
60,38,2451.8736315501005,10047,1720,8327,0.0,2351.8736315501005,17.11953817059819,SURVIVED (PROFIT)
85,37,2399.702999947909,10522,1892,8630,0.0,2299.702999947909,17.981372362668694,SURVIVED (PROFIT)
38,38,2374.1390000002684,7298,1117,6181,0.0,2274.1390000002684,15.305563167991231,SURVIVED (PROFIT)
95,38,2282.844447401689,10229,1855,8374,0.0,2182.844447401689,18.134715025906736,SURVIVED (PROFIT)
94,37,2264.7302704611066,10504,1923,8581,0.0,2164.7302704611066,18.307311500380806,SURVIVED (PROFIT)
55,38,2186.1088684422966,9935,1645,8290,0.0,2086.1088684422966,16.557624559637645,SURVIVED (PROFIT)
88,37,2146.0479188928666,10515,1903,8612,0.0,2046.0479188928666,18.097955301949593,SURVIVED (PROFIT)
45,38,2123.467131648356,9604,1518,8086,0.0,2023.467131648356,15.80591420241566,SURVIVED (PROFIT)
46,38,2119.2435527598623,9749,1554,8195,0.0,2019.2435527598623,15.940096420145656,SURVIVED (PROFIT)
51,38,2095.776605303399,9845,1633,8212,0.0,1995.7766053033988,16.5871000507872,SURVIVED (PROFIT)
49,38,2091.815079108991,9811,1614,8197,0.0,1991.815079108991,16.45092243400265,SURVIVED (PROFIT)
86,37,2043.1438918553054,10487,1893,8594,0.0,1943.1438918553054,18.050920186898065,SURVIVED (PROFIT)
84,37,2027.742081038869,10511,1873,8638,0.0,1927.742081038869,17.81942726667301,SURVIVED (PROFIT)
94,38,2013.7072106322007,10220,1841,8379,0.0,1913.7072106322007,18.013698630136986,SURVIVED (PROFIT)
87,37,1980.6371080598346,10505,1901,8604,0.0,1880.6371080598346,18.096144693003332,SURVIVED (PROFIT)
50,38,1903.5281579688763,9895,1641,8254,0.0,1803.5281579688763,16.58413340070743,SURVIVED (PROFIT)
91,37,1722.1305946874954,10489,1911,8578,0.0,1622.1305946874954,18.219086662217563,SURVIVED (PROFIT)
83,38,1688.1065261737194,10202,1831,8371,0.0,1588.1065261737194,17.94746128210155,SURVIVED (PROFIT)
93,38,1647.5166842421568,10195,1839,8356,0.0,1547.5166842421568,18.03825404610103,SURVIVED (PROFIT)
85,38,1641.3634999610558,10239,1838,8401,0.0,1541.3634999610558,17.950971774587362,SURVIVED (PROFIT)
52,38,1579.0351316438794,9842,1609,8233,0.0,1479.0351316438794,16.34830319040845,SURVIVED (PROFIT)
88,38,1474.5397367970736,10248,1844,8404,0.0,1374.5397367970736,17.993754879000782,SURVIVED (PROFIT)
92,38,1465.0267369708567,10186,1832,8354,0.0,1365.0267369708567,17.985470253288828,SURVIVED (PROFIT)
84,38,1368.8255526103492,10220,1821,8399,0.0,1268.8255526103492,17.818003913894326,SURVIVED (PROFIT)
86,38,1229.8510789090005,10212,1833,8379,0.0,1129.8510789090005,17.949471210340775,SURVIVED (PROFIT)
87,38,1182.2827104833964,10222,1837,8385,0.0,1082.2827104833964,17.97104284875758,SURVIVED (PROFIT)
91,38,1138.827631658267,10193,1844,8349,0.0,1038.827631658267,18.090846659472188,SURVIVED (PROFIT)
89,38,1129.6976315817842,10244,1846,8398,0.0,1029.6976315817842,18.02030456852792,SURVIVED (PROFIT)
90,38,875.8373421580911,10202,1823,8379,0.0,775.8373421580911,17.86904528523819,SURVIVED (PROFIT)
1,62,0.0,1277,350,927,1.0,-100.0,27.4079874706343,MARGIN CALL ($0)
1,63,0.0,1846,514,1332,1.0,-100.0,27.843986998916577,MARGIN CALL ($0)
1,64,0.0,2453,692,1761,1.0,-100.0,28.210354667753773,MARGIN CALL ($0)
1,65,0.0,2413,667,1746,1.0,-100.0,27.641939494405303,MARGIN CALL ($0)
1,66,0.0,1824,498,1326,1.0,-100.0,27.302631578947366,MARGIN CALL ($0)
1,67,0.0,2300,630,1670,1.0,-100.0,27.391304347826086,MARGIN CALL ($0)
1,68,0.0,75,17,58,1.0,-100.0,22.666666666666664,MARGIN CALL ($0)
1,69,0.0,74,16,58,1.0,-100.0,21.62162162162162,MARGIN CALL ($0)
1,70,0.0,64,15,49,1.0,-100.0,23.4375,MARGIN CALL ($0)
1,71,0.0,66,15,51,1.0,-100.0,22.727272727272727,MARGIN CALL ($0)
1,72,0.0,69,15,54,1.0,-100.0,21.73913043478261,MARGIN CALL ($0)
1,73,0.0,72,15,57,1.0,-100.0,20.833333333333336,MARGIN CALL ($0)
1,74,0.0,73,15,58,1.0,-100.0,20.54794520547945,MARGIN CALL ($0)
1,75,0.0,73,15,58,1.0,-100.0,20.54794520547945,MARGIN CALL ($0)
1,76,0.0,71,15,56,1.0,-100.0,21.12676056338028,MARGIN CALL ($0)
1,77,0.0,71,15,56,1.0,-100.0,21.12676056338028,MARGIN CALL ($0)
1,78,0.0,71,15,56,1.0,-100.0,21.12676056338028,MARGIN CALL ($0)
1,79,0.0,71,15,56,1.0,-100.0,21.12676056338028,MARGIN CALL ($0)
1,80,0.0,303,76,227,1.0,-100.0,25.082508250825082,MARGIN CALL ($0)
1,81,0.0,218,57,161,1.0,-100.0,26.146788990825687,MARGIN CALL ($0)
1,82,0.0,1222,323,899,1.0,-100.0,26.432078559738137,MARGIN CALL ($0)
1,83,0.0,497,137,360,1.0,-100.0,27.565392354124747,MARGIN CALL ($0)
1,84,0.0,62,14,48,1.0,-100.0,22.58064516129032,MARGIN CALL ($0)
1,85,0.0,64,14,50,1.0,-100.0,21.875,MARGIN CALL ($0)
1,86,0.0,63,14,49,1.0,-100.0,22.22222222222222,MARGIN CALL ($0)
1,87,0.0,64,15,49,1.0,-100.0,23.4375,MARGIN CALL ($0)
1,88,0.0,476,128,348,1.0,-100.0,26.89075630252101,MARGIN CALL ($0)
1,89,0.0,365,94,271,1.0,-100.0,25.753424657534246,MARGIN CALL ($0)
1,90,0.0,365,97,268,1.0,-100.0,26.575342465753426,MARGIN CALL ($0)
1,91,0.0,194,50,144,1.0,-100.0,25.773195876288657,MARGIN CALL ($0)
1,92,0.0,221,54,167,1.0,-100.0,24.43438914027149,MARGIN CALL ($0)
1,93,0.0,246,64,182,1.0,-100.0,26.01626016260163,MARGIN CALL ($0)
1,94,0.0,162,43,119,1.0,-100.0,26.543209876543212,MARGIN CALL ($0)
1,95,0.0,163,41,122,1.0,-100.0,25.153374233128833,MARGIN CALL ($0)
1,96,0.0,155,42,113,1.0,-100.0,27.09677419354839,MARGIN CALL ($0)
1,97,0.0,72,15,57,1.0,-100.0,20.833333333333336,MARGIN CALL ($0)
1,98,0.0,81,16,65,1.0,-100.0,19.753086419753085,MARGIN CALL ($0)
1,99,0.0,239,63,176,1.0,-100.0,26.359832635983267,MARGIN CALL ($0)
1,100,0.0,252,65,187,1.0,-100.0,25.793650793650798,MARGIN CALL ($0)
2,1,0.0,26,5,21,1.0,-100.0,19.230769230769234,MARGIN CALL ($0)
2,2,0.0,6848,1881,4967,1.0,-100.0,27.4678738317757,MARGIN CALL ($0)
2,3,0.0,5082,1393,3689,1.0,-100.0,27.41046831955923,MARGIN CALL ($0)
2,4,0.0,32,8,24,1.0,-100.0,25.0,MARGIN CALL ($0)
2,5,0.0,22,3,19,1.0,-100.0,13.636363636363635,MARGIN CALL ($0)
2,6,0.0,21,3,18,1.0,-100.0,14.285714285714285,MARGIN CALL ($0)
2,7,0.0,19,3,16,1.0,-100.0,15.789473684210526,MARGIN CALL ($0)
2,8,0.0,19,3,16,1.0,-100.0,15.789473684210526,MARGIN CALL ($0)
2,9,0.0,20,3,17,1.0,-100.0,15.0,MARGIN CALL ($0)
2,10,0.0,21,3,18,1.0,-100.0,14.285714285714285,MARGIN CALL ($0)
2,11,0.0,19,3,16,1.0,-100.0,15.789473684210526,MARGIN CALL ($0)
2,12,0.0,20,3,17,1.0,-100.0,15.0,MARGIN CALL ($0)
2,13,0.0,20,3,17,1.0,-100.0,15.0,MARGIN CALL ($0)
2,14,0.0,18,3,15,1.0,-100.0,16.666666666666664,MARGIN CALL ($0)
2,15,0.0,18,3,15,1.0,-100.0,16.666666666666664,MARGIN CALL ($0)
2,16,0.0,20,3,17,1.0,-100.0,15.0,MARGIN CALL ($0)
2,17,0.0,19,3,16,1.0,-100.0,15.789473684210526,MARGIN CALL ($0)
2,18,0.0,19,3,16,1.0,-100.0,15.789473684210526,MARGIN CALL ($0)
2,19,0.0,19,3,16,1.0,-100.0,15.789473684210526,MARGIN CALL ($0)
2,20,0.0,24,5,19,1.0,-100.0,20.833333333333336,MARGIN CALL ($0)
2,21,0.0,24,5,19,1.0,-100.0,20.833333333333336,MARGIN CALL ($0)
2,22,0.0,23,5,18,1.0,-100.0,21.73913043478261,MARGIN CALL ($0)
2,23,0.0,23,5,18,1.0,-100.0,21.73913043478261,MARGIN CALL ($0)
2,24,0.0,23,5,18,1.0,-100.0,21.73913043478261,MARGIN CALL ($0)
2,25,0.0,23,5,18,1.0,-100.0,21.73913043478261,MARGIN CALL ($0)
2,26,0.0,24,5,19,1.0,-100.0,20.833333333333336,MARGIN CALL ($0)
2,27,0.0,25,5,20,1.0,-100.0,20.0,MARGIN CALL ($0)
2,28,0.0,25,5,20,1.0,-100.0,20.0,MARGIN CALL ($0)
2,29,0.0,25,5,20,1.0,-100.0,20.0,MARGIN CALL ($0)
2,30,0.0,25,5,20,1.0,-100.0,20.0,MARGIN CALL ($0)
2,31,0.0,52,12,40,1.0,-100.0,23.076923076923077,MARGIN CALL ($0)
2,32,0.0,50,11,39,1.0,-100.0,22.0,MARGIN CALL ($0)
2,33,0.0,77,18,59,1.0,-100.0,23.376623376623375,MARGIN CALL ($0)
2,34,0.0,53,12,41,1.0,-100.0,22.641509433962266,MARGIN CALL ($0)
2,35,0.0,56,15,41,1.0,-100.0,26.785714285714285,MARGIN CALL ($0)
2,36,0.0,53,14,39,1.0,-100.0,26.41509433962264,MARGIN CALL ($0)
2,37,0.0,53,14,39,1.0,-100.0,26.41509433962264,MARGIN CALL ($0)
2,38,0.0,53,14,39,1.0,-100.0,26.41509433962264,MARGIN CALL ($0)
2,39,0.0,93,23,70,1.0,-100.0,24.731182795698924,MARGIN CALL ($0)
2,40,0.0,82,21,61,1.0,-100.0,25.609756097560975,MARGIN CALL ($0)
2,41,0.0,81,21,60,1.0,-100.0,25.925925925925924,MARGIN CALL ($0)
2,42,0.0,82,21,61,1.0,-100.0,25.609756097560975,MARGIN CALL ($0)
2,43,0.0,53,12,41,1.0,-100.0,22.641509433962266,MARGIN CALL ($0)
2,44,0.0,54,12,42,1.0,-100.0,22.22222222222222,MARGIN CALL ($0)
2,45,0.0,46,8,38,1.0,-100.0,17.391304347826086,MARGIN CALL ($0)
2,46,0.0,46,8,38,1.0,-100.0,17.391304347826086,MARGIN CALL ($0)
2,47,0.0,27,5,22,1.0,-100.0,18.51851851851852,MARGIN CALL ($0)
2,48,0.0,28,5,23,1.0,-100.0,17.857142857142858,MARGIN CALL ($0)
2,49,0.0,27,5,22,1.0,-100.0,18.51851851851852,MARGIN CALL ($0)
2,50,0.0,27,5,22,1.0,-100.0,18.51851851851852,MARGIN CALL ($0)
2,51,0.0,27,5,22,1.0,-100.0,18.51851851851852,MARGIN CALL ($0)
2,52,0.0,27,5,22,1.0,-100.0,18.51851851851852,MARGIN CALL ($0)
2,53,0.0,28,5,23,1.0,-100.0,17.857142857142858,MARGIN CALL ($0)
2,54,0.0,28,5,23,1.0,-100.0,17.857142857142858,MARGIN CALL ($0)
2,55,0.0,49,8,41,1.0,-100.0,16.3265306122449,MARGIN CALL ($0)
2,56,0.0,49,8,41,1.0,-100.0,16.3265306122449,MARGIN CALL ($0)
2,57,0.0,51,8,43,1.0,-100.0,15.686274509803921,MARGIN CALL ($0)
2,58,0.0,49,8,41,1.0,-100.0,16.3265306122449,MARGIN CALL ($0)
2,59,0.0,49,8,41,1.0,-100.0,16.3265306122449,MARGIN CALL ($0)
2,60,0.0,49,8,41,1.0,-100.0,16.3265306122449,MARGIN CALL ($0)
2,61,0.0,49,8,41,1.0,-100.0,16.3265306122449,MARGIN CALL ($0)
2,62,0.0,49,8,41,1.0,-100.0,16.3265306122449,MARGIN CALL ($0)
2,63,0.0,49,8,41,1.0,-100.0,16.3265306122449,MARGIN CALL ($0)
2,64,0.0,47,8,39,1.0,-100.0,17.02127659574468,MARGIN CALL ($0)
2,65,0.0,47,8,39,1.0,-100.0,17.02127659574468,MARGIN CALL ($0)
2,66,0.0,47,8,39,1.0,-100.0,17.02127659574468,MARGIN CALL ($0)
2,67,0.0,46,8,38,1.0,-100.0,17.391304347826086,MARGIN CALL ($0)
2,68,0.0,46,8,38,1.0,-100.0,17.391304347826086,MARGIN CALL ($0)
2,69,0.0,46,8,38,1.0,-100.0,17.391304347826086,MARGIN CALL ($0)
2,70,0.0,48,8,40,1.0,-100.0,16.666666666666664,MARGIN CALL ($0)
2,71,0.0,49,8,41,1.0,-100.0,16.3265306122449,MARGIN CALL ($0)
2,72,0.0,28,5,23,1.0,-100.0,17.857142857142858,MARGIN CALL ($0)
2,73,0.0,28,5,23,1.0,-100.0,17.857142857142858,MARGIN CALL ($0)
2,74,0.0,28,5,23,1.0,-100.0,17.857142857142858,MARGIN CALL ($0)
2,75,0.0,28,5,23,1.0,-100.0,17.857142857142858,MARGIN CALL ($0)
2,76,0.0,28,5,23,1.0,-100.0,17.857142857142858,MARGIN CALL ($0)
2,77,0.0,28,5,23,1.0,-100.0,17.857142857142858,MARGIN CALL ($0)
2,78,0.0,28,5,23,1.0,-100.0,17.857142857142858,MARGIN CALL ($0)
2,79,0.0,28,5,23,1.0,-100.0,17.857142857142858,MARGIN CALL ($0)
2,80,0.0,28,5,23,1.0,-100.0,17.857142857142858,MARGIN CALL ($0)
2,81,0.0,28,5,23,1.0,-100.0,17.857142857142858,MARGIN CALL ($0)
2,82,0.0,52,10,42,1.0,-100.0,19.230769230769234,MARGIN CALL ($0)
2,83,0.0,52,10,42,1.0,-100.0,19.230769230769234,MARGIN CALL ($0)
2,84,0.0,52,10,42,1.0,-100.0,19.230769230769234,MARGIN CALL ($0)
2,85,0.0,51,10,41,1.0,-100.0,19.607843137254903,MARGIN CALL ($0)
2,86,0.0,53,11,42,1.0,-100.0,20.754716981132077,MARGIN CALL ($0)
2,87,0.0,53,11,42,1.0,-100.0,20.754716981132077,MARGIN CALL ($0)
2,88,0.0,82,18,64,1.0,-100.0,21.951219512195124,MARGIN CALL ($0)
2,89,0.0,46,8,38,1.0,-100.0,17.391304347826086,MARGIN CALL ($0)
2,90,0.0,49,9,40,1.0,-100.0,18.367346938775512,MARGIN CALL ($0)
2,91,0.0,50,8,42,1.0,-100.0,16.0,MARGIN CALL ($0)
2,92,0.0,51,8,43,1.0,-100.0,15.686274509803921,MARGIN CALL ($0)
2,93,0.0,51,8,43,1.0,-100.0,15.686274509803921,MARGIN CALL ($0)
2,94,0.0,50,8,42,1.0,-100.0,16.0,MARGIN CALL ($0)
2,95,0.0,50,8,42,1.0,-100.0,16.0,MARGIN CALL ($0)
2,96,0.0,50,8,42,1.0,-100.0,16.0,MARGIN CALL ($0)
2,97,0.0,24,5,19,1.0,-100.0,20.833333333333336,MARGIN CALL ($0)
2,98,0.0,24,5,19,1.0,-100.0,20.833333333333336,MARGIN CALL ($0)
2,99,0.0,24,5,19,1.0,-100.0,20.833333333333336,MARGIN CALL ($0)
2,100,0.0,23,5,18,1.0,-100.0,21.73913043478261,MARGIN CALL ($0)
3,1,0.0,26,5,21,1.0,-100.0,19.230769230769234,MARGIN CALL ($0)
3,2,0.0,6866,1882,4984,1.0,-100.0,27.410428196912324,MARGIN CALL ($0)
3,3,0.0,4083,1145,2938,1.0,-100.0,28.04310555963752,MARGIN CALL ($0)
3,4,0.0,31,8,23,1.0,-100.0,25.806451612903224,MARGIN CALL ($0)
3,5,0.0,23,3,20,1.0,-100.0,13.043478260869565,MARGIN CALL ($0)
3,6,0.0,21,3,18,1.0,-100.0,14.285714285714285,MARGIN CALL ($0)
3,7,0.0,19,3,16,1.0,-100.0,15.789473684210526,MARGIN CALL ($0)
3,8,0.0,20,3,17,1.0,-100.0,15.0,MARGIN CALL ($0)
3,9,0.0,21,3,18,1.0,-100.0,14.285714285714285,MARGIN CALL ($0)
3,10,0.0,20,3,17,1.0,-100.0,15.0,MARGIN CALL ($0)
3,11,0.0,20,3,17,1.0,-100.0,15.0,MARGIN CALL ($0)
3,12,0.0,19,3,16,1.0,-100.0,15.789473684210526,MARGIN CALL ($0)
3,13,0.0,19,3,16,1.0,-100.0,15.789473684210526,MARGIN CALL ($0)
3,14,0.0,19,3,16,1.0,-100.0,15.789473684210526,MARGIN CALL ($0)
3,15,0.0,19,3,16,1.0,-100.0,15.789473684210526,MARGIN CALL ($0)
3,16,0.0,19,3,16,1.0,-100.0,15.789473684210526,MARGIN CALL ($0)
3,17,0.0,19,3,16,1.0,-100.0,15.789473684210526,MARGIN CALL ($0)
3,18,0.0,20,3,17,1.0,-100.0,15.0,MARGIN CALL ($0)
3,19,0.0,19,3,16,1.0,-100.0,15.789473684210526,MARGIN CALL ($0)
3,20,0.0,26,5,21,1.0,-100.0,19.230769230769234,MARGIN CALL ($0)
3,21,0.0,25,5,20,1.0,-100.0,20.0,MARGIN CALL ($0)
3,22,0.0,25,5,20,1.0,-100.0,20.0,MARGIN CALL ($0)
3,23,0.0,25,5,20,1.0,-100.0,20.0,MARGIN CALL ($0)
3,24,0.0,25,5,20,1.0,-100.0,20.0,MARGIN CALL ($0)
3,25,0.0,23,5,18,1.0,-100.0,21.73913043478261,MARGIN CALL ($0)
3,26,0.0,24,5,19,1.0,-100.0,20.833333333333336,MARGIN CALL ($0)
3,27,0.0,25,5,20,1.0,-100.0,20.0,MARGIN CALL ($0)
3,28,0.0,26,5,21,1.0,-100.0,19.230769230769234,MARGIN CALL ($0)
3,29,0.0,26,5,21,1.0,-100.0,19.230769230769234,MARGIN CALL ($0)
3,30,0.0,26,5,21,1.0,-100.0,19.230769230769234,MARGIN CALL ($0)
3,31,0.0,45,8,37,1.0,-100.0,17.77777777777778,MARGIN CALL ($0)
3,32,0.0,45,8,37,1.0,-100.0,17.77777777777778,MARGIN CALL ($0)
3,33,0.0,44,8,36,1.0,-100.0,18.181818181818183,MARGIN CALL ($0)
3,34,0.0,47,9,38,1.0,-100.0,19.148936170212767,MARGIN CALL ($0)
3,35,0.0,45,10,35,1.0,-100.0,22.22222222222222,MARGIN CALL ($0)
3,36,0.0,46,11,35,1.0,-100.0,23.91304347826087,MARGIN CALL ($0)
3,37,0.0,47,11,36,1.0,-100.0,23.404255319148938,MARGIN CALL ($0)
3,38,0.0,47,11,36,1.0,-100.0,23.404255319148938,MARGIN CALL ($0)
3,39,0.0,1411,433,978,1.0,-100.0,30.687455705173633,MARGIN CALL ($0)
3,40,0.0,47,10,37,1.0,-100.0,21.27659574468085,MARGIN CALL ($0)
3,41,0.0,46,10,36,1.0,-100.0,21.73913043478261,MARGIN CALL ($0)
3,42,0.0,23,5,18,1.0,-100.0,21.73913043478261,MARGIN CALL ($0)
3,43,0.0,42,8,34,1.0,-100.0,19.047619047619047,MARGIN CALL ($0)
3,44,0.0,43,8,35,1.0,-100.0,18.6046511627907,MARGIN CALL ($0)
3,45,0.0,44,8,36,1.0,-100.0,18.181818181818183,MARGIN CALL ($0)
3,46,0.0,47,8,39,1.0,-100.0,17.02127659574468,MARGIN CALL ($0)
3,47,0.0,26,5,21,1.0,-100.0,19.230769230769234,MARGIN CALL ($0)
3,48,0.0,27,5,22,1.0,-100.0,18.51851851851852,MARGIN CALL ($0)
3,49,0.0,24,5,19,1.0,-100.0,20.833333333333336,MARGIN CALL ($0)
3,50,0.0,24,5,19,1.0,-100.0,20.833333333333336,MARGIN CALL ($0)
3,51,0.0,24,5,19,1.0,-100.0,20.833333333333336,MARGIN CALL ($0)
3,52,0.0,26,5,21,1.0,-100.0,19.230769230769234,MARGIN CALL ($0)
3,53,0.0,27,5,22,1.0,-100.0,18.51851851851852,MARGIN CALL ($0)
3,54,0.0,27,5,22,1.0,-100.0,18.51851851851852,MARGIN CALL ($0)
3,55,0.0,47,8,39,1.0,-100.0,17.02127659574468,MARGIN CALL ($0)
3,56,0.0,47,8,39,1.0,-100.0,17.02127659574468,MARGIN CALL ($0)
3,57,0.0,50,8,42,1.0,-100.0,16.0,MARGIN CALL ($0)
3,58,0.0,50,8,42,1.0,-100.0,16.0,MARGIN CALL ($0)
3,59,0.0,50,8,42,1.0,-100.0,16.0,MARGIN CALL ($0)
3,60,0.0,50,8,42,1.0,-100.0,16.0,MARGIN CALL ($0)
3,61,0.0,50,8,42,1.0,-100.0,16.0,MARGIN CALL ($0)
3,62,0.0,50,8,42,1.0,-100.0,16.0,MARGIN CALL ($0)
3,63,0.0,50,8,42,1.0,-100.0,16.0,MARGIN CALL ($0)
3,64,0.0,48,8,40,1.0,-100.0,16.666666666666664,MARGIN CALL ($0)
3,65,0.0,45,8,37,1.0,-100.0,17.77777777777778,MARGIN CALL ($0)
3,66,0.0,45,8,37,1.0,-100.0,17.77777777777778,MARGIN CALL ($0)
3,67,0.0,44,8,36,1.0,-100.0,18.181818181818183,MARGIN CALL ($0)
3,68,0.0,44,8,36,1.0,-100.0,18.181818181818183,MARGIN CALL ($0)
3,69,0.0,44,8,36,1.0,-100.0,18.181818181818183,MARGIN CALL ($0)
3,70,0.0,46,8,38,1.0,-100.0,17.391304347826086,MARGIN CALL ($0)
3,71,0.0,46,8,38,1.0,-100.0,17.391304347826086,MARGIN CALL ($0)
3,72,0.0,27,5,22,1.0,-100.0,18.51851851851852,MARGIN CALL ($0)
3,73,0.0,27,5,22,1.0,-100.0,18.51851851851852,MARGIN CALL ($0)
3,74,0.0,27,5,22,1.0,-100.0,18.51851851851852,MARGIN CALL ($0)
3,75,0.0,27,5,22,1.0,-100.0,18.51851851851852,MARGIN CALL ($0)
3,76,0.0,27,5,22,1.0,-100.0,18.51851851851852,MARGIN CALL ($0)
3,77,0.0,27,5,22,1.0,-100.0,18.51851851851852,MARGIN CALL ($0)
3,78,0.0,27,5,22,1.0,-100.0,18.51851851851852,MARGIN CALL ($0)
3,79,0.0,27,5,22,1.0,-100.0,18.51851851851852,MARGIN CALL ($0)
3,80,0.0,27,5,22,1.0,-100.0,18.51851851851852,MARGIN CALL ($0)
3,81,0.0,27,5,22,1.0,-100.0,18.51851851851852,MARGIN CALL ($0)
3,82,0.0,1442,452,990,1.0,-100.0,31.345353675450767,MARGIN CALL ($0)
3,83,0.0,1448,453,995,1.0,-100.0,31.284530386740332,MARGIN CALL ($0)
3,84,0.0,46,8,38,1.0,-100.0,17.391304347826086,MARGIN CALL ($0)
3,85,0.0,46,8,38,1.0,-100.0,17.391304347826086,MARGIN CALL ($0)
3,86,0.0,46,8,38,1.0,-100.0,17.391304347826086,MARGIN CALL ($0)
3,87,0.0,46,8,38,1.0,-100.0,17.391304347826086,MARGIN CALL ($0)
3,88,0.0,45,8,37,1.0,-100.0,17.77777777777778,MARGIN CALL ($0)
3,89,0.0,44,8,36,1.0,-100.0,18.181818181818183,MARGIN CALL ($0)
3,90,0.0,47,9,38,1.0,-100.0,19.148936170212767,MARGIN CALL ($0)
3,91,0.0,48,8,40,1.0,-100.0,16.666666666666664,MARGIN CALL ($0)
3,92,0.0,48,8,40,1.0,-100.0,16.666666666666664,MARGIN CALL ($0)
3,93,0.0,48,8,40,1.0,-100.0,16.666666666666664,MARGIN CALL ($0)
3,94,0.0,48,8,40,1.0,-100.0,16.666666666666664,MARGIN CALL ($0)
3,95,0.0,48,8,40,1.0,-100.0,16.666666666666664,MARGIN CALL ($0)
3,96,0.0,47,8,39,1.0,-100.0,17.02127659574468,MARGIN CALL ($0)
3,97,0.0,22,5,17,1.0,-100.0,22.727272727272727,MARGIN CALL ($0)
3,98,0.0,22,5,17,1.0,-100.0,22.727272727272727,MARGIN CALL ($0)
3,99,0.0,22,5,17,1.0,-100.0,22.727272727272727,MARGIN CALL ($0)
3,100,0.0,48,8,40,1.0,-100.0,16.666666666666664,MARGIN CALL ($0)
4,1,0.0,5826,1648,4178,1.0,-100.0,28.286989358050118,MARGIN CALL ($0)
4,2,0.0,6851,1879,4972,1.0,-100.0,27.426653043351333,MARGIN CALL ($0)
4,3,0.0,26,5,21,1.0,-100.0,19.230769230769234,MARGIN CALL ($0)
4,4,0.0,36,8,28,1.0,-100.0,22.22222222222222,MARGIN CALL ($0)
4,5,0.0,32,6,26,1.0,-100.0,18.75,MARGIN CALL ($0)
4,6,0.0,33,6,27,1.0,-100.0,18.181818181818183,MARGIN CALL ($0)
4,7,0.0,19,3,16,1.0,-100.0,15.789473684210526,MARGIN CALL ($0)
4,8,0.0,25,5,20,1.0,-100.0,20.0,MARGIN CALL ($0)
4,9,0.0,25,5,20,1.0,-100.0,20.0,MARGIN CALL ($0)
4,10,0.0,26,5,21,1.0,-100.0,19.230769230769234,MARGIN CALL ($0)
4,11,0.0,27,6,21,1.0,-100.0,22.22222222222222,MARGIN CALL ($0)
4,12,0.0,27,6,21,1.0,-100.0,22.22222222222222,MARGIN CALL ($0)
4,13,0.0,43,9,34,1.0,-100.0,20.930232558139537,MARGIN CALL ($0)
4,14,0.0,44,9,35,1.0,-100.0,20.454545454545457,MARGIN CALL ($0)
4,15,0.0,46,9,37,1.0,-100.0,19.565217391304348,MARGIN CALL ($0)
4,16,0.0,2120,621,1499,1.0,-100.0,29.29245283018868,MARGIN CALL ($0)
4,17,0.0,80,20,60,1.0,-100.0,25.0,MARGIN CALL ($0)
4,18,0.0,77,18,59,1.0,-100.0,23.376623376623375,MARGIN CALL ($0)
4,19,0.0,76,18,58,1.0,-100.0,23.684210526315788,MARGIN CALL ($0)
4,20,0.0,2113,625,1488,1.0,-100.0,29.578797917652626,MARGIN CALL ($0)
4,21,0.0,3906,1181,2725,1.0,-100.0,30.23553507424475,MARGIN CALL ($0)
4,22,0.0,3674,1100,2574,1.0,-100.0,29.94011976047904,MARGIN CALL ($0)
4,23,0.0,3668,1083,2585,1.0,-100.0,29.525627044711012,MARGIN CALL ($0)
4,24,0.0,4574,1348,3226,1.0,-100.0,29.470922606034105,MARGIN CALL ($0)
4,25,0.0,4171,1238,2933,1.0,-100.0,29.681131623111963,MARGIN CALL ($0)
4,26,0.0,17,3,14,1.0,-100.0,17.647058823529413,MARGIN CALL ($0)
4,27,0.0,66,16,50,1.0,-100.0,24.242424242424242,MARGIN CALL ($0)
4,28,0.0,66,16,50,1.0,-100.0,24.242424242424242,MARGIN CALL ($0)
4,29,0.0,72,18,54,1.0,-100.0,25.0,MARGIN CALL ($0)
4,30,0.0,38,6,32,1.0,-100.0,15.789473684210526,MARGIN CALL ($0)
4,31,0.0,37,6,31,1.0,-100.0,16.216216216216218,MARGIN CALL ($0)
4,32,0.0,37,6,31,1.0,-100.0,16.216216216216218,MARGIN CALL ($0)
4,33,0.0,36,6,30,1.0,-100.0,16.666666666666664,MARGIN CALL ($0)
4,34,0.0,39,7,32,1.0,-100.0,17.94871794871795,MARGIN CALL ($0)
4,35,0.0,38,7,31,1.0,-100.0,18.421052631578945,MARGIN CALL ($0)
4,36,0.0,39,8,31,1.0,-100.0,20.51282051282051,MARGIN CALL ($0)
4,37,0.0,40,8,32,1.0,-100.0,20.0,MARGIN CALL ($0)
4,38,0.0,41,8,33,1.0,-100.0,19.51219512195122,MARGIN CALL ($0)
4,39,0.0,37,7,30,1.0,-100.0,18.91891891891892,MARGIN CALL ($0)
4,40,0.0,38,7,31,1.0,-100.0,18.421052631578945,MARGIN CALL ($0)
4,41,0.0,36,7,29,1.0,-100.0,19.444444444444446,MARGIN CALL ($0)
4,42,0.0,36,7,29,1.0,-100.0,19.444444444444446,MARGIN CALL ($0)
4,43,0.0,33,6,27,1.0,-100.0,18.181818181818183,MARGIN CALL ($0)
4,44,0.0,33,6,27,1.0,-100.0,18.181818181818183,MARGIN CALL ($0)
4,45,0.0,35,6,29,1.0,-100.0,17.142857142857142,MARGIN CALL ($0)
4,46,0.0,35,6,29,1.0,-100.0,17.142857142857142,MARGIN CALL ($0)
4,47,0.0,19,3,16,1.0,-100.0,15.789473684210526,MARGIN CALL ($0)
4,48,0.0,20,3,17,1.0,-100.0,15.0,MARGIN CALL ($0)
4,49,0.0,22,3,19,1.0,-100.0,13.636363636363635,MARGIN CALL ($0)
4,50,0.0,22,3,19,1.0,-100.0,13.636363636363635,MARGIN CALL ($0)
4,51,0.0,22,3,19,1.0,-100.0,13.636363636363635,MARGIN CALL ($0)
4,52,0.0,22,3,19,1.0,-100.0,13.636363636363635,MARGIN CALL ($0)
4,53,0.0,22,3,19,1.0,-100.0,13.636363636363635,MARGIN CALL ($0)
4,54,0.0,22,3,19,1.0,-100.0,13.636363636363635,MARGIN CALL ($0)
4,55,0.0,36,6,30,1.0,-100.0,16.666666666666664,MARGIN CALL ($0)
4,56,0.0,36,6,30,1.0,-100.0,16.666666666666664,MARGIN CALL ($0)
4,57,0.0,34,6,28,1.0,-100.0,17.647058823529413,MARGIN CALL ($0)
4,58,0.0,35,6,29,1.0,-100.0,17.142857142857142,MARGIN CALL ($0)
4,59,0.0,35,6,29,1.0,-100.0,17.142857142857142,MARGIN CALL ($0)
4,60,0.0,35,6,29,1.0,-100.0,17.142857142857142,MARGIN CALL ($0)
4,61,0.0,35,6,29,1.0,-100.0,17.142857142857142,MARGIN CALL ($0)
4,62,0.0,35,6,29,1.0,-100.0,17.142857142857142,MARGIN CALL ($0)
4,63,0.0,35,6,29,1.0,-100.0,17.142857142857142,MARGIN CALL ($0)
4,64,0.0,33,6,27,1.0,-100.0,18.181818181818183,MARGIN CALL ($0)
4,65,0.0,48,10,38,1.0,-100.0,20.833333333333336,MARGIN CALL ($0)
4,66,0.0,32,6,26,1.0,-100.0,18.75,MARGIN CALL ($0)
4,67,0.0,47,10,37,1.0,-100.0,21.27659574468085,MARGIN CALL ($0)
4,68,0.0,47,10,37,1.0,-100.0,21.27659574468085,MARGIN CALL ($0)
4,69,0.0,48,10,38,1.0,-100.0,20.833333333333336,MARGIN CALL ($0)
4,70,0.0,48,10,38,1.0,-100.0,20.833333333333336,MARGIN CALL ($0)
4,71,0.0,34,6,28,1.0,-100.0,17.647058823529413,MARGIN CALL ($0)
4,72,0.0,22,3,19,1.0,-100.0,13.636363636363635,MARGIN CALL ($0)
4,73,0.0,22,3,19,1.0,-100.0,13.636363636363635,MARGIN CALL ($0)
4,74,0.0,22,3,19,1.0,-100.0,13.636363636363635,MARGIN CALL ($0)
4,75,0.0,23,3,20,1.0,-100.0,13.043478260869565,MARGIN CALL ($0)
4,76,0.0,23,3,20,1.0,-100.0,13.043478260869565,MARGIN CALL ($0)
4,77,0.0,23,3,20,1.0,-100.0,13.043478260869565,MARGIN CALL ($0)
4,78,0.0,23,3,20,1.0,-100.0,13.043478260869565,MARGIN CALL ($0)
4,79,0.0,23,3,20,1.0,-100.0,13.043478260869565,MARGIN CALL ($0)
4,80,0.0,21,3,18,1.0,-100.0,14.285714285714285,MARGIN CALL ($0)
4,81,0.0,21,3,18,1.0,-100.0,14.285714285714285,MARGIN CALL ($0)
4,82,0.0,59,13,46,1.0,-100.0,22.033898305084744,MARGIN CALL ($0)
4,83,0.0,58,13,45,1.0,-100.0,22.413793103448278,MARGIN CALL ($0)
4,84,0.0,32,6,26,1.0,-100.0,18.75,MARGIN CALL ($0)
4,85,0.0,33,6,27,1.0,-100.0,18.181818181818183,MARGIN CALL ($0)
4,86,0.0,33,6,27,1.0,-100.0,18.181818181818183,MARGIN CALL ($0)
4,87,0.0,33,6,27,1.0,-100.0,18.181818181818183,MARGIN CALL ($0)
4,88,0.0,32,6,26,1.0,-100.0,18.75,MARGIN CALL ($0)
4,89,0.0,34,6,28,1.0,-100.0,17.647058823529413,MARGIN CALL ($0)
4,90,0.0,35,7,28,1.0,-100.0,20.0,MARGIN CALL ($0)
4,91,0.0,36,6,30,1.0,-100.0,16.666666666666664,MARGIN CALL ($0)
4,92,0.0,36,6,30,1.0,-100.0,16.666666666666664,MARGIN CALL ($0)
4,93,0.0,36,6,30,1.0,-100.0,16.666666666666664,MARGIN CALL ($0)
4,94,0.0,35,6,29,1.0,-100.0,17.142857142857142,MARGIN CALL ($0)
4,95,0.0,34,6,28,1.0,-100.0,17.647058823529413,MARGIN CALL ($0)
4,96,0.0,35,6,29,1.0,-100.0,17.142857142857142,MARGIN CALL ($0)
4,97,0.0,35,6,29,1.0,-100.0,17.142857142857142,MARGIN CALL ($0)
4,98,0.0,35,6,29,1.0,-100.0,17.142857142857142,MARGIN CALL ($0)
4,99,0.0,34,6,28,1.0,-100.0,17.647058823529413,MARGIN CALL ($0)
4,100,0.0,34,6,28,1.0,-100.0,17.647058823529413,MARGIN CALL ($0)
5,1,0.0,7579,2116,5463,1.0,-100.0,27.919250560759995,MARGIN CALL ($0)
5,2,0.0,6851,1879,4972,1.0,-100.0,27.426653043351333,MARGIN CALL ($0)
5,3,0.0,4070,1137,2933,1.0,-100.0,27.936117936117938,MARGIN CALL ($0)
5,4,0.0,36,8,28,1.0,-100.0,22.22222222222222,MARGIN CALL ($0)
5,5,0.0,14,0,14,1.0,-100.0,0.0,MARGIN CALL ($0)
5,6,0.0,12,0,12,1.0,-100.0,0.0,MARGIN CALL ($0)
5,7,0.0,12,0,12,1.0,-100.0,0.0,MARGIN CALL ($0)
5,8,0.0,19,2,17,1.0,-100.0,10.526315789473683,MARGIN CALL ($0)
5,9,0.0,22,5,17,1.0,-100.0,22.727272727272727,MARGIN CALL ($0)
5,10,0.0,23,4,19,1.0,-100.0,17.391304347826086,MARGIN CALL ($0)
5,11,0.0,24,4,20,1.0,-100.0,16.666666666666664,MARGIN CALL ($0)
5,12,0.0,24,5,19,1.0,-100.0,20.833333333333336,MARGIN CALL ($0)
5,13,0.0,38,8,30,1.0,-100.0,21.052631578947366,MARGIN CALL ($0)
5,14,0.0,40,8,32,1.0,-100.0,20.0,MARGIN CALL ($0)
5,15,0.0,58,14,44,1.0,-100.0,24.137931034482758,MARGIN CALL ($0)
5,16,0.0,63,15,48,1.0,-100.0,23.809523809523807,MARGIN CALL ($0)
5,17,0.0,60,15,45,1.0,-100.0,25.0,MARGIN CALL ($0)
5,18,0.0,59,14,45,1.0,-100.0,23.728813559322035,MARGIN CALL ($0)
5,19,0.0,58,14,44,1.0,-100.0,24.137931034482758,MARGIN CALL ($0)
5,20,0.0,59,14,45,1.0,-100.0,23.728813559322035,MARGIN CALL ($0)
5,21,0.0,69,16,53,1.0,-100.0,23.18840579710145,MARGIN CALL ($0)
5,22,0.0,3901,1134,2767,1.0,-100.0,29.069469366829022,MARGIN CALL ($0)
5,23,0.0,3847,1102,2745,1.0,-100.0,28.645697946451783,MARGIN CALL ($0)
5,24,0.0,15,1,14,1.0,-100.0,6.666666666666667,MARGIN CALL ($0)
5,25,0.0,13,1,12,1.0,-100.0,7.6923076923076925,MARGIN CALL ($0)
5,26,0.0,14,1,13,1.0,-100.0,7.142857142857142,MARGIN CALL ($0)
5,27,0.0,16,1,15,1.0,-100.0,6.25,MARGIN CALL ($0)
5,28,0.0,48,12,36,1.0,-100.0,25.0,MARGIN CALL ($0)
5,29,0.0,51,12,39,1.0,-100.0,23.52941176470588,MARGIN CALL ($0)
5,30,0.0,34,6,28,1.0,-100.0,17.647058823529413,MARGIN CALL ($0)
5,31,0.0,26,4,22,1.0,-100.0,15.384615384615385,MARGIN CALL ($0)
5,32,0.0,26,4,22,1.0,-100.0,15.384615384615385,MARGIN CALL ($0)
5,33,0.0,25,4,21,1.0,-100.0,16.0,MARGIN CALL ($0)
5,34,0.0,32,6,26,1.0,-100.0,18.75,MARGIN CALL ($0)
5,35,0.0,30,6,24,1.0,-100.0,20.0,MARGIN CALL ($0)
5,36,0.0,31,6,25,1.0,-100.0,19.35483870967742,MARGIN CALL ($0)
5,37,0.0,32,6,26,1.0,-100.0,18.75,MARGIN CALL ($0)
5,38,0.0,33,6,27,1.0,-100.0,18.181818181818183,MARGIN CALL ($0)
5,39,0.0,46,10,36,1.0,-100.0,21.73913043478261,MARGIN CALL ($0)
5,40,0.0,31,6,25,1.0,-100.0,19.35483870967742,MARGIN CALL ($0)
5,41,0.0,30,6,24,1.0,-100.0,20.0,MARGIN CALL ($0)
5,42,0.0,32,6,26,1.0,-100.0,18.75,MARGIN CALL ($0)
5,43,0.0,24,3,21,1.0,-100.0,12.5,MARGIN CALL ($0)
5,44,0.0,24,3,21,1.0,-100.0,12.5,MARGIN CALL ($0)
5,45,0.0,23,3,20,1.0,-100.0,13.043478260869565,MARGIN CALL ($0)
5,46,0.0,23,3,20,1.0,-100.0,13.043478260869565,MARGIN CALL ($0)
5,47,0.0,13,1,12,1.0,-100.0,7.6923076923076925,MARGIN CALL ($0)
5,48,0.0,14,1,13,1.0,-100.0,7.142857142857142,MARGIN CALL ($0)
5,49,0.0,14,1,13,1.0,-100.0,7.142857142857142,MARGIN CALL ($0)
5,50,0.0,14,1,13,1.0,-100.0,7.142857142857142,MARGIN CALL ($0)
5,51,0.0,14,1,13,1.0,-100.0,7.142857142857142,MARGIN CALL ($0)
5,52,0.0,13,1,12,1.0,-100.0,7.6923076923076925,MARGIN CALL ($0)
5,53,0.0,15,1,14,1.0,-100.0,6.666666666666667,MARGIN CALL ($0)
5,54,0.0,15,1,14,1.0,-100.0,6.666666666666667,MARGIN CALL ($0)
5,55,0.0,28,4,24,1.0,-100.0,14.285714285714285,MARGIN CALL ($0)
5,56,0.0,48,8,40,1.0,-100.0,16.666666666666664,MARGIN CALL ($0)
5,57,0.0,46,8,38,1.0,-100.0,17.391304347826086,MARGIN CALL ($0)
5,58,0.0,47,8,39,1.0,-100.0,17.02127659574468,MARGIN CALL ($0)
5,59,0.0,45,8,37,1.0,-100.0,17.77777777777778,MARGIN CALL ($0)
5,60,0.0,44,8,36,1.0,-100.0,18.181818181818183,MARGIN CALL ($0)
5,61,0.0,44,8,36,1.0,-100.0,18.181818181818183,MARGIN CALL ($0)
5,62,0.0,44,8,36,1.0,-100.0,18.181818181818183,MARGIN CALL ($0)
5,63,0.0,43,8,35,1.0,-100.0,18.6046511627907,MARGIN CALL ($0)
5,64,0.0,43,8,35,1.0,-100.0,18.6046511627907,MARGIN CALL ($0)
5,65,0.0,43,8,35,1.0,-100.0,18.6046511627907,MARGIN CALL ($0)
5,66,0.0,46,10,36,1.0,-100.0,21.73913043478261,MARGIN CALL ($0)
5,67,0.0,44,10,34,1.0,-100.0,22.727272727272727,MARGIN CALL ($0)
5,68,0.0,45,9,36,1.0,-100.0,20.0,MARGIN CALL ($0)
5,69,0.0,45,9,36,1.0,-100.0,20.0,MARGIN CALL ($0)
5,70,0.0,47,9,38,1.0,-100.0,19.148936170212767,MARGIN CALL ($0)
5,71,0.0,48,9,39,1.0,-100.0,18.75,MARGIN CALL ($0)
5,72,0.0,17,2,15,1.0,-100.0,11.76470588235294,MARGIN CALL ($0)
5,73,0.0,17,2,15,1.0,-100.0,11.76470588235294,MARGIN CALL ($0)
5,74,0.0,17,2,15,1.0,-100.0,11.76470588235294,MARGIN CALL ($0)
5,75,0.0,18,2,16,1.0,-100.0,11.11111111111111,MARGIN CALL ($0)
5,76,0.0,18,2,16,1.0,-100.0,11.11111111111111,MARGIN CALL ($0)
5,77,0.0,20,3,17,1.0,-100.0,15.0,MARGIN CALL ($0)
5,78,0.0,20,3,17,1.0,-100.0,15.0,MARGIN CALL ($0)
5,79,0.0,17,3,14,1.0,-100.0,17.647058823529413,MARGIN CALL ($0)
5,80,0.0,18,3,15,1.0,-100.0,16.666666666666664,MARGIN CALL ($0)
5,81,0.0,18,3,15,1.0,-100.0,16.666666666666664,MARGIN CALL ($0)
5,82,0.0,46,10,36,1.0,-100.0,21.73913043478261,MARGIN CALL ($0)
5,83,0.0,46,10,36,1.0,-100.0,21.73913043478261,MARGIN CALL ($0)
5,84,0.0,27,6,21,1.0,-100.0,22.22222222222222,MARGIN CALL ($0)
5,85,0.0,28,6,22,1.0,-100.0,21.428571428571427,MARGIN CALL ($0)
5,86,0.0,29,6,23,1.0,-100.0,20.689655172413794,MARGIN CALL ($0)
5,87,0.0,28,6,22,1.0,-100.0,21.428571428571427,MARGIN CALL ($0)
5,88,0.0,27,6,21,1.0,-100.0,22.22222222222222,MARGIN CALL ($0)
5,89,0.0,29,6,23,1.0,-100.0,20.689655172413794,MARGIN CALL ($0)
5,90,0.0,32,7,25,1.0,-100.0,21.875,MARGIN CALL ($0)
5,91,0.0,33,6,27,1.0,-100.0,18.181818181818183,MARGIN CALL ($0)
5,92,0.0,33,6,27,1.0,-100.0,18.181818181818183,MARGIN CALL ($0)
5,93,0.0,33,6,27,1.0,-100.0,18.181818181818183,MARGIN CALL ($0)
5,94,0.0,32,6,26,1.0,-100.0,18.75,MARGIN CALL ($0)
5,95,0.0,31,6,25,1.0,-100.0,19.35483870967742,MARGIN CALL ($0)
5,96,0.0,32,6,26,1.0,-100.0,18.75,MARGIN CALL ($0)
5,97,0.0,35,6,29,1.0,-100.0,17.142857142857142,MARGIN CALL ($0)
5,98,0.0,35,6,29,1.0,-100.0,17.142857142857142,MARGIN CALL ($0)
5,99,0.0,34,6,28,1.0,-100.0,17.647058823529413,MARGIN CALL ($0)
5,100,0.0,34,6,28,1.0,-100.0,17.647058823529413,MARGIN CALL ($0)
6,1,0.0,5991,1658,4333,1.0,-100.0,27.674845601735935,MARGIN CALL ($0)
6,2,0.0,6849,1879,4970,1.0,-100.0,27.43466199445174,MARGIN CALL ($0)
6,3,0.0,4575,1273,3302,1.0,-100.0,27.825136612021854,MARGIN CALL ($0)
6,4,0.0,36,8,28,1.0,-100.0,22.22222222222222,MARGIN CALL ($0)
6,5,0.0,13,0,13,1.0,-100.0,0.0,MARGIN CALL ($0)
6,6,0.0,19,1,18,1.0,-100.0,5.263157894736842,MARGIN CALL ($0)
6,7,0.0,18,1,17,1.0,-100.0,5.555555555555555,MARGIN CALL ($0)
6,8,0.0,22,4,18,1.0,-100.0,18.181818181818183,MARGIN CALL ($0)
6,9,0.0,24,4,20,1.0,-100.0,16.666666666666664,MARGIN CALL ($0)
6,10,0.0,23,4,19,1.0,-100.0,17.391304347826086,MARGIN CALL ($0)
6,11,0.0,21,4,17,1.0,-100.0,19.047619047619047,MARGIN CALL ($0)
6,12,0.0,23,4,19,1.0,-100.0,17.391304347826086,MARGIN CALL ($0)
6,13,0.0,40,7,33,1.0,-100.0,17.5,MARGIN CALL ($0)
6,14,0.0,39,8,31,1.0,-100.0,20.51282051282051,MARGIN CALL ($0)
6,15,0.0,40,8,32,1.0,-100.0,20.0,MARGIN CALL ($0)
6,16,0.0,47,13,34,1.0,-100.0,27.659574468085108,MARGIN CALL ($0)
6,17,0.0,47,13,34,1.0,-100.0,27.659574468085108,MARGIN CALL ($0)
6,18,0.0,45,11,34,1.0,-100.0,24.444444444444443,MARGIN CALL ($0)
6,19,0.0,42,11,31,1.0,-100.0,26.190476190476193,MARGIN CALL ($0)
6,20,0.0,42,11,31,1.0,-100.0,26.190476190476193,MARGIN CALL ($0)
6,21,0.0,40,11,29,1.0,-100.0,27.500000000000004,MARGIN CALL ($0)
6,22,0.0,41,11,30,1.0,-100.0,26.82926829268293,MARGIN CALL ($0)
6,23,0.0,42,11,31,1.0,-100.0,26.190476190476193,MARGIN CALL ($0)
6,24,0.0,31,6,25,1.0,-100.0,19.35483870967742,MARGIN CALL ($0)
6,25,0.0,31,6,25,1.0,-100.0,19.35483870967742,MARGIN CALL ($0)
6,26,0.0,29,6,23,1.0,-100.0,20.689655172413794,MARGIN CALL ($0)
6,27,0.0,31,6,25,1.0,-100.0,19.35483870967742,MARGIN CALL ($0)
6,28,0.0,31,8,23,1.0,-100.0,25.806451612903224,MARGIN CALL ($0)
6,29,0.0,32,8,24,1.0,-100.0,25.0,MARGIN CALL ($0)
6,30,0.0,32,6,26,1.0,-100.0,18.75,MARGIN CALL ($0)
6,31,0.0,28,4,24,1.0,-100.0,14.285714285714285,MARGIN CALL ($0)
6,32,0.0,27,4,23,1.0,-100.0,14.814814814814813,MARGIN CALL ($0)
6,33,0.0,27,4,23,1.0,-100.0,14.814814814814813,MARGIN CALL ($0)
6,34,0.0,29,7,22,1.0,-100.0,24.137931034482758,MARGIN CALL ($0)
6,35,0.0,29,7,22,1.0,-100.0,24.137931034482758,MARGIN CALL ($0)
6,36,0.0,29,7,22,1.0,-100.0,24.137931034482758,MARGIN CALL ($0)
6,37,0.0,28,7,21,1.0,-100.0,25.0,MARGIN CALL ($0)
6,38,0.0,28,7,21,1.0,-100.0,25.0,MARGIN CALL ($0)
6,39,0.0,29,7,22,1.0,-100.0,24.137931034482758,MARGIN CALL ($0)
6,40,0.0,28,7,21,1.0,-100.0,25.0,MARGIN CALL ($0)
6,41,0.0,28,7,21,1.0,-100.0,25.0,MARGIN CALL ($0)
6,42,0.0,28,7,21,1.0,-100.0,25.0,MARGIN CALL ($0)
6,43,0.0,25,3,22,1.0,-100.0,12.0,MARGIN CALL ($0)
6,44,0.0,23,3,20,1.0,-100.0,13.043478260869565,MARGIN CALL ($0)
6,45,0.0,24,3,21,1.0,-100.0,12.5,MARGIN CALL ($0)
6,46,0.0,24,3,21,1.0,-100.0,12.5,MARGIN CALL ($0)
6,47,0.0,12,1,11,1.0,-100.0,8.333333333333332,MARGIN CALL ($0)
6,48,0.0,12,1,11,1.0,-100.0,8.333333333333332,MARGIN CALL ($0)
6,49,0.0,12,1,11,1.0,-100.0,8.333333333333332,MARGIN CALL ($0)
6,50,0.0,12,1,11,1.0,-100.0,8.333333333333332,MARGIN CALL ($0)
6,51,0.0,12,1,11,1.0,-100.0,8.333333333333332,MARGIN CALL ($0)
6,52,0.0,12,1,11,1.0,-100.0,8.333333333333332,MARGIN CALL ($0)
6,53,0.0,12,1,11,1.0,-100.0,8.333333333333332,MARGIN CALL ($0)
6,54,0.0,12,1,11,1.0,-100.0,8.333333333333332,MARGIN CALL ($0)
6,55,0.0,23,3,20,1.0,-100.0,13.043478260869565,MARGIN CALL ($0)
6,56,0.0,24,3,21,1.0,-100.0,12.5,MARGIN CALL ($0)
6,57,0.0,23,3,20,1.0,-100.0,13.043478260869565,MARGIN CALL ($0)
6,58,0.0,24,3,21,1.0,-100.0,12.5,MARGIN CALL ($0)
6,59,0.0,24,3,21,1.0,-100.0,12.5,MARGIN CALL ($0)
6,60,0.0,24,3,21,1.0,-100.0,12.5,MARGIN CALL ($0)
6,61,0.0,24,3,21,1.0,-100.0,12.5,MARGIN CALL ($0)
6,62,0.0,24,3,21,1.0,-100.0,12.5,MARGIN CALL ($0)
6,63,0.0,23,3,20,1.0,-100.0,13.043478260869565,MARGIN CALL ($0)
6,64,0.0,23,3,20,1.0,-100.0,13.043478260869565,MARGIN CALL ($0)
6,65,0.0,21,3,18,1.0,-100.0,14.285714285714285,MARGIN CALL ($0)
6,66,0.0,27,6,21,1.0,-100.0,22.22222222222222,MARGIN CALL ($0)
6,67,0.0,26,6,20,1.0,-100.0,23.076923076923077,MARGIN CALL ($0)
6,68,0.0,27,6,21,1.0,-100.0,22.22222222222222,MARGIN CALL ($0)
6,69,0.0,27,6,21,1.0,-100.0,22.22222222222222,MARGIN CALL ($0)
6,70,0.0,29,6,23,1.0,-100.0,20.689655172413794,MARGIN CALL ($0)
6,71,0.0,29,6,23,1.0,-100.0,20.689655172413794,MARGIN CALL ($0)
6,72,0.0,17,3,14,1.0,-100.0,17.647058823529413,MARGIN CALL ($0)
6,73,0.0,17,3,14,1.0,-100.0,17.647058823529413,MARGIN CALL ($0)
6,74,0.0,17,3,14,1.0,-100.0,17.647058823529413,MARGIN CALL ($0)
6,75,0.0,18,3,15,1.0,-100.0,16.666666666666664,MARGIN CALL ($0)
6,76,0.0,18,3,15,1.0,-100.0,16.666666666666664,MARGIN CALL ($0)
6,77,0.0,17,3,14,1.0,-100.0,17.647058823529413,MARGIN CALL ($0)
6,78,0.0,17,3,14,1.0,-100.0,17.647058823529413,MARGIN CALL ($0)
6,79,0.0,17,3,14,1.0,-100.0,17.647058823529413,MARGIN CALL ($0)
6,80,0.0,16,3,13,1.0,-100.0,18.75,MARGIN CALL ($0)
6,81,0.0,16,3,13,1.0,-100.0,18.75,MARGIN CALL ($0)
6,82,0.0,25,6,19,1.0,-100.0,24.0,MARGIN CALL ($0)
6,83,0.0,25,6,19,1.0,-100.0,24.0,MARGIN CALL ($0)
6,84,0.0,25,6,19,1.0,-100.0,24.0,MARGIN CALL ($0)
6,85,0.0,26,6,20,1.0,-100.0,23.076923076923077,MARGIN CALL ($0)
6,86,0.0,27,6,21,1.0,-100.0,22.22222222222222,MARGIN CALL ($0)
6,87,0.0,26,6,20,1.0,-100.0,23.076923076923077,MARGIN CALL ($0)
6,88,0.0,26,6,20,1.0,-100.0,23.076923076923077,MARGIN CALL ($0)
6,89,0.0,27,6,21,1.0,-100.0,22.22222222222222,MARGIN CALL ($0)
6,90,0.0,30,7,23,1.0,-100.0,23.333333333333332,MARGIN CALL ($0)
6,91,0.0,31,6,25,1.0,-100.0,19.35483870967742,MARGIN CALL ($0)
6,92,0.0,31,6,25,1.0,-100.0,19.35483870967742,MARGIN CALL ($0)
6,93,0.0,31,6,25,1.0,-100.0,19.35483870967742,MARGIN CALL ($0)
6,94,0.0,30,6,24,1.0,-100.0,20.0,MARGIN CALL ($0)
6,95,0.0,29,6,23,1.0,-100.0,20.689655172413794,MARGIN CALL ($0)
6,96,0.0,30,6,24,1.0,-100.0,20.0,MARGIN CALL ($0)
6,97,0.0,32,6,26,1.0,-100.0,18.75,MARGIN CALL ($0)
6,98,0.0,32,6,26,1.0,-100.0,18.75,MARGIN CALL ($0)
6,99,0.0,31,6,25,1.0,-100.0,19.35483870967742,MARGIN CALL ($0)
6,100,0.0,31,6,25,1.0,-100.0,19.35483870967742,MARGIN CALL ($0)
7,1,0.0,6743,1848,4895,1.0,-100.0,27.40619902120718,MARGIN CALL ($0)
7,2,0.0,6855,1882,4973,1.0,-100.0,27.454412837345004,MARGIN CALL ($0)
7,3,0.0,4567,1268,3299,1.0,-100.0,27.764396759360633,MARGIN CALL ($0)
7,4,0.0,36,8,28,1.0,-100.0,22.22222222222222,MARGIN CALL ($0)
7,5,0.0,13,0,13,1.0,-100.0,0.0,MARGIN CALL ($0)
7,6,0.0,19,1,18,1.0,-100.0,5.263157894736842,MARGIN CALL ($0)
7,7,0.0,18,1,17,1.0,-100.0,5.555555555555555,MARGIN CALL ($0)
7,8,0.0,22,3,19,1.0,-100.0,13.636363636363635,MARGIN CALL ($0)
7,9,0.0,24,3,21,1.0,-100.0,12.5,MARGIN CALL ($0)
7,10,0.0,20,1,19,1.0,-100.0,5.0,MARGIN CALL ($0)
7,11,0.0,13,0,13,1.0,-100.0,0.0,MARGIN CALL ($0)
7,12,0.0,22,3,19,1.0,-100.0,13.636363636363635,MARGIN CALL ($0)
7,13,0.0,20,3,17,1.0,-100.0,15.0,MARGIN CALL ($0)
7,14,0.0,53,10,43,1.0,-100.0,18.867924528301888,MARGIN CALL ($0)
7,15,0.0,53,10,43,1.0,-100.0,18.867924528301888,MARGIN CALL ($0)
7,16,0.0,50,10,40,1.0,-100.0,20.0,MARGIN CALL ($0)
7,17,0.0,48,11,37,1.0,-100.0,22.916666666666664,MARGIN CALL ($0)
7,18,0.0,44,9,35,1.0,-100.0,20.454545454545457,MARGIN CALL ($0)
7,19,0.0,40,10,30,1.0,-100.0,25.0,MARGIN CALL ($0)
7,20,0.0,41,10,31,1.0,-100.0,24.390243902439025,MARGIN CALL ($0)
7,21,0.0,42,10,32,1.0,-100.0,23.809523809523807,MARGIN CALL ($0)
7,22,0.0,41,10,31,1.0,-100.0,24.390243902439025,MARGIN CALL ($0)
7,23,0.0,41,10,31,1.0,-100.0,24.390243902439025,MARGIN CALL ($0)
7,24,0.0,40,8,32,1.0,-100.0,20.0,MARGIN CALL ($0)
7,25,0.0,39,6,33,1.0,-100.0,15.384615384615385,MARGIN CALL ($0)
7,26,0.0,36,5,31,1.0,-100.0,13.88888888888889,MARGIN CALL ($0)
7,27,0.0,36,5,31,1.0,-100.0,13.88888888888889,MARGIN CALL ($0)
7,28,0.0,36,7,29,1.0,-100.0,19.444444444444446,MARGIN CALL ($0)
7,29,0.0,37,7,30,1.0,-100.0,18.91891891891892,MARGIN CALL ($0)
7,30,0.0,32,6,26,1.0,-100.0,18.75,MARGIN CALL ($0)
7,31,0.0,27,4,23,1.0,-100.0,14.814814814814813,MARGIN CALL ($0)
7,32,0.0,26,4,22,1.0,-100.0,15.384615384615385,MARGIN CALL ($0)
7,33,0.0,26,4,22,1.0,-100.0,15.384615384615385,MARGIN CALL ($0)
7,34,0.0,30,6,24,1.0,-100.0,20.0,MARGIN CALL ($0)
7,35,0.0,30,6,24,1.0,-100.0,20.0,MARGIN CALL ($0)
7,36,0.0,28,6,22,1.0,-100.0,21.428571428571427,MARGIN CALL ($0)
7,37,0.0,29,6,23,1.0,-100.0,20.689655172413794,MARGIN CALL ($0)
7,38,0.0,29,6,23,1.0,-100.0,20.689655172413794,MARGIN CALL ($0)
7,39,0.0,28,6,22,1.0,-100.0,21.428571428571427,MARGIN CALL ($0)
7,40,0.0,29,6,23,1.0,-100.0,20.689655172413794,MARGIN CALL ($0)
7,41,0.0,27,6,21,1.0,-100.0,22.22222222222222,MARGIN CALL ($0)
7,42,0.0,29,6,23,1.0,-100.0,20.689655172413794,MARGIN CALL ($0)
7,43,0.0,24,3,21,1.0,-100.0,12.5,MARGIN CALL ($0)
7,44,0.0,24,3,21,1.0,-100.0,12.5,MARGIN CALL ($0)
7,45,0.0,23,3,20,1.0,-100.0,13.043478260869565,MARGIN CALL ($0)
7,46,0.0,23,3,20,1.0,-100.0,13.043478260869565,MARGIN CALL ($0)
7,47,0.0,13,1,12,1.0,-100.0,7.6923076923076925,MARGIN CALL ($0)
7,48,0.0,13,1,12,1.0,-100.0,7.6923076923076925,MARGIN CALL ($0)
7,49,0.0,13,1,12,1.0,-100.0,7.6923076923076925,MARGIN CALL ($0)
7,50,0.0,13,1,12,1.0,-100.0,7.6923076923076925,MARGIN CALL ($0)
7,51,0.0,13,1,12,1.0,-100.0,7.6923076923076925,MARGIN CALL ($0)
7,52,0.0,12,1,11,1.0,-100.0,8.333333333333332,MARGIN CALL ($0)
7,53,0.0,12,1,11,1.0,-100.0,8.333333333333332,MARGIN CALL ($0)
7,54,0.0,12,1,11,1.0,-100.0,8.333333333333332,MARGIN CALL ($0)
7,55,0.0,24,3,21,1.0,-100.0,12.5,MARGIN CALL ($0)
7,56,0.0,24,3,21,1.0,-100.0,12.5,MARGIN CALL ($0)
7,57,0.0,24,3,21,1.0,-100.0,12.5,MARGIN CALL ($0)
7,58,0.0,25,3,22,1.0,-100.0,12.0,MARGIN CALL ($0)
7,59,0.0,25,3,22,1.0,-100.0,12.0,MARGIN CALL ($0)
7,60,0.0,25,3,22,1.0,-100.0,12.0,MARGIN CALL ($0)
7,61,0.0,25,3,22,1.0,-100.0,12.0,MARGIN CALL ($0)
7,62,0.0,25,3,22,1.0,-100.0,12.0,MARGIN CALL ($0)
7,63,0.0,24,3,21,1.0,-100.0,12.5,MARGIN CALL ($0)
7,64,0.0,23,3,20,1.0,-100.0,13.043478260869565,MARGIN CALL ($0)
7,65,0.0,22,3,19,1.0,-100.0,13.636363636363635,MARGIN CALL ($0)
7,66,0.0,28,6,22,1.0,-100.0,21.428571428571427,MARGIN CALL ($0)
7,67,0.0,26,6,20,1.0,-100.0,23.076923076923077,MARGIN CALL ($0)
7,68,0.0,28,5,23,1.0,-100.0,17.857142857142858,MARGIN CALL ($0)
7,69,0.0,28,5,23,1.0,-100.0,17.857142857142858,MARGIN CALL ($0)
7,70,0.0,30,5,25,1.0,-100.0,16.666666666666664,MARGIN CALL ($0)
7,71,0.0,30,5,25,1.0,-100.0,16.666666666666664,MARGIN CALL ($0)
7,72,0.0,18,2,16,1.0,-100.0,11.11111111111111,MARGIN CALL ($0)
7,73,0.0,18,2,16,1.0,-100.0,11.11111111111111,MARGIN CALL ($0)
7,74,0.0,18,2,16,1.0,-100.0,11.11111111111111,MARGIN CALL ($0)
7,75,0.0,16,2,14,1.0,-100.0,12.5,MARGIN CALL ($0)
7,76,0.0,16,2,14,1.0,-100.0,12.5,MARGIN CALL ($0)
7,77,0.0,18,3,15,1.0,-100.0,16.666666666666664,MARGIN CALL ($0)
7,78,0.0,18,3,15,1.0,-100.0,16.666666666666664,MARGIN CALL ($0)
7,79,0.0,18,3,15,1.0,-100.0,16.666666666666664,MARGIN CALL ($0)
7,80,0.0,16,3,13,1.0,-100.0,18.75,MARGIN CALL ($0)
7,81,0.0,16,3,13,1.0,-100.0,18.75,MARGIN CALL ($0)
7,82,0.0,25,6,19,1.0,-100.0,24.0,MARGIN CALL ($0)
7,83,0.0,25,6,19,1.0,-100.0,24.0,MARGIN CALL ($0)
7,84,0.0,25,6,19,1.0,-100.0,24.0,MARGIN CALL ($0)
7,85,0.0,26,6,20,1.0,-100.0,23.076923076923077,MARGIN CALL ($0)
7,86,0.0,28,6,22,1.0,-100.0,21.428571428571427,MARGIN CALL ($0)
7,87,0.0,26,6,20,1.0,-100.0,23.076923076923077,MARGIN CALL ($0)
7,88,0.0,26,6,20,1.0,-100.0,23.076923076923077,MARGIN CALL ($0)
7,89,0.0,27,6,21,1.0,-100.0,22.22222222222222,MARGIN CALL ($0)
7,90,0.0,30,7,23,1.0,-100.0,23.333333333333332,MARGIN CALL ($0)
7,91,0.0,31,6,25,1.0,-100.0,19.35483870967742,MARGIN CALL ($0)
7,92,0.0,31,6,25,1.0,-100.0,19.35483870967742,MARGIN CALL ($0)
7,93,0.0,31,6,25,1.0,-100.0,19.35483870967742,MARGIN CALL ($0)
7,94,0.0,30,6,24,1.0,-100.0,20.0,MARGIN CALL ($0)
7,95,0.0,29,6,23,1.0,-100.0,20.689655172413794,MARGIN CALL ($0)
7,96,0.0,30,6,24,1.0,-100.0,20.0,MARGIN CALL ($0)
7,97,0.0,31,6,25,1.0,-100.0,19.35483870967742,MARGIN CALL ($0)
7,98,0.0,31,6,25,1.0,-100.0,19.35483870967742,MARGIN CALL ($0)
7,99,0.0,30,6,24,1.0,-100.0,20.0,MARGIN CALL ($0)
7,100,0.0,30,6,24,1.0,-100.0,20.0,MARGIN CALL ($0)
8,1,0.0,890,223,667,1.0,-100.0,25.056179775280903,MARGIN CALL ($0)
8,2,0.0,6856,1882,4974,1.0,-100.0,27.450408401400235,MARGIN CALL ($0)
8,3,0.0,4366,1214,3152,1.0,-100.0,27.805771873568485,MARGIN CALL ($0)
8,4,0.0,37,8,29,1.0,-100.0,21.62162162162162,MARGIN CALL ($0)
8,5,0.0,13,0,13,1.0,-100.0,0.0,MARGIN CALL ($0)
8,6,0.0,19,1,18,1.0,-100.0,5.263157894736842,MARGIN CALL ($0)
8,7,0.0,19,1,18,1.0,-100.0,5.263157894736842,MARGIN CALL ($0)
8,8,0.0,20,3,17,1.0,-100.0,15.0,MARGIN CALL ($0)
8,9,0.0,22,3,19,1.0,-100.0,13.636363636363635,MARGIN CALL ($0)
8,10,0.0,27,3,24,1.0,-100.0,11.11111111111111,MARGIN CALL ($0)
8,11,0.0,13,0,13,1.0,-100.0,0.0,MARGIN CALL ($0)
8,12,0.0,13,0,13,1.0,-100.0,0.0,MARGIN CALL ($0)
8,13,0.0,12,0,12,1.0,-100.0,0.0,MARGIN CALL ($0)
8,14,0.0,42,7,35,1.0,-100.0,16.666666666666664,MARGIN CALL ($0)
8,15,0.0,52,10,42,1.0,-100.0,19.230769230769234,MARGIN CALL ($0)
8,16,0.0,48,11,37,1.0,-100.0,22.916666666666664,MARGIN CALL ($0)
8,17,0.0,49,11,38,1.0,-100.0,22.448979591836736,MARGIN CALL ($0)
8,18,0.0,44,9,35,1.0,-100.0,20.454545454545457,MARGIN CALL ($0)
8,19,0.0,42,10,32,1.0,-100.0,23.809523809523807,MARGIN CALL ($0)
8,20,0.0,42,10,32,1.0,-100.0,23.809523809523807,MARGIN CALL ($0)
8,21,0.0,41,10,31,1.0,-100.0,24.390243902439025,MARGIN CALL ($0)
8,22,0.0,40,10,30,1.0,-100.0,25.0,MARGIN CALL ($0)
8,23,0.0,39,8,31,1.0,-100.0,20.51282051282051,MARGIN CALL ($0)
8,24,0.0,37,8,29,1.0,-100.0,21.62162162162162,MARGIN CALL ($0)
8,25,0.0,34,6,28,1.0,-100.0,17.647058823529413,MARGIN CALL ($0)
8,26,0.0,34,5,29,1.0,-100.0,14.705882352941178,MARGIN CALL ($0)
8,27,0.0,33,5,28,1.0,-100.0,15.151515151515152,MARGIN CALL ($0)
8,28,0.0,32,5,27,1.0,-100.0,15.625,MARGIN CALL ($0)
8,29,0.0,32,5,27,1.0,-100.0,15.625,MARGIN CALL ($0)
8,30,0.0,26,4,22,1.0,-100.0,15.384615384615385,MARGIN CALL ($0)
8,31,0.0,25,4,21,1.0,-100.0,16.0,MARGIN CALL ($0)
8,32,0.0,25,4,21,1.0,-100.0,16.0,MARGIN CALL ($0)
8,33,0.0,25,4,21,1.0,-100.0,16.0,MARGIN CALL ($0)
8,34,0.0,27,6,21,1.0,-100.0,22.22222222222222,MARGIN CALL ($0)
8,35,0.0,27,6,21,1.0,-100.0,22.22222222222222,MARGIN CALL ($0)
8,36,0.0,28,6,22,1.0,-100.0,21.428571428571427,MARGIN CALL ($0)
8,37,0.0,28,6,22,1.0,-100.0,21.428571428571427,MARGIN CALL ($0)
8,38,0.0,28,6,22,1.0,-100.0,21.428571428571427,MARGIN CALL ($0)
8,39,0.0,28,6,22,1.0,-100.0,21.428571428571427,MARGIN CALL ($0)
8,40,0.0,29,6,23,1.0,-100.0,20.689655172413794,MARGIN CALL ($0)
8,41,0.0,27,6,21,1.0,-100.0,22.22222222222222,MARGIN CALL ($0)
8,42,0.0,28,6,22,1.0,-100.0,21.428571428571427,MARGIN CALL ($0)
8,43,0.0,24,3,21,1.0,-100.0,12.5,MARGIN CALL ($0)
8,44,0.0,25,3,22,1.0,-100.0,12.0,MARGIN CALL ($0)
8,45,0.0,24,3,21,1.0,-100.0,12.5,MARGIN CALL ($0)
8,46,0.0,24,3,21,1.0,-100.0,12.5,MARGIN CALL ($0)
8,47,0.0,13,1,12,1.0,-100.0,7.6923076923076925,MARGIN CALL ($0)
8,48,0.0,13,1,12,1.0,-100.0,7.6923076923076925,MARGIN CALL ($0)
8,49,0.0,13,1,12,1.0,-100.0,7.6923076923076925,MARGIN CALL ($0)
8,50,0.0,13,1,12,1.0,-100.0,7.6923076923076925,MARGIN CALL ($0)
8,51,0.0,13,1,12,1.0,-100.0,7.6923076923076925,MARGIN CALL ($0)
8,52,0.0,12,1,11,1.0,-100.0,8.333333333333332,MARGIN CALL ($0)
8,53,0.0,12,1,11,1.0,-100.0,8.333333333333332,MARGIN CALL ($0)
8,54,0.0,12,1,11,1.0,-100.0,8.333333333333332,MARGIN CALL ($0)
8,55,0.0,24,3,21,1.0,-100.0,12.5,MARGIN CALL ($0)
8,56,0.0,25,3,22,1.0,-100.0,12.0,MARGIN CALL ($0)
8,57,0.0,24,3,21,1.0,-100.0,12.5,MARGIN CALL ($0)
8,58,0.0,25,3,22,1.0,-100.0,12.0,MARGIN CALL ($0)
8,59,0.0,25,3,22,1.0,-100.0,12.0,MARGIN CALL ($0)
8,60,0.0,25,3,22,1.0,-100.0,12.0,MARGIN CALL ($0)
8,61,0.0,25,3,22,1.0,-100.0,12.0,MARGIN CALL ($0)
8,62,0.0,25,3,22,1.0,-100.0,12.0,MARGIN CALL ($0)
8,63,0.0,25,3,22,1.0,-100.0,12.0,MARGIN CALL ($0)
8,64,0.0,24,3,21,1.0,-100.0,12.5,MARGIN CALL ($0)
8,65,0.0,22,3,19,1.0,-100.0,13.636363636363635,MARGIN CALL ($0)
8,66,0.0,28,6,22,1.0,-100.0,21.428571428571427,MARGIN CALL ($0)
8,67,0.0,26,6,20,1.0,-100.0,23.076923076923077,MARGIN CALL ($0)
8,68,0.0,27,5,22,1.0,-100.0,18.51851851851852,MARGIN CALL ($0)
8,69,0.0,27,5,22,1.0,-100.0,18.51851851851852,MARGIN CALL ($0)
8,70,0.0,29,5,24,1.0,-100.0,17.24137931034483,MARGIN CALL ($0)
8,71,0.0,29,5,24,1.0,-100.0,17.24137931034483,MARGIN CALL ($0)
8,72,0.0,17,2,15,1.0,-100.0,11.76470588235294,MARGIN CALL ($0)
8,73,0.0,17,2,15,1.0,-100.0,11.76470588235294,MARGIN CALL ($0)
8,74,0.0,17,2,15,1.0,-100.0,11.76470588235294,MARGIN CALL ($0)
8,75,0.0,17,2,15,1.0,-100.0,11.76470588235294,MARGIN CALL ($0)
8,76,0.0,17,2,15,1.0,-100.0,11.76470588235294,MARGIN CALL ($0)
8,77,0.0,13,1,12,1.0,-100.0,7.6923076923076925,MARGIN CALL ($0)
8,78,0.0,13,1,12,1.0,-100.0,7.6923076923076925,MARGIN CALL ($0)
8,79,0.0,13,1,12,1.0,-100.0,7.6923076923076925,MARGIN CALL ($0)
8,80,0.0,11,1,10,1.0,-100.0,9.090909090909092,MARGIN CALL ($0)
8,81,0.0,11,1,10,1.0,-100.0,9.090909090909092,MARGIN CALL ($0)
8,82,0.0,20,3,17,1.0,-100.0,15.0,MARGIN CALL ($0)
8,83,0.0,20,3,17,1.0,-100.0,15.0,MARGIN CALL ($0)
8,84,0.0,20,3,17,1.0,-100.0,15.0,MARGIN CALL ($0)
8,85,0.0,20,3,17,1.0,-100.0,15.0,MARGIN CALL ($0)
8,86,0.0,21,3,18,1.0,-100.0,14.285714285714285,MARGIN CALL ($0)
8,87,0.0,20,3,17,1.0,-100.0,15.0,MARGIN CALL ($0)
8,88,0.0,20,3,17,1.0,-100.0,15.0,MARGIN CALL ($0)
8,89,0.0,21,3,18,1.0,-100.0,14.285714285714285,MARGIN CALL ($0)
8,90,0.0,23,4,19,1.0,-100.0,17.391304347826086,MARGIN CALL ($0)
8,91,0.0,24,3,21,1.0,-100.0,12.5,MARGIN CALL ($0)
8,92,0.0,24,3,21,1.0,-100.0,12.5,MARGIN CALL ($0)
8,93,0.0,24,3,21,1.0,-100.0,12.5,MARGIN CALL ($0)
8,94,0.0,23,3,20,1.0,-100.0,13.043478260869565,MARGIN CALL ($0)
8,95,0.0,23,3,20,1.0,-100.0,13.043478260869565,MARGIN CALL ($0)
8,96,0.0,24,3,21,1.0,-100.0,12.5,MARGIN CALL ($0)
8,97,0.0,25,3,22,1.0,-100.0,12.0,MARGIN CALL ($0)
8,98,0.0,25,3,22,1.0,-100.0,12.0,MARGIN CALL ($0)
8,99,0.0,25,3,22,1.0,-100.0,12.0,MARGIN CALL ($0)
8,100,0.0,25,3,22,1.0,-100.0,12.0,MARGIN CALL ($0)
9,1,0.0,766,191,575,1.0,-100.0,24.934725848563968,MARGIN CALL ($0)
9,2,0.0,6855,1882,4973,1.0,-100.0,27.454412837345004,MARGIN CALL ($0)
9,3,0.0,4145,1154,2991,1.0,-100.0,27.840772014475274,MARGIN CALL ($0)
9,4,0.0,38,8,30,1.0,-100.0,21.052631578947366,MARGIN CALL ($0)
9,5,0.0,13,0,13,1.0,-100.0,0.0,MARGIN CALL ($0)
9,6,0.0,19,1,18,1.0,-100.0,5.263157894736842,MARGIN CALL ($0)
9,7,0.0,20,1,19,1.0,-100.0,5.0,MARGIN CALL ($0)
9,8,0.0,21,3,18,1.0,-100.0,14.285714285714285,MARGIN CALL ($0)
9,9,0.0,21,3,18,1.0,-100.0,14.285714285714285,MARGIN CALL ($0)
9,10,0.0,26,3,23,1.0,-100.0,11.538461538461538,MARGIN CALL ($0)
9,11,0.0,13,0,13,1.0,-100.0,0.0,MARGIN CALL ($0)
9,12,0.0,13,0,13,1.0,-100.0,0.0,MARGIN CALL ($0)
9,13,0.0,11,0,11,1.0,-100.0,0.0,MARGIN CALL ($0)
9,14,0.0,42,7,35,1.0,-100.0,16.666666666666664,MARGIN CALL ($0)
9,15,0.0,51,10,41,1.0,-100.0,19.607843137254903,MARGIN CALL ($0)
9,16,0.0,48,11,37,1.0,-100.0,22.916666666666664,MARGIN CALL ($0)
9,17,0.0,47,11,36,1.0,-100.0,23.404255319148938,MARGIN CALL ($0)
9,18,0.0,42,9,33,1.0,-100.0,21.428571428571427,MARGIN CALL ($0)
9,19,0.0,40,10,30,1.0,-100.0,25.0,MARGIN CALL ($0)
9,20,0.0,40,10,30,1.0,-100.0,25.0,MARGIN CALL ($0)
9,21,0.0,39,10,29,1.0,-100.0,25.64102564102564,MARGIN CALL ($0)
9,22,0.0,40,10,30,1.0,-100.0,25.0,MARGIN CALL ($0)
9,23,0.0,27,5,22,1.0,-100.0,18.51851851851852,MARGIN CALL ($0)
9,24,0.0,38,8,30,1.0,-100.0,21.052631578947366,MARGIN CALL ($0)
9,25,0.0,33,6,27,1.0,-100.0,18.181818181818183,MARGIN CALL ($0)
9,26,0.0,30,5,25,1.0,-100.0,16.666666666666664,MARGIN CALL ($0)
9,27,0.0,30,5,25,1.0,-100.0,16.666666666666664,MARGIN CALL ($0)
9,28,0.0,28,5,23,1.0,-100.0,17.857142857142858,MARGIN CALL ($0)
9,29,0.0,29,5,24,1.0,-100.0,17.24137931034483,MARGIN CALL ($0)
9,30,0.0,25,4,21,1.0,-100.0,16.0,MARGIN CALL ($0)
9,31,0.0,24,4,20,1.0,-100.0,16.666666666666664,MARGIN CALL ($0)
9,32,0.0,24,4,20,1.0,-100.0,16.666666666666664,MARGIN CALL ($0)
9,33,0.0,24,4,20,1.0,-100.0,16.666666666666664,MARGIN CALL ($0)
9,34,0.0,26,6,20,1.0,-100.0,23.076923076923077,MARGIN CALL ($0)
9,35,0.0,26,6,20,1.0,-100.0,23.076923076923077,MARGIN CALL ($0)
9,36,0.0,27,6,21,1.0,-100.0,22.22222222222222,MARGIN CALL ($0)
9,37,0.0,27,6,21,1.0,-100.0,22.22222222222222,MARGIN CALL ($0)
9,38,0.0,28,6,22,1.0,-100.0,21.428571428571427,MARGIN CALL ($0)
9,39,0.0,28,6,22,1.0,-100.0,21.428571428571427,MARGIN CALL ($0)
9,40,0.0,29,6,23,1.0,-100.0,20.689655172413794,MARGIN CALL ($0)
9,41,0.0,27,6,21,1.0,-100.0,22.22222222222222,MARGIN CALL ($0)
9,42,0.0,28,6,22,1.0,-100.0,21.428571428571427,MARGIN CALL ($0)
9,43,0.0,23,3,20,1.0,-100.0,13.043478260869565,MARGIN CALL ($0)
9,44,0.0,24,3,21,1.0,-100.0,12.5,MARGIN CALL ($0)
9,45,0.0,25,3,22,1.0,-100.0,12.0,MARGIN CALL ($0)
9,46,0.0,25,3,22,1.0,-100.0,12.0,MARGIN CALL ($0)
9,47,0.0,12,1,11,1.0,-100.0,8.333333333333332,MARGIN CALL ($0)
9,48,0.0,12,1,11,1.0,-100.0,8.333333333333332,MARGIN CALL ($0)
9,49,0.0,12,1,11,1.0,-100.0,8.333333333333332,MARGIN CALL ($0)
9,50,0.0,12,1,11,1.0,-100.0,8.333333333333332,MARGIN CALL ($0)
9,51,0.0,12,1,11,1.0,-100.0,8.333333333333332,MARGIN CALL ($0)
9,52,0.0,11,1,10,1.0,-100.0,9.090909090909092,MARGIN CALL ($0)
9,53,0.0,11,1,10,1.0,-100.0,9.090909090909092,MARGIN CALL ($0)
9,54,0.0,11,1,10,1.0,-100.0,9.090909090909092,MARGIN CALL ($0)
9,55,0.0,23,3,20,1.0,-100.0,13.043478260869565,MARGIN CALL ($0)
9,56,0.0,24,3,21,1.0,-100.0,12.5,MARGIN CALL ($0)
9,57,0.0,24,3,21,1.0,-100.0,12.5,MARGIN CALL ($0)
9,58,0.0,25,3,22,1.0,-100.0,12.0,MARGIN CALL ($0)
9,59,0.0,25,3,22,1.0,-100.0,12.0,MARGIN CALL ($0)
9,60,0.0,25,3,22,1.0,-100.0,12.0,MARGIN CALL ($0)
9,61,0.0,25,3,22,1.0,-100.0,12.0,MARGIN CALL ($0)
9,62,0.0,25,3,22,1.0,-100.0,12.0,MARGIN CALL ($0)
9,63,0.0,25,3,22,1.0,-100.0,12.0,MARGIN CALL ($0)
9,64,0.0,24,3,21,1.0,-100.0,12.5,MARGIN CALL ($0)
9,65,0.0,22,3,19,1.0,-100.0,13.636363636363635,MARGIN CALL ($0)
9,66,0.0,28,6,22,1.0,-100.0,21.428571428571427,MARGIN CALL ($0)
9,67,0.0,26,6,20,1.0,-100.0,23.076923076923077,MARGIN CALL ($0)
9,68,0.0,27,5,22,1.0,-100.0,18.51851851851852,MARGIN CALL ($0)
9,69,0.0,27,5,22,1.0,-100.0,18.51851851851852,MARGIN CALL ($0)
9,70,0.0,29,5,24,1.0,-100.0,17.24137931034483,MARGIN CALL ($0)
9,71,0.0,28,5,23,1.0,-100.0,17.857142857142858,MARGIN CALL ($0)
9,72,0.0,17,2,15,1.0,-100.0,11.76470588235294,MARGIN CALL ($0)
9,73,0.0,17,2,15,1.0,-100.0,11.76470588235294,MARGIN CALL ($0)
9,74,0.0,17,2,15,1.0,-100.0,11.76470588235294,MARGIN CALL ($0)
9,75,0.0,17,2,15,1.0,-100.0,11.76470588235294,MARGIN CALL ($0)
9,76,0.0,17,2,15,1.0,-100.0,11.76470588235294,MARGIN CALL ($0)
9,77,0.0,12,1,11,1.0,-100.0,8.333333333333332,MARGIN CALL ($0)
9,78,0.0,12,1,11,1.0,-100.0,8.333333333333332,MARGIN CALL ($0)
9,79,0.0,12,1,11,1.0,-100.0,8.333333333333332,MARGIN CALL ($0)
9,80,0.0,11,1,10,1.0,-100.0,9.090909090909092,MARGIN CALL ($0)
9,81,0.0,11,1,10,1.0,-100.0,9.090909090909092,MARGIN CALL ($0)
9,82,0.0,20,3,17,1.0,-100.0,15.0,MARGIN CALL ($0)
9,83,0.0,20,3,17,1.0,-100.0,15.0,MARGIN CALL ($0)
9,84,0.0,20,3,17,1.0,-100.0,15.0,MARGIN CALL ($0)
9,85,0.0,20,3,17,1.0,-100.0,15.0,MARGIN CALL ($0)
9,86,0.0,20,3,17,1.0,-100.0,15.0,MARGIN CALL ($0)
9,87,0.0,19,3,16,1.0,-100.0,15.789473684210526,MARGIN CALL ($0)
9,88,0.0,19,3,16,1.0,-100.0,15.789473684210526,MARGIN CALL ($0)
9,89,0.0,20,3,17,1.0,-100.0,15.0,MARGIN CALL ($0)
9,90,0.0,22,4,18,1.0,-100.0,18.181818181818183,MARGIN CALL ($0)
9,91,0.0,23,3,20,1.0,-100.0,13.043478260869565,MARGIN CALL ($0)
9,92,0.0,23,3,20,1.0,-100.0,13.043478260869565,MARGIN CALL ($0)
9,93,0.0,23,3,20,1.0,-100.0,13.043478260869565,MARGIN CALL ($0)
9,94,0.0,22,3,19,1.0,-100.0,13.636363636363635,MARGIN CALL ($0)
9,95,0.0,22,3,19,1.0,-100.0,13.636363636363635,MARGIN CALL ($0)
9,96,0.0,22,3,19,1.0,-100.0,13.636363636363635,MARGIN CALL ($0)
9,97,0.0,23,3,20,1.0,-100.0,13.043478260869565,MARGIN CALL ($0)
9,98,0.0,23,3,20,1.0,-100.0,13.043478260869565,MARGIN CALL ($0)
9,99,0.0,23,3,20,1.0,-100.0,13.043478260869565,MARGIN CALL ($0)
9,100,0.0,23,3,20,1.0,-100.0,13.043478260869565,MARGIN CALL ($0)
10,1,0.0,3976,1088,2888,1.0,-100.0,27.364185110663986,MARGIN CALL ($0)
10,2,0.0,6851,1882,4969,1.0,-100.0,27.470442271201286,MARGIN CALL ($0)
10,3,0.0,4123,1151,2972,1.0,-100.0,27.916565607567307,MARGIN CALL ($0)
10,4,0.0,39,8,31,1.0,-100.0,20.51282051282051,MARGIN CALL ($0)
10,5,0.0,14,0,14,1.0,-100.0,0.0,MARGIN CALL ($0)
10,6,0.0,20,1,19,1.0,-100.0,5.0,MARGIN CALL ($0)
10,7,0.0,20,1,19,1.0,-100.0,5.0,MARGIN CALL ($0)
10,8,0.0,25,3,22,1.0,-100.0,12.0,MARGIN CALL ($0)
10,9,0.0,25,3,22,1.0,-100.0,12.0,MARGIN CALL ($0)
10,10,0.0,22,3,19,1.0,-100.0,13.636363636363635,MARGIN CALL ($0)
10,11,0.0,24,3,21,1.0,-100.0,12.5,MARGIN CALL ($0)
10,12,0.0,21,3,18,1.0,-100.0,14.285714285714285,MARGIN CALL ($0)
10,13,0.0,52,9,43,1.0,-100.0,17.307692307692307,MARGIN CALL ($0)
10,14,0.0,53,9,44,1.0,-100.0,16.9811320754717,MARGIN CALL ($0)
10,15,0.0,49,9,40,1.0,-100.0,18.367346938775512,MARGIN CALL ($0)
10,16,0.0,49,10,39,1.0,-100.0,20.408163265306122,MARGIN CALL ($0)
10,17,0.0,50,9,41,1.0,-100.0,18.0,MARGIN CALL ($0)
10,18,0.0,45,7,38,1.0,-100.0,15.555555555555555,MARGIN CALL ($0)
10,19,0.0,49,8,41,1.0,-100.0,16.3265306122449,MARGIN CALL ($0)
10,20,0.0,48,8,40,1.0,-100.0,16.666666666666664,MARGIN CALL ($0)
10,21,0.0,50,9,41,1.0,-100.0,18.0,MARGIN CALL ($0)
10,22,0.0,49,9,40,1.0,-100.0,18.367346938775512,MARGIN CALL ($0)
10,23,0.0,36,6,30,1.0,-100.0,16.666666666666664,MARGIN CALL ($0)
10,24,0.0,37,5,32,1.0,-100.0,13.513513513513514,MARGIN CALL ($0)
10,25,0.0,34,5,29,1.0,-100.0,14.705882352941178,MARGIN CALL ($0)
10,26,0.0,34,5,29,1.0,-100.0,14.705882352941178,MARGIN CALL ($0)
10,27,0.0,36,5,31,1.0,-100.0,13.88888888888889,MARGIN CALL ($0)
10,28,0.0,35,6,29,1.0,-100.0,17.142857142857142,MARGIN CALL ($0)
10,29,0.0,35,6,29,1.0,-100.0,17.142857142857142,MARGIN CALL ($0)
10,30,0.0,31,5,26,1.0,-100.0,16.129032258064516,MARGIN CALL ($0)
10,31,0.0,30,5,25,1.0,-100.0,16.666666666666664,MARGIN CALL ($0)
10,32,0.0,30,5,25,1.0,-100.0,16.666666666666664,MARGIN CALL ($0)
10,33,0.0,29,5,24,1.0,-100.0,17.24137931034483,MARGIN CALL ($0)
10,34,0.0,32,6,26,1.0,-100.0,18.75,MARGIN CALL ($0)
10,35,0.0,33,7,26,1.0,-100.0,21.21212121212121,MARGIN CALL ($0)
10,36,0.0,33,7,26,1.0,-100.0,21.21212121212121,MARGIN CALL ($0)
10,37,0.0,34,7,27,1.0,-100.0,20.588235294117645,MARGIN CALL ($0)
10,38,0.0,32,7,25,1.0,-100.0,21.875,MARGIN CALL ($0)
10,39,0.0,14,2,12,1.0,-100.0,14.285714285714285,MARGIN CALL ($0)
10,40,0.0,15,2,13,1.0,-100.0,13.333333333333334,MARGIN CALL ($0)
10,41,0.0,13,2,11,1.0,-100.0,15.384615384615385,MARGIN CALL ($0)
10,42,0.0,15,2,13,1.0,-100.0,13.333333333333334,MARGIN CALL ($0)
10,43,0.0,13,2,11,1.0,-100.0,15.384615384615385,MARGIN CALL ($0)
10,44,0.0,13,2,11,1.0,-100.0,15.384615384615385,MARGIN CALL ($0)
10,45,0.0,14,2,12,1.0,-100.0,14.285714285714285,MARGIN CALL ($0)
10,46,0.0,14,2,12,1.0,-100.0,14.285714285714285,MARGIN CALL ($0)
10,47,0.0,15,2,13,1.0,-100.0,13.333333333333334,MARGIN CALL ($0)
10,48,0.0,16,2,14,1.0,-100.0,12.5,MARGIN CALL ($0)
10,49,0.0,17,2,15,1.0,-100.0,11.76470588235294,MARGIN CALL ($0)
10,50,0.0,17,2,15,1.0,-100.0,11.76470588235294,MARGIN CALL ($0)
10,51,0.0,16,2,14,1.0,-100.0,12.5,MARGIN CALL ($0)
10,52,0.0,16,2,14,1.0,-100.0,12.5,MARGIN CALL ($0)
10,53,0.0,16,2,14,1.0,-100.0,12.5,MARGIN CALL ($0)
10,54,0.0,17,2,15,1.0,-100.0,11.76470588235294,MARGIN CALL ($0)
10,55,0.0,27,5,22,1.0,-100.0,18.51851851851852,MARGIN CALL ($0)
10,56,0.0,28,5,23,1.0,-100.0,17.857142857142858,MARGIN CALL ($0)
10,57,0.0,28,5,23,1.0,-100.0,17.857142857142858,MARGIN CALL ($0)
10,58,0.0,29,5,24,1.0,-100.0,17.24137931034483,MARGIN CALL ($0)
10,59,0.0,29,5,24,1.0,-100.0,17.24137931034483,MARGIN CALL ($0)
10,60,0.0,29,5,24,1.0,-100.0,17.24137931034483,MARGIN CALL ($0)
10,61,0.0,29,5,24,1.0,-100.0,17.24137931034483,MARGIN CALL ($0)
10,62,0.0,29,5,24,1.0,-100.0,17.24137931034483,MARGIN CALL ($0)
10,63,0.0,29,5,24,1.0,-100.0,17.24137931034483,MARGIN CALL ($0)
10,64,0.0,14,2,12,1.0,-100.0,14.285714285714285,MARGIN CALL ($0)
10,65,0.0,14,2,12,1.0,-100.0,14.285714285714285,MARGIN CALL ($0)
10,66,0.0,15,2,13,1.0,-100.0,13.333333333333334,MARGIN CALL ($0)
10,67,0.0,16,2,14,1.0,-100.0,12.5,MARGIN CALL ($0)
10,68,0.0,16,2,14,1.0,-100.0,12.5,MARGIN CALL ($0)
10,69,0.0,16,2,14,1.0,-100.0,12.5,MARGIN CALL ($0)
10,70,0.0,16,2,14,1.0,-100.0,12.5,MARGIN CALL ($0)
10,71,0.0,15,2,13,1.0,-100.0,13.333333333333334,MARGIN CALL ($0)
10,72,0.0,15,2,13,1.0,-100.0,13.333333333333334,MARGIN CALL ($0)
10,73,0.0,15,2,13,1.0,-100.0,13.333333333333334,MARGIN CALL ($0)
10,74,0.0,15,2,13,1.0,-100.0,13.333333333333334,MARGIN CALL ($0)
10,75,0.0,15,2,13,1.0,-100.0,13.333333333333334,MARGIN CALL ($0)
10,76,0.0,15,2,13,1.0,-100.0,13.333333333333334,MARGIN CALL ($0)
10,77,0.0,15,2,13,1.0,-100.0,13.333333333333334,MARGIN CALL ($0)
10,78,0.0,15,2,13,1.0,-100.0,13.333333333333334,MARGIN CALL ($0)
10,79,0.0,15,2,13,1.0,-100.0,13.333333333333334,MARGIN CALL ($0)
10,80,0.0,15,2,13,1.0,-100.0,13.333333333333334,MARGIN CALL ($0)
10,81,0.0,15,2,13,1.0,-100.0,13.333333333333334,MARGIN CALL ($0)
10,82,0.0,15,2,13,1.0,-100.0,13.333333333333334,MARGIN CALL ($0)
10,83,0.0,15,2,13,1.0,-100.0,13.333333333333334,MARGIN CALL ($0)
10,84,0.0,15,2,13,1.0,-100.0,13.333333333333334,MARGIN CALL ($0)
10,85,0.0,15,2,13,1.0,-100.0,13.333333333333334,MARGIN CALL ($0)
10,86,0.0,15,2,13,1.0,-100.0,13.333333333333334,MARGIN CALL ($0)
10,87,0.0,15,2,13,1.0,-100.0,13.333333333333334,MARGIN CALL ($0)
10,88,0.0,15,2,13,1.0,-100.0,13.333333333333334,MARGIN CALL ($0)
10,89,0.0,14,2,12,1.0,-100.0,14.285714285714285,MARGIN CALL ($0)
10,90,0.0,16,3,13,1.0,-100.0,18.75,MARGIN CALL ($0)
10,91,0.0,14,2,12,1.0,-100.0,14.285714285714285,MARGIN CALL ($0)
10,92,0.0,14,2,12,1.0,-100.0,14.285714285714285,MARGIN CALL ($0)
10,93,0.0,14,2,12,1.0,-100.0,14.285714285714285,MARGIN CALL ($0)
10,94,0.0,14,2,12,1.0,-100.0,14.285714285714285,MARGIN CALL ($0)
10,95,0.0,14,2,12,1.0,-100.0,14.285714285714285,MARGIN CALL ($0)
10,96,0.0,14,2,12,1.0,-100.0,14.285714285714285,MARGIN CALL ($0)
10,97,0.0,14,2,12,1.0,-100.0,14.285714285714285,MARGIN CALL ($0)
10,98,0.0,14,2,12,1.0,-100.0,14.285714285714285,MARGIN CALL ($0)
10,99,0.0,15,2,13,1.0,-100.0,13.333333333333334,MARGIN CALL ($0)
10,100,0.0,15,2,13,1.0,-100.0,13.333333333333334,MARGIN CALL ($0)
11,1,0.0,3059,827,2232,1.0,-100.0,27.034978751225893,MARGIN CALL ($0)
11,2,0.0,6851,1882,4969,1.0,-100.0,27.470442271201286,MARGIN CALL ($0)
11,3,0.0,4176,1166,3010,1.0,-100.0,27.92145593869732,MARGIN CALL ($0)
11,4,0.0,38,8,30,1.0,-100.0,21.052631578947366,MARGIN CALL ($0)
11,5,0.0,14,0,14,1.0,-100.0,0.0,MARGIN CALL ($0)
11,6,0.0,18,1,17,1.0,-100.0,5.555555555555555,MARGIN CALL ($0)
11,7,0.0,18,1,17,1.0,-100.0,5.555555555555555,MARGIN CALL ($0)
11,8,0.0,23,3,20,1.0,-100.0,13.043478260869565,MARGIN CALL ($0)
11,9,0.0,23,3,20,1.0,-100.0,13.043478260869565,MARGIN CALL ($0)
11,10,0.0,23,3,20,1.0,-100.0,13.043478260869565,MARGIN CALL ($0)
11,11,0.0,19,3,16,1.0,-100.0,15.789473684210526,MARGIN CALL ($0)
11,12,0.0,19,3,16,1.0,-100.0,15.789473684210526,MARGIN CALL ($0)
11,13,0.0,50,9,41,1.0,-100.0,18.0,MARGIN CALL ($0)
11,14,0.0,52,9,43,1.0,-100.0,17.307692307692307,MARGIN CALL ($0)
11,15,0.0,20,3,17,1.0,-100.0,15.0,MARGIN CALL ($0)
11,16,0.0,20,3,17,1.0,-100.0,15.0,MARGIN CALL ($0)
11,17,0.0,20,3,17,1.0,-100.0,15.0,MARGIN CALL ($0)
11,18,0.0,17,1,16,1.0,-100.0,5.88235294117647,MARGIN CALL ($0)
11,19,0.0,48,8,40,1.0,-100.0,16.666666666666664,MARGIN CALL ($0)
11,20,0.0,47,8,39,1.0,-100.0,17.02127659574468,MARGIN CALL ($0)
11,21,0.0,51,10,41,1.0,-100.0,19.607843137254903,MARGIN CALL ($0)
11,22,0.0,36,6,30,1.0,-100.0,16.666666666666664,MARGIN CALL ($0)
11,23,0.0,36,6,30,1.0,-100.0,16.666666666666664,MARGIN CALL ($0)
11,24,0.0,37,5,32,1.0,-100.0,13.513513513513514,MARGIN CALL ($0)
11,25,0.0,34,5,29,1.0,-100.0,14.705882352941178,MARGIN CALL ($0)
11,26,0.0,34,5,29,1.0,-100.0,14.705882352941178,MARGIN CALL ($0)
11,27,0.0,36,5,31,1.0,-100.0,13.88888888888889,MARGIN CALL ($0)
11,28,0.0,36,6,30,1.0,-100.0,16.666666666666664,MARGIN CALL ($0)
11,29,0.0,36,6,30,1.0,-100.0,16.666666666666664,MARGIN CALL ($0)
11,30,0.0,31,5,26,1.0,-100.0,16.129032258064516,MARGIN CALL ($0)
11,31,0.0,30,5,25,1.0,-100.0,16.666666666666664,MARGIN CALL ($0)
11,32,0.0,30,5,25,1.0,-100.0,16.666666666666664,MARGIN CALL ($0)
11,33,0.0,30,5,25,1.0,-100.0,16.666666666666664,MARGIN CALL ($0)
11,34,0.0,31,6,25,1.0,-100.0,19.35483870967742,MARGIN CALL ($0)
11,35,0.0,33,7,26,1.0,-100.0,21.21212121212121,MARGIN CALL ($0)
11,36,0.0,33,7,26,1.0,-100.0,21.21212121212121,MARGIN CALL ($0)
11,37,0.0,32,7,25,1.0,-100.0,21.875,MARGIN CALL ($0)
11,38,0.0,32,7,25,1.0,-100.0,21.875,MARGIN CALL ($0)
11,39,0.0,14,2,12,1.0,-100.0,14.285714285714285,MARGIN CALL ($0)
11,40,0.0,15,2,13,1.0,-100.0,13.333333333333334,MARGIN CALL ($0)
11,41,0.0,13,2,11,1.0,-100.0,15.384615384615385,MARGIN CALL ($0)
11,42,0.0,13,2,11,1.0,-100.0,15.384615384615385,MARGIN CALL ($0)
11,43,0.0,14,2,12,1.0,-100.0,14.285714285714285,MARGIN CALL ($0)
11,44,0.0,14,2,12,1.0,-100.0,14.285714285714285,MARGIN CALL ($0)
11,45,0.0,13,2,11,1.0,-100.0,15.384615384615385,MARGIN CALL ($0)
11,46,0.0,13,2,11,1.0,-100.0,15.384615384615385,MARGIN CALL ($0)
11,47,0.0,14,2,12,1.0,-100.0,14.285714285714285,MARGIN CALL ($0)
11,48,0.0,14,2,12,1.0,-100.0,14.285714285714285,MARGIN CALL ($0)
11,49,0.0,15,2,13,1.0,-100.0,13.333333333333334,MARGIN CALL ($0)
11,50,0.0,15,2,13,1.0,-100.0,13.333333333333334,MARGIN CALL ($0)
11,51,0.0,14,2,12,1.0,-100.0,14.285714285714285,MARGIN CALL ($0)
11,52,0.0,15,2,13,1.0,-100.0,13.333333333333334,MARGIN CALL ($0)
11,53,0.0,15,2,13,1.0,-100.0,13.333333333333334,MARGIN CALL ($0)
11,54,0.0,15,2,13,1.0,-100.0,13.333333333333334,MARGIN CALL ($0)
11,55,0.0,15,2,13,1.0,-100.0,13.333333333333334,MARGIN CALL ($0)
11,56,0.0,15,2,13,1.0,-100.0,13.333333333333334,MARGIN CALL ($0)
11,57,0.0,15,2,13,1.0,-100.0,13.333333333333334,MARGIN CALL ($0)
11,58,0.0,15,2,13,1.0,-100.0,13.333333333333334,MARGIN CALL ($0)
11,59,0.0,15,2,13,1.0,-100.0,13.333333333333334,MARGIN CALL ($0)
11,60,0.0,15,2,13,1.0,-100.0,13.333333333333334,MARGIN CALL ($0)
11,61,0.0,15,2,13,1.0,-100.0,13.333333333333334,MARGIN CALL ($0)
11,62,0.0,15,2,13,1.0,-100.0,13.333333333333334,MARGIN CALL ($0)
11,63,0.0,15,2,13,1.0,-100.0,13.333333333333334,MARGIN CALL ($0)
11,64,0.0,13,2,11,1.0,-100.0,15.384615384615385,MARGIN CALL ($0)
11,65,0.0,13,2,11,1.0,-100.0,15.384615384615385,MARGIN CALL ($0)
11,66,0.0,13,2,11,1.0,-100.0,15.384615384615385,MARGIN CALL ($0)
11,67,0.0,14,2,12,1.0,-100.0,14.285714285714285,MARGIN CALL ($0)
11,68,0.0,14,2,12,1.0,-100.0,14.285714285714285,MARGIN CALL ($0)
11,69,0.0,14,2,12,1.0,-100.0,14.285714285714285,MARGIN CALL ($0)
11,70,0.0,14,2,12,1.0,-100.0,14.285714285714285,MARGIN CALL ($0)
11,71,0.0,13,2,11,1.0,-100.0,15.384615384615385,MARGIN CALL ($0)
11,72,0.0,14,2,12,1.0,-100.0,14.285714285714285,MARGIN CALL ($0)
11,73,0.0,14,2,12,1.0,-100.0,14.285714285714285,MARGIN CALL ($0)
11,74,0.0,14,2,12,1.0,-100.0,14.285714285714285,MARGIN CALL ($0)
11,75,0.0,14,2,12,1.0,-100.0,14.285714285714285,MARGIN CALL ($0)
11,76,0.0,14,2,12,1.0,-100.0,14.285714285714285,MARGIN CALL ($0)
11,77,0.0,14,2,12,1.0,-100.0,14.285714285714285,MARGIN CALL ($0)
11,78,0.0,14,2,12,1.0,-100.0,14.285714285714285,MARGIN CALL ($0)
11,79,0.0,14,2,12,1.0,-100.0,14.285714285714285,MARGIN CALL ($0)
11,80,0.0,15,2,13,1.0,-100.0,13.333333333333334,MARGIN CALL ($0)
11,81,0.0,15,2,13,1.0,-100.0,13.333333333333334,MARGIN CALL ($0)
11,82,0.0,13,2,11,1.0,-100.0,15.384615384615385,MARGIN CALL ($0)
11,83,0.0,13,2,11,1.0,-100.0,15.384615384615385,MARGIN CALL ($0)
11,84,0.0,13,2,11,1.0,-100.0,15.384615384615385,MARGIN CALL ($0)
11,85,0.0,13,2,11,1.0,-100.0,15.384615384615385,MARGIN CALL ($0)
11,86,0.0,13,2,11,1.0,-100.0,15.384615384615385,MARGIN CALL ($0)
11,87,0.0,13,2,11,1.0,-100.0,15.384615384615385,MARGIN CALL ($0)
11,88,0.0,13,2,11,1.0,-100.0,15.384615384615385,MARGIN CALL ($0)
11,89,0.0,13,2,11,1.0,-100.0,15.384615384615385,MARGIN CALL ($0)
11,90,0.0,13,2,11,1.0,-100.0,15.384615384615385,MARGIN CALL ($0)
11,91,0.0,13,2,11,1.0,-100.0,15.384615384615385,MARGIN CALL ($0)
11,92,0.0,13,2,11,1.0,-100.0,15.384615384615385,MARGIN CALL ($0)
11,93,0.0,13,2,11,1.0,-100.0,15.384615384615385,MARGIN CALL ($0)
11,94,0.0,13,2,11,1.0,-100.0,15.384615384615385,MARGIN CALL ($0)
11,95,0.0,13,2,11,1.0,-100.0,15.384615384615385,MARGIN CALL ($0)
11,96,0.0,13,2,11,1.0,-100.0,15.384615384615385,MARGIN CALL ($0)
11,97,0.0,13,2,11,1.0,-100.0,15.384615384615385,MARGIN CALL ($0)
11,98,0.0,13,2,11,1.0,-100.0,15.384615384615385,MARGIN CALL ($0)
11,99,0.0,13,2,11,1.0,-100.0,15.384615384615385,MARGIN CALL ($0)
11,100,0.0,13,2,11,1.0,-100.0,15.384615384615385,MARGIN CALL ($0)
12,1,0.0,2991,810,2181,1.0,-100.0,27.08124373119358,MARGIN CALL ($0)
12,2,0.0,6853,1882,4971,1.0,-100.0,27.462425215234205,MARGIN CALL ($0)
12,3,0.0,4137,1156,2981,1.0,-100.0,27.942953831278704,MARGIN CALL ($0)
12,4,0.0,36,8,28,1.0,-100.0,22.22222222222222,MARGIN CALL ($0)
12,5,0.0,13,0,13,1.0,-100.0,0.0,MARGIN CALL ($0)
12,6,0.0,19,1,18,1.0,-100.0,5.263157894736842,MARGIN CALL ($0)
12,7,0.0,20,1,19,1.0,-100.0,5.0,MARGIN CALL ($0)
12,8,0.0,15,0,15,1.0,-100.0,0.0,MARGIN CALL ($0)
12,9,0.0,14,0,14,1.0,-100.0,0.0,MARGIN CALL ($0)
12,10,0.0,23,3,20,1.0,-100.0,13.043478260869565,MARGIN CALL ($0)
12,11,0.0,20,3,17,1.0,-100.0,15.0,MARGIN CALL ($0)
12,12,0.0,19,3,16,1.0,-100.0,15.789473684210526,MARGIN CALL ($0)
12,13,0.0,52,9,43,1.0,-100.0,17.307692307692307,MARGIN CALL ($0)
12,14,0.0,51,9,42,1.0,-100.0,17.647058823529413,MARGIN CALL ($0)
12,15,0.0,53,9,44,1.0,-100.0,16.9811320754717,MARGIN CALL ($0)
12,16,0.0,5263,1226,4037,1.0,-100.0,23.29469884096523,MARGIN CALL ($0)
12,17,0.0,2591,596,1995,1.0,-100.0,23.00270165959089,MARGIN CALL ($0)
12,18,0.0,50,9,41,1.0,-100.0,18.0,MARGIN CALL ($0)
12,19,0.0,2560,636,1924,1.0,-100.0,24.84375,MARGIN CALL ($0)
12,20,0.0,2618,658,1960,1.0,-100.0,25.13368983957219,MARGIN CALL ($0)
12,21,0.0,50,9,41,1.0,-100.0,18.0,MARGIN CALL ($0)
12,22,0.0,49,9,40,1.0,-100.0,18.367346938775512,MARGIN CALL ($0)
12,23,0.0,31,5,26,1.0,-100.0,16.129032258064516,MARGIN CALL ($0)
12,24,0.0,47,8,39,1.0,-100.0,17.02127659574468,MARGIN CALL ($0)
12,25,0.0,40,7,33,1.0,-100.0,17.5,MARGIN CALL ($0)
12,26,0.0,31,5,26,1.0,-100.0,16.129032258064516,MARGIN CALL ($0)
12,27,0.0,31,5,26,1.0,-100.0,16.129032258064516,MARGIN CALL ($0)
12,28,0.0,29,5,24,1.0,-100.0,17.24137931034483,MARGIN CALL ($0)
12,29,0.0,30,5,25,1.0,-100.0,16.666666666666664,MARGIN CALL ($0)
12,30,0.0,29,4,25,1.0,-100.0,13.793103448275861,MARGIN CALL ($0)
12,31,0.0,28,4,24,1.0,-100.0,14.285714285714285,MARGIN CALL ($0)
12,32,0.0,27,4,23,1.0,-100.0,14.814814814814813,MARGIN CALL ($0)
12,33,0.0,27,4,23,1.0,-100.0,14.814814814814813,MARGIN CALL ($0)
12,34,0.0,31,5,26,1.0,-100.0,16.129032258064516,MARGIN CALL ($0)
12,35,0.0,32,6,26,1.0,-100.0,18.75,MARGIN CALL ($0)
12,36,0.0,32,6,26,1.0,-100.0,18.75,MARGIN CALL ($0)
12,37,0.0,33,6,27,1.0,-100.0,18.181818181818183,MARGIN CALL ($0)
12,38,0.0,33,6,27,1.0,-100.0,18.181818181818183,MARGIN CALL ($0)
12,39,0.0,14,1,13,1.0,-100.0,7.142857142857142,MARGIN CALL ($0)
12,40,0.0,15,1,14,1.0,-100.0,6.666666666666667,MARGIN CALL ($0)
12,41,0.0,13,1,12,1.0,-100.0,7.6923076923076925,MARGIN CALL ($0)
12,42,0.0,13,1,12,1.0,-100.0,7.6923076923076925,MARGIN CALL ($0)
12,43,0.0,24,3,21,1.0,-100.0,12.5,MARGIN CALL ($0)
12,44,0.0,23,3,20,1.0,-100.0,13.043478260869565,MARGIN CALL ($0)
12,45,0.0,24,3,21,1.0,-100.0,12.5,MARGIN CALL ($0)
12,46,0.0,24,3,21,1.0,-100.0,12.5,MARGIN CALL ($0)
12,47,0.0,10,1,9,1.0,-100.0,10.0,MARGIN CALL ($0)
12,48,0.0,10,1,9,1.0,-100.0,10.0,MARGIN CALL ($0)
12,49,0.0,10,1,9,1.0,-100.0,10.0,MARGIN CALL ($0)
12,50,0.0,10,1,9,1.0,-100.0,10.0,MARGIN CALL ($0)
12,51,0.0,10,1,9,1.0,-100.0,10.0,MARGIN CALL ($0)
12,52,0.0,10,1,9,1.0,-100.0,10.0,MARGIN CALL ($0)
12,53,0.0,10,1,9,1.0,-100.0,10.0,MARGIN CALL ($0)
12,54,0.0,10,1,9,1.0,-100.0,10.0,MARGIN CALL ($0)
12,55,0.0,22,3,19,1.0,-100.0,13.636363636363635,MARGIN CALL ($0)
12,56,0.0,21,3,18,1.0,-100.0,14.285714285714285,MARGIN CALL ($0)
12,57,0.0,20,3,17,1.0,-100.0,15.0,MARGIN CALL ($0)
12,58,0.0,20,3,17,1.0,-100.0,15.0,MARGIN CALL ($0)
12,59,0.0,20,3,17,1.0,-100.0,15.0,MARGIN CALL ($0)
12,60,0.0,20,3,17,1.0,-100.0,15.0,MARGIN CALL ($0)
12,61,0.0,20,3,17,1.0,-100.0,15.0,MARGIN CALL ($0)
12,62,0.0,20,3,17,1.0,-100.0,15.0,MARGIN CALL ($0)
12,63,0.0,20,3,17,1.0,-100.0,15.0,MARGIN CALL ($0)
12,64,0.0,20,3,17,1.0,-100.0,15.0,MARGIN CALL ($0)
12,65,0.0,21,3,18,1.0,-100.0,14.285714285714285,MARGIN CALL ($0)
12,66,0.0,13,3,10,1.0,-100.0,23.076923076923077,MARGIN CALL ($0)
12,67,0.0,14,3,11,1.0,-100.0,21.428571428571427,MARGIN CALL ($0)
12,68,0.0,15,1,14,1.0,-100.0,6.666666666666667,MARGIN CALL ($0)
12,69,0.0,15,1,14,1.0,-100.0,6.666666666666667,MARGIN CALL ($0)
12,70,0.0,15,1,14,1.0,-100.0,6.666666666666667,MARGIN CALL ($0)
12,71,0.0,14,1,13,1.0,-100.0,7.142857142857142,MARGIN CALL ($0)
12,72,0.0,14,1,13,1.0,-100.0,7.142857142857142,MARGIN CALL ($0)
12,73,0.0,14,1,13,1.0,-100.0,7.142857142857142,MARGIN CALL ($0)
12,74,0.0,14,1,13,1.0,-100.0,7.142857142857142,MARGIN CALL ($0)
12,75,0.0,14,1,13,1.0,-100.0,7.142857142857142,MARGIN CALL ($0)
12,76,0.0,14,1,13,1.0,-100.0,7.142857142857142,MARGIN CALL ($0)
12,77,0.0,10,1,9,1.0,-100.0,10.0,MARGIN CALL ($0)
12,78,0.0,10,1,9,1.0,-100.0,10.0,MARGIN CALL ($0)
12,79,0.0,10,1,9,1.0,-100.0,10.0,MARGIN CALL ($0)
12,80,0.0,11,1,10,1.0,-100.0,9.090909090909092,MARGIN CALL ($0)
12,81,0.0,11,1,10,1.0,-100.0,9.090909090909092,MARGIN CALL ($0)
12,82,0.0,20,3,17,1.0,-100.0,15.0,MARGIN CALL ($0)
12,83,0.0,20,3,17,1.0,-100.0,15.0,MARGIN CALL ($0)
12,84,0.0,20,3,17,1.0,-100.0,15.0,MARGIN CALL ($0)
12,85,0.0,20,3,17,1.0,-100.0,15.0,MARGIN CALL ($0)
12,86,0.0,20,3,17,1.0,-100.0,15.0,MARGIN CALL ($0)
12,87,0.0,19,3,16,1.0,-100.0,15.789473684210526,MARGIN CALL ($0)
12,88,0.0,19,3,16,1.0,-100.0,15.789473684210526,MARGIN CALL ($0)
12,89,0.0,19,3,16,1.0,-100.0,15.789473684210526,MARGIN CALL ($0)
12,90,0.0,22,4,18,1.0,-100.0,18.181818181818183,MARGIN CALL ($0)
12,91,0.0,20,3,17,1.0,-100.0,15.0,MARGIN CALL ($0)
12,92,0.0,20,3,17,1.0,-100.0,15.0,MARGIN CALL ($0)
12,93,0.0,20,3,17,1.0,-100.0,15.0,MARGIN CALL ($0)
12,94,0.0,19,3,16,1.0,-100.0,15.789473684210526,MARGIN CALL ($0)
12,95,0.0,19,3,16,1.0,-100.0,15.789473684210526,MARGIN CALL ($0)
12,96,0.0,19,3,16,1.0,-100.0,15.789473684210526,MARGIN CALL ($0)
12,97,0.0,19,3,16,1.0,-100.0,15.789473684210526,MARGIN CALL ($0)
12,98,0.0,19,3,16,1.0,-100.0,15.789473684210526,MARGIN CALL ($0)
12,99,0.0,22,3,19,1.0,-100.0,13.636363636363635,MARGIN CALL ($0)
12,100,0.0,22,3,19,1.0,-100.0,13.636363636363635,MARGIN CALL ($0)
13,1,0.0,645,168,477,1.0,-100.0,26.046511627906977,MARGIN CALL ($0)
13,2,0.0,6850,1882,4968,1.0,-100.0,27.474452554744527,MARGIN CALL ($0)
13,3,0.0,4119,1158,2961,1.0,-100.0,28.11361981063365,MARGIN CALL ($0)
13,4,0.0,37,8,29,1.0,-100.0,21.62162162162162,MARGIN CALL ($0)
13,5,0.0,14,0,14,1.0,-100.0,0.0,MARGIN CALL ($0)
13,6,0.0,19,1,18,1.0,-100.0,5.263157894736842,MARGIN CALL ($0)
13,7,0.0,20,1,19,1.0,-100.0,5.0,MARGIN CALL ($0)
13,8,0.0,14,0,14,1.0,-100.0,0.0,MARGIN CALL ($0)
13,9,0.0,14,0,14,1.0,-100.0,0.0,MARGIN CALL ($0)
13,10,0.0,25,3,22,1.0,-100.0,12.0,MARGIN CALL ($0)
13,11,0.0,20,3,17,1.0,-100.0,15.0,MARGIN CALL ($0)
13,12,0.0,20,3,17,1.0,-100.0,15.0,MARGIN CALL ($0)
13,13,0.0,4534,956,3578,1.0,-100.0,21.08513453903838,MARGIN CALL ($0)
13,14,0.0,44,8,36,1.0,-100.0,18.181818181818183,MARGIN CALL ($0)
13,15,0.0,46,8,38,1.0,-100.0,17.391304347826086,MARGIN CALL ($0)
13,16,0.0,50,9,41,1.0,-100.0,18.0,MARGIN CALL ($0)
13,17,0.0,49,10,39,1.0,-100.0,20.408163265306122,MARGIN CALL ($0)
13,18,0.0,45,8,37,1.0,-100.0,17.77777777777778,MARGIN CALL ($0)
13,19,0.0,49,8,41,1.0,-100.0,16.3265306122449,MARGIN CALL ($0)
13,20,0.0,4435,1057,3378,1.0,-100.0,23.83314543404735,MARGIN CALL ($0)
13,21,0.0,4925,1189,3736,1.0,-100.0,24.14213197969543,MARGIN CALL ($0)
13,22,0.0,48,9,39,1.0,-100.0,18.75,MARGIN CALL ($0)
13,23,0.0,31,5,26,1.0,-100.0,16.129032258064516,MARGIN CALL ($0)
13,24,0.0,46,8,38,1.0,-100.0,17.391304347826086,MARGIN CALL ($0)
13,25,0.0,35,6,29,1.0,-100.0,17.142857142857142,MARGIN CALL ($0)
13,26,0.0,31,5,26,1.0,-100.0,16.129032258064516,MARGIN CALL ($0)
13,27,0.0,29,5,24,1.0,-100.0,17.24137931034483,MARGIN CALL ($0)
13,28,0.0,28,5,23,1.0,-100.0,17.857142857142858,MARGIN CALL ($0)
13,29,0.0,29,5,24,1.0,-100.0,17.24137931034483,MARGIN CALL ($0)
13,30,0.0,30,6,24,1.0,-100.0,20.0,MARGIN CALL ($0)
13,31,0.0,31,6,25,1.0,-100.0,19.35483870967742,MARGIN CALL ($0)
13,32,0.0,31,6,25,1.0,-100.0,19.35483870967742,MARGIN CALL ($0)
13,33,0.0,29,5,24,1.0,-100.0,17.24137931034483,MARGIN CALL ($0)
13,34,0.0,3927,899,3028,1.0,-100.0,22.892793481028775,MARGIN CALL ($0)
13,35,0.0,3963,910,3053,1.0,-100.0,22.962402220539996,MARGIN CALL ($0)
13,36,0.0,4748,1090,3658,1.0,-100.0,22.957034540859308,MARGIN CALL ($0)
13,37,0.0,4709,1086,3623,1.0,-100.0,23.062221278403058,MARGIN CALL ($0)
13,38,0.0,4787,1109,3678,1.0,-100.0,23.166910382285355,MARGIN CALL ($0)
13,39,0.0,14,1,13,1.0,-100.0,7.142857142857142,MARGIN CALL ($0)
13,40,0.0,15,1,14,1.0,-100.0,6.666666666666667,MARGIN CALL ($0)
13,41,0.0,13,1,12,1.0,-100.0,7.6923076923076925,MARGIN CALL ($0)
13,42,0.0,14,1,13,1.0,-100.0,7.142857142857142,MARGIN CALL ($0)
13,43,0.0,25,6,19,1.0,-100.0,24.0,MARGIN CALL ($0)
13,44,0.0,26,6,20,1.0,-100.0,23.076923076923077,MARGIN CALL ($0)
13,45,0.0,28,6,22,1.0,-100.0,21.428571428571427,MARGIN CALL ($0)
13,46,0.0,27,6,21,1.0,-100.0,22.22222222222222,MARGIN CALL ($0)
13,47,0.0,10,1,9,1.0,-100.0,10.0,MARGIN CALL ($0)
13,48,0.0,11,1,10,1.0,-100.0,9.090909090909092,MARGIN CALL ($0)
13,49,0.0,11,1,10,1.0,-100.0,9.090909090909092,MARGIN CALL ($0)
13,50,0.0,11,1,10,1.0,-100.0,9.090909090909092,MARGIN CALL ($0)
13,51,0.0,11,1,10,1.0,-100.0,9.090909090909092,MARGIN CALL ($0)
13,52,0.0,11,1,10,1.0,-100.0,9.090909090909092,MARGIN CALL ($0)
13,53,0.0,11,1,10,1.0,-100.0,9.090909090909092,MARGIN CALL ($0)
13,54,0.0,11,1,10,1.0,-100.0,9.090909090909092,MARGIN CALL ($0)
13,55,0.0,24,5,19,1.0,-100.0,20.833333333333336,MARGIN CALL ($0)
13,56,0.0,25,6,19,1.0,-100.0,24.0,MARGIN CALL ($0)
13,57,0.0,26,6,20,1.0,-100.0,23.076923076923077,MARGIN CALL ($0)
13,58,0.0,20,3,17,1.0,-100.0,15.0,MARGIN CALL ($0)
13,59,0.0,20,3,17,1.0,-100.0,15.0,MARGIN CALL ($0)
13,60,0.0,20,3,17,1.0,-100.0,15.0,MARGIN CALL ($0)
13,61,0.0,20,3,17,1.0,-100.0,15.0,MARGIN CALL ($0)
13,62,0.0,20,3,17,1.0,-100.0,15.0,MARGIN CALL ($0)
13,63,0.0,20,3,17,1.0,-100.0,15.0,MARGIN CALL ($0)
13,64,0.0,24,6,18,1.0,-100.0,25.0,MARGIN CALL ($0)
13,65,0.0,24,6,18,1.0,-100.0,25.0,MARGIN CALL ($0)
13,66,0.0,12,3,9,1.0,-100.0,25.0,MARGIN CALL ($0)
13,67,0.0,13,3,10,1.0,-100.0,23.076923076923077,MARGIN CALL ($0)
13,68,0.0,14,1,13,1.0,-100.0,7.142857142857142,MARGIN CALL ($0)
13,69,0.0,14,1,13,1.0,-100.0,7.142857142857142,MARGIN CALL ($0)
13,70,0.0,15,1,14,1.0,-100.0,6.666666666666667,MARGIN CALL ($0)
13,71,0.0,14,1,13,1.0,-100.0,7.142857142857142,MARGIN CALL ($0)
13,72,0.0,14,1,13,1.0,-100.0,7.142857142857142,MARGIN CALL ($0)
13,73,0.0,14,1,13,1.0,-100.0,7.142857142857142,MARGIN CALL ($0)
13,74,0.0,14,1,13,1.0,-100.0,7.142857142857142,MARGIN CALL ($0)
13,75,0.0,14,1,13,1.0,-100.0,7.142857142857142,MARGIN CALL ($0)
13,76,0.0,14,1,13,1.0,-100.0,7.142857142857142,MARGIN CALL ($0)
13,77,0.0,10,1,9,1.0,-100.0,10.0,MARGIN CALL ($0)
13,78,0.0,10,1,9,1.0,-100.0,10.0,MARGIN CALL ($0)
13,79,0.0,10,1,9,1.0,-100.0,10.0,MARGIN CALL ($0)
13,80,0.0,11,1,10,1.0,-100.0,9.090909090909092,MARGIN CALL ($0)
13,81,0.0,11,1,10,1.0,-100.0,9.090909090909092,MARGIN CALL ($0)
13,82,0.0,25,6,19,1.0,-100.0,24.0,MARGIN CALL ($0)
13,83,0.0,25,6,19,1.0,-100.0,24.0,MARGIN CALL ($0)
13,84,0.0,25,6,19,1.0,-100.0,24.0,MARGIN CALL ($0)
13,85,0.0,25,6,19,1.0,-100.0,24.0,MARGIN CALL ($0)
13,86,0.0,25,6,19,1.0,-100.0,24.0,MARGIN CALL ($0)
13,87,0.0,23,6,17,1.0,-100.0,26.08695652173913,MARGIN CALL ($0)
13,88,0.0,23,6,17,1.0,-100.0,26.08695652173913,MARGIN CALL ($0)
13,89,0.0,23,6,17,1.0,-100.0,26.08695652173913,MARGIN CALL ($0)
13,90,0.0,25,7,18,1.0,-100.0,28.000000000000004,MARGIN CALL ($0)
13,91,0.0,25,6,19,1.0,-100.0,24.0,MARGIN CALL ($0)
13,92,0.0,25,6,19,1.0,-100.0,24.0,MARGIN CALL ($0)
13,93,0.0,25,6,19,1.0,-100.0,24.0,MARGIN CALL ($0)
13,94,0.0,24,6,18,1.0,-100.0,25.0,MARGIN CALL ($0)
13,95,0.0,25,6,19,1.0,-100.0,24.0,MARGIN CALL ($0)
13,96,0.0,26,6,20,1.0,-100.0,23.076923076923077,MARGIN CALL ($0)
13,97,0.0,20,3,17,1.0,-100.0,15.0,MARGIN CALL ($0)
13,98,0.0,20,3,17,1.0,-100.0,15.0,MARGIN CALL ($0)
13,99,0.0,25,6,19,1.0,-100.0,24.0,MARGIN CALL ($0)
13,100,0.0,27,6,21,1.0,-100.0,22.22222222222222,MARGIN CALL ($0)
14,1,0.0,105,15,90,1.0,-100.0,14.285714285714285,MARGIN CALL ($0)
14,2,0.0,6850,1882,4968,1.0,-100.0,27.474452554744527,MARGIN CALL ($0)
14,3,0.0,4126,1159,2967,1.0,-100.0,28.090159961221524,MARGIN CALL ($0)
14,4,0.0,37,8,29,1.0,-100.0,21.62162162162162,MARGIN CALL ($0)
14,5,0.0,14,0,14,1.0,-100.0,0.0,MARGIN CALL ($0)
14,6,0.0,19,1,18,1.0,-100.0,5.263157894736842,MARGIN CALL ($0)
14,7,0.0,20,1,19,1.0,-100.0,5.0,MARGIN CALL ($0)
14,8,0.0,19,1,18,1.0,-100.0,5.263157894736842,MARGIN CALL ($0)
14,9,0.0,19,1,18,1.0,-100.0,5.263157894736842,MARGIN CALL ($0)
14,10,0.0,22,3,19,1.0,-100.0,13.636363636363635,MARGIN CALL ($0)
14,11,0.0,20,3,17,1.0,-100.0,15.0,MARGIN CALL ($0)
14,12,0.0,21,3,18,1.0,-100.0,14.285714285714285,MARGIN CALL ($0)
14,13,0.0,45,8,37,1.0,-100.0,17.77777777777778,MARGIN CALL ($0)
14,14,0.0,39,7,32,1.0,-100.0,17.94871794871795,MARGIN CALL ($0)
14,15,0.0,42,7,35,1.0,-100.0,16.666666666666664,MARGIN CALL ($0)
14,16,0.0,46,8,38,1.0,-100.0,17.391304347826086,MARGIN CALL ($0)
14,17,0.0,45,9,36,1.0,-100.0,20.0,MARGIN CALL ($0)
14,18,0.0,39,7,32,1.0,-100.0,17.94871794871795,MARGIN CALL ($0)
14,19,0.0,2496,592,1904,1.0,-100.0,23.717948717948715,MARGIN CALL ($0)
14,20,0.0,4927,1150,3777,1.0,-100.0,23.340775319667138,MARGIN CALL ($0)
14,21,0.0,4948,1152,3796,1.0,-100.0,23.282134195634598,MARGIN CALL ($0)
14,22,0.0,46,9,37,1.0,-100.0,19.565217391304348,MARGIN CALL ($0)
14,23,0.0,28,5,23,1.0,-100.0,17.857142857142858,MARGIN CALL ($0)
14,24,0.0,44,8,36,1.0,-100.0,18.181818181818183,MARGIN CALL ($0)
14,25,0.0,34,6,28,1.0,-100.0,17.647058823529413,MARGIN CALL ($0)
14,26,0.0,29,5,24,1.0,-100.0,17.24137931034483,MARGIN CALL ($0)
14,27,0.0,22,3,19,1.0,-100.0,13.636363636363635,MARGIN CALL ($0)
14,28,0.0,27,6,21,1.0,-100.0,22.22222222222222,MARGIN CALL ($0)
14,29,0.0,28,6,22,1.0,-100.0,21.428571428571427,MARGIN CALL ($0)
14,30,0.0,26,5,21,1.0,-100.0,19.230769230769234,MARGIN CALL ($0)
14,31,0.0,24,3,21,1.0,-100.0,12.5,MARGIN CALL ($0)
14,32,0.0,22,3,19,1.0,-100.0,13.636363636363635,MARGIN CALL ($0)
14,33,0.0,23,3,20,1.0,-100.0,13.043478260869565,MARGIN CALL ($0)
14,34,0.0,26,4,22,1.0,-100.0,15.384615384615385,MARGIN CALL ($0)
14,35,0.0,27,5,22,1.0,-100.0,18.51851851851852,MARGIN CALL ($0)
14,36,0.0,27,5,22,1.0,-100.0,18.51851851851852,MARGIN CALL ($0)
14,37,0.0,27,5,22,1.0,-100.0,18.51851851851852,MARGIN CALL ($0)
14,38,0.0,26,5,21,1.0,-100.0,19.230769230769234,MARGIN CALL ($0)
14,39,0.0,14,1,13,1.0,-100.0,7.142857142857142,MARGIN CALL ($0)
14,40,0.0,15,1,14,1.0,-100.0,6.666666666666667,MARGIN CALL ($0)
14,41,0.0,13,1,12,1.0,-100.0,7.6923076923076925,MARGIN CALL ($0)
14,42,0.0,14,1,13,1.0,-100.0,7.142857142857142,MARGIN CALL ($0)
14,43,0.0,22,3,19,1.0,-100.0,13.636363636363635,MARGIN CALL ($0)
14,44,0.0,22,3,19,1.0,-100.0,13.636363636363635,MARGIN CALL ($0)
14,45,0.0,23,3,20,1.0,-100.0,13.043478260869565,MARGIN CALL ($0)
14,46,0.0,23,3,20,1.0,-100.0,13.043478260869565,MARGIN CALL ($0)
14,47,0.0,10,1,9,1.0,-100.0,10.0,MARGIN CALL ($0)
14,48,0.0,11,1,10,1.0,-100.0,9.090909090909092,MARGIN CALL ($0)
14,49,0.0,11,1,10,1.0,-100.0,9.090909090909092,MARGIN CALL ($0)
14,50,0.0,11,1,10,1.0,-100.0,9.090909090909092,MARGIN CALL ($0)
14,51,0.0,11,1,10,1.0,-100.0,9.090909090909092,MARGIN CALL ($0)
14,52,0.0,11,1,10,1.0,-100.0,9.090909090909092,MARGIN CALL ($0)
14,53,0.0,11,1,10,1.0,-100.0,9.090909090909092,MARGIN CALL ($0)
14,54,0.0,11,1,10,1.0,-100.0,9.090909090909092,MARGIN CALL ($0)
14,55,0.0,20,3,17,1.0,-100.0,15.0,MARGIN CALL ($0)
14,56,0.0,21,3,18,1.0,-100.0,14.285714285714285,MARGIN CALL ($0)
14,57,0.0,21,3,18,1.0,-100.0,14.285714285714285,MARGIN CALL ($0)
14,58,0.0,20,3,17,1.0,-100.0,15.0,MARGIN CALL ($0)
14,59,0.0,20,3,17,1.0,-100.0,15.0,MARGIN CALL ($0)
14,60,0.0,20,3,17,1.0,-100.0,15.0,MARGIN CALL ($0)
14,61,0.0,20,3,17,1.0,-100.0,15.0,MARGIN CALL ($0)
14,62,0.0,20,3,17,1.0,-100.0,15.0,MARGIN CALL ($0)
14,63,0.0,20,3,17,1.0,-100.0,15.0,MARGIN CALL ($0)
14,64,0.0,20,3,17,1.0,-100.0,15.0,MARGIN CALL ($0)
14,65,0.0,20,3,17,1.0,-100.0,15.0,MARGIN CALL ($0)
14,66,0.0,12,3,9,1.0,-100.0,25.0,MARGIN CALL ($0)
14,67,0.0,13,3,10,1.0,-100.0,23.076923076923077,MARGIN CALL ($0)
14,68,0.0,13,1,12,1.0,-100.0,7.6923076923076925,MARGIN CALL ($0)
14,69,0.0,13,1,12,1.0,-100.0,7.6923076923076925,MARGIN CALL ($0)
14,70,0.0,14,1,13,1.0,-100.0,7.142857142857142,MARGIN CALL ($0)
14,71,0.0,13,1,12,1.0,-100.0,7.6923076923076925,MARGIN CALL ($0)
14,72,0.0,15,1,14,1.0,-100.0,6.666666666666667,MARGIN CALL ($0)
14,73,0.0,15,1,14,1.0,-100.0,6.666666666666667,MARGIN CALL ($0)
14,74,0.0,15,1,14,1.0,-100.0,6.666666666666667,MARGIN CALL ($0)
14,75,0.0,13,1,12,1.0,-100.0,7.6923076923076925,MARGIN CALL ($0)
14,76,0.0,13,1,12,1.0,-100.0,7.6923076923076925,MARGIN CALL ($0)
14,77,0.0,14,3,11,1.0,-100.0,21.428571428571427,MARGIN CALL ($0)
14,78,0.0,14,3,11,1.0,-100.0,21.428571428571427,MARGIN CALL ($0)
14,79,0.0,14,3,11,1.0,-100.0,21.428571428571427,MARGIN CALL ($0)
14,80,0.0,14,3,11,1.0,-100.0,21.428571428571427,MARGIN CALL ($0)
14,81,0.0,13,3,10,1.0,-100.0,23.076923076923077,MARGIN CALL ($0)
14,82,0.0,13,3,10,1.0,-100.0,23.076923076923077,MARGIN CALL ($0)
14,83,0.0,13,3,10,1.0,-100.0,23.076923076923077,MARGIN CALL ($0)
14,84,0.0,13,3,10,1.0,-100.0,23.076923076923077,MARGIN CALL ($0)
14,85,0.0,13,3,10,1.0,-100.0,23.076923076923077,MARGIN CALL ($0)
14,86,0.0,13,3,10,1.0,-100.0,23.076923076923077,MARGIN CALL ($0)
14,87,0.0,13,3,10,1.0,-100.0,23.076923076923077,MARGIN CALL ($0)
14,88,0.0,13,3,10,1.0,-100.0,23.076923076923077,MARGIN CALL ($0)
14,89,0.0,12,3,9,1.0,-100.0,25.0,MARGIN CALL ($0)
14,90,0.0,12,3,9,1.0,-100.0,25.0,MARGIN CALL ($0)
14,91,0.0,13,3,10,1.0,-100.0,23.076923076923077,MARGIN CALL ($0)
14,92,0.0,13,3,10,1.0,-100.0,23.076923076923077,MARGIN CALL ($0)
14,93,0.0,13,3,10,1.0,-100.0,23.076923076923077,MARGIN CALL ($0)
14,94,0.0,13,3,10,1.0,-100.0,23.076923076923077,MARGIN CALL ($0)
14,95,0.0,15,3,12,1.0,-100.0,20.0,MARGIN CALL ($0)
14,96,0.0,15,3,12,1.0,-100.0,20.0,MARGIN CALL ($0)
14,97,0.0,15,3,12,1.0,-100.0,20.0,MARGIN CALL ($0)
14,98,0.0,15,3,12,1.0,-100.0,20.0,MARGIN CALL ($0)
14,99,0.0,15,3,12,1.0,-100.0,20.0,MARGIN CALL ($0)
14,100,0.0,15,3,12,1.0,-100.0,20.0,MARGIN CALL ($0)
15,1,0.0,105,15,90,1.0,-100.0,14.285714285714285,MARGIN CALL ($0)
15,2,0.0,6851,1882,4969,1.0,-100.0,27.470442271201286,MARGIN CALL ($0)
15,3,0.0,4120,1156,2964,1.0,-100.0,28.058252427184467,MARGIN CALL ($0)
15,4,0.0,38,8,30,1.0,-100.0,21.052631578947366,MARGIN CALL ($0)
15,5,0.0,14,0,14,1.0,-100.0,0.0,MARGIN CALL ($0)
15,6,0.0,19,1,18,1.0,-100.0,5.263157894736842,MARGIN CALL ($0)
15,7,0.0,20,1,19,1.0,-100.0,5.0,MARGIN CALL ($0)
15,8,0.0,18,1,17,1.0,-100.0,5.555555555555555,MARGIN CALL ($0)
15,9,0.0,23,3,20,1.0,-100.0,13.043478260869565,MARGIN CALL ($0)
15,10,0.0,23,3,20,1.0,-100.0,13.043478260869565,MARGIN CALL ($0)
15,11,0.0,20,3,17,1.0,-100.0,15.0,MARGIN CALL ($0)
15,12,0.0,23,3,20,1.0,-100.0,13.043478260869565,MARGIN CALL ($0)
15,13,0.0,45,8,37,1.0,-100.0,17.77777777777778,MARGIN CALL ($0)
15,14,0.0,42,7,35,1.0,-100.0,16.666666666666664,MARGIN CALL ($0)
15,15,0.0,29,5,24,1.0,-100.0,17.24137931034483,MARGIN CALL ($0)
15,16,0.0,33,6,27,1.0,-100.0,18.181818181818183,MARGIN CALL ($0)
15,17,0.0,34,6,28,1.0,-100.0,17.647058823529413,MARGIN CALL ($0)
15,18,0.0,30,4,26,1.0,-100.0,13.333333333333334,MARGIN CALL ($0)
15,19,0.0,31,5,26,1.0,-100.0,16.129032258064516,MARGIN CALL ($0)
15,20,0.0,35,5,30,1.0,-100.0,14.285714285714285,MARGIN CALL ($0)
15,21,0.0,32,5,27,1.0,-100.0,15.625,MARGIN CALL ($0)
15,22,0.0,33,5,28,1.0,-100.0,15.151515151515152,MARGIN CALL ($0)
15,23,0.0,28,4,24,1.0,-100.0,14.285714285714285,MARGIN CALL ($0)
15,24,0.0,30,5,25,1.0,-100.0,16.666666666666664,MARGIN CALL ($0)
15,25,0.0,27,5,22,1.0,-100.0,18.51851851851852,MARGIN CALL ($0)
15,26,0.0,27,5,22,1.0,-100.0,18.51851851851852,MARGIN CALL ($0)
15,27,0.0,25,4,21,1.0,-100.0,16.0,MARGIN CALL ($0)
15,28,0.0,28,4,24,1.0,-100.0,14.285714285714285,MARGIN CALL ($0)
15,29,0.0,29,4,25,1.0,-100.0,13.793103448275861,MARGIN CALL ($0)
15,30,0.0,28,3,25,1.0,-100.0,10.714285714285714,MARGIN CALL ($0)
15,31,0.0,25,3,22,1.0,-100.0,12.0,MARGIN CALL ($0)
15,32,0.0,25,3,22,1.0,-100.0,12.0,MARGIN CALL ($0)
15,33,0.0,26,3,23,1.0,-100.0,11.538461538461538,MARGIN CALL ($0)
15,34,0.0,27,4,23,1.0,-100.0,14.814814814814813,MARGIN CALL ($0)
15,35,0.0,27,5,22,1.0,-100.0,18.51851851851852,MARGIN CALL ($0)
15,36,0.0,28,5,23,1.0,-100.0,17.857142857142858,MARGIN CALL ($0)
15,37,0.0,29,5,24,1.0,-100.0,17.24137931034483,MARGIN CALL ($0)
15,38,0.0,30,5,25,1.0,-100.0,16.666666666666664,MARGIN CALL ($0)
15,39,0.0,14,1,13,1.0,-100.0,7.142857142857142,MARGIN CALL ($0)
15,40,0.0,15,1,14,1.0,-100.0,6.666666666666667,MARGIN CALL ($0)
15,41,0.0,13,1,12,1.0,-100.0,7.6923076923076925,MARGIN CALL ($0)
15,42,0.0,14,1,13,1.0,-100.0,7.142857142857142,MARGIN CALL ($0)
15,43,0.0,7,0,7,1.0,-100.0,0.0,MARGIN CALL ($0)
15,44,0.0,7,0,7,1.0,-100.0,0.0,MARGIN CALL ($0)
15,45,0.0,6,0,6,1.0,-100.0,0.0,MARGIN CALL ($0)
15,46,0.0,6,0,6,1.0,-100.0,0.0,MARGIN CALL ($0)
15,47,0.0,6,0,6,1.0,-100.0,0.0,MARGIN CALL ($0)
15,48,0.0,8,0,8,1.0,-100.0,0.0,MARGIN CALL ($0)
15,49,0.0,11,1,10,1.0,-100.0,9.090909090909092,MARGIN CALL ($0)
15,50,0.0,11,1,10,1.0,-100.0,9.090909090909092,MARGIN CALL ($0)
15,51,0.0,11,1,10,1.0,-100.0,9.090909090909092,MARGIN CALL ($0)
15,52,0.0,11,1,10,1.0,-100.0,9.090909090909092,MARGIN CALL ($0)
15,53,0.0,11,1,10,1.0,-100.0,9.090909090909092,MARGIN CALL ($0)
15,54,0.0,11,1,10,1.0,-100.0,9.090909090909092,MARGIN CALL ($0)
15,55,0.0,22,3,19,1.0,-100.0,13.636363636363635,MARGIN CALL ($0)
15,56,0.0,23,3,20,1.0,-100.0,13.043478260869565,MARGIN CALL ($0)
15,57,0.0,22,3,19,1.0,-100.0,13.636363636363635,MARGIN CALL ($0)
15,58,0.0,23,3,20,1.0,-100.0,13.043478260869565,MARGIN CALL ($0)
15,59,0.0,23,3,20,1.0,-100.0,13.043478260869565,MARGIN CALL ($0)
15,60,0.0,23,3,20,1.0,-100.0,13.043478260869565,MARGIN CALL ($0)
15,61,0.0,23,3,20,1.0,-100.0,13.043478260869565,MARGIN CALL ($0)
15,62,0.0,23,3,20,1.0,-100.0,13.043478260869565,MARGIN CALL ($0)
15,63,0.0,23,3,20,1.0,-100.0,13.043478260869565,MARGIN CALL ($0)
15,64,0.0,24,3,21,1.0,-100.0,12.5,MARGIN CALL ($0)
15,65,0.0,22,3,19,1.0,-100.0,13.636363636363635,MARGIN CALL ($0)
15,66,0.0,11,1,10,1.0,-100.0,9.090909090909092,MARGIN CALL ($0)
15,67,0.0,12,1,11,1.0,-100.0,8.333333333333332,MARGIN CALL ($0)
15,68,0.0,11,1,10,1.0,-100.0,9.090909090909092,MARGIN CALL ($0)
15,69,0.0,11,1,10,1.0,-100.0,9.090909090909092,MARGIN CALL ($0)
15,70,0.0,12,1,11,1.0,-100.0,8.333333333333332,MARGIN CALL ($0)
15,71,0.0,11,1,10,1.0,-100.0,9.090909090909092,MARGIN CALL ($0)
15,72,0.0,12,1,11,1.0,-100.0,8.333333333333332,MARGIN CALL ($0)
15,73,0.0,12,1,11,1.0,-100.0,8.333333333333332,MARGIN CALL ($0)
15,74,0.0,12,1,11,1.0,-100.0,8.333333333333332,MARGIN CALL ($0)
15,75,0.0,12,1,11,1.0,-100.0,8.333333333333332,MARGIN CALL ($0)
15,76,0.0,12,1,11,1.0,-100.0,8.333333333333332,MARGIN CALL ($0)
15,77,0.0,12,1,11,1.0,-100.0,8.333333333333332,MARGIN CALL ($0)
15,78,0.0,12,1,11,1.0,-100.0,8.333333333333332,MARGIN CALL ($0)
15,79,0.0,12,1,11,1.0,-100.0,8.333333333333332,MARGIN CALL ($0)
15,80,0.0,13,1,12,1.0,-100.0,7.6923076923076925,MARGIN CALL ($0)
15,81,0.0,13,1,12,1.0,-100.0,7.6923076923076925,MARGIN CALL ($0)
15,82,0.0,11,1,10,1.0,-100.0,9.090909090909092,MARGIN CALL ($0)
15,83,0.0,11,1,10,1.0,-100.0,9.090909090909092,MARGIN CALL ($0)
15,84,0.0,11,1,10,1.0,-100.0,9.090909090909092,MARGIN CALL ($0)
15,85,0.0,11,1,10,1.0,-100.0,9.090909090909092,MARGIN CALL ($0)
15,86,0.0,11,1,10,1.0,-100.0,9.090909090909092,MARGIN CALL ($0)
15,87,0.0,11,1,10,1.0,-100.0,9.090909090909092,MARGIN CALL ($0)
15,88,0.0,11,1,10,1.0,-100.0,9.090909090909092,MARGIN CALL ($0)
15,89,0.0,11,1,10,1.0,-100.0,9.090909090909092,MARGIN CALL ($0)
15,90,0.0,11,1,10,1.0,-100.0,9.090909090909092,MARGIN CALL ($0)
15,91,0.0,11,1,10,1.0,-100.0,9.090909090909092,MARGIN CALL ($0)
15,92,0.0,11,1,10,1.0,-100.0,9.090909090909092,MARGIN CALL ($0)
15,93,0.0,11,1,10,1.0,-100.0,9.090909090909092,MARGIN CALL ($0)
15,94,0.0,11,1,10,1.0,-100.0,9.090909090909092,MARGIN CALL ($0)
15,95,0.0,12,1,11,1.0,-100.0,8.333333333333332,MARGIN CALL ($0)
15,96,0.0,12,1,11,1.0,-100.0,8.333333333333332,MARGIN CALL ($0)
15,97,0.0,12,1,11,1.0,-100.0,8.333333333333332,MARGIN CALL ($0)
15,98,0.0,12,1,11,1.0,-100.0,8.333333333333332,MARGIN CALL ($0)
15,99,0.0,12,1,11,1.0,-100.0,8.333333333333332,MARGIN CALL ($0)
15,100,0.0,12,1,11,1.0,-100.0,8.333333333333332,MARGIN CALL ($0)
16,1,0.0,4589,1201,3388,1.0,-100.0,26.171279145783394,MARGIN CALL ($0)
16,2,0.0,6852,1882,4970,1.0,-100.0,27.466433158201987,MARGIN CALL ($0)
16,3,0.0,4123,1155,2968,1.0,-100.0,28.01358234295416,MARGIN CALL ($0)
16,4,0.0,38,8,30,1.0,-100.0,21.052631578947366,MARGIN CALL ($0)
16,5,0.0,14,0,14,1.0,-100.0,0.0,MARGIN CALL ($0)
16,6,0.0,19,1,18,1.0,-100.0,5.263157894736842,MARGIN CALL ($0)
16,7,0.0,20,1,19,1.0,-100.0,5.0,MARGIN CALL ($0)
16,8,0.0,18,1,17,1.0,-100.0,5.555555555555555,MARGIN CALL ($0)
16,9,0.0,23,3,20,1.0,-100.0,13.043478260869565,MARGIN CALL ($0)
16,10,0.0,23,3,20,1.0,-100.0,13.043478260869565,MARGIN CALL ($0)
16,11,0.0,20,3,17,1.0,-100.0,15.0,MARGIN CALL ($0)
16,12,0.0,23,3,20,1.0,-100.0,13.043478260869565,MARGIN CALL ($0)
16,13,0.0,46,8,38,1.0,-100.0,17.391304347826086,MARGIN CALL ($0)
16,14,0.0,35,5,30,1.0,-100.0,14.285714285714285,MARGIN CALL ($0)
16,15,0.0,31,5,26,1.0,-100.0,16.129032258064516,MARGIN CALL ($0)
16,16,0.0,13,1,12,1.0,-100.0,7.6923076923076925,MARGIN CALL ($0)
16,17,0.0,15,1,14,1.0,-100.0,6.666666666666667,MARGIN CALL ($0)
16,18,0.0,13,1,12,1.0,-100.0,7.6923076923076925,MARGIN CALL ($0)
16,19,0.0,26,4,22,1.0,-100.0,15.384615384615385,MARGIN CALL ($0)
16,20,0.0,27,4,23,1.0,-100.0,14.814814814814813,MARGIN CALL ($0)
16,21,0.0,27,4,23,1.0,-100.0,14.814814814814813,MARGIN CALL ($0)
16,22,0.0,24,4,20,1.0,-100.0,16.666666666666664,MARGIN CALL ($0)
16,23,0.0,25,4,21,1.0,-100.0,16.0,MARGIN CALL ($0)
16,24,0.0,24,4,20,1.0,-100.0,16.666666666666664,MARGIN CALL ($0)
16,25,0.0,22,4,18,1.0,-100.0,18.181818181818183,MARGIN CALL ($0)
16,26,0.0,22,4,18,1.0,-100.0,18.181818181818183,MARGIN CALL ($0)
16,27,0.0,23,4,19,1.0,-100.0,17.391304347826086,MARGIN CALL ($0)
16,28,0.0,26,4,22,1.0,-100.0,15.384615384615385,MARGIN CALL ($0)
16,29,0.0,27,4,23,1.0,-100.0,14.814814814814813,MARGIN CALL ($0)
16,30,0.0,24,3,21,1.0,-100.0,12.5,MARGIN CALL ($0)
16,31,0.0,24,3,21,1.0,-100.0,12.5,MARGIN CALL ($0)
16,32,0.0,24,3,21,1.0,-100.0,12.5,MARGIN CALL ($0)
16,33,0.0,24,3,21,1.0,-100.0,12.5,MARGIN CALL ($0)
16,34,0.0,24,4,20,1.0,-100.0,16.666666666666664,MARGIN CALL ($0)
16,35,0.0,24,4,20,1.0,-100.0,16.666666666666664,MARGIN CALL ($0)
16,36,0.0,25,4,21,1.0,-100.0,16.0,MARGIN CALL ($0)
16,37,0.0,27,4,23,1.0,-100.0,14.814814814814813,MARGIN CALL ($0)
16,38,0.0,28,4,24,1.0,-100.0,14.285714285714285,MARGIN CALL ($0)
16,39,0.0,13,1,12,1.0,-100.0,7.6923076923076925,MARGIN CALL ($0)
16,40,0.0,14,1,13,1.0,-100.0,7.142857142857142,MARGIN CALL ($0)
16,41,0.0,12,1,11,1.0,-100.0,8.333333333333332,MARGIN CALL ($0)
16,42,0.0,13,1,12,1.0,-100.0,7.6923076923076925,MARGIN CALL ($0)
16,43,0.0,7,0,7,1.0,-100.0,0.0,MARGIN CALL ($0)
16,44,0.0,7,0,7,1.0,-100.0,0.0,MARGIN CALL ($0)
16,45,0.0,6,0,6,1.0,-100.0,0.0,MARGIN CALL ($0)
16,46,0.0,6,0,6,1.0,-100.0,0.0,MARGIN CALL ($0)
16,47,0.0,6,0,6,1.0,-100.0,0.0,MARGIN CALL ($0)
16,48,0.0,9,0,9,1.0,-100.0,0.0,MARGIN CALL ($0)
16,49,0.0,8,0,8,1.0,-100.0,0.0,MARGIN CALL ($0)
16,50,0.0,8,0,8,1.0,-100.0,0.0,MARGIN CALL ($0)
16,51,0.0,10,1,9,1.0,-100.0,10.0,MARGIN CALL ($0)
16,52,0.0,13,1,12,1.0,-100.0,7.6923076923076925,MARGIN CALL ($0)
16,53,0.0,13,1,12,1.0,-100.0,7.6923076923076925,MARGIN CALL ($0)
16,54,0.0,10,1,9,1.0,-100.0,10.0,MARGIN CALL ($0)
16,55,0.0,24,3,21,1.0,-100.0,12.5,MARGIN CALL ($0)
16,56,0.0,24,3,21,1.0,-100.0,12.5,MARGIN CALL ($0)
16,57,0.0,23,3,20,1.0,-100.0,13.043478260869565,MARGIN CALL ($0)
16,58,0.0,24,3,21,1.0,-100.0,12.5,MARGIN CALL ($0)
16,59,0.0,24,3,21,1.0,-100.0,12.5,MARGIN CALL ($0)
16,60,0.0,24,3,21,1.0,-100.0,12.5,MARGIN CALL ($0)
16,61,0.0,24,3,21,1.0,-100.0,12.5,MARGIN CALL ($0)
16,62,0.0,24,3,21,1.0,-100.0,12.5,MARGIN CALL ($0)
16,63,0.0,24,3,21,1.0,-100.0,12.5,MARGIN CALL ($0)
16,64,0.0,23,3,20,1.0,-100.0,13.043478260869565,MARGIN CALL ($0)
16,65,0.0,23,3,20,1.0,-100.0,13.043478260869565,MARGIN CALL ($0)
16,66,0.0,11,1,10,1.0,-100.0,9.090909090909092,MARGIN CALL ($0)
16,67,0.0,12,1,11,1.0,-100.0,8.333333333333332,MARGIN CALL ($0)
16,68,0.0,12,1,11,1.0,-100.0,8.333333333333332,MARGIN CALL ($0)
16,69,0.0,12,1,11,1.0,-100.0,8.333333333333332,MARGIN CALL ($0)
16,70,0.0,13,1,12,1.0,-100.0,7.6923076923076925,MARGIN CALL ($0)
16,71,0.0,12,1,11,1.0,-100.0,8.333333333333332,MARGIN CALL ($0)
16,72,0.0,13,1,12,1.0,-100.0,7.6923076923076925,MARGIN CALL ($0)
16,73,0.0,13,1,12,1.0,-100.0,7.6923076923076925,MARGIN CALL ($0)
16,74,0.0,13,1,12,1.0,-100.0,7.6923076923076925,MARGIN CALL ($0)
16,75,0.0,13,1,12,1.0,-100.0,7.6923076923076925,MARGIN CALL ($0)
16,76,0.0,13,1,12,1.0,-100.0,7.6923076923076925,MARGIN CALL ($0)
16,77,0.0,13,1,12,1.0,-100.0,7.6923076923076925,MARGIN CALL ($0)
16,78,0.0,13,1,12,1.0,-100.0,7.6923076923076925,MARGIN CALL ($0)
16,79,0.0,13,1,12,1.0,-100.0,7.6923076923076925,MARGIN CALL ($0)
16,80,0.0,12,1,11,1.0,-100.0,8.333333333333332,MARGIN CALL ($0)
16,81,0.0,12,1,11,1.0,-100.0,8.333333333333332,MARGIN CALL ($0)
16,82,0.0,12,1,11,1.0,-100.0,8.333333333333332,MARGIN CALL ($0)
16,83,0.0,12,1,11,1.0,-100.0,8.333333333333332,MARGIN CALL ($0)
16,84,0.0,12,1,11,1.0,-100.0,8.333333333333332,MARGIN CALL ($0)
16,85,0.0,12,1,11,1.0,-100.0,8.333333333333332,MARGIN CALL ($0)
16,86,0.0,12,1,11,1.0,-100.0,8.333333333333332,MARGIN CALL ($0)
16,87,0.0,12,1,11,1.0,-100.0,8.333333333333332,MARGIN CALL ($0)
16,88,0.0,12,1,11,1.0,-100.0,8.333333333333332,MARGIN CALL ($0)
16,89,0.0,11,1,10,1.0,-100.0,9.090909090909092,MARGIN CALL ($0)
16,90,0.0,11,1,10,1.0,-100.0,9.090909090909092,MARGIN CALL ($0)
16,91,0.0,12,1,11,1.0,-100.0,8.333333333333332,MARGIN CALL ($0)
16,92,0.0,12,1,11,1.0,-100.0,8.333333333333332,MARGIN CALL ($0)
16,93,0.0,12,1,11,1.0,-100.0,8.333333333333332,MARGIN CALL ($0)
16,94,0.0,12,1,11,1.0,-100.0,8.333333333333332,MARGIN CALL ($0)
16,95,0.0,12,1,11,1.0,-100.0,8.333333333333332,MARGIN CALL ($0)
16,96,0.0,12,1,11,1.0,-100.0,8.333333333333332,MARGIN CALL ($0)
16,97,0.0,12,1,11,1.0,-100.0,8.333333333333332,MARGIN CALL ($0)
16,98,0.0,12,1,11,1.0,-100.0,8.333333333333332,MARGIN CALL ($0)
16,99,0.0,12,1,11,1.0,-100.0,8.333333333333332,MARGIN CALL ($0)
16,100,0.0,12,1,11,1.0,-100.0,8.333333333333332,MARGIN CALL ($0)
17,1,0.0,4419,1162,3257,1.0,-100.0,26.29554197782304,MARGIN CALL ($0)
17,2,0.0,6851,1882,4969,1.0,-100.0,27.470442271201286,MARGIN CALL ($0)
17,3,0.0,4136,1154,2982,1.0,-100.0,27.901353965183752,MARGIN CALL ($0)
17,4,0.0,39,8,31,1.0,-100.0,20.51282051282051,MARGIN CALL ($0)
17,5,0.0,14,0,14,1.0,-100.0,0.0,MARGIN CALL ($0)
17,6,0.0,19,1,18,1.0,-100.0,5.263157894736842,MARGIN CALL ($0)
17,7,0.0,20,1,19,1.0,-100.0,5.0,MARGIN CALL ($0)
17,8,0.0,20,1,19,1.0,-100.0,5.0,MARGIN CALL ($0)
17,9,0.0,24,3,21,1.0,-100.0,12.5,MARGIN CALL ($0)
17,10,0.0,24,3,21,1.0,-100.0,12.5,MARGIN CALL ($0)
17,11,0.0,21,3,18,1.0,-100.0,14.285714285714285,MARGIN CALL ($0)
17,12,0.0,24,3,21,1.0,-100.0,12.5,MARGIN CALL ($0)
17,13,0.0,47,8,39,1.0,-100.0,17.02127659574468,MARGIN CALL ($0)
17,14,0.0,44,7,37,1.0,-100.0,15.909090909090908,MARGIN CALL ($0)
17,15,0.0,32,5,27,1.0,-100.0,15.625,MARGIN CALL ($0)
17,16,0.0,15,1,14,1.0,-100.0,6.666666666666667,MARGIN CALL ($0)
17,17,0.0,9,0,9,1.0,-100.0,0.0,MARGIN CALL ($0)
17,18,0.0,5,0,5,1.0,-100.0,0.0,MARGIN CALL ($0)
17,19,0.0,6917,1460,5457,1.0,-100.0,21.10741651004771,MARGIN CALL ($0)
17,20,0.0,7335,1567,5768,1.0,-100.0,21.363326516700752,MARGIN CALL ($0)
17,22,0.0,4901,1090,3811,1.0,-100.0,22.240359110385636,MARGIN CALL ($0)
17,23,0.0,22,3,19,1.0,-100.0,13.636363636363635,MARGIN CALL ($0)
17,24,0.0,21,3,18,1.0,-100.0,14.285714285714285,MARGIN CALL ($0)
17,25,0.0,21,3,18,1.0,-100.0,14.285714285714285,MARGIN CALL ($0)
17,26,0.0,21,3,18,1.0,-100.0,14.285714285714285,MARGIN CALL ($0)
17,27,0.0,2108,484,1624,1.0,-100.0,22.960151802656547,MARGIN CALL ($0)
17,28,0.0,22,3,19,1.0,-100.0,13.636363636363635,MARGIN CALL ($0)
17,29,0.0,26,5,21,1.0,-100.0,19.230769230769234,MARGIN CALL ($0)
17,30,0.0,19,2,17,1.0,-100.0,10.526315789473683,MARGIN CALL ($0)
17,31,0.0,20,2,18,1.0,-100.0,10.0,MARGIN CALL ($0)
17,32,0.0,20,2,18,1.0,-100.0,10.0,MARGIN CALL ($0)
17,33,0.0,19,2,17,1.0,-100.0,10.526315789473683,MARGIN CALL ($0)
17,34,0.0,20,3,17,1.0,-100.0,15.0,MARGIN CALL ($0)
17,35,0.0,20,3,17,1.0,-100.0,15.0,MARGIN CALL ($0)
17,36,0.0,19,3,16,1.0,-100.0,15.789473684210526,MARGIN CALL ($0)
17,37,0.0,21,3,18,1.0,-100.0,14.285714285714285,MARGIN CALL ($0)
17,38,0.0,21,3,18,1.0,-100.0,14.285714285714285,MARGIN CALL ($0)
17,39,0.0,8,0,8,1.0,-100.0,0.0,MARGIN CALL ($0)
17,40,0.0,9,0,9,1.0,-100.0,0.0,MARGIN CALL ($0)
17,41,0.0,7,0,7,1.0,-100.0,0.0,MARGIN CALL ($0)
17,42,0.0,9,0,9,1.0,-100.0,0.0,MARGIN CALL ($0)
17,43,0.0,7,0,7,1.0,-100.0,0.0,MARGIN CALL ($0)
17,44,0.0,7,0,7,1.0,-100.0,0.0,MARGIN CALL ($0)
17,45,0.0,8,0,8,1.0,-100.0,0.0,MARGIN CALL ($0)
17,46,0.0,8,0,8,1.0,-100.0,0.0,MARGIN CALL ($0)
17,47,0.0,9,0,9,1.0,-100.0,0.0,MARGIN CALL ($0)
17,48,0.0,9,0,9,1.0,-100.0,0.0,MARGIN CALL ($0)
17,49,0.0,10,0,10,1.0,-100.0,0.0,MARGIN CALL ($0)
17,50,0.0,10,0,10,1.0,-100.0,0.0,MARGIN CALL ($0)
17,51,0.0,10,0,10,1.0,-100.0,0.0,MARGIN CALL ($0)
17,52,0.0,10,0,10,1.0,-100.0,0.0,MARGIN CALL ($0)
17,53,0.0,10,0,10,1.0,-100.0,0.0,MARGIN CALL ($0)
17,54,0.0,10,0,10,1.0,-100.0,0.0,MARGIN CALL ($0)
17,55,0.0,9,0,9,1.0,-100.0,0.0,MARGIN CALL ($0)
17,56,0.0,9,0,9,1.0,-100.0,0.0,MARGIN CALL ($0)
17,57,0.0,9,0,9,1.0,-100.0,0.0,MARGIN CALL ($0)
17,58,0.0,6,0,6,1.0,-100.0,0.0,MARGIN CALL ($0)
17,59,0.0,6,0,6,1.0,-100.0,0.0,MARGIN CALL ($0)
17,60,0.0,6,0,6,1.0,-100.0,0.0,MARGIN CALL ($0)
17,61,0.0,6,0,6,1.0,-100.0,0.0,MARGIN CALL ($0)
17,62,0.0,6,0,6,1.0,-100.0,0.0,MARGIN CALL ($0)
17,63,0.0,6,0,6,1.0,-100.0,0.0,MARGIN CALL ($0)
17,64,0.0,6,0,6,1.0,-100.0,0.0,MARGIN CALL ($0)
17,65,0.0,6,0,6,1.0,-100.0,0.0,MARGIN CALL ($0)
17,66,0.0,7,0,7,1.0,-100.0,0.0,MARGIN CALL ($0)
17,67,0.0,8,0,8,1.0,-100.0,0.0,MARGIN CALL ($0)
17,68,0.0,8,0,8,1.0,-100.0,0.0,MARGIN CALL ($0)
17,69,0.0,8,0,8,1.0,-100.0,0.0,MARGIN CALL ($0)
17,70,0.0,9,0,9,1.0,-100.0,0.0,MARGIN CALL ($0)
17,71,0.0,8,0,8,1.0,-100.0,0.0,MARGIN CALL ($0)
17,72,0.0,9,0,9,1.0,-100.0,0.0,MARGIN CALL ($0)
17,73,0.0,9,0,9,1.0,-100.0,0.0,MARGIN CALL ($0)
17,74,0.0,9,0,9,1.0,-100.0,0.0,MARGIN CALL ($0)
17,75,0.0,9,0,9,1.0,-100.0,0.0,MARGIN CALL ($0)
17,76,0.0,9,0,9,1.0,-100.0,0.0,MARGIN CALL ($0)
17,77,0.0,9,0,9,1.0,-100.0,0.0,MARGIN CALL ($0)
17,78,0.0,9,0,9,1.0,-100.0,0.0,MARGIN CALL ($0)
17,79,0.0,9,0,9,1.0,-100.0,0.0,MARGIN CALL ($0)
17,80,0.0,9,0,9,1.0,-100.0,0.0,MARGIN CALL ($0)
17,81,0.0,8,0,8,1.0,-100.0,0.0,MARGIN CALL ($0)
17,82,0.0,7,0,7,1.0,-100.0,0.0,MARGIN CALL ($0)
17,83,0.0,7,0,7,1.0,-100.0,0.0,MARGIN CALL ($0)
17,84,0.0,7,0,7,1.0,-100.0,0.0,MARGIN CALL ($0)
17,85,0.0,7,0,7,1.0,-100.0,0.0,MARGIN CALL ($0)
17,86,0.0,7,0,7,1.0,-100.0,0.0,MARGIN CALL ($0)
17,87,0.0,7,0,7,1.0,-100.0,0.0,MARGIN CALL ($0)
17,88,0.0,7,0,7,1.0,-100.0,0.0,MARGIN CALL ($0)
17,89,0.0,7,0,7,1.0,-100.0,0.0,MARGIN CALL ($0)
17,90,0.0,7,0,7,1.0,-100.0,0.0,MARGIN CALL ($0)
17,91,0.0,7,0,7,1.0,-100.0,0.0,MARGIN CALL ($0)
17,92,0.0,7,0,7,1.0,-100.0,0.0,MARGIN CALL ($0)
17,93,0.0,7,0,7,1.0,-100.0,0.0,MARGIN CALL ($0)
17,94,0.0,7,0,7,1.0,-100.0,0.0,MARGIN CALL ($0)
17,95,0.0,8,0,8,1.0,-100.0,0.0,MARGIN CALL ($0)
17,96,0.0,8,0,8,1.0,-100.0,0.0,MARGIN CALL ($0)
17,97,0.0,8,0,8,1.0,-100.0,0.0,MARGIN CALL ($0)
17,98,0.0,8,0,8,1.0,-100.0,0.0,MARGIN CALL ($0)
17,99,0.0,8,0,8,1.0,-100.0,0.0,MARGIN CALL ($0)
17,100,0.0,8,0,8,1.0,-100.0,0.0,MARGIN CALL ($0)
18,1,0.0,198,47,151,1.0,-100.0,23.737373737373737,MARGIN CALL ($0)
18,2,0.0,6851,1882,4969,1.0,-100.0,27.470442271201286,MARGIN CALL ($0)
18,3,0.0,27,5,22,1.0,-100.0,18.51851851851852,MARGIN CALL ($0)
18,4,0.0,39,8,31,1.0,-100.0,20.51282051282051,MARGIN CALL ($0)
18,5,0.0,14,0,14,1.0,-100.0,0.0,MARGIN CALL ($0)
18,6,0.0,19,1,18,1.0,-100.0,5.263157894736842,MARGIN CALL ($0)
18,7,0.0,20,1,19,1.0,-100.0,5.0,MARGIN CALL ($0)
18,8,0.0,19,1,18,1.0,-100.0,5.263157894736842,MARGIN CALL ($0)
18,9,0.0,25,3,22,1.0,-100.0,12.0,MARGIN CALL ($0)
18,10,0.0,25,3,22,1.0,-100.0,12.0,MARGIN CALL ($0)
18,11,0.0,22,3,19,1.0,-100.0,13.636363636363635,MARGIN CALL ($0)
18,12,0.0,23,3,20,1.0,-100.0,13.043478260869565,MARGIN CALL ($0)
18,13,0.0,48,8,40,1.0,-100.0,16.666666666666664,MARGIN CALL ($0)
18,14,0.0,37,5,32,1.0,-100.0,13.513513513513514,MARGIN CALL ($0)
18,15,0.0,33,5,28,1.0,-100.0,15.151515151515152,MARGIN CALL ($0)
18,16,0.0,15,1,14,1.0,-100.0,6.666666666666667,MARGIN CALL ($0)
18,17,0.0,10,0,10,1.0,-100.0,0.0,MARGIN CALL ($0)
18,18,0.0,5,0,5,1.0,-100.0,0.0,MARGIN CALL ($0)
18,19,0.0,6141,1294,4847,1.0,-100.0,21.071486728545842,MARGIN CALL ($0)
18,20,0.0,6644,1394,5250,1.0,-100.0,20.98133654425045,MARGIN CALL ($0)
18,21,0.0,8689,1825,6864,1.0,-100.0,21.003567729312923,MARGIN CALL ($0)
18,22,0.0,1496,356,1140,1.0,-100.0,23.796791443850267,MARGIN CALL ($0)
18,23,0.0,24,3,21,1.0,-100.0,12.5,MARGIN CALL ($0)
18,24,0.0,23,3,20,1.0,-100.0,13.043478260869565,MARGIN CALL ($0)
18,25,0.0,21,3,18,1.0,-100.0,14.285714285714285,MARGIN CALL ($0)
18,26,0.0,21,3,18,1.0,-100.0,14.285714285714285,MARGIN CALL ($0)
18,27,0.0,1655,378,1277,1.0,-100.0,22.83987915407855,MARGIN CALL ($0)
18,28,0.0,22,3,19,1.0,-100.0,13.636363636363635,MARGIN CALL ($0)
18,29,0.0,27,5,22,1.0,-100.0,18.51851851851852,MARGIN CALL ($0)
18,30,0.0,19,2,17,1.0,-100.0,10.526315789473683,MARGIN CALL ($0)
18,31,0.0,17,2,15,1.0,-100.0,11.76470588235294,MARGIN CALL ($0)
18,32,0.0,17,2,15,1.0,-100.0,11.76470588235294,MARGIN CALL ($0)
18,33,0.0,16,2,14,1.0,-100.0,12.5,MARGIN CALL ($0)
18,34,0.0,18,3,15,1.0,-100.0,16.666666666666664,MARGIN CALL ($0)
18,35,0.0,18,3,15,1.0,-100.0,16.666666666666664,MARGIN CALL ($0)
18,36,0.0,18,3,15,1.0,-100.0,16.666666666666664,MARGIN CALL ($0)
18,37,0.0,19,3,16,1.0,-100.0,15.789473684210526,MARGIN CALL ($0)
18,38,0.0,19,3,16,1.0,-100.0,15.789473684210526,MARGIN CALL ($0)
18,39,0.0,8,0,8,1.0,-100.0,0.0,MARGIN CALL ($0)
18,40,0.0,9,0,9,1.0,-100.0,0.0,MARGIN CALL ($0)
18,41,0.0,7,0,7,1.0,-100.0,0.0,MARGIN CALL ($0)
18,42,0.0,9,0,9,1.0,-100.0,0.0,MARGIN CALL ($0)
18,43,0.0,7,0,7,1.0,-100.0,0.0,MARGIN CALL ($0)
18,44,0.0,7,0,7,1.0,-100.0,0.0,MARGIN CALL ($0)
18,45,0.0,8,0,8,1.0,-100.0,0.0,MARGIN CALL ($0)
18,46,0.0,8,0,8,1.0,-100.0,0.0,MARGIN CALL ($0)
18,47,0.0,9,0,9,1.0,-100.0,0.0,MARGIN CALL ($0)
18,48,0.0,9,0,9,1.0,-100.0,0.0,MARGIN CALL ($0)
18,49,0.0,10,0,10,1.0,-100.0,0.0,MARGIN CALL ($0)
18,50,0.0,10,0,10,1.0,-100.0,0.0,MARGIN CALL ($0)
18,51,0.0,10,0,10,1.0,-100.0,0.0,MARGIN CALL ($0)
18,52,0.0,10,0,10,1.0,-100.0,0.0,MARGIN CALL ($0)
18,53,0.0,10,0,10,1.0,-100.0,0.0,MARGIN CALL ($0)
18,54,0.0,10,0,10,1.0,-100.0,0.0,MARGIN CALL ($0)
18,55,0.0,9,0,9,1.0,-100.0,0.0,MARGIN CALL ($0)
18,56,0.0,9,0,9,1.0,-100.0,0.0,MARGIN CALL ($0)
18,57,0.0,9,0,9,1.0,-100.0,0.0,MARGIN CALL ($0)
18,58,0.0,6,0,6,1.0,-100.0,0.0,MARGIN CALL ($0)
18,59,0.0,6,0,6,1.0,-100.0,0.0,MARGIN CALL ($0)
18,60,0.0,6,0,6,1.0,-100.0,0.0,MARGIN CALL ($0)
18,61,0.0,6,0,6,1.0,-100.0,0.0,MARGIN CALL ($0)
18,62,0.0,6,0,6,1.0,-100.0,0.0,MARGIN CALL ($0)
18,63,0.0,6,0,6,1.0,-100.0,0.0,MARGIN CALL ($0)
18,64,0.0,6,0,6,1.0,-100.0,0.0,MARGIN CALL ($0)
18,65,0.0,6,0,6,1.0,-100.0,0.0,MARGIN CALL ($0)
18,66,0.0,7,0,7,1.0,-100.0,0.0,MARGIN CALL ($0)
18,67,0.0,8,0,8,1.0,-100.0,0.0,MARGIN CALL ($0)
18,68,0.0,8,0,8,1.0,-100.0,0.0,MARGIN CALL ($0)
18,69,0.0,8,0,8,1.0,-100.0,0.0,MARGIN CALL ($0)
18,70,0.0,9,0,9,1.0,-100.0,0.0,MARGIN CALL ($0)
18,71,0.0,9,0,9,1.0,-100.0,0.0,MARGIN CALL ($0)
18,72,0.0,10,0,10,1.0,-100.0,0.0,MARGIN CALL ($0)
18,73,0.0,10,0,10,1.0,-100.0,0.0,MARGIN CALL ($0)
18,74,0.0,10,0,10,1.0,-100.0,0.0,MARGIN CALL ($0)
18,75,0.0,10,0,10,1.0,-100.0,0.0,MARGIN CALL ($0)
18,76,0.0,10,0,10,1.0,-100.0,0.0,MARGIN CALL ($0)
18,77,0.0,10,0,10,1.0,-100.0,0.0,MARGIN CALL ($0)
18,78,0.0,9,0,9,1.0,-100.0,0.0,MARGIN CALL ($0)
18,79,0.0,9,0,9,1.0,-100.0,0.0,MARGIN CALL ($0)
18,80,0.0,9,0,9,1.0,-100.0,0.0,MARGIN CALL ($0)
18,81,0.0,9,0,9,1.0,-100.0,0.0,MARGIN CALL ($0)
18,82,0.0,8,0,8,1.0,-100.0,0.0,MARGIN CALL ($0)
18,83,0.0,8,0,8,1.0,-100.0,0.0,MARGIN CALL ($0)
18,84,0.0,8,0,8,1.0,-100.0,0.0,MARGIN CALL ($0)
18,85,0.0,8,0,8,1.0,-100.0,0.0,MARGIN CALL ($0)
18,86,0.0,8,0,8,1.0,-100.0,0.0,MARGIN CALL ($0)
18,87,0.0,8,0,8,1.0,-100.0,0.0,MARGIN CALL ($0)
18,88,0.0,8,0,8,1.0,-100.0,0.0,MARGIN CALL ($0)
18,89,0.0,8,0,8,1.0,-100.0,0.0,MARGIN CALL ($0)
18,90,0.0,8,0,8,1.0,-100.0,0.0,MARGIN CALL ($0)
18,91,0.0,8,0,8,1.0,-100.0,0.0,MARGIN CALL ($0)
18,92,0.0,8,0,8,1.0,-100.0,0.0,MARGIN CALL ($0)
18,93,0.0,8,0,8,1.0,-100.0,0.0,MARGIN CALL ($0)
18,94,0.0,8,0,8,1.0,-100.0,0.0,MARGIN CALL ($0)
18,95,0.0,9,0,9,1.0,-100.0,0.0,MARGIN CALL ($0)
18,96,0.0,9,0,9,1.0,-100.0,0.0,MARGIN CALL ($0)
18,97,0.0,9,0,9,1.0,-100.0,0.0,MARGIN CALL ($0)
18,98,0.0,9,0,9,1.0,-100.0,0.0,MARGIN CALL ($0)
18,99,0.0,9,0,9,1.0,-100.0,0.0,MARGIN CALL ($0)
18,100,0.0,9,0,9,1.0,-100.0,0.0,MARGIN CALL ($0)
19,1,0.0,267,67,200,1.0,-100.0,25.0936329588015,MARGIN CALL ($0)
19,2,0.0,6852,1882,4970,1.0,-100.0,27.466433158201987,MARGIN CALL ($0)
19,3,0.0,4331,1211,3120,1.0,-100.0,27.961209882244287,MARGIN CALL ($0)
19,4,0.0,39,8,31,1.0,-100.0,20.51282051282051,MARGIN CALL ($0)
19,5,0.0,14,0,14,1.0,-100.0,0.0,MARGIN CALL ($0)
19,6,0.0,18,1,17,1.0,-100.0,5.555555555555555,MARGIN CALL ($0)
19,7,0.0,20,1,19,1.0,-100.0,5.0,MARGIN CALL ($0)
19,8,0.0,19,1,18,1.0,-100.0,5.263157894736842,MARGIN CALL ($0)
19,9,0.0,25,3,22,1.0,-100.0,12.0,MARGIN CALL ($0)
19,10,0.0,25,3,22,1.0,-100.0,12.0,MARGIN CALL ($0)
19,11,0.0,22,3,19,1.0,-100.0,13.636363636363635,MARGIN CALL ($0)
19,12,0.0,23,3,20,1.0,-100.0,13.043478260869565,MARGIN CALL ($0)
19,13,0.0,52,8,44,1.0,-100.0,15.384615384615385,MARGIN CALL ($0)
19,14,0.0,46,8,38,1.0,-100.0,17.391304347826086,MARGIN CALL ($0)
19,15,0.0,34,6,28,1.0,-100.0,17.647058823529413,MARGIN CALL ($0)
19,16,0.0,31,5,26,1.0,-100.0,16.129032258064516,MARGIN CALL ($0)
19,17,0.0,6319,1318,5001,1.0,-100.0,20.857730653584426,MARGIN CALL ($0)
19,18,0.0,5389,1119,4270,1.0,-100.0,20.76452031916868,MARGIN CALL ($0)
19,19,0.0,5659,1163,4496,1.0,-100.0,20.55133415797844,MARGIN CALL ($0)
19,20,0.0,5751,1186,4565,1.0,-100.0,20.622500434707007,MARGIN CALL ($0)
19,21,0.0,8070,1667,6403,1.0,-100.0,20.656753407682775,MARGIN CALL ($0)
19,22,0.0,1513,337,1176,1.0,-100.0,22.273628552544615,MARGIN CALL ($0)
19,23,0.0,23,3,20,1.0,-100.0,13.043478260869565,MARGIN CALL ($0)
19,24,0.0,23,3,20,1.0,-100.0,13.043478260869565,MARGIN CALL ($0)
19,25,0.0,21,3,18,1.0,-100.0,14.285714285714285,MARGIN CALL ($0)
19,26,0.0,21,3,18,1.0,-100.0,14.285714285714285,MARGIN CALL ($0)
19,27,0.0,1899,439,1460,1.0,-100.0,23.117430226434966,MARGIN CALL ($0)
19,28,0.0,22,3,19,1.0,-100.0,13.636363636363635,MARGIN CALL ($0)
19,29,0.0,27,5,22,1.0,-100.0,18.51851851851852,MARGIN CALL ($0)
19,30,0.0,19,2,17,1.0,-100.0,10.526315789473683,MARGIN CALL ($0)
19,31,0.0,17,2,15,1.0,-100.0,11.76470588235294,MARGIN CALL ($0)
19,32,0.0,17,2,15,1.0,-100.0,11.76470588235294,MARGIN CALL ($0)
19,33,0.0,16,2,14,1.0,-100.0,12.5,MARGIN CALL ($0)
19,34,0.0,18,3,15,1.0,-100.0,16.666666666666664,MARGIN CALL ($0)
19,35,0.0,18,3,15,1.0,-100.0,16.666666666666664,MARGIN CALL ($0)
19,36,0.0,17,3,14,1.0,-100.0,17.647058823529413,MARGIN CALL ($0)
19,37,0.0,20,3,17,1.0,-100.0,15.0,MARGIN CALL ($0)
19,38,0.0,19,3,16,1.0,-100.0,15.789473684210526,MARGIN CALL ($0)
19,39,0.0,19,3,16,1.0,-100.0,15.789473684210526,MARGIN CALL ($0)
19,40,0.0,22,3,19,1.0,-100.0,13.636363636363635,MARGIN CALL ($0)
19,41,0.0,19,3,16,1.0,-100.0,15.789473684210526,MARGIN CALL ($0)
19,42,0.0,20,3,17,1.0,-100.0,15.0,MARGIN CALL ($0)
19,43,0.0,18,2,16,1.0,-100.0,11.11111111111111,MARGIN CALL ($0)
19,44,0.0,18,2,16,1.0,-100.0,11.11111111111111,MARGIN CALL ($0)
19,45,0.0,19,2,17,1.0,-100.0,10.526315789473683,MARGIN CALL ($0)
19,46,0.0,19,2,17,1.0,-100.0,10.526315789473683,MARGIN CALL ($0)
19,47,0.0,11,0,11,1.0,-100.0,0.0,MARGIN CALL ($0)
19,48,0.0,10,0,10,1.0,-100.0,0.0,MARGIN CALL ($0)
19,49,0.0,10,0,10,1.0,-100.0,0.0,MARGIN CALL ($0)
19,50,0.0,10,0,10,1.0,-100.0,0.0,MARGIN CALL ($0)
19,51,0.0,11,0,11,1.0,-100.0,0.0,MARGIN CALL ($0)
19,52,0.0,11,0,11,1.0,-100.0,0.0,MARGIN CALL ($0)
19,53,0.0,11,0,11,1.0,-100.0,0.0,MARGIN CALL ($0)
19,54,0.0,11,0,11,1.0,-100.0,0.0,MARGIN CALL ($0)
19,55,0.0,16,2,14,1.0,-100.0,12.5,MARGIN CALL ($0)
19,56,0.0,16,2,14,1.0,-100.0,12.5,MARGIN CALL ($0)
19,57,0.0,16,2,14,1.0,-100.0,12.5,MARGIN CALL ($0)
19,58,0.0,15,2,13,1.0,-100.0,13.333333333333334,MARGIN CALL ($0)
19,59,0.0,15,2,13,1.0,-100.0,13.333333333333334,MARGIN CALL ($0)
19,60,0.0,15,2,13,1.0,-100.0,13.333333333333334,MARGIN CALL ($0)
19,61,0.0,15,2,13,1.0,-100.0,13.333333333333334,MARGIN CALL ($0)
19,62,0.0,15,2,13,1.0,-100.0,13.333333333333334,MARGIN CALL ($0)
19,63,0.0,15,2,13,1.0,-100.0,13.333333333333334,MARGIN CALL ($0)
19,64,0.0,15,2,13,1.0,-100.0,13.333333333333334,MARGIN CALL ($0)
19,65,0.0,15,2,13,1.0,-100.0,13.333333333333334,MARGIN CALL ($0)
19,66,0.0,15,2,13,1.0,-100.0,13.333333333333334,MARGIN CALL ($0)
19,67,0.0,16,2,14,1.0,-100.0,12.5,MARGIN CALL ($0)
19,68,0.0,16,2,14,1.0,-100.0,12.5,MARGIN CALL ($0)
19,69,0.0,19,3,16,1.0,-100.0,15.789473684210526,MARGIN CALL ($0)
19,70,0.0,22,3,19,1.0,-100.0,13.636363636363635,MARGIN CALL ($0)
19,71,0.0,20,3,17,1.0,-100.0,15.0,MARGIN CALL ($0)
19,72,0.0,11,0,11,1.0,-100.0,0.0,MARGIN CALL ($0)
19,73,0.0,11,0,11,1.0,-100.0,0.0,MARGIN CALL ($0)
19,74,0.0,11,0,11,1.0,-100.0,0.0,MARGIN CALL ($0)
19,75,0.0,11,0,11,1.0,-100.0,0.0,MARGIN CALL ($0)
19,76,0.0,11,0,11,1.0,-100.0,0.0,MARGIN CALL ($0)
19,77,0.0,10,0,10,1.0,-100.0,0.0,MARGIN CALL ($0)
19,78,0.0,10,0,10,1.0,-100.0,0.0,MARGIN CALL ($0)
19,79,0.0,10,0,10,1.0,-100.0,0.0,MARGIN CALL ($0)
19,80,0.0,10,0,10,1.0,-100.0,0.0,MARGIN CALL ($0)
19,81,0.0,10,0,10,1.0,-100.0,0.0,MARGIN CALL ($0)
19,82,0.0,20,3,17,1.0,-100.0,15.0,MARGIN CALL ($0)
19,83,0.0,20,3,17,1.0,-100.0,15.0,MARGIN CALL ($0)
19,84,0.0,20,3,17,1.0,-100.0,15.0,MARGIN CALL ($0)
19,85,0.0,20,3,17,1.0,-100.0,15.0,MARGIN CALL ($0)
19,86,0.0,19,3,16,1.0,-100.0,15.789473684210526,MARGIN CALL ($0)
19,87,0.0,19,3,16,1.0,-100.0,15.789473684210526,MARGIN CALL ($0)
19,88,0.0,18,3,15,1.0,-100.0,16.666666666666664,MARGIN CALL ($0)
19,89,0.0,19,3,16,1.0,-100.0,15.789473684210526,MARGIN CALL ($0)
19,90,0.0,20,4,16,1.0,-100.0,20.0,MARGIN CALL ($0)
19,91,0.0,20,3,17,1.0,-100.0,15.0,MARGIN CALL ($0)
19,92,0.0,20,3,17,1.0,-100.0,15.0,MARGIN CALL ($0)
19,93,0.0,20,3,17,1.0,-100.0,15.0,MARGIN CALL ($0)
19,94,0.0,19,3,16,1.0,-100.0,15.789473684210526,MARGIN CALL ($0)
19,95,0.0,20,3,17,1.0,-100.0,15.0,MARGIN CALL ($0)
19,96,0.0,21,3,18,1.0,-100.0,14.285714285714285,MARGIN CALL ($0)
19,97,0.0,22,3,19,1.0,-100.0,13.636363636363635,MARGIN CALL ($0)
19,98,0.0,22,3,19,1.0,-100.0,13.636363636363635,MARGIN CALL ($0)
19,99,0.0,23,3,20,1.0,-100.0,13.043478260869565,MARGIN CALL ($0)
19,100,0.0,23,3,20,1.0,-100.0,13.043478260869565,MARGIN CALL ($0)
20,1,0.0,283,72,211,1.0,-100.0,25.4416961130742,MARGIN CALL ($0)
20,2,0.0,6852,1882,4970,1.0,-100.0,27.466433158201987,MARGIN CALL ($0)
20,3,0.0,4337,1212,3125,1.0,-100.0,27.94558450541849,MARGIN CALL ($0)
20,4,0.0,38,8,30,1.0,-100.0,21.052631578947366,MARGIN CALL ($0)
20,5,0.0,14,0,14,1.0,-100.0,0.0,MARGIN CALL ($0)
20,6,0.0,18,1,17,1.0,-100.0,5.555555555555555,MARGIN CALL ($0)
20,7,0.0,20,1,19,1.0,-100.0,5.0,MARGIN CALL ($0)
20,8,0.0,23,3,20,1.0,-100.0,13.043478260869565,MARGIN CALL ($0)
20,9,0.0,23,3,20,1.0,-100.0,13.043478260869565,MARGIN CALL ($0)
20,10,0.0,24,3,21,1.0,-100.0,12.5,MARGIN CALL ($0)
20,11,0.0,21,3,18,1.0,-100.0,14.285714285714285,MARGIN CALL ($0)
20,12,0.0,24,3,21,1.0,-100.0,12.5,MARGIN CALL ($0)
20,13,0.0,49,8,41,1.0,-100.0,16.3265306122449,MARGIN CALL ($0)
20,14,0.0,45,8,37,1.0,-100.0,17.77777777777778,MARGIN CALL ($0)
20,15,0.0,35,6,29,1.0,-100.0,17.142857142857142,MARGIN CALL ($0)
20,16,0.0,30,5,25,1.0,-100.0,16.666666666666664,MARGIN CALL ($0)
20,17,0.0,4533,950,3583,1.0,-100.0,20.957423339951468,MARGIN CALL ($0)
20,18,0.0,1736,385,1351,1.0,-100.0,22.177419354838708,MARGIN CALL ($0)
20,19,0.0,4391,909,3482,1.0,-100.0,20.701434752903666,MARGIN CALL ($0)
20,20,0.0,5562,1132,4430,1.0,-100.0,20.352391226177634,MARGIN CALL ($0)
20,22,0.0,4318,910,3408,1.0,-100.0,21.074571560907827,MARGIN CALL ($0)
20,23,0.0,23,3,20,1.0,-100.0,13.043478260869565,MARGIN CALL ($0)
20,24,0.0,23,3,20,1.0,-100.0,13.043478260869565,MARGIN CALL ($0)
20,25,0.0,21,3,18,1.0,-100.0,14.285714285714285,MARGIN CALL ($0)
20,26,0.0,22,3,19,1.0,-100.0,13.636363636363635,MARGIN CALL ($0)
20,27,0.0,2456,548,1908,1.0,-100.0,22.31270358306189,MARGIN CALL ($0)
20,28,0.0,22,3,19,1.0,-100.0,13.636363636363635,MARGIN CALL ($0)
20,29,0.0,27,5,22,1.0,-100.0,18.51851851851852,MARGIN CALL ($0)
20,30,0.0,19,2,17,1.0,-100.0,10.526315789473683,MARGIN CALL ($0)
20,31,0.0,17,2,15,1.0,-100.0,11.76470588235294,MARGIN CALL ($0)
20,32,0.0,17,2,15,1.0,-100.0,11.76470588235294,MARGIN CALL ($0)
20,33,0.0,16,2,14,1.0,-100.0,12.5,MARGIN CALL ($0)
20,34,0.0,18,3,15,1.0,-100.0,16.666666666666664,MARGIN CALL ($0)
20,35,0.0,18,3,15,1.0,-100.0,16.666666666666664,MARGIN CALL ($0)
20,36,0.0,17,3,14,1.0,-100.0,17.647058823529413,MARGIN CALL ($0)
20,37,0.0,20,3,17,1.0,-100.0,15.0,MARGIN CALL ($0)
20,38,0.0,19,3,16,1.0,-100.0,15.789473684210526,MARGIN CALL ($0)
20,39,0.0,19,3,16,1.0,-100.0,15.789473684210526,MARGIN CALL ($0)
20,40,0.0,22,3,19,1.0,-100.0,13.636363636363635,MARGIN CALL ($0)
20,41,0.0,19,3,16,1.0,-100.0,15.789473684210526,MARGIN CALL ($0)
20,42,0.0,19,3,16,1.0,-100.0,15.789473684210526,MARGIN CALL ($0)
20,43,0.0,18,2,16,1.0,-100.0,11.11111111111111,MARGIN CALL ($0)
20,44,0.0,18,2,16,1.0,-100.0,11.11111111111111,MARGIN CALL ($0)
20,45,0.0,19,2,17,1.0,-100.0,10.526315789473683,MARGIN CALL ($0)
20,46,0.0,19,2,17,1.0,-100.0,10.526315789473683,MARGIN CALL ($0)
20,47,0.0,11,0,11,1.0,-100.0,0.0,MARGIN CALL ($0)
20,48,0.0,10,0,10,1.0,-100.0,0.0,MARGIN CALL ($0)
20,49,0.0,10,0,10,1.0,-100.0,0.0,MARGIN CALL ($0)
20,50,0.0,10,0,10,1.0,-100.0,0.0,MARGIN CALL ($0)
20,51,0.0,11,0,11,1.0,-100.0,0.0,MARGIN CALL ($0)
20,52,0.0,11,0,11,1.0,-100.0,0.0,MARGIN CALL ($0)
20,53,0.0,11,0,11,1.0,-100.0,0.0,MARGIN CALL ($0)
20,54,0.0,11,0,11,1.0,-100.0,0.0,MARGIN CALL ($0)
20,55,0.0,16,2,14,1.0,-100.0,12.5,MARGIN CALL ($0)
20,56,0.0,16,2,14,1.0,-100.0,12.5,MARGIN CALL ($0)
20,57,0.0,16,2,14,1.0,-100.0,12.5,MARGIN CALL ($0)
20,58,0.0,15,2,13,1.0,-100.0,13.333333333333334,MARGIN CALL ($0)
20,59,0.0,15,2,13,1.0,-100.0,13.333333333333334,MARGIN CALL ($0)
20,60,0.0,15,2,13,1.0,-100.0,13.333333333333334,MARGIN CALL ($0)
20,61,0.0,15,2,13,1.0,-100.0,13.333333333333334,MARGIN CALL ($0)
20,62,0.0,15,2,13,1.0,-100.0,13.333333333333334,MARGIN CALL ($0)
20,63,0.0,15,2,13,1.0,-100.0,13.333333333333334,MARGIN CALL ($0)
20,64,0.0,15,2,13,1.0,-100.0,13.333333333333334,MARGIN CALL ($0)
20,65,0.0,15,2,13,1.0,-100.0,13.333333333333334,MARGIN CALL ($0)
20,66,0.0,15,2,13,1.0,-100.0,13.333333333333334,MARGIN CALL ($0)
20,67,0.0,15,2,13,1.0,-100.0,13.333333333333334,MARGIN CALL ($0)
20,68,0.0,16,2,14,1.0,-100.0,12.5,MARGIN CALL ($0)
20,69,0.0,19,3,16,1.0,-100.0,15.789473684210526,MARGIN CALL ($0)
20,70,0.0,22,3,19,1.0,-100.0,13.636363636363635,MARGIN CALL ($0)
20,71,0.0,21,3,18,1.0,-100.0,14.285714285714285,MARGIN CALL ($0)
20,72,0.0,11,0,11,1.0,-100.0,0.0,MARGIN CALL ($0)
20,73,0.0,11,0,11,1.0,-100.0,0.0,MARGIN CALL ($0)
20,74,0.0,11,0,11,1.0,-100.0,0.0,MARGIN CALL ($0)
20,75,0.0,11,0,11,1.0,-100.0,0.0,MARGIN CALL ($0)
20,76,0.0,11,0,11,1.0,-100.0,0.0,MARGIN CALL ($0)
20,77,0.0,10,0,10,1.0,-100.0,0.0,MARGIN CALL ($0)
20,78,0.0,10,0,10,1.0,-100.0,0.0,MARGIN CALL ($0)
20,79,0.0,10,0,10,1.0,-100.0,0.0,MARGIN CALL ($0)
20,80,0.0,10,0,10,1.0,-100.0,0.0,MARGIN CALL ($0)
20,81,0.0,10,0,10,1.0,-100.0,0.0,MARGIN CALL ($0)
20,82,0.0,20,3,17,1.0,-100.0,15.0,MARGIN CALL ($0)
20,83,0.0,20,3,17,1.0,-100.0,15.0,MARGIN CALL ($0)
20,84,0.0,20,3,17,1.0,-100.0,15.0,MARGIN CALL ($0)
20,85,0.0,20,3,17,1.0,-100.0,15.0,MARGIN CALL ($0)
20,86,0.0,20,3,17,1.0,-100.0,15.0,MARGIN CALL ($0)
20,87,0.0,19,3,16,1.0,-100.0,15.789473684210526,MARGIN CALL ($0)
20,88,0.0,19,3,16,1.0,-100.0,15.789473684210526,MARGIN CALL ($0)
20,89,0.0,18,3,15,1.0,-100.0,16.666666666666664,MARGIN CALL ($0)
20,90,0.0,20,4,16,1.0,-100.0,20.0,MARGIN CALL ($0)
20,91,0.0,20,3,17,1.0,-100.0,15.0,MARGIN CALL ($0)
20,92,0.0,20,3,17,1.0,-100.0,15.0,MARGIN CALL ($0)
20,93,0.0,20,3,17,1.0,-100.0,15.0,MARGIN CALL ($0)
20,94,0.0,19,3,16,1.0,-100.0,15.789473684210526,MARGIN CALL ($0)
20,95,0.0,21,3,18,1.0,-100.0,14.285714285714285,MARGIN CALL ($0)
20,96,0.0,21,3,18,1.0,-100.0,14.285714285714285,MARGIN CALL ($0)
20,97,0.0,22,3,19,1.0,-100.0,13.636363636363635,MARGIN CALL ($0)
20,98,0.0,22,3,19,1.0,-100.0,13.636363636363635,MARGIN CALL ($0)
20,99,0.0,23,3,20,1.0,-100.0,13.043478260869565,MARGIN CALL ($0)
20,100,0.0,23,3,20,1.0,-100.0,13.043478260869565,MARGIN CALL ($0)
21,1,0.0,749,195,554,1.0,-100.0,26.034712950600802,MARGIN CALL ($0)
21,2,0.0,6852,1882,4970,1.0,-100.0,27.466433158201987,MARGIN CALL ($0)
21,3,0.0,4363,1218,3145,1.0,-100.0,27.91657116662847,MARGIN CALL ($0)
21,4,0.0,38,8,30,1.0,-100.0,21.052631578947366,MARGIN CALL ($0)
21,5,0.0,14,0,14,1.0,-100.0,0.0,MARGIN CALL ($0)
21,6,0.0,18,1,17,1.0,-100.0,5.555555555555555,MARGIN CALL ($0)
21,7,0.0,20,1,19,1.0,-100.0,5.0,MARGIN CALL ($0)
21,8,0.0,23,3,20,1.0,-100.0,13.043478260869565,MARGIN CALL ($0)
21,9,0.0,23,3,20,1.0,-100.0,13.043478260869565,MARGIN CALL ($0)
21,10,0.0,24,3,21,1.0,-100.0,12.5,MARGIN CALL ($0)
21,11,0.0,21,3,18,1.0,-100.0,14.285714285714285,MARGIN CALL ($0)
21,12,0.0,24,3,21,1.0,-100.0,12.5,MARGIN CALL ($0)
21,13,0.0,4989,1124,3865,1.0,-100.0,22.52956504309481,MARGIN CALL ($0)
21,14,0.0,2695,618,2077,1.0,-100.0,22.931354359925788,MARGIN CALL ($0)
21,15,0.0,34,6,28,1.0,-100.0,17.647058823529413,MARGIN CALL ($0)
21,16,0.0,30,5,25,1.0,-100.0,16.666666666666664,MARGIN CALL ($0)
21,17,0.0,4723,991,3732,1.0,-100.0,20.982426423883123,MARGIN CALL ($0)
21,18,0.0,5090,1072,4018,1.0,-100.0,21.06090373280943,MARGIN CALL ($0)
21,19,0.0,5457,1103,4354,1.0,-100.0,20.212571009712295,MARGIN CALL ($0)
21,21,0.0,185,31,154,1.0,-100.0,16.756756756756758,MARGIN CALL ($0)
21,22,0.0,29,5,24,1.0,-100.0,17.24137931034483,MARGIN CALL ($0)
21,23,0.0,24,3,21,1.0,-100.0,12.5,MARGIN CALL ($0)
21,24,0.0,23,3,20,1.0,-100.0,13.043478260869565,MARGIN CALL ($0)
21,25,0.0,22,3,19,1.0,-100.0,13.636363636363635,MARGIN CALL ($0)
21,26,0.0,24,3,21,1.0,-100.0,12.5,MARGIN CALL ($0)
21,27,0.0,24,3,21,1.0,-100.0,12.5,MARGIN CALL ($0)
21,28,0.0,24,3,21,1.0,-100.0,12.5,MARGIN CALL ($0)
21,29,0.0,27,5,22,1.0,-100.0,18.51851851851852,MARGIN CALL ($0)
21,30,0.0,23,5,18,1.0,-100.0,21.73913043478261,MARGIN CALL ($0)
21,31,0.0,24,6,18,1.0,-100.0,25.0,MARGIN CALL ($0)
21,32,0.0,16,3,13,1.0,-100.0,18.75,MARGIN CALL ($0)
21,33,0.0,16,3,13,1.0,-100.0,18.75,MARGIN CALL ($0)
21,34,0.0,17,4,13,1.0,-100.0,23.52941176470588,MARGIN CALL ($0)
21,35,0.0,17,4,13,1.0,-100.0,23.52941176470588,MARGIN CALL ($0)
21,36,0.0,17,4,13,1.0,-100.0,23.52941176470588,MARGIN CALL ($0)
21,37,0.0,19,4,15,1.0,-100.0,21.052631578947366,MARGIN CALL ($0)
21,38,0.0,18,4,14,1.0,-100.0,22.22222222222222,MARGIN CALL ($0)
21,39,0.0,18,4,14,1.0,-100.0,22.22222222222222,MARGIN CALL ($0)
21,40,0.0,21,4,17,1.0,-100.0,19.047619047619047,MARGIN CALL ($0)
21,41,0.0,21,4,17,1.0,-100.0,19.047619047619047,MARGIN CALL ($0)
21,42,0.0,18,4,14,1.0,-100.0,22.22222222222222,MARGIN CALL ($0)
21,43,0.0,18,3,15,1.0,-100.0,16.666666666666664,MARGIN CALL ($0)
21,44,0.0,19,3,16,1.0,-100.0,15.789473684210526,MARGIN CALL ($0)
21,45,0.0,20,3,17,1.0,-100.0,15.0,MARGIN CALL ($0)
21,46,0.0,20,3,17,1.0,-100.0,15.0,MARGIN CALL ($0)
21,47,0.0,11,0,11,1.0,-100.0,0.0,MARGIN CALL ($0)
21,48,0.0,10,0,10,1.0,-100.0,0.0,MARGIN CALL ($0)
21,49,0.0,10,0,10,1.0,-100.0,0.0,MARGIN CALL ($0)
21,50,0.0,10,0,10,1.0,-100.0,0.0,MARGIN CALL ($0)
21,51,0.0,11,0,11,1.0,-100.0,0.0,MARGIN CALL ($0)
21,52,0.0,11,0,11,1.0,-100.0,0.0,MARGIN CALL ($0)
21,53,0.0,11,0,11,1.0,-100.0,0.0,MARGIN CALL ($0)
21,54,0.0,11,0,11,1.0,-100.0,0.0,MARGIN CALL ($0)
21,55,0.0,17,3,14,1.0,-100.0,17.647058823529413,MARGIN CALL ($0)
21,56,0.0,17,3,14,1.0,-100.0,17.647058823529413,MARGIN CALL ($0)
21,57,0.0,17,3,14,1.0,-100.0,17.647058823529413,MARGIN CALL ($0)
21,58,0.0,17,3,14,1.0,-100.0,17.647058823529413,MARGIN CALL ($0)
21,59,0.0,16,3,13,1.0,-100.0,18.75,MARGIN CALL ($0)
21,60,0.0,16,3,13,1.0,-100.0,18.75,MARGIN CALL ($0)
21,61,0.0,16,3,13,1.0,-100.0,18.75,MARGIN CALL ($0)
21,62,0.0,16,3,13,1.0,-100.0,18.75,MARGIN CALL ($0)
21,63,0.0,17,3,14,1.0,-100.0,17.647058823529413,MARGIN CALL ($0)
21,64,0.0,16,3,13,1.0,-100.0,18.75,MARGIN CALL ($0)
21,65,0.0,16,3,13,1.0,-100.0,18.75,MARGIN CALL ($0)
21,66,0.0,16,3,13,1.0,-100.0,18.75,MARGIN CALL ($0)
21,67,0.0,16,3,13,1.0,-100.0,18.75,MARGIN CALL ($0)
21,68,0.0,17,3,14,1.0,-100.0,17.647058823529413,MARGIN CALL ($0)
21,69,0.0,17,3,14,1.0,-100.0,17.647058823529413,MARGIN CALL ($0)
21,70,0.0,20,3,17,1.0,-100.0,15.0,MARGIN CALL ($0)
21,71,0.0,20,3,17,1.0,-100.0,15.0,MARGIN CALL ($0)
21,72,0.0,11,0,11,1.0,-100.0,0.0,MARGIN CALL ($0)
21,73,0.0,11,0,11,1.0,-100.0,0.0,MARGIN CALL ($0)
21,74,0.0,11,0,11,1.0,-100.0,0.0,MARGIN CALL ($0)
21,75,0.0,11,0,11,1.0,-100.0,0.0,MARGIN CALL ($0)
21,76,0.0,11,0,11,1.0,-100.0,0.0,MARGIN CALL ($0)
21,77,0.0,10,0,10,1.0,-100.0,0.0,MARGIN CALL ($0)
21,78,0.0,10,0,10,1.0,-100.0,0.0,MARGIN CALL ($0)
21,79,0.0,10,0,10,1.0,-100.0,0.0,MARGIN CALL ($0)
21,80,0.0,10,0,10,1.0,-100.0,0.0,MARGIN CALL ($0)
21,81,0.0,10,0,10,1.0,-100.0,0.0,MARGIN CALL ($0)
21,82,0.0,18,3,15,1.0,-100.0,16.666666666666664,MARGIN CALL ($0)
21,83,0.0,20,3,17,1.0,-100.0,15.0,MARGIN CALL ($0)
21,84,0.0,20,3,17,1.0,-100.0,15.0,MARGIN CALL ($0)
21,85,0.0,18,3,15,1.0,-100.0,16.666666666666664,MARGIN CALL ($0)
21,86,0.0,18,3,15,1.0,-100.0,16.666666666666664,MARGIN CALL ($0)
21,87,0.0,17,3,14,1.0,-100.0,17.647058823529413,MARGIN CALL ($0)
21,88,0.0,19,3,16,1.0,-100.0,15.789473684210526,MARGIN CALL ($0)
21,89,0.0,18,3,15,1.0,-100.0,16.666666666666664,MARGIN CALL ($0)
21,90,0.0,20,4,16,1.0,-100.0,20.0,MARGIN CALL ($0)
21,91,0.0,20,3,17,1.0,-100.0,15.0,MARGIN CALL ($0)
21,92,0.0,20,3,17,1.0,-100.0,15.0,MARGIN CALL ($0)
21,93,0.0,22,3,19,1.0,-100.0,13.636363636363635,MARGIN CALL ($0)
21,94,0.0,21,3,18,1.0,-100.0,14.285714285714285,MARGIN CALL ($0)
21,95,0.0,23,3,20,1.0,-100.0,13.043478260869565,MARGIN CALL ($0)
21,96,0.0,23,3,20,1.0,-100.0,13.043478260869565,MARGIN CALL ($0)
21,97,0.0,23,3,20,1.0,-100.0,13.043478260869565,MARGIN CALL ($0)
21,98,0.0,23,3,20,1.0,-100.0,13.043478260869565,MARGIN CALL ($0)
21,99,0.0,25,3,22,1.0,-100.0,12.0,MARGIN CALL ($0)
21,100,0.0,25,3,22,1.0,-100.0,12.0,MARGIN CALL ($0)
22,1,0.0,2585,708,1877,1.0,-100.0,27.388781431334625,MARGIN CALL ($0)
22,2,0.0,6851,1882,4969,1.0,-100.0,27.470442271201286,MARGIN CALL ($0)
22,3,0.0,4077,1140,2937,1.0,-100.0,27.961736571008096,MARGIN CALL ($0)
22,4,0.0,37,8,29,1.0,-100.0,21.62162162162162,MARGIN CALL ($0)
22,5,0.0,14,0,14,1.0,-100.0,0.0,MARGIN CALL ($0)
22,6,0.0,18,1,17,1.0,-100.0,5.555555555555555,MARGIN CALL ($0)
22,7,0.0,19,1,18,1.0,-100.0,5.263157894736842,MARGIN CALL ($0)
22,8,0.0,22,3,19,1.0,-100.0,13.636363636363635,MARGIN CALL ($0)
22,9,0.0,23,3,20,1.0,-100.0,13.043478260869565,MARGIN CALL ($0)
22,10,0.0,24,3,21,1.0,-100.0,12.5,MARGIN CALL ($0)
22,11,0.0,20,3,17,1.0,-100.0,15.0,MARGIN CALL ($0)
22,12,0.0,22,3,19,1.0,-100.0,13.636363636363635,MARGIN CALL ($0)
22,13,0.0,5251,1203,4048,1.0,-100.0,22.909921919634353,MARGIN CALL ($0)
22,14,0.0,2636,623,2013,1.0,-100.0,23.634294385432472,MARGIN CALL ($0)
22,15,0.0,33,6,27,1.0,-100.0,18.181818181818183,MARGIN CALL ($0)
22,16,0.0,32,5,27,1.0,-100.0,15.625,MARGIN CALL ($0)
22,17,0.0,5444,1166,4278,1.0,-100.0,21.418074944893462,MARGIN CALL ($0)
22,18,0.0,1592,347,1245,1.0,-100.0,21.7964824120603,MARGIN CALL ($0)
22,19,0.0,5040,1051,3989,1.0,-100.0,20.853174603174605,MARGIN CALL ($0)
22,20,0.0,6296,1310,4986,1.0,-100.0,20.806861499364675,MARGIN CALL ($0)
22,21,0.0,197,38,159,1.0,-100.0,19.289340101522843,MARGIN CALL ($0)
22,22,0.0,68,12,56,1.0,-100.0,17.647058823529413,MARGIN CALL ($0)
22,23,0.0,35,3,32,1.0,-100.0,8.571428571428571,MARGIN CALL ($0)
22,24,0.0,79,12,67,1.0,-100.0,15.18987341772152,MARGIN CALL ($0)
22,25,0.0,24,3,21,1.0,-100.0,12.5,MARGIN CALL ($0)
22,26,0.0,26,3,23,1.0,-100.0,11.538461538461538,MARGIN CALL ($0)
22,27,0.0,263,64,199,1.0,-100.0,24.334600760456272,MARGIN CALL ($0)
22,28,0.0,56,6,50,1.0,-100.0,10.714285714285714,MARGIN CALL ($0)
22,29,0.0,25,4,21,1.0,-100.0,16.0,MARGIN CALL ($0)
22,30,0.0,19,3,16,1.0,-100.0,15.789473684210526,MARGIN CALL ($0)
22,31,0.0,27,5,22,1.0,-100.0,18.51851851851852,MARGIN CALL ($0)
22,32,0.0,16,3,13,1.0,-100.0,18.75,MARGIN CALL ($0)
22,33,0.0,16,3,13,1.0,-100.0,18.75,MARGIN CALL ($0)
22,34,0.0,18,4,14,1.0,-100.0,22.22222222222222,MARGIN CALL ($0)
22,35,0.0,18,4,14,1.0,-100.0,22.22222222222222,MARGIN CALL ($0)
22,36,0.0,17,4,13,1.0,-100.0,23.52941176470588,MARGIN CALL ($0)
22,37,0.0,18,4,14,1.0,-100.0,22.22222222222222,MARGIN CALL ($0)
22,38,0.0,20,4,16,1.0,-100.0,20.0,MARGIN CALL ($0)
22,39,0.0,20,4,16,1.0,-100.0,20.0,MARGIN CALL ($0)
22,40,0.0,22,4,18,1.0,-100.0,18.181818181818183,MARGIN CALL ($0)
22,41,0.0,20,4,16,1.0,-100.0,20.0,MARGIN CALL ($0)
22,42,0.0,19,4,15,1.0,-100.0,21.052631578947366,MARGIN CALL ($0)
22,43,0.0,18,3,15,1.0,-100.0,16.666666666666664,MARGIN CALL ($0)
22,44,0.0,18,3,15,1.0,-100.0,16.666666666666664,MARGIN CALL ($0)
22,45,0.0,20,3,17,1.0,-100.0,15.0,MARGIN CALL ($0)
22,46,0.0,21,3,18,1.0,-100.0,14.285714285714285,MARGIN CALL ($0)
22,47,0.0,11,0,11,1.0,-100.0,0.0,MARGIN CALL ($0)
22,48,0.0,10,0,10,1.0,-100.0,0.0,MARGIN CALL ($0)
22,49,0.0,10,0,10,1.0,-100.0,0.0,MARGIN CALL ($0)
22,50,0.0,10,0,10,1.0,-100.0,0.0,MARGIN CALL ($0)
22,51,0.0,10,0,10,1.0,-100.0,0.0,MARGIN CALL ($0)
22,52,0.0,9,0,9,1.0,-100.0,0.0,MARGIN CALL ($0)
22,53,0.0,9,0,9,1.0,-100.0,0.0,MARGIN CALL ($0)
22,54,0.0,9,0,9,1.0,-100.0,0.0,MARGIN CALL ($0)
22,55,0.0,17,3,14,1.0,-100.0,17.647058823529413,MARGIN CALL ($0)
22,56,0.0,18,3,15,1.0,-100.0,16.666666666666664,MARGIN CALL ($0)
22,57,0.0,17,3,14,1.0,-100.0,17.647058823529413,MARGIN CALL ($0)
22,58,0.0,18,3,15,1.0,-100.0,16.666666666666664,MARGIN CALL ($0)
22,59,0.0,18,3,15,1.0,-100.0,16.666666666666664,MARGIN CALL ($0)
22,60,0.0,18,3,15,1.0,-100.0,16.666666666666664,MARGIN CALL ($0)
22,61,0.0,18,3,15,1.0,-100.0,16.666666666666664,MARGIN CALL ($0)
22,62,0.0,18,3,15,1.0,-100.0,16.666666666666664,MARGIN CALL ($0)
22,63,0.0,18,3,15,1.0,-100.0,16.666666666666664,MARGIN CALL ($0)
22,64,0.0,17,3,14,1.0,-100.0,17.647058823529413,MARGIN CALL ($0)
22,65,0.0,16,3,13,1.0,-100.0,18.75,MARGIN CALL ($0)
22,66,0.0,17,3,14,1.0,-100.0,17.647058823529413,MARGIN CALL ($0)
22,67,0.0,17,3,14,1.0,-100.0,17.647058823529413,MARGIN CALL ($0)
22,68,0.0,18,3,15,1.0,-100.0,16.666666666666664,MARGIN CALL ($0)
22,69,0.0,20,3,17,1.0,-100.0,15.0,MARGIN CALL ($0)
22,70,0.0,22,3,19,1.0,-100.0,13.636363636363635,MARGIN CALL ($0)
22,71,0.0,21,3,18,1.0,-100.0,14.285714285714285,MARGIN CALL ($0)
22,72,0.0,10,0,10,1.0,-100.0,0.0,MARGIN CALL ($0)
22,73,0.0,10,0,10,1.0,-100.0,0.0,MARGIN CALL ($0)
22,74,0.0,10,0,10,1.0,-100.0,0.0,MARGIN CALL ($0)
22,75,0.0,10,0,10,1.0,-100.0,0.0,MARGIN CALL ($0)
22,76,0.0,10,0,10,1.0,-100.0,0.0,MARGIN CALL ($0)
22,77,0.0,9,0,9,1.0,-100.0,0.0,MARGIN CALL ($0)
22,78,0.0,9,0,9,1.0,-100.0,0.0,MARGIN CALL ($0)
22,79,0.0,9,0,9,1.0,-100.0,0.0,MARGIN CALL ($0)
22,80,0.0,9,0,9,1.0,-100.0,0.0,MARGIN CALL ($0)
22,81,0.0,9,0,9,1.0,-100.0,0.0,MARGIN CALL ($0)
22,82,0.0,21,3,18,1.0,-100.0,14.285714285714285,MARGIN CALL ($0)
22,83,0.0,21,3,18,1.0,-100.0,14.285714285714285,MARGIN CALL ($0)
22,84,0.0,21,3,18,1.0,-100.0,14.285714285714285,MARGIN CALL ($0)
22,85,0.0,21,3,18,1.0,-100.0,14.285714285714285,MARGIN CALL ($0)
22,86,0.0,21,3,18,1.0,-100.0,14.285714285714285,MARGIN CALL ($0)
22,87,0.0,21,3,18,1.0,-100.0,14.285714285714285,MARGIN CALL ($0)
22,88,0.0,21,3,18,1.0,-100.0,14.285714285714285,MARGIN CALL ($0)
22,89,0.0,20,3,17,1.0,-100.0,15.0,MARGIN CALL ($0)
22,90,0.0,22,4,18,1.0,-100.0,18.181818181818183,MARGIN CALL ($0)
22,91,0.0,23,3,20,1.0,-100.0,13.043478260869565,MARGIN CALL ($0)
22,92,0.0,23,3,20,1.0,-100.0,13.043478260869565,MARGIN CALL ($0)
22,93,0.0,23,3,20,1.0,-100.0,13.043478260869565,MARGIN CALL ($0)
22,94,0.0,22,3,19,1.0,-100.0,13.636363636363635,MARGIN CALL ($0)
22,95,0.0,24,3,21,1.0,-100.0,12.5,MARGIN CALL ($0)
22,96,0.0,24,3,21,1.0,-100.0,12.5,MARGIN CALL ($0)
22,97,0.0,25,3,22,1.0,-100.0,12.0,MARGIN CALL ($0)
22,98,0.0,24,3,21,1.0,-100.0,12.5,MARGIN CALL ($0)
22,99,0.0,24,3,21,1.0,-100.0,12.5,MARGIN CALL ($0)
22,100,0.0,24,3,21,1.0,-100.0,12.5,MARGIN CALL ($0)
23,1,0.0,2640,716,1924,1.0,-100.0,27.121212121212125,MARGIN CALL ($0)
23,2,0.0,6852,1882,4970,1.0,-100.0,27.466433158201987,MARGIN CALL ($0)
23,3,0.0,4034,1133,2901,1.0,-100.0,28.086266732771442,MARGIN CALL ($0)
23,4,0.0,37,8,29,1.0,-100.0,21.62162162162162,MARGIN CALL ($0)
23,5,0.0,14,0,14,1.0,-100.0,0.0,MARGIN CALL ($0)
23,6,0.0,18,1,17,1.0,-100.0,5.555555555555555,MARGIN CALL ($0)
23,7,0.0,19,1,18,1.0,-100.0,5.263157894736842,MARGIN CALL ($0)
23,8,0.0,13,0,13,1.0,-100.0,0.0,MARGIN CALL ($0)
23,9,0.0,12,0,12,1.0,-100.0,0.0,MARGIN CALL ($0)
23,10,0.0,23,3,20,1.0,-100.0,13.043478260869565,MARGIN CALL ($0)
23,11,0.0,21,3,18,1.0,-100.0,14.285714285714285,MARGIN CALL ($0)
23,12,0.0,21,3,18,1.0,-100.0,14.285714285714285,MARGIN CALL ($0)
23,13,0.0,52,9,43,1.0,-100.0,17.307692307692307,MARGIN CALL ($0)
23,14,0.0,47,9,38,1.0,-100.0,19.148936170212767,MARGIN CALL ($0)
23,15,0.0,32,5,27,1.0,-100.0,15.625,MARGIN CALL ($0)
23,16,0.0,32,5,27,1.0,-100.0,15.625,MARGIN CALL ($0)
23,17,0.0,30,4,26,1.0,-100.0,13.333333333333334,MARGIN CALL ($0)
23,18,0.0,29,3,26,1.0,-100.0,10.344827586206897,MARGIN CALL ($0)
23,19,0.0,1818,405,1413,1.0,-100.0,22.277227722772277,MARGIN CALL ($0)
23,20,0.0,5414,1121,4293,1.0,-100.0,20.705578130772075,MARGIN CALL ($0)
23,21,0.0,96,13,83,1.0,-100.0,13.541666666666666,MARGIN CALL ($0)
23,22,0.0,23,3,20,1.0,-100.0,13.043478260869565,MARGIN CALL ($0)
23,23,0.0,2090,412,1678,1.0,-100.0,19.71291866028708,MARGIN CALL ($0)
23,24,0.0,2222,448,1774,1.0,-100.0,20.162016201620162,MARGIN CALL ($0)
23,25,0.0,2034,421,1613,1.0,-100.0,20.698131760078663,MARGIN CALL ($0)
23,26,0.0,2128,432,1696,1.0,-100.0,20.30075187969925,MARGIN CALL ($0)
23,27,0.0,2462,506,1956,1.0,-100.0,20.552396425670185,MARGIN CALL ($0)
23,28,0.0,1645,352,1293,1.0,-100.0,21.398176291793312,MARGIN CALL ($0)
23,29,0.0,1569,333,1236,1.0,-100.0,21.223709369024856,MARGIN CALL ($0)
23,30,0.0,20,4,16,1.0,-100.0,20.0,MARGIN CALL ($0)
23,31,0.0,19,4,15,1.0,-100.0,21.052631578947366,MARGIN CALL ($0)
23,32,0.0,18,3,15,1.0,-100.0,16.666666666666664,MARGIN CALL ($0)
23,33,0.0,19,3,16,1.0,-100.0,15.789473684210526,MARGIN CALL ($0)
23,34,0.0,21,4,17,1.0,-100.0,19.047619047619047,MARGIN CALL ($0)
23,35,0.0,20,4,16,1.0,-100.0,20.0,MARGIN CALL ($0)
23,36,0.0,20,4,16,1.0,-100.0,20.0,MARGIN CALL ($0)
23,37,0.0,20,4,16,1.0,-100.0,20.0,MARGIN CALL ($0)
23,38,0.0,21,4,17,1.0,-100.0,19.047619047619047,MARGIN CALL ($0)
23,39,0.0,22,4,18,1.0,-100.0,18.181818181818183,MARGIN CALL ($0)
23,40,0.0,22,4,18,1.0,-100.0,18.181818181818183,MARGIN CALL ($0)
23,41,0.0,21,4,17,1.0,-100.0,19.047619047619047,MARGIN CALL ($0)
23,42,0.0,20,4,16,1.0,-100.0,20.0,MARGIN CALL ($0)
23,43,0.0,19,3,16,1.0,-100.0,15.789473684210526,MARGIN CALL ($0)
23,44,0.0,19,3,16,1.0,-100.0,15.789473684210526,MARGIN CALL ($0)
23,45,0.0,20,3,17,1.0,-100.0,15.0,MARGIN CALL ($0)
23,46,0.0,20,3,17,1.0,-100.0,15.0,MARGIN CALL ($0)
23,47,0.0,11,0,11,1.0,-100.0,0.0,MARGIN CALL ($0)
23,48,0.0,10,0,10,1.0,-100.0,0.0,MARGIN CALL ($0)
23,49,0.0,10,0,10,1.0,-100.0,0.0,MARGIN CALL ($0)
23,50,0.0,10,0,10,1.0,-100.0,0.0,MARGIN CALL ($0)
23,51,0.0,10,0,10,1.0,-100.0,0.0,MARGIN CALL ($0)
23,52,0.0,9,0,9,1.0,-100.0,0.0,MARGIN CALL ($0)
23,53,0.0,10,0,10,1.0,-100.0,0.0,MARGIN CALL ($0)
23,54,0.0,10,0,10,1.0,-100.0,0.0,MARGIN CALL ($0)
23,55,0.0,19,3,16,1.0,-100.0,15.789473684210526,MARGIN CALL ($0)
23,56,0.0,22,3,19,1.0,-100.0,13.636363636363635,MARGIN CALL ($0)
23,57,0.0,21,3,18,1.0,-100.0,14.285714285714285,MARGIN CALL ($0)
23,58,0.0,18,3,15,1.0,-100.0,16.666666666666664,MARGIN CALL ($0)
23,59,0.0,18,3,15,1.0,-100.0,16.666666666666664,MARGIN CALL ($0)
23,60,0.0,18,3,15,1.0,-100.0,16.666666666666664,MARGIN CALL ($0)
23,61,0.0,18,3,15,1.0,-100.0,16.666666666666664,MARGIN CALL ($0)
23,62,0.0,18,3,15,1.0,-100.0,16.666666666666664,MARGIN CALL ($0)
23,63,0.0,18,3,15,1.0,-100.0,16.666666666666664,MARGIN CALL ($0)
23,64,0.0,18,3,15,1.0,-100.0,16.666666666666664,MARGIN CALL ($0)
23,65,0.0,18,3,15,1.0,-100.0,16.666666666666664,MARGIN CALL ($0)
23,66,0.0,18,3,15,1.0,-100.0,16.666666666666664,MARGIN CALL ($0)
23,67,0.0,19,3,16,1.0,-100.0,15.789473684210526,MARGIN CALL ($0)
23,68,0.0,18,3,15,1.0,-100.0,16.666666666666664,MARGIN CALL ($0)
23,69,0.0,21,3,18,1.0,-100.0,14.285714285714285,MARGIN CALL ($0)
23,70,0.0,23,3,20,1.0,-100.0,13.043478260869565,MARGIN CALL ($0)
23,71,0.0,21,3,18,1.0,-100.0,14.285714285714285,MARGIN CALL ($0)
23,72,0.0,10,0,10,1.0,-100.0,0.0,MARGIN CALL ($0)
23,73,0.0,10,0,10,1.0,-100.0,0.0,MARGIN CALL ($0)
23,74,0.0,10,0,10,1.0,-100.0,0.0,MARGIN CALL ($0)
23,75,0.0,11,0,11,1.0,-100.0,0.0,MARGIN CALL ($0)
23,76,0.0,11,0,11,1.0,-100.0,0.0,MARGIN CALL ($0)
23,77,0.0,10,0,10,1.0,-100.0,0.0,MARGIN CALL ($0)
23,78,0.0,10,0,10,1.0,-100.0,0.0,MARGIN CALL ($0)
23,79,0.0,10,0,10,1.0,-100.0,0.0,MARGIN CALL ($0)
23,80,0.0,12,0,12,1.0,-100.0,0.0,MARGIN CALL ($0)
23,81,0.0,11,0,11,1.0,-100.0,0.0,MARGIN CALL ($0)
23,82,0.0,20,3,17,1.0,-100.0,15.0,MARGIN CALL ($0)
23,83,0.0,23,5,18,1.0,-100.0,21.73913043478261,MARGIN CALL ($0)
23,84,0.0,23,5,18,1.0,-100.0,21.73913043478261,MARGIN CALL ($0)
23,85,0.0,22,3,19,1.0,-100.0,13.636363636363635,MARGIN CALL ($0)
23,86,0.0,21,3,18,1.0,-100.0,14.285714285714285,MARGIN CALL ($0)
23,87,0.0,25,5,20,1.0,-100.0,20.0,MARGIN CALL ($0)
23,88,0.0,25,5,20,1.0,-100.0,20.0,MARGIN CALL ($0)
23,89,0.0,20,3,17,1.0,-100.0,15.0,MARGIN CALL ($0)
23,90,0.0,22,4,18,1.0,-100.0,18.181818181818183,MARGIN CALL ($0)
23,91,0.0,23,3,20,1.0,-100.0,13.043478260869565,MARGIN CALL ($0)
23,92,0.0,23,3,20,1.0,-100.0,13.043478260869565,MARGIN CALL ($0)
23,93,0.0,23,3,20,1.0,-100.0,13.043478260869565,MARGIN CALL ($0)
23,94,0.0,22,3,19,1.0,-100.0,13.636363636363635,MARGIN CALL ($0)
23,95,0.0,23,3,20,1.0,-100.0,13.043478260869565,MARGIN CALL ($0)
23,96,0.0,23,3,20,1.0,-100.0,13.043478260869565,MARGIN CALL ($0)
23,97,0.0,23,3,20,1.0,-100.0,13.043478260869565,MARGIN CALL ($0)
23,98,0.0,23,3,20,1.0,-100.0,13.043478260869565,MARGIN CALL ($0)
23,99,0.0,23,3,20,1.0,-100.0,13.043478260869565,MARGIN CALL ($0)
23,100,0.0,23,3,20,1.0,-100.0,13.043478260869565,MARGIN CALL ($0)
24,1,0.0,561,150,411,1.0,-100.0,26.737967914438503,MARGIN CALL ($0)
24,2,0.0,6851,1882,4969,1.0,-100.0,27.470442271201286,MARGIN CALL ($0)
24,3,0.0,4037,1131,2906,1.0,-100.0,28.015853356452812,MARGIN CALL ($0)
24,4,0.0,24,5,19,1.0,-100.0,20.833333333333336,MARGIN CALL ($0)
24,5,0.0,16,1,15,1.0,-100.0,6.25,MARGIN CALL ($0)
24,6,0.0,17,1,16,1.0,-100.0,5.88235294117647,MARGIN CALL ($0)
24,7,0.0,17,1,16,1.0,-100.0,5.88235294117647,MARGIN CALL ($0)
24,8,0.0,20,3,17,1.0,-100.0,15.0,MARGIN CALL ($0)
24,9,0.0,20,3,17,1.0,-100.0,15.0,MARGIN CALL ($0)
24,10,0.0,21,3,18,1.0,-100.0,14.285714285714285,MARGIN CALL ($0)
24,11,0.0,19,3,16,1.0,-100.0,15.789473684210526,MARGIN CALL ($0)
24,12,0.0,18,3,15,1.0,-100.0,16.666666666666664,MARGIN CALL ($0)
24,13,0.0,49,9,40,1.0,-100.0,18.367346938775512,MARGIN CALL ($0)
24,14,0.0,45,9,36,1.0,-100.0,20.0,MARGIN CALL ($0)
24,15,0.0,30,5,25,1.0,-100.0,16.666666666666664,MARGIN CALL ($0)
24,16,0.0,31,5,26,1.0,-100.0,16.129032258064516,MARGIN CALL ($0)
24,17,0.0,32,4,28,1.0,-100.0,12.5,MARGIN CALL ($0)
24,18,0.0,30,3,27,1.0,-100.0,10.0,MARGIN CALL ($0)
24,19,0.0,1587,338,1249,1.0,-100.0,21.29804662885948,MARGIN CALL ($0)
24,20,0.0,8222,1705,6517,1.0,-100.0,20.73704694721479,MARGIN CALL ($0)
24,21,0.0,93,14,79,1.0,-100.0,15.053763440860216,MARGIN CALL ($0)
24,22,0.0,24,3,21,1.0,-100.0,12.5,MARGIN CALL ($0)
24,23,0.0,1190,242,948,1.0,-100.0,20.33613445378151,MARGIN CALL ($0)
24,24,0.0,1093,224,869,1.0,-100.0,20.494053064958827,MARGIN CALL ($0)
24,25,0.0,855,173,682,1.0,-100.0,20.23391812865497,MARGIN CALL ($0)
24,26,0.0,910,183,727,1.0,-100.0,20.10989010989011,MARGIN CALL ($0)
24,27,0.0,1231,259,972,1.0,-100.0,21.039805036555645,MARGIN CALL ($0)
24,28,0.0,236,54,182,1.0,-100.0,22.88135593220339,MARGIN CALL ($0)
24,29,0.0,42,4,38,1.0,-100.0,9.523809523809524,MARGIN CALL ($0)
24,30,0.0,20,4,16,1.0,-100.0,20.0,MARGIN CALL ($0)
24,31,0.0,20,4,16,1.0,-100.0,20.0,MARGIN CALL ($0)
24,32,0.0,19,3,16,1.0,-100.0,15.789473684210526,MARGIN CALL ($0)
24,33,0.0,20,3,17,1.0,-100.0,15.0,MARGIN CALL ($0)
24,34,0.0,22,4,18,1.0,-100.0,18.181818181818183,MARGIN CALL ($0)
24,35,0.0,21,4,17,1.0,-100.0,19.047619047619047,MARGIN CALL ($0)
24,36,0.0,21,4,17,1.0,-100.0,19.047619047619047,MARGIN CALL ($0)
24,37,0.0,21,4,17,1.0,-100.0,19.047619047619047,MARGIN CALL ($0)
24,38,0.0,22,4,18,1.0,-100.0,18.181818181818183,MARGIN CALL ($0)
24,39,0.0,23,4,19,1.0,-100.0,17.391304347826086,MARGIN CALL ($0)
24,40,0.0,23,4,19,1.0,-100.0,17.391304347826086,MARGIN CALL ($0)
24,41,0.0,22,4,18,1.0,-100.0,18.181818181818183,MARGIN CALL ($0)
24,42,0.0,21,4,17,1.0,-100.0,19.047619047619047,MARGIN CALL ($0)
24,43,0.0,19,3,16,1.0,-100.0,15.789473684210526,MARGIN CALL ($0)
24,44,0.0,20,3,17,1.0,-100.0,15.0,MARGIN CALL ($0)
24,45,0.0,20,3,17,1.0,-100.0,15.0,MARGIN CALL ($0)
24,46,0.0,20,3,17,1.0,-100.0,15.0,MARGIN CALL ($0)
24,47,0.0,11,0,11,1.0,-100.0,0.0,MARGIN CALL ($0)
24,48,0.0,11,0,11,1.0,-100.0,0.0,MARGIN CALL ($0)
24,49,0.0,10,0,10,1.0,-100.0,0.0,MARGIN CALL ($0)
24,50,0.0,10,0,10,1.0,-100.0,0.0,MARGIN CALL ($0)
24,51,0.0,10,0,10,1.0,-100.0,0.0,MARGIN CALL ($0)
24,52,0.0,10,0,10,1.0,-100.0,0.0,MARGIN CALL ($0)
24,53,0.0,10,0,10,1.0,-100.0,0.0,MARGIN CALL ($0)
24,54,0.0,10,0,10,1.0,-100.0,0.0,MARGIN CALL ($0)
24,55,0.0,20,3,17,1.0,-100.0,15.0,MARGIN CALL ($0)
24,56,0.0,23,3,20,1.0,-100.0,13.043478260869565,MARGIN CALL ($0)
24,57,0.0,19,3,16,1.0,-100.0,15.789473684210526,MARGIN CALL ($0)
24,58,0.0,19,3,16,1.0,-100.0,15.789473684210526,MARGIN CALL ($0)
24,59,0.0,19,3,16,1.0,-100.0,15.789473684210526,MARGIN CALL ($0)
24,60,0.0,19,3,16,1.0,-100.0,15.789473684210526,MARGIN CALL ($0)
24,61,0.0,19,3,16,1.0,-100.0,15.789473684210526,MARGIN CALL ($0)
24,62,0.0,19,3,16,1.0,-100.0,15.789473684210526,MARGIN CALL ($0)
24,63,0.0,19,3,16,1.0,-100.0,15.789473684210526,MARGIN CALL ($0)
24,64,0.0,19,3,16,1.0,-100.0,15.789473684210526,MARGIN CALL ($0)
24,65,0.0,18,3,15,1.0,-100.0,16.666666666666664,MARGIN CALL ($0)
24,66,0.0,18,3,15,1.0,-100.0,16.666666666666664,MARGIN CALL ($0)
24,67,0.0,18,3,15,1.0,-100.0,16.666666666666664,MARGIN CALL ($0)
24,68,0.0,19,3,16,1.0,-100.0,15.789473684210526,MARGIN CALL ($0)
24,69,0.0,22,3,19,1.0,-100.0,13.636363636363635,MARGIN CALL ($0)
24,70,0.0,24,3,21,1.0,-100.0,12.5,MARGIN CALL ($0)
24,71,0.0,22,3,19,1.0,-100.0,13.636363636363635,MARGIN CALL ($0)
24,72,0.0,11,0,11,1.0,-100.0,0.0,MARGIN CALL ($0)
24,73,0.0,11,0,11,1.0,-100.0,0.0,MARGIN CALL ($0)
24,74,0.0,11,0,11,1.0,-100.0,0.0,MARGIN CALL ($0)
24,75,0.0,12,0,12,1.0,-100.0,0.0,MARGIN CALL ($0)
24,76,0.0,10,0,10,1.0,-100.0,0.0,MARGIN CALL ($0)
24,77,0.0,11,0,11,1.0,-100.0,0.0,MARGIN CALL ($0)
24,78,0.0,11,0,11,1.0,-100.0,0.0,MARGIN CALL ($0)
24,79,0.0,11,0,11,1.0,-100.0,0.0,MARGIN CALL ($0)
24,80,0.0,10,0,10,1.0,-100.0,0.0,MARGIN CALL ($0)
24,81,0.0,10,0,10,1.0,-100.0,0.0,MARGIN CALL ($0)
24,82,0.0,20,3,17,1.0,-100.0,15.0,MARGIN CALL ($0)
24,83,0.0,24,5,19,1.0,-100.0,20.833333333333336,MARGIN CALL ($0)
24,84,0.0,24,5,19,1.0,-100.0,20.833333333333336,MARGIN CALL ($0)
24,85,0.0,25,5,20,1.0,-100.0,20.0,MARGIN CALL ($0)
24,86,0.0,22,3,19,1.0,-100.0,13.636363636363635,MARGIN CALL ($0)
24,87,0.0,21,3,18,1.0,-100.0,14.285714285714285,MARGIN CALL ($0)
24,88,0.0,21,3,18,1.0,-100.0,14.285714285714285,MARGIN CALL ($0)
24,89,0.0,21,3,18,1.0,-100.0,14.285714285714285,MARGIN CALL ($0)
24,90,0.0,23,4,19,1.0,-100.0,17.391304347826086,MARGIN CALL ($0)
24,91,0.0,23,3,20,1.0,-100.0,13.043478260869565,MARGIN CALL ($0)
24,92,0.0,23,3,20,1.0,-100.0,13.043478260869565,MARGIN CALL ($0)
24,93,0.0,23,3,20,1.0,-100.0,13.043478260869565,MARGIN CALL ($0)
24,94,0.0,23,3,20,1.0,-100.0,13.043478260869565,MARGIN CALL ($0)
24,95,0.0,24,3,21,1.0,-100.0,12.5,MARGIN CALL ($0)
24,96,0.0,24,3,21,1.0,-100.0,12.5,MARGIN CALL ($0)
24,97,0.0,23,3,20,1.0,-100.0,13.043478260869565,MARGIN CALL ($0)
24,98,0.0,23,3,20,1.0,-100.0,13.043478260869565,MARGIN CALL ($0)
24,99,0.0,23,3,20,1.0,-100.0,13.043478260869565,MARGIN CALL ($0)
24,100,0.0,23,3,20,1.0,-100.0,13.043478260869565,MARGIN CALL ($0)
25,1,0.0,299,77,222,1.0,-100.0,25.75250836120401,MARGIN CALL ($0)
25,2,0.0,6851,1882,4969,1.0,-100.0,27.470442271201286,MARGIN CALL ($0)
25,3,0.0,4037,1131,2906,1.0,-100.0,28.015853356452812,MARGIN CALL ($0)
25,4,0.0,24,5,19,1.0,-100.0,20.833333333333336,MARGIN CALL ($0)
25,5,0.0,15,1,14,1.0,-100.0,6.666666666666667,MARGIN CALL ($0)
25,6,0.0,16,1,15,1.0,-100.0,6.25,MARGIN CALL ($0)
25,7,0.0,16,1,15,1.0,-100.0,6.25,MARGIN CALL ($0)
25,8,0.0,19,3,16,1.0,-100.0,15.789473684210526,MARGIN CALL ($0)
25,9,0.0,19,3,16,1.0,-100.0,15.789473684210526,MARGIN CALL ($0)
25,10,0.0,20,3,17,1.0,-100.0,15.0,MARGIN CALL ($0)
25,11,0.0,18,3,15,1.0,-100.0,16.666666666666664,MARGIN CALL ($0)
25,12,0.0,17,3,14,1.0,-100.0,17.647058823529413,MARGIN CALL ($0)
25,13,0.0,47,9,38,1.0,-100.0,19.148936170212767,MARGIN CALL ($0)
25,14,0.0,41,8,33,1.0,-100.0,19.51219512195122,MARGIN CALL ($0)
25,15,0.0,29,5,24,1.0,-100.0,17.24137931034483,MARGIN CALL ($0)
25,16,0.0,30,5,25,1.0,-100.0,16.666666666666664,MARGIN CALL ($0)
25,17,0.0,32,4,28,1.0,-100.0,12.5,MARGIN CALL ($0)
25,18,0.0,29,3,26,1.0,-100.0,10.344827586206897,MARGIN CALL ($0)
25,19,0.0,28,3,25,1.0,-100.0,10.714285714285714,MARGIN CALL ($0)
25,20,0.0,3256,693,2563,1.0,-100.0,21.283783783783782,MARGIN CALL ($0)
25,21,0.0,31,3,28,1.0,-100.0,9.67741935483871,MARGIN CALL ($0)
25,22,0.0,25,3,22,1.0,-100.0,12.0,MARGIN CALL ($0)
25,23,0.0,1398,302,1096,1.0,-100.0,21.602288984263232,MARGIN CALL ($0)
25,24,0.0,845,172,673,1.0,-100.0,20.355029585798817,MARGIN CALL ($0)
25,25,0.0,212,48,164,1.0,-100.0,22.641509433962266,MARGIN CALL ($0)
25,26,0.0,825,164,661,1.0,-100.0,19.87878787878788,MARGIN CALL ($0)
25,27,0.0,205,49,156,1.0,-100.0,23.902439024390244,MARGIN CALL ($0)
25,28,0.0,79,9,70,1.0,-100.0,11.39240506329114,MARGIN CALL ($0)
25,29,0.0,25,4,21,1.0,-100.0,16.0,MARGIN CALL ($0)
25,30,0.0,19,2,17,1.0,-100.0,10.526315789473683,MARGIN CALL ($0)
25,31,0.0,20,2,18,1.0,-100.0,10.0,MARGIN CALL ($0)
25,32,0.0,19,2,17,1.0,-100.0,10.526315789473683,MARGIN CALL ($0)
25,33,0.0,18,2,16,1.0,-100.0,11.11111111111111,MARGIN CALL ($0)
25,34,0.0,20,3,17,1.0,-100.0,15.0,MARGIN CALL ($0)
25,35,0.0,19,3,16,1.0,-100.0,15.789473684210526,MARGIN CALL ($0)
25,36,0.0,19,3,16,1.0,-100.0,15.789473684210526,MARGIN CALL ($0)
25,37,0.0,21,3,18,1.0,-100.0,14.285714285714285,MARGIN CALL ($0)
25,38,0.0,23,3,20,1.0,-100.0,13.043478260869565,MARGIN CALL ($0)
25,39,0.0,23,3,20,1.0,-100.0,13.043478260869565,MARGIN CALL ($0)
25,40,0.0,23,3,20,1.0,-100.0,13.043478260869565,MARGIN CALL ($0)
25,41,0.0,21,3,18,1.0,-100.0,14.285714285714285,MARGIN CALL ($0)
25,42,0.0,19,3,16,1.0,-100.0,15.789473684210526,MARGIN CALL ($0)
25,43,0.0,18,2,16,1.0,-100.0,11.11111111111111,MARGIN CALL ($0)
25,44,0.0,18,2,16,1.0,-100.0,11.11111111111111,MARGIN CALL ($0)
25,45,0.0,19,2,17,1.0,-100.0,10.526315789473683,MARGIN CALL ($0)
25,46,0.0,19,2,17,1.0,-100.0,10.526315789473683,MARGIN CALL ($0)
25,47,0.0,11,0,11,1.0,-100.0,0.0,MARGIN CALL ($0)
25,48,0.0,11,0,11,1.0,-100.0,0.0,MARGIN CALL ($0)
25,49,0.0,10,0,10,1.0,-100.0,0.0,MARGIN CALL ($0)
25,50,0.0,10,0,10,1.0,-100.0,0.0,MARGIN CALL ($0)
25,51,0.0,10,0,10,1.0,-100.0,0.0,MARGIN CALL ($0)
25,52,0.0,10,0,10,1.0,-100.0,0.0,MARGIN CALL ($0)
25,53,0.0,10,0,10,1.0,-100.0,0.0,MARGIN CALL ($0)
25,54,0.0,10,0,10,1.0,-100.0,0.0,MARGIN CALL ($0)
25,55,0.0,18,2,16,1.0,-100.0,11.11111111111111,MARGIN CALL ($0)
25,56,0.0,19,2,17,1.0,-100.0,10.526315789473683,MARGIN CALL ($0)
25,57,0.0,18,2,16,1.0,-100.0,11.11111111111111,MARGIN CALL ($0)
25,58,0.0,19,2,17,1.0,-100.0,10.526315789473683,MARGIN CALL ($0)
25,59,0.0,19,2,17,1.0,-100.0,10.526315789473683,MARGIN CALL ($0)
25,60,0.0,19,2,17,1.0,-100.0,10.526315789473683,MARGIN CALL ($0)
25,61,0.0,19,2,17,1.0,-100.0,10.526315789473683,MARGIN CALL ($0)
25,62,0.0,19,2,17,1.0,-100.0,10.526315789473683,MARGIN CALL ($0)
25,63,0.0,19,2,17,1.0,-100.0,10.526315789473683,MARGIN CALL ($0)
25,64,0.0,18,2,16,1.0,-100.0,11.11111111111111,MARGIN CALL ($0)
25,65,0.0,20,2,18,1.0,-100.0,10.0,MARGIN CALL ($0)
25,66,0.0,20,2,18,1.0,-100.0,10.0,MARGIN CALL ($0)
25,67,0.0,18,2,16,1.0,-100.0,11.11111111111111,MARGIN CALL ($0)
25,68,0.0,19,2,17,1.0,-100.0,10.526315789473683,MARGIN CALL ($0)
25,69,0.0,20,3,17,1.0,-100.0,15.0,MARGIN CALL ($0)
25,70,0.0,21,3,18,1.0,-100.0,14.285714285714285,MARGIN CALL ($0)
25,71,0.0,21,3,18,1.0,-100.0,14.285714285714285,MARGIN CALL ($0)
25,72,0.0,11,0,11,1.0,-100.0,0.0,MARGIN CALL ($0)
25,73,0.0,11,0,11,1.0,-100.0,0.0,MARGIN CALL ($0)
25,74,0.0,11,0,11,1.0,-100.0,0.0,MARGIN CALL ($0)
25,75,0.0,12,0,12,1.0,-100.0,0.0,MARGIN CALL ($0)
25,76,0.0,10,0,10,1.0,-100.0,0.0,MARGIN CALL ($0)
25,77,0.0,11,0,11,1.0,-100.0,0.0,MARGIN CALL ($0)
25,78,0.0,11,0,11,1.0,-100.0,0.0,MARGIN CALL ($0)
25,79,0.0,11,0,11,1.0,-100.0,0.0,MARGIN CALL ($0)
25,80,0.0,10,0,10,1.0,-100.0,0.0,MARGIN CALL ($0)
25,81,0.0,10,0,10,1.0,-100.0,0.0,MARGIN CALL ($0)
25,82,0.0,19,3,16,1.0,-100.0,15.789473684210526,MARGIN CALL ($0)
25,83,0.0,19,3,16,1.0,-100.0,15.789473684210526,MARGIN CALL ($0)
25,84,0.0,19,3,16,1.0,-100.0,15.789473684210526,MARGIN CALL ($0)
25,85,0.0,20,3,17,1.0,-100.0,15.0,MARGIN CALL ($0)
25,86,0.0,22,3,19,1.0,-100.0,13.636363636363635,MARGIN CALL ($0)
25,87,0.0,21,3,18,1.0,-100.0,14.285714285714285,MARGIN CALL ($0)
25,88,0.0,21,3,18,1.0,-100.0,14.285714285714285,MARGIN CALL ($0)
25,89,0.0,22,3,19,1.0,-100.0,13.636363636363635,MARGIN CALL ($0)
25,90,0.0,25,4,21,1.0,-100.0,16.0,MARGIN CALL ($0)
25,91,0.0,24,3,21,1.0,-100.0,12.5,MARGIN CALL ($0)
25,92,0.0,24,3,21,1.0,-100.0,12.5,MARGIN CALL ($0)
25,93,0.0,24,3,21,1.0,-100.0,12.5,MARGIN CALL ($0)
25,94,0.0,24,3,21,1.0,-100.0,12.5,MARGIN CALL ($0)
25,95,0.0,25,3,22,1.0,-100.0,12.0,MARGIN CALL ($0)
25,96,0.0,25,3,22,1.0,-100.0,12.0,MARGIN CALL ($0)
25,97,0.0,23,3,20,1.0,-100.0,13.043478260869565,MARGIN CALL ($0)
25,98,0.0,23,3,20,1.0,-100.0,13.043478260869565,MARGIN CALL ($0)
25,99,0.0,23,3,20,1.0,-100.0,13.043478260869565,MARGIN CALL ($0)
25,100,0.0,23,3,20,1.0,-100.0,13.043478260869565,MARGIN CALL ($0)
26,1,0.0,364,94,270,1.0,-100.0,25.82417582417583,MARGIN CALL ($0)
26,2,0.0,6850,1882,4968,1.0,-100.0,27.474452554744527,MARGIN CALL ($0)
26,3,0.0,4037,1130,2907,1.0,-100.0,27.991082486995296,MARGIN CALL ($0)
26,4,0.0,24,5,19,1.0,-100.0,20.833333333333336,MARGIN CALL ($0)
26,5,0.0,15,1,14,1.0,-100.0,6.666666666666667,MARGIN CALL ($0)
26,6,0.0,16,1,15,1.0,-100.0,6.25,MARGIN CALL ($0)
26,7,0.0,16,1,15,1.0,-100.0,6.25,MARGIN CALL ($0)
26,8,0.0,19,3,16,1.0,-100.0,15.789473684210526,MARGIN CALL ($0)
26,9,0.0,19,3,16,1.0,-100.0,15.789473684210526,MARGIN CALL ($0)
26,10,0.0,20,3,17,1.0,-100.0,15.0,MARGIN CALL ($0)
26,11,0.0,18,3,15,1.0,-100.0,16.666666666666664,MARGIN CALL ($0)
26,12,0.0,17,3,14,1.0,-100.0,17.647058823529413,MARGIN CALL ($0)
26,13,0.0,46,9,37,1.0,-100.0,19.565217391304348,MARGIN CALL ($0)
26,14,0.0,40,8,32,1.0,-100.0,20.0,MARGIN CALL ($0)
26,15,0.0,28,5,23,1.0,-100.0,17.857142857142858,MARGIN CALL ($0)
26,16,0.0,30,5,25,1.0,-100.0,16.666666666666664,MARGIN CALL ($0)
26,17,0.0,31,4,27,1.0,-100.0,12.903225806451612,MARGIN CALL ($0)
26,18,0.0,28,3,25,1.0,-100.0,10.714285714285714,MARGIN CALL ($0)
26,19,0.0,27,3,24,1.0,-100.0,11.11111111111111,MARGIN CALL ($0)
26,20,0.0,7064,1480,5584,1.0,-100.0,20.951302378255946,MARGIN CALL ($0)
26,21,0.0,30,3,27,1.0,-100.0,10.0,MARGIN CALL ($0)
26,22,0.0,26,3,23,1.0,-100.0,11.538461538461538,MARGIN CALL ($0)
26,23,0.0,1468,322,1146,1.0,-100.0,21.934604904632153,MARGIN CALL ($0)
26,24,0.0,910,189,721,1.0,-100.0,20.76923076923077,MARGIN CALL ($0)
26,25,0.0,225,50,175,1.0,-100.0,22.22222222222222,MARGIN CALL ($0)
26,26,0.0,745,138,607,1.0,-100.0,18.523489932885905,MARGIN CALL ($0)
26,27,0.0,790,153,637,1.0,-100.0,19.367088607594937,MARGIN CALL ($0)
26,28,0.0,808,154,654,1.0,-100.0,19.05940594059406,MARGIN CALL ($0)
26,29,0.0,25,4,21,1.0,-100.0,16.0,MARGIN CALL ($0)
26,30,0.0,19,2,17,1.0,-100.0,10.526315789473683,MARGIN CALL ($0)
26,31,0.0,20,2,18,1.0,-100.0,10.0,MARGIN CALL ($0)
26,32,0.0,19,2,17,1.0,-100.0,10.526315789473683,MARGIN CALL ($0)
26,33,0.0,18,2,16,1.0,-100.0,11.11111111111111,MARGIN CALL ($0)
26,34,0.0,20,3,17,1.0,-100.0,15.0,MARGIN CALL ($0)
26,35,0.0,19,3,16,1.0,-100.0,15.789473684210526,MARGIN CALL ($0)
26,36,0.0,19,3,16,1.0,-100.0,15.789473684210526,MARGIN CALL ($0)
26,37,0.0,21,3,18,1.0,-100.0,14.285714285714285,MARGIN CALL ($0)
26,38,0.0,23,3,20,1.0,-100.0,13.043478260869565,MARGIN CALL ($0)
26,39,0.0,23,3,20,1.0,-100.0,13.043478260869565,MARGIN CALL ($0)
26,40,0.0,23,3,20,1.0,-100.0,13.043478260869565,MARGIN CALL ($0)
26,41,0.0,21,3,18,1.0,-100.0,14.285714285714285,MARGIN CALL ($0)
26,42,0.0,19,3,16,1.0,-100.0,15.789473684210526,MARGIN CALL ($0)
26,43,0.0,18,2,16,1.0,-100.0,11.11111111111111,MARGIN CALL ($0)
26,44,0.0,19,2,17,1.0,-100.0,10.526315789473683,MARGIN CALL ($0)
26,45,0.0,20,2,18,1.0,-100.0,10.0,MARGIN CALL ($0)
26,46,0.0,21,2,19,1.0,-100.0,9.523809523809524,MARGIN CALL ($0)
26,47,0.0,12,0,12,1.0,-100.0,0.0,MARGIN CALL ($0)
26,48,0.0,11,0,11,1.0,-100.0,0.0,MARGIN CALL ($0)
26,49,0.0,10,0,10,1.0,-100.0,0.0,MARGIN CALL ($0)
26,50,0.0,11,0,11,1.0,-100.0,0.0,MARGIN CALL ($0)
26,51,0.0,9,0,9,1.0,-100.0,0.0,MARGIN CALL ($0)
26,52,0.0,9,0,9,1.0,-100.0,0.0,MARGIN CALL ($0)
26,53,0.0,10,0,10,1.0,-100.0,0.0,MARGIN CALL ($0)
26,54,0.0,10,0,10,1.0,-100.0,0.0,MARGIN CALL ($0)
26,55,0.0,18,2,16,1.0,-100.0,11.11111111111111,MARGIN CALL ($0)
26,56,0.0,19,2,17,1.0,-100.0,10.526315789473683,MARGIN CALL ($0)
26,57,0.0,18,2,16,1.0,-100.0,11.11111111111111,MARGIN CALL ($0)
26,58,0.0,19,2,17,1.0,-100.0,10.526315789473683,MARGIN CALL ($0)
26,59,0.0,19,2,17,1.0,-100.0,10.526315789473683,MARGIN CALL ($0)
26,60,0.0,19,2,17,1.0,-100.0,10.526315789473683,MARGIN CALL ($0)
26,61,0.0,19,2,17,1.0,-100.0,10.526315789473683,MARGIN CALL ($0)
26,62,0.0,19,2,17,1.0,-100.0,10.526315789473683,MARGIN CALL ($0)
26,63,0.0,19,2,17,1.0,-100.0,10.526315789473683,MARGIN CALL ($0)
26,64,0.0,18,2,16,1.0,-100.0,11.11111111111111,MARGIN CALL ($0)
26,65,0.0,20,2,18,1.0,-100.0,10.0,MARGIN CALL ($0)
26,66,0.0,20,2,18,1.0,-100.0,10.0,MARGIN CALL ($0)
26,67,0.0,18,2,16,1.0,-100.0,11.11111111111111,MARGIN CALL ($0)
26,68,0.0,19,2,17,1.0,-100.0,10.526315789473683,MARGIN CALL ($0)
26,69,0.0,20,3,17,1.0,-100.0,15.0,MARGIN CALL ($0)
26,70,0.0,21,3,18,1.0,-100.0,14.285714285714285,MARGIN CALL ($0)
26,71,0.0,21,3,18,1.0,-100.0,14.285714285714285,MARGIN CALL ($0)
26,72,0.0,11,0,11,1.0,-100.0,0.0,MARGIN CALL ($0)
26,73,0.0,11,0,11,1.0,-100.0,0.0,MARGIN CALL ($0)
26,74,0.0,11,0,11,1.0,-100.0,0.0,MARGIN CALL ($0)
26,75,0.0,10,0,10,1.0,-100.0,0.0,MARGIN CALL ($0)
26,76,0.0,10,0,10,1.0,-100.0,0.0,MARGIN CALL ($0)
26,77,0.0,9,0,9,1.0,-100.0,0.0,MARGIN CALL ($0)
26,78,0.0,9,0,9,1.0,-100.0,0.0,MARGIN CALL ($0)
26,79,0.0,9,0,9,1.0,-100.0,0.0,MARGIN CALL ($0)
26,80,0.0,12,0,12,1.0,-100.0,0.0,MARGIN CALL ($0)
26,81,0.0,11,0,11,1.0,-100.0,0.0,MARGIN CALL ($0)
26,82,0.0,22,3,19,1.0,-100.0,13.636363636363635,MARGIN CALL ($0)
26,83,0.0,22,3,19,1.0,-100.0,13.636363636363635,MARGIN CALL ($0)
26,84,0.0,22,3,19,1.0,-100.0,13.636363636363635,MARGIN CALL ($0)
26,85,0.0,22,3,19,1.0,-100.0,13.636363636363635,MARGIN CALL ($0)
26,86,0.0,22,3,19,1.0,-100.0,13.636363636363635,MARGIN CALL ($0)
26,87,0.0,21,3,18,1.0,-100.0,14.285714285714285,MARGIN CALL ($0)
26,88,0.0,21,3,18,1.0,-100.0,14.285714285714285,MARGIN CALL ($0)
26,89,0.0,22,3,19,1.0,-100.0,13.636363636363635,MARGIN CALL ($0)
26,90,0.0,25,4,21,1.0,-100.0,16.0,MARGIN CALL ($0)
26,91,0.0,24,3,21,1.0,-100.0,12.5,MARGIN CALL ($0)
26,92,0.0,24,3,21,1.0,-100.0,12.5,MARGIN CALL ($0)
26,93,0.0,24,3,21,1.0,-100.0,12.5,MARGIN CALL ($0)
26,94,0.0,24,3,21,1.0,-100.0,12.5,MARGIN CALL ($0)
26,95,0.0,26,3,23,1.0,-100.0,11.538461538461538,MARGIN CALL ($0)
26,96,0.0,26,3,23,1.0,-100.0,11.538461538461538,MARGIN CALL ($0)
26,97,0.0,24,3,21,1.0,-100.0,12.5,MARGIN CALL ($0)
26,98,0.0,24,3,21,1.0,-100.0,12.5,MARGIN CALL ($0)
26,99,0.0,24,3,21,1.0,-100.0,12.5,MARGIN CALL ($0)
26,100,0.0,24,3,21,1.0,-100.0,12.5,MARGIN CALL ($0)
27,1,0.0,364,92,272,1.0,-100.0,25.274725274725274,MARGIN CALL ($0)
27,2,0.0,6849,1882,4967,1.0,-100.0,27.478464009344428,MARGIN CALL ($0)
27,3,0.0,4037,1131,2906,1.0,-100.0,28.015853356452812,MARGIN CALL ($0)
27,4,0.0,24,5,19,1.0,-100.0,20.833333333333336,MARGIN CALL ($0)
27,5,0.0,15,1,14,1.0,-100.0,6.666666666666667,MARGIN CALL ($0)
27,6,0.0,16,1,15,1.0,-100.0,6.25,MARGIN CALL ($0)
27,7,0.0,16,1,15,1.0,-100.0,6.25,MARGIN CALL ($0)
27,8,0.0,19,3,16,1.0,-100.0,15.789473684210526,MARGIN CALL ($0)
27,9,0.0,19,3,16,1.0,-100.0,15.789473684210526,MARGIN CALL ($0)
27,10,0.0,20,3,17,1.0,-100.0,15.0,MARGIN CALL ($0)
27,11,0.0,18,3,15,1.0,-100.0,16.666666666666664,MARGIN CALL ($0)
27,12,0.0,17,3,14,1.0,-100.0,17.647058823529413,MARGIN CALL ($0)
27,13,0.0,2804,663,2141,1.0,-100.0,23.64479315263909,MARGIN CALL ($0)
27,14,0.0,40,8,32,1.0,-100.0,20.0,MARGIN CALL ($0)
27,15,0.0,28,5,23,1.0,-100.0,17.857142857142858,MARGIN CALL ($0)
27,16,0.0,30,5,25,1.0,-100.0,16.666666666666664,MARGIN CALL ($0)
27,17,0.0,31,4,27,1.0,-100.0,12.903225806451612,MARGIN CALL ($0)
27,18,0.0,29,3,26,1.0,-100.0,10.344827586206897,MARGIN CALL ($0)
27,19,0.0,1683,366,1317,1.0,-100.0,21.74688057040998,MARGIN CALL ($0)
27,20,0.0,6673,1400,5273,1.0,-100.0,20.980068934512214,MARGIN CALL ($0)
27,21,0.0,148,27,121,1.0,-100.0,18.243243243243242,MARGIN CALL ($0)
27,22,0.0,32,5,27,1.0,-100.0,15.625,MARGIN CALL ($0)
27,23,0.0,1524,334,1190,1.0,-100.0,21.916010498687662,MARGIN CALL ($0)
27,24,0.0,949,198,751,1.0,-100.0,20.864067439409904,MARGIN CALL ($0)
27,25,0.0,227,50,177,1.0,-100.0,22.026431718061673,MARGIN CALL ($0)
27,26,0.0,762,145,617,1.0,-100.0,19.028871391076116,MARGIN CALL ($0)
27,27,0.0,743,141,602,1.0,-100.0,18.977119784656796,MARGIN CALL ($0)
27,28,0.0,726,138,588,1.0,-100.0,19.00826446280992,MARGIN CALL ($0)
27,29,0.0,27,4,23,1.0,-100.0,14.814814814814813,MARGIN CALL ($0)
27,30,0.0,19,2,17,1.0,-100.0,10.526315789473683,MARGIN CALL ($0)
27,31,0.0,23,3,20,1.0,-100.0,13.043478260869565,MARGIN CALL ($0)
27,32,0.0,18,2,16,1.0,-100.0,11.11111111111111,MARGIN CALL ($0)
27,33,0.0,18,2,16,1.0,-100.0,11.11111111111111,MARGIN CALL ($0)
27,34,0.0,20,3,17,1.0,-100.0,15.0,MARGIN CALL ($0)
27,35,0.0,19,3,16,1.0,-100.0,15.789473684210526,MARGIN CALL ($0)
27,36,0.0,19,3,16,1.0,-100.0,15.789473684210526,MARGIN CALL ($0)
27,37,0.0,21,3,18,1.0,-100.0,14.285714285714285,MARGIN CALL ($0)
27,38,0.0,21,3,18,1.0,-100.0,14.285714285714285,MARGIN CALL ($0)
27,39,0.0,22,3,19,1.0,-100.0,13.636363636363635,MARGIN CALL ($0)
27,40,0.0,22,3,19,1.0,-100.0,13.636363636363635,MARGIN CALL ($0)
27,41,0.0,21,3,18,1.0,-100.0,14.285714285714285,MARGIN CALL ($0)
27,42,0.0,19,3,16,1.0,-100.0,15.789473684210526,MARGIN CALL ($0)
27,43,0.0,18,2,16,1.0,-100.0,11.11111111111111,MARGIN CALL ($0)
27,44,0.0,19,2,17,1.0,-100.0,10.526315789473683,MARGIN CALL ($0)
27,45,0.0,20,2,18,1.0,-100.0,10.0,MARGIN CALL ($0)
27,46,0.0,21,2,19,1.0,-100.0,9.523809523809524,MARGIN CALL ($0)
27,47,0.0,12,0,12,1.0,-100.0,0.0,MARGIN CALL ($0)
27,48,0.0,11,0,11,1.0,-100.0,0.0,MARGIN CALL ($0)
27,49,0.0,10,0,10,1.0,-100.0,0.0,MARGIN CALL ($0)
27,50,0.0,11,0,11,1.0,-100.0,0.0,MARGIN CALL ($0)
27,51,0.0,9,0,9,1.0,-100.0,0.0,MARGIN CALL ($0)
27,52,0.0,9,0,9,1.0,-100.0,0.0,MARGIN CALL ($0)
27,53,0.0,10,0,10,1.0,-100.0,0.0,MARGIN CALL ($0)
27,54,0.0,10,0,10,1.0,-100.0,0.0,MARGIN CALL ($0)
27,55,0.0,18,2,16,1.0,-100.0,11.11111111111111,MARGIN CALL ($0)
27,56,0.0,19,2,17,1.0,-100.0,10.526315789473683,MARGIN CALL ($0)
27,57,0.0,18,2,16,1.0,-100.0,11.11111111111111,MARGIN CALL ($0)
27,58,0.0,19,2,17,1.0,-100.0,10.526315789473683,MARGIN CALL ($0)
27,59,0.0,19,2,17,1.0,-100.0,10.526315789473683,MARGIN CALL ($0)
27,60,0.0,19,2,17,1.0,-100.0,10.526315789473683,MARGIN CALL ($0)
27,61,0.0,19,2,17,1.0,-100.0,10.526315789473683,MARGIN CALL ($0)
27,62,0.0,19,2,17,1.0,-100.0,10.526315789473683,MARGIN CALL ($0)
27,63,0.0,19,2,17,1.0,-100.0,10.526315789473683,MARGIN CALL ($0)
27,64,0.0,18,2,16,1.0,-100.0,11.11111111111111,MARGIN CALL ($0)
27,65,0.0,17,2,15,1.0,-100.0,11.76470588235294,MARGIN CALL ($0)
27,66,0.0,17,2,15,1.0,-100.0,11.76470588235294,MARGIN CALL ($0)
27,67,0.0,17,2,15,1.0,-100.0,11.76470588235294,MARGIN CALL ($0)
27,68,0.0,18,2,16,1.0,-100.0,11.11111111111111,MARGIN CALL ($0)
27,69,0.0,24,4,20,1.0,-100.0,16.666666666666664,MARGIN CALL ($0)
27,70,0.0,24,4,20,1.0,-100.0,16.666666666666664,MARGIN CALL ($0)
27,71,0.0,24,4,20,1.0,-100.0,16.666666666666664,MARGIN CALL ($0)
27,72,0.0,11,0,11,1.0,-100.0,0.0,MARGIN CALL ($0)
27,73,0.0,11,0,11,1.0,-100.0,0.0,MARGIN CALL ($0)
27,74,0.0,11,0,11,1.0,-100.0,0.0,MARGIN CALL ($0)
27,75,0.0,10,0,10,1.0,-100.0,0.0,MARGIN CALL ($0)
27,76,0.0,10,0,10,1.0,-100.0,0.0,MARGIN CALL ($0)
27,77,0.0,9,0,9,1.0,-100.0,0.0,MARGIN CALL ($0)
27,78,0.0,9,0,9,1.0,-100.0,0.0,MARGIN CALL ($0)
27,79,0.0,9,0,9,1.0,-100.0,0.0,MARGIN CALL ($0)
27,80,0.0,12,0,12,1.0,-100.0,0.0,MARGIN CALL ($0)
27,81,0.0,11,0,11,1.0,-100.0,0.0,MARGIN CALL ($0)
27,82,0.0,24,4,20,1.0,-100.0,16.666666666666664,MARGIN CALL ($0)
27,83,0.0,28,6,22,1.0,-100.0,21.428571428571427,MARGIN CALL ($0)
27,84,0.0,28,6,22,1.0,-100.0,21.428571428571427,MARGIN CALL ($0)
27,85,0.0,27,6,21,1.0,-100.0,22.22222222222222,MARGIN CALL ($0)
27,86,0.0,28,6,22,1.0,-100.0,21.428571428571427,MARGIN CALL ($0)
27,87,0.0,27,6,21,1.0,-100.0,22.22222222222222,MARGIN CALL ($0)
27,88,0.0,29,7,22,1.0,-100.0,24.137931034482758,MARGIN CALL ($0)
27,89,0.0,27,6,21,1.0,-100.0,22.22222222222222,MARGIN CALL ($0)
27,90,0.0,23,4,19,1.0,-100.0,17.391304347826086,MARGIN CALL ($0)
27,91,0.0,23,3,20,1.0,-100.0,13.043478260869565,MARGIN CALL ($0)
27,92,0.0,23,3,20,1.0,-100.0,13.043478260869565,MARGIN CALL ($0)
27,93,0.0,23,3,20,1.0,-100.0,13.043478260869565,MARGIN CALL ($0)
27,94,0.0,23,3,20,1.0,-100.0,13.043478260869565,MARGIN CALL ($0)
27,95,0.0,24,3,21,1.0,-100.0,12.5,MARGIN CALL ($0)
27,96,0.0,24,3,21,1.0,-100.0,12.5,MARGIN CALL ($0)
27,97,0.0,24,3,21,1.0,-100.0,12.5,MARGIN CALL ($0)
27,98,0.0,24,3,21,1.0,-100.0,12.5,MARGIN CALL ($0)
27,99,0.0,24,3,21,1.0,-100.0,12.5,MARGIN CALL ($0)
27,100,0.0,24,3,21,1.0,-100.0,12.5,MARGIN CALL ($0)
28,1,0.0,692,178,514,1.0,-100.0,25.722543352601157,MARGIN CALL ($0)
28,2,0.0,6849,1882,4967,1.0,-100.0,27.478464009344428,MARGIN CALL ($0)
28,3,0.0,4072,1142,2930,1.0,-100.0,28.045186640471513,MARGIN CALL ($0)
28,4,0.0,37,8,29,1.0,-100.0,21.62162162162162,MARGIN CALL ($0)
28,5,0.0,14,0,14,1.0,-100.0,0.0,MARGIN CALL ($0)
28,6,0.0,18,1,17,1.0,-100.0,5.555555555555555,MARGIN CALL ($0)
28,7,0.0,19,1,18,1.0,-100.0,5.263157894736842,MARGIN CALL ($0)
28,8,0.0,13,0,13,1.0,-100.0,0.0,MARGIN CALL ($0)
28,9,0.0,12,0,12,1.0,-100.0,0.0,MARGIN CALL ($0)
28,10,0.0,23,3,20,1.0,-100.0,13.043478260869565,MARGIN CALL ($0)
28,11,0.0,21,3,18,1.0,-100.0,14.285714285714285,MARGIN CALL ($0)
28,12,0.0,12,0,12,1.0,-100.0,0.0,MARGIN CALL ($0)
28,13,0.0,49,9,40,1.0,-100.0,18.367346938775512,MARGIN CALL ($0)
28,14,0.0,47,9,38,1.0,-100.0,19.148936170212767,MARGIN CALL ($0)
28,15,0.0,33,5,28,1.0,-100.0,15.151515151515152,MARGIN CALL ($0)
28,16,0.0,33,5,28,1.0,-100.0,15.151515151515152,MARGIN CALL ($0)
28,17,0.0,30,4,26,1.0,-100.0,13.333333333333334,MARGIN CALL ($0)
28,18,0.0,29,3,26,1.0,-100.0,10.344827586206897,MARGIN CALL ($0)
28,19,0.0,28,3,25,1.0,-100.0,10.714285714285714,MARGIN CALL ($0)
28,20,0.0,3353,736,2617,1.0,-100.0,21.950492096629883,MARGIN CALL ($0)
28,21,0.0,79,12,67,1.0,-100.0,15.18987341772152,MARGIN CALL ($0)
28,22,0.0,23,3,20,1.0,-100.0,13.043478260869565,MARGIN CALL ($0)
28,23,0.0,1486,326,1160,1.0,-100.0,21.93808882907133,MARGIN CALL ($0)
28,24,0.0,928,193,735,1.0,-100.0,20.79741379310345,MARGIN CALL ($0)
28,25,0.0,112,17,95,1.0,-100.0,15.178571428571427,MARGIN CALL ($0)
28,26,0.0,772,148,624,1.0,-100.0,19.170984455958546,MARGIN CALL ($0)
28,27,0.0,719,137,582,1.0,-100.0,19.054242002781642,MARGIN CALL ($0)
28,28,0.0,8,0,8,1.0,-100.0,0.0,MARGIN CALL ($0)
28,29,0.0,8,0,8,1.0,-100.0,0.0,MARGIN CALL ($0)
28,30,0.0,17,2,15,1.0,-100.0,11.76470588235294,MARGIN CALL ($0)
28,31,0.0,18,3,15,1.0,-100.0,16.666666666666664,MARGIN CALL ($0)
28,32,0.0,18,2,16,1.0,-100.0,11.11111111111111,MARGIN CALL ($0)
28,33,0.0,18,2,16,1.0,-100.0,11.11111111111111,MARGIN CALL ($0)
28,34,0.0,19,3,16,1.0,-100.0,15.789473684210526,MARGIN CALL ($0)
28,35,0.0,18,3,15,1.0,-100.0,16.666666666666664,MARGIN CALL ($0)
28,36,0.0,17,3,14,1.0,-100.0,17.647058823529413,MARGIN CALL ($0)
28,37,0.0,19,3,16,1.0,-100.0,15.789473684210526,MARGIN CALL ($0)
28,38,0.0,20,3,17,1.0,-100.0,15.0,MARGIN CALL ($0)
28,39,0.0,20,3,17,1.0,-100.0,15.0,MARGIN CALL ($0)
28,40,0.0,21,3,18,1.0,-100.0,14.285714285714285,MARGIN CALL ($0)
28,41,0.0,20,3,17,1.0,-100.0,15.0,MARGIN CALL ($0)
28,42,0.0,20,3,17,1.0,-100.0,15.0,MARGIN CALL ($0)
28,43,0.0,19,2,17,1.0,-100.0,10.526315789473683,MARGIN CALL ($0)
28,44,0.0,19,2,17,1.0,-100.0,10.526315789473683,MARGIN CALL ($0)
28,45,0.0,21,2,19,1.0,-100.0,9.523809523809524,MARGIN CALL ($0)
28,46,0.0,22,2,20,1.0,-100.0,9.090909090909092,MARGIN CALL ($0)
28,47,0.0,12,0,12,1.0,-100.0,0.0,MARGIN CALL ($0)
28,48,0.0,11,0,11,1.0,-100.0,0.0,MARGIN CALL ($0)
28,49,0.0,10,0,10,1.0,-100.0,0.0,MARGIN CALL ($0)
28,50,0.0,11,0,11,1.0,-100.0,0.0,MARGIN CALL ($0)
28,51,0.0,9,0,9,1.0,-100.0,0.0,MARGIN CALL ($0)
28,52,0.0,8,0,8,1.0,-100.0,0.0,MARGIN CALL ($0)
28,53,0.0,9,0,9,1.0,-100.0,0.0,MARGIN CALL ($0)
28,54,0.0,9,0,9,1.0,-100.0,0.0,MARGIN CALL ($0)
28,55,0.0,18,2,16,1.0,-100.0,11.11111111111111,MARGIN CALL ($0)
28,56,0.0,19,2,17,1.0,-100.0,10.526315789473683,MARGIN CALL ($0)
28,57,0.0,18,2,16,1.0,-100.0,11.11111111111111,MARGIN CALL ($0)
28,58,0.0,19,2,17,1.0,-100.0,10.526315789473683,MARGIN CALL ($0)
28,59,0.0,19,2,17,1.0,-100.0,10.526315789473683,MARGIN CALL ($0)
28,60,0.0,19,2,17,1.0,-100.0,10.526315789473683,MARGIN CALL ($0)
28,61,0.0,19,2,17,1.0,-100.0,10.526315789473683,MARGIN CALL ($0)
28,62,0.0,19,2,17,1.0,-100.0,10.526315789473683,MARGIN CALL ($0)
28,63,0.0,19,2,17,1.0,-100.0,10.526315789473683,MARGIN CALL ($0)
28,64,0.0,18,2,16,1.0,-100.0,11.11111111111111,MARGIN CALL ($0)
28,65,0.0,17,2,15,1.0,-100.0,11.76470588235294,MARGIN CALL ($0)
28,66,0.0,17,2,15,1.0,-100.0,11.76470588235294,MARGIN CALL ($0)
28,67,0.0,20,3,17,1.0,-100.0,15.0,MARGIN CALL ($0)
28,68,0.0,18,2,16,1.0,-100.0,11.11111111111111,MARGIN CALL ($0)
28,69,0.0,24,4,20,1.0,-100.0,16.666666666666664,MARGIN CALL ($0)
28,70,0.0,24,4,20,1.0,-100.0,16.666666666666664,MARGIN CALL ($0)
28,71,0.0,24,4,20,1.0,-100.0,16.666666666666664,MARGIN CALL ($0)
28,72,0.0,10,0,10,1.0,-100.0,0.0,MARGIN CALL ($0)
28,73,0.0,10,0,10,1.0,-100.0,0.0,MARGIN CALL ($0)
28,74,0.0,10,0,10,1.0,-100.0,0.0,MARGIN CALL ($0)
28,75,0.0,9,0,9,1.0,-100.0,0.0,MARGIN CALL ($0)
28,76,0.0,9,0,9,1.0,-100.0,0.0,MARGIN CALL ($0)
28,77,0.0,8,0,8,1.0,-100.0,0.0,MARGIN CALL ($0)
28,78,0.0,8,0,8,1.0,-100.0,0.0,MARGIN CALL ($0)
28,79,0.0,8,0,8,1.0,-100.0,0.0,MARGIN CALL ($0)
28,80,0.0,11,0,11,1.0,-100.0,0.0,MARGIN CALL ($0)
28,81,0.0,11,0,11,1.0,-100.0,0.0,MARGIN CALL ($0)
28,82,0.0,24,4,20,1.0,-100.0,16.666666666666664,MARGIN CALL ($0)
28,83,0.0,28,6,22,1.0,-100.0,21.428571428571427,MARGIN CALL ($0)
28,84,0.0,28,6,22,1.0,-100.0,21.428571428571427,MARGIN CALL ($0)
28,85,0.0,26,6,20,1.0,-100.0,23.076923076923077,MARGIN CALL ($0)
28,86,0.0,27,6,21,1.0,-100.0,22.22222222222222,MARGIN CALL ($0)
28,87,0.0,27,6,21,1.0,-100.0,22.22222222222222,MARGIN CALL ($0)
28,88,0.0,29,7,22,1.0,-100.0,24.137931034482758,MARGIN CALL ($0)
28,89,0.0,27,6,21,1.0,-100.0,22.22222222222222,MARGIN CALL ($0)
28,90,0.0,23,4,19,1.0,-100.0,17.391304347826086,MARGIN CALL ($0)
28,91,0.0,23,3,20,1.0,-100.0,13.043478260869565,MARGIN CALL ($0)
28,92,0.0,23,3,20,1.0,-100.0,13.043478260869565,MARGIN CALL ($0)
28,93,0.0,23,3,20,1.0,-100.0,13.043478260869565,MARGIN CALL ($0)
28,94,0.0,23,3,20,1.0,-100.0,13.043478260869565,MARGIN CALL ($0)
28,95,0.0,24,3,21,1.0,-100.0,12.5,MARGIN CALL ($0)
28,96,0.0,24,3,21,1.0,-100.0,12.5,MARGIN CALL ($0)
28,97,0.0,24,3,21,1.0,-100.0,12.5,MARGIN CALL ($0)
28,98,0.0,24,3,21,1.0,-100.0,12.5,MARGIN CALL ($0)
28,99,0.0,24,3,21,1.0,-100.0,12.5,MARGIN CALL ($0)
28,100,0.0,24,3,21,1.0,-100.0,12.5,MARGIN CALL ($0)
29,1,0.0,2723,705,2018,1.0,-100.0,25.890561880279105,MARGIN CALL ($0)
29,2,0.0,6849,1882,4967,1.0,-100.0,27.478464009344428,MARGIN CALL ($0)
29,3,0.0,4039,1132,2907,1.0,-100.0,28.026739291903937,MARGIN CALL ($0)
29,4,0.0,37,8,29,1.0,-100.0,21.62162162162162,MARGIN CALL ($0)
29,5,0.0,14,0,14,1.0,-100.0,0.0,MARGIN CALL ($0)
29,6,0.0,18,1,17,1.0,-100.0,5.555555555555555,MARGIN CALL ($0)
29,7,0.0,19,1,18,1.0,-100.0,5.263157894736842,MARGIN CALL ($0)
29,8,0.0,13,0,13,1.0,-100.0,0.0,MARGIN CALL ($0)
29,9,0.0,12,0,12,1.0,-100.0,0.0,MARGIN CALL ($0)
29,10,0.0,23,3,20,1.0,-100.0,13.043478260869565,MARGIN CALL ($0)
29,11,0.0,21,3,18,1.0,-100.0,14.285714285714285,MARGIN CALL ($0)
29,12,0.0,12,0,12,1.0,-100.0,0.0,MARGIN CALL ($0)
29,13,0.0,2785,643,2142,1.0,-100.0,23.087971274685817,MARGIN CALL ($0)
29,14,0.0,48,9,39,1.0,-100.0,18.75,MARGIN CALL ($0)
29,15,0.0,33,5,28,1.0,-100.0,15.151515151515152,MARGIN CALL ($0)
29,16,0.0,33,5,28,1.0,-100.0,15.151515151515152,MARGIN CALL ($0)
29,17,0.0,31,4,27,1.0,-100.0,12.903225806451612,MARGIN CALL ($0)
29,18,0.0,29,3,26,1.0,-100.0,10.344827586206897,MARGIN CALL ($0)
29,19,0.0,1297,262,1035,1.0,-100.0,20.20046260601388,MARGIN CALL ($0)
29,20,0.0,3323,726,2597,1.0,-100.0,21.847727956665665,MARGIN CALL ($0)
29,21,0.0,101,14,87,1.0,-100.0,13.861386138613863,MARGIN CALL ($0)
29,22,0.0,24,3,21,1.0,-100.0,12.5,MARGIN CALL ($0)
29,23,0.0,1590,345,1245,1.0,-100.0,21.69811320754717,MARGIN CALL ($0)
29,24,0.0,953,198,755,1.0,-100.0,20.776495278069255,MARGIN CALL ($0)
29,25,0.0,85,11,74,1.0,-100.0,12.941176470588237,MARGIN CALL ($0)
29,26,0.0,211,50,161,1.0,-100.0,23.696682464454977,MARGIN CALL ($0)
29,27,0.0,763,144,619,1.0,-100.0,18.872870249017037,MARGIN CALL ($0)
29,28,0.0,8,0,8,1.0,-100.0,0.0,MARGIN CALL ($0)
29,29,0.0,8,0,8,1.0,-100.0,0.0,MARGIN CALL ($0)
29,30,0.0,17,3,14,1.0,-100.0,17.647058823529413,MARGIN CALL ($0)
29,31,0.0,18,3,15,1.0,-100.0,16.666666666666664,MARGIN CALL ($0)
29,32,0.0,18,3,15,1.0,-100.0,16.666666666666664,MARGIN CALL ($0)
29,33,0.0,17,2,15,1.0,-100.0,11.76470588235294,MARGIN CALL ($0)
29,34,0.0,19,3,16,1.0,-100.0,15.789473684210526,MARGIN CALL ($0)
29,35,0.0,19,3,16,1.0,-100.0,15.789473684210526,MARGIN CALL ($0)
29,36,0.0,17,3,14,1.0,-100.0,17.647058823529413,MARGIN CALL ($0)
29,37,0.0,18,3,15,1.0,-100.0,16.666666666666664,MARGIN CALL ($0)
29,38,0.0,19,3,16,1.0,-100.0,15.789473684210526,MARGIN CALL ($0)
29,39,0.0,20,3,17,1.0,-100.0,15.0,MARGIN CALL ($0)
29,40,0.0,21,3,18,1.0,-100.0,14.285714285714285,MARGIN CALL ($0)
29,41,0.0,20,3,17,1.0,-100.0,15.0,MARGIN CALL ($0)
29,42,0.0,19,3,16,1.0,-100.0,15.789473684210526,MARGIN CALL ($0)
29,43,0.0,20,2,18,1.0,-100.0,10.0,MARGIN CALL ($0)
29,44,0.0,24,4,20,1.0,-100.0,16.666666666666664,MARGIN CALL ($0)
29,45,0.0,22,2,20,1.0,-100.0,9.090909090909092,MARGIN CALL ($0)
29,46,0.0,21,2,19,1.0,-100.0,9.523809523809524,MARGIN CALL ($0)
29,47,0.0,11,0,11,1.0,-100.0,0.0,MARGIN CALL ($0)
29,48,0.0,10,0,10,1.0,-100.0,0.0,MARGIN CALL ($0)
29,49,0.0,11,0,11,1.0,-100.0,0.0,MARGIN CALL ($0)
29,50,0.0,11,0,11,1.0,-100.0,0.0,MARGIN CALL ($0)
29,51,0.0,9,0,9,1.0,-100.0,0.0,MARGIN CALL ($0)
29,52,0.0,8,0,8,1.0,-100.0,0.0,MARGIN CALL ($0)
29,53,0.0,8,0,8,1.0,-100.0,0.0,MARGIN CALL ($0)
29,54,0.0,8,0,8,1.0,-100.0,0.0,MARGIN CALL ($0)
29,55,0.0,22,2,20,1.0,-100.0,9.090909090909092,MARGIN CALL ($0)
29,56,0.0,22,2,20,1.0,-100.0,9.090909090909092,MARGIN CALL ($0)
29,57,0.0,21,2,19,1.0,-100.0,9.523809523809524,MARGIN CALL ($0)
29,58,0.0,18,2,16,1.0,-100.0,11.11111111111111,MARGIN CALL ($0)
29,59,0.0,18,2,16,1.0,-100.0,11.11111111111111,MARGIN CALL ($0)
29,60,0.0,18,2,16,1.0,-100.0,11.11111111111111,MARGIN CALL ($0)
29,61,0.0,18,2,16,1.0,-100.0,11.11111111111111,MARGIN CALL ($0)
29,62,0.0,18,2,16,1.0,-100.0,11.11111111111111,MARGIN CALL ($0)
29,63,0.0,18,2,16,1.0,-100.0,11.11111111111111,MARGIN CALL ($0)
29,64,0.0,19,2,17,1.0,-100.0,10.526315789473683,MARGIN CALL ($0)
29,65,0.0,18,2,16,1.0,-100.0,11.11111111111111,MARGIN CALL ($0)
29,66,0.0,18,2,16,1.0,-100.0,11.11111111111111,MARGIN CALL ($0)
29,67,0.0,20,3,17,1.0,-100.0,15.0,MARGIN CALL ($0)
29,68,0.0,20,3,17,1.0,-100.0,15.0,MARGIN CALL ($0)
29,69,0.0,23,4,19,1.0,-100.0,17.391304347826086,MARGIN CALL ($0)
29,70,0.0,25,4,21,1.0,-100.0,16.0,MARGIN CALL ($0)
29,71,0.0,25,4,21,1.0,-100.0,16.0,MARGIN CALL ($0)
29,72,0.0,10,0,10,1.0,-100.0,0.0,MARGIN CALL ($0)
29,73,0.0,10,0,10,1.0,-100.0,0.0,MARGIN CALL ($0)
29,74,0.0,10,0,10,1.0,-100.0,0.0,MARGIN CALL ($0)
29,75,0.0,9,0,9,1.0,-100.0,0.0,MARGIN CALL ($0)
29,76,0.0,9,0,9,1.0,-100.0,0.0,MARGIN CALL ($0)
29,77,0.0,8,0,8,1.0,-100.0,0.0,MARGIN CALL ($0)
29,78,0.0,8,0,8,1.0,-100.0,0.0,MARGIN CALL ($0)
29,79,0.0,8,0,8,1.0,-100.0,0.0,MARGIN CALL ($0)
29,80,0.0,11,0,11,1.0,-100.0,0.0,MARGIN CALL ($0)
29,81,0.0,11,0,11,1.0,-100.0,0.0,MARGIN CALL ($0)
29,82,0.0,23,4,19,1.0,-100.0,17.391304347826086,MARGIN CALL ($0)
29,83,0.0,66,10,56,1.0,-100.0,15.151515151515152,MARGIN CALL ($0)
29,84,0.0,67,10,57,1.0,-100.0,14.925373134328357,MARGIN CALL ($0)
29,85,0.0,59,9,50,1.0,-100.0,15.254237288135593,MARGIN CALL ($0)
29,86,0.0,76,11,65,1.0,-100.0,14.473684210526317,MARGIN CALL ($0)
29,87,0.0,70,11,59,1.0,-100.0,15.714285714285714,MARGIN CALL ($0)
29,88,0.0,27,6,21,1.0,-100.0,22.22222222222222,MARGIN CALL ($0)
29,89,0.0,26,6,20,1.0,-100.0,23.076923076923077,MARGIN CALL ($0)
29,90,0.0,29,7,22,1.0,-100.0,24.137931034482758,MARGIN CALL ($0)
29,91,0.0,29,6,23,1.0,-100.0,20.689655172413794,MARGIN CALL ($0)
29,92,0.0,29,6,23,1.0,-100.0,20.689655172413794,MARGIN CALL ($0)
29,93,0.0,29,6,23,1.0,-100.0,20.689655172413794,MARGIN CALL ($0)
29,94,0.0,29,6,23,1.0,-100.0,20.689655172413794,MARGIN CALL ($0)
29,95,0.0,23,3,20,1.0,-100.0,13.043478260869565,MARGIN CALL ($0)
29,96,0.0,23,3,20,1.0,-100.0,13.043478260869565,MARGIN CALL ($0)
29,97,0.0,23,3,20,1.0,-100.0,13.043478260869565,MARGIN CALL ($0)
29,98,0.0,23,3,20,1.0,-100.0,13.043478260869565,MARGIN CALL ($0)
29,99,0.0,23,3,20,1.0,-100.0,13.043478260869565,MARGIN CALL ($0)
29,100,0.0,23,3,20,1.0,-100.0,13.043478260869565,MARGIN CALL ($0)
30,1,0.0,2587,683,1904,1.0,-100.0,26.401236954000773,MARGIN CALL ($0)
30,2,0.0,6849,1882,4967,1.0,-100.0,27.478464009344428,MARGIN CALL ($0)
30,3,0.0,4066,1140,2926,1.0,-100.0,28.037383177570092,MARGIN CALL ($0)
30,4,0.0,37,8,29,1.0,-100.0,21.62162162162162,MARGIN CALL ($0)
30,5,0.0,14,0,14,1.0,-100.0,0.0,MARGIN CALL ($0)
30,6,0.0,18,1,17,1.0,-100.0,5.555555555555555,MARGIN CALL ($0)
30,7,0.0,19,1,18,1.0,-100.0,5.263157894736842,MARGIN CALL ($0)
30,8,0.0,13,0,13,1.0,-100.0,0.0,MARGIN CALL ($0)
30,9,0.0,12,0,12,1.0,-100.0,0.0,MARGIN CALL ($0)
30,10,0.0,23,3,20,1.0,-100.0,13.043478260869565,MARGIN CALL ($0)
30,11,0.0,21,3,18,1.0,-100.0,14.285714285714285,MARGIN CALL ($0)
30,12,0.0,22,3,19,1.0,-100.0,13.636363636363635,MARGIN CALL ($0)
30,13,0.0,4704,1068,3636,1.0,-100.0,22.70408163265306,MARGIN CALL ($0)
30,14,0.0,2433,571,1862,1.0,-100.0,23.468968351829016,MARGIN CALL ($0)
30,15,0.0,33,5,28,1.0,-100.0,15.151515151515152,MARGIN CALL ($0)
30,16,0.0,33,5,28,1.0,-100.0,15.151515151515152,MARGIN CALL ($0)
30,17,0.0,4504,977,3527,1.0,-100.0,21.691829484902307,MARGIN CALL ($0)
30,18,0.0,1525,334,1191,1.0,-100.0,21.901639344262293,MARGIN CALL ($0)
30,19,0.0,1686,359,1327,1.0,-100.0,21.29300118623962,MARGIN CALL ($0)
30,20,0.0,7315,1555,5760,1.0,-100.0,21.257689678742313,MARGIN CALL ($0)
30,21,0.0,164,28,136,1.0,-100.0,17.073170731707318,MARGIN CALL ($0)
30,22,0.0,32,5,27,1.0,-100.0,15.625,MARGIN CALL ($0)
30,23,0.0,2331,477,1854,1.0,-100.0,20.463320463320464,MARGIN CALL ($0)
30,24,0.0,981,204,777,1.0,-100.0,20.795107033639145,MARGIN CALL ($0)
30,25,0.0,114,17,97,1.0,-100.0,14.912280701754385,MARGIN CALL ($0)
30,26,0.0,225,51,174,1.0,-100.0,22.666666666666664,MARGIN CALL ($0)
30,27,0.0,833,155,678,1.0,-100.0,18.60744297719088,MARGIN CALL ($0)
30,28,0.0,8,0,8,1.0,-100.0,0.0,MARGIN CALL ($0)
30,29,0.0,8,0,8,1.0,-100.0,0.0,MARGIN CALL ($0)
30,30,0.0,112,19,93,1.0,-100.0,16.964285714285715,MARGIN CALL ($0)
30,31,0.0,685,113,572,1.0,-100.0,16.4963503649635,MARGIN CALL ($0)
30,32,0.0,634,112,522,1.0,-100.0,17.665615141955836,MARGIN CALL ($0)
30,33,0.0,147,19,128,1.0,-100.0,12.925170068027212,MARGIN CALL ($0)
30,34,0.0,22,3,19,1.0,-100.0,13.636363636363635,MARGIN CALL ($0)
30,35,0.0,22,3,19,1.0,-100.0,13.636363636363635,MARGIN CALL ($0)
30,36,0.0,21,3,18,1.0,-100.0,14.285714285714285,MARGIN CALL ($0)
30,37,0.0,21,3,18,1.0,-100.0,14.285714285714285,MARGIN CALL ($0)
30,38,0.0,21,3,18,1.0,-100.0,14.285714285714285,MARGIN CALL ($0)
30,39,0.0,21,3,18,1.0,-100.0,14.285714285714285,MARGIN CALL ($0)
30,40,0.0,213,42,171,1.0,-100.0,19.718309859154928,MARGIN CALL ($0)
30,41,0.0,20,3,17,1.0,-100.0,15.0,MARGIN CALL ($0)
30,42,0.0,21,3,18,1.0,-100.0,14.285714285714285,MARGIN CALL ($0)
30,43,0.0,201,42,159,1.0,-100.0,20.8955223880597,MARGIN CALL ($0)
30,44,0.0,26,4,22,1.0,-100.0,15.384615384615385,MARGIN CALL ($0)
30,45,0.0,26,4,22,1.0,-100.0,15.384615384615385,MARGIN CALL ($0)
30,46,0.0,26,4,22,1.0,-100.0,15.384615384615385,MARGIN CALL ($0)
30,47,0.0,11,0,11,1.0,-100.0,0.0,MARGIN CALL ($0)
30,48,0.0,10,0,10,1.0,-100.0,0.0,MARGIN CALL ($0)
30,49,0.0,11,0,11,1.0,-100.0,0.0,MARGIN CALL ($0)
30,50,0.0,11,0,11,1.0,-100.0,0.0,MARGIN CALL ($0)
30,51,0.0,9,0,9,1.0,-100.0,0.0,MARGIN CALL ($0)
30,52,0.0,8,0,8,1.0,-100.0,0.0,MARGIN CALL ($0)
30,53,0.0,8,0,8,1.0,-100.0,0.0,MARGIN CALL ($0)
30,54,0.0,8,0,8,1.0,-100.0,0.0,MARGIN CALL ($0)
30,55,0.0,23,3,20,1.0,-100.0,13.043478260869565,MARGIN CALL ($0)
30,56,0.0,24,3,21,1.0,-100.0,12.5,MARGIN CALL ($0)
30,57,0.0,23,3,20,1.0,-100.0,13.043478260869565,MARGIN CALL ($0)
30,58,0.0,23,3,20,1.0,-100.0,13.043478260869565,MARGIN CALL ($0)
30,59,0.0,23,3,20,1.0,-100.0,13.043478260869565,MARGIN CALL ($0)
30,60,0.0,23,3,20,1.0,-100.0,13.043478260869565,MARGIN CALL ($0)
30,61,0.0,23,3,20,1.0,-100.0,13.043478260869565,MARGIN CALL ($0)
30,62,0.0,23,3,20,1.0,-100.0,13.043478260869565,MARGIN CALL ($0)
30,63,0.0,23,3,20,1.0,-100.0,13.043478260869565,MARGIN CALL ($0)
30,64,0.0,23,3,20,1.0,-100.0,13.043478260869565,MARGIN CALL ($0)
30,65,0.0,21,3,18,1.0,-100.0,14.285714285714285,MARGIN CALL ($0)
30,66,0.0,21,3,18,1.0,-100.0,14.285714285714285,MARGIN CALL ($0)
30,67,0.0,24,4,20,1.0,-100.0,16.666666666666664,MARGIN CALL ($0)
30,68,0.0,22,3,19,1.0,-100.0,13.636363636363635,MARGIN CALL ($0)
30,69,0.0,23,4,19,1.0,-100.0,17.391304347826086,MARGIN CALL ($0)
30,70,0.0,24,4,20,1.0,-100.0,16.666666666666664,MARGIN CALL ($0)
30,71,0.0,24,4,20,1.0,-100.0,16.666666666666664,MARGIN CALL ($0)
30,72,0.0,10,0,10,1.0,-100.0,0.0,MARGIN CALL ($0)
30,73,0.0,10,0,10,1.0,-100.0,0.0,MARGIN CALL ($0)
30,74,0.0,10,0,10,1.0,-100.0,0.0,MARGIN CALL ($0)
30,75,0.0,9,0,9,1.0,-100.0,0.0,MARGIN CALL ($0)
30,76,0.0,9,0,9,1.0,-100.0,0.0,MARGIN CALL ($0)
30,77,0.0,8,0,8,1.0,-100.0,0.0,MARGIN CALL ($0)
30,78,0.0,8,0,8,1.0,-100.0,0.0,MARGIN CALL ($0)
30,79,0.0,8,0,8,1.0,-100.0,0.0,MARGIN CALL ($0)
30,80,0.0,11,0,11,1.0,-100.0,0.0,MARGIN CALL ($0)
30,81,0.0,11,0,11,1.0,-100.0,0.0,MARGIN CALL ($0)
30,82,0.0,68,8,60,1.0,-100.0,11.76470588235294,MARGIN CALL ($0)
30,83,0.0,197,43,154,1.0,-100.0,21.82741116751269,MARGIN CALL ($0)
30,84,0.0,185,39,146,1.0,-100.0,21.08108108108108,MARGIN CALL ($0)
30,85,0.0,186,40,146,1.0,-100.0,21.50537634408602,MARGIN CALL ($0)
30,86,0.0,510,101,409,1.0,-100.0,19.80392156862745,MARGIN CALL ($0)
30,87,0.0,199,42,157,1.0,-100.0,21.105527638190953,MARGIN CALL ($0)
30,88,0.0,26,6,20,1.0,-100.0,23.076923076923077,MARGIN CALL ($0)
30,89,0.0,26,6,20,1.0,-100.0,23.076923076923077,MARGIN CALL ($0)
30,90,0.0,65,11,54,1.0,-100.0,16.923076923076923,MARGIN CALL ($0)
30,91,0.0,65,9,56,1.0,-100.0,13.846153846153847,MARGIN CALL ($0)
30,92,0.0,31,6,25,1.0,-100.0,19.35483870967742,MARGIN CALL ($0)
30,93,0.0,31,6,25,1.0,-100.0,19.35483870967742,MARGIN CALL ($0)
30,94,0.0,32,6,26,1.0,-100.0,18.75,MARGIN CALL ($0)
30,95,0.0,31,6,25,1.0,-100.0,19.35483870967742,MARGIN CALL ($0)
30,96,0.0,31,6,25,1.0,-100.0,19.35483870967742,MARGIN CALL ($0)
30,97,0.0,30,6,24,1.0,-100.0,20.0,MARGIN CALL ($0)
30,98,0.0,27,4,23,1.0,-100.0,14.814814814814813,MARGIN CALL ($0)
30,99,0.0,27,4,23,1.0,-100.0,14.814814814814813,MARGIN CALL ($0)
30,100,0.0,27,4,23,1.0,-100.0,14.814814814814813,MARGIN CALL ($0)
31,1,0.0,2731,712,2019,1.0,-100.0,26.07103625045771,MARGIN CALL ($0)
31,2,0.0,6850,1882,4968,1.0,-100.0,27.474452554744527,MARGIN CALL ($0)
31,3,0.0,4102,1148,2954,1.0,-100.0,27.986348122866893,MARGIN CALL ($0)
31,4,0.0,37,8,29,1.0,-100.0,21.62162162162162,MARGIN CALL ($0)
31,5,0.0,14,0,14,1.0,-100.0,0.0,MARGIN CALL ($0)
31,6,0.0,18,1,17,1.0,-100.0,5.555555555555555,MARGIN CALL ($0)
31,7,0.0,19,1,18,1.0,-100.0,5.263157894736842,MARGIN CALL ($0)
31,8,0.0,13,0,13,1.0,-100.0,0.0,MARGIN CALL ($0)
31,9,0.0,12,0,12,1.0,-100.0,0.0,MARGIN CALL ($0)
31,10,0.0,23,3,20,1.0,-100.0,13.043478260869565,MARGIN CALL ($0)
31,11,0.0,21,3,18,1.0,-100.0,14.285714285714285,MARGIN CALL ($0)
31,12,0.0,22,3,19,1.0,-100.0,13.636363636363635,MARGIN CALL ($0)
31,13,0.0,2916,670,2246,1.0,-100.0,22.976680384087793,MARGIN CALL ($0)
31,14,0.0,2624,610,2014,1.0,-100.0,23.246951219512198,MARGIN CALL ($0)
31,15,0.0,32,5,27,1.0,-100.0,15.625,MARGIN CALL ($0)
31,16,0.0,34,5,29,1.0,-100.0,14.705882352941178,MARGIN CALL ($0)
31,17,0.0,5818,1264,4554,1.0,-100.0,21.725678927466483,MARGIN CALL ($0)
31,18,0.0,1613,358,1255,1.0,-100.0,22.194668319900806,MARGIN CALL ($0)
31,19,0.0,1676,356,1320,1.0,-100.0,21.241050119331742,MARGIN CALL ($0)
31,20,0.0,8724,1873,6851,1.0,-100.0,21.469509399358092,MARGIN CALL ($0)
31,21,0.0,162,27,135,1.0,-100.0,16.666666666666664,MARGIN CALL ($0)
31,22,0.0,41,5,36,1.0,-100.0,12.195121951219512,MARGIN CALL ($0)
31,23,0.0,2334,484,1850,1.0,-100.0,20.7369323050557,MARGIN CALL ($0)
31,24,0.0,1008,211,797,1.0,-100.0,20.932539682539684,MARGIN CALL ($0)
31,25,0.0,115,17,98,1.0,-100.0,14.782608695652174,MARGIN CALL ($0)
31,26,0.0,231,53,178,1.0,-100.0,22.943722943722943,MARGIN CALL ($0)
31,27,0.0,821,154,667,1.0,-100.0,18.757612667478686,MARGIN CALL ($0)
31,28,0.0,8,0,8,1.0,-100.0,0.0,MARGIN CALL ($0)
31,29,0.0,8,0,8,1.0,-100.0,0.0,MARGIN CALL ($0)
31,30,0.0,111,18,93,1.0,-100.0,16.216216216216218,MARGIN CALL ($0)
31,31,0.0,975,173,802,1.0,-100.0,17.743589743589745,MARGIN CALL ($0)
31,32,0.0,879,155,724,1.0,-100.0,17.633674630261662,MARGIN CALL ($0)
31,33,0.0,701,124,577,1.0,-100.0,17.68901569186876,MARGIN CALL ($0)
31,34,0.0,33,3,30,1.0,-100.0,9.090909090909092,MARGIN CALL ($0)
31,35,0.0,28,3,25,1.0,-100.0,10.714285714285714,MARGIN CALL ($0)
31,36,0.0,743,137,606,1.0,-100.0,18.438761776581426,MARGIN CALL ($0)
31,37,0.0,86,10,76,1.0,-100.0,11.627906976744185,MARGIN CALL ($0)
31,38,0.0,8374,1476,6898,1.0,-100.0,17.625985192261762,MARGIN CALL ($0)
31,39,0.0,21,3,18,1.0,-100.0,14.285714285714285,MARGIN CALL ($0)
31,40,0.0,530,96,434,1.0,-100.0,18.11320754716981,MARGIN CALL ($0)
31,41,0.0,355,64,291,1.0,-100.0,18.028169014084508,MARGIN CALL ($0)
31,42,0.0,243,49,194,1.0,-100.0,20.16460905349794,MARGIN CALL ($0)
31,43,0.0,142,25,117,1.0,-100.0,17.6056338028169,MARGIN CALL ($0)
31,44,0.0,24,4,20,1.0,-100.0,16.666666666666664,MARGIN CALL ($0)
31,45,0.0,25,4,21,1.0,-100.0,16.0,MARGIN CALL ($0)
31,46,0.0,24,4,20,1.0,-100.0,16.666666666666664,MARGIN CALL ($0)
31,47,0.0,11,0,11,1.0,-100.0,0.0,MARGIN CALL ($0)
31,48,0.0,10,0,10,1.0,-100.0,0.0,MARGIN CALL ($0)
31,49,0.0,11,0,11,1.0,-100.0,0.0,MARGIN CALL ($0)
31,50,0.0,11,0,11,1.0,-100.0,0.0,MARGIN CALL ($0)
31,51,0.0,9,0,9,1.0,-100.0,0.0,MARGIN CALL ($0)
31,52,0.0,8,0,8,1.0,-100.0,0.0,MARGIN CALL ($0)
31,53,0.0,8,0,8,1.0,-100.0,0.0,MARGIN CALL ($0)
31,54,0.0,8,0,8,1.0,-100.0,0.0,MARGIN CALL ($0)
31,55,0.0,21,3,18,1.0,-100.0,14.285714285714285,MARGIN CALL ($0)
31,56,0.0,22,3,19,1.0,-100.0,13.636363636363635,MARGIN CALL ($0)
31,57,0.0,20,3,17,1.0,-100.0,15.0,MARGIN CALL ($0)
31,58,0.0,20,3,17,1.0,-100.0,15.0,MARGIN CALL ($0)
31,59,0.0,20,3,17,1.0,-100.0,15.0,MARGIN CALL ($0)
31,60,0.0,20,3,17,1.0,-100.0,15.0,MARGIN CALL ($0)
31,61,0.0,20,3,17,1.0,-100.0,15.0,MARGIN CALL ($0)
31,62,0.0,20,3,17,1.0,-100.0,15.0,MARGIN CALL ($0)
31,63,0.0,20,3,17,1.0,-100.0,15.0,MARGIN CALL ($0)
31,64,0.0,23,4,19,1.0,-100.0,17.391304347826086,MARGIN CALL ($0)
31,65,0.0,21,4,17,1.0,-100.0,19.047619047619047,MARGIN CALL ($0)
31,66,0.0,22,4,18,1.0,-100.0,18.181818181818183,MARGIN CALL ($0)
31,67,0.0,46,7,39,1.0,-100.0,15.217391304347828,MARGIN CALL ($0)
31,68,0.0,18,3,15,1.0,-100.0,16.666666666666664,MARGIN CALL ($0)
31,69,0.0,43,4,39,1.0,-100.0,9.30232558139535,MARGIN CALL ($0)
31,70,0.0,22,4,18,1.0,-100.0,18.181818181818183,MARGIN CALL ($0)
31,71,0.0,22,4,18,1.0,-100.0,18.181818181818183,MARGIN CALL ($0)
31,72,0.0,10,0,10,1.0,-100.0,0.0,MARGIN CALL ($0)
31,73,0.0,10,0,10,1.0,-100.0,0.0,MARGIN CALL ($0)
31,74,0.0,10,0,10,1.0,-100.0,0.0,MARGIN CALL ($0)
31,75,0.0,9,0,9,1.0,-100.0,0.0,MARGIN CALL ($0)
31,76,0.0,9,0,9,1.0,-100.0,0.0,MARGIN CALL ($0)
31,77,0.0,8,0,8,1.0,-100.0,0.0,MARGIN CALL ($0)
31,78,0.0,8,0,8,1.0,-100.0,0.0,MARGIN CALL ($0)
31,79,0.0,8,0,8,1.0,-100.0,0.0,MARGIN CALL ($0)
31,80,0.0,11,0,11,1.0,-100.0,0.0,MARGIN CALL ($0)
31,81,0.0,11,0,11,1.0,-100.0,0.0,MARGIN CALL ($0)
31,82,0.0,73,4,69,1.0,-100.0,5.47945205479452,MARGIN CALL ($0)
31,83,0.0,200,37,163,1.0,-100.0,18.5,MARGIN CALL ($0)
31,84,0.0,199,37,162,1.0,-100.0,18.592964824120603,MARGIN CALL ($0)
31,85,0.0,194,36,158,1.0,-100.0,18.556701030927837,MARGIN CALL ($0)
31,86,0.0,603,120,483,1.0,-100.0,19.900497512437813,MARGIN CALL ($0)
31,87,0.0,554,108,446,1.0,-100.0,19.494584837545126,MARGIN CALL ($0)
31,88,0.0,62,7,55,1.0,-100.0,11.29032258064516,MARGIN CALL ($0)
31,89,0.0,41,7,34,1.0,-100.0,17.073170731707318,MARGIN CALL ($0)
31,90,0.0,80,8,72,1.0,-100.0,10.0,MARGIN CALL ($0)
31,91,0.0,80,7,73,1.0,-100.0,8.75,MARGIN CALL ($0)
31,92,0.0,47,7,40,1.0,-100.0,14.893617021276595,MARGIN CALL ($0)
31,93,0.0,45,7,38,1.0,-100.0,15.555555555555555,MARGIN CALL ($0)
31,94,0.0,41,7,34,1.0,-100.0,17.073170731707318,MARGIN CALL ($0)
31,95,0.0,40,7,33,1.0,-100.0,17.5,MARGIN CALL ($0)
31,96,0.0,40,7,33,1.0,-100.0,17.5,MARGIN CALL ($0)
31,97,0.0,30,6,24,1.0,-100.0,20.0,MARGIN CALL ($0)
31,98,0.0,25,4,21,1.0,-100.0,16.0,MARGIN CALL ($0)
31,99,0.0,25,4,21,1.0,-100.0,16.0,MARGIN CALL ($0)
31,100,0.0,25,4,21,1.0,-100.0,16.0,MARGIN CALL ($0)
32,1,0.0,2707,717,1990,1.0,-100.0,26.486885851496123,MARGIN CALL ($0)
32,2,0.0,6850,1882,4968,1.0,-100.0,27.474452554744527,MARGIN CALL ($0)
32,3,0.0,4105,1149,2956,1.0,-100.0,27.990255785627284,MARGIN CALL ($0)
32,4,0.0,37,8,29,1.0,-100.0,21.62162162162162,MARGIN CALL ($0)
32,5,0.0,14,0,14,1.0,-100.0,0.0,MARGIN CALL ($0)
32,6,0.0,18,1,17,1.0,-100.0,5.555555555555555,MARGIN CALL ($0)
32,7,0.0,19,1,18,1.0,-100.0,5.263157894736842,MARGIN CALL ($0)
32,8,0.0,13,0,13,1.0,-100.0,0.0,MARGIN CALL ($0)
32,9,0.0,12,0,12,1.0,-100.0,0.0,MARGIN CALL ($0)
32,10,0.0,23,3,20,1.0,-100.0,13.043478260869565,MARGIN CALL ($0)
32,11,0.0,21,3,18,1.0,-100.0,14.285714285714285,MARGIN CALL ($0)
32,12,0.0,22,3,19,1.0,-100.0,13.636363636363635,MARGIN CALL ($0)
32,13,0.0,5205,1183,4022,1.0,-100.0,22.728146013448608,MARGIN CALL ($0)
32,14,0.0,2694,630,2064,1.0,-100.0,23.385300668151448,MARGIN CALL ($0)
32,15,0.0,32,5,27,1.0,-100.0,15.625,MARGIN CALL ($0)
32,16,0.0,34,5,29,1.0,-100.0,14.705882352941178,MARGIN CALL ($0)
32,17,0.0,5939,1306,4633,1.0,-100.0,21.99023404613571,MARGIN CALL ($0)
32,18,0.0,1637,373,1264,1.0,-100.0,22.785583384239462,MARGIN CALL ($0)
32,19,0.0,5455,1194,4261,1.0,-100.0,21.888175985334556,MARGIN CALL ($0)
32,20,0.0,7154,1528,5626,1.0,-100.0,21.358680458484763,MARGIN CALL ($0)
32,21,0.0,103,13,90,1.0,-100.0,12.62135922330097,MARGIN CALL ($0)
32,22,0.0,31,5,26,1.0,-100.0,16.129032258064516,MARGIN CALL ($0)
32,23,0.0,2579,545,2034,1.0,-100.0,21.132221791392013,MARGIN CALL ($0)
32,24,0.0,1030,214,816,1.0,-100.0,20.776699029126213,MARGIN CALL ($0)
32,25,0.0,30,3,27,1.0,-100.0,10.0,MARGIN CALL ($0)
32,26,0.0,77,6,71,1.0,-100.0,7.792207792207792,MARGIN CALL ($0)
32,27,0.0,826,160,666,1.0,-100.0,19.37046004842615,MARGIN CALL ($0)
32,28,0.0,8,0,8,1.0,-100.0,0.0,MARGIN CALL ($0)
32,29,0.0,8,0,8,1.0,-100.0,0.0,MARGIN CALL ($0)
32,30,0.0,19,2,17,1.0,-100.0,10.526315789473683,MARGIN CALL ($0)
32,31,0.0,886,159,727,1.0,-100.0,17.945823927765236,MARGIN CALL ($0)
32,32,0.0,785,133,652,1.0,-100.0,16.94267515923567,MARGIN CALL ($0)
32,33,0.0,715,123,592,1.0,-100.0,17.2027972027972,MARGIN CALL ($0)
32,34,0.0,46,3,43,1.0,-100.0,6.521739130434782,MARGIN CALL ($0)
32,35,0.0,41,3,38,1.0,-100.0,7.317073170731707,MARGIN CALL ($0)
32,36,0.0,697,119,578,1.0,-100.0,17.073170731707318,MARGIN CALL ($0)
32,37,0.0,619,109,510,1.0,-100.0,17.60904684975767,MARGIN CALL ($0)
32,38,0.0,7959,1358,6601,1.0,-100.0,17.06244503078276,MARGIN CALL ($0)
32,39,0.0,1069,182,887,1.0,-100.0,17.02525724976614,MARGIN CALL ($0)
32,40,0.0,554,94,460,1.0,-100.0,16.967509025270758,MARGIN CALL ($0)
32,41,0.0,491,85,406,1.0,-100.0,17.311608961303463,MARGIN CALL ($0)
32,42,0.0,325,59,266,1.0,-100.0,18.153846153846153,MARGIN CALL ($0)
32,43,0.0,181,35,146,1.0,-100.0,19.337016574585636,MARGIN CALL ($0)
32,44,0.0,23,4,19,1.0,-100.0,17.391304347826086,MARGIN CALL ($0)
32,45,0.0,24,4,20,1.0,-100.0,16.666666666666664,MARGIN CALL ($0)
32,46,0.0,24,4,20,1.0,-100.0,16.666666666666664,MARGIN CALL ($0)
32,47,0.0,11,0,11,1.0,-100.0,0.0,MARGIN CALL ($0)
32,48,0.0,10,0,10,1.0,-100.0,0.0,MARGIN CALL ($0)
32,49,0.0,10,0,10,1.0,-100.0,0.0,MARGIN CALL ($0)
32,50,0.0,10,0,10,1.0,-100.0,0.0,MARGIN CALL ($0)
32,51,0.0,9,0,9,1.0,-100.0,0.0,MARGIN CALL ($0)
32,52,0.0,8,0,8,1.0,-100.0,0.0,MARGIN CALL ($0)
32,53,0.0,8,0,8,1.0,-100.0,0.0,MARGIN CALL ($0)
32,54,0.0,8,0,8,1.0,-100.0,0.0,MARGIN CALL ($0)
32,55,0.0,22,3,19,1.0,-100.0,13.636363636363635,MARGIN CALL ($0)
32,56,0.0,23,3,20,1.0,-100.0,13.043478260869565,MARGIN CALL ($0)
32,57,0.0,21,3,18,1.0,-100.0,14.285714285714285,MARGIN CALL ($0)
32,58,0.0,20,3,17,1.0,-100.0,15.0,MARGIN CALL ($0)
32,59,0.0,20,3,17,1.0,-100.0,15.0,MARGIN CALL ($0)
32,60,0.0,20,3,17,1.0,-100.0,15.0,MARGIN CALL ($0)
32,61,0.0,20,3,17,1.0,-100.0,15.0,MARGIN CALL ($0)
32,62,0.0,20,3,17,1.0,-100.0,15.0,MARGIN CALL ($0)
32,63,0.0,20,3,17,1.0,-100.0,15.0,MARGIN CALL ($0)
32,64,0.0,20,3,17,1.0,-100.0,15.0,MARGIN CALL ($0)
32,65,0.0,21,4,17,1.0,-100.0,19.047619047619047,MARGIN CALL ($0)
32,66,0.0,22,4,18,1.0,-100.0,18.181818181818183,MARGIN CALL ($0)
32,67,0.0,36,7,29,1.0,-100.0,19.444444444444446,MARGIN CALL ($0)
32,68,0.0,19,3,16,1.0,-100.0,15.789473684210526,MARGIN CALL ($0)
32,69,0.0,65,5,60,1.0,-100.0,7.6923076923076925,MARGIN CALL ($0)
32,70,0.0,41,4,37,1.0,-100.0,9.75609756097561,MARGIN CALL ($0)
32,71,0.0,31,4,27,1.0,-100.0,12.903225806451612,MARGIN CALL ($0)
32,72,0.0,10,0,10,1.0,-100.0,0.0,MARGIN CALL ($0)
32,73,0.0,10,0,10,1.0,-100.0,0.0,MARGIN CALL ($0)
32,74,0.0,10,0,10,1.0,-100.0,0.0,MARGIN CALL ($0)
32,75,0.0,9,0,9,1.0,-100.0,0.0,MARGIN CALL ($0)
32,76,0.0,9,0,9,1.0,-100.0,0.0,MARGIN CALL ($0)
32,77,0.0,8,0,8,1.0,-100.0,0.0,MARGIN CALL ($0)
32,78,0.0,8,0,8,1.0,-100.0,0.0,MARGIN CALL ($0)
32,79,0.0,8,0,8,1.0,-100.0,0.0,MARGIN CALL ($0)
32,80,0.0,11,0,11,1.0,-100.0,0.0,MARGIN CALL ($0)
32,81,0.0,11,0,11,1.0,-100.0,0.0,MARGIN CALL ($0)
32,82,0.0,68,4,64,1.0,-100.0,5.88235294117647,MARGIN CALL ($0)
32,83,0.0,560,111,449,1.0,-100.0,19.82142857142857,MARGIN CALL ($0)
32,84,0.0,629,129,500,1.0,-100.0,20.5087440381558,MARGIN CALL ($0)
32,85,0.0,519,105,414,1.0,-100.0,20.23121387283237,MARGIN CALL ($0)
32,86,0.0,180,38,142,1.0,-100.0,21.11111111111111,MARGIN CALL ($0)
32,87,0.0,179,40,139,1.0,-100.0,22.3463687150838,MARGIN CALL ($0)
32,88,0.0,46,7,39,1.0,-100.0,15.217391304347828,MARGIN CALL ($0)
32,89,0.0,25,6,19,1.0,-100.0,24.0,MARGIN CALL ($0)
32,90,0.0,64,8,56,1.0,-100.0,12.5,MARGIN CALL ($0)
32,91,0.0,67,7,60,1.0,-100.0,10.44776119402985,MARGIN CALL ($0)
32,92,0.0,29,6,23,1.0,-100.0,20.689655172413794,MARGIN CALL ($0)
32,93,0.0,29,6,23,1.0,-100.0,20.689655172413794,MARGIN CALL ($0)
32,94,0.0,30,6,24,1.0,-100.0,20.0,MARGIN CALL ($0)
32,95,0.0,31,6,25,1.0,-100.0,19.35483870967742,MARGIN CALL ($0)
32,96,0.0,31,6,25,1.0,-100.0,19.35483870967742,MARGIN CALL ($0)
32,97,0.0,29,6,23,1.0,-100.0,20.689655172413794,MARGIN CALL ($0)
32,98,0.0,26,4,22,1.0,-100.0,15.384615384615385,MARGIN CALL ($0)
32,99,0.0,26,4,22,1.0,-100.0,15.384615384615385,MARGIN CALL ($0)
32,100,0.0,34,5,29,1.0,-100.0,14.705882352941178,MARGIN CALL ($0)
33,1,0.0,2753,729,2024,1.0,-100.0,26.480203414456955,MARGIN CALL ($0)
33,2,0.0,6850,1882,4968,1.0,-100.0,27.474452554744527,MARGIN CALL ($0)
33,3,0.0,4126,1154,2972,1.0,-100.0,27.96897721764421,MARGIN CALL ($0)
33,4,0.0,37,8,29,1.0,-100.0,21.62162162162162,MARGIN CALL ($0)
33,5,0.0,14,0,14,1.0,-100.0,0.0,MARGIN CALL ($0)
33,6,0.0,18,1,17,1.0,-100.0,5.555555555555555,MARGIN CALL ($0)
33,7,0.0,19,1,18,1.0,-100.0,5.263157894736842,MARGIN CALL ($0)
33,8,0.0,13,0,13,1.0,-100.0,0.0,MARGIN CALL ($0)
33,9,0.0,12,0,12,1.0,-100.0,0.0,MARGIN CALL ($0)
33,10,0.0,23,3,20,1.0,-100.0,13.043478260869565,MARGIN CALL ($0)
33,11,0.0,21,3,18,1.0,-100.0,14.285714285714285,MARGIN CALL ($0)
33,12,0.0,22,3,19,1.0,-100.0,13.636363636363635,MARGIN CALL ($0)
33,13,0.0,5214,1184,4030,1.0,-100.0,22.708093594169544,MARGIN CALL ($0)
33,14,0.0,2653,616,2037,1.0,-100.0,23.218997361477573,MARGIN CALL ($0)
33,15,0.0,32,5,27,1.0,-100.0,15.625,MARGIN CALL ($0)
33,16,0.0,33,5,28,1.0,-100.0,15.151515151515152,MARGIN CALL ($0)
33,17,0.0,5910,1298,4612,1.0,-100.0,21.962774957698816,MARGIN CALL ($0)
33,18,0.0,1624,362,1262,1.0,-100.0,22.29064039408867,MARGIN CALL ($0)
33,19,0.0,1703,362,1341,1.0,-100.0,21.256605989430415,MARGIN CALL ($0)
33,20,0.0,7028,1515,5513,1.0,-100.0,21.556630620375643,MARGIN CALL ($0)
33,21,0.0,101,13,88,1.0,-100.0,12.871287128712872,MARGIN CALL ($0)
33,22,0.0,31,5,26,1.0,-100.0,16.129032258064516,MARGIN CALL ($0)
33,23,0.0,1375,299,1076,1.0,-100.0,21.745454545454546,MARGIN CALL ($0)
33,24,0.0,1026,215,811,1.0,-100.0,20.955165692007796,MARGIN CALL ($0)
33,25,0.0,30,3,27,1.0,-100.0,10.0,MARGIN CALL ($0)
33,26,0.0,22,3,19,1.0,-100.0,13.636363636363635,MARGIN CALL ($0)
33,27,0.0,72,6,66,1.0,-100.0,8.333333333333332,MARGIN CALL ($0)
33,28,0.0,8,0,8,1.0,-100.0,0.0,MARGIN CALL ($0)
33,29,0.0,8,0,8,1.0,-100.0,0.0,MARGIN CALL ($0)
33,30,0.0,19,2,17,1.0,-100.0,10.526315789473683,MARGIN CALL ($0)
33,31,0.0,697,123,574,1.0,-100.0,17.647058823529413,MARGIN CALL ($0)
33,32,0.0,680,115,565,1.0,-100.0,16.911764705882355,MARGIN CALL ($0)
33,33,0.0,684,115,569,1.0,-100.0,16.812865497076025,MARGIN CALL ($0)
33,34,0.0,47,3,44,1.0,-100.0,6.382978723404255,MARGIN CALL ($0)
33,35,0.0,49,6,43,1.0,-100.0,12.244897959183673,MARGIN CALL ($0)
33,36,0.0,666,114,552,1.0,-100.0,17.117117117117118,MARGIN CALL ($0)
33,37,0.0,669,116,553,1.0,-100.0,17.339312406576983,MARGIN CALL ($0)
33,39,0.0,1213,206,1007,1.0,-100.0,16.982687551525146,MARGIN CALL ($0)
33,40,0.0,611,108,503,1.0,-100.0,17.6759410801964,MARGIN CALL ($0)
33,41,0.0,555,95,460,1.0,-100.0,17.117117117117118,MARGIN CALL ($0)
33,42,0.0,485,88,397,1.0,-100.0,18.144329896907216,MARGIN CALL ($0)
33,43,0.0,222,42,180,1.0,-100.0,18.91891891891892,MARGIN CALL ($0)
33,44,0.0,21,3,18,1.0,-100.0,14.285714285714285,MARGIN CALL ($0)
33,45,0.0,23,3,20,1.0,-100.0,13.043478260869565,MARGIN CALL ($0)
33,46,0.0,23,3,20,1.0,-100.0,13.043478260869565,MARGIN CALL ($0)
33,47,0.0,11,0,11,1.0,-100.0,0.0,MARGIN CALL ($0)
33,48,0.0,10,0,10,1.0,-100.0,0.0,MARGIN CALL ($0)
33,49,0.0,10,0,10,1.0,-100.0,0.0,MARGIN CALL ($0)
33,50,0.0,10,0,10,1.0,-100.0,0.0,MARGIN CALL ($0)
33,51,0.0,9,0,9,1.0,-100.0,0.0,MARGIN CALL ($0)
33,52,0.0,8,0,8,1.0,-100.0,0.0,MARGIN CALL ($0)
33,53,0.0,8,0,8,1.0,-100.0,0.0,MARGIN CALL ($0)
33,54,0.0,8,0,8,1.0,-100.0,0.0,MARGIN CALL ($0)
33,55,0.0,23,2,21,1.0,-100.0,8.695652173913043,MARGIN CALL ($0)
33,56,0.0,22,2,20,1.0,-100.0,9.090909090909092,MARGIN CALL ($0)
33,57,0.0,21,2,19,1.0,-100.0,9.523809523809524,MARGIN CALL ($0)
33,58,0.0,19,2,17,1.0,-100.0,10.526315789473683,MARGIN CALL ($0)
33,59,0.0,20,2,18,1.0,-100.0,10.0,MARGIN CALL ($0)
33,60,0.0,20,2,18,1.0,-100.0,10.0,MARGIN CALL ($0)
33,61,0.0,19,2,17,1.0,-100.0,10.526315789473683,MARGIN CALL ($0)
33,62,0.0,21,2,19,1.0,-100.0,9.523809523809524,MARGIN CALL ($0)
33,63,0.0,21,2,19,1.0,-100.0,9.523809523809524,MARGIN CALL ($0)
33,64,0.0,20,2,18,1.0,-100.0,10.0,MARGIN CALL ($0)
33,65,0.0,19,2,17,1.0,-100.0,10.526315789473683,MARGIN CALL ($0)
33,66,0.0,19,2,17,1.0,-100.0,10.526315789473683,MARGIN CALL ($0)
33,67,0.0,67,7,60,1.0,-100.0,10.44776119402985,MARGIN CALL ($0)
33,68,0.0,19,2,17,1.0,-100.0,10.526315789473683,MARGIN CALL ($0)
33,69,0.0,37,3,34,1.0,-100.0,8.108108108108109,MARGIN CALL ($0)
33,70,0.0,23,3,20,1.0,-100.0,13.043478260869565,MARGIN CALL ($0)
33,71,0.0,23,3,20,1.0,-100.0,13.043478260869565,MARGIN CALL ($0)
33,72,0.0,10,0,10,1.0,-100.0,0.0,MARGIN CALL ($0)
33,73,0.0,10,0,10,1.0,-100.0,0.0,MARGIN CALL ($0)
33,74,0.0,10,0,10,1.0,-100.0,0.0,MARGIN CALL ($0)
33,75,0.0,9,0,9,1.0,-100.0,0.0,MARGIN CALL ($0)
33,76,0.0,9,0,9,1.0,-100.0,0.0,MARGIN CALL ($0)
33,77,0.0,8,0,8,1.0,-100.0,0.0,MARGIN CALL ($0)
33,78,0.0,8,0,8,1.0,-100.0,0.0,MARGIN CALL ($0)
33,79,0.0,8,0,8,1.0,-100.0,0.0,MARGIN CALL ($0)
33,80,0.0,11,0,11,1.0,-100.0,0.0,MARGIN CALL ($0)
33,81,0.0,11,0,11,1.0,-100.0,0.0,MARGIN CALL ($0)
33,82,0.0,27,3,24,1.0,-100.0,11.11111111111111,MARGIN CALL ($0)
33,83,0.0,69,5,64,1.0,-100.0,7.246376811594203,MARGIN CALL ($0)
33,84,0.0,69,5,64,1.0,-100.0,7.246376811594203,MARGIN CALL ($0)
33,85,0.0,56,6,50,1.0,-100.0,10.714285714285714,MARGIN CALL ($0)
33,86,0.0,52,6,46,1.0,-100.0,11.538461538461538,MARGIN CALL ($0)
33,87,0.0,51,6,45,1.0,-100.0,11.76470588235294,MARGIN CALL ($0)
33,88,0.0,47,6,41,1.0,-100.0,12.76595744680851,MARGIN CALL ($0)
33,89,0.0,26,5,21,1.0,-100.0,19.230769230769234,MARGIN CALL ($0)
33,90,0.0,28,6,22,1.0,-100.0,21.428571428571427,MARGIN CALL ($0)
33,91,0.0,28,5,23,1.0,-100.0,17.857142857142858,MARGIN CALL ($0)
33,92,0.0,27,5,22,1.0,-100.0,18.51851851851852,MARGIN CALL ($0)
33,93,0.0,28,5,23,1.0,-100.0,17.857142857142858,MARGIN CALL ($0)
33,94,0.0,27,5,22,1.0,-100.0,18.51851851851852,MARGIN CALL ($0)
33,95,0.0,28,5,23,1.0,-100.0,17.857142857142858,MARGIN CALL ($0)
33,96,0.0,28,5,23,1.0,-100.0,17.857142857142858,MARGIN CALL ($0)
33,97,0.0,27,5,22,1.0,-100.0,18.51851851851852,MARGIN CALL ($0)
33,98,0.0,24,3,21,1.0,-100.0,12.5,MARGIN CALL ($0)
33,99,0.0,24,3,21,1.0,-100.0,12.5,MARGIN CALL ($0)
33,100,0.0,24,3,21,1.0,-100.0,12.5,MARGIN CALL ($0)
34,1,0.0,2759,734,2025,1.0,-100.0,26.603841971728887,MARGIN CALL ($0)
34,2,0.0,6850,1882,4968,1.0,-100.0,27.474452554744527,MARGIN CALL ($0)
34,3,0.0,4109,1151,2958,1.0,-100.0,28.011681674373328,MARGIN CALL ($0)
34,4,0.0,37,8,29,1.0,-100.0,21.62162162162162,MARGIN CALL ($0)
34,5,0.0,14,0,14,1.0,-100.0,0.0,MARGIN CALL ($0)
34,6,0.0,18,1,17,1.0,-100.0,5.555555555555555,MARGIN CALL ($0)
34,7,0.0,19,1,18,1.0,-100.0,5.263157894736842,MARGIN CALL ($0)
34,8,0.0,13,0,13,1.0,-100.0,0.0,MARGIN CALL ($0)
34,9,0.0,12,0,12,1.0,-100.0,0.0,MARGIN CALL ($0)
34,10,0.0,23,3,20,1.0,-100.0,13.043478260869565,MARGIN CALL ($0)
34,11,0.0,21,3,18,1.0,-100.0,14.285714285714285,MARGIN CALL ($0)
34,12,0.0,22,3,19,1.0,-100.0,13.636363636363635,MARGIN CALL ($0)
34,13,0.0,7502,1690,5812,1.0,-100.0,22.52732604638763,MARGIN CALL ($0)
34,14,0.0,2434,576,1858,1.0,-100.0,23.664749383730484,MARGIN CALL ($0)
34,15,0.0,31,5,26,1.0,-100.0,16.129032258064516,MARGIN CALL ($0)
34,16,0.0,33,5,28,1.0,-100.0,15.151515151515152,MARGIN CALL ($0)
34,17,0.0,4318,971,3347,1.0,-100.0,22.487262621584065,MARGIN CALL ($0)
34,18,0.0,1267,266,1001,1.0,-100.0,20.994475138121548,MARGIN CALL ($0)
34,19,0.0,1309,264,1045,1.0,-100.0,20.168067226890756,MARGIN CALL ($0)
34,20,0.0,3425,771,2654,1.0,-100.0,22.51094890510949,MARGIN CALL ($0)
34,21,0.0,69,5,64,1.0,-100.0,7.246376811594203,MARGIN CALL ($0)
34,22,0.0,26,3,23,1.0,-100.0,11.538461538461538,MARGIN CALL ($0)
34,23,0.0,1327,276,1051,1.0,-100.0,20.798794272795778,MARGIN CALL ($0)
34,24,0.0,855,182,673,1.0,-100.0,21.28654970760234,MARGIN CALL ($0)
34,25,0.0,28,3,25,1.0,-100.0,10.714285714285714,MARGIN CALL ($0)
34,26,0.0,22,3,19,1.0,-100.0,13.636363636363635,MARGIN CALL ($0)
34,27,0.0,74,6,68,1.0,-100.0,8.108108108108109,MARGIN CALL ($0)
34,28,0.0,9,0,9,1.0,-100.0,0.0,MARGIN CALL ($0)
34,29,0.0,9,0,9,1.0,-100.0,0.0,MARGIN CALL ($0)
34,30,0.0,20,2,18,1.0,-100.0,10.0,MARGIN CALL ($0)
34,31,0.0,21,2,19,1.0,-100.0,9.523809523809524,MARGIN CALL ($0)
34,32,0.0,47,2,45,1.0,-100.0,4.25531914893617,MARGIN CALL ($0)
34,33,0.0,42,2,40,1.0,-100.0,4.761904761904762,MARGIN CALL ($0)
34,34,0.0,60,5,55,1.0,-100.0,8.333333333333332,MARGIN CALL ($0)
34,35,0.0,54,5,49,1.0,-100.0,9.25925925925926,MARGIN CALL ($0)
34,36,0.0,1895,309,1586,1.0,-100.0,16.306068601583114,MARGIN CALL ($0)
34,38,0.0,439,80,359,1.0,-100.0,18.223234624145785,MARGIN CALL ($0)
34,39,0.0,114,15,99,1.0,-100.0,13.157894736842104,MARGIN CALL ($0)
34,40,0.0,70,9,61,1.0,-100.0,12.857142857142856,MARGIN CALL ($0)
34,41,0.0,46,4,42,1.0,-100.0,8.695652173913043,MARGIN CALL ($0)
34,42,0.0,24,3,21,1.0,-100.0,12.5,MARGIN CALL ($0)
34,43,0.0,22,2,20,1.0,-100.0,9.090909090909092,MARGIN CALL ($0)
34,44,0.0,22,3,19,1.0,-100.0,13.636363636363635,MARGIN CALL ($0)
34,45,0.0,23,3,20,1.0,-100.0,13.043478260869565,MARGIN CALL ($0)
34,46,0.0,23,3,20,1.0,-100.0,13.043478260869565,MARGIN CALL ($0)
34,47,0.0,11,0,11,1.0,-100.0,0.0,MARGIN CALL ($0)
34,48,0.0,10,0,10,1.0,-100.0,0.0,MARGIN CALL ($0)
34,49,0.0,10,0,10,1.0,-100.0,0.0,MARGIN CALL ($0)
34,50,0.0,10,0,10,1.0,-100.0,0.0,MARGIN CALL ($0)
34,51,0.0,9,0,9,1.0,-100.0,0.0,MARGIN CALL ($0)
34,52,0.0,10,0,10,1.0,-100.0,0.0,MARGIN CALL ($0)
34,53,0.0,8,0,8,1.0,-100.0,0.0,MARGIN CALL ($0)
34,54,0.0,8,0,8,1.0,-100.0,0.0,MARGIN CALL ($0)
34,55,0.0,23,3,20,1.0,-100.0,13.043478260869565,MARGIN CALL ($0)
34,56,0.0,24,3,21,1.0,-100.0,12.5,MARGIN CALL ($0)
34,57,0.0,22,3,19,1.0,-100.0,13.636363636363635,MARGIN CALL ($0)
34,58,0.0,19,2,17,1.0,-100.0,10.526315789473683,MARGIN CALL ($0)
34,59,0.0,20,2,18,1.0,-100.0,10.0,MARGIN CALL ($0)
34,60,0.0,20,2,18,1.0,-100.0,10.0,MARGIN CALL ($0)
34,61,0.0,21,3,18,1.0,-100.0,14.285714285714285,MARGIN CALL ($0)
34,62,0.0,21,3,18,1.0,-100.0,14.285714285714285,MARGIN CALL ($0)
34,63,0.0,21,3,18,1.0,-100.0,14.285714285714285,MARGIN CALL ($0)
34,64,0.0,21,3,18,1.0,-100.0,14.285714285714285,MARGIN CALL ($0)
34,65,0.0,20,3,17,1.0,-100.0,15.0,MARGIN CALL ($0)
34,66,0.0,20,3,17,1.0,-100.0,15.0,MARGIN CALL ($0)
34,67,0.0,19,3,16,1.0,-100.0,15.789473684210526,MARGIN CALL ($0)
34,68,0.0,20,3,17,1.0,-100.0,15.0,MARGIN CALL ($0)
34,69,0.0,22,4,18,1.0,-100.0,18.181818181818183,MARGIN CALL ($0)
34,70,0.0,24,4,20,1.0,-100.0,16.666666666666664,MARGIN CALL ($0)
34,71,0.0,24,4,20,1.0,-100.0,16.666666666666664,MARGIN CALL ($0)
34,72,0.0,10,0,10,1.0,-100.0,0.0,MARGIN CALL ($0)
34,73,0.0,10,0,10,1.0,-100.0,0.0,MARGIN CALL ($0)
34,74,0.0,10,0,10,1.0,-100.0,0.0,MARGIN CALL ($0)
34,75,0.0,9,0,9,1.0,-100.0,0.0,MARGIN CALL ($0)
34,76,0.0,9,0,9,1.0,-100.0,0.0,MARGIN CALL ($0)
34,77,0.0,8,0,8,1.0,-100.0,0.0,MARGIN CALL ($0)
34,78,0.0,8,0,8,1.0,-100.0,0.0,MARGIN CALL ($0)
34,79,0.0,8,0,8,1.0,-100.0,0.0,MARGIN CALL ($0)
34,80,0.0,11,0,11,1.0,-100.0,0.0,MARGIN CALL ($0)
34,81,0.0,10,0,10,1.0,-100.0,0.0,MARGIN CALL ($0)
34,82,0.0,21,4,17,1.0,-100.0,19.047619047619047,MARGIN CALL ($0)
34,83,0.0,69,5,64,1.0,-100.0,7.246376811594203,MARGIN CALL ($0)
34,84,0.0,65,5,60,1.0,-100.0,7.6923076923076925,MARGIN CALL ($0)
34,85,0.0,54,6,48,1.0,-100.0,11.11111111111111,MARGIN CALL ($0)
34,86,0.0,48,6,42,1.0,-100.0,12.5,MARGIN CALL ($0)
34,87,0.0,47,6,41,1.0,-100.0,12.76595744680851,MARGIN CALL ($0)
34,88,0.0,38,6,32,1.0,-100.0,15.789473684210526,MARGIN CALL ($0)
34,89,0.0,27,5,22,1.0,-100.0,18.51851851851852,MARGIN CALL ($0)
34,90,0.0,29,6,23,1.0,-100.0,20.689655172413794,MARGIN CALL ($0)
34,91,0.0,28,5,23,1.0,-100.0,17.857142857142858,MARGIN CALL ($0)
34,92,0.0,28,5,23,1.0,-100.0,17.857142857142858,MARGIN CALL ($0)
34,93,0.0,28,5,23,1.0,-100.0,17.857142857142858,MARGIN CALL ($0)
34,94,0.0,27,5,22,1.0,-100.0,18.51851851851852,MARGIN CALL ($0)
34,95,0.0,28,5,23,1.0,-100.0,17.857142857142858,MARGIN CALL ($0)
34,96,0.0,28,5,23,1.0,-100.0,17.857142857142858,MARGIN CALL ($0)
34,97,0.0,27,5,22,1.0,-100.0,18.51851851851852,MARGIN CALL ($0)
34,98,0.0,24,3,21,1.0,-100.0,12.5,MARGIN CALL ($0)
34,99,0.0,24,3,21,1.0,-100.0,12.5,MARGIN CALL ($0)
34,100,0.0,24,3,21,1.0,-100.0,12.5,MARGIN CALL ($0)
35,1,0.0,3178,865,2313,1.0,-100.0,27.218376337319068,MARGIN CALL ($0)
35,2,0.0,6851,1882,4969,1.0,-100.0,27.470442271201286,MARGIN CALL ($0)
35,3,0.0,4095,1148,2947,1.0,-100.0,28.034188034188034,MARGIN CALL ($0)
35,4,0.0,37,8,29,1.0,-100.0,21.62162162162162,MARGIN CALL ($0)
35,5,0.0,14,0,14,1.0,-100.0,0.0,MARGIN CALL ($0)
35,6,0.0,18,1,17,1.0,-100.0,5.555555555555555,MARGIN CALL ($0)
35,7,0.0,19,1,18,1.0,-100.0,5.263157894736842,MARGIN CALL ($0)
35,8,0.0,13,0,13,1.0,-100.0,0.0,MARGIN CALL ($0)
35,9,0.0,12,0,12,1.0,-100.0,0.0,MARGIN CALL ($0)
35,10,0.0,23,3,20,1.0,-100.0,13.043478260869565,MARGIN CALL ($0)
35,11,0.0,21,3,18,1.0,-100.0,14.285714285714285,MARGIN CALL ($0)
35,12,0.0,22,3,19,1.0,-100.0,13.636363636363635,MARGIN CALL ($0)
35,13,0.0,7550,1685,5865,1.0,-100.0,22.317880794701985,MARGIN CALL ($0)
35,14,0.0,2537,598,1939,1.0,-100.0,23.571147024044148,MARGIN CALL ($0)
35,15,0.0,31,5,26,1.0,-100.0,16.129032258064516,MARGIN CALL ($0)
35,16,0.0,33,6,27,1.0,-100.0,18.181818181818183,MARGIN CALL ($0)
35,17,0.0,4917,1087,3830,1.0,-100.0,22.106975798250968,MARGIN CALL ($0)
35,18,0.0,1286,270,1016,1.0,-100.0,20.99533437013997,MARGIN CALL ($0)
35,19,0.0,1560,344,1216,1.0,-100.0,22.05128205128205,MARGIN CALL ($0)
35,20,0.0,6215,1343,4872,1.0,-100.0,21.609010458567983,MARGIN CALL ($0)
35,21,0.0,66,5,61,1.0,-100.0,7.575757575757576,MARGIN CALL ($0)
35,22,0.0,26,3,23,1.0,-100.0,11.538461538461538,MARGIN CALL ($0)
35,23,0.0,2406,529,1877,1.0,-100.0,21.986699916874482,MARGIN CALL ($0)
35,24,0.0,979,217,762,1.0,-100.0,22.165474974463738,MARGIN CALL ($0)
35,25,0.0,28,3,25,1.0,-100.0,10.714285714285714,MARGIN CALL ($0)
35,26,0.0,22,3,19,1.0,-100.0,13.636363636363635,MARGIN CALL ($0)
35,27,0.0,74,6,68,1.0,-100.0,8.108108108108109,MARGIN CALL ($0)
35,28,0.0,8,0,8,1.0,-100.0,0.0,MARGIN CALL ($0)
35,29,0.0,8,0,8,1.0,-100.0,0.0,MARGIN CALL ($0)
35,30,0.0,20,2,18,1.0,-100.0,10.0,MARGIN CALL ($0)
35,31,0.0,22,2,20,1.0,-100.0,9.090909090909092,MARGIN CALL ($0)
35,32,0.0,43,2,41,1.0,-100.0,4.651162790697675,MARGIN CALL ($0)
35,33,0.0,38,2,36,1.0,-100.0,5.263157894736842,MARGIN CALL ($0)
35,34,0.0,57,5,52,1.0,-100.0,8.771929824561402,MARGIN CALL ($0)
35,35,0.0,4882,748,4134,1.0,-100.0,15.32158951249488,MARGIN CALL ($0)
35,36,0.0,4295,692,3603,1.0,-100.0,16.11175785797439,MARGIN CALL ($0)
35,38,0.0,408,74,334,1.0,-100.0,18.137254901960784,MARGIN CALL ($0)
35,39,0.0,110,15,95,1.0,-100.0,13.636363636363635,MARGIN CALL ($0)
35,40,0.0,91,11,80,1.0,-100.0,12.087912087912088,MARGIN CALL ($0)
35,41,0.0,58,7,51,1.0,-100.0,12.068965517241379,MARGIN CALL ($0)
35,42,0.0,29,5,24,1.0,-100.0,17.24137931034483,MARGIN CALL ($0)
35,43,0.0,21,2,19,1.0,-100.0,9.523809523809524,MARGIN CALL ($0)
35,44,0.0,22,3,19,1.0,-100.0,13.636363636363635,MARGIN CALL ($0)
35,45,0.0,23,3,20,1.0,-100.0,13.043478260869565,MARGIN CALL ($0)
35,46,0.0,23,3,20,1.0,-100.0,13.043478260869565,MARGIN CALL ($0)
35,47,0.0,11,0,11,1.0,-100.0,0.0,MARGIN CALL ($0)
35,48,0.0,10,0,10,1.0,-100.0,0.0,MARGIN CALL ($0)
35,49,0.0,10,0,10,1.0,-100.0,0.0,MARGIN CALL ($0)
35,50,0.0,10,0,10,1.0,-100.0,0.0,MARGIN CALL ($0)
35,51,0.0,9,0,9,1.0,-100.0,0.0,MARGIN CALL ($0)
35,52,0.0,10,0,10,1.0,-100.0,0.0,MARGIN CALL ($0)
35,53,0.0,8,0,8,1.0,-100.0,0.0,MARGIN CALL ($0)
35,54,0.0,8,0,8,1.0,-100.0,0.0,MARGIN CALL ($0)
35,55,0.0,22,3,19,1.0,-100.0,13.636363636363635,MARGIN CALL ($0)
35,56,0.0,23,3,20,1.0,-100.0,13.043478260869565,MARGIN CALL ($0)
35,57,0.0,21,3,18,1.0,-100.0,14.285714285714285,MARGIN CALL ($0)
35,58,0.0,20,2,18,1.0,-100.0,10.0,MARGIN CALL ($0)
35,59,0.0,21,2,19,1.0,-100.0,9.523809523809524,MARGIN CALL ($0)
35,60,0.0,21,2,19,1.0,-100.0,9.523809523809524,MARGIN CALL ($0)
35,61,0.0,20,2,18,1.0,-100.0,10.0,MARGIN CALL ($0)
35,62,0.0,22,3,19,1.0,-100.0,13.636363636363635,MARGIN CALL ($0)
35,63,0.0,22,3,19,1.0,-100.0,13.636363636363635,MARGIN CALL ($0)
35,64,0.0,22,3,19,1.0,-100.0,13.636363636363635,MARGIN CALL ($0)
35,65,0.0,21,3,18,1.0,-100.0,14.285714285714285,MARGIN CALL ($0)
35,66,0.0,21,3,18,1.0,-100.0,14.285714285714285,MARGIN CALL ($0)
35,67,0.0,147,31,116,1.0,-100.0,21.08843537414966,MARGIN CALL ($0)
35,68,0.0,21,3,18,1.0,-100.0,14.285714285714285,MARGIN CALL ($0)
35,69,0.0,73,7,66,1.0,-100.0,9.58904109589041,MARGIN CALL ($0)
35,70,0.0,39,4,35,1.0,-100.0,10.256410256410255,MARGIN CALL ($0)
35,71,0.0,25,4,21,1.0,-100.0,16.0,MARGIN CALL ($0)
35,72,0.0,10,0,10,1.0,-100.0,0.0,MARGIN CALL ($0)
35,73,0.0,10,0,10,1.0,-100.0,0.0,MARGIN CALL ($0)
35,74,0.0,10,0,10,1.0,-100.0,0.0,MARGIN CALL ($0)
35,75,0.0,9,0,9,1.0,-100.0,0.0,MARGIN CALL ($0)
35,76,0.0,9,0,9,1.0,-100.0,0.0,MARGIN CALL ($0)
35,77,0.0,8,0,8,1.0,-100.0,0.0,MARGIN CALL ($0)
35,78,0.0,8,0,8,1.0,-100.0,0.0,MARGIN CALL ($0)
35,79,0.0,8,0,8,1.0,-100.0,0.0,MARGIN CALL ($0)
35,80,0.0,11,0,11,1.0,-100.0,0.0,MARGIN CALL ($0)
35,81,0.0,10,0,10,1.0,-100.0,0.0,MARGIN CALL ($0)
35,82,0.0,22,4,18,1.0,-100.0,18.181818181818183,MARGIN CALL ($0)
35,83,0.0,70,6,64,1.0,-100.0,8.571428571428571,MARGIN CALL ($0)
35,84,0.0,68,6,62,1.0,-100.0,8.823529411764707,MARGIN CALL ($0)
35,85,0.0,59,7,52,1.0,-100.0,11.864406779661017,MARGIN CALL ($0)
35,86,0.0,51,7,44,1.0,-100.0,13.725490196078432,MARGIN CALL ($0)
35,87,0.0,50,7,43,1.0,-100.0,14.000000000000002,MARGIN CALL ($0)
35,88,0.0,36,6,30,1.0,-100.0,16.666666666666664,MARGIN CALL ($0)
35,89,0.0,27,5,22,1.0,-100.0,18.51851851851852,MARGIN CALL ($0)
35,90,0.0,30,6,24,1.0,-100.0,20.0,MARGIN CALL ($0)
35,91,0.0,29,5,24,1.0,-100.0,17.24137931034483,MARGIN CALL ($0)
35,92,0.0,28,5,23,1.0,-100.0,17.857142857142858,MARGIN CALL ($0)
35,93,0.0,28,5,23,1.0,-100.0,17.857142857142858,MARGIN CALL ($0)
35,94,0.0,28,5,23,1.0,-100.0,17.857142857142858,MARGIN CALL ($0)
35,95,0.0,29,5,24,1.0,-100.0,17.24137931034483,MARGIN CALL ($0)
35,96,0.0,29,5,24,1.0,-100.0,17.24137931034483,MARGIN CALL ($0)
35,97,0.0,29,5,24,1.0,-100.0,17.24137931034483,MARGIN CALL ($0)
35,98,0.0,25,3,22,1.0,-100.0,12.0,MARGIN CALL ($0)
35,99,0.0,25,3,22,1.0,-100.0,12.0,MARGIN CALL ($0)
35,100,0.0,25,3,22,1.0,-100.0,12.0,MARGIN CALL ($0)
36,1,0.0,3115,846,2269,1.0,-100.0,27.15890850722311,MARGIN CALL ($0)
36,2,0.0,6852,1882,4970,1.0,-100.0,27.466433158201987,MARGIN CALL ($0)
36,3,0.0,4097,1149,2948,1.0,-100.0,28.04491091042226,MARGIN CALL ($0)
36,4,0.0,37,8,29,1.0,-100.0,21.62162162162162,MARGIN CALL ($0)
36,5,0.0,14,0,14,1.0,-100.0,0.0,MARGIN CALL ($0)
36,6,0.0,18,1,17,1.0,-100.0,5.555555555555555,MARGIN CALL ($0)
36,7,0.0,19,1,18,1.0,-100.0,5.263157894736842,MARGIN CALL ($0)
36,8,0.0,13,0,13,1.0,-100.0,0.0,MARGIN CALL ($0)
36,9,0.0,12,0,12,1.0,-100.0,0.0,MARGIN CALL ($0)
36,10,0.0,23,3,20,1.0,-100.0,13.043478260869565,MARGIN CALL ($0)
36,11,0.0,21,3,18,1.0,-100.0,14.285714285714285,MARGIN CALL ($0)
36,12,0.0,22,3,19,1.0,-100.0,13.636363636363635,MARGIN CALL ($0)
36,13,0.0,7508,1673,5835,1.0,-100.0,22.282898241875333,MARGIN CALL ($0)
36,14,0.0,2453,579,1874,1.0,-100.0,23.603750509580106,MARGIN CALL ($0)
36,15,0.0,32,5,27,1.0,-100.0,15.625,MARGIN CALL ($0)
36,16,0.0,33,6,27,1.0,-100.0,18.181818181818183,MARGIN CALL ($0)
36,17,0.0,4901,1076,3825,1.0,-100.0,21.954703121811875,MARGIN CALL ($0)
36,18,0.0,1278,272,1006,1.0,-100.0,21.283255086071986,MARGIN CALL ($0)
36,19,0.0,1581,350,1231,1.0,-100.0,22.137887413029727,MARGIN CALL ($0)
36,20,0.0,6203,1334,4869,1.0,-100.0,21.505723037240045,MARGIN CALL ($0)
36,21,0.0,66,5,61,1.0,-100.0,7.575757575757576,MARGIN CALL ($0)
36,22,0.0,26,3,23,1.0,-100.0,11.538461538461538,MARGIN CALL ($0)
36,23,0.0,2406,532,1874,1.0,-100.0,22.111388196176225,MARGIN CALL ($0)
36,24,0.0,998,225,773,1.0,-100.0,22.54509018036072,MARGIN CALL ($0)
36,25,0.0,28,3,25,1.0,-100.0,10.714285714285714,MARGIN CALL ($0)
36,26,0.0,22,3,19,1.0,-100.0,13.636363636363635,MARGIN CALL ($0)
36,27,0.0,75,6,69,1.0,-100.0,8.0,MARGIN CALL ($0)
36,28,0.0,8,0,8,1.0,-100.0,0.0,MARGIN CALL ($0)
36,29,0.0,8,0,8,1.0,-100.0,0.0,MARGIN CALL ($0)
36,30,0.0,20,2,18,1.0,-100.0,10.0,MARGIN CALL ($0)
36,31,0.0,44,2,42,1.0,-100.0,4.545454545454546,MARGIN CALL ($0)
36,32,0.0,56,4,52,1.0,-100.0,7.142857142857142,MARGIN CALL ($0)
36,33,0.0,58,5,53,1.0,-100.0,8.620689655172415,MARGIN CALL ($0)
36,34,0.0,126,20,106,1.0,-100.0,15.873015873015872,MARGIN CALL ($0)
36,35,0.0,4971,787,4184,1.0,-100.0,15.831824582578957,MARGIN CALL ($0)
36,38,0.0,244,35,209,1.0,-100.0,14.344262295081966,MARGIN CALL ($0)
36,39,0.0,105,11,94,1.0,-100.0,10.476190476190476,MARGIN CALL ($0)
36,40,0.0,130,16,114,1.0,-100.0,12.307692307692308,MARGIN CALL ($0)
36,41,0.0,163,20,143,1.0,-100.0,12.269938650306749,MARGIN CALL ($0)
36,42,0.0,48,5,43,1.0,-100.0,10.416666666666668,MARGIN CALL ($0)
36,43,0.0,42,3,39,1.0,-100.0,7.142857142857142,MARGIN CALL ($0)
36,44,0.0,22,3,19,1.0,-100.0,13.636363636363635,MARGIN CALL ($0)
36,45,0.0,23,3,20,1.0,-100.0,13.043478260869565,MARGIN CALL ($0)
36,46,0.0,24,4,20,1.0,-100.0,16.666666666666664,MARGIN CALL ($0)
36,47,0.0,11,0,11,1.0,-100.0,0.0,MARGIN CALL ($0)
36,48,0.0,10,0,10,1.0,-100.0,0.0,MARGIN CALL ($0)
36,49,0.0,10,0,10,1.0,-100.0,0.0,MARGIN CALL ($0)
36,50,0.0,10,0,10,1.0,-100.0,0.0,MARGIN CALL ($0)
36,51,0.0,9,0,9,1.0,-100.0,0.0,MARGIN CALL ($0)
36,52,0.0,9,0,9,1.0,-100.0,0.0,MARGIN CALL ($0)
36,53,0.0,8,0,8,1.0,-100.0,0.0,MARGIN CALL ($0)
36,54,0.0,8,0,8,1.0,-100.0,0.0,MARGIN CALL ($0)
36,55,0.0,164,27,137,1.0,-100.0,16.463414634146343,MARGIN CALL ($0)
36,56,0.0,136,21,115,1.0,-100.0,15.441176470588236,MARGIN CALL ($0)
36,57,0.0,22,3,19,1.0,-100.0,13.636363636363635,MARGIN CALL ($0)
36,58,0.0,22,3,19,1.0,-100.0,13.636363636363635,MARGIN CALL ($0)
36,59,0.0,22,3,19,1.0,-100.0,13.636363636363635,MARGIN CALL ($0)
36,60,0.0,22,3,19,1.0,-100.0,13.636363636363635,MARGIN CALL ($0)
36,61,0.0,22,3,19,1.0,-100.0,13.636363636363635,MARGIN CALL ($0)
36,62,0.0,22,3,19,1.0,-100.0,13.636363636363635,MARGIN CALL ($0)
36,63,0.0,22,3,19,1.0,-100.0,13.636363636363635,MARGIN CALL ($0)
36,64,0.0,22,3,19,1.0,-100.0,13.636363636363635,MARGIN CALL ($0)
36,65,0.0,164,33,131,1.0,-100.0,20.121951219512198,MARGIN CALL ($0)
36,66,0.0,85,10,75,1.0,-100.0,11.76470588235294,MARGIN CALL ($0)
36,67,0.0,560,112,448,1.0,-100.0,20.0,MARGIN CALL ($0)
36,68,0.0,59,7,52,1.0,-100.0,11.864406779661017,MARGIN CALL ($0)
36,69,0.0,371,67,304,1.0,-100.0,18.059299191374663,MARGIN CALL ($0)
36,70,0.0,169,33,136,1.0,-100.0,19.526627218934912,MARGIN CALL ($0)
36,71,0.0,122,22,100,1.0,-100.0,18.0327868852459,MARGIN CALL ($0)
36,72,0.0,10,0,10,1.0,-100.0,0.0,MARGIN CALL ($0)
36,73,0.0,10,0,10,1.0,-100.0,0.0,MARGIN CALL ($0)
36,74,0.0,10,0,10,1.0,-100.0,0.0,MARGIN CALL ($0)
36,75,0.0,9,0,9,1.0,-100.0,0.0,MARGIN CALL ($0)
36,76,0.0,9,0,9,1.0,-100.0,0.0,MARGIN CALL ($0)
36,77,0.0,8,0,8,1.0,-100.0,0.0,MARGIN CALL ($0)
36,78,0.0,8,0,8,1.0,-100.0,0.0,MARGIN CALL ($0)
36,79,0.0,8,0,8,1.0,-100.0,0.0,MARGIN CALL ($0)
36,80,0.0,11,0,11,1.0,-100.0,0.0,MARGIN CALL ($0)
36,81,0.0,10,0,10,1.0,-100.0,0.0,MARGIN CALL ($0)
36,82,0.0,92,6,86,1.0,-100.0,6.521739130434782,MARGIN CALL ($0)
36,83,0.0,381,66,315,1.0,-100.0,17.322834645669293,MARGIN CALL ($0)
36,84,0.0,377,68,309,1.0,-100.0,18.037135278514587,MARGIN CALL ($0)
36,85,0.0,378,72,306,1.0,-100.0,19.047619047619047,MARGIN CALL ($0)
36,86,0.0,175,30,145,1.0,-100.0,17.142857142857142,MARGIN CALL ($0)
36,87,0.0,166,30,136,1.0,-100.0,18.072289156626507,MARGIN CALL ($0)
36,88,0.0,468,96,372,1.0,-100.0,20.51282051282051,MARGIN CALL ($0)
36,89,0.0,170,29,141,1.0,-100.0,17.058823529411764,MARGIN CALL ($0)
36,90,0.0,77,11,66,1.0,-100.0,14.285714285714285,MARGIN CALL ($0)
36,91,0.0,81,8,73,1.0,-100.0,9.876543209876543,MARGIN CALL ($0)
36,92,0.0,47,7,40,1.0,-100.0,14.893617021276595,MARGIN CALL ($0)
36,93,0.0,46,7,39,1.0,-100.0,15.217391304347828,MARGIN CALL ($0)
36,94,0.0,40,7,33,1.0,-100.0,17.5,MARGIN CALL ($0)
36,95,0.0,34,6,28,1.0,-100.0,17.647058823529413,MARGIN CALL ($0)
36,96,0.0,37,7,30,1.0,-100.0,18.91891891891892,MARGIN CALL ($0)
36,97,0.0,30,6,24,1.0,-100.0,20.0,MARGIN CALL ($0)
36,98,0.0,27,4,23,1.0,-100.0,14.814814814814813,MARGIN CALL ($0)
36,99,0.0,27,4,23,1.0,-100.0,14.814814814814813,MARGIN CALL ($0)
36,100,0.0,26,4,22,1.0,-100.0,15.384615384615385,MARGIN CALL ($0)
37,1,0.0,3455,937,2518,1.0,-100.0,27.120115774240233,MARGIN CALL ($0)
37,2,0.0,6850,1882,4968,1.0,-100.0,27.474452554744527,MARGIN CALL ($0)
37,3,0.0,4076,1147,2929,1.0,-100.0,28.14033366045142,MARGIN CALL ($0)
37,4,0.0,38,8,30,1.0,-100.0,21.052631578947366,MARGIN CALL ($0)
37,5,0.0,14,0,14,1.0,-100.0,0.0,MARGIN CALL ($0)
37,6,0.0,18,1,17,1.0,-100.0,5.555555555555555,MARGIN CALL ($0)
37,7,0.0,19,1,18,1.0,-100.0,5.263157894736842,MARGIN CALL ($0)
37,8,0.0,13,0,13,1.0,-100.0,0.0,MARGIN CALL ($0)
37,9,0.0,12,0,12,1.0,-100.0,0.0,MARGIN CALL ($0)
37,10,0.0,23,3,20,1.0,-100.0,13.043478260869565,MARGIN CALL ($0)
37,11,0.0,21,3,18,1.0,-100.0,14.285714285714285,MARGIN CALL ($0)
37,12,0.0,22,3,19,1.0,-100.0,13.636363636363635,MARGIN CALL ($0)
37,13,0.0,9518,2174,7344,1.0,-100.0,22.840932969111158,MARGIN CALL ($0)
37,14,0.0,2471,590,1881,1.0,-100.0,23.87697288547147,MARGIN CALL ($0)
37,15,0.0,32,5,27,1.0,-100.0,15.625,MARGIN CALL ($0)
37,16,0.0,34,6,28,1.0,-100.0,17.647058823529413,MARGIN CALL ($0)
37,17,0.0,5019,1103,3916,1.0,-100.0,21.976489340506077,MARGIN CALL ($0)
37,18,0.0,1291,276,1015,1.0,-100.0,21.378776142525176,MARGIN CALL ($0)
37,19,0.0,1616,362,1254,1.0,-100.0,22.400990099009903,MARGIN CALL ($0)
37,20,0.0,8725,1895,6830,1.0,-100.0,21.71919770773639,MARGIN CALL ($0)
37,21,0.0,63,5,58,1.0,-100.0,7.936507936507936,MARGIN CALL ($0)
37,22,0.0,84,11,73,1.0,-100.0,13.095238095238097,MARGIN CALL ($0)
37,23,0.0,2916,639,2277,1.0,-100.0,21.91358024691358,MARGIN CALL ($0)
37,24,0.0,2321,516,1805,1.0,-100.0,22.231796639379578,MARGIN CALL ($0)
37,25,0.0,1352,306,1046,1.0,-100.0,22.633136094674555,MARGIN CALL ($0)
37,26,0.0,933,191,742,1.0,-100.0,20.471596998928188,MARGIN CALL ($0)
37,27,0.0,890,186,704,1.0,-100.0,20.89887640449438,MARGIN CALL ($0)
37,28,0.0,23,2,21,1.0,-100.0,8.695652173913043,MARGIN CALL ($0)
37,29,0.0,26,3,23,1.0,-100.0,11.538461538461538,MARGIN CALL ($0)
37,30,0.0,21,2,19,1.0,-100.0,9.523809523809524,MARGIN CALL ($0)
37,31,0.0,33,2,31,1.0,-100.0,6.0606060606060606,MARGIN CALL ($0)
37,32,0.0,44,2,42,1.0,-100.0,4.545454545454546,MARGIN CALL ($0)
37,33,0.0,37,2,35,1.0,-100.0,5.405405405405405,MARGIN CALL ($0)
37,34,0.0,58,5,53,1.0,-100.0,8.620689655172415,MARGIN CALL ($0)
37,35,0.0,1123,180,943,1.0,-100.0,16.028495102404275,MARGIN CALL ($0)
37,36,0.0,539,87,452,1.0,-100.0,16.14100185528757,MARGIN CALL ($0)
37,39,0.0,997,153,844,1.0,-100.0,15.346038114343031,MARGIN CALL ($0)
37,40,0.0,1025,157,868,1.0,-100.0,15.317073170731707,MARGIN CALL ($0)
37,41,0.0,1005,152,853,1.0,-100.0,15.124378109452735,MARGIN CALL ($0)
37,42,0.0,622,93,529,1.0,-100.0,14.951768488745982,MARGIN CALL ($0)
37,43,0.0,620,94,526,1.0,-100.0,15.161290322580644,MARGIN CALL ($0)
37,44,0.0,422,65,357,1.0,-100.0,15.402843601895736,MARGIN CALL ($0)
37,45,0.0,673,112,561,1.0,-100.0,16.64190193164933,MARGIN CALL ($0)
37,46,0.0,503,83,420,1.0,-100.0,16.50099403578529,MARGIN CALL ($0)
37,47,0.0,11,0,11,1.0,-100.0,0.0,MARGIN CALL ($0)
37,48,0.0,11,0,11,1.0,-100.0,0.0,MARGIN CALL ($0)
37,49,0.0,11,0,11,1.0,-100.0,0.0,MARGIN CALL ($0)
37,50,0.0,11,0,11,1.0,-100.0,0.0,MARGIN CALL ($0)
37,51,0.0,10,0,10,1.0,-100.0,0.0,MARGIN CALL ($0)
37,52,0.0,10,0,10,1.0,-100.0,0.0,MARGIN CALL ($0)
37,53,0.0,9,0,9,1.0,-100.0,0.0,MARGIN CALL ($0)
37,54,0.0,9,0,9,1.0,-100.0,0.0,MARGIN CALL ($0)
37,55,0.0,1002,190,812,1.0,-100.0,18.962075848303392,MARGIN CALL ($0)
37,56,0.0,983,182,801,1.0,-100.0,18.514750762970497,MARGIN CALL ($0)
37,57,0.0,1043,196,847,1.0,-100.0,18.79194630872483,MARGIN CALL ($0)
37,58,0.0,1023,195,828,1.0,-100.0,19.06158357771261,MARGIN CALL ($0)
37,59,0.0,983,181,802,1.0,-100.0,18.413021363173957,MARGIN CALL ($0)
37,60,0.0,754,134,620,1.0,-100.0,17.771883289124666,MARGIN CALL ($0)
37,61,0.0,728,130,598,1.0,-100.0,17.857142857142858,MARGIN CALL ($0)
37,62,0.0,765,141,624,1.0,-100.0,18.43137254901961,MARGIN CALL ($0)
37,63,0.0,769,144,625,1.0,-100.0,18.725617685305593,MARGIN CALL ($0)
37,64,0.0,784,151,633,1.0,-100.0,19.260204081632654,MARGIN CALL ($0)
37,65,0.0,925,188,737,1.0,-100.0,20.324324324324326,MARGIN CALL ($0)
37,66,0.0,998,205,793,1.0,-100.0,20.541082164328657,MARGIN CALL ($0)
37,67,0.0,1162,227,935,1.0,-100.0,19.535283993115318,MARGIN CALL ($0)
37,68,0.0,785,145,640,1.0,-100.0,18.471337579617835,MARGIN CALL ($0)
37,69,0.0,995,188,807,1.0,-100.0,18.894472361809044,MARGIN CALL ($0)
37,70,0.0,777,136,641,1.0,-100.0,17.503217503217503,MARGIN CALL ($0)
37,71,0.0,792,143,649,1.0,-100.0,18.055555555555554,MARGIN CALL ($0)
37,72,0.0,11,0,11,1.0,-100.0,0.0,MARGIN CALL ($0)
37,73,0.0,11,0,11,1.0,-100.0,0.0,MARGIN CALL ($0)
37,74,0.0,11,0,11,1.0,-100.0,0.0,MARGIN CALL ($0)
37,75,0.0,10,0,10,1.0,-100.0,0.0,MARGIN CALL ($0)
37,76,0.0,10,0,10,1.0,-100.0,0.0,MARGIN CALL ($0)
37,77,0.0,9,0,9,1.0,-100.0,0.0,MARGIN CALL ($0)
37,78,0.0,11,0,11,1.0,-100.0,0.0,MARGIN CALL ($0)
37,79,0.0,11,0,11,1.0,-100.0,0.0,MARGIN CALL ($0)
37,80,0.0,12,0,12,1.0,-100.0,0.0,MARGIN CALL ($0)
37,81,0.0,11,0,11,1.0,-100.0,0.0,MARGIN CALL ($0)
37,82,0.0,796,149,647,1.0,-100.0,18.718592964824122,MARGIN CALL ($0)
37,83,0.0,1555,283,1272,1.0,-100.0,18.19935691318328,MARGIN CALL ($0)
37,84,0.0,839,153,686,1.0,-100.0,18.235995232419548,MARGIN CALL ($0)
37,85,0.0,1568,289,1279,1.0,-100.0,18.431122448979593,MARGIN CALL ($0)
37,86,0.0,1546,292,1254,1.0,-100.0,18.88745148771022,MARGIN CALL ($0)
37,87,0.0,929,186,743,1.0,-100.0,20.021528525296016,MARGIN CALL ($0)
37,88,0.0,1021,205,816,1.0,-100.0,20.078354554358473,MARGIN CALL ($0)
37,89,0.0,987,188,799,1.0,-100.0,19.047619047619047,MARGIN CALL ($0)
37,90,0.0,982,189,793,1.0,-100.0,19.24643584521385,MARGIN CALL ($0)
37,91,0.0,1005,197,808,1.0,-100.0,19.601990049751244,MARGIN CALL ($0)
37,92,0.0,520,96,424,1.0,-100.0,18.461538461538463,MARGIN CALL ($0)
37,93,0.0,521,99,422,1.0,-100.0,19.001919385796544,MARGIN CALL ($0)
37,94,0.0,505,93,412,1.0,-100.0,18.415841584158414,MARGIN CALL ($0)
37,95,0.0,741,141,600,1.0,-100.0,19.02834008097166,MARGIN CALL ($0)
37,96,0.0,748,145,603,1.0,-100.0,19.385026737967912,MARGIN CALL ($0)
37,97,0.0,765,146,619,1.0,-100.0,19.084967320261438,MARGIN CALL ($0)
37,98,0.0,820,167,653,1.0,-100.0,20.365853658536583,MARGIN CALL ($0)
37,99,0.0,450,87,363,1.0,-100.0,19.333333333333332,MARGIN CALL ($0)
37,100,0.0,515,101,414,1.0,-100.0,19.611650485436893,MARGIN CALL ($0)
38,1,0.0,3455,938,2517,1.0,-100.0,27.14905933429812,MARGIN CALL ($0)
38,2,0.0,6850,1882,4968,1.0,-100.0,27.474452554744527,MARGIN CALL ($0)
38,3,0.0,4078,1147,2931,1.0,-100.0,28.126532614026484,MARGIN CALL ($0)
38,4,0.0,38,8,30,1.0,-100.0,21.052631578947366,MARGIN CALL ($0)
38,5,0.0,14,0,14,1.0,-100.0,0.0,MARGIN CALL ($0)
38,6,0.0,18,1,17,1.0,-100.0,5.555555555555555,MARGIN CALL ($0)
38,7,0.0,19,1,18,1.0,-100.0,5.263157894736842,MARGIN CALL ($0)
38,8,0.0,13,0,13,1.0,-100.0,0.0,MARGIN CALL ($0)
38,9,0.0,12,0,12,1.0,-100.0,0.0,MARGIN CALL ($0)
38,10,0.0,23,3,20,1.0,-100.0,13.043478260869565,MARGIN CALL ($0)
38,11,0.0,21,3,18,1.0,-100.0,14.285714285714285,MARGIN CALL ($0)
38,12,0.0,12,0,12,1.0,-100.0,0.0,MARGIN CALL ($0)
38,13,0.0,10640,2466,8174,1.0,-100.0,23.17669172932331,MARGIN CALL ($0)
38,14,0.0,2647,631,2016,1.0,-100.0,23.83830751794484,MARGIN CALL ($0)
38,15,0.0,32,5,27,1.0,-100.0,15.625,MARGIN CALL ($0)
38,16,0.0,34,6,28,1.0,-100.0,17.647058823529413,MARGIN CALL ($0)
38,17,0.0,5072,1120,3952,1.0,-100.0,22.082018927444793,MARGIN CALL ($0)
38,18,0.0,1678,397,1281,1.0,-100.0,23.65911799761621,MARGIN CALL ($0)
38,19,0.0,1681,384,1297,1.0,-100.0,22.843545508625816,MARGIN CALL ($0)
38,20,0.0,8824,1937,6887,1.0,-100.0,21.95149592021759,MARGIN CALL ($0)
38,21,0.0,1565,370,1195,1.0,-100.0,23.642172523961662,MARGIN CALL ($0)
38,22,0.0,4968,1092,3876,1.0,-100.0,21.980676328502415,MARGIN CALL ($0)
38,23,0.0,3012,661,2351,1.0,-100.0,21.94555112881806,MARGIN CALL ($0)
38,24,0.0,2357,528,1829,1.0,-100.0,22.40135765803988,MARGIN CALL ($0)
38,25,0.0,1385,319,1066,1.0,-100.0,23.032490974729242,MARGIN CALL ($0)
38,26,0.0,1289,272,1017,1.0,-100.0,21.101629169899148,MARGIN CALL ($0)
38,27,0.0,912,192,720,1.0,-100.0,21.052631578947366,MARGIN CALL ($0)
38,28,0.0,23,2,21,1.0,-100.0,8.695652173913043,MARGIN CALL ($0)
38,29,0.0,25,3,22,1.0,-100.0,12.0,MARGIN CALL ($0)
38,30,0.0,20,2,18,1.0,-100.0,10.0,MARGIN CALL ($0)
38,31,0.0,3812,646,3166,1.0,-100.0,16.94648478488982,MARGIN CALL ($0)
38,32,0.0,1289,225,1064,1.0,-100.0,17.455391776570988,MARGIN CALL ($0)
38,33,0.0,3741,632,3109,1.0,-100.0,16.893878642074313,MARGIN CALL ($0)
38,34,0.0,35,3,32,1.0,-100.0,8.571428571428571,MARGIN CALL ($0)
38,35,0.0,62,8,54,1.0,-100.0,12.903225806451612,MARGIN CALL ($0)
38,36,0.0,575,94,481,1.0,-100.0,16.34782608695652,MARGIN CALL ($0)
38,42,0.0,4609,725,3884,1.0,-100.0,15.730093295725753,MARGIN CALL ($0)
38,44,0.0,647,95,552,1.0,-100.0,14.683153013910355,MARGIN CALL ($0)
38,45,0.0,1067,173,894,1.0,-100.0,16.213683223992504,MARGIN CALL ($0)
38,46,0.0,715,118,597,1.0,-100.0,16.503496503496503,MARGIN CALL ($0)
38,47,0.0,11,0,11,1.0,-100.0,0.0,MARGIN CALL ($0)
38,48,0.0,11,0,11,1.0,-100.0,0.0,MARGIN CALL ($0)
38,49,0.0,11,0,11,1.0,-100.0,0.0,MARGIN CALL ($0)
38,50,0.0,11,0,11,1.0,-100.0,0.0,MARGIN CALL ($0)
38,51,0.0,10,0,10,1.0,-100.0,0.0,MARGIN CALL ($0)
38,52,0.0,10,0,10,1.0,-100.0,0.0,MARGIN CALL ($0)
38,53,0.0,9,0,9,1.0,-100.0,0.0,MARGIN CALL ($0)
38,54,0.0,9,0,9,1.0,-100.0,0.0,MARGIN CALL ($0)
38,55,0.0,3979,692,3287,1.0,-100.0,17.391304347826086,MARGIN CALL ($0)
38,56,0.0,1095,208,887,1.0,-100.0,18.995433789954337,MARGIN CALL ($0)
38,57,0.0,4991,905,4086,1.0,-100.0,18.13263874974955,MARGIN CALL ($0)
38,58,0.0,4958,913,4045,1.0,-100.0,18.414683340056474,MARGIN CALL ($0)
38,59,0.0,5255,986,4269,1.0,-100.0,18.763082778306376,MARGIN CALL ($0)
38,60,0.0,1076,204,872,1.0,-100.0,18.95910780669145,MARGIN CALL ($0)
38,61,0.0,1054,202,852,1.0,-100.0,19.165085388994306,MARGIN CALL ($0)
38,62,0.0,4328,798,3530,1.0,-100.0,18.43807763401109,MARGIN CALL ($0)
38,63,0.0,4898,921,3977,1.0,-100.0,18.80359330338914,MARGIN CALL ($0)
38,64,0.0,4367,826,3541,1.0,-100.0,18.91458667277307,MARGIN CALL ($0)
38,65,0.0,2050,382,1668,1.0,-100.0,18.634146341463413,MARGIN CALL ($0)
38,66,0.0,1221,249,972,1.0,-100.0,20.39312039312039,MARGIN CALL ($0)
38,67,0.0,2415,474,1941,1.0,-100.0,19.627329192546583,MARGIN CALL ($0)
38,68,0.0,1007,206,801,1.0,-100.0,20.456802383316784,MARGIN CALL ($0)
38,69,0.0,1901,360,1541,1.0,-100.0,18.93740136770121,MARGIN CALL ($0)
38,70,0.0,1111,210,901,1.0,-100.0,18.901890189018903,MARGIN CALL ($0)
38,71,0.0,1085,204,881,1.0,-100.0,18.80184331797235,MARGIN CALL ($0)
38,72,0.0,11,0,11,1.0,-100.0,0.0,MARGIN CALL ($0)
38,73,0.0,11,0,11,1.0,-100.0,0.0,MARGIN CALL ($0)
38,74,0.0,11,0,11,1.0,-100.0,0.0,MARGIN CALL ($0)
38,75,0.0,10,0,10,1.0,-100.0,0.0,MARGIN CALL ($0)
38,76,0.0,10,0,10,1.0,-100.0,0.0,MARGIN CALL ($0)
38,77,0.0,9,0,9,1.0,-100.0,0.0,MARGIN CALL ($0)
38,78,0.0,11,0,11,1.0,-100.0,0.0,MARGIN CALL ($0)
38,79,0.0,11,0,11,1.0,-100.0,0.0,MARGIN CALL ($0)
38,80,0.0,12,0,12,1.0,-100.0,0.0,MARGIN CALL ($0)
38,81,0.0,11,0,11,1.0,-100.0,0.0,MARGIN CALL ($0)
38,82,0.0,1947,376,1571,1.0,-100.0,19.31176168464304,MARGIN CALL ($0)
38,83,0.0,1948,372,1576,1.0,-100.0,19.096509240246405,MARGIN CALL ($0)
38,84,0.0,1978,372,1606,1.0,-100.0,18.806875631951467,MARGIN CALL ($0)
38,85,0.0,3774,734,3040,1.0,-100.0,19.448860625331214,MARGIN CALL ($0)
38,86,0.0,3723,738,2985,1.0,-100.0,19.82272360999194,MARGIN CALL ($0)
38,87,0.0,1982,371,1611,1.0,-100.0,18.718466195761856,MARGIN CALL ($0)
38,88,0.0,5198,1029,4169,1.0,-100.0,19.796075413620624,MARGIN CALL ($0)
38,89,0.0,5500,1080,4420,1.0,-100.0,19.636363636363637,MARGIN CALL ($0)
38,90,0.0,5485,1084,4401,1.0,-100.0,19.76298997265269,MARGIN CALL ($0)
38,91,0.0,5093,1012,4081,1.0,-100.0,19.870410367170628,MARGIN CALL ($0)
38,92,0.0,940,191,749,1.0,-100.0,20.319148936170212,MARGIN CALL ($0)
38,93,0.0,948,191,757,1.0,-100.0,20.147679324894515,MARGIN CALL ($0)
38,94,0.0,826,164,662,1.0,-100.0,19.854721549636803,MARGIN CALL ($0)
38,95,0.0,921,176,745,1.0,-100.0,19.109663409337678,MARGIN CALL ($0)
38,96,0.0,918,180,738,1.0,-100.0,19.607843137254903,MARGIN CALL ($0)
38,97,0.0,912,176,736,1.0,-100.0,19.298245614035086,MARGIN CALL ($0)
38,98,0.0,971,194,777,1.0,-100.0,19.979402677651905,MARGIN CALL ($0)
38,99,0.0,817,169,648,1.0,-100.0,20.685434516523866,MARGIN CALL ($0)
38,100,0.0,926,192,734,1.0,-100.0,20.734341252699785,MARGIN CALL ($0)
39,1,0.0,2887,781,2106,1.0,-100.0,27.052303429165224,MARGIN CALL ($0)
39,2,0.0,6851,1882,4969,1.0,-100.0,27.470442271201286,MARGIN CALL ($0)
39,3,0.0,4075,1146,2929,1.0,-100.0,28.12269938650307,MARGIN CALL ($0)
39,4,0.0,38,8,30,1.0,-100.0,21.052631578947366,MARGIN CALL ($0)
39,5,0.0,14,0,14,1.0,-100.0,0.0,MARGIN CALL ($0)
39,6,0.0,18,1,17,1.0,-100.0,5.555555555555555,MARGIN CALL ($0)
39,7,0.0,19,1,18,1.0,-100.0,5.263157894736842,MARGIN CALL ($0)
39,8,0.0,13,0,13,1.0,-100.0,0.0,MARGIN CALL ($0)
39,9,0.0,12,0,12,1.0,-100.0,0.0,MARGIN CALL ($0)
39,10,0.0,22,3,19,1.0,-100.0,13.636363636363635,MARGIN CALL ($0)
39,11,0.0,22,3,19,1.0,-100.0,13.636363636363635,MARGIN CALL ($0)
39,12,0.0,12,0,12,1.0,-100.0,0.0,MARGIN CALL ($0)
39,13,0.0,6454,1416,5038,1.0,-100.0,21.93988224356988,MARGIN CALL ($0)
39,14,0.0,44,8,36,1.0,-100.0,18.181818181818183,MARGIN CALL ($0)
39,15,0.0,18,3,15,1.0,-100.0,16.666666666666664,MARGIN CALL ($0)
39,16,0.0,14,1,13,1.0,-100.0,7.142857142857142,MARGIN CALL ($0)
39,17,0.0,11,0,11,1.0,-100.0,0.0,MARGIN CALL ($0)
39,18,0.0,7,0,7,1.0,-100.0,0.0,MARGIN CALL ($0)
39,19,0.0,1591,355,1236,1.0,-100.0,22.31301068510371,MARGIN CALL ($0)
39,20,0.0,3367,770,2597,1.0,-100.0,22.86902286902287,MARGIN CALL ($0)
39,21,0.0,967,209,758,1.0,-100.0,21.61323681489142,MARGIN CALL ($0)
39,22,0.0,1786,403,1383,1.0,-100.0,22.564389697648377,MARGIN CALL ($0)
39,23,0.0,2889,633,2256,1.0,-100.0,21.910695742471443,MARGIN CALL ($0)
39,24,0.0,2306,509,1797,1.0,-100.0,22.072853425845622,MARGIN CALL ($0)
39,25,0.0,1381,312,1069,1.0,-100.0,22.592324402606806,MARGIN CALL ($0)
39,26,0.0,1290,270,1020,1.0,-100.0,20.930232558139537,MARGIN CALL ($0)
39,27,0.0,918,190,728,1.0,-100.0,20.697167755991288,MARGIN CALL ($0)
39,28,0.0,23,2,21,1.0,-100.0,8.695652173913043,MARGIN CALL ($0)
39,29,0.0,25,3,22,1.0,-100.0,12.0,MARGIN CALL ($0)
39,30,0.0,20,2,18,1.0,-100.0,10.0,MARGIN CALL ($0)
39,31,0.0,3439,586,2853,1.0,-100.0,17.039837161965686,MARGIN CALL ($0)
39,32,0.0,1318,229,1089,1.0,-100.0,17.374810318664643,MARGIN CALL ($0)
39,33,0.0,1316,233,1083,1.0,-100.0,17.705167173252278,MARGIN CALL ($0)
39,34,0.0,47,6,41,1.0,-100.0,12.76595744680851,MARGIN CALL ($0)
39,35,0.0,69,10,59,1.0,-100.0,14.492753623188406,MARGIN CALL ($0)
39,36,0.0,453,74,379,1.0,-100.0,16.335540838852097,MARGIN CALL ($0)
39,39,0.0,8,0,8,1.0,-100.0,0.0,MARGIN CALL ($0)
39,40,0.0,9,0,9,1.0,-100.0,0.0,MARGIN CALL ($0)
39,41,0.0,7,0,7,1.0,-100.0,0.0,MARGIN CALL ($0)
39,42,0.0,8,0,8,1.0,-100.0,0.0,MARGIN CALL ($0)
39,43,0.0,8,0,8,1.0,-100.0,0.0,MARGIN CALL ($0)
39,44,0.0,8,0,8,1.0,-100.0,0.0,MARGIN CALL ($0)
39,45,0.0,8,0,8,1.0,-100.0,0.0,MARGIN CALL ($0)
39,46,0.0,8,0,8,1.0,-100.0,0.0,MARGIN CALL ($0)
39,47,0.0,10,0,10,1.0,-100.0,0.0,MARGIN CALL ($0)
39,48,0.0,10,0,10,1.0,-100.0,0.0,MARGIN CALL ($0)
39,49,0.0,9,0,9,1.0,-100.0,0.0,MARGIN CALL ($0)
39,50,0.0,9,0,9,1.0,-100.0,0.0,MARGIN CALL ($0)
39,51,0.0,8,0,8,1.0,-100.0,0.0,MARGIN CALL ($0)
39,52,0.0,7,0,7,1.0,-100.0,0.0,MARGIN CALL ($0)
39,53,0.0,8,0,8,1.0,-100.0,0.0,MARGIN CALL ($0)
39,54,0.0,8,0,8,1.0,-100.0,0.0,MARGIN CALL ($0)
39,55,0.0,8,0,8,1.0,-100.0,0.0,MARGIN CALL ($0)
39,56,0.0,9,0,9,1.0,-100.0,0.0,MARGIN CALL ($0)
39,57,0.0,8,0,8,1.0,-100.0,0.0,MARGIN CALL ($0)
39,58,0.0,8,0,8,1.0,-100.0,0.0,MARGIN CALL ($0)
39,59,0.0,8,0,8,1.0,-100.0,0.0,MARGIN CALL ($0)
39,60,0.0,8,0,8,1.0,-100.0,0.0,MARGIN CALL ($0)
39,61,0.0,8,0,8,1.0,-100.0,0.0,MARGIN CALL ($0)
39,62,0.0,8,0,8,1.0,-100.0,0.0,MARGIN CALL ($0)
39,63,0.0,8,0,8,1.0,-100.0,0.0,MARGIN CALL ($0)
39,64,0.0,8,0,8,1.0,-100.0,0.0,MARGIN CALL ($0)
39,65,0.0,7,0,7,1.0,-100.0,0.0,MARGIN CALL ($0)
39,66,0.0,7,0,7,1.0,-100.0,0.0,MARGIN CALL ($0)
39,67,0.0,9,0,9,1.0,-100.0,0.0,MARGIN CALL ($0)
39,68,0.0,9,0,9,1.0,-100.0,0.0,MARGIN CALL ($0)
39,69,0.0,9,0,9,1.0,-100.0,0.0,MARGIN CALL ($0)
39,70,0.0,9,0,9,1.0,-100.0,0.0,MARGIN CALL ($0)
39,71,0.0,8,0,8,1.0,-100.0,0.0,MARGIN CALL ($0)
39,72,0.0,10,0,10,1.0,-100.0,0.0,MARGIN CALL ($0)
39,73,0.0,10,0,10,1.0,-100.0,0.0,MARGIN CALL ($0)
39,74,0.0,10,0,10,1.0,-100.0,0.0,MARGIN CALL ($0)
39,75,0.0,9,0,9,1.0,-100.0,0.0,MARGIN CALL ($0)
39,76,0.0,9,0,9,1.0,-100.0,0.0,MARGIN CALL ($0)
39,77,0.0,8,0,8,1.0,-100.0,0.0,MARGIN CALL ($0)
39,78,0.0,9,0,9,1.0,-100.0,0.0,MARGIN CALL ($0)
39,79,0.0,9,0,9,1.0,-100.0,0.0,MARGIN CALL ($0)
39,80,0.0,11,0,11,1.0,-100.0,0.0,MARGIN CALL ($0)
39,81,0.0,10,0,10,1.0,-100.0,0.0,MARGIN CALL ($0)
39,82,0.0,7,0,7,1.0,-100.0,0.0,MARGIN CALL ($0)
39,83,0.0,7,0,7,1.0,-100.0,0.0,MARGIN CALL ($0)
39,84,0.0,7,0,7,1.0,-100.0,0.0,MARGIN CALL ($0)
39,85,0.0,8,0,8,1.0,-100.0,0.0,MARGIN CALL ($0)
39,86,0.0,8,0,8,1.0,-100.0,0.0,MARGIN CALL ($0)
39,87,0.0,8,0,8,1.0,-100.0,0.0,MARGIN CALL ($0)
39,88,0.0,8,0,8,1.0,-100.0,0.0,MARGIN CALL ($0)
39,89,0.0,8,0,8,1.0,-100.0,0.0,MARGIN CALL ($0)
39,90,0.0,8,0,8,1.0,-100.0,0.0,MARGIN CALL ($0)
39,91,0.0,9,0,9,1.0,-100.0,0.0,MARGIN CALL ($0)
39,92,0.0,9,0,9,1.0,-100.0,0.0,MARGIN CALL ($0)
39,93,0.0,9,0,9,1.0,-100.0,0.0,MARGIN CALL ($0)
39,94,0.0,9,0,9,1.0,-100.0,0.0,MARGIN CALL ($0)
39,95,0.0,8,0,8,1.0,-100.0,0.0,MARGIN CALL ($0)
39,96,0.0,8,0,8,1.0,-100.0,0.0,MARGIN CALL ($0)
39,97,0.0,8,0,8,1.0,-100.0,0.0,MARGIN CALL ($0)
39,98,0.0,8,0,8,1.0,-100.0,0.0,MARGIN CALL ($0)
39,99,0.0,8,0,8,1.0,-100.0,0.0,MARGIN CALL ($0)
39,100,0.0,8,0,8,1.0,-100.0,0.0,MARGIN CALL ($0)
40,1,0.0,2882,777,2105,1.0,-100.0,26.960444136016655,MARGIN CALL ($0)
40,2,0.0,6850,1882,4968,1.0,-100.0,27.474452554744527,MARGIN CALL ($0)
40,3,0.0,4076,1144,2932,1.0,-100.0,28.066732090284592,MARGIN CALL ($0)
40,4,0.0,39,8,31,1.0,-100.0,20.51282051282051,MARGIN CALL ($0)
40,5,0.0,14,0,14,1.0,-100.0,0.0,MARGIN CALL ($0)
40,6,0.0,18,1,17,1.0,-100.0,5.555555555555555,MARGIN CALL ($0)
40,7,0.0,20,1,19,1.0,-100.0,5.0,MARGIN CALL ($0)
40,8,0.0,13,0,13,1.0,-100.0,0.0,MARGIN CALL ($0)
40,9,0.0,12,0,12,1.0,-100.0,0.0,MARGIN CALL ($0)
40,10,0.0,23,3,20,1.0,-100.0,13.043478260869565,MARGIN CALL ($0)
40,11,0.0,21,3,18,1.0,-100.0,14.285714285714285,MARGIN CALL ($0)
40,12,0.0,12,0,12,1.0,-100.0,0.0,MARGIN CALL ($0)
40,13,0.0,7455,1682,5773,1.0,-100.0,22.56203890006707,MARGIN CALL ($0)
40,14,0.0,44,8,36,1.0,-100.0,18.181818181818183,MARGIN CALL ($0)
40,15,0.0,18,3,15,1.0,-100.0,16.666666666666664,MARGIN CALL ($0)
40,16,0.0,15,1,14,1.0,-100.0,6.666666666666667,MARGIN CALL ($0)
40,17,0.0,12,0,12,1.0,-100.0,0.0,MARGIN CALL ($0)
40,18,0.0,7,0,7,1.0,-100.0,0.0,MARGIN CALL ($0)
40,19,0.0,1578,354,1224,1.0,-100.0,22.433460076045627,MARGIN CALL ($0)
40,20,0.0,6076,1328,4748,1.0,-100.0,21.85648452929559,MARGIN CALL ($0)
40,21,0.0,963,212,751,1.0,-100.0,22.01453790238837,MARGIN CALL ($0)
40,22,0.0,3050,679,2371,1.0,-100.0,22.262295081967213,MARGIN CALL ($0)
40,23,0.0,2993,652,2341,1.0,-100.0,21.78416304710992,MARGIN CALL ($0)
40,24,0.0,2712,597,2115,1.0,-100.0,22.013274336283185,MARGIN CALL ($0)
40,25,0.0,2257,488,1769,1.0,-100.0,21.62162162162162,MARGIN CALL ($0)
40,26,0.0,938,191,747,1.0,-100.0,20.362473347547976,MARGIN CALL ($0)
40,27,0.0,897,186,711,1.0,-100.0,20.735785953177256,MARGIN CALL ($0)
40,28,0.0,23,2,21,1.0,-100.0,8.695652173913043,MARGIN CALL ($0)
40,29,0.0,25,3,22,1.0,-100.0,12.0,MARGIN CALL ($0)
40,30,0.0,20,2,18,1.0,-100.0,10.0,MARGIN CALL ($0)
40,31,0.0,1360,251,1109,1.0,-100.0,18.455882352941178,MARGIN CALL ($0)
40,32,0.0,1013,185,828,1.0,-100.0,18.26258637709773,MARGIN CALL ($0)
40,33,0.0,953,177,776,1.0,-100.0,18.57292759706191,MARGIN CALL ($0)
40,34,0.0,24,3,21,1.0,-100.0,12.5,MARGIN CALL ($0)
40,35,0.0,37,4,33,1.0,-100.0,10.81081081081081,MARGIN CALL ($0)
40,36,0.0,85,6,79,1.0,-100.0,7.0588235294117645,MARGIN CALL ($0)
40,39,0.0,9,0,9,1.0,-100.0,0.0,MARGIN CALL ($0)
40,40,0.0,9,0,9,1.0,-100.0,0.0,MARGIN CALL ($0)
40,41,0.0,8,0,8,1.0,-100.0,0.0,MARGIN CALL ($0)
40,42,0.0,9,0,9,1.0,-100.0,0.0,MARGIN CALL ($0)
40,43,0.0,8,0,8,1.0,-100.0,0.0,MARGIN CALL ($0)
40,44,0.0,8,0,8,1.0,-100.0,0.0,MARGIN CALL ($0)
40,45,0.0,8,0,8,1.0,-100.0,0.0,MARGIN CALL ($0)
40,46,0.0,8,0,8,1.0,-100.0,0.0,MARGIN CALL ($0)
40,47,0.0,10,0,10,1.0,-100.0,0.0,MARGIN CALL ($0)
40,48,0.0,10,0,10,1.0,-100.0,0.0,MARGIN CALL ($0)
40,49,0.0,9,0,9,1.0,-100.0,0.0,MARGIN CALL ($0)
40,50,0.0,9,0,9,1.0,-100.0,0.0,MARGIN CALL ($0)
40,51,0.0,9,0,9,1.0,-100.0,0.0,MARGIN CALL ($0)
40,52,0.0,8,0,8,1.0,-100.0,0.0,MARGIN CALL ($0)
40,53,0.0,9,0,9,1.0,-100.0,0.0,MARGIN CALL ($0)
40,54,0.0,9,0,9,1.0,-100.0,0.0,MARGIN CALL ($0)
40,55,0.0,9,0,9,1.0,-100.0,0.0,MARGIN CALL ($0)
40,56,0.0,9,0,9,1.0,-100.0,0.0,MARGIN CALL ($0)
40,57,0.0,8,0,8,1.0,-100.0,0.0,MARGIN CALL ($0)
40,58,0.0,8,0,8,1.0,-100.0,0.0,MARGIN CALL ($0)
40,59,0.0,8,0,8,1.0,-100.0,0.0,MARGIN CALL ($0)
40,60,0.0,8,0,8,1.0,-100.0,0.0,MARGIN CALL ($0)
40,61,0.0,8,0,8,1.0,-100.0,0.0,MARGIN CALL ($0)
40,62,0.0,8,0,8,1.0,-100.0,0.0,MARGIN CALL ($0)
40,63,0.0,8,0,8,1.0,-100.0,0.0,MARGIN CALL ($0)
40,64,0.0,8,0,8,1.0,-100.0,0.0,MARGIN CALL ($0)
40,65,0.0,7,0,7,1.0,-100.0,0.0,MARGIN CALL ($0)
40,66,0.0,7,0,7,1.0,-100.0,0.0,MARGIN CALL ($0)
40,67,0.0,9,0,9,1.0,-100.0,0.0,MARGIN CALL ($0)
40,68,0.0,9,0,9,1.0,-100.0,0.0,MARGIN CALL ($0)
40,69,0.0,9,0,9,1.0,-100.0,0.0,MARGIN CALL ($0)
40,70,0.0,10,0,10,1.0,-100.0,0.0,MARGIN CALL ($0)
40,71,0.0,9,0,9,1.0,-100.0,0.0,MARGIN CALL ($0)
40,72,0.0,11,0,11,1.0,-100.0,0.0,MARGIN CALL ($0)
40,73,0.0,11,0,11,1.0,-100.0,0.0,MARGIN CALL ($0)
40,74,0.0,11,0,11,1.0,-100.0,0.0,MARGIN CALL ($0)
40,75,0.0,10,0,10,1.0,-100.0,0.0,MARGIN CALL ($0)
40,76,0.0,10,0,10,1.0,-100.0,0.0,MARGIN CALL ($0)
40,77,0.0,9,0,9,1.0,-100.0,0.0,MARGIN CALL ($0)
40,78,0.0,10,0,10,1.0,-100.0,0.0,MARGIN CALL ($0)
40,79,0.0,10,0,10,1.0,-100.0,0.0,MARGIN CALL ($0)
40,80,0.0,12,0,12,1.0,-100.0,0.0,MARGIN CALL ($0)
40,81,0.0,11,0,11,1.0,-100.0,0.0,MARGIN CALL ($0)
40,82,0.0,7,0,7,1.0,-100.0,0.0,MARGIN CALL ($0)
40,83,0.0,7,0,7,1.0,-100.0,0.0,MARGIN CALL ($0)
40,84,0.0,7,0,7,1.0,-100.0,0.0,MARGIN CALL ($0)
40,85,0.0,8,0,8,1.0,-100.0,0.0,MARGIN CALL ($0)
40,86,0.0,8,0,8,1.0,-100.0,0.0,MARGIN CALL ($0)
40,87,0.0,8,0,8,1.0,-100.0,0.0,MARGIN CALL ($0)
40,88,0.0,8,0,8,1.0,-100.0,0.0,MARGIN CALL ($0)
40,89,0.0,8,0,8,1.0,-100.0,0.0,MARGIN CALL ($0)
40,90,0.0,8,0,8,1.0,-100.0,0.0,MARGIN CALL ($0)
40,91,0.0,9,0,9,1.0,-100.0,0.0,MARGIN CALL ($0)
40,92,0.0,9,0,9,1.0,-100.0,0.0,MARGIN CALL ($0)
40,93,0.0,9,0,9,1.0,-100.0,0.0,MARGIN CALL ($0)
40,94,0.0,9,0,9,1.0,-100.0,0.0,MARGIN CALL ($0)
40,95,0.0,8,0,8,1.0,-100.0,0.0,MARGIN CALL ($0)
40,96,0.0,8,0,8,1.0,-100.0,0.0,MARGIN CALL ($0)
40,97,0.0,8,0,8,1.0,-100.0,0.0,MARGIN CALL ($0)
40,98,0.0,8,0,8,1.0,-100.0,0.0,MARGIN CALL ($0)
40,99,0.0,8,0,8,1.0,-100.0,0.0,MARGIN CALL ($0)
40,100,0.0,8,0,8,1.0,-100.0,0.0,MARGIN CALL ($0)
41,1,0.0,3429,922,2507,1.0,-100.0,26.88830562846311,MARGIN CALL ($0)
41,2,0.0,6851,1882,4969,1.0,-100.0,27.470442271201286,MARGIN CALL ($0)
41,3,0.0,4075,1143,2932,1.0,-100.0,28.049079754601223,MARGIN CALL ($0)
41,4,0.0,38,8,30,1.0,-100.0,21.052631578947366,MARGIN CALL ($0)
41,5,0.0,14,0,14,1.0,-100.0,0.0,MARGIN CALL ($0)
41,6,0.0,18,1,17,1.0,-100.0,5.555555555555555,MARGIN CALL ($0)
41,7,0.0,20,1,19,1.0,-100.0,5.0,MARGIN CALL ($0)
41,8,0.0,13,0,13,1.0,-100.0,0.0,MARGIN CALL ($0)
41,9,0.0,12,0,12,1.0,-100.0,0.0,MARGIN CALL ($0)
41,10,0.0,23,3,20,1.0,-100.0,13.043478260869565,MARGIN CALL ($0)
41,11,0.0,21,3,18,1.0,-100.0,14.285714285714285,MARGIN CALL ($0)
41,12,0.0,12,0,12,1.0,-100.0,0.0,MARGIN CALL ($0)
41,13,0.0,7360,1659,5701,1.0,-100.0,22.54076086956522,MARGIN CALL ($0)
41,14,0.0,44,8,36,1.0,-100.0,18.181818181818183,MARGIN CALL ($0)
41,15,0.0,18,3,15,1.0,-100.0,16.666666666666664,MARGIN CALL ($0)
41,16,0.0,14,1,13,1.0,-100.0,7.142857142857142,MARGIN CALL ($0)
41,17,0.0,11,0,11,1.0,-100.0,0.0,MARGIN CALL ($0)
41,18,0.0,7,0,7,1.0,-100.0,0.0,MARGIN CALL ($0)
41,19,0.0,1573,357,1216,1.0,-100.0,22.695486331849967,MARGIN CALL ($0)
41,20,0.0,3397,768,2629,1.0,-100.0,22.608183691492492,MARGIN CALL ($0)
41,21,0.0,982,216,766,1.0,-100.0,21.9959266802444,MARGIN CALL ($0)
41,22,0.0,1752,407,1345,1.0,-100.0,23.230593607305934,MARGIN CALL ($0)
41,23,0.0,2992,656,2336,1.0,-100.0,21.92513368983957,MARGIN CALL ($0)
41,24,0.0,2308,516,1792,1.0,-100.0,22.357019064124785,MARGIN CALL ($0)
41,25,0.0,1227,266,961,1.0,-100.0,21.67889160554197,MARGIN CALL ($0)
41,26,0.0,903,177,726,1.0,-100.0,19.601328903654487,MARGIN CALL ($0)
41,27,0.0,763,148,615,1.0,-100.0,19.39711664482307,MARGIN CALL ($0)
41,28,0.0,23,2,21,1.0,-100.0,8.695652173913043,MARGIN CALL ($0)
41,29,0.0,25,3,22,1.0,-100.0,12.0,MARGIN CALL ($0)
41,30,0.0,20,2,18,1.0,-100.0,10.0,MARGIN CALL ($0)
41,31,0.0,1396,259,1137,1.0,-100.0,18.553008595988537,MARGIN CALL ($0)
41,32,0.0,1120,206,914,1.0,-100.0,18.392857142857146,MARGIN CALL ($0)
41,33,0.0,1003,186,817,1.0,-100.0,18.544366899302094,MARGIN CALL ($0)
41,34,0.0,23,3,20,1.0,-100.0,13.043478260869565,MARGIN CALL ($0)
41,35,0.0,22,3,19,1.0,-100.0,13.636363636363635,MARGIN CALL ($0)
41,36,0.0,61,6,55,1.0,-100.0,9.836065573770492,MARGIN CALL ($0)
41,39,0.0,8,0,8,1.0,-100.0,0.0,MARGIN CALL ($0)
41,40,0.0,9,0,9,1.0,-100.0,0.0,MARGIN CALL ($0)
41,41,0.0,7,0,7,1.0,-100.0,0.0,MARGIN CALL ($0)
41,42,0.0,8,0,8,1.0,-100.0,0.0,MARGIN CALL ($0)
41,43,0.0,8,0,8,1.0,-100.0,0.0,MARGIN CALL ($0)
41,44,0.0,8,0,8,1.0,-100.0,0.0,MARGIN CALL ($0)
41,45,0.0,8,0,8,1.0,-100.0,0.0,MARGIN CALL ($0)
41,46,0.0,8,0,8,1.0,-100.0,0.0,MARGIN CALL ($0)
41,47,0.0,10,0,10,1.0,-100.0,0.0,MARGIN CALL ($0)
41,48,0.0,10,0,10,1.0,-100.0,0.0,MARGIN CALL ($0)
41,49,0.0,9,0,9,1.0,-100.0,0.0,MARGIN CALL ($0)
41,50,0.0,9,0,9,1.0,-100.0,0.0,MARGIN CALL ($0)
41,51,0.0,9,0,9,1.0,-100.0,0.0,MARGIN CALL ($0)
41,52,0.0,8,0,8,1.0,-100.0,0.0,MARGIN CALL ($0)
41,53,0.0,9,0,9,1.0,-100.0,0.0,MARGIN CALL ($0)
41,54,0.0,9,0,9,1.0,-100.0,0.0,MARGIN CALL ($0)
41,55,0.0,9,0,9,1.0,-100.0,0.0,MARGIN CALL ($0)
41,56,0.0,9,0,9,1.0,-100.0,0.0,MARGIN CALL ($0)
41,57,0.0,8,0,8,1.0,-100.0,0.0,MARGIN CALL ($0)
41,58,0.0,8,0,8,1.0,-100.0,0.0,MARGIN CALL ($0)
41,59,0.0,8,0,8,1.0,-100.0,0.0,MARGIN CALL ($0)
41,60,0.0,8,0,8,1.0,-100.0,0.0,MARGIN CALL ($0)
41,61,0.0,8,0,8,1.0,-100.0,0.0,MARGIN CALL ($0)
41,62,0.0,8,0,8,1.0,-100.0,0.0,MARGIN CALL ($0)
41,63,0.0,8,0,8,1.0,-100.0,0.0,MARGIN CALL ($0)
41,64,0.0,8,0,8,1.0,-100.0,0.0,MARGIN CALL ($0)
41,65,0.0,7,0,7,1.0,-100.0,0.0,MARGIN CALL ($0)
41,66,0.0,7,0,7,1.0,-100.0,0.0,MARGIN CALL ($0)
41,67,0.0,9,0,9,1.0,-100.0,0.0,MARGIN CALL ($0)
41,68,0.0,9,0,9,1.0,-100.0,0.0,MARGIN CALL ($0)
41,69,0.0,9,0,9,1.0,-100.0,0.0,MARGIN CALL ($0)
41,70,0.0,10,0,10,1.0,-100.0,0.0,MARGIN CALL ($0)
41,71,0.0,9,0,9,1.0,-100.0,0.0,MARGIN CALL ($0)
41,72,0.0,11,0,11,1.0,-100.0,0.0,MARGIN CALL ($0)
41,73,0.0,11,0,11,1.0,-100.0,0.0,MARGIN CALL ($0)
41,74,0.0,11,0,11,1.0,-100.0,0.0,MARGIN CALL ($0)
41,75,0.0,10,0,10,1.0,-100.0,0.0,MARGIN CALL ($0)
41,76,0.0,10,0,10,1.0,-100.0,0.0,MARGIN CALL ($0)
41,77,0.0,9,0,9,1.0,-100.0,0.0,MARGIN CALL ($0)
41,78,0.0,10,0,10,1.0,-100.0,0.0,MARGIN CALL ($0)
41,79,0.0,10,0,10,1.0,-100.0,0.0,MARGIN CALL ($0)
41,80,0.0,12,0,12,1.0,-100.0,0.0,MARGIN CALL ($0)
41,81,0.0,11,0,11,1.0,-100.0,0.0,MARGIN CALL ($0)
41,82,0.0,7,0,7,1.0,-100.0,0.0,MARGIN CALL ($0)
41,83,0.0,7,0,7,1.0,-100.0,0.0,MARGIN CALL ($0)
41,84,0.0,7,0,7,1.0,-100.0,0.0,MARGIN CALL ($0)
41,85,0.0,8,0,8,1.0,-100.0,0.0,MARGIN CALL ($0)
41,86,0.0,8,0,8,1.0,-100.0,0.0,MARGIN CALL ($0)
41,87,0.0,8,0,8,1.0,-100.0,0.0,MARGIN CALL ($0)
41,88,0.0,8,0,8,1.0,-100.0,0.0,MARGIN CALL ($0)
41,89,0.0,8,0,8,1.0,-100.0,0.0,MARGIN CALL ($0)
41,90,0.0,8,0,8,1.0,-100.0,0.0,MARGIN CALL ($0)
41,91,0.0,9,0,9,1.0,-100.0,0.0,MARGIN CALL ($0)
41,92,0.0,9,0,9,1.0,-100.0,0.0,MARGIN CALL ($0)
41,93,0.0,9,0,9,1.0,-100.0,0.0,MARGIN CALL ($0)
41,94,0.0,9,0,9,1.0,-100.0,0.0,MARGIN CALL ($0)
41,95,0.0,8,0,8,1.0,-100.0,0.0,MARGIN CALL ($0)
41,96,0.0,8,0,8,1.0,-100.0,0.0,MARGIN CALL ($0)
41,97,0.0,8,0,8,1.0,-100.0,0.0,MARGIN CALL ($0)
41,98,0.0,8,0,8,1.0,-100.0,0.0,MARGIN CALL ($0)
41,99,0.0,8,0,8,1.0,-100.0,0.0,MARGIN CALL ($0)
41,100,0.0,8,0,8,1.0,-100.0,0.0,MARGIN CALL ($0)
42,1,0.0,3161,853,2308,1.0,-100.0,26.985131287567228,MARGIN CALL ($0)
42,2,0.0,6851,1882,4969,1.0,-100.0,27.470442271201286,MARGIN CALL ($0)
42,3,0.0,4073,1144,2929,1.0,-100.0,28.087404861281613,MARGIN CALL ($0)
42,4,0.0,38,8,30,1.0,-100.0,21.052631578947366,MARGIN CALL ($0)
42,5,0.0,14,0,14,1.0,-100.0,0.0,MARGIN CALL ($0)
42,6,0.0,18,1,17,1.0,-100.0,5.555555555555555,MARGIN CALL ($0)
42,7,0.0,20,1,19,1.0,-100.0,5.0,MARGIN CALL ($0)
42,8,0.0,13,0,13,1.0,-100.0,0.0,MARGIN CALL ($0)
42,9,0.0,12,0,12,1.0,-100.0,0.0,MARGIN CALL ($0)
42,10,0.0,23,3,20,1.0,-100.0,13.043478260869565,MARGIN CALL ($0)
42,11,0.0,21,3,18,1.0,-100.0,14.285714285714285,MARGIN CALL ($0)
42,12,0.0,22,3,19,1.0,-100.0,13.636363636363635,MARGIN CALL ($0)
42,13,0.0,7356,1663,5693,1.0,-100.0,22.607395323545404,MARGIN CALL ($0)
42,14,0.0,44,8,36,1.0,-100.0,18.181818181818183,MARGIN CALL ($0)
42,15,0.0,20,3,17,1.0,-100.0,15.0,MARGIN CALL ($0)
42,16,0.0,13,1,12,1.0,-100.0,7.6923076923076925,MARGIN CALL ($0)
42,17,0.0,10,0,10,1.0,-100.0,0.0,MARGIN CALL ($0)
42,18,0.0,6,0,6,1.0,-100.0,0.0,MARGIN CALL ($0)
42,19,0.0,1589,368,1221,1.0,-100.0,23.15921963499056,MARGIN CALL ($0)
42,20,0.0,3357,772,2585,1.0,-100.0,22.996723264819778,MARGIN CALL ($0)
42,21,0.0,966,219,747,1.0,-100.0,22.67080745341615,MARGIN CALL ($0)
42,22,0.0,1355,299,1056,1.0,-100.0,22.066420664206642,MARGIN CALL ($0)
42,23,0.0,2873,636,2237,1.0,-100.0,22.137138879220327,MARGIN CALL ($0)
42,24,0.0,1411,321,1090,1.0,-100.0,22.749822820694543,MARGIN CALL ($0)
42,25,0.0,986,214,772,1.0,-100.0,21.703853955375255,MARGIN CALL ($0)
42,26,0.0,791,153,638,1.0,-100.0,19.342604298356513,MARGIN CALL ($0)
42,27,0.0,747,144,603,1.0,-100.0,19.27710843373494,MARGIN CALL ($0)
42,28,0.0,24,3,21,1.0,-100.0,12.5,MARGIN CALL ($0)
42,29,0.0,26,4,22,1.0,-100.0,15.384615384615385,MARGIN CALL ($0)
42,30,0.0,20,2,18,1.0,-100.0,10.0,MARGIN CALL ($0)
42,31,0.0,1387,255,1132,1.0,-100.0,18.385003604902668,MARGIN CALL ($0)
42,32,0.0,1343,240,1103,1.0,-100.0,17.870439314966493,MARGIN CALL ($0)
42,33,0.0,1293,233,1060,1.0,-100.0,18.020108275328692,MARGIN CALL ($0)
42,34,0.0,23,3,20,1.0,-100.0,13.043478260869565,MARGIN CALL ($0)
42,35,0.0,22,3,19,1.0,-100.0,13.636363636363635,MARGIN CALL ($0)
42,36,0.0,63,7,56,1.0,-100.0,11.11111111111111,MARGIN CALL ($0)
42,39,0.0,8,0,8,1.0,-100.0,0.0,MARGIN CALL ($0)
42,40,0.0,9,0,9,1.0,-100.0,0.0,MARGIN CALL ($0)
42,41,0.0,7,0,7,1.0,-100.0,0.0,MARGIN CALL ($0)
42,42,0.0,7,0,7,1.0,-100.0,0.0,MARGIN CALL ($0)
42,43,0.0,6,0,6,1.0,-100.0,0.0,MARGIN CALL ($0)
42,44,0.0,6,0,6,1.0,-100.0,0.0,MARGIN CALL ($0)
42,45,0.0,7,0,7,1.0,-100.0,0.0,MARGIN CALL ($0)
42,46,0.0,7,0,7,1.0,-100.0,0.0,MARGIN CALL ($0)
42,47,0.0,8,0,8,1.0,-100.0,0.0,MARGIN CALL ($0)
42,48,0.0,8,0,8,1.0,-100.0,0.0,MARGIN CALL ($0)
42,49,0.0,8,0,8,1.0,-100.0,0.0,MARGIN CALL ($0)
42,50,0.0,8,0,8,1.0,-100.0,0.0,MARGIN CALL ($0)
42,51,0.0,8,0,8,1.0,-100.0,0.0,MARGIN CALL ($0)
42,52,0.0,7,0,7,1.0,-100.0,0.0,MARGIN CALL ($0)
42,53,0.0,8,0,8,1.0,-100.0,0.0,MARGIN CALL ($0)
42,54,0.0,8,0,8,1.0,-100.0,0.0,MARGIN CALL ($0)
42,55,0.0,9,0,9,1.0,-100.0,0.0,MARGIN CALL ($0)
42,56,0.0,8,0,8,1.0,-100.0,0.0,MARGIN CALL ($0)
42,57,0.0,7,0,7,1.0,-100.0,0.0,MARGIN CALL ($0)
42,58,0.0,7,0,7,1.0,-100.0,0.0,MARGIN CALL ($0)
42,59,0.0,7,0,7,1.0,-100.0,0.0,MARGIN CALL ($0)
42,60,0.0,7,0,7,1.0,-100.0,0.0,MARGIN CALL ($0)
42,61,0.0,7,0,7,1.0,-100.0,0.0,MARGIN CALL ($0)
42,62,0.0,7,0,7,1.0,-100.0,0.0,MARGIN CALL ($0)
42,63,0.0,7,0,7,1.0,-100.0,0.0,MARGIN CALL ($0)
42,64,0.0,7,0,7,1.0,-100.0,0.0,MARGIN CALL ($0)
42,65,0.0,7,0,7,1.0,-100.0,0.0,MARGIN CALL ($0)
42,66,0.0,7,0,7,1.0,-100.0,0.0,MARGIN CALL ($0)
42,67,0.0,8,0,8,1.0,-100.0,0.0,MARGIN CALL ($0)
42,68,0.0,7,0,7,1.0,-100.0,0.0,MARGIN CALL ($0)
42,69,0.0,7,0,7,1.0,-100.0,0.0,MARGIN CALL ($0)
42,70,0.0,9,0,9,1.0,-100.0,0.0,MARGIN CALL ($0)
42,71,0.0,8,0,8,1.0,-100.0,0.0,MARGIN CALL ($0)
42,72,0.0,10,0,10,1.0,-100.0,0.0,MARGIN CALL ($0)
42,73,0.0,10,0,10,1.0,-100.0,0.0,MARGIN CALL ($0)
42,74,0.0,10,0,10,1.0,-100.0,0.0,MARGIN CALL ($0)
42,75,0.0,9,0,9,1.0,-100.0,0.0,MARGIN CALL ($0)
42,76,0.0,9,0,9,1.0,-100.0,0.0,MARGIN CALL ($0)
42,77,0.0,8,0,8,1.0,-100.0,0.0,MARGIN CALL ($0)
42,78,0.0,9,0,9,1.0,-100.0,0.0,MARGIN CALL ($0)
42,79,0.0,9,0,9,1.0,-100.0,0.0,MARGIN CALL ($0)
42,80,0.0,11,0,11,1.0,-100.0,0.0,MARGIN CALL ($0)
42,81,0.0,10,0,10,1.0,-100.0,0.0,MARGIN CALL ($0)
42,82,0.0,6,0,6,1.0,-100.0,0.0,MARGIN CALL ($0)
42,83,0.0,6,0,6,1.0,-100.0,0.0,MARGIN CALL ($0)
42,84,0.0,6,0,6,1.0,-100.0,0.0,MARGIN CALL ($0)
42,85,0.0,7,0,7,1.0,-100.0,0.0,MARGIN CALL ($0)
42,86,0.0,7,0,7,1.0,-100.0,0.0,MARGIN CALL ($0)
42,87,0.0,7,0,7,1.0,-100.0,0.0,MARGIN CALL ($0)
42,88,0.0,7,0,7,1.0,-100.0,0.0,MARGIN CALL ($0)
42,89,0.0,7,0,7,1.0,-100.0,0.0,MARGIN CALL ($0)
42,90,0.0,7,0,7,1.0,-100.0,0.0,MARGIN CALL ($0)
42,91,0.0,8,0,8,1.0,-100.0,0.0,MARGIN CALL ($0)
42,92,0.0,8,0,8,1.0,-100.0,0.0,MARGIN CALL ($0)
42,93,0.0,8,0,8,1.0,-100.0,0.0,MARGIN CALL ($0)
42,94,0.0,8,0,8,1.0,-100.0,0.0,MARGIN CALL ($0)
42,95,0.0,9,0,9,1.0,-100.0,0.0,MARGIN CALL ($0)
42,96,0.0,9,0,9,1.0,-100.0,0.0,MARGIN CALL ($0)
42,97,0.0,9,0,9,1.0,-100.0,0.0,MARGIN CALL ($0)
42,98,0.0,9,0,9,1.0,-100.0,0.0,MARGIN CALL ($0)
42,99,0.0,9,0,9,1.0,-100.0,0.0,MARGIN CALL ($0)
42,100,0.0,9,0,9,1.0,-100.0,0.0,MARGIN CALL ($0)
43,1,0.0,3401,913,2488,1.0,-100.0,26.845045574830934,MARGIN CALL ($0)
43,2,0.0,6851,1882,4969,1.0,-100.0,27.470442271201286,MARGIN CALL ($0)
43,3,0.0,4076,1146,2930,1.0,-100.0,28.115799803729146,MARGIN CALL ($0)
43,4,0.0,36,8,28,1.0,-100.0,22.22222222222222,MARGIN CALL ($0)
43,5,0.0,14,0,14,1.0,-100.0,0.0,MARGIN CALL ($0)
43,6,0.0,19,1,18,1.0,-100.0,5.263157894736842,MARGIN CALL ($0)
43,7,0.0,18,1,17,1.0,-100.0,5.555555555555555,MARGIN CALL ($0)
43,8,0.0,13,0,13,1.0,-100.0,0.0,MARGIN CALL ($0)
43,9,0.0,12,0,12,1.0,-100.0,0.0,MARGIN CALL ($0)
43,10,0.0,22,3,19,1.0,-100.0,13.636363636363635,MARGIN CALL ($0)
43,11,0.0,20,3,17,1.0,-100.0,15.0,MARGIN CALL ($0)
43,12,0.0,20,3,17,1.0,-100.0,15.0,MARGIN CALL ($0)
43,13,0.0,7450,1675,5775,1.0,-100.0,22.483221476510067,MARGIN CALL ($0)
43,14,0.0,40,7,33,1.0,-100.0,17.5,MARGIN CALL ($0)
43,15,0.0,20,3,17,1.0,-100.0,15.0,MARGIN CALL ($0)
43,16,0.0,13,1,12,1.0,-100.0,7.6923076923076925,MARGIN CALL ($0)
43,17,0.0,10,0,10,1.0,-100.0,0.0,MARGIN CALL ($0)
43,18,0.0,6,0,6,1.0,-100.0,0.0,MARGIN CALL ($0)
43,19,0.0,1595,370,1225,1.0,-100.0,23.197492163009404,MARGIN CALL ($0)
43,20,0.0,6059,1318,4741,1.0,-100.0,21.752764482587885,MARGIN CALL ($0)
43,21,0.0,1174,265,909,1.0,-100.0,22.572402044293018,MARGIN CALL ($0)
43,22,0.0,1366,301,1065,1.0,-100.0,22.035139092240115,MARGIN CALL ($0)
43,23,0.0,2899,649,2250,1.0,-100.0,22.387030010348397,MARGIN CALL ($0)
43,24,0.0,1376,315,1061,1.0,-100.0,22.892441860465116,MARGIN CALL ($0)
43,25,0.0,943,207,736,1.0,-100.0,21.951219512195124,MARGIN CALL ($0)
43,26,0.0,762,148,614,1.0,-100.0,19.42257217847769,MARGIN CALL ($0)
43,27,0.0,640,122,518,1.0,-100.0,19.0625,MARGIN CALL ($0)
43,28,0.0,24,3,21,1.0,-100.0,12.5,MARGIN CALL ($0)
43,29,0.0,27,4,23,1.0,-100.0,14.814814814814813,MARGIN CALL ($0)
43,30,0.0,20,2,18,1.0,-100.0,10.0,MARGIN CALL ($0)
43,31,0.0,1377,251,1126,1.0,-100.0,18.22803195352215,MARGIN CALL ($0)
43,32,0.0,1313,233,1080,1.0,-100.0,17.745620715917745,MARGIN CALL ($0)
43,33,0.0,1099,203,896,1.0,-100.0,18.471337579617835,MARGIN CALL ($0)
43,34,0.0,23,3,20,1.0,-100.0,13.043478260869565,MARGIN CALL ($0)
43,35,0.0,22,3,19,1.0,-100.0,13.636363636363635,MARGIN CALL ($0)
43,36,0.0,63,6,57,1.0,-100.0,9.523809523809524,MARGIN CALL ($0)
43,39,0.0,8,0,8,1.0,-100.0,0.0,MARGIN CALL ($0)
43,40,0.0,9,0,9,1.0,-100.0,0.0,MARGIN CALL ($0)
43,41,0.0,7,0,7,1.0,-100.0,0.0,MARGIN CALL ($0)
43,42,0.0,7,0,7,1.0,-100.0,0.0,MARGIN CALL ($0)
43,43,0.0,6,0,6,1.0,-100.0,0.0,MARGIN CALL ($0)
43,44,0.0,6,0,6,1.0,-100.0,0.0,MARGIN CALL ($0)
43,45,0.0,7,0,7,1.0,-100.0,0.0,MARGIN CALL ($0)
43,46,0.0,7,0,7,1.0,-100.0,0.0,MARGIN CALL ($0)
43,47,0.0,8,0,8,1.0,-100.0,0.0,MARGIN CALL ($0)
43,48,0.0,8,0,8,1.0,-100.0,0.0,MARGIN CALL ($0)
43,49,0.0,8,0,8,1.0,-100.0,0.0,MARGIN CALL ($0)
43,50,0.0,8,0,8,1.0,-100.0,0.0,MARGIN CALL ($0)
43,51,0.0,8,0,8,1.0,-100.0,0.0,MARGIN CALL ($0)
43,52,0.0,7,0,7,1.0,-100.0,0.0,MARGIN CALL ($0)
43,53,0.0,8,0,8,1.0,-100.0,0.0,MARGIN CALL ($0)
43,54,0.0,8,0,8,1.0,-100.0,0.0,MARGIN CALL ($0)
43,55,0.0,9,0,9,1.0,-100.0,0.0,MARGIN CALL ($0)
43,56,0.0,8,0,8,1.0,-100.0,0.0,MARGIN CALL ($0)
43,57,0.0,7,0,7,1.0,-100.0,0.0,MARGIN CALL ($0)
43,58,0.0,7,0,7,1.0,-100.0,0.0,MARGIN CALL ($0)
43,59,0.0,7,0,7,1.0,-100.0,0.0,MARGIN CALL ($0)
43,60,0.0,7,0,7,1.0,-100.0,0.0,MARGIN CALL ($0)
43,61,0.0,7,0,7,1.0,-100.0,0.0,MARGIN CALL ($0)
43,62,0.0,7,0,7,1.0,-100.0,0.0,MARGIN CALL ($0)
43,63,0.0,7,0,7,1.0,-100.0,0.0,MARGIN CALL ($0)
43,64,0.0,7,0,7,1.0,-100.0,0.0,MARGIN CALL ($0)
43,65,0.0,7,0,7,1.0,-100.0,0.0,MARGIN CALL ($0)
43,66,0.0,7,0,7,1.0,-100.0,0.0,MARGIN CALL ($0)
43,67,0.0,8,0,8,1.0,-100.0,0.0,MARGIN CALL ($0)
43,68,0.0,7,0,7,1.0,-100.0,0.0,MARGIN CALL ($0)
43,69,0.0,7,0,7,1.0,-100.0,0.0,MARGIN CALL ($0)
43,70,0.0,9,0,9,1.0,-100.0,0.0,MARGIN CALL ($0)
43,71,0.0,8,0,8,1.0,-100.0,0.0,MARGIN CALL ($0)
43,72,0.0,10,0,10,1.0,-100.0,0.0,MARGIN CALL ($0)
43,73,0.0,10,0,10,1.0,-100.0,0.0,MARGIN CALL ($0)
43,74,0.0,10,0,10,1.0,-100.0,0.0,MARGIN CALL ($0)
43,75,0.0,9,0,9,1.0,-100.0,0.0,MARGIN CALL ($0)
43,76,0.0,9,0,9,1.0,-100.0,0.0,MARGIN CALL ($0)
43,77,0.0,8,0,8,1.0,-100.0,0.0,MARGIN CALL ($0)
43,78,0.0,9,0,9,1.0,-100.0,0.0,MARGIN CALL ($0)
43,79,0.0,9,0,9,1.0,-100.0,0.0,MARGIN CALL ($0)
43,80,0.0,11,0,11,1.0,-100.0,0.0,MARGIN CALL ($0)
43,81,0.0,10,0,10,1.0,-100.0,0.0,MARGIN CALL ($0)
43,82,0.0,6,0,6,1.0,-100.0,0.0,MARGIN CALL ($0)
43,83,0.0,6,0,6,1.0,-100.0,0.0,MARGIN CALL ($0)
43,84,0.0,6,0,6,1.0,-100.0,0.0,MARGIN CALL ($0)
43,85,0.0,7,0,7,1.0,-100.0,0.0,MARGIN CALL ($0)
43,86,0.0,7,0,7,1.0,-100.0,0.0,MARGIN CALL ($0)
43,87,0.0,7,0,7,1.0,-100.0,0.0,MARGIN CALL ($0)
43,88,0.0,7,0,7,1.0,-100.0,0.0,MARGIN CALL ($0)
43,89,0.0,7,0,7,1.0,-100.0,0.0,MARGIN CALL ($0)
43,90,0.0,7,0,7,1.0,-100.0,0.0,MARGIN CALL ($0)
43,91,0.0,8,0,8,1.0,-100.0,0.0,MARGIN CALL ($0)
43,92,0.0,8,0,8,1.0,-100.0,0.0,MARGIN CALL ($0)
43,93,0.0,8,0,8,1.0,-100.0,0.0,MARGIN CALL ($0)
43,94,0.0,8,0,8,1.0,-100.0,0.0,MARGIN CALL ($0)
43,95,0.0,9,0,9,1.0,-100.0,0.0,MARGIN CALL ($0)
43,96,0.0,9,0,9,1.0,-100.0,0.0,MARGIN CALL ($0)
43,97,0.0,9,0,9,1.0,-100.0,0.0,MARGIN CALL ($0)
43,98,0.0,9,0,9,1.0,-100.0,0.0,MARGIN CALL ($0)
43,99,0.0,8,0,8,1.0,-100.0,0.0,MARGIN CALL ($0)
43,100,0.0,8,0,8,1.0,-100.0,0.0,MARGIN CALL ($0)
44,1,0.0,4116,1080,3036,1.0,-100.0,26.239067055393583,MARGIN CALL ($0)
44,2,0.0,6849,1881,4968,1.0,-100.0,27.463863337713533,MARGIN CALL ($0)
44,3,0.0,4075,1146,2929,1.0,-100.0,28.12269938650307,MARGIN CALL ($0)
44,4,0.0,36,8,28,1.0,-100.0,22.22222222222222,MARGIN CALL ($0)
44,5,0.0,14,0,14,1.0,-100.0,0.0,MARGIN CALL ($0)
44,6,0.0,19,1,18,1.0,-100.0,5.263157894736842,MARGIN CALL ($0)
44,7,0.0,18,1,17,1.0,-100.0,5.555555555555555,MARGIN CALL ($0)
44,8,0.0,22,3,19,1.0,-100.0,13.636363636363635,MARGIN CALL ($0)
44,9,0.0,23,3,20,1.0,-100.0,13.043478260869565,MARGIN CALL ($0)
44,10,0.0,23,3,20,1.0,-100.0,13.043478260869565,MARGIN CALL ($0)
44,11,0.0,21,3,18,1.0,-100.0,14.285714285714285,MARGIN CALL ($0)
44,12,0.0,20,3,17,1.0,-100.0,15.0,MARGIN CALL ($0)
44,13,0.0,6428,1401,5027,1.0,-100.0,21.795270690728064,MARGIN CALL ($0)
44,14,0.0,41,7,34,1.0,-100.0,17.073170731707318,MARGIN CALL ($0)
44,15,0.0,20,3,17,1.0,-100.0,15.0,MARGIN CALL ($0)
44,16,0.0,13,1,12,1.0,-100.0,7.6923076923076925,MARGIN CALL ($0)
44,17,0.0,10,0,10,1.0,-100.0,0.0,MARGIN CALL ($0)
44,18,0.0,6,0,6,1.0,-100.0,0.0,MARGIN CALL ($0)
44,19,0.0,1604,373,1231,1.0,-100.0,23.25436408977556,MARGIN CALL ($0)
44,20,0.0,6032,1308,4724,1.0,-100.0,21.684350132625994,MARGIN CALL ($0)
44,21,0.0,101,14,87,1.0,-100.0,13.861386138613863,MARGIN CALL ($0)
44,22,0.0,30,4,26,1.0,-100.0,13.333333333333334,MARGIN CALL ($0)
44,23,0.0,2914,655,2259,1.0,-100.0,22.477693891557994,MARGIN CALL ($0)
44,24,0.0,1406,324,1082,1.0,-100.0,23.044096728307252,MARGIN CALL ($0)
44,25,0.0,1123,250,873,1.0,-100.0,22.26179875333927,MARGIN CALL ($0)
44,26,0.0,300,62,238,1.0,-100.0,20.666666666666668,MARGIN CALL ($0)
44,27,0.0,85,6,79,1.0,-100.0,7.0588235294117645,MARGIN CALL ($0)
44,28,0.0,26,3,23,1.0,-100.0,11.538461538461538,MARGIN CALL ($0)
44,29,0.0,28,4,24,1.0,-100.0,14.285714285714285,MARGIN CALL ($0)
44,30,0.0,22,3,19,1.0,-100.0,13.636363636363635,MARGIN CALL ($0)
44,31,0.0,58,6,52,1.0,-100.0,10.344827586206897,MARGIN CALL ($0)
44,32,0.0,40,4,36,1.0,-100.0,10.0,MARGIN CALL ($0)
44,33,0.0,21,3,18,1.0,-100.0,14.285714285714285,MARGIN CALL ($0)
44,34,0.0,22,4,18,1.0,-100.0,18.181818181818183,MARGIN CALL ($0)
44,35,0.0,22,4,18,1.0,-100.0,18.181818181818183,MARGIN CALL ($0)
44,36,0.0,25,3,22,1.0,-100.0,12.0,MARGIN CALL ($0)
44,37,0.0,4222,682,3540,1.0,-100.0,16.15348176219801,MARGIN CALL ($0)
44,38,0.0,674,98,576,1.0,-100.0,14.540059347181009,MARGIN CALL ($0)
44,39,0.0,9,0,9,1.0,-100.0,0.0,MARGIN CALL ($0)
44,40,0.0,10,0,10,1.0,-100.0,0.0,MARGIN CALL ($0)
44,41,0.0,8,0,8,1.0,-100.0,0.0,MARGIN CALL ($0)
44,42,0.0,7,0,7,1.0,-100.0,0.0,MARGIN CALL ($0)
44,43,0.0,6,0,6,1.0,-100.0,0.0,MARGIN CALL ($0)
44,44,0.0,6,0,6,1.0,-100.0,0.0,MARGIN CALL ($0)
44,45,0.0,7,0,7,1.0,-100.0,0.0,MARGIN CALL ($0)
44,46,0.0,7,0,7,1.0,-100.0,0.0,MARGIN CALL ($0)
44,47,0.0,8,0,8,1.0,-100.0,0.0,MARGIN CALL ($0)
44,48,0.0,8,0,8,1.0,-100.0,0.0,MARGIN CALL ($0)
44,49,0.0,8,0,8,1.0,-100.0,0.0,MARGIN CALL ($0)
44,50,0.0,8,0,8,1.0,-100.0,0.0,MARGIN CALL ($0)
44,51,0.0,8,0,8,1.0,-100.0,0.0,MARGIN CALL ($0)
44,52,0.0,7,0,7,1.0,-100.0,0.0,MARGIN CALL ($0)
44,53,0.0,8,0,8,1.0,-100.0,0.0,MARGIN CALL ($0)
44,54,0.0,8,0,8,1.0,-100.0,0.0,MARGIN CALL ($0)
44,55,0.0,9,0,9,1.0,-100.0,0.0,MARGIN CALL ($0)
44,56,0.0,8,0,8,1.0,-100.0,0.0,MARGIN CALL ($0)
44,57,0.0,7,0,7,1.0,-100.0,0.0,MARGIN CALL ($0)
44,58,0.0,7,0,7,1.0,-100.0,0.0,MARGIN CALL ($0)
44,59,0.0,7,0,7,1.0,-100.0,0.0,MARGIN CALL ($0)
44,60,0.0,7,0,7,1.0,-100.0,0.0,MARGIN CALL ($0)
44,61,0.0,7,0,7,1.0,-100.0,0.0,MARGIN CALL ($0)
44,62,0.0,7,0,7,1.0,-100.0,0.0,MARGIN CALL ($0)
44,63,0.0,7,0,7,1.0,-100.0,0.0,MARGIN CALL ($0)
44,64,0.0,7,0,7,1.0,-100.0,0.0,MARGIN CALL ($0)
44,65,0.0,7,0,7,1.0,-100.0,0.0,MARGIN CALL ($0)
44,66,0.0,7,0,7,1.0,-100.0,0.0,MARGIN CALL ($0)
44,67,0.0,7,0,7,1.0,-100.0,0.0,MARGIN CALL ($0)
44,68,0.0,7,0,7,1.0,-100.0,0.0,MARGIN CALL ($0)
44,69,0.0,7,0,7,1.0,-100.0,0.0,MARGIN CALL ($0)
44,70,0.0,9,0,9,1.0,-100.0,0.0,MARGIN CALL ($0)
44,71,0.0,8,0,8,1.0,-100.0,0.0,MARGIN CALL ($0)
44,72,0.0,10,0,10,1.0,-100.0,0.0,MARGIN CALL ($0)
44,73,0.0,10,0,10,1.0,-100.0,0.0,MARGIN CALL ($0)
44,74,0.0,10,0,10,1.0,-100.0,0.0,MARGIN CALL ($0)
44,75,0.0,10,0,10,1.0,-100.0,0.0,MARGIN CALL ($0)
44,76,0.0,9,0,9,1.0,-100.0,0.0,MARGIN CALL ($0)
44,77,0.0,8,0,8,1.0,-100.0,0.0,MARGIN CALL ($0)
44,78,0.0,10,0,10,1.0,-100.0,0.0,MARGIN CALL ($0)
44,79,0.0,9,0,9,1.0,-100.0,0.0,MARGIN CALL ($0)
44,80,0.0,11,0,11,1.0,-100.0,0.0,MARGIN CALL ($0)
44,81,0.0,10,0,10,1.0,-100.0,0.0,MARGIN CALL ($0)
44,82,0.0,7,0,7,1.0,-100.0,0.0,MARGIN CALL ($0)
44,83,0.0,8,0,8,1.0,-100.0,0.0,MARGIN CALL ($0)
44,84,0.0,8,0,8,1.0,-100.0,0.0,MARGIN CALL ($0)
44,85,0.0,9,0,9,1.0,-100.0,0.0,MARGIN CALL ($0)
44,86,0.0,8,0,8,1.0,-100.0,0.0,MARGIN CALL ($0)
44,87,0.0,8,0,8,1.0,-100.0,0.0,MARGIN CALL ($0)
44,88,0.0,8,0,8,1.0,-100.0,0.0,MARGIN CALL ($0)
44,89,0.0,8,0,8,1.0,-100.0,0.0,MARGIN CALL ($0)
44,90,0.0,8,0,8,1.0,-100.0,0.0,MARGIN CALL ($0)
44,91,0.0,7,0,7,1.0,-100.0,0.0,MARGIN CALL ($0)
44,92,0.0,7,0,7,1.0,-100.0,0.0,MARGIN CALL ($0)
44,93,0.0,7,0,7,1.0,-100.0,0.0,MARGIN CALL ($0)
44,94,0.0,7,0,7,1.0,-100.0,0.0,MARGIN CALL ($0)
44,95,0.0,8,0,8,1.0,-100.0,0.0,MARGIN CALL ($0)
44,96,0.0,8,0,8,1.0,-100.0,0.0,MARGIN CALL ($0)
44,97,0.0,8,0,8,1.0,-100.0,0.0,MARGIN CALL ($0)
44,98,0.0,8,0,8,1.0,-100.0,0.0,MARGIN CALL ($0)
44,99,0.0,7,0,7,1.0,-100.0,0.0,MARGIN CALL ($0)
44,100,0.0,7,0,7,1.0,-100.0,0.0,MARGIN CALL ($0)
45,1,0.0,4324,1132,3192,1.0,-100.0,26.179463459759482,MARGIN CALL ($0)
45,2,0.0,6849,1881,4968,1.0,-100.0,27.463863337713533,MARGIN CALL ($0)
45,3,0.0,4095,1149,2946,1.0,-100.0,28.05860805860806,MARGIN CALL ($0)
45,4,0.0,36,8,28,1.0,-100.0,22.22222222222222,MARGIN CALL ($0)
45,5,0.0,14,0,14,1.0,-100.0,0.0,MARGIN CALL ($0)
45,6,0.0,19,1,18,1.0,-100.0,5.263157894736842,MARGIN CALL ($0)
45,7,0.0,18,1,17,1.0,-100.0,5.555555555555555,MARGIN CALL ($0)
45,8,0.0,22,3,19,1.0,-100.0,13.636363636363635,MARGIN CALL ($0)
45,9,0.0,23,3,20,1.0,-100.0,13.043478260869565,MARGIN CALL ($0)
45,10,0.0,23,3,20,1.0,-100.0,13.043478260869565,MARGIN CALL ($0)
45,11,0.0,21,3,18,1.0,-100.0,14.285714285714285,MARGIN CALL ($0)
45,12,0.0,20,3,17,1.0,-100.0,15.0,MARGIN CALL ($0)
45,13,0.0,6293,1361,4932,1.0,-100.0,21.62720483076434,MARGIN CALL ($0)
45,14,0.0,41,7,34,1.0,-100.0,17.073170731707318,MARGIN CALL ($0)
45,15,0.0,30,5,25,1.0,-100.0,16.666666666666664,MARGIN CALL ($0)
45,16,0.0,12,1,11,1.0,-100.0,8.333333333333332,MARGIN CALL ($0)
45,17,0.0,10,0,10,1.0,-100.0,0.0,MARGIN CALL ($0)
45,18,0.0,5,0,5,1.0,-100.0,0.0,MARGIN CALL ($0)
45,19,0.0,5517,1219,4298,1.0,-100.0,22.095341671198117,MARGIN CALL ($0)
45,20,0.0,6808,1469,5339,1.0,-100.0,21.57755581668625,MARGIN CALL ($0)
45,21,0.0,6568,1421,5147,1.0,-100.0,21.635200974421437,MARGIN CALL ($0)
45,22,0.0,3068,691,2377,1.0,-100.0,22.522816166883963,MARGIN CALL ($0)
45,23,0.0,4834,1034,3800,1.0,-100.0,21.39015308233347,MARGIN CALL ($0)
45,24,0.0,2331,529,1802,1.0,-100.0,22.694122694122694,MARGIN CALL ($0)
45,25,0.0,2820,596,2224,1.0,-100.0,21.134751773049647,MARGIN CALL ($0)
45,26,0.0,1360,290,1070,1.0,-100.0,21.323529411764707,MARGIN CALL ($0)
45,27,0.0,909,185,724,1.0,-100.0,20.35203520352035,MARGIN CALL ($0)
45,28,0.0,237,52,185,1.0,-100.0,21.940928270042196,MARGIN CALL ($0)
45,29,0.0,28,4,24,1.0,-100.0,14.285714285714285,MARGIN CALL ($0)
45,30,0.0,22,3,19,1.0,-100.0,13.636363636363635,MARGIN CALL ($0)
45,31,0.0,57,7,50,1.0,-100.0,12.280701754385964,MARGIN CALL ($0)
45,32,0.0,22,4,18,1.0,-100.0,18.181818181818183,MARGIN CALL ($0)
45,33,0.0,21,3,18,1.0,-100.0,14.285714285714285,MARGIN CALL ($0)
45,34,0.0,23,4,19,1.0,-100.0,17.391304347826086,MARGIN CALL ($0)
45,35,0.0,21,4,17,1.0,-100.0,19.047619047619047,MARGIN CALL ($0)
45,36,0.0,54,7,47,1.0,-100.0,12.962962962962962,MARGIN CALL ($0)
45,39,0.0,9,0,9,1.0,-100.0,0.0,MARGIN CALL ($0)
45,40,0.0,10,0,10,1.0,-100.0,0.0,MARGIN CALL ($0)
45,41,0.0,8,0,8,1.0,-100.0,0.0,MARGIN CALL ($0)
45,42,0.0,7,0,7,1.0,-100.0,0.0,MARGIN CALL ($0)
45,43,0.0,6,0,6,1.0,-100.0,0.0,MARGIN CALL ($0)
45,44,0.0,6,0,6,1.0,-100.0,0.0,MARGIN CALL ($0)
45,45,0.0,6,0,6,1.0,-100.0,0.0,MARGIN CALL ($0)
45,46,0.0,6,0,6,1.0,-100.0,0.0,MARGIN CALL ($0)
45,47,0.0,8,0,8,1.0,-100.0,0.0,MARGIN CALL ($0)
45,48,0.0,8,0,8,1.0,-100.0,0.0,MARGIN CALL ($0)
45,49,0.0,7,0,7,1.0,-100.0,0.0,MARGIN CALL ($0)
45,50,0.0,7,0,7,1.0,-100.0,0.0,MARGIN CALL ($0)
45,51,0.0,7,0,7,1.0,-100.0,0.0,MARGIN CALL ($0)
45,52,0.0,7,0,7,1.0,-100.0,0.0,MARGIN CALL ($0)
45,53,0.0,7,0,7,1.0,-100.0,0.0,MARGIN CALL ($0)
45,54,0.0,7,0,7,1.0,-100.0,0.0,MARGIN CALL ($0)
45,55,0.0,7,0,7,1.0,-100.0,0.0,MARGIN CALL ($0)
45,56,0.0,7,0,7,1.0,-100.0,0.0,MARGIN CALL ($0)
45,57,0.0,6,0,6,1.0,-100.0,0.0,MARGIN CALL ($0)
45,58,0.0,6,0,6,1.0,-100.0,0.0,MARGIN CALL ($0)
45,59,0.0,6,0,6,1.0,-100.0,0.0,MARGIN CALL ($0)
45,60,0.0,6,0,6,1.0,-100.0,0.0,MARGIN CALL ($0)
45,61,0.0,6,0,6,1.0,-100.0,0.0,MARGIN CALL ($0)
45,62,0.0,6,0,6,1.0,-100.0,0.0,MARGIN CALL ($0)
45,63,0.0,6,0,6,1.0,-100.0,0.0,MARGIN CALL ($0)
45,64,0.0,6,0,6,1.0,-100.0,0.0,MARGIN CALL ($0)
45,65,0.0,5,0,5,1.0,-100.0,0.0,MARGIN CALL ($0)
45,66,0.0,6,0,6,1.0,-100.0,0.0,MARGIN CALL ($0)
45,67,0.0,6,0,6,1.0,-100.0,0.0,MARGIN CALL ($0)
45,68,0.0,7,0,7,1.0,-100.0,0.0,MARGIN CALL ($0)
45,69,0.0,7,0,7,1.0,-100.0,0.0,MARGIN CALL ($0)
45,70,0.0,9,0,9,1.0,-100.0,0.0,MARGIN CALL ($0)
45,71,0.0,8,0,8,1.0,-100.0,0.0,MARGIN CALL ($0)
45,72,0.0,9,0,9,1.0,-100.0,0.0,MARGIN CALL ($0)
45,73,0.0,9,0,9,1.0,-100.0,0.0,MARGIN CALL ($0)
45,74,0.0,9,0,9,1.0,-100.0,0.0,MARGIN CALL ($0)
45,75,0.0,9,0,9,1.0,-100.0,0.0,MARGIN CALL ($0)
45,76,0.0,9,0,9,1.0,-100.0,0.0,MARGIN CALL ($0)
45,77,0.0,8,0,8,1.0,-100.0,0.0,MARGIN CALL ($0)
45,78,0.0,9,0,9,1.0,-100.0,0.0,MARGIN CALL ($0)
45,79,0.0,9,0,9,1.0,-100.0,0.0,MARGIN CALL ($0)
45,80,0.0,11,0,11,1.0,-100.0,0.0,MARGIN CALL ($0)
45,81,0.0,10,0,10,1.0,-100.0,0.0,MARGIN CALL ($0)
45,82,0.0,6,0,6,1.0,-100.0,0.0,MARGIN CALL ($0)
45,83,0.0,7,0,7,1.0,-100.0,0.0,MARGIN CALL ($0)
45,84,0.0,7,0,7,1.0,-100.0,0.0,MARGIN CALL ($0)
45,85,0.0,8,0,8,1.0,-100.0,0.0,MARGIN CALL ($0)
45,86,0.0,7,0,7,1.0,-100.0,0.0,MARGIN CALL ($0)
45,87,0.0,7,0,7,1.0,-100.0,0.0,MARGIN CALL ($0)
45,88,0.0,7,0,7,1.0,-100.0,0.0,MARGIN CALL ($0)
45,89,0.0,7,0,7,1.0,-100.0,0.0,MARGIN CALL ($0)
45,90,0.0,7,0,7,1.0,-100.0,0.0,MARGIN CALL ($0)
45,91,0.0,8,0,8,1.0,-100.0,0.0,MARGIN CALL ($0)
45,92,0.0,8,0,8,1.0,-100.0,0.0,MARGIN CALL ($0)
45,93,0.0,8,0,8,1.0,-100.0,0.0,MARGIN CALL ($0)
45,94,0.0,8,0,8,1.0,-100.0,0.0,MARGIN CALL ($0)
45,95,0.0,9,0,9,1.0,-100.0,0.0,MARGIN CALL ($0)
45,96,0.0,9,0,9,1.0,-100.0,0.0,MARGIN CALL ($0)
45,97,0.0,9,0,9,1.0,-100.0,0.0,MARGIN CALL ($0)
45,98,0.0,9,0,9,1.0,-100.0,0.0,MARGIN CALL ($0)
45,99,0.0,8,0,8,1.0,-100.0,0.0,MARGIN CALL ($0)
45,100,0.0,8,0,8,1.0,-100.0,0.0,MARGIN CALL ($0)
46,1,0.0,6373,1639,4734,1.0,-100.0,25.71787227365448,MARGIN CALL ($0)
46,2,0.0,6849,1881,4968,1.0,-100.0,27.463863337713533,MARGIN CALL ($0)
46,3,0.0,4097,1149,2948,1.0,-100.0,28.04491091042226,MARGIN CALL ($0)
46,4,0.0,36,8,28,1.0,-100.0,22.22222222222222,MARGIN CALL ($0)
46,5,0.0,14,0,14,1.0,-100.0,0.0,MARGIN CALL ($0)
46,6,0.0,19,1,18,1.0,-100.0,5.263157894736842,MARGIN CALL ($0)
46,7,0.0,18,1,17,1.0,-100.0,5.555555555555555,MARGIN CALL ($0)
46,8,0.0,22,3,19,1.0,-100.0,13.636363636363635,MARGIN CALL ($0)
46,9,0.0,23,3,20,1.0,-100.0,13.043478260869565,MARGIN CALL ($0)
46,10,0.0,23,3,20,1.0,-100.0,13.043478260869565,MARGIN CALL ($0)
46,11,0.0,21,3,18,1.0,-100.0,14.285714285714285,MARGIN CALL ($0)
46,12,0.0,20,3,17,1.0,-100.0,15.0,MARGIN CALL ($0)
46,13,0.0,7113,1574,5539,1.0,-100.0,22.128497117953046,MARGIN CALL ($0)
46,14,0.0,41,7,34,1.0,-100.0,17.073170731707318,MARGIN CALL ($0)
46,15,0.0,30,5,25,1.0,-100.0,16.666666666666664,MARGIN CALL ($0)
46,16,0.0,12,1,11,1.0,-100.0,8.333333333333332,MARGIN CALL ($0)
46,17,0.0,10,0,10,1.0,-100.0,0.0,MARGIN CALL ($0)
46,18,0.0,5,0,5,1.0,-100.0,0.0,MARGIN CALL ($0)
46,19,0.0,5594,1237,4357,1.0,-100.0,22.11297819091884,MARGIN CALL ($0)
46,20,0.0,7102,1550,5552,1.0,-100.0,21.824838073782033,MARGIN CALL ($0)
46,21,0.0,6968,1526,5442,1.0,-100.0,21.90011481056257,MARGIN CALL ($0)
46,22,0.0,3102,697,2405,1.0,-100.0,22.46937459703417,MARGIN CALL ($0)
46,23,0.0,4820,1033,3787,1.0,-100.0,21.431535269709542,MARGIN CALL ($0)
46,24,0.0,2337,531,1806,1.0,-100.0,22.721437740693197,MARGIN CALL ($0)
46,25,0.0,2219,485,1734,1.0,-100.0,21.856692203695356,MARGIN CALL ($0)
46,26,0.0,1311,272,1039,1.0,-100.0,20.74752097635393,MARGIN CALL ($0)
46,27,0.0,912,190,722,1.0,-100.0,20.833333333333336,MARGIN CALL ($0)
46,28,0.0,25,3,22,1.0,-100.0,12.0,MARGIN CALL ($0)
46,29,0.0,28,4,24,1.0,-100.0,14.285714285714285,MARGIN CALL ($0)
46,30,0.0,22,3,19,1.0,-100.0,13.636363636363635,MARGIN CALL ($0)
46,31,0.0,48,5,43,1.0,-100.0,10.416666666666668,MARGIN CALL ($0)
46,32,0.0,22,4,18,1.0,-100.0,18.181818181818183,MARGIN CALL ($0)
46,33,0.0,21,3,18,1.0,-100.0,14.285714285714285,MARGIN CALL ($0)
46,34,0.0,21,4,17,1.0,-100.0,19.047619047619047,MARGIN CALL ($0)
46,35,0.0,22,4,18,1.0,-100.0,18.181818181818183,MARGIN CALL ($0)
46,36,0.0,20,3,17,1.0,-100.0,15.0,MARGIN CALL ($0)
46,39,0.0,9,0,9,1.0,-100.0,0.0,MARGIN CALL ($0)
46,40,0.0,10,0,10,1.0,-100.0,0.0,MARGIN CALL ($0)
46,41,0.0,8,0,8,1.0,-100.0,0.0,MARGIN CALL ($0)
46,42,0.0,7,0,7,1.0,-100.0,0.0,MARGIN CALL ($0)
46,43,0.0,6,0,6,1.0,-100.0,0.0,MARGIN CALL ($0)
46,44,0.0,6,0,6,1.0,-100.0,0.0,MARGIN CALL ($0)
46,45,0.0,6,0,6,1.0,-100.0,0.0,MARGIN CALL ($0)
46,46,0.0,6,0,6,1.0,-100.0,0.0,MARGIN CALL ($0)
46,47,0.0,8,0,8,1.0,-100.0,0.0,MARGIN CALL ($0)
46,48,0.0,8,0,8,1.0,-100.0,0.0,MARGIN CALL ($0)
46,49,0.0,7,0,7,1.0,-100.0,0.0,MARGIN CALL ($0)
46,50,0.0,7,0,7,1.0,-100.0,0.0,MARGIN CALL ($0)
46,51,0.0,7,0,7,1.0,-100.0,0.0,MARGIN CALL ($0)
46,52,0.0,7,0,7,1.0,-100.0,0.0,MARGIN CALL ($0)
46,53,0.0,7,0,7,1.0,-100.0,0.0,MARGIN CALL ($0)
46,54,0.0,7,0,7,1.0,-100.0,0.0,MARGIN CALL ($0)
46,55,0.0,7,0,7,1.0,-100.0,0.0,MARGIN CALL ($0)
46,56,0.0,7,0,7,1.0,-100.0,0.0,MARGIN CALL ($0)
46,57,0.0,6,0,6,1.0,-100.0,0.0,MARGIN CALL ($0)
46,58,0.0,6,0,6,1.0,-100.0,0.0,MARGIN CALL ($0)
46,59,0.0,6,0,6,1.0,-100.0,0.0,MARGIN CALL ($0)
46,60,0.0,6,0,6,1.0,-100.0,0.0,MARGIN CALL ($0)
46,61,0.0,6,0,6,1.0,-100.0,0.0,MARGIN CALL ($0)
46,62,0.0,6,0,6,1.0,-100.0,0.0,MARGIN CALL ($0)
46,63,0.0,6,0,6,1.0,-100.0,0.0,MARGIN CALL ($0)
46,64,0.0,6,0,6,1.0,-100.0,0.0,MARGIN CALL ($0)
46,65,0.0,5,0,5,1.0,-100.0,0.0,MARGIN CALL ($0)
46,66,0.0,6,0,6,1.0,-100.0,0.0,MARGIN CALL ($0)
46,67,0.0,6,0,6,1.0,-100.0,0.0,MARGIN CALL ($0)
46,68,0.0,7,0,7,1.0,-100.0,0.0,MARGIN CALL ($0)
46,69,0.0,7,0,7,1.0,-100.0,0.0,MARGIN CALL ($0)
46,70,0.0,9,0,9,1.0,-100.0,0.0,MARGIN CALL ($0)
46,71,0.0,8,0,8,1.0,-100.0,0.0,MARGIN CALL ($0)
46,72,0.0,9,0,9,1.0,-100.0,0.0,MARGIN CALL ($0)
46,73,0.0,9,0,9,1.0,-100.0,0.0,MARGIN CALL ($0)
46,74,0.0,9,0,9,1.0,-100.0,0.0,MARGIN CALL ($0)
46,75,0.0,9,0,9,1.0,-100.0,0.0,MARGIN CALL ($0)
46,76,0.0,9,0,9,1.0,-100.0,0.0,MARGIN CALL ($0)
46,77,0.0,8,0,8,1.0,-100.0,0.0,MARGIN CALL ($0)
46,78,0.0,9,0,9,1.0,-100.0,0.0,MARGIN CALL ($0)
46,79,0.0,9,0,9,1.0,-100.0,0.0,MARGIN CALL ($0)
46,80,0.0,11,0,11,1.0,-100.0,0.0,MARGIN CALL ($0)
46,81,0.0,10,0,10,1.0,-100.0,0.0,MARGIN CALL ($0)
46,82,0.0,6,0,6,1.0,-100.0,0.0,MARGIN CALL ($0)
46,83,0.0,6,0,6,1.0,-100.0,0.0,MARGIN CALL ($0)
46,84,0.0,6,0,6,1.0,-100.0,0.0,MARGIN CALL ($0)
46,85,0.0,7,0,7,1.0,-100.0,0.0,MARGIN CALL ($0)
46,86,0.0,7,0,7,1.0,-100.0,0.0,MARGIN CALL ($0)
46,87,0.0,7,0,7,1.0,-100.0,0.0,MARGIN CALL ($0)
46,88,0.0,7,0,7,1.0,-100.0,0.0,MARGIN CALL ($0)
46,89,0.0,7,0,7,1.0,-100.0,0.0,MARGIN CALL ($0)
46,90,0.0,7,0,7,1.0,-100.0,0.0,MARGIN CALL ($0)
46,91,0.0,8,0,8,1.0,-100.0,0.0,MARGIN CALL ($0)
46,92,0.0,8,0,8,1.0,-100.0,0.0,MARGIN CALL ($0)
46,93,0.0,8,0,8,1.0,-100.0,0.0,MARGIN CALL ($0)
46,94,0.0,8,0,8,1.0,-100.0,0.0,MARGIN CALL ($0)
46,95,0.0,9,0,9,1.0,-100.0,0.0,MARGIN CALL ($0)
46,96,0.0,9,0,9,1.0,-100.0,0.0,MARGIN CALL ($0)
46,97,0.0,9,0,9,1.0,-100.0,0.0,MARGIN CALL ($0)
46,98,0.0,9,0,9,1.0,-100.0,0.0,MARGIN CALL ($0)
46,99,0.0,8,0,8,1.0,-100.0,0.0,MARGIN CALL ($0)
46,100,0.0,8,0,8,1.0,-100.0,0.0,MARGIN CALL ($0)
47,1,0.0,4310,1132,3178,1.0,-100.0,26.264501160092806,MARGIN CALL ($0)
47,2,0.0,6849,1881,4968,1.0,-100.0,27.463863337713533,MARGIN CALL ($0)
47,3,0.0,4090,1147,2943,1.0,-100.0,28.0440097799511,MARGIN CALL ($0)
47,4,0.0,37,8,29,1.0,-100.0,21.62162162162162,MARGIN CALL ($0)
47,5,0.0,14,0,14,1.0,-100.0,0.0,MARGIN CALL ($0)
47,6,0.0,19,1,18,1.0,-100.0,5.263157894736842,MARGIN CALL ($0)
47,7,0.0,18,1,17,1.0,-100.0,5.555555555555555,MARGIN CALL ($0)
47,8,0.0,22,3,19,1.0,-100.0,13.636363636363635,MARGIN CALL ($0)
47,9,0.0,23,3,20,1.0,-100.0,13.043478260869565,MARGIN CALL ($0)
47,10,0.0,24,3,21,1.0,-100.0,12.5,MARGIN CALL ($0)
47,11,0.0,20,3,17,1.0,-100.0,15.0,MARGIN CALL ($0)
47,12,0.0,21,3,18,1.0,-100.0,14.285714285714285,MARGIN CALL ($0)
47,13,0.0,6275,1374,4901,1.0,-100.0,21.896414342629484,MARGIN CALL ($0)
47,14,0.0,43,7,36,1.0,-100.0,16.27906976744186,MARGIN CALL ($0)
47,15,0.0,30,5,25,1.0,-100.0,16.666666666666664,MARGIN CALL ($0)
47,16,0.0,13,1,12,1.0,-100.0,7.6923076923076925,MARGIN CALL ($0)
47,17,0.0,10,0,10,1.0,-100.0,0.0,MARGIN CALL ($0)
47,18,0.0,6,0,6,1.0,-100.0,0.0,MARGIN CALL ($0)
47,19,0.0,5457,1208,4249,1.0,-100.0,22.13670514934946,MARGIN CALL ($0)
47,20,0.0,6155,1314,4841,1.0,-100.0,21.348497156783104,MARGIN CALL ($0)
47,21,0.0,5873,1250,4623,1.0,-100.0,21.28384130767921,MARGIN CALL ($0)
47,22,0.0,3116,693,2423,1.0,-100.0,22.240051347881902,MARGIN CALL ($0)
47,23,0.0,3066,673,2393,1.0,-100.0,21.950424005218526,MARGIN CALL ($0)
47,24,0.0,1666,386,1280,1.0,-100.0,23.169267707082835,MARGIN CALL ($0)
47,25,0.0,1393,311,1082,1.0,-100.0,22.325915290739413,MARGIN CALL ($0)
47,26,0.0,1305,272,1033,1.0,-100.0,20.842911877394634,MARGIN CALL ($0)
47,27,0.0,703,144,559,1.0,-100.0,20.483641536273115,MARGIN CALL ($0)
47,28,0.0,25,2,23,1.0,-100.0,8.0,MARGIN CALL ($0)
47,29,0.0,29,3,26,1.0,-100.0,10.344827586206897,MARGIN CALL ($0)
47,30,0.0,23,2,21,1.0,-100.0,8.695652173913043,MARGIN CALL ($0)
47,31,0.0,24,3,21,1.0,-100.0,12.5,MARGIN CALL ($0)
47,32,0.0,24,3,21,1.0,-100.0,12.5,MARGIN CALL ($0)
47,33,0.0,22,2,20,1.0,-100.0,9.090909090909092,MARGIN CALL ($0)
47,34,0.0,25,4,21,1.0,-100.0,16.0,MARGIN CALL ($0)
47,35,0.0,23,4,19,1.0,-100.0,17.391304347826086,MARGIN CALL ($0)
47,36,0.0,21,3,18,1.0,-100.0,14.285714285714285,MARGIN CALL ($0)
47,37,0.0,1363,227,1136,1.0,-100.0,16.654438738077772,MARGIN CALL ($0)
47,38,0.0,756,128,628,1.0,-100.0,16.93121693121693,MARGIN CALL ($0)
47,39,0.0,9,0,9,1.0,-100.0,0.0,MARGIN CALL ($0)
47,40,0.0,10,0,10,1.0,-100.0,0.0,MARGIN CALL ($0)
47,41,0.0,9,0,9,1.0,-100.0,0.0,MARGIN CALL ($0)
47,42,0.0,8,0,8,1.0,-100.0,0.0,MARGIN CALL ($0)
47,43,0.0,7,0,7,1.0,-100.0,0.0,MARGIN CALL ($0)
47,44,0.0,7,0,7,1.0,-100.0,0.0,MARGIN CALL ($0)
47,45,0.0,7,0,7,1.0,-100.0,0.0,MARGIN CALL ($0)
47,46,0.0,7,0,7,1.0,-100.0,0.0,MARGIN CALL ($0)
47,47,0.0,8,0,8,1.0,-100.0,0.0,MARGIN CALL ($0)
47,48,0.0,8,0,8,1.0,-100.0,0.0,MARGIN CALL ($0)
47,49,0.0,8,0,8,1.0,-100.0,0.0,MARGIN CALL ($0)
47,50,0.0,8,0,8,1.0,-100.0,0.0,MARGIN CALL ($0)
47,51,0.0,8,0,8,1.0,-100.0,0.0,MARGIN CALL ($0)
47,52,0.0,8,0,8,1.0,-100.0,0.0,MARGIN CALL ($0)
47,53,0.0,8,0,8,1.0,-100.0,0.0,MARGIN CALL ($0)
47,54,0.0,8,0,8,1.0,-100.0,0.0,MARGIN CALL ($0)
47,55,0.0,8,0,8,1.0,-100.0,0.0,MARGIN CALL ($0)
47,56,0.0,8,0,8,1.0,-100.0,0.0,MARGIN CALL ($0)
47,57,0.0,7,0,7,1.0,-100.0,0.0,MARGIN CALL ($0)
47,58,0.0,7,0,7,1.0,-100.0,0.0,MARGIN CALL ($0)
47,59,0.0,7,0,7,1.0,-100.0,0.0,MARGIN CALL ($0)
47,60,0.0,6,0,6,1.0,-100.0,0.0,MARGIN CALL ($0)
47,61,0.0,6,0,6,1.0,-100.0,0.0,MARGIN CALL ($0)
47,62,0.0,6,0,6,1.0,-100.0,0.0,MARGIN CALL ($0)
47,63,0.0,6,0,6,1.0,-100.0,0.0,MARGIN CALL ($0)
47,64,0.0,7,0,7,1.0,-100.0,0.0,MARGIN CALL ($0)
47,65,0.0,6,0,6,1.0,-100.0,0.0,MARGIN CALL ($0)
47,66,0.0,7,0,7,1.0,-100.0,0.0,MARGIN CALL ($0)
47,67,0.0,7,0,7,1.0,-100.0,0.0,MARGIN CALL ($0)
47,68,0.0,7,0,7,1.0,-100.0,0.0,MARGIN CALL ($0)
47,69,0.0,7,0,7,1.0,-100.0,0.0,MARGIN CALL ($0)
47,70,0.0,9,0,9,1.0,-100.0,0.0,MARGIN CALL ($0)
47,71,0.0,8,0,8,1.0,-100.0,0.0,MARGIN CALL ($0)
47,72,0.0,10,0,10,1.0,-100.0,0.0,MARGIN CALL ($0)
47,73,0.0,10,0,10,1.0,-100.0,0.0,MARGIN CALL ($0)
47,74,0.0,10,0,10,1.0,-100.0,0.0,MARGIN CALL ($0)
47,75,0.0,10,0,10,1.0,-100.0,0.0,MARGIN CALL ($0)
47,76,0.0,9,0,9,1.0,-100.0,0.0,MARGIN CALL ($0)
47,77,0.0,8,0,8,1.0,-100.0,0.0,MARGIN CALL ($0)
47,78,0.0,9,0,9,1.0,-100.0,0.0,MARGIN CALL ($0)
47,79,0.0,9,0,9,1.0,-100.0,0.0,MARGIN CALL ($0)
47,80,0.0,11,0,11,1.0,-100.0,0.0,MARGIN CALL ($0)
47,81,0.0,9,0,9,1.0,-100.0,0.0,MARGIN CALL ($0)
47,82,0.0,7,0,7,1.0,-100.0,0.0,MARGIN CALL ($0)
47,83,0.0,7,0,7,1.0,-100.0,0.0,MARGIN CALL ($0)
47,84,0.0,7,0,7,1.0,-100.0,0.0,MARGIN CALL ($0)
47,85,0.0,8,0,8,1.0,-100.0,0.0,MARGIN CALL ($0)
47,86,0.0,8,0,8,1.0,-100.0,0.0,MARGIN CALL ($0)
47,87,0.0,8,0,8,1.0,-100.0,0.0,MARGIN CALL ($0)
47,88,0.0,8,0,8,1.0,-100.0,0.0,MARGIN CALL ($0)
47,89,0.0,8,0,8,1.0,-100.0,0.0,MARGIN CALL ($0)
47,90,0.0,8,0,8,1.0,-100.0,0.0,MARGIN CALL ($0)
47,91,0.0,7,0,7,1.0,-100.0,0.0,MARGIN CALL ($0)
47,92,0.0,7,0,7,1.0,-100.0,0.0,MARGIN CALL ($0)
47,93,0.0,7,0,7,1.0,-100.0,0.0,MARGIN CALL ($0)
47,94,0.0,7,0,7,1.0,-100.0,0.0,MARGIN CALL ($0)
47,95,0.0,7,0,7,1.0,-100.0,0.0,MARGIN CALL ($0)
47,96,0.0,7,0,7,1.0,-100.0,0.0,MARGIN CALL ($0)
47,97,0.0,7,0,7,1.0,-100.0,0.0,MARGIN CALL ($0)
47,98,0.0,7,0,7,1.0,-100.0,0.0,MARGIN CALL ($0)
47,99,0.0,6,0,6,1.0,-100.0,0.0,MARGIN CALL ($0)
47,100,0.0,6,0,6,1.0,-100.0,0.0,MARGIN CALL ($0)
48,1,0.0,4299,1125,3174,1.0,-100.0,26.168876482903002,MARGIN CALL ($0)
48,2,0.0,6850,1881,4969,1.0,-100.0,27.45985401459854,MARGIN CALL ($0)
48,3,0.0,4095,1147,2948,1.0,-100.0,28.00976800976801,MARGIN CALL ($0)
48,4,0.0,37,8,29,1.0,-100.0,21.62162162162162,MARGIN CALL ($0)
48,5,0.0,14,0,14,1.0,-100.0,0.0,MARGIN CALL ($0)
48,6,0.0,19,1,18,1.0,-100.0,5.263157894736842,MARGIN CALL ($0)
48,7,0.0,18,1,17,1.0,-100.0,5.555555555555555,MARGIN CALL ($0)
48,8,0.0,22,3,19,1.0,-100.0,13.636363636363635,MARGIN CALL ($0)
48,9,0.0,23,3,20,1.0,-100.0,13.043478260869565,MARGIN CALL ($0)
48,10,0.0,24,3,21,1.0,-100.0,12.5,MARGIN CALL ($0)
48,11,0.0,20,3,17,1.0,-100.0,15.0,MARGIN CALL ($0)
48,12,0.0,21,3,18,1.0,-100.0,14.285714285714285,MARGIN CALL ($0)
48,13,0.0,7037,1565,5472,1.0,-100.0,22.23959073468808,MARGIN CALL ($0)
48,14,0.0,42,7,35,1.0,-100.0,16.666666666666664,MARGIN CALL ($0)
48,15,0.0,30,5,25,1.0,-100.0,16.666666666666664,MARGIN CALL ($0)
48,16,0.0,13,1,12,1.0,-100.0,7.6923076923076925,MARGIN CALL ($0)
48,17,0.0,10,0,10,1.0,-100.0,0.0,MARGIN CALL ($0)
48,18,0.0,6,0,6,1.0,-100.0,0.0,MARGIN CALL ($0)
48,19,0.0,28,3,25,1.0,-100.0,10.714285714285714,MARGIN CALL ($0)
48,20,0.0,30,3,27,1.0,-100.0,10.0,MARGIN CALL ($0)
48,21,0.0,5813,1239,4574,1.0,-100.0,21.314295544469292,MARGIN CALL ($0)
48,22,0.0,25,3,22,1.0,-100.0,12.0,MARGIN CALL ($0)
48,23,0.0,24,3,21,1.0,-100.0,12.5,MARGIN CALL ($0)
48,24,0.0,26,3,23,1.0,-100.0,11.538461538461538,MARGIN CALL ($0)
48,25,0.0,24,3,21,1.0,-100.0,12.5,MARGIN CALL ($0)
48,26,0.0,23,3,20,1.0,-100.0,13.043478260869565,MARGIN CALL ($0)
48,27,0.0,22,3,19,1.0,-100.0,13.636363636363635,MARGIN CALL ($0)
48,28,0.0,9,0,9,1.0,-100.0,0.0,MARGIN CALL ($0)
48,29,0.0,9,0,9,1.0,-100.0,0.0,MARGIN CALL ($0)
48,30,0.0,24,3,21,1.0,-100.0,12.5,MARGIN CALL ($0)
48,31,0.0,24,3,21,1.0,-100.0,12.5,MARGIN CALL ($0)
48,32,0.0,24,3,21,1.0,-100.0,12.5,MARGIN CALL ($0)
48,33,0.0,23,3,20,1.0,-100.0,13.043478260869565,MARGIN CALL ($0)
48,34,0.0,25,4,21,1.0,-100.0,16.0,MARGIN CALL ($0)
48,35,0.0,23,4,19,1.0,-100.0,17.391304347826086,MARGIN CALL ($0)
48,36,0.0,20,3,17,1.0,-100.0,15.0,MARGIN CALL ($0)
48,37,0.0,1524,252,1272,1.0,-100.0,16.535433070866144,MARGIN CALL ($0)
48,38,0.0,1312,222,1090,1.0,-100.0,16.920731707317074,MARGIN CALL ($0)
48,39,0.0,9,0,9,1.0,-100.0,0.0,MARGIN CALL ($0)
48,40,0.0,10,0,10,1.0,-100.0,0.0,MARGIN CALL ($0)
48,41,0.0,9,0,9,1.0,-100.0,0.0,MARGIN CALL ($0)
48,42,0.0,8,0,8,1.0,-100.0,0.0,MARGIN CALL ($0)
48,43,0.0,7,0,7,1.0,-100.0,0.0,MARGIN CALL ($0)
48,44,0.0,8,0,8,1.0,-100.0,0.0,MARGIN CALL ($0)
48,45,0.0,8,0,8,1.0,-100.0,0.0,MARGIN CALL ($0)
48,46,0.0,7,0,7,1.0,-100.0,0.0,MARGIN CALL ($0)
48,47,0.0,8,0,8,1.0,-100.0,0.0,MARGIN CALL ($0)
48,48,0.0,7,0,7,1.0,-100.0,0.0,MARGIN CALL ($0)
48,49,0.0,7,0,7,1.0,-100.0,0.0,MARGIN CALL ($0)
48,50,0.0,7,0,7,1.0,-100.0,0.0,MARGIN CALL ($0)
48,51,0.0,7,0,7,1.0,-100.0,0.0,MARGIN CALL ($0)
48,52,0.0,8,0,8,1.0,-100.0,0.0,MARGIN CALL ($0)
48,53,0.0,8,0,8,1.0,-100.0,0.0,MARGIN CALL ($0)
48,54,0.0,8,0,8,1.0,-100.0,0.0,MARGIN CALL ($0)
48,55,0.0,7,0,7,1.0,-100.0,0.0,MARGIN CALL ($0)
48,56,0.0,7,0,7,1.0,-100.0,0.0,MARGIN CALL ($0)
48,57,0.0,6,0,6,1.0,-100.0,0.0,MARGIN CALL ($0)
48,58,0.0,6,0,6,1.0,-100.0,0.0,MARGIN CALL ($0)
48,59,0.0,6,0,6,1.0,-100.0,0.0,MARGIN CALL ($0)
48,60,0.0,6,0,6,1.0,-100.0,0.0,MARGIN CALL ($0)
48,61,0.0,6,0,6,1.0,-100.0,0.0,MARGIN CALL ($0)
48,62,0.0,6,0,6,1.0,-100.0,0.0,MARGIN CALL ($0)
48,63,0.0,6,0,6,1.0,-100.0,0.0,MARGIN CALL ($0)
48,64,0.0,6,0,6,1.0,-100.0,0.0,MARGIN CALL ($0)
48,65,0.0,5,0,5,1.0,-100.0,0.0,MARGIN CALL ($0)
48,66,0.0,6,0,6,1.0,-100.0,0.0,MARGIN CALL ($0)
48,67,0.0,8,0,8,1.0,-100.0,0.0,MARGIN CALL ($0)
48,68,0.0,9,0,9,1.0,-100.0,0.0,MARGIN CALL ($0)
48,69,0.0,9,0,9,1.0,-100.0,0.0,MARGIN CALL ($0)
48,70,0.0,8,0,8,1.0,-100.0,0.0,MARGIN CALL ($0)
48,71,0.0,7,0,7,1.0,-100.0,0.0,MARGIN CALL ($0)
48,72,0.0,9,0,9,1.0,-100.0,0.0,MARGIN CALL ($0)
48,73,0.0,9,0,9,1.0,-100.0,0.0,MARGIN CALL ($0)
48,74,0.0,9,0,9,1.0,-100.0,0.0,MARGIN CALL ($0)
48,75,0.0,9,0,9,1.0,-100.0,0.0,MARGIN CALL ($0)
48,76,0.0,8,0,8,1.0,-100.0,0.0,MARGIN CALL ($0)
48,77,0.0,8,0,8,1.0,-100.0,0.0,MARGIN CALL ($0)
48,78,0.0,9,0,9,1.0,-100.0,0.0,MARGIN CALL ($0)
48,79,0.0,9,0,9,1.0,-100.0,0.0,MARGIN CALL ($0)
48,80,0.0,10,0,10,1.0,-100.0,0.0,MARGIN CALL ($0)
48,81,0.0,9,0,9,1.0,-100.0,0.0,MARGIN CALL ($0)
48,82,0.0,6,0,6,1.0,-100.0,0.0,MARGIN CALL ($0)
48,83,0.0,6,0,6,1.0,-100.0,0.0,MARGIN CALL ($0)
48,84,0.0,6,0,6,1.0,-100.0,0.0,MARGIN CALL ($0)
48,85,0.0,7,0,7,1.0,-100.0,0.0,MARGIN CALL ($0)
48,86,0.0,7,0,7,1.0,-100.0,0.0,MARGIN CALL ($0)
48,87,0.0,7,0,7,1.0,-100.0,0.0,MARGIN CALL ($0)
48,88,0.0,7,0,7,1.0,-100.0,0.0,MARGIN CALL ($0)
48,89,0.0,7,0,7,1.0,-100.0,0.0,MARGIN CALL ($0)
48,90,0.0,7,0,7,1.0,-100.0,0.0,MARGIN CALL ($0)
48,91,0.0,6,0,6,1.0,-100.0,0.0,MARGIN CALL ($0)
48,92,0.0,6,0,6,1.0,-100.0,0.0,MARGIN CALL ($0)
48,93,0.0,6,0,6,1.0,-100.0,0.0,MARGIN CALL ($0)
48,94,0.0,6,0,6,1.0,-100.0,0.0,MARGIN CALL ($0)
48,95,0.0,6,0,6,1.0,-100.0,0.0,MARGIN CALL ($0)
48,96,0.0,6,0,6,1.0,-100.0,0.0,MARGIN CALL ($0)
48,97,0.0,6,0,6,1.0,-100.0,0.0,MARGIN CALL ($0)
48,98,0.0,6,0,6,1.0,-100.0,0.0,MARGIN CALL ($0)
48,99,0.0,6,0,6,1.0,-100.0,0.0,MARGIN CALL ($0)
48,100,0.0,6,0,6,1.0,-100.0,0.0,MARGIN CALL ($0)
49,1,0.0,6407,1626,4781,1.0,-100.0,25.37849227407523,MARGIN CALL ($0)
49,2,0.0,6849,1881,4968,1.0,-100.0,27.463863337713533,MARGIN CALL ($0)
49,3,0.0,4094,1147,2947,1.0,-100.0,28.016609672691743,MARGIN CALL ($0)
49,4,0.0,37,8,29,1.0,-100.0,21.62162162162162,MARGIN CALL ($0)
49,5,0.0,14,0,14,1.0,-100.0,0.0,MARGIN CALL ($0)
49,6,0.0,19,1,18,1.0,-100.0,5.263157894736842,MARGIN CALL ($0)
49,7,0.0,18,1,17,1.0,-100.0,5.555555555555555,MARGIN CALL ($0)
49,8,0.0,21,3,18,1.0,-100.0,14.285714285714285,MARGIN CALL ($0)
49,9,0.0,23,3,20,1.0,-100.0,13.043478260869565,MARGIN CALL ($0)
49,10,0.0,23,3,20,1.0,-100.0,13.043478260869565,MARGIN CALL ($0)
49,11,0.0,21,3,18,1.0,-100.0,14.285714285714285,MARGIN CALL ($0)
49,12,0.0,20,3,17,1.0,-100.0,15.0,MARGIN CALL ($0)
49,13,0.0,7039,1568,5471,1.0,-100.0,22.275891461855377,MARGIN CALL ($0)
49,14,0.0,41,7,34,1.0,-100.0,17.073170731707318,MARGIN CALL ($0)
49,15,0.0,29,5,24,1.0,-100.0,17.24137931034483,MARGIN CALL ($0)
49,16,0.0,12,1,11,1.0,-100.0,8.333333333333332,MARGIN CALL ($0)
49,17,0.0,10,0,10,1.0,-100.0,0.0,MARGIN CALL ($0)
49,18,0.0,5,0,5,1.0,-100.0,0.0,MARGIN CALL ($0)
49,19,0.0,28,3,25,1.0,-100.0,10.714285714285714,MARGIN CALL ($0)
49,20,0.0,30,3,27,1.0,-100.0,10.0,MARGIN CALL ($0)
49,22,0.0,25,3,22,1.0,-100.0,12.0,MARGIN CALL ($0)
49,23,0.0,2948,658,2290,1.0,-100.0,22.3202170963365,MARGIN CALL ($0)
49,24,0.0,277,71,206,1.0,-100.0,25.63176895306859,MARGIN CALL ($0)
49,25,0.0,1362,306,1056,1.0,-100.0,22.46696035242291,MARGIN CALL ($0)
49,26,0.0,21,3,18,1.0,-100.0,14.285714285714285,MARGIN CALL ($0)
49,27,0.0,767,151,616,1.0,-100.0,19.6870925684485,MARGIN CALL ($0)
49,28,0.0,9,0,9,1.0,-100.0,0.0,MARGIN CALL ($0)
49,29,0.0,9,0,9,1.0,-100.0,0.0,MARGIN CALL ($0)
49,30,0.0,21,3,18,1.0,-100.0,14.285714285714285,MARGIN CALL ($0)
49,31,0.0,21,3,18,1.0,-100.0,14.285714285714285,MARGIN CALL ($0)
49,32,0.0,22,3,19,1.0,-100.0,13.636363636363635,MARGIN CALL ($0)
49,33,0.0,23,3,20,1.0,-100.0,13.043478260869565,MARGIN CALL ($0)
49,34,0.0,23,4,19,1.0,-100.0,17.391304347826086,MARGIN CALL ($0)
49,35,0.0,22,4,18,1.0,-100.0,18.181818181818183,MARGIN CALL ($0)
49,36,0.0,75,8,67,1.0,-100.0,10.666666666666668,MARGIN CALL ($0)
49,39,0.0,9,0,9,1.0,-100.0,0.0,MARGIN CALL ($0)
49,40,0.0,10,0,10,1.0,-100.0,0.0,MARGIN CALL ($0)
49,41,0.0,8,0,8,1.0,-100.0,0.0,MARGIN CALL ($0)
49,42,0.0,7,0,7,1.0,-100.0,0.0,MARGIN CALL ($0)
49,43,0.0,6,0,6,1.0,-100.0,0.0,MARGIN CALL ($0)
49,44,0.0,7,0,7,1.0,-100.0,0.0,MARGIN CALL ($0)
49,45,0.0,7,0,7,1.0,-100.0,0.0,MARGIN CALL ($0)
49,46,0.0,6,0,6,1.0,-100.0,0.0,MARGIN CALL ($0)
49,47,0.0,8,0,8,1.0,-100.0,0.0,MARGIN CALL ($0)
49,48,0.0,7,0,7,1.0,-100.0,0.0,MARGIN CALL ($0)
49,49,0.0,6,0,6,1.0,-100.0,0.0,MARGIN CALL ($0)
49,50,0.0,7,0,7,1.0,-100.0,0.0,MARGIN CALL ($0)
49,51,0.0,7,0,7,1.0,-100.0,0.0,MARGIN CALL ($0)
49,52,0.0,8,0,8,1.0,-100.0,0.0,MARGIN CALL ($0)
49,53,0.0,8,0,8,1.0,-100.0,0.0,MARGIN CALL ($0)
49,54,0.0,7,0,7,1.0,-100.0,0.0,MARGIN CALL ($0)
49,55,0.0,7,0,7,1.0,-100.0,0.0,MARGIN CALL ($0)
49,56,0.0,7,0,7,1.0,-100.0,0.0,MARGIN CALL ($0)
49,57,0.0,5,0,5,1.0,-100.0,0.0,MARGIN CALL ($0)
49,58,0.0,5,0,5,1.0,-100.0,0.0,MARGIN CALL ($0)
49,59,0.0,6,0,6,1.0,-100.0,0.0,MARGIN CALL ($0)
49,60,0.0,5,0,5,1.0,-100.0,0.0,MARGIN CALL ($0)
49,61,0.0,5,0,5,1.0,-100.0,0.0,MARGIN CALL ($0)
49,62,0.0,5,0,5,1.0,-100.0,0.0,MARGIN CALL ($0)
49,63,0.0,5,0,5,1.0,-100.0,0.0,MARGIN CALL ($0)
49,64,0.0,6,0,6,1.0,-100.0,0.0,MARGIN CALL ($0)
49,65,0.0,5,0,5,1.0,-100.0,0.0,MARGIN CALL ($0)
49,66,0.0,5,0,5,1.0,-100.0,0.0,MARGIN CALL ($0)
49,67,0.0,8,0,8,1.0,-100.0,0.0,MARGIN CALL ($0)
49,68,0.0,9,0,9,1.0,-100.0,0.0,MARGIN CALL ($0)
49,69,0.0,9,0,9,1.0,-100.0,0.0,MARGIN CALL ($0)
49,70,0.0,8,0,8,1.0,-100.0,0.0,MARGIN CALL ($0)
49,71,0.0,7,0,7,1.0,-100.0,0.0,MARGIN CALL ($0)
49,72,0.0,8,0,8,1.0,-100.0,0.0,MARGIN CALL ($0)
49,73,0.0,8,0,8,1.0,-100.0,0.0,MARGIN CALL ($0)
49,74,0.0,8,0,8,1.0,-100.0,0.0,MARGIN CALL ($0)
49,75,0.0,8,0,8,1.0,-100.0,0.0,MARGIN CALL ($0)
49,76,0.0,8,0,8,1.0,-100.0,0.0,MARGIN CALL ($0)
49,77,0.0,8,0,8,1.0,-100.0,0.0,MARGIN CALL ($0)
49,78,0.0,9,0,9,1.0,-100.0,0.0,MARGIN CALL ($0)
49,79,0.0,9,0,9,1.0,-100.0,0.0,MARGIN CALL ($0)
49,80,0.0,10,0,10,1.0,-100.0,0.0,MARGIN CALL ($0)
49,81,0.0,9,0,9,1.0,-100.0,0.0,MARGIN CALL ($0)
49,82,0.0,5,0,5,1.0,-100.0,0.0,MARGIN CALL ($0)
49,83,0.0,5,0,5,1.0,-100.0,0.0,MARGIN CALL ($0)
49,84,0.0,5,0,5,1.0,-100.0,0.0,MARGIN CALL ($0)
49,85,0.0,6,0,6,1.0,-100.0,0.0,MARGIN CALL ($0)
49,86,0.0,8,0,8,1.0,-100.0,0.0,MARGIN CALL ($0)
49,87,0.0,7,0,7,1.0,-100.0,0.0,MARGIN CALL ($0)
49,88,0.0,7,0,7,1.0,-100.0,0.0,MARGIN CALL ($0)
49,89,0.0,7,0,7,1.0,-100.0,0.0,MARGIN CALL ($0)
49,90,0.0,7,0,7,1.0,-100.0,0.0,MARGIN CALL ($0)
49,91,0.0,7,0,7,1.0,-100.0,0.0,MARGIN CALL ($0)
49,92,0.0,7,0,7,1.0,-100.0,0.0,MARGIN CALL ($0)
49,93,0.0,7,0,7,1.0,-100.0,0.0,MARGIN CALL ($0)
49,94,0.0,7,0,7,1.0,-100.0,0.0,MARGIN CALL ($0)
49,95,0.0,8,0,8,1.0,-100.0,0.0,MARGIN CALL ($0)
49,96,0.0,8,0,8,1.0,-100.0,0.0,MARGIN CALL ($0)
49,97,0.0,8,0,8,1.0,-100.0,0.0,MARGIN CALL ($0)
49,98,0.0,8,0,8,1.0,-100.0,0.0,MARGIN CALL ($0)
49,99,0.0,7,0,7,1.0,-100.0,0.0,MARGIN CALL ($0)
49,100,0.0,7,0,7,1.0,-100.0,0.0,MARGIN CALL ($0)
50,1,0.0,6403,1619,4784,1.0,-100.0,25.285022645634857,MARGIN CALL ($0)
50,2,0.0,6849,1881,4968,1.0,-100.0,27.463863337713533,MARGIN CALL ($0)
50,3,0.0,4094,1147,2947,1.0,-100.0,28.016609672691743,MARGIN CALL ($0)
50,4,0.0,37,8,29,1.0,-100.0,21.62162162162162,MARGIN CALL ($0)
50,5,0.0,14,0,14,1.0,-100.0,0.0,MARGIN CALL ($0)
50,6,0.0,19,1,18,1.0,-100.0,5.263157894736842,MARGIN CALL ($0)
50,7,0.0,18,1,17,1.0,-100.0,5.555555555555555,MARGIN CALL ($0)
50,8,0.0,21,3,18,1.0,-100.0,14.285714285714285,MARGIN CALL ($0)
50,9,0.0,23,3,20,1.0,-100.0,13.043478260869565,MARGIN CALL ($0)
50,10,0.0,23,3,20,1.0,-100.0,13.043478260869565,MARGIN CALL ($0)
50,11,0.0,21,3,18,1.0,-100.0,14.285714285714285,MARGIN CALL ($0)
50,12,0.0,20,3,17,1.0,-100.0,15.0,MARGIN CALL ($0)
50,13,0.0,6358,1396,4962,1.0,-100.0,21.95659012268009,MARGIN CALL ($0)
50,14,0.0,41,7,34,1.0,-100.0,17.073170731707318,MARGIN CALL ($0)
50,15,0.0,29,5,24,1.0,-100.0,17.24137931034483,MARGIN CALL ($0)
50,16,0.0,12,1,11,1.0,-100.0,8.333333333333332,MARGIN CALL ($0)
50,17,0.0,10,0,10,1.0,-100.0,0.0,MARGIN CALL ($0)
50,18,0.0,5,0,5,1.0,-100.0,0.0,MARGIN CALL ($0)
50,19,0.0,28,3,25,1.0,-100.0,10.714285714285714,MARGIN CALL ($0)
50,20,0.0,30,3,27,1.0,-100.0,10.0,MARGIN CALL ($0)
50,21,0.0,6981,1512,5469,1.0,-100.0,21.658788139235067,MARGIN CALL ($0)
50,22,0.0,25,3,22,1.0,-100.0,12.0,MARGIN CALL ($0)
50,23,0.0,2917,651,2266,1.0,-100.0,22.317449434350358,MARGIN CALL ($0)
50,24,0.0,1434,338,1096,1.0,-100.0,23.570432357043238,MARGIN CALL ($0)
50,25,0.0,1346,302,1044,1.0,-100.0,22.436849925705797,MARGIN CALL ($0)
50,26,0.0,21,3,18,1.0,-100.0,14.285714285714285,MARGIN CALL ($0)
50,27,0.0,756,149,607,1.0,-100.0,19.70899470899471,MARGIN CALL ($0)
50,28,0.0,10,0,10,1.0,-100.0,0.0,MARGIN CALL ($0)
50,29,0.0,10,0,10,1.0,-100.0,0.0,MARGIN CALL ($0)
50,30,0.0,21,3,18,1.0,-100.0,14.285714285714285,MARGIN CALL ($0)
50,31,0.0,21,3,18,1.0,-100.0,14.285714285714285,MARGIN CALL ($0)
50,32,0.0,22,3,19,1.0,-100.0,13.636363636363635,MARGIN CALL ($0)
50,33,0.0,23,3,20,1.0,-100.0,13.043478260869565,MARGIN CALL ($0)
50,34,0.0,23,4,19,1.0,-100.0,17.391304347826086,MARGIN CALL ($0)
50,35,0.0,22,4,18,1.0,-100.0,18.181818181818183,MARGIN CALL ($0)
50,36,0.0,79,10,69,1.0,-100.0,12.658227848101266,MARGIN CALL ($0)
50,39,0.0,8,0,8,1.0,-100.0,0.0,MARGIN CALL ($0)
50,40,0.0,9,0,9,1.0,-100.0,0.0,MARGIN CALL ($0)
50,41,0.0,7,0,7,1.0,-100.0,0.0,MARGIN CALL ($0)
50,42,0.0,7,0,7,1.0,-100.0,0.0,MARGIN CALL ($0)
50,43,0.0,7,0,7,1.0,-100.0,0.0,MARGIN CALL ($0)
50,44,0.0,7,0,7,1.0,-100.0,0.0,MARGIN CALL ($0)
50,45,0.0,7,0,7,1.0,-100.0,0.0,MARGIN CALL ($0)
50,46,0.0,7,0,7,1.0,-100.0,0.0,MARGIN CALL ($0)
50,47,0.0,8,0,8,1.0,-100.0,0.0,MARGIN CALL ($0)
50,48,0.0,8,0,8,1.0,-100.0,0.0,MARGIN CALL ($0)
50,49,0.0,7,0,7,1.0,-100.0,0.0,MARGIN CALL ($0)
50,50,0.0,7,0,7,1.0,-100.0,0.0,MARGIN CALL ($0)
50,51,0.0,7,0,7,1.0,-100.0,0.0,MARGIN CALL ($0)
50,52,0.0,8,0,8,1.0,-100.0,0.0,MARGIN CALL ($0)
50,53,0.0,8,0,8,1.0,-100.0,0.0,MARGIN CALL ($0)
50,54,0.0,7,0,7,1.0,-100.0,0.0,MARGIN CALL ($0)
50,55,0.0,7,0,7,1.0,-100.0,0.0,MARGIN CALL ($0)
50,56,0.0,7,0,7,1.0,-100.0,0.0,MARGIN CALL ($0)
50,57,0.0,7,0,7,1.0,-100.0,0.0,MARGIN CALL ($0)
50,58,0.0,6,0,6,1.0,-100.0,0.0,MARGIN CALL ($0)
50,59,0.0,6,0,6,1.0,-100.0,0.0,MARGIN CALL ($0)
50,60,0.0,6,0,6,1.0,-100.0,0.0,MARGIN CALL ($0)
50,61,0.0,6,0,6,1.0,-100.0,0.0,MARGIN CALL ($0)
50,62,0.0,6,0,6,1.0,-100.0,0.0,MARGIN CALL ($0)
50,63,0.0,6,0,6,1.0,-100.0,0.0,MARGIN CALL ($0)
50,64,0.0,6,0,6,1.0,-100.0,0.0,MARGIN CALL ($0)
50,65,0.0,6,0,6,1.0,-100.0,0.0,MARGIN CALL ($0)
50,66,0.0,6,0,6,1.0,-100.0,0.0,MARGIN CALL ($0)
50,67,0.0,6,0,6,1.0,-100.0,0.0,MARGIN CALL ($0)
50,68,0.0,7,0,7,1.0,-100.0,0.0,MARGIN CALL ($0)
50,69,0.0,7,0,7,1.0,-100.0,0.0,MARGIN CALL ($0)
50,70,0.0,8,0,8,1.0,-100.0,0.0,MARGIN CALL ($0)
50,71,0.0,8,0,8,1.0,-100.0,0.0,MARGIN CALL ($0)
50,72,0.0,8,0,8,1.0,-100.0,0.0,MARGIN CALL ($0)
50,73,0.0,8,0,8,1.0,-100.0,0.0,MARGIN CALL ($0)
50,74,0.0,8,0,8,1.0,-100.0,0.0,MARGIN CALL ($0)
50,75,0.0,8,0,8,1.0,-100.0,0.0,MARGIN CALL ($0)
50,76,0.0,8,0,8,1.0,-100.0,0.0,MARGIN CALL ($0)
50,77,0.0,8,0,8,1.0,-100.0,0.0,MARGIN CALL ($0)
50,78,0.0,9,0,9,1.0,-100.0,0.0,MARGIN CALL ($0)
50,79,0.0,8,0,8,1.0,-100.0,0.0,MARGIN CALL ($0)
50,80,0.0,8,0,8,1.0,-100.0,0.0,MARGIN CALL ($0)
50,81,0.0,10,0,10,1.0,-100.0,0.0,MARGIN CALL ($0)
50,82,0.0,6,0,6,1.0,-100.0,0.0,MARGIN CALL ($0)
50,83,0.0,6,0,6,1.0,-100.0,0.0,MARGIN CALL ($0)
50,84,0.0,6,0,6,1.0,-100.0,0.0,MARGIN CALL ($0)
50,85,0.0,7,0,7,1.0,-100.0,0.0,MARGIN CALL ($0)
50,86,0.0,7,0,7,1.0,-100.0,0.0,MARGIN CALL ($0)
50,87,0.0,7,0,7,1.0,-100.0,0.0,MARGIN CALL ($0)
50,88,0.0,7,0,7,1.0,-100.0,0.0,MARGIN CALL ($0)
50,89,0.0,7,0,7,1.0,-100.0,0.0,MARGIN CALL ($0)
50,90,0.0,7,0,7,1.0,-100.0,0.0,MARGIN CALL ($0)
50,91,0.0,8,0,8,1.0,-100.0,0.0,MARGIN CALL ($0)
50,92,0.0,8,0,8,1.0,-100.0,0.0,MARGIN CALL ($0)
50,93,0.0,8,0,8,1.0,-100.0,0.0,MARGIN CALL ($0)
50,94,0.0,8,0,8,1.0,-100.0,0.0,MARGIN CALL ($0)
50,95,0.0,9,0,9,1.0,-100.0,0.0,MARGIN CALL ($0)
50,96,0.0,9,0,9,1.0,-100.0,0.0,MARGIN CALL ($0)
50,97,0.0,9,0,9,1.0,-100.0,0.0,MARGIN CALL ($0)
50,98,0.0,9,0,9,1.0,-100.0,0.0,MARGIN CALL ($0)
50,99,0.0,8,0,8,1.0,-100.0,0.0,MARGIN CALL ($0)
50,100,0.0,8,0,8,1.0,-100.0,0.0,MARGIN CALL ($0)
51,1,0.0,6427,1636,4791,1.0,-100.0,25.45511124941652,MARGIN CALL ($0)
51,2,0.0,6849,1881,4968,1.0,-100.0,27.463863337713533,MARGIN CALL ($0)
51,3,0.0,4094,1147,2947,1.0,-100.0,28.016609672691743,MARGIN CALL ($0)
51,4,0.0,37,8,29,1.0,-100.0,21.62162162162162,MARGIN CALL ($0)
51,5,0.0,14,0,14,1.0,-100.0,0.0,MARGIN CALL ($0)
51,6,0.0,19,1,18,1.0,-100.0,5.263157894736842,MARGIN CALL ($0)
51,7,0.0,18,1,17,1.0,-100.0,5.555555555555555,MARGIN CALL ($0)
51,8,0.0,20,3,17,1.0,-100.0,15.0,MARGIN CALL ($0)
51,9,0.0,22,3,19,1.0,-100.0,13.636363636363635,MARGIN CALL ($0)
51,10,0.0,22,3,19,1.0,-100.0,13.636363636363635,MARGIN CALL ($0)
51,11,0.0,20,3,17,1.0,-100.0,15.0,MARGIN CALL ($0)
51,12,0.0,19,3,16,1.0,-100.0,15.789473684210526,MARGIN CALL ($0)
51,13,0.0,6177,1370,4807,1.0,-100.0,22.179051319410718,MARGIN CALL ($0)
51,14,0.0,41,7,34,1.0,-100.0,17.073170731707318,MARGIN CALL ($0)
51,15,0.0,29,5,24,1.0,-100.0,17.24137931034483,MARGIN CALL ($0)
51,16,0.0,12,1,11,1.0,-100.0,8.333333333333332,MARGIN CALL ($0)
51,17,0.0,10,0,10,1.0,-100.0,0.0,MARGIN CALL ($0)
51,18,0.0,5,0,5,1.0,-100.0,0.0,MARGIN CALL ($0)
51,19,0.0,28,3,25,1.0,-100.0,10.714285714285714,MARGIN CALL ($0)
51,20,0.0,6741,1454,5287,1.0,-100.0,21.56950007417297,MARGIN CALL ($0)
51,21,0.0,6597,1412,5185,1.0,-100.0,21.403668334091254,MARGIN CALL ($0)
51,22,0.0,25,3,22,1.0,-100.0,12.0,MARGIN CALL ($0)
51,23,0.0,2895,645,2250,1.0,-100.0,22.279792746113987,MARGIN CALL ($0)
51,24,0.0,1461,346,1115,1.0,-100.0,23.682409308692677,MARGIN CALL ($0)
51,25,0.0,1372,304,1068,1.0,-100.0,22.157434402332363,MARGIN CALL ($0)
51,26,0.0,1286,270,1016,1.0,-100.0,20.99533437013997,MARGIN CALL ($0)
51,27,0.0,22,3,19,1.0,-100.0,13.636363636363635,MARGIN CALL ($0)
51,28,0.0,10,0,10,1.0,-100.0,0.0,MARGIN CALL ($0)
51,29,0.0,10,0,10,1.0,-100.0,0.0,MARGIN CALL ($0)
51,30,0.0,22,3,19,1.0,-100.0,13.636363636363635,MARGIN CALL ($0)
51,31,0.0,22,3,19,1.0,-100.0,13.636363636363635,MARGIN CALL ($0)
51,32,0.0,23,3,20,1.0,-100.0,13.043478260869565,MARGIN CALL ($0)
51,33,0.0,23,3,20,1.0,-100.0,13.043478260869565,MARGIN CALL ($0)
51,34,0.0,23,4,19,1.0,-100.0,17.391304347826086,MARGIN CALL ($0)
51,35,0.0,1167,217,950,1.0,-100.0,18.594687232219364,MARGIN CALL ($0)
51,36,0.0,1194,219,975,1.0,-100.0,18.341708542713565,MARGIN CALL ($0)
100,85,0.0,8,0,8,1.0,-100.0,0.0,MARGIN CALL ($0)
100,86,0.0,7,0,7,1.0,-100.0,0.0,MARGIN CALL ($0)
51,39,0.0,8,0,8,1.0,-100.0,0.0,MARGIN CALL ($0)
51,40,0.0,9,0,9,1.0,-100.0,0.0,MARGIN CALL ($0)
51,41,0.0,7,0,7,1.0,-100.0,0.0,MARGIN CALL ($0)
51,42,0.0,7,0,7,1.0,-100.0,0.0,MARGIN CALL ($0)
51,43,0.0,7,0,7,1.0,-100.0,0.0,MARGIN CALL ($0)
51,44,0.0,7,0,7,1.0,-100.0,0.0,MARGIN CALL ($0)
51,45,0.0,7,0,7,1.0,-100.0,0.0,MARGIN CALL ($0)
51,46,0.0,7,0,7,1.0,-100.0,0.0,MARGIN CALL ($0)
51,47,0.0,8,0,8,1.0,-100.0,0.0,MARGIN CALL ($0)
51,48,0.0,8,0,8,1.0,-100.0,0.0,MARGIN CALL ($0)
51,49,0.0,7,0,7,1.0,-100.0,0.0,MARGIN CALL ($0)
51,50,0.0,7,0,7,1.0,-100.0,0.0,MARGIN CALL ($0)
51,51,0.0,10,1,9,1.0,-100.0,10.0,MARGIN CALL ($0)
51,52,0.0,10,1,9,1.0,-100.0,10.0,MARGIN CALL ($0)
51,53,0.0,8,0,8,1.0,-100.0,0.0,MARGIN CALL ($0)
51,54,0.0,8,0,8,1.0,-100.0,0.0,MARGIN CALL ($0)
51,55,0.0,9,1,8,1.0,-100.0,11.11111111111111,MARGIN CALL ($0)
51,56,0.0,9,1,8,1.0,-100.0,11.11111111111111,MARGIN CALL ($0)
51,57,0.0,6,0,6,1.0,-100.0,0.0,MARGIN CALL ($0)
51,58,0.0,6,0,6,1.0,-100.0,0.0,MARGIN CALL ($0)
51,59,0.0,6,0,6,1.0,-100.0,0.0,MARGIN CALL ($0)
51,60,0.0,6,0,6,1.0,-100.0,0.0,MARGIN CALL ($0)
51,61,0.0,6,0,6,1.0,-100.0,0.0,MARGIN CALL ($0)
51,62,0.0,6,0,6,1.0,-100.0,0.0,MARGIN CALL ($0)
51,63,0.0,6,0,6,1.0,-100.0,0.0,MARGIN CALL ($0)
51,64,0.0,6,0,6,1.0,-100.0,0.0,MARGIN CALL ($0)
51,65,0.0,5,0,5,1.0,-100.0,0.0,MARGIN CALL ($0)
51,66,0.0,6,0,6,1.0,-100.0,0.0,MARGIN CALL ($0)
51,67,0.0,9,1,8,1.0,-100.0,11.11111111111111,MARGIN CALL ($0)
51,68,0.0,9,1,8,1.0,-100.0,11.11111111111111,MARGIN CALL ($0)
51,69,0.0,9,1,8,1.0,-100.0,11.11111111111111,MARGIN CALL ($0)
51,70,0.0,8,0,8,1.0,-100.0,0.0,MARGIN CALL ($0)
51,71,0.0,7,0,7,1.0,-100.0,0.0,MARGIN CALL ($0)
51,72,0.0,8,0,8,1.0,-100.0,0.0,MARGIN CALL ($0)
51,73,0.0,8,0,8,1.0,-100.0,0.0,MARGIN CALL ($0)
51,74,0.0,8,0,8,1.0,-100.0,0.0,MARGIN CALL ($0)
51,75,0.0,8,0,8,1.0,-100.0,0.0,MARGIN CALL ($0)
51,76,0.0,8,0,8,1.0,-100.0,0.0,MARGIN CALL ($0)
51,77,0.0,7,0,7,1.0,-100.0,0.0,MARGIN CALL ($0)
51,78,0.0,8,0,8,1.0,-100.0,0.0,MARGIN CALL ($0)
51,79,0.0,8,0,8,1.0,-100.0,0.0,MARGIN CALL ($0)
51,80,0.0,10,0,10,1.0,-100.0,0.0,MARGIN CALL ($0)
51,81,0.0,9,0,9,1.0,-100.0,0.0,MARGIN CALL ($0)
51,82,0.0,7,1,6,1.0,-100.0,14.285714285714285,MARGIN CALL ($0)
51,83,0.0,7,1,6,1.0,-100.0,14.285714285714285,MARGIN CALL ($0)
51,84,0.0,7,1,6,1.0,-100.0,14.285714285714285,MARGIN CALL ($0)
51,85,0.0,8,1,7,1.0,-100.0,12.5,MARGIN CALL ($0)
51,86,0.0,10,1,9,1.0,-100.0,10.0,MARGIN CALL ($0)
51,87,0.0,7,0,7,1.0,-100.0,0.0,MARGIN CALL ($0)
51,88,0.0,7,0,7,1.0,-100.0,0.0,MARGIN CALL ($0)
51,89,0.0,7,0,7,1.0,-100.0,0.0,MARGIN CALL ($0)
51,90,0.0,7,0,7,1.0,-100.0,0.0,MARGIN CALL ($0)
51,91,0.0,7,0,7,1.0,-100.0,0.0,MARGIN CALL ($0)
51,92,0.0,7,0,7,1.0,-100.0,0.0,MARGIN CALL ($0)
51,93,0.0,7,0,7,1.0,-100.0,0.0,MARGIN CALL ($0)
51,94,0.0,7,0,7,1.0,-100.0,0.0,MARGIN CALL ($0)
51,95,0.0,8,0,8,1.0,-100.0,0.0,MARGIN CALL ($0)
51,96,0.0,8,0,8,1.0,-100.0,0.0,MARGIN CALL ($0)
51,97,0.0,8,0,8,1.0,-100.0,0.0,MARGIN CALL ($0)
51,98,0.0,8,0,8,1.0,-100.0,0.0,MARGIN CALL ($0)
51,99,0.0,7,0,7,1.0,-100.0,0.0,MARGIN CALL ($0)
51,100,0.0,7,0,7,1.0,-100.0,0.0,MARGIN CALL ($0)
52,1,0.0,6370,1618,4752,1.0,-100.0,25.400313971742545,MARGIN CALL ($0)
52,2,0.0,6849,1881,4968,1.0,-100.0,27.463863337713533,MARGIN CALL ($0)
52,3,0.0,4090,1147,2943,1.0,-100.0,28.0440097799511,MARGIN CALL ($0)
52,4,0.0,37,8,29,1.0,-100.0,21.62162162162162,MARGIN CALL ($0)
52,5,0.0,14,0,14,1.0,-100.0,0.0,MARGIN CALL ($0)
52,6,0.0,19,1,18,1.0,-100.0,5.263157894736842,MARGIN CALL ($0)
52,7,0.0,18,1,17,1.0,-100.0,5.555555555555555,MARGIN CALL ($0)
52,8,0.0,20,3,17,1.0,-100.0,15.0,MARGIN CALL ($0)
52,9,0.0,22,3,19,1.0,-100.0,13.636363636363635,MARGIN CALL ($0)
52,10,0.0,22,3,19,1.0,-100.0,13.636363636363635,MARGIN CALL ($0)
52,11,0.0,20,3,17,1.0,-100.0,15.0,MARGIN CALL ($0)
52,12,0.0,19,3,16,1.0,-100.0,15.789473684210526,MARGIN CALL ($0)
52,13,0.0,6147,1362,4785,1.0,-100.0,22.15714982918497,MARGIN CALL ($0)
52,14,0.0,40,7,33,1.0,-100.0,17.5,MARGIN CALL ($0)
52,15,0.0,29,5,24,1.0,-100.0,17.24137931034483,MARGIN CALL ($0)
52,16,0.0,12,1,11,1.0,-100.0,8.333333333333332,MARGIN CALL ($0)
52,17,0.0,10,0,10,1.0,-100.0,0.0,MARGIN CALL ($0)
52,18,0.0,5,0,5,1.0,-100.0,0.0,MARGIN CALL ($0)
52,19,0.0,6891,1508,5383,1.0,-100.0,21.88361631113046,MARGIN CALL ($0)
52,20,0.0,7071,1528,5543,1.0,-100.0,21.609390468109176,MARGIN CALL ($0)
52,21,0.0,6765,1438,5327,1.0,-100.0,21.256467110125644,MARGIN CALL ($0)
52,22,0.0,25,3,22,1.0,-100.0,12.0,MARGIN CALL ($0)
52,23,0.0,2876,638,2238,1.0,-100.0,22.18358831710709,MARGIN CALL ($0)
52,24,0.0,1456,340,1116,1.0,-100.0,23.35164835164835,MARGIN CALL ($0)
52,25,0.0,1368,299,1069,1.0,-100.0,21.85672514619883,MARGIN CALL ($0)
52,26,0.0,1279,265,1014,1.0,-100.0,20.71931196247068,MARGIN CALL ($0)
52,27,0.0,952,195,757,1.0,-100.0,20.483193277310924,MARGIN CALL ($0)
52,28,0.0,9,0,9,1.0,-100.0,0.0,MARGIN CALL ($0)
52,29,0.0,9,0,9,1.0,-100.0,0.0,MARGIN CALL ($0)
52,30,0.0,22,3,19,1.0,-100.0,13.636363636363635,MARGIN CALL ($0)
52,31,0.0,21,3,18,1.0,-100.0,14.285714285714285,MARGIN CALL ($0)
52,32,0.0,22,3,19,1.0,-100.0,13.636363636363635,MARGIN CALL ($0)
52,33,0.0,22,3,19,1.0,-100.0,13.636363636363635,MARGIN CALL ($0)
52,34,0.0,23,4,19,1.0,-100.0,17.391304347826086,MARGIN CALL ($0)
52,35,0.0,1148,212,936,1.0,-100.0,18.466898954703833,MARGIN CALL ($0)
52,36,0.0,1178,215,963,1.0,-100.0,18.251273344651953,MARGIN CALL ($0)
52,37,0.0,5202,870,4332,1.0,-100.0,16.724336793540946,MARGIN CALL ($0)
100,87,0.0,7,0,7,1.0,-100.0,0.0,MARGIN CALL ($0)
52,39,0.0,8,0,8,1.0,-100.0,0.0,MARGIN CALL ($0)
52,40,0.0,9,0,9,1.0,-100.0,0.0,MARGIN CALL ($0)
52,41,0.0,7,0,7,1.0,-100.0,0.0,MARGIN CALL ($0)
52,42,0.0,7,0,7,1.0,-100.0,0.0,MARGIN CALL ($0)
52,43,0.0,7,0,7,1.0,-100.0,0.0,MARGIN CALL ($0)
52,44,0.0,7,0,7,1.0,-100.0,0.0,MARGIN CALL ($0)
52,45,0.0,7,0,7,1.0,-100.0,0.0,MARGIN CALL ($0)
52,46,0.0,7,0,7,1.0,-100.0,0.0,MARGIN CALL ($0)
52,47,0.0,8,0,8,1.0,-100.0,0.0,MARGIN CALL ($0)
52,48,0.0,8,0,8,1.0,-100.0,0.0,MARGIN CALL ($0)
52,49,0.0,7,0,7,1.0,-100.0,0.0,MARGIN CALL ($0)
52,50,0.0,7,0,7,1.0,-100.0,0.0,MARGIN CALL ($0)
52,51,0.0,10,1,9,1.0,-100.0,10.0,MARGIN CALL ($0)
52,52,0.0,9,1,8,1.0,-100.0,11.11111111111111,MARGIN CALL ($0)
52,53,0.0,8,0,8,1.0,-100.0,0.0,MARGIN CALL ($0)
52,54,0.0,8,0,8,1.0,-100.0,0.0,MARGIN CALL ($0)
52,55,0.0,8,1,7,1.0,-100.0,12.5,MARGIN CALL ($0)
52,56,0.0,9,1,8,1.0,-100.0,11.11111111111111,MARGIN CALL ($0)
52,57,0.0,6,0,6,1.0,-100.0,0.0,MARGIN CALL ($0)
52,58,0.0,6,0,6,1.0,-100.0,0.0,MARGIN CALL ($0)
52,59,0.0,6,0,6,1.0,-100.0,0.0,MARGIN CALL ($0)
52,60,0.0,6,0,6,1.0,-100.0,0.0,MARGIN CALL ($0)
52,61,0.0,6,0,6,1.0,-100.0,0.0,MARGIN CALL ($0)
52,62,0.0,6,0,6,1.0,-100.0,0.0,MARGIN CALL ($0)
52,63,0.0,6,0,6,1.0,-100.0,0.0,MARGIN CALL ($0)
52,64,0.0,6,0,6,1.0,-100.0,0.0,MARGIN CALL ($0)
52,65,0.0,5,0,5,1.0,-100.0,0.0,MARGIN CALL ($0)
52,66,0.0,6,0,6,1.0,-100.0,0.0,MARGIN CALL ($0)
52,67,0.0,9,1,8,1.0,-100.0,11.11111111111111,MARGIN CALL ($0)
52,68,0.0,9,1,8,1.0,-100.0,11.11111111111111,MARGIN CALL ($0)
52,69,0.0,9,1,8,1.0,-100.0,11.11111111111111,MARGIN CALL ($0)
52,70,0.0,8,0,8,1.0,-100.0,0.0,MARGIN CALL ($0)
52,71,0.0,7,0,7,1.0,-100.0,0.0,MARGIN CALL ($0)
52,72,0.0,8,0,8,1.0,-100.0,0.0,MARGIN CALL ($0)
52,73,0.0,8,0,8,1.0,-100.0,0.0,MARGIN CALL ($0)
52,74,0.0,8,0,8,1.0,-100.0,0.0,MARGIN CALL ($0)
52,75,0.0,8,0,8,1.0,-100.0,0.0,MARGIN CALL ($0)
52,76,0.0,8,0,8,1.0,-100.0,0.0,MARGIN CALL ($0)
52,77,0.0,7,0,7,1.0,-100.0,0.0,MARGIN CALL ($0)
52,78,0.0,8,0,8,1.0,-100.0,0.0,MARGIN CALL ($0)
52,79,0.0,8,0,8,1.0,-100.0,0.0,MARGIN CALL ($0)
52,80,0.0,10,0,10,1.0,-100.0,0.0,MARGIN CALL ($0)
52,81,0.0,9,0,9,1.0,-100.0,0.0,MARGIN CALL ($0)
52,82,0.0,7,1,6,1.0,-100.0,14.285714285714285,MARGIN CALL ($0)
52,83,0.0,7,1,6,1.0,-100.0,14.285714285714285,MARGIN CALL ($0)
52,84,0.0,7,1,6,1.0,-100.0,14.285714285714285,MARGIN CALL ($0)
52,85,0.0,8,1,7,1.0,-100.0,12.5,MARGIN CALL ($0)
52,86,0.0,10,1,9,1.0,-100.0,10.0,MARGIN CALL ($0)
52,87,0.0,7,0,7,1.0,-100.0,0.0,MARGIN CALL ($0)
52,88,0.0,7,0,7,1.0,-100.0,0.0,MARGIN CALL ($0)
52,89,0.0,7,0,7,1.0,-100.0,0.0,MARGIN CALL ($0)
52,90,0.0,7,0,7,1.0,-100.0,0.0,MARGIN CALL ($0)
52,91,0.0,7,0,7,1.0,-100.0,0.0,MARGIN CALL ($0)
52,92,0.0,7,0,7,1.0,-100.0,0.0,MARGIN CALL ($0)
52,93,0.0,7,0,7,1.0,-100.0,0.0,MARGIN CALL ($0)
52,94,0.0,7,0,7,1.0,-100.0,0.0,MARGIN CALL ($0)
52,95,0.0,8,0,8,1.0,-100.0,0.0,MARGIN CALL ($0)
52,96,0.0,8,0,8,1.0,-100.0,0.0,MARGIN CALL ($0)
52,97,0.0,8,0,8,1.0,-100.0,0.0,MARGIN CALL ($0)
52,98,0.0,8,0,8,1.0,-100.0,0.0,MARGIN CALL ($0)
52,99,0.0,7,0,7,1.0,-100.0,0.0,MARGIN CALL ($0)
52,100,0.0,7,0,7,1.0,-100.0,0.0,MARGIN CALL ($0)
53,1,0.0,6298,1586,4712,1.0,-100.0,25.182597650047633,MARGIN CALL ($0)
53,2,0.0,6849,1881,4968,1.0,-100.0,27.463863337713533,MARGIN CALL ($0)
53,3,0.0,4090,1147,2943,1.0,-100.0,28.0440097799511,MARGIN CALL ($0)
53,4,0.0,37,8,29,1.0,-100.0,21.62162162162162,MARGIN CALL ($0)
53,5,0.0,14,0,14,1.0,-100.0,0.0,MARGIN CALL ($0)
53,6,0.0,19,1,18,1.0,-100.0,5.263157894736842,MARGIN CALL ($0)
53,7,0.0,18,1,17,1.0,-100.0,5.555555555555555,MARGIN CALL ($0)
53,8,0.0,20,3,17,1.0,-100.0,15.0,MARGIN CALL ($0)
53,9,0.0,22,3,19,1.0,-100.0,13.636363636363635,MARGIN CALL ($0)
53,10,0.0,22,3,19,1.0,-100.0,13.636363636363635,MARGIN CALL ($0)
53,11,0.0,20,3,17,1.0,-100.0,15.0,MARGIN CALL ($0)
53,12,0.0,19,3,16,1.0,-100.0,15.789473684210526,MARGIN CALL ($0)
53,13,0.0,6121,1351,4770,1.0,-100.0,22.071556935141317,MARGIN CALL ($0)
53,14,0.0,40,7,33,1.0,-100.0,17.5,MARGIN CALL ($0)
53,15,0.0,29,5,24,1.0,-100.0,17.24137931034483,MARGIN CALL ($0)
53,16,0.0,12,1,11,1.0,-100.0,8.333333333333332,MARGIN CALL ($0)
53,17,0.0,10,0,10,1.0,-100.0,0.0,MARGIN CALL ($0)
53,18,0.0,5,0,5,1.0,-100.0,0.0,MARGIN CALL ($0)
53,19,0.0,6256,1357,4899,1.0,-100.0,21.691176470588236,MARGIN CALL ($0)
53,20,0.0,6731,1454,5277,1.0,-100.0,21.60154508988263,MARGIN CALL ($0)
53,21,0.0,6466,1368,5098,1.0,-100.0,21.156820290751625,MARGIN CALL ($0)
53,22,0.0,25,3,22,1.0,-100.0,12.0,MARGIN CALL ($0)
53,23,0.0,2838,627,2211,1.0,-100.0,22.093023255813954,MARGIN CALL ($0)
53,24,0.0,1447,335,1112,1.0,-100.0,23.151347615756737,MARGIN CALL ($0)
53,25,0.0,1364,297,1067,1.0,-100.0,21.774193548387096,MARGIN CALL ($0)
53,26,0.0,1276,263,1013,1.0,-100.0,20.611285266457678,MARGIN CALL ($0)
53,27,0.0,917,183,734,1.0,-100.0,19.95637949836423,MARGIN CALL ($0)
53,28,0.0,8,0,8,1.0,-100.0,0.0,MARGIN CALL ($0)
53,29,0.0,8,0,8,1.0,-100.0,0.0,MARGIN CALL ($0)
53,30,0.0,22,3,19,1.0,-100.0,13.636363636363635,MARGIN CALL ($0)
53,31,0.0,21,3,18,1.0,-100.0,14.285714285714285,MARGIN CALL ($0)
53,32,0.0,22,3,19,1.0,-100.0,13.636363636363635,MARGIN CALL ($0)
53,33,0.0,22,3,19,1.0,-100.0,13.636363636363635,MARGIN CALL ($0)
53,34,0.0,23,4,19,1.0,-100.0,17.391304347826086,MARGIN CALL ($0)
53,35,0.0,1065,200,865,1.0,-100.0,18.779342723004692,MARGIN CALL ($0)
53,36,0.0,1156,215,941,1.0,-100.0,18.598615916955016,MARGIN CALL ($0)
53,37,0.0,5192,867,4325,1.0,-100.0,16.698767334360554,MARGIN CALL ($0)
100,88,0.0,5,0,5,1.0,-100.0,0.0,MARGIN CALL ($0)
53,39,0.0,8,0,8,1.0,-100.0,0.0,MARGIN CALL ($0)
53,40,0.0,9,0,9,1.0,-100.0,0.0,MARGIN CALL ($0)
53,41,0.0,7,0,7,1.0,-100.0,0.0,MARGIN CALL ($0)
53,42,0.0,7,0,7,1.0,-100.0,0.0,MARGIN CALL ($0)
53,43,0.0,7,0,7,1.0,-100.0,0.0,MARGIN CALL ($0)
53,44,0.0,7,0,7,1.0,-100.0,0.0,MARGIN CALL ($0)
53,45,0.0,7,0,7,1.0,-100.0,0.0,MARGIN CALL ($0)
53,46,0.0,7,0,7,1.0,-100.0,0.0,MARGIN CALL ($0)
53,47,0.0,8,0,8,1.0,-100.0,0.0,MARGIN CALL ($0)
53,48,0.0,8,0,8,1.0,-100.0,0.0,MARGIN CALL ($0)
53,49,0.0,7,0,7,1.0,-100.0,0.0,MARGIN CALL ($0)
53,50,0.0,7,0,7,1.0,-100.0,0.0,MARGIN CALL ($0)
53,51,0.0,9,0,9,1.0,-100.0,0.0,MARGIN CALL ($0)
53,52,0.0,8,0,8,1.0,-100.0,0.0,MARGIN CALL ($0)
53,53,0.0,8,0,8,1.0,-100.0,0.0,MARGIN CALL ($0)
53,54,0.0,8,0,8,1.0,-100.0,0.0,MARGIN CALL ($0)
53,55,0.0,8,1,7,1.0,-100.0,12.5,MARGIN CALL ($0)
53,56,0.0,9,1,8,1.0,-100.0,11.11111111111111,MARGIN CALL ($0)
53,57,0.0,6,0,6,1.0,-100.0,0.0,MARGIN CALL ($0)
53,58,0.0,6,0,6,1.0,-100.0,0.0,MARGIN CALL ($0)
53,59,0.0,6,0,6,1.0,-100.0,0.0,MARGIN CALL ($0)
53,60,0.0,6,0,6,1.0,-100.0,0.0,MARGIN CALL ($0)
53,61,0.0,6,0,6,1.0,-100.0,0.0,MARGIN CALL ($0)
53,62,0.0,6,0,6,1.0,-100.0,0.0,MARGIN CALL ($0)
53,63,0.0,6,0,6,1.0,-100.0,0.0,MARGIN CALL ($0)
53,64,0.0,6,0,6,1.0,-100.0,0.0,MARGIN CALL ($0)
53,65,0.0,5,0,5,1.0,-100.0,0.0,MARGIN CALL ($0)
53,66,0.0,6,0,6,1.0,-100.0,0.0,MARGIN CALL ($0)
53,67,0.0,9,1,8,1.0,-100.0,11.11111111111111,MARGIN CALL ($0)
53,68,0.0,9,1,8,1.0,-100.0,11.11111111111111,MARGIN CALL ($0)
53,69,0.0,9,1,8,1.0,-100.0,11.11111111111111,MARGIN CALL ($0)
53,70,0.0,8,0,8,1.0,-100.0,0.0,MARGIN CALL ($0)
53,71,0.0,7,0,7,1.0,-100.0,0.0,MARGIN CALL ($0)
53,72,0.0,7,0,7,1.0,-100.0,0.0,MARGIN CALL ($0)
53,73,0.0,7,0,7,1.0,-100.0,0.0,MARGIN CALL ($0)
53,74,0.0,7,0,7,1.0,-100.0,0.0,MARGIN CALL ($0)
53,75,0.0,7,0,7,1.0,-100.0,0.0,MARGIN CALL ($0)
53,76,0.0,7,0,7,1.0,-100.0,0.0,MARGIN CALL ($0)
53,77,0.0,7,0,7,1.0,-100.0,0.0,MARGIN CALL ($0)
53,78,0.0,8,0,8,1.0,-100.0,0.0,MARGIN CALL ($0)
53,79,0.0,8,0,8,1.0,-100.0,0.0,MARGIN CALL ($0)
53,80,0.0,9,0,9,1.0,-100.0,0.0,MARGIN CALL ($0)
53,81,0.0,12,1,11,1.0,-100.0,8.333333333333332,MARGIN CALL ($0)
53,82,0.0,7,1,6,1.0,-100.0,14.285714285714285,MARGIN CALL ($0)
53,83,0.0,7,1,6,1.0,-100.0,14.285714285714285,MARGIN CALL ($0)
53,84,0.0,7,1,6,1.0,-100.0,14.285714285714285,MARGIN CALL ($0)
53,85,0.0,8,1,7,1.0,-100.0,12.5,MARGIN CALL ($0)
53,86,0.0,10,1,9,1.0,-100.0,10.0,MARGIN CALL ($0)
53,87,0.0,7,0,7,1.0,-100.0,0.0,MARGIN CALL ($0)
53,88,0.0,7,0,7,1.0,-100.0,0.0,MARGIN CALL ($0)
53,89,0.0,7,0,7,1.0,-100.0,0.0,MARGIN CALL ($0)
53,90,0.0,7,0,7,1.0,-100.0,0.0,MARGIN CALL ($0)
53,91,0.0,7,0,7,1.0,-100.0,0.0,MARGIN CALL ($0)
53,92,0.0,7,0,7,1.0,-100.0,0.0,MARGIN CALL ($0)
53,93,0.0,7,0,7,1.0,-100.0,0.0,MARGIN CALL ($0)
53,94,0.0,7,0,7,1.0,-100.0,0.0,MARGIN CALL ($0)
53,95,0.0,8,0,8,1.0,-100.0,0.0,MARGIN CALL ($0)
53,96,0.0,8,0,8,1.0,-100.0,0.0,MARGIN CALL ($0)
53,97,0.0,8,0,8,1.0,-100.0,0.0,MARGIN CALL ($0)
53,98,0.0,8,0,8,1.0,-100.0,0.0,MARGIN CALL ($0)
53,99,0.0,7,0,7,1.0,-100.0,0.0,MARGIN CALL ($0)
53,100,0.0,7,0,7,1.0,-100.0,0.0,MARGIN CALL ($0)
54,1,0.0,6276,1575,4701,1.0,-100.0,25.095602294455066,MARGIN CALL ($0)
54,2,0.0,6849,1881,4968,1.0,-100.0,27.463863337713533,MARGIN CALL ($0)
54,3,0.0,4091,1146,2945,1.0,-100.0,28.012710828648252,MARGIN CALL ($0)
54,4,0.0,37,8,29,1.0,-100.0,21.62162162162162,MARGIN CALL ($0)
54,5,0.0,14,0,14,1.0,-100.0,0.0,MARGIN CALL ($0)
54,6,0.0,19,1,18,1.0,-100.0,5.263157894736842,MARGIN CALL ($0)
54,7,0.0,18,1,17,1.0,-100.0,5.555555555555555,MARGIN CALL ($0)
54,8,0.0,20,3,17,1.0,-100.0,15.0,MARGIN CALL ($0)
54,9,0.0,22,3,19,1.0,-100.0,13.636363636363635,MARGIN CALL ($0)
54,10,0.0,22,3,19,1.0,-100.0,13.636363636363635,MARGIN CALL ($0)
54,11,0.0,20,3,17,1.0,-100.0,15.0,MARGIN CALL ($0)
54,12,0.0,19,3,16,1.0,-100.0,15.789473684210526,MARGIN CALL ($0)
54,13,0.0,5941,1313,4628,1.0,-100.0,22.100656455142232,MARGIN CALL ($0)
54,14,0.0,40,7,33,1.0,-100.0,17.5,MARGIN CALL ($0)
54,15,0.0,29,5,24,1.0,-100.0,17.24137931034483,MARGIN CALL ($0)
54,16,0.0,12,1,11,1.0,-100.0,8.333333333333332,MARGIN CALL ($0)
54,17,0.0,10,0,10,1.0,-100.0,0.0,MARGIN CALL ($0)
54,18,0.0,5,0,5,1.0,-100.0,0.0,MARGIN CALL ($0)
54,19,0.0,5482,1200,4282,1.0,-100.0,21.889821233126597,MARGIN CALL ($0)
54,20,0.0,6686,1443,5243,1.0,-100.0,21.582411008076576,MARGIN CALL ($0)
54,21,0.0,6430,1364,5066,1.0,-100.0,21.213063763608087,MARGIN CALL ($0)
54,22,0.0,24,3,21,1.0,-100.0,12.5,MARGIN CALL ($0)
54,23,0.0,2361,529,1832,1.0,-100.0,22.40576027107158,MARGIN CALL ($0)
54,24,0.0,1448,330,1118,1.0,-100.0,22.790055248618785,MARGIN CALL ($0)
54,25,0.0,1372,301,1071,1.0,-100.0,21.93877551020408,MARGIN CALL ($0)
54,26,0.0,1290,270,1020,1.0,-100.0,20.930232558139537,MARGIN CALL ($0)
54,27,0.0,971,201,770,1.0,-100.0,20.70030895983522,MARGIN CALL ($0)
54,28,0.0,8,0,8,1.0,-100.0,0.0,MARGIN CALL ($0)
54,29,0.0,8,0,8,1.0,-100.0,0.0,MARGIN CALL ($0)
54,30,0.0,21,3,18,1.0,-100.0,14.285714285714285,MARGIN CALL ($0)
54,31,0.0,21,3,18,1.0,-100.0,14.285714285714285,MARGIN CALL ($0)
54,32,0.0,21,3,18,1.0,-100.0,14.285714285714285,MARGIN CALL ($0)
54,33,0.0,21,2,19,1.0,-100.0,9.523809523809524,MARGIN CALL ($0)
54,34,0.0,23,4,19,1.0,-100.0,17.391304347826086,MARGIN CALL ($0)
54,35,0.0,1188,224,964,1.0,-100.0,18.855218855218855,MARGIN CALL ($0)
54,36,0.0,1244,230,1014,1.0,-100.0,18.488745980707396,MARGIN CALL ($0)
54,37,0.0,5083,855,4228,1.0,-100.0,16.820775132795593,MARGIN CALL ($0)
100,89,0.0,5,0,5,1.0,-100.0,0.0,MARGIN CALL ($0)
54,39,0.0,8,0,8,1.0,-100.0,0.0,MARGIN CALL ($0)
54,40,0.0,9,0,9,1.0,-100.0,0.0,MARGIN CALL ($0)
54,41,0.0,7,0,7,1.0,-100.0,0.0,MARGIN CALL ($0)
54,42,0.0,7,0,7,1.0,-100.0,0.0,MARGIN CALL ($0)
54,43,0.0,7,0,7,1.0,-100.0,0.0,MARGIN CALL ($0)
54,44,0.0,7,0,7,1.0,-100.0,0.0,MARGIN CALL ($0)
54,45,0.0,7,0,7,1.0,-100.0,0.0,MARGIN CALL ($0)
54,46,0.0,7,0,7,1.0,-100.0,0.0,MARGIN CALL ($0)
54,47,0.0,8,0,8,1.0,-100.0,0.0,MARGIN CALL ($0)
54,48,0.0,8,0,8,1.0,-100.0,0.0,MARGIN CALL ($0)
54,49,0.0,7,0,7,1.0,-100.0,0.0,MARGIN CALL ($0)
54,50,0.0,7,0,7,1.0,-100.0,0.0,MARGIN CALL ($0)
54,51,0.0,9,0,9,1.0,-100.0,0.0,MARGIN CALL ($0)
54,52,0.0,8,0,8,1.0,-100.0,0.0,MARGIN CALL ($0)
54,53,0.0,8,0,8,1.0,-100.0,0.0,MARGIN CALL ($0)
54,54,0.0,6,0,6,1.0,-100.0,0.0,MARGIN CALL ($0)
54,55,0.0,7,0,7,1.0,-100.0,0.0,MARGIN CALL ($0)
54,56,0.0,7,0,7,1.0,-100.0,0.0,MARGIN CALL ($0)
54,57,0.0,6,0,6,1.0,-100.0,0.0,MARGIN CALL ($0)
54,58,0.0,6,0,6,1.0,-100.0,0.0,MARGIN CALL ($0)
54,59,0.0,6,0,6,1.0,-100.0,0.0,MARGIN CALL ($0)
54,60,0.0,6,0,6,1.0,-100.0,0.0,MARGIN CALL ($0)
54,61,0.0,6,0,6,1.0,-100.0,0.0,MARGIN CALL ($0)
54,62,0.0,6,0,6,1.0,-100.0,0.0,MARGIN CALL ($0)
54,63,0.0,6,0,6,1.0,-100.0,0.0,MARGIN CALL ($0)
54,64,0.0,6,0,6,1.0,-100.0,0.0,MARGIN CALL ($0)
54,65,0.0,5,0,5,1.0,-100.0,0.0,MARGIN CALL ($0)
54,66,0.0,6,0,6,1.0,-100.0,0.0,MARGIN CALL ($0)
54,67,0.0,7,0,7,1.0,-100.0,0.0,MARGIN CALL ($0)
54,68,0.0,8,0,8,1.0,-100.0,0.0,MARGIN CALL ($0)
54,69,0.0,8,0,8,1.0,-100.0,0.0,MARGIN CALL ($0)
54,70,0.0,8,0,8,1.0,-100.0,0.0,MARGIN CALL ($0)
54,71,0.0,7,0,7,1.0,-100.0,0.0,MARGIN CALL ($0)
54,72,0.0,7,0,7,1.0,-100.0,0.0,MARGIN CALL ($0)
54,73,0.0,6,0,6,1.0,-100.0,0.0,MARGIN CALL ($0)
54,74,0.0,6,0,6,1.0,-100.0,0.0,MARGIN CALL ($0)
54,75,0.0,6,0,6,1.0,-100.0,0.0,MARGIN CALL ($0)
54,76,0.0,7,0,7,1.0,-100.0,0.0,MARGIN CALL ($0)
54,77,0.0,6,0,6,1.0,-100.0,0.0,MARGIN CALL ($0)
54,78,0.0,7,0,7,1.0,-100.0,0.0,MARGIN CALL ($0)
54,79,0.0,7,0,7,1.0,-100.0,0.0,MARGIN CALL ($0)
54,80,0.0,9,0,9,1.0,-100.0,0.0,MARGIN CALL ($0)
54,81,0.0,8,0,8,1.0,-100.0,0.0,MARGIN CALL ($0)
54,82,0.0,4,0,4,1.0,-100.0,0.0,MARGIN CALL ($0)
54,83,0.0,4,0,4,1.0,-100.0,0.0,MARGIN CALL ($0)
54,84,0.0,4,0,4,1.0,-100.0,0.0,MARGIN CALL ($0)
54,85,0.0,5,0,5,1.0,-100.0,0.0,MARGIN CALL ($0)
54,86,0.0,8,0,8,1.0,-100.0,0.0,MARGIN CALL ($0)
54,87,0.0,7,0,7,1.0,-100.0,0.0,MARGIN CALL ($0)
54,88,0.0,7,0,7,1.0,-100.0,0.0,MARGIN CALL ($0)
54,89,0.0,7,0,7,1.0,-100.0,0.0,MARGIN CALL ($0)
54,90,0.0,7,0,7,1.0,-100.0,0.0,MARGIN CALL ($0)
54,91,0.0,7,0,7,1.0,-100.0,0.0,MARGIN CALL ($0)
54,92,0.0,7,0,7,1.0,-100.0,0.0,MARGIN CALL ($0)
54,93,0.0,7,0,7,1.0,-100.0,0.0,MARGIN CALL ($0)
54,94,0.0,7,0,7,1.0,-100.0,0.0,MARGIN CALL ($0)
54,95,0.0,8,0,8,1.0,-100.0,0.0,MARGIN CALL ($0)
54,96,0.0,8,0,8,1.0,-100.0,0.0,MARGIN CALL ($0)
54,97,0.0,8,0,8,1.0,-100.0,0.0,MARGIN CALL ($0)
54,98,0.0,8,0,8,1.0,-100.0,0.0,MARGIN CALL ($0)
54,99,0.0,7,0,7,1.0,-100.0,0.0,MARGIN CALL ($0)
54,100,0.0,7,0,7,1.0,-100.0,0.0,MARGIN CALL ($0)
55,1,0.0,6257,1573,4684,1.0,-100.0,25.13984337541953,MARGIN CALL ($0)
55,2,0.0,6849,1881,4968,1.0,-100.0,27.463863337713533,MARGIN CALL ($0)
55,3,0.0,4090,1145,2945,1.0,-100.0,27.995110024449875,MARGIN CALL ($0)
55,4,0.0,37,8,29,1.0,-100.0,21.62162162162162,MARGIN CALL ($0)
55,5,0.0,14,0,14,1.0,-100.0,0.0,MARGIN CALL ($0)
55,6,0.0,19,1,18,1.0,-100.0,5.263157894736842,MARGIN CALL ($0)
55,7,0.0,18,1,17,1.0,-100.0,5.555555555555555,MARGIN CALL ($0)
55,8,0.0,20,3,17,1.0,-100.0,15.0,MARGIN CALL ($0)
55,9,0.0,22,3,19,1.0,-100.0,13.636363636363635,MARGIN CALL ($0)
55,10,0.0,22,3,19,1.0,-100.0,13.636363636363635,MARGIN CALL ($0)
55,11,0.0,20,3,17,1.0,-100.0,15.0,MARGIN CALL ($0)
55,12,0.0,19,3,16,1.0,-100.0,15.789473684210526,MARGIN CALL ($0)
55,13,0.0,6250,1372,4878,1.0,-100.0,21.951999999999998,MARGIN CALL ($0)
55,14,0.0,40,7,33,1.0,-100.0,17.5,MARGIN CALL ($0)
55,15,0.0,29,5,24,1.0,-100.0,17.24137931034483,MARGIN CALL ($0)
55,16,0.0,12,1,11,1.0,-100.0,8.333333333333332,MARGIN CALL ($0)
55,17,0.0,10,0,10,1.0,-100.0,0.0,MARGIN CALL ($0)
55,18,0.0,5,0,5,1.0,-100.0,0.0,MARGIN CALL ($0)
55,19,0.0,5477,1199,4278,1.0,-100.0,21.891546467044,MARGIN CALL ($0)
55,20,0.0,4759,1026,3733,1.0,-100.0,21.55915108216012,MARGIN CALL ($0)
55,21,0.0,6226,1320,4906,1.0,-100.0,21.20141342756184,MARGIN CALL ($0)
55,22,0.0,24,3,21,1.0,-100.0,12.5,MARGIN CALL ($0)
55,23,0.0,2296,515,1781,1.0,-100.0,22.430313588850172,MARGIN CALL ($0)
55,24,0.0,1583,364,1219,1.0,-100.0,22.994314592545802,MARGIN CALL ($0)
55,25,0.0,1566,342,1224,1.0,-100.0,21.839080459770116,MARGIN CALL ($0)
55,26,0.0,1324,279,1045,1.0,-100.0,21.07250755287009,MARGIN CALL ($0)
55,27,0.0,1151,244,907,1.0,-100.0,21.198957428323197,MARGIN CALL ($0)
55,28,0.0,8,0,8,1.0,-100.0,0.0,MARGIN CALL ($0)
55,29,0.0,8,0,8,1.0,-100.0,0.0,MARGIN CALL ($0)
55,30,0.0,21,3,18,1.0,-100.0,14.285714285714285,MARGIN CALL ($0)
55,31,0.0,21,3,18,1.0,-100.0,14.285714285714285,MARGIN CALL ($0)
55,32,0.0,21,3,18,1.0,-100.0,14.285714285714285,MARGIN CALL ($0)
55,33,0.0,21,2,19,1.0,-100.0,9.523809523809524,MARGIN CALL ($0)
55,34,0.0,23,4,19,1.0,-100.0,17.391304347826086,MARGIN CALL ($0)
55,35,0.0,1210,227,983,1.0,-100.0,18.760330578512395,MARGIN CALL ($0)
55,36,0.0,1308,240,1068,1.0,-100.0,18.34862385321101,MARGIN CALL ($0)
55,37,0.0,4007,659,3348,1.0,-100.0,16.446219116546043,MARGIN CALL ($0)
100,90,0.0,5,0,5,1.0,-100.0,0.0,MARGIN CALL ($0)
55,39,0.0,8,0,8,1.0,-100.0,0.0,MARGIN CALL ($0)
55,40,0.0,9,0,9,1.0,-100.0,0.0,MARGIN CALL ($0)
55,41,0.0,7,0,7,1.0,-100.0,0.0,MARGIN CALL ($0)
55,42,0.0,7,0,7,1.0,-100.0,0.0,MARGIN CALL ($0)
55,43,0.0,7,0,7,1.0,-100.0,0.0,MARGIN CALL ($0)
55,44,0.0,7,0,7,1.0,-100.0,0.0,MARGIN CALL ($0)
55,45,0.0,7,0,7,1.0,-100.0,0.0,MARGIN CALL ($0)
55,46,0.0,7,0,7,1.0,-100.0,0.0,MARGIN CALL ($0)
55,47,0.0,9,0,9,1.0,-100.0,0.0,MARGIN CALL ($0)
55,48,0.0,8,0,8,1.0,-100.0,0.0,MARGIN CALL ($0)
55,49,0.0,8,0,8,1.0,-100.0,0.0,MARGIN CALL ($0)
55,50,0.0,7,0,7,1.0,-100.0,0.0,MARGIN CALL ($0)
55,51,0.0,9,0,9,1.0,-100.0,0.0,MARGIN CALL ($0)
55,52,0.0,9,0,9,1.0,-100.0,0.0,MARGIN CALL ($0)
55,53,0.0,9,0,9,1.0,-100.0,0.0,MARGIN CALL ($0)
55,54,0.0,7,0,7,1.0,-100.0,0.0,MARGIN CALL ($0)
55,55,0.0,7,0,7,1.0,-100.0,0.0,MARGIN CALL ($0)
55,56,0.0,7,0,7,1.0,-100.0,0.0,MARGIN CALL ($0)
55,57,0.0,6,0,6,1.0,-100.0,0.0,MARGIN CALL ($0)
55,58,0.0,7,0,7,1.0,-100.0,0.0,MARGIN CALL ($0)
55,59,0.0,7,0,7,1.0,-100.0,0.0,MARGIN CALL ($0)
55,60,0.0,7,0,7,1.0,-100.0,0.0,MARGIN CALL ($0)
55,61,0.0,7,0,7,1.0,-100.0,0.0,MARGIN CALL ($0)
55,62,0.0,7,0,7,1.0,-100.0,0.0,MARGIN CALL ($0)
55,63,0.0,7,0,7,1.0,-100.0,0.0,MARGIN CALL ($0)
55,64,0.0,7,0,7,1.0,-100.0,0.0,MARGIN CALL ($0)
55,65,0.0,6,0,6,1.0,-100.0,0.0,MARGIN CALL ($0)
55,66,0.0,7,0,7,1.0,-100.0,0.0,MARGIN CALL ($0)
55,67,0.0,8,0,8,1.0,-100.0,0.0,MARGIN CALL ($0)
55,68,0.0,9,0,9,1.0,-100.0,0.0,MARGIN CALL ($0)
55,69,0.0,9,0,9,1.0,-100.0,0.0,MARGIN CALL ($0)
55,70,0.0,8,0,8,1.0,-100.0,0.0,MARGIN CALL ($0)
55,71,0.0,7,0,7,1.0,-100.0,0.0,MARGIN CALL ($0)
55,72,0.0,7,0,7,1.0,-100.0,0.0,MARGIN CALL ($0)
55,73,0.0,7,0,7,1.0,-100.0,0.0,MARGIN CALL ($0)
55,74,0.0,7,0,7,1.0,-100.0,0.0,MARGIN CALL ($0)
55,75,0.0,7,0,7,1.0,-100.0,0.0,MARGIN CALL ($0)
55,76,0.0,8,0,8,1.0,-100.0,0.0,MARGIN CALL ($0)
55,77,0.0,7,0,7,1.0,-100.0,0.0,MARGIN CALL ($0)
55,78,0.0,8,0,8,1.0,-100.0,0.0,MARGIN CALL ($0)
55,79,0.0,8,0,8,1.0,-100.0,0.0,MARGIN CALL ($0)
55,80,0.0,10,0,10,1.0,-100.0,0.0,MARGIN CALL ($0)
55,81,0.0,9,0,9,1.0,-100.0,0.0,MARGIN CALL ($0)
55,82,0.0,5,0,5,1.0,-100.0,0.0,MARGIN CALL ($0)
55,83,0.0,5,0,5,1.0,-100.0,0.0,MARGIN CALL ($0)
55,84,0.0,5,0,5,1.0,-100.0,0.0,MARGIN CALL ($0)
55,85,0.0,6,0,6,1.0,-100.0,0.0,MARGIN CALL ($0)
55,86,0.0,9,0,9,1.0,-100.0,0.0,MARGIN CALL ($0)
55,87,0.0,8,0,8,1.0,-100.0,0.0,MARGIN CALL ($0)
55,88,0.0,8,0,8,1.0,-100.0,0.0,MARGIN CALL ($0)
55,89,0.0,8,0,8,1.0,-100.0,0.0,MARGIN CALL ($0)
55,90,0.0,8,0,8,1.0,-100.0,0.0,MARGIN CALL ($0)
55,91,0.0,8,0,8,1.0,-100.0,0.0,MARGIN CALL ($0)
55,92,0.0,8,0,8,1.0,-100.0,0.0,MARGIN CALL ($0)
55,93,0.0,8,0,8,1.0,-100.0,0.0,MARGIN CALL ($0)
55,94,0.0,8,0,8,1.0,-100.0,0.0,MARGIN CALL ($0)
55,95,0.0,9,0,9,1.0,-100.0,0.0,MARGIN CALL ($0)
55,96,0.0,9,0,9,1.0,-100.0,0.0,MARGIN CALL ($0)
55,97,0.0,9,0,9,1.0,-100.0,0.0,MARGIN CALL ($0)
55,98,0.0,9,0,9,1.0,-100.0,0.0,MARGIN CALL ($0)
55,99,0.0,8,0,8,1.0,-100.0,0.0,MARGIN CALL ($0)
55,100,0.0,8,0,8,1.0,-100.0,0.0,MARGIN CALL ($0)
56,1,0.0,6196,1560,4636,1.0,-100.0,25.177533892834088,MARGIN CALL ($0)
56,2,0.0,6849,1881,4968,1.0,-100.0,27.463863337713533,MARGIN CALL ($0)
56,3,0.0,4086,1144,2942,1.0,-100.0,27.998042094958393,MARGIN CALL ($0)
56,4,0.0,37,8,29,1.0,-100.0,21.62162162162162,MARGIN CALL ($0)
56,5,0.0,14,0,14,1.0,-100.0,0.0,MARGIN CALL ($0)
56,6,0.0,19,1,18,1.0,-100.0,5.263157894736842,MARGIN CALL ($0)
56,7,0.0,18,1,17,1.0,-100.0,5.555555555555555,MARGIN CALL ($0)
56,8,0.0,20,3,17,1.0,-100.0,15.0,MARGIN CALL ($0)
56,9,0.0,22,3,19,1.0,-100.0,13.636363636363635,MARGIN CALL ($0)
56,10,0.0,22,3,19,1.0,-100.0,13.636363636363635,MARGIN CALL ($0)
56,11,0.0,20,3,17,1.0,-100.0,15.0,MARGIN CALL ($0)
56,12,0.0,19,3,16,1.0,-100.0,15.789473684210526,MARGIN CALL ($0)
56,13,0.0,6225,1385,4840,1.0,-100.0,22.248995983935743,MARGIN CALL ($0)
56,14,0.0,40,7,33,1.0,-100.0,17.5,MARGIN CALL ($0)
56,15,0.0,29,5,24,1.0,-100.0,17.24137931034483,MARGIN CALL ($0)
56,16,0.0,12,1,11,1.0,-100.0,8.333333333333332,MARGIN CALL ($0)
56,17,0.0,10,0,10,1.0,-100.0,0.0,MARGIN CALL ($0)
56,18,0.0,5,0,5,1.0,-100.0,0.0,MARGIN CALL ($0)
56,19,0.0,5546,1222,4324,1.0,-100.0,22.033898305084744,MARGIN CALL ($0)
56,20,0.0,6073,1294,4779,1.0,-100.0,21.307426313189527,MARGIN CALL ($0)
56,21,0.0,6384,1357,5027,1.0,-100.0,21.256265664160402,MARGIN CALL ($0)
56,22,0.0,24,3,21,1.0,-100.0,12.5,MARGIN CALL ($0)
56,23,0.0,2370,532,1838,1.0,-100.0,22.447257383966246,MARGIN CALL ($0)
56,24,0.0,1448,330,1118,1.0,-100.0,22.790055248618785,MARGIN CALL ($0)
56,25,0.0,1378,302,1076,1.0,-100.0,21.91582002902758,MARGIN CALL ($0)
56,26,0.0,1308,273,1035,1.0,-100.0,20.871559633027523,MARGIN CALL ($0)
56,27,0.0,1090,231,859,1.0,-100.0,21.192660550458715,MARGIN CALL ($0)
56,28,0.0,8,0,8,1.0,-100.0,0.0,MARGIN CALL ($0)
56,29,0.0,8,0,8,1.0,-100.0,0.0,MARGIN CALL ($0)
56,30,0.0,21,3,18,1.0,-100.0,14.285714285714285,MARGIN CALL ($0)
56,31,0.0,21,3,18,1.0,-100.0,14.285714285714285,MARGIN CALL ($0)
56,32,0.0,21,3,18,1.0,-100.0,14.285714285714285,MARGIN CALL ($0)
56,33,0.0,21,2,19,1.0,-100.0,9.523809523809524,MARGIN CALL ($0)
56,34,0.0,23,4,19,1.0,-100.0,17.391304347826086,MARGIN CALL ($0)
56,35,0.0,1161,228,933,1.0,-100.0,19.638242894056848,MARGIN CALL ($0)
56,36,0.0,1187,227,960,1.0,-100.0,19.12384161752317,MARGIN CALL ($0)
100,91,0.0,5,0,5,1.0,-100.0,0.0,MARGIN CALL ($0)
100,92,0.0,5,0,5,1.0,-100.0,0.0,MARGIN CALL ($0)
56,39,0.0,8,0,8,1.0,-100.0,0.0,MARGIN CALL ($0)
56,40,0.0,9,0,9,1.0,-100.0,0.0,MARGIN CALL ($0)
56,41,0.0,7,0,7,1.0,-100.0,0.0,MARGIN CALL ($0)
56,42,0.0,7,0,7,1.0,-100.0,0.0,MARGIN CALL ($0)
56,43,0.0,7,0,7,1.0,-100.0,0.0,MARGIN CALL ($0)
56,44,0.0,7,0,7,1.0,-100.0,0.0,MARGIN CALL ($0)
56,45,0.0,7,0,7,1.0,-100.0,0.0,MARGIN CALL ($0)
56,46,0.0,7,0,7,1.0,-100.0,0.0,MARGIN CALL ($0)
56,47,0.0,9,0,9,1.0,-100.0,0.0,MARGIN CALL ($0)
56,48,0.0,8,0,8,1.0,-100.0,0.0,MARGIN CALL ($0)
56,49,0.0,8,0,8,1.0,-100.0,0.0,MARGIN CALL ($0)
56,50,0.0,7,0,7,1.0,-100.0,0.0,MARGIN CALL ($0)
56,51,0.0,9,0,9,1.0,-100.0,0.0,MARGIN CALL ($0)
56,52,0.0,9,0,9,1.0,-100.0,0.0,MARGIN CALL ($0)
56,53,0.0,9,0,9,1.0,-100.0,0.0,MARGIN CALL ($0)
56,54,0.0,7,0,7,1.0,-100.0,0.0,MARGIN CALL ($0)
56,55,0.0,6,0,6,1.0,-100.0,0.0,MARGIN CALL ($0)
56,56,0.0,6,0,6,1.0,-100.0,0.0,MARGIN CALL ($0)
56,57,0.0,6,0,6,1.0,-100.0,0.0,MARGIN CALL ($0)
56,58,0.0,7,0,7,1.0,-100.0,0.0,MARGIN CALL ($0)
56,59,0.0,7,0,7,1.0,-100.0,0.0,MARGIN CALL ($0)
56,60,0.0,7,0,7,1.0,-100.0,0.0,MARGIN CALL ($0)
56,61,0.0,7,0,7,1.0,-100.0,0.0,MARGIN CALL ($0)
56,62,0.0,7,0,7,1.0,-100.0,0.0,MARGIN CALL ($0)
56,63,0.0,7,0,7,1.0,-100.0,0.0,MARGIN CALL ($0)
56,64,0.0,7,0,7,1.0,-100.0,0.0,MARGIN CALL ($0)
56,65,0.0,6,0,6,1.0,-100.0,0.0,MARGIN CALL ($0)
56,66,0.0,7,0,7,1.0,-100.0,0.0,MARGIN CALL ($0)
56,67,0.0,7,0,7,1.0,-100.0,0.0,MARGIN CALL ($0)
56,68,0.0,8,0,8,1.0,-100.0,0.0,MARGIN CALL ($0)
56,69,0.0,8,0,8,1.0,-100.0,0.0,MARGIN CALL ($0)
56,70,0.0,8,0,8,1.0,-100.0,0.0,MARGIN CALL ($0)
56,71,0.0,7,0,7,1.0,-100.0,0.0,MARGIN CALL ($0)
56,72,0.0,7,0,7,1.0,-100.0,0.0,MARGIN CALL ($0)
56,73,0.0,7,0,7,1.0,-100.0,0.0,MARGIN CALL ($0)
56,74,0.0,7,0,7,1.0,-100.0,0.0,MARGIN CALL ($0)
56,75,0.0,7,0,7,1.0,-100.0,0.0,MARGIN CALL ($0)
56,76,0.0,7,0,7,1.0,-100.0,0.0,MARGIN CALL ($0)
56,77,0.0,6,0,6,1.0,-100.0,0.0,MARGIN CALL ($0)
56,78,0.0,6,0,6,1.0,-100.0,0.0,MARGIN CALL ($0)
56,79,0.0,6,0,6,1.0,-100.0,0.0,MARGIN CALL ($0)
56,80,0.0,10,0,10,1.0,-100.0,0.0,MARGIN CALL ($0)
56,81,0.0,9,0,9,1.0,-100.0,0.0,MARGIN CALL ($0)
56,82,0.0,5,0,5,1.0,-100.0,0.0,MARGIN CALL ($0)
56,83,0.0,5,0,5,1.0,-100.0,0.0,MARGIN CALL ($0)
56,84,0.0,5,0,5,1.0,-100.0,0.0,MARGIN CALL ($0)
56,85,0.0,6,0,6,1.0,-100.0,0.0,MARGIN CALL ($0)
56,86,0.0,8,0,8,1.0,-100.0,0.0,MARGIN CALL ($0)
56,87,0.0,8,0,8,1.0,-100.0,0.0,MARGIN CALL ($0)
56,88,0.0,8,0,8,1.0,-100.0,0.0,MARGIN CALL ($0)
56,89,0.0,8,0,8,1.0,-100.0,0.0,MARGIN CALL ($0)
56,90,0.0,8,1,7,1.0,-100.0,12.5,MARGIN CALL ($0)
56,91,0.0,8,0,8,1.0,-100.0,0.0,MARGIN CALL ($0)
56,92,0.0,8,0,8,1.0,-100.0,0.0,MARGIN CALL ($0)
56,93,0.0,8,0,8,1.0,-100.0,0.0,MARGIN CALL ($0)
56,94,0.0,8,0,8,1.0,-100.0,0.0,MARGIN CALL ($0)
56,95,0.0,9,0,9,1.0,-100.0,0.0,MARGIN CALL ($0)
56,96,0.0,9,0,9,1.0,-100.0,0.0,MARGIN CALL ($0)
56,97,0.0,9,0,9,1.0,-100.0,0.0,MARGIN CALL ($0)
56,98,0.0,9,0,9,1.0,-100.0,0.0,MARGIN CALL ($0)
56,99,0.0,8,0,8,1.0,-100.0,0.0,MARGIN CALL ($0)
56,100,0.0,8,0,8,1.0,-100.0,0.0,MARGIN CALL ($0)
57,1,0.0,5446,1376,4070,1.0,-100.0,25.266250459052515,MARGIN CALL ($0)
57,2,0.0,6849,1881,4968,1.0,-100.0,27.463863337713533,MARGIN CALL ($0)
57,3,0.0,4088,1144,2944,1.0,-100.0,27.984344422700584,MARGIN CALL ($0)
57,4,0.0,37,8,29,1.0,-100.0,21.62162162162162,MARGIN CALL ($0)
57,5,0.0,14,0,14,1.0,-100.0,0.0,MARGIN CALL ($0)
57,6,0.0,19,1,18,1.0,-100.0,5.263157894736842,MARGIN CALL ($0)
57,7,0.0,18,1,17,1.0,-100.0,5.555555555555555,MARGIN CALL ($0)
57,8,0.0,20,3,17,1.0,-100.0,15.0,MARGIN CALL ($0)
57,9,0.0,22,3,19,1.0,-100.0,13.636363636363635,MARGIN CALL ($0)
57,10,0.0,22,3,19,1.0,-100.0,13.636363636363635,MARGIN CALL ($0)
57,11,0.0,20,3,17,1.0,-100.0,15.0,MARGIN CALL ($0)
57,12,0.0,19,3,16,1.0,-100.0,15.789473684210526,MARGIN CALL ($0)
57,13,0.0,5863,1309,4554,1.0,-100.0,22.326454033771107,MARGIN CALL ($0)
57,14,0.0,40,7,33,1.0,-100.0,17.5,MARGIN CALL ($0)
57,15,0.0,29,5,24,1.0,-100.0,17.24137931034483,MARGIN CALL ($0)
57,16,0.0,12,1,11,1.0,-100.0,8.333333333333332,MARGIN CALL ($0)
57,17,0.0,10,0,10,1.0,-100.0,0.0,MARGIN CALL ($0)
57,18,0.0,5,0,5,1.0,-100.0,0.0,MARGIN CALL ($0)
57,19,0.0,5231,1140,4091,1.0,-100.0,21.793156184285987,MARGIN CALL ($0)
57,20,0.0,4632,1010,3622,1.0,-100.0,21.80483592400691,MARGIN CALL ($0)
57,21,0.0,3229,711,2518,1.0,-100.0,22.01920099101889,MARGIN CALL ($0)
57,22,0.0,1501,330,1171,1.0,-100.0,21.985343104596936,MARGIN CALL ($0)
57,23,0.0,2399,526,1873,1.0,-100.0,21.92580241767403,MARGIN CALL ($0)
57,24,0.0,1415,317,1098,1.0,-100.0,22.402826855123674,MARGIN CALL ($0)
57,25,0.0,1312,284,1028,1.0,-100.0,21.646341463414632,MARGIN CALL ($0)
57,26,0.0,1260,265,995,1.0,-100.0,21.03174603174603,MARGIN CALL ($0)
57,27,0.0,986,206,780,1.0,-100.0,20.892494929006087,MARGIN CALL ($0)
57,28,0.0,8,0,8,1.0,-100.0,0.0,MARGIN CALL ($0)
57,29,0.0,8,0,8,1.0,-100.0,0.0,MARGIN CALL ($0)
57,30,0.0,20,3,17,1.0,-100.0,15.0,MARGIN CALL ($0)
57,31,0.0,21,3,18,1.0,-100.0,14.285714285714285,MARGIN CALL ($0)
57,32,0.0,21,3,18,1.0,-100.0,14.285714285714285,MARGIN CALL ($0)
57,33,0.0,20,2,18,1.0,-100.0,10.0,MARGIN CALL ($0)
57,34,0.0,23,4,19,1.0,-100.0,17.391304347826086,MARGIN CALL ($0)
57,35,0.0,1141,220,921,1.0,-100.0,19.281332164767747,MARGIN CALL ($0)
57,36,0.0,1167,222,945,1.0,-100.0,19.02313624678663,MARGIN CALL ($0)
100,93,0.0,5,0,5,1.0,-100.0,0.0,MARGIN CALL ($0)
100,94,0.0,5,0,5,1.0,-100.0,0.0,MARGIN CALL ($0)
57,39,0.0,8,0,8,1.0,-100.0,0.0,MARGIN CALL ($0)
57,40,0.0,9,0,9,1.0,-100.0,0.0,MARGIN CALL ($0)
57,41,0.0,7,0,7,1.0,-100.0,0.0,MARGIN CALL ($0)
57,42,0.0,7,0,7,1.0,-100.0,0.0,MARGIN CALL ($0)
57,43,0.0,6,0,6,1.0,-100.0,0.0,MARGIN CALL ($0)
57,44,0.0,7,0,7,1.0,-100.0,0.0,MARGIN CALL ($0)
57,45,0.0,7,0,7,1.0,-100.0,0.0,MARGIN CALL ($0)
57,46,0.0,6,0,6,1.0,-100.0,0.0,MARGIN CALL ($0)
57,47,0.0,8,0,8,1.0,-100.0,0.0,MARGIN CALL ($0)
57,48,0.0,7,0,7,1.0,-100.0,0.0,MARGIN CALL ($0)
57,49,0.0,6,0,6,1.0,-100.0,0.0,MARGIN CALL ($0)
57,50,0.0,7,0,7,1.0,-100.0,0.0,MARGIN CALL ($0)
57,51,0.0,9,0,9,1.0,-100.0,0.0,MARGIN CALL ($0)
57,52,0.0,9,0,9,1.0,-100.0,0.0,MARGIN CALL ($0)
57,53,0.0,9,0,9,1.0,-100.0,0.0,MARGIN CALL ($0)
57,54,0.0,7,0,7,1.0,-100.0,0.0,MARGIN CALL ($0)
57,55,0.0,6,0,6,1.0,-100.0,0.0,MARGIN CALL ($0)
57,56,0.0,6,0,6,1.0,-100.0,0.0,MARGIN CALL ($0)
57,57,0.0,5,0,5,1.0,-100.0,0.0,MARGIN CALL ($0)
57,58,0.0,5,0,5,1.0,-100.0,0.0,MARGIN CALL ($0)
57,59,0.0,5,0,5,1.0,-100.0,0.0,MARGIN CALL ($0)
57,60,0.0,5,0,5,1.0,-100.0,0.0,MARGIN CALL ($0)
57,61,0.0,5,0,5,1.0,-100.0,0.0,MARGIN CALL ($0)
57,62,0.0,5,0,5,1.0,-100.0,0.0,MARGIN CALL ($0)
57,63,0.0,5,0,5,1.0,-100.0,0.0,MARGIN CALL ($0)
57,64,0.0,5,0,5,1.0,-100.0,0.0,MARGIN CALL ($0)
57,65,0.0,4,0,4,1.0,-100.0,0.0,MARGIN CALL ($0)
57,66,0.0,5,0,5,1.0,-100.0,0.0,MARGIN CALL ($0)
57,67,0.0,4,0,4,1.0,-100.0,0.0,MARGIN CALL ($0)
57,68,0.0,5,0,5,1.0,-100.0,0.0,MARGIN CALL ($0)
57,69,0.0,5,0,5,1.0,-100.0,0.0,MARGIN CALL ($0)
57,70,0.0,7,0,7,1.0,-100.0,0.0,MARGIN CALL ($0)
57,71,0.0,6,0,6,1.0,-100.0,0.0,MARGIN CALL ($0)
57,72,0.0,6,0,6,1.0,-100.0,0.0,MARGIN CALL ($0)
57,73,0.0,6,0,6,1.0,-100.0,0.0,MARGIN CALL ($0)
57,74,0.0,6,0,6,1.0,-100.0,0.0,MARGIN CALL ($0)
57,75,0.0,6,0,6,1.0,-100.0,0.0,MARGIN CALL ($0)
57,76,0.0,6,0,6,1.0,-100.0,0.0,MARGIN CALL ($0)
57,77,0.0,5,0,5,1.0,-100.0,0.0,MARGIN CALL ($0)
57,78,0.0,7,0,7,1.0,-100.0,0.0,MARGIN CALL ($0)
57,79,0.0,6,0,6,1.0,-100.0,0.0,MARGIN CALL ($0)
57,80,0.0,8,0,8,1.0,-100.0,0.0,MARGIN CALL ($0)
57,81,0.0,7,0,7,1.0,-100.0,0.0,MARGIN CALL ($0)
57,82,0.0,3,0,3,1.0,-100.0,0.0,MARGIN CALL ($0)
57,83,0.0,3,0,3,1.0,-100.0,0.0,MARGIN CALL ($0)
57,84,0.0,3,0,3,1.0,-100.0,0.0,MARGIN CALL ($0)
57,85,0.0,4,0,4,1.0,-100.0,0.0,MARGIN CALL ($0)
57,86,0.0,7,0,7,1.0,-100.0,0.0,MARGIN CALL ($0)
57,87,0.0,7,0,7,1.0,-100.0,0.0,MARGIN CALL ($0)
57,88,0.0,7,0,7,1.0,-100.0,0.0,MARGIN CALL ($0)
57,89,0.0,7,0,7,1.0,-100.0,0.0,MARGIN CALL ($0)
57,90,0.0,9,1,8,1.0,-100.0,11.11111111111111,MARGIN CALL ($0)
57,91,0.0,9,0,9,1.0,-100.0,0.0,MARGIN CALL ($0)
57,92,0.0,9,0,9,1.0,-100.0,0.0,MARGIN CALL ($0)
57,93,0.0,9,0,9,1.0,-100.0,0.0,MARGIN CALL ($0)
57,94,0.0,9,0,9,1.0,-100.0,0.0,MARGIN CALL ($0)
57,95,0.0,10,0,10,1.0,-100.0,0.0,MARGIN CALL ($0)
57,96,0.0,10,0,10,1.0,-100.0,0.0,MARGIN CALL ($0)
57,97,0.0,10,0,10,1.0,-100.0,0.0,MARGIN CALL ($0)
57,98,0.0,10,0,10,1.0,-100.0,0.0,MARGIN CALL ($0)
57,99,0.0,9,0,9,1.0,-100.0,0.0,MARGIN CALL ($0)
57,100,0.0,9,0,9,1.0,-100.0,0.0,MARGIN CALL ($0)
58,1,0.0,5449,1373,4076,1.0,-100.0,25.197283905303724,MARGIN CALL ($0)
58,2,0.0,6849,1881,4968,1.0,-100.0,27.463863337713533,MARGIN CALL ($0)
58,3,0.0,4083,1144,2939,1.0,-100.0,28.018613764388927,MARGIN CALL ($0)
58,4,0.0,37,8,29,1.0,-100.0,21.62162162162162,MARGIN CALL ($0)
58,5,0.0,14,0,14,1.0,-100.0,0.0,MARGIN CALL ($0)
58,6,0.0,19,1,18,1.0,-100.0,5.263157894736842,MARGIN CALL ($0)
58,7,0.0,18,1,17,1.0,-100.0,5.555555555555555,MARGIN CALL ($0)
58,8,0.0,20,3,17,1.0,-100.0,15.0,MARGIN CALL ($0)
58,9,0.0,22,3,19,1.0,-100.0,13.636363636363635,MARGIN CALL ($0)
58,10,0.0,22,3,19,1.0,-100.0,13.636363636363635,MARGIN CALL ($0)
58,11,0.0,20,3,17,1.0,-100.0,15.0,MARGIN CALL ($0)
58,12,0.0,19,3,16,1.0,-100.0,15.789473684210526,MARGIN CALL ($0)
58,13,0.0,5907,1312,4595,1.0,-100.0,22.210936177416624,MARGIN CALL ($0)
58,14,0.0,40,7,33,1.0,-100.0,17.5,MARGIN CALL ($0)
58,15,0.0,29,5,24,1.0,-100.0,17.24137931034483,MARGIN CALL ($0)
58,16,0.0,12,1,11,1.0,-100.0,8.333333333333332,MARGIN CALL ($0)
58,17,0.0,10,0,10,1.0,-100.0,0.0,MARGIN CALL ($0)
58,18,0.0,5,0,5,1.0,-100.0,0.0,MARGIN CALL ($0)
58,19,0.0,5250,1146,4104,1.0,-100.0,21.82857142857143,MARGIN CALL ($0)
58,20,0.0,5009,1090,3919,1.0,-100.0,21.760830505090837,MARGIN CALL ($0)
58,21,0.0,5576,1188,4388,1.0,-100.0,21.305595408895265,MARGIN CALL ($0)
58,22,0.0,23,3,20,1.0,-100.0,13.043478260869565,MARGIN CALL ($0)
58,23,0.0,2433,524,1909,1.0,-100.0,21.537196876284423,MARGIN CALL ($0)
58,24,0.0,1450,318,1132,1.0,-100.0,21.931034482758623,MARGIN CALL ($0)
58,25,0.0,1269,269,1000,1.0,-100.0,21.19779353821907,MARGIN CALL ($0)
58,26,0.0,1207,247,960,1.0,-100.0,20.463960231980117,MARGIN CALL ($0)
58,27,0.0,1135,231,904,1.0,-100.0,20.352422907488986,MARGIN CALL ($0)
58,28,0.0,8,0,8,1.0,-100.0,0.0,MARGIN CALL ($0)
58,29,0.0,8,0,8,1.0,-100.0,0.0,MARGIN CALL ($0)
58,30,0.0,20,3,17,1.0,-100.0,15.0,MARGIN CALL ($0)
58,31,0.0,1049,204,845,1.0,-100.0,19.447092469018113,MARGIN CALL ($0)
58,32,0.0,938,182,756,1.0,-100.0,19.402985074626866,MARGIN CALL ($0)
58,33,0.0,19,2,17,1.0,-100.0,10.526315789473683,MARGIN CALL ($0)
58,34,0.0,21,4,17,1.0,-100.0,19.047619047619047,MARGIN CALL ($0)
58,35,0.0,1033,200,833,1.0,-100.0,19.36108422071636,MARGIN CALL ($0)
58,36,0.0,1187,225,962,1.0,-100.0,18.95534962089301,MARGIN CALL ($0)
100,95,0.0,5,0,5,1.0,-100.0,0.0,MARGIN CALL ($0)
100,96,0.0,5,0,5,1.0,-100.0,0.0,MARGIN CALL ($0)
58,39,0.0,8,0,8,1.0,-100.0,0.0,MARGIN CALL ($0)
58,40,0.0,9,0,9,1.0,-100.0,0.0,MARGIN CALL ($0)
58,41,0.0,7,0,7,1.0,-100.0,0.0,MARGIN CALL ($0)
58,42,0.0,7,0,7,1.0,-100.0,0.0,MARGIN CALL ($0)
58,43,0.0,6,0,6,1.0,-100.0,0.0,MARGIN CALL ($0)
58,44,0.0,6,0,6,1.0,-100.0,0.0,MARGIN CALL ($0)
58,45,0.0,6,0,6,1.0,-100.0,0.0,MARGIN CALL ($0)
58,46,0.0,6,0,6,1.0,-100.0,0.0,MARGIN CALL ($0)
58,47,0.0,8,0,8,1.0,-100.0,0.0,MARGIN CALL ($0)
58,48,0.0,7,0,7,1.0,-100.0,0.0,MARGIN CALL ($0)
58,49,0.0,6,0,6,1.0,-100.0,0.0,MARGIN CALL ($0)
58,50,0.0,7,0,7,1.0,-100.0,0.0,MARGIN CALL ($0)
58,51,0.0,6,0,6,1.0,-100.0,0.0,MARGIN CALL ($0)
58,52,0.0,6,0,6,1.0,-100.0,0.0,MARGIN CALL ($0)
58,53,0.0,6,0,6,1.0,-100.0,0.0,MARGIN CALL ($0)
58,54,0.0,5,0,5,1.0,-100.0,0.0,MARGIN CALL ($0)
58,55,0.0,5,0,5,1.0,-100.0,0.0,MARGIN CALL ($0)
58,56,0.0,6,0,6,1.0,-100.0,0.0,MARGIN CALL ($0)
58,57,0.0,5,0,5,1.0,-100.0,0.0,MARGIN CALL ($0)
58,58,0.0,5,0,5,1.0,-100.0,0.0,MARGIN CALL ($0)
58,59,0.0,5,0,5,1.0,-100.0,0.0,MARGIN CALL ($0)
58,60,0.0,5,0,5,1.0,-100.0,0.0,MARGIN CALL ($0)
58,61,0.0,5,0,5,1.0,-100.0,0.0,MARGIN CALL ($0)
58,62,0.0,5,0,5,1.0,-100.0,0.0,MARGIN CALL ($0)
58,63,0.0,5,0,5,1.0,-100.0,0.0,MARGIN CALL ($0)
58,64,0.0,5,0,5,1.0,-100.0,0.0,MARGIN CALL ($0)
58,65,0.0,4,0,4,1.0,-100.0,0.0,MARGIN CALL ($0)
58,66,0.0,5,0,5,1.0,-100.0,0.0,MARGIN CALL ($0)
58,67,0.0,103,11,92,1.0,-100.0,10.679611650485436,MARGIN CALL ($0)
58,68,0.0,5,0,5,1.0,-100.0,0.0,MARGIN CALL ($0)
58,69,0.0,5,0,5,1.0,-100.0,0.0,MARGIN CALL ($0)
58,70,0.0,7,0,7,1.0,-100.0,0.0,MARGIN CALL ($0)
58,71,0.0,6,0,6,1.0,-100.0,0.0,MARGIN CALL ($0)
58,72,0.0,6,0,6,1.0,-100.0,0.0,MARGIN CALL ($0)
58,73,0.0,6,0,6,1.0,-100.0,0.0,MARGIN CALL ($0)
58,74,0.0,6,0,6,1.0,-100.0,0.0,MARGIN CALL ($0)
58,75,0.0,6,0,6,1.0,-100.0,0.0,MARGIN CALL ($0)
58,76,0.0,6,0,6,1.0,-100.0,0.0,MARGIN CALL ($0)
58,77,0.0,5,0,5,1.0,-100.0,0.0,MARGIN CALL ($0)
58,78,0.0,7,0,7,1.0,-100.0,0.0,MARGIN CALL ($0)
58,79,0.0,6,0,6,1.0,-100.0,0.0,MARGIN CALL ($0)
58,80,0.0,8,0,8,1.0,-100.0,0.0,MARGIN CALL ($0)
58,81,0.0,7,0,7,1.0,-100.0,0.0,MARGIN CALL ($0)
58,82,0.0,93,7,86,1.0,-100.0,7.526881720430108,MARGIN CALL ($0)
58,83,0.0,4,0,4,1.0,-100.0,0.0,MARGIN CALL ($0)
58,84,0.0,4,0,4,1.0,-100.0,0.0,MARGIN CALL ($0)
58,85,0.0,5,0,5,1.0,-100.0,0.0,MARGIN CALL ($0)
58,86,0.0,7,0,7,1.0,-100.0,0.0,MARGIN CALL ($0)
58,87,0.0,7,0,7,1.0,-100.0,0.0,MARGIN CALL ($0)
58,88,0.0,7,0,7,1.0,-100.0,0.0,MARGIN CALL ($0)
58,89,0.0,7,0,7,1.0,-100.0,0.0,MARGIN CALL ($0)
58,90,0.0,9,1,8,1.0,-100.0,11.11111111111111,MARGIN CALL ($0)
58,91,0.0,9,0,9,1.0,-100.0,0.0,MARGIN CALL ($0)
58,92,0.0,9,0,9,1.0,-100.0,0.0,MARGIN CALL ($0)
58,93,0.0,9,0,9,1.0,-100.0,0.0,MARGIN CALL ($0)
58,94,0.0,9,0,9,1.0,-100.0,0.0,MARGIN CALL ($0)
58,95,0.0,10,0,10,1.0,-100.0,0.0,MARGIN CALL ($0)
58,96,0.0,10,0,10,1.0,-100.0,0.0,MARGIN CALL ($0)
58,97,0.0,10,0,10,1.0,-100.0,0.0,MARGIN CALL ($0)
58,98,0.0,10,0,10,1.0,-100.0,0.0,MARGIN CALL ($0)
58,99,0.0,9,0,9,1.0,-100.0,0.0,MARGIN CALL ($0)
58,100,0.0,9,0,9,1.0,-100.0,0.0,MARGIN CALL ($0)
59,1,0.0,5373,1355,4018,1.0,-100.0,25.218686022706123,MARGIN CALL ($0)
59,2,0.0,6849,1881,4968,1.0,-100.0,27.463863337713533,MARGIN CALL ($0)
59,3,0.0,4075,1141,2934,1.0,-100.0,28.000000000000004,MARGIN CALL ($0)
59,4,0.0,37,8,29,1.0,-100.0,21.62162162162162,MARGIN CALL ($0)
59,5,0.0,14,0,14,1.0,-100.0,0.0,MARGIN CALL ($0)
59,6,0.0,19,1,18,1.0,-100.0,5.263157894736842,MARGIN CALL ($0)
59,7,0.0,18,1,17,1.0,-100.0,5.555555555555555,MARGIN CALL ($0)
59,8,0.0,20,3,17,1.0,-100.0,15.0,MARGIN CALL ($0)
59,9,0.0,22,3,19,1.0,-100.0,13.636363636363635,MARGIN CALL ($0)
59,10,0.0,22,3,19,1.0,-100.0,13.636363636363635,MARGIN CALL ($0)
59,11,0.0,20,3,17,1.0,-100.0,15.0,MARGIN CALL ($0)
59,12,0.0,19,3,16,1.0,-100.0,15.789473684210526,MARGIN CALL ($0)
59,13,0.0,5876,1300,4576,1.0,-100.0,22.123893805309734,MARGIN CALL ($0)
59,14,0.0,40,7,33,1.0,-100.0,17.5,MARGIN CALL ($0)
59,15,0.0,29,5,24,1.0,-100.0,17.24137931034483,MARGIN CALL ($0)
59,16,0.0,12,1,11,1.0,-100.0,8.333333333333332,MARGIN CALL ($0)
59,17,0.0,10,0,10,1.0,-100.0,0.0,MARGIN CALL ($0)
59,18,0.0,5,0,5,1.0,-100.0,0.0,MARGIN CALL ($0)
59,19,0.0,5275,1161,4114,1.0,-100.0,22.009478672985782,MARGIN CALL ($0)
59,20,0.0,5117,1132,3985,1.0,-100.0,22.12233730701583,MARGIN CALL ($0)
59,21,0.0,4998,1088,3910,1.0,-100.0,21.768707482993197,MARGIN CALL ($0)
59,22,0.0,23,3,20,1.0,-100.0,13.043478260869565,MARGIN CALL ($0)
59,23,0.0,2428,525,1903,1.0,-100.0,21.622734761120263,MARGIN CALL ($0)
59,24,0.0,1434,313,1121,1.0,-100.0,21.827057182705715,MARGIN CALL ($0)
59,25,0.0,1209,253,956,1.0,-100.0,20.926385442514476,MARGIN CALL ($0)
59,26,0.0,1174,237,937,1.0,-100.0,20.18739352640545,MARGIN CALL ($0)
59,27,0.0,1001,204,797,1.0,-100.0,20.37962037962038,MARGIN CALL ($0)
59,28,0.0,8,0,8,1.0,-100.0,0.0,MARGIN CALL ($0)
59,29,0.0,8,0,8,1.0,-100.0,0.0,MARGIN CALL ($0)
59,30,0.0,20,3,17,1.0,-100.0,15.0,MARGIN CALL ($0)
59,31,0.0,1040,204,836,1.0,-100.0,19.615384615384617,MARGIN CALL ($0)
59,32,0.0,932,181,751,1.0,-100.0,19.4206008583691,MARGIN CALL ($0)
59,33,0.0,19,2,17,1.0,-100.0,10.526315789473683,MARGIN CALL ($0)
59,34,0.0,21,4,17,1.0,-100.0,19.047619047619047,MARGIN CALL ($0)
59,35,0.0,1034,198,836,1.0,-100.0,19.148936170212767,MARGIN CALL ($0)
59,36,0.0,1186,221,965,1.0,-100.0,18.634064080944352,MARGIN CALL ($0)
100,97,0.0,5,0,5,1.0,-100.0,0.0,MARGIN CALL ($0)
100,98,0.0,5,0,5,1.0,-100.0,0.0,MARGIN CALL ($0)
59,39,0.0,8,0,8,1.0,-100.0,0.0,MARGIN CALL ($0)
59,40,0.0,9,0,9,1.0,-100.0,0.0,MARGIN CALL ($0)
59,41,0.0,7,0,7,1.0,-100.0,0.0,MARGIN CALL ($0)
59,42,0.0,7,0,7,1.0,-100.0,0.0,MARGIN CALL ($0)
59,43,0.0,6,0,6,1.0,-100.0,0.0,MARGIN CALL ($0)
59,44,0.0,6,0,6,1.0,-100.0,0.0,MARGIN CALL ($0)
59,45,0.0,6,0,6,1.0,-100.0,0.0,MARGIN CALL ($0)
59,46,0.0,6,0,6,1.0,-100.0,0.0,MARGIN CALL ($0)
59,47,0.0,8,0,8,1.0,-100.0,0.0,MARGIN CALL ($0)
59,48,0.0,7,0,7,1.0,-100.0,0.0,MARGIN CALL ($0)
59,49,0.0,6,0,6,1.0,-100.0,0.0,MARGIN CALL ($0)
59,50,0.0,7,0,7,1.0,-100.0,0.0,MARGIN CALL ($0)
59,51,0.0,6,0,6,1.0,-100.0,0.0,MARGIN CALL ($0)
59,52,0.0,6,0,6,1.0,-100.0,0.0,MARGIN CALL ($0)
59,53,0.0,6,0,6,1.0,-100.0,0.0,MARGIN CALL ($0)
59,54,0.0,5,0,5,1.0,-100.0,0.0,MARGIN CALL ($0)
59,55,0.0,5,0,5,1.0,-100.0,0.0,MARGIN CALL ($0)
59,56,0.0,6,0,6,1.0,-100.0,0.0,MARGIN CALL ($0)
59,57,0.0,5,0,5,1.0,-100.0,0.0,MARGIN CALL ($0)
59,58,0.0,5,0,5,1.0,-100.0,0.0,MARGIN CALL ($0)
59,59,0.0,5,0,5,1.0,-100.0,0.0,MARGIN CALL ($0)
59,60,0.0,5,0,5,1.0,-100.0,0.0,MARGIN CALL ($0)
59,61,0.0,5,0,5,1.0,-100.0,0.0,MARGIN CALL ($0)
59,62,0.0,5,0,5,1.0,-100.0,0.0,MARGIN CALL ($0)
59,63,0.0,5,0,5,1.0,-100.0,0.0,MARGIN CALL ($0)
59,64,0.0,5,0,5,1.0,-100.0,0.0,MARGIN CALL ($0)
59,65,0.0,4,0,4,1.0,-100.0,0.0,MARGIN CALL ($0)
59,66,0.0,5,0,5,1.0,-100.0,0.0,MARGIN CALL ($0)
59,67,0.0,104,11,93,1.0,-100.0,10.576923076923077,MARGIN CALL ($0)
59,68,0.0,5,0,5,1.0,-100.0,0.0,MARGIN CALL ($0)
59,69,0.0,5,0,5,1.0,-100.0,0.0,MARGIN CALL ($0)
59,70,0.0,7,0,7,1.0,-100.0,0.0,MARGIN CALL ($0)
59,71,0.0,6,0,6,1.0,-100.0,0.0,MARGIN CALL ($0)
59,72,0.0,6,0,6,1.0,-100.0,0.0,MARGIN CALL ($0)
59,73,0.0,6,0,6,1.0,-100.0,0.0,MARGIN CALL ($0)
59,74,0.0,6,0,6,1.0,-100.0,0.0,MARGIN CALL ($0)
59,75,0.0,6,0,6,1.0,-100.0,0.0,MARGIN CALL ($0)
59,76,0.0,6,0,6,1.0,-100.0,0.0,MARGIN CALL ($0)
59,77,0.0,5,0,5,1.0,-100.0,0.0,MARGIN CALL ($0)
59,78,0.0,7,0,7,1.0,-100.0,0.0,MARGIN CALL ($0)
59,79,0.0,6,0,6,1.0,-100.0,0.0,MARGIN CALL ($0)
59,80,0.0,8,0,8,1.0,-100.0,0.0,MARGIN CALL ($0)
59,81,0.0,7,0,7,1.0,-100.0,0.0,MARGIN CALL ($0)
59,82,0.0,95,7,88,1.0,-100.0,7.368421052631578,MARGIN CALL ($0)
59,83,0.0,4,0,4,1.0,-100.0,0.0,MARGIN CALL ($0)
59,84,0.0,4,0,4,1.0,-100.0,0.0,MARGIN CALL ($0)
59,85,0.0,5,0,5,1.0,-100.0,0.0,MARGIN CALL ($0)
59,86,0.0,7,0,7,1.0,-100.0,0.0,MARGIN CALL ($0)
59,87,0.0,7,0,7,1.0,-100.0,0.0,MARGIN CALL ($0)
59,88,0.0,7,0,7,1.0,-100.0,0.0,MARGIN CALL ($0)
59,89,0.0,7,0,7,1.0,-100.0,0.0,MARGIN CALL ($0)
59,90,0.0,9,1,8,1.0,-100.0,11.11111111111111,MARGIN CALL ($0)
59,91,0.0,9,0,9,1.0,-100.0,0.0,MARGIN CALL ($0)
59,92,0.0,9,0,9,1.0,-100.0,0.0,MARGIN CALL ($0)
59,93,0.0,9,0,9,1.0,-100.0,0.0,MARGIN CALL ($0)
59,94,0.0,9,0,9,1.0,-100.0,0.0,MARGIN CALL ($0)
59,95,0.0,10,0,10,1.0,-100.0,0.0,MARGIN CALL ($0)
59,96,0.0,10,0,10,1.0,-100.0,0.0,MARGIN CALL ($0)
59,97,0.0,10,0,10,1.0,-100.0,0.0,MARGIN CALL ($0)
59,98,0.0,10,0,10,1.0,-100.0,0.0,MARGIN CALL ($0)
59,99,0.0,9,0,9,1.0,-100.0,0.0,MARGIN CALL ($0)
59,100,0.0,9,0,9,1.0,-100.0,0.0,MARGIN CALL ($0)
60,1,0.0,5441,1376,4065,1.0,-100.0,25.289468847638304,MARGIN CALL ($0)
60,2,0.0,6849,1881,4968,1.0,-100.0,27.463863337713533,MARGIN CALL ($0)
60,3,0.0,4075,1141,2934,1.0,-100.0,28.000000000000004,MARGIN CALL ($0)
60,4,0.0,37,8,29,1.0,-100.0,21.62162162162162,MARGIN CALL ($0)
60,5,0.0,14,0,14,1.0,-100.0,0.0,MARGIN CALL ($0)
60,6,0.0,19,1,18,1.0,-100.0,5.263157894736842,MARGIN CALL ($0)
60,7,0.0,18,1,17,1.0,-100.0,5.555555555555555,MARGIN CALL ($0)
60,8,0.0,20,3,17,1.0,-100.0,15.0,MARGIN CALL ($0)
60,9,0.0,22,3,19,1.0,-100.0,13.636363636363635,MARGIN CALL ($0)
60,10,0.0,22,3,19,1.0,-100.0,13.636363636363635,MARGIN CALL ($0)
60,11,0.0,20,3,17,1.0,-100.0,15.0,MARGIN CALL ($0)
60,12,0.0,19,3,16,1.0,-100.0,15.789473684210526,MARGIN CALL ($0)
60,13,0.0,6251,1375,4876,1.0,-100.0,21.996480563109902,MARGIN CALL ($0)
60,14,0.0,40,7,33,1.0,-100.0,17.5,MARGIN CALL ($0)
60,15,0.0,29,5,24,1.0,-100.0,17.24137931034483,MARGIN CALL ($0)
60,16,0.0,12,1,11,1.0,-100.0,8.333333333333332,MARGIN CALL ($0)
60,17,0.0,10,0,10,1.0,-100.0,0.0,MARGIN CALL ($0)
60,18,0.0,5,0,5,1.0,-100.0,0.0,MARGIN CALL ($0)
60,19,0.0,5438,1202,4236,1.0,-100.0,22.103714600956234,MARGIN CALL ($0)
60,20,0.0,5985,1278,4707,1.0,-100.0,21.353383458646615,MARGIN CALL ($0)
60,21,0.0,5822,1241,4581,1.0,-100.0,21.31569907248368,MARGIN CALL ($0)
60,22,0.0,24,3,21,1.0,-100.0,12.5,MARGIN CALL ($0)
60,23,0.0,2451,530,1921,1.0,-100.0,21.623827009383927,MARGIN CALL ($0)
60,24,0.0,1306,280,1026,1.0,-100.0,21.43950995405819,MARGIN CALL ($0)
60,25,0.0,1030,215,815,1.0,-100.0,20.87378640776699,MARGIN CALL ($0)
60,26,0.0,1049,211,838,1.0,-100.0,20.11439466158246,MARGIN CALL ($0)
60,27,0.0,955,189,766,1.0,-100.0,19.790575916230367,MARGIN CALL ($0)
60,28,0.0,8,0,8,1.0,-100.0,0.0,MARGIN CALL ($0)
60,29,0.0,8,0,8,1.0,-100.0,0.0,MARGIN CALL ($0)
60,30,0.0,20,3,17,1.0,-100.0,15.0,MARGIN CALL ($0)
60,31,0.0,1040,206,834,1.0,-100.0,19.807692307692307,MARGIN CALL ($0)
60,32,0.0,924,181,743,1.0,-100.0,19.58874458874459,MARGIN CALL ($0)
60,33,0.0,19,2,17,1.0,-100.0,10.526315789473683,MARGIN CALL ($0)
60,34,0.0,21,4,17,1.0,-100.0,19.047619047619047,MARGIN CALL ($0)
60,35,0.0,1025,196,829,1.0,-100.0,19.121951219512194,MARGIN CALL ($0)
60,36,0.0,1188,221,967,1.0,-100.0,18.602693602693606,MARGIN CALL ($0)
100,99,0.0,5,0,5,1.0,-100.0,0.0,MARGIN CALL ($0)
100,100,0.0,5,0,5,1.0,-100.0,0.0,MARGIN CALL ($0)
60,39,0.0,8,0,8,1.0,-100.0,0.0,MARGIN CALL ($0)
60,40,0.0,9,0,9,1.0,-100.0,0.0,MARGIN CALL ($0)
60,41,0.0,7,0,7,1.0,-100.0,0.0,MARGIN CALL ($0)
60,42,0.0,7,0,7,1.0,-100.0,0.0,MARGIN CALL ($0)
60,43,0.0,6,0,6,1.0,-100.0,0.0,MARGIN CALL ($0)
60,44,0.0,6,0,6,1.0,-100.0,0.0,MARGIN CALL ($0)
60,45,0.0,6,0,6,1.0,-100.0,0.0,MARGIN CALL ($0)
60,46,0.0,6,0,6,1.0,-100.0,0.0,MARGIN CALL ($0)
60,47,0.0,8,0,8,1.0,-100.0,0.0,MARGIN CALL ($0)
60,48,0.0,7,0,7,1.0,-100.0,0.0,MARGIN CALL ($0)
60,49,0.0,6,0,6,1.0,-100.0,0.0,MARGIN CALL ($0)
60,50,0.0,7,0,7,1.0,-100.0,0.0,MARGIN CALL ($0)
60,51,0.0,6,0,6,1.0,-100.0,0.0,MARGIN CALL ($0)
60,52,0.0,6,0,6,1.0,-100.0,0.0,MARGIN CALL ($0)
60,53,0.0,6,0,6,1.0,-100.0,0.0,MARGIN CALL ($0)
60,54,0.0,5,0,5,1.0,-100.0,0.0,MARGIN CALL ($0)
60,55,0.0,5,0,5,1.0,-100.0,0.0,MARGIN CALL ($0)
60,56,0.0,6,0,6,1.0,-100.0,0.0,MARGIN CALL ($0)
60,57,0.0,5,0,5,1.0,-100.0,0.0,MARGIN CALL ($0)
60,58,0.0,5,0,5,1.0,-100.0,0.0,MARGIN CALL ($0)
60,59,0.0,5,0,5,1.0,-100.0,0.0,MARGIN CALL ($0)
60,60,0.0,5,0,5,1.0,-100.0,0.0,MARGIN CALL ($0)
60,61,0.0,5,0,5,1.0,-100.0,0.0,MARGIN CALL ($0)
60,62,0.0,5,0,5,1.0,-100.0,0.0,MARGIN CALL ($0)
60,63,0.0,5,0,5,1.0,-100.0,0.0,MARGIN CALL ($0)
60,64,0.0,5,0,5,1.0,-100.0,0.0,MARGIN CALL ($0)
60,65,0.0,4,0,4,1.0,-100.0,0.0,MARGIN CALL ($0)
60,66,0.0,5,0,5,1.0,-100.0,0.0,MARGIN CALL ($0)
60,67,0.0,104,11,93,1.0,-100.0,10.576923076923077,MARGIN CALL ($0)
60,68,0.0,5,0,5,1.0,-100.0,0.0,MARGIN CALL ($0)
60,69,0.0,5,0,5,1.0,-100.0,0.0,MARGIN CALL ($0)
60,70,0.0,7,0,7,1.0,-100.0,0.0,MARGIN CALL ($0)
60,71,0.0,6,0,6,1.0,-100.0,0.0,MARGIN CALL ($0)
60,72,0.0,6,0,6,1.0,-100.0,0.0,MARGIN CALL ($0)
60,73,0.0,6,0,6,1.0,-100.0,0.0,MARGIN CALL ($0)
60,74,0.0,6,0,6,1.0,-100.0,0.0,MARGIN CALL ($0)
60,75,0.0,6,0,6,1.0,-100.0,0.0,MARGIN CALL ($0)
60,76,0.0,6,0,6,1.0,-100.0,0.0,MARGIN CALL ($0)
60,77,0.0,5,0,5,1.0,-100.0,0.0,MARGIN CALL ($0)
60,78,0.0,7,0,7,1.0,-100.0,0.0,MARGIN CALL ($0)
60,79,0.0,6,0,6,1.0,-100.0,0.0,MARGIN CALL ($0)
60,80,0.0,8,0,8,1.0,-100.0,0.0,MARGIN CALL ($0)
60,81,0.0,7,0,7,1.0,-100.0,0.0,MARGIN CALL ($0)
60,82,0.0,96,7,89,1.0,-100.0,7.291666666666667,MARGIN CALL ($0)
60,83,0.0,4,0,4,1.0,-100.0,0.0,MARGIN CALL ($0)
60,84,0.0,4,0,4,1.0,-100.0,0.0,MARGIN CALL ($0)
60,85,0.0,5,0,5,1.0,-100.0,0.0,MARGIN CALL ($0)
60,86,0.0,7,0,7,1.0,-100.0,0.0,MARGIN CALL ($0)
60,87,0.0,7,0,7,1.0,-100.0,0.0,MARGIN CALL ($0)
60,88,0.0,7,0,7,1.0,-100.0,0.0,MARGIN CALL ($0)
60,89,0.0,7,0,7,1.0,-100.0,0.0,MARGIN CALL ($0)
60,90,0.0,9,1,8,1.0,-100.0,11.11111111111111,MARGIN CALL ($0)
60,91,0.0,9,0,9,1.0,-100.0,0.0,MARGIN CALL ($0)
60,92,0.0,9,0,9,1.0,-100.0,0.0,MARGIN CALL ($0)
60,93,0.0,9,0,9,1.0,-100.0,0.0,MARGIN CALL ($0)
60,94,0.0,9,0,9,1.0,-100.0,0.0,MARGIN CALL ($0)
60,95,0.0,10,0,10,1.0,-100.0,0.0,MARGIN CALL ($0)
60,96,0.0,10,0,10,1.0,-100.0,0.0,MARGIN CALL ($0)
60,97,0.0,10,0,10,1.0,-100.0,0.0,MARGIN CALL ($0)
60,98,0.0,10,0,10,1.0,-100.0,0.0,MARGIN CALL ($0)
60,99,0.0,9,0,9,1.0,-100.0,0.0,MARGIN CALL ($0)
60,100,0.0,9,0,9,1.0,-100.0,0.0,MARGIN CALL ($0)
61,1,0.0,5373,1356,4017,1.0,-100.0,25.237297599106647,MARGIN CALL ($0)
61,2,0.0,6848,1881,4967,1.0,-100.0,27.4678738317757,MARGIN CALL ($0)
61,3,0.0,4080,1144,2936,1.0,-100.0,28.03921568627451,MARGIN CALL ($0)
61,4,0.0,37,8,29,1.0,-100.0,21.62162162162162,MARGIN CALL ($0)
61,5,0.0,14,0,14,1.0,-100.0,0.0,MARGIN CALL ($0)
61,6,0.0,19,1,18,1.0,-100.0,5.263157894736842,MARGIN CALL ($0)
61,7,0.0,18,1,17,1.0,-100.0,5.555555555555555,MARGIN CALL ($0)
61,8,0.0,20,3,17,1.0,-100.0,15.0,MARGIN CALL ($0)
61,9,0.0,22,3,19,1.0,-100.0,13.636363636363635,MARGIN CALL ($0)
61,10,0.0,22,3,19,1.0,-100.0,13.636363636363635,MARGIN CALL ($0)
61,11,0.0,20,3,17,1.0,-100.0,15.0,MARGIN CALL ($0)
61,12,0.0,19,3,16,1.0,-100.0,15.789473684210526,MARGIN CALL ($0)
61,13,0.0,5937,1317,4620,1.0,-100.0,22.182920667003536,MARGIN CALL ($0)
61,14,0.0,40,7,33,1.0,-100.0,17.5,MARGIN CALL ($0)
61,15,0.0,29,5,24,1.0,-100.0,17.24137931034483,MARGIN CALL ($0)
61,16,0.0,12,1,11,1.0,-100.0,8.333333333333332,MARGIN CALL ($0)
61,17,0.0,10,0,10,1.0,-100.0,0.0,MARGIN CALL ($0)
61,18,0.0,5,0,5,1.0,-100.0,0.0,MARGIN CALL ($0)
61,19,0.0,5965,1306,4659,1.0,-100.0,21.894383906119028,MARGIN CALL ($0)
61,20,0.0,6094,1306,4788,1.0,-100.0,21.430915654742368,MARGIN CALL ($0)
61,21,0.0,5915,1270,4645,1.0,-100.0,21.47083685545224,MARGIN CALL ($0)
61,22,0.0,24,3,21,1.0,-100.0,12.5,MARGIN CALL ($0)
61,23,0.0,2799,608,2191,1.0,-100.0,21.722043586995355,MARGIN CALL ($0)
61,24,0.0,1373,302,1071,1.0,-100.0,21.99563000728332,MARGIN CALL ($0)
61,25,0.0,1027,216,811,1.0,-100.0,21.03213242453749,MARGIN CALL ($0)
61,26,0.0,998,198,800,1.0,-100.0,19.839679358717436,MARGIN CALL ($0)
61,27,0.0,940,187,753,1.0,-100.0,19.893617021276597,MARGIN CALL ($0)
61,28,0.0,8,0,8,1.0,-100.0,0.0,MARGIN CALL ($0)
61,29,0.0,8,0,8,1.0,-100.0,0.0,MARGIN CALL ($0)
61,30,0.0,20,3,17,1.0,-100.0,15.0,MARGIN CALL ($0)
61,31,0.0,1028,205,823,1.0,-100.0,19.941634241245136,MARGIN CALL ($0)
61,32,0.0,927,183,744,1.0,-100.0,19.741100323624593,MARGIN CALL ($0)
61,33,0.0,19,2,17,1.0,-100.0,10.526315789473683,MARGIN CALL ($0)
61,34,0.0,21,4,17,1.0,-100.0,19.047619047619047,MARGIN CALL ($0)
61,35,0.0,1010,193,817,1.0,-100.0,19.10891089108911,MARGIN CALL ($0)
61,36,0.0,1171,217,954,1.0,-100.0,18.531169940222032,MARGIN CALL ($0)
1,17,0.0,4779,1307,3472,1.0,-100.0,27.34881774429797,MARGIN CALL ($0)
1,18,0.0,3381,968,2413,1.0,-100.0,28.630582667849747,MARGIN CALL ($0)
61,39,0.0,8,0,8,1.0,-100.0,0.0,MARGIN CALL ($0)
61,40,0.0,9,0,9,1.0,-100.0,0.0,MARGIN CALL ($0)
61,41,0.0,7,0,7,1.0,-100.0,0.0,MARGIN CALL ($0)
61,42,0.0,7,0,7,1.0,-100.0,0.0,MARGIN CALL ($0)
61,43,0.0,6,0,6,1.0,-100.0,0.0,MARGIN CALL ($0)
61,44,0.0,6,0,6,1.0,-100.0,0.0,MARGIN CALL ($0)
61,45,0.0,6,0,6,1.0,-100.0,0.0,MARGIN CALL ($0)
61,46,0.0,6,0,6,1.0,-100.0,0.0,MARGIN CALL ($0)
61,47,0.0,8,0,8,1.0,-100.0,0.0,MARGIN CALL ($0)
61,48,0.0,7,0,7,1.0,-100.0,0.0,MARGIN CALL ($0)
61,49,0.0,6,0,6,1.0,-100.0,0.0,MARGIN CALL ($0)
61,50,0.0,7,0,7,1.0,-100.0,0.0,MARGIN CALL ($0)
61,51,0.0,6,0,6,1.0,-100.0,0.0,MARGIN CALL ($0)
61,52,0.0,6,0,6,1.0,-100.0,0.0,MARGIN CALL ($0)
61,53,0.0,6,0,6,1.0,-100.0,0.0,MARGIN CALL ($0)
61,54,0.0,5,0,5,1.0,-100.0,0.0,MARGIN CALL ($0)
61,55,0.0,5,0,5,1.0,-100.0,0.0,MARGIN CALL ($0)
61,56,0.0,6,0,6,1.0,-100.0,0.0,MARGIN CALL ($0)
61,57,0.0,5,0,5,1.0,-100.0,0.0,MARGIN CALL ($0)
61,58,0.0,5,0,5,1.0,-100.0,0.0,MARGIN CALL ($0)
61,59,0.0,5,0,5,1.0,-100.0,0.0,MARGIN CALL ($0)
61,60,0.0,5,0,5,1.0,-100.0,0.0,MARGIN CALL ($0)
61,61,0.0,5,0,5,1.0,-100.0,0.0,MARGIN CALL ($0)
61,62,0.0,5,0,5,1.0,-100.0,0.0,MARGIN CALL ($0)
61,63,0.0,5,0,5,1.0,-100.0,0.0,MARGIN CALL ($0)
61,64,0.0,5,0,5,1.0,-100.0,0.0,MARGIN CALL ($0)
61,65,0.0,4,0,4,1.0,-100.0,0.0,MARGIN CALL ($0)
61,66,0.0,5,0,5,1.0,-100.0,0.0,MARGIN CALL ($0)
61,67,0.0,100,10,90,1.0,-100.0,10.0,MARGIN CALL ($0)
61,68,0.0,5,0,5,1.0,-100.0,0.0,MARGIN CALL ($0)
61,69,0.0,5,0,5,1.0,-100.0,0.0,MARGIN CALL ($0)
61,70,0.0,7,0,7,1.0,-100.0,0.0,MARGIN CALL ($0)
61,71,0.0,6,0,6,1.0,-100.0,0.0,MARGIN CALL ($0)
61,72,0.0,6,0,6,1.0,-100.0,0.0,MARGIN CALL ($0)
61,73,0.0,6,0,6,1.0,-100.0,0.0,MARGIN CALL ($0)
61,74,0.0,6,0,6,1.0,-100.0,0.0,MARGIN CALL ($0)
61,75,0.0,6,0,6,1.0,-100.0,0.0,MARGIN CALL ($0)
61,76,0.0,6,0,6,1.0,-100.0,0.0,MARGIN CALL ($0)
61,77,0.0,5,0,5,1.0,-100.0,0.0,MARGIN CALL ($0)
61,78,0.0,7,0,7,1.0,-100.0,0.0,MARGIN CALL ($0)
61,79,0.0,6,0,6,1.0,-100.0,0.0,MARGIN CALL ($0)
61,80,0.0,8,0,8,1.0,-100.0,0.0,MARGIN CALL ($0)
61,81,0.0,7,0,7,1.0,-100.0,0.0,MARGIN CALL ($0)
61,82,0.0,87,6,81,1.0,-100.0,6.896551724137931,MARGIN CALL ($0)
61,83,0.0,4,0,4,1.0,-100.0,0.0,MARGIN CALL ($0)
61,84,0.0,4,0,4,1.0,-100.0,0.0,MARGIN CALL ($0)
61,85,0.0,5,0,5,1.0,-100.0,0.0,MARGIN CALL ($0)
61,86,0.0,7,0,7,1.0,-100.0,0.0,MARGIN CALL ($0)
61,87,0.0,7,0,7,1.0,-100.0,0.0,MARGIN CALL ($0)
61,88,0.0,7,0,7,1.0,-100.0,0.0,MARGIN CALL ($0)
61,89,0.0,7,0,7,1.0,-100.0,0.0,MARGIN CALL ($0)
61,90,0.0,9,1,8,1.0,-100.0,11.11111111111111,MARGIN CALL ($0)
61,91,0.0,9,0,9,1.0,-100.0,0.0,MARGIN CALL ($0)
61,92,0.0,9,0,9,1.0,-100.0,0.0,MARGIN CALL ($0)
61,93,0.0,9,0,9,1.0,-100.0,0.0,MARGIN CALL ($0)
61,94,0.0,9,0,9,1.0,-100.0,0.0,MARGIN CALL ($0)
61,95,0.0,10,0,10,1.0,-100.0,0.0,MARGIN CALL ($0)
61,96,0.0,10,0,10,1.0,-100.0,0.0,MARGIN CALL ($0)
61,97,0.0,10,0,10,1.0,-100.0,0.0,MARGIN CALL ($0)
61,98,0.0,10,0,10,1.0,-100.0,0.0,MARGIN CALL ($0)
61,99,0.0,9,0,9,1.0,-100.0,0.0,MARGIN CALL ($0)
61,100,0.0,9,0,9,1.0,-100.0,0.0,MARGIN CALL ($0)
62,1,0.0,5369,1351,4018,1.0,-100.0,25.16297262059974,MARGIN CALL ($0)
62,2,0.0,6848,1881,4967,1.0,-100.0,27.4678738317757,MARGIN CALL ($0)
62,3,0.0,4087,1145,2942,1.0,-100.0,28.01565940787864,MARGIN CALL ($0)
62,4,0.0,37,8,29,1.0,-100.0,21.62162162162162,MARGIN CALL ($0)
62,5,0.0,14,0,14,1.0,-100.0,0.0,MARGIN CALL ($0)
62,6,0.0,19,1,18,1.0,-100.0,5.263157894736842,MARGIN CALL ($0)
62,7,0.0,18,1,17,1.0,-100.0,5.555555555555555,MARGIN CALL ($0)
62,8,0.0,20,3,17,1.0,-100.0,15.0,MARGIN CALL ($0)
62,9,0.0,22,3,19,1.0,-100.0,13.636363636363635,MARGIN CALL ($0)
62,10,0.0,22,3,19,1.0,-100.0,13.636363636363635,MARGIN CALL ($0)
62,11,0.0,20,3,17,1.0,-100.0,15.0,MARGIN CALL ($0)
62,12,0.0,19,3,16,1.0,-100.0,15.789473684210526,MARGIN CALL ($0)
62,13,0.0,5903,1315,4588,1.0,-100.0,22.2768084025072,MARGIN CALL ($0)
62,14,0.0,40,7,33,1.0,-100.0,17.5,MARGIN CALL ($0)
62,15,0.0,29,5,24,1.0,-100.0,17.24137931034483,MARGIN CALL ($0)
62,16,0.0,12,1,11,1.0,-100.0,8.333333333333332,MARGIN CALL ($0)
62,17,0.0,10,0,10,1.0,-100.0,0.0,MARGIN CALL ($0)
62,18,0.0,5,0,5,1.0,-100.0,0.0,MARGIN CALL ($0)
62,19,0.0,5998,1306,4692,1.0,-100.0,21.773924641547183,MARGIN CALL ($0)
62,20,0.0,6590,1423,5167,1.0,-100.0,21.593323216995447,MARGIN CALL ($0)
62,21,0.0,6459,1394,5065,1.0,-100.0,21.582288279919492,MARGIN CALL ($0)
62,22,0.0,24,3,21,1.0,-100.0,12.5,MARGIN CALL ($0)
62,23,0.0,2846,634,2212,1.0,-100.0,22.276879831342235,MARGIN CALL ($0)
62,24,0.0,1441,323,1118,1.0,-100.0,22.414989590562108,MARGIN CALL ($0)
62,25,0.0,1213,264,949,1.0,-100.0,21.76422093981863,MARGIN CALL ($0)
62,26,0.0,1179,244,935,1.0,-100.0,20.69550466497031,MARGIN CALL ($0)
62,27,0.0,957,192,765,1.0,-100.0,20.06269592476489,MARGIN CALL ($0)
62,28,0.0,8,0,8,1.0,-100.0,0.0,MARGIN CALL ($0)
62,29,0.0,8,0,8,1.0,-100.0,0.0,MARGIN CALL ($0)
62,30,0.0,20,3,17,1.0,-100.0,15.0,MARGIN CALL ($0)
62,31,0.0,1034,208,826,1.0,-100.0,20.116054158607348,MARGIN CALL ($0)
62,32,0.0,956,189,767,1.0,-100.0,19.769874476987447,MARGIN CALL ($0)
62,33,0.0,19,2,17,1.0,-100.0,10.526315789473683,MARGIN CALL ($0)
62,34,0.0,21,4,17,1.0,-100.0,19.047619047619047,MARGIN CALL ($0)
62,35,0.0,1033,195,838,1.0,-100.0,18.87705711519845,MARGIN CALL ($0)
62,36,0.0,1191,222,969,1.0,-100.0,18.639798488664987,MARGIN CALL ($0)
1,19,0.0,4344,1264,3080,1.0,-100.0,29.097605893186003,MARGIN CALL ($0)
1,20,0.0,4452,1290,3162,1.0,-100.0,28.975741239892184,MARGIN CALL ($0)
62,39,0.0,8,0,8,1.0,-100.0,0.0,MARGIN CALL ($0)
62,40,0.0,9,0,9,1.0,-100.0,0.0,MARGIN CALL ($0)
62,41,0.0,7,0,7,1.0,-100.0,0.0,MARGIN CALL ($0)
62,42,0.0,7,0,7,1.0,-100.0,0.0,MARGIN CALL ($0)
62,43,0.0,6,0,6,1.0,-100.0,0.0,MARGIN CALL ($0)
62,44,0.0,6,0,6,1.0,-100.0,0.0,MARGIN CALL ($0)
62,45,0.0,6,0,6,1.0,-100.0,0.0,MARGIN CALL ($0)
62,46,0.0,6,0,6,1.0,-100.0,0.0,MARGIN CALL ($0)
62,47,0.0,8,0,8,1.0,-100.0,0.0,MARGIN CALL ($0)
62,48,0.0,7,0,7,1.0,-100.0,0.0,MARGIN CALL ($0)
62,49,0.0,6,0,6,1.0,-100.0,0.0,MARGIN CALL ($0)
62,50,0.0,7,0,7,1.0,-100.0,0.0,MARGIN CALL ($0)
62,51,0.0,6,0,6,1.0,-100.0,0.0,MARGIN CALL ($0)
62,52,0.0,6,0,6,1.0,-100.0,0.0,MARGIN CALL ($0)
62,53,0.0,6,0,6,1.0,-100.0,0.0,MARGIN CALL ($0)
62,54,0.0,5,0,5,1.0,-100.0,0.0,MARGIN CALL ($0)
62,55,0.0,5,0,5,1.0,-100.0,0.0,MARGIN CALL ($0)
62,56,0.0,6,0,6,1.0,-100.0,0.0,MARGIN CALL ($0)
62,57,0.0,5,0,5,1.0,-100.0,0.0,MARGIN CALL ($0)
62,58,0.0,5,0,5,1.0,-100.0,0.0,MARGIN CALL ($0)
62,59,0.0,5,0,5,1.0,-100.0,0.0,MARGIN CALL ($0)
62,60,0.0,5,0,5,1.0,-100.0,0.0,MARGIN CALL ($0)
62,61,0.0,5,0,5,1.0,-100.0,0.0,MARGIN CALL ($0)
62,62,0.0,5,0,5,1.0,-100.0,0.0,MARGIN CALL ($0)
62,63,0.0,5,0,5,1.0,-100.0,0.0,MARGIN CALL ($0)
62,64,0.0,5,0,5,1.0,-100.0,0.0,MARGIN CALL ($0)
62,65,0.0,4,0,4,1.0,-100.0,0.0,MARGIN CALL ($0)
62,66,0.0,5,0,5,1.0,-100.0,0.0,MARGIN CALL ($0)
62,67,0.0,99,10,89,1.0,-100.0,10.1010101010101,MARGIN CALL ($0)
62,68,0.0,5,0,5,1.0,-100.0,0.0,MARGIN CALL ($0)
62,69,0.0,5,0,5,1.0,-100.0,0.0,MARGIN CALL ($0)
62,70,0.0,7,0,7,1.0,-100.0,0.0,MARGIN CALL ($0)
62,71,0.0,6,0,6,1.0,-100.0,0.0,MARGIN CALL ($0)
62,72,0.0,6,0,6,1.0,-100.0,0.0,MARGIN CALL ($0)
62,73,0.0,6,0,6,1.0,-100.0,0.0,MARGIN CALL ($0)
62,74,0.0,6,0,6,1.0,-100.0,0.0,MARGIN CALL ($0)
62,75,0.0,6,0,6,1.0,-100.0,0.0,MARGIN CALL ($0)
62,76,0.0,6,0,6,1.0,-100.0,0.0,MARGIN CALL ($0)
62,77,0.0,5,0,5,1.0,-100.0,0.0,MARGIN CALL ($0)
62,78,0.0,7,0,7,1.0,-100.0,0.0,MARGIN CALL ($0)
62,79,0.0,6,0,6,1.0,-100.0,0.0,MARGIN CALL ($0)
62,80,0.0,8,0,8,1.0,-100.0,0.0,MARGIN CALL ($0)
62,81,0.0,7,0,7,1.0,-100.0,0.0,MARGIN CALL ($0)
62,82,0.0,86,6,80,1.0,-100.0,6.976744186046512,MARGIN CALL ($0)
62,83,0.0,4,0,4,1.0,-100.0,0.0,MARGIN CALL ($0)
62,84,0.0,4,0,4,1.0,-100.0,0.0,MARGIN CALL ($0)
62,85,0.0,5,0,5,1.0,-100.0,0.0,MARGIN CALL ($0)
62,86,0.0,7,0,7,1.0,-100.0,0.0,MARGIN CALL ($0)
62,87,0.0,7,0,7,1.0,-100.0,0.0,MARGIN CALL ($0)
62,88,0.0,7,0,7,1.0,-100.0,0.0,MARGIN CALL ($0)
62,89,0.0,7,0,7,1.0,-100.0,0.0,MARGIN CALL ($0)
62,90,0.0,9,1,8,1.0,-100.0,11.11111111111111,MARGIN CALL ($0)
62,91,0.0,9,0,9,1.0,-100.0,0.0,MARGIN CALL ($0)
62,92,0.0,9,0,9,1.0,-100.0,0.0,MARGIN CALL ($0)
62,93,0.0,9,0,9,1.0,-100.0,0.0,MARGIN CALL ($0)
62,94,0.0,9,0,9,1.0,-100.0,0.0,MARGIN CALL ($0)
62,95,0.0,10,0,10,1.0,-100.0,0.0,MARGIN CALL ($0)
62,96,0.0,10,0,10,1.0,-100.0,0.0,MARGIN CALL ($0)
62,97,0.0,10,0,10,1.0,-100.0,0.0,MARGIN CALL ($0)
62,98,0.0,10,0,10,1.0,-100.0,0.0,MARGIN CALL ($0)
62,99,0.0,9,0,9,1.0,-100.0,0.0,MARGIN CALL ($0)
62,100,0.0,9,0,9,1.0,-100.0,0.0,MARGIN CALL ($0)
63,1,0.0,4264,1073,3191,1.0,-100.0,25.164165103189497,MARGIN CALL ($0)
63,2,0.0,6848,1881,4967,1.0,-100.0,27.4678738317757,MARGIN CALL ($0)
63,3,0.0,4130,1154,2976,1.0,-100.0,27.941888619854723,MARGIN CALL ($0)
63,4,0.0,37,8,29,1.0,-100.0,21.62162162162162,MARGIN CALL ($0)
63,5,0.0,14,0,14,1.0,-100.0,0.0,MARGIN CALL ($0)
63,6,0.0,19,1,18,1.0,-100.0,5.263157894736842,MARGIN CALL ($0)
63,7,0.0,18,1,17,1.0,-100.0,5.555555555555555,MARGIN CALL ($0)
63,8,0.0,20,3,17,1.0,-100.0,15.0,MARGIN CALL ($0)
63,9,0.0,22,3,19,1.0,-100.0,13.636363636363635,MARGIN CALL ($0)
63,10,0.0,22,3,19,1.0,-100.0,13.636363636363635,MARGIN CALL ($0)
63,11,0.0,20,3,17,1.0,-100.0,15.0,MARGIN CALL ($0)
63,12,0.0,19,3,16,1.0,-100.0,15.789473684210526,MARGIN CALL ($0)
63,13,0.0,5920,1307,4613,1.0,-100.0,22.0777027027027,MARGIN CALL ($0)
63,14,0.0,43,8,35,1.0,-100.0,18.6046511627907,MARGIN CALL ($0)
63,15,0.0,29,5,24,1.0,-100.0,17.24137931034483,MARGIN CALL ($0)
63,16,0.0,12,1,11,1.0,-100.0,8.333333333333332,MARGIN CALL ($0)
63,17,0.0,10,0,10,1.0,-100.0,0.0,MARGIN CALL ($0)
63,18,0.0,5,0,5,1.0,-100.0,0.0,MARGIN CALL ($0)
63,19,0.0,6385,1376,5009,1.0,-100.0,21.550509005481597,MARGIN CALL ($0)
63,20,0.0,7093,1523,5570,1.0,-100.0,21.471873678274356,MARGIN CALL ($0)
63,21,0.0,8542,1838,6704,1.0,-100.0,21.517209084523532,MARGIN CALL ($0)
63,22,0.0,24,3,21,1.0,-100.0,12.5,MARGIN CALL ($0)
63,23,0.0,2899,630,2269,1.0,-100.0,21.73163159710245,MARGIN CALL ($0)
63,24,0.0,1409,313,1096,1.0,-100.0,22.214336408800566,MARGIN CALL ($0)
63,25,0.0,1019,217,802,1.0,-100.0,21.295387634936212,MARGIN CALL ($0)
63,26,0.0,1035,212,823,1.0,-100.0,20.483091787439616,MARGIN CALL ($0)
63,27,0.0,947,189,758,1.0,-100.0,19.957761351636748,MARGIN CALL ($0)
63,28,0.0,8,0,8,1.0,-100.0,0.0,MARGIN CALL ($0)
63,29,0.0,8,0,8,1.0,-100.0,0.0,MARGIN CALL ($0)
63,30,0.0,20,3,17,1.0,-100.0,15.0,MARGIN CALL ($0)
63,31,0.0,1026,206,820,1.0,-100.0,20.077972709551656,MARGIN CALL ($0)
63,32,0.0,927,183,744,1.0,-100.0,19.741100323624593,MARGIN CALL ($0)
63,33,0.0,19,2,17,1.0,-100.0,10.526315789473683,MARGIN CALL ($0)
63,34,0.0,21,4,17,1.0,-100.0,19.047619047619047,MARGIN CALL ($0)
63,35,0.0,1028,192,836,1.0,-100.0,18.67704280155642,MARGIN CALL ($0)
63,36,0.0,1189,219,970,1.0,-100.0,18.4188393608074,MARGIN CALL ($0)
1,21,0.0,7124,2033,5091,1.0,-100.0,28.537338573834926,MARGIN CALL ($0)
1,22,0.0,4161,1200,2961,1.0,-100.0,28.83922134102379,MARGIN CALL ($0)
63,39,0.0,8,0,8,1.0,-100.0,0.0,MARGIN CALL ($0)
63,40,0.0,9,0,9,1.0,-100.0,0.0,MARGIN CALL ($0)
63,41,0.0,7,0,7,1.0,-100.0,0.0,MARGIN CALL ($0)
63,42,0.0,7,0,7,1.0,-100.0,0.0,MARGIN CALL ($0)
63,43,0.0,6,0,6,1.0,-100.0,0.0,MARGIN CALL ($0)
63,44,0.0,6,0,6,1.0,-100.0,0.0,MARGIN CALL ($0)
63,45,0.0,6,0,6,1.0,-100.0,0.0,MARGIN CALL ($0)
63,46,0.0,6,0,6,1.0,-100.0,0.0,MARGIN CALL ($0)
63,47,0.0,8,0,8,1.0,-100.0,0.0,MARGIN CALL ($0)
63,48,0.0,7,0,7,1.0,-100.0,0.0,MARGIN CALL ($0)
63,49,0.0,6,0,6,1.0,-100.0,0.0,MARGIN CALL ($0)
63,50,0.0,7,0,7,1.0,-100.0,0.0,MARGIN CALL ($0)
63,51,0.0,6,0,6,1.0,-100.0,0.0,MARGIN CALL ($0)
63,52,0.0,6,0,6,1.0,-100.0,0.0,MARGIN CALL ($0)
63,53,0.0,6,0,6,1.0,-100.0,0.0,MARGIN CALL ($0)
63,54,0.0,5,0,5,1.0,-100.0,0.0,MARGIN CALL ($0)
63,55,0.0,5,0,5,1.0,-100.0,0.0,MARGIN CALL ($0)
63,56,0.0,6,0,6,1.0,-100.0,0.0,MARGIN CALL ($0)
63,57,0.0,5,0,5,1.0,-100.0,0.0,MARGIN CALL ($0)
63,58,0.0,5,0,5,1.0,-100.0,0.0,MARGIN CALL ($0)
63,59,0.0,5,0,5,1.0,-100.0,0.0,MARGIN CALL ($0)
63,60,0.0,5,0,5,1.0,-100.0,0.0,MARGIN CALL ($0)
63,61,0.0,5,0,5,1.0,-100.0,0.0,MARGIN CALL ($0)
63,62,0.0,5,0,5,1.0,-100.0,0.0,MARGIN CALL ($0)
63,63,0.0,5,0,5,1.0,-100.0,0.0,MARGIN CALL ($0)
63,64,0.0,5,0,5,1.0,-100.0,0.0,MARGIN CALL ($0)
63,65,0.0,4,0,4,1.0,-100.0,0.0,MARGIN CALL ($0)
63,66,0.0,5,0,5,1.0,-100.0,0.0,MARGIN CALL ($0)
63,67,0.0,101,10,91,1.0,-100.0,9.900990099009901,MARGIN CALL ($0)
63,68,0.0,5,0,5,1.0,-100.0,0.0,MARGIN CALL ($0)
63,69,0.0,5,0,5,1.0,-100.0,0.0,MARGIN CALL ($0)
63,70,0.0,7,0,7,1.0,-100.0,0.0,MARGIN CALL ($0)
63,71,0.0,6,0,6,1.0,-100.0,0.0,MARGIN CALL ($0)
63,72,0.0,6,0,6,1.0,-100.0,0.0,MARGIN CALL ($0)
63,73,0.0,6,0,6,1.0,-100.0,0.0,MARGIN CALL ($0)
63,74,0.0,6,0,6,1.0,-100.0,0.0,MARGIN CALL ($0)
63,75,0.0,6,0,6,1.0,-100.0,0.0,MARGIN CALL ($0)
63,76,0.0,6,0,6,1.0,-100.0,0.0,MARGIN CALL ($0)
63,77,0.0,5,0,5,1.0,-100.0,0.0,MARGIN CALL ($0)
63,78,0.0,7,0,7,1.0,-100.0,0.0,MARGIN CALL ($0)
63,79,0.0,6,0,6,1.0,-100.0,0.0,MARGIN CALL ($0)
63,80,0.0,8,0,8,1.0,-100.0,0.0,MARGIN CALL ($0)
63,81,0.0,7,0,7,1.0,-100.0,0.0,MARGIN CALL ($0)
63,82,0.0,86,6,80,1.0,-100.0,6.976744186046512,MARGIN CALL ($0)
63,83,0.0,4,0,4,1.0,-100.0,0.0,MARGIN CALL ($0)
63,84,0.0,4,0,4,1.0,-100.0,0.0,MARGIN CALL ($0)
63,85,0.0,5,0,5,1.0,-100.0,0.0,MARGIN CALL ($0)
63,86,0.0,7,0,7,1.0,-100.0,0.0,MARGIN CALL ($0)
63,87,0.0,7,0,7,1.0,-100.0,0.0,MARGIN CALL ($0)
63,88,0.0,7,0,7,1.0,-100.0,0.0,MARGIN CALL ($0)
63,89,0.0,7,0,7,1.0,-100.0,0.0,MARGIN CALL ($0)
63,90,0.0,9,1,8,1.0,-100.0,11.11111111111111,MARGIN CALL ($0)
63,91,0.0,9,0,9,1.0,-100.0,0.0,MARGIN CALL ($0)
63,92,0.0,9,0,9,1.0,-100.0,0.0,MARGIN CALL ($0)
63,93,0.0,9,0,9,1.0,-100.0,0.0,MARGIN CALL ($0)
63,94,0.0,9,0,9,1.0,-100.0,0.0,MARGIN CALL ($0)
63,95,0.0,10,0,10,1.0,-100.0,0.0,MARGIN CALL ($0)
63,96,0.0,10,0,10,1.0,-100.0,0.0,MARGIN CALL ($0)
63,97,0.0,10,0,10,1.0,-100.0,0.0,MARGIN CALL ($0)
63,98,0.0,10,0,10,1.0,-100.0,0.0,MARGIN CALL ($0)
63,99,0.0,9,0,9,1.0,-100.0,0.0,MARGIN CALL ($0)
63,100,0.0,9,0,9,1.0,-100.0,0.0,MARGIN CALL ($0)
64,1,0.0,4241,1068,3173,1.0,-100.0,25.182739919830226,MARGIN CALL ($0)
64,2,0.0,6848,1881,4967,1.0,-100.0,27.4678738317757,MARGIN CALL ($0)
64,3,0.0,4120,1149,2971,1.0,-100.0,27.888349514563103,MARGIN CALL ($0)
64,4,0.0,37,8,29,1.0,-100.0,21.62162162162162,MARGIN CALL ($0)
64,5,0.0,14,0,14,1.0,-100.0,0.0,MARGIN CALL ($0)
64,6,0.0,19,1,18,1.0,-100.0,5.263157894736842,MARGIN CALL ($0)
64,7,0.0,18,1,17,1.0,-100.0,5.555555555555555,MARGIN CALL ($0)
64,8,0.0,21,3,18,1.0,-100.0,14.285714285714285,MARGIN CALL ($0)
64,9,0.0,22,3,19,1.0,-100.0,13.636363636363635,MARGIN CALL ($0)
64,10,0.0,22,3,19,1.0,-100.0,13.636363636363635,MARGIN CALL ($0)
64,11,0.0,20,3,17,1.0,-100.0,15.0,MARGIN CALL ($0)
64,12,0.0,19,3,16,1.0,-100.0,15.789473684210526,MARGIN CALL ($0)
64,13,0.0,5880,1296,4584,1.0,-100.0,22.040816326530614,MARGIN CALL ($0)
64,14,0.0,43,8,35,1.0,-100.0,18.6046511627907,MARGIN CALL ($0)
64,15,0.0,30,5,25,1.0,-100.0,16.666666666666664,MARGIN CALL ($0)
64,16,0.0,13,1,12,1.0,-100.0,7.6923076923076925,MARGIN CALL ($0)
64,17,0.0,10,0,10,1.0,-100.0,0.0,MARGIN CALL ($0)
64,18,0.0,5,0,5,1.0,-100.0,0.0,MARGIN CALL ($0)
64,19,0.0,6820,1495,5325,1.0,-100.0,21.920821114369502,MARGIN CALL ($0)
64,20,0.0,8767,1897,6870,1.0,-100.0,21.637960533820007,MARGIN CALL ($0)
64,21,0.0,8694,1883,6811,1.0,-100.0,21.658615136876005,MARGIN CALL ($0)
64,22,0.0,23,3,20,1.0,-100.0,13.043478260869565,MARGIN CALL ($0)
64,23,0.0,2960,649,2311,1.0,-100.0,21.925675675675677,MARGIN CALL ($0)
64,24,0.0,1454,325,1129,1.0,-100.0,22.35213204951857,MARGIN CALL ($0)
64,25,0.0,1343,294,1049,1.0,-100.0,21.891288160833955,MARGIN CALL ($0)
64,26,0.0,1181,245,936,1.0,-100.0,20.745131244707874,MARGIN CALL ($0)
64,27,0.0,966,195,771,1.0,-100.0,20.18633540372671,MARGIN CALL ($0)
64,28,0.0,8,0,8,1.0,-100.0,0.0,MARGIN CALL ($0)
64,29,0.0,8,0,8,1.0,-100.0,0.0,MARGIN CALL ($0)
64,30,0.0,20,3,17,1.0,-100.0,15.0,MARGIN CALL ($0)
64,31,0.0,971,197,774,1.0,-100.0,20.288362512873327,MARGIN CALL ($0)
64,32,0.0,909,183,726,1.0,-100.0,20.13201320132013,MARGIN CALL ($0)
64,33,0.0,19,2,17,1.0,-100.0,10.526315789473683,MARGIN CALL ($0)
64,34,0.0,21,4,17,1.0,-100.0,19.047619047619047,MARGIN CALL ($0)
64,35,0.0,1145,217,928,1.0,-100.0,18.951965065502183,MARGIN CALL ($0)
64,36,0.0,1195,221,974,1.0,-100.0,18.493723849372383,MARGIN CALL ($0)
1,23,0.0,4212,1192,3020,1.0,-100.0,28.300094966761634,MARGIN CALL ($0)
1,24,0.0,3087,884,2203,1.0,-100.0,28.63621639131843,MARGIN CALL ($0)
64,39,0.0,8,0,8,1.0,-100.0,0.0,MARGIN CALL ($0)
64,40,0.0,9,0,9,1.0,-100.0,0.0,MARGIN CALL ($0)
64,41,0.0,7,0,7,1.0,-100.0,0.0,MARGIN CALL ($0)
64,42,0.0,7,0,7,1.0,-100.0,0.0,MARGIN CALL ($0)
64,43,0.0,6,0,6,1.0,-100.0,0.0,MARGIN CALL ($0)
64,44,0.0,6,0,6,1.0,-100.0,0.0,MARGIN CALL ($0)
64,45,0.0,6,0,6,1.0,-100.0,0.0,MARGIN CALL ($0)
64,46,0.0,6,0,6,1.0,-100.0,0.0,MARGIN CALL ($0)
64,47,0.0,8,0,8,1.0,-100.0,0.0,MARGIN CALL ($0)
64,48,0.0,7,0,7,1.0,-100.0,0.0,MARGIN CALL ($0)
64,49,0.0,6,0,6,1.0,-100.0,0.0,MARGIN CALL ($0)
64,50,0.0,7,0,7,1.0,-100.0,0.0,MARGIN CALL ($0)
64,51,0.0,6,0,6,1.0,-100.0,0.0,MARGIN CALL ($0)
64,52,0.0,6,0,6,1.0,-100.0,0.0,MARGIN CALL ($0)
64,53,0.0,6,0,6,1.0,-100.0,0.0,MARGIN CALL ($0)
64,54,0.0,5,0,5,1.0,-100.0,0.0,MARGIN CALL ($0)
64,55,0.0,5,0,5,1.0,-100.0,0.0,MARGIN CALL ($0)
64,56,0.0,6,0,6,1.0,-100.0,0.0,MARGIN CALL ($0)
64,57,0.0,5,0,5,1.0,-100.0,0.0,MARGIN CALL ($0)
64,58,0.0,5,0,5,1.0,-100.0,0.0,MARGIN CALL ($0)
64,59,0.0,5,0,5,1.0,-100.0,0.0,MARGIN CALL ($0)
64,60,0.0,5,0,5,1.0,-100.0,0.0,MARGIN CALL ($0)
64,61,0.0,5,0,5,1.0,-100.0,0.0,MARGIN CALL ($0)
64,62,0.0,5,0,5,1.0,-100.0,0.0,MARGIN CALL ($0)
64,63,0.0,5,0,5,1.0,-100.0,0.0,MARGIN CALL ($0)
64,64,0.0,5,0,5,1.0,-100.0,0.0,MARGIN CALL ($0)
64,65,0.0,4,0,4,1.0,-100.0,0.0,MARGIN CALL ($0)
64,66,0.0,5,0,5,1.0,-100.0,0.0,MARGIN CALL ($0)
64,67,0.0,102,11,91,1.0,-100.0,10.784313725490197,MARGIN CALL ($0)
64,68,0.0,5,0,5,1.0,-100.0,0.0,MARGIN CALL ($0)
64,69,0.0,5,0,5,1.0,-100.0,0.0,MARGIN CALL ($0)
64,70,0.0,7,0,7,1.0,-100.0,0.0,MARGIN CALL ($0)
64,71,0.0,6,0,6,1.0,-100.0,0.0,MARGIN CALL ($0)
64,72,0.0,6,0,6,1.0,-100.0,0.0,MARGIN CALL ($0)
64,73,0.0,6,0,6,1.0,-100.0,0.0,MARGIN CALL ($0)
64,74,0.0,6,0,6,1.0,-100.0,0.0,MARGIN CALL ($0)
64,75,0.0,6,0,6,1.0,-100.0,0.0,MARGIN CALL ($0)
64,76,0.0,6,0,6,1.0,-100.0,0.0,MARGIN CALL ($0)
64,77,0.0,5,0,5,1.0,-100.0,0.0,MARGIN CALL ($0)
64,78,0.0,7,0,7,1.0,-100.0,0.0,MARGIN CALL ($0)
64,79,0.0,7,0,7,1.0,-100.0,0.0,MARGIN CALL ($0)
64,80,0.0,8,0,8,1.0,-100.0,0.0,MARGIN CALL ($0)
64,81,0.0,8,0,8,1.0,-100.0,0.0,MARGIN CALL ($0)
64,82,0.0,108,13,95,1.0,-100.0,12.037037037037036,MARGIN CALL ($0)
64,83,0.0,4,0,4,1.0,-100.0,0.0,MARGIN CALL ($0)
64,84,0.0,4,0,4,1.0,-100.0,0.0,MARGIN CALL ($0)
64,85,0.0,5,0,5,1.0,-100.0,0.0,MARGIN CALL ($0)
64,86,0.0,7,0,7,1.0,-100.0,0.0,MARGIN CALL ($0)
64,87,0.0,7,0,7,1.0,-100.0,0.0,MARGIN CALL ($0)
64,88,0.0,7,0,7,1.0,-100.0,0.0,MARGIN CALL ($0)
64,89,0.0,7,0,7,1.0,-100.0,0.0,MARGIN CALL ($0)
64,90,0.0,9,1,8,1.0,-100.0,11.11111111111111,MARGIN CALL ($0)
64,91,0.0,7,0,7,1.0,-100.0,0.0,MARGIN CALL ($0)
64,92,0.0,7,0,7,1.0,-100.0,0.0,MARGIN CALL ($0)
64,93,0.0,7,0,7,1.0,-100.0,0.0,MARGIN CALL ($0)
64,94,0.0,7,0,7,1.0,-100.0,0.0,MARGIN CALL ($0)
64,95,0.0,8,0,8,1.0,-100.0,0.0,MARGIN CALL ($0)
64,96,0.0,8,0,8,1.0,-100.0,0.0,MARGIN CALL ($0)
64,97,0.0,8,0,8,1.0,-100.0,0.0,MARGIN CALL ($0)
64,98,0.0,8,0,8,1.0,-100.0,0.0,MARGIN CALL ($0)
64,99,0.0,7,0,7,1.0,-100.0,0.0,MARGIN CALL ($0)
64,100,0.0,7,0,7,1.0,-100.0,0.0,MARGIN CALL ($0)
65,1,0.0,4215,1061,3154,1.0,-100.0,25.172004744958482,MARGIN CALL ($0)
65,2,0.0,6848,1881,4967,1.0,-100.0,27.4678738317757,MARGIN CALL ($0)
65,3,0.0,4132,1155,2977,1.0,-100.0,27.95256534365925,MARGIN CALL ($0)
65,4,0.0,37,8,29,1.0,-100.0,21.62162162162162,MARGIN CALL ($0)
65,5,0.0,14,0,14,1.0,-100.0,0.0,MARGIN CALL ($0)
65,6,0.0,19,1,18,1.0,-100.0,5.263157894736842,MARGIN CALL ($0)
65,7,0.0,18,1,17,1.0,-100.0,5.555555555555555,MARGIN CALL ($0)
65,8,0.0,21,3,18,1.0,-100.0,14.285714285714285,MARGIN CALL ($0)
65,9,0.0,22,3,19,1.0,-100.0,13.636363636363635,MARGIN CALL ($0)
65,10,0.0,22,3,19,1.0,-100.0,13.636363636363635,MARGIN CALL ($0)
65,11,0.0,20,3,17,1.0,-100.0,15.0,MARGIN CALL ($0)
65,12,0.0,19,3,16,1.0,-100.0,15.789473684210526,MARGIN CALL ($0)
65,13,0.0,5877,1296,4581,1.0,-100.0,22.052067381317,MARGIN CALL ($0)
65,14,0.0,43,8,35,1.0,-100.0,18.6046511627907,MARGIN CALL ($0)
65,15,0.0,30,5,25,1.0,-100.0,16.666666666666664,MARGIN CALL ($0)
65,16,0.0,13,1,12,1.0,-100.0,7.6923076923076925,MARGIN CALL ($0)
65,17,0.0,10,0,10,1.0,-100.0,0.0,MARGIN CALL ($0)
65,18,0.0,5,0,5,1.0,-100.0,0.0,MARGIN CALL ($0)
65,19,0.0,6818,1498,5320,1.0,-100.0,21.971252566735114,MARGIN CALL ($0)
65,20,0.0,6960,1505,5455,1.0,-100.0,21.623563218390803,MARGIN CALL ($0)
65,21,0.0,6813,1463,5350,1.0,-100.0,21.47365330984882,MARGIN CALL ($0)
65,22,0.0,23,3,20,1.0,-100.0,13.043478260869565,MARGIN CALL ($0)
65,23,0.0,2889,634,2255,1.0,-100.0,21.945309795777085,MARGIN CALL ($0)
65,24,0.0,1426,319,1107,1.0,-100.0,22.370266479663396,MARGIN CALL ($0)
65,25,0.0,1223,264,959,1.0,-100.0,21.586263286999184,MARGIN CALL ($0)
65,26,0.0,1045,217,828,1.0,-100.0,20.76555023923445,MARGIN CALL ($0)
65,27,0.0,962,194,768,1.0,-100.0,20.16632016632017,MARGIN CALL ($0)
65,28,0.0,8,0,8,1.0,-100.0,0.0,MARGIN CALL ($0)
65,29,0.0,8,0,8,1.0,-100.0,0.0,MARGIN CALL ($0)
65,30,0.0,20,3,17,1.0,-100.0,15.0,MARGIN CALL ($0)
65,31,0.0,897,181,716,1.0,-100.0,20.178372352285397,MARGIN CALL ($0)
65,32,0.0,879,173,706,1.0,-100.0,19.681456200227533,MARGIN CALL ($0)
65,33,0.0,19,2,17,1.0,-100.0,10.526315789473683,MARGIN CALL ($0)
65,34,0.0,21,4,17,1.0,-100.0,19.047619047619047,MARGIN CALL ($0)
65,35,0.0,1045,204,841,1.0,-100.0,19.521531100478466,MARGIN CALL ($0)
65,36,0.0,1193,230,963,1.0,-100.0,19.279128248114,MARGIN CALL ($0)
65,37,0.0,8310,1486,6824,1.0,-100.0,17.882069795427196,MARGIN CALL ($0)
65,38,0.0,8221,1456,6765,1.0,-100.0,17.710740785792485,MARGIN CALL ($0)
65,39,0.0,8,0,8,1.0,-100.0,0.0,MARGIN CALL ($0)
65,40,0.0,9,0,9,1.0,-100.0,0.0,MARGIN CALL ($0)
65,41,0.0,7,0,7,1.0,-100.0,0.0,MARGIN CALL ($0)
65,42,0.0,7,0,7,1.0,-100.0,0.0,MARGIN CALL ($0)
65,43,0.0,6,0,6,1.0,-100.0,0.0,MARGIN CALL ($0)
65,44,0.0,6,0,6,1.0,-100.0,0.0,MARGIN CALL ($0)
65,45,0.0,6,0,6,1.0,-100.0,0.0,MARGIN CALL ($0)
65,46,0.0,6,0,6,1.0,-100.0,0.0,MARGIN CALL ($0)
65,47,0.0,8,0,8,1.0,-100.0,0.0,MARGIN CALL ($0)
65,48,0.0,7,0,7,1.0,-100.0,0.0,MARGIN CALL ($0)
65,49,0.0,6,0,6,1.0,-100.0,0.0,MARGIN CALL ($0)
65,50,0.0,7,0,7,1.0,-100.0,0.0,MARGIN CALL ($0)
65,51,0.0,6,0,6,1.0,-100.0,0.0,MARGIN CALL ($0)
65,52,0.0,6,0,6,1.0,-100.0,0.0,MARGIN CALL ($0)
65,53,0.0,6,0,6,1.0,-100.0,0.0,MARGIN CALL ($0)
65,54,0.0,5,0,5,1.0,-100.0,0.0,MARGIN CALL ($0)
65,55,0.0,5,0,5,1.0,-100.0,0.0,MARGIN CALL ($0)
65,56,0.0,6,0,6,1.0,-100.0,0.0,MARGIN CALL ($0)
65,57,0.0,5,0,5,1.0,-100.0,0.0,MARGIN CALL ($0)
65,58,0.0,5,0,5,1.0,-100.0,0.0,MARGIN CALL ($0)
65,59,0.0,5,0,5,1.0,-100.0,0.0,MARGIN CALL ($0)
65,60,0.0,5,0,5,1.0,-100.0,0.0,MARGIN CALL ($0)
65,61,0.0,5,0,5,1.0,-100.0,0.0,MARGIN CALL ($0)
65,62,0.0,5,0,5,1.0,-100.0,0.0,MARGIN CALL ($0)
65,63,0.0,5,0,5,1.0,-100.0,0.0,MARGIN CALL ($0)
65,64,0.0,5,0,5,1.0,-100.0,0.0,MARGIN CALL ($0)
65,65,0.0,4,0,4,1.0,-100.0,0.0,MARGIN CALL ($0)
65,66,0.0,5,0,5,1.0,-100.0,0.0,MARGIN CALL ($0)
65,67,0.0,99,10,89,1.0,-100.0,10.1010101010101,MARGIN CALL ($0)
65,68,0.0,5,0,5,1.0,-100.0,0.0,MARGIN CALL ($0)
65,69,0.0,5,0,5,1.0,-100.0,0.0,MARGIN CALL ($0)
65,70,0.0,7,0,7,1.0,-100.0,0.0,MARGIN CALL ($0)
65,71,0.0,5,0,5,1.0,-100.0,0.0,MARGIN CALL ($0)
65,72,0.0,7,0,7,1.0,-100.0,0.0,MARGIN CALL ($0)
65,73,0.0,7,0,7,1.0,-100.0,0.0,MARGIN CALL ($0)
65,74,0.0,7,0,7,1.0,-100.0,0.0,MARGIN CALL ($0)
65,75,0.0,7,0,7,1.0,-100.0,0.0,MARGIN CALL ($0)
65,76,0.0,7,0,7,1.0,-100.0,0.0,MARGIN CALL ($0)
65,77,0.0,7,0,7,1.0,-100.0,0.0,MARGIN CALL ($0)
65,78,0.0,7,0,7,1.0,-100.0,0.0,MARGIN CALL ($0)
65,79,0.0,7,0,7,1.0,-100.0,0.0,MARGIN CALL ($0)
65,80,0.0,8,0,8,1.0,-100.0,0.0,MARGIN CALL ($0)
65,81,0.0,8,0,8,1.0,-100.0,0.0,MARGIN CALL ($0)
65,82,0.0,107,12,95,1.0,-100.0,11.214953271028037,MARGIN CALL ($0)
65,83,0.0,4,0,4,1.0,-100.0,0.0,MARGIN CALL ($0)
65,84,0.0,4,0,4,1.0,-100.0,0.0,MARGIN CALL ($0)
65,85,0.0,5,0,5,1.0,-100.0,0.0,MARGIN CALL ($0)
65,86,0.0,7,0,7,1.0,-100.0,0.0,MARGIN CALL ($0)
65,87,0.0,7,0,7,1.0,-100.0,0.0,MARGIN CALL ($0)
65,88,0.0,7,0,7,1.0,-100.0,0.0,MARGIN CALL ($0)
65,89,0.0,7,0,7,1.0,-100.0,0.0,MARGIN CALL ($0)
65,90,0.0,8,1,7,1.0,-100.0,12.5,MARGIN CALL ($0)
65,91,0.0,9,0,9,1.0,-100.0,0.0,MARGIN CALL ($0)
65,92,0.0,9,0,9,1.0,-100.0,0.0,MARGIN CALL ($0)
65,93,0.0,9,0,9,1.0,-100.0,0.0,MARGIN CALL ($0)
65,94,0.0,9,0,9,1.0,-100.0,0.0,MARGIN CALL ($0)
65,95,0.0,10,0,10,1.0,-100.0,0.0,MARGIN CALL ($0)
65,96,0.0,10,0,10,1.0,-100.0,0.0,MARGIN CALL ($0)
65,97,0.0,10,0,10,1.0,-100.0,0.0,MARGIN CALL ($0)
65,98,0.0,10,0,10,1.0,-100.0,0.0,MARGIN CALL ($0)
65,99,0.0,9,0,9,1.0,-100.0,0.0,MARGIN CALL ($0)
65,100,0.0,9,0,9,1.0,-100.0,0.0,MARGIN CALL ($0)
66,1,0.0,4210,1066,3144,1.0,-100.0,25.320665083135392,MARGIN CALL ($0)
66,2,0.0,6850,1881,4969,1.0,-100.0,27.45985401459854,MARGIN CALL ($0)
66,3,0.0,4163,1163,3000,1.0,-100.0,27.936584194090802,MARGIN CALL ($0)
66,4,0.0,37,8,29,1.0,-100.0,21.62162162162162,MARGIN CALL ($0)
66,5,0.0,14,0,14,1.0,-100.0,0.0,MARGIN CALL ($0)
66,6,0.0,19,1,18,1.0,-100.0,5.263157894736842,MARGIN CALL ($0)
66,7,0.0,18,1,17,1.0,-100.0,5.555555555555555,MARGIN CALL ($0)
66,8,0.0,21,3,18,1.0,-100.0,14.285714285714285,MARGIN CALL ($0)
66,9,0.0,22,3,19,1.0,-100.0,13.636363636363635,MARGIN CALL ($0)
66,10,0.0,22,3,19,1.0,-100.0,13.636363636363635,MARGIN CALL ($0)
66,11,0.0,20,3,17,1.0,-100.0,15.0,MARGIN CALL ($0)
66,12,0.0,19,3,16,1.0,-100.0,15.789473684210526,MARGIN CALL ($0)
66,13,0.0,5974,1321,4653,1.0,-100.0,22.11248744559759,MARGIN CALL ($0)
66,14,0.0,2625,636,1989,1.0,-100.0,24.22857142857143,MARGIN CALL ($0)
66,15,0.0,30,5,25,1.0,-100.0,16.666666666666664,MARGIN CALL ($0)
66,16,0.0,13,1,12,1.0,-100.0,7.6923076923076925,MARGIN CALL ($0)
66,17,0.0,10,0,10,1.0,-100.0,0.0,MARGIN CALL ($0)
66,18,0.0,5,0,5,1.0,-100.0,0.0,MARGIN CALL ($0)
66,19,0.0,6959,1523,5436,1.0,-100.0,21.88532835177468,MARGIN CALL ($0)
66,20,0.0,8846,1930,6916,1.0,-100.0,21.817770743839024,MARGIN CALL ($0)
66,21,0.0,8945,1925,7020,1.0,-100.0,21.520402459474568,MARGIN CALL ($0)
66,22,0.0,23,3,20,1.0,-100.0,13.043478260869565,MARGIN CALL ($0)
66,23,0.0,3036,666,2370,1.0,-100.0,21.936758893280633,MARGIN CALL ($0)
66,24,0.0,1456,324,1132,1.0,-100.0,22.252747252747252,MARGIN CALL ($0)
66,25,0.0,1270,273,997,1.0,-100.0,21.49606299212598,MARGIN CALL ($0)
66,26,0.0,1201,254,947,1.0,-100.0,21.149042464612823,MARGIN CALL ($0)
66,27,0.0,1014,208,806,1.0,-100.0,20.51282051282051,MARGIN CALL ($0)
66,28,0.0,8,0,8,1.0,-100.0,0.0,MARGIN CALL ($0)
66,29,0.0,8,0,8,1.0,-100.0,0.0,MARGIN CALL ($0)
66,30,0.0,20,3,17,1.0,-100.0,15.0,MARGIN CALL ($0)
66,31,0.0,910,188,722,1.0,-100.0,20.659340659340657,MARGIN CALL ($0)
66,32,0.0,914,191,723,1.0,-100.0,20.89715536105033,MARGIN CALL ($0)
66,33,0.0,19,2,17,1.0,-100.0,10.526315789473683,MARGIN CALL ($0)
66,34,0.0,21,4,17,1.0,-100.0,19.047619047619047,MARGIN CALL ($0)
66,35,0.0,1178,226,952,1.0,-100.0,19.185059422750424,MARGIN CALL ($0)
66,36,0.0,1251,239,1012,1.0,-100.0,19.104716227018383,MARGIN CALL ($0)
1,25,0.0,1578,436,1142,1.0,-100.0,27.629911280101393,MARGIN CALL ($0)
1,26,0.0,1382,375,1007,1.0,-100.0,27.134587554269174,MARGIN CALL ($0)
66,39,0.0,8,0,8,1.0,-100.0,0.0,MARGIN CALL ($0)
66,40,0.0,9,0,9,1.0,-100.0,0.0,MARGIN CALL ($0)
66,41,0.0,7,0,7,1.0,-100.0,0.0,MARGIN CALL ($0)
66,42,0.0,7,0,7,1.0,-100.0,0.0,MARGIN CALL ($0)
66,43,0.0,6,0,6,1.0,-100.0,0.0,MARGIN CALL ($0)
66,44,0.0,6,0,6,1.0,-100.0,0.0,MARGIN CALL ($0)
66,45,0.0,6,0,6,1.0,-100.0,0.0,MARGIN CALL ($0)
66,46,0.0,6,0,6,1.0,-100.0,0.0,MARGIN CALL ($0)
66,47,0.0,8,0,8,1.0,-100.0,0.0,MARGIN CALL ($0)
66,48,0.0,7,0,7,1.0,-100.0,0.0,MARGIN CALL ($0)
66,49,0.0,6,0,6,1.0,-100.0,0.0,MARGIN CALL ($0)
66,50,0.0,7,0,7,1.0,-100.0,0.0,MARGIN CALL ($0)
66,51,0.0,6,0,6,1.0,-100.0,0.0,MARGIN CALL ($0)
66,52,0.0,6,0,6,1.0,-100.0,0.0,MARGIN CALL ($0)
66,53,0.0,6,0,6,1.0,-100.0,0.0,MARGIN CALL ($0)
66,54,0.0,5,0,5,1.0,-100.0,0.0,MARGIN CALL ($0)
66,55,0.0,5,0,5,1.0,-100.0,0.0,MARGIN CALL ($0)
66,56,0.0,6,0,6,1.0,-100.0,0.0,MARGIN CALL ($0)
66,57,0.0,5,0,5,1.0,-100.0,0.0,MARGIN CALL ($0)
66,58,0.0,5,0,5,1.0,-100.0,0.0,MARGIN CALL ($0)
66,59,0.0,5,0,5,1.0,-100.0,0.0,MARGIN CALL ($0)
66,60,0.0,5,0,5,1.0,-100.0,0.0,MARGIN CALL ($0)
66,61,0.0,5,0,5,1.0,-100.0,0.0,MARGIN CALL ($0)
66,62,0.0,5,0,5,1.0,-100.0,0.0,MARGIN CALL ($0)
66,63,0.0,5,0,5,1.0,-100.0,0.0,MARGIN CALL ($0)
66,64,0.0,5,0,5,1.0,-100.0,0.0,MARGIN CALL ($0)
66,65,0.0,4,0,4,1.0,-100.0,0.0,MARGIN CALL ($0)
66,66,0.0,5,0,5,1.0,-100.0,0.0,MARGIN CALL ($0)
66,67,0.0,97,10,87,1.0,-100.0,10.309278350515463,MARGIN CALL ($0)
66,68,0.0,5,0,5,1.0,-100.0,0.0,MARGIN CALL ($0)
66,69,0.0,5,0,5,1.0,-100.0,0.0,MARGIN CALL ($0)
66,70,0.0,7,0,7,1.0,-100.0,0.0,MARGIN CALL ($0)
66,71,0.0,5,0,5,1.0,-100.0,0.0,MARGIN CALL ($0)
66,72,0.0,7,0,7,1.0,-100.0,0.0,MARGIN CALL ($0)
66,73,0.0,7,0,7,1.0,-100.0,0.0,MARGIN CALL ($0)
66,74,0.0,7,0,7,1.0,-100.0,0.0,MARGIN CALL ($0)
66,75,0.0,7,0,7,1.0,-100.0,0.0,MARGIN CALL ($0)
66,76,0.0,7,0,7,1.0,-100.0,0.0,MARGIN CALL ($0)
66,77,0.0,7,0,7,1.0,-100.0,0.0,MARGIN CALL ($0)
66,78,0.0,7,0,7,1.0,-100.0,0.0,MARGIN CALL ($0)
66,79,0.0,7,0,7,1.0,-100.0,0.0,MARGIN CALL ($0)
66,80,0.0,8,0,8,1.0,-100.0,0.0,MARGIN CALL ($0)
66,81,0.0,8,0,8,1.0,-100.0,0.0,MARGIN CALL ($0)
66,82,0.0,85,8,77,1.0,-100.0,9.411764705882353,MARGIN CALL ($0)
66,83,0.0,4,0,4,1.0,-100.0,0.0,MARGIN CALL ($0)
66,84,0.0,4,0,4,1.0,-100.0,0.0,MARGIN CALL ($0)
66,85,0.0,5,0,5,1.0,-100.0,0.0,MARGIN CALL ($0)
66,86,0.0,7,0,7,1.0,-100.0,0.0,MARGIN CALL ($0)
66,87,0.0,7,0,7,1.0,-100.0,0.0,MARGIN CALL ($0)
66,88,0.0,7,0,7,1.0,-100.0,0.0,MARGIN CALL ($0)
66,89,0.0,7,0,7,1.0,-100.0,0.0,MARGIN CALL ($0)
66,90,0.0,8,1,7,1.0,-100.0,12.5,MARGIN CALL ($0)
66,91,0.0,9,0,9,1.0,-100.0,0.0,MARGIN CALL ($0)
66,92,0.0,9,0,9,1.0,-100.0,0.0,MARGIN CALL ($0)
66,93,0.0,9,0,9,1.0,-100.0,0.0,MARGIN CALL ($0)
66,94,0.0,9,0,9,1.0,-100.0,0.0,MARGIN CALL ($0)
66,95,0.0,10,0,10,1.0,-100.0,0.0,MARGIN CALL ($0)
66,96,0.0,10,0,10,1.0,-100.0,0.0,MARGIN CALL ($0)
66,97,0.0,10,0,10,1.0,-100.0,0.0,MARGIN CALL ($0)
66,98,0.0,10,0,10,1.0,-100.0,0.0,MARGIN CALL ($0)
66,99,0.0,9,0,9,1.0,-100.0,0.0,MARGIN CALL ($0)
66,100,0.0,9,0,9,1.0,-100.0,0.0,MARGIN CALL ($0)
67,1,0.0,4233,1070,3163,1.0,-100.0,25.277580911882826,MARGIN CALL ($0)
67,2,0.0,6850,1881,4969,1.0,-100.0,27.45985401459854,MARGIN CALL ($0)
67,3,0.0,26,5,21,1.0,-100.0,19.230769230769234,MARGIN CALL ($0)
67,4,0.0,37,8,29,1.0,-100.0,21.62162162162162,MARGIN CALL ($0)
67,5,0.0,14,0,14,1.0,-100.0,0.0,MARGIN CALL ($0)
67,6,0.0,20,1,19,1.0,-100.0,5.0,MARGIN CALL ($0)
67,7,0.0,18,1,17,1.0,-100.0,5.555555555555555,MARGIN CALL ($0)
67,8,0.0,21,3,18,1.0,-100.0,14.285714285714285,MARGIN CALL ($0)
67,9,0.0,23,3,20,1.0,-100.0,13.043478260869565,MARGIN CALL ($0)
67,10,0.0,24,3,21,1.0,-100.0,12.5,MARGIN CALL ($0)
67,11,0.0,22,3,19,1.0,-100.0,13.636363636363635,MARGIN CALL ($0)
67,12,0.0,21,3,18,1.0,-100.0,14.285714285714285,MARGIN CALL ($0)
67,13,0.0,5950,1321,4629,1.0,-100.0,22.201680672268907,MARGIN CALL ($0)
67,14,0.0,2479,601,1878,1.0,-100.0,24.243646631706333,MARGIN CALL ($0)
67,15,0.0,31,5,26,1.0,-100.0,16.129032258064516,MARGIN CALL ($0)
67,16,0.0,14,1,13,1.0,-100.0,7.142857142857142,MARGIN CALL ($0)
67,17,0.0,11,0,11,1.0,-100.0,0.0,MARGIN CALL ($0)
67,18,0.0,5,0,5,1.0,-100.0,0.0,MARGIN CALL ($0)
67,19,0.0,6755,1483,5272,1.0,-100.0,21.954108068097707,MARGIN CALL ($0)
67,20,0.0,6754,1468,5286,1.0,-100.0,21.73526798933965,MARGIN CALL ($0)
67,21,0.0,6606,1425,5181,1.0,-100.0,21.571298819255222,MARGIN CALL ($0)
67,22,0.0,23,3,20,1.0,-100.0,13.043478260869565,MARGIN CALL ($0)
67,23,0.0,4242,914,3328,1.0,-100.0,21.546440358321547,MARGIN CALL ($0)
67,24,0.0,1427,317,1110,1.0,-100.0,22.214435879467416,MARGIN CALL ($0)
67,25,0.0,1239,268,971,1.0,-100.0,21.63034705407587,MARGIN CALL ($0)
67,26,0.0,1206,253,953,1.0,-100.0,20.978441127694857,MARGIN CALL ($0)
67,27,0.0,998,202,796,1.0,-100.0,20.240480961923847,MARGIN CALL ($0)
67,28,0.0,8,0,8,1.0,-100.0,0.0,MARGIN CALL ($0)
67,29,0.0,8,0,8,1.0,-100.0,0.0,MARGIN CALL ($0)
67,30,0.0,20,3,17,1.0,-100.0,15.0,MARGIN CALL ($0)
67,31,0.0,874,179,695,1.0,-100.0,20.48054919908467,MARGIN CALL ($0)
67,32,0.0,861,173,688,1.0,-100.0,20.092915214866434,MARGIN CALL ($0)
67,33,0.0,19,2,17,1.0,-100.0,10.526315789473683,MARGIN CALL ($0)
67,34,0.0,21,4,17,1.0,-100.0,19.047619047619047,MARGIN CALL ($0)
67,35,0.0,1176,224,952,1.0,-100.0,19.047619047619047,MARGIN CALL ($0)
67,36,0.0,1267,238,1029,1.0,-100.0,18.784530386740332,MARGIN CALL ($0)
67,37,0.0,8494,1509,6985,1.0,-100.0,17.765481516364492,MARGIN CALL ($0)
67,38,0.0,8287,1458,6829,1.0,-100.0,17.59382164836491,MARGIN CALL ($0)
67,39,0.0,8,0,8,1.0,-100.0,0.0,MARGIN CALL ($0)
67,40,0.0,9,0,9,1.0,-100.0,0.0,MARGIN CALL ($0)
67,41,0.0,7,0,7,1.0,-100.0,0.0,MARGIN CALL ($0)
67,42,0.0,7,0,7,1.0,-100.0,0.0,MARGIN CALL ($0)
67,43,0.0,6,0,6,1.0,-100.0,0.0,MARGIN CALL ($0)
67,44,0.0,6,0,6,1.0,-100.0,0.0,MARGIN CALL ($0)
67,45,0.0,6,0,6,1.0,-100.0,0.0,MARGIN CALL ($0)
67,46,0.0,6,0,6,1.0,-100.0,0.0,MARGIN CALL ($0)
67,47,0.0,8,0,8,1.0,-100.0,0.0,MARGIN CALL ($0)
67,48,0.0,7,0,7,1.0,-100.0,0.0,MARGIN CALL ($0)
67,49,0.0,6,0,6,1.0,-100.0,0.0,MARGIN CALL ($0)
67,50,0.0,7,0,7,1.0,-100.0,0.0,MARGIN CALL ($0)
67,51,0.0,6,0,6,1.0,-100.0,0.0,MARGIN CALL ($0)
67,52,0.0,6,0,6,1.0,-100.0,0.0,MARGIN CALL ($0)
67,53,0.0,6,0,6,1.0,-100.0,0.0,MARGIN CALL ($0)
67,54,0.0,5,0,5,1.0,-100.0,0.0,MARGIN CALL ($0)
67,55,0.0,5,0,5,1.0,-100.0,0.0,MARGIN CALL ($0)
67,56,0.0,6,0,6,1.0,-100.0,0.0,MARGIN CALL ($0)
67,57,0.0,5,0,5,1.0,-100.0,0.0,MARGIN CALL ($0)
67,58,0.0,5,0,5,1.0,-100.0,0.0,MARGIN CALL ($0)
67,59,0.0,5,0,5,1.0,-100.0,0.0,MARGIN CALL ($0)
67,60,0.0,5,0,5,1.0,-100.0,0.0,MARGIN CALL ($0)
67,61,0.0,5,0,5,1.0,-100.0,0.0,MARGIN CALL ($0)
67,62,0.0,5,0,5,1.0,-100.0,0.0,MARGIN CALL ($0)
67,63,0.0,5,0,5,1.0,-100.0,0.0,MARGIN CALL ($0)
67,64,0.0,5,0,5,1.0,-100.0,0.0,MARGIN CALL ($0)
67,65,0.0,4,0,4,1.0,-100.0,0.0,MARGIN CALL ($0)
67,66,0.0,5,0,5,1.0,-100.0,0.0,MARGIN CALL ($0)
67,67,0.0,283,32,251,1.0,-100.0,11.307420494699647,MARGIN CALL ($0)
67,68,0.0,340,38,302,1.0,-100.0,11.176470588235295,MARGIN CALL ($0)
67,69,0.0,401,55,346,1.0,-100.0,13.715710723192021,MARGIN CALL ($0)
67,70,0.0,6,0,6,1.0,-100.0,0.0,MARGIN CALL ($0)
67,71,0.0,6,0,6,1.0,-100.0,0.0,MARGIN CALL ($0)
67,72,0.0,8,0,8,1.0,-100.0,0.0,MARGIN CALL ($0)
67,73,0.0,8,0,8,1.0,-100.0,0.0,MARGIN CALL ($0)
67,74,0.0,8,0,8,1.0,-100.0,0.0,MARGIN CALL ($0)
67,75,0.0,8,0,8,1.0,-100.0,0.0,MARGIN CALL ($0)
67,76,0.0,7,0,7,1.0,-100.0,0.0,MARGIN CALL ($0)
67,77,0.0,7,0,7,1.0,-100.0,0.0,MARGIN CALL ($0)
67,78,0.0,8,0,8,1.0,-100.0,0.0,MARGIN CALL ($0)
67,79,0.0,8,0,8,1.0,-100.0,0.0,MARGIN CALL ($0)
67,80,0.0,9,0,9,1.0,-100.0,0.0,MARGIN CALL ($0)
67,81,0.0,9,0,9,1.0,-100.0,0.0,MARGIN CALL ($0)
67,82,0.0,105,15,90,1.0,-100.0,14.285714285714285,MARGIN CALL ($0)
67,83,0.0,5,0,5,1.0,-100.0,0.0,MARGIN CALL ($0)
67,84,0.0,5,0,5,1.0,-100.0,0.0,MARGIN CALL ($0)
67,85,0.0,6,0,6,1.0,-100.0,0.0,MARGIN CALL ($0)
67,86,0.0,8,0,8,1.0,-100.0,0.0,MARGIN CALL ($0)
67,87,0.0,8,0,8,1.0,-100.0,0.0,MARGIN CALL ($0)
67,88,0.0,8,0,8,1.0,-100.0,0.0,MARGIN CALL ($0)
67,89,0.0,8,0,8,1.0,-100.0,0.0,MARGIN CALL ($0)
67,90,0.0,9,1,8,1.0,-100.0,11.11111111111111,MARGIN CALL ($0)
67,91,0.0,10,0,10,1.0,-100.0,0.0,MARGIN CALL ($0)
67,92,0.0,10,0,10,1.0,-100.0,0.0,MARGIN CALL ($0)
67,93,0.0,10,0,10,1.0,-100.0,0.0,MARGIN CALL ($0)
67,94,0.0,10,0,10,1.0,-100.0,0.0,MARGIN CALL ($0)
67,95,0.0,8,0,8,1.0,-100.0,0.0,MARGIN CALL ($0)
67,96,0.0,8,0,8,1.0,-100.0,0.0,MARGIN CALL ($0)
67,97,0.0,8,0,8,1.0,-100.0,0.0,MARGIN CALL ($0)
67,98,0.0,8,0,8,1.0,-100.0,0.0,MARGIN CALL ($0)
67,99,0.0,10,0,10,1.0,-100.0,0.0,MARGIN CALL ($0)
67,100,0.0,10,0,10,1.0,-100.0,0.0,MARGIN CALL ($0)
68,1,0.0,3670,956,2714,1.0,-100.0,26.049046321525886,MARGIN CALL ($0)
68,2,0.0,6850,1881,4969,1.0,-100.0,27.45985401459854,MARGIN CALL ($0)
68,3,0.0,26,5,21,1.0,-100.0,19.230769230769234,MARGIN CALL ($0)
68,4,0.0,37,8,29,1.0,-100.0,21.62162162162162,MARGIN CALL ($0)
68,5,0.0,14,0,14,1.0,-100.0,0.0,MARGIN CALL ($0)
68,6,0.0,18,1,17,1.0,-100.0,5.555555555555555,MARGIN CALL ($0)
68,7,0.0,17,1,16,1.0,-100.0,5.88235294117647,MARGIN CALL ($0)
68,8,0.0,20,3,17,1.0,-100.0,15.0,MARGIN CALL ($0)
68,9,0.0,23,3,20,1.0,-100.0,13.043478260869565,MARGIN CALL ($0)
68,10,0.0,24,3,21,1.0,-100.0,12.5,MARGIN CALL ($0)
68,11,0.0,22,3,19,1.0,-100.0,13.636363636363635,MARGIN CALL ($0)
68,12,0.0,20,3,17,1.0,-100.0,15.0,MARGIN CALL ($0)
68,13,0.0,6134,1351,4783,1.0,-100.0,22.024779915226606,MARGIN CALL ($0)
68,14,0.0,44,8,36,1.0,-100.0,18.181818181818183,MARGIN CALL ($0)
68,15,0.0,31,5,26,1.0,-100.0,16.129032258064516,MARGIN CALL ($0)
68,16,0.0,14,1,13,1.0,-100.0,7.142857142857142,MARGIN CALL ($0)
68,17,0.0,11,0,11,1.0,-100.0,0.0,MARGIN CALL ($0)
68,18,0.0,6,0,6,1.0,-100.0,0.0,MARGIN CALL ($0)
68,19,0.0,6324,1378,4946,1.0,-100.0,21.79000632511069,MARGIN CALL ($0)
68,20,0.0,6148,1334,4814,1.0,-100.0,21.69811320754717,MARGIN CALL ($0)
68,21,0.0,34,5,29,1.0,-100.0,14.705882352941178,MARGIN CALL ($0)
68,22,0.0,23,3,20,1.0,-100.0,13.043478260869565,MARGIN CALL ($0)
68,23,0.0,1105,234,871,1.0,-100.0,21.176470588235293,MARGIN CALL ($0)
68,24,0.0,52,6,46,1.0,-100.0,11.538461538461538,MARGIN CALL ($0)
68,25,0.0,22,3,19,1.0,-100.0,13.636363636363635,MARGIN CALL ($0)
68,26,0.0,20,3,17,1.0,-100.0,15.0,MARGIN CALL ($0)
68,27,0.0,21,3,18,1.0,-100.0,14.285714285714285,MARGIN CALL ($0)
68,28,0.0,8,0,8,1.0,-100.0,0.0,MARGIN CALL ($0)
68,29,0.0,8,0,8,1.0,-100.0,0.0,MARGIN CALL ($0)
68,30,0.0,19,3,16,1.0,-100.0,15.789473684210526,MARGIN CALL ($0)
68,31,0.0,19,3,16,1.0,-100.0,15.789473684210526,MARGIN CALL ($0)
68,32,0.0,20,3,17,1.0,-100.0,15.0,MARGIN CALL ($0)
68,33,0.0,19,2,17,1.0,-100.0,10.526315789473683,MARGIN CALL ($0)
68,34,0.0,21,4,17,1.0,-100.0,19.047619047619047,MARGIN CALL ($0)
68,35,0.0,21,4,17,1.0,-100.0,19.047619047619047,MARGIN CALL ($0)
68,36,0.0,76,9,67,1.0,-100.0,11.842105263157894,MARGIN CALL ($0)
68,37,0.0,8365,1495,6870,1.0,-100.0,17.872086072922894,MARGIN CALL ($0)
68,38,0.0,8162,1448,6714,1.0,-100.0,17.740749816221516,MARGIN CALL ($0)
68,39,0.0,8,0,8,1.0,-100.0,0.0,MARGIN CALL ($0)
68,40,0.0,9,0,9,1.0,-100.0,0.0,MARGIN CALL ($0)
68,41,0.0,8,0,8,1.0,-100.0,0.0,MARGIN CALL ($0)
68,42,0.0,7,0,7,1.0,-100.0,0.0,MARGIN CALL ($0)
68,43,0.0,7,0,7,1.0,-100.0,0.0,MARGIN CALL ($0)
68,44,0.0,7,0,7,1.0,-100.0,0.0,MARGIN CALL ($0)
68,45,0.0,7,0,7,1.0,-100.0,0.0,MARGIN CALL ($0)
68,46,0.0,7,0,7,1.0,-100.0,0.0,MARGIN CALL ($0)
68,47,0.0,8,0,8,1.0,-100.0,0.0,MARGIN CALL ($0)
68,48,0.0,8,0,8,1.0,-100.0,0.0,MARGIN CALL ($0)
68,49,0.0,7,0,7,1.0,-100.0,0.0,MARGIN CALL ($0)
68,50,0.0,7,0,7,1.0,-100.0,0.0,MARGIN CALL ($0)
68,51,0.0,5,0,5,1.0,-100.0,0.0,MARGIN CALL ($0)
68,52,0.0,7,0,7,1.0,-100.0,0.0,MARGIN CALL ($0)
68,53,0.0,7,0,7,1.0,-100.0,0.0,MARGIN CALL ($0)
68,54,0.0,6,0,6,1.0,-100.0,0.0,MARGIN CALL ($0)
68,55,0.0,6,0,6,1.0,-100.0,0.0,MARGIN CALL ($0)
68,56,0.0,7,0,7,1.0,-100.0,0.0,MARGIN CALL ($0)
68,57,0.0,5,0,5,1.0,-100.0,0.0,MARGIN CALL ($0)
68,58,0.0,6,0,6,1.0,-100.0,0.0,MARGIN CALL ($0)
68,59,0.0,6,0,6,1.0,-100.0,0.0,MARGIN CALL ($0)
68,60,0.0,6,0,6,1.0,-100.0,0.0,MARGIN CALL ($0)
68,61,0.0,6,0,6,1.0,-100.0,0.0,MARGIN CALL ($0)
68,62,0.0,6,0,6,1.0,-100.0,0.0,MARGIN CALL ($0)
68,63,0.0,6,0,6,1.0,-100.0,0.0,MARGIN CALL ($0)
68,64,0.0,6,0,6,1.0,-100.0,0.0,MARGIN CALL ($0)
68,65,0.0,5,0,5,1.0,-100.0,0.0,MARGIN CALL ($0)
68,66,0.0,6,0,6,1.0,-100.0,0.0,MARGIN CALL ($0)
68,67,0.0,287,33,254,1.0,-100.0,11.498257839721255,MARGIN CALL ($0)
68,68,0.0,9,0,9,1.0,-100.0,0.0,MARGIN CALL ($0)
68,69,0.0,10,0,10,1.0,-100.0,0.0,MARGIN CALL ($0)
68,70,0.0,6,0,6,1.0,-100.0,0.0,MARGIN CALL ($0)
68,71,0.0,6,0,6,1.0,-100.0,0.0,MARGIN CALL ($0)
68,72,0.0,8,0,8,1.0,-100.0,0.0,MARGIN CALL ($0)
68,73,0.0,8,0,8,1.0,-100.0,0.0,MARGIN CALL ($0)
68,74,0.0,8,0,8,1.0,-100.0,0.0,MARGIN CALL ($0)
68,75,0.0,8,0,8,1.0,-100.0,0.0,MARGIN CALL ($0)
68,76,0.0,7,0,7,1.0,-100.0,0.0,MARGIN CALL ($0)
68,77,0.0,7,0,7,1.0,-100.0,0.0,MARGIN CALL ($0)
68,78,0.0,9,0,9,1.0,-100.0,0.0,MARGIN CALL ($0)
68,79,0.0,9,0,9,1.0,-100.0,0.0,MARGIN CALL ($0)
68,80,0.0,10,0,10,1.0,-100.0,0.0,MARGIN CALL ($0)
68,81,0.0,10,0,10,1.0,-100.0,0.0,MARGIN CALL ($0)
68,82,0.0,6,0,6,1.0,-100.0,0.0,MARGIN CALL ($0)
68,83,0.0,6,0,6,1.0,-100.0,0.0,MARGIN CALL ($0)
68,84,0.0,6,0,6,1.0,-100.0,0.0,MARGIN CALL ($0)
68,85,0.0,7,0,7,1.0,-100.0,0.0,MARGIN CALL ($0)
68,86,0.0,9,0,9,1.0,-100.0,0.0,MARGIN CALL ($0)
68,87,0.0,9,0,9,1.0,-100.0,0.0,MARGIN CALL ($0)
68,88,0.0,8,0,8,1.0,-100.0,0.0,MARGIN CALL ($0)
68,89,0.0,9,0,9,1.0,-100.0,0.0,MARGIN CALL ($0)
68,90,0.0,10,1,9,1.0,-100.0,10.0,MARGIN CALL ($0)
68,91,0.0,8,0,8,1.0,-100.0,0.0,MARGIN CALL ($0)
68,92,0.0,8,0,8,1.0,-100.0,0.0,MARGIN CALL ($0)
68,93,0.0,8,0,8,1.0,-100.0,0.0,MARGIN CALL ($0)
68,94,0.0,8,0,8,1.0,-100.0,0.0,MARGIN CALL ($0)
68,95,0.0,9,0,9,1.0,-100.0,0.0,MARGIN CALL ($0)
68,96,0.0,9,0,9,1.0,-100.0,0.0,MARGIN CALL ($0)
68,97,0.0,9,0,9,1.0,-100.0,0.0,MARGIN CALL ($0)
68,98,0.0,9,0,9,1.0,-100.0,0.0,MARGIN CALL ($0)
68,99,0.0,11,0,11,1.0,-100.0,0.0,MARGIN CALL ($0)
68,100,0.0,11,0,11,1.0,-100.0,0.0,MARGIN CALL ($0)
69,1,0.0,3318,860,2458,1.0,-100.0,25.919228450874023,MARGIN CALL ($0)
69,2,0.0,6849,1881,4968,1.0,-100.0,27.463863337713533,MARGIN CALL ($0)
69,3,0.0,26,5,21,1.0,-100.0,19.230769230769234,MARGIN CALL ($0)
69,4,0.0,37,8,29,1.0,-100.0,21.62162162162162,MARGIN CALL ($0)
69,5,0.0,14,0,14,1.0,-100.0,0.0,MARGIN CALL ($0)
69,6,0.0,18,1,17,1.0,-100.0,5.555555555555555,MARGIN CALL ($0)
69,7,0.0,17,1,16,1.0,-100.0,5.88235294117647,MARGIN CALL ($0)
69,8,0.0,20,3,17,1.0,-100.0,15.0,MARGIN CALL ($0)
69,9,0.0,23,3,20,1.0,-100.0,13.043478260869565,MARGIN CALL ($0)
69,10,0.0,24,3,21,1.0,-100.0,12.5,MARGIN CALL ($0)
69,11,0.0,22,3,19,1.0,-100.0,13.636363636363635,MARGIN CALL ($0)
69,12,0.0,20,3,17,1.0,-100.0,15.0,MARGIN CALL ($0)
69,13,0.0,6255,1382,4873,1.0,-100.0,22.094324540367705,MARGIN CALL ($0)
69,14,0.0,2580,622,1958,1.0,-100.0,24.108527131782946,MARGIN CALL ($0)
69,15,0.0,34,6,28,1.0,-100.0,17.647058823529413,MARGIN CALL ($0)
69,16,0.0,14,1,13,1.0,-100.0,7.142857142857142,MARGIN CALL ($0)
69,17,0.0,11,0,11,1.0,-100.0,0.0,MARGIN CALL ($0)
69,18,0.0,6,0,6,1.0,-100.0,0.0,MARGIN CALL ($0)
69,19,0.0,6849,1507,5342,1.0,-100.0,22.003212147758795,MARGIN CALL ($0)
69,20,0.0,6795,1485,5310,1.0,-100.0,21.85430463576159,MARGIN CALL ($0)
69,21,0.0,141,28,113,1.0,-100.0,19.858156028368796,MARGIN CALL ($0)
69,22,0.0,27,3,24,1.0,-100.0,11.11111111111111,MARGIN CALL ($0)
69,23,0.0,1413,308,1105,1.0,-100.0,21.797593772116063,MARGIN CALL ($0)
69,24,0.0,911,197,714,1.0,-100.0,21.62458836443469,MARGIN CALL ($0)
69,25,0.0,842,175,667,1.0,-100.0,20.783847980997624,MARGIN CALL ($0)
69,26,0.0,256,61,195,1.0,-100.0,23.828125,MARGIN CALL ($0)
69,27,0.0,700,129,571,1.0,-100.0,18.428571428571427,MARGIN CALL ($0)
69,28,0.0,224,53,171,1.0,-100.0,23.660714285714285,MARGIN CALL ($0)
69,29,0.0,219,58,161,1.0,-100.0,26.48401826484018,MARGIN CALL ($0)
69,30,0.0,22,4,18,1.0,-100.0,18.181818181818183,MARGIN CALL ($0)
69,31,0.0,53,4,49,1.0,-100.0,7.547169811320755,MARGIN CALL ($0)
69,32,0.0,48,4,44,1.0,-100.0,8.333333333333332,MARGIN CALL ($0)
69,33,0.0,36,3,33,1.0,-100.0,8.333333333333332,MARGIN CALL ($0)
69,34,0.0,38,5,33,1.0,-100.0,13.157894736842104,MARGIN CALL ($0)
69,35,0.0,253,49,204,1.0,-100.0,19.367588932806324,MARGIN CALL ($0)
69,36,0.0,653,121,532,1.0,-100.0,18.529862174578867,MARGIN CALL ($0)
69,37,0.0,8419,1512,6907,1.0,-100.0,17.959377598289585,MARGIN CALL ($0)
69,38,0.0,7626,1370,6256,1.0,-100.0,17.964857067925518,MARGIN CALL ($0)
69,39,0.0,8,0,8,1.0,-100.0,0.0,MARGIN CALL ($0)
69,40,0.0,9,0,9,1.0,-100.0,0.0,MARGIN CALL ($0)
69,41,0.0,8,0,8,1.0,-100.0,0.0,MARGIN CALL ($0)
69,42,0.0,7,0,7,1.0,-100.0,0.0,MARGIN CALL ($0)
69,43,0.0,7,0,7,1.0,-100.0,0.0,MARGIN CALL ($0)
69,44,0.0,7,0,7,1.0,-100.0,0.0,MARGIN CALL ($0)
69,45,0.0,7,0,7,1.0,-100.0,0.0,MARGIN CALL ($0)
69,46,0.0,7,0,7,1.0,-100.0,0.0,MARGIN CALL ($0)
69,47,0.0,8,0,8,1.0,-100.0,0.0,MARGIN CALL ($0)
69,48,0.0,8,0,8,1.0,-100.0,0.0,MARGIN CALL ($0)
69,49,0.0,7,0,7,1.0,-100.0,0.0,MARGIN CALL ($0)
69,50,0.0,7,0,7,1.0,-100.0,0.0,MARGIN CALL ($0)
69,51,0.0,5,0,5,1.0,-100.0,0.0,MARGIN CALL ($0)
69,52,0.0,7,0,7,1.0,-100.0,0.0,MARGIN CALL ($0)
69,53,0.0,7,0,7,1.0,-100.0,0.0,MARGIN CALL ($0)
69,54,0.0,6,0,6,1.0,-100.0,0.0,MARGIN CALL ($0)
69,55,0.0,6,0,6,1.0,-100.0,0.0,MARGIN CALL ($0)
69,56,0.0,7,0,7,1.0,-100.0,0.0,MARGIN CALL ($0)
69,57,0.0,5,0,5,1.0,-100.0,0.0,MARGIN CALL ($0)
69,58,0.0,6,0,6,1.0,-100.0,0.0,MARGIN CALL ($0)
69,59,0.0,6,0,6,1.0,-100.0,0.0,MARGIN CALL ($0)
69,60,0.0,6,0,6,1.0,-100.0,0.0,MARGIN CALL ($0)
69,61,0.0,6,0,6,1.0,-100.0,0.0,MARGIN CALL ($0)
69,62,0.0,6,0,6,1.0,-100.0,0.0,MARGIN CALL ($0)
69,63,0.0,6,0,6,1.0,-100.0,0.0,MARGIN CALL ($0)
69,64,0.0,6,0,6,1.0,-100.0,0.0,MARGIN CALL ($0)
69,65,0.0,5,0,5,1.0,-100.0,0.0,MARGIN CALL ($0)
69,66,0.0,6,0,6,1.0,-100.0,0.0,MARGIN CALL ($0)
69,67,0.0,294,34,260,1.0,-100.0,11.564625850340136,MARGIN CALL ($0)
69,68,0.0,10,0,10,1.0,-100.0,0.0,MARGIN CALL ($0)
69,69,0.0,10,0,10,1.0,-100.0,0.0,MARGIN CALL ($0)
69,70,0.0,6,0,6,1.0,-100.0,0.0,MARGIN CALL ($0)
69,71,0.0,6,0,6,1.0,-100.0,0.0,MARGIN CALL ($0)
69,72,0.0,8,0,8,1.0,-100.0,0.0,MARGIN CALL ($0)
69,73,0.0,8,0,8,1.0,-100.0,0.0,MARGIN CALL ($0)
69,74,0.0,8,0,8,1.0,-100.0,0.0,MARGIN CALL ($0)
69,75,0.0,8,0,8,1.0,-100.0,0.0,MARGIN CALL ($0)
69,76,0.0,7,0,7,1.0,-100.0,0.0,MARGIN CALL ($0)
69,77,0.0,7,0,7,1.0,-100.0,0.0,MARGIN CALL ($0)
69,78,0.0,9,0,9,1.0,-100.0,0.0,MARGIN CALL ($0)
69,79,0.0,9,0,9,1.0,-100.0,0.0,MARGIN CALL ($0)
69,80,0.0,10,0,10,1.0,-100.0,0.0,MARGIN CALL ($0)
69,81,0.0,10,0,10,1.0,-100.0,0.0,MARGIN CALL ($0)
69,82,0.0,6,0,6,1.0,-100.0,0.0,MARGIN CALL ($0)
69,83,0.0,6,0,6,1.0,-100.0,0.0,MARGIN CALL ($0)
69,84,0.0,6,0,6,1.0,-100.0,0.0,MARGIN CALL ($0)
69,85,0.0,7,0,7,1.0,-100.0,0.0,MARGIN CALL ($0)
69,86,0.0,9,0,9,1.0,-100.0,0.0,MARGIN CALL ($0)
69,87,0.0,9,0,9,1.0,-100.0,0.0,MARGIN CALL ($0)
69,88,0.0,8,0,8,1.0,-100.0,0.0,MARGIN CALL ($0)
69,89,0.0,9,0,9,1.0,-100.0,0.0,MARGIN CALL ($0)
69,90,0.0,10,1,9,1.0,-100.0,10.0,MARGIN CALL ($0)
69,91,0.0,8,0,8,1.0,-100.0,0.0,MARGIN CALL ($0)
69,92,0.0,8,0,8,1.0,-100.0,0.0,MARGIN CALL ($0)
69,93,0.0,8,0,8,1.0,-100.0,0.0,MARGIN CALL ($0)
69,94,0.0,8,0,8,1.0,-100.0,0.0,MARGIN CALL ($0)
69,95,0.0,9,0,9,1.0,-100.0,0.0,MARGIN CALL ($0)
69,96,0.0,9,0,9,1.0,-100.0,0.0,MARGIN CALL ($0)
69,97,0.0,9,0,9,1.0,-100.0,0.0,MARGIN CALL ($0)
69,98,0.0,9,0,9,1.0,-100.0,0.0,MARGIN CALL ($0)
69,99,0.0,11,0,11,1.0,-100.0,0.0,MARGIN CALL ($0)
69,100,0.0,11,0,11,1.0,-100.0,0.0,MARGIN CALL ($0)
70,1,0.0,3303,854,2449,1.0,-100.0,25.855283075991526,MARGIN CALL ($0)
70,2,0.0,6851,1881,4970,1.0,-100.0,27.455845861917965,MARGIN CALL ($0)
70,3,0.0,26,5,21,1.0,-100.0,19.230769230769234,MARGIN CALL ($0)
70,4,0.0,37,8,29,1.0,-100.0,21.62162162162162,MARGIN CALL ($0)
70,5,0.0,14,0,14,1.0,-100.0,0.0,MARGIN CALL ($0)
70,6,0.0,19,1,18,1.0,-100.0,5.263157894736842,MARGIN CALL ($0)
70,7,0.0,18,1,17,1.0,-100.0,5.555555555555555,MARGIN CALL ($0)
70,8,0.0,21,3,18,1.0,-100.0,14.285714285714285,MARGIN CALL ($0)
70,9,0.0,24,3,21,1.0,-100.0,12.5,MARGIN CALL ($0)
70,10,0.0,24,3,21,1.0,-100.0,12.5,MARGIN CALL ($0)
70,11,0.0,23,3,20,1.0,-100.0,13.043478260869565,MARGIN CALL ($0)
70,12,0.0,21,3,18,1.0,-100.0,14.285714285714285,MARGIN CALL ($0)
70,13,0.0,5857,1301,4556,1.0,-100.0,22.212736896021852,MARGIN CALL ($0)
70,14,0.0,2586,625,1961,1.0,-100.0,24.16860015467904,MARGIN CALL ($0)
70,15,0.0,35,6,29,1.0,-100.0,17.142857142857142,MARGIN CALL ($0)
70,16,0.0,15,1,14,1.0,-100.0,6.666666666666667,MARGIN CALL ($0)
70,17,0.0,11,0,11,1.0,-100.0,0.0,MARGIN CALL ($0)
70,18,0.0,6,0,6,1.0,-100.0,0.0,MARGIN CALL ($0)
70,19,0.0,6313,1374,4939,1.0,-100.0,21.76461270394424,MARGIN CALL ($0)
70,20,0.0,6182,1338,4844,1.0,-100.0,21.643481074086058,MARGIN CALL ($0)
70,21,0.0,1571,367,1204,1.0,-100.0,23.360916613621896,MARGIN CALL ($0)
70,22,0.0,27,3,24,1.0,-100.0,11.11111111111111,MARGIN CALL ($0)
70,23,0.0,1468,317,1151,1.0,-100.0,21.59400544959128,MARGIN CALL ($0)
70,24,0.0,1015,215,800,1.0,-100.0,21.182266009852217,MARGIN CALL ($0)
70,25,0.0,944,194,750,1.0,-100.0,20.55084745762712,MARGIN CALL ($0)
70,26,0.0,927,182,745,1.0,-100.0,19.633225458468175,MARGIN CALL ($0)
70,27,0.0,775,145,630,1.0,-100.0,18.70967741935484,MARGIN CALL ($0)
70,28,0.0,247,55,192,1.0,-100.0,22.267206477732792,MARGIN CALL ($0)
70,29,0.0,229,58,171,1.0,-100.0,25.327510917030565,MARGIN CALL ($0)
70,30,0.0,22,4,18,1.0,-100.0,18.181818181818183,MARGIN CALL ($0)
70,31,0.0,53,4,49,1.0,-100.0,7.547169811320755,MARGIN CALL ($0)
70,32,0.0,48,4,44,1.0,-100.0,8.333333333333332,MARGIN CALL ($0)
70,33,0.0,30,3,27,1.0,-100.0,10.0,MARGIN CALL ($0)
70,34,0.0,29,5,24,1.0,-100.0,17.24137931034483,MARGIN CALL ($0)
70,35,0.0,570,116,454,1.0,-100.0,20.350877192982455,MARGIN CALL ($0)
70,36,0.0,655,121,534,1.0,-100.0,18.473282442748094,MARGIN CALL ($0)
70,37,0.0,1659,285,1374,1.0,-100.0,17.17902350813743,MARGIN CALL ($0)
70,38,0.0,4959,889,4070,1.0,-100.0,17.927001411574913,MARGIN CALL ($0)
70,39,0.0,8,0,8,1.0,-100.0,0.0,MARGIN CALL ($0)
70,40,0.0,9,0,9,1.0,-100.0,0.0,MARGIN CALL ($0)
70,41,0.0,8,0,8,1.0,-100.0,0.0,MARGIN CALL ($0)
70,42,0.0,7,0,7,1.0,-100.0,0.0,MARGIN CALL ($0)
70,43,0.0,7,0,7,1.0,-100.0,0.0,MARGIN CALL ($0)
70,44,0.0,7,0,7,1.0,-100.0,0.0,MARGIN CALL ($0)
70,45,0.0,7,0,7,1.0,-100.0,0.0,MARGIN CALL ($0)
70,46,0.0,7,0,7,1.0,-100.0,0.0,MARGIN CALL ($0)
70,47,0.0,8,0,8,1.0,-100.0,0.0,MARGIN CALL ($0)
70,48,0.0,8,0,8,1.0,-100.0,0.0,MARGIN CALL ($0)
70,49,0.0,7,0,7,1.0,-100.0,0.0,MARGIN CALL ($0)
70,50,0.0,7,0,7,1.0,-100.0,0.0,MARGIN CALL ($0)
70,51,0.0,5,0,5,1.0,-100.0,0.0,MARGIN CALL ($0)
70,52,0.0,7,0,7,1.0,-100.0,0.0,MARGIN CALL ($0)
70,53,0.0,7,0,7,1.0,-100.0,0.0,MARGIN CALL ($0)
70,54,0.0,6,0,6,1.0,-100.0,0.0,MARGIN CALL ($0)
70,55,0.0,6,0,6,1.0,-100.0,0.0,MARGIN CALL ($0)
70,56,0.0,7,0,7,1.0,-100.0,0.0,MARGIN CALL ($0)
70,57,0.0,5,0,5,1.0,-100.0,0.0,MARGIN CALL ($0)
70,58,0.0,6,0,6,1.0,-100.0,0.0,MARGIN CALL ($0)
70,59,0.0,6,0,6,1.0,-100.0,0.0,MARGIN CALL ($0)
70,60,0.0,6,0,6,1.0,-100.0,0.0,MARGIN CALL ($0)
70,61,0.0,6,0,6,1.0,-100.0,0.0,MARGIN CALL ($0)
70,62,0.0,6,0,6,1.0,-100.0,0.0,MARGIN CALL ($0)
70,63,0.0,6,0,6,1.0,-100.0,0.0,MARGIN CALL ($0)
70,64,0.0,6,0,6,1.0,-100.0,0.0,MARGIN CALL ($0)
70,65,0.0,5,0,5,1.0,-100.0,0.0,MARGIN CALL ($0)
70,66,0.0,6,0,6,1.0,-100.0,0.0,MARGIN CALL ($0)
70,67,0.0,302,37,265,1.0,-100.0,12.251655629139073,MARGIN CALL ($0)
70,68,0.0,10,0,10,1.0,-100.0,0.0,MARGIN CALL ($0)
70,69,0.0,10,0,10,1.0,-100.0,0.0,MARGIN CALL ($0)
70,70,0.0,6,0,6,1.0,-100.0,0.0,MARGIN CALL ($0)
70,71,0.0,6,0,6,1.0,-100.0,0.0,MARGIN CALL ($0)
70,72,0.0,8,0,8,1.0,-100.0,0.0,MARGIN CALL ($0)
70,73,0.0,8,0,8,1.0,-100.0,0.0,MARGIN CALL ($0)
70,74,0.0,8,0,8,1.0,-100.0,0.0,MARGIN CALL ($0)
70,75,0.0,8,0,8,1.0,-100.0,0.0,MARGIN CALL ($0)
70,76,0.0,7,0,7,1.0,-100.0,0.0,MARGIN CALL ($0)
70,77,0.0,7,0,7,1.0,-100.0,0.0,MARGIN CALL ($0)
70,78,0.0,9,0,9,1.0,-100.0,0.0,MARGIN CALL ($0)
70,79,0.0,9,0,9,1.0,-100.0,0.0,MARGIN CALL ($0)
70,80,0.0,10,0,10,1.0,-100.0,0.0,MARGIN CALL ($0)
70,81,0.0,10,0,10,1.0,-100.0,0.0,MARGIN CALL ($0)
70,82,0.0,6,0,6,1.0,-100.0,0.0,MARGIN CALL ($0)
70,83,0.0,6,0,6,1.0,-100.0,0.0,MARGIN CALL ($0)
70,84,0.0,6,0,6,1.0,-100.0,0.0,MARGIN CALL ($0)
70,85,0.0,7,0,7,1.0,-100.0,0.0,MARGIN CALL ($0)
70,86,0.0,9,0,9,1.0,-100.0,0.0,MARGIN CALL ($0)
70,87,0.0,9,0,9,1.0,-100.0,0.0,MARGIN CALL ($0)
70,88,0.0,8,0,8,1.0,-100.0,0.0,MARGIN CALL ($0)
70,89,0.0,9,0,9,1.0,-100.0,0.0,MARGIN CALL ($0)
70,90,0.0,10,1,9,1.0,-100.0,10.0,MARGIN CALL ($0)
70,91,0.0,8,0,8,1.0,-100.0,0.0,MARGIN CALL ($0)
70,92,0.0,8,0,8,1.0,-100.0,0.0,MARGIN CALL ($0)
70,93,0.0,8,0,8,1.0,-100.0,0.0,MARGIN CALL ($0)
70,94,0.0,8,0,8,1.0,-100.0,0.0,MARGIN CALL ($0)
70,95,0.0,9,0,9,1.0,-100.0,0.0,MARGIN CALL ($0)
70,96,0.0,9,0,9,1.0,-100.0,0.0,MARGIN CALL ($0)
70,97,0.0,9,0,9,1.0,-100.0,0.0,MARGIN CALL ($0)
70,98,0.0,9,0,9,1.0,-100.0,0.0,MARGIN CALL ($0)
70,99,0.0,9,0,9,1.0,-100.0,0.0,MARGIN CALL ($0)
70,100,0.0,9,0,9,1.0,-100.0,0.0,MARGIN CALL ($0)
71,1,0.0,3118,804,2314,1.0,-100.0,25.78576010262989,MARGIN CALL ($0)
71,2,0.0,6851,1881,4970,1.0,-100.0,27.455845861917965,MARGIN CALL ($0)
71,3,0.0,4176,1167,3009,1.0,-100.0,27.945402298850574,MARGIN CALL ($0)
71,4,0.0,37,8,29,1.0,-100.0,21.62162162162162,MARGIN CALL ($0)
71,5,0.0,14,0,14,1.0,-100.0,0.0,MARGIN CALL ($0)
71,6,0.0,18,1,17,1.0,-100.0,5.555555555555555,MARGIN CALL ($0)
71,7,0.0,17,1,16,1.0,-100.0,5.88235294117647,MARGIN CALL ($0)
71,8,0.0,20,3,17,1.0,-100.0,15.0,MARGIN CALL ($0)
71,9,0.0,22,3,19,1.0,-100.0,13.636363636363635,MARGIN CALL ($0)
71,10,0.0,23,3,20,1.0,-100.0,13.043478260869565,MARGIN CALL ($0)
71,11,0.0,21,3,18,1.0,-100.0,14.285714285714285,MARGIN CALL ($0)
71,12,0.0,19,3,16,1.0,-100.0,15.789473684210526,MARGIN CALL ($0)
71,13,0.0,6095,1356,4739,1.0,-100.0,22.24774405250205,MARGIN CALL ($0)
71,14,0.0,2599,625,1974,1.0,-100.0,24.047710657945366,MARGIN CALL ($0)
71,15,0.0,33,6,27,1.0,-100.0,18.181818181818183,MARGIN CALL ($0)
71,16,0.0,13,1,12,1.0,-100.0,7.6923076923076925,MARGIN CALL ($0)
71,17,0.0,10,0,10,1.0,-100.0,0.0,MARGIN CALL ($0)
71,18,0.0,6,0,6,1.0,-100.0,0.0,MARGIN CALL ($0)
71,19,0.0,6581,1457,5124,1.0,-100.0,22.139492478346757,MARGIN CALL ($0)
71,20,0.0,6781,1473,5308,1.0,-100.0,21.7224598141867,MARGIN CALL ($0)
71,21,0.0,1596,371,1225,1.0,-100.0,23.24561403508772,MARGIN CALL ($0)
71,22,0.0,26,3,23,1.0,-100.0,11.538461538461538,MARGIN CALL ($0)
71,23,0.0,1675,380,1295,1.0,-100.0,22.686567164179106,MARGIN CALL ($0)
71,24,0.0,1030,221,809,1.0,-100.0,21.45631067961165,MARGIN CALL ($0)
71,25,0.0,969,206,763,1.0,-100.0,21.25902992776058,MARGIN CALL ($0)
71,26,0.0,935,189,746,1.0,-100.0,20.21390374331551,MARGIN CALL ($0)
71,27,0.0,793,152,641,1.0,-100.0,19.167717528373267,MARGIN CALL ($0)
71,28,0.0,247,56,191,1.0,-100.0,22.672064777327936,MARGIN CALL ($0)
71,29,0.0,237,61,176,1.0,-100.0,25.738396624472575,MARGIN CALL ($0)
71,30,0.0,22,4,18,1.0,-100.0,18.181818181818183,MARGIN CALL ($0)
71,31,0.0,54,4,50,1.0,-100.0,7.4074074074074066,MARGIN CALL ($0)
71,32,0.0,48,4,44,1.0,-100.0,8.333333333333332,MARGIN CALL ($0)
71,33,0.0,30,3,27,1.0,-100.0,10.0,MARGIN CALL ($0)
71,34,0.0,29,5,24,1.0,-100.0,17.24137931034483,MARGIN CALL ($0)
71,35,0.0,632,128,504,1.0,-100.0,20.253164556962027,MARGIN CALL ($0)
71,36,0.0,657,121,536,1.0,-100.0,18.41704718417047,MARGIN CALL ($0)
71,37,0.0,7527,1378,6149,1.0,-100.0,18.307426597582037,MARGIN CALL ($0)
71,38,0.0,7364,1339,6025,1.0,-100.0,18.18305268875611,MARGIN CALL ($0)
71,39,0.0,8,0,8,1.0,-100.0,0.0,MARGIN CALL ($0)
71,40,0.0,9,0,9,1.0,-100.0,0.0,MARGIN CALL ($0)
71,41,0.0,8,0,8,1.0,-100.0,0.0,MARGIN CALL ($0)
71,42,0.0,7,0,7,1.0,-100.0,0.0,MARGIN CALL ($0)
71,43,0.0,7,0,7,1.0,-100.0,0.0,MARGIN CALL ($0)
71,44,0.0,7,0,7,1.0,-100.0,0.0,MARGIN CALL ($0)
71,45,0.0,7,0,7,1.0,-100.0,0.0,MARGIN CALL ($0)
71,46,0.0,7,0,7,1.0,-100.0,0.0,MARGIN CALL ($0)
71,47,0.0,8,0,8,1.0,-100.0,0.0,MARGIN CALL ($0)
71,48,0.0,8,0,8,1.0,-100.0,0.0,MARGIN CALL ($0)
71,49,0.0,7,0,7,1.0,-100.0,0.0,MARGIN CALL ($0)
71,50,0.0,7,0,7,1.0,-100.0,0.0,MARGIN CALL ($0)
71,51,0.0,5,0,5,1.0,-100.0,0.0,MARGIN CALL ($0)
71,52,0.0,7,0,7,1.0,-100.0,0.0,MARGIN CALL ($0)
71,53,0.0,7,0,7,1.0,-100.0,0.0,MARGIN CALL ($0)
71,54,0.0,6,0,6,1.0,-100.0,0.0,MARGIN CALL ($0)
71,55,0.0,6,0,6,1.0,-100.0,0.0,MARGIN CALL ($0)
71,56,0.0,7,0,7,1.0,-100.0,0.0,MARGIN CALL ($0)
71,57,0.0,5,0,5,1.0,-100.0,0.0,MARGIN CALL ($0)
71,58,0.0,6,0,6,1.0,-100.0,0.0,MARGIN CALL ($0)
71,59,0.0,6,0,6,1.0,-100.0,0.0,MARGIN CALL ($0)
71,60,0.0,6,0,6,1.0,-100.0,0.0,MARGIN CALL ($0)
71,61,0.0,6,0,6,1.0,-100.0,0.0,MARGIN CALL ($0)
71,62,0.0,6,0,6,1.0,-100.0,0.0,MARGIN CALL ($0)
71,63,0.0,6,0,6,1.0,-100.0,0.0,MARGIN CALL ($0)
71,64,0.0,6,0,6,1.0,-100.0,0.0,MARGIN CALL ($0)
71,65,0.0,5,0,5,1.0,-100.0,0.0,MARGIN CALL ($0)
71,66,0.0,6,0,6,1.0,-100.0,0.0,MARGIN CALL ($0)
71,67,0.0,337,40,297,1.0,-100.0,11.869436201780417,MARGIN CALL ($0)
71,68,0.0,9,0,9,1.0,-100.0,0.0,MARGIN CALL ($0)
71,69,0.0,9,0,9,1.0,-100.0,0.0,MARGIN CALL ($0)
71,70,0.0,6,0,6,1.0,-100.0,0.0,MARGIN CALL ($0)
71,71,0.0,5,0,5,1.0,-100.0,0.0,MARGIN CALL ($0)
71,72,0.0,5,0,5,1.0,-100.0,0.0,MARGIN CALL ($0)
71,73,0.0,5,0,5,1.0,-100.0,0.0,MARGIN CALL ($0)
71,74,0.0,5,0,5,1.0,-100.0,0.0,MARGIN CALL ($0)
71,75,0.0,5,0,5,1.0,-100.0,0.0,MARGIN CALL ($0)
71,76,0.0,6,0,6,1.0,-100.0,0.0,MARGIN CALL ($0)
71,77,0.0,6,0,6,1.0,-100.0,0.0,MARGIN CALL ($0)
71,78,0.0,6,0,6,1.0,-100.0,0.0,MARGIN CALL ($0)
71,79,0.0,6,0,6,1.0,-100.0,0.0,MARGIN CALL ($0)
71,80,0.0,5,0,5,1.0,-100.0,0.0,MARGIN CALL ($0)
71,81,0.0,5,0,5,1.0,-100.0,0.0,MARGIN CALL ($0)
71,82,0.0,5,0,5,1.0,-100.0,0.0,MARGIN CALL ($0)
71,83,0.0,5,0,5,1.0,-100.0,0.0,MARGIN CALL ($0)
71,84,0.0,5,0,5,1.0,-100.0,0.0,MARGIN CALL ($0)
71,85,0.0,6,0,6,1.0,-100.0,0.0,MARGIN CALL ($0)
71,86,0.0,8,0,8,1.0,-100.0,0.0,MARGIN CALL ($0)
71,87,0.0,8,0,8,1.0,-100.0,0.0,MARGIN CALL ($0)
71,88,0.0,8,0,8,1.0,-100.0,0.0,MARGIN CALL ($0)
71,89,0.0,8,0,8,1.0,-100.0,0.0,MARGIN CALL ($0)
71,90,0.0,9,1,8,1.0,-100.0,11.11111111111111,MARGIN CALL ($0)
71,91,0.0,9,1,8,1.0,-100.0,11.11111111111111,MARGIN CALL ($0)
71,92,0.0,9,1,8,1.0,-100.0,11.11111111111111,MARGIN CALL ($0)
71,93,0.0,9,1,8,1.0,-100.0,11.11111111111111,MARGIN CALL ($0)
71,94,0.0,8,0,8,1.0,-100.0,0.0,MARGIN CALL ($0)
71,95,0.0,9,0,9,1.0,-100.0,0.0,MARGIN CALL ($0)
71,96,0.0,10,0,10,1.0,-100.0,0.0,MARGIN CALL ($0)
71,97,0.0,10,0,10,1.0,-100.0,0.0,MARGIN CALL ($0)
71,98,0.0,10,0,10,1.0,-100.0,0.0,MARGIN CALL ($0)
71,99,0.0,9,0,9,1.0,-100.0,0.0,MARGIN CALL ($0)
71,100,0.0,9,0,9,1.0,-100.0,0.0,MARGIN CALL ($0)
72,1,0.0,3289,852,2437,1.0,-100.0,25.904530252356338,MARGIN CALL ($0)
72,2,0.0,6851,1881,4970,1.0,-100.0,27.455845861917965,MARGIN CALL ($0)
72,3,0.0,4163,1164,2999,1.0,-100.0,27.96060533269277,MARGIN CALL ($0)
72,4,0.0,38,9,29,1.0,-100.0,23.684210526315788,MARGIN CALL ($0)
72,5,0.0,14,0,14,1.0,-100.0,0.0,MARGIN CALL ($0)
72,6,0.0,18,1,17,1.0,-100.0,5.555555555555555,MARGIN CALL ($0)
72,7,0.0,17,1,16,1.0,-100.0,5.88235294117647,MARGIN CALL ($0)
72,8,0.0,22,4,18,1.0,-100.0,18.181818181818183,MARGIN CALL ($0)
72,9,0.0,23,4,19,1.0,-100.0,17.391304347826086,MARGIN CALL ($0)
72,10,0.0,23,3,20,1.0,-100.0,13.043478260869565,MARGIN CALL ($0)
72,11,0.0,21,3,18,1.0,-100.0,14.285714285714285,MARGIN CALL ($0)
72,12,0.0,19,3,16,1.0,-100.0,15.789473684210526,MARGIN CALL ($0)
72,13,0.0,6114,1369,4745,1.0,-100.0,22.39123323519791,MARGIN CALL ($0)
72,14,0.0,2615,635,1980,1.0,-100.0,24.282982791587,MARGIN CALL ($0)
72,15,0.0,33,6,27,1.0,-100.0,18.181818181818183,MARGIN CALL ($0)
72,16,0.0,13,1,12,1.0,-100.0,7.6923076923076925,MARGIN CALL ($0)
72,17,0.0,10,0,10,1.0,-100.0,0.0,MARGIN CALL ($0)
72,18,0.0,6,0,6,1.0,-100.0,0.0,MARGIN CALL ($0)
72,19,0.0,6396,1417,4979,1.0,-100.0,22.15447154471545,MARGIN CALL ($0)
72,20,0.0,6933,1514,5419,1.0,-100.0,21.837588345593538,MARGIN CALL ($0)
72,21,0.0,1596,374,1222,1.0,-100.0,23.43358395989975,MARGIN CALL ($0)
72,22,0.0,26,3,23,1.0,-100.0,11.538461538461538,MARGIN CALL ($0)
72,23,0.0,2782,629,2153,1.0,-100.0,22.60963335729691,MARGIN CALL ($0)
72,24,0.0,1048,227,821,1.0,-100.0,21.660305343511453,MARGIN CALL ($0)
72,25,0.0,987,212,775,1.0,-100.0,21.479229989868287,MARGIN CALL ($0)
72,26,0.0,956,193,763,1.0,-100.0,20.188284518828453,MARGIN CALL ($0)
72,27,0.0,814,157,657,1.0,-100.0,19.28746928746929,MARGIN CALL ($0)
72,28,0.0,290,59,231,1.0,-100.0,20.344827586206897,MARGIN CALL ($0)
72,29,0.0,238,59,179,1.0,-100.0,24.789915966386555,MARGIN CALL ($0)
72,30,0.0,22,4,18,1.0,-100.0,18.181818181818183,MARGIN CALL ($0)
72,31,0.0,55,4,51,1.0,-100.0,7.2727272727272725,MARGIN CALL ($0)
72,32,0.0,47,4,43,1.0,-100.0,8.51063829787234,MARGIN CALL ($0)
72,33,0.0,30,3,27,1.0,-100.0,10.0,MARGIN CALL ($0)
72,34,0.0,40,6,34,1.0,-100.0,15.0,MARGIN CALL ($0)
72,35,0.0,641,129,512,1.0,-100.0,20.12480499219969,MARGIN CALL ($0)
72,36,0.0,652,119,533,1.0,-100.0,18.25153374233129,MARGIN CALL ($0)
72,37,0.0,5713,1031,4682,1.0,-100.0,18.046560476107125,MARGIN CALL ($0)
72,38,0.0,7382,1347,6035,1.0,-100.0,18.247087510159847,MARGIN CALL ($0)
72,39,0.0,9,0,9,1.0,-100.0,0.0,MARGIN CALL ($0)
72,40,0.0,10,0,10,1.0,-100.0,0.0,MARGIN CALL ($0)
72,41,0.0,8,0,8,1.0,-100.0,0.0,MARGIN CALL ($0)
72,42,0.0,8,0,8,1.0,-100.0,0.0,MARGIN CALL ($0)
72,43,0.0,7,0,7,1.0,-100.0,0.0,MARGIN CALL ($0)
72,44,0.0,7,0,7,1.0,-100.0,0.0,MARGIN CALL ($0)
72,45,0.0,7,0,7,1.0,-100.0,0.0,MARGIN CALL ($0)
72,46,0.0,7,0,7,1.0,-100.0,0.0,MARGIN CALL ($0)
72,47,0.0,8,0,8,1.0,-100.0,0.0,MARGIN CALL ($0)
72,48,0.0,8,0,8,1.0,-100.0,0.0,MARGIN CALL ($0)
72,49,0.0,7,0,7,1.0,-100.0,0.0,MARGIN CALL ($0)
72,50,0.0,7,0,7,1.0,-100.0,0.0,MARGIN CALL ($0)
72,51,0.0,5,0,5,1.0,-100.0,0.0,MARGIN CALL ($0)
72,52,0.0,7,0,7,1.0,-100.0,0.0,MARGIN CALL ($0)
72,53,0.0,7,0,7,1.0,-100.0,0.0,MARGIN CALL ($0)
72,54,0.0,6,0,6,1.0,-100.0,0.0,MARGIN CALL ($0)
72,55,0.0,6,0,6,1.0,-100.0,0.0,MARGIN CALL ($0)
72,56,0.0,7,0,7,1.0,-100.0,0.0,MARGIN CALL ($0)
72,57,0.0,5,0,5,1.0,-100.0,0.0,MARGIN CALL ($0)
72,58,0.0,6,0,6,1.0,-100.0,0.0,MARGIN CALL ($0)
72,59,0.0,6,0,6,1.0,-100.0,0.0,MARGIN CALL ($0)
72,60,0.0,6,0,6,1.0,-100.0,0.0,MARGIN CALL ($0)
72,61,0.0,6,0,6,1.0,-100.0,0.0,MARGIN CALL ($0)
72,62,0.0,6,0,6,1.0,-100.0,0.0,MARGIN CALL ($0)
72,63,0.0,6,0,6,1.0,-100.0,0.0,MARGIN CALL ($0)
72,64,0.0,6,0,6,1.0,-100.0,0.0,MARGIN CALL ($0)
72,65,0.0,5,0,5,1.0,-100.0,0.0,MARGIN CALL ($0)
72,66,0.0,6,0,6,1.0,-100.0,0.0,MARGIN CALL ($0)
72,67,0.0,326,41,285,1.0,-100.0,12.576687116564417,MARGIN CALL ($0)
72,68,0.0,9,0,9,1.0,-100.0,0.0,MARGIN CALL ($0)
72,69,0.0,9,0,9,1.0,-100.0,0.0,MARGIN CALL ($0)
72,70,0.0,6,0,6,1.0,-100.0,0.0,MARGIN CALL ($0)
72,71,0.0,5,0,5,1.0,-100.0,0.0,MARGIN CALL ($0)
72,72,0.0,5,0,5,1.0,-100.0,0.0,MARGIN CALL ($0)
72,73,0.0,5,0,5,1.0,-100.0,0.0,MARGIN CALL ($0)
72,74,0.0,5,0,5,1.0,-100.0,0.0,MARGIN CALL ($0)
72,75,0.0,5,0,5,1.0,-100.0,0.0,MARGIN CALL ($0)
72,76,0.0,6,0,6,1.0,-100.0,0.0,MARGIN CALL ($0)
72,77,0.0,6,0,6,1.0,-100.0,0.0,MARGIN CALL ($0)
72,78,0.0,6,0,6,1.0,-100.0,0.0,MARGIN CALL ($0)
72,79,0.0,6,0,6,1.0,-100.0,0.0,MARGIN CALL ($0)
72,80,0.0,5,0,5,1.0,-100.0,0.0,MARGIN CALL ($0)
72,81,0.0,5,0,5,1.0,-100.0,0.0,MARGIN CALL ($0)
72,82,0.0,5,0,5,1.0,-100.0,0.0,MARGIN CALL ($0)
72,83,0.0,5,0,5,1.0,-100.0,0.0,MARGIN CALL ($0)
72,84,0.0,5,0,5,1.0,-100.0,0.0,MARGIN CALL ($0)
72,85,0.0,6,0,6,1.0,-100.0,0.0,MARGIN CALL ($0)
72,86,0.0,8,0,8,1.0,-100.0,0.0,MARGIN CALL ($0)
72,87,0.0,8,0,8,1.0,-100.0,0.0,MARGIN CALL ($0)
72,88,0.0,8,0,8,1.0,-100.0,0.0,MARGIN CALL ($0)
72,89,0.0,8,0,8,1.0,-100.0,0.0,MARGIN CALL ($0)
72,90,0.0,10,1,9,1.0,-100.0,10.0,MARGIN CALL ($0)
72,91,0.0,10,1,9,1.0,-100.0,10.0,MARGIN CALL ($0)
72,92,0.0,10,1,9,1.0,-100.0,10.0,MARGIN CALL ($0)
72,93,0.0,10,1,9,1.0,-100.0,10.0,MARGIN CALL ($0)
72,94,0.0,9,0,9,1.0,-100.0,0.0,MARGIN CALL ($0)
72,95,0.0,10,0,10,1.0,-100.0,0.0,MARGIN CALL ($0)
72,96,0.0,10,0,10,1.0,-100.0,0.0,MARGIN CALL ($0)
72,97,0.0,10,0,10,1.0,-100.0,0.0,MARGIN CALL ($0)
72,98,0.0,10,0,10,1.0,-100.0,0.0,MARGIN CALL ($0)
72,99,0.0,9,0,9,1.0,-100.0,0.0,MARGIN CALL ($0)
72,100,0.0,9,0,9,1.0,-100.0,0.0,MARGIN CALL ($0)
73,1,0.0,3029,784,2245,1.0,-100.0,25.88312974579069,MARGIN CALL ($0)
73,2,0.0,6850,1881,4969,1.0,-100.0,27.45985401459854,MARGIN CALL ($0)
73,3,0.0,4248,1189,3059,1.0,-100.0,27.98964218455744,MARGIN CALL ($0)
73,4,0.0,38,9,29,1.0,-100.0,23.684210526315788,MARGIN CALL ($0)
73,5,0.0,14,0,14,1.0,-100.0,0.0,MARGIN CALL ($0)
73,6,0.0,18,1,17,1.0,-100.0,5.555555555555555,MARGIN CALL ($0)
73,7,0.0,17,1,16,1.0,-100.0,5.88235294117647,MARGIN CALL ($0)
73,8,0.0,22,4,18,1.0,-100.0,18.181818181818183,MARGIN CALL ($0)
73,9,0.0,23,4,19,1.0,-100.0,17.391304347826086,MARGIN CALL ($0)
73,10,0.0,23,3,20,1.0,-100.0,13.043478260869565,MARGIN CALL ($0)
73,11,0.0,21,3,18,1.0,-100.0,14.285714285714285,MARGIN CALL ($0)
73,12,0.0,19,3,16,1.0,-100.0,15.789473684210526,MARGIN CALL ($0)
73,13,0.0,6168,1369,4799,1.0,-100.0,22.195201037613487,MARGIN CALL ($0)
73,14,0.0,2579,621,1958,1.0,-100.0,24.079100426521908,MARGIN CALL ($0)
73,15,0.0,33,6,27,1.0,-100.0,18.181818181818183,MARGIN CALL ($0)
73,16,0.0,13,1,12,1.0,-100.0,7.6923076923076925,MARGIN CALL ($0)
73,17,0.0,11,0,11,1.0,-100.0,0.0,MARGIN CALL ($0)
73,18,0.0,6,0,6,1.0,-100.0,0.0,MARGIN CALL ($0)
73,19,0.0,6729,1502,5227,1.0,-100.0,22.321295883489377,MARGIN CALL ($0)
73,20,0.0,8540,1869,6671,1.0,-100.0,21.885245901639344,MARGIN CALL ($0)
73,21,0.0,5827,1275,4552,1.0,-100.0,21.880899262055948,MARGIN CALL ($0)
73,22,0.0,26,3,23,1.0,-100.0,11.538461538461538,MARGIN CALL ($0)
73,23,0.0,2872,652,2220,1.0,-100.0,22.701949860724234,MARGIN CALL ($0)
73,24,0.0,1060,234,826,1.0,-100.0,22.07547169811321,MARGIN CALL ($0)
73,25,0.0,995,217,778,1.0,-100.0,21.809045226130653,MARGIN CALL ($0)
73,26,0.0,961,197,764,1.0,-100.0,20.499479708636837,MARGIN CALL ($0)
73,27,0.0,922,187,735,1.0,-100.0,20.281995661605208,MARGIN CALL ($0)
73,28,0.0,913,192,721,1.0,-100.0,21.02957283680175,MARGIN CALL ($0)
73,29,0.0,292,67,225,1.0,-100.0,22.945205479452056,MARGIN CALL ($0)
73,30,0.0,22,4,18,1.0,-100.0,18.181818181818183,MARGIN CALL ($0)
73,31,0.0,55,4,51,1.0,-100.0,7.2727272727272725,MARGIN CALL ($0)
73,32,0.0,47,4,43,1.0,-100.0,8.51063829787234,MARGIN CALL ($0)
73,33,0.0,30,3,27,1.0,-100.0,10.0,MARGIN CALL ($0)
73,34,0.0,51,7,44,1.0,-100.0,13.725490196078432,MARGIN CALL ($0)
73,35,0.0,636,124,512,1.0,-100.0,19.49685534591195,MARGIN CALL ($0)
73,36,0.0,650,114,536,1.0,-100.0,17.53846153846154,MARGIN CALL ($0)
73,37,0.0,8427,1516,6911,1.0,-100.0,17.989794707487835,MARGIN CALL ($0)
73,38,0.0,8254,1482,6772,1.0,-100.0,17.954930942573295,MARGIN CALL ($0)
73,39,0.0,10,0,10,1.0,-100.0,0.0,MARGIN CALL ($0)
73,40,0.0,11,0,11,1.0,-100.0,0.0,MARGIN CALL ($0)
73,41,0.0,9,0,9,1.0,-100.0,0.0,MARGIN CALL ($0)
73,42,0.0,8,0,8,1.0,-100.0,0.0,MARGIN CALL ($0)
73,43,0.0,7,0,7,1.0,-100.0,0.0,MARGIN CALL ($0)
73,44,0.0,7,0,7,1.0,-100.0,0.0,MARGIN CALL ($0)
73,45,0.0,7,0,7,1.0,-100.0,0.0,MARGIN CALL ($0)
73,46,0.0,7,0,7,1.0,-100.0,0.0,MARGIN CALL ($0)
73,47,0.0,8,0,8,1.0,-100.0,0.0,MARGIN CALL ($0)
73,48,0.0,8,0,8,1.0,-100.0,0.0,MARGIN CALL ($0)
73,49,0.0,7,0,7,1.0,-100.0,0.0,MARGIN CALL ($0)
73,50,0.0,7,0,7,1.0,-100.0,0.0,MARGIN CALL ($0)
73,51,0.0,5,0,5,1.0,-100.0,0.0,MARGIN CALL ($0)
73,52,0.0,7,0,7,1.0,-100.0,0.0,MARGIN CALL ($0)
73,53,0.0,7,0,7,1.0,-100.0,0.0,MARGIN CALL ($0)
73,54,0.0,6,0,6,1.0,-100.0,0.0,MARGIN CALL ($0)
73,55,0.0,6,0,6,1.0,-100.0,0.0,MARGIN CALL ($0)
73,56,0.0,7,0,7,1.0,-100.0,0.0,MARGIN CALL ($0)
73,57,0.0,5,0,5,1.0,-100.0,0.0,MARGIN CALL ($0)
73,58,0.0,6,0,6,1.0,-100.0,0.0,MARGIN CALL ($0)
73,59,0.0,6,0,6,1.0,-100.0,0.0,MARGIN CALL ($0)
73,60,0.0,6,0,6,1.0,-100.0,0.0,MARGIN CALL ($0)
73,61,0.0,6,0,6,1.0,-100.0,0.0,MARGIN CALL ($0)
73,62,0.0,6,0,6,1.0,-100.0,0.0,MARGIN CALL ($0)
73,63,0.0,6,0,6,1.0,-100.0,0.0,MARGIN CALL ($0)
73,64,0.0,6,0,6,1.0,-100.0,0.0,MARGIN CALL ($0)
73,65,0.0,5,0,5,1.0,-100.0,0.0,MARGIN CALL ($0)
73,66,0.0,6,0,6,1.0,-100.0,0.0,MARGIN CALL ($0)
73,67,0.0,324,41,283,1.0,-100.0,12.654320987654321,MARGIN CALL ($0)
73,68,0.0,9,0,9,1.0,-100.0,0.0,MARGIN CALL ($0)
73,69,0.0,9,0,9,1.0,-100.0,0.0,MARGIN CALL ($0)
73,70,0.0,6,0,6,1.0,-100.0,0.0,MARGIN CALL ($0)
73,71,0.0,5,0,5,1.0,-100.0,0.0,MARGIN CALL ($0)
73,72,0.0,5,0,5,1.0,-100.0,0.0,MARGIN CALL ($0)
73,73,0.0,5,0,5,1.0,-100.0,0.0,MARGIN CALL ($0)
73,74,0.0,5,0,5,1.0,-100.0,0.0,MARGIN CALL ($0)
73,75,0.0,5,0,5,1.0,-100.0,0.0,MARGIN CALL ($0)
73,76,0.0,6,0,6,1.0,-100.0,0.0,MARGIN CALL ($0)
73,77,0.0,6,0,6,1.0,-100.0,0.0,MARGIN CALL ($0)
73,78,0.0,6,0,6,1.0,-100.0,0.0,MARGIN CALL ($0)
73,79,0.0,6,0,6,1.0,-100.0,0.0,MARGIN CALL ($0)
73,80,0.0,5,0,5,1.0,-100.0,0.0,MARGIN CALL ($0)
73,81,0.0,5,0,5,1.0,-100.0,0.0,MARGIN CALL ($0)
73,82,0.0,5,0,5,1.0,-100.0,0.0,MARGIN CALL ($0)
73,83,0.0,5,0,5,1.0,-100.0,0.0,MARGIN CALL ($0)
73,84,0.0,5,0,5,1.0,-100.0,0.0,MARGIN CALL ($0)
73,85,0.0,6,0,6,1.0,-100.0,0.0,MARGIN CALL ($0)
73,86,0.0,8,0,8,1.0,-100.0,0.0,MARGIN CALL ($0)
73,87,0.0,8,0,8,1.0,-100.0,0.0,MARGIN CALL ($0)
73,88,0.0,8,0,8,1.0,-100.0,0.0,MARGIN CALL ($0)
73,89,0.0,8,0,8,1.0,-100.0,0.0,MARGIN CALL ($0)
73,90,0.0,10,1,9,1.0,-100.0,10.0,MARGIN CALL ($0)
73,91,0.0,10,1,9,1.0,-100.0,10.0,MARGIN CALL ($0)
73,92,0.0,10,1,9,1.0,-100.0,10.0,MARGIN CALL ($0)
73,93,0.0,10,1,9,1.0,-100.0,10.0,MARGIN CALL ($0)
73,94,0.0,10,0,10,1.0,-100.0,0.0,MARGIN CALL ($0)
73,95,0.0,11,0,11,1.0,-100.0,0.0,MARGIN CALL ($0)
73,96,0.0,10,0,10,1.0,-100.0,0.0,MARGIN CALL ($0)
73,97,0.0,10,0,10,1.0,-100.0,0.0,MARGIN CALL ($0)
73,98,0.0,10,0,10,1.0,-100.0,0.0,MARGIN CALL ($0)
73,99,0.0,9,0,9,1.0,-100.0,0.0,MARGIN CALL ($0)
73,100,0.0,9,0,9,1.0,-100.0,0.0,MARGIN CALL ($0)
74,1,0.0,3029,782,2247,1.0,-100.0,25.81710135358204,MARGIN CALL ($0)
74,2,0.0,6850,1881,4969,1.0,-100.0,27.45985401459854,MARGIN CALL ($0)
74,3,0.0,4247,1189,3058,1.0,-100.0,27.99623263480104,MARGIN CALL ($0)
74,4,0.0,38,9,29,1.0,-100.0,23.684210526315788,MARGIN CALL ($0)
74,5,0.0,14,0,14,1.0,-100.0,0.0,MARGIN CALL ($0)
74,6,0.0,18,1,17,1.0,-100.0,5.555555555555555,MARGIN CALL ($0)
74,7,0.0,17,1,16,1.0,-100.0,5.88235294117647,MARGIN CALL ($0)
74,8,0.0,22,4,18,1.0,-100.0,18.181818181818183,MARGIN CALL ($0)
74,9,0.0,23,4,19,1.0,-100.0,17.391304347826086,MARGIN CALL ($0)
74,10,0.0,23,3,20,1.0,-100.0,13.043478260869565,MARGIN CALL ($0)
74,11,0.0,21,3,18,1.0,-100.0,14.285714285714285,MARGIN CALL ($0)
74,12,0.0,19,3,16,1.0,-100.0,15.789473684210526,MARGIN CALL ($0)
74,13,0.0,6153,1372,4781,1.0,-100.0,22.29806598407281,MARGIN CALL ($0)
74,14,0.0,2572,619,1953,1.0,-100.0,24.06687402799378,MARGIN CALL ($0)
74,15,0.0,33,6,27,1.0,-100.0,18.181818181818183,MARGIN CALL ($0)
74,16,0.0,13,1,12,1.0,-100.0,7.6923076923076925,MARGIN CALL ($0)
74,17,0.0,11,0,11,1.0,-100.0,0.0,MARGIN CALL ($0)
74,18,0.0,6,0,6,1.0,-100.0,0.0,MARGIN CALL ($0)
74,19,0.0,6575,1474,5101,1.0,-100.0,22.418250950570343,MARGIN CALL ($0)
74,20,0.0,6421,1420,5001,1.0,-100.0,22.11493536832269,MARGIN CALL ($0)
74,21,0.0,3074,725,2349,1.0,-100.0,23.58490566037736,MARGIN CALL ($0)
74,22,0.0,26,3,23,1.0,-100.0,11.538461538461538,MARGIN CALL ($0)
74,23,0.0,1815,418,1397,1.0,-100.0,23.03030303030303,MARGIN CALL ($0)
74,24,0.0,1068,238,830,1.0,-100.0,22.284644194756552,MARGIN CALL ($0)
74,25,0.0,1000,221,779,1.0,-100.0,22.1,MARGIN CALL ($0)
74,26,0.0,1170,257,913,1.0,-100.0,21.965811965811966,MARGIN CALL ($0)
74,27,0.0,938,193,745,1.0,-100.0,20.575692963752665,MARGIN CALL ($0)
74,28,0.0,1146,260,886,1.0,-100.0,22.68760907504363,MARGIN CALL ($0)
74,29,0.0,902,193,709,1.0,-100.0,21.396895787139687,MARGIN CALL ($0)
74,30,0.0,22,4,18,1.0,-100.0,18.181818181818183,MARGIN CALL ($0)
74,31,0.0,55,4,51,1.0,-100.0,7.2727272727272725,MARGIN CALL ($0)
74,32,0.0,48,4,44,1.0,-100.0,8.333333333333332,MARGIN CALL ($0)
74,33,0.0,30,3,27,1.0,-100.0,10.0,MARGIN CALL ($0)
74,34,0.0,51,7,44,1.0,-100.0,13.725490196078432,MARGIN CALL ($0)
74,35,0.0,662,131,531,1.0,-100.0,19.788519637462233,MARGIN CALL ($0)
74,36,0.0,714,132,582,1.0,-100.0,18.487394957983195,MARGIN CALL ($0)
74,37,0.0,7602,1397,6205,1.0,-100.0,18.37674296237832,MARGIN CALL ($0)
74,38,0.0,7962,1437,6525,1.0,-100.0,18.048229088168803,MARGIN CALL ($0)
74,39,0.0,10,0,10,1.0,-100.0,0.0,MARGIN CALL ($0)
74,40,0.0,11,0,11,1.0,-100.0,0.0,MARGIN CALL ($0)
74,41,0.0,9,0,9,1.0,-100.0,0.0,MARGIN CALL ($0)
74,42,0.0,8,0,8,1.0,-100.0,0.0,MARGIN CALL ($0)
74,43,0.0,7,0,7,1.0,-100.0,0.0,MARGIN CALL ($0)
74,44,0.0,7,0,7,1.0,-100.0,0.0,MARGIN CALL ($0)
74,45,0.0,7,0,7,1.0,-100.0,0.0,MARGIN CALL ($0)
74,46,0.0,7,0,7,1.0,-100.0,0.0,MARGIN CALL ($0)
74,47,0.0,8,0,8,1.0,-100.0,0.0,MARGIN CALL ($0)
74,48,0.0,8,0,8,1.0,-100.0,0.0,MARGIN CALL ($0)
74,49,0.0,7,0,7,1.0,-100.0,0.0,MARGIN CALL ($0)
74,50,0.0,7,0,7,1.0,-100.0,0.0,MARGIN CALL ($0)
74,51,0.0,5,0,5,1.0,-100.0,0.0,MARGIN CALL ($0)
74,52,0.0,7,0,7,1.0,-100.0,0.0,MARGIN CALL ($0)
74,53,0.0,7,0,7,1.0,-100.0,0.0,MARGIN CALL ($0)
74,54,0.0,6,0,6,1.0,-100.0,0.0,MARGIN CALL ($0)
74,55,0.0,6,0,6,1.0,-100.0,0.0,MARGIN CALL ($0)
74,56,0.0,7,0,7,1.0,-100.0,0.0,MARGIN CALL ($0)
74,57,0.0,5,0,5,1.0,-100.0,0.0,MARGIN CALL ($0)
74,58,0.0,6,0,6,1.0,-100.0,0.0,MARGIN CALL ($0)
74,59,0.0,6,0,6,1.0,-100.0,0.0,MARGIN CALL ($0)
74,60,0.0,6,0,6,1.0,-100.0,0.0,MARGIN CALL ($0)
74,61,0.0,6,0,6,1.0,-100.0,0.0,MARGIN CALL ($0)
74,62,0.0,6,0,6,1.0,-100.0,0.0,MARGIN CALL ($0)
74,63,0.0,6,0,6,1.0,-100.0,0.0,MARGIN CALL ($0)
74,64,0.0,6,0,6,1.0,-100.0,0.0,MARGIN CALL ($0)
74,65,0.0,5,0,5,1.0,-100.0,0.0,MARGIN CALL ($0)
74,66,0.0,6,0,6,1.0,-100.0,0.0,MARGIN CALL ($0)
74,67,0.0,392,56,336,1.0,-100.0,14.285714285714285,MARGIN CALL ($0)
74,68,0.0,9,0,9,1.0,-100.0,0.0,MARGIN CALL ($0)
74,69,0.0,9,0,9,1.0,-100.0,0.0,MARGIN CALL ($0)
74,70,0.0,6,0,6,1.0,-100.0,0.0,MARGIN CALL ($0)
74,71,0.0,5,0,5,1.0,-100.0,0.0,MARGIN CALL ($0)
74,72,0.0,5,0,5,1.0,-100.0,0.0,MARGIN CALL ($0)
74,73,0.0,5,0,5,1.0,-100.0,0.0,MARGIN CALL ($0)
74,74,0.0,5,0,5,1.0,-100.0,0.0,MARGIN CALL ($0)
74,75,0.0,5,0,5,1.0,-100.0,0.0,MARGIN CALL ($0)
74,76,0.0,6,0,6,1.0,-100.0,0.0,MARGIN CALL ($0)
74,77,0.0,6,0,6,1.0,-100.0,0.0,MARGIN CALL ($0)
74,78,0.0,6,0,6,1.0,-100.0,0.0,MARGIN CALL ($0)
74,79,0.0,6,0,6,1.0,-100.0,0.0,MARGIN CALL ($0)
74,80,0.0,5,0,5,1.0,-100.0,0.0,MARGIN CALL ($0)
74,81,0.0,5,0,5,1.0,-100.0,0.0,MARGIN CALL ($0)
74,82,0.0,5,0,5,1.0,-100.0,0.0,MARGIN CALL ($0)
74,83,0.0,5,0,5,1.0,-100.0,0.0,MARGIN CALL ($0)
74,84,0.0,5,0,5,1.0,-100.0,0.0,MARGIN CALL ($0)
74,85,0.0,6,0,6,1.0,-100.0,0.0,MARGIN CALL ($0)
74,86,0.0,8,0,8,1.0,-100.0,0.0,MARGIN CALL ($0)
74,87,0.0,8,0,8,1.0,-100.0,0.0,MARGIN CALL ($0)
74,88,0.0,8,0,8,1.0,-100.0,0.0,MARGIN CALL ($0)
74,89,0.0,8,0,8,1.0,-100.0,0.0,MARGIN CALL ($0)
74,90,0.0,10,1,9,1.0,-100.0,10.0,MARGIN CALL ($0)
74,91,0.0,10,1,9,1.0,-100.0,10.0,MARGIN CALL ($0)
74,92,0.0,10,1,9,1.0,-100.0,10.0,MARGIN CALL ($0)
74,93,0.0,10,1,9,1.0,-100.0,10.0,MARGIN CALL ($0)
74,94,0.0,10,0,10,1.0,-100.0,0.0,MARGIN CALL ($0)
74,95,0.0,11,0,11,1.0,-100.0,0.0,MARGIN CALL ($0)
74,96,0.0,10,0,10,1.0,-100.0,0.0,MARGIN CALL ($0)
74,97,0.0,10,0,10,1.0,-100.0,0.0,MARGIN CALL ($0)
74,98,0.0,10,0,10,1.0,-100.0,0.0,MARGIN CALL ($0)
74,99,0.0,9,0,9,1.0,-100.0,0.0,MARGIN CALL ($0)
74,100,0.0,9,0,9,1.0,-100.0,0.0,MARGIN CALL ($0)
75,1,0.0,3083,799,2284,1.0,-100.0,25.91631527732728,MARGIN CALL ($0)
75,2,0.0,6849,1881,4968,1.0,-100.0,27.463863337713533,MARGIN CALL ($0)
75,3,0.0,4247,1189,3058,1.0,-100.0,27.99623263480104,MARGIN CALL ($0)
75,4,0.0,38,9,29,1.0,-100.0,23.684210526315788,MARGIN CALL ($0)
75,5,0.0,14,0,14,1.0,-100.0,0.0,MARGIN CALL ($0)
75,6,0.0,18,1,17,1.0,-100.0,5.555555555555555,MARGIN CALL ($0)
75,7,0.0,18,1,17,1.0,-100.0,5.555555555555555,MARGIN CALL ($0)
75,8,0.0,22,4,18,1.0,-100.0,18.181818181818183,MARGIN CALL ($0)
75,9,0.0,23,4,19,1.0,-100.0,17.391304347826086,MARGIN CALL ($0)
75,10,0.0,23,3,20,1.0,-100.0,13.043478260869565,MARGIN CALL ($0)
75,11,0.0,21,3,18,1.0,-100.0,14.285714285714285,MARGIN CALL ($0)
75,12,0.0,20,3,17,1.0,-100.0,15.0,MARGIN CALL ($0)
75,13,0.0,6076,1348,4728,1.0,-100.0,22.18564845292956,MARGIN CALL ($0)
75,14,0.0,2589,620,1969,1.0,-100.0,23.94747006566242,MARGIN CALL ($0)
75,15,0.0,33,6,27,1.0,-100.0,18.181818181818183,MARGIN CALL ($0)
75,16,0.0,13,1,12,1.0,-100.0,7.6923076923076925,MARGIN CALL ($0)
75,17,0.0,11,0,11,1.0,-100.0,0.0,MARGIN CALL ($0)
75,18,0.0,6,0,6,1.0,-100.0,0.0,MARGIN CALL ($0)
75,19,0.0,6285,1391,4894,1.0,-100.0,22.13206046141607,MARGIN CALL ($0)
75,20,0.0,6180,1363,4817,1.0,-100.0,22.05501618122977,MARGIN CALL ($0)
75,21,0.0,146,29,117,1.0,-100.0,19.863013698630137,MARGIN CALL ($0)
75,22,0.0,26,3,23,1.0,-100.0,11.538461538461538,MARGIN CALL ($0)
75,23,0.0,2434,547,1887,1.0,-100.0,22.47329498767461,MARGIN CALL ($0)
75,24,0.0,1394,322,1072,1.0,-100.0,23.09899569583931,MARGIN CALL ($0)
75,25,0.0,1221,275,946,1.0,-100.0,22.52252252252252,MARGIN CALL ($0)
75,26,0.0,1210,263,947,1.0,-100.0,21.735537190082642,MARGIN CALL ($0)
75,27,0.0,955,192,763,1.0,-100.0,20.104712041884817,MARGIN CALL ($0)
75,28,0.0,971,208,763,1.0,-100.0,21.421215242018537,MARGIN CALL ($0)
75,29,0.0,895,188,707,1.0,-100.0,21.005586592178773,MARGIN CALL ($0)
75,30,0.0,22,4,18,1.0,-100.0,18.181818181818183,MARGIN CALL ($0)
75,31,0.0,56,4,52,1.0,-100.0,7.142857142857142,MARGIN CALL ($0)
75,32,0.0,49,4,45,1.0,-100.0,8.16326530612245,MARGIN CALL ($0)
75,33,0.0,30,3,27,1.0,-100.0,10.0,MARGIN CALL ($0)
75,34,0.0,51,7,44,1.0,-100.0,13.725490196078432,MARGIN CALL ($0)
75,35,0.0,655,133,522,1.0,-100.0,20.30534351145038,MARGIN CALL ($0)
75,36,0.0,730,140,590,1.0,-100.0,19.17808219178082,MARGIN CALL ($0)
75,37,0.0,5096,919,4177,1.0,-100.0,18.03375196232339,MARGIN CALL ($0)
75,38,0.0,7443,1348,6095,1.0,-100.0,18.11097675668413,MARGIN CALL ($0)
75,39,0.0,10,0,10,1.0,-100.0,0.0,MARGIN CALL ($0)
75,40,0.0,11,0,11,1.0,-100.0,0.0,MARGIN CALL ($0)
75,41,0.0,9,0,9,1.0,-100.0,0.0,MARGIN CALL ($0)
75,42,0.0,8,0,8,1.0,-100.0,0.0,MARGIN CALL ($0)
75,43,0.0,7,0,7,1.0,-100.0,0.0,MARGIN CALL ($0)
75,44,0.0,7,0,7,1.0,-100.0,0.0,MARGIN CALL ($0)
75,45,0.0,7,0,7,1.0,-100.0,0.0,MARGIN CALL ($0)
75,46,0.0,7,0,7,1.0,-100.0,0.0,MARGIN CALL ($0)
75,47,0.0,8,0,8,1.0,-100.0,0.0,MARGIN CALL ($0)
75,48,0.0,8,0,8,1.0,-100.0,0.0,MARGIN CALL ($0)
75,49,0.0,7,0,7,1.0,-100.0,0.0,MARGIN CALL ($0)
75,50,0.0,7,0,7,1.0,-100.0,0.0,MARGIN CALL ($0)
75,51,0.0,5,0,5,1.0,-100.0,0.0,MARGIN CALL ($0)
75,52,0.0,7,0,7,1.0,-100.0,0.0,MARGIN CALL ($0)
75,53,0.0,7,0,7,1.0,-100.0,0.0,MARGIN CALL ($0)
75,54,0.0,6,0,6,1.0,-100.0,0.0,MARGIN CALL ($0)
75,55,0.0,6,0,6,1.0,-100.0,0.0,MARGIN CALL ($0)
75,56,0.0,7,0,7,1.0,-100.0,0.0,MARGIN CALL ($0)
75,57,0.0,5,0,5,1.0,-100.0,0.0,MARGIN CALL ($0)
75,58,0.0,6,0,6,1.0,-100.0,0.0,MARGIN CALL ($0)
75,59,0.0,6,0,6,1.0,-100.0,0.0,MARGIN CALL ($0)
75,60,0.0,6,0,6,1.0,-100.0,0.0,MARGIN CALL ($0)
75,61,0.0,6,0,6,1.0,-100.0,0.0,MARGIN CALL ($0)
75,62,0.0,6,0,6,1.0,-100.0,0.0,MARGIN CALL ($0)
75,63,0.0,6,0,6,1.0,-100.0,0.0,MARGIN CALL ($0)
75,64,0.0,6,0,6,1.0,-100.0,0.0,MARGIN CALL ($0)
75,65,0.0,5,0,5,1.0,-100.0,0.0,MARGIN CALL ($0)
75,66,0.0,6,0,6,1.0,-100.0,0.0,MARGIN CALL ($0)
75,67,0.0,392,53,339,1.0,-100.0,13.520408163265307,MARGIN CALL ($0)
75,68,0.0,9,0,9,1.0,-100.0,0.0,MARGIN CALL ($0)
75,69,0.0,9,0,9,1.0,-100.0,0.0,MARGIN CALL ($0)
75,70,0.0,6,0,6,1.0,-100.0,0.0,MARGIN CALL ($0)
75,71,0.0,5,0,5,1.0,-100.0,0.0,MARGIN CALL ($0)
75,72,0.0,5,0,5,1.0,-100.0,0.0,MARGIN CALL ($0)
75,73,0.0,5,0,5,1.0,-100.0,0.0,MARGIN CALL ($0)
75,74,0.0,5,0,5,1.0,-100.0,0.0,MARGIN CALL ($0)
75,75,0.0,5,0,5,1.0,-100.0,0.0,MARGIN CALL ($0)
75,76,0.0,6,0,6,1.0,-100.0,0.0,MARGIN CALL ($0)
75,77,0.0,6,0,6,1.0,-100.0,0.0,MARGIN CALL ($0)
75,78,0.0,5,0,5,1.0,-100.0,0.0,MARGIN CALL ($0)
75,79,0.0,5,0,5,1.0,-100.0,0.0,MARGIN CALL ($0)
75,80,0.0,5,0,5,1.0,-100.0,0.0,MARGIN CALL ($0)
75,81,0.0,5,0,5,1.0,-100.0,0.0,MARGIN CALL ($0)
75,82,0.0,5,0,5,1.0,-100.0,0.0,MARGIN CALL ($0)
75,83,0.0,5,0,5,1.0,-100.0,0.0,MARGIN CALL ($0)
75,84,0.0,5,0,5,1.0,-100.0,0.0,MARGIN CALL ($0)
75,85,0.0,5,0,5,1.0,-100.0,0.0,MARGIN CALL ($0)
75,86,0.0,7,0,7,1.0,-100.0,0.0,MARGIN CALL ($0)
75,87,0.0,7,0,7,1.0,-100.0,0.0,MARGIN CALL ($0)
75,88,0.0,7,0,7,1.0,-100.0,0.0,MARGIN CALL ($0)
75,89,0.0,7,0,7,1.0,-100.0,0.0,MARGIN CALL ($0)
75,90,0.0,9,1,8,1.0,-100.0,11.11111111111111,MARGIN CALL ($0)
75,91,0.0,9,1,8,1.0,-100.0,11.11111111111111,MARGIN CALL ($0)
75,92,0.0,9,1,8,1.0,-100.0,11.11111111111111,MARGIN CALL ($0)
75,93,0.0,9,1,8,1.0,-100.0,11.11111111111111,MARGIN CALL ($0)
75,94,0.0,9,0,9,1.0,-100.0,0.0,MARGIN CALL ($0)
75,95,0.0,10,0,10,1.0,-100.0,0.0,MARGIN CALL ($0)
75,96,0.0,9,0,9,1.0,-100.0,0.0,MARGIN CALL ($0)
75,97,0.0,9,0,9,1.0,-100.0,0.0,MARGIN CALL ($0)
75,98,0.0,9,0,9,1.0,-100.0,0.0,MARGIN CALL ($0)
75,99,0.0,9,0,9,1.0,-100.0,0.0,MARGIN CALL ($0)
75,100,0.0,9,0,9,1.0,-100.0,0.0,MARGIN CALL ($0)
76,1,0.0,3653,942,2711,1.0,-100.0,25.78702436353682,MARGIN CALL ($0)
76,2,0.0,6850,1882,4968,1.0,-100.0,27.474452554744527,MARGIN CALL ($0)
76,3,0.0,4250,1189,3061,1.0,-100.0,27.97647058823529,MARGIN CALL ($0)
76,4,0.0,38,9,29,1.0,-100.0,23.684210526315788,MARGIN CALL ($0)
76,5,0.0,14,0,14,1.0,-100.0,0.0,MARGIN CALL ($0)
76,6,0.0,18,1,17,1.0,-100.0,5.555555555555555,MARGIN CALL ($0)
76,7,0.0,18,1,17,1.0,-100.0,5.555555555555555,MARGIN CALL ($0)
76,8,0.0,22,4,18,1.0,-100.0,18.181818181818183,MARGIN CALL ($0)
76,9,0.0,23,4,19,1.0,-100.0,17.391304347826086,MARGIN CALL ($0)
76,10,0.0,23,3,20,1.0,-100.0,13.043478260869565,MARGIN CALL ($0)
76,11,0.0,21,3,18,1.0,-100.0,14.285714285714285,MARGIN CALL ($0)
76,12,0.0,20,3,17,1.0,-100.0,15.0,MARGIN CALL ($0)
76,13,0.0,6052,1335,4717,1.0,-100.0,22.058823529411764,MARGIN CALL ($0)
76,14,0.0,2572,614,1958,1.0,-100.0,23.872472783825817,MARGIN CALL ($0)
76,15,0.0,33,6,27,1.0,-100.0,18.181818181818183,MARGIN CALL ($0)
76,16,0.0,13,1,12,1.0,-100.0,7.6923076923076925,MARGIN CALL ($0)
76,17,0.0,11,0,11,1.0,-100.0,0.0,MARGIN CALL ($0)
76,18,0.0,6,0,6,1.0,-100.0,0.0,MARGIN CALL ($0)
76,19,0.0,6300,1403,4897,1.0,-100.0,22.26984126984127,MARGIN CALL ($0)
76,20,0.0,6580,1463,5117,1.0,-100.0,22.23404255319149,MARGIN CALL ($0)
76,21,0.0,6569,1452,5117,1.0,-100.0,22.103820977317703,MARGIN CALL ($0)
76,22,0.0,26,3,23,1.0,-100.0,11.538461538461538,MARGIN CALL ($0)
76,23,0.0,2964,665,2299,1.0,-100.0,22.435897435897438,MARGIN CALL ($0)
76,24,0.0,1433,331,1102,1.0,-100.0,23.098394975575715,MARGIN CALL ($0)
76,25,0.0,1375,310,1065,1.0,-100.0,22.545454545454547,MARGIN CALL ($0)
76,26,0.0,1315,284,1031,1.0,-100.0,21.59695817490494,MARGIN CALL ($0)
76,27,0.0,1166,246,920,1.0,-100.0,21.09777015437393,MARGIN CALL ($0)
76,28,0.0,1188,259,929,1.0,-100.0,21.801346801346803,MARGIN CALL ($0)
76,29,0.0,1126,244,882,1.0,-100.0,21.6696269982238,MARGIN CALL ($0)
76,30,0.0,22,4,18,1.0,-100.0,18.181818181818183,MARGIN CALL ($0)
76,31,0.0,1036,222,814,1.0,-100.0,21.428571428571427,MARGIN CALL ($0)
76,32,0.0,918,187,731,1.0,-100.0,20.37037037037037,MARGIN CALL ($0)
76,33,0.0,749,140,609,1.0,-100.0,18.69158878504673,MARGIN CALL ($0)
76,34,0.0,585,117,468,1.0,-100.0,20.0,MARGIN CALL ($0)
76,35,0.0,1032,198,834,1.0,-100.0,19.186046511627907,MARGIN CALL ($0)
76,36,0.0,1222,238,984,1.0,-100.0,19.476268412438625,MARGIN CALL ($0)
76,37,0.0,5384,977,4407,1.0,-100.0,18.14635958395245,MARGIN CALL ($0)
76,38,0.0,7473,1355,6118,1.0,-100.0,18.131941656630538,MARGIN CALL ($0)
76,39,0.0,10,0,10,1.0,-100.0,0.0,MARGIN CALL ($0)
76,40,0.0,11,0,11,1.0,-100.0,0.0,MARGIN CALL ($0)
76,41,0.0,9,0,9,1.0,-100.0,0.0,MARGIN CALL ($0)
76,42,0.0,8,0,8,1.0,-100.0,0.0,MARGIN CALL ($0)
76,43,0.0,7,0,7,1.0,-100.0,0.0,MARGIN CALL ($0)
76,44,0.0,7,0,7,1.0,-100.0,0.0,MARGIN CALL ($0)
76,45,0.0,7,0,7,1.0,-100.0,0.0,MARGIN CALL ($0)
76,46,0.0,7,0,7,1.0,-100.0,0.0,MARGIN CALL ($0)
76,47,0.0,8,0,8,1.0,-100.0,0.0,MARGIN CALL ($0)
76,48,0.0,8,0,8,1.0,-100.0,0.0,MARGIN CALL ($0)
76,49,0.0,7,0,7,1.0,-100.0,0.0,MARGIN CALL ($0)
76,50,0.0,7,0,7,1.0,-100.0,0.0,MARGIN CALL ($0)
76,51,0.0,5,0,5,1.0,-100.0,0.0,MARGIN CALL ($0)
76,52,0.0,7,0,7,1.0,-100.0,0.0,MARGIN CALL ($0)
76,53,0.0,7,0,7,1.0,-100.0,0.0,MARGIN CALL ($0)
76,54,0.0,6,0,6,1.0,-100.0,0.0,MARGIN CALL ($0)
76,55,0.0,7,0,7,1.0,-100.0,0.0,MARGIN CALL ($0)
76,56,0.0,7,0,7,1.0,-100.0,0.0,MARGIN CALL ($0)
76,57,0.0,5,0,5,1.0,-100.0,0.0,MARGIN CALL ($0)
76,58,0.0,6,0,6,1.0,-100.0,0.0,MARGIN CALL ($0)
76,59,0.0,6,0,6,1.0,-100.0,0.0,MARGIN CALL ($0)
76,60,0.0,6,0,6,1.0,-100.0,0.0,MARGIN CALL ($0)
76,61,0.0,6,0,6,1.0,-100.0,0.0,MARGIN CALL ($0)
76,62,0.0,6,0,6,1.0,-100.0,0.0,MARGIN CALL ($0)
76,63,0.0,6,0,6,1.0,-100.0,0.0,MARGIN CALL ($0)
76,64,0.0,6,0,6,1.0,-100.0,0.0,MARGIN CALL ($0)
76,65,0.0,5,0,5,1.0,-100.0,0.0,MARGIN CALL ($0)
76,66,0.0,6,0,6,1.0,-100.0,0.0,MARGIN CALL ($0)
76,67,0.0,393,53,340,1.0,-100.0,13.486005089058525,MARGIN CALL ($0)
76,68,0.0,9,0,9,1.0,-100.0,0.0,MARGIN CALL ($0)
76,69,0.0,9,0,9,1.0,-100.0,0.0,MARGIN CALL ($0)
76,70,0.0,6,0,6,1.0,-100.0,0.0,MARGIN CALL ($0)
76,71,0.0,6,0,6,1.0,-100.0,0.0,MARGIN CALL ($0)
76,72,0.0,6,0,6,1.0,-100.0,0.0,MARGIN CALL ($0)
76,73,0.0,6,0,6,1.0,-100.0,0.0,MARGIN CALL ($0)
76,74,0.0,6,0,6,1.0,-100.0,0.0,MARGIN CALL ($0)
76,75,0.0,6,0,6,1.0,-100.0,0.0,MARGIN CALL ($0)
76,76,0.0,5,0,5,1.0,-100.0,0.0,MARGIN CALL ($0)
76,77,0.0,5,0,5,1.0,-100.0,0.0,MARGIN CALL ($0)
76,78,0.0,6,0,6,1.0,-100.0,0.0,MARGIN CALL ($0)
76,79,0.0,6,0,6,1.0,-100.0,0.0,MARGIN CALL ($0)
76,80,0.0,6,0,6,1.0,-100.0,0.0,MARGIN CALL ($0)
76,81,0.0,5,0,5,1.0,-100.0,0.0,MARGIN CALL ($0)
76,82,0.0,5,0,5,1.0,-100.0,0.0,MARGIN CALL ($0)
76,83,0.0,6,0,6,1.0,-100.0,0.0,MARGIN CALL ($0)
76,84,0.0,6,0,6,1.0,-100.0,0.0,MARGIN CALL ($0)
76,85,0.0,7,0,7,1.0,-100.0,0.0,MARGIN CALL ($0)
76,86,0.0,7,0,7,1.0,-100.0,0.0,MARGIN CALL ($0)
76,87,0.0,7,0,7,1.0,-100.0,0.0,MARGIN CALL ($0)
76,88,0.0,7,0,7,1.0,-100.0,0.0,MARGIN CALL ($0)
76,89,0.0,7,0,7,1.0,-100.0,0.0,MARGIN CALL ($0)
76,90,0.0,7,0,7,1.0,-100.0,0.0,MARGIN CALL ($0)
76,91,0.0,7,0,7,1.0,-100.0,0.0,MARGIN CALL ($0)
76,92,0.0,7,0,7,1.0,-100.0,0.0,MARGIN CALL ($0)
76,93,0.0,7,0,7,1.0,-100.0,0.0,MARGIN CALL ($0)
76,94,0.0,7,0,7,1.0,-100.0,0.0,MARGIN CALL ($0)
76,95,0.0,7,0,7,1.0,-100.0,0.0,MARGIN CALL ($0)
76,96,0.0,8,0,8,1.0,-100.0,0.0,MARGIN CALL ($0)
76,97,0.0,8,0,8,1.0,-100.0,0.0,MARGIN CALL ($0)
76,98,0.0,8,0,8,1.0,-100.0,0.0,MARGIN CALL ($0)
76,99,0.0,8,0,8,1.0,-100.0,0.0,MARGIN CALL ($0)
76,100,0.0,8,0,8,1.0,-100.0,0.0,MARGIN CALL ($0)
77,1,0.0,3660,944,2716,1.0,-100.0,25.792349726775953,MARGIN CALL ($0)
77,2,0.0,6850,1882,4968,1.0,-100.0,27.474452554744527,MARGIN CALL ($0)
77,3,0.0,4250,1190,3060,1.0,-100.0,28.000000000000004,MARGIN CALL ($0)
77,4,0.0,38,9,29,1.0,-100.0,23.684210526315788,MARGIN CALL ($0)
77,5,0.0,14,0,14,1.0,-100.0,0.0,MARGIN CALL ($0)
77,6,0.0,18,1,17,1.0,-100.0,5.555555555555555,MARGIN CALL ($0)
77,7,0.0,18,1,17,1.0,-100.0,5.555555555555555,MARGIN CALL ($0)
77,8,0.0,13,0,13,1.0,-100.0,0.0,MARGIN CALL ($0)
77,9,0.0,12,0,12,1.0,-100.0,0.0,MARGIN CALL ($0)
77,10,0.0,23,3,20,1.0,-100.0,13.043478260869565,MARGIN CALL ($0)
77,11,0.0,21,3,18,1.0,-100.0,14.285714285714285,MARGIN CALL ($0)
77,12,0.0,20,3,17,1.0,-100.0,15.0,MARGIN CALL ($0)
77,13,0.0,5818,1293,4525,1.0,-100.0,22.22413200412513,MARGIN CALL ($0)
77,14,0.0,2588,612,1976,1.0,-100.0,23.64760432766615,MARGIN CALL ($0)
77,15,0.0,34,6,28,1.0,-100.0,17.647058823529413,MARGIN CALL ($0)
77,16,0.0,15,1,14,1.0,-100.0,6.666666666666667,MARGIN CALL ($0)
77,17,0.0,10,0,10,1.0,-100.0,0.0,MARGIN CALL ($0)
77,18,0.0,5,0,5,1.0,-100.0,0.0,MARGIN CALL ($0)
77,19,0.0,6296,1406,4890,1.0,-100.0,22.33163913595934,MARGIN CALL ($0)
77,20,0.0,6437,1432,5005,1.0,-100.0,22.24638806897623,MARGIN CALL ($0)
77,21,0.0,6608,1457,5151,1.0,-100.0,22.04903147699758,MARGIN CALL ($0)
77,22,0.0,3000,692,2308,1.0,-100.0,23.066666666666666,MARGIN CALL ($0)
77,23,0.0,3014,676,2338,1.0,-100.0,22.428666224286662,MARGIN CALL ($0)
77,24,0.0,1464,339,1125,1.0,-100.0,23.15573770491803,MARGIN CALL ($0)
77,25,0.0,1586,355,1231,1.0,-100.0,22.383354350567465,MARGIN CALL ($0)
77,26,0.0,1330,284,1046,1.0,-100.0,21.353383458646615,MARGIN CALL ($0)
77,27,0.0,1191,253,938,1.0,-100.0,21.242653232577666,MARGIN CALL ($0)
77,28,0.0,1257,274,983,1.0,-100.0,21.797931583134446,MARGIN CALL ($0)
77,29,0.0,1176,255,921,1.0,-100.0,21.683673469387756,MARGIN CALL ($0)
77,30,0.0,279,62,217,1.0,-100.0,22.22222222222222,MARGIN CALL ($0)
77,31,0.0,1031,218,813,1.0,-100.0,21.144519883608147,MARGIN CALL ($0)
77,32,0.0,938,192,746,1.0,-100.0,20.46908315565032,MARGIN CALL ($0)
77,33,0.0,827,160,667,1.0,-100.0,19.347037484885128,MARGIN CALL ($0)
77,34,0.0,656,129,527,1.0,-100.0,19.664634146341463,MARGIN CALL ($0)
77,35,0.0,1193,227,966,1.0,-100.0,19.027661357921207,MARGIN CALL ($0)
77,36,0.0,1263,243,1020,1.0,-100.0,19.239904988123516,MARGIN CALL ($0)
77,37,0.0,4959,894,4065,1.0,-100.0,18.027828191167576,MARGIN CALL ($0)
77,38,0.0,5237,946,4291,1.0,-100.0,18.063776971548595,MARGIN CALL ($0)
77,39,0.0,10,0,10,1.0,-100.0,0.0,MARGIN CALL ($0)
77,40,0.0,10,0,10,1.0,-100.0,0.0,MARGIN CALL ($0)
77,41,0.0,9,0,9,1.0,-100.0,0.0,MARGIN CALL ($0)
77,42,0.0,8,0,8,1.0,-100.0,0.0,MARGIN CALL ($0)
77,43,0.0,6,0,6,1.0,-100.0,0.0,MARGIN CALL ($0)
77,44,0.0,6,0,6,1.0,-100.0,0.0,MARGIN CALL ($0)
77,45,0.0,6,0,6,1.0,-100.0,0.0,MARGIN CALL ($0)
77,46,0.0,6,0,6,1.0,-100.0,0.0,MARGIN CALL ($0)
77,47,0.0,8,0,8,1.0,-100.0,0.0,MARGIN CALL ($0)
77,48,0.0,7,0,7,1.0,-100.0,0.0,MARGIN CALL ($0)
77,49,0.0,6,0,6,1.0,-100.0,0.0,MARGIN CALL ($0)
77,50,0.0,7,0,7,1.0,-100.0,0.0,MARGIN CALL ($0)
77,51,0.0,6,0,6,1.0,-100.0,0.0,MARGIN CALL ($0)
77,52,0.0,6,0,6,1.0,-100.0,0.0,MARGIN CALL ($0)
77,53,0.0,6,0,6,1.0,-100.0,0.0,MARGIN CALL ($0)
77,54,0.0,5,0,5,1.0,-100.0,0.0,MARGIN CALL ($0)
77,55,0.0,6,0,6,1.0,-100.0,0.0,MARGIN CALL ($0)
77,56,0.0,6,0,6,1.0,-100.0,0.0,MARGIN CALL ($0)
77,57,0.0,5,0,5,1.0,-100.0,0.0,MARGIN CALL ($0)
77,58,0.0,5,0,5,1.0,-100.0,0.0,MARGIN CALL ($0)
77,59,0.0,5,0,5,1.0,-100.0,0.0,MARGIN CALL ($0)
77,60,0.0,5,0,5,1.0,-100.0,0.0,MARGIN CALL ($0)
77,61,0.0,5,0,5,1.0,-100.0,0.0,MARGIN CALL ($0)
77,62,0.0,5,0,5,1.0,-100.0,0.0,MARGIN CALL ($0)
77,63,0.0,5,0,5,1.0,-100.0,0.0,MARGIN CALL ($0)
77,64,0.0,5,0,5,1.0,-100.0,0.0,MARGIN CALL ($0)
77,65,0.0,4,0,4,1.0,-100.0,0.0,MARGIN CALL ($0)
77,66,0.0,5,0,5,1.0,-100.0,0.0,MARGIN CALL ($0)
77,67,0.0,396,55,341,1.0,-100.0,13.88888888888889,MARGIN CALL ($0)
77,68,0.0,9,0,9,1.0,-100.0,0.0,MARGIN CALL ($0)
77,69,0.0,9,0,9,1.0,-100.0,0.0,MARGIN CALL ($0)
77,70,0.0,6,0,6,1.0,-100.0,0.0,MARGIN CALL ($0)
77,71,0.0,6,0,6,1.0,-100.0,0.0,MARGIN CALL ($0)
77,72,0.0,6,0,6,1.0,-100.0,0.0,MARGIN CALL ($0)
77,73,0.0,6,0,6,1.0,-100.0,0.0,MARGIN CALL ($0)
77,74,0.0,6,0,6,1.0,-100.0,0.0,MARGIN CALL ($0)
77,75,0.0,6,0,6,1.0,-100.0,0.0,MARGIN CALL ($0)
77,76,0.0,5,0,5,1.0,-100.0,0.0,MARGIN CALL ($0)
77,77,0.0,7,0,7,1.0,-100.0,0.0,MARGIN CALL ($0)
77,78,0.0,5,0,5,1.0,-100.0,0.0,MARGIN CALL ($0)
77,79,0.0,5,0,5,1.0,-100.0,0.0,MARGIN CALL ($0)
77,80,0.0,5,0,5,1.0,-100.0,0.0,MARGIN CALL ($0)
77,81,0.0,4,0,4,1.0,-100.0,0.0,MARGIN CALL ($0)
77,82,0.0,4,0,4,1.0,-100.0,0.0,MARGIN CALL ($0)
77,83,0.0,5,0,5,1.0,-100.0,0.0,MARGIN CALL ($0)
77,84,0.0,5,0,5,1.0,-100.0,0.0,MARGIN CALL ($0)
77,85,0.0,6,0,6,1.0,-100.0,0.0,MARGIN CALL ($0)
77,86,0.0,7,0,7,1.0,-100.0,0.0,MARGIN CALL ($0)
77,87,0.0,6,0,6,1.0,-100.0,0.0,MARGIN CALL ($0)
77,88,0.0,6,0,6,1.0,-100.0,0.0,MARGIN CALL ($0)
77,89,0.0,6,0,6,1.0,-100.0,0.0,MARGIN CALL ($0)
77,90,0.0,6,0,6,1.0,-100.0,0.0,MARGIN CALL ($0)
77,91,0.0,6,0,6,1.0,-100.0,0.0,MARGIN CALL ($0)
77,92,0.0,6,0,6,1.0,-100.0,0.0,MARGIN CALL ($0)
77,93,0.0,6,0,6,1.0,-100.0,0.0,MARGIN CALL ($0)
77,94,0.0,6,0,6,1.0,-100.0,0.0,MARGIN CALL ($0)
77,95,0.0,7,0,7,1.0,-100.0,0.0,MARGIN CALL ($0)
77,96,0.0,7,0,7,1.0,-100.0,0.0,MARGIN CALL ($0)
77,97,0.0,7,0,7,1.0,-100.0,0.0,MARGIN CALL ($0)
77,98,0.0,7,0,7,1.0,-100.0,0.0,MARGIN CALL ($0)
77,99,0.0,7,0,7,1.0,-100.0,0.0,MARGIN CALL ($0)
77,100,0.0,7,0,7,1.0,-100.0,0.0,MARGIN CALL ($0)
78,1,0.0,3644,946,2698,1.0,-100.0,25.960482985729964,MARGIN CALL ($0)
78,2,0.0,6850,1882,4968,1.0,-100.0,27.474452554744527,MARGIN CALL ($0)
78,3,0.0,4250,1190,3060,1.0,-100.0,28.000000000000004,MARGIN CALL ($0)
78,4,0.0,39,9,30,1.0,-100.0,23.076923076923077,MARGIN CALL ($0)
78,5,0.0,14,0,14,1.0,-100.0,0.0,MARGIN CALL ($0)
78,6,0.0,18,1,17,1.0,-100.0,5.555555555555555,MARGIN CALL ($0)
78,7,0.0,18,1,17,1.0,-100.0,5.555555555555555,MARGIN CALL ($0)
78,8,0.0,13,0,13,1.0,-100.0,0.0,MARGIN CALL ($0)
78,9,0.0,12,0,12,1.0,-100.0,0.0,MARGIN CALL ($0)
78,10,0.0,23,3,20,1.0,-100.0,13.043478260869565,MARGIN CALL ($0)
78,11,0.0,21,3,18,1.0,-100.0,14.285714285714285,MARGIN CALL ($0)
78,12,0.0,20,3,17,1.0,-100.0,15.0,MARGIN CALL ($0)
78,13,0.0,5456,1195,4261,1.0,-100.0,21.9024926686217,MARGIN CALL ($0)
78,14,0.0,2591,612,1979,1.0,-100.0,23.620223851794677,MARGIN CALL ($0)
78,15,0.0,34,6,28,1.0,-100.0,17.647058823529413,MARGIN CALL ($0)
78,16,0.0,15,1,14,1.0,-100.0,6.666666666666667,MARGIN CALL ($0)
78,17,0.0,10,0,10,1.0,-100.0,0.0,MARGIN CALL ($0)
78,18,0.0,5,0,5,1.0,-100.0,0.0,MARGIN CALL ($0)
78,19,0.0,6273,1395,4878,1.0,-100.0,22.23816355810617,MARGIN CALL ($0)
78,20,0.0,6128,1346,4782,1.0,-100.0,21.964751958224543,MARGIN CALL ($0)
78,21,0.0,6621,1451,5170,1.0,-100.0,21.91511856215073,MARGIN CALL ($0)
78,22,0.0,27,3,24,1.0,-100.0,11.11111111111111,MARGIN CALL ($0)
78,23,0.0,2950,657,2293,1.0,-100.0,22.27118644067797,MARGIN CALL ($0)
78,24,0.0,1642,383,1259,1.0,-100.0,23.325213154689404,MARGIN CALL ($0)
78,25,0.0,1581,353,1228,1.0,-100.0,22.32764073371284,MARGIN CALL ($0)
78,26,0.0,1346,291,1055,1.0,-100.0,21.61961367013373,MARGIN CALL ($0)
78,27,0.0,1181,258,923,1.0,-100.0,21.8458933107536,MARGIN CALL ($0)
78,28,0.0,1149,255,894,1.0,-100.0,22.193211488250654,MARGIN CALL ($0)
78,29,0.0,1125,247,878,1.0,-100.0,21.955555555555556,MARGIN CALL ($0)
78,30,0.0,101,18,83,1.0,-100.0,17.82178217821782,MARGIN CALL ($0)
78,31,0.0,1005,216,789,1.0,-100.0,21.492537313432834,MARGIN CALL ($0)
78,32,0.0,920,191,729,1.0,-100.0,20.76086956521739,MARGIN CALL ($0)
78,33,0.0,810,156,654,1.0,-100.0,19.25925925925926,MARGIN CALL ($0)
78,34,0.0,629,123,506,1.0,-100.0,19.554848966613672,MARGIN CALL ($0)
78,35,0.0,1040,199,841,1.0,-100.0,19.134615384615383,MARGIN CALL ($0)
78,36,0.0,1231,236,995,1.0,-100.0,19.17140536149472,MARGIN CALL ($0)
78,37,0.0,5289,950,4339,1.0,-100.0,17.961807525051995,MARGIN CALL ($0)
78,38,0.0,7463,1334,6129,1.0,-100.0,17.874849256331235,MARGIN CALL ($0)
78,39,0.0,10,0,10,1.0,-100.0,0.0,MARGIN CALL ($0)
78,40,0.0,10,0,10,1.0,-100.0,0.0,MARGIN CALL ($0)
78,41,0.0,9,0,9,1.0,-100.0,0.0,MARGIN CALL ($0)
78,42,0.0,8,0,8,1.0,-100.0,0.0,MARGIN CALL ($0)
78,43,0.0,6,0,6,1.0,-100.0,0.0,MARGIN CALL ($0)
78,44,0.0,6,0,6,1.0,-100.0,0.0,MARGIN CALL ($0)
78,45,0.0,6,0,6,1.0,-100.0,0.0,MARGIN CALL ($0)
78,46,0.0,6,0,6,1.0,-100.0,0.0,MARGIN CALL ($0)
78,47,0.0,8,0,8,1.0,-100.0,0.0,MARGIN CALL ($0)
78,48,0.0,7,0,7,1.0,-100.0,0.0,MARGIN CALL ($0)
78,49,0.0,6,0,6,1.0,-100.0,0.0,MARGIN CALL ($0)
78,50,0.0,7,0,7,1.0,-100.0,0.0,MARGIN CALL ($0)
78,51,0.0,6,0,6,1.0,-100.0,0.0,MARGIN CALL ($0)
78,52,0.0,6,0,6,1.0,-100.0,0.0,MARGIN CALL ($0)
78,53,0.0,6,0,6,1.0,-100.0,0.0,MARGIN CALL ($0)
78,54,0.0,5,0,5,1.0,-100.0,0.0,MARGIN CALL ($0)
78,55,0.0,6,0,6,1.0,-100.0,0.0,MARGIN CALL ($0)
78,56,0.0,6,0,6,1.0,-100.0,0.0,MARGIN CALL ($0)
78,57,0.0,5,0,5,1.0,-100.0,0.0,MARGIN CALL ($0)
78,58,0.0,5,0,5,1.0,-100.0,0.0,MARGIN CALL ($0)
78,59,0.0,5,0,5,1.0,-100.0,0.0,MARGIN CALL ($0)
78,60,0.0,5,0,5,1.0,-100.0,0.0,MARGIN CALL ($0)
78,61,0.0,5,0,5,1.0,-100.0,0.0,MARGIN CALL ($0)
78,62,0.0,5,0,5,1.0,-100.0,0.0,MARGIN CALL ($0)
78,63,0.0,5,0,5,1.0,-100.0,0.0,MARGIN CALL ($0)
78,64,0.0,6,0,6,1.0,-100.0,0.0,MARGIN CALL ($0)
78,65,0.0,5,0,5,1.0,-100.0,0.0,MARGIN CALL ($0)
78,66,0.0,5,0,5,1.0,-100.0,0.0,MARGIN CALL ($0)
78,67,0.0,432,64,368,1.0,-100.0,14.814814814814813,MARGIN CALL ($0)
78,68,0.0,6,0,6,1.0,-100.0,0.0,MARGIN CALL ($0)
78,69,0.0,6,0,6,1.0,-100.0,0.0,MARGIN CALL ($0)
78,70,0.0,6,0,6,1.0,-100.0,0.0,MARGIN CALL ($0)
78,71,0.0,6,0,6,1.0,-100.0,0.0,MARGIN CALL ($0)
78,72,0.0,6,0,6,1.0,-100.0,0.0,MARGIN CALL ($0)
78,73,0.0,6,0,6,1.0,-100.0,0.0,MARGIN CALL ($0)
78,74,0.0,6,0,6,1.0,-100.0,0.0,MARGIN CALL ($0)
78,75,0.0,6,0,6,1.0,-100.0,0.0,MARGIN CALL ($0)
78,76,0.0,6,0,6,1.0,-100.0,0.0,MARGIN CALL ($0)
78,77,0.0,5,0,5,1.0,-100.0,0.0,MARGIN CALL ($0)
78,78,0.0,5,0,5,1.0,-100.0,0.0,MARGIN CALL ($0)
78,79,0.0,5,0,5,1.0,-100.0,0.0,MARGIN CALL ($0)
78,80,0.0,5,0,5,1.0,-100.0,0.0,MARGIN CALL ($0)
78,81,0.0,4,0,4,1.0,-100.0,0.0,MARGIN CALL ($0)
78,82,0.0,4,0,4,1.0,-100.0,0.0,MARGIN CALL ($0)
78,83,0.0,5,0,5,1.0,-100.0,0.0,MARGIN CALL ($0)
78,84,0.0,5,0,5,1.0,-100.0,0.0,MARGIN CALL ($0)
78,85,0.0,6,0,6,1.0,-100.0,0.0,MARGIN CALL ($0)
78,86,0.0,7,0,7,1.0,-100.0,0.0,MARGIN CALL ($0)
78,87,0.0,6,0,6,1.0,-100.0,0.0,MARGIN CALL ($0)
78,88,0.0,6,0,6,1.0,-100.0,0.0,MARGIN CALL ($0)
78,89,0.0,6,0,6,1.0,-100.0,0.0,MARGIN CALL ($0)
78,90,0.0,6,0,6,1.0,-100.0,0.0,MARGIN CALL ($0)
78,91,0.0,6,0,6,1.0,-100.0,0.0,MARGIN CALL ($0)
78,92,0.0,6,0,6,1.0,-100.0,0.0,MARGIN CALL ($0)
78,93,0.0,6,0,6,1.0,-100.0,0.0,MARGIN CALL ($0)
78,94,0.0,6,0,6,1.0,-100.0,0.0,MARGIN CALL ($0)
78,95,0.0,7,0,7,1.0,-100.0,0.0,MARGIN CALL ($0)
78,96,0.0,9,0,9,1.0,-100.0,0.0,MARGIN CALL ($0)
78,97,0.0,9,0,9,1.0,-100.0,0.0,MARGIN CALL ($0)
78,98,0.0,9,0,9,1.0,-100.0,0.0,MARGIN CALL ($0)
78,99,0.0,9,0,9,1.0,-100.0,0.0,MARGIN CALL ($0)
78,100,0.0,9,0,9,1.0,-100.0,0.0,MARGIN CALL ($0)
79,1,0.0,3253,848,2405,1.0,-100.0,26.06824469720258,MARGIN CALL ($0)
79,2,0.0,6850,1882,4968,1.0,-100.0,27.474452554744527,MARGIN CALL ($0)
79,3,0.0,4250,1190,3060,1.0,-100.0,28.000000000000004,MARGIN CALL ($0)
79,4,0.0,39,9,30,1.0,-100.0,23.076923076923077,MARGIN CALL ($0)
79,5,0.0,14,0,14,1.0,-100.0,0.0,MARGIN CALL ($0)
79,6,0.0,21,2,19,1.0,-100.0,9.523809523809524,MARGIN CALL ($0)
79,7,0.0,19,2,17,1.0,-100.0,10.526315789473683,MARGIN CALL ($0)
79,8,0.0,22,5,17,1.0,-100.0,22.727272727272727,MARGIN CALL ($0)
79,9,0.0,23,5,18,1.0,-100.0,21.73913043478261,MARGIN CALL ($0)
79,10,0.0,23,4,19,1.0,-100.0,17.391304347826086,MARGIN CALL ($0)
79,11,0.0,22,4,18,1.0,-100.0,18.181818181818183,MARGIN CALL ($0)
79,12,0.0,20,4,16,1.0,-100.0,20.0,MARGIN CALL ($0)
79,13,0.0,5818,1275,4543,1.0,-100.0,21.914747335854244,MARGIN CALL ($0)
79,14,0.0,2576,603,1973,1.0,-100.0,23.408385093167702,MARGIN CALL ($0)
79,15,0.0,34,7,27,1.0,-100.0,20.588235294117645,MARGIN CALL ($0)
79,16,0.0,16,2,14,1.0,-100.0,12.5,MARGIN CALL ($0)
79,17,0.0,10,0,10,1.0,-100.0,0.0,MARGIN CALL ($0)
79,18,0.0,5,0,5,1.0,-100.0,0.0,MARGIN CALL ($0)
79,19,0.0,6274,1405,4869,1.0,-100.0,22.39400701306981,MARGIN CALL ($0)
79,20,0.0,6120,1354,4766,1.0,-100.0,22.124183006535947,MARGIN CALL ($0)
79,21,0.0,6221,1363,4858,1.0,-100.0,21.909660826233722,MARGIN CALL ($0)
79,22,0.0,24,3,21,1.0,-100.0,12.5,MARGIN CALL ($0)
79,23,0.0,3015,678,2337,1.0,-100.0,22.487562189054728,MARGIN CALL ($0)
79,24,0.0,1460,342,1118,1.0,-100.0,23.424657534246577,MARGIN CALL ($0)
79,25,0.0,1400,318,1082,1.0,-100.0,22.714285714285715,MARGIN CALL ($0)
79,26,0.0,1331,289,1042,1.0,-100.0,21.7129977460556,MARGIN CALL ($0)
79,27,0.0,1086,234,852,1.0,-100.0,21.54696132596685,MARGIN CALL ($0)
79,28,0.0,958,203,755,1.0,-100.0,21.189979123173277,MARGIN CALL ($0)
79,29,0.0,826,176,650,1.0,-100.0,21.307506053268767,MARGIN CALL ($0)
79,30,0.0,20,4,16,1.0,-100.0,20.0,MARGIN CALL ($0)
79,31,0.0,864,179,685,1.0,-100.0,20.71759259259259,MARGIN CALL ($0)
79,32,0.0,882,181,701,1.0,-100.0,20.521541950113377,MARGIN CALL ($0)
79,33,0.0,22,3,19,1.0,-100.0,13.636363636363635,MARGIN CALL ($0)
79,34,0.0,96,16,80,1.0,-100.0,16.666666666666664,MARGIN CALL ($0)
79,35,0.0,813,156,657,1.0,-100.0,19.18819188191882,MARGIN CALL ($0)
79,36,0.0,1238,235,1003,1.0,-100.0,18.982229402261712,MARGIN CALL ($0)
79,37,0.0,5308,959,4349,1.0,-100.0,18.06706857573474,MARGIN CALL ($0)
79,38,0.0,8301,1480,6821,1.0,-100.0,17.82917720756535,MARGIN CALL ($0)
79,39,0.0,10,0,10,1.0,-100.0,0.0,MARGIN CALL ($0)
79,40,0.0,10,0,10,1.0,-100.0,0.0,MARGIN CALL ($0)
79,41,0.0,9,0,9,1.0,-100.0,0.0,MARGIN CALL ($0)
79,42,0.0,8,0,8,1.0,-100.0,0.0,MARGIN CALL ($0)
79,43,0.0,6,0,6,1.0,-100.0,0.0,MARGIN CALL ($0)
79,44,0.0,6,0,6,1.0,-100.0,0.0,MARGIN CALL ($0)
79,45,0.0,6,0,6,1.0,-100.0,0.0,MARGIN CALL ($0)
79,46,0.0,6,0,6,1.0,-100.0,0.0,MARGIN CALL ($0)
79,47,0.0,8,0,8,1.0,-100.0,0.0,MARGIN CALL ($0)
79,48,0.0,7,0,7,1.0,-100.0,0.0,MARGIN CALL ($0)
79,49,0.0,6,0,6,1.0,-100.0,0.0,MARGIN CALL ($0)
79,50,0.0,7,0,7,1.0,-100.0,0.0,MARGIN CALL ($0)
79,51,0.0,6,0,6,1.0,-100.0,0.0,MARGIN CALL ($0)
79,52,0.0,6,0,6,1.0,-100.0,0.0,MARGIN CALL ($0)
79,53,0.0,6,0,6,1.0,-100.0,0.0,MARGIN CALL ($0)
79,54,0.0,5,0,5,1.0,-100.0,0.0,MARGIN CALL ($0)
79,55,0.0,6,0,6,1.0,-100.0,0.0,MARGIN CALL ($0)
79,56,0.0,6,0,6,1.0,-100.0,0.0,MARGIN CALL ($0)
79,57,0.0,5,0,5,1.0,-100.0,0.0,MARGIN CALL ($0)
79,58,0.0,5,0,5,1.0,-100.0,0.0,MARGIN CALL ($0)
79,59,0.0,5,0,5,1.0,-100.0,0.0,MARGIN CALL ($0)
79,60,0.0,5,0,5,1.0,-100.0,0.0,MARGIN CALL ($0)
79,61,0.0,5,0,5,1.0,-100.0,0.0,MARGIN CALL ($0)
79,62,0.0,5,0,5,1.0,-100.0,0.0,MARGIN CALL ($0)
79,63,0.0,5,0,5,1.0,-100.0,0.0,MARGIN CALL ($0)
79,64,0.0,6,0,6,1.0,-100.0,0.0,MARGIN CALL ($0)
79,65,0.0,5,0,5,1.0,-100.0,0.0,MARGIN CALL ($0)
79,66,0.0,5,0,5,1.0,-100.0,0.0,MARGIN CALL ($0)
79,67,0.0,501,80,421,1.0,-100.0,15.968063872255488,MARGIN CALL ($0)
79,68,0.0,6,0,6,1.0,-100.0,0.0,MARGIN CALL ($0)
79,69,0.0,6,0,6,1.0,-100.0,0.0,MARGIN CALL ($0)
79,70,0.0,6,0,6,1.0,-100.0,0.0,MARGIN CALL ($0)
79,71,0.0,6,0,6,1.0,-100.0,0.0,MARGIN CALL ($0)
79,72,0.0,6,0,6,1.0,-100.0,0.0,MARGIN CALL ($0)
79,73,0.0,6,0,6,1.0,-100.0,0.0,MARGIN CALL ($0)
79,74,0.0,6,0,6,1.0,-100.0,0.0,MARGIN CALL ($0)
79,75,0.0,6,0,6,1.0,-100.0,0.0,MARGIN CALL ($0)
79,76,0.0,6,0,6,1.0,-100.0,0.0,MARGIN CALL ($0)
79,77,0.0,5,0,5,1.0,-100.0,0.0,MARGIN CALL ($0)
79,78,0.0,5,0,5,1.0,-100.0,0.0,MARGIN CALL ($0)
79,79,0.0,5,0,5,1.0,-100.0,0.0,MARGIN CALL ($0)
79,80,0.0,5,0,5,1.0,-100.0,0.0,MARGIN CALL ($0)
79,81,0.0,4,0,4,1.0,-100.0,0.0,MARGIN CALL ($0)
79,82,0.0,4,0,4,1.0,-100.0,0.0,MARGIN CALL ($0)
79,83,0.0,5,0,5,1.0,-100.0,0.0,MARGIN CALL ($0)
79,84,0.0,5,0,5,1.0,-100.0,0.0,MARGIN CALL ($0)
79,85,0.0,6,0,6,1.0,-100.0,0.0,MARGIN CALL ($0)
79,86,0.0,6,0,6,1.0,-100.0,0.0,MARGIN CALL ($0)
79,87,0.0,5,0,5,1.0,-100.0,0.0,MARGIN CALL ($0)
79,88,0.0,5,0,5,1.0,-100.0,0.0,MARGIN CALL ($0)
79,89,0.0,5,0,5,1.0,-100.0,0.0,MARGIN CALL ($0)
79,90,0.0,5,0,5,1.0,-100.0,0.0,MARGIN CALL ($0)
79,91,0.0,5,0,5,1.0,-100.0,0.0,MARGIN CALL ($0)
79,92,0.0,5,0,5,1.0,-100.0,0.0,MARGIN CALL ($0)
79,93,0.0,5,0,5,1.0,-100.0,0.0,MARGIN CALL ($0)
79,94,0.0,5,0,5,1.0,-100.0,0.0,MARGIN CALL ($0)
79,95,0.0,6,0,6,1.0,-100.0,0.0,MARGIN CALL ($0)
79,96,0.0,8,0,8,1.0,-100.0,0.0,MARGIN CALL ($0)
79,97,0.0,8,0,8,1.0,-100.0,0.0,MARGIN CALL ($0)
79,98,0.0,8,0,8,1.0,-100.0,0.0,MARGIN CALL ($0)
79,99,0.0,8,0,8,1.0,-100.0,0.0,MARGIN CALL ($0)
79,100,0.0,8,0,8,1.0,-100.0,0.0,MARGIN CALL ($0)
80,1,0.0,3258,846,2412,1.0,-100.0,25.96685082872928,MARGIN CALL ($0)
80,2,0.0,6850,1882,4968,1.0,-100.0,27.474452554744527,MARGIN CALL ($0)
80,3,0.0,4246,1189,3057,1.0,-100.0,28.002826189354685,MARGIN CALL ($0)
80,4,0.0,40,9,31,1.0,-100.0,22.5,MARGIN CALL ($0)
80,5,0.0,14,0,14,1.0,-100.0,0.0,MARGIN CALL ($0)
80,6,0.0,21,2,19,1.0,-100.0,9.523809523809524,MARGIN CALL ($0)
80,7,0.0,19,2,17,1.0,-100.0,10.526315789473683,MARGIN CALL ($0)
80,8,0.0,22,5,17,1.0,-100.0,22.727272727272727,MARGIN CALL ($0)
80,9,0.0,23,5,18,1.0,-100.0,21.73913043478261,MARGIN CALL ($0)
80,10,0.0,23,4,19,1.0,-100.0,17.391304347826086,MARGIN CALL ($0)
80,11,0.0,22,4,18,1.0,-100.0,18.181818181818183,MARGIN CALL ($0)
80,12,0.0,20,4,16,1.0,-100.0,20.0,MARGIN CALL ($0)
80,13,0.0,5860,1279,4581,1.0,-100.0,21.825938566552903,MARGIN CALL ($0)
80,14,0.0,2445,570,1875,1.0,-100.0,23.31288343558282,MARGIN CALL ($0)
80,15,0.0,34,7,27,1.0,-100.0,20.588235294117645,MARGIN CALL ($0)
80,16,0.0,16,2,14,1.0,-100.0,12.5,MARGIN CALL ($0)
80,17,0.0,10,0,10,1.0,-100.0,0.0,MARGIN CALL ($0)
80,18,0.0,5,0,5,1.0,-100.0,0.0,MARGIN CALL ($0)
80,19,0.0,6322,1430,4892,1.0,-100.0,22.61942423283771,MARGIN CALL ($0)
80,20,0.0,6122,1363,4759,1.0,-100.0,22.263966024175105,MARGIN CALL ($0)
80,21,0.0,6279,1392,4887,1.0,-100.0,22.169135212613472,MARGIN CALL ($0)
80,22,0.0,24,3,21,1.0,-100.0,12.5,MARGIN CALL ($0)
80,23,0.0,3046,682,2364,1.0,-100.0,22.390019697964544,MARGIN CALL ($0)
80,24,0.0,1696,393,1303,1.0,-100.0,23.172169811320757,MARGIN CALL ($0)
80,25,0.0,1589,353,1236,1.0,-100.0,22.215229704216487,MARGIN CALL ($0)
80,26,0.0,1357,290,1067,1.0,-100.0,21.370670596904937,MARGIN CALL ($0)
80,27,0.0,1091,230,861,1.0,-100.0,21.081576535288725,MARGIN CALL ($0)
80,28,0.0,947,194,753,1.0,-100.0,20.4857444561774,MARGIN CALL ($0)
80,29,0.0,815,170,645,1.0,-100.0,20.858895705521473,MARGIN CALL ($0)
80,30,0.0,20,4,16,1.0,-100.0,20.0,MARGIN CALL ($0)
80,31,0.0,845,171,674,1.0,-100.0,20.236686390532544,MARGIN CALL ($0)
80,32,0.0,806,157,649,1.0,-100.0,19.47890818858561,MARGIN CALL ($0)
80,33,0.0,22,3,19,1.0,-100.0,13.636363636363635,MARGIN CALL ($0)
80,34,0.0,95,16,79,1.0,-100.0,16.842105263157894,MARGIN CALL ($0)
80,35,0.0,725,138,587,1.0,-100.0,19.034482758620687,MARGIN CALL ($0)
80,36,0.0,1247,236,1011,1.0,-100.0,18.92542101042502,MARGIN CALL ($0)
80,37,0.0,5377,985,4392,1.0,-100.0,18.3187651106565,MARGIN CALL ($0)
80,38,0.0,7727,1387,6340,1.0,-100.0,17.95004529571632,MARGIN CALL ($0)
80,39,0.0,10,0,10,1.0,-100.0,0.0,MARGIN CALL ($0)
80,40,0.0,10,0,10,1.0,-100.0,0.0,MARGIN CALL ($0)
80,41,0.0,9,0,9,1.0,-100.0,0.0,MARGIN CALL ($0)
80,42,0.0,8,0,8,1.0,-100.0,0.0,MARGIN CALL ($0)
80,43,0.0,6,0,6,1.0,-100.0,0.0,MARGIN CALL ($0)
80,44,0.0,6,0,6,1.0,-100.0,0.0,MARGIN CALL ($0)
80,45,0.0,6,0,6,1.0,-100.0,0.0,MARGIN CALL ($0)
80,46,0.0,6,0,6,1.0,-100.0,0.0,MARGIN CALL ($0)
80,47,0.0,8,0,8,1.0,-100.0,0.0,MARGIN CALL ($0)
80,48,0.0,7,0,7,1.0,-100.0,0.0,MARGIN CALL ($0)
80,49,0.0,6,0,6,1.0,-100.0,0.0,MARGIN CALL ($0)
80,50,0.0,7,0,7,1.0,-100.0,0.0,MARGIN CALL ($0)
80,51,0.0,6,0,6,1.0,-100.0,0.0,MARGIN CALL ($0)
80,52,0.0,6,0,6,1.0,-100.0,0.0,MARGIN CALL ($0)
80,53,0.0,6,0,6,1.0,-100.0,0.0,MARGIN CALL ($0)
80,54,0.0,5,0,5,1.0,-100.0,0.0,MARGIN CALL ($0)
80,55,0.0,6,0,6,1.0,-100.0,0.0,MARGIN CALL ($0)
80,56,0.0,6,0,6,1.0,-100.0,0.0,MARGIN CALL ($0)
80,57,0.0,6,0,6,1.0,-100.0,0.0,MARGIN CALL ($0)
80,58,0.0,6,0,6,1.0,-100.0,0.0,MARGIN CALL ($0)
80,59,0.0,6,0,6,1.0,-100.0,0.0,MARGIN CALL ($0)
80,60,0.0,6,0,6,1.0,-100.0,0.0,MARGIN CALL ($0)
80,61,0.0,6,0,6,1.0,-100.0,0.0,MARGIN CALL ($0)
80,62,0.0,6,0,6,1.0,-100.0,0.0,MARGIN CALL ($0)
80,63,0.0,6,0,6,1.0,-100.0,0.0,MARGIN CALL ($0)
80,64,0.0,6,0,6,1.0,-100.0,0.0,MARGIN CALL ($0)
80,65,0.0,5,0,5,1.0,-100.0,0.0,MARGIN CALL ($0)
80,66,0.0,5,0,5,1.0,-100.0,0.0,MARGIN CALL ($0)
80,67,0.0,469,70,399,1.0,-100.0,14.925373134328357,MARGIN CALL ($0)
80,68,0.0,6,0,6,1.0,-100.0,0.0,MARGIN CALL ($0)
80,69,0.0,6,0,6,1.0,-100.0,0.0,MARGIN CALL ($0)
80,70,0.0,6,0,6,1.0,-100.0,0.0,MARGIN CALL ($0)
80,71,0.0,5,0,5,1.0,-100.0,0.0,MARGIN CALL ($0)
80,72,0.0,5,0,5,1.0,-100.0,0.0,MARGIN CALL ($0)
80,73,0.0,5,0,5,1.0,-100.0,0.0,MARGIN CALL ($0)
80,74,0.0,5,0,5,1.0,-100.0,0.0,MARGIN CALL ($0)
80,75,0.0,5,0,5,1.0,-100.0,0.0,MARGIN CALL ($0)
80,76,0.0,6,0,6,1.0,-100.0,0.0,MARGIN CALL ($0)
80,77,0.0,5,0,5,1.0,-100.0,0.0,MARGIN CALL ($0)
80,78,0.0,5,0,5,1.0,-100.0,0.0,MARGIN CALL ($0)
80,79,0.0,5,0,5,1.0,-100.0,0.0,MARGIN CALL ($0)
80,80,0.0,4,0,4,1.0,-100.0,0.0,MARGIN CALL ($0)
80,81,0.0,4,0,4,1.0,-100.0,0.0,MARGIN CALL ($0)
80,82,0.0,4,0,4,1.0,-100.0,0.0,MARGIN CALL ($0)
80,83,0.0,4,0,4,1.0,-100.0,0.0,MARGIN CALL ($0)
80,84,0.0,4,0,4,1.0,-100.0,0.0,MARGIN CALL ($0)
80,85,0.0,5,0,5,1.0,-100.0,0.0,MARGIN CALL ($0)
80,86,0.0,6,0,6,1.0,-100.0,0.0,MARGIN CALL ($0)
80,87,0.0,5,0,5,1.0,-100.0,0.0,MARGIN CALL ($0)
80,88,0.0,5,0,5,1.0,-100.0,0.0,MARGIN CALL ($0)
80,89,0.0,5,0,5,1.0,-100.0,0.0,MARGIN CALL ($0)
80,90,0.0,5,0,5,1.0,-100.0,0.0,MARGIN CALL ($0)
80,91,0.0,5,0,5,1.0,-100.0,0.0,MARGIN CALL ($0)
80,92,0.0,5,0,5,1.0,-100.0,0.0,MARGIN CALL ($0)
80,93,0.0,5,0,5,1.0,-100.0,0.0,MARGIN CALL ($0)
80,94,0.0,5,0,5,1.0,-100.0,0.0,MARGIN CALL ($0)
80,95,0.0,6,0,6,1.0,-100.0,0.0,MARGIN CALL ($0)
80,96,0.0,9,0,9,1.0,-100.0,0.0,MARGIN CALL ($0)
80,97,0.0,9,0,9,1.0,-100.0,0.0,MARGIN CALL ($0)
80,98,0.0,9,0,9,1.0,-100.0,0.0,MARGIN CALL ($0)
80,99,0.0,9,0,9,1.0,-100.0,0.0,MARGIN CALL ($0)
80,100,0.0,9,0,9,1.0,-100.0,0.0,MARGIN CALL ($0)
81,1,0.0,3231,838,2393,1.0,-100.0,25.936242649334574,MARGIN CALL ($0)
81,2,0.0,6850,1882,4968,1.0,-100.0,27.474452554744527,MARGIN CALL ($0)
81,3,0.0,4137,1156,2981,1.0,-100.0,27.942953831278704,MARGIN CALL ($0)
81,4,0.0,39,9,30,1.0,-100.0,23.076923076923077,MARGIN CALL ($0)
81,5,0.0,14,0,14,1.0,-100.0,0.0,MARGIN CALL ($0)
81,6,0.0,21,2,19,1.0,-100.0,9.523809523809524,MARGIN CALL ($0)
81,7,0.0,19,2,17,1.0,-100.0,10.526315789473683,MARGIN CALL ($0)
81,8,0.0,22,5,17,1.0,-100.0,22.727272727272727,MARGIN CALL ($0)
81,9,0.0,23,5,18,1.0,-100.0,21.73913043478261,MARGIN CALL ($0)
81,10,0.0,23,4,19,1.0,-100.0,17.391304347826086,MARGIN CALL ($0)
81,11,0.0,22,4,18,1.0,-100.0,18.181818181818183,MARGIN CALL ($0)
81,12,0.0,20,4,16,1.0,-100.0,20.0,MARGIN CALL ($0)
81,13,0.0,6061,1316,4745,1.0,-100.0,21.712588681735685,MARGIN CALL ($0)
81,14,0.0,2581,601,1980,1.0,-100.0,23.285548237117396,MARGIN CALL ($0)
81,15,0.0,34,7,27,1.0,-100.0,20.588235294117645,MARGIN CALL ($0)
81,16,0.0,16,2,14,1.0,-100.0,12.5,MARGIN CALL ($0)
81,17,0.0,10,0,10,1.0,-100.0,0.0,MARGIN CALL ($0)
81,18,0.0,5,0,5,1.0,-100.0,0.0,MARGIN CALL ($0)
81,19,0.0,6336,1431,4905,1.0,-100.0,22.585227272727273,MARGIN CALL ($0)
81,20,0.0,6421,1436,4985,1.0,-100.0,22.36411773866999,MARGIN CALL ($0)
81,21,0.0,6504,1437,5067,1.0,-100.0,22.09409594095941,MARGIN CALL ($0)
81,22,0.0,24,3,21,1.0,-100.0,12.5,MARGIN CALL ($0)
81,23,0.0,3010,672,2338,1.0,-100.0,22.325581395348838,MARGIN CALL ($0)
81,24,0.0,1643,381,1262,1.0,-100.0,23.189287888009737,MARGIN CALL ($0)
81,25,0.0,1383,307,1076,1.0,-100.0,22.198120028922634,MARGIN CALL ($0)
81,26,0.0,1303,274,1029,1.0,-100.0,21.028396009209516,MARGIN CALL ($0)
81,27,0.0,986,201,785,1.0,-100.0,20.385395537525355,MARGIN CALL ($0)
81,28,0.0,912,181,731,1.0,-100.0,19.846491228070175,MARGIN CALL ($0)
81,29,0.0,785,158,627,1.0,-100.0,20.127388535031848,MARGIN CALL ($0)
81,30,0.0,20,4,16,1.0,-100.0,20.0,MARGIN CALL ($0)
81,31,0.0,775,151,624,1.0,-100.0,19.483870967741936,MARGIN CALL ($0)
81,32,0.0,831,150,681,1.0,-100.0,18.050541516245488,MARGIN CALL ($0)
81,33,0.0,22,3,19,1.0,-100.0,13.636363636363635,MARGIN CALL ($0)
81,34,0.0,95,16,79,1.0,-100.0,16.842105263157894,MARGIN CALL ($0)
81,35,0.0,1025,193,832,1.0,-100.0,18.829268292682926,MARGIN CALL ($0)
81,36,0.0,1285,240,1045,1.0,-100.0,18.67704280155642,MARGIN CALL ($0)
81,37,0.0,5340,964,4376,1.0,-100.0,18.05243445692884,MARGIN CALL ($0)
81,38,0.0,7537,1354,6183,1.0,-100.0,17.96470744327982,MARGIN CALL ($0)
81,39,0.0,10,0,10,1.0,-100.0,0.0,MARGIN CALL ($0)
81,40,0.0,10,0,10,1.0,-100.0,0.0,MARGIN CALL ($0)
81,41,0.0,9,0,9,1.0,-100.0,0.0,MARGIN CALL ($0)
81,42,0.0,8,0,8,1.0,-100.0,0.0,MARGIN CALL ($0)
81,43,0.0,6,0,6,1.0,-100.0,0.0,MARGIN CALL ($0)
81,44,0.0,6,0,6,1.0,-100.0,0.0,MARGIN CALL ($0)
81,45,0.0,6,0,6,1.0,-100.0,0.0,MARGIN CALL ($0)
81,46,0.0,6,0,6,1.0,-100.0,0.0,MARGIN CALL ($0)
81,47,0.0,8,0,8,1.0,-100.0,0.0,MARGIN CALL ($0)
81,48,0.0,7,0,7,1.0,-100.0,0.0,MARGIN CALL ($0)
81,49,0.0,6,0,6,1.0,-100.0,0.0,MARGIN CALL ($0)
81,50,0.0,7,0,7,1.0,-100.0,0.0,MARGIN CALL ($0)
81,51,0.0,8,0,8,1.0,-100.0,0.0,MARGIN CALL ($0)
81,52,0.0,7,0,7,1.0,-100.0,0.0,MARGIN CALL ($0)
81,53,0.0,8,0,8,1.0,-100.0,0.0,MARGIN CALL ($0)
81,54,0.0,5,0,5,1.0,-100.0,0.0,MARGIN CALL ($0)
81,55,0.0,6,0,6,1.0,-100.0,0.0,MARGIN CALL ($0)
81,56,0.0,6,0,6,1.0,-100.0,0.0,MARGIN CALL ($0)
81,57,0.0,5,0,5,1.0,-100.0,0.0,MARGIN CALL ($0)
81,58,0.0,5,0,5,1.0,-100.0,0.0,MARGIN CALL ($0)
81,59,0.0,6,0,6,1.0,-100.0,0.0,MARGIN CALL ($0)
81,60,0.0,6,0,6,1.0,-100.0,0.0,MARGIN CALL ($0)
81,61,0.0,6,0,6,1.0,-100.0,0.0,MARGIN CALL ($0)
81,62,0.0,6,0,6,1.0,-100.0,0.0,MARGIN CALL ($0)
81,63,0.0,6,0,6,1.0,-100.0,0.0,MARGIN CALL ($0)
81,64,0.0,6,0,6,1.0,-100.0,0.0,MARGIN CALL ($0)
81,65,0.0,5,0,5,1.0,-100.0,0.0,MARGIN CALL ($0)
81,66,0.0,5,0,5,1.0,-100.0,0.0,MARGIN CALL ($0)
81,67,0.0,387,53,334,1.0,-100.0,13.695090439276486,MARGIN CALL ($0)
81,68,0.0,6,0,6,1.0,-100.0,0.0,MARGIN CALL ($0)
81,69,0.0,6,0,6,1.0,-100.0,0.0,MARGIN CALL ($0)
81,70,0.0,6,0,6,1.0,-100.0,0.0,MARGIN CALL ($0)
81,71,0.0,5,0,5,1.0,-100.0,0.0,MARGIN CALL ($0)
81,72,0.0,5,0,5,1.0,-100.0,0.0,MARGIN CALL ($0)
81,73,0.0,5,0,5,1.0,-100.0,0.0,MARGIN CALL ($0)
81,74,0.0,5,0,5,1.0,-100.0,0.0,MARGIN CALL ($0)
81,75,0.0,5,0,5,1.0,-100.0,0.0,MARGIN CALL ($0)
81,76,0.0,6,0,6,1.0,-100.0,0.0,MARGIN CALL ($0)
81,77,0.0,5,0,5,1.0,-100.0,0.0,MARGIN CALL ($0)
81,78,0.0,5,0,5,1.0,-100.0,0.0,MARGIN CALL ($0)
81,79,0.0,4,0,4,1.0,-100.0,0.0,MARGIN CALL ($0)
81,80,0.0,4,0,4,1.0,-100.0,0.0,MARGIN CALL ($0)
81,81,0.0,4,0,4,1.0,-100.0,0.0,MARGIN CALL ($0)
81,82,0.0,4,0,4,1.0,-100.0,0.0,MARGIN CALL ($0)
81,83,0.0,4,0,4,1.0,-100.0,0.0,MARGIN CALL ($0)
81,84,0.0,4,0,4,1.0,-100.0,0.0,MARGIN CALL ($0)
81,85,0.0,5,0,5,1.0,-100.0,0.0,MARGIN CALL ($0)
81,86,0.0,6,0,6,1.0,-100.0,0.0,MARGIN CALL ($0)
81,87,0.0,5,0,5,1.0,-100.0,0.0,MARGIN CALL ($0)
81,88,0.0,5,0,5,1.0,-100.0,0.0,MARGIN CALL ($0)
81,89,0.0,5,0,5,1.0,-100.0,0.0,MARGIN CALL ($0)
81,90,0.0,5,0,5,1.0,-100.0,0.0,MARGIN CALL ($0)
81,91,0.0,5,0,5,1.0,-100.0,0.0,MARGIN CALL ($0)
81,92,0.0,5,0,5,1.0,-100.0,0.0,MARGIN CALL ($0)
81,93,0.0,5,0,5,1.0,-100.0,0.0,MARGIN CALL ($0)
81,94,0.0,5,0,5,1.0,-100.0,0.0,MARGIN CALL ($0)
81,95,0.0,6,0,6,1.0,-100.0,0.0,MARGIN CALL ($0)
81,96,0.0,8,0,8,1.0,-100.0,0.0,MARGIN CALL ($0)
81,97,0.0,8,0,8,1.0,-100.0,0.0,MARGIN CALL ($0)
81,98,0.0,8,0,8,1.0,-100.0,0.0,MARGIN CALL ($0)
81,99,0.0,8,0,8,1.0,-100.0,0.0,MARGIN CALL ($0)
81,100,0.0,8,0,8,1.0,-100.0,0.0,MARGIN CALL ($0)
82,1,0.0,3943,1004,2939,1.0,-100.0,25.46284554907431,MARGIN CALL ($0)
82,2,0.0,6850,1882,4968,1.0,-100.0,27.474452554744527,MARGIN CALL ($0)
82,3,0.0,4380,1227,3153,1.0,-100.0,28.013698630136986,MARGIN CALL ($0)
82,4,0.0,38,9,29,1.0,-100.0,23.684210526315788,MARGIN CALL ($0)
82,5,0.0,14,0,14,1.0,-100.0,0.0,MARGIN CALL ($0)
82,6,0.0,21,2,19,1.0,-100.0,9.523809523809524,MARGIN CALL ($0)
82,7,0.0,19,2,17,1.0,-100.0,10.526315789473683,MARGIN CALL ($0)
82,8,0.0,22,5,17,1.0,-100.0,22.727272727272727,MARGIN CALL ($0)
82,9,0.0,23,5,18,1.0,-100.0,21.73913043478261,MARGIN CALL ($0)
82,10,0.0,23,4,19,1.0,-100.0,17.391304347826086,MARGIN CALL ($0)
82,11,0.0,22,4,18,1.0,-100.0,18.181818181818183,MARGIN CALL ($0)
82,12,0.0,20,4,16,1.0,-100.0,20.0,MARGIN CALL ($0)
82,13,0.0,5797,1258,4539,1.0,-100.0,21.700879765395893,MARGIN CALL ($0)
82,14,0.0,2615,607,2008,1.0,-100.0,23.21223709369025,MARGIN CALL ($0)
82,15,0.0,34,7,27,1.0,-100.0,20.588235294117645,MARGIN CALL ($0)
82,16,0.0,16,2,14,1.0,-100.0,12.5,MARGIN CALL ($0)
82,17,0.0,10,0,10,1.0,-100.0,0.0,MARGIN CALL ($0)
82,18,0.0,5,0,5,1.0,-100.0,0.0,MARGIN CALL ($0)
82,19,0.0,6188,1380,4808,1.0,-100.0,22.301228183581127,MARGIN CALL ($0)
82,20,0.0,6067,1342,4725,1.0,-100.0,22.11966375473875,MARGIN CALL ($0)
82,21,0.0,6167,1356,4811,1.0,-100.0,21.98800064861359,MARGIN CALL ($0)
82,22,0.0,24,3,21,1.0,-100.0,12.5,MARGIN CALL ($0)
82,23,0.0,3019,671,2348,1.0,-100.0,22.225902616760518,MARGIN CALL ($0)
82,24,0.0,1467,342,1125,1.0,-100.0,23.31288343558282,MARGIN CALL ($0)
82,25,0.0,1358,304,1054,1.0,-100.0,22.385861561119295,MARGIN CALL ($0)
82,26,0.0,1138,235,903,1.0,-100.0,20.650263620386646,MARGIN CALL ($0)
82,27,0.0,1019,211,808,1.0,-100.0,20.70657507360157,MARGIN CALL ($0)
82,28,0.0,944,189,755,1.0,-100.0,20.021186440677965,MARGIN CALL ($0)
82,29,0.0,746,157,589,1.0,-100.0,21.0455764075067,MARGIN CALL ($0)
82,30,0.0,20,4,16,1.0,-100.0,20.0,MARGIN CALL ($0)
82,31,0.0,696,142,554,1.0,-100.0,20.402298850574713,MARGIN CALL ($0)
82,32,0.0,705,133,572,1.0,-100.0,18.865248226950353,MARGIN CALL ($0)
82,33,0.0,39,6,33,1.0,-100.0,15.384615384615385,MARGIN CALL ($0)
82,34,0.0,93,15,78,1.0,-100.0,16.129032258064516,MARGIN CALL ($0)
82,35,0.0,679,129,550,1.0,-100.0,18.998527245949926,MARGIN CALL ($0)
82,36,0.0,832,151,681,1.0,-100.0,18.14903846153846,MARGIN CALL ($0)
82,37,0.0,4839,867,3972,1.0,-100.0,17.91692498450093,MARGIN CALL ($0)
82,38,0.0,5723,1032,4691,1.0,-100.0,18.03250043683383,MARGIN CALL ($0)
82,39,0.0,10,0,10,1.0,-100.0,0.0,MARGIN CALL ($0)
82,40,0.0,10,0,10,1.0,-100.0,0.0,MARGIN CALL ($0)
82,41,0.0,9,0,9,1.0,-100.0,0.0,MARGIN CALL ($0)
82,42,0.0,8,0,8,1.0,-100.0,0.0,MARGIN CALL ($0)
82,43,0.0,6,0,6,1.0,-100.0,0.0,MARGIN CALL ($0)
82,44,0.0,6,0,6,1.0,-100.0,0.0,MARGIN CALL ($0)
82,45,0.0,6,0,6,1.0,-100.0,0.0,MARGIN CALL ($0)
82,46,0.0,6,0,6,1.0,-100.0,0.0,MARGIN CALL ($0)
82,47,0.0,8,0,8,1.0,-100.0,0.0,MARGIN CALL ($0)
82,48,0.0,7,0,7,1.0,-100.0,0.0,MARGIN CALL ($0)
82,49,0.0,6,0,6,1.0,-100.0,0.0,MARGIN CALL ($0)
82,50,0.0,7,0,7,1.0,-100.0,0.0,MARGIN CALL ($0)
82,51,0.0,8,0,8,1.0,-100.0,0.0,MARGIN CALL ($0)
82,52,0.0,7,0,7,1.0,-100.0,0.0,MARGIN CALL ($0)
82,53,0.0,8,0,8,1.0,-100.0,0.0,MARGIN CALL ($0)
82,54,0.0,5,0,5,1.0,-100.0,0.0,MARGIN CALL ($0)
82,55,0.0,6,0,6,1.0,-100.0,0.0,MARGIN CALL ($0)
82,56,0.0,6,0,6,1.0,-100.0,0.0,MARGIN CALL ($0)
82,57,0.0,5,0,5,1.0,-100.0,0.0,MARGIN CALL ($0)
82,58,0.0,5,0,5,1.0,-100.0,0.0,MARGIN CALL ($0)
82,59,0.0,5,0,5,1.0,-100.0,0.0,MARGIN CALL ($0)
82,60,0.0,5,0,5,1.0,-100.0,0.0,MARGIN CALL ($0)
82,61,0.0,5,0,5,1.0,-100.0,0.0,MARGIN CALL ($0)
82,62,0.0,5,0,5,1.0,-100.0,0.0,MARGIN CALL ($0)
82,63,0.0,5,0,5,1.0,-100.0,0.0,MARGIN CALL ($0)
82,64,0.0,6,0,6,1.0,-100.0,0.0,MARGIN CALL ($0)
82,65,0.0,5,0,5,1.0,-100.0,0.0,MARGIN CALL ($0)
82,66,0.0,5,0,5,1.0,-100.0,0.0,MARGIN CALL ($0)
82,67,0.0,398,55,343,1.0,-100.0,13.819095477386934,MARGIN CALL ($0)
82,68,0.0,6,0,6,1.0,-100.0,0.0,MARGIN CALL ($0)
82,69,0.0,6,0,6,1.0,-100.0,0.0,MARGIN CALL ($0)
82,70,0.0,6,0,6,1.0,-100.0,0.0,MARGIN CALL ($0)
82,71,0.0,5,0,5,1.0,-100.0,0.0,MARGIN CALL ($0)
82,72,0.0,5,0,5,1.0,-100.0,0.0,MARGIN CALL ($0)
82,73,0.0,5,0,5,1.0,-100.0,0.0,MARGIN CALL ($0)
82,74,0.0,5,0,5,1.0,-100.0,0.0,MARGIN CALL ($0)
82,75,0.0,5,0,5,1.0,-100.0,0.0,MARGIN CALL ($0)
82,76,0.0,6,0,6,1.0,-100.0,0.0,MARGIN CALL ($0)
82,77,0.0,5,0,5,1.0,-100.0,0.0,MARGIN CALL ($0)
82,78,0.0,5,0,5,1.0,-100.0,0.0,MARGIN CALL ($0)
82,79,0.0,4,0,4,1.0,-100.0,0.0,MARGIN CALL ($0)
82,80,0.0,4,0,4,1.0,-100.0,0.0,MARGIN CALL ($0)
82,81,0.0,4,0,4,1.0,-100.0,0.0,MARGIN CALL ($0)
82,82,0.0,28,0,28,1.0,-100.0,0.0,MARGIN CALL ($0)
82,83,0.0,13,0,13,1.0,-100.0,0.0,MARGIN CALL ($0)
82,84,0.0,13,0,13,1.0,-100.0,0.0,MARGIN CALL ($0)
82,85,0.0,7,0,7,1.0,-100.0,0.0,MARGIN CALL ($0)
82,86,0.0,6,0,6,1.0,-100.0,0.0,MARGIN CALL ($0)
82,87,0.0,5,0,5,1.0,-100.0,0.0,MARGIN CALL ($0)
82,88,0.0,5,0,5,1.0,-100.0,0.0,MARGIN CALL ($0)
82,89,0.0,5,0,5,1.0,-100.0,0.0,MARGIN CALL ($0)
82,90,0.0,5,0,5,1.0,-100.0,0.0,MARGIN CALL ($0)
82,91,0.0,5,0,5,1.0,-100.0,0.0,MARGIN CALL ($0)
82,92,0.0,5,0,5,1.0,-100.0,0.0,MARGIN CALL ($0)
82,93,0.0,5,0,5,1.0,-100.0,0.0,MARGIN CALL ($0)
82,94,0.0,5,0,5,1.0,-100.0,0.0,MARGIN CALL ($0)
82,95,0.0,6,0,6,1.0,-100.0,0.0,MARGIN CALL ($0)
82,96,0.0,7,0,7,1.0,-100.0,0.0,MARGIN CALL ($0)
82,97,0.0,7,0,7,1.0,-100.0,0.0,MARGIN CALL ($0)
82,98,0.0,7,0,7,1.0,-100.0,0.0,MARGIN CALL ($0)
82,99,0.0,7,0,7,1.0,-100.0,0.0,MARGIN CALL ($0)
82,100,0.0,7,0,7,1.0,-100.0,0.0,MARGIN CALL ($0)
83,1,0.0,3808,971,2837,1.0,-100.0,25.49894957983193,MARGIN CALL ($0)
83,2,0.0,6850,1882,4968,1.0,-100.0,27.474452554744527,MARGIN CALL ($0)
83,3,0.0,4386,1227,3159,1.0,-100.0,27.975376196990425,MARGIN CALL ($0)
83,4,0.0,38,9,29,1.0,-100.0,23.684210526315788,MARGIN CALL ($0)
83,5,0.0,14,0,14,1.0,-100.0,0.0,MARGIN CALL ($0)
83,6,0.0,21,2,19,1.0,-100.0,9.523809523809524,MARGIN CALL ($0)
83,7,0.0,19,2,17,1.0,-100.0,10.526315789473683,MARGIN CALL ($0)
83,8,0.0,22,5,17,1.0,-100.0,22.727272727272727,MARGIN CALL ($0)
83,9,0.0,23,5,18,1.0,-100.0,21.73913043478261,MARGIN CALL ($0)
83,10,0.0,23,4,19,1.0,-100.0,17.391304347826086,MARGIN CALL ($0)
83,11,0.0,22,4,18,1.0,-100.0,18.181818181818183,MARGIN CALL ($0)
83,12,0.0,20,4,16,1.0,-100.0,20.0,MARGIN CALL ($0)
83,13,0.0,6037,1306,4731,1.0,-100.0,21.633261553751865,MARGIN CALL ($0)
83,14,0.0,4107,941,3166,1.0,-100.0,22.91210129047967,MARGIN CALL ($0)
83,15,0.0,34,7,27,1.0,-100.0,20.588235294117645,MARGIN CALL ($0)
83,16,0.0,16,2,14,1.0,-100.0,12.5,MARGIN CALL ($0)
83,17,0.0,10,0,10,1.0,-100.0,0.0,MARGIN CALL ($0)
83,18,0.0,5,0,5,1.0,-100.0,0.0,MARGIN CALL ($0)
83,19,0.0,5451,1235,4216,1.0,-100.0,22.656393322326178,MARGIN CALL ($0)
83,20,0.0,6017,1330,4687,1.0,-100.0,22.10403855742064,MARGIN CALL ($0)
83,21,0.0,6201,1363,4838,1.0,-100.0,21.98032575391066,MARGIN CALL ($0)
83,22,0.0,2974,679,2295,1.0,-100.0,22.831203765971754,MARGIN CALL ($0)
83,23,0.0,3030,682,2348,1.0,-100.0,22.508250825082506,MARGIN CALL ($0)
83,24,0.0,1475,345,1130,1.0,-100.0,23.389830508474578,MARGIN CALL ($0)
83,25,0.0,1362,307,1055,1.0,-100.0,22.540381791483114,MARGIN CALL ($0)
83,26,0.0,1130,237,893,1.0,-100.0,20.97345132743363,MARGIN CALL ($0)
83,27,0.0,971,199,772,1.0,-100.0,20.494335736354273,MARGIN CALL ($0)
83,28,0.0,941,192,749,1.0,-100.0,20.403825717321997,MARGIN CALL ($0)
83,29,0.0,874,181,693,1.0,-100.0,20.709382151029747,MARGIN CALL ($0)
83,30,0.0,31,5,26,1.0,-100.0,16.129032258064516,MARGIN CALL ($0)
83,31,0.0,756,154,602,1.0,-100.0,20.37037037037037,MARGIN CALL ($0)
83,32,0.0,821,154,667,1.0,-100.0,18.757612667478686,MARGIN CALL ($0)
83,33,0.0,87,13,74,1.0,-100.0,14.942528735632186,MARGIN CALL ($0)
83,34,0.0,242,44,198,1.0,-100.0,18.181818181818183,MARGIN CALL ($0)
83,35,0.0,1056,203,853,1.0,-100.0,19.223484848484848,MARGIN CALL ($0)
83,36,0.0,849,157,692,1.0,-100.0,18.492343934040047,MARGIN CALL ($0)
83,37,0.0,5860,1060,4800,1.0,-100.0,18.088737201365188,MARGIN CALL ($0)
1,27,0.0,1350,358,992,1.0,-100.0,26.51851851851852,MARGIN CALL ($0)
83,39,0.0,10,0,10,1.0,-100.0,0.0,MARGIN CALL ($0)
83,40,0.0,10,0,10,1.0,-100.0,0.0,MARGIN CALL ($0)
83,41,0.0,9,0,9,1.0,-100.0,0.0,MARGIN CALL ($0)
83,42,0.0,8,0,8,1.0,-100.0,0.0,MARGIN CALL ($0)
83,43,0.0,6,0,6,1.0,-100.0,0.0,MARGIN CALL ($0)
83,44,0.0,6,0,6,1.0,-100.0,0.0,MARGIN CALL ($0)
83,45,0.0,6,0,6,1.0,-100.0,0.0,MARGIN CALL ($0)
83,46,0.0,6,0,6,1.0,-100.0,0.0,MARGIN CALL ($0)
83,47,0.0,8,0,8,1.0,-100.0,0.0,MARGIN CALL ($0)
83,48,0.0,7,0,7,1.0,-100.0,0.0,MARGIN CALL ($0)
83,49,0.0,6,0,6,1.0,-100.0,0.0,MARGIN CALL ($0)
83,50,0.0,7,0,7,1.0,-100.0,0.0,MARGIN CALL ($0)
83,51,0.0,10,1,9,1.0,-100.0,10.0,MARGIN CALL ($0)
83,52,0.0,8,1,7,1.0,-100.0,12.5,MARGIN CALL ($0)
83,53,0.0,10,2,8,1.0,-100.0,20.0,MARGIN CALL ($0)
83,54,0.0,5,0,5,1.0,-100.0,0.0,MARGIN CALL ($0)
83,55,0.0,6,0,6,1.0,-100.0,0.0,MARGIN CALL ($0)
83,56,0.0,6,0,6,1.0,-100.0,0.0,MARGIN CALL ($0)
83,57,0.0,5,0,5,1.0,-100.0,0.0,MARGIN CALL ($0)
83,58,0.0,5,0,5,1.0,-100.0,0.0,MARGIN CALL ($0)
83,59,0.0,5,0,5,1.0,-100.0,0.0,MARGIN CALL ($0)
83,60,0.0,5,0,5,1.0,-100.0,0.0,MARGIN CALL ($0)
83,61,0.0,5,0,5,1.0,-100.0,0.0,MARGIN CALL ($0)
83,62,0.0,5,0,5,1.0,-100.0,0.0,MARGIN CALL ($0)
83,63,0.0,5,0,5,1.0,-100.0,0.0,MARGIN CALL ($0)
83,64,0.0,5,0,5,1.0,-100.0,0.0,MARGIN CALL ($0)
83,65,0.0,5,0,5,1.0,-100.0,0.0,MARGIN CALL ($0)
83,66,0.0,5,0,5,1.0,-100.0,0.0,MARGIN CALL ($0)
83,67,0.0,114,14,100,1.0,-100.0,12.280701754385964,MARGIN CALL ($0)
83,68,0.0,6,0,6,1.0,-100.0,0.0,MARGIN CALL ($0)
83,69,0.0,6,0,6,1.0,-100.0,0.0,MARGIN CALL ($0)
83,70,0.0,7,0,7,1.0,-100.0,0.0,MARGIN CALL ($0)
83,71,0.0,6,0,6,1.0,-100.0,0.0,MARGIN CALL ($0)
83,72,0.0,6,0,6,1.0,-100.0,0.0,MARGIN CALL ($0)
83,73,0.0,6,0,6,1.0,-100.0,0.0,MARGIN CALL ($0)
83,74,0.0,6,0,6,1.0,-100.0,0.0,MARGIN CALL ($0)
83,75,0.0,5,0,5,1.0,-100.0,0.0,MARGIN CALL ($0)
83,76,0.0,5,0,5,1.0,-100.0,0.0,MARGIN CALL ($0)
83,77,0.0,5,0,5,1.0,-100.0,0.0,MARGIN CALL ($0)
83,78,0.0,5,0,5,1.0,-100.0,0.0,MARGIN CALL ($0)
83,79,0.0,5,0,5,1.0,-100.0,0.0,MARGIN CALL ($0)
83,80,0.0,4,0,4,1.0,-100.0,0.0,MARGIN CALL ($0)
83,81,0.0,4,0,4,1.0,-100.0,0.0,MARGIN CALL ($0)
83,82,0.0,12,0,12,1.0,-100.0,0.0,MARGIN CALL ($0)
83,83,0.0,12,0,12,1.0,-100.0,0.0,MARGIN CALL ($0)
83,84,0.0,12,0,12,1.0,-100.0,0.0,MARGIN CALL ($0)
83,85,0.0,10,1,9,1.0,-100.0,10.0,MARGIN CALL ($0)
83,86,0.0,6,0,6,1.0,-100.0,0.0,MARGIN CALL ($0)
83,87,0.0,5,0,5,1.0,-100.0,0.0,MARGIN CALL ($0)
83,88,0.0,5,0,5,1.0,-100.0,0.0,MARGIN CALL ($0)
83,89,0.0,5,0,5,1.0,-100.0,0.0,MARGIN CALL ($0)
83,90,0.0,5,0,5,1.0,-100.0,0.0,MARGIN CALL ($0)
83,91,0.0,5,0,5,1.0,-100.0,0.0,MARGIN CALL ($0)
83,92,0.0,5,0,5,1.0,-100.0,0.0,MARGIN CALL ($0)
83,93,0.0,5,0,5,1.0,-100.0,0.0,MARGIN CALL ($0)
83,94,0.0,5,0,5,1.0,-100.0,0.0,MARGIN CALL ($0)
83,95,0.0,6,0,6,1.0,-100.0,0.0,MARGIN CALL ($0)
83,96,0.0,7,0,7,1.0,-100.0,0.0,MARGIN CALL ($0)
83,97,0.0,7,0,7,1.0,-100.0,0.0,MARGIN CALL ($0)
83,98,0.0,7,0,7,1.0,-100.0,0.0,MARGIN CALL ($0)
83,99,0.0,7,0,7,1.0,-100.0,0.0,MARGIN CALL ($0)
83,100,0.0,7,0,7,1.0,-100.0,0.0,MARGIN CALL ($0)
84,1,0.0,3799,969,2830,1.0,-100.0,25.506712292708606,MARGIN CALL ($0)
84,2,0.0,6850,1882,4968,1.0,-100.0,27.474452554744527,MARGIN CALL ($0)
84,3,0.0,4384,1226,3158,1.0,-100.0,27.965328467153284,MARGIN CALL ($0)
84,4,0.0,38,9,29,1.0,-100.0,23.684210526315788,MARGIN CALL ($0)
84,5,0.0,14,0,14,1.0,-100.0,0.0,MARGIN CALL ($0)
84,6,0.0,21,2,19,1.0,-100.0,9.523809523809524,MARGIN CALL ($0)
84,7,0.0,19,2,17,1.0,-100.0,10.526315789473683,MARGIN CALL ($0)
84,8,0.0,22,5,17,1.0,-100.0,22.727272727272727,MARGIN CALL ($0)
84,9,0.0,23,5,18,1.0,-100.0,21.73913043478261,MARGIN CALL ($0)
84,10,0.0,23,4,19,1.0,-100.0,17.391304347826086,MARGIN CALL ($0)
84,11,0.0,22,4,18,1.0,-100.0,18.181818181818183,MARGIN CALL ($0)
84,12,0.0,20,4,16,1.0,-100.0,20.0,MARGIN CALL ($0)
84,13,0.0,6041,1312,4729,1.0,-100.0,21.718258566462506,MARGIN CALL ($0)
84,14,0.0,4101,945,3156,1.0,-100.0,23.04316020482809,MARGIN CALL ($0)
84,15,0.0,5254,1193,4061,1.0,-100.0,22.706509326227636,MARGIN CALL ($0)
84,16,0.0,16,2,14,1.0,-100.0,12.5,MARGIN CALL ($0)
84,17,0.0,10,0,10,1.0,-100.0,0.0,MARGIN CALL ($0)
84,18,0.0,5,0,5,1.0,-100.0,0.0,MARGIN CALL ($0)
84,19,0.0,6876,1530,5346,1.0,-100.0,22.25130890052356,MARGIN CALL ($0)
84,20,0.0,7411,1631,5780,1.0,-100.0,22.00782620429092,MARGIN CALL ($0)
84,21,0.0,7490,1627,5863,1.0,-100.0,21.72229639519359,MARGIN CALL ($0)
84,22,0.0,4729,1041,3688,1.0,-100.0,22.013110594205962,MARGIN CALL ($0)
84,23,0.0,7916,1692,6224,1.0,-100.0,21.3744315310763,MARGIN CALL ($0)
84,24,0.0,2969,656,2313,1.0,-100.0,22.09498147524419,MARGIN CALL ($0)
84,25,0.0,2644,576,2068,1.0,-100.0,21.78517397881997,MARGIN CALL ($0)
84,26,0.0,1225,263,962,1.0,-100.0,21.46938775510204,MARGIN CALL ($0)
84,27,0.0,994,206,788,1.0,-100.0,20.72434607645875,MARGIN CALL ($0)
84,28,0.0,952,195,757,1.0,-100.0,20.483193277310924,MARGIN CALL ($0)
84,29,0.0,998,214,784,1.0,-100.0,21.442885771543086,MARGIN CALL ($0)
84,30,0.0,30,5,25,1.0,-100.0,16.666666666666664,MARGIN CALL ($0)
84,31,0.0,843,170,673,1.0,-100.0,20.166073546856463,MARGIN CALL ($0)
84,32,0.0,918,183,735,1.0,-100.0,19.934640522875817,MARGIN CALL ($0)
84,33,0.0,49,8,41,1.0,-100.0,16.3265306122449,MARGIN CALL ($0)
84,34,0.0,104,17,87,1.0,-100.0,16.346153846153847,MARGIN CALL ($0)
84,35,0.0,1058,203,855,1.0,-100.0,19.187145557655956,MARGIN CALL ($0)
84,36,0.0,862,159,703,1.0,-100.0,18.445475638051047,MARGIN CALL ($0)
1,28,0.0,1630,420,1210,1.0,-100.0,25.766871165644172,MARGIN CALL ($0)
1,29,0.0,1453,383,1070,1.0,-100.0,26.35925671025465,MARGIN CALL ($0)
84,39,0.0,10,0,10,1.0,-100.0,0.0,MARGIN CALL ($0)
84,40,0.0,10,0,10,1.0,-100.0,0.0,MARGIN CALL ($0)
84,41,0.0,9,0,9,1.0,-100.0,0.0,MARGIN CALL ($0)
84,42,0.0,8,0,8,1.0,-100.0,0.0,MARGIN CALL ($0)
84,43,0.0,6,0,6,1.0,-100.0,0.0,MARGIN CALL ($0)
84,44,0.0,6,0,6,1.0,-100.0,0.0,MARGIN CALL ($0)
84,45,0.0,6,0,6,1.0,-100.0,0.0,MARGIN CALL ($0)
84,46,0.0,6,0,6,1.0,-100.0,0.0,MARGIN CALL ($0)
84,47,0.0,8,0,8,1.0,-100.0,0.0,MARGIN CALL ($0)
84,48,0.0,7,0,7,1.0,-100.0,0.0,MARGIN CALL ($0)
84,49,0.0,6,0,6,1.0,-100.0,0.0,MARGIN CALL ($0)
84,50,0.0,7,0,7,1.0,-100.0,0.0,MARGIN CALL ($0)
84,51,0.0,10,1,9,1.0,-100.0,10.0,MARGIN CALL ($0)
84,52,0.0,8,1,7,1.0,-100.0,12.5,MARGIN CALL ($0)
84,53,0.0,10,2,8,1.0,-100.0,20.0,MARGIN CALL ($0)
84,54,0.0,5,0,5,1.0,-100.0,0.0,MARGIN CALL ($0)
84,55,0.0,6,0,6,1.0,-100.0,0.0,MARGIN CALL ($0)
84,56,0.0,6,0,6,1.0,-100.0,0.0,MARGIN CALL ($0)
84,57,0.0,5,0,5,1.0,-100.0,0.0,MARGIN CALL ($0)
84,58,0.0,5,0,5,1.0,-100.0,0.0,MARGIN CALL ($0)
84,59,0.0,5,0,5,1.0,-100.0,0.0,MARGIN CALL ($0)
84,60,0.0,5,0,5,1.0,-100.0,0.0,MARGIN CALL ($0)
84,61,0.0,5,0,5,1.0,-100.0,0.0,MARGIN CALL ($0)
84,62,0.0,5,0,5,1.0,-100.0,0.0,MARGIN CALL ($0)
84,63,0.0,5,0,5,1.0,-100.0,0.0,MARGIN CALL ($0)
84,64,0.0,5,0,5,1.0,-100.0,0.0,MARGIN CALL ($0)
84,65,0.0,5,0,5,1.0,-100.0,0.0,MARGIN CALL ($0)
84,66,0.0,5,0,5,1.0,-100.0,0.0,MARGIN CALL ($0)
84,67,0.0,114,14,100,1.0,-100.0,12.280701754385964,MARGIN CALL ($0)
84,68,0.0,6,0,6,1.0,-100.0,0.0,MARGIN CALL ($0)
84,69,0.0,6,0,6,1.0,-100.0,0.0,MARGIN CALL ($0)
84,70,0.0,7,0,7,1.0,-100.0,0.0,MARGIN CALL ($0)
84,71,0.0,6,0,6,1.0,-100.0,0.0,MARGIN CALL ($0)
84,72,0.0,6,0,6,1.0,-100.0,0.0,MARGIN CALL ($0)
84,73,0.0,6,0,6,1.0,-100.0,0.0,MARGIN CALL ($0)
84,74,0.0,6,0,6,1.0,-100.0,0.0,MARGIN CALL ($0)
84,75,0.0,5,0,5,1.0,-100.0,0.0,MARGIN CALL ($0)
84,76,0.0,5,0,5,1.0,-100.0,0.0,MARGIN CALL ($0)
84,77,0.0,5,0,5,1.0,-100.0,0.0,MARGIN CALL ($0)
84,78,0.0,5,0,5,1.0,-100.0,0.0,MARGIN CALL ($0)
84,79,0.0,5,0,5,1.0,-100.0,0.0,MARGIN CALL ($0)
84,80,0.0,4,0,4,1.0,-100.0,0.0,MARGIN CALL ($0)
84,81,0.0,4,0,4,1.0,-100.0,0.0,MARGIN CALL ($0)
84,82,0.0,12,0,12,1.0,-100.0,0.0,MARGIN CALL ($0)
84,83,0.0,12,0,12,1.0,-100.0,0.0,MARGIN CALL ($0)
84,84,0.0,12,0,12,1.0,-100.0,0.0,MARGIN CALL ($0)
84,85,0.0,10,1,9,1.0,-100.0,10.0,MARGIN CALL ($0)
84,86,0.0,6,0,6,1.0,-100.0,0.0,MARGIN CALL ($0)
84,87,0.0,5,0,5,1.0,-100.0,0.0,MARGIN CALL ($0)
84,88,0.0,5,0,5,1.0,-100.0,0.0,MARGIN CALL ($0)
84,89,0.0,5,0,5,1.0,-100.0,0.0,MARGIN CALL ($0)
84,90,0.0,5,0,5,1.0,-100.0,0.0,MARGIN CALL ($0)
84,91,0.0,5,0,5,1.0,-100.0,0.0,MARGIN CALL ($0)
84,92,0.0,5,0,5,1.0,-100.0,0.0,MARGIN CALL ($0)
84,93,0.0,5,0,5,1.0,-100.0,0.0,MARGIN CALL ($0)
84,94,0.0,5,0,5,1.0,-100.0,0.0,MARGIN CALL ($0)
84,95,0.0,6,0,6,1.0,-100.0,0.0,MARGIN CALL ($0)
84,96,0.0,7,0,7,1.0,-100.0,0.0,MARGIN CALL ($0)
84,97,0.0,7,0,7,1.0,-100.0,0.0,MARGIN CALL ($0)
84,98,0.0,7,0,7,1.0,-100.0,0.0,MARGIN CALL ($0)
84,99,0.0,7,0,7,1.0,-100.0,0.0,MARGIN CALL ($0)
84,100,0.0,7,0,7,1.0,-100.0,0.0,MARGIN CALL ($0)
85,1,0.0,3777,964,2813,1.0,-100.0,25.522901773894624,MARGIN CALL ($0)
85,2,0.0,6850,1882,4968,1.0,-100.0,27.474452554744527,MARGIN CALL ($0)
85,3,0.0,4160,1163,2997,1.0,-100.0,27.95673076923077,MARGIN CALL ($0)
85,4,0.0,39,9,30,1.0,-100.0,23.076923076923077,MARGIN CALL ($0)
85,5,0.0,14,0,14,1.0,-100.0,0.0,MARGIN CALL ($0)
85,6,0.0,21,2,19,1.0,-100.0,9.523809523809524,MARGIN CALL ($0)
85,7,0.0,19,2,17,1.0,-100.0,10.526315789473683,MARGIN CALL ($0)
85,8,0.0,22,5,17,1.0,-100.0,22.727272727272727,MARGIN CALL ($0)
85,9,0.0,23,5,18,1.0,-100.0,21.73913043478261,MARGIN CALL ($0)
85,10,0.0,23,4,19,1.0,-100.0,17.391304347826086,MARGIN CALL ($0)
85,11,0.0,22,4,18,1.0,-100.0,18.181818181818183,MARGIN CALL ($0)
85,12,0.0,20,4,16,1.0,-100.0,20.0,MARGIN CALL ($0)
85,13,0.0,6016,1310,4706,1.0,-100.0,21.775265957446805,MARGIN CALL ($0)
85,14,0.0,4120,952,3168,1.0,-100.0,23.106796116504853,MARGIN CALL ($0)
85,15,0.0,4912,1113,3799,1.0,-100.0,22.658794788273614,MARGIN CALL ($0)
85,16,0.0,16,2,14,1.0,-100.0,12.5,MARGIN CALL ($0)
85,17,0.0,10,0,10,1.0,-100.0,0.0,MARGIN CALL ($0)
85,18,0.0,5,0,5,1.0,-100.0,0.0,MARGIN CALL ($0)
85,19,0.0,6748,1518,5230,1.0,-100.0,22.49555423829283,MARGIN CALL ($0)
85,20,0.0,6802,1501,5301,1.0,-100.0,22.067039106145252,MARGIN CALL ($0)
85,21,0.0,8283,1817,6466,1.0,-100.0,21.93649643848847,MARGIN CALL ($0)
85,22,0.0,4672,1042,3630,1.0,-100.0,22.30308219178082,MARGIN CALL ($0)
85,23,0.0,6558,1413,5145,1.0,-100.0,21.546203110704486,MARGIN CALL ($0)
85,24,0.0,2973,661,2312,1.0,-100.0,22.233434241506895,MARGIN CALL ($0)
85,25,0.0,2647,580,2067,1.0,-100.0,21.9115980355119,MARGIN CALL ($0)
85,26,0.0,1128,244,884,1.0,-100.0,21.631205673758867,MARGIN CALL ($0)
85,27,0.0,924,193,731,1.0,-100.0,20.88744588744589,MARGIN CALL ($0)
85,28,0.0,922,186,736,1.0,-100.0,20.17353579175705,MARGIN CALL ($0)
85,29,0.0,1029,217,812,1.0,-100.0,21.08843537414966,MARGIN CALL ($0)
85,30,0.0,74,9,65,1.0,-100.0,12.162162162162163,MARGIN CALL ($0)
85,31,0.0,887,177,710,1.0,-100.0,19.95490417136415,MARGIN CALL ($0)
85,32,0.0,873,169,704,1.0,-100.0,19.358533791523485,MARGIN CALL ($0)
85,33,0.0,63,9,54,1.0,-100.0,14.285714285714285,MARGIN CALL ($0)
85,34,0.0,89,16,73,1.0,-100.0,17.97752808988764,MARGIN CALL ($0)
85,35,0.0,1034,203,831,1.0,-100.0,19.63249516441006,MARGIN CALL ($0)
85,36,0.0,781,142,639,1.0,-100.0,18.181818181818183,MARGIN CALL ($0)
1,30,0.0,60,14,46,1.0,-100.0,23.333333333333332,MARGIN CALL ($0)
1,31,0.0,62,15,47,1.0,-100.0,24.193548387096776,MARGIN CALL ($0)
85,39,0.0,10,0,10,1.0,-100.0,0.0,MARGIN CALL ($0)
85,40,0.0,10,0,10,1.0,-100.0,0.0,MARGIN CALL ($0)
85,41,0.0,9,0,9,1.0,-100.0,0.0,MARGIN CALL ($0)
85,42,0.0,8,0,8,1.0,-100.0,0.0,MARGIN CALL ($0)
85,43,0.0,6,0,6,1.0,-100.0,0.0,MARGIN CALL ($0)
85,44,0.0,7,0,7,1.0,-100.0,0.0,MARGIN CALL ($0)
85,45,0.0,7,0,7,1.0,-100.0,0.0,MARGIN CALL ($0)
85,46,0.0,7,0,7,1.0,-100.0,0.0,MARGIN CALL ($0)
85,47,0.0,9,0,9,1.0,-100.0,0.0,MARGIN CALL ($0)
85,48,0.0,8,0,8,1.0,-100.0,0.0,MARGIN CALL ($0)
85,49,0.0,7,0,7,1.0,-100.0,0.0,MARGIN CALL ($0)
85,50,0.0,7,0,7,1.0,-100.0,0.0,MARGIN CALL ($0)
85,51,0.0,10,1,9,1.0,-100.0,10.0,MARGIN CALL ($0)
85,52,0.0,9,1,8,1.0,-100.0,11.11111111111111,MARGIN CALL ($0)
85,53,0.0,10,2,8,1.0,-100.0,20.0,MARGIN CALL ($0)
85,54,0.0,5,0,5,1.0,-100.0,0.0,MARGIN CALL ($0)
85,55,0.0,6,0,6,1.0,-100.0,0.0,MARGIN CALL ($0)
85,56,0.0,6,0,6,1.0,-100.0,0.0,MARGIN CALL ($0)
85,57,0.0,5,0,5,1.0,-100.0,0.0,MARGIN CALL ($0)
85,58,0.0,5,0,5,1.0,-100.0,0.0,MARGIN CALL ($0)
85,59,0.0,5,0,5,1.0,-100.0,0.0,MARGIN CALL ($0)
85,60,0.0,5,0,5,1.0,-100.0,0.0,MARGIN CALL ($0)
85,61,0.0,5,0,5,1.0,-100.0,0.0,MARGIN CALL ($0)
85,62,0.0,5,0,5,1.0,-100.0,0.0,MARGIN CALL ($0)
85,63,0.0,5,0,5,1.0,-100.0,0.0,MARGIN CALL ($0)
85,64,0.0,5,0,5,1.0,-100.0,0.0,MARGIN CALL ($0)
85,65,0.0,5,0,5,1.0,-100.0,0.0,MARGIN CALL ($0)
85,66,0.0,5,0,5,1.0,-100.0,0.0,MARGIN CALL ($0)
85,67,0.0,45,4,41,1.0,-100.0,8.88888888888889,MARGIN CALL ($0)
85,68,0.0,6,0,6,1.0,-100.0,0.0,MARGIN CALL ($0)
85,69,0.0,6,0,6,1.0,-100.0,0.0,MARGIN CALL ($0)
85,70,0.0,7,0,7,1.0,-100.0,0.0,MARGIN CALL ($0)
85,71,0.0,6,0,6,1.0,-100.0,0.0,MARGIN CALL ($0)
85,72,0.0,6,0,6,1.0,-100.0,0.0,MARGIN CALL ($0)
85,73,0.0,6,0,6,1.0,-100.0,0.0,MARGIN CALL ($0)
85,74,0.0,6,0,6,1.0,-100.0,0.0,MARGIN CALL ($0)
85,75,0.0,6,0,6,1.0,-100.0,0.0,MARGIN CALL ($0)
85,76,0.0,6,0,6,1.0,-100.0,0.0,MARGIN CALL ($0)
85,77,0.0,5,0,5,1.0,-100.0,0.0,MARGIN CALL ($0)
85,78,0.0,5,0,5,1.0,-100.0,0.0,MARGIN CALL ($0)
85,79,0.0,6,0,6,1.0,-100.0,0.0,MARGIN CALL ($0)
85,80,0.0,4,0,4,1.0,-100.0,0.0,MARGIN CALL ($0)
85,81,0.0,5,0,5,1.0,-100.0,0.0,MARGIN CALL ($0)
85,82,0.0,5,0,5,1.0,-100.0,0.0,MARGIN CALL ($0)
85,83,0.0,7,0,7,1.0,-100.0,0.0,MARGIN CALL ($0)
85,84,0.0,7,0,7,1.0,-100.0,0.0,MARGIN CALL ($0)
85,85,0.0,10,1,9,1.0,-100.0,10.0,MARGIN CALL ($0)
85,86,0.0,6,0,6,1.0,-100.0,0.0,MARGIN CALL ($0)
85,87,0.0,5,0,5,1.0,-100.0,0.0,MARGIN CALL ($0)
85,88,0.0,5,0,5,1.0,-100.0,0.0,MARGIN CALL ($0)
85,89,0.0,5,0,5,1.0,-100.0,0.0,MARGIN CALL ($0)
85,90,0.0,5,0,5,1.0,-100.0,0.0,MARGIN CALL ($0)
85,91,0.0,5,0,5,1.0,-100.0,0.0,MARGIN CALL ($0)
85,92,0.0,5,0,5,1.0,-100.0,0.0,MARGIN CALL ($0)
85,93,0.0,5,0,5,1.0,-100.0,0.0,MARGIN CALL ($0)
85,94,0.0,5,0,5,1.0,-100.0,0.0,MARGIN CALL ($0)
85,95,0.0,7,0,7,1.0,-100.0,0.0,MARGIN CALL ($0)
85,96,0.0,8,0,8,1.0,-100.0,0.0,MARGIN CALL ($0)
85,97,0.0,8,0,8,1.0,-100.0,0.0,MARGIN CALL ($0)
85,98,0.0,8,0,8,1.0,-100.0,0.0,MARGIN CALL ($0)
85,99,0.0,8,0,8,1.0,-100.0,0.0,MARGIN CALL ($0)
85,100,0.0,8,0,8,1.0,-100.0,0.0,MARGIN CALL ($0)
86,1,0.0,3765,964,2801,1.0,-100.0,25.60424966799469,MARGIN CALL ($0)
86,2,0.0,6850,1882,4968,1.0,-100.0,27.474452554744527,MARGIN CALL ($0)
86,3,0.0,4161,1164,2997,1.0,-100.0,27.974044700793076,MARGIN CALL ($0)
86,4,0.0,39,9,30,1.0,-100.0,23.076923076923077,MARGIN CALL ($0)
86,5,0.0,14,0,14,1.0,-100.0,0.0,MARGIN CALL ($0)
86,6,0.0,21,2,19,1.0,-100.0,9.523809523809524,MARGIN CALL ($0)
86,7,0.0,19,2,17,1.0,-100.0,10.526315789473683,MARGIN CALL ($0)
86,8,0.0,22,5,17,1.0,-100.0,22.727272727272727,MARGIN CALL ($0)
86,9,0.0,23,5,18,1.0,-100.0,21.73913043478261,MARGIN CALL ($0)
86,10,0.0,23,4,19,1.0,-100.0,17.391304347826086,MARGIN CALL ($0)
86,11,0.0,21,4,17,1.0,-100.0,19.047619047619047,MARGIN CALL ($0)
86,12,0.0,20,4,16,1.0,-100.0,20.0,MARGIN CALL ($0)
86,13,0.0,6056,1323,4733,1.0,-100.0,21.846103038309113,MARGIN CALL ($0)
86,14,0.0,4160,974,3186,1.0,-100.0,23.41346153846154,MARGIN CALL ($0)
86,15,0.0,5251,1203,4048,1.0,-100.0,22.909921919634353,MARGIN CALL ($0)
86,16,0.0,16,2,14,1.0,-100.0,12.5,MARGIN CALL ($0)
86,17,0.0,10,0,10,1.0,-100.0,0.0,MARGIN CALL ($0)
86,18,0.0,5,0,5,1.0,-100.0,0.0,MARGIN CALL ($0)
86,19,0.0,7463,1694,5769,1.0,-100.0,22.698646656840413,MARGIN CALL ($0)
86,20,0.0,7474,1661,5813,1.0,-100.0,22.223708857372223,MARGIN CALL ($0)
86,21,0.0,8437,1855,6582,1.0,-100.0,21.986488088183005,MARGIN CALL ($0)
86,22,0.0,4723,1053,3670,1.0,-100.0,22.295151386830405,MARGIN CALL ($0)
86,23,0.0,6673,1442,5231,1.0,-100.0,21.609471002547583,MARGIN CALL ($0)
86,24,0.0,2971,658,2313,1.0,-100.0,22.147425109390777,MARGIN CALL ($0)
86,25,0.0,2736,594,2142,1.0,-100.0,21.710526315789476,MARGIN CALL ($0)
86,26,0.0,1134,246,888,1.0,-100.0,21.693121693121693,MARGIN CALL ($0)
86,27,0.0,1047,226,821,1.0,-100.0,21.585482330468004,MARGIN CALL ($0)
86,28,0.0,1040,221,819,1.0,-100.0,21.25,MARGIN CALL ($0)
86,29,0.0,1386,294,1092,1.0,-100.0,21.21212121212121,MARGIN CALL ($0)
86,30,0.0,893,188,705,1.0,-100.0,21.052631578947366,MARGIN CALL ($0)
86,31,0.0,1006,211,795,1.0,-100.0,20.974155069582505,MARGIN CALL ($0)
86,32,0.0,1010,207,803,1.0,-100.0,20.495049504950494,MARGIN CALL ($0)
86,33,0.0,99,14,85,1.0,-100.0,14.14141414141414,MARGIN CALL ($0)
86,34,0.0,234,45,189,1.0,-100.0,19.230769230769234,MARGIN CALL ($0)
86,35,0.0,1071,210,861,1.0,-100.0,19.607843137254903,MARGIN CALL ($0)
86,36,0.0,227,30,197,1.0,-100.0,13.215859030837004,MARGIN CALL ($0)
1,32,0.0,48,12,36,1.0,-100.0,25.0,MARGIN CALL ($0)
1,33,0.0,61,15,46,1.0,-100.0,24.59016393442623,MARGIN CALL ($0)
86,39,0.0,10,0,10,1.0,-100.0,0.0,MARGIN CALL ($0)
86,40,0.0,10,0,10,1.0,-100.0,0.0,MARGIN CALL ($0)
86,41,0.0,9,0,9,1.0,-100.0,0.0,MARGIN CALL ($0)
86,42,0.0,8,0,8,1.0,-100.0,0.0,MARGIN CALL ($0)
86,43,0.0,6,0,6,1.0,-100.0,0.0,MARGIN CALL ($0)
86,44,0.0,7,0,7,1.0,-100.0,0.0,MARGIN CALL ($0)
86,45,0.0,8,0,8,1.0,-100.0,0.0,MARGIN CALL ($0)
86,46,0.0,8,0,8,1.0,-100.0,0.0,MARGIN CALL ($0)
86,47,0.0,9,0,9,1.0,-100.0,0.0,MARGIN CALL ($0)
86,48,0.0,8,0,8,1.0,-100.0,0.0,MARGIN CALL ($0)
86,49,0.0,8,0,8,1.0,-100.0,0.0,MARGIN CALL ($0)
86,50,0.0,8,0,8,1.0,-100.0,0.0,MARGIN CALL ($0)
86,51,0.0,7,0,7,1.0,-100.0,0.0,MARGIN CALL ($0)
86,52,0.0,9,1,8,1.0,-100.0,11.11111111111111,MARGIN CALL ($0)
86,53,0.0,10,2,8,1.0,-100.0,20.0,MARGIN CALL ($0)
86,54,0.0,5,0,5,1.0,-100.0,0.0,MARGIN CALL ($0)
86,55,0.0,6,0,6,1.0,-100.0,0.0,MARGIN CALL ($0)
86,56,0.0,6,0,6,1.0,-100.0,0.0,MARGIN CALL ($0)
86,57,0.0,5,0,5,1.0,-100.0,0.0,MARGIN CALL ($0)
86,58,0.0,5,0,5,1.0,-100.0,0.0,MARGIN CALL ($0)
86,59,0.0,5,0,5,1.0,-100.0,0.0,MARGIN CALL ($0)
86,60,0.0,5,0,5,1.0,-100.0,0.0,MARGIN CALL ($0)
86,61,0.0,5,0,5,1.0,-100.0,0.0,MARGIN CALL ($0)
86,62,0.0,5,0,5,1.0,-100.0,0.0,MARGIN CALL ($0)
86,63,0.0,5,0,5,1.0,-100.0,0.0,MARGIN CALL ($0)
86,64,0.0,5,0,5,1.0,-100.0,0.0,MARGIN CALL ($0)
86,65,0.0,5,0,5,1.0,-100.0,0.0,MARGIN CALL ($0)
86,66,0.0,5,0,5,1.0,-100.0,0.0,MARGIN CALL ($0)
86,67,0.0,46,4,42,1.0,-100.0,8.695652173913043,MARGIN CALL ($0)
86,68,0.0,6,0,6,1.0,-100.0,0.0,MARGIN CALL ($0)
86,69,0.0,6,0,6,1.0,-100.0,0.0,MARGIN CALL ($0)
86,70,0.0,7,0,7,1.0,-100.0,0.0,MARGIN CALL ($0)
86,71,0.0,6,0,6,1.0,-100.0,0.0,MARGIN CALL ($0)
86,72,0.0,6,0,6,1.0,-100.0,0.0,MARGIN CALL ($0)
86,73,0.0,8,0,8,1.0,-100.0,0.0,MARGIN CALL ($0)
86,74,0.0,8,0,8,1.0,-100.0,0.0,MARGIN CALL ($0)
86,75,0.0,7,0,7,1.0,-100.0,0.0,MARGIN CALL ($0)
86,76,0.0,7,0,7,1.0,-100.0,0.0,MARGIN CALL ($0)
86,77,0.0,6,0,6,1.0,-100.0,0.0,MARGIN CALL ($0)
86,78,0.0,6,0,6,1.0,-100.0,0.0,MARGIN CALL ($0)
86,79,0.0,6,0,6,1.0,-100.0,0.0,MARGIN CALL ($0)
86,80,0.0,6,0,6,1.0,-100.0,0.0,MARGIN CALL ($0)
86,81,0.0,6,0,6,1.0,-100.0,0.0,MARGIN CALL ($0)
86,82,0.0,6,0,6,1.0,-100.0,0.0,MARGIN CALL ($0)
86,83,0.0,6,0,6,1.0,-100.0,0.0,MARGIN CALL ($0)
86,84,0.0,6,0,6,1.0,-100.0,0.0,MARGIN CALL ($0)
86,85,0.0,6,0,6,1.0,-100.0,0.0,MARGIN CALL ($0)
86,86,0.0,6,0,6,1.0,-100.0,0.0,MARGIN CALL ($0)
86,87,0.0,5,0,5,1.0,-100.0,0.0,MARGIN CALL ($0)
86,88,0.0,5,0,5,1.0,-100.0,0.0,MARGIN CALL ($0)
86,89,0.0,5,0,5,1.0,-100.0,0.0,MARGIN CALL ($0)
86,90,0.0,5,0,5,1.0,-100.0,0.0,MARGIN CALL ($0)
86,91,0.0,5,0,5,1.0,-100.0,0.0,MARGIN CALL ($0)
86,92,0.0,5,0,5,1.0,-100.0,0.0,MARGIN CALL ($0)
86,93,0.0,5,0,5,1.0,-100.0,0.0,MARGIN CALL ($0)
86,94,0.0,5,0,5,1.0,-100.0,0.0,MARGIN CALL ($0)
86,95,0.0,7,0,7,1.0,-100.0,0.0,MARGIN CALL ($0)
86,96,0.0,8,0,8,1.0,-100.0,0.0,MARGIN CALL ($0)
86,97,0.0,8,0,8,1.0,-100.0,0.0,MARGIN CALL ($0)
86,98,0.0,8,0,8,1.0,-100.0,0.0,MARGIN CALL ($0)
86,99,0.0,8,0,8,1.0,-100.0,0.0,MARGIN CALL ($0)
86,100,0.0,8,0,8,1.0,-100.0,0.0,MARGIN CALL ($0)
87,1,0.0,3781,967,2814,1.0,-100.0,25.575244644274004,MARGIN CALL ($0)
87,2,0.0,6850,1882,4968,1.0,-100.0,27.474452554744527,MARGIN CALL ($0)
87,3,0.0,4138,1154,2984,1.0,-100.0,27.887868535524408,MARGIN CALL ($0)
87,4,0.0,39,9,30,1.0,-100.0,23.076923076923077,MARGIN CALL ($0)
87,5,0.0,14,0,14,1.0,-100.0,0.0,MARGIN CALL ($0)
87,6,0.0,21,2,19,1.0,-100.0,9.523809523809524,MARGIN CALL ($0)
87,7,0.0,19,2,17,1.0,-100.0,10.526315789473683,MARGIN CALL ($0)
87,8,0.0,22,5,17,1.0,-100.0,22.727272727272727,MARGIN CALL ($0)
87,9,0.0,23,5,18,1.0,-100.0,21.73913043478261,MARGIN CALL ($0)
87,10,0.0,23,4,19,1.0,-100.0,17.391304347826086,MARGIN CALL ($0)
87,11,0.0,21,4,17,1.0,-100.0,19.047619047619047,MARGIN CALL ($0)
87,12,0.0,20,4,16,1.0,-100.0,20.0,MARGIN CALL ($0)
87,13,0.0,5787,1284,4503,1.0,-100.0,22.187662001036806,MARGIN CALL ($0)
87,14,0.0,2620,642,1978,1.0,-100.0,24.50381679389313,MARGIN CALL ($0)
87,15,0.0,4828,1111,3717,1.0,-100.0,23.011599005799503,MARGIN CALL ($0)
87,16,0.0,16,2,14,1.0,-100.0,12.5,MARGIN CALL ($0)
87,17,0.0,10,0,10,1.0,-100.0,0.0,MARGIN CALL ($0)
87,18,0.0,5,0,5,1.0,-100.0,0.0,MARGIN CALL ($0)
87,19,0.0,6733,1515,5218,1.0,-100.0,22.50111391653052,MARGIN CALL ($0)
87,20,0.0,6323,1404,4919,1.0,-100.0,22.20464969160209,MARGIN CALL ($0)
87,21,0.0,6535,1445,5090,1.0,-100.0,22.11170619739862,MARGIN CALL ($0)
87,22,0.0,3067,699,2368,1.0,-100.0,22.79100097815455,MARGIN CALL ($0)
87,23,0.0,4820,1055,3765,1.0,-100.0,21.887966804979254,MARGIN CALL ($0)
87,24,0.0,2789,631,2158,1.0,-100.0,22.62459662961635,MARGIN CALL ($0)
87,25,0.0,1663,370,1293,1.0,-100.0,22.248947684906796,MARGIN CALL ($0)
87,26,0.0,35,5,30,1.0,-100.0,14.285714285714285,MARGIN CALL ($0)
87,27,0.0,93,9,84,1.0,-100.0,9.67741935483871,MARGIN CALL ($0)
87,28,0.0,755,158,597,1.0,-100.0,20.927152317880797,MARGIN CALL ($0)
87,29,0.0,930,190,740,1.0,-100.0,20.43010752688172,MARGIN CALL ($0)
87,30,0.0,23,5,18,1.0,-100.0,21.73913043478261,MARGIN CALL ($0)
87,31,0.0,807,169,638,1.0,-100.0,20.941759603469638,MARGIN CALL ($0)
87,32,0.0,67,10,57,1.0,-100.0,14.925373134328357,MARGIN CALL ($0)
87,33,0.0,24,5,19,1.0,-100.0,20.833333333333336,MARGIN CALL ($0)
87,34,0.0,41,11,30,1.0,-100.0,26.82926829268293,MARGIN CALL ($0)
87,35,0.0,58,12,46,1.0,-100.0,20.689655172413794,MARGIN CALL ($0)
87,36,0.0,72,11,61,1.0,-100.0,15.277777777777779,MARGIN CALL ($0)
1,34,0.0,51,15,36,1.0,-100.0,29.411764705882355,MARGIN CALL ($0)
1,35,0.0,62,18,44,1.0,-100.0,29.03225806451613,MARGIN CALL ($0)
87,39,0.0,10,0,10,1.0,-100.0,0.0,MARGIN CALL ($0)
87,40,0.0,10,0,10,1.0,-100.0,0.0,MARGIN CALL ($0)
87,41,0.0,9,0,9,1.0,-100.0,0.0,MARGIN CALL ($0)
87,42,0.0,8,0,8,1.0,-100.0,0.0,MARGIN CALL ($0)
87,43,0.0,6,0,6,1.0,-100.0,0.0,MARGIN CALL ($0)
87,44,0.0,7,0,7,1.0,-100.0,0.0,MARGIN CALL ($0)
87,45,0.0,8,0,8,1.0,-100.0,0.0,MARGIN CALL ($0)
87,46,0.0,8,0,8,1.0,-100.0,0.0,MARGIN CALL ($0)
87,47,0.0,9,0,9,1.0,-100.0,0.0,MARGIN CALL ($0)
87,48,0.0,8,0,8,1.0,-100.0,0.0,MARGIN CALL ($0)
87,49,0.0,8,0,8,1.0,-100.0,0.0,MARGIN CALL ($0)
87,50,0.0,8,0,8,1.0,-100.0,0.0,MARGIN CALL ($0)
87,51,0.0,5,0,5,1.0,-100.0,0.0,MARGIN CALL ($0)
87,52,0.0,3,0,3,1.0,-100.0,0.0,MARGIN CALL ($0)
87,53,0.0,3,0,3,1.0,-100.0,0.0,MARGIN CALL ($0)
87,54,0.0,3,0,3,1.0,-100.0,0.0,MARGIN CALL ($0)
87,55,0.0,3,0,3,1.0,-100.0,0.0,MARGIN CALL ($0)
87,56,0.0,5,0,5,1.0,-100.0,0.0,MARGIN CALL ($0)
87,57,0.0,4,0,4,1.0,-100.0,0.0,MARGIN CALL ($0)
87,58,0.0,4,0,4,1.0,-100.0,0.0,MARGIN CALL ($0)
87,59,0.0,4,0,4,1.0,-100.0,0.0,MARGIN CALL ($0)
87,60,0.0,4,0,4,1.0,-100.0,0.0,MARGIN CALL ($0)
87,61,0.0,4,0,4,1.0,-100.0,0.0,MARGIN CALL ($0)
87,62,0.0,4,0,4,1.0,-100.0,0.0,MARGIN CALL ($0)
87,63,0.0,4,0,4,1.0,-100.0,0.0,MARGIN CALL ($0)
87,64,0.0,5,0,5,1.0,-100.0,0.0,MARGIN CALL ($0)
87,65,0.0,3,0,3,1.0,-100.0,0.0,MARGIN CALL ($0)
87,66,0.0,5,0,5,1.0,-100.0,0.0,MARGIN CALL ($0)
87,67,0.0,4,0,4,1.0,-100.0,0.0,MARGIN CALL ($0)
87,68,0.0,4,0,4,1.0,-100.0,0.0,MARGIN CALL ($0)
87,69,0.0,5,0,5,1.0,-100.0,0.0,MARGIN CALL ($0)
87,70,0.0,6,0,6,1.0,-100.0,0.0,MARGIN CALL ($0)
87,71,0.0,5,0,5,1.0,-100.0,0.0,MARGIN CALL ($0)
87,72,0.0,6,0,6,1.0,-100.0,0.0,MARGIN CALL ($0)
87,73,0.0,8,0,8,1.0,-100.0,0.0,MARGIN CALL ($0)
87,74,0.0,8,0,8,1.0,-100.0,0.0,MARGIN CALL ($0)
87,75,0.0,7,0,7,1.0,-100.0,0.0,MARGIN CALL ($0)
87,76,0.0,7,0,7,1.0,-100.0,0.0,MARGIN CALL ($0)
87,77,0.0,6,0,6,1.0,-100.0,0.0,MARGIN CALL ($0)
87,78,0.0,6,0,6,1.0,-100.0,0.0,MARGIN CALL ($0)
87,79,0.0,5,0,5,1.0,-100.0,0.0,MARGIN CALL ($0)
87,80,0.0,5,0,5,1.0,-100.0,0.0,MARGIN CALL ($0)
87,81,0.0,5,0,5,1.0,-100.0,0.0,MARGIN CALL ($0)
87,82,0.0,5,0,5,1.0,-100.0,0.0,MARGIN CALL ($0)
87,83,0.0,5,0,5,1.0,-100.0,0.0,MARGIN CALL ($0)
87,84,0.0,5,0,5,1.0,-100.0,0.0,MARGIN CALL ($0)
87,85,0.0,5,0,5,1.0,-100.0,0.0,MARGIN CALL ($0)
87,86,0.0,5,0,5,1.0,-100.0,0.0,MARGIN CALL ($0)
87,87,0.0,5,0,5,1.0,-100.0,0.0,MARGIN CALL ($0)
87,88,0.0,5,0,5,1.0,-100.0,0.0,MARGIN CALL ($0)
87,89,0.0,5,0,5,1.0,-100.0,0.0,MARGIN CALL ($0)
87,90,0.0,5,0,5,1.0,-100.0,0.0,MARGIN CALL ($0)
87,91,0.0,5,0,5,1.0,-100.0,0.0,MARGIN CALL ($0)
87,92,0.0,5,0,5,1.0,-100.0,0.0,MARGIN CALL ($0)
87,93,0.0,5,0,5,1.0,-100.0,0.0,MARGIN CALL ($0)
87,94,0.0,5,0,5,1.0,-100.0,0.0,MARGIN CALL ($0)
87,95,0.0,7,0,7,1.0,-100.0,0.0,MARGIN CALL ($0)
87,96,0.0,7,0,7,1.0,-100.0,0.0,MARGIN CALL ($0)
87,97,0.0,7,0,7,1.0,-100.0,0.0,MARGIN CALL ($0)
87,98,0.0,7,0,7,1.0,-100.0,0.0,MARGIN CALL ($0)
87,99,0.0,7,0,7,1.0,-100.0,0.0,MARGIN CALL ($0)
87,100,0.0,7,0,7,1.0,-100.0,0.0,MARGIN CALL ($0)
88,1,0.0,3810,981,2829,1.0,-100.0,25.74803149606299,MARGIN CALL ($0)
88,2,0.0,6851,1882,4969,1.0,-100.0,27.470442271201286,MARGIN CALL ($0)
88,3,0.0,4136,1154,2982,1.0,-100.0,27.901353965183752,MARGIN CALL ($0)
88,4,0.0,39,9,30,1.0,-100.0,23.076923076923077,MARGIN CALL ($0)
88,5,0.0,14,0,14,1.0,-100.0,0.0,MARGIN CALL ($0)
88,6,0.0,18,1,17,1.0,-100.0,5.555555555555555,MARGIN CALL ($0)
88,7,0.0,18,1,17,1.0,-100.0,5.555555555555555,MARGIN CALL ($0)
88,8,0.0,13,0,13,1.0,-100.0,0.0,MARGIN CALL ($0)
88,9,0.0,12,0,12,1.0,-100.0,0.0,MARGIN CALL ($0)
88,10,0.0,22,3,19,1.0,-100.0,13.636363636363635,MARGIN CALL ($0)
88,11,0.0,20,3,17,1.0,-100.0,15.0,MARGIN CALL ($0)
88,12,0.0,20,3,17,1.0,-100.0,15.0,MARGIN CALL ($0)
88,13,0.0,6121,1357,4764,1.0,-100.0,22.169580133965038,MARGIN CALL ($0)
88,14,0.0,4716,1100,3616,1.0,-100.0,23.324851569126377,MARGIN CALL ($0)
88,15,0.0,5416,1239,4177,1.0,-100.0,22.876661742983753,MARGIN CALL ($0)
88,16,0.0,14,1,13,1.0,-100.0,7.142857142857142,MARGIN CALL ($0)
88,17,0.0,10,0,10,1.0,-100.0,0.0,MARGIN CALL ($0)
88,18,0.0,5,0,5,1.0,-100.0,0.0,MARGIN CALL ($0)
88,19,0.0,6824,1509,5315,1.0,-100.0,22.113130128956623,MARGIN CALL ($0)
88,20,0.0,6830,1496,5334,1.0,-100.0,21.90336749633968,MARGIN CALL ($0)
88,21,0.0,8490,1850,6640,1.0,-100.0,21.790341578327443,MARGIN CALL ($0)
88,22,0.0,4320,958,3362,1.0,-100.0,22.175925925925927,MARGIN CALL ($0)
88,23,0.0,7957,1706,6251,1.0,-100.0,21.440241296971223,MARGIN CALL ($0)
88,24,0.0,2959,654,2305,1.0,-100.0,22.10206150726597,MARGIN CALL ($0)
88,25,0.0,2601,566,2035,1.0,-100.0,21.76086120722799,MARGIN CALL ($0)
88,26,0.0,93,10,83,1.0,-100.0,10.75268817204301,MARGIN CALL ($0)
88,27,0.0,95,9,86,1.0,-100.0,9.473684210526317,MARGIN CALL ($0)
88,28,0.0,761,162,599,1.0,-100.0,21.28777923784494,MARGIN CALL ($0)
88,29,0.0,935,191,744,1.0,-100.0,20.427807486631018,MARGIN CALL ($0)
88,30,0.0,23,5,18,1.0,-100.0,21.73913043478261,MARGIN CALL ($0)
88,31,0.0,812,168,644,1.0,-100.0,20.689655172413794,MARGIN CALL ($0)
88,32,0.0,73,10,63,1.0,-100.0,13.698630136986301,MARGIN CALL ($0)
88,33,0.0,24,5,19,1.0,-100.0,20.833333333333336,MARGIN CALL ($0)
88,34,0.0,41,11,30,1.0,-100.0,26.82926829268293,MARGIN CALL ($0)
88,35,0.0,61,12,49,1.0,-100.0,19.672131147540984,MARGIN CALL ($0)
88,36,0.0,77,11,66,1.0,-100.0,14.285714285714285,MARGIN CALL ($0)
1,36,0.0,50,15,35,1.0,-100.0,30.0,MARGIN CALL ($0)
1,37,0.0,51,15,36,1.0,-100.0,29.411764705882355,MARGIN CALL ($0)
88,39,0.0,10,0,10,1.0,-100.0,0.0,MARGIN CALL ($0)
88,40,0.0,10,0,10,1.0,-100.0,0.0,MARGIN CALL ($0)
88,41,0.0,9,0,9,1.0,-100.0,0.0,MARGIN CALL ($0)
88,42,0.0,8,0,8,1.0,-100.0,0.0,MARGIN CALL ($0)
88,43,0.0,6,0,6,1.0,-100.0,0.0,MARGIN CALL ($0)
88,44,0.0,7,0,7,1.0,-100.0,0.0,MARGIN CALL ($0)
88,45,0.0,8,0,8,1.0,-100.0,0.0,MARGIN CALL ($0)
88,46,0.0,8,0,8,1.0,-100.0,0.0,MARGIN CALL ($0)
88,47,0.0,9,0,9,1.0,-100.0,0.0,MARGIN CALL ($0)
88,48,0.0,8,0,8,1.0,-100.0,0.0,MARGIN CALL ($0)
88,49,0.0,8,0,8,1.0,-100.0,0.0,MARGIN CALL ($0)
88,50,0.0,8,0,8,1.0,-100.0,0.0,MARGIN CALL ($0)
88,51,0.0,5,0,5,1.0,-100.0,0.0,MARGIN CALL ($0)
88,52,0.0,3,0,3,1.0,-100.0,0.0,MARGIN CALL ($0)
88,53,0.0,3,0,3,1.0,-100.0,0.0,MARGIN CALL ($0)
88,54,0.0,3,0,3,1.0,-100.0,0.0,MARGIN CALL ($0)
88,55,0.0,3,0,3,1.0,-100.0,0.0,MARGIN CALL ($0)
88,56,0.0,5,0,5,1.0,-100.0,0.0,MARGIN CALL ($0)
88,57,0.0,4,0,4,1.0,-100.0,0.0,MARGIN CALL ($0)
88,58,0.0,4,0,4,1.0,-100.0,0.0,MARGIN CALL ($0)
88,59,0.0,4,0,4,1.0,-100.0,0.0,MARGIN CALL ($0)
88,60,0.0,4,0,4,1.0,-100.0,0.0,MARGIN CALL ($0)
88,61,0.0,4,0,4,1.0,-100.0,0.0,MARGIN CALL ($0)
88,62,0.0,4,0,4,1.0,-100.0,0.0,MARGIN CALL ($0)
88,63,0.0,4,0,4,1.0,-100.0,0.0,MARGIN CALL ($0)
88,64,0.0,5,0,5,1.0,-100.0,0.0,MARGIN CALL ($0)
88,65,0.0,3,0,3,1.0,-100.0,0.0,MARGIN CALL ($0)
88,66,0.0,5,0,5,1.0,-100.0,0.0,MARGIN CALL ($0)
88,67,0.0,4,0,4,1.0,-100.0,0.0,MARGIN CALL ($0)
88,68,0.0,4,0,4,1.0,-100.0,0.0,MARGIN CALL ($0)
88,69,0.0,5,0,5,1.0,-100.0,0.0,MARGIN CALL ($0)
88,70,0.0,6,0,6,1.0,-100.0,0.0,MARGIN CALL ($0)
88,71,0.0,5,0,5,1.0,-100.0,0.0,MARGIN CALL ($0)
88,72,0.0,6,0,6,1.0,-100.0,0.0,MARGIN CALL ($0)
88,73,0.0,8,0,8,1.0,-100.0,0.0,MARGIN CALL ($0)
88,74,0.0,8,0,8,1.0,-100.0,0.0,MARGIN CALL ($0)
88,75,0.0,7,0,7,1.0,-100.0,0.0,MARGIN CALL ($0)
88,76,0.0,7,0,7,1.0,-100.0,0.0,MARGIN CALL ($0)
88,77,0.0,6,0,6,1.0,-100.0,0.0,MARGIN CALL ($0)
88,78,0.0,6,0,6,1.0,-100.0,0.0,MARGIN CALL ($0)
88,79,0.0,5,0,5,1.0,-100.0,0.0,MARGIN CALL ($0)
88,80,0.0,5,0,5,1.0,-100.0,0.0,MARGIN CALL ($0)
88,81,0.0,5,0,5,1.0,-100.0,0.0,MARGIN CALL ($0)
88,82,0.0,5,0,5,1.0,-100.0,0.0,MARGIN CALL ($0)
88,83,0.0,5,0,5,1.0,-100.0,0.0,MARGIN CALL ($0)
88,84,0.0,5,0,5,1.0,-100.0,0.0,MARGIN CALL ($0)
88,85,0.0,5,0,5,1.0,-100.0,0.0,MARGIN CALL ($0)
88,86,0.0,5,0,5,1.0,-100.0,0.0,MARGIN CALL ($0)
88,87,0.0,5,0,5,1.0,-100.0,0.0,MARGIN CALL ($0)
88,88,0.0,4,0,4,1.0,-100.0,0.0,MARGIN CALL ($0)
88,89,0.0,4,0,4,1.0,-100.0,0.0,MARGIN CALL ($0)
88,90,0.0,4,0,4,1.0,-100.0,0.0,MARGIN CALL ($0)
88,91,0.0,4,0,4,1.0,-100.0,0.0,MARGIN CALL ($0)
88,92,0.0,4,0,4,1.0,-100.0,0.0,MARGIN CALL ($0)
88,93,0.0,4,0,4,1.0,-100.0,0.0,MARGIN CALL ($0)
88,94,0.0,4,0,4,1.0,-100.0,0.0,MARGIN CALL ($0)
88,95,0.0,5,0,5,1.0,-100.0,0.0,MARGIN CALL ($0)
88,96,0.0,5,0,5,1.0,-100.0,0.0,MARGIN CALL ($0)
88,97,0.0,5,0,5,1.0,-100.0,0.0,MARGIN CALL ($0)
88,98,0.0,5,0,5,1.0,-100.0,0.0,MARGIN CALL ($0)
88,99,0.0,5,0,5,1.0,-100.0,0.0,MARGIN CALL ($0)
88,100,0.0,5,0,5,1.0,-100.0,0.0,MARGIN CALL ($0)
89,1,0.0,3953,1021,2932,1.0,-100.0,25.828484695168225,MARGIN CALL ($0)
89,2,0.0,6851,1882,4969,1.0,-100.0,27.470442271201286,MARGIN CALL ($0)
89,3,0.0,4136,1154,2982,1.0,-100.0,27.901353965183752,MARGIN CALL ($0)
89,4,0.0,39,9,30,1.0,-100.0,23.076923076923077,MARGIN CALL ($0)
89,5,0.0,14,0,14,1.0,-100.0,0.0,MARGIN CALL ($0)
89,6,0.0,18,1,17,1.0,-100.0,5.555555555555555,MARGIN CALL ($0)
89,7,0.0,18,1,17,1.0,-100.0,5.555555555555555,MARGIN CALL ($0)
89,8,0.0,13,0,13,1.0,-100.0,0.0,MARGIN CALL ($0)
89,9,0.0,12,0,12,1.0,-100.0,0.0,MARGIN CALL ($0)
89,10,0.0,22,3,19,1.0,-100.0,13.636363636363635,MARGIN CALL ($0)
89,11,0.0,20,3,17,1.0,-100.0,15.0,MARGIN CALL ($0)
89,12,0.0,20,3,17,1.0,-100.0,15.0,MARGIN CALL ($0)
89,13,0.0,6160,1367,4793,1.0,-100.0,22.191558441558442,MARGIN CALL ($0)
89,14,0.0,4839,1127,3712,1.0,-100.0,23.289935937177102,MARGIN CALL ($0)
89,15,0.0,5415,1253,4162,1.0,-100.0,23.13942751615882,MARGIN CALL ($0)
89,16,0.0,14,1,13,1.0,-100.0,7.142857142857142,MARGIN CALL ($0)
89,17,0.0,10,0,10,1.0,-100.0,0.0,MARGIN CALL ($0)
89,18,0.0,5,0,5,1.0,-100.0,0.0,MARGIN CALL ($0)
89,19,0.0,6652,1479,5173,1.0,-100.0,22.233914612146723,MARGIN CALL ($0)
89,20,0.0,6499,1431,5068,1.0,-100.0,22.018772118787506,MARGIN CALL ($0)
89,21,0.0,7243,1575,5668,1.0,-100.0,21.745133232086154,MARGIN CALL ($0)
89,22,0.0,3157,711,2446,1.0,-100.0,22.521381057966426,MARGIN CALL ($0)
89,23,0.0,6669,1431,5238,1.0,-100.0,21.45748987854251,MARGIN CALL ($0)
89,24,0.0,2897,643,2254,1.0,-100.0,22.195374525371072,MARGIN CALL ($0)
89,25,0.0,1658,365,1293,1.0,-100.0,22.01447527141134,MARGIN CALL ($0)
89,26,0.0,953,207,746,1.0,-100.0,21.720881427072403,MARGIN CALL ($0)
89,27,0.0,777,172,605,1.0,-100.0,22.136422136422137,MARGIN CALL ($0)
89,28,0.0,763,161,602,1.0,-100.0,21.100917431192663,MARGIN CALL ($0)
89,29,0.0,1059,225,834,1.0,-100.0,21.246458923512748,MARGIN CALL ($0)
89,30,0.0,23,5,18,1.0,-100.0,21.73913043478261,MARGIN CALL ($0)
89,31,0.0,761,158,603,1.0,-100.0,20.76215505913272,MARGIN CALL ($0)
89,32,0.0,73,10,63,1.0,-100.0,13.698630136986301,MARGIN CALL ($0)
89,33,0.0,25,5,20,1.0,-100.0,20.0,MARGIN CALL ($0)
89,34,0.0,29,8,21,1.0,-100.0,27.586206896551722,MARGIN CALL ($0)
89,35,0.0,28,8,20,1.0,-100.0,28.57142857142857,MARGIN CALL ($0)
89,36,0.0,58,9,49,1.0,-100.0,15.517241379310345,MARGIN CALL ($0)
89,37,0.0,5825,1063,4762,1.0,-100.0,18.248927038626608,MARGIN CALL ($0)
1,38,0.0,52,15,37,1.0,-100.0,28.846153846153843,MARGIN CALL ($0)
89,39,0.0,10,0,10,1.0,-100.0,0.0,MARGIN CALL ($0)
89,40,0.0,10,0,10,1.0,-100.0,0.0,MARGIN CALL ($0)
89,41,0.0,9,0,9,1.0,-100.0,0.0,MARGIN CALL ($0)
89,42,0.0,8,0,8,1.0,-100.0,0.0,MARGIN CALL ($0)
89,43,0.0,6,0,6,1.0,-100.0,0.0,MARGIN CALL ($0)
89,44,0.0,7,0,7,1.0,-100.0,0.0,MARGIN CALL ($0)
89,45,0.0,8,0,8,1.0,-100.0,0.0,MARGIN CALL ($0)
89,46,0.0,8,0,8,1.0,-100.0,0.0,MARGIN CALL ($0)
89,47,0.0,9,0,9,1.0,-100.0,0.0,MARGIN CALL ($0)
89,48,0.0,8,0,8,1.0,-100.0,0.0,MARGIN CALL ($0)
89,49,0.0,8,0,8,1.0,-100.0,0.0,MARGIN CALL ($0)
89,50,0.0,8,0,8,1.0,-100.0,0.0,MARGIN CALL ($0)
89,51,0.0,5,0,5,1.0,-100.0,0.0,MARGIN CALL ($0)
89,52,0.0,3,0,3,1.0,-100.0,0.0,MARGIN CALL ($0)
89,53,0.0,3,0,3,1.0,-100.0,0.0,MARGIN CALL ($0)
89,54,0.0,3,0,3,1.0,-100.0,0.0,MARGIN CALL ($0)
89,55,0.0,3,0,3,1.0,-100.0,0.0,MARGIN CALL ($0)
89,56,0.0,5,0,5,1.0,-100.0,0.0,MARGIN CALL ($0)
89,57,0.0,4,0,4,1.0,-100.0,0.0,MARGIN CALL ($0)
89,58,0.0,4,0,4,1.0,-100.0,0.0,MARGIN CALL ($0)
89,59,0.0,4,0,4,1.0,-100.0,0.0,MARGIN CALL ($0)
89,60,0.0,4,0,4,1.0,-100.0,0.0,MARGIN CALL ($0)
89,61,0.0,4,0,4,1.0,-100.0,0.0,MARGIN CALL ($0)
89,62,0.0,4,0,4,1.0,-100.0,0.0,MARGIN CALL ($0)
89,63,0.0,4,0,4,1.0,-100.0,0.0,MARGIN CALL ($0)
89,64,0.0,5,0,5,1.0,-100.0,0.0,MARGIN CALL ($0)
89,65,0.0,3,0,3,1.0,-100.0,0.0,MARGIN CALL ($0)
89,66,0.0,5,0,5,1.0,-100.0,0.0,MARGIN CALL ($0)
89,67,0.0,4,0,4,1.0,-100.0,0.0,MARGIN CALL ($0)
89,68,0.0,4,0,4,1.0,-100.0,0.0,MARGIN CALL ($0)
89,69,0.0,5,0,5,1.0,-100.0,0.0,MARGIN CALL ($0)
89,70,0.0,6,0,6,1.0,-100.0,0.0,MARGIN CALL ($0)
89,71,0.0,5,0,5,1.0,-100.0,0.0,MARGIN CALL ($0)
89,72,0.0,6,0,6,1.0,-100.0,0.0,MARGIN CALL ($0)
89,73,0.0,8,0,8,1.0,-100.0,0.0,MARGIN CALL ($0)
89,74,0.0,8,0,8,1.0,-100.0,0.0,MARGIN CALL ($0)
89,75,0.0,7,0,7,1.0,-100.0,0.0,MARGIN CALL ($0)
89,76,0.0,7,0,7,1.0,-100.0,0.0,MARGIN CALL ($0)
89,77,0.0,6,0,6,1.0,-100.0,0.0,MARGIN CALL ($0)
89,78,0.0,6,0,6,1.0,-100.0,0.0,MARGIN CALL ($0)
89,79,0.0,5,0,5,1.0,-100.0,0.0,MARGIN CALL ($0)
89,80,0.0,5,0,5,1.0,-100.0,0.0,MARGIN CALL ($0)
89,81,0.0,5,0,5,1.0,-100.0,0.0,MARGIN CALL ($0)
89,82,0.0,5,0,5,1.0,-100.0,0.0,MARGIN CALL ($0)
89,83,0.0,5,0,5,1.0,-100.0,0.0,MARGIN CALL ($0)
89,84,0.0,5,0,5,1.0,-100.0,0.0,MARGIN CALL ($0)
89,85,0.0,5,0,5,1.0,-100.0,0.0,MARGIN CALL ($0)
89,86,0.0,5,0,5,1.0,-100.0,0.0,MARGIN CALL ($0)
89,87,0.0,5,0,5,1.0,-100.0,0.0,MARGIN CALL ($0)
89,88,0.0,4,0,4,1.0,-100.0,0.0,MARGIN CALL ($0)
89,89,0.0,4,0,4,1.0,-100.0,0.0,MARGIN CALL ($0)
89,90,0.0,4,0,4,1.0,-100.0,0.0,MARGIN CALL ($0)
89,91,0.0,4,0,4,1.0,-100.0,0.0,MARGIN CALL ($0)
89,92,0.0,4,0,4,1.0,-100.0,0.0,MARGIN CALL ($0)
89,93,0.0,4,0,4,1.0,-100.0,0.0,MARGIN CALL ($0)
89,94,0.0,4,0,4,1.0,-100.0,0.0,MARGIN CALL ($0)
89,95,0.0,5,0,5,1.0,-100.0,0.0,MARGIN CALL ($0)
89,96,0.0,5,0,5,1.0,-100.0,0.0,MARGIN CALL ($0)
89,97,0.0,5,0,5,1.0,-100.0,0.0,MARGIN CALL ($0)
89,98,0.0,5,0,5,1.0,-100.0,0.0,MARGIN CALL ($0)
89,99,0.0,5,0,5,1.0,-100.0,0.0,MARGIN CALL ($0)
89,100,0.0,5,0,5,1.0,-100.0,0.0,MARGIN CALL ($0)
90,1,0.0,4142,1059,3083,1.0,-100.0,25.56735876388218,MARGIN CALL ($0)
90,2,0.0,6850,1882,4968,1.0,-100.0,27.474452554744527,MARGIN CALL ($0)
90,3,0.0,4157,1162,2995,1.0,-100.0,27.95285061342314,MARGIN CALL ($0)
90,4,0.0,39,9,30,1.0,-100.0,23.076923076923077,MARGIN CALL ($0)
90,5,0.0,14,0,14,1.0,-100.0,0.0,MARGIN CALL ($0)
90,6,0.0,18,1,17,1.0,-100.0,5.555555555555555,MARGIN CALL ($0)
90,7,0.0,18,1,17,1.0,-100.0,5.555555555555555,MARGIN CALL ($0)
90,8,0.0,13,0,13,1.0,-100.0,0.0,MARGIN CALL ($0)
90,9,0.0,12,0,12,1.0,-100.0,0.0,MARGIN CALL ($0)
90,10,0.0,22,3,19,1.0,-100.0,13.636363636363635,MARGIN CALL ($0)
90,11,0.0,20,3,17,1.0,-100.0,15.0,MARGIN CALL ($0)
90,12,0.0,20,3,17,1.0,-100.0,15.0,MARGIN CALL ($0)
90,13,0.0,7167,1628,5539,1.0,-100.0,22.715222547788475,MARGIN CALL ($0)
90,14,0.0,4837,1128,3709,1.0,-100.0,23.32023981806905,MARGIN CALL ($0)
90,15,0.0,5414,1255,4159,1.0,-100.0,23.180642777983007,MARGIN CALL ($0)
90,16,0.0,14,1,13,1.0,-100.0,7.142857142857142,MARGIN CALL ($0)
90,17,0.0,10,0,10,1.0,-100.0,0.0,MARGIN CALL ($0)
90,18,0.0,5,0,5,1.0,-100.0,0.0,MARGIN CALL ($0)
90,19,0.0,6864,1522,5342,1.0,-100.0,22.173659673659674,MARGIN CALL ($0)
90,20,0.0,6816,1501,5315,1.0,-100.0,22.021713615023476,MARGIN CALL ($0)
90,21,0.0,8472,1854,6618,1.0,-100.0,21.88385269121813,MARGIN CALL ($0)
90,22,0.0,4265,953,3312,1.0,-100.0,22.34466588511137,MARGIN CALL ($0)
90,23,0.0,7927,1704,6223,1.0,-100.0,21.496152390563896,MARGIN CALL ($0)
90,24,0.0,2905,644,2261,1.0,-100.0,22.16867469879518,MARGIN CALL ($0)
90,25,0.0,2672,578,2094,1.0,-100.0,21.631736526946106,MARGIN CALL ($0)
90,26,0.0,102,10,92,1.0,-100.0,9.803921568627452,MARGIN CALL ($0)
90,27,0.0,812,180,632,1.0,-100.0,22.167487684729064,MARGIN CALL ($0)
90,28,0.0,791,168,623,1.0,-100.0,21.238938053097346,MARGIN CALL ($0)
90,29,0.0,1056,224,832,1.0,-100.0,21.21212121212121,MARGIN CALL ($0)
90,30,0.0,23,5,18,1.0,-100.0,21.73913043478261,MARGIN CALL ($0)
90,31,0.0,763,160,603,1.0,-100.0,20.96985583224115,MARGIN CALL ($0)
90,32,0.0,73,10,63,1.0,-100.0,13.698630136986301,MARGIN CALL ($0)
90,33,0.0,25,5,20,1.0,-100.0,20.0,MARGIN CALL ($0)
90,34,0.0,29,8,21,1.0,-100.0,27.586206896551722,MARGIN CALL ($0)
90,35,0.0,28,8,20,1.0,-100.0,28.57142857142857,MARGIN CALL ($0)
90,36,0.0,58,9,49,1.0,-100.0,15.517241379310345,MARGIN CALL ($0)
90,37,0.0,5760,1048,4712,1.0,-100.0,18.194444444444443,MARGIN CALL ($0)
1,39,0.0,517,157,360,1.0,-100.0,30.36750483558994,MARGIN CALL ($0)
90,39,0.0,10,0,10,1.0,-100.0,0.0,MARGIN CALL ($0)
90,40,0.0,10,0,10,1.0,-100.0,0.0,MARGIN CALL ($0)
90,41,0.0,9,0,9,1.0,-100.0,0.0,MARGIN CALL ($0)
90,42,0.0,8,0,8,1.0,-100.0,0.0,MARGIN CALL ($0)
90,43,0.0,6,0,6,1.0,-100.0,0.0,MARGIN CALL ($0)
90,44,0.0,7,0,7,1.0,-100.0,0.0,MARGIN CALL ($0)
90,45,0.0,8,0,8,1.0,-100.0,0.0,MARGIN CALL ($0)
90,46,0.0,8,0,8,1.0,-100.0,0.0,MARGIN CALL ($0)
90,47,0.0,9,0,9,1.0,-100.0,0.0,MARGIN CALL ($0)
90,48,0.0,8,0,8,1.0,-100.0,0.0,MARGIN CALL ($0)
90,49,0.0,8,0,8,1.0,-100.0,0.0,MARGIN CALL ($0)
90,50,0.0,8,0,8,1.0,-100.0,0.0,MARGIN CALL ($0)
90,51,0.0,5,0,5,1.0,-100.0,0.0,MARGIN CALL ($0)
90,52,0.0,3,0,3,1.0,-100.0,0.0,MARGIN CALL ($0)
90,53,0.0,3,0,3,1.0,-100.0,0.0,MARGIN CALL ($0)
90,54,0.0,3,0,3,1.0,-100.0,0.0,MARGIN CALL ($0)
90,55,0.0,3,0,3,1.0,-100.0,0.0,MARGIN CALL ($0)
90,56,0.0,5,0,5,1.0,-100.0,0.0,MARGIN CALL ($0)
90,57,0.0,4,0,4,1.0,-100.0,0.0,MARGIN CALL ($0)
90,58,0.0,4,0,4,1.0,-100.0,0.0,MARGIN CALL ($0)
90,59,0.0,4,0,4,1.0,-100.0,0.0,MARGIN CALL ($0)
90,60,0.0,4,0,4,1.0,-100.0,0.0,MARGIN CALL ($0)
90,61,0.0,4,0,4,1.0,-100.0,0.0,MARGIN CALL ($0)
90,62,0.0,4,0,4,1.0,-100.0,0.0,MARGIN CALL ($0)
90,63,0.0,4,0,4,1.0,-100.0,0.0,MARGIN CALL ($0)
90,64,0.0,5,0,5,1.0,-100.0,0.0,MARGIN CALL ($0)
90,65,0.0,3,0,3,1.0,-100.0,0.0,MARGIN CALL ($0)
90,66,0.0,5,0,5,1.0,-100.0,0.0,MARGIN CALL ($0)
90,67,0.0,4,0,4,1.0,-100.0,0.0,MARGIN CALL ($0)
90,68,0.0,4,0,4,1.0,-100.0,0.0,MARGIN CALL ($0)
90,69,0.0,5,0,5,1.0,-100.0,0.0,MARGIN CALL ($0)
90,70,0.0,6,0,6,1.0,-100.0,0.0,MARGIN CALL ($0)
90,71,0.0,5,0,5,1.0,-100.0,0.0,MARGIN CALL ($0)
90,72,0.0,6,0,6,1.0,-100.0,0.0,MARGIN CALL ($0)
90,73,0.0,8,0,8,1.0,-100.0,0.0,MARGIN CALL ($0)
90,74,0.0,8,0,8,1.0,-100.0,0.0,MARGIN CALL ($0)
90,75,0.0,7,0,7,1.0,-100.0,0.0,MARGIN CALL ($0)
90,76,0.0,7,0,7,1.0,-100.0,0.0,MARGIN CALL ($0)
90,77,0.0,6,0,6,1.0,-100.0,0.0,MARGIN CALL ($0)
90,78,0.0,6,0,6,1.0,-100.0,0.0,MARGIN CALL ($0)
90,79,0.0,5,0,5,1.0,-100.0,0.0,MARGIN CALL ($0)
90,80,0.0,5,0,5,1.0,-100.0,0.0,MARGIN CALL ($0)
90,81,0.0,5,0,5,1.0,-100.0,0.0,MARGIN CALL ($0)
90,82,0.0,5,0,5,1.0,-100.0,0.0,MARGIN CALL ($0)
90,83,0.0,5,0,5,1.0,-100.0,0.0,MARGIN CALL ($0)
90,84,0.0,5,0,5,1.0,-100.0,0.0,MARGIN CALL ($0)
90,85,0.0,5,0,5,1.0,-100.0,0.0,MARGIN CALL ($0)
90,86,0.0,5,0,5,1.0,-100.0,0.0,MARGIN CALL ($0)
90,87,0.0,5,0,5,1.0,-100.0,0.0,MARGIN CALL ($0)
90,88,0.0,4,0,4,1.0,-100.0,0.0,MARGIN CALL ($0)
90,89,0.0,4,0,4,1.0,-100.0,0.0,MARGIN CALL ($0)
90,90,0.0,4,0,4,1.0,-100.0,0.0,MARGIN CALL ($0)
90,91,0.0,4,0,4,1.0,-100.0,0.0,MARGIN CALL ($0)
90,92,0.0,4,0,4,1.0,-100.0,0.0,MARGIN CALL ($0)
90,93,0.0,4,0,4,1.0,-100.0,0.0,MARGIN CALL ($0)
90,94,0.0,4,0,4,1.0,-100.0,0.0,MARGIN CALL ($0)
90,95,0.0,5,0,5,1.0,-100.0,0.0,MARGIN CALL ($0)
90,96,0.0,5,0,5,1.0,-100.0,0.0,MARGIN CALL ($0)
90,97,0.0,5,0,5,1.0,-100.0,0.0,MARGIN CALL ($0)
90,98,0.0,5,0,5,1.0,-100.0,0.0,MARGIN CALL ($0)
90,99,0.0,5,0,5,1.0,-100.0,0.0,MARGIN CALL ($0)
90,100,0.0,5,0,5,1.0,-100.0,0.0,MARGIN CALL ($0)
91,1,0.0,3959,1028,2931,1.0,-100.0,25.96615306895681,MARGIN CALL ($0)
91,2,0.0,6850,1882,4968,1.0,-100.0,27.474452554744527,MARGIN CALL ($0)
91,3,0.0,4096,1146,2950,1.0,-100.0,27.978515625,MARGIN CALL ($0)
91,4,0.0,39,9,30,1.0,-100.0,23.076923076923077,MARGIN CALL ($0)
91,5,0.0,14,0,14,1.0,-100.0,0.0,MARGIN CALL ($0)
91,6,0.0,18,1,17,1.0,-100.0,5.555555555555555,MARGIN CALL ($0)
91,7,0.0,18,1,17,1.0,-100.0,5.555555555555555,MARGIN CALL ($0)
91,8,0.0,13,0,13,1.0,-100.0,0.0,MARGIN CALL ($0)
91,9,0.0,12,0,12,1.0,-100.0,0.0,MARGIN CALL ($0)
91,10,0.0,22,3,19,1.0,-100.0,13.636363636363635,MARGIN CALL ($0)
91,11,0.0,20,3,17,1.0,-100.0,15.0,MARGIN CALL ($0)
91,12,0.0,20,3,17,1.0,-100.0,15.0,MARGIN CALL ($0)
91,13,0.0,35,6,29,1.0,-100.0,17.142857142857142,MARGIN CALL ($0)
91,14,0.0,40,8,32,1.0,-100.0,20.0,MARGIN CALL ($0)
91,15,0.0,39,8,31,1.0,-100.0,20.51282051282051,MARGIN CALL ($0)
91,16,0.0,14,1,13,1.0,-100.0,7.142857142857142,MARGIN CALL ($0)
91,17,0.0,10,0,10,1.0,-100.0,0.0,MARGIN CALL ($0)
91,18,0.0,5,0,5,1.0,-100.0,0.0,MARGIN CALL ($0)
91,19,0.0,6805,1520,5285,1.0,-100.0,22.33651726671565,MARGIN CALL ($0)
91,20,0.0,6806,1512,5294,1.0,-100.0,22.215692036438437,MARGIN CALL ($0)
91,21,0.0,8522,1872,6650,1.0,-100.0,21.966674489556443,MARGIN CALL ($0)
91,22,0.0,4351,978,3373,1.0,-100.0,22.477591358308434,MARGIN CALL ($0)
1,40,0.0,58,15,43,1.0,-100.0,25.862068965517242,MARGIN CALL ($0)
91,24,0.0,3264,720,2544,1.0,-100.0,22.058823529411764,MARGIN CALL ($0)
91,25,0.0,1412,323,1089,1.0,-100.0,22.875354107648725,MARGIN CALL ($0)
91,26,0.0,102,10,92,1.0,-100.0,9.803921568627452,MARGIN CALL ($0)
91,27,0.0,917,207,710,1.0,-100.0,22.573609596510362,MARGIN CALL ($0)
91,28,0.0,946,205,741,1.0,-100.0,21.67019027484144,MARGIN CALL ($0)
91,29,0.0,1058,228,830,1.0,-100.0,21.550094517958414,MARGIN CALL ($0)
91,30,0.0,23,5,18,1.0,-100.0,21.73913043478261,MARGIN CALL ($0)
91,31,0.0,772,164,608,1.0,-100.0,21.243523316062177,MARGIN CALL ($0)
91,32,0.0,71,10,61,1.0,-100.0,14.084507042253522,MARGIN CALL ($0)
91,33,0.0,25,5,20,1.0,-100.0,20.0,MARGIN CALL ($0)
91,34,0.0,29,8,21,1.0,-100.0,27.586206896551722,MARGIN CALL ($0)
91,35,0.0,28,8,20,1.0,-100.0,28.57142857142857,MARGIN CALL ($0)
91,36,0.0,52,9,43,1.0,-100.0,17.307692307692307,MARGIN CALL ($0)
1,41,0.0,60,15,45,1.0,-100.0,25.0,MARGIN CALL ($0)
1,42,0.0,60,15,45,1.0,-100.0,25.0,MARGIN CALL ($0)
91,39,0.0,10,0,10,1.0,-100.0,0.0,MARGIN CALL ($0)
91,40,0.0,10,0,10,1.0,-100.0,0.0,MARGIN CALL ($0)
91,41,0.0,9,0,9,1.0,-100.0,0.0,MARGIN CALL ($0)
91,42,0.0,8,0,8,1.0,-100.0,0.0,MARGIN CALL ($0)
91,43,0.0,6,0,6,1.0,-100.0,0.0,MARGIN CALL ($0)
91,44,0.0,7,0,7,1.0,-100.0,0.0,MARGIN CALL ($0)
91,45,0.0,8,0,8,1.0,-100.0,0.0,MARGIN CALL ($0)
91,46,0.0,8,0,8,1.0,-100.0,0.0,MARGIN CALL ($0)
91,47,0.0,9,0,9,1.0,-100.0,0.0,MARGIN CALL ($0)
91,48,0.0,8,0,8,1.0,-100.0,0.0,MARGIN CALL ($0)
91,49,0.0,8,0,8,1.0,-100.0,0.0,MARGIN CALL ($0)
91,50,0.0,8,0,8,1.0,-100.0,0.0,MARGIN CALL ($0)
91,51,0.0,5,0,5,1.0,-100.0,0.0,MARGIN CALL ($0)
91,52,0.0,3,0,3,1.0,-100.0,0.0,MARGIN CALL ($0)
91,53,0.0,3,0,3,1.0,-100.0,0.0,MARGIN CALL ($0)
91,54,0.0,3,0,3,1.0,-100.0,0.0,MARGIN CALL ($0)
91,55,0.0,3,0,3,1.0,-100.0,0.0,MARGIN CALL ($0)
91,56,0.0,5,0,5,1.0,-100.0,0.0,MARGIN CALL ($0)
91,57,0.0,4,0,4,1.0,-100.0,0.0,MARGIN CALL ($0)
91,58,0.0,4,0,4,1.0,-100.0,0.0,MARGIN CALL ($0)
91,59,0.0,4,0,4,1.0,-100.0,0.0,MARGIN CALL ($0)
91,60,0.0,4,0,4,1.0,-100.0,0.0,MARGIN CALL ($0)
91,61,0.0,4,0,4,1.0,-100.0,0.0,MARGIN CALL ($0)
91,62,0.0,4,0,4,1.0,-100.0,0.0,MARGIN CALL ($0)
91,63,0.0,4,0,4,1.0,-100.0,0.0,MARGIN CALL ($0)
91,64,0.0,5,0,5,1.0,-100.0,0.0,MARGIN CALL ($0)
91,65,0.0,3,0,3,1.0,-100.0,0.0,MARGIN CALL ($0)
91,66,0.0,4,0,4,1.0,-100.0,0.0,MARGIN CALL ($0)
91,67,0.0,4,0,4,1.0,-100.0,0.0,MARGIN CALL ($0)
91,68,0.0,4,0,4,1.0,-100.0,0.0,MARGIN CALL ($0)
91,69,0.0,5,0,5,1.0,-100.0,0.0,MARGIN CALL ($0)
91,70,0.0,6,0,6,1.0,-100.0,0.0,MARGIN CALL ($0)
91,71,0.0,5,0,5,1.0,-100.0,0.0,MARGIN CALL ($0)
91,72,0.0,6,0,6,1.0,-100.0,0.0,MARGIN CALL ($0)
91,73,0.0,8,0,8,1.0,-100.0,0.0,MARGIN CALL ($0)
91,74,0.0,8,0,8,1.0,-100.0,0.0,MARGIN CALL ($0)
91,75,0.0,7,0,7,1.0,-100.0,0.0,MARGIN CALL ($0)
91,76,0.0,7,0,7,1.0,-100.0,0.0,MARGIN CALL ($0)
91,77,0.0,6,0,6,1.0,-100.0,0.0,MARGIN CALL ($0)
91,78,0.0,6,0,6,1.0,-100.0,0.0,MARGIN CALL ($0)
91,79,0.0,5,0,5,1.0,-100.0,0.0,MARGIN CALL ($0)
91,80,0.0,5,0,5,1.0,-100.0,0.0,MARGIN CALL ($0)
91,81,0.0,5,0,5,1.0,-100.0,0.0,MARGIN CALL ($0)
91,82,0.0,5,0,5,1.0,-100.0,0.0,MARGIN CALL ($0)
91,83,0.0,5,0,5,1.0,-100.0,0.0,MARGIN CALL ($0)
91,84,0.0,5,0,5,1.0,-100.0,0.0,MARGIN CALL ($0)
91,85,0.0,5,0,5,1.0,-100.0,0.0,MARGIN CALL ($0)
91,86,0.0,5,0,5,1.0,-100.0,0.0,MARGIN CALL ($0)
91,87,0.0,5,0,5,1.0,-100.0,0.0,MARGIN CALL ($0)
91,88,0.0,4,0,4,1.0,-100.0,0.0,MARGIN CALL ($0)
91,89,0.0,4,0,4,1.0,-100.0,0.0,MARGIN CALL ($0)
91,90,0.0,4,0,4,1.0,-100.0,0.0,MARGIN CALL ($0)
91,91,0.0,4,0,4,1.0,-100.0,0.0,MARGIN CALL ($0)
91,92,0.0,4,0,4,1.0,-100.0,0.0,MARGIN CALL ($0)
91,93,0.0,4,0,4,1.0,-100.0,0.0,MARGIN CALL ($0)
91,94,0.0,4,0,4,1.0,-100.0,0.0,MARGIN CALL ($0)
91,95,0.0,5,0,5,1.0,-100.0,0.0,MARGIN CALL ($0)
91,96,0.0,5,0,5,1.0,-100.0,0.0,MARGIN CALL ($0)
91,97,0.0,5,0,5,1.0,-100.0,0.0,MARGIN CALL ($0)
91,98,0.0,5,0,5,1.0,-100.0,0.0,MARGIN CALL ($0)
91,99,0.0,5,0,5,1.0,-100.0,0.0,MARGIN CALL ($0)
91,100,0.0,5,0,5,1.0,-100.0,0.0,MARGIN CALL ($0)
92,1,0.0,3949,1026,2923,1.0,-100.0,25.981261078754116,MARGIN CALL ($0)
92,2,0.0,6849,1881,4968,1.0,-100.0,27.463863337713533,MARGIN CALL ($0)
92,3,0.0,4095,1145,2950,1.0,-100.0,27.96092796092796,MARGIN CALL ($0)
92,4,0.0,39,9,30,1.0,-100.0,23.076923076923077,MARGIN CALL ($0)
92,5,0.0,14,0,14,1.0,-100.0,0.0,MARGIN CALL ($0)
92,6,0.0,18,1,17,1.0,-100.0,5.555555555555555,MARGIN CALL ($0)
92,7,0.0,18,1,17,1.0,-100.0,5.555555555555555,MARGIN CALL ($0)
92,8,0.0,13,0,13,1.0,-100.0,0.0,MARGIN CALL ($0)
92,9,0.0,12,0,12,1.0,-100.0,0.0,MARGIN CALL ($0)
92,10,0.0,22,3,19,1.0,-100.0,13.636363636363635,MARGIN CALL ($0)
92,11,0.0,20,3,17,1.0,-100.0,15.0,MARGIN CALL ($0)
92,12,0.0,19,3,16,1.0,-100.0,15.789473684210526,MARGIN CALL ($0)
92,13,0.0,5699,1291,4408,1.0,-100.0,22.65309703456747,MARGIN CALL ($0)
92,14,0.0,40,8,32,1.0,-100.0,20.0,MARGIN CALL ($0)
92,15,0.0,39,8,31,1.0,-100.0,20.51282051282051,MARGIN CALL ($0)
92,16,0.0,14,1,13,1.0,-100.0,7.142857142857142,MARGIN CALL ($0)
92,17,0.0,10,0,10,1.0,-100.0,0.0,MARGIN CALL ($0)
92,18,0.0,5,0,5,1.0,-100.0,0.0,MARGIN CALL ($0)
92,19,0.0,7192,1616,5576,1.0,-100.0,22.469410456062292,MARGIN CALL ($0)
92,20,0.0,8689,1919,6770,1.0,-100.0,22.08539532742548,MARGIN CALL ($0)
92,21,0.0,8558,1883,6675,1.0,-100.0,22.002804393549894,MARGIN CALL ($0)
92,22,0.0,4334,977,3357,1.0,-100.0,22.542685740655283,MARGIN CALL ($0)
1,43,0.0,53,12,41,1.0,-100.0,22.641509433962266,MARGIN CALL ($0)
92,24,0.0,2998,668,2330,1.0,-100.0,22.28152101400934,MARGIN CALL ($0)
92,25,0.0,1285,290,995,1.0,-100.0,22.56809338521401,MARGIN CALL ($0)
92,26,0.0,834,186,648,1.0,-100.0,22.302158273381295,MARGIN CALL ($0)
92,27,0.0,699,155,544,1.0,-100.0,22.17453505007153,MARGIN CALL ($0)
92,28,0.0,720,154,566,1.0,-100.0,21.38888888888889,MARGIN CALL ($0)
92,29,0.0,759,157,602,1.0,-100.0,20.685111989459813,MARGIN CALL ($0)
92,30,0.0,23,5,18,1.0,-100.0,21.73913043478261,MARGIN CALL ($0)
92,31,0.0,287,63,224,1.0,-100.0,21.951219512195124,MARGIN CALL ($0)
92,32,0.0,71,10,61,1.0,-100.0,14.084507042253522,MARGIN CALL ($0)
92,33,0.0,25,5,20,1.0,-100.0,20.0,MARGIN CALL ($0)
92,34,0.0,29,8,21,1.0,-100.0,27.586206896551722,MARGIN CALL ($0)
92,35,0.0,28,8,20,1.0,-100.0,28.57142857142857,MARGIN CALL ($0)
92,36,0.0,59,9,50,1.0,-100.0,15.254237288135593,MARGIN CALL ($0)
92,37,0.0,1016,196,820,1.0,-100.0,19.291338582677163,MARGIN CALL ($0)
1,44,0.0,56,14,42,1.0,-100.0,25.0,MARGIN CALL ($0)
92,39,0.0,10,0,10,1.0,-100.0,0.0,MARGIN CALL ($0)
92,40,0.0,10,0,10,1.0,-100.0,0.0,MARGIN CALL ($0)
92,41,0.0,9,0,9,1.0,-100.0,0.0,MARGIN CALL ($0)
92,42,0.0,8,0,8,1.0,-100.0,0.0,MARGIN CALL ($0)
92,43,0.0,6,0,6,1.0,-100.0,0.0,MARGIN CALL ($0)
92,44,0.0,7,0,7,1.0,-100.0,0.0,MARGIN CALL ($0)
92,45,0.0,8,0,8,1.0,-100.0,0.0,MARGIN CALL ($0)
92,46,0.0,8,0,8,1.0,-100.0,0.0,MARGIN CALL ($0)
92,47,0.0,9,0,9,1.0,-100.0,0.0,MARGIN CALL ($0)
92,48,0.0,8,0,8,1.0,-100.0,0.0,MARGIN CALL ($0)
92,49,0.0,8,0,8,1.0,-100.0,0.0,MARGIN CALL ($0)
92,50,0.0,8,0,8,1.0,-100.0,0.0,MARGIN CALL ($0)
92,51,0.0,5,0,5,1.0,-100.0,0.0,MARGIN CALL ($0)
92,52,0.0,3,0,3,1.0,-100.0,0.0,MARGIN CALL ($0)
92,53,0.0,3,0,3,1.0,-100.0,0.0,MARGIN CALL ($0)
92,54,0.0,3,0,3,1.0,-100.0,0.0,MARGIN CALL ($0)
92,55,0.0,3,0,3,1.0,-100.0,0.0,MARGIN CALL ($0)
92,56,0.0,5,0,5,1.0,-100.0,0.0,MARGIN CALL ($0)
92,57,0.0,4,0,4,1.0,-100.0,0.0,MARGIN CALL ($0)
92,58,0.0,4,0,4,1.0,-100.0,0.0,MARGIN CALL ($0)
92,59,0.0,4,0,4,1.0,-100.0,0.0,MARGIN CALL ($0)
92,60,0.0,4,0,4,1.0,-100.0,0.0,MARGIN CALL ($0)
92,61,0.0,4,0,4,1.0,-100.0,0.0,MARGIN CALL ($0)
92,62,0.0,4,0,4,1.0,-100.0,0.0,MARGIN CALL ($0)
92,63,0.0,4,0,4,1.0,-100.0,0.0,MARGIN CALL ($0)
92,64,0.0,5,0,5,1.0,-100.0,0.0,MARGIN CALL ($0)
92,65,0.0,3,0,3,1.0,-100.0,0.0,MARGIN CALL ($0)
92,66,0.0,4,0,4,1.0,-100.0,0.0,MARGIN CALL ($0)
92,67,0.0,4,0,4,1.0,-100.0,0.0,MARGIN CALL ($0)
92,68,0.0,4,0,4,1.0,-100.0,0.0,MARGIN CALL ($0)
92,69,0.0,5,0,5,1.0,-100.0,0.0,MARGIN CALL ($0)
92,70,0.0,6,0,6,1.0,-100.0,0.0,MARGIN CALL ($0)
92,71,0.0,5,0,5,1.0,-100.0,0.0,MARGIN CALL ($0)
92,72,0.0,6,0,6,1.0,-100.0,0.0,MARGIN CALL ($0)
92,73,0.0,8,0,8,1.0,-100.0,0.0,MARGIN CALL ($0)
92,74,0.0,8,0,8,1.0,-100.0,0.0,MARGIN CALL ($0)
92,75,0.0,7,0,7,1.0,-100.0,0.0,MARGIN CALL ($0)
92,76,0.0,7,0,7,1.0,-100.0,0.0,MARGIN CALL ($0)
92,77,0.0,6,0,6,1.0,-100.0,0.0,MARGIN CALL ($0)
92,78,0.0,6,0,6,1.0,-100.0,0.0,MARGIN CALL ($0)
92,79,0.0,5,0,5,1.0,-100.0,0.0,MARGIN CALL ($0)
92,80,0.0,5,0,5,1.0,-100.0,0.0,MARGIN CALL ($0)
92,81,0.0,5,0,5,1.0,-100.0,0.0,MARGIN CALL ($0)
92,82,0.0,5,0,5,1.0,-100.0,0.0,MARGIN CALL ($0)
92,83,0.0,5,0,5,1.0,-100.0,0.0,MARGIN CALL ($0)
92,84,0.0,5,0,5,1.0,-100.0,0.0,MARGIN CALL ($0)
92,85,0.0,5,0,5,1.0,-100.0,0.0,MARGIN CALL ($0)
92,86,0.0,5,0,5,1.0,-100.0,0.0,MARGIN CALL ($0)
92,87,0.0,5,0,5,1.0,-100.0,0.0,MARGIN CALL ($0)
92,88,0.0,4,0,4,1.0,-100.0,0.0,MARGIN CALL ($0)
92,89,0.0,4,0,4,1.0,-100.0,0.0,MARGIN CALL ($0)
92,90,0.0,4,0,4,1.0,-100.0,0.0,MARGIN CALL ($0)
92,91,0.0,4,0,4,1.0,-100.0,0.0,MARGIN CALL ($0)
92,92,0.0,4,0,4,1.0,-100.0,0.0,MARGIN CALL ($0)
92,93,0.0,4,0,4,1.0,-100.0,0.0,MARGIN CALL ($0)
92,94,0.0,4,0,4,1.0,-100.0,0.0,MARGIN CALL ($0)
92,95,0.0,5,0,5,1.0,-100.0,0.0,MARGIN CALL ($0)
92,96,0.0,5,0,5,1.0,-100.0,0.0,MARGIN CALL ($0)
92,97,0.0,5,0,5,1.0,-100.0,0.0,MARGIN CALL ($0)
92,98,0.0,5,0,5,1.0,-100.0,0.0,MARGIN CALL ($0)
92,99,0.0,5,0,5,1.0,-100.0,0.0,MARGIN CALL ($0)
92,100,0.0,5,0,5,1.0,-100.0,0.0,MARGIN CALL ($0)
93,1,0.0,3972,1034,2938,1.0,-100.0,26.032225579053375,MARGIN CALL ($0)
93,2,0.0,6849,1881,4968,1.0,-100.0,27.463863337713533,MARGIN CALL ($0)
93,3,0.0,4094,1145,2949,1.0,-100.0,27.967757694186613,MARGIN CALL ($0)
93,4,0.0,39,9,30,1.0,-100.0,23.076923076923077,MARGIN CALL ($0)
93,5,0.0,14,0,14,1.0,-100.0,0.0,MARGIN CALL ($0)
93,6,0.0,18,1,17,1.0,-100.0,5.555555555555555,MARGIN CALL ($0)
93,7,0.0,18,1,17,1.0,-100.0,5.555555555555555,MARGIN CALL ($0)
93,8,0.0,13,0,13,1.0,-100.0,0.0,MARGIN CALL ($0)
93,9,0.0,12,0,12,1.0,-100.0,0.0,MARGIN CALL ($0)
93,10,0.0,22,3,19,1.0,-100.0,13.636363636363635,MARGIN CALL ($0)
93,11,0.0,20,3,17,1.0,-100.0,15.0,MARGIN CALL ($0)
93,12,0.0,19,3,16,1.0,-100.0,15.789473684210526,MARGIN CALL ($0)
93,13,0.0,5739,1296,4443,1.0,-100.0,22.582331416623106,MARGIN CALL ($0)
93,14,0.0,40,8,32,1.0,-100.0,20.0,MARGIN CALL ($0)
93,15,0.0,39,8,31,1.0,-100.0,20.51282051282051,MARGIN CALL ($0)
93,16,0.0,14,1,13,1.0,-100.0,7.142857142857142,MARGIN CALL ($0)
93,17,0.0,10,0,10,1.0,-100.0,0.0,MARGIN CALL ($0)
93,18,0.0,5,0,5,1.0,-100.0,0.0,MARGIN CALL ($0)
93,19,0.0,6801,1525,5276,1.0,-100.0,22.423173062784883,MARGIN CALL ($0)
93,20,0.0,6521,1466,5055,1.0,-100.0,22.481214537647602,MARGIN CALL ($0)
93,21,0.0,6673,1484,5189,1.0,-100.0,22.238873070582947,MARGIN CALL ($0)
93,22,0.0,4706,1064,3642,1.0,-100.0,22.6094347641309,MARGIN CALL ($0)
1,45,0.0,59,14,45,1.0,-100.0,23.728813559322035,MARGIN CALL ($0)
93,24,0.0,2969,662,2307,1.0,-100.0,22.297069720444593,MARGIN CALL ($0)
93,25,0.0,1375,321,1054,1.0,-100.0,23.345454545454544,MARGIN CALL ($0)
93,26,0.0,933,210,723,1.0,-100.0,22.508038585209004,MARGIN CALL ($0)
93,27,0.0,707,157,550,1.0,-100.0,22.206506364922205,MARGIN CALL ($0)
93,28,0.0,727,155,572,1.0,-100.0,21.320495185694636,MARGIN CALL ($0)
93,29,0.0,760,158,602,1.0,-100.0,20.789473684210527,MARGIN CALL ($0)
93,30,0.0,23,5,18,1.0,-100.0,21.73913043478261,MARGIN CALL ($0)
93,31,0.0,296,69,227,1.0,-100.0,23.31081081081081,MARGIN CALL ($0)
93,32,0.0,69,10,59,1.0,-100.0,14.492753623188406,MARGIN CALL ($0)
93,33,0.0,25,5,20,1.0,-100.0,20.0,MARGIN CALL ($0)
93,34,0.0,29,8,21,1.0,-100.0,27.586206896551722,MARGIN CALL ($0)
93,35,0.0,28,8,20,1.0,-100.0,28.57142857142857,MARGIN CALL ($0)
93,36,0.0,55,9,46,1.0,-100.0,16.363636363636363,MARGIN CALL ($0)
93,37,0.0,1036,203,833,1.0,-100.0,19.594594594594593,MARGIN CALL ($0)
1,46,0.0,59,15,44,1.0,-100.0,25.423728813559322,MARGIN CALL ($0)
93,39,0.0,10,0,10,1.0,-100.0,0.0,MARGIN CALL ($0)
93,40,0.0,10,0,10,1.0,-100.0,0.0,MARGIN CALL ($0)
93,41,0.0,9,0,9,1.0,-100.0,0.0,MARGIN CALL ($0)
93,42,0.0,8,0,8,1.0,-100.0,0.0,MARGIN CALL ($0)
93,43,0.0,6,0,6,1.0,-100.0,0.0,MARGIN CALL ($0)
93,44,0.0,7,0,7,1.0,-100.0,0.0,MARGIN CALL ($0)
93,45,0.0,8,0,8,1.0,-100.0,0.0,MARGIN CALL ($0)
93,46,0.0,8,0,8,1.0,-100.0,0.0,MARGIN CALL ($0)
93,47,0.0,9,0,9,1.0,-100.0,0.0,MARGIN CALL ($0)
93,48,0.0,8,0,8,1.0,-100.0,0.0,MARGIN CALL ($0)
93,49,0.0,8,0,8,1.0,-100.0,0.0,MARGIN CALL ($0)
93,50,0.0,8,0,8,1.0,-100.0,0.0,MARGIN CALL ($0)
93,51,0.0,5,0,5,1.0,-100.0,0.0,MARGIN CALL ($0)
93,52,0.0,3,0,3,1.0,-100.0,0.0,MARGIN CALL ($0)
93,53,0.0,3,0,3,1.0,-100.0,0.0,MARGIN CALL ($0)
93,54,0.0,3,0,3,1.0,-100.0,0.0,MARGIN CALL ($0)
93,55,0.0,3,0,3,1.0,-100.0,0.0,MARGIN CALL ($0)
93,56,0.0,5,0,5,1.0,-100.0,0.0,MARGIN CALL ($0)
93,57,0.0,4,0,4,1.0,-100.0,0.0,MARGIN CALL ($0)
93,58,0.0,4,0,4,1.0,-100.0,0.0,MARGIN CALL ($0)
93,59,0.0,4,0,4,1.0,-100.0,0.0,MARGIN CALL ($0)
93,60,0.0,4,0,4,1.0,-100.0,0.0,MARGIN CALL ($0)
93,61,0.0,4,0,4,1.0,-100.0,0.0,MARGIN CALL ($0)
93,62,0.0,4,0,4,1.0,-100.0,0.0,MARGIN CALL ($0)
93,63,0.0,4,0,4,1.0,-100.0,0.0,MARGIN CALL ($0)
93,64,0.0,5,0,5,1.0,-100.0,0.0,MARGIN CALL ($0)
93,65,0.0,3,0,3,1.0,-100.0,0.0,MARGIN CALL ($0)
93,66,0.0,4,0,4,1.0,-100.0,0.0,MARGIN CALL ($0)
93,67,0.0,4,0,4,1.0,-100.0,0.0,MARGIN CALL ($0)
93,68,0.0,4,0,4,1.0,-100.0,0.0,MARGIN CALL ($0)
93,69,0.0,5,0,5,1.0,-100.0,0.0,MARGIN CALL ($0)
93,70,0.0,6,0,6,1.0,-100.0,0.0,MARGIN CALL ($0)
93,71,0.0,5,0,5,1.0,-100.0,0.0,MARGIN CALL ($0)
93,72,0.0,6,0,6,1.0,-100.0,0.0,MARGIN CALL ($0)
93,73,0.0,8,0,8,1.0,-100.0,0.0,MARGIN CALL ($0)
93,74,0.0,8,0,8,1.0,-100.0,0.0,MARGIN CALL ($0)
93,75,0.0,7,0,7,1.0,-100.0,0.0,MARGIN CALL ($0)
93,76,0.0,7,0,7,1.0,-100.0,0.0,MARGIN CALL ($0)
93,77,0.0,6,0,6,1.0,-100.0,0.0,MARGIN CALL ($0)
93,78,0.0,6,0,6,1.0,-100.0,0.0,MARGIN CALL ($0)
93,79,0.0,5,0,5,1.0,-100.0,0.0,MARGIN CALL ($0)
93,80,0.0,5,0,5,1.0,-100.0,0.0,MARGIN CALL ($0)
93,81,0.0,5,0,5,1.0,-100.0,0.0,MARGIN CALL ($0)
93,82,0.0,5,0,5,1.0,-100.0,0.0,MARGIN CALL ($0)
93,83,0.0,5,0,5,1.0,-100.0,0.0,MARGIN CALL ($0)
93,84,0.0,5,0,5,1.0,-100.0,0.0,MARGIN CALL ($0)
93,85,0.0,5,0,5,1.0,-100.0,0.0,MARGIN CALL ($0)
93,86,0.0,5,0,5,1.0,-100.0,0.0,MARGIN CALL ($0)
93,87,0.0,5,0,5,1.0,-100.0,0.0,MARGIN CALL ($0)
93,88,0.0,4,0,4,1.0,-100.0,0.0,MARGIN CALL ($0)
93,89,0.0,4,0,4,1.0,-100.0,0.0,MARGIN CALL ($0)
93,90,0.0,4,0,4,1.0,-100.0,0.0,MARGIN CALL ($0)
93,91,0.0,4,0,4,1.0,-100.0,0.0,MARGIN CALL ($0)
93,92,0.0,4,0,4,1.0,-100.0,0.0,MARGIN CALL ($0)
93,93,0.0,4,0,4,1.0,-100.0,0.0,MARGIN CALL ($0)
93,94,0.0,4,0,4,1.0,-100.0,0.0,MARGIN CALL ($0)
93,95,0.0,5,0,5,1.0,-100.0,0.0,MARGIN CALL ($0)
93,96,0.0,5,0,5,1.0,-100.0,0.0,MARGIN CALL ($0)
93,97,0.0,5,0,5,1.0,-100.0,0.0,MARGIN CALL ($0)
93,98,0.0,5,0,5,1.0,-100.0,0.0,MARGIN CALL ($0)
93,99,0.0,5,0,5,1.0,-100.0,0.0,MARGIN CALL ($0)
93,100,0.0,5,0,5,1.0,-100.0,0.0,MARGIN CALL ($0)
94,1,0.0,3793,994,2799,1.0,-100.0,26.206169259161616,MARGIN CALL ($0)
94,2,0.0,6849,1881,4968,1.0,-100.0,27.463863337713533,MARGIN CALL ($0)
94,3,0.0,4093,1145,2948,1.0,-100.0,27.974590764720254,MARGIN CALL ($0)
94,4,0.0,39,9,30,1.0,-100.0,23.076923076923077,MARGIN CALL ($0)
94,5,0.0,14,0,14,1.0,-100.0,0.0,MARGIN CALL ($0)
94,6,0.0,18,1,17,1.0,-100.0,5.555555555555555,MARGIN CALL ($0)
94,7,0.0,18,1,17,1.0,-100.0,5.555555555555555,MARGIN CALL ($0)
94,8,0.0,13,0,13,1.0,-100.0,0.0,MARGIN CALL ($0)
94,9,0.0,12,0,12,1.0,-100.0,0.0,MARGIN CALL ($0)
94,10,0.0,22,3,19,1.0,-100.0,13.636363636363635,MARGIN CALL ($0)
94,11,0.0,20,3,17,1.0,-100.0,15.0,MARGIN CALL ($0)
94,12,0.0,19,3,16,1.0,-100.0,15.789473684210526,MARGIN CALL ($0)
94,13,0.0,35,6,29,1.0,-100.0,17.142857142857142,MARGIN CALL ($0)
94,14,0.0,40,8,32,1.0,-100.0,20.0,MARGIN CALL ($0)
94,15,0.0,39,8,31,1.0,-100.0,20.51282051282051,MARGIN CALL ($0)
94,16,0.0,14,1,13,1.0,-100.0,7.142857142857142,MARGIN CALL ($0)
94,17,0.0,10,0,10,1.0,-100.0,0.0,MARGIN CALL ($0)
94,18,0.0,5,0,5,1.0,-100.0,0.0,MARGIN CALL ($0)
94,19,0.0,7018,1576,5442,1.0,-100.0,22.456540324878883,MARGIN CALL ($0)
94,20,0.0,6449,1451,4998,1.0,-100.0,22.499612342998915,MARGIN CALL ($0)
94,21,0.0,5839,1287,4552,1.0,-100.0,22.041445452988526,MARGIN CALL ($0)
94,22,0.0,3164,717,2447,1.0,-100.0,22.66118836915297,MARGIN CALL ($0)
1,47,0.0,44,9,35,1.0,-100.0,20.454545454545457,MARGIN CALL ($0)
94,24,0.0,2940,653,2287,1.0,-100.0,22.2108843537415,MARGIN CALL ($0)
94,25,0.0,1381,319,1062,1.0,-100.0,23.099203475742218,MARGIN CALL ($0)
94,26,0.0,934,208,726,1.0,-100.0,22.269807280513916,MARGIN CALL ($0)
94,27,0.0,786,172,614,1.0,-100.0,21.882951653944023,MARGIN CALL ($0)
94,28,0.0,758,160,598,1.0,-100.0,21.108179419525065,MARGIN CALL ($0)
94,29,0.0,766,157,609,1.0,-100.0,20.496083550913838,MARGIN CALL ($0)
94,30,0.0,23,5,18,1.0,-100.0,21.73913043478261,MARGIN CALL ($0)
94,31,0.0,271,59,212,1.0,-100.0,21.771217712177123,MARGIN CALL ($0)
94,32,0.0,69,10,59,1.0,-100.0,14.492753623188406,MARGIN CALL ($0)
94,33,0.0,25,5,20,1.0,-100.0,20.0,MARGIN CALL ($0)
94,34,0.0,29,8,21,1.0,-100.0,27.586206896551722,MARGIN CALL ($0)
94,35,0.0,28,8,20,1.0,-100.0,28.57142857142857,MARGIN CALL ($0)
94,36,0.0,55,9,46,1.0,-100.0,16.363636363636363,MARGIN CALL ($0)
1,48,0.0,44,9,35,1.0,-100.0,20.454545454545457,MARGIN CALL ($0)
1,49,0.0,43,9,34,1.0,-100.0,20.930232558139537,MARGIN CALL ($0)
94,39,0.0,10,0,10,1.0,-100.0,0.0,MARGIN CALL ($0)
94,40,0.0,10,0,10,1.0,-100.0,0.0,MARGIN CALL ($0)
94,41,0.0,9,0,9,1.0,-100.0,0.0,MARGIN CALL ($0)
94,42,0.0,8,0,8,1.0,-100.0,0.0,MARGIN CALL ($0)
94,43,0.0,6,0,6,1.0,-100.0,0.0,MARGIN CALL ($0)
94,44,0.0,7,0,7,1.0,-100.0,0.0,MARGIN CALL ($0)
94,45,0.0,8,0,8,1.0,-100.0,0.0,MARGIN CALL ($0)
94,46,0.0,8,0,8,1.0,-100.0,0.0,MARGIN CALL ($0)
94,47,0.0,9,0,9,1.0,-100.0,0.0,MARGIN CALL ($0)
94,48,0.0,8,0,8,1.0,-100.0,0.0,MARGIN CALL ($0)
94,49,0.0,8,0,8,1.0,-100.0,0.0,MARGIN CALL ($0)
94,50,0.0,8,0,8,1.0,-100.0,0.0,MARGIN CALL ($0)
94,51,0.0,5,0,5,1.0,-100.0,0.0,MARGIN CALL ($0)
94,52,0.0,3,0,3,1.0,-100.0,0.0,MARGIN CALL ($0)
94,53,0.0,3,0,3,1.0,-100.0,0.0,MARGIN CALL ($0)
94,54,0.0,3,0,3,1.0,-100.0,0.0,MARGIN CALL ($0)
94,55,0.0,3,0,3,1.0,-100.0,0.0,MARGIN CALL ($0)
94,56,0.0,5,0,5,1.0,-100.0,0.0,MARGIN CALL ($0)
94,57,0.0,4,0,4,1.0,-100.0,0.0,MARGIN CALL ($0)
94,58,0.0,4,0,4,1.0,-100.0,0.0,MARGIN CALL ($0)
94,59,0.0,4,0,4,1.0,-100.0,0.0,MARGIN CALL ($0)
94,60,0.0,4,0,4,1.0,-100.0,0.0,MARGIN CALL ($0)
94,61,0.0,4,0,4,1.0,-100.0,0.0,MARGIN CALL ($0)
94,62,0.0,4,0,4,1.0,-100.0,0.0,MARGIN CALL ($0)
94,63,0.0,4,0,4,1.0,-100.0,0.0,MARGIN CALL ($0)
94,64,0.0,5,0,5,1.0,-100.0,0.0,MARGIN CALL ($0)
94,65,0.0,3,0,3,1.0,-100.0,0.0,MARGIN CALL ($0)
94,66,0.0,4,0,4,1.0,-100.0,0.0,MARGIN CALL ($0)
94,67,0.0,4,0,4,1.0,-100.0,0.0,MARGIN CALL ($0)
94,68,0.0,4,0,4,1.0,-100.0,0.0,MARGIN CALL ($0)
94,69,0.0,5,0,5,1.0,-100.0,0.0,MARGIN CALL ($0)
94,70,0.0,6,0,6,1.0,-100.0,0.0,MARGIN CALL ($0)
94,71,0.0,5,0,5,1.0,-100.0,0.0,MARGIN CALL ($0)
94,72,0.0,6,0,6,1.0,-100.0,0.0,MARGIN CALL ($0)
94,73,0.0,8,0,8,1.0,-100.0,0.0,MARGIN CALL ($0)
94,74,0.0,8,0,8,1.0,-100.0,0.0,MARGIN CALL ($0)
94,75,0.0,7,0,7,1.0,-100.0,0.0,MARGIN CALL ($0)
94,76,0.0,7,0,7,1.0,-100.0,0.0,MARGIN CALL ($0)
94,77,0.0,6,0,6,1.0,-100.0,0.0,MARGIN CALL ($0)
94,78,0.0,6,0,6,1.0,-100.0,0.0,MARGIN CALL ($0)
94,79,0.0,5,0,5,1.0,-100.0,0.0,MARGIN CALL ($0)
94,80,0.0,5,0,5,1.0,-100.0,0.0,MARGIN CALL ($0)
94,81,0.0,5,0,5,1.0,-100.0,0.0,MARGIN CALL ($0)
94,82,0.0,5,0,5,1.0,-100.0,0.0,MARGIN CALL ($0)
94,83,0.0,5,0,5,1.0,-100.0,0.0,MARGIN CALL ($0)
94,84,0.0,5,0,5,1.0,-100.0,0.0,MARGIN CALL ($0)
94,85,0.0,5,0,5,1.0,-100.0,0.0,MARGIN CALL ($0)
94,86,0.0,5,0,5,1.0,-100.0,0.0,MARGIN CALL ($0)
94,87,0.0,5,0,5,1.0,-100.0,0.0,MARGIN CALL ($0)
94,88,0.0,4,0,4,1.0,-100.0,0.0,MARGIN CALL ($0)
94,89,0.0,4,0,4,1.0,-100.0,0.0,MARGIN CALL ($0)
94,90,0.0,4,0,4,1.0,-100.0,0.0,MARGIN CALL ($0)
94,91,0.0,4,0,4,1.0,-100.0,0.0,MARGIN CALL ($0)
94,92,0.0,4,0,4,1.0,-100.0,0.0,MARGIN CALL ($0)
94,93,0.0,4,0,4,1.0,-100.0,0.0,MARGIN CALL ($0)
94,94,0.0,4,0,4,1.0,-100.0,0.0,MARGIN CALL ($0)
94,95,0.0,5,0,5,1.0,-100.0,0.0,MARGIN CALL ($0)
94,96,0.0,5,0,5,1.0,-100.0,0.0,MARGIN CALL ($0)
94,97,0.0,5,0,5,1.0,-100.0,0.0,MARGIN CALL ($0)
94,98,0.0,5,0,5,1.0,-100.0,0.0,MARGIN CALL ($0)
94,99,0.0,5,0,5,1.0,-100.0,0.0,MARGIN CALL ($0)
94,100,0.0,5,0,5,1.0,-100.0,0.0,MARGIN CALL ($0)
95,1,0.0,3790,994,2796,1.0,-100.0,26.226912928759894,MARGIN CALL ($0)
95,2,0.0,6849,1881,4968,1.0,-100.0,27.463863337713533,MARGIN CALL ($0)
95,3,0.0,4094,1146,2948,1.0,-100.0,27.99218368343918,MARGIN CALL ($0)
95,4,0.0,38,9,29,1.0,-100.0,23.684210526315788,MARGIN CALL ($0)
95,5,0.0,14,0,14,1.0,-100.0,0.0,MARGIN CALL ($0)
95,6,0.0,18,1,17,1.0,-100.0,5.555555555555555,MARGIN CALL ($0)
95,7,0.0,18,1,17,1.0,-100.0,5.555555555555555,MARGIN CALL ($0)
95,8,0.0,13,0,13,1.0,-100.0,0.0,MARGIN CALL ($0)
95,9,0.0,12,0,12,1.0,-100.0,0.0,MARGIN CALL ($0)
95,10,0.0,22,3,19,1.0,-100.0,13.636363636363635,MARGIN CALL ($0)
95,11,0.0,20,3,17,1.0,-100.0,15.0,MARGIN CALL ($0)
95,12,0.0,19,3,16,1.0,-100.0,15.789473684210526,MARGIN CALL ($0)
95,13,0.0,35,6,29,1.0,-100.0,17.142857142857142,MARGIN CALL ($0)
95,14,0.0,42,8,34,1.0,-100.0,19.047619047619047,MARGIN CALL ($0)
95,15,0.0,41,8,33,1.0,-100.0,19.51219512195122,MARGIN CALL ($0)
95,16,0.0,14,1,13,1.0,-100.0,7.142857142857142,MARGIN CALL ($0)
95,17,0.0,12,0,12,1.0,-100.0,0.0,MARGIN CALL ($0)
95,18,0.0,7,0,7,1.0,-100.0,0.0,MARGIN CALL ($0)
95,19,0.0,7007,1578,5429,1.0,-100.0,22.52033680605109,MARGIN CALL ($0)
95,20,0.0,6440,1454,4986,1.0,-100.0,22.577639751552795,MARGIN CALL ($0)
95,21,0.0,6344,1417,4927,1.0,-100.0,22.33606557377049,MARGIN CALL ($0)
95,22,0.0,3147,719,2428,1.0,-100.0,22.84715602160788,MARGIN CALL ($0)
1,50,0.0,24,3,21,1.0,-100.0,12.5,MARGIN CALL ($0)
95,24,0.0,2958,658,2300,1.0,-100.0,22.2447599729547,MARGIN CALL ($0)
95,25,0.0,1281,292,989,1.0,-100.0,22.794691647150664,MARGIN CALL ($0)
95,26,0.0,103,12,91,1.0,-100.0,11.650485436893204,MARGIN CALL ($0)
95,27,0.0,716,157,559,1.0,-100.0,21.92737430167598,MARGIN CALL ($0)
95,28,0.0,732,155,577,1.0,-100.0,21.174863387978142,MARGIN CALL ($0)
95,29,0.0,769,160,609,1.0,-100.0,20.806241872561767,MARGIN CALL ($0)
95,30,0.0,25,5,20,1.0,-100.0,20.0,MARGIN CALL ($0)
95,31,0.0,110,17,93,1.0,-100.0,15.454545454545453,MARGIN CALL ($0)
95,32,0.0,67,10,57,1.0,-100.0,14.925373134328357,MARGIN CALL ($0)
95,33,0.0,27,5,22,1.0,-100.0,18.51851851851852,MARGIN CALL ($0)
95,34,0.0,31,8,23,1.0,-100.0,25.806451612903224,MARGIN CALL ($0)
95,35,0.0,30,8,22,1.0,-100.0,26.666666666666668,MARGIN CALL ($0)
95,36,0.0,41,8,33,1.0,-100.0,19.51219512195122,MARGIN CALL ($0)
95,37,0.0,1037,201,836,1.0,-100.0,19.382835101253615,MARGIN CALL ($0)
1,51,0.0,44,9,35,1.0,-100.0,20.454545454545457,MARGIN CALL ($0)
95,39,0.0,11,0,11,1.0,-100.0,0.0,MARGIN CALL ($0)
95,40,0.0,12,0,12,1.0,-100.0,0.0,MARGIN CALL ($0)
95,41,0.0,10,0,10,1.0,-100.0,0.0,MARGIN CALL ($0)
95,42,0.0,9,0,9,1.0,-100.0,0.0,MARGIN CALL ($0)
95,43,0.0,8,0,8,1.0,-100.0,0.0,MARGIN CALL ($0)
95,44,0.0,8,0,8,1.0,-100.0,0.0,MARGIN CALL ($0)
95,45,0.0,9,0,9,1.0,-100.0,0.0,MARGIN CALL ($0)
95,46,0.0,9,0,9,1.0,-100.0,0.0,MARGIN CALL ($0)
95,47,0.0,10,0,10,1.0,-100.0,0.0,MARGIN CALL ($0)
95,48,0.0,9,0,9,1.0,-100.0,0.0,MARGIN CALL ($0)
95,49,0.0,9,0,9,1.0,-100.0,0.0,MARGIN CALL ($0)
95,50,0.0,9,0,9,1.0,-100.0,0.0,MARGIN CALL ($0)
95,51,0.0,7,0,7,1.0,-100.0,0.0,MARGIN CALL ($0)
95,52,0.0,5,0,5,1.0,-100.0,0.0,MARGIN CALL ($0)
95,53,0.0,5,0,5,1.0,-100.0,0.0,MARGIN CALL ($0)
95,54,0.0,4,0,4,1.0,-100.0,0.0,MARGIN CALL ($0)
95,55,0.0,5,0,5,1.0,-100.0,0.0,MARGIN CALL ($0)
95,56,0.0,7,0,7,1.0,-100.0,0.0,MARGIN CALL ($0)
95,57,0.0,6,0,6,1.0,-100.0,0.0,MARGIN CALL ($0)
95,58,0.0,6,0,6,1.0,-100.0,0.0,MARGIN CALL ($0)
95,59,0.0,6,0,6,1.0,-100.0,0.0,MARGIN CALL ($0)
95,60,0.0,6,0,6,1.0,-100.0,0.0,MARGIN CALL ($0)
95,61,0.0,6,0,6,1.0,-100.0,0.0,MARGIN CALL ($0)
95,62,0.0,6,0,6,1.0,-100.0,0.0,MARGIN CALL ($0)
95,63,0.0,6,0,6,1.0,-100.0,0.0,MARGIN CALL ($0)
95,64,0.0,7,0,7,1.0,-100.0,0.0,MARGIN CALL ($0)
95,65,0.0,5,0,5,1.0,-100.0,0.0,MARGIN CALL ($0)
95,66,0.0,6,0,6,1.0,-100.0,0.0,MARGIN CALL ($0)
95,67,0.0,5,0,5,1.0,-100.0,0.0,MARGIN CALL ($0)
95,68,0.0,6,0,6,1.0,-100.0,0.0,MARGIN CALL ($0)
95,69,0.0,6,0,6,1.0,-100.0,0.0,MARGIN CALL ($0)
95,70,0.0,8,0,8,1.0,-100.0,0.0,MARGIN CALL ($0)
95,71,0.0,7,0,7,1.0,-100.0,0.0,MARGIN CALL ($0)
95,72,0.0,7,0,7,1.0,-100.0,0.0,MARGIN CALL ($0)
95,73,0.0,9,0,9,1.0,-100.0,0.0,MARGIN CALL ($0)
95,74,0.0,9,0,9,1.0,-100.0,0.0,MARGIN CALL ($0)
95,75,0.0,8,0,8,1.0,-100.0,0.0,MARGIN CALL ($0)
95,76,0.0,8,0,8,1.0,-100.0,0.0,MARGIN CALL ($0)
95,77,0.0,7,0,7,1.0,-100.0,0.0,MARGIN CALL ($0)
95,78,0.0,7,0,7,1.0,-100.0,0.0,MARGIN CALL ($0)
95,79,0.0,6,0,6,1.0,-100.0,0.0,MARGIN CALL ($0)
95,80,0.0,6,0,6,1.0,-100.0,0.0,MARGIN CALL ($0)
95,81,0.0,6,0,6,1.0,-100.0,0.0,MARGIN CALL ($0)
95,82,0.0,6,0,6,1.0,-100.0,0.0,MARGIN CALL ($0)
95,83,0.0,6,0,6,1.0,-100.0,0.0,MARGIN CALL ($0)
95,84,0.0,6,0,6,1.0,-100.0,0.0,MARGIN CALL ($0)
95,85,0.0,7,0,7,1.0,-100.0,0.0,MARGIN CALL ($0)
95,86,0.0,7,0,7,1.0,-100.0,0.0,MARGIN CALL ($0)
95,87,0.0,7,0,7,1.0,-100.0,0.0,MARGIN CALL ($0)
95,88,0.0,5,0,5,1.0,-100.0,0.0,MARGIN CALL ($0)
95,89,0.0,5,0,5,1.0,-100.0,0.0,MARGIN CALL ($0)
95,90,0.0,5,0,5,1.0,-100.0,0.0,MARGIN CALL ($0)
95,91,0.0,5,0,5,1.0,-100.0,0.0,MARGIN CALL ($0)
95,92,0.0,5,0,5,1.0,-100.0,0.0,MARGIN CALL ($0)
95,93,0.0,5,0,5,1.0,-100.0,0.0,MARGIN CALL ($0)
95,94,0.0,5,0,5,1.0,-100.0,0.0,MARGIN CALL ($0)
95,95,0.0,5,0,5,1.0,-100.0,0.0,MARGIN CALL ($0)
95,96,0.0,5,0,5,1.0,-100.0,0.0,MARGIN CALL ($0)
95,97,0.0,5,0,5,1.0,-100.0,0.0,MARGIN CALL ($0)
95,98,0.0,5,0,5,1.0,-100.0,0.0,MARGIN CALL ($0)
95,99,0.0,5,0,5,1.0,-100.0,0.0,MARGIN CALL ($0)
95,100,0.0,5,0,5,1.0,-100.0,0.0,MARGIN CALL ($0)
96,1,0.0,3774,988,2786,1.0,-100.0,26.179120296767355,MARGIN CALL ($0)
96,2,0.0,6849,1881,4968,1.0,-100.0,27.463863337713533,MARGIN CALL ($0)
96,3,0.0,4096,1146,2950,1.0,-100.0,27.978515625,MARGIN CALL ($0)
96,4,0.0,38,9,29,1.0,-100.0,23.684210526315788,MARGIN CALL ($0)
96,5,0.0,14,0,14,1.0,-100.0,0.0,MARGIN CALL ($0)
96,6,0.0,18,1,17,1.0,-100.0,5.555555555555555,MARGIN CALL ($0)
96,7,0.0,18,1,17,1.0,-100.0,5.555555555555555,MARGIN CALL ($0)
96,8,0.0,13,0,13,1.0,-100.0,0.0,MARGIN CALL ($0)
96,9,0.0,12,0,12,1.0,-100.0,0.0,MARGIN CALL ($0)
96,10,0.0,22,3,19,1.0,-100.0,13.636363636363635,MARGIN CALL ($0)
96,11,0.0,20,3,17,1.0,-100.0,15.0,MARGIN CALL ($0)
96,12,0.0,19,3,16,1.0,-100.0,15.789473684210526,MARGIN CALL ($0)
96,13,0.0,35,6,29,1.0,-100.0,17.142857142857142,MARGIN CALL ($0)
96,14,0.0,42,8,34,1.0,-100.0,19.047619047619047,MARGIN CALL ($0)
96,15,0.0,41,8,33,1.0,-100.0,19.51219512195122,MARGIN CALL ($0)
96,16,0.0,14,1,13,1.0,-100.0,7.142857142857142,MARGIN CALL ($0)
96,17,0.0,12,0,12,1.0,-100.0,0.0,MARGIN CALL ($0)
96,18,0.0,7,0,7,1.0,-100.0,0.0,MARGIN CALL ($0)
96,19,0.0,6796,1526,5270,1.0,-100.0,22.454384932313125,MARGIN CALL ($0)
96,20,0.0,6438,1449,4989,1.0,-100.0,22.506989748369058,MARGIN CALL ($0)
96,21,0.0,6242,1394,4848,1.0,-100.0,22.33258570970843,MARGIN CALL ($0)
96,22,0.0,3129,715,2414,1.0,-100.0,22.850751038670502,MARGIN CALL ($0)
1,52,0.0,39,9,30,1.0,-100.0,23.076923076923077,MARGIN CALL ($0)
96,24,0.0,2946,652,2294,1.0,-100.0,22.131704005431093,MARGIN CALL ($0)
96,25,0.0,1241,278,963,1.0,-100.0,22.401289282836423,MARGIN CALL ($0)
96,26,0.0,106,12,94,1.0,-100.0,11.320754716981133,MARGIN CALL ($0)
96,27,0.0,711,154,557,1.0,-100.0,21.659634317862167,MARGIN CALL ($0)
96,28,0.0,716,150,566,1.0,-100.0,20.949720670391063,MARGIN CALL ($0)
96,29,0.0,754,157,597,1.0,-100.0,20.822281167108752,MARGIN CALL ($0)
96,30,0.0,25,5,20,1.0,-100.0,20.0,MARGIN CALL ($0)
96,31,0.0,111,16,95,1.0,-100.0,14.414414414414415,MARGIN CALL ($0)
96,32,0.0,67,10,57,1.0,-100.0,14.925373134328357,MARGIN CALL ($0)
96,33,0.0,27,5,22,1.0,-100.0,18.51851851851852,MARGIN CALL ($0)
96,34,0.0,31,8,23,1.0,-100.0,25.806451612903224,MARGIN CALL ($0)
96,35,0.0,30,8,22,1.0,-100.0,26.666666666666668,MARGIN CALL ($0)
96,36,0.0,41,8,33,1.0,-100.0,19.51219512195122,MARGIN CALL ($0)
96,37,0.0,1051,206,845,1.0,-100.0,19.60038058991437,MARGIN CALL ($0)
1,53,0.0,28,6,22,1.0,-100.0,21.428571428571427,MARGIN CALL ($0)
96,39,0.0,11,0,11,1.0,-100.0,0.0,MARGIN CALL ($0)
96,40,0.0,12,0,12,1.0,-100.0,0.0,MARGIN CALL ($0)
96,41,0.0,10,0,10,1.0,-100.0,0.0,MARGIN CALL ($0)
96,42,0.0,9,0,9,1.0,-100.0,0.0,MARGIN CALL ($0)
96,43,0.0,8,0,8,1.0,-100.0,0.0,MARGIN CALL ($0)
96,44,0.0,8,0,8,1.0,-100.0,0.0,MARGIN CALL ($0)
96,45,0.0,9,0,9,1.0,-100.0,0.0,MARGIN CALL ($0)
96,46,0.0,9,0,9,1.0,-100.0,0.0,MARGIN CALL ($0)
96,47,0.0,10,0,10,1.0,-100.0,0.0,MARGIN CALL ($0)
96,48,0.0,9,0,9,1.0,-100.0,0.0,MARGIN CALL ($0)
96,49,0.0,9,0,9,1.0,-100.0,0.0,MARGIN CALL ($0)
96,50,0.0,9,0,9,1.0,-100.0,0.0,MARGIN CALL ($0)
96,51,0.0,7,0,7,1.0,-100.0,0.0,MARGIN CALL ($0)
96,52,0.0,5,0,5,1.0,-100.0,0.0,MARGIN CALL ($0)
96,53,0.0,5,0,5,1.0,-100.0,0.0,MARGIN CALL ($0)
96,54,0.0,4,0,4,1.0,-100.0,0.0,MARGIN CALL ($0)
96,55,0.0,5,0,5,1.0,-100.0,0.0,MARGIN CALL ($0)
96,56,0.0,7,0,7,1.0,-100.0,0.0,MARGIN CALL ($0)
96,57,0.0,6,0,6,1.0,-100.0,0.0,MARGIN CALL ($0)
96,58,0.0,6,0,6,1.0,-100.0,0.0,MARGIN CALL ($0)
96,59,0.0,6,0,6,1.0,-100.0,0.0,MARGIN CALL ($0)
96,60,0.0,6,0,6,1.0,-100.0,0.0,MARGIN CALL ($0)
96,61,0.0,6,0,6,1.0,-100.0,0.0,MARGIN CALL ($0)
96,62,0.0,6,0,6,1.0,-100.0,0.0,MARGIN CALL ($0)
96,63,0.0,6,0,6,1.0,-100.0,0.0,MARGIN CALL ($0)
96,64,0.0,7,0,7,1.0,-100.0,0.0,MARGIN CALL ($0)
96,65,0.0,5,0,5,1.0,-100.0,0.0,MARGIN CALL ($0)
96,66,0.0,6,0,6,1.0,-100.0,0.0,MARGIN CALL ($0)
96,67,0.0,5,0,5,1.0,-100.0,0.0,MARGIN CALL ($0)
96,68,0.0,6,0,6,1.0,-100.0,0.0,MARGIN CALL ($0)
96,69,0.0,6,0,6,1.0,-100.0,0.0,MARGIN CALL ($0)
96,70,0.0,8,0,8,1.0,-100.0,0.0,MARGIN CALL ($0)
96,71,0.0,7,0,7,1.0,-100.0,0.0,MARGIN CALL ($0)
96,72,0.0,7,0,7,1.0,-100.0,0.0,MARGIN CALL ($0)
96,73,0.0,9,0,9,1.0,-100.0,0.0,MARGIN CALL ($0)
96,74,0.0,9,0,9,1.0,-100.0,0.0,MARGIN CALL ($0)
96,75,0.0,8,0,8,1.0,-100.0,0.0,MARGIN CALL ($0)
96,76,0.0,8,0,8,1.0,-100.0,0.0,MARGIN CALL ($0)
96,77,0.0,7,0,7,1.0,-100.0,0.0,MARGIN CALL ($0)
96,78,0.0,7,0,7,1.0,-100.0,0.0,MARGIN CALL ($0)
96,79,0.0,6,0,6,1.0,-100.0,0.0,MARGIN CALL ($0)
96,80,0.0,6,0,6,1.0,-100.0,0.0,MARGIN CALL ($0)
96,81,0.0,6,0,6,1.0,-100.0,0.0,MARGIN CALL ($0)
96,82,0.0,6,0,6,1.0,-100.0,0.0,MARGIN CALL ($0)
96,83,0.0,6,0,6,1.0,-100.0,0.0,MARGIN CALL ($0)
96,84,0.0,6,0,6,1.0,-100.0,0.0,MARGIN CALL ($0)
96,85,0.0,7,0,7,1.0,-100.0,0.0,MARGIN CALL ($0)
96,86,0.0,7,0,7,1.0,-100.0,0.0,MARGIN CALL ($0)
96,87,0.0,7,0,7,1.0,-100.0,0.0,MARGIN CALL ($0)
96,88,0.0,5,0,5,1.0,-100.0,0.0,MARGIN CALL ($0)
96,89,0.0,5,0,5,1.0,-100.0,0.0,MARGIN CALL ($0)
96,90,0.0,5,0,5,1.0,-100.0,0.0,MARGIN CALL ($0)
96,91,0.0,5,0,5,1.0,-100.0,0.0,MARGIN CALL ($0)
96,92,0.0,5,0,5,1.0,-100.0,0.0,MARGIN CALL ($0)
96,93,0.0,5,0,5,1.0,-100.0,0.0,MARGIN CALL ($0)
96,94,0.0,5,0,5,1.0,-100.0,0.0,MARGIN CALL ($0)
96,95,0.0,5,0,5,1.0,-100.0,0.0,MARGIN CALL ($0)
96,96,0.0,5,0,5,1.0,-100.0,0.0,MARGIN CALL ($0)
96,97,0.0,5,0,5,1.0,-100.0,0.0,MARGIN CALL ($0)
96,98,0.0,5,0,5,1.0,-100.0,0.0,MARGIN CALL ($0)
96,99,0.0,5,0,5,1.0,-100.0,0.0,MARGIN CALL ($0)
96,100,0.0,5,0,5,1.0,-100.0,0.0,MARGIN CALL ($0)
97,1,0.0,3240,865,2375,1.0,-100.0,26.69753086419753,MARGIN CALL ($0)
97,2,0.0,6849,1881,4968,1.0,-100.0,27.463863337713533,MARGIN CALL ($0)
97,3,0.0,4099,1146,2953,1.0,-100.0,27.958038545986824,MARGIN CALL ($0)
97,4,0.0,38,9,29,1.0,-100.0,23.684210526315788,MARGIN CALL ($0)
97,5,0.0,14,0,14,1.0,-100.0,0.0,MARGIN CALL ($0)
97,6,0.0,18,1,17,1.0,-100.0,5.555555555555555,MARGIN CALL ($0)
97,7,0.0,18,1,17,1.0,-100.0,5.555555555555555,MARGIN CALL ($0)
97,8,0.0,13,0,13,1.0,-100.0,0.0,MARGIN CALL ($0)
97,9,0.0,12,0,12,1.0,-100.0,0.0,MARGIN CALL ($0)
97,10,0.0,22,3,19,1.0,-100.0,13.636363636363635,MARGIN CALL ($0)
97,11,0.0,20,3,17,1.0,-100.0,15.0,MARGIN CALL ($0)
97,12,0.0,19,3,16,1.0,-100.0,15.789473684210526,MARGIN CALL ($0)
97,13,0.0,35,6,29,1.0,-100.0,17.142857142857142,MARGIN CALL ($0)
97,14,0.0,42,8,34,1.0,-100.0,19.047619047619047,MARGIN CALL ($0)
97,15,0.0,40,8,32,1.0,-100.0,20.0,MARGIN CALL ($0)
97,16,0.0,14,1,13,1.0,-100.0,7.142857142857142,MARGIN CALL ($0)
97,17,0.0,12,0,12,1.0,-100.0,0.0,MARGIN CALL ($0)
97,18,0.0,7,0,7,1.0,-100.0,0.0,MARGIN CALL ($0)
97,19,0.0,6886,1544,5342,1.0,-100.0,22.422306128376416,MARGIN CALL ($0)
97,20,0.0,6644,1483,5161,1.0,-100.0,22.320891029500302,MARGIN CALL ($0)
97,21,0.0,6438,1438,5000,1.0,-100.0,22.336129232680957,MARGIN CALL ($0)
97,22,0.0,4143,933,3210,1.0,-100.0,22.519913106444605,MARGIN CALL ($0)
1,54,0.0,53,12,41,1.0,-100.0,22.641509433962266,MARGIN CALL ($0)
97,24,0.0,2957,653,2304,1.0,-100.0,22.08319242475482,MARGIN CALL ($0)
97,25,0.0,1305,293,1012,1.0,-100.0,22.452107279693486,MARGIN CALL ($0)
97,26,0.0,857,189,668,1.0,-100.0,22.0536756126021,MARGIN CALL ($0)
97,27,0.0,730,156,574,1.0,-100.0,21.36986301369863,MARGIN CALL ($0)
97,28,0.0,766,160,606,1.0,-100.0,20.887728459530024,MARGIN CALL ($0)
97,29,0.0,314,68,246,1.0,-100.0,21.656050955414013,MARGIN CALL ($0)
97,30,0.0,24,5,19,1.0,-100.0,20.833333333333336,MARGIN CALL ($0)
97,31,0.0,102,15,87,1.0,-100.0,14.705882352941178,MARGIN CALL ($0)
97,32,0.0,55,10,45,1.0,-100.0,18.181818181818183,MARGIN CALL ($0)
97,33,0.0,24,5,19,1.0,-100.0,20.833333333333336,MARGIN CALL ($0)
97,34,0.0,30,8,22,1.0,-100.0,26.666666666666668,MARGIN CALL ($0)
97,35,0.0,29,8,21,1.0,-100.0,27.586206896551722,MARGIN CALL ($0)
97,36,0.0,59,9,50,1.0,-100.0,15.254237288135593,MARGIN CALL ($0)
97,37,0.0,2608,478,2130,1.0,-100.0,18.328220858895705,MARGIN CALL ($0)
1,55,0.0,53,13,40,1.0,-100.0,24.528301886792452,MARGIN CALL ($0)
97,39,0.0,11,0,11,1.0,-100.0,0.0,MARGIN CALL ($0)
97,40,0.0,12,0,12,1.0,-100.0,0.0,MARGIN CALL ($0)
97,41,0.0,10,0,10,1.0,-100.0,0.0,MARGIN CALL ($0)
97,42,0.0,9,0,9,1.0,-100.0,0.0,MARGIN CALL ($0)
97,43,0.0,8,0,8,1.0,-100.0,0.0,MARGIN CALL ($0)
97,44,0.0,8,0,8,1.0,-100.0,0.0,MARGIN CALL ($0)
97,45,0.0,9,0,9,1.0,-100.0,0.0,MARGIN CALL ($0)
97,46,0.0,9,0,9,1.0,-100.0,0.0,MARGIN CALL ($0)
97,47,0.0,10,0,10,1.0,-100.0,0.0,MARGIN CALL ($0)
97,48,0.0,9,0,9,1.0,-100.0,0.0,MARGIN CALL ($0)
97,49,0.0,9,0,9,1.0,-100.0,0.0,MARGIN CALL ($0)
97,50,0.0,9,0,9,1.0,-100.0,0.0,MARGIN CALL ($0)
97,51,0.0,7,0,7,1.0,-100.0,0.0,MARGIN CALL ($0)
97,52,0.0,5,0,5,1.0,-100.0,0.0,MARGIN CALL ($0)
97,53,0.0,5,0,5,1.0,-100.0,0.0,MARGIN CALL ($0)
97,54,0.0,4,0,4,1.0,-100.0,0.0,MARGIN CALL ($0)
97,55,0.0,5,0,5,1.0,-100.0,0.0,MARGIN CALL ($0)
97,56,0.0,7,0,7,1.0,-100.0,0.0,MARGIN CALL ($0)
97,57,0.0,6,0,6,1.0,-100.0,0.0,MARGIN CALL ($0)
97,58,0.0,6,0,6,1.0,-100.0,0.0,MARGIN CALL ($0)
97,59,0.0,6,0,6,1.0,-100.0,0.0,MARGIN CALL ($0)
97,60,0.0,6,0,6,1.0,-100.0,0.0,MARGIN CALL ($0)
97,61,0.0,6,0,6,1.0,-100.0,0.0,MARGIN CALL ($0)
97,62,0.0,6,0,6,1.0,-100.0,0.0,MARGIN CALL ($0)
97,63,0.0,6,0,6,1.0,-100.0,0.0,MARGIN CALL ($0)
97,64,0.0,7,0,7,1.0,-100.0,0.0,MARGIN CALL ($0)
97,65,0.0,5,0,5,1.0,-100.0,0.0,MARGIN CALL ($0)
97,66,0.0,6,0,6,1.0,-100.0,0.0,MARGIN CALL ($0)
97,67,0.0,5,0,5,1.0,-100.0,0.0,MARGIN CALL ($0)
97,68,0.0,6,0,6,1.0,-100.0,0.0,MARGIN CALL ($0)
97,69,0.0,6,0,6,1.0,-100.0,0.0,MARGIN CALL ($0)
97,70,0.0,8,0,8,1.0,-100.0,0.0,MARGIN CALL ($0)
97,71,0.0,7,0,7,1.0,-100.0,0.0,MARGIN CALL ($0)
97,72,0.0,7,0,7,1.0,-100.0,0.0,MARGIN CALL ($0)
97,73,0.0,9,0,9,1.0,-100.0,0.0,MARGIN CALL ($0)
97,74,0.0,9,0,9,1.0,-100.0,0.0,MARGIN CALL ($0)
97,75,0.0,8,0,8,1.0,-100.0,0.0,MARGIN CALL ($0)
97,76,0.0,8,0,8,1.0,-100.0,0.0,MARGIN CALL ($0)
97,77,0.0,7,0,7,1.0,-100.0,0.0,MARGIN CALL ($0)
97,78,0.0,7,0,7,1.0,-100.0,0.0,MARGIN CALL ($0)
97,79,0.0,6,0,6,1.0,-100.0,0.0,MARGIN CALL ($0)
97,80,0.0,6,0,6,1.0,-100.0,0.0,MARGIN CALL ($0)
97,81,0.0,6,0,6,1.0,-100.0,0.0,MARGIN CALL ($0)
97,82,0.0,7,0,7,1.0,-100.0,0.0,MARGIN CALL ($0)
97,83,0.0,7,0,7,1.0,-100.0,0.0,MARGIN CALL ($0)
97,84,0.0,7,0,7,1.0,-100.0,0.0,MARGIN CALL ($0)
97,85,0.0,8,0,8,1.0,-100.0,0.0,MARGIN CALL ($0)
97,86,0.0,7,0,7,1.0,-100.0,0.0,MARGIN CALL ($0)
97,87,0.0,7,0,7,1.0,-100.0,0.0,MARGIN CALL ($0)
97,88,0.0,5,0,5,1.0,-100.0,0.0,MARGIN CALL ($0)
97,89,0.0,5,0,5,1.0,-100.0,0.0,MARGIN CALL ($0)
97,90,0.0,5,0,5,1.0,-100.0,0.0,MARGIN CALL ($0)
97,91,0.0,5,0,5,1.0,-100.0,0.0,MARGIN CALL ($0)
97,92,0.0,5,0,5,1.0,-100.0,0.0,MARGIN CALL ($0)
97,93,0.0,5,0,5,1.0,-100.0,0.0,MARGIN CALL ($0)
97,94,0.0,5,0,5,1.0,-100.0,0.0,MARGIN CALL ($0)
97,95,0.0,5,0,5,1.0,-100.0,0.0,MARGIN CALL ($0)
97,96,0.0,5,0,5,1.0,-100.0,0.0,MARGIN CALL ($0)
97,97,0.0,5,0,5,1.0,-100.0,0.0,MARGIN CALL ($0)
97,98,0.0,5,0,5,1.0,-100.0,0.0,MARGIN CALL ($0)
97,99,0.0,5,0,5,1.0,-100.0,0.0,MARGIN CALL ($0)
97,100,0.0,5,0,5,1.0,-100.0,0.0,MARGIN CALL ($0)
98,1,0.0,3802,1006,2796,1.0,-100.0,26.45975802209363,MARGIN CALL ($0)
98,2,0.0,6850,1881,4969,1.0,-100.0,27.45985401459854,MARGIN CALL ($0)
98,3,0.0,4100,1146,2954,1.0,-100.0,27.951219512195124,MARGIN CALL ($0)
98,4,0.0,38,9,29,1.0,-100.0,23.684210526315788,MARGIN CALL ($0)
98,5,0.0,14,0,14,1.0,-100.0,0.0,MARGIN CALL ($0)
98,6,0.0,18,1,17,1.0,-100.0,5.555555555555555,MARGIN CALL ($0)
98,7,0.0,18,1,17,1.0,-100.0,5.555555555555555,MARGIN CALL ($0)
98,8,0.0,14,0,14,1.0,-100.0,0.0,MARGIN CALL ($0)
98,9,0.0,13,0,13,1.0,-100.0,0.0,MARGIN CALL ($0)
98,10,0.0,22,3,19,1.0,-100.0,13.636363636363635,MARGIN CALL ($0)
98,11,0.0,20,3,17,1.0,-100.0,15.0,MARGIN CALL ($0)
98,12,0.0,20,3,17,1.0,-100.0,15.0,MARGIN CALL ($0)
98,13,0.0,35,6,29,1.0,-100.0,17.142857142857142,MARGIN CALL ($0)
98,14,0.0,42,8,34,1.0,-100.0,19.047619047619047,MARGIN CALL ($0)
98,15,0.0,40,8,32,1.0,-100.0,20.0,MARGIN CALL ($0)
98,16,0.0,14,1,13,1.0,-100.0,7.142857142857142,MARGIN CALL ($0)
98,17,0.0,12,0,12,1.0,-100.0,0.0,MARGIN CALL ($0)
98,18,0.0,7,0,7,1.0,-100.0,0.0,MARGIN CALL ($0)
98,19,0.0,7657,1715,5942,1.0,-100.0,22.397805929215096,MARGIN CALL ($0)
98,20,0.0,6658,1490,5168,1.0,-100.0,22.37909282066687,MARGIN CALL ($0)
98,21,0.0,3156,741,2415,1.0,-100.0,23.479087452471482,MARGIN CALL ($0)
98,22,0.0,70,10,60,1.0,-100.0,14.285714285714285,MARGIN CALL ($0)
98,23,0.0,4155,906,3249,1.0,-100.0,21.805054151624546,MARGIN CALL ($0)
98,24,0.0,2881,645,2236,1.0,-100.0,22.388059701492537,MARGIN CALL ($0)
98,25,0.0,1232,277,955,1.0,-100.0,22.483766233766232,MARGIN CALL ($0)
98,26,0.0,27,3,24,1.0,-100.0,11.11111111111111,MARGIN CALL ($0)
98,27,0.0,318,72,246,1.0,-100.0,22.641509433962266,MARGIN CALL ($0)
98,28,0.0,305,65,240,1.0,-100.0,21.311475409836063,MARGIN CALL ($0)
98,29,0.0,779,162,617,1.0,-100.0,20.79589216944801,MARGIN CALL ($0)
98,30,0.0,19,4,15,1.0,-100.0,21.052631578947366,MARGIN CALL ($0)
98,31,0.0,713,152,561,1.0,-100.0,21.31837307152875,MARGIN CALL ($0)
98,32,0.0,72,9,63,1.0,-100.0,12.5,MARGIN CALL ($0)
98,33,0.0,20,3,17,1.0,-100.0,15.0,MARGIN CALL ($0)
98,34,0.0,26,7,19,1.0,-100.0,26.923076923076923,MARGIN CALL ($0)
98,35,0.0,25,7,18,1.0,-100.0,28.000000000000004,MARGIN CALL ($0)
98,36,0.0,181,26,155,1.0,-100.0,14.3646408839779,MARGIN CALL ($0)
1,56,0.0,2851,809,2042,1.0,-100.0,28.376008418098913,MARGIN CALL ($0)
1,57,0.0,2673,769,1904,1.0,-100.0,28.76917321361766,MARGIN CALL ($0)
98,39,0.0,11,0,11,1.0,-100.0,0.0,MARGIN CALL ($0)
98,40,0.0,12,0,12,1.0,-100.0,0.0,MARGIN CALL ($0)
98,41,0.0,10,0,10,1.0,-100.0,0.0,MARGIN CALL ($0)
98,42,0.0,9,0,9,1.0,-100.0,0.0,MARGIN CALL ($0)
98,43,0.0,8,0,8,1.0,-100.0,0.0,MARGIN CALL ($0)
98,44,0.0,8,0,8,1.0,-100.0,0.0,MARGIN CALL ($0)
98,45,0.0,9,0,9,1.0,-100.0,0.0,MARGIN CALL ($0)
98,46,0.0,9,0,9,1.0,-100.0,0.0,MARGIN CALL ($0)
98,47,0.0,10,0,10,1.0,-100.0,0.0,MARGIN CALL ($0)
98,48,0.0,9,0,9,1.0,-100.0,0.0,MARGIN CALL ($0)
98,49,0.0,9,0,9,1.0,-100.0,0.0,MARGIN CALL ($0)
98,50,0.0,9,0,9,1.0,-100.0,0.0,MARGIN CALL ($0)
98,51,0.0,7,0,7,1.0,-100.0,0.0,MARGIN CALL ($0)
98,52,0.0,5,0,5,1.0,-100.0,0.0,MARGIN CALL ($0)
98,53,0.0,5,0,5,1.0,-100.0,0.0,MARGIN CALL ($0)
98,54,0.0,4,0,4,1.0,-100.0,0.0,MARGIN CALL ($0)
98,55,0.0,5,0,5,1.0,-100.0,0.0,MARGIN CALL ($0)
98,56,0.0,7,0,7,1.0,-100.0,0.0,MARGIN CALL ($0)
98,57,0.0,6,0,6,1.0,-100.0,0.0,MARGIN CALL ($0)
98,58,0.0,6,0,6,1.0,-100.0,0.0,MARGIN CALL ($0)
98,59,0.0,6,0,6,1.0,-100.0,0.0,MARGIN CALL ($0)
98,60,0.0,6,0,6,1.0,-100.0,0.0,MARGIN CALL ($0)
98,61,0.0,6,0,6,1.0,-100.0,0.0,MARGIN CALL ($0)
98,62,0.0,6,0,6,1.0,-100.0,0.0,MARGIN CALL ($0)
98,63,0.0,6,0,6,1.0,-100.0,0.0,MARGIN CALL ($0)
98,64,0.0,7,0,7,1.0,-100.0,0.0,MARGIN CALL ($0)
98,65,0.0,5,0,5,1.0,-100.0,0.0,MARGIN CALL ($0)
98,66,0.0,6,0,6,1.0,-100.0,0.0,MARGIN CALL ($0)
98,67,0.0,5,0,5,1.0,-100.0,0.0,MARGIN CALL ($0)
98,68,0.0,6,0,6,1.0,-100.0,0.0,MARGIN CALL ($0)
98,69,0.0,6,0,6,1.0,-100.0,0.0,MARGIN CALL ($0)
98,70,0.0,8,0,8,1.0,-100.0,0.0,MARGIN CALL ($0)
98,71,0.0,7,0,7,1.0,-100.0,0.0,MARGIN CALL ($0)
98,72,0.0,7,0,7,1.0,-100.0,0.0,MARGIN CALL ($0)
98,73,0.0,9,0,9,1.0,-100.0,0.0,MARGIN CALL ($0)
98,74,0.0,9,0,9,1.0,-100.0,0.0,MARGIN CALL ($0)
98,75,0.0,8,0,8,1.0,-100.0,0.0,MARGIN CALL ($0)
98,76,0.0,8,0,8,1.0,-100.0,0.0,MARGIN CALL ($0)
98,77,0.0,7,0,7,1.0,-100.0,0.0,MARGIN CALL ($0)
98,78,0.0,7,0,7,1.0,-100.0,0.0,MARGIN CALL ($0)
98,79,0.0,6,0,6,1.0,-100.0,0.0,MARGIN CALL ($0)
98,80,0.0,6,0,6,1.0,-100.0,0.0,MARGIN CALL ($0)
98,81,0.0,6,0,6,1.0,-100.0,0.0,MARGIN CALL ($0)
98,82,0.0,7,0,7,1.0,-100.0,0.0,MARGIN CALL ($0)
98,83,0.0,7,0,7,1.0,-100.0,0.0,MARGIN CALL ($0)
98,84,0.0,7,0,7,1.0,-100.0,0.0,MARGIN CALL ($0)
98,85,0.0,8,0,8,1.0,-100.0,0.0,MARGIN CALL ($0)
98,86,0.0,7,0,7,1.0,-100.0,0.0,MARGIN CALL ($0)
98,87,0.0,7,0,7,1.0,-100.0,0.0,MARGIN CALL ($0)
98,88,0.0,5,0,5,1.0,-100.0,0.0,MARGIN CALL ($0)
98,89,0.0,5,0,5,1.0,-100.0,0.0,MARGIN CALL ($0)
98,90,0.0,5,0,5,1.0,-100.0,0.0,MARGIN CALL ($0)
98,91,0.0,5,0,5,1.0,-100.0,0.0,MARGIN CALL ($0)
98,92,0.0,5,0,5,1.0,-100.0,0.0,MARGIN CALL ($0)
98,93,0.0,5,0,5,1.0,-100.0,0.0,MARGIN CALL ($0)
98,94,0.0,5,0,5,1.0,-100.0,0.0,MARGIN CALL ($0)
98,95,0.0,5,0,5,1.0,-100.0,0.0,MARGIN CALL ($0)
98,96,0.0,5,0,5,1.0,-100.0,0.0,MARGIN CALL ($0)
98,97,0.0,5,0,5,1.0,-100.0,0.0,MARGIN CALL ($0)
98,98,0.0,5,0,5,1.0,-100.0,0.0,MARGIN CALL ($0)
98,99,0.0,5,0,5,1.0,-100.0,0.0,MARGIN CALL ($0)
98,100,0.0,5,0,5,1.0,-100.0,0.0,MARGIN CALL ($0)
99,1,0.0,3815,1013,2802,1.0,-100.0,26.55307994757536,MARGIN CALL ($0)
99,2,0.0,6849,1881,4968,1.0,-100.0,27.463863337713533,MARGIN CALL ($0)
99,3,0.0,4099,1145,2954,1.0,-100.0,27.933642351793118,MARGIN CALL ($0)
99,4,0.0,38,9,29,1.0,-100.0,23.684210526315788,MARGIN CALL ($0)
99,5,0.0,14,0,14,1.0,-100.0,0.0,MARGIN CALL ($0)
99,6,0.0,19,1,18,1.0,-100.0,5.263157894736842,MARGIN CALL ($0)
99,7,0.0,18,1,17,1.0,-100.0,5.555555555555555,MARGIN CALL ($0)
99,8,0.0,22,4,18,1.0,-100.0,18.181818181818183,MARGIN CALL ($0)
99,9,0.0,23,4,19,1.0,-100.0,17.391304347826086,MARGIN CALL ($0)
99,10,0.0,22,3,19,1.0,-100.0,13.636363636363635,MARGIN CALL ($0)
99,11,0.0,19,3,16,1.0,-100.0,15.789473684210526,MARGIN CALL ($0)
99,12,0.0,19,3,16,1.0,-100.0,15.789473684210526,MARGIN CALL ($0)
99,13,0.0,35,6,29,1.0,-100.0,17.142857142857142,MARGIN CALL ($0)
99,14,0.0,42,8,34,1.0,-100.0,19.047619047619047,MARGIN CALL ($0)
99,15,0.0,40,8,32,1.0,-100.0,20.0,MARGIN CALL ($0)
99,16,0.0,14,1,13,1.0,-100.0,7.142857142857142,MARGIN CALL ($0)
99,17,0.0,12,0,12,1.0,-100.0,0.0,MARGIN CALL ($0)
99,18,0.0,7,0,7,1.0,-100.0,0.0,MARGIN CALL ($0)
1,58,0.0,2558,732,1826,1.0,-100.0,28.61610633307271,MARGIN CALL ($0)
99,20,0.0,8540,1898,6642,1.0,-100.0,22.224824355971897,MARGIN CALL ($0)
99,21,0.0,3086,732,2354,1.0,-100.0,23.7200259235256,MARGIN CALL ($0)
99,22,0.0,44,6,38,1.0,-100.0,13.636363636363635,MARGIN CALL ($0)
99,23,0.0,4179,910,3269,1.0,-100.0,21.775544388609717,MARGIN CALL ($0)
99,24,0.0,2919,653,2266,1.0,-100.0,22.3706748886605,MARGIN CALL ($0)
99,25,0.0,1082,241,841,1.0,-100.0,22.273567467652494,MARGIN CALL ($0)
99,26,0.0,24,3,21,1.0,-100.0,12.5,MARGIN CALL ($0)
99,27,0.0,43,4,39,1.0,-100.0,9.30232558139535,MARGIN CALL ($0)
99,28,0.0,114,19,95,1.0,-100.0,16.666666666666664,MARGIN CALL ($0)
99,29,0.0,723,152,571,1.0,-100.0,21.023513139695712,MARGIN CALL ($0)
99,30,0.0,19,4,15,1.0,-100.0,21.052631578947366,MARGIN CALL ($0)
99,31,0.0,694,145,549,1.0,-100.0,20.893371757925074,MARGIN CALL ($0)
99,32,0.0,86,13,73,1.0,-100.0,15.11627906976744,MARGIN CALL ($0)
99,33,0.0,20,3,17,1.0,-100.0,15.0,MARGIN CALL ($0)
99,34,0.0,26,7,19,1.0,-100.0,26.923076923076923,MARGIN CALL ($0)
99,35,0.0,25,7,18,1.0,-100.0,28.000000000000004,MARGIN CALL ($0)
99,36,0.0,156,19,137,1.0,-100.0,12.179487179487179,MARGIN CALL ($0)
1,59,0.0,2311,642,1669,1.0,-100.0,27.78018173950671,MARGIN CALL ($0)
99,38,0.0,1271,234,1037,1.0,-100.0,18.410700236034618,MARGIN CALL ($0)
99,39,0.0,11,0,11,1.0,-100.0,0.0,MARGIN CALL ($0)
99,40,0.0,12,0,12,1.0,-100.0,0.0,MARGIN CALL ($0)
99,41,0.0,10,0,10,1.0,-100.0,0.0,MARGIN CALL ($0)
99,42,0.0,9,0,9,1.0,-100.0,0.0,MARGIN CALL ($0)
99,43,0.0,7,0,7,1.0,-100.0,0.0,MARGIN CALL ($0)
99,44,0.0,7,0,7,1.0,-100.0,0.0,MARGIN CALL ($0)
99,45,0.0,8,0,8,1.0,-100.0,0.0,MARGIN CALL ($0)
99,46,0.0,8,0,8,1.0,-100.0,0.0,MARGIN CALL ($0)
99,47,0.0,9,0,9,1.0,-100.0,0.0,MARGIN CALL ($0)
99,48,0.0,9,0,9,1.0,-100.0,0.0,MARGIN CALL ($0)
99,49,0.0,8,0,8,1.0,-100.0,0.0,MARGIN CALL ($0)
99,50,0.0,8,0,8,1.0,-100.0,0.0,MARGIN CALL ($0)
99,51,0.0,6,0,6,1.0,-100.0,0.0,MARGIN CALL ($0)
99,52,0.0,4,0,4,1.0,-100.0,0.0,MARGIN CALL ($0)
99,53,0.0,4,0,4,1.0,-100.0,0.0,MARGIN CALL ($0)
99,54,0.0,3,0,3,1.0,-100.0,0.0,MARGIN CALL ($0)
99,55,0.0,4,0,4,1.0,-100.0,0.0,MARGIN CALL ($0)
99,56,0.0,6,0,6,1.0,-100.0,0.0,MARGIN CALL ($0)
99,57,0.0,5,0,5,1.0,-100.0,0.0,MARGIN CALL ($0)
99,58,0.0,5,0,5,1.0,-100.0,0.0,MARGIN CALL ($0)
99,59,0.0,5,0,5,1.0,-100.0,0.0,MARGIN CALL ($0)
99,60,0.0,5,0,5,1.0,-100.0,0.0,MARGIN CALL ($0)
99,61,0.0,5,0,5,1.0,-100.0,0.0,MARGIN CALL ($0)
99,62,0.0,5,0,5,1.0,-100.0,0.0,MARGIN CALL ($0)
99,63,0.0,5,0,5,1.0,-100.0,0.0,MARGIN CALL ($0)
99,64,0.0,6,0,6,1.0,-100.0,0.0,MARGIN CALL ($0)
99,65,0.0,4,0,4,1.0,-100.0,0.0,MARGIN CALL ($0)
99,66,0.0,5,0,5,1.0,-100.0,0.0,MARGIN CALL ($0)
99,67,0.0,4,0,4,1.0,-100.0,0.0,MARGIN CALL ($0)
99,68,0.0,5,0,5,1.0,-100.0,0.0,MARGIN CALL ($0)
99,69,0.0,5,0,5,1.0,-100.0,0.0,MARGIN CALL ($0)
99,70,0.0,7,0,7,1.0,-100.0,0.0,MARGIN CALL ($0)
99,71,0.0,6,0,6,1.0,-100.0,0.0,MARGIN CALL ($0)
99,72,0.0,6,0,6,1.0,-100.0,0.0,MARGIN CALL ($0)
99,73,0.0,8,0,8,1.0,-100.0,0.0,MARGIN CALL ($0)
99,74,0.0,8,0,8,1.0,-100.0,0.0,MARGIN CALL ($0)
99,75,0.0,8,0,8,1.0,-100.0,0.0,MARGIN CALL ($0)
99,76,0.0,8,0,8,1.0,-100.0,0.0,MARGIN CALL ($0)
99,77,0.0,7,0,7,1.0,-100.0,0.0,MARGIN CALL ($0)
99,78,0.0,7,0,7,1.0,-100.0,0.0,MARGIN CALL ($0)
99,79,0.0,6,0,6,1.0,-100.0,0.0,MARGIN CALL ($0)
99,80,0.0,6,0,6,1.0,-100.0,0.0,MARGIN CALL ($0)
99,81,0.0,6,0,6,1.0,-100.0,0.0,MARGIN CALL ($0)
99,82,0.0,7,0,7,1.0,-100.0,0.0,MARGIN CALL ($0)
99,83,0.0,7,0,7,1.0,-100.0,0.0,MARGIN CALL ($0)
99,84,0.0,7,0,7,1.0,-100.0,0.0,MARGIN CALL ($0)
99,85,0.0,8,0,8,1.0,-100.0,0.0,MARGIN CALL ($0)
99,86,0.0,7,0,7,1.0,-100.0,0.0,MARGIN CALL ($0)
99,87,0.0,7,0,7,1.0,-100.0,0.0,MARGIN CALL ($0)
99,88,0.0,5,0,5,1.0,-100.0,0.0,MARGIN CALL ($0)
99,89,0.0,5,0,5,1.0,-100.0,0.0,MARGIN CALL ($0)
99,90,0.0,5,0,5,1.0,-100.0,0.0,MARGIN CALL ($0)
99,91,0.0,5,0,5,1.0,-100.0,0.0,MARGIN CALL ($0)
99,92,0.0,5,0,5,1.0,-100.0,0.0,MARGIN CALL ($0)
99,93,0.0,5,0,5,1.0,-100.0,0.0,MARGIN CALL ($0)
99,94,0.0,5,0,5,1.0,-100.0,0.0,MARGIN CALL ($0)
99,95,0.0,5,0,5,1.0,-100.0,0.0,MARGIN CALL ($0)
99,96,0.0,5,0,5,1.0,-100.0,0.0,MARGIN CALL ($0)
99,97,0.0,5,0,5,1.0,-100.0,0.0,MARGIN CALL ($0)
99,98,0.0,5,0,5,1.0,-100.0,0.0,MARGIN CALL ($0)
99,99,0.0,5,0,5,1.0,-100.0,0.0,MARGIN CALL ($0)
99,100,0.0,5,0,5,1.0,-100.0,0.0,MARGIN CALL ($0)
100,1,0.0,3946,1046,2900,1.0,-100.0,26.507856056766343,MARGIN CALL ($0)
100,2,0.0,6850,1881,4969,1.0,-100.0,27.45985401459854,MARGIN CALL ($0)
100,3,0.0,4100,1145,2955,1.0,-100.0,27.926829268292686,MARGIN CALL ($0)
100,4,0.0,38,9,29,1.0,-100.0,23.684210526315788,MARGIN CALL ($0)
100,5,0.0,14,0,14,1.0,-100.0,0.0,MARGIN CALL ($0)
100,6,0.0,19,1,18,1.0,-100.0,5.263157894736842,MARGIN CALL ($0)
100,7,0.0,18,1,17,1.0,-100.0,5.555555555555555,MARGIN CALL ($0)
100,8,0.0,22,4,18,1.0,-100.0,18.181818181818183,MARGIN CALL ($0)
100,9,0.0,23,4,19,1.0,-100.0,17.391304347826086,MARGIN CALL ($0)
100,10,0.0,22,3,19,1.0,-100.0,13.636363636363635,MARGIN CALL ($0)
100,11,0.0,19,3,16,1.0,-100.0,15.789473684210526,MARGIN CALL ($0)
100,12,0.0,19,3,16,1.0,-100.0,15.789473684210526,MARGIN CALL ($0)
100,13,0.0,35,6,29,1.0,-100.0,17.142857142857142,MARGIN CALL ($0)
100,14,0.0,42,8,34,1.0,-100.0,19.047619047619047,MARGIN CALL ($0)
100,15,0.0,40,8,32,1.0,-100.0,20.0,MARGIN CALL ($0)
100,16,0.0,14,1,13,1.0,-100.0,7.142857142857142,MARGIN CALL ($0)
100,17,0.0,12,0,12,1.0,-100.0,0.0,MARGIN CALL ($0)
100,18,0.0,7,0,7,1.0,-100.0,0.0,MARGIN CALL ($0)
1,60,0.0,1281,334,947,1.0,-100.0,26.07338017174083,MARGIN CALL ($0)
100,20,0.0,8832,1955,6877,1.0,-100.0,22.135416666666664,MARGIN CALL ($0)
100,21,0.0,3192,752,2440,1.0,-100.0,23.55889724310777,MARGIN CALL ($0)
100,22,0.0,45,6,39,1.0,-100.0,13.333333333333334,MARGIN CALL ($0)
100,23,0.0,4038,879,3159,1.0,-100.0,21.768202080237742,MARGIN CALL ($0)
100,24,0.0,2948,666,2282,1.0,-100.0,22.59158751696065,MARGIN CALL ($0)
100,25,0.0,1223,279,944,1.0,-100.0,22.812755519215045,MARGIN CALL ($0)
100,26,0.0,24,3,21,1.0,-100.0,12.5,MARGIN CALL ($0)
100,27,0.0,40,3,37,1.0,-100.0,7.5,MARGIN CALL ($0)
100,28,0.0,114,19,95,1.0,-100.0,16.666666666666664,MARGIN CALL ($0)
100,29,0.0,763,164,599,1.0,-100.0,21.494102228047183,MARGIN CALL ($0)
100,30,0.0,19,4,15,1.0,-100.0,21.052631578947366,MARGIN CALL ($0)
100,31,0.0,729,157,572,1.0,-100.0,21.536351165980797,MARGIN CALL ($0)
100,32,0.0,84,13,71,1.0,-100.0,15.476190476190476,MARGIN CALL ($0)
100,33,0.0,20,3,17,1.0,-100.0,15.0,MARGIN CALL ($0)
100,34,0.0,26,7,19,1.0,-100.0,26.923076923076923,MARGIN CALL ($0)
100,35,0.0,25,7,18,1.0,-100.0,28.000000000000004,MARGIN CALL ($0)
100,36,0.0,156,19,137,1.0,-100.0,12.179487179487179,MARGIN CALL ($0)
1,61,0.0,1274,342,932,1.0,-100.0,26.84458398744113,MARGIN CALL ($0)
100,38,0.0,1285,241,1044,1.0,-100.0,18.754863813229573,MARGIN CALL ($0)
100,39,0.0,11,0,11,1.0,-100.0,0.0,MARGIN CALL ($0)
100,40,0.0,12,0,12,1.0,-100.0,0.0,MARGIN CALL ($0)
100,41,0.0,10,0,10,1.0,-100.0,0.0,MARGIN CALL ($0)
100,42,0.0,9,0,9,1.0,-100.0,0.0,MARGIN CALL ($0)
100,43,0.0,7,0,7,1.0,-100.0,0.0,MARGIN CALL ($0)
100,44,0.0,7,0,7,1.0,-100.0,0.0,MARGIN CALL ($0)
100,45,0.0,8,0,8,1.0,-100.0,0.0,MARGIN CALL ($0)
100,46,0.0,8,0,8,1.0,-100.0,0.0,MARGIN CALL ($0)
100,47,0.0,9,0,9,1.0,-100.0,0.0,MARGIN CALL ($0)
100,48,0.0,9,0,9,1.0,-100.0,0.0,MARGIN CALL ($0)
100,49,0.0,8,0,8,1.0,-100.0,0.0,MARGIN CALL ($0)
100,50,0.0,8,0,8,1.0,-100.0,0.0,MARGIN CALL ($0)
100,51,0.0,6,0,6,1.0,-100.0,0.0,MARGIN CALL ($0)
100,52,0.0,4,0,4,1.0,-100.0,0.0,MARGIN CALL ($0)
100,53,0.0,4,0,4,1.0,-100.0,0.0,MARGIN CALL ($0)
100,54,0.0,3,0,3,1.0,-100.0,0.0,MARGIN CALL ($0)
100,55,0.0,4,0,4,1.0,-100.0,0.0,MARGIN CALL ($0)
100,56,0.0,6,0,6,1.0,-100.0,0.0,MARGIN CALL ($0)
100,57,0.0,5,0,5,1.0,-100.0,0.0,MARGIN CALL ($0)
100,58,0.0,5,0,5,1.0,-100.0,0.0,MARGIN CALL ($0)
100,59,0.0,5,0,5,1.0,-100.0,0.0,MARGIN CALL ($0)
100,60,0.0,5,0,5,1.0,-100.0,0.0,MARGIN CALL ($0)
100,61,0.0,5,0,5,1.0,-100.0,0.0,MARGIN CALL ($0)
100,62,0.0,5,0,5,1.0,-100.0,0.0,MARGIN CALL ($0)
100,63,0.0,5,0,5,1.0,-100.0,0.0,MARGIN CALL ($0)
100,64,0.0,6,0,6,1.0,-100.0,0.0,MARGIN CALL ($0)
100,65,0.0,4,0,4,1.0,-100.0,0.0,MARGIN CALL ($0)
100,66,0.0,5,0,5,1.0,-100.0,0.0,MARGIN CALL ($0)
100,67,0.0,4,0,4,1.0,-100.0,0.0,MARGIN CALL ($0)
100,68,0.0,5,0,5,1.0,-100.0,0.0,MARGIN CALL ($0)
1,1,0.0,3625,928,2697,1.0,-100.0,25.6,MARGIN CALL ($0)
1,2,0.0,6870,1883,4987,1.0,-100.0,27.40902474526929,MARGIN CALL ($0)
1,3,0.0,4531,1242,3289,1.0,-100.0,27.411167512690355,MARGIN CALL ($0)
1,4,0.0,4133,1149,2984,1.0,-100.0,27.800629082990564,MARGIN CALL ($0)
1,5,0.0,41,6,35,1.0,-100.0,14.634146341463413,MARGIN CALL ($0)
1,6,0.0,40,5,35,1.0,-100.0,12.5,MARGIN CALL ($0)
1,7,0.0,37,5,32,1.0,-100.0,13.513513513513514,MARGIN CALL ($0)
1,8,0.0,62,11,51,1.0,-100.0,17.741935483870968,MARGIN CALL ($0)
1,9,0.0,64,11,53,1.0,-100.0,17.1875,MARGIN CALL ($0)
1,10,0.0,44,8,36,1.0,-100.0,18.181818181818183,MARGIN CALL ($0)
1,11,0.0,64,11,53,1.0,-100.0,17.1875,MARGIN CALL ($0)
1,12,0.0,44,8,36,1.0,-100.0,18.181818181818183,MARGIN CALL ($0)
1,13,0.0,3353,950,2403,1.0,-100.0,28.33283626603042,MARGIN CALL ($0)
1,14,0.0,3470,1009,2461,1.0,-100.0,29.07780979827089,MARGIN CALL ($0)
1,15,0.0,3058,869,2189,1.0,-100.0,28.41726618705036,MARGIN CALL ($0)
1,16,0.0,5553,1531,4022,1.0,-100.0,27.570682513956417,MARGIN CALL ($0)
100,69,0.0,5,0,5,1.0,-100.0,0.0,MARGIN CALL ($0)
100,70,0.0,7,0,7,1.0,-100.0,0.0,MARGIN CALL ($0)
100,71,0.0,6,0,6,1.0,-100.0,0.0,MARGIN CALL ($0)
100,72,0.0,6,0,6,1.0,-100.0,0.0,MARGIN CALL ($0)
100,73,0.0,8,0,8,1.0,-100.0,0.0,MARGIN CALL ($0)
100,74,0.0,8,0,8,1.0,-100.0,0.0,MARGIN CALL ($0)
100,75,0.0,8,0,8,1.0,-100.0,0.0,MARGIN CALL ($0)
100,76,0.0,8,0,8,1.0,-100.0,0.0,MARGIN CALL ($0)
100,77,0.0,7,0,7,1.0,-100.0,0.0,MARGIN CALL ($0)
100,78,0.0,7,0,7,1.0,-100.0,0.0,MARGIN CALL ($0)
100,79,0.0,6,0,6,1.0,-100.0,0.0,MARGIN CALL ($0)
100,80,0.0,6,0,6,1.0,-100.0,0.0,MARGIN CALL ($0)
100,81,0.0,6,0,6,1.0,-100.0,0.0,MARGIN CALL ($0)
100,82,0.0,7,0,7,1.0,-100.0,0.0,MARGIN CALL ($0)
100,83,0.0,7,0,7,1.0,-100.0,0.0,MARGIN CALL ($0)
100,84,0.0,7,0,7,1.0,-100.0,0.0,MARGIN CALL ($0)
