MA_Fast,MA_Slow,Final_Balance,Total_Trades,Win_Trades,Loss_Trades,Is_MC,Net_Profit,Win_Rate_%,Status
25,45,5483.565199928375,1651,329,1322,0.0,5383.565199928375,19.92731677771048,SURVIVED (PROFIT)
17,67,4867.27579100624,1924,464,1460,0.0,4767.27579100624,24.116424116424117,SURVIVED (PROFIT)
26,45,4802.227777647098,1672,318,1354,0.0,4702.227777647098,19.019138755980862,SURVIVED (PROFIT)
17,68,4780.331764682041,1874,453,1421,0.0,4680.331764682041,24.17289220917823,SURVIVED (PROFIT)
25,42,4589.616047590097,1664,323,1341,0.0,4489.616047590097,19.411057692307693,SURVIVED (PROFIT)
100,67,4497.759701537119,880,144,736,0.0,4397.759701537119,16.363636363636363,SURVIVED (PROFIT)
17,70,4494.389814288632,1936,457,1479,0.0,4394.389814288632,23.605371900826448,SURVIVED (PROFIT)
99,67,4483.522761235949,863,139,724,0.0,4383.522761235949,16.10660486674392,SURVIVED (PROFIT)
25,44,4460.708795407521,1670,327,1343,0.0,4360.708795407521,19.580838323353294,SURVIVED (PROFIT)
17,71,4426.697647875222,1913,449,1464,0.0,4326.697647875222,23.470987976999478,SURVIVED (PROFIT)
24,45,4379.536377779106,1698,341,1357,0.0,4279.536377779106,20.082449941107186,SURVIVED (PROFIT)
17,66,4260.516454512025,1957,455,1502,0.0,4160.516454512025,23.24987225344916,SURVIVED (PROFIT)
85,24,4239.470374836245,1891,352,1539,0.0,4139.470374836245,18.614489687995768,SURVIVED (PROFIT)
26,42,4207.937285583871,1662,310,1352,0.0,4107.937285583871,18.65222623345367,SURVIVED (PROFIT)
26,67,4179.505761133421,1535,316,1219,0.0,4079.5057611334214,20.58631921824104,SURVIVED (PROFIT)
100,68,4145.396911785905,856,138,718,0.0,4045.396911785905,16.121495327102803,SURVIVED (PROFIT)
9,70,4082.5507998424937,2881,768,2113,0.0,3982.5507998424937,26.657410621312046,SURVIVED (PROFIT)
20,45,4080.4180888182436,1954,433,1521,0.0,3980.4180888182436,22.159672466734904,SURVIVED (PROFIT)
37,71,4067.211577450412,1251,249,1002,0.0,3967.211577450412,19.904076738609113,SURVIVED (PROFIT)
99,68,4066.4376617778526,839,131,708,0.0,3966.4376617778526,15.613825983313468,SURVIVED (PROFIT)
100,69,4064.3098261402574,871,136,735,0.0,3964.3098261402574,15.614236509758896,SURVIVED (PROFIT)
99,69,4034.2677681703326,854,129,725,0.0,3934.2677681703326,15.105386416861826,SURVIVED (PROFIT)
17,64,4026.6574373825733,1967,455,1512,0.0,3926.6574373825733,23.131672597864767,SURVIVED (PROFIT)
37,72,3996.6992777572123,1229,247,982,0.0,3896.6992777572123,20.097640358014644,SURVIVED (PROFIT)
16,67,3975.159268632926,1977,459,1518,0.0,3875.159268632926,23.21699544764795,SURVIVED (PROFIT)
85,25,3958.510639798398,1813,344,1469,0.0,3858.510639798398,18.97407611693326,SURVIVED (PROFIT)
9,69,3921.735608517437,2873,761,2112,0.0,3821.735608517437,26.487991646362687,SURVIVED (PROFIT)
99,72,3891.289250051289,809,116,693,0.0,3791.289250051289,14.338689740420271,SURVIVED (PROFIT)
16,68,3887.269264701624,1931,449,1482,0.0,3787.269264701624,23.252200932159504,SURVIVED (PROFIT)
100,72,3886.770458394715,825,120,705,0.0,3786.770458394715,14.545454545454545,SURVIVED (PROFIT)
100,70,3870.512471489248,868,129,739,0.0,3770.512471489248,14.861751152073733,SURVIVED (PROFIT)
36,61,3868.7113442967393,1299,252,1047,0.0,3768.7113442967393,19.399538106235568,SURVIVED (PROFIT)
37,69,3867.460652173587,1243,237,1006,0.0,3767.460652173587,19.06677393403057,SURVIVED (PROFIT)
17,69,3852.6284202877423,1913,449,1464,0.0,3752.6284202877423,23.470987976999478,SURVIVED (PROFIT)
27,45,3851.7141554295085,1643,310,1333,0.0,3751.7141554295085,18.867924528301888,SURVIVED (PROFIT)
99,70,3848.9857429098647,850,122,728,0.0,3748.9857429098647,14.352941176470587,SURVIVED (PROFIT)
98,67,3846.4064626897043,856,127,729,0.0,3746.4064626897043,14.836448598130842,SURVIVED (PROFIT)
97,67,3829.219985031991,867,132,735,0.0,3729.219985031991,15.22491349480969,SURVIVED (PROFIT)
15,68,3822.4816617857696,2028,483,1545,0.0,3722.4816617857696,23.816568047337277,SURVIVED (PROFIT)
24,44,3802.6988409221503,1720,347,1373,0.0,3702.6988409221503,20.174418604651162,SURVIVED (PROFIT)
23,45,3796.579866626942,1754,353,1401,0.0,3696.579866626942,20.125427594070697,SURVIVED (PROFIT)
9,71,3796.0549435307644,2859,754,2105,0.0,3696.0549435307644,26.372857642532356,SURVIVED (PROFIT)
26,44,3784.1277726190997,1687,315,1372,0.0,3684.1277726190997,18.672199170124482,SURVIVED (PROFIT)
27,43,3772.0113254832127,1635,303,1332,0.0,3672.0113254832127,18.53211009174312,SURVIVED (PROFIT)
17,65,3770.2209691652383,1959,453,1506,0.0,3670.2209691652383,23.124042879019907,SURVIVED (PROFIT)
99,71,3758.774985984325,837,123,714,0.0,3658.774985984325,14.695340501792115,SURVIVED (PROFIT)
37,70,3756.312771398362,1253,241,1012,0.0,3656.312771398362,19.233838786911413,SURVIVED (PROFIT)
83,22,3744.7454544103034,2061,396,1665,0.0,3644.7454544103034,19.213973799126638,SURVIVED (PROFIT)
31,67,3740.031044848891,1468,298,1170,0.0,3640.031044848891,20.29972752043597,SURVIVED (PROFIT)
36,67,3739.833880619929,1299,260,1039,0.0,3639.833880619929,20.01539645881447,SURVIVED (PROFIT)
100,74,3733.933932465865,824,114,710,0.0,3633.933932465865,13.834951456310678,SURVIVED (PROFIT)
100,71,3721.1474085312093,855,128,727,0.0,3621.1474085312093,14.97076023391813,SURVIVED (PROFIT)
99,74,3718.458824358385,811,109,702,0.0,3618.458824358385,13.440197287299629,SURVIVED (PROFIT)
27,67,3713.4981492358065,1513,318,1195,0.0,3613.4981492358065,21.017845340383346,SURVIVED (PROFIT)
15,66,3704.6948636052157,2087,489,1598,0.0,3604.6948636052157,23.430761859127934,SURVIVED (PROFIT)
37,67,3701.5492388350267,1280,249,1031,0.0,3601.5492388350267,19.453125,SURVIVED (PROFIT)
15,67,3691.475746273339,2064,487,1577,0.0,3591.475746273339,23.594961240310077,SURVIVED (PROFIT)
21,43,3689.6910000812163,1950,413,1537,0.0,3589.6910000812163,21.17948717948718,SURVIVED (PROFIT)
50,22,3680.8975455775417,2068,412,1656,0.0,3580.8975455775417,19.922630560928432,SURVIVED (PROFIT)
27,68,3678.7323970122607,1515,311,1204,0.0,3578.7323970122607,20.528052805280527,SURVIVED (PROFIT)
37,66,3666.8181061235946,1325,248,1077,0.0,3566.8181061235946,18.71698113207547,SURVIVED (PROFIT)
85,22,3657.4820908150723,2047,397,1650,0.0,3557.4820908150723,19.394235466536394,SURVIVED (PROFIT)
100,73,3628.4285479900595,820,114,706,0.0,3528.4285479900595,13.902439024390246,SURVIVED (PROFIT)
31,68,3612.172235308991,1443,288,1155,0.0,3512.172235308991,19.95841995841996,SURVIVED (PROFIT)
28,67,3610.068656701717,1511,312,1199,0.0,3510.068656701717,20.648577101257445,SURVIVED (PROFIT)
25,17,3607.8141765044556,2428,467,1961,0.0,3507.8141765044556,19.233937397034595,SURVIVED (PROFIT)
18,45,3603.0987332588015,2075,452,1623,0.0,3503.0987332588015,21.783132530120483,SURVIVED (PROFIT)
99,73,3593.915684968259,806,109,697,0.0,3493.915684968259,13.523573200992555,SURVIVED (PROFIT)
1,80,3581.603037312095,3611,968,2643,0.0,3481.603037312095,26.80697867626696,SURVIVED (PROFIT)
49,22,3562.056227408717,2061,401,1660,0.0,3462.056227408717,19.45657447840854,SURVIVED (PROFIT)
21,42,3558.541142914925,1936,405,1531,0.0,3458.541142914925,20.91942148760331,SURVIVED (PROFIT)
36,68,3553.641897040636,1263,245,1018,0.0,3453.641897040636,19.398258115597784,SURVIVED (PROFIT)
97,68,3551.5508822807687,840,124,716,0.0,3451.5508822807687,14.761904761904763,SURVIVED (PROFIT)
100,66,3550.6543636835377,905,153,752,0.0,3450.6543636835377,16.906077348066297,SURVIVED (PROFIT)
36,66,3546.8040303483544,1340,257,1083,0.0,3446.8040303483544,19.17910447761194,SURVIVED (PROFIT)
85,23,3546.2526955708886,1974,376,1598,0.0,3446.2526955708886,19.047619047619047,SURVIVED (PROFIT)
98,68,3540.3895146866207,832,120,712,0.0,3440.3895146866207,14.423076923076922,SURVIVED (PROFIT)
84,22,3530.2969544589428,2052,389,1663,0.0,3430.2969544589428,18.957115009746587,SURVIVED (PROFIT)
17,61,3530.103770411144,2035,475,1560,0.0,3430.103770411144,23.34152334152334,SURVIVED (PROFIT)
36,62,3522.914483941699,1326,259,1067,0.0,3422.914483941699,19.53242835595777,SURVIVED (PROFIT)
15,70,3514.291171495129,2083,502,1581,0.0,3414.291171495129,24.099855976956313,SURVIVED (PROFIT)
83,23,3511.4406520652587,1968,373,1595,0.0,3411.4406520652587,18.953252032520325,SURVIVED (PROFIT)
43,22,3487.338954696225,2011,406,1605,0.0,3387.338954696225,20.18896071606166,SURVIVED (PROFIT)
10,71,3485.2701547692936,2581,657,1924,0.0,3385.2701547692936,25.455249903138316,SURVIVED (PROFIT)
30,67,3484.703925402055,1469,299,1170,0.0,3384.703925402055,20.353982300884958,SURVIVED (PROFIT)
98,69,3478.4624203106227,844,118,726,0.0,3378.4624203106227,13.981042654028435,SURVIVED (PROFIT)
23,43,3470.8940930578055,1815,353,1462,0.0,3370.8940930578055,19.44903581267218,SURVIVED (PROFIT)
17,63,3466.0043491093534,2013,464,1549,0.0,3366.0043491093534,23.050173869846002,SURVIVED (PROFIT)
37,68,3455.6408823464258,1246,235,1011,0.0,3355.6408823464258,18.86035313001605,SURVIVED (PROFIT)
36,69,3454.1401884083307,1271,248,1023,0.0,3354.1401884083307,19.51219512195122,SURVIVED (PROFIT)
97,69,3450.4254927211414,857,123,734,0.0,3350.4254927211414,14.352392065344224,SURVIVED (PROFIT)
99,66,3445.668530345462,892,149,743,0.0,3345.668530345462,16.704035874439462,SURVIVED (PROFIT)
36,64,3439.387390665511,1345,255,1090,0.0,3339.387390665511,18.95910780669145,SURVIVED (PROFIT)
9,72,3435.262263779397,2860,737,2123,0.0,3335.262263779397,25.769230769230766,SURVIVED (PROFIT)
63,35,3415.770857143974,1332,264,1068,0.0,3315.770857143974,19.81981981981982,SURVIVED (PROFIT)
15,71,3413.451422595333,2067,495,1572,0.0,3313.451422595333,23.9477503628447,SURVIVED (PROFIT)
64,35,3405.058742854959,1338,263,1075,0.0,3305.058742854959,19.656203288490286,SURVIVED (PROFIT)
100,77,3373.7842467626147,831,121,710,0.0,3273.7842467626147,14.560770156438027,SURVIVED (PROFIT)
37,61,3364.2289508755234,1317,236,1081,0.0,3264.2289508755234,17.91951404707669,SURVIVED (PROFIT)
37,64,3363.7387188100356,1346,243,1103,0.0,3263.7387188100356,18.053491827637444,SURVIVED (PROFIT)
17,62,3357.649306356507,2033,462,1571,0.0,3257.649306356507,22.725036891293655,SURVIVED (PROFIT)
20,44,3353.3841817763146,1994,439,1555,0.0,3253.3841817763146,22.016048144433302,SURVIVED (PROFIT)
98,72,3352.1750138994494,804,105,699,0.0,3252.1750138994494,13.059701492537313,SURVIVED (PROFIT)
84,23,3349.244565129179,1962,364,1598,0.0,3249.244565129179,18.55249745158002,SURVIVED (PROFIT)
40,71,3348.1156902322805,1195,247,948,0.0,3248.1156902322805,20.669456066945607,SURVIVED (PROFIT)
17,83,3342.581843515875,1872,442,1430,0.0,3242.581843515875,23.61111111111111,SURVIVED (PROFIT)
27,42,3341.0932856231116,1644,299,1345,0.0,3241.0932856231116,18.18734793187348,SURVIVED (PROFIT)
37,65,3333.300830852174,1328,246,1082,0.0,3233.300830852174,18.52409638554217,SURVIVED (PROFIT)
36,60,3329.512850029965,1344,259,1085,0.0,3229.512850029965,19.270833333333336,SURVIVED (PROFIT)
98,70,3328.649928585214,834,111,723,0.0,3228.649928585214,13.309352517985612,SURVIVED (PROFIT)
19,44,3327.5507499940795,2037,452,1585,0.0,3227.5507499940795,22.189494354442807,SURVIVED (PROFIT)
38,71,3326.353028139112,1243,251,992,0.0,3226.353028139112,20.193081255028158,SURVIVED (PROFIT)
40,72,3322.7880417691003,1184,243,941,0.0,3222.7880417691003,20.52364864864865,SURVIVED (PROFIT)
23,42,3319.4226428952916,1810,349,1461,0.0,3219.4226428952916,19.281767955801104,SURVIVED (PROFIT)
15,72,3314.481916728178,2047,486,1561,0.0,3214.481916728178,23.742061553492917,SURVIVED (PROFIT)
21,45,3310.482377729523,1900,410,1490,0.0,3210.482377729523,21.578947368421055,SURVIVED (PROFIT)
17,31,3301.5348387496283,2311,491,1820,0.0,3201.5348387496283,21.246213760276937,SURVIVED (PROFIT)
97,71,3300.5065351891226,839,118,721,0.0,3200.5065351891226,14.064362336114423,SURVIVED (PROFIT)
64,37,3296.2439459496695,1268,230,1038,0.0,3196.2439459496695,18.138801261829656,SURVIVED (PROFIT)
97,70,3294.1599428198965,847,117,730,0.0,3194.1599428198965,13.81345926800472,SURVIVED (PROFIT)
40,69,3288.3393479316815,1181,238,943,0.0,3188.3393479316815,20.152413209144793,SURVIVED (PROFIT)
36,40,3283.041199985616,1047,170,877,0.0,3183.041199985616,16.236867239732568,SURVIVED (PROFIT)
59,37,3280.939324284508,1269,221,1048,0.0,3180.939324284508,17.415287628053587,SURVIVED (PROFIT)
18,83,3279.3917109559184,1814,425,1389,0.0,3179.3917109559184,23.42888643880926,SURVIVED (PROFIT)
40,36,3278.76152788124,1058,169,889,0.0,3178.76152788124,15.973534971644613,SURVIVED (PROFIT)
18,44,3278.4590681751256,2097,459,1638,0.0,3178.4590681751256,21.888412017167383,SURVIVED (PROFIT)
63,37,3276.1101892021647,1259,229,1030,0.0,3176.1101892021647,18.1890389197776,SURVIVED (PROFIT)
98,74,3275.67724324769,800,100,700,0.0,3175.67724324769,12.5,SURVIVED (PROFIT)
48,22,3274.0341365297572,2079,397,1682,0.0,3174.0341365297572,19.095719095719097,SURVIVED (PROFIT)
98,71,3270.83298594517,827,111,716,0.0,3170.83298594517,13.422007255139057,SURVIVED (PROFIT)
30,68,3270.686647020007,1460,291,1169,0.0,3170.686647020007,19.931506849315067,SURVIVED (PROFIT)
35,61,3269.616295115061,1363,260,1103,0.0,3169.616295115061,19.075568598679386,SURVIVED (PROFIT)
37,62,3257.0128549148103,1341,246,1095,0.0,3157.0128549148103,18.344519015659955,SURVIVED (PROFIT)
17,30,3254.5258666632512,2332,493,1839,0.0,3154.5258666632512,21.140651801029158,SURVIVED (PROFIT)
15,64,3252.0186717531024,2117,493,1624,0.0,3152.0186717531024,23.28767123287671,SURVIVED (PROFIT)
99,77,3240.027818180941,827,115,712,0.0,3140.027818180941,13.905683192261185,SURVIVED (PROFIT)
10,72,3237.6004998541553,2568,645,1923,0.0,3137.6004998541553,25.116822429906545,SURVIVED (PROFIT)
26,17,3235.461117637837,2450,488,1962,0.0,3135.461117637837,19.918367346938776,SURVIVED (PROFIT)
14,67,3226.3709253526026,2132,521,1611,0.0,3126.3709253526026,24.43714821763602,SURVIVED (PROFIT)
36,65,3223.931492370631,1330,253,1077,0.0,3123.931492370631,19.022556390977442,SURVIVED (PROFIT)
19,83,3220.6386024255544,1782,412,1370,0.0,3120.6386024255544,23.120089786756452,SURVIVED (PROFIT)
36,63,3209.0988095913476,1349,259,1090,0.0,3109.0988095913476,19.199406968124535,SURVIVED (PROFIT)
15,65,3205.8122614979056,2104,487,1617,0.0,3105.8122614979056,23.14638783269962,SURVIVED (PROFIT)
100,61,3199.9932131422815,961,165,796,0.0,3099.9932131422815,17.16961498439126,SURVIVED (PROFIT)
37,73,3187.0887397018164,1248,241,1007,0.0,3087.0887397018164,19.310897435897438,SURVIVED (PROFIT)
100,65,3181.0955692910657,913,157,756,0.0,3081.0955692910657,17.196056955093102,SURVIVED (PROFIT)
37,36,3171.1073333896484,929,145,784,0.0,3071.1073333896484,15.608180839612487,SURVIVED (PROFIT)
36,71,3163.890633807224,1284,254,1030,0.0,3063.890633807224,19.781931464174455,SURVIVED (PROFIT)
50,21,3151.054762019497,2170,438,1732,0.0,3051.054762019497,20.18433179723502,SURVIVED (PROFIT)
11,31,3148.6008708790678,3015,714,2301,0.0,3048.6008708790678,23.681592039800993,SURVIVED (PROFIT)
97,72,3147.9840971849003,825,111,714,0.0,3047.9840971849003,13.454545454545455,SURVIVED (PROFIT)
14,72,3147.1401527995613,2130,520,1610,0.0,3047.1401527995613,24.413145539906104,SURVIVED (PROFIT)
28,43,3146.6880000173987,1610,290,1320,0.0,3046.6880000173987,18.012422360248447,SURVIVED (PROFIT)
98,73,3144.3619863060117,793,99,694,0.0,3044.3619863060117,12.484237074401008,SURVIVED (PROFIT)
22,42,3142.312904858384,1877,382,1495,0.0,3042.312904858384,20.35162493340437,SURVIVED (PROFIT)
35,67,3136.8039104809827,1334,264,1070,0.0,3036.8039104809827,19.79010494752624,SURVIVED (PROFIT)
44,22,3124.4380455466303,2028,408,1620,0.0,3024.4380455466303,20.118343195266274,SURVIVED (PROFIT)
15,73,3120.9397534916175,2055,483,1572,0.0,3020.9397534916175,23.503649635036496,SURVIVED (PROFIT)
97,74,3120.568189159125,814,105,709,0.0,3020.568189159125,12.8992628992629,SURVIVED (PROFIT)
65,39,3120.544538410802,1205,223,982,0.0,3020.544538410802,18.506224066390043,SURVIVED (PROFIT)
32,67,3119.0598806551816,1439,293,1146,0.0,3019.0598806551816,20.361362056984017,SURVIVED (PROFIT)
37,35,3116.857685763474,1015,171,844,0.0,3016.857685763474,16.84729064039409,SURVIVED (PROFIT)
14,78,3115.1464486801306,2076,500,1576,0.0,3015.1464486801306,24.084778420038536,SURVIVED (PROFIT)
14,71,3113.8008450924945,2152,529,1623,0.0,3013.8008450924945,24.5817843866171,SURVIVED (PROFIT)
38,69,3112.6624927444386,1236,240,996,0.0,3012.6624927444386,19.41747572815534,SURVIVED (PROFIT)
38,72,3110.899638866711,1242,251,991,0.0,3010.899638866711,20.209339774557165,SURVIVED (PROFIT)
15,69,3100.539710222007,2067,486,1581,0.0,3000.539710222007,23.51233671988389,SURVIVED (PROFIT)
28,68,3097.0047205380147,1506,302,1204,0.0,2997.0047205380147,20.0531208499336,SURVIVED (PROFIT)
34,67,3092.9977463067303,1363,276,1087,0.0,2992.9977463067303,20.2494497432135,SURVIVED (PROFIT)
36,72,3083.3924166665947,1275,255,1020,0.0,2983.3924166665947,20.0,SURVIVED (PROFIT)
14,77,3081.0768960499145,2092,511,1581,0.0,2981.0768960499145,24.426386233269596,SURVIVED (PROFIT)
16,64,3073.778406134671,2037,458,1579,0.0,2973.778406134671,22.484045164457537,SURVIVED (PROFIT)
67,42,3073.1367618953122,1133,213,920,0.0,2973.1367618953122,18.79964695498676,SURVIVED (PROFIT)
22,43,3071.2219535967884,1886,383,1503,0.0,2971.2219535967884,20.307529162248144,SURVIVED (PROFIT)
99,65,3069.710092360887,901,153,748,0.0,2969.710092360887,16.9811320754717,SURVIVED (PROFIT)
10,73,3069.654191648235,2560,642,1918,0.0,2969.654191648235,25.078125,SURVIVED (PROFIT)
36,70,3062.007128547211,1290,250,1040,0.0,2962.007128547211,19.379844961240313,SURVIVED (PROFIT)
40,70,3053.9875286432825,1196,238,958,0.0,2953.9875286432825,19.899665551839465,SURVIVED (PROFIT)
99,61,3047.052852459247,949,157,792,0.0,2947.052852459247,16.54373024236038,SURVIVED (PROFIT)
68,37,3040.234351287338,1228,220,1008,0.0,2940.234351287338,17.91530944625407,SURVIVED (PROFIT)
22,45,3039.563377816922,1816,378,1438,0.0,2939.563377816922,20.814977973568283,SURVIVED (PROFIT)
37,63,3037.8228889780926,1358,247,1111,0.0,2937.8228889780926,18.188512518409425,SURVIVED (PROFIT)
38,70,3031.09814281112,1243,244,999,0.0,2931.09814281112,19.629927594529363,SURVIVED (PROFIT)
67,35,3023.369685636283,1326,263,1063,0.0,2923.369685636283,19.834087481146305,SURVIVED (PROFIT)
68,35,3012.006742746108,1326,250,1076,0.0,2912.006742746108,18.85369532428356,SURVIVED (PROFIT)
31,17,3008.5957059570533,2415,499,1916,0.0,2908.5957059570533,20.662525879917183,SURVIVED (PROFIT)
11,72,3007.2018055378717,2401,599,1802,0.0,2907.2018055378717,24.947938359017076,SURVIVED (PROFIT)
14,70,3002.8346857833603,2177,532,1645,0.0,2902.8346857833603,24.437299035369776,SURVIVED (PROFIT)
14,82,3000.4367561475506,2066,512,1554,0.0,2900.4367561475506,24.78218780251694,SURVIVED (PROFIT)
34,68,2999.7200146912733,1341,265,1076,0.0,2899.7200146912733,19.7613721103654,SURVIVED (PROFIT)
32,68,2999.2274264723537,1413,282,1131,0.0,2899.2274264723537,19.957537154989385,SURVIVED (PROFIT)
97,73,2992.0351917501002,806,104,702,0.0,2892.0351917501002,12.903225806451612,SURVIVED (PROFIT)
14,63,2983.145047523957,2237,547,1690,0.0,2883.145047523957,24.45239159588735,SURVIVED (PROFIT)
14,75,2981.3474399604233,2135,511,1624,0.0,2881.3474399604233,23.934426229508198,SURVIVED (PROFIT)
14,64,2980.810140512555,2191,527,1664,0.0,2880.810140512555,24.05294386125057,SURVIVED (PROFIT)
40,35,2969.2624858026516,1138,186,952,0.0,2869.2624858026516,16.34446397188049,SURVIVED (PROFIT)
49,21,2967.147809625956,2170,432,1738,0.0,2867.147809625956,19.907834101382488,SURVIVED (PROFIT)
15,63,2962.4234602120596,2161,507,1654,0.0,2862.4234602120596,23.461360481258676,SURVIVED (PROFIT)
27,44,2953.558908992144,1658,304,1354,0.0,2853.558908992144,18.33534378769602,SURVIVED (PROFIT)
58,39,2949.3217691925624,1214,201,1013,0.0,2849.3217691925624,16.556836902800658,SURVIVED (PROFIT)
14,81,2944.2057037431828,2043,500,1543,0.0,2844.2057037431828,24.473813020068526,SURVIVED (PROFIT)
64,39,2940.380871782409,1218,215,1003,0.0,2840.380871782409,17.651888341543515,SURVIVED (PROFIT)
98,77,2936.822077896798,801,105,696,0.0,2836.822077896798,13.108614232209737,SURVIVED (PROFIT)
51,10,2934.0599999374635,3512,785,2727,0.0,2834.0599999374635,22.351936218678816,SURVIVED (PROFIT)
16,83,2928.4371567948656,1923,456,1467,0.0,2828.4371567948656,23.712948517940717,SURVIVED (PROFIT)
40,67,2927.0956568381794,1220,242,978,0.0,2827.0956568381794,19.836065573770494,SURVIVED (PROFIT)
63,39,2926.8526410148634,1211,212,999,0.0,2826.8526410148634,17.50619322873658,SURVIVED (PROFIT)
67,37,2924.2859729427273,1230,227,1003,0.0,2824.2859729427273,18.455284552845526,SURVIVED (PROFIT)
33,67,2922.5244478226,1378,277,1101,0.0,2822.5244478226,20.101596516690854,SURVIVED (PROFIT)
14,73,2919.916438387246,2132,512,1620,0.0,2819.916438387246,24.015009380863038,SURVIVED (PROFIT)
100,64,2919.4436094429893,924,159,765,0.0,2819.4436094429893,17.20779220779221,SURVIVED (PROFIT)
29,17,2917.614588198802,2435,495,1940,0.0,2817.614588198802,20.32854209445585,SURVIVED (PROFIT)
14,80,2917.3692125264065,2078,496,1582,0.0,2817.3692125264065,23.86910490856593,SURVIVED (PROFIT)
32,64,2915.485140694843,1474,276,1198,0.0,2815.485140694843,18.724559023066487,SURVIVED (PROFIT)
11,73,2913.6936164401336,2407,598,1809,0.0,2813.6936164401336,24.844204403822186,SURVIVED (PROFIT)
15,78,2907.074641027364,1995,483,1512,0.0,2807.074641027364,24.210526315789473,SURVIVED (PROFIT)
32,69,2906.39288409068,1431,280,1151,0.0,2806.39288409068,19.566736547868622,SURVIVED (PROFIT)
16,63,2906.0229046641293,2078,469,1609,0.0,2806.0229046641293,22.56977863330125,SURVIVED (PROFIT)
100,35,2905.9925144111335,1338,236,1102,0.0,2805.9925144111335,17.638266068759343,SURVIVED (PROFIT)
69,40,2904.0898249698926,1128,204,924,0.0,2804.0898249698926,18.085106382978726,SURVIVED (PROFIT)
69,35,2903.7773713338265,1320,245,1075,0.0,2803.7773713338265,18.560606060606062,SURVIVED (PROFIT)
35,62,2890.7739516942434,1374,263,1111,0.0,2790.7739516942434,19.141193595342067,SURVIVED (PROFIT)
32,65,2887.653907759127,1454,277,1177,0.0,2787.653907759127,19.050894085281982,SURVIVED (PROFIT)
100,78,2884.3680512850256,803,114,689,0.0,2784.3680512850256,14.196762141967623,SURVIVED (PROFIT)
35,40,2883.584149930477,1131,181,950,0.0,2783.584149930477,16.003536693191865,SURVIVED (PROFIT)
59,39,2883.3769230163734,1220,206,1014,0.0,2783.3769230163734,16.885245901639344,SURVIVED (PROFIT)
69,37,2880.335999937635,1217,216,1001,0.0,2780.335999937635,17.748562037797864,SURVIVED (PROFIT)
27,17,2880.071117704375,2450,496,1954,0.0,2780.071117704375,20.244897959183675,SURVIVED (PROFIT)
14,31,2879.5169354393593,2624,604,2020,0.0,2779.5169354393593,23.01829268292683,SURVIVED (PROFIT)
14,79,2875.77425318194,2082,492,1590,0.0,2775.77425318194,23.631123919308358,SURVIVED (PROFIT)
99,64,2867.391046936148,911,153,758,0.0,2767.391046936148,16.794731064763997,SURVIVED (PROFIT)
35,64,2864.8365625599363,1391,257,1134,0.0,2764.8365625599363,18.47591660675773,SURVIVED (PROFIT)
15,81,2861.8617161432726,1961,467,1494,0.0,2761.8617161432726,23.814380418154002,SURVIVED (PROFIT)
30,17,2860.4395882482254,2412,485,1927,0.0,2760.4395882482254,20.107794361525706,SURVIVED (PROFIT)
33,68,2857.327250008914,1352,265,1087,0.0,2757.327250008914,19.600591715976332,SURVIVED (PROFIT)
15,75,2853.976093353199,2068,486,1582,0.0,2753.976093353199,23.500967117988395,SURVIVED (PROFIT)
38,67,2853.456955234316,1279,252,1027,0.0,2753.456955234316,19.702892885066458,SURVIVED (PROFIT)
56,37,2851.3852973194453,1279,218,1061,0.0,2751.3852973194453,17.04456606724003,SURVIVED (PROFIT)
35,66,2849.38622732585,1374,257,1117,0.0,2749.38622732585,18.704512372634643,SURVIVED (PROFIT)
34,69,2842.1034637839384,1360,265,1095,0.0,2742.1034637839384,19.485294117647058,SURVIVED (PROFIT)
39,36,2833.9029722721407,1008,155,853,0.0,2733.9029722721407,15.376984126984128,SURVIVED (PROFIT)
46,19,2832.0057897990473,2269,498,1771,0.0,2732.0057897990473,21.947994711326576,SURVIVED (PROFIT)
100,75,2831.896346654037,840,118,722,0.0,2731.896346654037,14.047619047619047,SURVIVED (PROFIT)
14,83,2824.935783187987,2054,517,1537,0.0,2724.935783187987,25.17039922103213,SURVIVED (PROFIT)
32,66,2824.4023031102674,1480,285,1195,0.0,2724.4023031102674,19.256756756756758,SURVIVED (PROFIT)
50,69,2821.611579757251,1114,176,938,0.0,2721.611579757251,15.798922800718133,SURVIVED (PROFIT)
11,71,2816.3899577203997,2419,605,1814,0.0,2716.3899577203997,25.010334849111203,SURVIVED (PROFIT)
54,10,2815.7354999918293,3557,796,2761,0.0,2715.7354999918293,22.378408771436604,SURVIVED (PROFIT)
62,35,2806.7984286087863,1328,256,1072,0.0,2706.7984286087863,19.27710843373494,SURVIVED (PROFIT)
14,76,2805.2085788731606,2120,505,1615,0.0,2705.2085788731606,23.82075471698113,SURVIVED (PROFIT)
15,79,2803.5482405803627,1994,472,1522,0.0,2703.5482405803627,23.67101303911735,SURVIVED (PROFIT)
98,66,2802.466333350335,875,133,742,0.0,2702.466333350335,15.2,SURVIVED (PROFIT)
67,39,2801.6608205024795,1183,218,965,0.0,2701.6608205024795,18.427726120033814,SURVIVED (PROFIT)
11,82,2798.8850975845353,2344,576,1768,0.0,2698.8850975845353,24.573378839590443,SURVIVED (PROFIT)
40,68,2798.5281030568394,1183,233,950,0.0,2698.5281030568394,19.695688926458157,SURVIVED (PROFIT)
50,11,2796.423545663259,3333,736,2597,0.0,2696.423545663259,22.082208220822082,SURVIVED (PROFIT)
85,21,2795.4650476746283,2137,413,1724,0.0,2695.4650476746283,19.326158165652785,SURVIVED (PROFIT)
50,10,2792.361000017574,3522,782,2740,0.0,2692.361000017574,22.203293583191368,SURVIVED (PROFIT)
69,42,2792.324404752065,1115,203,912,0.0,2692.324404752065,18.206278026905828,SURVIVED (PROFIT)
34,71,2790.902112687057,1362,273,1089,0.0,2690.902112687057,20.044052863436125,SURVIVED (PROFIT)
58,37,2788.542810797124,1267,216,1051,0.0,2688.542810797124,17.048145224940807,SURVIVED (PROFIT)
40,61,2782.7427378574403,1267,233,1034,0.0,2682.7427378574403,18.38989739542226,SURVIVED (PROFIT)
30,43,2776.326069707813,1537,257,1280,0.0,2676.326069707813,16.72088484059857,SURVIVED (PROFIT)
38,66,2775.3912121585595,1313,250,1063,0.0,2675.3912121585595,19.04036557501904,SURVIVED (PROFIT)
35,71,2773.873676064938,1329,264,1065,0.0,2673.873676064938,19.864559819413092,SURVIVED (PROFIT)
66,35,2767.9851714050133,1343,263,1080,0.0,2667.9851714050133,19.583023082650783,SURVIVED (PROFIT)
40,62,2761.4629517772205,1287,242,1045,0.0,2661.4629517772205,18.803418803418804,SURVIVED (PROFIT)
97,66,2757.9284848250436,887,137,750,0.0,2657.9284848250436,15.44532130777903,SURVIVED (PROFIT)
99,78,2756.8015640962194,798,108,690,0.0,2656.8015640962194,13.533834586466165,SURVIVED (PROFIT)
29,43,2755.295279055909,1567,269,1298,0.0,2655.295279055909,17.166560306317805,SURVIVED (PROFIT)
100,76,2755.198789476008,849,122,727,0.0,2655.198789476008,14.3698468786808,SURVIVED (PROFIT)
58,40,2754.1526749446284,1200,203,997,0.0,2654.1526749446284,16.916666666666664,SURVIVED (PROFIT)
59,40,2749.5437749351227,1209,208,1001,0.0,2649.5437749351227,17.20430107526882,SURVIVED (PROFIT)
49,11,2747.338272909895,3337,739,2598,0.0,2647.338272909895,22.145639796224152,SURVIVED (PROFIT)
35,68,2742.8786176510052,1312,251,1061,0.0,2642.8786176510052,19.13109756097561,SURVIVED (PROFIT)
14,30,2742.7231999060346,2687,607,2080,0.0,2642.7231999060346,22.59024934871604,SURVIVED (PROFIT)
35,69,2738.268043494827,1323,257,1066,0.0,2638.268043494827,19.42554799697657,SURVIVED (PROFIT)
35,72,2733.2588750082755,1318,266,1052,0.0,2633.2588750082755,20.18209408194234,SURVIVED (PROFIT)
53,10,2731.2493000258737,3543,787,2756,0.0,2631.2493000258737,22.212813999435507,SURVIVED (PROFIT)
34,70,2723.781771456341,1373,269,1104,0.0,2623.781771456341,19.592134013109977,SURVIVED (PROFIT)
99,75,2716.2300666492124,835,113,722,0.0,2616.2300666492124,13.532934131736527,SURVIVED (PROFIT)
16,30,2715.617333189301,2452,528,1924,0.0,2615.617333189301,21.533442088091352,SURVIVED (PROFIT)
40,73,2714.8315480231086,1196,241,955,0.0,2614.8315480231086,20.150501672240804,SURVIVED (PROFIT)
16,62,2713.992870853615,2106,468,1638,0.0,2613.992870853615,22.22222222222222,SURVIVED (PROFIT)
65,35,2712.766485719705,1333,263,1070,0.0,2612.766485719705,19.72993248312078,SURVIVED (PROFIT)
71,37,2711.626648590839,1216,213,1003,0.0,2611.626648590839,17.516447368421055,SURVIVED (PROFIT)
33,69,2708.789405834557,1380,266,1114,0.0,2608.789405834557,19.275362318840582,SURVIVED (PROFIT)
47,11,2706.1395457137273,3326,746,2580,0.0,2606.1395457137273,22.429344558027662,SURVIVED (PROFIT)
56,39,2704.187461511636,1230,204,1026,0.0,2604.187461511636,16.585365853658537,SURVIVED (PROFIT)
28,42,2702.0158809676013,1601,284,1317,0.0,2602.0158809676013,17.738913179262962,SURVIVED (PROFIT)
66,39,2701.434153811169,1205,219,986,0.0,2601.434153811169,18.17427385892116,SURVIVED (PROFIT)
38,68,2700.219661756761,1240,239,1001,0.0,2600.219661756761,19.274193548387096,SURVIVED (PROFIT)
50,68,2700.1491470621095,1109,180,929,0.0,2600.1491470621095,16.23083859332732,SURVIVED (PROFIT)
55,10,2693.986599966459,3528,788,2740,0.0,2593.986599966459,22.33560090702948,SURVIVED (PROFIT)
61,39,2691.451615421315,1187,198,989,0.0,2591.451615421315,16.680707666385846,SURVIVED (PROFIT)
17,60,2688.669299971379,2084,474,1610,0.0,2588.669299971379,22.744721689059503,SURVIVED (PROFIT)
47,10,2686.2697001823776,3521,787,2734,0.0,2586.2697001823776,22.35160465776768,SURVIVED (PROFIT)
100,36,2685.940750163803,1302,228,1074,0.0,2585.940750163803,17.51152073732719,SURVIVED (PROFIT)
65,37,2677.538756768778,1252,232,1020,0.0,2577.538756768778,18.53035143769968,SURVIVED (PROFIT)
100,43,2675.4911628665227,1151,185,966,0.0,2575.4911628665227,16.072980017376196,SURVIVED (PROFIT)
50,71,2674.3753380600347,1120,178,942,0.0,2574.3753380600347,15.892857142857142,SURVIVED (PROFIT)
28,17,2663.201117623752,2451,496,1955,0.0,2563.201117623752,20.236638106895143,SURVIVED (PROFIT)
36,42,2662.702761894545,1147,186,961,0.0,2562.702761894545,16.216216216216218,SURVIVED (PROFIT)
30,42,2660.5469761678423,1522,257,1265,0.0,2560.5469761678423,16.885676741130094,SURVIVED (PROFIT)
49,10,2660.2838000039337,3532,780,2752,0.0,2560.2838000039337,22.083805209513024,SURVIVED (PROFIT)
37,60,2653.0608666991607,1362,238,1124,0.0,2553.0608666991607,17.474302496328928,SURVIVED (PROFIT)
39,35,2652.689828610004,1089,176,913,0.0,2552.689828610004,16.161616161616163,SURVIVED (PROFIT)
40,64,2652.145547019466,1273,235,1038,0.0,2552.145547019466,18.460329929300865,SURVIVED (PROFIT)
72,42,2651.8449523184076,1115,196,919,0.0,2551.8449523184076,17.57847533632287,SURVIVED (PROFIT)
10,74,2646.369175547002,2571,628,1943,0.0,2546.369175547002,24.42629327110074,SURVIVED (PROFIT)
15,61,2644.197540929599,2192,518,1674,0.0,2544.197540929599,23.631386861313867,SURVIVED (PROFIT)
67,19,2644.1475263568236,2318,508,1810,0.0,2544.1475263568236,21.91544434857636,SURVIVED (PROFIT)
99,76,2641.2979473678174,843,116,727,0.0,2541.2979473678174,13.76037959667853,SURVIVED (PROFIT)
43,40,2641.2591749407948,930,152,778,0.0,2541.2591749407948,16.344086021505376,SURVIVED (PROFIT)
61,35,2638.019657225085,1335,248,1087,0.0,2538.019657225085,18.576779026217228,SURVIVED (PROFIT)
62,39,2636.971076930634,1197,202,995,0.0,2536.971076930634,16.875522138680033,SURVIVED (PROFIT)
12,75,2634.035359973554,2345,563,1782,0.0,2534.035359973554,24.008528784648185,SURVIVED (PROFIT)
71,42,2632.6445476303275,1120,195,925,0.0,2532.6445476303275,17.410714285714285,SURVIVED (PROFIT)
31,31,2631.813000000105,1061,170,891,0.0,2531.813000000105,16.022620169651272,SURVIVED (PROFIT)
62,37,2629.6457027328197,1251,218,1033,0.0,2529.6457027328197,17.42605915267786,SURVIVED (PROFIT)
38,73,2623.784876681415,1246,242,1004,0.0,2523.784876681415,19.42215088282504,SURVIVED (PROFIT)
35,70,2622.477157142807,1340,260,1080,0.0,2522.477157142807,19.402985074626866,SURVIVED (PROFIT)
14,28,2621.992178572623,2725,600,2125,0.0,2521.992178572623,22.018348623853214,SURVIVED (PROFIT)
68,42,2621.6703333223645,1127,204,923,0.0,2521.6703333223645,18.101153504880212,SURVIVED (PROFIT)
36,37,2620.0548648703552,939,144,795,0.0,2520.0548648703552,15.335463258785943,SURVIVED (PROFIT)
50,70,2618.5576857389747,1124,180,944,0.0,2518.5576857389747,16.014234875444842,SURVIVED (PROFIT)
14,74,2617.0106081336125,2126,508,1618,0.0,2517.0106081336125,23.89463781749765,SURVIVED (PROFIT)
37,40,2615.731974966636,1008,147,861,0.0,2515.731974966636,14.583333333333334,SURVIVED (PROFIT)
70,37,2612.7124323389,1222,213,1009,0.0,2512.7124323389,17.430441898527004,SURVIVED (PROFIT)
66,19,2612.63547374683,2333,516,1817,0.0,2512.63547374683,22.11744534933562,SURVIVED (PROFIT)
15,62,2611.129532140897,2187,506,1681,0.0,2511.129532140897,23.136716963877458,SURVIVED (PROFIT)
15,74,2609.4559054655024,2060,483,1577,0.0,2509.4559054655024,23.446601941747574,SURVIVED (PROFIT)
46,11,2607.973000164857,3320,741,2579,0.0,2507.973000164857,22.319277108433734,SURVIVED (PROFIT)
48,11,2604.322273006654,3340,736,2604,0.0,2504.322273006654,22.035928143712574,SURVIVED (PROFIT)
15,76,2603.6513683881394,2051,482,1569,0.0,2503.6513683881394,23.500731350560702,SURVIVED (PROFIT)
99,43,2602.655232620501,1138,179,959,0.0,2502.655232620501,15.729349736379614,SURVIVED (PROFIT)
28,45,2598.4101332982227,1609,293,1316,0.0,2498.4101332982227,18.210068365444375,SURVIVED (PROFIT)
14,69,2598.174840643173,2151,521,1630,0.0,2498.174840643173,24.221292422129242,SURVIVED (PROFIT)
14,29,2595.045172438783,2721,601,2120,0.0,2495.045172438783,22.08746784270489,SURVIVED (PROFIT)
35,37,2594.612351345741,1037,169,868,0.0,2494.612351345741,16.2970106075217,SURVIVED (PROFIT)
11,76,2590.431868400829,2410,585,1825,0.0,2490.431868400829,24.273858921161825,SURVIVED (PROFIT)
34,60,2589.514599996517,1436,276,1160,0.0,2489.514599996517,19.220055710306408,SURVIVED (PROFIT)
54,37,2587.1545405215716,1258,203,1055,0.0,2487.1545405215716,16.136724960254373,SURVIVED (PROFIT)
54,39,2582.6159742841414,1205,190,1015,0.0,2482.6159742841414,15.767634854771783,SURVIVED (PROFIT)
61,37,2575.673810856825,1253,212,1041,0.0,2475.673810856825,16.919393455706306,SURVIVED (PROFIT)
35,63,2573.0979842112456,1399,262,1137,0.0,2473.0979842112456,18.727662616154394,SURVIVED (PROFIT)
41,40,2572.9130500055317,834,134,700,0.0,2472.9130500055317,16.06714628297362,SURVIVED (PROFIT)
57,37,2569.6242972732052,1275,216,1059,0.0,2469.6242972732052,16.941176470588236,SURVIVED (PROFIT)
83,19,2562.209842180231,2265,465,1800,0.0,2462.209842180231,20.52980132450331,SURVIVED (PROFIT)
100,37,2556.6758920328875,1282,221,1061,0.0,2456.6758920328875,17.238689547581902,SURVIVED (PROFIT)
97,77,2553.9857662003506,810,105,705,0.0,2453.9857662003506,12.962962962962962,SURVIVED (PROFIT)
55,37,2548.2784594561117,1270,209,1061,0.0,2448.2784594561117,16.456692913385826,SURVIVED (PROFIT)
48,10,2546.9040001196245,3547,779,2768,0.0,2446.9040001196245,21.962221595714688,SURVIVED (PROFIT)
39,40,2539.084524980044,840,126,714,0.0,2439.084524980044,15.0,SURVIVED (PROFIT)
68,39,2533.630051248411,1170,208,962,0.0,2433.630051248411,17.77777777777778,SURVIVED (PROFIT)
40,66,2531.100636507352,1258,241,1017,0.0,2431.100636507352,19.15739268680445,SURVIVED (PROFIT)
16,31,2529.397032190572,2393,511,1882,0.0,2429.397032190572,21.353949017969075,SURVIVED (PROFIT)
14,12,2528.0549165468906,2863,595,2268,0.0,2428.0549165468906,20.78239608801956,SURVIVED (PROFIT)
12,73,2525.28854799281,2321,561,1760,0.0,2425.28854799281,24.170616113744074,SURVIVED (PROFIT)
60,37,2519.1401622012663,1271,213,1058,0.0,2419.1401622012663,16.758457907159716,SURVIVED (PROFIT)
38,64,2517.5273437921487,1327,244,1083,0.0,2417.5273437921487,18.38733986435569,SURVIVED (PROFIT)
53,37,2513.9779729828188,1248,203,1045,0.0,2413.9779729828188,16.266025641025642,SURVIVED (PROFIT)
42,40,2509.4655750108705,898,146,752,0.0,2409.4655750108705,16.258351893095767,SURVIVED (PROFIT)
15,30,2507.167666544106,2540,557,1983,0.0,2407.167666544106,21.929133858267715,SURVIVED (PROFIT)
35,60,2503.364916657158,1403,268,1135,0.0,2403.364916657158,19.10192444761226,SURVIVED (PROFIT)
11,80,2503.3028750590242,2361,570,1791,0.0,2403.3028750590242,24.1423125794155,SURVIVED (PROFIT)
35,65,2502.603646221343,1372,256,1116,0.0,2402.603646221343,18.658892128279884,SURVIVED (PROFIT)
66,37,2502.455108108358,1253,225,1028,0.0,2402.455108108358,17.956903431763767,SURVIVED (PROFIT)
70,42,2501.2881428273245,1116,195,921,0.0,2401.2881428273245,17.473118279569892,SURVIVED (PROFIT)
39,43,2500.9697907054215,977,154,823,0.0,2400.9697907054215,15.762538382804504,SURVIVED (PROFIT)
38,62,2495.4195323300873,1320,246,1074,0.0,2395.4195323300873,18.636363636363637,SURVIVED (PROFIT)
38,36,2490.3323611729156,965,149,816,0.0,2390.3323611729156,15.44041450777202,SURVIVED (PROFIT)
100,62,2483.9087742265647,962,163,799,0.0,2383.9087742265647,16.943866943866944,SURVIVED (PROFIT)
100,39,2478.993179625287,1195,199,996,0.0,2378.993179625287,16.652719665271967,SURVIVED (PROFIT)
56,40,2475.3705249685045,1208,204,1004,0.0,2375.3705249685045,16.887417218543046,SURVIVED (PROFIT)
48,69,2474.215029126945,1145,181,964,0.0,2374.215029126945,15.807860262008733,SURVIVED (PROFIT)
38,65,2473.471507759417,1313,247,1066,0.0,2373.471507759417,18.81188118811881,SURVIVED (PROFIT)
36,39,2467.250974346176,1017,155,862,0.0,2367.250974346176,15.240904621435595,SURVIVED (PROFIT)
98,64,2467.127343779648,896,139,757,0.0,2367.127343779648,15.513392857142858,SURVIVED (PROFIT)
14,25,2466.555520250644,2784,625,2159,0.0,2366.555520250644,22.44971264367816,SURVIVED (PROFIT)
85,26,2464.4083074373466,1776,321,1455,0.0,2364.4083074373466,18.074324324324326,SURVIVED (PROFIT)
29,42,2462.982238094529,1557,263,1294,0.0,2362.982238094529,16.89145793192036,SURVIVED (PROFIT)
57,39,2454.2228460894853,1226,201,1025,0.0,2354.2228460894853,16.39477977161501,SURVIVED (PROFIT)
97,64,2446.873781246405,902,143,759,0.0,2346.873781246405,15.853658536585366,SURVIVED (PROFIT)
44,40,2443.2297999310204,965,160,805,0.0,2343.2297999310204,16.580310880829018,SURVIVED (PROFIT)
100,79,2442.813341787349,804,112,692,0.0,2342.813341787349,13.930348258706468,SURVIVED (PROFIT)
98,65,2434.155292328784,886,139,747,0.0,2334.155292328784,15.688487584650112,SURVIVED (PROFIT)
98,78,2433.6240512393306,775,97,678,0.0,2333.6240512393306,12.516129032258064,SURVIVED (PROFIT)
10,76,2429.4829340839146,2595,619,1976,0.0,2329.4829340839146,23.853564547206165,SURVIVED (PROFIT)
60,39,2422.761153888987,1224,200,1024,0.0,2322.761153888987,16.33986928104575,SURVIVED (PROFIT)
20,31,2422.6899033294453,2112,411,1701,0.0,2322.6899033294453,19.460227272727273,SURVIVED (PROFIT)
40,43,2422.477162799463,948,154,794,0.0,2322.477162799463,16.244725738396625,SURVIVED (PROFIT)
97,78,2421.7742820025696,780,99,681,0.0,2321.7742820025696,12.692307692307692,SURVIVED (PROFIT)
46,10,2414.6775001277338,3521,778,2743,0.0,2314.6775001277338,22.09599545583641,SURVIVED (PROFIT)
99,62,2414.2342096970497,943,156,787,0.0,2314.2342096970497,16.542948038176032,SURVIVED (PROFIT)
38,35,2407.635057208728,1048,173,875,0.0,2307.635057208728,16.50763358778626,SURVIVED (PROFIT)
97,65,2406.9179076786295,895,143,752,0.0,2306.9179076786295,15.977653631284916,SURVIVED (PROFIT)
24,17,2402.0545882716815,2407,455,1952,0.0,2302.0545882716815,18.903199002908185,SURVIVED (PROFIT)
11,75,2400.6987599554,2420,586,1834,0.0,2300.6987599554,24.21487603305785,SURVIVED (PROFIT)
55,39,2399.649589687001,1216,194,1022,0.0,2299.649589687001,15.953947368421053,SURVIVED (PROFIT)
39,41,2393.4006097427236,897,140,757,0.0,2293.4006097427236,15.607580824972128,SURVIVED (PROFIT)
15,31,2387.3468386876666,2489,547,1942,0.0,2287.3468386876666,21.976697468862998,SURVIVED (PROFIT)
10,75,2385.819719835613,2593,621,1972,0.0,2285.819719835613,23.949093713844967,SURVIVED (PROFIT)
14,86,2384.461290770651,2047,508,1539,0.0,2284.461290770651,24.816805080605764,SURVIVED (PROFIT)
96,68,2383.3185146106266,839,124,715,0.0,2283.3185146106266,14.779499404052443,SURVIVED (PROFIT)
48,71,2375.8537606752366,1157,185,972,0.0,2275.8537606752366,15.989628349178911,SURVIVED (PROFIT)
14,84,2365.4958452833857,2052,507,1545,0.0,2265.4958452833857,24.707602339181285,SURVIVED (PROFIT)
45,11,2363.1537273541744,3280,721,2559,0.0,2263.1537273541744,21.98170731707317,SURVIVED (PROFIT)
53,39,2362.8225640335277,1202,189,1013,0.0,2262.8225640335277,15.72379367720466,SURVIVED (PROFIT)
35,42,2351.7972142139306,1235,201,1034,0.0,2251.7972142139306,16.275303643724694,SURVIVED (PROFIT)
20,30,2348.8628333769743,2127,406,1721,0.0,2248.8628333769743,19.08791725434885,SURVIVED (PROFIT)
40,63,2345.5388731775315,1291,238,1053,0.0,2245.5388731775315,18.435321456235478,SURVIVED (PROFIT)
48,70,2342.1615715440407,1160,185,975,0.0,2242.1615715440407,15.948275862068966,SURVIVED (PROFIT)
12,76,2340.5633946865396,2329,554,1775,0.0,2240.5633946865396,23.787033061399743,SURVIVED (PROFIT)
84,26,2339.107499736525,1763,308,1455,0.0,2239.107499736525,17.470221213840045,SURVIVED (PROFIT)
38,61,2338.1650000472337,1309,236,1073,0.0,2238.1650000472337,18.029029793735678,SURVIVED (PROFIT)
99,79,2337.7445822745544,801,106,695,0.0,2237.7445822745544,13.2334581772784,SURVIVED (PROFIT)
100,63,2335.00606353022,949,155,794,0.0,2235.00606353022,16.332982086406744,SURVIVED (PROFIT)
50,67,2329.650522411152,1132,188,944,0.0,2229.650522411152,16.607773851590103,SURVIVED (PROFIT)
69,39,2328.2678973979987,1153,203,950,0.0,2228.2678973979987,17.606244579358197,SURVIVED (PROFIT)
48,68,2326.3420883190124,1144,187,957,0.0,2226.3420883190124,16.346153846153847,SURVIVED (PROFIT)
98,76,2326.0097631330727,819,106,713,0.0,2226.0097631330727,12.942612942612945,SURVIVED (PROFIT)
100,34,2324.2128530472514,1377,247,1130,0.0,2224.2128530472514,17.93754538852578,SURVIVED (PROFIT)
17,57,2320.5132808390185,2099,462,1637,0.0,2220.5132808390185,22.010481181515008,SURVIVED (PROFIT)
96,69,2316.413086905613,851,123,728,0.0,2216.413086905613,14.45358401880141,SURVIVED (PROFIT)
15,83,2312.2617229713037,1988,487,1501,0.0,2212.2617229713037,24.49698189134809,SURVIVED (PROFIT)
98,75,2309.632346627329,824,103,721,0.0,2209.632346627329,12.5,SURVIVED (PROFIT)
41,72,2307.7470556577014,1200,243,957,0.0,2207.7470556577014,20.25,SURVIVED (PROFIT)
99,63,2306.509650823904,928,148,780,0.0,2206.509650823904,15.948275862068966,SURVIVED (PROFIT)
65,19,2305.2334211342654,2333,509,1824,0.0,2205.2334211342654,21.817402486069437,SURVIVED (PROFIT)
35,39,2305.024666613863,1102,173,929,0.0,2205.024666613863,15.698729582577132,SURVIVED (PROFIT)
42,35,2303.335714414869,1203,197,1006,0.0,2203.335714414869,16.375727348295925,SURVIVED (PROFIT)
49,68,2301.8890147498932,1130,188,942,0.0,2201.8890147498932,16.63716814159292,SURVIVED (PROFIT)
83,26,2301.1508074586177,1758,305,1453,0.0,2201.1508074586177,17.34926052332196,SURVIVED (PROFIT)
69,19,2300.0839999980617,2305,498,1807,0.0,2200.0839999980617,21.60520607375271,SURVIVED (PROFIT)
68,19,2293.291000019542,2298,494,1804,0.0,2193.291000019542,21.496953872932988,SURVIVED (PROFIT)
40,41,2292.440634121313,841,133,708,0.0,2192.440634121313,15.81450653983353,SURVIVED (PROFIT)
11,74,2287.6750405417206,2401,583,1818,0.0,2187.6750405417206,24.281549354435654,SURVIVED (PROFIT)
100,44,2286.987000072551,1125,189,936,0.0,2186.987000072551,16.8,SURVIVED (PROFIT)
38,63,2284.7331746722734,1335,248,1087,0.0,2184.7331746722734,18.576779026217228,SURVIVED (PROFIT)
34,66,2283.5837879452934,1410,264,1146,0.0,2183.5837879452934,18.72340425531915,SURVIVED (PROFIT)
100,60,2277.000183333838,989,164,825,0.0,2177.000183333838,16.582406471183013,SURVIVED (PROFIT)
95,68,2276.2946175477923,853,122,731,0.0,2176.2946175477923,14.302461899179367,SURVIVED (PROFIT)
54,11,2274.644908998856,3349,744,2605,0.0,2174.644908998856,22.21558674231114,SURVIVED (PROFIT)
46,17,2272.3124709367225,2425,515,1910,0.0,2172.3124709367225,21.237113402061855,SURVIVED (PROFIT)
34,65,2260.984753923376,1395,256,1139,0.0,2160.984753923376,18.351254480286737,SURVIVED (PROFIT)
41,71,2256.957253633639,1210,246,964,0.0,2156.957253633639,20.330578512396695,SURVIVED (PROFIT)
49,69,2252.537405887385,1138,182,956,0.0,2152.537405887385,15.992970123022848,SURVIVED (PROFIT)
67,38,2251.344842109054,1212,219,993,0.0,2151.344842109054,18.06930693069307,SURVIVED (PROFIT)
29,48,2249.4610624025686,1589,275,1314,0.0,2149.4610624025686,17.306482064191314,SURVIVED (PROFIT)
99,37,2248.4946217422025,1267,215,1052,0.0,2148.4946217422025,16.96921862667719,SURVIVED (PROFIT)
55,11,2239.6747271851846,3324,744,2580,0.0,2139.6747271851846,22.382671480144403,SURVIVED (PROFIT)
58,38,2234.871815769208,1249,206,1043,0.0,2134.871815769208,16.493194555644518,SURVIVED (PROFIT)
58,72,2229.895763970253,956,155,801,0.0,2129.895763970253,16.21338912133891,SURVIVED (PROFIT)
95,69,2225.371898497136,865,120,745,0.0,2125.371898497136,13.872832369942195,SURVIVED (PROFIT)
31,45,2223.2963331912847,1503,260,1243,0.0,2123.2963331912847,17.298735861610112,SURVIVED (PROFIT)
42,11,2222.7033637669724,3307,732,2575,0.0,2122.7033637669724,22.13486543695192,SURVIVED (PROFIT)
18,84,2221.602666806751,1831,430,1401,0.0,2121.602666806751,23.48443473511742,SURVIVED (PROFIT)
5,99,2216.6126160604063,4724,1399,3325,0.0,2116.6126160604063,29.614733276883996,SURVIVED (PROFIT)
87,72,2215.6005693161364,805,106,699,0.0,2115.6005693161364,13.167701863354036,SURVIVED (PROFIT)
97,37,2214.235351392508,1248,211,1037,0.0,2114.235351392508,16.907051282051285,SURVIVED (PROFIT)
37,34,2213.9936765652683,1125,183,942,0.0,2113.9936765652683,16.266666666666666,SURVIVED (PROFIT)
40,65,2203.612554021044,1264,237,1027,0.0,2103.612554021044,18.75,SURVIVED (PROFIT)
39,42,2203.176976187279,940,145,795,0.0,2103.176976187279,15.425531914893616,SURVIVED (PROFIT)
17,84,2198.285988239203,1888,439,1449,0.0,2098.285988239203,23.252118644067796,SURVIVED (PROFIT)
45,40,2198.1295999229856,1009,161,848,0.0,2098.1295999229856,15.95639246778989,SURVIVED (PROFIT)
47,68,2198.0755736228834,1155,201,954,0.0,2098.0755736228834,17.402597402597404,SURVIVED (PROFIT)
15,80,2195.7564000790785,1999,468,1531,0.0,2095.7564000790785,23.411705852926463,SURVIVED (PROFIT)
72,91,2195.344076984595,922,132,790,0.0,2095.344076984595,14.316702819956618,SURVIVED (PROFIT)
96,72,2190.708180504881,817,111,706,0.0,2090.708180504881,13.586291309669523,SURVIVED (PROFIT)
49,71,2183.3619719078365,1144,186,958,0.0,2083.3619719078365,16.258741258741257,SURVIVED (PROFIT)
15,82,2181.2173781317674,1983,476,1507,0.0,2081.2173781317674,24.00403429147756,SURVIVED (PROFIT)
53,11,2180.8179090635367,3345,741,2604,0.0,2080.8179090635367,22.152466367713007,SURVIVED (PROFIT)
88,72,2178.9404859911633,808,106,702,0.0,2078.9404859911633,13.118811881188119,SURVIVED (PROFIT)
57,40,2178.560424947022,1208,202,1006,0.0,2078.560424947022,16.721854304635762,SURVIVED (PROFIT)
59,72,2178.3214583996973,950,154,796,0.0,2078.3214583996973,16.210526315789473,SURVIVED (PROFIT)
14,91,2169.452406602746,2022,505,1517,0.0,2069.452406602746,24.975272007912956,SURVIVED (PROFIT)
40,42,2168.5985238042354,898,142,756,0.0,2068.5985238042354,15.812917594654788,SURVIVED (PROFIT)
47,69,2166.701869710736,1155,196,959,0.0,2066.701869710736,16.969696969696972,SURVIVED (PROFIT)
53,36,2165.5832500945744,1279,211,1068,0.0,2065.5832500945744,16.497263487099296,SURVIVED (PROFIT)
35,34,2165.400764743923,1035,167,868,0.0,2065.400764743923,16.135265700483092,SURVIVED (PROFIT)
65,48,2164.140708202849,1137,194,943,0.0,2064.140708202849,17.06244503078276,SURVIVED (PROFIT)
72,72,2163.250000000057,542,76,466,0.0,2063.250000000057,14.022140221402212,SURVIVED (PROFIT)
83,17,2161.754647046779,2380,487,1893,0.0,2061.754647046779,20.462184873949578,SURVIVED (PROFIT)
49,17,2160.0446473526044,2459,511,1948,0.0,2060.0446473526044,20.780805205368036,SURVIVED (PROFIT)
99,60,2159.261499976044,979,157,822,0.0,2059.261499976044,16.036772216547497,SURVIVED (PROFIT)
54,40,2158.576249930258,1178,189,989,0.0,2058.576249930258,16.044142614601018,SURVIVED (PROFIT)
97,76,2158.230526285771,830,108,722,0.0,2058.230526285771,13.012048192771083,SURVIVED (PROFIT)
87,68,2154.7676469290845,848,120,728,0.0,2054.7676469290845,14.150943396226415,SURVIVED (PROFIT)
59,38,2151.032552583684,1253,211,1042,0.0,2051.032552583684,16.839584996009577,SURVIVED (PROFIT)
87,67,2149.0849551149495,855,127,728,0.0,2049.0849551149495,14.853801169590644,SURVIVED (PROFIT)
95,72,2147.4032638359754,820,109,711,0.0,2047.4032638359754,13.292682926829269,SURVIVED (PROFIT)
50,66,2146.193803072339,1148,190,958,0.0,2046.193803072339,16.550522648083625,SURVIVED (PROFIT)
63,38,2145.8922105670986,1237,217,1020,0.0,2045.8922105670986,17.54244139046079,SURVIVED (PROFIT)
56,38,2145.745342106892,1257,209,1048,0.0,2045.7453421068922,16.626889419252187,SURVIVED (PROFIT)
39,67,2141.0177015559307,1241,235,1006,0.0,2041.0177015559307,18.93634165995165,SURVIVED (PROFIT)
65,45,2139.4017109516076,1144,206,938,0.0,2039.4017109516076,18.006993006993007,SURVIVED (PROFIT)
39,71,2138.192971857146,1221,237,984,0.0,2038.192971857146,19.41031941031941,SURVIVED (PROFIT)
53,68,2132.9085147721876,1078,176,902,0.0,2032.9085147721876,16.3265306122449,SURVIVED (PROFIT)
95,75,2130.1408266205117,844,105,739,0.0,2030.1408266205117,12.440758293838861,SURVIVED (PROFIT)
71,39,2127.5304615125624,1150,198,952,0.0,2027.5304615125624,17.217391304347824,SURVIVED (PROFIT)
51,68,2126.6854264870935,1095,178,917,0.0,2026.6854264870935,16.25570776255708,SURVIVED (PROFIT)
97,75,2120.2399999489107,837,105,732,0.0,2020.2399999489107,12.544802867383511,SURVIVED (PROFIT)
14,89,2114.5701348759785,2041,505,1536,0.0,2014.5701348759785,24.742773150416465,SURVIVED (PROFIT)
39,69,2113.8263768401807,1208,228,980,0.0,2013.8263768401807,18.874172185430464,SURVIVED (PROFIT)
49,70,2112.0604572038696,1148,186,962,0.0,2012.0604572038696,16.202090592334496,SURVIVED (PROFIT)
48,17,2109.0168238375163,2461,509,1952,0.0,2009.0168238375163,20.682649329540837,SURVIVED (PROFIT)
51,71,2107.661028207551,1112,175,937,0.0,2007.6610282075512,15.737410071942445,SURVIVED (PROFIT)
64,38,2107.3511579251062,1247,218,1029,0.0,2007.3511579251062,17.48195669607057,SURVIVED (PROFIT)
96,70,2105.740328522367,845,115,730,0.0,2005.7403285223668,13.609467455621301,SURVIVED (PROFIT)
96,75,2103.1788932766226,844,105,739,0.0,2003.1788932766226,12.440758293838861,SURVIVED (PROFIT)
96,71,2102.939380244324,842,117,725,0.0,2002.9393802443242,13.895486935866982,SURVIVED (PROFIT)
47,17,2101.571353309193,2448,516,1932,0.0,2001.571353309193,21.07843137254902,SURVIVED (PROFIT)
53,40,2101.4956999593933,1172,190,982,0.0,2001.4956999593933,16.21160409556314,SURVIVED (PROFIT)
39,44,2100.5340454881366,1004,159,845,0.0,2000.5340454881366,15.836653386454183,SURVIVED (PROFIT)
30,48,2092.073062378746,1575,271,1304,0.0,1992.0730623787458,17.206349206349206,SURVIVED (PROFIT)
36,34,2089.8274118251297,1073,177,896,0.0,1989.8274118251297,16.495806150978567,SURVIVED (PROFIT)
96,74,2086.6685675236204,823,105,718,0.0,1986.6685675236204,12.75820170109356,SURVIVED (PROFIT)
60,72,2085.4934584182224,929,143,786,0.0,1985.4934584182224,15.392895586652314,SURVIVED (PROFIT)
61,72,2084.453958417674,896,140,756,0.0,1984.4539584176741,15.625,SURVIVED (PROFIT)
44,39,2083.3545384350086,1026,168,858,0.0,1983.3545384350086,16.374269005847953,SURVIVED (PROFIT)
67,50,2080.677799956932,1091,187,904,0.0,1980.6777999569322,17.140238313473876,SURVIVED (PROFIT)
40,39,2080.4245128579214,845,127,718,0.0,1980.4245128579214,15.02958579881657,SURVIVED (PROFIT)
30,45,2079.4290221290307,1538,266,1272,0.0,1979.4290221290307,17.29518855656697,SURVIVED (PROFIT)
36,38,2079.3199737158357,979,150,829,0.0,1979.3199737158357,15.321756894790603,SURVIVED (PROFIT)
96,76,2079.2971315336677,834,107,727,0.0,1979.2971315336677,12.829736211031175,SURVIVED (PROFIT)
37,11,2079.098636451141,3283,720,2563,0.0,1979.098636451141,21.931160523911057,SURVIVED (PROFIT)
49,40,2077.606049978721,1101,170,931,0.0,1977.6060499787209,15.440508628519527,SURVIVED (PROFIT)
47,71,2072.236450804563,1173,203,970,0.0,1972.236450804563,17.306052855924978,SURVIVED (PROFIT)
54,38,2069.533710499885,1232,195,1037,0.0,1969.5337104998848,15.827922077922077,SURVIVED (PROFIT)
55,36,2069.111750064591,1301,218,1083,0.0,1969.111750064591,16.756341275941583,SURVIVED (PROFIT)
36,44,2063.1056136051684,1197,193,1004,0.0,1963.1056136051684,16.12364243943191,SURVIVED (PROFIT)
95,76,2051.9496315386773,836,105,731,0.0,1951.9496315386773,12.55980861244019,SURVIVED (PROFIT)
30,46,2051.240347780079,1547,262,1285,0.0,1951.240347780079,16.93600517129929,SURVIVED (PROFIT)
95,74,2042.70381076609,828,103,725,0.0,1942.70381076609,12.439613526570048,SURVIVED (PROFIT)
41,70,2042.6924858139114,1208,238,970,0.0,1942.6924858139114,19.70198675496689,SURVIVED (PROFIT)
72,39,2040.1715640380562,1153,200,953,0.0,1940.1715640380562,17.346053772766695,SURVIVED (PROFIT)
53,67,2039.4585970841536,1084,181,903,0.0,1939.4585970841536,16.69741697416974,SURVIVED (PROFIT)
39,45,2037.784755639078,1040,161,879,0.0,1937.784755639078,15.480769230769232,SURVIVED (PROFIT)
78,74,2036.69643236939,655,81,574,0.0,1936.69643236939,12.366412213740457,SURVIVED (PROFIT)
35,38,2029.1861578773533,1066,170,896,0.0,1929.1861578773533,15.947467166979362,SURVIVED (PROFIT)
29,45,2024.4288221672696,1578,276,1302,0.0,1924.4288221672696,17.490494296577946,SURVIVED (PROFIT)
75,72,2021.9859860767374,615,78,537,0.0,1921.9859860767374,12.682926829268293,SURVIVED (PROFIT)
72,70,2021.8869571274313,607,83,524,0.0,1921.8869571274313,13.673805601317957,SURVIVED (PROFIT)
47,70,2021.2400715401604,1174,200,974,0.0,1921.2400715401604,17.035775127768314,SURVIVED (PROFIT)
88,67,2021.2010745208404,854,127,727,0.0,1921.2010745208404,14.8711943793911,SURVIVED (PROFIT)
35,45,2020.2967776942,1283,210,1073,0.0,1920.2967776942,16.36788776305534,SURVIVED (PROFIT)
40,45,2018.3198445510852,1011,160,851,0.0,1918.3198445510852,15.82591493570722,SURVIVED (PROFIT)
98,39,2017.5945898320306,1184,192,992,0.0,1917.5945898320306,16.216216216216218,SURVIVED (PROFIT)
68,50,2014.6864999400545,1076,177,899,0.0,1914.6864999400545,16.449814126394052,SURVIVED (PROFIT)
64,48,2013.8280624332538,1124,181,943,0.0,1913.8280624332538,16.10320284697509,SURVIVED (PROFIT)
70,72,2013.3141805604282,605,82,523,0.0,1913.3141805604282,13.553719008264462,SURVIVED (PROFIT)
87,69,2013.0363622249665,871,117,754,0.0,1913.0363622249665,13.432835820895523,SURVIVED (PROFIT)
88,69,2012.9938984603095,869,117,752,0.0,1912.9938984603095,13.463751438434981,SURVIVED (PROFIT)
70,39,2012.1437948002936,1155,198,957,0.0,1912.1437948002936,17.142857142857142,SURVIVED (PROFIT)
88,68,2010.9833234020757,848,120,728,0.0,1910.9833234020757,14.150943396226415,SURVIVED (PROFIT)
12,15,2010.531533744473,2970,615,2355,0.0,1910.531533744473,20.707070707070706,SURVIVED (PROFIT)
39,72,2005.829944471,1204,236,968,0.0,1905.829944471,19.601328903654487,SURVIVED (PROFIT)
48,72,2005.8199167714997,1151,182,969,0.0,1905.8199167714997,15.8123370981755,SURVIVED (PROFIT)
95,71,2003.624704180923,852,114,738,0.0,1903.624704180923,13.380281690140844,SURVIVED (PROFIT)
54,68,2003.161661838827,1077,169,908,0.0,1903.161661838827,15.691736304549675,SURVIVED (PROFIT)
95,70,2002.7594713698395,857,112,745,0.0,1902.7594713698395,13.068844807467912,SURVIVED (PROFIT)
34,34,2002.380000000116,1008,156,852,0.0,1902.380000000116,15.476190476190476,SURVIVED (PROFIT)
55,40,2000.1109249435626,1194,195,999,0.0,1900.1109249435626,16.331658291457288,SURVIVED (PROFIT)
43,39,1996.6326153687678,994,156,838,0.0,1896.6326153687678,15.694164989939638,SURVIVED (PROFIT)
61,78,1995.93462828786,962,149,813,0.0,1895.93462828786,15.48856548856549,SURVIVED (PROFIT)
68,38,1995.3118683887838,1207,210,997,0.0,1895.3118683887838,17.39850869925435,SURVIVED (PROFIT)
65,49,1995.0837958048996,1125,189,936,0.0,1895.0837958048996,16.8,SURVIVED (PROFIT)
41,39,1994.466051347833,892,139,753,0.0,1894.466051347833,15.582959641255606,SURVIVED (PROFIT)
86,72,1994.3862359630548,794,104,690,0.0,1894.3862359630548,13.09823677581864,SURVIVED (PROFIT)
99,39,1989.8470770353897,1203,198,1005,0.0,1889.8470770353897,16.458852867830423,SURVIVED (PROFIT)
72,60,1987.6822165932967,937,149,788,0.0,1887.6822165932967,15.901814300960512,SURVIVED (PROFIT)
28,44,1987.530886354511,1624,291,1333,0.0,1887.530886354511,17.91871921182266,SURVIVED (PROFIT)
35,46,1985.900239055526,1285,208,1077,0.0,1885.900239055526,16.186770428015564,SURVIVED (PROFIT)
44,36,1985.6072500582222,1197,195,1002,0.0,1885.6072500582222,16.290726817042607,SURVIVED (PROFIT)
39,68,1981.6311324011763,1208,225,983,0.0,1881.6311324011763,18.625827814569536,SURVIVED (PROFIT)
36,46,1980.78945649868,1238,201,1037,0.0,1880.78945649868,16.235864297253634,SURVIVED (PROFIT)
87,70,1973.9089856019323,869,113,756,0.0,1873.9089856019323,13.003452243958574,SURVIVED (PROFIT)
67,53,1973.8647547066962,1085,175,910,0.0,1873.8647547066962,16.129032258064516,SURVIVED (PROFIT)
67,49,1970.0296734083436,1099,194,905,0.0,1870.0296734083436,17.65241128298453,SURVIVED (PROFIT)
18,85,1969.781764835921,1815,426,1389,0.0,1869.781764835921,23.471074380165287,SURVIVED (PROFIT)
70,70,1967.065000000066,572,76,496,0.0,1867.065000000066,13.286713286713287,SURVIVED (PROFIT)
39,66,1965.3615303723373,1278,234,1044,0.0,1865.3615303723373,18.30985915492958,SURVIVED (PROFIT)
38,40,1964.9265249361843,934,130,804,0.0,1864.9265249361843,13.9186295503212,SURVIVED (PROFIT)
59,69,1964.6206957485474,922,144,778,0.0,1864.6206957485474,15.61822125813449,SURVIVED (PROFIT)
68,68,1961.9150000000727,555,76,479,0.0,1861.9150000000727,13.693693693693692,SURVIVED (PROFIT)
41,68,1960.696661878807,1195,234,961,0.0,1860.696661878807,19.581589958158997,SURVIVED (PROFIT)
73,42,1954.8621903670573,1133,193,940,0.0,1854.8621903670573,17.03442188879082,SURVIVED (PROFIT)
88,70,1953.9811570346346,871,113,758,0.0,1853.9811570346346,12.973593570608497,SURVIVED (PROFIT)
31,46,1952.7997607812376,1505,258,1247,0.0,1852.7997607812376,17.142857142857142,SURVIVED (PROFIT)
96,73,1951.4450410590393,814,104,710,0.0,1851.4450410590393,12.776412776412776,SURVIVED (PROFIT)
43,66,1947.3938940353005,1236,237,999,0.0,1847.3938940353005,19.174757281553397,SURVIVED (PROFIT)
41,67,1947.3651045865554,1225,240,985,0.0,1847.3651045865554,19.591836734693878,SURVIVED (PROFIT)
40,60,1946.3810668362803,1312,231,1081,0.0,1846.3810668362803,17.60670731707317,SURVIVED (PROFIT)
36,45,1945.6943777329393,1223,197,1026,0.0,1845.6943777329393,16.107931316434996,SURVIVED (PROFIT)
97,39,1945.3334359488044,1203,195,1008,0.0,1845.3334359488044,16.209476309226932,SURVIVED (PROFIT)
97,79,1942.228683494469,780,96,684,0.0,1842.228683494469,12.307692307692308,SURVIVED (PROFIT)
100,38,1940.874921203182,1237,204,1033,0.0,1840.874921203182,16.49151172190784,SURVIVED (PROFIT)
43,11,1940.24627286152,3308,723,2585,0.0,1840.24627286152,21.856106408706168,SURVIVED (PROFIT)
46,40,1939.9105499415173,1045,157,888,0.0,1839.9105499415173,15.023923444976075,SURVIVED (PROFIT)
40,44,1938.92636366527,976,157,819,0.0,1838.92636366527,16.08606557377049,SURVIVED (PROFIT)
76,72,1937.8383471712018,653,85,568,0.0,1837.8383471712018,13.016845329249618,SURVIVED (PROFIT)
69,50,1936.4147799531343,1068,172,896,0.0,1836.4147799531343,16.10486891385768,SURVIVED (PROFIT)
39,70,1934.5698285699814,1221,232,989,0.0,1834.5698285699814,19.000819000819,SURVIVED (PROFIT)
69,69,1932.2750000000733,573,78,495,0.0,1832.2750000000733,13.612565445026178,SURVIVED (PROFIT)
75,74,1932.2396486337657,566,72,494,0.0,1832.2396486337657,12.7208480565371,SURVIVED (PROFIT)
31,43,1931.7523487572166,1479,244,1235,0.0,1831.7523487572166,16.49763353617309,SURVIVED (PROFIT)
53,38,1927.488973680589,1223,194,1029,0.0,1827.488973680589,15.862632869991824,SURVIVED (PROFIT)
63,48,1924.8175624417368,1122,180,942,0.0,1824.8175624417368,16.0427807486631,SURVIVED (PROFIT)
54,36,1924.4084722910775,1303,211,1092,0.0,1824.4084722910775,16.193399846508058,SURVIVED (PROFIT)
42,69,1924.1704059273152,1191,229,962,0.0,1824.1704059273152,19.227539882451723,SURVIVED (PROFIT)
86,67,1923.2957013534437,846,126,720,0.0,1823.2957013534437,14.893617021276595,SURVIVED (PROFIT)
55,38,1920.4583420941408,1239,199,1040,0.0,1820.4583420941408,16.06133979015335,SURVIVED (PROFIT)
72,100,1920.425780048714,928,132,796,0.0,1820.425780048714,14.224137931034484,SURVIVED (PROFIT)
86,68,1919.1418086782382,841,119,722,0.0,1819.1418086782382,14.149821640903687,SURVIVED (PROFIT)
72,99,1913.899303098974,913,127,786,0.0,1813.899303098974,13.910186199342824,SURVIVED (PROFIT)
61,38,1912.4572369212779,1220,202,1018,0.0,1812.4572369212779,16.557377049180328,SURVIVED (PROFIT)
98,79,1912.0139113492914,777,94,683,0.0,1812.0139113492914,12.097812097812097,SURVIVED (PROFIT)
42,71,1911.8699437806295,1205,236,969,0.0,1811.8699437806295,19.585062240663902,SURVIVED (PROFIT)
59,68,1911.5003382743662,916,141,775,0.0,1811.5003382743662,15.393013100436681,SURVIVED (PROFIT)
48,67,1911.4497165311332,1174,193,981,0.0,1811.4497165311332,16.43952299829642,SURVIVED (PROFIT)
49,36,1910.6875834349548,1245,198,1047,0.0,1810.6875834349548,15.903614457831324,SURVIVED (PROFIT)
69,68,1909.0485440826246,592,79,513,0.0,1809.0485440826246,13.344594594594595,SURVIVED (PROFIT)
42,39,1906.2264103260754,950,149,801,0.0,1806.2264103260754,15.68421052631579,SURVIVED (PROFIT)
69,72,1904.8318749995024,634,86,548,0.0,1804.8318749995024,13.564668769716087,SURVIVED (PROFIT)
68,49,1903.3866938137435,1087,182,905,0.0,1803.3866938137435,16.74333026678933,SURVIVED (PROFIT)
51,40,1902.168774983042,1143,177,966,0.0,1802.168774983042,15.485564304461944,SURVIVED (PROFIT)
95,73,1902.1068903728537,820,102,718,0.0,1802.1068903728537,12.439024390243903,SURVIVED (PROFIT)
72,75,1900.0462667192487,647,83,564,0.0,1800.0462667192487,12.828438948995363,SURVIVED (PROFIT)
67,52,1900.0073461291477,1067,171,896,0.0,1800.0073461291477,16.026241799437678,SURVIVED (PROFIT)
74,72,1899.6856527522095,587,75,512,0.0,1799.6856527522095,12.776831345826235,SURVIVED (PROFIT)
68,69,1899.0696087508209,605,83,522,0.0,1799.0696087508209,13.71900826446281,SURVIVED (PROFIT)
14,85,1898.1854235423998,2059,508,1551,0.0,1798.1854235423998,24.672170956775133,SURVIVED (PROFIT)
74,75,1895.8529066871656,582,75,507,0.0,1795.8529066871656,12.886597938144329,SURVIVED (PROFIT)
69,70,1895.612185712479,603,81,522,0.0,1795.612185712479,13.432835820895523,SURVIVED (PROFIT)
78,73,1890.8122602076064,666,79,587,0.0,1790.8122602076064,11.861861861861863,SURVIVED (PROFIT)
17,85,1889.0672707212102,1883,437,1446,0.0,1789.0672707212102,23.207647371216144,SURVIVED (PROFIT)
83,35,1886.904714181651,1330,226,1104,0.0,1786.904714181651,16.99248120300752,SURVIVED (PROFIT)
38,41,1884.1883170334054,980,142,838,0.0,1784.1883170334054,14.489795918367346,SURVIVED (PROFIT)
69,38,1881.4298157552416,1192,206,986,0.0,1781.4298157552416,17.28187919463087,SURVIVED (PROFIT)
16,84,1875.1947501679629,1925,449,1476,0.0,1775.1947501679629,23.324675324675326,SURVIVED (PROFIT)
20,83,1874.88416868363,1734,382,1352,0.0,1774.88416868363,22.029988465974625,SURVIVED (PROFIT)
62,38,1874.1951842721633,1219,205,1014,0.0,1774.1951842721633,16.81706316652994,SURVIVED (PROFIT)
92,37,1869.4234324709796,1262,208,1054,0.0,1769.4234324709796,16.48177496038035,SURVIVED (PROFIT)
75,70,1868.148128515793,674,93,581,0.0,1768.148128515793,13.798219584569733,SURVIVED (PROFIT)
73,72,1866.5809860851405,560,73,487,0.0,1766.5809860851405,13.035714285714286,SURVIVED (PROFIT)
15,86,1866.554046629261,1988,484,1504,0.0,1766.554046629261,24.346076458752517,SURVIVED (PROFIT)
64,49,1865.0369795336433,1111,177,934,0.0,1765.0369795336433,15.931593159315932,SURVIVED (PROFIT)
78,75,1864.545226627105,651,78,573,0.0,1764.545226627105,11.981566820276496,SURVIVED (PROFIT)
76,74,1864.4306756364908,604,79,525,0.0,1764.4306756364908,13.079470198675496,SURVIVED (PROFIT)
72,90,1863.1454223064425,925,126,799,0.0,1763.1454223064425,13.621621621621621,SURVIVED (PROFIT)
87,75,1856.5120132526654,804,97,707,0.0,1756.5120132526654,12.064676616915424,SURVIVED (PROFIT)
68,72,1854.8937222845407,665,91,574,0.0,1754.8937222845407,13.684210526315791,SURVIVED (PROFIT)
54,67,1852.3741493138532,1086,172,914,0.0,1752.3741493138532,15.837937384898712,SURVIVED (PROFIT)
87,74,1848.8703512635798,795,99,696,0.0,1748.8703512635798,12.452830188679245,SURVIVED (PROFIT)
50,64,1848.2108594620017,1141,184,957,0.0,1748.2108594620017,16.1262050832603,SURVIVED (PROFIT)
68,70,1843.6258143441423,636,86,550,0.0,1743.6258143441423,13.522012578616351,SURVIVED (PROFIT)
61,17,1843.1439412548261,2443,515,1928,0.0,1743.1439412548261,21.080638559148586,SURVIVED (PROFIT)
47,67,1842.5468359193228,1186,205,981,0.0,1742.5468359193228,17.284991568296796,SURVIVED (PROFIT)
50,65,1838.7308154535908,1141,186,955,0.0,1738.7308154535908,16.301489921121824,SURVIVED (PROFIT)
14,26,1834.7385002895894,2795,628,2167,0.0,1734.7385002895894,22.468694096601073,SURVIVED (PROFIT)
77,74,1833.2265810160507,636,81,555,0.0,1733.2265810160507,12.735849056603774,SURVIVED (PROFIT)
69,49,1831.5446122088983,1080,177,903,0.0,1731.5446122088983,16.38888888888889,SURVIVED (PROFIT)
48,40,1830.2497999766938,1101,158,943,0.0,1730.2497999766938,14.350590372388739,SURVIVED (PROFIT)
87,71,1829.0480421491607,840,111,729,0.0,1729.0480421491607,13.214285714285715,SURVIVED (PROFIT)
63,49,1828.8390407563402,1103,178,925,0.0,1728.8390407563402,16.13780598368087,SURVIVED (PROFIT)
61,100,1822.4888700362444,1004,167,837,0.0,1722.4888700362444,16.633466135458168,SURVIVED (PROFIT)
49,72,1822.1695139575713,1135,183,952,0.0,1722.1695139575713,16.123348017621144,SURVIVED (PROFIT)
57,38,1819.9669473244235,1252,206,1046,0.0,1719.9669473244235,16.45367412140575,SURVIVED (PROFIT)
68,53,1819.7845848681504,1085,167,918,0.0,1719.7845848681504,15.391705069124423,SURVIVED (PROFIT)
75,73,1818.0953013498624,582,71,511,0.0,1718.0953013498624,12.199312714776632,SURVIVED (PROFIT)
74,76,1814.7070921414702,621,82,539,0.0,1714.7070921414702,13.20450885668277,SURVIVED (PROFIT)
40,46,1813.1231958233184,1031,158,873,0.0,1713.1231958233184,15.324927255092144,SURVIVED (PROFIT)
48,66,1811.2560758684613,1199,192,1007,0.0,1711.2560758684613,16.013344453711426,SURVIVED (PROFIT)
49,67,1809.4840896158535,1153,194,959,0.0,1709.4840896158535,16.825672159583693,SURVIVED (PROFIT)
88,71,1805.2622815915715,843,111,732,0.0,1705.2622815915715,13.167259786476867,SURVIVED (PROFIT)
15,60,1804.88186663934,2228,521,1707,0.0,1704.88186663934,23.384201077199283,SURVIVED (PROFIT)
85,35,1803.9826284955093,1344,233,1111,0.0,1703.9826284955093,17.336309523809522,SURVIVED (PROFIT)
50,40,1802.8572249811778,1129,170,959,0.0,1702.8572249811778,15.057573073516387,SURVIVED (PROFIT)
96,77,1802.5414544922164,808,102,706,0.0,1702.5414544922164,12.623762376237623,SURVIVED (PROFIT)
86,69,1801.0911738078253,862,117,745,0.0,1701.0911738078253,13.57308584686775,SURVIVED (PROFIT)
61,70,1800.4854572470313,878,138,740,0.0,1700.4854572470313,15.717539863325742,SURVIVED (PROFIT)
49,37,1799.5325676503785,1224,187,1037,0.0,1699.5325676503785,15.277777777777779,SURVIVED (PROFIT)
42,67,1796.0871344257898,1232,241,991,0.0,1696.0871344257898,19.56168831168831,SURVIVED (PROFIT)
77,72,1795.1076943672424,677,86,591,0.0,1695.1076943672424,12.703101920236337,SURVIVED (PROFIT)
51,67,1794.102164209923,1110,185,925,0.0,1694.102164209923,16.666666666666664,SURVIVED (PROFIT)
96,67,1793.7290446956345,861,130,731,0.0,1693.7290446956345,15.098722415795587,SURVIVED (PROFIT)
51,72,1791.074138914229,1108,172,936,0.0,1691.074138914229,15.523465703971121,SURVIVED (PROFIT)
52,40,1790.2867749602724,1133,176,957,0.0,1690.2867749602724,15.53398058252427,SURVIVED (PROFIT)
72,76,1789.8830526975626,688,90,598,0.0,1689.8830526975626,13.08139534883721,SURVIVED (PROFIT)
72,69,1789.767797056933,646,87,559,0.0,1689.767797056933,13.46749226006192,SURVIVED (PROFIT)
73,75,1787.690866705323,606,76,530,0.0,1687.690866705323,12.541254125412541,SURVIVED (PROFIT)
70,69,1781.6923043228544,608,81,527,0.0,1681.6923043228544,13.322368421052634,SURVIVED (PROFIT)
88,74,1781.6011350580352,804,100,704,0.0,1681.6011350580352,12.437810945273633,SURVIVED (PROFIT)
61,73,1781.071616516008,923,136,787,0.0,1681.071616516008,14.734561213434452,SURVIVED (PROFIT)
78,72,1780.455319372465,692,83,609,0.0,1680.455319372465,11.99421965317919,SURVIVED (PROFIT)
86,70,1779.0912284489668,856,111,745,0.0,1679.0912284489668,12.967289719626168,SURVIVED (PROFIT)
95,67,1778.2683730444483,873,131,742,0.0,1678.2683730444483,15.005727376861397,SURVIVED (PROFIT)
74,77,1775.662363687129,653,84,569,0.0,1675.662363687129,12.863705972434916,SURVIVED (PROFIT)
97,38,1774.04239479029,1206,198,1008,0.0,1674.04239479029,16.417910447761194,SURVIVED (PROFIT)
88,75,1773.0098132633466,814,97,717,0.0,1673.0098132633466,11.916461916461916,SURVIVED (PROFIT)
41,43,1769.4283255747364,883,137,746,0.0,1669.4283255747364,15.51528878822197,SURVIVED (PROFIT)
44,37,1768.3991081158842,1149,185,964,0.0,1668.3991081158842,16.100957354221062,SURVIVED (PROFIT)
87,76,1766.8856446615632,795,97,698,0.0,1666.8856446615632,12.20125786163522,SURVIVED (PROFIT)
87,66,1760.718499894339,888,126,762,0.0,1660.718499894339,14.18918918918919,SURVIVED (PROFIT)
95,37,1759.4851892875931,1274,211,1063,0.0,1659.4851892875931,16.562009419152275,SURVIVED (PROFIT)
61,69,1758.304072567118,864,133,731,0.0,1658.304072567118,15.393518518518517,SURVIVED (PROFIT)
14,36,1758.1145832034458,2488,580,1908,0.0,1658.1145832034458,23.311897106109324,SURVIVED (PROFIT)
58,65,1755.5496461876787,885,142,743,0.0,1655.5496461876787,16.045197740112993,SURVIVED (PROFIT)
77,68,1754.9287940001086,772,115,657,0.0,1654.9287940001086,14.896373056994818,SURVIVED (PROFIT)
69,75,1754.0262667106813,731,99,632,0.0,1654.0262667106813,13.543091655266759,SURVIVED (PROFIT)
70,49,1753.1171020176007,1076,172,904,0.0,1653.1171020176007,15.985130111524162,SURVIVED (PROFIT)
83,16,1751.37718746175,2534,518,2016,0.0,1651.37718746175,20.441988950276244,SURVIVED (PROFIT)
69,52,1751.09040381766,1068,162,906,0.0,1651.09040381766,15.168539325842698,SURVIVED (PROFIT)
61,67,1749.4087462798075,848,131,717,0.0,1649.4087462798075,15.44811320754717,SURVIVED (PROFIT)
75,69,1749.2591448544576,711,98,613,0.0,1649.2591448544576,13.783403656821378,SURVIVED (PROFIT)
52,67,1747.5378657290703,1080,176,904,0.0,1647.5378657290703,16.296296296296298,SURVIVED (PROFIT)
76,73,1745.5883561204805,619,78,541,0.0,1645.5883561204805,12.60096930533118,SURVIVED (PROFIT)
69,53,1745.2291131417828,1088,166,922,0.0,1645.2291131417828,15.257352941176471,SURVIVED (PROFIT)
37,44,1744.8649545528128,1156,179,977,0.0,1644.8649545528128,15.484429065743946,SURVIVED (PROFIT)
71,70,1744.3497714221094,600,81,519,0.0,1644.3497714221094,13.5,SURVIVED (PROFIT)
86,74,1743.9472025907749,782,97,685,0.0,1643.9472025907749,12.404092071611252,SURVIVED (PROFIT)
42,43,1742.136860461204,819,122,697,0.0,1642.136860461204,14.896214896214897,SURVIVED (PROFIT)
42,72,1741.3500973049172,1192,234,958,0.0,1641.3500973049172,19.630872483221477,SURVIVED (PROFIT)
95,77,1740.3291298362774,804,99,705,0.0,1640.3291298362774,12.313432835820896,SURVIVED (PROFIT)
39,64,1739.1989375496114,1295,231,1064,0.0,1639.1989375496114,17.83783783783784,SURVIVED (PROFIT)
87,73,1738.5888766138587,786,97,689,0.0,1638.5888766138587,12.340966921119593,SURVIVED (PROFIT)
68,77,1738.289870198047,819,120,699,0.0,1638.289870198047,14.652014652014653,SURVIVED (PROFIT)
67,54,1735.0658517808793,1083,167,916,0.0,1635.0658517808793,15.420129270544782,SURVIVED (PROFIT)
72,77,1734.9459091555873,718,92,626,0.0,1634.9459091555873,12.813370473537605,SURVIVED (PROFIT)
68,75,1733.2646000751747,757,106,651,0.0,1633.2646000751747,14.002642007926024,SURVIVED (PROFIT)
54,66,1732.9332122129758,1069,171,898,0.0,1632.9332122129758,15.99625818521983,SURVIVED (PROFIT)
61,66,1732.73460607195,839,132,707,0.0,1632.73460607195,15.73301549463647,SURVIVED (PROFIT)
75,75,1730.913000000061,565,69,496,0.0,1630.913000000061,12.212389380530974,SURVIVED (PROFIT)
70,71,1730.7006338266574,602,81,521,0.0,1630.7006338266574,13.455149501661129,SURVIVED (PROFIT)
78,68,1730.6281910864736,776,106,670,0.0,1630.6281910864736,13.65979381443299,SURVIVED (PROFIT)
75,68,1728.8626322653245,729,103,626,0.0,1628.8626322653245,14.12894375857339,SURVIVED (PROFIT)
67,72,1727.5430139971995,709,100,609,0.0,1627.5430139971995,14.104372355430183,SURVIVED (PROFIT)
29,49,1727.1633876490832,1580,271,1309,0.0,1627.1633876490832,17.151898734177216,SURVIVED (PROFIT)
69,74,1726.5188513775774,688,92,596,0.0,1626.5188513775774,13.372093023255813,SURVIVED (PROFIT)
68,74,1725.918689256107,716,100,616,0.0,1625.918689256107,13.966480446927374,SURVIVED (PROFIT)
38,43,1724.5817906692764,1061,155,906,0.0,1624.5817906692764,14.60885956644675,SURVIVED (PROFIT)
95,39,1724.2105898366276,1223,193,1030,0.0,1624.2105898366276,15.780866721177434,SURVIVED (PROFIT)
77,73,1721.2877396596991,646,80,566,0.0,1621.2877396596991,12.38390092879257,SURVIVED (PROFIT)
46,68,1719.8627501057977,1143,196,947,0.0,1619.8627501057977,17.14785651793526,SURVIVED (PROFIT)
71,72,1718.8819999785915,577,78,499,0.0,1618.8819999785915,13.518197573656845,SURVIVED (PROFIT)
30,49,1718.1741835490757,1558,262,1296,0.0,1618.1741835490757,16.816431322207958,SURVIVED (PROFIT)
13,72,1716.1851666839161,2216,525,1691,0.0,1616.1851666839161,23.6913357400722,SURVIVED (PROFIT)
98,38,1715.5195527231222,1203,195,1008,0.0,1615.5195527231222,16.209476309226932,SURVIVED (PROFIT)
60,38,1713.5874474317047,1256,206,1050,0.0,1613.5874474317047,16.401273885350317,SURVIVED (PROFIT)
76,68,1713.5813969443388,753,112,641,0.0,1613.5813969443388,14.873837981407704,SURVIVED (PROFIT)
72,71,1712.4374366058896,580,79,501,0.0,1612.4374366058896,13.620689655172413,SURVIVED (PROFIT)
75,49,1711.1275100812954,1101,174,927,0.0,1611.1275100812954,15.803814713896458,SURVIVED (PROFIT)
46,69,1708.353159574819,1142,192,950,0.0,1608.353159574819,16.81260945709282,SURVIVED (PROFIT)
14,27,1707.477444582009,2757,600,2157,0.0,1607.477444582009,21.76278563656148,SURVIVED (PROFIT)
58,100,1706.6618200105427,1064,187,877,0.0,1606.6618200105427,17.575187969924812,SURVIVED (PROFIT)
74,70,1704.3824999592634,649,88,561,0.0,1604.3824999592634,13.559322033898304,SURVIVED (PROFIT)
42,70,1702.2390429612683,1209,232,977,0.0,1602.2390429612683,19.189412737799834,SURVIVED (PROFIT)
72,74,1702.2305811208257,605,77,528,0.0,1602.2305811208257,12.727272727272727,SURVIVED (PROFIT)
79,74,1700.497337770893,677,83,594,0.0,1600.497337770893,12.259970457902511,SURVIVED (PROFIT)
60,70,1698.4913715446805,909,139,770,0.0,1598.4913715446805,15.291529152915292,SURVIVED (PROFIT)
43,67,1698.1060896344484,1204,234,970,0.0,1598.1060896344484,19.435215946843854,SURVIVED (PROFIT)
42,68,1697.892941294157,1204,231,973,0.0,1597.892941294157,19.186046511627907,SURVIVED (PROFIT)
73,76,1696.9725263698647,645,83,562,0.0,1596.9725263698647,12.868217054263567,SURVIVED (PROFIT)
43,41,1696.029975564899,873,134,739,0.0,1596.029975564899,15.349369988545247,SURVIVED (PROFIT)
75,48,1695.8282290645143,1091,172,919,0.0,1595.8282290645143,15.765352887259395,SURVIVED (PROFIT)
88,73,1695.4212601885038,790,97,693,0.0,1595.4212601885038,12.278481012658228,SURVIVED (PROFIT)
71,38,1693.852131536556,1188,203,985,0.0,1593.852131536556,17.087542087542086,SURVIVED (PROFIT)
39,62,1690.6650000963386,1292,233,1059,0.0,1590.6650000963386,18.03405572755418,SURVIVED (PROFIT)
74,74,1689.7990000000668,539,69,470,0.0,1589.7990000000668,12.80148423005566,SURVIVED (PROFIT)
74,78,1688.3374487805368,666,84,582,0.0,1588.3374487805368,12.612612612612612,SURVIVED (PROFIT)
76,70,1687.349014209481,721,98,623,0.0,1587.349014209481,13.592233009708737,SURVIVED (PROFIT)
72,68,1681.6370734627467,665,89,576,0.0,1581.6370734627467,13.383458646616543,SURVIVED (PROFIT)
77,70,1679.344814204499,745,100,645,0.0,1579.344814204499,13.422818791946309,SURVIVED (PROFIT)
47,61,1677.700639487096,1190,198,992,0.0,1577.700639487096,16.63865546218487,SURVIVED (PROFIT)
61,68,1677.570661803572,858,130,728,0.0,1577.570661803572,15.151515151515152,SURVIVED (PROFIT)
70,75,1677.2684133692533,712,94,618,0.0,1577.2684133692533,13.202247191011235,SURVIVED (PROFIT)
47,40,1675.7484749530372,1082,155,927,0.0,1575.7484749530372,14.325323475046211,SURVIVED (PROFIT)
72,73,1675.1270411023006,569,73,496,0.0,1575.1270411023006,12.82952548330404,SURVIVED (PROFIT)
96,78,1674.3904999315478,778,96,682,0.0,1574.3904999315478,12.339331619537274,SURVIVED (PROFIT)
72,89,1673.9350787178787,902,120,782,0.0,1573.9350787178787,13.303769401330376,SURVIVED (PROFIT)
88,76,1673.4559078306406,811,97,714,0.0,1573.4559078306406,11.960542540073984,SURVIVED (PROFIT)
43,65,1673.333477057548,1240,235,1005,0.0,1573.333477057548,18.951612903225808,SURVIVED (PROFIT)
99,38,1672.8680527465417,1227,201,1026,0.0,1572.8680527465417,16.381418092909534,SURVIVED (PROFIT)
43,42,1672.1244285370622,811,120,691,0.0,1572.1244285370622,14.796547472256474,SURVIVED (PROFIT)
77,69,1671.825594091349,769,107,662,0.0,1571.825594091349,13.914174252275682,SURVIVED (PROFIT)
60,69,1670.704768218725,894,134,760,0.0,1570.704768218725,14.988814317673377,SURVIVED (PROFIT)
47,31,1669.4304193092835,1467,247,1220,0.0,1569.4304193092835,16.83708248125426,SURVIVED (PROFIT)
76,75,1669.064519968415,604,77,527,0.0,1569.064519968415,12.748344370860929,SURVIVED (PROFIT)
70,74,1668.89252705247,666,88,578,0.0,1568.89252705247,13.213213213213212,SURVIVED (PROFIT)
76,76,1666.3950000000577,569,73,496,0.0,1566.3950000000577,12.82952548330404,SURVIVED (PROFIT)
77,76,1665.7736578662925,595,74,521,0.0,1565.7736578662925,12.436974789915967,SURVIVED (PROFIT)
37,45,1662.4762222174713,1184,181,1003,0.0,1562.4762222174713,15.287162162162163,SURVIVED (PROFIT)
76,77,1661.2767272922233,594,74,520,0.0,1561.2767272922233,12.457912457912458,SURVIVED (PROFIT)
96,39,1660.8734872665823,1218,192,1026,0.0,1560.8734872665823,15.763546798029557,SURVIVED (PROFIT)
77,75,1660.4819332772008,631,78,553,0.0,1560.4819332772008,12.361331220285262,SURVIVED (PROFIT)
15,59,1660.2972881565393,2235,510,1725,0.0,1560.2972881565393,22.818791946308725,SURVIVED (PROFIT)
61,71,1659.267732494145,896,139,757,0.0,1559.267732494145,15.513392857142858,SURVIVED (PROFIT)
94,75,1659.1559733073873,841,103,738,0.0,1559.1559733073873,12.247324613555291,SURVIVED (PROFIT)
31,48,1658.9641248911348,1534,264,1270,0.0,1558.9641248911348,17.209908735332462,SURVIVED (PROFIT)
11,91,1658.6159120858297,2287,545,1742,0.0,1558.6159120858297,23.830345430695235,SURVIVED (PROFIT)
67,48,1658.406874936058,1111,195,916,0.0,1558.406874936058,17.551755175517552,SURVIVED (PROFIT)
70,68,1653.6922940565541,630,82,548,0.0,1553.6922940565541,13.015873015873018,SURVIVED (PROFIT)
69,77,1653.2228831445555,806,111,695,0.0,1553.2228831445555,13.771712158808933,SURVIVED (PROFIT)
73,77,1652.01914291119,676,85,591,0.0,1552.01914291119,12.57396449704142,SURVIVED (PROFIT)
75,76,1651.3808289586623,605,77,528,0.0,1551.3808289586623,12.727272727272727,SURVIVED (PROFIT)
69,73,1651.1564794484193,655,84,571,0.0,1551.1564794484193,12.82442748091603,SURVIVED (PROFIT)
73,70,1650.0288285273782,624,82,542,0.0,1550.0288285273782,13.141025641025642,SURVIVED (PROFIT)
67,77,1648.5988572738643,840,123,717,0.0,1548.5988572738643,14.642857142857144,SURVIVED (PROFIT)
47,72,1647.7241806466977,1163,198,965,0.0,1547.7241806466977,17.02493551160791,SURVIVED (PROFIT)
68,78,1645.1373590287963,816,119,697,0.0,1545.1373590287963,14.583333333333334,SURVIVED (PROFIT)
68,48,1643.069166599987,1093,182,911,0.0,1543.069166599987,16.65141811527905,SURVIVED (PROFIT)
76,69,1641.8592462736333,746,104,642,0.0,1541.8592462736333,13.941018766756033,SURVIVED (PROFIT)
96,66,1641.5685605443,888,134,754,0.0,1541.5685605443,15.090090090090092,SURVIVED (PROFIT)
72,78,1640.0864744243263,726,92,634,0.0,1540.0864744243263,12.672176308539946,SURVIVED (PROFIT)
31,44,1640.0606362728404,1506,254,1252,0.0,1540.0606362728404,16.865869853917662,SURVIVED (PROFIT)
95,78,1636.55806404969,772,93,679,0.0,1536.55806404969,12.046632124352332,SURVIVED (PROFIT)
72,61,1635.296131068655,900,142,758,0.0,1535.296131068655,15.777777777777777,SURVIVED (PROFIT)
88,66,1634.0925605138273,886,127,759,0.0,1534.0925605138273,14.33408577878104,SURVIVED (PROFIT)
70,73,1631.5785068500359,630,81,549,0.0,1531.5785068500359,12.857142857142856,SURVIVED (PROFIT)
75,77,1630.230311715689,632,78,554,0.0,1530.230311715689,12.341772151898734,SURVIVED (PROFIT)
39,65,1628.5206770231725,1282,231,1051,0.0,1528.5206770231725,18.018720748829953,SURVIVED (PROFIT)
39,61,1625.5586230376675,1281,225,1056,0.0,1525.5586230376675,17.56440281030445,SURVIVED (PROFIT)
86,71,1623.2604083279834,830,109,721,0.0,1523.2604083279834,13.132530120481928,SURVIVED (PROFIT)
89,72,1623.0752915352014,825,106,719,0.0,1523.0752915352014,12.848484848484848,SURVIVED (PROFIT)
69,71,1622.2590000186092,633,85,548,0.0,1522.2590000186092,13.428120063191153,SURVIVED (PROFIT)
94,72,1622.0014999661275,817,104,713,0.0,1522.0014999661275,12.729498164014688,SURVIVED (PROFIT)
51,66,1621.857469748008,1126,190,936,0.0,1521.857469748008,16.873889875666073,SURVIVED (PROFIT)
60,67,1619.2337761349522,878,135,743,0.0,1519.2337761349522,15.375854214123008,SURVIVED (PROFIT)
43,43,1618.931000000075,791,112,679,0.0,1518.931000000075,14.15929203539823,SURVIVED (PROFIT)
95,66,1617.2794241896377,903,135,768,0.0,1517.2794241896377,14.950166112956811,SURVIVED (PROFIT)
59,65,1617.1882615702398,859,134,725,0.0,1517.1882615702398,15.599534342258439,SURVIVED (PROFIT)
99,80,1616.4723875055588,796,94,702,0.0,1516.4723875055588,11.809045226130653,SURVIVED (PROFIT)
100,80,1613.9880750135444,805,99,706,0.0,1513.9880750135444,12.298136645962733,SURVIVED (PROFIT)
85,67,1612.9459700206971,847,126,721,0.0,1512.9459700206971,14.87603305785124,SURVIVED (PROFIT)
68,76,1609.9918421770308,789,111,678,0.0,1509.9918421770308,14.068441064638785,SURVIVED (PROFIT)
69,44,1608.9628635656109,1117,192,925,0.0,1508.9628635656109,17.18889883616831,SURVIVED (PROFIT)
39,39,1607.5230000000874,795,112,683,0.0,1507.5230000000874,14.08805031446541,SURVIVED (PROFIT)
60,66,1607.3400757857398,869,136,733,0.0,1507.3400757857398,15.65017261219793,SURVIVED (PROFIT)
31,42,1607.285238042196,1465,241,1224,0.0,1507.285238042196,16.450511945392492,SURVIVED (PROFIT)
64,47,1606.0976807783063,1121,179,942,0.0,1506.0976807783063,15.967885816235505,SURVIVED (PROFIT)
94,76,1604.515499982549,830,103,727,0.0,1504.515499982549,12.409638554216867,SURVIVED (PROFIT)
68,45,1603.4175998772698,1118,194,924,0.0,1503.4175998772698,17.352415026833633,SURVIVED (PROFIT)
49,66,1603.3461819027239,1171,194,977,0.0,1503.3461819027239,16.567036720751492,SURVIVED (PROFIT)
42,45,1602.9524222595287,886,134,752,0.0,1502.9524222595287,15.124153498871332,SURVIVED (PROFIT)
35,44,1601.8938180705277,1268,206,1062,0.0,1501.8938180705277,16.246056782334385,SURVIVED (PROFIT)
61,65,1600.1072769343637,790,121,669,0.0,1500.1072769343637,15.316455696202533,SURVIVED (PROFIT)
73,73,1596.434000000058,529,66,463,0.0,1496.434000000058,12.476370510396976,SURVIVED (PROFIT)
65,47,1596.1164466675345,1133,189,944,0.0,1496.1164466675345,16.68137687555163,SURVIVED (PROFIT)
74,69,1593.2361303794896,687,93,594,0.0,1493.2361303794896,13.537117903930133,SURVIVED (PROFIT)
78,69,1593.0733477435901,776,99,677,0.0,1493.0733477435901,12.757731958762886,SURVIVED (PROFIT)
69,76,1592.5768553034254,771,104,667,0.0,1492.5768553034254,13.488975356679637,SURVIVED (PROFIT)
60,68,1592.2807500462445,891,133,758,0.0,1492.2807500462445,14.927048260381593,SURVIVED (PROFIT)
86,73,1591.4278628964157,776,95,681,0.0,1491.4278628964157,12.242268041237113,SURVIVED (PROFIT)
42,42,1590.8880000000763,756,113,643,0.0,1490.8880000000763,14.947089947089948,SURVIVED (PROFIT)
43,46,1588.5157827058792,908,129,779,0.0,1488.5157827058792,14.20704845814978,SURVIVED (PROFIT)
45,30,1586.2885665410554,1492,252,1240,0.0,1486.2885665410554,16.890080428954423,SURVIVED (PROFIT)
63,46,1585.7471086423284,1151,182,969,0.0,1485.7471086423284,15.8123370981755,SURVIVED (PROFIT)
46,71,1584.085042382912,1170,202,968,0.0,1484.085042382912,17.264957264957264,SURVIVED (PROFIT)
68,73,1583.2974932065222,685,88,597,0.0,1483.2974932065222,12.846715328467154,SURVIVED (PROFIT)
76,78,1582.49458979996,612,76,536,0.0,1482.49458979996,12.418300653594772,SURVIVED (PROFIT)
42,41,1582.2703658564392,830,128,702,0.0,1482.2703658564392,15.421686746987953,SURVIVED (PROFIT)
15,84,1581.778488182893,1990,482,1508,0.0,1481.778488182893,24.22110552763819,SURVIVED (PROFIT)
73,74,1581.441310840583,565,70,495,0.0,1481.441310840583,12.389380530973451,SURVIVED (PROFIT)
63,45,1580.4125554842526,1168,193,975,0.0,1480.4125554842526,16.523972602739725,SURVIVED (PROFIT)
70,38,1579.1737631042347,1195,202,993,0.0,1479.1737631042347,16.903765690376567,SURVIVED (PROFIT)
37,92,1577.5163369599209,1237,238,999,0.0,1477.5163369599209,19.24009700889248,SURVIVED (PROFIT)
69,48,1577.5144999567424,1084,176,908,0.0,1477.5144999567424,16.236162361623617,SURVIVED (PROFIT)
74,73,1576.9331095789685,556,68,488,0.0,1476.9331095789685,12.23021582733813,SURVIVED (PROFIT)
72,49,1574.7434693156815,1071,168,903,0.0,1474.7434693156815,15.686274509803921,SURVIVED (PROFIT)
78,70,1574.567128512329,757,94,663,0.0,1474.567128512329,12.417437252311757,SURVIVED (PROFIT)
80,74,1572.888553944365,695,83,612,0.0,1472.888553944365,11.942446043165468,SURVIVED (PROFIT)
68,71,1572.3403381099001,666,90,576,0.0,1472.3403381099001,13.513513513513514,SURVIVED (PROFIT)
74,68,1572.2790146423122,705,97,608,0.0,1472.2790146423122,13.75886524822695,SURVIVED (PROFIT)
70,88,1570.8500340944643,935,129,806,0.0,1470.8500340944643,13.796791443850267,SURVIVED (PROFIT)
42,46,1569.1850435604174,929,139,790,0.0,1469.1850435604174,14.96232508073197,SURVIVED (PROFIT)
94,74,1568.0098242955764,827,102,725,0.0,1468.0098242955764,12.333736396614269,SURVIVED (PROFIT)
75,100,1567.7600299576416,898,125,773,0.0,1467.7600299576416,13.919821826280623,SURVIVED (PROFIT)
75,71,1566.7793238969357,647,84,563,0.0,1466.7793238969357,12.982998454404946,SURVIVED (PROFIT)
72,38,1563.3672894087067,1186,202,984,0.0,1463.3672894087067,17.03204047217538,SURVIVED (PROFIT)
69,78,1563.1929230907558,804,111,693,0.0,1463.1929230907558,13.805970149253731,SURVIVED (PROFIT)
96,64,1562.6252187066161,905,140,765,0.0,1462.6252187066161,15.469613259668508,SURVIVED (PROFIT)
60,71,1561.0957043335302,933,140,793,0.0,1461.0957043335302,15.005359056806004,SURVIVED (PROFIT)
38,60,1560.1265333775855,1356,237,1119,0.0,1460.1265333775855,17.47787610619469,SURVIVED (PROFIT)
78,76,1559.4645920886442,616,74,542,0.0,1459.4645920886442,12.012987012987013,SURVIVED (PROFIT)
86,66,1559.367560471008,880,126,754,0.0,1459.367560471008,14.318181818181818,SURVIVED (PROFIT)
79,73,1558.9905889706824,686,81,605,0.0,1458.9905889706824,11.807580174927114,SURVIVED (PROFIT)
69,45,1556.8587332326192,1112,188,924,0.0,1456.8587332326192,16.906474820143885,SURVIVED (PROFIT)
48,65,1553.7244309219868,1203,190,1013,0.0,1453.7244309219868,15.793848711554448,SURVIVED (PROFIT)
67,75,1552.8840801220817,791,111,680,0.0,1452.8840801220817,14.032869785082175,SURVIVED (PROFIT)
75,99,1552.3634040364063,887,119,768,0.0,1452.3634040364063,13.416009019165728,SURVIVED (PROFIT)
86,75,1551.7034398944456,792,95,697,0.0,1451.7034398944456,11.994949494949495,SURVIVED (PROFIT)
75,78,1547.8664616006063,645,78,567,0.0,1447.8664616006063,12.093023255813954,SURVIVED (PROFIT)
60,65,1547.781369251505,823,126,697,0.0,1447.781369251505,15.309842041312272,SURVIVED (PROFIT)
69,58,1547.569948175607,978,157,821,0.0,1447.569948175607,16.05316973415133,SURVIVED (PROFIT)
73,69,1543.216376735908,661,86,575,0.0,1443.216376735908,13.010590015128592,SURVIVED (PROFIT)
73,78,1542.1675000575474,689,85,604,0.0,1442.1675000575474,12.336719883889694,SURVIVED (PROFIT)
77,67,1541.9311193065482,796,118,678,0.0,1441.9311193065482,14.824120603015075,SURVIVED (PROFIT)
83,72,1541.1402915412768,762,97,665,0.0,1441.1402915412768,12.72965879265092,SURVIVED (PROFIT)
41,45,1538.6373111804273,954,144,810,0.0,1438.6373111804273,15.09433962264151,SURVIVED (PROFIT)
62,17,1538.3864706780328,2460,511,1949,0.0,1438.3864706780328,20.772357723577237,SURVIVED (PROFIT)
84,68,1535.9414704592004,827,116,711,0.0,1435.9414704592004,14.026602176541717,SURVIVED (PROFIT)
71,69,1532.2287246044289,636,85,551,0.0,1432.2287246044289,13.364779874213836,SURVIVED (PROFIT)
83,68,1530.131661654947,813,113,700,0.0,1430.131661654947,13.899138991389915,SURVIVED (PROFIT)
46,70,1528.6562287108654,1173,197,976,0.0,1428.6562287108654,16.79454390451833,SURVIVED (PROFIT)
67,76,1527.6996711735756,816,117,699,0.0,1427.6996711735756,14.338235294117647,SURVIVED (PROFIT)
58,64,1527.1102187976162,865,128,737,0.0,1427.1102187976162,14.797687861271678,SURVIVED (PROFIT)
70,77,1526.037571459221,794,104,690,0.0,1426.037571459221,13.09823677581864,SURVIVED (PROFIT)
67,74,1525.3231082217685,751,104,647,0.0,1425.3231082217685,13.84820239680426,SURVIVED (PROFIT)
42,66,1522.2506061723548,1265,242,1023,0.0,1422.2506061723548,19.130434782608695,SURVIVED (PROFIT)
72,98,1521.0619184356924,898,121,777,0.0,1421.0619184356924,13.474387527839642,SURVIVED (PROFIT)
66,77,1519.9169481824729,873,125,748,0.0,1419.9169481824729,14.318442153493699,SURVIVED (PROFIT)
89,69,1519.6245216360735,875,113,762,0.0,1419.6245216360735,12.914285714285715,SURVIVED (PROFIT)
79,75,1519.0629732857533,675,80,595,0.0,1419.0629732857533,11.851851851851853,SURVIVED (PROFIT)
45,36,1517.4674722971904,1225,195,1030,0.0,1417.4674722971904,15.918367346938775,SURVIVED (PROFIT)
45,39,1517.3473845654544,1070,166,904,0.0,1417.3473845654544,15.514018691588785,SURVIVED (PROFIT)
83,37,1516.4709458246466,1242,203,1039,0.0,1416.4709458246466,16.344605475040257,SURVIVED (PROFIT)
76,49,1516.218346807194,1102,173,929,0.0,1416.218346807194,15.698729582577132,SURVIVED (PROFIT)
47,88,1512.168579594676,1194,197,997,0.0,1412.168579594676,16.499162479061976,SURVIVED (PROFIT)
30,47,1511.325510600826,1541,259,1282,0.0,1411.325510600826,16.80726800778715,SURVIVED (PROFIT)
62,48,1510.7544165957838,1112,169,943,0.0,1410.7544165957838,15.197841726618705,SURVIVED (PROFIT)
37,96,1510.0999271242235,1231,226,1005,0.0,1410.0999271242235,18.359057676685623,SURVIVED (PROFIT)
69,88,1509.7187840743386,945,136,809,0.0,1409.7187840743386,14.39153439153439,SURVIVED (PROFIT)
75,67,1508.907880528583,756,106,650,0.0,1408.907880528583,14.02116402116402,SURVIVED (PROFIT)
83,30,1507.5889997585928,1586,270,1316,0.0,1407.5889997585928,17.023959646910466,SURVIVED (PROFIT)
45,31,1506.5307741039305,1419,240,1179,0.0,1406.5307741039305,16.913319238900634,SURVIVED (PROFIT)
89,68,1503.5382057451338,857,117,740,0.0,1403.5382057451338,13.652275379229872,SURVIVED (PROFIT)
67,68,1502.4326176785207,598,83,515,0.0,1402.4326176785207,13.879598662207357,SURVIVED (PROFIT)
76,67,1501.0035969220557,779,115,664,0.0,1401.0035969220557,14.762516046213095,SURVIVED (PROFIT)
67,78,1500.8506283209904,834,121,713,0.0,1400.8506283209904,14.508393285371701,SURVIVED (PROFIT)
70,76,1499.054789507256,757,99,658,0.0,1399.054789507256,13.0779392338177,SURVIVED (PROFIT)
39,46,1494.9582392671923,1079,159,920,0.0,1394.9582392671923,14.735866543095458,SURVIVED (PROFIT)
69,54,1493.8738517637066,1086,158,928,0.0,1393.8738517637066,14.548802946593002,SURVIVED (PROFIT)
82,74,1492.1890674689857,729,88,641,0.0,1392.1890674689857,12.071330589849108,SURVIVED (PROFIT)
96,38,1491.528447459063,1219,195,1024,0.0,1391.528447459063,15.996718621821165,SURVIVED (PROFIT)
95,38,1491.4622106230313,1231,195,1036,0.0,1391.4622106230313,15.840779853777418,SURVIVED (PROFIT)
43,45,1490.2513333722059,871,125,746,0.0,1390.2513333722059,14.351320321469574,SURVIVED (PROFIT)
94,68,1488.4899852130025,857,116,741,0.0,1388.4899852130025,13.53558926487748,SURVIVED (PROFIT)
66,49,1484.8113264147173,1124,190,934,0.0,1384.8113264147173,16.90391459074733,SURVIVED (PROFIT)
50,36,1483.199083393792,1251,194,1057,0.0,1383.199083393792,15.50759392486011,SURVIVED (PROFIT)
44,38,1479.4989736953385,1097,170,927,0.0,1379.4989736953385,15.496809480401094,SURVIVED (PROFIT)
41,46,1479.332434909536,994,147,847,0.0,1379.332434909536,14.788732394366196,SURVIVED (PROFIT)
50,37,1477.896297311423,1228,183,1045,0.0,1377.896297311423,14.90228013029316,SURVIVED (PROFIT)
41,42,1477.3157142813038,831,125,706,0.0,1377.3157142813038,15.042117930204574,SURVIVED (PROFIT)
51,37,1476.8120540985415,1229,186,1043,0.0,1376.8120540985415,15.134255492270137,SURVIVED (PROFIT)
37,81,1475.8164691129732,1238,221,1017,0.0,1375.8164691129732,17.851373182552503,SURVIVED (PROFIT)
93,72,1474.5015971654602,820,104,716,0.0,1374.5015971654602,12.682926829268293,SURVIVED (PROFIT)
69,60,1474.354016608353,911,140,771,0.0,1374.354016608353,15.367727771679473,SURVIVED (PROFIT)
85,36,1473.153611061919,1289,214,1075,0.0,1373.153611061919,16.60201706749418,SURVIVED (PROFIT)
65,60,1471.689583271209,829,125,704,0.0,1371.689583271209,15.078407720144751,SURVIVED (PROFIT)
74,100,1470.7513299871548,901,120,781,0.0,1370.7513299871548,13.318534961154274,SURVIVED (PROFIT)
73,68,1470.5597940124017,684,88,596,0.0,1370.5597940124017,12.865497076023392,SURVIVED (PROFIT)
76,48,1470.539479047548,1102,173,929,0.0,1370.539479047548,15.698729582577132,SURVIVED (PROFIT)
83,74,1467.395918818479,754,90,664,0.0,1367.395918818479,11.936339522546419,SURVIVED (PROFIT)
72,96,1466.6145104771495,907,118,789,0.0,1366.6145104771495,13.009922822491731,SURVIVED (PROFIT)
63,60,1466.5086832836641,776,110,666,0.0,1366.5086832836641,14.175257731958762,SURVIVED (PROFIT)
69,61,1465.7404425387049,877,140,737,0.0,1365.7404425387049,15.96351197263398,SURVIVED (PROFIT)
92,68,1465.4937646208741,865,113,752,0.0,1365.4937646208741,13.0635838150289,SURVIVED (PROFIT)
43,64,1465.2978282520457,1255,223,1032,0.0,1365.2978282520457,17.768924302788843,SURVIVED (PROFIT)
47,65,1465.0858770553177,1225,205,1020,0.0,1365.0858770553177,16.73469387755102,SURVIVED (PROFIT)
76,71,1463.9236759992068,693,93,600,0.0,1363.9236759992068,13.41991341991342,SURVIVED (PROFIT)
39,63,1463.2324762675958,1304,232,1072,0.0,1363.2324762675958,17.791411042944784,SURVIVED (PROFIT)
47,62,1461.3749356508615,1209,205,1004,0.0,1361.3749356508615,16.95616211745244,SURVIVED (PROFIT)
68,60,1459.9610999207835,888,136,752,0.0,1359.9610999207835,15.315315315315313,SURVIVED (PROFIT)
77,71,1459.8557464006162,716,95,621,0.0,1359.8557464006162,13.268156424581006,SURVIVED (PROFIT)
72,67,1459.6833880235113,699,95,604,0.0,1359.6833880235113,13.590844062947067,SURVIVED (PROFIT)
14,15,1454.754533364532,2449,498,1951,0.0,1354.754533364532,20.33483054307881,SURVIVED (PROFIT)
77,77,1454.0180000000555,556,67,489,0.0,1354.0180000000555,12.050359712230216,SURVIVED (PROFIT)
85,72,1453.3842498598242,787,102,685,0.0,1353.3842498598242,12.960609911054638,SURVIVED (PROFIT)
89,70,1453.0791427436234,878,109,769,0.0,1353.0791427436234,12.414578587699317,SURVIVED (PROFIT)
67,51,1448.6770587824653,1086,181,905,0.0,1348.6770587824653,16.666666666666664,SURVIVED (PROFIT)
74,99,1446.8407272985937,890,114,776,0.0,1346.8407272985937,12.808988764044942,SURVIVED (PROFIT)
70,78,1446.5812179606937,791,104,687,0.0,1346.5812179606937,13.147914032869783,SURVIVED (PROFIT)
61,62,1446.5603064788984,694,100,594,0.0,1346.5603064788984,14.409221902017292,SURVIVED (PROFIT)
61,48,1445.7169582737529,1101,163,938,0.0,1345.7169582737529,14.804722979109899,SURVIVED (PROFIT)
74,71,1445.5254224964765,621,80,541,0.0,1345.5254224964765,12.88244766505636,SURVIVED (PROFIT)
93,75,1445.305733301892,833,101,732,0.0,1345.305733301892,12.12484993997599,SURVIVED (PROFIT)
81,74,1444.100472863705,714,84,630,0.0,1344.100472863705,11.76470588235294,SURVIVED (PROFIT)
67,73,1442.5556987323152,729,97,632,0.0,1342.5556987323152,13.305898491083676,SURVIVED (PROFIT)
92,75,1441.7783999628355,832,100,732,0.0,1341.7783999628355,12.01923076923077,SURVIVED (PROFIT)
83,69,1441.6707535260448,828,111,717,0.0,1341.6707535260448,13.405797101449277,SURVIVED (PROFIT)
45,46,1441.3736087344396,821,113,708,0.0,1341.3736087344396,13.763702801461633,SURVIVED (PROFIT)
71,75,1441.1826400334753,682,86,596,0.0,1341.1826400334753,12.609970674486803,SURVIVED (PROFIT)
36,49,1439.3999591131583,1268,200,1068,0.0,1339.3999591131583,15.772870662460567,SURVIVED (PROFIT)
59,64,1437.8616562939224,834,120,714,0.0,1337.8616562939224,14.388489208633093,SURVIVED (PROFIT)
92,72,1437.5564444052852,820,102,718,0.0,1337.5564444052852,12.439024390243903,SURVIVED (PROFIT)
86,76,1436.9190393744507,787,95,692,0.0,1336.9190393744507,12.07115628970775,SURVIVED (PROFIT)
67,70,1436.2879572317993,669,93,576,0.0,1336.2879572317993,13.901345291479823,SURVIVED (PROFIT)
46,36,1435.7959722867881,1248,196,1052,0.0,1335.7959722867881,15.705128205128204,SURVIVED (PROFIT)
45,45,1434.9230000000734,773,109,664,0.0,1334.9230000000734,14.100905562742561,SURVIVED (PROFIT)
37,82,1434.4880243491943,1235,223,1012,0.0,1334.4880243491943,18.05668016194332,SURVIVED (PROFIT)
85,37,1431.4844323738444,1250,203,1047,0.0,1331.4844323738444,16.24,SURVIVED (PROFIT)
71,71,1430.5760000000605,572,76,496,0.0,1330.5760000000605,13.286713286713287,SURVIVED (PROFIT)
37,80,1430.3285999956547,1275,226,1049,0.0,1330.3285999956547,17.725490196078432,SURVIVED (PROFIT)
71,77,1429.8091169193121,756,96,660,0.0,1329.8091169193121,12.698412698412698,SURVIVED (PROFIT)
46,45,1429.125088879986,804,111,693,0.0,1329.125088879986,13.805970149253731,SURVIVED (PROFIT)
37,83,1428.681421643102,1230,221,1009,0.0,1328.681421643102,17.96747967479675,SURVIVED (PROFIT)
79,72,1428.5578332499008,714,86,628,0.0,1328.5578332499008,12.044817927170868,SURVIVED (PROFIT)
94,69,1427.6534057599497,863,114,749,0.0,1327.6534057599497,13.20973348783314,SURVIVED (PROFIT)
67,69,1426.2566522626148,650,90,560,0.0,1326.2566522626148,13.846153846153847,SURVIVED (PROFIT)
63,61,1426.0352130840351,725,104,621,0.0,1326.0352130840351,14.344827586206895,SURVIVED (PROFIT)
84,72,1425.1783609875847,782,101,681,0.0,1325.1783609875847,12.915601023017903,SURVIVED (PROFIT)
65,61,1423.7476556986608,784,119,665,0.0,1323.7476556986608,15.178571428571427,SURVIVED (PROFIT)
71,74,1419.82275677792,637,80,557,0.0,1319.82275677792,12.558869701726843,SURVIVED (PROFIT)
94,73,1418.847862994735,816,99,717,0.0,1318.847862994735,12.132352941176471,SURVIVED (PROFIT)
71,68,1416.7871616975935,655,86,569,0.0,1316.7871616975935,13.129770992366414,SURVIVED (PROFIT)
38,42,1415.4272380744055,1028,146,882,0.0,1315.4272380744055,14.202334630350194,SURVIVED (PROFIT)
92,69,1415.0425651721448,867,111,756,0.0,1315.0425651721448,12.802768166089965,SURVIVED (PROFIT)
80,75,1413.9265732409967,700,82,618,0.0,1313.9265732409967,11.714285714285715,SURVIVED (PROFIT)
70,60,1413.1345332643532,930,145,785,0.0,1313.1345332643532,15.591397849462366,SURVIVED (PROFIT)
47,89,1409.970011239719,1200,196,1004,0.0,1309.970011239719,16.333333333333332,SURVIVED (PROFIT)
73,71,1408.0037605252014,596,76,520,0.0,1308.0037605252014,12.751677852348994,SURVIVED (PROFIT)
48,64,1407.9038908103562,1205,184,1021,0.0,1307.9038908103562,15.269709543568466,SURVIVED (PROFIT)
85,68,1407.562896931035,842,116,726,0.0,1307.562896931035,13.77672209026128,SURVIVED (PROFIT)
68,67,1404.4091044676202,591,81,510,0.0,1304.4091044676202,13.705583756345177,SURVIVED (PROFIT)
66,61,1403.9999179632146,820,130,690,0.0,1303.9999179632146,15.853658536585366,SURVIVED (PROFIT)
85,74,1401.635607993956,774,96,678,0.0,1301.635607993956,12.4031007751938,SURVIVED (PROFIT)
43,68,1401.214882464766,1180,223,957,0.0,1301.214882464766,18.89830508474576,SURVIVED (PROFIT)
47,64,1400.5376564037042,1228,202,1026,0.0,1300.5376564037042,16.449511400651463,SURVIVED (PROFIT)
34,46,1400.068782495,1344,217,1127,0.0,1300.068782495,16.145833333333336,SURVIVED (PROFIT)
89,67,1398.197402845376,870,127,743,0.0,1298.197402845376,14.597701149425287,SURVIVED (PROFIT)
62,49,1397.9875509449057,1087,167,920,0.0,1297.9875509449057,15.363385464581416,SURVIVED (PROFIT)
92,70,1397.8265713831638,864,107,757,0.0,1297.8265713831638,12.38425925925926,SURVIVED (PROFIT)
93,68,1397.4889557873043,854,113,741,0.0,1297.4889557873043,13.23185011709602,SURVIVED (PROFIT)
71,73,1394.3807123173478,602,75,527,0.0,1294.3807123173478,12.458471760797343,SURVIVED (PROFIT)
77,78,1393.2459102862272,572,69,503,0.0,1293.2459102862272,12.062937062937063,SURVIVED (PROFIT)
70,61,1393.0096228595062,892,143,749,0.0,1293.0096228595062,16.031390134529147,SURVIVED (PROFIT)
78,71,1391.9334928920116,734,91,643,0.0,1291.9334928920116,12.397820163487738,SURVIVED (PROFIT)
66,60,1391.0944832527916,860,134,726,0.0,1291.0944832527916,15.58139534883721,SURVIVED (PROFIT)
43,62,1390.9006292048493,1251,227,1024,0.0,1290.9006292048493,18.145483613109512,SURVIVED (PROFIT)
83,73,1390.377356075036,750,90,660,0.0,1290.377356075036,12.0,SURVIVED (PROFIT)
68,61,1390.2989507527464,846,132,714,0.0,1290.2989507527464,15.602836879432624,SURVIVED (PROFIT)
62,61,1389.0889344098878,689,97,592,0.0,1289.0889344098878,14.078374455732948,SURVIVED (PROFIT)
13,15,1389.0212002483408,2743,555,2188,0.0,1289.0212002483408,20.23332118118848,SURVIVED (PROFIT)
79,68,1386.8110440115952,784,106,678,0.0,1286.8110440115952,13.520408163265307,SURVIVED (PROFIT)
83,70,1381.5274284600864,822,105,717,0.0,1281.5274284600864,12.773722627737227,SURVIVED (PROFIT)
67,61,1380.0502458376077,842,132,710,0.0,1280.0502458376077,15.676959619952493,SURVIVED (PROFIT)
97,80,1379.3622249698928,776,88,688,0.0,1279.3622249698928,11.34020618556701,SURVIVED (PROFIT)
61,64,1375.5360156476186,759,107,652,0.0,1275.5360156476186,14.09749670619236,SURVIVED (PROFIT)
87,78,1375.3096281167072,701,85,616,0.0,1275.3096281167072,12.125534950071327,SURVIVED (PROFIT)
40,84,1374.4298334268933,1178,226,952,0.0,1274.4298334268933,19.185059422750424,SURVIVED (PROFIT)
66,78,1374.1753462738152,861,122,739,0.0,1274.1753462738152,14.169570267131244,SURVIVED (PROFIT)
91,69,1373.4175506393535,885,114,771,0.0,1273.4175506393535,12.88135593220339,SURVIVED (PROFIT)
60,62,1372.9655484381815,734,104,630,0.0,1272.9655484381815,14.168937329700274,SURVIVED (PROFIT)
39,73,1370.724616445627,1214,232,982,0.0,1270.724616445627,19.110378912685338,SURVIVED (PROFIT)
84,69,1369.492710033432,852,115,737,0.0,1269.492710033432,13.497652582159624,SURVIVED (PROFIT)
67,67,1369.2830000000722,568,78,490,0.0,1269.2830000000722,13.732394366197184,SURVIVED (PROFIT)
64,60,1368.5482332699507,810,114,696,0.0,1268.5482332699507,14.074074074074074,SURVIVED (PROFIT)
30,50,1367.3142599260318,1571,260,1311,0.0,1267.3142599260318,16.54996817313813,SURVIVED (PROFIT)
91,72,1365.969888782669,832,103,729,0.0,1265.969888782669,12.379807692307693,SURVIVED (PROFIT)
67,60,1365.6637665899166,882,137,745,0.0,1265.6637665899166,15.532879818594104,SURVIVED (PROFIT)
46,39,1365.029076875158,1098,163,935,0.0,1265.029076875158,14.845173041894352,SURVIVED (PROFIT)
94,39,1363.0039744401038,1216,188,1028,0.0,1263.0039744401038,15.460526315789474,SURVIVED (PROFIT)
58,42,1362.7071190327842,1189,184,1005,0.0,1262.7071190327842,15.47518923465097,SURVIVED (PROFIT)
44,46,1361.4030001011747,856,117,739,0.0,1261.4030001011747,13.66822429906542,SURVIVED (PROFIT)
63,47,1357.7371914381924,1129,181,948,0.0,1257.7371914381924,16.031886625332152,SURVIVED (PROFIT)
80,73,1357.6646711325516,703,81,622,0.0,1257.6646711325516,11.522048364153626,SURVIVED (PROFIT)
82,72,1357.5728054428464,747,93,654,0.0,1257.5728054428464,12.449799196787147,SURVIVED (PROFIT)
58,63,1354.3487619401972,846,125,721,0.0,1254.3487619401972,14.775413711583923,SURVIVED (PROFIT)
84,74,1353.8557566774102,767,94,673,0.0,1253.8557566774102,12.25554106910039,SURVIVED (PROFIT)
85,69,1353.461854967186,867,116,751,0.0,1253.461854967186,13.379469434832755,SURVIVED (PROFIT)
85,30,1353.1395997696195,1602,277,1325,0.0,1253.1395997696195,17.290886392009988,SURVIVED (PROFIT)
41,61,1352.9751968916912,1263,229,1034,0.0,1252.9751968916912,18.131433095803644,SURVIVED (PROFIT)
78,77,1352.5177402731128,574,66,508,0.0,1252.5177402731128,11.498257839721255,SURVIVED (PROFIT)
48,36,1352.3921667577806,1267,194,1073,0.0,1252.3921667577806,15.311760063141278,SURVIVED (PROFIT)
72,48,1350.1009999289395,1064,169,895,0.0,1250.1009999289395,15.88345864661654,SURVIVED (PROFIT)
61,49,1350.0618162446854,1075,161,914,0.0,1250.0618162446854,14.976744186046512,SURVIVED (PROFIT)
41,62,1349.7556614747741,1283,239,1044,0.0,1249.7556614747741,18.6282151208106,SURVIVED (PROFIT)
69,67,1347.9879253308777,627,84,543,0.0,1247.9879253308777,13.397129186602871,SURVIVED (PROFIT)
71,88,1347.3421477567686,912,122,790,0.0,1247.3421477567686,13.37719298245614,SURVIVED (PROFIT)
74,67,1345.6435969663426,731,99,632,0.0,1245.6435969663426,13.543091655266759,SURVIVED (PROFIT)
98,80,1345.2574624762206,774,86,688,0.0,1245.2574624762206,11.11111111111111,SURVIVED (PROFIT)
91,70,1344.9705141973795,885,110,775,0.0,1244.9705141973795,12.429378531073446,SURVIVED (PROFIT)
33,46,1344.3172607663055,1375,224,1151,0.0,1244.3172607663055,16.290909090909093,SURVIVED (PROFIT)
49,39,1343.367512800893,1147,168,979,0.0,1243.367512800893,14.646904969485613,SURVIVED (PROFIT)
93,69,1340.697797050856,858,111,747,0.0,1240.697797050856,12.937062937062937,SURVIVED (PROFIT)
91,75,1340.3296265746112,833,100,733,0.0,1240.3296265746112,12.004801920768307,SURVIVED (PROFIT)
45,69,1338.3645508509503,1154,202,952,0.0,1238.3645508509503,17.504332755632582,SURVIVED (PROFIT)
92,74,1337.5676215825447,817,100,717,0.0,1237.5676215825447,12.239902080783354,SURVIVED (PROFIT)
72,97,1336.9903402770578,918,118,800,0.0,1236.9903402770578,12.854030501089325,SURVIVED (PROFIT)
94,37,1333.385297395056,1269,205,1064,0.0,1233.385297395056,16.15445232466509,SURVIVED (PROFIT)
39,74,1333.3592702961391,1235,238,997,0.0,1233.3592702961391,19.271255060728745,SURVIVED (PROFIT)
64,61,1332.11095077531,759,108,651,0.0,1232.11095077531,14.229249011857709,SURVIVED (PROFIT)
60,61,1329.362245937641,692,93,599,0.0,1229.362245937641,13.439306358381502,SURVIVED (PROFIT)
82,73,1328.6588629310945,729,87,642,0.0,1228.6588629310945,11.934156378600823,SURVIVED (PROFIT)
93,74,1327.8952702178444,818,100,718,0.0,1227.8952702178444,12.224938875305623,SURVIVED (PROFIT)
78,67,1327.6845820188037,793,108,685,0.0,1227.6845820188037,13.619167717528374,SURVIVED (PROFIT)
87,77,1327.6229609702586,743,90,653,0.0,1227.6229609702586,12.113055181695827,SURVIVED (PROFIT)
61,61,1327.3170000000837,651,87,564,0.0,1227.3170000000837,13.36405529953917,SURVIVED (PROFIT)
37,49,1326.26916324484,1243,181,1062,0.0,1226.26916324484,14.561544650040226,SURVIVED (PROFIT)
71,78,1323.1485000361959,760,96,664,0.0,1223.1485000361959,12.631578947368421,SURVIVED (PROFIT)
41,65,1322.9265232408434,1256,232,1024,0.0,1222.9265232408434,18.471337579617835,SURVIVED (PROFIT)
93,76,1321.6689999698347,826,101,725,0.0,1221.6689999698347,12.227602905569007,SURVIVED (PROFIT)
45,37,1320.8258108303685,1182,183,999,0.0,1220.8258108303685,15.48223350253807,SURVIVED (PROFIT)
92,76,1320.1290920720994,824,99,725,0.0,1220.1290920720994,12.014563106796118,SURVIVED (PROFIT)
91,68,1319.092191046669,877,114,763,0.0,1219.092191046669,12.998859749144811,SURVIVED (PROFIT)
82,75,1317.5839065778364,737,87,650,0.0,1217.5839065778364,11.804613297150611,SURVIVED (PROFIT)
71,76,1315.258828986894,728,93,635,0.0,1215.258828986894,12.774725274725274,SURVIVED (PROFIT)
69,46,1314.1660433798443,1108,174,934,0.0,1214.1660433798443,15.703971119133575,SURVIVED (PROFIT)
38,39,1313.4822050816656,870,118,752,0.0,1213.4822050816656,13.563218390804598,SURVIVED (PROFIT)
66,48,1313.277937373453,1139,191,948,0.0,1213.277937373453,16.769095697980685,SURVIVED (PROFIT)
84,67,1312.6790446382674,841,123,718,0.0,1212.6790446382674,14.625445897740786,SURVIVED (PROFIT)
83,75,1312.0331865696235,766,91,675,0.0,1212.0331865696235,11.879895561357703,SURVIVED (PROFIT)
49,64,1310.6907501495557,1170,187,983,0.0,1210.6907501495557,15.982905982905981,SURVIVED (PROFIT)
69,89,1309.8167752801378,954,130,824,0.0,1209.8167752801378,13.626834381551362,SURVIVED (PROFIT)
31,49,1309.6435713758729,1526,254,1272,0.0,1209.6435713758729,16.644823066841415,SURVIVED (PROFIT)
94,77,1307.806597394485,797,96,701,0.0,1207.806597394485,12.045169385194479,SURVIVED (PROFIT)
51,65,1303.5235231539486,1116,184,932,0.0,1203.5235231539486,16.48745519713262,SURVIVED (PROFIT)
93,70,1303.2060428082905,860,108,752,0.0,1203.2060428082905,12.558139534883722,SURVIVED (PROFIT)
40,88,1302.45545467906,1194,221,973,0.0,1202.45545467906,18.509212730318257,SURVIVED (PROFIT)
61,60,1302.2551666534837,701,93,608,0.0,1202.2551666534837,13.266761768901569,SURVIVED (PROFIT)
30,44,1299.4882954178684,1552,259,1293,0.0,1199.4882954178684,16.688144329896907,SURVIVED (PROFIT)
40,48,1298.084208473435,1099,158,941,0.0,1198.084208473435,14.376706096451318,SURVIVED (PROFIT)
49,65,1297.9935078196777,1171,191,980,0.0,1197.9935078196777,16.310845431255338,SURVIVED (PROFIT)
89,71,1297.8146618538135,855,108,747,0.0,1197.8146618538135,12.631578947368421,SURVIVED (PROFIT)
94,71,1297.6944647652626,848,109,739,0.0,1197.6944647652626,12.853773584905662,SURVIVED (PROFIT)
81,73,1294.7201506027177,713,83,630,0.0,1194.7201506027177,11.640953716690042,SURVIVED (PROFIT)
46,67,1293.8154329543313,1176,201,975,0.0,1193.8154329543313,17.091836734693878,SURVIVED (PROFIT)
39,75,1293.0527200191887,1250,239,1011,0.0,1193.0527200191887,19.12,SURVIVED (PROFIT)
60,64,1292.0768594217607,794,110,684,0.0,1192.0768594217607,13.85390428211587,SURVIVED (PROFIT)
37,84,1291.3583928508128,1231,227,1004,0.0,1191.3583928508128,18.44029244516653,SURVIVED (PROFIT)
65,68,1289.868838266449,696,90,606,0.0,1189.868838266449,12.931034482758621,SURVIVED (PROFIT)
42,73,1289.7415069168928,1208,233,975,0.0,1189.7415069168928,19.288079470198678,SURVIVED (PROFIT)
84,30,1288.8205330977685,1597,268,1329,0.0,1188.8205330977685,16.78146524733876,SURVIVED (PROFIT)
88,78,1286.5319999323783,713,85,628,0.0,1186.5319999323783,11.921458625525947,SURVIVED (PROFIT)
66,72,1284.4711667901438,750,100,650,0.0,1184.4711667901438,13.333333333333334,SURVIVED (PROFIT)
85,73,1280.585917691697,768,95,673,0.0,1180.585917691697,12.369791666666668,SURVIVED (PROFIT)
62,60,1279.9238833037339,742,101,641,0.0,1179.9238833037339,13.611859838274935,SURVIVED (PROFIT)
13,76,1279.6543815363766,2212,524,1688,0.0,1179.6543815363766,23.688969258589513,SURVIVED (PROFIT)
81,72,1278.8875415533362,735,88,647,0.0,1178.8875415533362,11.972789115646258,SURVIVED (PROFIT)
59,63,1278.6957936809463,808,117,691,0.0,1178.6957936809463,14.480198019801978,SURVIVED (PROFIT)
37,86,1278.5384186161937,1235,224,1011,0.0,1178.5384186161937,18.13765182186235,SURVIVED (PROFIT)
44,41,1276.445317023179,911,140,771,0.0,1176.445317023179,15.367727771679473,SURVIVED (PROFIT)
73,67,1274.0995521606396,713,94,619,0.0,1174.0995521606396,13.183730715287517,SURVIVED (PROFIT)
62,46,1272.7227825457721,1141,170,971,0.0,1172.7227825457721,14.899211218229624,SURVIVED (PROFIT)
89,75,1271.5248799140554,822,99,723,0.0,1171.5248799140554,12.043795620437956,SURVIVED (PROFIT)
81,75,1271.3219199070195,722,83,639,0.0,1171.3219199070195,11.49584487534626,SURVIVED (PROFIT)
60,60,1271.1390000000856,682,88,594,0.0,1171.1390000000856,12.903225806451612,SURVIVED (PROFIT)
49,73,1267.7262740139845,1147,182,965,0.0,1167.7262740139845,15.867480383609417,SURVIVED (PROFIT)
66,75,1267.3376401209107,833,110,723,0.0,1167.3376401209107,13.205282112845138,SURVIVED (PROFIT)
66,76,1265.1576185374547,857,117,740,0.0,1165.1576185374547,13.652275379229872,SURVIVED (PROFIT)
31,47,1263.1192978231552,1502,252,1250,0.0,1163.1192978231552,16.77762982689747,SURVIVED (PROFIT)
65,69,1261.4953913989389,736,96,640,0.0,1161.4953913989389,13.043478260869565,SURVIVED (PROFIT)
92,71,1260.9258450437924,852,105,747,0.0,1160.9258450437924,12.323943661971832,SURVIVED (PROFIT)
88,37,1260.7626756256932,1260,210,1050,0.0,1160.7626756256932,16.666666666666664,SURVIVED (PROFIT)
84,70,1259.142999874076,844,108,736,0.0,1159.142999874076,12.796208530805686,SURVIVED (PROFIT)
93,37,1259.077243260323,1263,204,1059,0.0,1159.077243260323,16.152019002375297,SURVIVED (PROFIT)
94,38,1256.199842200776,1228,190,1038,0.0,1156.199842200776,15.472312703583063,SURVIVED (PROFIT)
87,37,1256.1727837315843,1259,205,1054,0.0,1156.1727837315843,16.282764098490865,SURVIVED (PROFIT)
38,46,1256.0426740025978,1150,167,983,0.0,1156.0426740025978,14.521739130434783,SURVIVED (PROFIT)
44,45,1255.089466702541,817,113,704,0.0,1155.089466702541,13.83108935128519,SURVIVED (PROFIT)
79,69,1254.9919999185036,787,100,687,0.0,1154.9919999185036,12.706480304955528,SURVIVED (PROFIT)
52,37,1254.4096216611797,1214,184,1030,0.0,1154.4096216611797,15.15650741350906,SURVIVED (PROFIT)
85,70,1253.7036998834215,856,109,747,0.0,1153.7036998834215,12.733644859813085,SURVIVED (PROFIT)
68,79,1252.0532279107597,830,117,713,0.0,1152.0532279107597,14.096385542168674,SURVIVED (PROFIT)
45,71,1250.2175071415581,1178,211,967,0.0,1150.2175071415581,17.911714770797964,SURVIVED (PROFIT)
42,65,1249.7464924587207,1264,239,1025,0.0,1149.7464924587207,18.908227848101266,SURVIVED (PROFIT)
36,47,1247.7340212860745,1252,193,1059,0.0,1147.7340212860745,15.415335463258787,SURVIVED (PROFIT)
89,74,1247.0319458517465,813,101,712,0.0,1147.0319458517465,12.423124231242312,SURVIVED (PROFIT)
94,70,1246.9793428188395,857,107,750,0.0,1146.9793428188395,12.485414235705951,SURVIVED (PROFIT)
67,58,1245.5291378417978,953,156,797,0.0,1145.5291378417978,16.369359916054567,SURVIVED (PROFIT)
61,63,1244.2430635080664,728,103,625,0.0,1144.2430635080664,14.148351648351648,SURVIVED (PROFIT)
79,70,1241.6153713599142,771,96,675,0.0,1141.6153713599142,12.45136186770428,SURVIVED (PROFIT)
38,45,1240.8863555886023,1121,165,956,0.0,1140.8863555886023,14.71900089206066,SURVIVED (PROFIT)
61,46,1237.2987825532623,1134,168,966,0.0,1137.2987825532623,14.814814814814813,SURVIVED (PROFIT)
94,78,1236.7912948400876,768,93,675,0.0,1136.7912948400876,12.109375,SURVIVED (PROFIT)
61,45,1235.1767110300216,1154,180,974,0.0,1135.1767110300216,15.597920277296359,SURVIVED (PROFIT)
62,45,1234.9748665912525,1158,180,978,0.0,1134.9748665912525,15.544041450777202,SURVIVED (PROFIT)
58,44,1233.3294317896857,1171,183,988,0.0,1133.3294317896857,15.627668659265584,SURVIVED (PROFIT)
73,49,1233.2706733544396,1077,167,910,0.0,1133.2706733544396,15.506035283194059,SURVIVED (PROFIT)
89,66,1232.9236059301306,892,129,763,0.0,1132.9236059301306,14.461883408071749,SURVIVED (PROFIT)
85,66,1232.846863509984,876,125,751,0.0,1132.846863509984,14.269406392694064,SURVIVED (PROFIT)
37,90,1232.0570555648437,1256,236,1020,0.0,1132.0570555648437,18.789808917197455,SURVIVED (PROFIT)
75,90,1231.4011000567002,877,113,764,0.0,1131.4011000567002,12.884834663625996,SURVIVED (PROFIT)
40,83,1229.1896265770438,1166,217,949,0.0,1129.1896265770438,18.610634648370496,SURVIVED (PROFIT)
88,77,1225.7737142251362,757,90,667,0.0,1125.7737142251362,11.889035667107,SURVIVED (PROFIT)
42,64,1224.6197188739698,1279,229,1050,0.0,1124.6197188739698,17.90461297888976,SURVIVED (PROFIT)
69,86,1224.369604619228,925,133,792,0.0,1124.369604619228,14.378378378378379,SURVIVED (PROFIT)
41,44,1223.3255454622472,918,142,776,0.0,1123.3255454622472,15.468409586056644,SURVIVED (PROFIT)
49,100,1221.744750089054,1142,182,960,0.0,1121.744750089054,15.936952714535902,SURVIVED (PROFIT)
28,96,1219.5986250091241,1425,292,1133,0.0,1119.5986250091241,20.49122807017544,SURVIVED (PROFIT)
29,44,1219.0973181902832,1592,268,1324,0.0,1119.0973181902832,16.834170854271356,SURVIVED (PROFIT)
69,51,1216.154215624229,1080,166,914,0.0,1116.154215624229,15.37037037037037,SURVIVED (PROFIT)
51,36,1215.57522230618,1250,196,1054,0.0,1115.57522230618,15.68,SURVIVED (PROFIT)
38,44,1213.7938181764252,1092,160,932,0.0,1113.7938181764252,14.652014652014653,SURVIVED (PROFIT)
65,67,1211.5234328563365,665,86,579,0.0,1111.5234328563365,12.93233082706767,SURVIVED (PROFIT)
80,72,1211.1702776749985,726,84,642,0.0,1111.1702776749985,11.570247933884298,SURVIVED (PROFIT)
74,90,1210.8697333953164,894,110,784,0.0,1110.8697333953164,12.304250559284116,SURVIVED (PROFIT)
84,73,1210.7560547108792,761,93,668,0.0,1110.7560547108792,12.220762155059132,SURVIVED (PROFIT)
84,75,1208.3143465821845,773,93,680,0.0,1108.3143465821845,12.03104786545925,SURVIVED (PROFIT)
73,100,1207.607380039316,913,119,794,0.0,1107.607380039316,13.03395399780942,SURVIVED (PROFIT)
91,74,1206.8679323354909,823,100,723,0.0,1106.8679323354909,12.15066828675577,SURVIVED (PROFIT)
94,67,1205.6522984374824,873,126,747,0.0,1105.6522984374824,14.432989690721648,SURVIVED (PROFIT)
85,75,1204.4682798853833,783,95,688,0.0,1104.4682798853833,12.132822477650064,SURVIVED (PROFIT)
84,37,1202.1780269731566,1259,201,1058,0.0,1102.1780269731566,15.965051628276411,SURVIVED (PROFIT)
66,74,1199.9618379544277,792,104,688,0.0,1099.9618379544277,13.131313131313133,SURVIVED (PROFIT)
59,45,1197.694822131165,1166,184,982,0.0,1097.694822131165,15.780445969125214,SURVIVED (PROFIT)
91,76,1197.489999909993,830,99,731,0.0,1097.489999909993,11.927710843373495,SURVIVED (PROFIT)
74,49,1197.474775379686,1083,166,917,0.0,1097.474775379686,15.327793167128348,SURVIVED (PROFIT)
73,99,1196.5463738007675,899,113,786,0.0,1096.5463738007675,12.569521690767518,SURVIVED (PROFIT)
82,68,1195.8953234138912,807,109,698,0.0,1095.8953234138912,13.506815365551425,SURVIVED (PROFIT)
79,76,1194.523710505257,641,74,567,0.0,1094.523710505257,11.54446177847114,SURVIVED (PROFIT)
51,45,1188.959866588696,1020,150,870,0.0,1088.959866588696,14.705882352941178,SURVIVED (PROFIT)
36,86,1188.5528604753813,1259,232,1027,0.0,1088.5528604753813,18.427323272438443,SURVIVED (PROFIT)
92,67,1186.82364170452,880,123,757,0.0,1086.82364170452,13.977272727272727,SURVIVED (PROFIT)
43,63,1186.3598731771795,1269,228,1041,0.0,1086.3598731771795,17.96690307328605,SURVIVED (PROFIT)
60,100,1186.1731400207304,1058,168,890,0.0,1086.1731400207304,15.879017013232513,SURVIVED (PROFIT)
77,66,1185.8430302566267,839,114,725,0.0,1085.8430302566267,13.587604290822409,SURVIVED (PROFIT)
73,48,1185.5679790371728,1070,166,904,0.0,1085.5679790371728,15.514018691588785,SURVIVED (PROFIT)
46,37,1184.52043245401,1213,182,1031,0.0,1084.52043245401,15.004122011541632,SURVIVED (PROFIT)
86,79,1184.172303708865,659,77,582,0.0,1084.172303708865,11.684370257966616,SURVIVED (PROFIT)
93,73,1181.532890369312,807,97,710,0.0,1081.532890369312,12.01982651796778,SURVIVED (PROFIT)
46,72,1178.854402894181,1160,197,963,0.0,1078.854402894181,16.982758620689655,SURVIVED (PROFIT)
93,71,1178.222464745988,846,108,738,0.0,1078.222464745988,12.76595744680851,SURVIVED (PROFIT)
42,44,1175.7445681885151,848,130,718,0.0,1075.7445681885151,15.330188679245282,SURVIVED (PROFIT)
83,71,1174.0320280430742,798,102,696,0.0,1074.0320280430742,12.781954887218044,SURVIVED (PROFIT)
48,63,1172.0433652312568,1212,185,1027,0.0,1072.0433652312568,15.264026402640262,SURVIVED (PROFIT)
80,68,1171.3961175240279,792,105,687,0.0,1071.3961175240279,13.257575757575758,SURVIVED (PROFIT)
91,71,1171.3193379320578,866,106,760,0.0,1071.3193379320578,12.240184757505773,SURVIVED (PROFIT)
92,73,1171.1584931256298,803,95,708,0.0,1071.1584931256298,11.83063511830635,SURVIVED (PROFIT)
45,70,1170.619600104414,1184,208,976,0.0,1070.619600104414,17.56756756756757,SURVIVED (PROFIT)
60,63,1169.422222268351,765,107,658,0.0,1069.422222268351,13.986928104575163,SURVIVED (PROFIT)
48,39,1167.5653333273062,1146,160,986,0.0,1067.5653333273062,13.961605584642234,SURVIVED (PROFIT)
67,71,1165.990619839626,696,97,599,0.0,1065.990619839626,13.936781609195403,SURVIVED (PROFIT)
89,76,1164.9160130760529,818,98,720,0.0,1064.9160130760529,11.98044009779951,SURVIVED (PROFIT)
58,45,1164.8343110614392,1166,181,985,0.0,1064.8343110614392,15.523156089193826,SURVIVED (PROFIT)
60,49,1164.004775436943,1088,161,927,0.0,1064.004775436943,14.79779411764706,SURVIVED (PROFIT)
45,68,1162.5116765453686,1161,205,956,0.0,1062.5116765453686,17.657192075796726,SURVIVED (PROFIT)
83,67,1162.0802983947242,831,114,717,0.0,1062.0802983947242,13.718411552346572,SURVIVED (PROFIT)
44,71,1160.9413381594459,1191,227,964,0.0,1060.9413381594459,19.059613769941226,SURVIVED (PROFIT)
77,100,1160.6949499822686,878,121,757,0.0,1060.6949499822686,13.78132118451025,SURVIVED (PROFIT)
65,77,1154.0981429945168,881,125,756,0.0,1054.0981429945168,14.188422247446084,SURVIVED (PROFIT)
74,79,1153.4391646325726,700,83,617,0.0,1053.4391646325726,11.857142857142858,SURVIVED (PROFIT)
87,79,1150.0183923186114,678,79,599,0.0,1050.0183923186114,11.651917404129794,SURVIVED (PROFIT)
69,79,1147.731354447838,829,110,719,0.0,1047.731354447838,13.268998793727382,SURVIVED (PROFIT)
89,73,1146.7696163361156,807,98,709,0.0,1046.7696163361156,12.143742255266417,SURVIVED (PROFIT)
44,66,1146.3594849457313,1237,233,1004,0.0,1046.3594849457313,18.83589329021827,SURVIVED (PROFIT)
40,47,1140.8501278683684,1067,153,914,0.0,1040.8501278683684,14.339268978444236,SURVIVED (PROFIT)
70,67,1140.7281939879772,655,87,568,0.0,1040.7281939879772,13.282442748091603,SURVIVED (PROFIT)
77,99,1140.2728889021123,864,114,750,0.0,1040.2728889021123,13.194444444444445,SURVIVED (PROFIT)
66,73,1140.0888220268344,774,98,676,0.0,1040.0888220268344,12.661498708010335,SURVIVED (PROFIT)
76,100,1139.2717099727292,888,123,765,0.0,1039.2717099727292,13.85135135135135,SURVIVED (PROFIT)
40,49,1138.7370205463617,1127,165,962,0.0,1038.7370205463617,14.640638864241348,SURVIVED (PROFIT)
49,63,1138.21993663908,1161,189,972,0.0,1038.21993663908,16.27906976744186,SURVIVED (PROFIT)
51,39,1135.9966409948024,1181,172,1009,0.0,1035.9966409948024,14.563928873835733,SURVIVED (PROFIT)
63,78,1135.901730872235,915,139,776,0.0,1035.901730872235,15.191256830601093,SURVIVED (PROFIT)
64,78,1133.8241924233648,897,134,763,0.0,1033.8241924233648,14.938684503901895,SURVIVED (PROFIT)
65,70,1133.2325858048775,759,100,659,0.0,1033.2325858048775,13.175230566534916,SURVIVED (PROFIT)
75,66,1132.6911514809099,806,105,701,0.0,1032.6911514809099,13.027295285359802,SURVIVED (PROFIT)
37,89,1129.1668089752447,1248,234,1014,0.0,1029.1668089752447,18.75,SURVIVED (PROFIT)
42,62,1125.8367743737476,1280,231,1049,0.0,1025.8367743737476,18.046875,SURVIVED (PROFIT)
48,100,1124.2222800642307,1146,175,971,0.0,1024.2222800642307,15.270506108202445,SURVIVED (PROFIT)
47,45,1123.1737999687034,854,110,744,0.0,1023.1737999687034,12.88056206088993,SURVIVED (PROFIT)
76,99,1120.9934545605634,876,116,760,0.0,1020.9934545605634,13.24200913242009,SURVIVED (PROFIT)
85,71,1120.361605512171,827,106,721,0.0,1020.3616055121711,12.817412333736398,SURVIVED (PROFIT)
96,79,1112.8165822168457,771,90,681,0.0,1012.8165822168457,11.673151750972762,SURVIVED (PROFIT)
64,77,1111.9410131303503,908,134,774,0.0,1011.9410131303503,14.757709251101323,SURVIVED (PROFIT)
36,89,1108.124573022213,1270,237,1033,0.0,1008.1245730222131,18.661417322834644,SURVIVED (PROFIT)
63,77,1106.1698572678533,930,140,790,0.0,1006.1698572678533,15.053763440860216,SURVIVED (PROFIT)
33,45,1104.9218665314143,1376,222,1154,0.0,1004.9218665314143,16.13372093023256,SURVIVED (PROFIT)
46,44,1104.71636364997,841,116,725,0.0,1004.7163636499699,13.793103448275861,SURVIVED (PROFIT)
66,68,1103.1493088620182,656,86,570,0.0,1003.1493088620182,13.109756097560975,SURVIVED (PROFIT)
60,46,1101.4702173497526,1147,169,978,0.0,1001.4702173497526,14.734088927637314,SURVIVED (PROFIT)
76,66,1098.0142272166545,827,111,716,0.0,998.0142272166545,13.422007255139057,SURVIVED (PROFIT)
66,66,1097.0880000000675,599,81,518,0.0,997.0880000000675,13.52253756260434,SURVIVED (PROFIT)
90,72,1096.6193471102956,830,99,731,0.0,996.6193471102956,11.927710843373495,SURVIVED (PROFIT)
72,79,1093.2410380464212,760,92,668,0.0,993.2410380464212,12.105263157894736,SURVIVED (PROFIT)
48,45,1090.358488839674,918,122,796,0.0,990.358488839674,13.28976034858388,SURVIVED (PROFIT)
64,66,1089.1647878727958,701,96,605,0.0,989.1647878727958,13.69472182596291,SURVIVED (PROFIT)
37,85,1085.2416823612543,1219,224,995,0.0,985.2416823612543,18.375717801476622,SURVIVED (PROFIT)
45,49,1084.732489841635,982,130,852,0.0,984.732489841635,13.238289205702646,SURVIVED (PROFIT)
67,79,1084.7035064565607,845,118,727,0.0,984.7035064565607,13.964497041420119,SURVIVED (PROFIT)
36,88,1084.019909110375,1272,235,1037,0.0,984.019909110375,18.474842767295595,SURVIVED (PROFIT)
76,89,1083.879955089927,837,102,735,0.0,983.8799550899271,12.186379928315413,SURVIVED (PROFIT)
83,39,1083.716589664748,1178,186,992,0.0,983.716589664748,15.789473684210526,SURVIVED (PROFIT)
64,67,1083.5028805948787,722,95,627,0.0,983.5028805948787,13.157894736842104,SURVIVED (PROFIT)
36,48,1082.0883124298884,1270,195,1075,0.0,982.0883124298884,15.354330708661418,SURVIVED (PROFIT)
88,79,1075.1561391742534,692,80,612,0.0,975.1561391742534,11.560693641618498,SURVIVED (PROFIT)
91,73,1074.965986206787,807,97,710,0.0,974.965986206787,12.01982651796778,SURVIVED (PROFIT)
47,84,1074.6219405264947,1179,189,990,0.0,974.6219405264947,16.030534351145036,SURVIVED (PROFIT)
62,47,1074.127361646783,1120,169,951,0.0,974.1273616467829,15.089285714285714,SURVIVED (PROFIT)
66,70,1072.8928286878786,718,96,622,0.0,972.8928286878786,13.370473537604457,SURVIVED (PROFIT)
47,90,1072.0495666578076,1209,195,1014,0.0,972.0495666578076,16.129032258064516,SURVIVED (PROFIT)
37,88,1070.0015568560057,1248,232,1016,0.0,970.0015568560057,18.58974358974359,SURVIVED (PROFIT)
80,76,1069.3741051974948,669,75,594,0.0,969.3741051974948,11.210762331838566,SURVIVED (PROFIT)
49,45,1068.172577707815,946,130,816,0.0,968.172577707815,13.742071881606766,SURVIVED (PROFIT)
76,88,1067.080863689258,819,98,721,0.0,967.080863689258,11.965811965811966,SURVIVED (PROFIT)
85,29,1066.4751721414355,1642,282,1360,0.0,966.4751721414355,17.174177831912303,SURVIVED (PROFIT)
83,76,1064.8669341121235,744,88,656,0.0,964.8669341121235,11.827956989247312,SURVIVED (PROFIT)
37,93,1064.3444516402674,1241,226,1015,0.0,964.3444516402674,18.211120064464144,SURVIVED (PROFIT)
95,79,1063.44030374682,766,86,680,0.0,963.4403037468201,11.22715404699739,SURVIVED (PROFIT)
93,67,1062.5234775197382,877,124,753,0.0,962.5234775197382,14.139110604332952,SURVIVED (PROFIT)
66,69,1061.9751885193632,700,93,607,0.0,961.9751885193632,13.285714285714286,SURVIVED (PROFIT)
84,71,1061.565563251569,817,105,712,0.0,961.5655632515691,12.851897184822523,SURVIVED (PROFIT)
82,76,1060.5743814908078,713,83,630,0.0,960.5743814908078,11.640953716690042,SURVIVED (PROFIT)
34,45,1060.2653998816058,1343,218,1125,0.0,960.2653998816058,16.232315711094564,SURVIVED (PROFIT)
82,69,1059.8304491741442,815,105,710,0.0,959.8304491741442,12.883435582822086,SURVIVED (PROFIT)
32,44,1058.9029089742885,1469,237,1232,0.0,958.9029089742885,16.133424098025866,SURVIVED (PROFIT)
89,37,1057.3937026263043,1267,219,1048,0.0,957.3937026263043,17.284925019731652,SURVIVED (PROFIT)
65,78,1055.5086539617319,870,124,746,0.0,955.5086539617319,14.25287356321839,SURVIVED (PROFIT)
61,47,1053.4877233616953,1100,162,938,0.0,953.4877233616953,14.727272727272728,SURVIVED (PROFIT)
48,80,1052.2709375717855,1180,178,1002,0.0,952.2709375717855,15.084745762711865,SURVIVED (PROFIT)
39,76,1051.6791842385696,1258,234,1024,0.0,951.6791842385696,18.60095389507154,SURVIVED (PROFIT)
79,71,1050.9592957031937,749,93,656,0.0,950.9592957031937,12.416555407209612,SURVIVED (PROFIT)
39,48,1049.5879584472946,1142,158,984,0.0,949.5879584472946,13.835376532399298,SURVIVED (PROFIT)
74,89,1044.8460786914989,861,104,757,0.0,944.8460786914989,12.07897793263647,SURVIVED (PROFIT)
50,39,1042.4999486641464,1165,167,998,0.0,942.4999486641464,14.334763948497853,SURVIVED (PROFIT)
47,39,1041.8284358587625,1127,159,968,0.0,941.8284358587625,14.108251996450754,SURVIVED (PROFIT)
72,66,1041.4412878711346,749,95,654,0.0,941.4412878711346,12.683578104138851,SURVIVED (PROFIT)
80,69,1038.112710042124,796,99,697,0.0,938.112710042124,12.43718592964824,SURVIVED (PROFIT)
15,85,1036.7668000660683,1990,487,1503,0.0,936.7668000660683,24.472361809045225,SURVIVED (PROFIT)
84,66,1036.3689089670847,870,123,747,0.0,936.3689089670847,14.13793103448276,SURVIVED (PROFIT)
65,66,1030.7708636333855,642,85,557,0.0,930.7708636333855,13.239875389408098,SURVIVED (PROFIT)
80,70,1030.344685631575,781,96,685,0.0,930.344685631575,12.291933418693981,SURVIVED (PROFIT)
45,38,1029.998236879383,1129,168,961,0.0,929.9982368793831,14.880425155004428,SURVIVED (PROFIT)
70,79,1028.2254303896862,818,104,714,0.0,928.2254303896862,12.71393643031785,SURVIVED (PROFIT)
71,89,1027.7522360002522,927,115,812,0.0,927.7522360002522,12.405609492988134,SURVIVED (PROFIT)
91,67,1027.1225371779592,892,124,768,0.0,927.1225371779592,13.901345291479823,SURVIVED (PROFIT)
31,50,1026.9075999905353,1539,253,1286,0.0,926.9075999905353,16.439246263807668,SURVIVED (PROFIT)
73,79,1026.4959241149772,721,84,637,0.0,926.4959241149772,11.650485436893204,SURVIVED (PROFIT)
66,79,1025.1565317808704,862,120,742,0.0,925.1565317808704,13.921113689095128,SURVIVED (PROFIT)
66,67,1024.4606418141766,624,82,542,0.0,924.4606418141766,13.141025641025642,SURVIVED (PROFIT)
76,79,1020.1432405656524,649,76,573,0.0,920.1432405656524,11.710323574730355,SURVIVED (PROFIT)
82,70,1019.4718570420068,810,100,710,0.0,919.4718570420068,12.345679012345679,SURVIVED (PROFIT)
92,38,1018.132105333068,1235,191,1044,0.0,918.132105333068,15.465587044534413,SURVIVED (PROFIT)
65,65,1017.6480000000652,599,80,519,0.0,917.6480000000652,13.35559265442404,SURVIVED (PROFIT)
36,83,1015.8043734466237,1263,231,1032,0.0,915.8043734466237,18.28978622327791,SURVIVED (PROFIT)
43,48,1015.0680000713651,996,135,861,0.0,915.0680000713651,13.55421686746988,SURVIVED (PROFIT)
86,78,1014.9702563021578,690,83,607,0.0,914.9702563021578,12.028985507246377,SURVIVED (PROFIT)
60,45,1013.5183999351998,1166,180,986,0.0,913.5183999351998,15.437392795883362,SURVIVED (PROFIT)
52,45,1012.881644345171,1037,146,891,0.0,912.881644345171,14.07907425265188,SURVIVED (PROFIT)
75,89,1012.5638539619408,851,105,746,0.0,912.5638539619408,12.338425381903642,SURVIVED (PROFIT)
51,44,1012.5007499468024,1039,155,884,0.0,912.5007499468024,14.918190567853706,SURVIVED (PROFIT)
43,47,1008.1664043963056,955,126,829,0.0,908.1664043963056,13.193717277486911,SURVIVED (PROFIT)
73,90,1007.2571667325269,904,109,795,0.0,907.2571667325269,12.057522123893804,SURVIVED (PROFIT)
42,47,1006.112595858764,980,138,842,0.0,906.112595858764,14.081632653061224,SURVIVED (PROFIT)
94,66,1004.8540302641168,905,130,775,0.0,904.8540302641168,14.3646408839779,SURVIVED (PROFIT)
45,67,1003.6722388945727,1199,215,984,0.0,903.6722388945727,17.93160967472894,SURVIVED (PROFIT)
41,63,1003.1080795419512,1291,238,1053,0.0,903.1080795419512,18.435321456235478,SURVIVED (PROFIT)
85,31,1002.7623869085724,1543,268,1275,0.0,902.7623869085724,17.368762151652625,SURVIVED (PROFIT)
94,79,1000.9222911005945,754,86,668,0.0,900.9222911005945,11.405835543766578,SURVIVED (PROFIT)
62,78,999.6985257338029,931,137,794,0.0,899.6985257338029,14.715359828141782,SURVIVED (PROFIT)
90,75,999.1802799143138,837,95,742,0.0,899.1802799143138,11.35005973715651,SURVIVED (PROFIT)
48,37,997.2642433280425,1238,178,1060,0.0,897.2642433280425,14.378029079159935,SURVIVED (PROFIT)
40,82,997.227341539704,1185,221,964,0.0,897.227341539704,18.649789029535864,SURVIVED (PROFIT)
79,77,996.3452207885603,599,67,532,0.0,896.3452207885603,11.185308848080133,SURVIVED (PROFIT)
45,41,994.3933658057858,957,137,820,0.0,894.3933658057858,14.315569487983282,SURVIVED (PROFIT)
20,84,994.187297671443,1740,387,1353,0.0,894.187297671443,22.24137931034483,SURVIVED (PROFIT)
67,66,993.0002727241349,628,82,546,0.0,893.0002727241349,13.05732484076433,SURVIVED (PROFIT)
86,77,991.4647661410604,732,88,644,0.0,891.4647661410604,12.021857923497267,SURVIVED (PROFIT)
68,80,990.307800044045,848,113,735,0.0,890.307800044045,13.325471698113208,SURVIVED (PROFIT)
44,42,988.0719047158946,856,129,727,0.0,888.0719047158946,15.070093457943926,SURVIVED (PROFIT)
75,79,986.5230127359723,684,80,604,0.0,886.5230127359723,11.695906432748536,SURVIVED (PROFIT)
43,44,980.8930227513515,837,121,716,0.0,880.8930227513515,14.456391875746716,SURVIVED (PROFIT)
79,67,979.097970069628,802,108,694,0.0,879.097970069628,13.466334164588527,SURVIVED (PROFIT)
53,45,976.1058887784679,1083,160,923,0.0,876.1058887784679,14.773776546629733,SURVIVED (PROFIT)
84,76,976.0781577921402,754,91,663,0.0,876.0781577921402,12.068965517241379,SURVIVED (PROFIT)
52,39,975.8436666180692,1173,170,1003,0.0,875.8436666180692,14.492753623188406,SURVIVED (PROFIT)
92,79,975.3113670255607,740,84,656,0.0,875.3113670255607,11.351351351351353,SURVIVED (PROFIT)
68,66,972.7534242243619,656,84,572,0.0,872.7534242243619,12.804878048780488,SURVIVED (PROFIT)
64,68,969.631029436433,752,97,655,0.0,869.631029436433,12.898936170212766,SURVIVED (PROFIT)
46,65,969.4710616700122,1209,202,1007,0.0,869.4710616700122,16.708023159636063,SURVIVED (PROFIT)
74,81,966.757185255045,728,83,645,0.0,866.757185255045,11.401098901098901,SURVIVED (PROFIT)
85,76,962.02521041613,770,93,677,0.0,862.02521041613,12.077922077922079,SURVIVED (PROFIT)
85,15,961.508000102619,2651,560,2091,0.0,861.508000102619,21.124104111655978,SURVIVED (PROFIT)
64,64,961.1990000000683,629,78,551,0.0,861.1990000000683,12.400635930047695,SURVIVED (PROFIT)
77,79,960.6036962248099,605,70,535,0.0,860.6036962248099,11.570247933884298,SURVIVED (PROFIT)
91,37,960.2439188825692,1270,207,1063,0.0,860.2439188825692,16.299212598425196,SURVIVED (PROFIT)
64,69,959.0444203718621,788,103,685,0.0,859.0444203718621,13.071065989847716,SURVIVED (PROFIT)
44,44,958.9860000000767,771,110,661,0.0,858.9860000000767,14.267185473411153,SURVIVED (PROFIT)
36,82,958.1434633627373,1273,233,1040,0.0,858.1434633627373,18.3032207384132,SURVIVED (PROFIT)
32,45,957.118555417846,1474,242,1232,0.0,857.118555417846,16.417910447761194,SURVIVED (PROFIT)
74,80,957.0695250890471,724,83,641,0.0,857.0695250890471,11.464088397790055,SURVIVED (PROFIT)
46,49,956.3846734727199,935,123,812,0.0,856.3846734727199,13.155080213903744,SURVIVED (PROFIT)
64,65,956.18196922163,663,89,574,0.0,856.18196922163,13.423831070889895,SURVIVED (PROFIT)
42,48,956.1216250535067,1029,146,883,0.0,856.1216250535067,14.188532555879494,SURVIVED (PROFIT)
85,28,955.8002854606466,1655,284,1371,0.0,855.8002854606466,17.16012084592145,SURVIVED (PROFIT)
90,69,955.6299999111957,881,109,772,0.0,855.6299999111957,12.372304199772985,SURVIVED (PROFIT)
62,72,955.3792084077354,873,125,748,0.0,855.3792084077354,14.318442153493699,SURVIVED (PROFIT)
93,79,954.6216708365505,739,84,655,0.0,854.6216708365505,11.366711772665765,SURVIVED (PROFIT)
75,64,953.4854374330212,851,120,731,0.0,853.4854374330212,14.101057579318448,SURVIVED (PROFIT)
81,76,952.25951305945,692,78,614,0.0,852.25951305945,11.271676300578035,SURVIVED (PROFIT)
44,49,951.5497959961822,1008,139,869,0.0,851.5497959961822,13.789682539682541,SURVIVED (PROFIT)
36,81,950.9411110761362,1276,230,1046,0.0,850.9411110761362,18.025078369905955,SURVIVED (PROFIT)
92,39,950.028641079623,1220,187,1033,0.0,850.028641079623,15.327868852459018,SURVIVED (PROFIT)
90,70,949.4476570441752,878,105,773,0.0,849.4476570441752,11.958997722095672,SURVIVED (PROFIT)
63,67,948.7736417838341,757,100,657,0.0,848.7736417838341,13.210039630118892,SURVIVED (PROFIT)
42,63,948.6437620653978,1297,235,1062,0.0,848.6437620653978,18.118735543562067,SURVIVED (PROFIT)
71,86,948.4862442062636,892,118,774,0.0,848.4862442062636,13.228699551569505,SURVIVED (PROFIT)
84,29,947.3632066101486,1634,271,1363,0.0,847.3632066101486,16.585067319461444,SURVIVED (PROFIT)
63,66,946.7751969615906,741,101,640,0.0,846.7751969615906,13.630229419703104,SURVIVED (PROFIT)
63,70,946.2591000948801,828,116,712,0.0,846.2591000948801,14.009661835748794,SURVIVED (PROFIT)
93,38,945.3658947893346,1232,188,1044,0.0,845.3658947893346,15.259740259740258,SURVIVED (PROFIT)
63,72,944.3350000885953,854,121,733,0.0,844.3350000885953,14.168618266978921,SURVIVED (PROFIT)
36,84,941.3574761740324,1260,234,1026,0.0,841.3574761740324,18.571428571428573,SURVIVED (PROFIT)
43,49,939.552714365459,1032,144,888,0.0,839.552714365459,13.953488372093023,SURVIVED (PROFIT)
64,70,933.0450715093771,806,109,697,0.0,833.0450715093771,13.523573200992555,SURVIVED (PROFIT)
65,72,932.0098612388106,787,103,684,0.0,832.0098612388106,13.087674714104194,SURVIVED (PROFIT)
78,66,931.9572575344359,832,103,729,0.0,831.9572575344359,12.379807692307693,SURVIVED (PROFIT)
74,66,930.4044848142103,786,99,687,0.0,830.4044848142103,12.595419847328243,SURVIVED (PROFIT)
78,78,928.3350000000555,526,60,466,0.0,828.3350000000555,11.406844106463879,SURVIVED (PROFIT)
50,45,925.9745777208504,969,131,838,0.0,825.9745777208504,13.519091847265221,SURVIVED (PROFIT)
92,77,922.4732986760428,788,93,695,0.0,822.4732986760428,11.802030456852792,SURVIVED (PROFIT)
76,87,919.2665402845032,806,93,713,0.0,819.2665402845032,11.538461538461538,SURVIVED (PROFIT)
86,80,918.2941874516673,640,74,566,0.0,818.2941874516673,11.5625,SURVIVED (PROFIT)
39,49,918.1034082545207,1166,167,999,0.0,818.1034082545207,14.322469982847341,SURVIVED (PROFIT)
45,48,913.0766458701441,944,124,820,0.0,813.0766458701441,13.135593220338984,SURVIVED (PROFIT)
92,66,911.6444696263966,911,127,784,0.0,811.6444696263966,13.940724478594952,SURVIVED (PROFIT)
60,47,910.7946808292772,1120,164,956,0.0,810.7946808292772,14.642857142857144,SURVIVED (PROFIT)
71,67,910.4554924883378,677,91,586,0.0,810.4554924883378,13.44165435745938,SURVIVED (PROFIT)
74,64,909.1199218049032,834,115,719,0.0,809.1199218049032,13.788968824940047,SURVIVED (PROFIT)
82,77,906.0616103251455,668,77,591,0.0,806.0616103251455,11.526946107784433,SURVIVED (PROFIT)
46,43,904.7300232046241,907,126,781,0.0,804.7300232046241,13.891951488423373,SURVIVED (PROFIT)
93,39,898.5964615918078,1218,184,1034,0.0,798.5964615918078,15.10673234811166,SURVIVED (PROFIT)
71,79,897.9848354858686,787,96,691,0.0,797.9848354858686,12.198221092757306,SURVIVED (PROFIT)
81,68,896.3742498567094,798,104,694,0.0,796.3742498567094,13.032581453634084,SURVIVED (PROFIT)
52,36,896.2249445222237,1239,191,1048,0.0,796.2249445222237,15.415657788539145,SURVIVED (PROFIT)
44,43,895.2745813290053,838,122,716,0.0,795.2745813290053,14.558472553699284,SURVIVED (PROFIT)
20,85,894.7702941733955,1732,387,1345,0.0,794.7702941733955,22.344110854503466,SURVIVED (PROFIT)
64,72,894.661694551447,834,115,719,0.0,794.661694551447,13.788968824940047,SURVIVED (PROFIT)
45,44,894.5766818324096,810,113,697,0.0,794.5766818324096,13.950617283950617,SURVIVED (PROFIT)
49,44,894.1743181681495,966,136,830,0.0,794.1743181681495,14.078674948240167,SURVIVED (PROFIT)
47,80,893.3881250519444,1195,188,1007,0.0,793.3881250519444,15.732217573221757,SURVIVED (PROFIT)
64,74,893.0527838954595,860,119,741,0.0,793.0527838954595,13.837209302325581,SURVIVED (PROFIT)
47,100,892.9930200511358,1147,191,956,0.0,792.9930200511358,16.652136006974715,SURVIVED (PROFIT)
69,66,892.9348635924844,694,87,607,0.0,792.9348635924844,12.536023054755043,SURVIVED (PROFIT)
90,74,892.5100944963533,831,97,734,0.0,792.5100944963533,11.672683513838749,SURVIVED (PROFIT)
84,27,890.4330737686541,1706,281,1425,0.0,790.4330737686541,16.471277842907387,SURVIVED (PROFIT)
39,47,889.2767235878946,1108,151,957,0.0,789.2767235878946,13.628158844765343,SURVIVED (PROFIT)
80,77,889.1331687993311,626,69,557,0.0,789.1331687993311,11.022364217252397,SURVIVED (PROFIT)
92,78,888.1562179080229,757,87,670,0.0,788.1562179080229,11.492734478203435,SURVIVED (PROFIT)
63,69,886.637376904454,815,110,705,0.0,786.637376904454,13.496932515337424,SURVIVED (PROFIT)
45,47,885.3534681593833,873,110,763,0.0,785.3534681593833,12.600229095074456,SURVIVED (PROFIT)
90,37,885.2487026387798,1268,212,1056,0.0,785.2487026387798,16.7192429022082,SURVIVED (PROFIT)
44,48,884.8292709126431,966,128,838,0.0,784.8292709126431,13.250517598343686,SURVIVED (PROFIT)
93,77,882.2696363466048,791,93,698,0.0,782.2696363466048,11.757269279393173,SURVIVED (PROFIT)
33,44,881.1239771503947,1392,224,1168,0.0,781.1239771503947,16.091954022988507,SURVIVED (PROFIT)
76,90,879.7478334007806,862,108,754,0.0,779.7478334007806,12.529002320185615,SURVIVED (PROFIT)
46,38,878.10847372749,1162,167,995,0.0,778.10847372749,14.371772805507746,SURVIVED (PROFIT)
44,67,876.7221344301083,1208,228,980,0.0,776.7221344301083,18.874172185430464,SURVIVED (PROFIT)
37,87,876.199356348021,1246,229,1017,0.0,776.199356348021,18.37881219903692,SURVIVED (PROFIT)
63,74,875.4348379340263,884,123,761,0.0,775.4348379340263,13.914027149321267,SURVIVED (PROFIT)
90,67,875.322746142343,888,125,763,0.0,775.322746142343,14.076576576576578,SURVIVED (PROFIT)
44,68,875.1011765844737,1186,217,969,0.0,775.1011765844737,18.296795952782464,SURVIVED (PROFIT)
84,28,875.003106903659,1656,276,1380,0.0,775.003106903659,16.666666666666664,SURVIVED (PROFIT)
54,45,873.9881776278789,1127,163,964,0.0,773.9881776278789,14.463176574977817,SURVIVED (PROFIT)
90,76,873.0022104411892,832,94,738,0.0,773.0022104411892,11.298076923076923,SURVIVED (PROFIT)
44,65,871.2172309010775,1243,230,1013,0.0,771.2172309010775,18.50362027353178,SURVIVED (PROFIT)
69,80,871.161099999712,849,107,742,0.0,771.161099999712,12.603062426383982,SURVIVED (PROFIT)
41,48,870.3239792456397,1066,151,915,0.0,770.3239792456397,14.165103189493433,SURVIVED (PROFIT)
37,91,869.5673956123628,1239,238,1001,0.0,769.5673956123628,19.2090395480226,SURVIVED (PROFIT)
62,74,865.8210000790268,899,126,773,0.0,765.8210000790268,14.015572858731925,SURVIVED (PROFIT)
65,74,864.5917974121339,826,107,719,0.0,764.5917974121339,12.953995157384988,SURVIVED (PROFIT)
63,75,861.8624401064908,915,132,783,0.0,761.8624401064908,14.426229508196723,SURVIVED (PROFIT)
89,79,860.1788986540782,712,80,632,0.0,760.1788986540782,11.235955056179774,SURVIVED (PROFIT)
36,80,859.630462484166,1297,233,1064,0.0,759.630462484166,17.964533538936006,SURVIVED (PROFIT)
58,48,859.4911041477912,1105,162,943,0.0,759.4911041477912,14.660633484162897,SURVIVED (PROFIT)
62,75,859.3098934200052,931,136,795,0.0,759.3098934200052,14.60794844253491,SURVIVED (PROFIT)
73,66,858.9289847862178,776,95,681,0.0,758.9289847862178,12.242268041237113,SURVIVED (PROFIT)
83,27,858.0125182263823,1704,279,1425,0.0,758.0125182263823,16.37323943661972,SURVIVED (PROFIT)
65,71,857.0289156351591,780,103,677,0.0,757.0289156351591,13.205128205128206,SURVIVED (PROFIT)
93,78,856.706717912547,758,87,671,0.0,756.706717912547,11.477572559366754,SURVIVED (PROFIT)
63,68,856.6324412076501,782,102,680,0.0,756.6324412076501,13.043478260869565,SURVIVED (PROFIT)
32,46,855.3886085951526,1472,245,1227,0.0,755.3886085951526,16.644021739130434,SURVIVED (PROFIT)
46,64,853.3062188591507,1228,199,1029,0.0,753.3062188591507,16.205211726384363,SURVIVED (PROFIT)
66,65,852.9668768964143,637,84,553,0.0,752.9668768964143,13.186813186813188,SURVIVED (PROFIT)
87,80,851.6276874410032,664,76,588,0.0,751.6276874410032,11.44578313253012,SURVIVED (PROFIT)
90,68,849.9583822312366,873,111,762,0.0,749.9583822312366,12.714776632302405,SURVIVED (PROFIT)
82,71,849.4699435479761,782,98,684,0.0,749.4699435479761,12.531969309462914,SURVIVED (PROFIT)
83,66,848.6533029411207,856,113,743,0.0,748.6533029411207,13.200934579439252,SURVIVED (PROFIT)
73,89,845.2593708318591,870,103,767,0.0,745.2593708318591,11.839080459770116,SURVIVED (PROFIT)
67,80,844.4626250935007,860,114,746,0.0,744.4626250935007,13.25581395348837,SURVIVED (PROFIT)
63,79,843.0280127727774,906,136,770,0.0,743.0280127727774,15.011037527593817,SURVIVED (PROFIT)
62,100,836.8011400624455,1006,159,847,0.0,736.8011400624455,15.805168986083498,SURVIVED (PROFIT)
42,49,833.6170204686778,1051,151,900,0.0,733.6170204686778,14.367269267364415,SURVIVED (PROFIT)
80,71,833.0118590637612,760,91,669,0.0,733.0118590637612,11.973684210526315,SURVIVED (PROFIT)
72,80,832.5116125724012,785,93,692,0.0,732.5116125724012,11.847133757961783,SURVIVED (PROFIT)
65,76,824.108815905673,881,120,761,0.0,724.108815905673,13.62088535754824,SURVIVED (PROFIT)
76,80,822.5839625712815,682,77,605,0.0,722.5839625712815,11.29032258064516,SURVIVED (PROFIT)
64,75,822.0116401272762,897,125,772,0.0,722.0116401272762,13.935340022296543,SURVIVED (PROFIT)
40,86,820.6808838385673,1175,214,961,0.0,720.6808838385673,18.21276595744681,SURVIVED (PROFIT)
82,39,818.6663845423705,1184,185,999,0.0,718.6663845423705,15.625,SURVIVED (PROFIT)
51,46,817.4738912271764,999,140,859,0.0,717.4738912271764,14.014014014014014,SURVIVED (PROFIT)
38,80,816.0049625001952,1264,224,1040,0.0,716.0049625001952,17.72151898734177,SURVIVED (PROFIT)
47,82,812.4863293293065,1190,185,1005,0.0,712.4863293293065,15.546218487394958,SURVIVED (PROFIT)
47,44,811.7062045433945,889,115,774,0.0,711.7062045433945,12.935883014623172,SURVIVED (PROFIT)
51,38,810.5504473904493,1206,176,1030,0.0,710.5504473904493,14.593698175787729,SURVIVED (PROFIT)
62,67,809.7639552053079,800,115,685,0.0,709.7639552053079,14.374999999999998,SURVIVED (PROFIT)
52,44,809.2754089945774,1055,150,905,0.0,709.2754089945774,14.218009478672986,SURVIVED (PROFIT)
89,78,808.290666579936,738,86,652,0.0,708.290666579936,11.653116531165312,SURVIVED (PROFIT)
44,47,802.9500639613725,906,114,792,0.0,702.9500639613725,12.582781456953644,SURVIVED (PROFIT)
80,67,801.862014829851,803,106,697,0.0,701.862014829851,13.20049813200498,SURVIVED (PROFIT)
77,89,801.8062359934029,802,100,702,0.0,701.8062359934029,12.468827930174564,SURVIVED (PROFIT)
65,75,801.1928801305307,865,113,752,0.0,701.1928801305307,13.0635838150289,SURVIVED (PROFIT)
72,81,800.5080000671619,794,94,700,0.0,700.5080000671619,11.838790931989925,SURVIVED (PROFIT)
66,80,799.6063375985377,878,118,760,0.0,699.6063375985377,13.439635535307518,SURVIVED (PROFIT)
62,79,799.4717849191888,918,138,780,0.0,699.4717849191888,15.032679738562091,SURVIVED (PROFIT)
82,67,798.8712088411494,819,110,709,0.0,698.8712088411494,13.431013431013431,SURVIVED (PROFIT)
64,79,798.3196330461155,894,131,763,0.0,698.3196330461155,14.65324384787472,SURVIVED (PROFIT)
62,66,798.3158484607002,787,116,671,0.0,698.3158484607002,14.73951715374841,SURVIVED (PROFIT)
73,81,797.5584321636074,747,84,663,0.0,697.5584321636074,11.244979919678714,SURVIVED (PROFIT)
78,88,797.2212386740903,738,86,652,0.0,697.2212386740903,11.653116531165312,SURVIVED (PROFIT)
91,66,796.4935453371727,914,128,786,0.0,696.4935453371727,14.00437636761488,SURVIVED (PROFIT)
63,65,795.9087076885598,703,93,610,0.0,695.9087076885598,13.229018492176387,SURVIVED (PROFIT)
65,64,792.802499987687,661,87,574,0.0,692.802499987687,13.161875945537066,SURVIVED (PROFIT)
85,38,788.4075789227209,1216,191,1025,0.0,688.4075789227209,15.707236842105262,SURVIVED (PROFIT)
81,77,787.810831101453,645,72,573,0.0,687.810831101453,11.162790697674419,SURVIVED (PROFIT)
66,71,787.7176762077279,741,98,643,0.0,687.7176762077279,13.225371120107962,SURVIVED (PROFIT)
75,80,786.3857875884964,715,81,634,0.0,686.3857875884964,11.328671328671328,SURVIVED (PROFIT)
77,88,786.2376477778503,782,96,686,0.0,686.2376477778503,12.27621483375959,SURVIVED (PROFIT)
48,44,786.187113619726,943,126,817,0.0,686.187113619726,13.361611876988336,SURVIVED (PROFIT)
84,39,784.8590768890572,1192,183,1009,0.0,684.8590768890572,15.35234899328859,SURVIVED (PROFIT)
46,41,783.4757560558137,997,136,861,0.0,683.4757560558137,13.640922768304915,SURVIVED (PROFIT)
91,78,782.4098973507107,762,87,675,0.0,682.4098973507107,11.41732283464567,SURVIVED (PROFIT)
48,46,781.2793260548897,877,115,762,0.0,681.2793260548897,13.112884834663626,SURVIVED (PROFIT)
91,79,781.1802024543654,748,83,665,0.0,681.1802024543654,11.096256684491978,SURVIVED (PROFIT)
70,66,779.6250908647617,717,90,627,0.0,679.6250908647617,12.552301255230125,SURVIVED (PROFIT)
45,72,777.9794861910177,1173,205,968,0.0,677.9794861910177,17.476555839727194,SURVIVED (PROFIT)
77,80,777.8514000353339,636,72,564,0.0,677.8514000353339,11.320754716981133,SURVIVED (PROFIT)
66,64,774.7611093428864,693,94,599,0.0,674.7611093428864,13.564213564213565,SURVIVED (PROFIT)
63,73,773.3003973449704,867,118,749,0.0,673.3003973449704,13.610149942329874,SURVIVED (PROFIT)
47,46,771.7169130243615,817,104,713,0.0,671.7169130243615,12.729498164014688,SURVIVED (PROFIT)
90,71,771.714478773773,859,101,758,0.0,671.714478773773,11.757857974388825,SURVIVED (PROFIT)
76,81,771.4561729040647,690,75,615,0.0,671.4561729040647,10.869565217391305,SURVIVED (PROFIT)
75,81,769.6518395799044,721,80,641,0.0,669.6518395799044,11.095700416088766,SURVIVED (PROFIT)
73,80,769.5503625636311,744,83,661,0.0,669.5503625636311,11.155913978494624,SURVIVED (PROFIT)
46,42,769.2877142429124,930,132,798,0.0,669.2877142429124,14.193548387096774,SURVIVED (PROFIT)
49,46,763.5325434279293,919,123,796,0.0,663.5325434279293,13.384113166485308,SURVIVED (PROFIT)
62,76,762.9417237662951,945,140,805,0.0,662.9417237662951,14.814814814814813,SURVIVED (PROFIT)
65,73,762.7351781830371,810,101,709,0.0,662.7351781830371,12.469135802469136,SURVIVED (PROFIT)
49,38,759.1563421956694,1188,168,1020,0.0,659.1563421956694,14.14141414141414,SURVIVED (PROFIT)
64,73,758.1177672161325,846,112,734,0.0,658.1177672161325,13.238770685579196,SURVIVED (PROFIT)
45,42,757.305547586182,893,128,765,0.0,657.305547586182,14.33370660694289,SURVIVED (PROFIT)
91,77,757.2762077125449,801,93,708,0.0,657.2762077125449,11.610486891385769,SURVIVED (PROFIT)
62,70,757.240257220637,856,125,731,0.0,657.240257220637,14.602803738317757,SURVIVED (PROFIT)
76,64,756.849984289338,864,122,742,0.0,656.849984289338,14.120370370370368,SURVIVED (PROFIT)
89,77,755.947129786714,780,92,688,0.0,655.947129786714,11.794871794871794,SURVIVED (PROFIT)
88,80,755.1363374692346,676,77,599,0.0,655.1363374692346,11.390532544378699,SURVIVED (PROFIT)
37,48,753.7637291576007,1245,176,1069,0.0,653.7637291576007,14.136546184738954,SURVIVED (PROFIT)
83,15,753.430999984048,2677,544,2133,0.0,653.430999984048,20.321255136346654,SURVIVED (PROFIT)
83,79,752.7801391678645,607,66,541,0.0,652.7801391678645,10.873146622734762,SURVIVED (PROFIT)
90,73,752.4832875831962,813,93,720,0.0,652.4832875831962,11.439114391143912,SURVIVED (PROFIT)
70,80,750.8990875007889,838,102,736,0.0,650.8990875007889,12.17183770883055,SURVIVED (PROFIT)
62,73,749.8447124016461,886,122,764,0.0,649.8447124016461,13.769751693002258,SURVIVED (PROFIT)
49,49,748.9160000000784,748,91,657,0.0,648.9160000000784,12.165775401069519,SURVIVED (PROFIT)
47,81,741.4574198367127,1177,182,995,0.0,641.4574198367127,15.46304163126593,SURVIVED (PROFIT)
47,83,740.4823856252342,1189,183,1006,0.0,640.4823856252342,15.391084945332212,SURVIVED (PROFIT)
63,76,736.128276422086,932,136,796,0.0,636.128276422086,14.592274678111588,SURVIVED (PROFIT)
69,64,734.2052343017976,787,107,680,0.0,634.2052343017976,13.595933926302415,SURVIVED (PROFIT)
85,79,733.8260252121036,643,74,569,0.0,633.8260252121036,11.508553654743391,SURVIVED (PROFIT)
38,84,733.6276309619525,1230,226,1004,0.0,633.6276309619525,18.3739837398374,SURVIVED (PROFIT)
34,44,732.6245453417869,1352,218,1134,0.0,632.6245453417869,16.124260355029584,SURVIVED (PROFIT)
67,65,732.354753815649,669,85,584,0.0,632.354753815649,12.705530642750373,SURVIVED (PROFIT)
44,64,732.3102657656527,1265,222,1043,0.0,632.3102657656527,17.549407114624508,SURVIVED (PROFIT)
68,65,727.0925076648223,697,89,608,0.0,627.0925076648223,12.769010043041607,SURVIVED (PROFIT)
46,73,726.6949042109572,1174,195,979,0.0,626.6949042109572,16.609880749574106,SURVIVED (PROFIT)
46,100,725.2256000512907,1147,191,956,0.0,625.2256000512907,16.652136006974715,SURVIVED (PROFIT)
85,39,722.2689230678234,1195,187,1008,0.0,622.2689230678234,15.648535564853555,SURVIVED (PROFIT)
81,69,716.851536104939,803,97,706,0.0,616.851536104939,12.079701120797012,SURVIVED (PROFIT)
62,68,716.0519558979195,814,115,699,0.0,616.0519558979195,14.127764127764127,SURVIVED (PROFIT)
46,46,715.9550000000759,760,99,661,0.0,615.9550000000759,13.026315789473683,SURVIVED (PROFIT)
39,92,713.8281522316042,1176,214,962,0.0,613.8281522316042,18.197278911564627,SURVIVED (PROFIT)
64,76,712.8334080132536,911,128,783,0.0,612.8334080132536,14.050493962678376,SURVIVED (PROFIT)
46,62,710.6400807574537,1207,196,1011,0.0,610.6400807574537,16.23860811930406,SURVIVED (PROFIT)
65,79,706.7541393683432,870,121,749,0.0,606.7541393683432,13.908045977011493,SURVIVED (PROFIT)
77,90,705.2363445094884,827,104,723,0.0,605.2363445094884,12.575574365175331,SURVIVED (PROFIT)
73,64,705.2002967656053,836,110,726,0.0,605.2002967656053,13.157894736842104,SURVIVED (PROFIT)
93,66,704.8320605272079,908,126,782,0.0,604.8320605272079,13.876651982378855,SURVIVED (PROFIT)
81,70,699.7699856063623,792,93,699,0.0,599.7699856063623,11.742424242424242,SURVIVED (PROFIT)
38,81,699.4534197435396,1237,217,1020,0.0,599.4534197435396,17.54244139046079,SURVIVED (PROFIT)
79,79,698.5510000000595,523,57,466,0.0,598.5510000000595,10.89866156787763,SURVIVED (PROFIT)
45,43,694.1494185439406,878,123,755,0.0,594.1494185439406,14.009111617312072,SURVIVED (PROFIT)
62,69,692.4142899246121,846,121,725,0.0,592.4142899246121,14.30260047281324,SURVIVED (PROFIT)
68,64,691.8514374463434,751,100,651,0.0,591.8514374463434,13.315579227696405,SURVIVED (PROFIT)
67,64,691.1835936915468,726,96,630,0.0,591.1835936915468,13.223140495867769,SURVIVED (PROFIT)
63,71,689.851591651427,847,119,728,0.0,589.851591651427,14.049586776859504,SURVIVED (PROFIT)
35,47,687.1976169471009,1310,201,1109,0.0,587.1976169471009,15.34351145038168,SURVIVED (PROFIT)
96,63,686.7886031037492,917,134,783,0.0,586.7886031037492,14.612868047982552,SURVIVED (PROFIT)
63,80,685.3771500745797,909,136,773,0.0,585.3771500745797,14.96149614961496,SURVIVED (PROFIT)
35,49,679.8903671962235,1326,201,1125,0.0,579.8903671962235,15.158371040723981,SURVIVED (PROFIT)
77,81,675.0497407961789,651,73,578,0.0,575.0497407961789,11.213517665130567,SURVIVED (PROFIT)
64,71,672.1118733537064,825,112,713,0.0,572.1118733537064,13.575757575757578,SURVIVED (PROFIT)
82,79,665.3332024772444,592,64,528,0.0,565.3332024772444,10.81081081081081,SURVIVED (PROFIT)
46,88,660.9926023234643,1192,195,997,0.0,560.9926023234643,16.359060402684563,SURVIVED (PROFIT)
79,66,657.4277575081687,833,104,729,0.0,557.4277575081687,12.48499399759904,SURVIVED (PROFIT)
40,85,654.1118589494663,1172,218,954,0.0,554.1118589494663,18.600682593856654,SURVIVED (PROFIT)
62,80,650.4484000586694,914,136,778,0.0,550.4484000586694,14.87964989059081,SURVIVED (PROFIT)
53,46,649.1693042463171,1058,152,906,0.0,549.1693042463171,14.366729678638942,SURVIVED (PROFIT)
78,87,640.9362529183413,727,82,645,0.0,540.9362529183413,11.279229711141678,SURVIVED (PROFIT)
62,65,640.4378153699167,751,108,643,0.0,540.4378153699167,14.380825565912117,SURVIVED (PROFIT)
41,84,639.6967143900506,1179,220,959,0.0,539.6967143900506,18.6598812553011,SURVIVED (PROFIT)
79,88,638.9356591432311,708,81,627,0.0,538.9356591432311,11.440677966101696,SURVIVED (PROFIT)
84,79,638.13131636772,627,69,558,0.0,538.13131636772,11.004784688995215,SURVIVED (PROFIT)
42,92,638.0433369732768,1185,209,976,0.0,538.0433369732768,17.637130801687764,SURVIVED (PROFIT)
77,87,636.6879540749323,769,91,678,0.0,536.6879540749323,11.833550065019507,SURVIVED (PROFIT)
68,84,634.4736905000505,912,127,785,0.0,534.4736905000505,13.925438596491228,SURVIVED (PROFIT)
52,46,630.2170433832375,1022,136,886,0.0,530.2170433832375,13.307240704500977,SURVIVED (PROFIT)
46,63,628.9399683539673,1231,202,1029,0.0,528.9399683539673,16.409423233143787,SURVIVED (PROFIT)
69,65,628.8085691865767,739,93,646,0.0,528.8085691865767,12.584573748308525,SURVIVED (PROFIT)
38,82,628.4819999761285,1233,219,1014,0.0,528.4819999761285,17.761557177615572,SURVIVED (PROFIT)
62,71,626.3528733263165,873,125,748,0.0,526.3528733263165,14.318442153493699,SURVIVED (PROFIT)
64,80,626.2610250829835,899,130,769,0.0,526.2610250829835,14.46051167964405,SURVIVED (PROFIT)
71,80,624.1395625386544,806,94,712,0.0,524.1395625386544,11.662531017369728,SURVIVED (PROFIT)
52,38,605.5756842305404,1191,176,1015,0.0,505.57568423054045,14.777497900923594,SURVIVED (PROFIT)
72,64,605.2064687117245,823,110,713,0.0,505.2064687117245,13.365735115431349,SURVIVED (PROFIT)
90,66,602.8828635205878,913,126,787,0.0,502.88286352058776,13.800657174151151,SURVIVED (PROFIT)
50,46,601.7523042911967,948,123,825,0.0,501.75230429119665,12.974683544303797,SURVIVED (PROFIT)
38,83,598.11393973744,1228,216,1012,0.0,498.11393973744,17.58957654723127,SURVIVED (PROFIT)
40,87,596.8116897992013,1190,217,973,0.0,496.8116897992013,18.235294117647058,SURVIVED (PROFIT)
70,64,589.5675311673353,800,106,694,0.0,489.56753116733535,13.25,SURVIVED (PROFIT)
79,82,583.7764878269809,600,64,536,0.0,483.7764878269809,10.666666666666668,SURVIVED (PROFIT)
49,43,581.3983487763126,1018,139,879,0.0,481.39834877631256,13.654223968565816,SURVIVED (PROFIT)
45,65,581.0314308873094,1230,217,1013,0.0,481.0314308873094,17.642276422764226,SURVIVED (PROFIT)
79,83,580.8987711190161,615,65,550,0.0,480.89877111901615,10.569105691056912,SURVIVED (PROFIT)
83,77,579.1089219941728,686,79,607,0.0,479.10892199417276,11.51603498542274,SURVIVED (PROFIT)
47,43,575.2522790005273,955,125,830,0.0,475.2522790005273,13.089005235602095,SURVIVED (PROFIT)
72,62,575.0122096084242,874,128,746,0.0,475.0122096084242,14.645308924485127,SURVIVED (PROFIT)
96,80,574.25143745794,763,82,681,0.0,474.25143745794,10.747051114023591,SURVIVED (PROFIT)
46,48,573.8759791801413,885,115,770,0.0,473.87597918014126,12.994350282485875,SURVIVED (PROFIT)
68,85,572.6435764916337,923,131,792,0.0,472.64357649163367,14.19284940411701,SURVIVED (PROFIT)
46,89,572.2965618083954,1187,189,998,0.0,472.2965618083954,15.922493681550126,SURVIVED (PROFIT)
80,79,567.6884556564037,551,57,494,0.0,467.6884556564037,10.344827586206897,SURVIVED (PROFIT)
36,85,563.2409764750887,1253,236,1017,0.0,463.2409764750887,18.834796488427774,SURVIVED (PROFIT)
44,62,560.4447259783028,1256,221,1035,0.0,460.4447259783028,17.595541401273884,SURVIVED (PROFIT)
83,78,560.2101665697828,642,71,571,0.0,460.2101665697828,11.059190031152648,SURVIVED (PROFIT)
63,62,558.0189032068442,681,95,586,0.0,458.01890320684424,13.950073421439061,SURVIVED (PROFIT)
72,65,554.6955230817766,785,98,687,0.0,454.6955230817766,12.48407643312102,SURVIVED (PROFIT)
81,79,553.6773796834755,565,59,506,0.0,453.67737968347546,10.442477876106194,SURVIVED (PROFIT)
86,83,552.9289758951695,558,54,504,0.0,452.9289758951695,9.67741935483871,SURVIVED (PROFIT)
77,91,551.544725325597,832,112,720,0.0,451.544725325597,13.461538461538462,SURVIVED (PROFIT)
69,84,549.3749999932957,906,123,783,0.0,449.37499999329566,13.57615894039735,SURVIVED (PROFIT)
90,79,545.1599113044776,744,78,666,0.0,445.15991130447765,10.483870967741936,SURVIVED (PROFIT)
58,46,544.479521710969,1138,170,968,0.0,444.47952171096904,14.938488576449913,SURVIVED (PROFIT)
79,91,542.5110659647921,779,97,682,0.0,442.5110659647921,12.45186136071887,SURVIVED (PROFIT)
79,78,541.9109615246321,553,60,493,0.0,441.91096152463206,10.849909584086799,SURVIVED (PROFIT)
59,46,541.878326020962,1142,172,970,0.0,441.87832602096205,15.061295971978982,SURVIVED (PROFIT)
89,80,540.8048624407202,699,76,623,0.0,440.80486244072017,10.872675250357654,SURVIVED (PROFIT)
65,62,540.7818225315295,746,111,635,0.0,440.78182253152954,14.87935656836461,SURVIVED (PROFIT)
49,80,539.7863625208361,1184,184,1000,0.0,439.78636252083606,15.54054054054054,SURVIVED (PROFIT)
63,64,539.3442500065735,668,79,589,0.0,439.3442500065735,11.826347305389222,SURVIVED (PROFIT)
85,78,539.0874870559005,673,79,594,0.0,439.0874870559005,11.738484398216938,SURVIVED (PROFIT)
69,62,537.8134515256947,848,130,718,0.0,437.81345152569475,15.330188679245282,SURVIVED (PROFIT)
80,66,537.0200302276248,832,104,728,0.0,437.02003022762483,12.5,SURVIVED (PROFIT)
65,80,536.7228625876623,878,119,759,0.0,436.72286258766235,13.55353075170843,SURVIVED (PROFIT)
85,77,529.6939609286587,716,86,630,0.0,429.6939609286587,12.011173184357542,SURVIVED (PROFIT)
41,83,525.9897471104273,1173,210,963,0.0,425.9897471104273,17.902813299232736,SURVIVED (PROFIT)
81,71,524.2059294611709,764,90,674,0.0,424.20592946117085,11.780104712041885,SURVIVED (PROFIT)
65,81,522.4160988537706,883,117,766,0.0,422.41609885377056,13.250283125707815,SURVIVED (PROFIT)
66,62,519.811532184769,779,120,659,0.0,419.811532184769,15.40436456996149,SURVIVED (PROFIT)
76,65,519.4893691801799,841,111,730,0.0,419.4893691801799,13.198573127229487,SURVIVED (PROFIT)
46,47,517.7880851394011,818,102,716,0.0,417.7880851394011,12.469437652811736,SURVIVED (PROFIT)
79,89,517.1301011575551,725,82,643,0.0,417.13010115755515,11.310344827586206,SURVIVED (PROFIT)
54,41,515.9815853330806,1182,167,1015,0.0,415.9815853330806,14.12859560067682,SURVIVED (PROFIT)
48,38,515.3449737912347,1193,159,1034,0.0,415.3449737912347,13.327745180217937,SURVIVED (PROFIT)
90,78,514.1583588840372,762,83,679,0.0,414.15835888403717,10.892388451443571,SURVIVED (PROFIT)
67,82,512.9711951983527,878,118,760,0.0,412.9711951983527,13.439635535307518,SURVIVED (PROFIT)
62,62,512.5150000000772,644,88,556,0.0,412.5150000000772,13.664596273291925,SURVIVED (PROFIT)
79,87,512.0033333674769,692,77,615,0.0,412.0033333674769,11.127167630057803,SURVIVED (PROFIT)
87,83,508.2840481963817,586,56,530,0.0,408.2840481963817,9.556313993174061,SURVIVED (PROFIT)
81,67,507.13698495763174,808,105,703,0.0,407.13698495763174,12.995049504950495,SURVIVED (PROFIT)
70,65,501.9763076358927,762,94,668,0.0,401.9763076358927,12.335958005249344,SURVIVED (PROFIT)
67,83,499.1156024855595,880,118,762,0.0,399.1156024855595,13.40909090909091,SURVIVED (PROFIT)
92,80,495.8023749518602,722,79,643,0.0,395.8023749518602,10.941828254847644,SURVIVED (PROFIT)
50,38,495.53210528641193,1201,167,1034,0.0,395.53210528641193,13.905079100749376,SURVIVED (PROFIT)
79,80,494.6802625174,558,58,500,0.0,394.6802625174,10.39426523297491,SURVIVED (PROFIT)
82,66,492.9864241489504,848,109,739,0.0,392.9864241489504,12.853773584905662,SURVIVED (PROFIT)
48,43,492.8526278503632,994,130,864,0.0,392.8526278503632,13.078470824949697,SURVIVED (PROFIT)
69,85,492.09512940142986,921,127,794,0.0,392.09512940142986,13.789359391965256,SURVIVED (PROFIT)
48,48,491.15800000008585,765,92,673,0.0,391.15800000008585,12.026143790849673,SURVIVED (PROFIT)
78,91,482.70769233121655,796,99,697,0.0,382.70769233121655,12.43718592964824,SURVIVED (PROFIT)
64,62,479.01675803407034,717,101,616,0.0,379.01675803407034,14.086471408647142,SURVIVED (PROFIT)
67,62,478.93133863774165,803,121,682,0.0,378.93133863774165,15.068493150684931,SURVIVED (PROFIT)
85,80,478.2800499340983,620,71,549,0.0,378.2800499340983,11.451612903225806,SURVIVED (PROFIT)
53,41,477.44963413729556,1169,168,1001,0.0,377.44963413729556,14.37125748502994,SURVIVED (PROFIT)
90,77,475.2694674468853,798,88,710,0.0,375.2694674468853,11.027568922305765,SURVIVED (PROFIT)
95,80,471.28506247153246,757,77,680,0.0,371.28506247153246,10.171730515191546,SURVIVED (PROFIT)
79,81,465.62379015004035,574,59,515,0.0,365.62379015004035,10.278745644599303,SURVIVED (PROFIT)
82,78,464.357102482405,625,68,557,0.0,364.357102482405,10.879999999999999,SURVIVED (PROFIT)
78,79,461.72027847085155,562,60,502,0.0,361.72027847085155,10.676156583629894,SURVIVED (PROFIT)
94,80,454.5724124841945,741,77,664,0.0,354.5724124841945,10.39136302294197,SURVIVED (PROFIT)
79,86,452.32705816763337,678,75,603,0.0,352.32705816763337,11.061946902654867,SURVIVED (PROFIT)
84,78,450.41844860913943,657,74,583,0.0,350.41844860913943,11.263318112633181,SURVIVED (PROFIT)
84,77,446.86063626950545,701,81,620,0.0,346.86063626950545,11.554921540656206,SURVIVED (PROFIT)
93,80,438.14419995858634,727,77,650,0.0,338.14419995858634,10.591471801925723,SURVIVED (PROFIT)
65,63,430.831015850943,699,93,606,0.0,330.831015850943,13.304721030042918,SURVIVED (PROFIT)
47,38,423.029289528406,1182,160,1022,0.0,323.029289528406,13.536379018612521,SURVIVED (PROFIT)
54,46,415.91419553311107,1102,155,947,0.0,315.91419553311107,14.065335753176045,SURVIVED (PROFIT)
86,39,415.07884610945075,1203,184,1019,0.0,315.07884610945075,15.295095594347465,SURVIVED (PROFIT)
79,92,413.43305437163554,774,96,678,0.0,313.43305437163554,12.4031007751938,SURVIVED (PROFIT)
69,63,412.67834912791704,817,115,702,0.0,312.67834912791704,14.075887392900857,SURVIVED (PROFIT)
49,41,410.5324878058418,1069,142,927,0.0,310.5324878058418,13.283442469597755,SURVIVED (PROFIT)
63,63,408.90300000006937,634,79,555,0.0,308.90300000006937,12.46056782334385,SURVIVED (PROFIT)
42,84,408.312964338224,1189,224,965,0.0,308.312964338224,18.839360807401178,SURVIVED (PROFIT)
78,90,406.20950003098415,786,90,696,0.0,306.20950003098415,11.450381679389313,SURVIVED (PROFIT)
44,63,404.367174755565,1275,225,1050,0.0,304.367174755565,17.647058823529413,SURVIVED (PROFIT)
83,80,400.58336246157205,573,62,511,0.0,300.58336246157205,10.820244328097731,SURVIVED (PROFIT)
66,63,400.2402697987495,732,100,632,0.0,300.2402697987495,13.661202185792352,SURVIVED (PROFIT)
80,78,396.64258969181355,581,60,521,0.0,296.64258969181355,10.327022375215146,SURVIVED (PROFIT)
78,65,395.71066150373326,842,106,736,0.0,295.71066150373326,12.589073634204276,SURVIVED (PROFIT)
86,38,395.5427104739547,1224,186,1038,0.0,295.5427104739547,15.196078431372548,SURVIVED (PROFIT)
91,80,395.18066244061947,730,78,652,0.0,295.18066244061947,10.684931506849315,SURVIVED (PROFIT)
62,64,393.53206250862513,716,94,622,0.0,293.53206250862513,13.128491620111731,SURVIVED (PROFIT)
67,81,392.42279020838396,870,113,757,0.0,292.42279020838396,12.988505747126435,SURVIVED (PROFIT)
67,84,391.00667863631816,922,128,794,0.0,291.00667863631816,13.882863340563992,SURVIVED (PROFIT)
78,89,381.1817753002215,758,87,671,0.0,281.1817753002215,11.477572559366754,SURVIVED (PROFIT)
46,91,379.66471427959004,1185,190,995,0.0,279.66471427959004,16.033755274261605,SURVIVED (PROFIT)
80,88,377.677215954408,677,76,601,0.0,277.677215954408,11.225997045790251,SURVIVED (PROFIT)
49,48,376.7440833285141,811,100,711,0.0,276.7440833285141,12.330456226880395,SURVIVED (PROFIT)
84,15,364.6515333890393,2665,543,2122,0.0,264.6515333890393,20.375234521575987,SURVIVED (PROFIT)
91,38,361.0258157747103,1234,189,1045,0.0,261.0258157747103,15.316045380875204,SURVIVED (PROFIT)
80,91,360.5561099051297,751,91,660,0.0,260.5561099051297,12.117177097203728,SURVIVED (PROFIT)
64,63,360.08201586676114,668,82,586,0.0,260.08201586676114,12.275449101796406,SURVIVED (PROFIT)
84,80,356.2443249430703,601,66,535,0.0,256.2443249430703,10.98169717138103,SURVIVED (PROFIT)
78,92,355.88404349369284,792,98,694,0.0,255.88404349369284,12.373737373737374,SURVIVED (PROFIT)
43,80,354.9066625824339,1198,207,991,0.0,254.9066625824339,17.2787979966611,SURVIVED (PROFIT)
81,78,352.51801273802994,600,63,537,0.0,252.51801273802994,10.5,SURVIVED (PROFIT)
38,92,349.3432608672965,1228,224,1004,0.0,249.34326086729652,18.241042345276874,SURVIVED (PROFIT)
46,97,347.294618552241,1139,193,946,0.0,247.294618552241,16.94468832309043,SURVIVED (PROFIT)
46,90,323.25878889306205,1196,188,1008,0.0,223.25878889306205,15.719063545150503,SURVIVED (PROFIT)
78,82,321.3295853898089,637,68,569,0.0,221.32958538980893,10.675039246467819,SURVIVED (PROFIT)
80,86,317.02015117579276,641,71,570,0.0,217.02015117579276,11.076443057722308,SURVIVED (PROFIT)
89,38,311.9389736321341,1247,202,1045,0.0,211.9389736321341,16.19887730553328,SURVIVED (PROFIT)
78,83,309.3410361948404,653,69,584,0.0,209.3410361948404,10.566615620214396,SURVIVED (PROFIT)
46,92,308.3011739317799,1190,193,997,0.0,208.30117393177989,16.218487394957982,SURVIVED (PROFIT)
89,39,306.15574353508373,1231,201,1030,0.0,206.15574353508373,16.328188464662876,SURVIVED (PROFIT)
42,83,303.3962048969397,1183,214,969,0.0,203.3962048969397,18.08960270498732,SURVIVED (PROFIT)
80,83,302.3035662764005,575,60,515,0.0,202.3035662764005,10.434782608695652,SURVIVED (PROFIT)
48,41,301.03726828669096,1063,134,929,0.0,201.03726828669096,12.605832549388523,SURVIVED (PROFIT)
46,98,292.7241224493969,1131,189,942,0.0,192.72412244939687,16.710875331564985,SURVIVED (PROFIT)
80,82,291.07167072338143,561,59,502,0.0,191.07167072338143,10.51693404634581,SURVIVED (PROFIT)
42,94,288.8397021329306,1176,200,976,0.0,188.8397021329306,17.006802721088434,SURVIVED (PROFIT)
46,99,281.69043437527625,1143,192,951,0.0,181.69043437527625,16.79790026246719,SURVIVED (PROFIT)
53,42,276.2246666092374,1165,164,1001,0.0,176.22466660923737,14.07725321888412,SURVIVED (PROFIT)
80,87,265.1426551949139,661,72,589,0.0,165.1426551949139,10.892586989409985,SURVIVED (PROFIT)
82,80,264.7353374759018,561,60,501,0.0,164.73533747590182,10.695187165775401,SURVIVED (PROFIT)
78,80,264.1191125034784,594,61,533,0.0,164.1191125034784,10.26936026936027,SURVIVED (PROFIT)
91,39,262.04284613615755,1227,187,1040,0.0,162.04284613615755,15.24042379788101,SURVIVED (PROFIT)
42,91,261.6594725441869,1185,209,976,0.0,161.65947254418688,17.637130801687764,SURVIVED (PROFIT)
42,93,258.8622688346595,1184,202,982,0.0,158.86226883465952,17.06081081081081,SURVIVED (PROFIT)
45,64,253.40185948112003,1259,212,1047,0.0,153.40185948112003,16.838760921366163,SURVIVED (PROFIT)
46,96,250.71163542768045,1146,191,955,0.0,150.71163542768045,16.666666666666664,SURVIVED (PROFIT)
80,89,242.3673258722797,696,76,620,0.0,142.3673258722797,10.919540229885058,SURVIVED (PROFIT)
80,92,238.7191087084343,748,90,658,0.0,138.7191087084343,12.032085561497325,SURVIVED (PROFIT)
90,80,235.43077492901057,726,75,651,0.0,135.43077492901057,10.330578512396695,SURVIVED (PROFIT)
46,95,232.32617895641079,1174,192,982,0.0,132.32617895641079,16.35434412265758,SURVIVED (PROFIT)
43,92,227.34215217265637,1179,205,974,0.0,127.34215217265637,17.387616624257845,SURVIVED (PROFIT)
45,100,218.87173000397115,1151,193,958,0.0,118.87173000397115,16.76802780191138,SURVIVED (PROFIT)
78,81,214.60879015164574,611,63,548,0.0,114.60879015164574,10.310965630114566,SURVIVED (PROFIT)
42,80,205.0966625744445,1219,212,1007,0.0,105.09666257444451,17.391304347826086,SURVIVED (PROFIT)
46,93,176.1978172364561,1185,190,995,0.0,76.1978172364561,16.033755274261605,SURVIVED (PROFIT)
47,47,162.51300000008086,762,92,670,0.0,62.513000000080865,12.073490813648293,SURVIVED (PROFIT)
80,80,142.7650000000599,515,51,464,0.0,42.7650000000599,9.902912621359224,SURVIVED (PROFIT)
46,94,142.11671278646736,1187,193,994,0.0,42.11671278646736,16.259477674810448,SURVIVED (PROFIT)
46,84,133.71001198746762,1175,187,988,0.0,33.710011987467624,15.914893617021278,SURVIVED (PROFIT)
81,80,115.71401247674476,531,54,477,0.0,15.714012476744756,10.16949152542373,SURVIVED (PROFIT)
39,80,111.49207505814229,1231,215,1016,0.0,11.49207505814229,17.465475223395615,SURVIVED (PROFIT)
85,82,108.889634105597,560,57,503,0.0,8.889634105596997,10.178571428571429,SURVIVED (PROFIT)
80,81,91.21823456058382,535,53,482,0.0,-8.781765439416176,9.906542056074766,SURVIVED (PROFIT)
43,100,74.64539003529171,1127,196,931,0.0,-25.35460996470829,17.391304347826086,SURVIVED (PROFIT)
43,81,41.388839583443314,1183,202,981,0.0,-58.611160416556686,17.075232459847843,SURVIVED (PROFIT)
42,97,39.507030929745724,1133,202,931,0.0,-60.492969070254276,17.828773168578994,SURVIVED (PROFIT)
38,89,36.11230335822529,1251,221,1030,0.0,-63.88769664177471,17.665867306155075,SURVIVED (PROFIT)
85,81,26.55096291797372,597,60,537,0.0,-73.44903708202628,10.050251256281408,SURVIVED (PROFIT)
42,96,21.87156250680391,1148,199,949,0.0,-78.12843749319609,17.334494773519165,SURVIVED (PROFIT)
41,88,21.43170463553588,1185,209,976,0.0,-78.56829536446412,17.637130801687764,SURVIVED (PROFIT)
42,100,4.681470041891771,1128,201,927,0.0,-95.31852995810823,17.819148936170212,SURVIVED (PROFIT)
39,81,1.795246959448832,1201,208,993,0.0,-98.20475304055117,17.318900915903416,SURVIVED (PROFIT)
43,82,0.9181951844293508,1192,206,986,0.0,-99.08180481557065,17.28187919463087,SURVIVED (PROFIT)
11,93,0.0,1056,245,811,1.0,-100.0,23.200757575757574,MARGIN CALL ($0)
11,94,0.0,273,74,199,1.0,-100.0,27.106227106227106,MARGIN CALL ($0)
11,95,0.0,273,73,200,1.0,-100.0,26.73992673992674,MARGIN CALL ($0)
11,96,0.0,272,75,197,1.0,-100.0,27.573529411764707,MARGIN CALL ($0)
11,97,0.0,273,75,198,1.0,-100.0,27.472527472527474,MARGIN CALL ($0)
11,98,0.0,283,73,210,1.0,-100.0,25.795053003533567,MARGIN CALL ($0)
11,99,0.0,279,70,209,1.0,-100.0,25.089605734767023,MARGIN CALL ($0)
11,100,0.0,272,70,202,1.0,-100.0,25.735294117647058,MARGIN CALL ($0)
12,1,0.0,66,9,57,1.0,-100.0,13.636363636363635,MARGIN CALL ($0)
12,2,0.0,44,4,40,1.0,-100.0,9.090909090909092,MARGIN CALL ($0)
12,3,0.0,44,5,39,1.0,-100.0,11.363636363636363,MARGIN CALL ($0)
12,4,0.0,36,4,32,1.0,-100.0,11.11111111111111,MARGIN CALL ($0)
12,5,0.0,48,8,40,1.0,-100.0,16.666666666666664,MARGIN CALL ($0)
12,6,0.0,117,27,90,1.0,-100.0,23.076923076923077,MARGIN CALL ($0)
12,7,0.0,151,38,113,1.0,-100.0,25.165562913907287,MARGIN CALL ($0)
12,8,0.0,68,11,57,1.0,-100.0,16.176470588235293,MARGIN CALL ($0)
12,9,0.0,36,4,32,1.0,-100.0,11.11111111111111,MARGIN CALL ($0)
12,10,0.0,33,3,30,1.0,-100.0,9.090909090909092,MARGIN CALL ($0)
12,11,0.0,69,11,58,1.0,-100.0,15.942028985507244,MARGIN CALL ($0)
12,12,0.0,67,12,55,1.0,-100.0,17.91044776119403,MARGIN CALL ($0)
12,13,0.0,71,13,58,1.0,-100.0,18.30985915492958,MARGIN CALL ($0)
12,14,0.0,65,14,51,1.0,-100.0,21.53846153846154,MARGIN CALL ($0)
12,16,0.0,417,105,312,1.0,-100.0,25.179856115107913,MARGIN CALL ($0)
12,17,0.0,407,100,307,1.0,-100.0,24.57002457002457,MARGIN CALL ($0)
12,18,0.0,364,85,279,1.0,-100.0,23.35164835164835,MARGIN CALL ($0)
12,19,0.0,402,96,306,1.0,-100.0,23.88059701492537,MARGIN CALL ($0)
12,20,0.0,467,110,357,1.0,-100.0,23.554603854389722,MARGIN CALL ($0)
12,21,0.0,457,112,345,1.0,-100.0,24.50765864332604,MARGIN CALL ($0)
12,22,0.0,446,111,335,1.0,-100.0,24.887892376681613,MARGIN CALL ($0)
12,23,0.0,364,86,278,1.0,-100.0,23.626373626373624,MARGIN CALL ($0)
12,24,0.0,367,83,284,1.0,-100.0,22.615803814713896,MARGIN CALL ($0)
12,25,0.0,353,79,274,1.0,-100.0,22.379603399433428,MARGIN CALL ($0)
12,26,0.0,347,76,271,1.0,-100.0,21.902017291066283,MARGIN CALL ($0)
12,27,0.0,326,66,260,1.0,-100.0,20.245398773006134,MARGIN CALL ($0)
12,28,0.0,351,78,273,1.0,-100.0,22.22222222222222,MARGIN CALL ($0)
12,29,0.0,364,84,280,1.0,-100.0,23.076923076923077,MARGIN CALL ($0)
12,30,0.0,369,87,282,1.0,-100.0,23.577235772357724,MARGIN CALL ($0)
12,31,0.0,360,91,269,1.0,-100.0,25.27777777777778,MARGIN CALL ($0)
12,32,0.0,353,83,270,1.0,-100.0,23.512747875354105,MARGIN CALL ($0)
12,33,0.0,351,85,266,1.0,-100.0,24.216524216524217,MARGIN CALL ($0)
12,34,0.0,353,86,267,1.0,-100.0,24.362606232294617,MARGIN CALL ($0)
12,35,0.0,361,88,273,1.0,-100.0,24.37673130193906,MARGIN CALL ($0)
12,36,0.0,376,95,281,1.0,-100.0,25.265957446808514,MARGIN CALL ($0)
12,37,0.0,359,87,272,1.0,-100.0,24.233983286908078,MARGIN CALL ($0)
12,38,0.0,40,8,32,1.0,-100.0,20.0,MARGIN CALL ($0)
12,39,0.0,50,8,42,1.0,-100.0,16.0,MARGIN CALL ($0)
12,40,0.0,42,8,34,1.0,-100.0,19.047619047619047,MARGIN CALL ($0)
12,41,0.0,43,8,35,1.0,-100.0,18.6046511627907,MARGIN CALL ($0)
12,42,0.0,52,8,44,1.0,-100.0,15.384615384615385,MARGIN CALL ($0)
12,43,0.0,55,9,46,1.0,-100.0,16.363636363636363,MARGIN CALL ($0)
12,44,0.0,52,9,43,1.0,-100.0,17.307692307692307,MARGIN CALL ($0)
12,45,0.0,52,9,43,1.0,-100.0,17.307692307692307,MARGIN CALL ($0)
12,46,0.0,52,9,43,1.0,-100.0,17.307692307692307,MARGIN CALL ($0)
12,47,0.0,54,9,45,1.0,-100.0,16.666666666666664,MARGIN CALL ($0)
12,48,0.0,55,9,46,1.0,-100.0,16.363636363636363,MARGIN CALL ($0)
12,49,0.0,53,10,43,1.0,-100.0,18.867924528301888,MARGIN CALL ($0)
12,50,0.0,56,10,46,1.0,-100.0,17.857142857142858,MARGIN CALL ($0)
12,51,0.0,28,1,27,1.0,-100.0,3.571428571428571,MARGIN CALL ($0)
12,52,0.0,50,11,39,1.0,-100.0,22.0,MARGIN CALL ($0)
12,53,0.0,51,11,40,1.0,-100.0,21.568627450980394,MARGIN CALL ($0)
12,54,0.0,55,13,42,1.0,-100.0,23.636363636363637,MARGIN CALL ($0)
12,55,0.0,56,13,43,1.0,-100.0,23.214285714285715,MARGIN CALL ($0)
12,56,0.0,56,13,43,1.0,-100.0,23.214285714285715,MARGIN CALL ($0)
12,57,0.0,52,11,41,1.0,-100.0,21.153846153846153,MARGIN CALL ($0)
12,58,0.0,54,11,43,1.0,-100.0,20.37037037037037,MARGIN CALL ($0)
12,59,0.0,52,11,41,1.0,-100.0,21.153846153846153,MARGIN CALL ($0)
12,60,0.0,72,15,57,1.0,-100.0,20.833333333333336,MARGIN CALL ($0)
12,61,0.0,58,11,47,1.0,-100.0,18.96551724137931,MARGIN CALL ($0)
12,62,0.0,57,11,46,1.0,-100.0,19.298245614035086,MARGIN CALL ($0)
12,63,0.0,50,10,40,1.0,-100.0,20.0,MARGIN CALL ($0)
12,64,0.0,51,10,41,1.0,-100.0,19.607843137254903,MARGIN CALL ($0)
12,65,0.0,51,10,41,1.0,-100.0,19.607843137254903,MARGIN CALL ($0)
12,66,0.0,49,10,39,1.0,-100.0,20.408163265306122,MARGIN CALL ($0)
12,67,0.0,323,83,240,1.0,-100.0,25.696594427244584,MARGIN CALL ($0)
12,68,0.0,32,4,28,1.0,-100.0,12.5,MARGIN CALL ($0)
12,69,0.0,374,93,281,1.0,-100.0,24.86631016042781,MARGIN CALL ($0)
12,70,0.0,386,101,285,1.0,-100.0,26.165803108808287,MARGIN CALL ($0)
12,71,0.0,377,96,281,1.0,-100.0,25.46419098143236,MARGIN CALL ($0)
12,72,0.0,809,173,636,1.0,-100.0,21.38442521631644,MARGIN CALL ($0)
12,74,0.0,387,98,289,1.0,-100.0,25.32299741602067,MARGIN CALL ($0)
12,77,0.0,311,79,232,1.0,-100.0,25.401929260450164,MARGIN CALL ($0)
12,78,0.0,303,78,225,1.0,-100.0,25.742574257425744,MARGIN CALL ($0)
12,79,0.0,296,73,223,1.0,-100.0,24.66216216216216,MARGIN CALL ($0)
12,80,0.0,296,73,223,1.0,-100.0,24.66216216216216,MARGIN CALL ($0)
12,81,0.0,295,73,222,1.0,-100.0,24.74576271186441,MARGIN CALL ($0)
12,82,0.0,294,73,221,1.0,-100.0,24.829931972789115,MARGIN CALL ($0)
12,83,0.0,295,72,223,1.0,-100.0,24.40677966101695,MARGIN CALL ($0)
12,84,0.0,287,72,215,1.0,-100.0,25.087108013937282,MARGIN CALL ($0)
12,85,0.0,278,69,209,1.0,-100.0,24.820143884892087,MARGIN CALL ($0)
12,86,0.0,281,67,214,1.0,-100.0,23.843416370106763,MARGIN CALL ($0)
12,87,0.0,277,65,212,1.0,-100.0,23.465703971119133,MARGIN CALL ($0)
12,88,0.0,268,65,203,1.0,-100.0,24.253731343283583,MARGIN CALL ($0)
12,89,0.0,266,65,201,1.0,-100.0,24.43609022556391,MARGIN CALL ($0)
12,90,0.0,272,68,204,1.0,-100.0,25.0,MARGIN CALL ($0)
12,91,0.0,279,74,205,1.0,-100.0,26.523297491039425,MARGIN CALL ($0)
12,92,0.0,278,72,206,1.0,-100.0,25.899280575539567,MARGIN CALL ($0)
12,93,0.0,279,73,206,1.0,-100.0,26.16487455197133,MARGIN CALL ($0)
12,94,0.0,268,71,197,1.0,-100.0,26.492537313432834,MARGIN CALL ($0)
12,95,0.0,269,69,200,1.0,-100.0,25.650557620817843,MARGIN CALL ($0)
12,96,0.0,269,73,196,1.0,-100.0,27.137546468401485,MARGIN CALL ($0)
12,97,0.0,269,74,195,1.0,-100.0,27.509293680297397,MARGIN CALL ($0)
12,98,0.0,279,75,204,1.0,-100.0,26.881720430107524,MARGIN CALL ($0)
12,99,0.0,279,75,204,1.0,-100.0,26.881720430107524,MARGIN CALL ($0)
12,100,0.0,265,73,192,1.0,-100.0,27.547169811320753,MARGIN CALL ($0)
13,1,0.0,66,9,57,1.0,-100.0,13.636363636363635,MARGIN CALL ($0)
13,2,0.0,44,4,40,1.0,-100.0,9.090909090909092,MARGIN CALL ($0)
13,3,0.0,44,5,39,1.0,-100.0,11.363636363636363,MARGIN CALL ($0)
13,4,0.0,36,4,32,1.0,-100.0,11.11111111111111,MARGIN CALL ($0)
13,5,0.0,49,8,41,1.0,-100.0,16.3265306122449,MARGIN CALL ($0)
13,6,0.0,105,24,81,1.0,-100.0,22.857142857142858,MARGIN CALL ($0)
13,7,0.0,109,28,81,1.0,-100.0,25.688073394495415,MARGIN CALL ($0)
13,8,0.0,69,11,58,1.0,-100.0,15.942028985507244,MARGIN CALL ($0)
13,9,0.0,37,4,33,1.0,-100.0,10.81081081081081,MARGIN CALL ($0)
13,10,0.0,34,3,31,1.0,-100.0,8.823529411764707,MARGIN CALL ($0)
13,11,0.0,32,3,29,1.0,-100.0,9.375,MARGIN CALL ($0)
13,12,0.0,71,13,58,1.0,-100.0,18.30985915492958,MARGIN CALL ($0)
13,13,0.0,31,3,28,1.0,-100.0,9.67741935483871,MARGIN CALL ($0)
13,14,0.0,63,13,50,1.0,-100.0,20.634920634920633,MARGIN CALL ($0)
13,16,0.0,415,105,310,1.0,-100.0,25.301204819277107,MARGIN CALL ($0)
13,17,0.0,382,96,286,1.0,-100.0,25.13089005235602,MARGIN CALL ($0)
13,18,0.0,369,89,280,1.0,-100.0,24.119241192411923,MARGIN CALL ($0)
13,19,0.0,429,101,328,1.0,-100.0,23.543123543123542,MARGIN CALL ($0)
13,20,0.0,448,109,339,1.0,-100.0,24.330357142857142,MARGIN CALL ($0)
13,21,0.0,451,114,337,1.0,-100.0,25.277161862527713,MARGIN CALL ($0)
13,22,0.0,440,113,327,1.0,-100.0,25.681818181818183,MARGIN CALL ($0)
13,23,0.0,435,105,330,1.0,-100.0,24.137931034482758,MARGIN CALL ($0)
13,24,0.0,373,90,283,1.0,-100.0,24.128686327077748,MARGIN CALL ($0)
13,25,0.0,357,85,272,1.0,-100.0,23.809523809523807,MARGIN CALL ($0)
13,26,0.0,351,82,269,1.0,-100.0,23.36182336182336,MARGIN CALL ($0)
13,27,0.0,332,74,258,1.0,-100.0,22.289156626506024,MARGIN CALL ($0)
13,28,0.0,348,87,261,1.0,-100.0,25.0,MARGIN CALL ($0)
13,29,0.0,357,89,268,1.0,-100.0,24.92997198879552,MARGIN CALL ($0)
13,30,0.0,362,93,269,1.0,-100.0,25.69060773480663,MARGIN CALL ($0)
13,31,0.0,447,113,334,1.0,-100.0,25.279642058165546,MARGIN CALL ($0)
13,32,0.0,448,107,341,1.0,-100.0,23.883928571428573,MARGIN CALL ($0)
13,33,0.0,359,87,272,1.0,-100.0,24.233983286908078,MARGIN CALL ($0)
13,34,0.0,350,85,265,1.0,-100.0,24.285714285714285,MARGIN CALL ($0)
13,35,0.0,369,90,279,1.0,-100.0,24.390243902439025,MARGIN CALL ($0)
13,36,0.0,367,93,274,1.0,-100.0,25.340599455040874,MARGIN CALL ($0)
13,37,0.0,350,84,266,1.0,-100.0,24.0,MARGIN CALL ($0)
13,38,0.0,49,7,42,1.0,-100.0,14.285714285714285,MARGIN CALL ($0)
13,39,0.0,49,7,42,1.0,-100.0,14.285714285714285,MARGIN CALL ($0)
13,40,0.0,49,7,42,1.0,-100.0,14.285714285714285,MARGIN CALL ($0)
13,41,0.0,50,7,43,1.0,-100.0,14.000000000000002,MARGIN CALL ($0)
13,42,0.0,50,7,43,1.0,-100.0,14.000000000000002,MARGIN CALL ($0)
13,43,0.0,54,8,46,1.0,-100.0,14.814814814814813,MARGIN CALL ($0)
13,44,0.0,54,8,46,1.0,-100.0,14.814814814814813,MARGIN CALL ($0)
13,45,0.0,54,8,46,1.0,-100.0,14.814814814814813,MARGIN CALL ($0)
13,46,0.0,54,8,46,1.0,-100.0,14.814814814814813,MARGIN CALL ($0)
13,47,0.0,55,8,47,1.0,-100.0,14.545454545454545,MARGIN CALL ($0)
13,48,0.0,54,8,46,1.0,-100.0,14.814814814814813,MARGIN CALL ($0)
13,49,0.0,56,9,47,1.0,-100.0,16.071428571428573,MARGIN CALL ($0)
13,50,0.0,55,9,46,1.0,-100.0,16.363636363636363,MARGIN CALL ($0)
13,51,0.0,51,7,44,1.0,-100.0,13.725490196078432,MARGIN CALL ($0)
13,52,0.0,57,10,47,1.0,-100.0,17.543859649122805,MARGIN CALL ($0)
13,53,0.0,76,16,60,1.0,-100.0,21.052631578947366,MARGIN CALL ($0)
13,54,0.0,74,16,58,1.0,-100.0,21.62162162162162,MARGIN CALL ($0)
13,55,0.0,80,17,63,1.0,-100.0,21.25,MARGIN CALL ($0)
13,56,0.0,298,74,224,1.0,-100.0,24.832214765100673,MARGIN CALL ($0)
13,57,0.0,74,14,60,1.0,-100.0,18.91891891891892,MARGIN CALL ($0)
13,58,0.0,75,15,60,1.0,-100.0,20.0,MARGIN CALL ($0)
13,59,0.0,75,15,60,1.0,-100.0,20.0,MARGIN CALL ($0)
13,60,0.0,75,15,60,1.0,-100.0,20.0,MARGIN CALL ($0)
13,61,0.0,76,15,61,1.0,-100.0,19.736842105263158,MARGIN CALL ($0)
13,62,0.0,75,15,60,1.0,-100.0,20.0,MARGIN CALL ($0)
13,63,0.0,69,14,55,1.0,-100.0,20.28985507246377,MARGIN CALL ($0)
13,64,0.0,71,14,57,1.0,-100.0,19.718309859154928,MARGIN CALL ($0)
13,65,0.0,69,14,55,1.0,-100.0,20.28985507246377,MARGIN CALL ($0)
13,66,0.0,69,14,55,1.0,-100.0,20.28985507246377,MARGIN CALL ($0)
13,67,0.0,318,80,238,1.0,-100.0,25.157232704402517,MARGIN CALL ($0)
13,68,0.0,65,14,51,1.0,-100.0,21.53846153846154,MARGIN CALL ($0)
13,69,0.0,366,89,277,1.0,-100.0,24.316939890710383,MARGIN CALL ($0)
13,70,0.0,371,90,281,1.0,-100.0,24.258760107816713,MARGIN CALL ($0)
13,71,0.0,357,85,272,1.0,-100.0,23.809523809523807,MARGIN CALL ($0)
13,73,0.0,368,87,281,1.0,-100.0,23.641304347826086,MARGIN CALL ($0)
13,74,0.0,315,78,237,1.0,-100.0,24.761904761904763,MARGIN CALL ($0)
13,75,0.0,312,77,235,1.0,-100.0,24.679487179487182,MARGIN CALL ($0)
13,77,0.0,294,73,221,1.0,-100.0,24.829931972789115,MARGIN CALL ($0)
13,78,0.0,297,74,223,1.0,-100.0,24.915824915824917,MARGIN CALL ($0)
13,79,0.0,294,69,225,1.0,-100.0,23.46938775510204,MARGIN CALL ($0)
13,80,0.0,292,70,222,1.0,-100.0,23.972602739726025,MARGIN CALL ($0)
13,81,0.0,287,70,217,1.0,-100.0,24.390243902439025,MARGIN CALL ($0)
13,82,0.0,280,70,210,1.0,-100.0,25.0,MARGIN CALL ($0)
13,83,0.0,279,69,210,1.0,-100.0,24.731182795698924,MARGIN CALL ($0)
13,84,0.0,276,70,206,1.0,-100.0,25.36231884057971,MARGIN CALL ($0)
13,85,0.0,264,66,198,1.0,-100.0,25.0,MARGIN CALL ($0)
13,86,0.0,267,66,201,1.0,-100.0,24.719101123595504,MARGIN CALL ($0)
13,87,0.0,261,64,197,1.0,-100.0,24.521072796934863,MARGIN CALL ($0)
13,88,0.0,253,64,189,1.0,-100.0,25.296442687747035,MARGIN CALL ($0)
13,89,0.0,252,64,188,1.0,-100.0,25.396825396825395,MARGIN CALL ($0)
13,90,0.0,257,66,191,1.0,-100.0,25.680933852140075,MARGIN CALL ($0)
13,91,0.0,261,70,191,1.0,-100.0,26.81992337164751,MARGIN CALL ($0)
13,92,0.0,259,67,192,1.0,-100.0,25.868725868725868,MARGIN CALL ($0)
13,93,0.0,264,70,194,1.0,-100.0,26.515151515151516,MARGIN CALL ($0)
13,94,0.0,248,67,181,1.0,-100.0,27.016129032258064,MARGIN CALL ($0)
13,95,0.0,249,63,186,1.0,-100.0,25.301204819277107,MARGIN CALL ($0)
13,96,0.0,249,68,181,1.0,-100.0,27.309236947791167,MARGIN CALL ($0)
13,97,0.0,248,69,179,1.0,-100.0,27.82258064516129,MARGIN CALL ($0)
13,98,0.0,259,71,188,1.0,-100.0,27.413127413127413,MARGIN CALL ($0)
13,99,0.0,251,71,180,1.0,-100.0,28.286852589641438,MARGIN CALL ($0)
13,100,0.0,243,70,173,1.0,-100.0,28.80658436213992,MARGIN CALL ($0)
14,1,0.0,65,9,56,1.0,-100.0,13.846153846153847,MARGIN CALL ($0)
14,2,0.0,44,4,40,1.0,-100.0,9.090909090909092,MARGIN CALL ($0)
14,3,0.0,44,5,39,1.0,-100.0,11.363636363636363,MARGIN CALL ($0)
14,4,0.0,36,4,32,1.0,-100.0,11.11111111111111,MARGIN CALL ($0)
14,5,0.0,87,15,72,1.0,-100.0,17.24137931034483,MARGIN CALL ($0)
14,6,0.0,110,24,86,1.0,-100.0,21.818181818181817,MARGIN CALL ($0)
14,7,0.0,151,38,113,1.0,-100.0,25.165562913907287,MARGIN CALL ($0)
14,8,0.0,69,11,58,1.0,-100.0,15.942028985507244,MARGIN CALL ($0)
14,9,0.0,83,14,69,1.0,-100.0,16.867469879518072,MARGIN CALL ($0)
14,10,0.0,76,13,63,1.0,-100.0,17.105263157894736,MARGIN CALL ($0)
14,11,0.0,75,13,62,1.0,-100.0,17.333333333333336,MARGIN CALL ($0)
14,13,0.0,36,5,31,1.0,-100.0,13.88888888888889,MARGIN CALL ($0)
14,14,0.0,28,3,25,1.0,-100.0,10.714285714285714,MARGIN CALL ($0)
14,16,0.0,380,95,285,1.0,-100.0,25.0,MARGIN CALL ($0)
14,17,0.0,355,89,266,1.0,-100.0,25.070422535211268,MARGIN CALL ($0)
14,18,0.0,348,86,262,1.0,-100.0,24.71264367816092,MARGIN CALL ($0)
14,19,0.0,399,95,304,1.0,-100.0,23.809523809523807,MARGIN CALL ($0)
14,20,0.0,419,102,317,1.0,-100.0,24.3436754176611,MARGIN CALL ($0)
14,21,0.0,433,109,324,1.0,-100.0,25.17321016166282,MARGIN CALL ($0)
14,22,0.0,436,113,323,1.0,-100.0,25.91743119266055,MARGIN CALL ($0)
14,23,0.0,452,113,339,1.0,-100.0,25.0,MARGIN CALL ($0)
14,24,0.0,678,151,527,1.0,-100.0,22.271386430678465,MARGIN CALL ($0)
14,32,0.0,335,82,253,1.0,-100.0,24.47761194029851,MARGIN CALL ($0)
14,33,0.0,336,82,254,1.0,-100.0,24.404761904761905,MARGIN CALL ($0)
14,34,0.0,346,83,263,1.0,-100.0,23.98843930635838,MARGIN CALL ($0)
14,35,0.0,367,89,278,1.0,-100.0,24.250681198910083,MARGIN CALL ($0)
14,37,0.0,345,83,262,1.0,-100.0,24.057971014492754,MARGIN CALL ($0)
14,38,0.0,40,4,36,1.0,-100.0,10.0,MARGIN CALL ($0)
14,39,0.0,41,4,37,1.0,-100.0,9.75609756097561,MARGIN CALL ($0)
14,40,0.0,41,4,37,1.0,-100.0,9.75609756097561,MARGIN CALL ($0)
14,41,0.0,41,4,37,1.0,-100.0,9.75609756097561,MARGIN CALL ($0)
14,42,0.0,42,4,38,1.0,-100.0,9.523809523809524,MARGIN CALL ($0)
14,43,0.0,45,5,40,1.0,-100.0,11.11111111111111,MARGIN CALL ($0)
14,44,0.0,55,8,47,1.0,-100.0,14.545454545454545,MARGIN CALL ($0)
14,45,0.0,55,8,47,1.0,-100.0,14.545454545454545,MARGIN CALL ($0)
14,46,0.0,55,8,47,1.0,-100.0,14.545454545454545,MARGIN CALL ($0)
14,47,0.0,55,8,47,1.0,-100.0,14.545454545454545,MARGIN CALL ($0)
14,48,0.0,57,8,49,1.0,-100.0,14.035087719298245,MARGIN CALL ($0)
14,49,0.0,174,43,131,1.0,-100.0,24.71264367816092,MARGIN CALL ($0)
14,50,0.0,186,48,138,1.0,-100.0,25.806451612903224,MARGIN CALL ($0)
14,51,0.0,51,7,44,1.0,-100.0,13.725490196078432,MARGIN CALL ($0)
14,52,0.0,190,46,144,1.0,-100.0,24.210526315789473,MARGIN CALL ($0)
14,53,0.0,83,18,65,1.0,-100.0,21.686746987951807,MARGIN CALL ($0)
14,54,0.0,217,59,158,1.0,-100.0,27.188940092165897,MARGIN CALL ($0)
14,55,0.0,215,57,158,1.0,-100.0,26.51162790697674,MARGIN CALL ($0)
14,56,0.0,214,54,160,1.0,-100.0,25.233644859813083,MARGIN CALL ($0)
14,57,0.0,217,57,160,1.0,-100.0,26.26728110599078,MARGIN CALL ($0)
14,58,0.0,209,52,157,1.0,-100.0,24.880382775119617,MARGIN CALL ($0)
14,59,0.0,214,54,160,1.0,-100.0,25.233644859813083,MARGIN CALL ($0)
14,60,0.0,225,58,167,1.0,-100.0,25.77777777777778,MARGIN CALL ($0)
14,61,0.0,221,57,164,1.0,-100.0,25.791855203619914,MARGIN CALL ($0)
14,62,0.0,213,53,160,1.0,-100.0,24.88262910798122,MARGIN CALL ($0)
14,65,0.0,300,76,224,1.0,-100.0,25.333333333333336,MARGIN CALL ($0)
14,66,0.0,228,61,167,1.0,-100.0,26.75438596491228,MARGIN CALL ($0)
14,68,0.0,214,56,158,1.0,-100.0,26.168224299065418,MARGIN CALL ($0)
14,87,0.0,181,46,135,1.0,-100.0,25.41436464088398,MARGIN CALL ($0)
14,88,0.0,251,60,191,1.0,-100.0,23.904382470119522,MARGIN CALL ($0)
14,90,0.0,250,61,189,1.0,-100.0,24.4,MARGIN CALL ($0)
14,92,0.0,189,48,141,1.0,-100.0,25.396825396825395,MARGIN CALL ($0)
14,93,0.0,190,47,143,1.0,-100.0,24.736842105263158,MARGIN CALL ($0)
14,94,0.0,178,45,133,1.0,-100.0,25.280898876404496,MARGIN CALL ($0)
14,95,0.0,179,45,134,1.0,-100.0,25.139664804469277,MARGIN CALL ($0)
14,96,0.0,450,113,337,1.0,-100.0,25.11111111111111,MARGIN CALL ($0)
14,97,0.0,535,134,401,1.0,-100.0,25.04672897196262,MARGIN CALL ($0)
14,98,0.0,538,133,405,1.0,-100.0,24.721189591078065,MARGIN CALL ($0)
14,99,0.0,516,129,387,1.0,-100.0,25.0,MARGIN CALL ($0)
14,100,0.0,507,127,380,1.0,-100.0,25.04930966469428,MARGIN CALL ($0)
15,1,0.0,65,9,56,1.0,-100.0,13.846153846153847,MARGIN CALL ($0)
15,2,0.0,44,4,40,1.0,-100.0,9.090909090909092,MARGIN CALL ($0)
15,3,0.0,44,5,39,1.0,-100.0,11.363636363636363,MARGIN CALL ($0)
15,4,0.0,37,4,33,1.0,-100.0,10.81081081081081,MARGIN CALL ($0)
15,5,0.0,85,15,70,1.0,-100.0,17.647058823529413,MARGIN CALL ($0)
15,6,0.0,102,23,79,1.0,-100.0,22.54901960784314,MARGIN CALL ($0)
15,7,0.0,107,27,80,1.0,-100.0,25.233644859813083,MARGIN CALL ($0)
15,8,0.0,67,11,56,1.0,-100.0,16.417910447761194,MARGIN CALL ($0)
15,9,0.0,84,14,70,1.0,-100.0,16.666666666666664,MARGIN CALL ($0)
15,10,0.0,78,14,64,1.0,-100.0,17.94871794871795,MARGIN CALL ($0)
15,11,0.0,294,67,227,1.0,-100.0,22.789115646258505,MARGIN CALL ($0)
15,12,0.0,74,14,60,1.0,-100.0,18.91891891891892,MARGIN CALL ($0)
15,13,0.0,36,5,31,1.0,-100.0,13.88888888888889,MARGIN CALL ($0)
15,14,0.0,34,5,29,1.0,-100.0,14.705882352941178,MARGIN CALL ($0)
15,15,0.0,31,5,26,1.0,-100.0,16.129032258064516,MARGIN CALL ($0)
15,16,0.0,358,92,266,1.0,-100.0,25.69832402234637,MARGIN CALL ($0)
15,17,0.0,325,85,240,1.0,-100.0,26.153846153846157,MARGIN CALL ($0)
15,18,0.0,329,88,241,1.0,-100.0,26.74772036474164,MARGIN CALL ($0)
15,19,0.0,65,14,51,1.0,-100.0,21.53846153846154,MARGIN CALL ($0)
15,20,0.0,36,5,31,1.0,-100.0,13.88888888888889,MARGIN CALL ($0)
15,21,0.0,47,7,40,1.0,-100.0,14.893617021276595,MARGIN CALL ($0)
15,22,0.0,48,7,41,1.0,-100.0,14.583333333333334,MARGIN CALL ($0)
15,23,0.0,46,7,39,1.0,-100.0,15.217391304347828,MARGIN CALL ($0)
15,24,0.0,47,7,40,1.0,-100.0,14.893617021276595,MARGIN CALL ($0)
15,25,0.0,46,7,39,1.0,-100.0,15.217391304347828,MARGIN CALL ($0)
15,26,0.0,46,7,39,1.0,-100.0,15.217391304347828,MARGIN CALL ($0)
15,27,0.0,43,7,36,1.0,-100.0,16.27906976744186,MARGIN CALL ($0)
15,28,0.0,44,7,37,1.0,-100.0,15.909090909090908,MARGIN CALL ($0)
15,29,0.0,44,7,37,1.0,-100.0,15.909090909090908,MARGIN CALL ($0)
15,32,0.0,308,72,236,1.0,-100.0,23.376623376623375,MARGIN CALL ($0)
15,33,0.0,309,72,237,1.0,-100.0,23.300970873786408,MARGIN CALL ($0)
15,34,0.0,185,41,144,1.0,-100.0,22.162162162162165,MARGIN CALL ($0)
15,35,0.0,325,77,248,1.0,-100.0,23.692307692307693,MARGIN CALL ($0)
15,36,0.0,326,83,243,1.0,-100.0,25.4601226993865,MARGIN CALL ($0)
15,37,0.0,38,4,34,1.0,-100.0,10.526315789473683,MARGIN CALL ($0)
15,38,0.0,38,4,34,1.0,-100.0,10.526315789473683,MARGIN CALL ($0)
15,39,0.0,39,4,35,1.0,-100.0,10.256410256410255,MARGIN CALL ($0)
15,40,0.0,38,4,34,1.0,-100.0,10.526315789473683,MARGIN CALL ($0)
15,41,0.0,38,4,34,1.0,-100.0,10.526315789473683,MARGIN CALL ($0)
15,42,0.0,40,4,36,1.0,-100.0,10.0,MARGIN CALL ($0)
15,43,0.0,42,5,37,1.0,-100.0,11.904761904761903,MARGIN CALL ($0)
15,44,0.0,54,8,46,1.0,-100.0,14.814814814814813,MARGIN CALL ($0)
15,45,0.0,53,8,45,1.0,-100.0,15.09433962264151,MARGIN CALL ($0)
15,46,0.0,55,8,47,1.0,-100.0,14.545454545454545,MARGIN CALL ($0)
15,47,0.0,54,8,46,1.0,-100.0,14.814814814814813,MARGIN CALL ($0)
15,48,0.0,77,15,62,1.0,-100.0,19.480519480519483,MARGIN CALL ($0)
15,49,0.0,190,50,140,1.0,-100.0,26.31578947368421,MARGIN CALL ($0)
15,50,0.0,186,48,138,1.0,-100.0,25.806451612903224,MARGIN CALL ($0)
15,51,0.0,51,7,44,1.0,-100.0,13.725490196078432,MARGIN CALL ($0)
15,52,0.0,185,44,141,1.0,-100.0,23.783783783783786,MARGIN CALL ($0)
15,53,0.0,77,17,60,1.0,-100.0,22.07792207792208,MARGIN CALL ($0)
15,54,0.0,272,68,204,1.0,-100.0,25.0,MARGIN CALL ($0)
15,55,0.0,281,72,209,1.0,-100.0,25.622775800711743,MARGIN CALL ($0)
15,56,0.0,266,66,200,1.0,-100.0,24.81203007518797,MARGIN CALL ($0)
15,57,0.0,278,74,204,1.0,-100.0,26.618705035971225,MARGIN CALL ($0)
15,58,0.0,279,72,207,1.0,-100.0,25.806451612903224,MARGIN CALL ($0)
15,77,0.0,169,47,122,1.0,-100.0,27.810650887573964,MARGIN CALL ($0)
15,87,0.0,286,75,211,1.0,-100.0,26.223776223776223,MARGIN CALL ($0)
15,88,0.0,280,75,205,1.0,-100.0,26.785714285714285,MARGIN CALL ($0)
15,89,0.0,280,75,205,1.0,-100.0,26.785714285714285,MARGIN CALL ($0)
15,90,0.0,281,76,205,1.0,-100.0,27.046263345195733,MARGIN CALL ($0)
15,91,0.0,284,78,206,1.0,-100.0,27.464788732394368,MARGIN CALL ($0)
15,92,0.0,259,70,189,1.0,-100.0,27.027027027027028,MARGIN CALL ($0)
15,93,0.0,261,70,191,1.0,-100.0,26.81992337164751,MARGIN CALL ($0)
15,94,0.0,182,49,133,1.0,-100.0,26.923076923076923,MARGIN CALL ($0)
15,95,0.0,172,46,126,1.0,-100.0,26.744186046511626,MARGIN CALL ($0)
15,96,0.0,258,74,184,1.0,-100.0,28.68217054263566,MARGIN CALL ($0)
15,97,0.0,264,78,186,1.0,-100.0,29.545454545454547,MARGIN CALL ($0)
15,98,0.0,272,81,191,1.0,-100.0,29.77941176470588,MARGIN CALL ($0)
15,99,0.0,265,80,185,1.0,-100.0,30.18867924528302,MARGIN CALL ($0)
15,100,0.0,257,78,179,1.0,-100.0,30.35019455252918,MARGIN CALL ($0)
16,1,0.0,65,9,56,1.0,-100.0,13.846153846153847,MARGIN CALL ($0)
16,2,0.0,44,4,40,1.0,-100.0,9.090909090909092,MARGIN CALL ($0)
16,3,0.0,44,5,39,1.0,-100.0,11.363636363636363,MARGIN CALL ($0)
16,4,0.0,37,4,33,1.0,-100.0,10.81081081081081,MARGIN CALL ($0)
16,5,0.0,48,8,40,1.0,-100.0,16.666666666666664,MARGIN CALL ($0)
16,6,0.0,102,23,79,1.0,-100.0,22.54901960784314,MARGIN CALL ($0)
16,7,0.0,107,27,80,1.0,-100.0,25.233644859813083,MARGIN CALL ($0)
16,8,0.0,68,11,57,1.0,-100.0,16.176470588235293,MARGIN CALL ($0)
16,9,0.0,83,14,69,1.0,-100.0,16.867469879518072,MARGIN CALL ($0)
16,10,0.0,78,14,64,1.0,-100.0,17.94871794871795,MARGIN CALL ($0)
16,11,0.0,72,12,60,1.0,-100.0,16.666666666666664,MARGIN CALL ($0)
16,12,0.0,375,82,293,1.0,-100.0,21.866666666666667,MARGIN CALL ($0)
16,13,0.0,36,5,31,1.0,-100.0,13.88888888888889,MARGIN CALL ($0)
16,14,0.0,34,5,29,1.0,-100.0,14.705882352941178,MARGIN CALL ($0)
16,15,0.0,31,5,26,1.0,-100.0,16.129032258064516,MARGIN CALL ($0)
16,16,0.0,44,7,37,1.0,-100.0,15.909090909090908,MARGIN CALL ($0)
16,17,0.0,43,7,36,1.0,-100.0,16.27906976744186,MARGIN CALL ($0)
16,18,0.0,42,7,35,1.0,-100.0,16.666666666666664,MARGIN CALL ($0)
16,19,0.0,48,8,40,1.0,-100.0,16.666666666666664,MARGIN CALL ($0)
16,20,0.0,37,5,32,1.0,-100.0,13.513513513513514,MARGIN CALL ($0)
16,21,0.0,45,6,39,1.0,-100.0,13.333333333333334,MARGIN CALL ($0)
16,22,0.0,46,6,40,1.0,-100.0,13.043478260869565,MARGIN CALL ($0)
16,23,0.0,45,6,39,1.0,-100.0,13.333333333333334,MARGIN CALL ($0)
16,24,0.0,45,6,39,1.0,-100.0,13.333333333333334,MARGIN CALL ($0)
16,25,0.0,43,6,37,1.0,-100.0,13.953488372093023,MARGIN CALL ($0)
16,26,0.0,43,6,37,1.0,-100.0,13.953488372093023,MARGIN CALL ($0)
16,27,0.0,41,6,35,1.0,-100.0,14.634146341463413,MARGIN CALL ($0)
16,28,0.0,42,6,36,1.0,-100.0,14.285714285714285,MARGIN CALL ($0)
16,29,0.0,42,6,36,1.0,-100.0,14.285714285714285,MARGIN CALL ($0)
16,32,0.0,196,44,152,1.0,-100.0,22.448979591836736,MARGIN CALL ($0)
16,33,0.0,67,11,56,1.0,-100.0,16.417910447761194,MARGIN CALL ($0)
16,34,0.0,65,10,55,1.0,-100.0,15.384615384615385,MARGIN CALL ($0)
16,35,0.0,66,11,55,1.0,-100.0,16.666666666666664,MARGIN CALL ($0)
16,36,0.0,57,8,49,1.0,-100.0,14.035087719298245,MARGIN CALL ($0)
16,37,0.0,39,4,35,1.0,-100.0,10.256410256410255,MARGIN CALL ($0)
16,38,0.0,39,4,35,1.0,-100.0,10.256410256410255,MARGIN CALL ($0)
16,39,0.0,40,4,36,1.0,-100.0,10.0,MARGIN CALL ($0)
16,40,0.0,39,4,35,1.0,-100.0,10.256410256410255,MARGIN CALL ($0)
16,41,0.0,39,4,35,1.0,-100.0,10.256410256410255,MARGIN CALL ($0)
16,42,0.0,41,4,37,1.0,-100.0,9.75609756097561,MARGIN CALL ($0)
16,43,0.0,43,5,38,1.0,-100.0,11.627906976744185,MARGIN CALL ($0)
16,44,0.0,56,8,48,1.0,-100.0,14.285714285714285,MARGIN CALL ($0)
16,45,0.0,54,8,46,1.0,-100.0,14.814814814814813,MARGIN CALL ($0)
16,46,0.0,55,8,47,1.0,-100.0,14.545454545454545,MARGIN CALL ($0)
16,47,0.0,55,8,47,1.0,-100.0,14.545454545454545,MARGIN CALL ($0)
16,48,0.0,65,10,55,1.0,-100.0,15.384615384615385,MARGIN CALL ($0)
16,49,0.0,65,11,54,1.0,-100.0,16.923076923076923,MARGIN CALL ($0)
16,50,0.0,65,11,54,1.0,-100.0,16.923076923076923,MARGIN CALL ($0)
16,51,0.0,51,7,44,1.0,-100.0,13.725490196078432,MARGIN CALL ($0)
16,52,0.0,50,7,43,1.0,-100.0,14.000000000000002,MARGIN CALL ($0)
16,53,0.0,62,9,53,1.0,-100.0,14.516129032258066,MARGIN CALL ($0)
16,54,0.0,72,12,60,1.0,-100.0,16.666666666666664,MARGIN CALL ($0)
16,55,0.0,75,12,63,1.0,-100.0,16.0,MARGIN CALL ($0)
16,56,0.0,272,65,207,1.0,-100.0,23.897058823529413,MARGIN CALL ($0)
16,57,0.0,72,12,60,1.0,-100.0,16.666666666666664,MARGIN CALL ($0)
16,58,0.0,278,68,210,1.0,-100.0,24.46043165467626,MARGIN CALL ($0)
16,59,0.0,283,67,216,1.0,-100.0,23.674911660777383,MARGIN CALL ($0)
16,60,0.0,290,71,219,1.0,-100.0,24.482758620689655,MARGIN CALL ($0)
16,61,0.0,292,71,221,1.0,-100.0,24.315068493150687,MARGIN CALL ($0)
16,65,0.0,269,66,203,1.0,-100.0,24.53531598513011,MARGIN CALL ($0)
16,66,0.0,277,69,208,1.0,-100.0,24.90974729241877,MARGIN CALL ($0)
16,69,0.0,22,1,21,1.0,-100.0,4.545454545454546,MARGIN CALL ($0)
16,70,0.0,22,1,21,1.0,-100.0,4.545454545454546,MARGIN CALL ($0)
16,71,0.0,22,1,21,1.0,-100.0,4.545454545454546,MARGIN CALL ($0)
16,72,0.0,22,1,21,1.0,-100.0,4.545454545454546,MARGIN CALL ($0)
16,73,0.0,24,1,23,1.0,-100.0,4.166666666666666,MARGIN CALL ($0)
16,74,0.0,24,1,23,1.0,-100.0,4.166666666666666,MARGIN CALL ($0)
16,75,0.0,23,1,22,1.0,-100.0,4.3478260869565215,MARGIN CALL ($0)
16,76,0.0,23,1,22,1.0,-100.0,4.3478260869565215,MARGIN CALL ($0)
16,77,0.0,23,1,22,1.0,-100.0,4.3478260869565215,MARGIN CALL ($0)
16,78,0.0,22,1,21,1.0,-100.0,4.545454545454546,MARGIN CALL ($0)
16,79,0.0,22,0,22,1.0,-100.0,0.0,MARGIN CALL ($0)
16,80,0.0,21,0,21,1.0,-100.0,0.0,MARGIN CALL ($0)
16,81,0.0,21,0,21,1.0,-100.0,0.0,MARGIN CALL ($0)
16,82,0.0,21,0,21,1.0,-100.0,0.0,MARGIN CALL ($0)
16,85,0.0,279,69,210,1.0,-100.0,24.731182795698924,MARGIN CALL ($0)
16,86,0.0,21,0,21,1.0,-100.0,0.0,MARGIN CALL ($0)
16,87,0.0,21,0,21,1.0,-100.0,0.0,MARGIN CALL ($0)
16,88,0.0,19,0,19,1.0,-100.0,0.0,MARGIN CALL ($0)
16,89,0.0,19,0,19,1.0,-100.0,0.0,MARGIN CALL ($0)
16,90,0.0,19,0,19,1.0,-100.0,0.0,MARGIN CALL ($0)
16,91,0.0,19,0,19,1.0,-100.0,0.0,MARGIN CALL ($0)
16,92,0.0,17,0,17,1.0,-100.0,0.0,MARGIN CALL ($0)
16,93,0.0,17,0,17,1.0,-100.0,0.0,MARGIN CALL ($0)
16,94,0.0,15,0,15,1.0,-100.0,0.0,MARGIN CALL ($0)
16,95,0.0,15,0,15,1.0,-100.0,0.0,MARGIN CALL ($0)
16,96,0.0,15,0,15,1.0,-100.0,0.0,MARGIN CALL ($0)
16,97,0.0,15,0,15,1.0,-100.0,0.0,MARGIN CALL ($0)
16,98,0.0,15,0,15,1.0,-100.0,0.0,MARGIN CALL ($0)
16,99,0.0,14,0,14,1.0,-100.0,0.0,MARGIN CALL ($0)
16,100,0.0,14,0,14,1.0,-100.0,0.0,MARGIN CALL ($0)
17,1,0.0,65,9,56,1.0,-100.0,13.846153846153847,MARGIN CALL ($0)
17,2,0.0,44,4,40,1.0,-100.0,9.090909090909092,MARGIN CALL ($0)
17,3,0.0,44,5,39,1.0,-100.0,11.363636363636363,MARGIN CALL ($0)
17,4,0.0,37,4,33,1.0,-100.0,10.81081081081081,MARGIN CALL ($0)
17,5,0.0,48,8,40,1.0,-100.0,16.666666666666664,MARGIN CALL ($0)
17,6,0.0,102,23,79,1.0,-100.0,22.54901960784314,MARGIN CALL ($0)
17,7,0.0,107,27,80,1.0,-100.0,25.233644859813083,MARGIN CALL ($0)
17,8,0.0,68,11,57,1.0,-100.0,16.176470588235293,MARGIN CALL ($0)
17,9,0.0,83,14,69,1.0,-100.0,16.867469879518072,MARGIN CALL ($0)
17,10,0.0,78,14,64,1.0,-100.0,17.94871794871795,MARGIN CALL ($0)
17,11,0.0,72,12,60,1.0,-100.0,16.666666666666664,MARGIN CALL ($0)
17,12,0.0,78,15,63,1.0,-100.0,19.230769230769234,MARGIN CALL ($0)
17,13,0.0,36,5,31,1.0,-100.0,13.88888888888889,MARGIN CALL ($0)
17,14,0.0,35,5,30,1.0,-100.0,14.285714285714285,MARGIN CALL ($0)
17,15,0.0,32,5,27,1.0,-100.0,15.625,MARGIN CALL ($0)
17,16,0.0,45,7,38,1.0,-100.0,15.555555555555555,MARGIN CALL ($0)
17,17,0.0,298,77,221,1.0,-100.0,25.838926174496645,MARGIN CALL ($0)
17,18,0.0,52,9,43,1.0,-100.0,17.307692307692307,MARGIN CALL ($0)
17,19,0.0,58,10,48,1.0,-100.0,17.24137931034483,MARGIN CALL ($0)
17,20,0.0,55,10,45,1.0,-100.0,18.181818181818183,MARGIN CALL ($0)
17,21,0.0,43,6,37,1.0,-100.0,13.953488372093023,MARGIN CALL ($0)
17,22,0.0,45,6,39,1.0,-100.0,13.333333333333334,MARGIN CALL ($0)
17,23,0.0,44,6,38,1.0,-100.0,13.636363636363635,MARGIN CALL ($0)
17,24,0.0,45,6,39,1.0,-100.0,13.333333333333334,MARGIN CALL ($0)
17,25,0.0,44,6,38,1.0,-100.0,13.636363636363635,MARGIN CALL ($0)
17,26,0.0,43,6,37,1.0,-100.0,13.953488372093023,MARGIN CALL ($0)
17,27,0.0,41,6,35,1.0,-100.0,14.634146341463413,MARGIN CALL ($0)
17,28,0.0,43,6,37,1.0,-100.0,13.953488372093023,MARGIN CALL ($0)
17,29,0.0,41,6,35,1.0,-100.0,14.634146341463413,MARGIN CALL ($0)
17,32,0.0,292,70,222,1.0,-100.0,23.972602739726025,MARGIN CALL ($0)
17,33,0.0,300,69,231,1.0,-100.0,23.0,MARGIN CALL ($0)
17,34,0.0,176,37,139,1.0,-100.0,21.022727272727273,MARGIN CALL ($0)
17,35,0.0,166,40,126,1.0,-100.0,24.096385542168676,MARGIN CALL ($0)
17,36,0.0,62,8,54,1.0,-100.0,12.903225806451612,MARGIN CALL ($0)
17,37,0.0,39,4,35,1.0,-100.0,10.256410256410255,MARGIN CALL ($0)
17,38,0.0,40,4,36,1.0,-100.0,10.0,MARGIN CALL ($0)
17,39,0.0,39,4,35,1.0,-100.0,10.256410256410255,MARGIN CALL ($0)
17,40,0.0,39,4,35,1.0,-100.0,10.256410256410255,MARGIN CALL ($0)
17,41,0.0,40,4,36,1.0,-100.0,10.0,MARGIN CALL ($0)
17,42,0.0,40,4,36,1.0,-100.0,10.0,MARGIN CALL ($0)
17,43,0.0,43,5,38,1.0,-100.0,11.627906976744185,MARGIN CALL ($0)
17,44,0.0,316,84,232,1.0,-100.0,26.582278481012654,MARGIN CALL ($0)
17,45,0.0,720,169,551,1.0,-100.0,23.47222222222222,MARGIN CALL ($0)
17,46,0.0,62,10,52,1.0,-100.0,16.129032258064516,MARGIN CALL ($0)
17,47,0.0,66,11,55,1.0,-100.0,16.666666666666664,MARGIN CALL ($0)
17,48,0.0,66,11,55,1.0,-100.0,16.666666666666664,MARGIN CALL ($0)
17,49,0.0,67,13,54,1.0,-100.0,19.402985074626866,MARGIN CALL ($0)
17,50,0.0,66,13,53,1.0,-100.0,19.696969696969695,MARGIN CALL ($0)
17,51,0.0,63,10,53,1.0,-100.0,15.873015873015872,MARGIN CALL ($0)
17,52,0.0,63,10,53,1.0,-100.0,15.873015873015872,MARGIN CALL ($0)
17,53,0.0,64,10,54,1.0,-100.0,15.625,MARGIN CALL ($0)
17,54,0.0,270,70,200,1.0,-100.0,25.925925925925924,MARGIN CALL ($0)
17,55,0.0,269,70,199,1.0,-100.0,26.022304832713754,MARGIN CALL ($0)
17,56,0.0,265,66,199,1.0,-100.0,24.90566037735849,MARGIN CALL ($0)
17,58,0.0,270,68,202,1.0,-100.0,25.185185185185183,MARGIN CALL ($0)
17,59,0.0,274,68,206,1.0,-100.0,24.817518248175183,MARGIN CALL ($0)
17,72,0.0,19,1,18,1.0,-100.0,5.263157894736842,MARGIN CALL ($0)
17,73,0.0,21,1,20,1.0,-100.0,4.761904761904762,MARGIN CALL ($0)
17,74,0.0,21,1,20,1.0,-100.0,4.761904761904762,MARGIN CALL ($0)
17,75,0.0,20,1,19,1.0,-100.0,5.0,MARGIN CALL ($0)
17,76,0.0,20,1,19,1.0,-100.0,5.0,MARGIN CALL ($0)
17,77,0.0,20,1,19,1.0,-100.0,5.0,MARGIN CALL ($0)
17,78,0.0,19,1,18,1.0,-100.0,5.263157894736842,MARGIN CALL ($0)
17,79,0.0,19,0,19,1.0,-100.0,0.0,MARGIN CALL ($0)
17,80,0.0,18,0,18,1.0,-100.0,0.0,MARGIN CALL ($0)
17,81,0.0,18,0,18,1.0,-100.0,0.0,MARGIN CALL ($0)
17,82,0.0,18,0,18,1.0,-100.0,0.0,MARGIN CALL ($0)
17,86,0.0,19,0,19,1.0,-100.0,0.0,MARGIN CALL ($0)
17,87,0.0,19,0,19,1.0,-100.0,0.0,MARGIN CALL ($0)
17,88,0.0,17,0,17,1.0,-100.0,0.0,MARGIN CALL ($0)
17,89,0.0,17,0,17,1.0,-100.0,0.0,MARGIN CALL ($0)
17,90,0.0,17,0,17,1.0,-100.0,0.0,MARGIN CALL ($0)
17,91,0.0,17,0,17,1.0,-100.0,0.0,MARGIN CALL ($0)
17,92,0.0,14,0,14,1.0,-100.0,0.0,MARGIN CALL ($0)
17,93,0.0,14,0,14,1.0,-100.0,0.0,MARGIN CALL ($0)
17,94,0.0,12,0,12,1.0,-100.0,0.0,MARGIN CALL ($0)
17,95,0.0,12,0,12,1.0,-100.0,0.0,MARGIN CALL ($0)
17,96,0.0,12,0,12,1.0,-100.0,0.0,MARGIN CALL ($0)
17,97,0.0,12,0,12,1.0,-100.0,0.0,MARGIN CALL ($0)
17,98,0.0,12,0,12,1.0,-100.0,0.0,MARGIN CALL ($0)
17,99,0.0,11,0,11,1.0,-100.0,0.0,MARGIN CALL ($0)
17,100,0.0,11,0,11,1.0,-100.0,0.0,MARGIN CALL ($0)
18,1,0.0,65,9,56,1.0,-100.0,13.846153846153847,MARGIN CALL ($0)
18,2,0.0,44,4,40,1.0,-100.0,9.090909090909092,MARGIN CALL ($0)
18,3,0.0,43,5,38,1.0,-100.0,11.627906976744185,MARGIN CALL ($0)
18,4,0.0,36,4,32,1.0,-100.0,11.11111111111111,MARGIN CALL ($0)
18,5,0.0,85,15,70,1.0,-100.0,17.647058823529413,MARGIN CALL ($0)
18,6,0.0,104,23,81,1.0,-100.0,22.115384615384613,MARGIN CALL ($0)
18,7,0.0,106,27,79,1.0,-100.0,25.471698113207548,MARGIN CALL ($0)
18,8,0.0,67,11,56,1.0,-100.0,16.417910447761194,MARGIN CALL ($0)
18,9,0.0,83,14,69,1.0,-100.0,16.867469879518072,MARGIN CALL ($0)
18,10,0.0,79,14,65,1.0,-100.0,17.72151898734177,MARGIN CALL ($0)
18,11,0.0,74,12,62,1.0,-100.0,16.216216216216218,MARGIN CALL ($0)
18,12,0.0,80,15,65,1.0,-100.0,18.75,MARGIN CALL ($0)
18,13,0.0,36,5,31,1.0,-100.0,13.88888888888889,MARGIN CALL ($0)
18,14,0.0,35,5,30,1.0,-100.0,14.285714285714285,MARGIN CALL ($0)
18,15,0.0,32,5,27,1.0,-100.0,15.625,MARGIN CALL ($0)
18,16,0.0,45,7,38,1.0,-100.0,15.555555555555555,MARGIN CALL ($0)
18,17,0.0,53,9,44,1.0,-100.0,16.9811320754717,MARGIN CALL ($0)
18,18,0.0,44,6,38,1.0,-100.0,13.636363636363635,MARGIN CALL ($0)
18,19,0.0,44,6,38,1.0,-100.0,13.636363636363635,MARGIN CALL ($0)
18,20,0.0,36,4,32,1.0,-100.0,11.11111111111111,MARGIN CALL ($0)
18,21,0.0,44,5,39,1.0,-100.0,11.363636363636363,MARGIN CALL ($0)
18,22,0.0,44,5,39,1.0,-100.0,11.363636363636363,MARGIN CALL ($0)
18,23,0.0,43,5,38,1.0,-100.0,11.627906976744185,MARGIN CALL ($0)
18,24,0.0,46,5,41,1.0,-100.0,10.869565217391305,MARGIN CALL ($0)
18,25,0.0,45,5,40,1.0,-100.0,11.11111111111111,MARGIN CALL ($0)
18,26,0.0,43,5,38,1.0,-100.0,11.627906976744185,MARGIN CALL ($0)
18,27,0.0,42,5,37,1.0,-100.0,11.904761904761903,MARGIN CALL ($0)
18,28,0.0,44,5,39,1.0,-100.0,11.363636363636363,MARGIN CALL ($0)
18,29,0.0,44,5,39,1.0,-100.0,11.363636363636363,MARGIN CALL ($0)
18,30,0.0,66,7,59,1.0,-100.0,10.606060606060606,MARGIN CALL ($0)
18,31,0.0,63,7,56,1.0,-100.0,11.11111111111111,MARGIN CALL ($0)
18,32,0.0,59,6,53,1.0,-100.0,10.16949152542373,MARGIN CALL ($0)
18,33,0.0,59,6,53,1.0,-100.0,10.16949152542373,MARGIN CALL ($0)
18,34,0.0,58,6,52,1.0,-100.0,10.344827586206897,MARGIN CALL ($0)
18,35,0.0,57,6,51,1.0,-100.0,10.526315789473683,MARGIN CALL ($0)
18,36,0.0,56,5,51,1.0,-100.0,8.928571428571429,MARGIN CALL ($0)
18,37,0.0,43,3,40,1.0,-100.0,6.976744186046512,MARGIN CALL ($0)
18,38,0.0,43,3,40,1.0,-100.0,6.976744186046512,MARGIN CALL ($0)
18,39,0.0,43,3,40,1.0,-100.0,6.976744186046512,MARGIN CALL ($0)
18,40,0.0,43,3,40,1.0,-100.0,6.976744186046512,MARGIN CALL ($0)
18,41,0.0,41,3,38,1.0,-100.0,7.317073170731707,MARGIN CALL ($0)
18,42,0.0,43,3,40,1.0,-100.0,6.976744186046512,MARGIN CALL ($0)
18,43,0.0,45,4,41,1.0,-100.0,8.88888888888889,MARGIN CALL ($0)
18,46,0.0,54,7,47,1.0,-100.0,12.962962962962962,MARGIN CALL ($0)
18,47,0.0,58,8,50,1.0,-100.0,13.793103448275861,MARGIN CALL ($0)
18,48,0.0,60,8,52,1.0,-100.0,13.333333333333334,MARGIN CALL ($0)
18,49,0.0,59,10,49,1.0,-100.0,16.94915254237288,MARGIN CALL ($0)
18,50,0.0,60,10,50,1.0,-100.0,16.666666666666664,MARGIN CALL ($0)
18,51,0.0,57,7,50,1.0,-100.0,12.280701754385964,MARGIN CALL ($0)
18,52,0.0,56,6,50,1.0,-100.0,10.714285714285714,MARGIN CALL ($0)
18,53,0.0,60,7,53,1.0,-100.0,11.666666666666666,MARGIN CALL ($0)
18,54,0.0,59,7,52,1.0,-100.0,11.864406779661017,MARGIN CALL ($0)
18,55,0.0,61,7,54,1.0,-100.0,11.475409836065573,MARGIN CALL ($0)
18,56,0.0,59,7,52,1.0,-100.0,11.864406779661017,MARGIN CALL ($0)
18,57,0.0,58,7,51,1.0,-100.0,12.068965517241379,MARGIN CALL ($0)
18,58,0.0,58,8,50,1.0,-100.0,13.793103448275861,MARGIN CALL ($0)
18,59,0.0,62,8,54,1.0,-100.0,12.903225806451612,MARGIN CALL ($0)
18,60,0.0,57,8,49,1.0,-100.0,14.035087719298245,MARGIN CALL ($0)
18,61,0.0,57,7,50,1.0,-100.0,12.280701754385964,MARGIN CALL ($0)
18,62,0.0,56,7,49,1.0,-100.0,12.5,MARGIN CALL ($0)
18,63,0.0,55,6,49,1.0,-100.0,10.909090909090908,MARGIN CALL ($0)
18,64,0.0,55,6,49,1.0,-100.0,10.909090909090908,MARGIN CALL ($0)
18,65,0.0,54,6,48,1.0,-100.0,11.11111111111111,MARGIN CALL ($0)
18,66,0.0,53,6,47,1.0,-100.0,11.320754716981133,MARGIN CALL ($0)
18,67,0.0,49,6,43,1.0,-100.0,12.244897959183673,MARGIN CALL ($0)
18,68,0.0,48,6,42,1.0,-100.0,12.5,MARGIN CALL ($0)
18,69,0.0,20,0,20,1.0,-100.0,0.0,MARGIN CALL ($0)
18,70,0.0,20,0,20,1.0,-100.0,0.0,MARGIN CALL ($0)
18,71,0.0,20,0,20,1.0,-100.0,0.0,MARGIN CALL ($0)
18,72,0.0,20,0,20,1.0,-100.0,0.0,MARGIN CALL ($0)
18,73,0.0,22,0,22,1.0,-100.0,0.0,MARGIN CALL ($0)
18,74,0.0,22,0,22,1.0,-100.0,0.0,MARGIN CALL ($0)
18,75,0.0,21,0,21,1.0,-100.0,0.0,MARGIN CALL ($0)
18,76,0.0,21,0,21,1.0,-100.0,0.0,MARGIN CALL ($0)
18,77,0.0,21,0,21,1.0,-100.0,0.0,MARGIN CALL ($0)
18,78,0.0,20,0,20,1.0,-100.0,0.0,MARGIN CALL ($0)
18,79,0.0,19,0,19,1.0,-100.0,0.0,MARGIN CALL ($0)
18,80,0.0,18,0,18,1.0,-100.0,0.0,MARGIN CALL ($0)
18,81,0.0,18,0,18,1.0,-100.0,0.0,MARGIN CALL ($0)
18,82,0.0,18,0,18,1.0,-100.0,0.0,MARGIN CALL ($0)
18,86,0.0,19,0,19,1.0,-100.0,0.0,MARGIN CALL ($0)
18,87,0.0,19,0,19,1.0,-100.0,0.0,MARGIN CALL ($0)
18,88,0.0,19,0,19,1.0,-100.0,0.0,MARGIN CALL ($0)
18,89,0.0,19,0,19,1.0,-100.0,0.0,MARGIN CALL ($0)
18,90,0.0,19,0,19,1.0,-100.0,0.0,MARGIN CALL ($0)
18,91,0.0,19,0,19,1.0,-100.0,0.0,MARGIN CALL ($0)
18,92,0.0,16,0,16,1.0,-100.0,0.0,MARGIN CALL ($0)
18,93,0.0,16,0,16,1.0,-100.0,0.0,MARGIN CALL ($0)
18,94,0.0,14,0,14,1.0,-100.0,0.0,MARGIN CALL ($0)
18,95,0.0,14,0,14,1.0,-100.0,0.0,MARGIN CALL ($0)
18,96,0.0,14,0,14,1.0,-100.0,0.0,MARGIN CALL ($0)
18,97,0.0,14,0,14,1.0,-100.0,0.0,MARGIN CALL ($0)
18,98,0.0,14,0,14,1.0,-100.0,0.0,MARGIN CALL ($0)
18,99,0.0,13,0,13,1.0,-100.0,0.0,MARGIN CALL ($0)
18,100,0.0,13,0,13,1.0,-100.0,0.0,MARGIN CALL ($0)
19,1,0.0,65,9,56,1.0,-100.0,13.846153846153847,MARGIN CALL ($0)
19,2,0.0,44,4,40,1.0,-100.0,9.090909090909092,MARGIN CALL ($0)
19,3,0.0,43,5,38,1.0,-100.0,11.627906976744185,MARGIN CALL ($0)
19,4,0.0,35,4,31,1.0,-100.0,11.428571428571429,MARGIN CALL ($0)
19,5,0.0,87,16,71,1.0,-100.0,18.39080459770115,MARGIN CALL ($0)
19,6,0.0,113,27,86,1.0,-100.0,23.893805309734514,MARGIN CALL ($0)
19,7,0.0,250,64,186,1.0,-100.0,25.6,MARGIN CALL ($0)
19,8,0.0,69,12,57,1.0,-100.0,17.391304347826086,MARGIN CALL ($0)
19,9,0.0,84,15,69,1.0,-100.0,17.857142857142858,MARGIN CALL ($0)
19,10,0.0,81,15,66,1.0,-100.0,18.51851851851852,MARGIN CALL ($0)
19,11,0.0,75,13,62,1.0,-100.0,17.333333333333336,MARGIN CALL ($0)
19,12,0.0,81,16,65,1.0,-100.0,19.753086419753085,MARGIN CALL ($0)
19,13,0.0,35,5,30,1.0,-100.0,14.285714285714285,MARGIN CALL ($0)
19,14,0.0,35,5,30,1.0,-100.0,14.285714285714285,MARGIN CALL ($0)
19,15,0.0,32,5,27,1.0,-100.0,15.625,MARGIN CALL ($0)
19,16,0.0,48,8,40,1.0,-100.0,16.666666666666664,MARGIN CALL ($0)
19,17,0.0,323,84,239,1.0,-100.0,26.006191950464398,MARGIN CALL ($0)
19,18,0.0,44,6,38,1.0,-100.0,13.636363636363635,MARGIN CALL ($0)
19,19,0.0,42,6,36,1.0,-100.0,14.285714285714285,MARGIN CALL ($0)
19,20,0.0,38,5,33,1.0,-100.0,13.157894736842104,MARGIN CALL ($0)
19,21,0.0,42,5,37,1.0,-100.0,11.904761904761903,MARGIN CALL ($0)
19,22,0.0,41,5,36,1.0,-100.0,12.195121951219512,MARGIN CALL ($0)
19,23,0.0,42,5,37,1.0,-100.0,11.904761904761903,MARGIN CALL ($0)
19,24,0.0,42,5,37,1.0,-100.0,11.904761904761903,MARGIN CALL ($0)
19,25,0.0,42,5,37,1.0,-100.0,11.904761904761903,MARGIN CALL ($0)
19,26,0.0,41,5,36,1.0,-100.0,12.195121951219512,MARGIN CALL ($0)
19,27,0.0,40,5,35,1.0,-100.0,12.5,MARGIN CALL ($0)
19,28,0.0,43,5,38,1.0,-100.0,11.627906976744185,MARGIN CALL ($0)
19,29,0.0,42,5,37,1.0,-100.0,11.904761904761903,MARGIN CALL ($0)
19,30,0.0,64,7,57,1.0,-100.0,10.9375,MARGIN CALL ($0)
19,31,0.0,61,7,54,1.0,-100.0,11.475409836065573,MARGIN CALL ($0)
19,32,0.0,57,6,51,1.0,-100.0,10.526315789473683,MARGIN CALL ($0)
19,33,0.0,57,6,51,1.0,-100.0,10.526315789473683,MARGIN CALL ($0)
19,34,0.0,57,6,51,1.0,-100.0,10.526315789473683,MARGIN CALL ($0)
19,35,0.0,55,6,49,1.0,-100.0,10.909090909090908,MARGIN CALL ($0)
19,36,0.0,55,5,50,1.0,-100.0,9.090909090909092,MARGIN CALL ($0)
19,37,0.0,41,3,38,1.0,-100.0,7.317073170731707,MARGIN CALL ($0)
19,38,0.0,42,3,39,1.0,-100.0,7.142857142857142,MARGIN CALL ($0)
19,39,0.0,42,3,39,1.0,-100.0,7.142857142857142,MARGIN CALL ($0)
19,40,0.0,42,3,39,1.0,-100.0,7.142857142857142,MARGIN CALL ($0)
19,41,0.0,41,3,38,1.0,-100.0,7.317073170731707,MARGIN CALL ($0)
19,42,0.0,43,3,40,1.0,-100.0,6.976744186046512,MARGIN CALL ($0)
19,43,0.0,44,4,40,1.0,-100.0,9.090909090909092,MARGIN CALL ($0)
19,45,0.0,76,14,62,1.0,-100.0,18.421052631578945,MARGIN CALL ($0)
19,46,0.0,54,7,47,1.0,-100.0,12.962962962962962,MARGIN CALL ($0)
19,47,0.0,57,8,49,1.0,-100.0,14.035087719298245,MARGIN CALL ($0)
19,48,0.0,58,8,50,1.0,-100.0,13.793103448275861,MARGIN CALL ($0)
19,49,0.0,58,10,48,1.0,-100.0,17.24137931034483,MARGIN CALL ($0)
19,50,0.0,58,10,48,1.0,-100.0,17.24137931034483,MARGIN CALL ($0)
19,51,0.0,56,7,49,1.0,-100.0,12.5,MARGIN CALL ($0)
19,52,0.0,54,6,48,1.0,-100.0,11.11111111111111,MARGIN CALL ($0)
19,53,0.0,58,7,51,1.0,-100.0,12.068965517241379,MARGIN CALL ($0)
19,54,0.0,56,7,49,1.0,-100.0,12.5,MARGIN CALL ($0)
19,55,0.0,58,7,51,1.0,-100.0,12.068965517241379,MARGIN CALL ($0)
19,56,0.0,55,7,48,1.0,-100.0,12.727272727272727,MARGIN CALL ($0)
19,57,0.0,55,7,48,1.0,-100.0,12.727272727272727,MARGIN CALL ($0)
19,58,0.0,56,8,48,1.0,-100.0,14.285714285714285,MARGIN CALL ($0)
19,59,0.0,60,8,52,1.0,-100.0,13.333333333333334,MARGIN CALL ($0)
19,60,0.0,56,8,48,1.0,-100.0,14.285714285714285,MARGIN CALL ($0)
19,61,0.0,55,7,48,1.0,-100.0,12.727272727272727,MARGIN CALL ($0)
19,62,0.0,54,7,47,1.0,-100.0,12.962962962962962,MARGIN CALL ($0)
19,63,0.0,53,6,47,1.0,-100.0,11.320754716981133,MARGIN CALL ($0)
19,64,0.0,54,6,48,1.0,-100.0,11.11111111111111,MARGIN CALL ($0)
19,65,0.0,52,6,46,1.0,-100.0,11.538461538461538,MARGIN CALL ($0)
19,66,0.0,51,6,45,1.0,-100.0,11.76470588235294,MARGIN CALL ($0)
19,67,0.0,47,6,41,1.0,-100.0,12.76595744680851,MARGIN CALL ($0)
19,68,0.0,47,6,41,1.0,-100.0,12.76595744680851,MARGIN CALL ($0)
19,69,0.0,50,6,44,1.0,-100.0,12.0,MARGIN CALL ($0)
19,70,0.0,52,6,46,1.0,-100.0,11.538461538461538,MARGIN CALL ($0)
19,71,0.0,18,0,18,1.0,-100.0,0.0,MARGIN CALL ($0)
19,72,0.0,18,0,18,1.0,-100.0,0.0,MARGIN CALL ($0)
19,73,0.0,20,0,20,1.0,-100.0,0.0,MARGIN CALL ($0)
19,74,0.0,20,0,20,1.0,-100.0,0.0,MARGIN CALL ($0)
19,75,0.0,19,0,19,1.0,-100.0,0.0,MARGIN CALL ($0)
19,76,0.0,19,0,19,1.0,-100.0,0.0,MARGIN CALL ($0)
19,77,0.0,19,0,19,1.0,-100.0,0.0,MARGIN CALL ($0)
19,78,0.0,18,0,18,1.0,-100.0,0.0,MARGIN CALL ($0)
19,79,0.0,19,0,19,1.0,-100.0,0.0,MARGIN CALL ($0)
19,80,0.0,18,0,18,1.0,-100.0,0.0,MARGIN CALL ($0)
19,81,0.0,18,0,18,1.0,-100.0,0.0,MARGIN CALL ($0)
19,82,0.0,18,0,18,1.0,-100.0,0.0,MARGIN CALL ($0)
19,84,0.0,250,69,181,1.0,-100.0,27.6,MARGIN CALL ($0)
19,85,0.0,248,66,182,1.0,-100.0,26.61290322580645,MARGIN CALL ($0)
19,86,0.0,19,0,19,1.0,-100.0,0.0,MARGIN CALL ($0)
19,87,0.0,19,0,19,1.0,-100.0,0.0,MARGIN CALL ($0)
19,88,0.0,19,0,19,1.0,-100.0,0.0,MARGIN CALL ($0)
19,89,0.0,19,0,19,1.0,-100.0,0.0,MARGIN CALL ($0)
19,90,0.0,19,0,19,1.0,-100.0,0.0,MARGIN CALL ($0)
19,91,0.0,19,0,19,1.0,-100.0,0.0,MARGIN CALL ($0)
19,92,0.0,16,0,16,1.0,-100.0,0.0,MARGIN CALL ($0)
19,93,0.0,16,0,16,1.0,-100.0,0.0,MARGIN CALL ($0)
19,94,0.0,14,0,14,1.0,-100.0,0.0,MARGIN CALL ($0)
19,95,0.0,14,0,14,1.0,-100.0,0.0,MARGIN CALL ($0)
19,96,0.0,14,0,14,1.0,-100.0,0.0,MARGIN CALL ($0)
19,97,0.0,14,0,14,1.0,-100.0,0.0,MARGIN CALL ($0)
19,98,0.0,14,0,14,1.0,-100.0,0.0,MARGIN CALL ($0)
19,99,0.0,13,0,13,1.0,-100.0,0.0,MARGIN CALL ($0)
19,100,0.0,13,0,13,1.0,-100.0,0.0,MARGIN CALL ($0)
20,1,0.0,54,6,48,1.0,-100.0,11.11111111111111,MARGIN CALL ($0)
20,2,0.0,44,4,40,1.0,-100.0,9.090909090909092,MARGIN CALL ($0)
20,3,0.0,43,5,38,1.0,-100.0,11.627906976744185,MARGIN CALL ($0)
20,4,0.0,35,4,31,1.0,-100.0,11.428571428571429,MARGIN CALL ($0)
20,5,0.0,89,16,73,1.0,-100.0,17.97752808988764,MARGIN CALL ($0)
20,6,0.0,111,27,84,1.0,-100.0,24.324324324324326,MARGIN CALL ($0)
20,7,0.0,248,64,184,1.0,-100.0,25.806451612903224,MARGIN CALL ($0)
20,8,0.0,69,12,57,1.0,-100.0,17.391304347826086,MARGIN CALL ($0)
20,9,0.0,81,15,66,1.0,-100.0,18.51851851851852,MARGIN CALL ($0)
20,10,0.0,79,14,65,1.0,-100.0,17.72151898734177,MARGIN CALL ($0)
20,11,0.0,73,12,61,1.0,-100.0,16.43835616438356,MARGIN CALL ($0)
20,12,0.0,83,16,67,1.0,-100.0,19.27710843373494,MARGIN CALL ($0)
20,13,0.0,36,5,31,1.0,-100.0,13.88888888888889,MARGIN CALL ($0)
20,14,0.0,35,5,30,1.0,-100.0,14.285714285714285,MARGIN CALL ($0)
20,15,0.0,32,5,27,1.0,-100.0,15.625,MARGIN CALL ($0)
20,16,0.0,42,8,34,1.0,-100.0,19.047619047619047,MARGIN CALL ($0)
20,17,0.0,56,10,46,1.0,-100.0,17.857142857142858,MARGIN CALL ($0)
20,18,0.0,34,3,31,1.0,-100.0,8.823529411764707,MARGIN CALL ($0)
20,19,0.0,34,3,31,1.0,-100.0,8.823529411764707,MARGIN CALL ($0)
20,20,0.0,35,5,30,1.0,-100.0,14.285714285714285,MARGIN CALL ($0)
20,21,0.0,42,5,37,1.0,-100.0,11.904761904761903,MARGIN CALL ($0)
20,22,0.0,40,5,35,1.0,-100.0,12.5,MARGIN CALL ($0)
20,23,0.0,39,5,34,1.0,-100.0,12.82051282051282,MARGIN CALL ($0)
20,24,0.0,41,5,36,1.0,-100.0,12.195121951219512,MARGIN CALL ($0)
20,25,0.0,41,5,36,1.0,-100.0,12.195121951219512,MARGIN CALL ($0)
20,26,0.0,41,5,36,1.0,-100.0,12.195121951219512,MARGIN CALL ($0)
20,27,0.0,41,5,36,1.0,-100.0,12.195121951219512,MARGIN CALL ($0)
20,28,0.0,42,5,37,1.0,-100.0,11.904761904761903,MARGIN CALL ($0)
20,29,0.0,42,5,37,1.0,-100.0,11.904761904761903,MARGIN CALL ($0)
20,32,0.0,55,6,49,1.0,-100.0,10.909090909090908,MARGIN CALL ($0)
20,33,0.0,56,6,50,1.0,-100.0,10.714285714285714,MARGIN CALL ($0)
20,34,0.0,55,6,49,1.0,-100.0,10.909090909090908,MARGIN CALL ($0)
20,35,0.0,55,6,49,1.0,-100.0,10.909090909090908,MARGIN CALL ($0)
20,36,0.0,55,5,50,1.0,-100.0,9.090909090909092,MARGIN CALL ($0)
20,37,0.0,42,3,39,1.0,-100.0,7.142857142857142,MARGIN CALL ($0)
20,38,0.0,43,3,40,1.0,-100.0,6.976744186046512,MARGIN CALL ($0)
20,39,0.0,42,3,39,1.0,-100.0,7.142857142857142,MARGIN CALL ($0)
20,40,0.0,42,3,39,1.0,-100.0,7.142857142857142,MARGIN CALL ($0)
20,41,0.0,41,3,38,1.0,-100.0,7.317073170731707,MARGIN CALL ($0)
20,42,0.0,43,3,40,1.0,-100.0,6.976744186046512,MARGIN CALL ($0)
20,43,0.0,46,5,41,1.0,-100.0,10.869565217391305,MARGIN CALL ($0)
20,46,0.0,53,7,46,1.0,-100.0,13.20754716981132,MARGIN CALL ($0)
20,47,0.0,57,8,49,1.0,-100.0,14.035087719298245,MARGIN CALL ($0)
20,48,0.0,57,8,49,1.0,-100.0,14.035087719298245,MARGIN CALL ($0)
20,49,0.0,58,10,48,1.0,-100.0,17.24137931034483,MARGIN CALL ($0)
20,50,0.0,58,10,48,1.0,-100.0,17.24137931034483,MARGIN CALL ($0)
20,51,0.0,55,7,48,1.0,-100.0,12.727272727272727,MARGIN CALL ($0)
20,52,0.0,55,7,48,1.0,-100.0,12.727272727272727,MARGIN CALL ($0)
20,53,0.0,56,7,49,1.0,-100.0,12.5,MARGIN CALL ($0)
20,54,0.0,55,7,48,1.0,-100.0,12.727272727272727,MARGIN CALL ($0)
20,55,0.0,55,7,48,1.0,-100.0,12.727272727272727,MARGIN CALL ($0)
20,56,0.0,55,7,48,1.0,-100.0,12.727272727272727,MARGIN CALL ($0)
20,57,0.0,54,7,47,1.0,-100.0,12.962962962962962,MARGIN CALL ($0)
20,58,0.0,53,7,46,1.0,-100.0,13.20754716981132,MARGIN CALL ($0)
20,59,0.0,55,7,48,1.0,-100.0,12.727272727272727,MARGIN CALL ($0)
20,60,0.0,55,7,48,1.0,-100.0,12.727272727272727,MARGIN CALL ($0)
20,61,0.0,53,7,46,1.0,-100.0,13.20754716981132,MARGIN CALL ($0)
20,62,0.0,53,7,46,1.0,-100.0,13.20754716981132,MARGIN CALL ($0)
20,63,0.0,50,6,44,1.0,-100.0,12.0,MARGIN CALL ($0)
20,64,0.0,51,6,45,1.0,-100.0,11.76470588235294,MARGIN CALL ($0)
20,65,0.0,49,6,43,1.0,-100.0,12.244897959183673,MARGIN CALL ($0)
20,66,0.0,48,6,42,1.0,-100.0,12.5,MARGIN CALL ($0)
20,67,0.0,46,6,40,1.0,-100.0,13.043478260869565,MARGIN CALL ($0)
20,68,0.0,45,6,39,1.0,-100.0,13.333333333333334,MARGIN CALL ($0)
20,69,0.0,47,6,41,1.0,-100.0,12.76595744680851,MARGIN CALL ($0)
20,70,0.0,49,6,43,1.0,-100.0,12.244897959183673,MARGIN CALL ($0)
20,71,0.0,48,6,42,1.0,-100.0,12.5,MARGIN CALL ($0)
20,72,0.0,49,6,43,1.0,-100.0,12.244897959183673,MARGIN CALL ($0)
20,73,0.0,19,0,19,1.0,-100.0,0.0,MARGIN CALL ($0)
20,74,0.0,19,0,19,1.0,-100.0,0.0,MARGIN CALL ($0)
20,75,0.0,18,0,18,1.0,-100.0,0.0,MARGIN CALL ($0)
20,76,0.0,18,0,18,1.0,-100.0,0.0,MARGIN CALL ($0)
20,77,0.0,18,0,18,1.0,-100.0,0.0,MARGIN CALL ($0)
20,78,0.0,17,0,17,1.0,-100.0,0.0,MARGIN CALL ($0)
20,79,0.0,18,0,18,1.0,-100.0,0.0,MARGIN CALL ($0)
20,80,0.0,17,0,17,1.0,-100.0,0.0,MARGIN CALL ($0)
20,81,0.0,17,0,17,1.0,-100.0,0.0,MARGIN CALL ($0)
20,82,0.0,17,0,17,1.0,-100.0,0.0,MARGIN CALL ($0)
20,86,0.0,18,0,18,1.0,-100.0,0.0,MARGIN CALL ($0)
20,87,0.0,18,0,18,1.0,-100.0,0.0,MARGIN CALL ($0)
20,88,0.0,18,0,18,1.0,-100.0,0.0,MARGIN CALL ($0)
20,89,0.0,18,0,18,1.0,-100.0,0.0,MARGIN CALL ($0)
20,90,0.0,18,0,18,1.0,-100.0,0.0,MARGIN CALL ($0)
20,91,0.0,18,0,18,1.0,-100.0,0.0,MARGIN CALL ($0)
20,92,0.0,15,0,15,1.0,-100.0,0.0,MARGIN CALL ($0)
20,93,0.0,15,0,15,1.0,-100.0,0.0,MARGIN CALL ($0)
20,94,0.0,13,0,13,1.0,-100.0,0.0,MARGIN CALL ($0)
20,95,0.0,13,0,13,1.0,-100.0,0.0,MARGIN CALL ($0)
20,96,0.0,13,0,13,1.0,-100.0,0.0,MARGIN CALL ($0)
20,97,0.0,13,0,13,1.0,-100.0,0.0,MARGIN CALL ($0)
20,98,0.0,13,0,13,1.0,-100.0,0.0,MARGIN CALL ($0)
20,99,0.0,12,0,12,1.0,-100.0,0.0,MARGIN CALL ($0)
20,100,0.0,12,0,12,1.0,-100.0,0.0,MARGIN CALL ($0)
21,1,0.0,54,6,48,1.0,-100.0,11.11111111111111,MARGIN CALL ($0)
21,2,0.0,44,4,40,1.0,-100.0,9.090909090909092,MARGIN CALL ($0)
21,3,0.0,43,5,38,1.0,-100.0,11.627906976744185,MARGIN CALL ($0)
21,4,0.0,35,4,31,1.0,-100.0,11.428571428571429,MARGIN CALL ($0)
21,5,0.0,89,16,73,1.0,-100.0,17.97752808988764,MARGIN CALL ($0)
21,6,0.0,112,27,85,1.0,-100.0,24.107142857142858,MARGIN CALL ($0)
21,7,0.0,154,41,113,1.0,-100.0,26.623376623376622,MARGIN CALL ($0)
21,8,0.0,74,13,61,1.0,-100.0,17.56756756756757,MARGIN CALL ($0)
21,9,0.0,86,17,69,1.0,-100.0,19.767441860465116,MARGIN CALL ($0)
21,10,0.0,83,16,67,1.0,-100.0,19.27710843373494,MARGIN CALL ($0)
21,11,0.0,75,13,62,1.0,-100.0,17.333333333333336,MARGIN CALL ($0)
21,12,0.0,84,17,67,1.0,-100.0,20.238095238095237,MARGIN CALL ($0)
21,13,0.0,36,5,31,1.0,-100.0,13.88888888888889,MARGIN CALL ($0)
21,14,0.0,35,5,30,1.0,-100.0,14.285714285714285,MARGIN CALL ($0)
21,15,0.0,310,80,230,1.0,-100.0,25.806451612903224,MARGIN CALL ($0)
21,16,0.0,57,10,47,1.0,-100.0,17.543859649122805,MARGIN CALL ($0)
21,17,0.0,356,90,266,1.0,-100.0,25.280898876404496,MARGIN CALL ($0)
21,18,0.0,44,4,40,1.0,-100.0,9.090909090909092,MARGIN CALL ($0)
21,19,0.0,44,4,40,1.0,-100.0,9.090909090909092,MARGIN CALL ($0)
21,20,0.0,48,7,41,1.0,-100.0,14.583333333333334,MARGIN CALL ($0)
21,21,0.0,42,5,37,1.0,-100.0,11.904761904761903,MARGIN CALL ($0)
21,22,0.0,40,4,36,1.0,-100.0,10.0,MARGIN CALL ($0)
21,23,0.0,40,4,36,1.0,-100.0,10.0,MARGIN CALL ($0)
21,24,0.0,41,4,37,1.0,-100.0,9.75609756097561,MARGIN CALL ($0)
21,25,0.0,41,4,37,1.0,-100.0,9.75609756097561,MARGIN CALL ($0)
21,26,0.0,41,5,36,1.0,-100.0,12.195121951219512,MARGIN CALL ($0)
21,27,0.0,41,5,36,1.0,-100.0,12.195121951219512,MARGIN CALL ($0)
21,28,0.0,43,5,38,1.0,-100.0,11.627906976744185,MARGIN CALL ($0)
21,29,0.0,43,5,38,1.0,-100.0,11.627906976744185,MARGIN CALL ($0)
21,30,0.0,42,5,37,1.0,-100.0,11.904761904761903,MARGIN CALL ($0)
21,31,0.0,41,5,36,1.0,-100.0,12.195121951219512,MARGIN CALL ($0)
21,32,0.0,40,5,35,1.0,-100.0,12.5,MARGIN CALL ($0)
21,33,0.0,41,5,36,1.0,-100.0,12.195121951219512,MARGIN CALL ($0)
21,34,0.0,39,5,34,1.0,-100.0,12.82051282051282,MARGIN CALL ($0)
21,35,0.0,41,5,36,1.0,-100.0,12.195121951219512,MARGIN CALL ($0)
21,36,0.0,41,5,36,1.0,-100.0,12.195121951219512,MARGIN CALL ($0)
21,37,0.0,45,6,39,1.0,-100.0,13.333333333333334,MARGIN CALL ($0)
21,38,0.0,45,6,39,1.0,-100.0,13.333333333333334,MARGIN CALL ($0)
21,39,0.0,57,6,51,1.0,-100.0,10.526315789473683,MARGIN CALL ($0)
21,40,0.0,45,6,39,1.0,-100.0,13.333333333333334,MARGIN CALL ($0)
21,41,0.0,45,6,39,1.0,-100.0,13.333333333333334,MARGIN CALL ($0)
21,44,0.0,766,158,608,1.0,-100.0,20.626631853785902,MARGIN CALL ($0)
21,46,0.0,56,8,48,1.0,-100.0,14.285714285714285,MARGIN CALL ($0)
21,47,0.0,60,9,51,1.0,-100.0,15.0,MARGIN CALL ($0)
21,48,0.0,61,9,52,1.0,-100.0,14.754098360655737,MARGIN CALL ($0)
21,49,0.0,60,11,49,1.0,-100.0,18.333333333333332,MARGIN CALL ($0)
21,50,0.0,60,11,49,1.0,-100.0,18.333333333333332,MARGIN CALL ($0)
21,51,0.0,50,7,43,1.0,-100.0,14.000000000000002,MARGIN CALL ($0)
21,52,0.0,54,8,46,1.0,-100.0,14.814814814814813,MARGIN CALL ($0)
21,53,0.0,52,8,44,1.0,-100.0,15.384615384615385,MARGIN CALL ($0)
21,54,0.0,40,6,34,1.0,-100.0,15.0,MARGIN CALL ($0)
21,55,0.0,40,6,34,1.0,-100.0,15.0,MARGIN CALL ($0)
21,56,0.0,39,6,33,1.0,-100.0,15.384615384615385,MARGIN CALL ($0)
21,57,0.0,40,6,34,1.0,-100.0,15.0,MARGIN CALL ($0)
21,58,0.0,42,7,35,1.0,-100.0,16.666666666666664,MARGIN CALL ($0)
21,59,0.0,42,7,35,1.0,-100.0,16.666666666666664,MARGIN CALL ($0)
21,60,0.0,40,7,33,1.0,-100.0,17.5,MARGIN CALL ($0)
21,61,0.0,40,7,33,1.0,-100.0,17.5,MARGIN CALL ($0)
21,62,0.0,40,7,33,1.0,-100.0,17.5,MARGIN CALL ($0)
21,63,0.0,35,6,29,1.0,-100.0,17.142857142857142,MARGIN CALL ($0)
21,64,0.0,35,6,29,1.0,-100.0,17.142857142857142,MARGIN CALL ($0)
21,65,0.0,36,6,30,1.0,-100.0,16.666666666666664,MARGIN CALL ($0)
21,66,0.0,35,6,29,1.0,-100.0,17.142857142857142,MARGIN CALL ($0)
21,67,0.0,36,6,30,1.0,-100.0,16.666666666666664,MARGIN CALL ($0)
21,68,0.0,37,6,31,1.0,-100.0,16.216216216216218,MARGIN CALL ($0)
21,69,0.0,36,6,30,1.0,-100.0,16.666666666666664,MARGIN CALL ($0)
21,70,0.0,36,6,30,1.0,-100.0,16.666666666666664,MARGIN CALL ($0)
21,71,0.0,35,6,29,1.0,-100.0,17.142857142857142,MARGIN CALL ($0)
21,72,0.0,36,6,30,1.0,-100.0,16.666666666666664,MARGIN CALL ($0)
21,73,0.0,19,0,19,1.0,-100.0,0.0,MARGIN CALL ($0)
21,74,0.0,19,0,19,1.0,-100.0,0.0,MARGIN CALL ($0)
21,75,0.0,18,0,18,1.0,-100.0,0.0,MARGIN CALL ($0)
21,76,0.0,18,0,18,1.0,-100.0,0.0,MARGIN CALL ($0)
21,77,0.0,18,0,18,1.0,-100.0,0.0,MARGIN CALL ($0)
21,78,0.0,17,0,17,1.0,-100.0,0.0,MARGIN CALL ($0)
21,79,0.0,18,0,18,1.0,-100.0,0.0,MARGIN CALL ($0)
21,80,0.0,17,0,17,1.0,-100.0,0.0,MARGIN CALL ($0)
21,81,0.0,17,0,17,1.0,-100.0,0.0,MARGIN CALL ($0)
21,82,0.0,17,0,17,1.0,-100.0,0.0,MARGIN CALL ($0)
21,83,0.0,61,10,51,1.0,-100.0,16.39344262295082,MARGIN CALL ($0)
21,84,0.0,61,11,50,1.0,-100.0,18.0327868852459,MARGIN CALL ($0)
21,85,0.0,61,11,50,1.0,-100.0,18.0327868852459,MARGIN CALL ($0)
21,86,0.0,18,0,18,1.0,-100.0,0.0,MARGIN CALL ($0)
21,87,0.0,18,0,18,1.0,-100.0,0.0,MARGIN CALL ($0)
21,88,0.0,18,0,18,1.0,-100.0,0.0,MARGIN CALL ($0)
21,89,0.0,18,0,18,1.0,-100.0,0.0,MARGIN CALL ($0)
21,90,0.0,18,0,18,1.0,-100.0,0.0,MARGIN CALL ($0)
21,91,0.0,18,0,18,1.0,-100.0,0.0,MARGIN CALL ($0)
21,92,0.0,15,0,15,1.0,-100.0,0.0,MARGIN CALL ($0)
21,93,0.0,15,0,15,1.0,-100.0,0.0,MARGIN CALL ($0)
21,94,0.0,13,0,13,1.0,-100.0,0.0,MARGIN CALL ($0)
21,95,0.0,13,0,13,1.0,-100.0,0.0,MARGIN CALL ($0)
21,96,0.0,13,0,13,1.0,-100.0,0.0,MARGIN CALL ($0)
21,97,0.0,13,0,13,1.0,-100.0,0.0,MARGIN CALL ($0)
21,98,0.0,13,0,13,1.0,-100.0,0.0,MARGIN CALL ($0)
21,99,0.0,12,0,12,1.0,-100.0,0.0,MARGIN CALL ($0)
21,100,0.0,12,0,12,1.0,-100.0,0.0,MARGIN CALL ($0)
22,1,0.0,54,6,48,1.0,-100.0,11.11111111111111,MARGIN CALL ($0)
22,2,0.0,44,4,40,1.0,-100.0,9.090909090909092,MARGIN CALL ($0)
22,3,0.0,43,5,38,1.0,-100.0,11.627906976744185,MARGIN CALL ($0)
22,4,0.0,35,4,31,1.0,-100.0,11.428571428571429,MARGIN CALL ($0)
22,5,0.0,89,16,73,1.0,-100.0,17.97752808988764,MARGIN CALL ($0)
22,6,0.0,111,27,84,1.0,-100.0,24.324324324324326,MARGIN CALL ($0)
22,7,0.0,154,41,113,1.0,-100.0,26.623376623376622,MARGIN CALL ($0)
22,8,0.0,73,13,60,1.0,-100.0,17.80821917808219,MARGIN CALL ($0)
22,9,0.0,81,14,67,1.0,-100.0,17.28395061728395,MARGIN CALL ($0)
22,10,0.0,34,3,31,1.0,-100.0,8.823529411764707,MARGIN CALL ($0)
22,11,0.0,32,3,29,1.0,-100.0,9.375,MARGIN CALL ($0)
22,12,0.0,79,15,64,1.0,-100.0,18.9873417721519,MARGIN CALL ($0)
22,13,0.0,34,3,31,1.0,-100.0,8.823529411764707,MARGIN CALL ($0)
22,14,0.0,36,5,31,1.0,-100.0,13.88888888888889,MARGIN CALL ($0)
22,15,0.0,306,77,229,1.0,-100.0,25.163398692810457,MARGIN CALL ($0)
22,16,0.0,56,10,46,1.0,-100.0,17.857142857142858,MARGIN CALL ($0)
22,17,0.0,347,89,258,1.0,-100.0,25.64841498559078,MARGIN CALL ($0)
22,18,0.0,44,4,40,1.0,-100.0,9.090909090909092,MARGIN CALL ($0)
22,19,0.0,44,4,40,1.0,-100.0,9.090909090909092,MARGIN CALL ($0)
22,20,0.0,44,5,39,1.0,-100.0,11.363636363636363,MARGIN CALL ($0)
22,21,0.0,41,4,37,1.0,-100.0,9.75609756097561,MARGIN CALL ($0)
22,22,0.0,34,2,32,1.0,-100.0,5.88235294117647,MARGIN CALL ($0)
22,23,0.0,34,2,32,1.0,-100.0,5.88235294117647,MARGIN CALL ($0)
22,24,0.0,36,2,34,1.0,-100.0,5.555555555555555,MARGIN CALL ($0)
22,25,0.0,37,2,35,1.0,-100.0,5.405405405405405,MARGIN CALL ($0)
22,26,0.0,39,5,34,1.0,-100.0,12.82051282051282,MARGIN CALL ($0)
22,27,0.0,39,5,34,1.0,-100.0,12.82051282051282,MARGIN CALL ($0)
22,28,0.0,41,5,36,1.0,-100.0,12.195121951219512,MARGIN CALL ($0)
22,29,0.0,40,5,35,1.0,-100.0,12.5,MARGIN CALL ($0)
22,30,0.0,41,5,36,1.0,-100.0,12.195121951219512,MARGIN CALL ($0)
22,31,0.0,39,5,34,1.0,-100.0,12.82051282051282,MARGIN CALL ($0)
22,32,0.0,38,5,33,1.0,-100.0,13.157894736842104,MARGIN CALL ($0)
22,33,0.0,37,5,32,1.0,-100.0,13.513513513513514,MARGIN CALL ($0)
22,34,0.0,37,5,32,1.0,-100.0,13.513513513513514,MARGIN CALL ($0)
22,35,0.0,38,5,33,1.0,-100.0,13.157894736842104,MARGIN CALL ($0)
22,36,0.0,40,5,35,1.0,-100.0,12.5,MARGIN CALL ($0)
22,37,0.0,41,6,35,1.0,-100.0,14.634146341463413,MARGIN CALL ($0)
22,38,0.0,41,6,35,1.0,-100.0,14.634146341463413,MARGIN CALL ($0)
22,39,0.0,51,6,45,1.0,-100.0,11.76470588235294,MARGIN CALL ($0)
22,40,0.0,42,6,36,1.0,-100.0,14.285714285714285,MARGIN CALL ($0)
22,41,0.0,41,6,35,1.0,-100.0,14.634146341463413,MARGIN CALL ($0)
22,44,0.0,705,138,567,1.0,-100.0,19.574468085106382,MARGIN CALL ($0)
22,46,0.0,54,8,46,1.0,-100.0,14.814814814814813,MARGIN CALL ($0)
22,47,0.0,53,8,45,1.0,-100.0,15.09433962264151,MARGIN CALL ($0)
22,48,0.0,56,9,47,1.0,-100.0,16.071428571428573,MARGIN CALL ($0)
22,49,0.0,57,10,47,1.0,-100.0,17.543859649122805,MARGIN CALL ($0)
22,50,0.0,56,10,46,1.0,-100.0,17.857142857142858,MARGIN CALL ($0)
22,51,0.0,46,7,39,1.0,-100.0,15.217391304347828,MARGIN CALL ($0)
22,52,0.0,47,7,40,1.0,-100.0,14.893617021276595,MARGIN CALL ($0)
22,53,0.0,47,7,40,1.0,-100.0,14.893617021276595,MARGIN CALL ($0)
22,54,0.0,38,6,32,1.0,-100.0,15.789473684210526,MARGIN CALL ($0)
22,55,0.0,38,6,32,1.0,-100.0,15.789473684210526,MARGIN CALL ($0)
22,56,0.0,37,6,31,1.0,-100.0,16.216216216216218,MARGIN CALL ($0)
22,57,0.0,38,6,32,1.0,-100.0,15.789473684210526,MARGIN CALL ($0)
22,58,0.0,40,7,33,1.0,-100.0,17.5,MARGIN CALL ($0)
22,59,0.0,40,7,33,1.0,-100.0,17.5,MARGIN CALL ($0)
22,60,0.0,46,7,39,1.0,-100.0,15.217391304347828,MARGIN CALL ($0)
22,61,0.0,46,7,39,1.0,-100.0,15.217391304347828,MARGIN CALL ($0)
22,62,0.0,45,7,38,1.0,-100.0,15.555555555555555,MARGIN CALL ($0)
22,63,0.0,35,6,29,1.0,-100.0,17.142857142857142,MARGIN CALL ($0)
22,64,0.0,35,6,29,1.0,-100.0,17.142857142857142,MARGIN CALL ($0)
22,65,0.0,36,6,30,1.0,-100.0,16.666666666666664,MARGIN CALL ($0)
22,66,0.0,35,6,29,1.0,-100.0,17.142857142857142,MARGIN CALL ($0)
22,67,0.0,36,6,30,1.0,-100.0,16.666666666666664,MARGIN CALL ($0)
22,68,0.0,36,6,30,1.0,-100.0,16.666666666666664,MARGIN CALL ($0)
22,69,0.0,36,6,30,1.0,-100.0,16.666666666666664,MARGIN CALL ($0)
22,70,0.0,36,6,30,1.0,-100.0,16.666666666666664,MARGIN CALL ($0)
22,71,0.0,18,0,18,1.0,-100.0,0.0,MARGIN CALL ($0)
22,72,0.0,18,0,18,1.0,-100.0,0.0,MARGIN CALL ($0)
22,73,0.0,20,0,20,1.0,-100.0,0.0,MARGIN CALL ($0)
22,74,0.0,20,0,20,1.0,-100.0,0.0,MARGIN CALL ($0)
22,75,0.0,19,0,19,1.0,-100.0,0.0,MARGIN CALL ($0)
22,76,0.0,19,0,19,1.0,-100.0,0.0,MARGIN CALL ($0)
22,77,0.0,19,0,19,1.0,-100.0,0.0,MARGIN CALL ($0)
22,78,0.0,18,0,18,1.0,-100.0,0.0,MARGIN CALL ($0)
22,79,0.0,19,0,19,1.0,-100.0,0.0,MARGIN CALL ($0)
22,80,0.0,18,0,18,1.0,-100.0,0.0,MARGIN CALL ($0)
22,81,0.0,18,0,18,1.0,-100.0,0.0,MARGIN CALL ($0)
22,82,0.0,18,0,18,1.0,-100.0,0.0,MARGIN CALL ($0)
22,83,0.0,64,10,54,1.0,-100.0,15.625,MARGIN CALL ($0)
22,84,0.0,65,11,54,1.0,-100.0,16.923076923076923,MARGIN CALL ($0)
22,85,0.0,64,11,53,1.0,-100.0,17.1875,MARGIN CALL ($0)
22,86,0.0,19,0,19,1.0,-100.0,0.0,MARGIN CALL ($0)
22,87,0.0,19,0,19,1.0,-100.0,0.0,MARGIN CALL ($0)
22,88,0.0,19,0,19,1.0,-100.0,0.0,MARGIN CALL ($0)
22,89,0.0,19,0,19,1.0,-100.0,0.0,MARGIN CALL ($0)
22,90,0.0,19,0,19,1.0,-100.0,0.0,MARGIN CALL ($0)
22,91,0.0,19,0,19,1.0,-100.0,0.0,MARGIN CALL ($0)
22,92,0.0,16,0,16,1.0,-100.0,0.0,MARGIN CALL ($0)
22,93,0.0,16,0,16,1.0,-100.0,0.0,MARGIN CALL ($0)
22,94,0.0,14,0,14,1.0,-100.0,0.0,MARGIN CALL ($0)
22,95,0.0,14,0,14,1.0,-100.0,0.0,MARGIN CALL ($0)
22,96,0.0,14,0,14,1.0,-100.0,0.0,MARGIN CALL ($0)
22,97,0.0,14,0,14,1.0,-100.0,0.0,MARGIN CALL ($0)
22,98,0.0,14,0,14,1.0,-100.0,0.0,MARGIN CALL ($0)
22,99,0.0,13,0,13,1.0,-100.0,0.0,MARGIN CALL ($0)
22,100,0.0,13,0,13,1.0,-100.0,0.0,MARGIN CALL ($0)
23,1,0.0,53,6,47,1.0,-100.0,11.320754716981133,MARGIN CALL ($0)
23,2,0.0,44,4,40,1.0,-100.0,9.090909090909092,MARGIN CALL ($0)
23,3,0.0,43,5,38,1.0,-100.0,11.627906976744185,MARGIN CALL ($0)
23,4,0.0,35,4,31,1.0,-100.0,11.428571428571429,MARGIN CALL ($0)
23,5,0.0,90,16,74,1.0,-100.0,17.77777777777778,MARGIN CALL ($0)
23,6,0.0,111,27,84,1.0,-100.0,24.324324324324326,MARGIN CALL ($0)
23,7,0.0,145,38,107,1.0,-100.0,26.20689655172414,MARGIN CALL ($0)
23,8,0.0,72,13,59,1.0,-100.0,18.055555555555554,MARGIN CALL ($0)
23,9,0.0,80,14,66,1.0,-100.0,17.5,MARGIN CALL ($0)
23,10,0.0,34,3,31,1.0,-100.0,8.823529411764707,MARGIN CALL ($0)
23,11,0.0,32,3,29,1.0,-100.0,9.375,MARGIN CALL ($0)
23,12,0.0,79,15,64,1.0,-100.0,18.9873417721519,MARGIN CALL ($0)
23,13,0.0,34,3,31,1.0,-100.0,8.823529411764707,MARGIN CALL ($0)
23,14,0.0,30,3,27,1.0,-100.0,10.0,MARGIN CALL ($0)
23,15,0.0,307,77,230,1.0,-100.0,25.0814332247557,MARGIN CALL ($0)
23,16,0.0,60,11,49,1.0,-100.0,18.333333333333332,MARGIN CALL ($0)
23,17,0.0,379,93,286,1.0,-100.0,24.538258575197887,MARGIN CALL ($0)
23,18,0.0,45,4,41,1.0,-100.0,8.88888888888889,MARGIN CALL ($0)
23,19,0.0,44,4,40,1.0,-100.0,9.090909090909092,MARGIN CALL ($0)
23,20,0.0,44,5,39,1.0,-100.0,11.363636363636363,MARGIN CALL ($0)
23,21,0.0,39,4,35,1.0,-100.0,10.256410256410255,MARGIN CALL ($0)
23,22,0.0,34,2,32,1.0,-100.0,5.88235294117647,MARGIN CALL ($0)
23,23,0.0,30,2,28,1.0,-100.0,6.666666666666667,MARGIN CALL ($0)
23,24,0.0,31,2,29,1.0,-100.0,6.451612903225806,MARGIN CALL ($0)
23,25,0.0,33,2,31,1.0,-100.0,6.0606060606060606,MARGIN CALL ($0)
23,26,0.0,34,3,31,1.0,-100.0,8.823529411764707,MARGIN CALL ($0)
23,27,0.0,34,3,31,1.0,-100.0,8.823529411764707,MARGIN CALL ($0)
23,28,0.0,35,3,32,1.0,-100.0,8.571428571428571,MARGIN CALL ($0)
23,29,0.0,35,3,32,1.0,-100.0,8.571428571428571,MARGIN CALL ($0)
23,30,0.0,34,3,31,1.0,-100.0,8.823529411764707,MARGIN CALL ($0)
23,31,0.0,33,3,30,1.0,-100.0,9.090909090909092,MARGIN CALL ($0)
23,32,0.0,32,3,29,1.0,-100.0,9.375,MARGIN CALL ($0)
23,33,0.0,31,3,28,1.0,-100.0,9.67741935483871,MARGIN CALL ($0)
23,34,0.0,32,3,29,1.0,-100.0,9.375,MARGIN CALL ($0)
23,35,0.0,33,3,30,1.0,-100.0,9.090909090909092,MARGIN CALL ($0)
23,36,0.0,34,3,31,1.0,-100.0,8.823529411764707,MARGIN CALL ($0)
23,37,0.0,38,4,34,1.0,-100.0,10.526315789473683,MARGIN CALL ($0)
23,38,0.0,39,4,35,1.0,-100.0,10.256410256410255,MARGIN CALL ($0)
23,39,0.0,53,6,47,1.0,-100.0,11.320754716981133,MARGIN CALL ($0)
23,40,0.0,38,4,34,1.0,-100.0,10.526315789473683,MARGIN CALL ($0)
23,41,0.0,38,4,34,1.0,-100.0,10.526315789473683,MARGIN CALL ($0)
23,44,0.0,557,102,455,1.0,-100.0,18.31238779174147,MARGIN CALL ($0)
23,46,0.0,51,8,43,1.0,-100.0,15.686274509803921,MARGIN CALL ($0)
23,47,0.0,53,8,45,1.0,-100.0,15.09433962264151,MARGIN CALL ($0)
23,48,0.0,56,9,47,1.0,-100.0,16.071428571428573,MARGIN CALL ($0)
23,49,0.0,54,10,44,1.0,-100.0,18.51851851851852,MARGIN CALL ($0)
23,50,0.0,53,10,43,1.0,-100.0,18.867924528301888,MARGIN CALL ($0)
23,51,0.0,41,5,36,1.0,-100.0,12.195121951219512,MARGIN CALL ($0)
23,52,0.0,40,5,35,1.0,-100.0,12.5,MARGIN CALL ($0)
23,53,0.0,40,5,35,1.0,-100.0,12.5,MARGIN CALL ($0)
23,54,0.0,24,1,23,1.0,-100.0,4.166666666666666,MARGIN CALL ($0)
23,55,0.0,35,4,31,1.0,-100.0,11.428571428571429,MARGIN CALL ($0)
23,56,0.0,24,1,23,1.0,-100.0,4.166666666666666,MARGIN CALL ($0)
23,57,0.0,25,1,24,1.0,-100.0,4.0,MARGIN CALL ($0)
23,58,0.0,25,2,23,1.0,-100.0,8.0,MARGIN CALL ($0)
23,59,0.0,36,5,31,1.0,-100.0,13.88888888888889,MARGIN CALL ($0)
23,60,0.0,44,7,37,1.0,-100.0,15.909090909090908,MARGIN CALL ($0)
23,61,0.0,44,7,37,1.0,-100.0,15.909090909090908,MARGIN CALL ($0)
23,62,0.0,42,7,35,1.0,-100.0,16.666666666666664,MARGIN CALL ($0)
23,63,0.0,19,0,19,1.0,-100.0,0.0,MARGIN CALL ($0)
23,64,0.0,19,0,19,1.0,-100.0,0.0,MARGIN CALL ($0)
23,65,0.0,19,0,19,1.0,-100.0,0.0,MARGIN CALL ($0)
23,66,0.0,33,5,28,1.0,-100.0,15.151515151515152,MARGIN CALL ($0)
23,67,0.0,35,5,30,1.0,-100.0,14.285714285714285,MARGIN CALL ($0)
23,68,0.0,34,5,29,1.0,-100.0,14.705882352941178,MARGIN CALL ($0)
23,69,0.0,36,5,31,1.0,-100.0,13.88888888888889,MARGIN CALL ($0)
23,70,0.0,36,5,31,1.0,-100.0,13.88888888888889,MARGIN CALL ($0)
23,71,0.0,18,0,18,1.0,-100.0,0.0,MARGIN CALL ($0)
23,72,0.0,18,0,18,1.0,-100.0,0.0,MARGIN CALL ($0)
23,73,0.0,20,0,20,1.0,-100.0,0.0,MARGIN CALL ($0)
23,74,0.0,20,0,20,1.0,-100.0,0.0,MARGIN CALL ($0)
23,75,0.0,19,0,19,1.0,-100.0,0.0,MARGIN CALL ($0)
23,76,0.0,19,0,19,1.0,-100.0,0.0,MARGIN CALL ($0)
23,77,0.0,19,0,19,1.0,-100.0,0.0,MARGIN CALL ($0)
23,78,0.0,18,0,18,1.0,-100.0,0.0,MARGIN CALL ($0)
23,79,0.0,19,0,19,1.0,-100.0,0.0,MARGIN CALL ($0)
23,80,0.0,18,0,18,1.0,-100.0,0.0,MARGIN CALL ($0)
23,81,0.0,18,0,18,1.0,-100.0,0.0,MARGIN CALL ($0)
23,82,0.0,18,0,18,1.0,-100.0,0.0,MARGIN CALL ($0)
23,83,0.0,25,2,23,1.0,-100.0,8.0,MARGIN CALL ($0)
23,84,0.0,26,3,23,1.0,-100.0,11.538461538461538,MARGIN CALL ($0)
23,85,0.0,26,3,23,1.0,-100.0,11.538461538461538,MARGIN CALL ($0)
23,86,0.0,19,0,19,1.0,-100.0,0.0,MARGIN CALL ($0)
23,87,0.0,19,0,19,1.0,-100.0,0.0,MARGIN CALL ($0)
23,88,0.0,19,0,19,1.0,-100.0,0.0,MARGIN CALL ($0)
23,89,0.0,19,0,19,1.0,-100.0,0.0,MARGIN CALL ($0)
23,90,0.0,19,0,19,1.0,-100.0,0.0,MARGIN CALL ($0)
23,91,0.0,19,0,19,1.0,-100.0,0.0,MARGIN CALL ($0)
23,92,0.0,16,0,16,1.0,-100.0,0.0,MARGIN CALL ($0)
23,93,0.0,16,0,16,1.0,-100.0,0.0,MARGIN CALL ($0)
23,94,0.0,14,0,14,1.0,-100.0,0.0,MARGIN CALL ($0)
23,95,0.0,14,0,14,1.0,-100.0,0.0,MARGIN CALL ($0)
23,96,0.0,14,0,14,1.0,-100.0,0.0,MARGIN CALL ($0)
23,97,0.0,14,0,14,1.0,-100.0,0.0,MARGIN CALL ($0)
23,98,0.0,14,0,14,1.0,-100.0,0.0,MARGIN CALL ($0)
23,99,0.0,13,0,13,1.0,-100.0,0.0,MARGIN CALL ($0)
23,100,0.0,13,0,13,1.0,-100.0,0.0,MARGIN CALL ($0)
24,1,0.0,53,6,47,1.0,-100.0,11.320754716981133,MARGIN CALL ($0)
24,2,0.0,44,4,40,1.0,-100.0,9.090909090909092,MARGIN CALL ($0)
24,3,0.0,43,5,38,1.0,-100.0,11.627906976744185,MARGIN CALL ($0)
24,4,0.0,35,4,31,1.0,-100.0,11.428571428571429,MARGIN CALL ($0)
24,5,0.0,90,16,74,1.0,-100.0,17.77777777777778,MARGIN CALL ($0)
24,6,0.0,103,24,79,1.0,-100.0,23.300970873786408,MARGIN CALL ($0)
24,7,0.0,143,38,105,1.0,-100.0,26.573426573426573,MARGIN CALL ($0)
24,8,0.0,71,13,58,1.0,-100.0,18.30985915492958,MARGIN CALL ($0)
24,9,0.0,34,4,30,1.0,-100.0,11.76470588235294,MARGIN CALL ($0)
24,10,0.0,34,3,31,1.0,-100.0,8.823529411764707,MARGIN CALL ($0)
24,11,0.0,33,3,30,1.0,-100.0,9.090909090909092,MARGIN CALL ($0)
24,12,0.0,79,15,64,1.0,-100.0,18.9873417721519,MARGIN CALL ($0)
24,13,0.0,34,3,31,1.0,-100.0,8.823529411764707,MARGIN CALL ($0)
24,14,0.0,30,3,27,1.0,-100.0,10.0,MARGIN CALL ($0)
24,15,0.0,305,75,230,1.0,-100.0,24.59016393442623,MARGIN CALL ($0)
24,16,0.0,58,11,47,1.0,-100.0,18.96551724137931,MARGIN CALL ($0)
24,18,0.0,45,4,41,1.0,-100.0,8.88888888888889,MARGIN CALL ($0)
24,19,0.0,43,4,39,1.0,-100.0,9.30232558139535,MARGIN CALL ($0)
24,20,0.0,43,5,38,1.0,-100.0,11.627906976744185,MARGIN CALL ($0)
24,21,0.0,40,4,36,1.0,-100.0,10.0,MARGIN CALL ($0)
24,22,0.0,35,2,33,1.0,-100.0,5.714285714285714,MARGIN CALL ($0)
24,23,0.0,30,2,28,1.0,-100.0,6.666666666666667,MARGIN CALL ($0)
24,24,0.0,30,2,28,1.0,-100.0,6.666666666666667,MARGIN CALL ($0)
24,25,0.0,31,2,29,1.0,-100.0,6.451612903225806,MARGIN CALL ($0)
24,26,0.0,33,3,30,1.0,-100.0,9.090909090909092,MARGIN CALL ($0)
24,27,0.0,33,3,30,1.0,-100.0,9.090909090909092,MARGIN CALL ($0)
24,28,0.0,35,3,32,1.0,-100.0,8.571428571428571,MARGIN CALL ($0)
24,29,0.0,34,3,31,1.0,-100.0,8.823529411764707,MARGIN CALL ($0)
24,30,0.0,34,3,31,1.0,-100.0,8.823529411764707,MARGIN CALL ($0)
24,31,0.0,34,3,31,1.0,-100.0,8.823529411764707,MARGIN CALL ($0)
24,32,0.0,33,3,30,1.0,-100.0,9.090909090909092,MARGIN CALL ($0)
24,33,0.0,31,3,28,1.0,-100.0,9.67741935483871,MARGIN CALL ($0)
24,34,0.0,33,3,30,1.0,-100.0,9.090909090909092,MARGIN CALL ($0)
24,35,0.0,34,3,31,1.0,-100.0,8.823529411764707,MARGIN CALL ($0)
24,36,0.0,34,3,31,1.0,-100.0,8.823529411764707,MARGIN CALL ($0)
24,37,0.0,37,4,33,1.0,-100.0,10.81081081081081,MARGIN CALL ($0)
24,38,0.0,38,4,34,1.0,-100.0,10.526315789473683,MARGIN CALL ($0)
24,39,0.0,55,6,49,1.0,-100.0,10.909090909090908,MARGIN CALL ($0)
24,40,0.0,37,4,33,1.0,-100.0,10.81081081081081,MARGIN CALL ($0)
24,41,0.0,38,4,34,1.0,-100.0,10.526315789473683,MARGIN CALL ($0)
24,42,0.0,136,24,112,1.0,-100.0,17.647058823529413,MARGIN CALL ($0)
24,43,0.0,135,26,109,1.0,-100.0,19.25925925925926,MARGIN CALL ($0)
24,46,0.0,53,8,45,1.0,-100.0,15.09433962264151,MARGIN CALL ($0)
24,47,0.0,54,9,45,1.0,-100.0,16.666666666666664,MARGIN CALL ($0)
24,48,0.0,56,9,47,1.0,-100.0,16.071428571428573,MARGIN CALL ($0)
24,49,0.0,57,11,46,1.0,-100.0,19.298245614035086,MARGIN CALL ($0)
24,50,0.0,57,11,46,1.0,-100.0,19.298245614035086,MARGIN CALL ($0)
24,51,0.0,40,5,35,1.0,-100.0,12.5,MARGIN CALL ($0)
24,52,0.0,42,5,37,1.0,-100.0,11.904761904761903,MARGIN CALL ($0)
24,53,0.0,42,5,37,1.0,-100.0,11.904761904761903,MARGIN CALL ($0)
24,54,0.0,35,4,31,1.0,-100.0,11.428571428571429,MARGIN CALL ($0)
24,55,0.0,35,4,31,1.0,-100.0,11.428571428571429,MARGIN CALL ($0)
24,56,0.0,35,4,31,1.0,-100.0,11.428571428571429,MARGIN CALL ($0)
24,57,0.0,36,4,32,1.0,-100.0,11.11111111111111,MARGIN CALL ($0)
24,58,0.0,37,5,32,1.0,-100.0,13.513513513513514,MARGIN CALL ($0)
24,59,0.0,37,5,32,1.0,-100.0,13.513513513513514,MARGIN CALL ($0)
24,60,0.0,45,7,38,1.0,-100.0,15.555555555555555,MARGIN CALL ($0)
24,61,0.0,45,7,38,1.0,-100.0,15.555555555555555,MARGIN CALL ($0)
24,62,0.0,44,7,37,1.0,-100.0,15.909090909090908,MARGIN CALL ($0)
24,63,0.0,35,5,30,1.0,-100.0,14.285714285714285,MARGIN CALL ($0)
24,64,0.0,35,5,30,1.0,-100.0,14.285714285714285,MARGIN CALL ($0)
24,65,0.0,33,5,28,1.0,-100.0,15.151515151515152,MARGIN CALL ($0)
24,66,0.0,35,5,30,1.0,-100.0,14.285714285714285,MARGIN CALL ($0)
24,67,0.0,36,5,31,1.0,-100.0,13.88888888888889,MARGIN CALL ($0)
24,68,0.0,35,5,30,1.0,-100.0,14.285714285714285,MARGIN CALL ($0)
24,69,0.0,36,5,31,1.0,-100.0,13.88888888888889,MARGIN CALL ($0)
24,70,0.0,36,5,31,1.0,-100.0,13.88888888888889,MARGIN CALL ($0)
24,71,0.0,35,5,30,1.0,-100.0,14.285714285714285,MARGIN CALL ($0)
24,72,0.0,35,5,30,1.0,-100.0,14.285714285714285,MARGIN CALL ($0)
24,73,0.0,37,5,32,1.0,-100.0,13.513513513513514,MARGIN CALL ($0)
24,74,0.0,38,5,33,1.0,-100.0,13.157894736842104,MARGIN CALL ($0)
24,75,0.0,23,2,21,1.0,-100.0,8.695652173913043,MARGIN CALL ($0)
24,76,0.0,23,2,21,1.0,-100.0,8.695652173913043,MARGIN CALL ($0)
24,77,0.0,18,0,18,1.0,-100.0,0.0,MARGIN CALL ($0)
24,78,0.0,22,2,20,1.0,-100.0,9.090909090909092,MARGIN CALL ($0)
24,79,0.0,18,0,18,1.0,-100.0,0.0,MARGIN CALL ($0)
24,80,0.0,17,0,17,1.0,-100.0,0.0,MARGIN CALL ($0)
24,81,0.0,17,0,17,1.0,-100.0,0.0,MARGIN CALL ($0)
24,82,0.0,17,0,17,1.0,-100.0,0.0,MARGIN CALL ($0)
24,83,0.0,60,9,51,1.0,-100.0,15.0,MARGIN CALL ($0)
24,84,0.0,60,10,50,1.0,-100.0,16.666666666666664,MARGIN CALL ($0)
24,85,0.0,60,10,50,1.0,-100.0,16.666666666666664,MARGIN CALL ($0)
24,86,0.0,18,0,18,1.0,-100.0,0.0,MARGIN CALL ($0)
24,87,0.0,18,0,18,1.0,-100.0,0.0,MARGIN CALL ($0)
24,88,0.0,18,0,18,1.0,-100.0,0.0,MARGIN CALL ($0)
24,89,0.0,18,0,18,1.0,-100.0,0.0,MARGIN CALL ($0)
24,90,0.0,18,0,18,1.0,-100.0,0.0,MARGIN CALL ($0)
24,91,0.0,18,0,18,1.0,-100.0,0.0,MARGIN CALL ($0)
24,92,0.0,15,0,15,1.0,-100.0,0.0,MARGIN CALL ($0)
24,93,0.0,15,0,15,1.0,-100.0,0.0,MARGIN CALL ($0)
24,94,0.0,13,0,13,1.0,-100.0,0.0,MARGIN CALL ($0)
24,95,0.0,13,0,13,1.0,-100.0,0.0,MARGIN CALL ($0)
24,96,0.0,13,0,13,1.0,-100.0,0.0,MARGIN CALL ($0)
24,97,0.0,13,0,13,1.0,-100.0,0.0,MARGIN CALL ($0)
24,98,0.0,13,0,13,1.0,-100.0,0.0,MARGIN CALL ($0)
24,99,0.0,12,0,12,1.0,-100.0,0.0,MARGIN CALL ($0)
24,100,0.0,12,0,12,1.0,-100.0,0.0,MARGIN CALL ($0)
25,1,0.0,53,6,47,1.0,-100.0,11.320754716981133,MARGIN CALL ($0)
25,2,0.0,44,4,40,1.0,-100.0,9.090909090909092,MARGIN CALL ($0)
25,3,0.0,43,5,38,1.0,-100.0,11.627906976744185,MARGIN CALL ($0)
25,4,0.0,35,4,31,1.0,-100.0,11.428571428571429,MARGIN CALL ($0)
25,5,0.0,89,16,73,1.0,-100.0,17.97752808988764,MARGIN CALL ($0)
25,6,0.0,103,24,79,1.0,-100.0,23.300970873786408,MARGIN CALL ($0)
25,7,0.0,145,38,107,1.0,-100.0,26.20689655172414,MARGIN CALL ($0)
25,8,0.0,71,13,58,1.0,-100.0,18.30985915492958,MARGIN CALL ($0)
25,9,0.0,34,4,30,1.0,-100.0,11.76470588235294,MARGIN CALL ($0)
25,10,0.0,34,3,31,1.0,-100.0,8.823529411764707,MARGIN CALL ($0)
25,11,0.0,32,3,29,1.0,-100.0,9.375,MARGIN CALL ($0)
25,12,0.0,75,15,60,1.0,-100.0,20.0,MARGIN CALL ($0)
25,13,0.0,34,3,31,1.0,-100.0,8.823529411764707,MARGIN CALL ($0)
25,14,0.0,30,3,27,1.0,-100.0,10.0,MARGIN CALL ($0)
25,15,0.0,301,74,227,1.0,-100.0,24.58471760797342,MARGIN CALL ($0)
25,16,0.0,54,11,43,1.0,-100.0,20.37037037037037,MARGIN CALL ($0)
25,18,0.0,44,4,40,1.0,-100.0,9.090909090909092,MARGIN CALL ($0)
25,19,0.0,42,4,38,1.0,-100.0,9.523809523809524,MARGIN CALL ($0)
25,20,0.0,42,5,37,1.0,-100.0,11.904761904761903,MARGIN CALL ($0)
25,21,0.0,41,4,37,1.0,-100.0,9.75609756097561,MARGIN CALL ($0)
25,22,0.0,36,2,34,1.0,-100.0,5.555555555555555,MARGIN CALL ($0)
25,23,0.0,31,2,29,1.0,-100.0,6.451612903225806,MARGIN CALL ($0)
25,24,0.0,31,2,29,1.0,-100.0,6.451612903225806,MARGIN CALL ($0)
25,25,0.0,29,2,27,1.0,-100.0,6.896551724137931,MARGIN CALL ($0)
25,26,0.0,30,3,27,1.0,-100.0,10.0,MARGIN CALL ($0)
25,27,0.0,30,3,27,1.0,-100.0,10.0,MARGIN CALL ($0)
25,28,0.0,32,3,29,1.0,-100.0,9.375,MARGIN CALL ($0)
25,29,0.0,32,3,29,1.0,-100.0,9.375,MARGIN CALL ($0)
25,30,0.0,32,3,29,1.0,-100.0,9.375,MARGIN CALL ($0)
25,31,0.0,32,3,29,1.0,-100.0,9.375,MARGIN CALL ($0)
25,32,0.0,31,3,28,1.0,-100.0,9.67741935483871,MARGIN CALL ($0)
25,33,0.0,31,3,28,1.0,-100.0,9.67741935483871,MARGIN CALL ($0)
25,34,0.0,32,3,29,1.0,-100.0,9.375,MARGIN CALL ($0)
25,35,0.0,34,3,31,1.0,-100.0,8.823529411764707,MARGIN CALL ($0)
25,36,0.0,35,3,32,1.0,-100.0,8.571428571428571,MARGIN CALL ($0)
25,37,0.0,38,4,34,1.0,-100.0,10.526315789473683,MARGIN CALL ($0)
25,38,0.0,39,4,35,1.0,-100.0,10.256410256410255,MARGIN CALL ($0)
25,39,0.0,64,8,56,1.0,-100.0,12.5,MARGIN CALL ($0)
25,40,0.0,38,4,34,1.0,-100.0,10.526315789473683,MARGIN CALL ($0)
25,41,0.0,36,4,32,1.0,-100.0,11.11111111111111,MARGIN CALL ($0)
25,43,0.0,137,26,111,1.0,-100.0,18.97810218978102,MARGIN CALL ($0)
25,46,0.0,66,11,55,1.0,-100.0,16.666666666666664,MARGIN CALL ($0)
25,47,0.0,73,12,61,1.0,-100.0,16.43835616438356,MARGIN CALL ($0)
25,48,0.0,70,12,58,1.0,-100.0,17.142857142857142,MARGIN CALL ($0)
25,49,0.0,67,12,55,1.0,-100.0,17.91044776119403,MARGIN CALL ($0)
25,50,0.0,71,15,56,1.0,-100.0,21.12676056338028,MARGIN CALL ($0)
25,51,0.0,44,6,38,1.0,-100.0,13.636363636363635,MARGIN CALL ($0)
25,52,0.0,42,5,37,1.0,-100.0,11.904761904761903,MARGIN CALL ($0)
25,53,0.0,42,5,37,1.0,-100.0,11.904761904761903,MARGIN CALL ($0)
25,54,0.0,33,4,29,1.0,-100.0,12.121212121212121,MARGIN CALL ($0)
25,55,0.0,34,4,30,1.0,-100.0,11.76470588235294,MARGIN CALL ($0)
25,56,0.0,34,4,30,1.0,-100.0,11.76470588235294,MARGIN CALL ($0)
25,57,0.0,35,4,31,1.0,-100.0,11.428571428571429,MARGIN CALL ($0)
25,58,0.0,37,5,32,1.0,-100.0,13.513513513513514,MARGIN CALL ($0)
25,59,0.0,37,5,32,1.0,-100.0,13.513513513513514,MARGIN CALL ($0)
25,60,0.0,46,7,39,1.0,-100.0,15.217391304347828,MARGIN CALL ($0)
25,61,0.0,46,7,39,1.0,-100.0,15.217391304347828,MARGIN CALL ($0)
25,62,0.0,45,7,38,1.0,-100.0,15.555555555555555,MARGIN CALL ($0)
25,63,0.0,37,5,32,1.0,-100.0,13.513513513513514,MARGIN CALL ($0)
25,64,0.0,37,5,32,1.0,-100.0,13.513513513513514,MARGIN CALL ($0)
25,65,0.0,37,5,32,1.0,-100.0,13.513513513513514,MARGIN CALL ($0)
25,66,0.0,38,5,33,1.0,-100.0,13.157894736842104,MARGIN CALL ($0)
25,67,0.0,37,5,32,1.0,-100.0,13.513513513513514,MARGIN CALL ($0)
25,68,0.0,36,5,31,1.0,-100.0,13.88888888888889,MARGIN CALL ($0)
25,69,0.0,39,5,34,1.0,-100.0,12.82051282051282,MARGIN CALL ($0)
25,70,0.0,38,5,33,1.0,-100.0,13.157894736842104,MARGIN CALL ($0)
25,71,0.0,38,5,33,1.0,-100.0,13.157894736842104,MARGIN CALL ($0)
25,72,0.0,38,5,33,1.0,-100.0,13.157894736842104,MARGIN CALL ($0)
25,73,0.0,39,5,34,1.0,-100.0,12.82051282051282,MARGIN CALL ($0)
25,74,0.0,39,5,34,1.0,-100.0,12.82051282051282,MARGIN CALL ($0)
25,75,0.0,37,5,32,1.0,-100.0,13.513513513513514,MARGIN CALL ($0)
25,76,0.0,37,5,32,1.0,-100.0,13.513513513513514,MARGIN CALL ($0)
25,77,0.0,36,5,31,1.0,-100.0,13.88888888888889,MARGIN CALL ($0)
25,78,0.0,35,5,30,1.0,-100.0,14.285714285714285,MARGIN CALL ($0)
25,79,0.0,23,2,21,1.0,-100.0,8.695652173913043,MARGIN CALL ($0)
25,80,0.0,22,2,20,1.0,-100.0,9.090909090909092,MARGIN CALL ($0)
25,81,0.0,22,2,20,1.0,-100.0,9.090909090909092,MARGIN CALL ($0)
25,82,0.0,22,2,20,1.0,-100.0,9.090909090909092,MARGIN CALL ($0)
25,83,0.0,59,9,50,1.0,-100.0,15.254237288135593,MARGIN CALL ($0)
25,84,0.0,59,10,49,1.0,-100.0,16.94915254237288,MARGIN CALL ($0)
25,85,0.0,59,10,49,1.0,-100.0,16.94915254237288,MARGIN CALL ($0)
25,86,0.0,17,0,17,1.0,-100.0,0.0,MARGIN CALL ($0)
25,87,0.0,17,0,17,1.0,-100.0,0.0,MARGIN CALL ($0)
25,88,0.0,17,0,17,1.0,-100.0,0.0,MARGIN CALL ($0)
25,89,0.0,17,0,17,1.0,-100.0,0.0,MARGIN CALL ($0)
25,90,0.0,17,0,17,1.0,-100.0,0.0,MARGIN CALL ($0)
25,91,0.0,17,0,17,1.0,-100.0,0.0,MARGIN CALL ($0)
25,92,0.0,14,0,14,1.0,-100.0,0.0,MARGIN CALL ($0)
25,93,0.0,14,0,14,1.0,-100.0,0.0,MARGIN CALL ($0)
25,94,0.0,17,2,15,1.0,-100.0,11.76470588235294,MARGIN CALL ($0)
25,95,0.0,12,0,12,1.0,-100.0,0.0,MARGIN CALL ($0)
25,96,0.0,12,0,12,1.0,-100.0,0.0,MARGIN CALL ($0)
25,97,0.0,12,0,12,1.0,-100.0,0.0,MARGIN CALL ($0)
25,98,0.0,12,0,12,1.0,-100.0,0.0,MARGIN CALL ($0)
25,99,0.0,11,0,11,1.0,-100.0,0.0,MARGIN CALL ($0)
25,100,0.0,11,0,11,1.0,-100.0,0.0,MARGIN CALL ($0)
26,1,0.0,58,9,49,1.0,-100.0,15.517241379310345,MARGIN CALL ($0)
26,2,0.0,44,4,40,1.0,-100.0,9.090909090909092,MARGIN CALL ($0)
26,3,0.0,43,5,38,1.0,-100.0,11.627906976744185,MARGIN CALL ($0)
26,4,0.0,35,4,31,1.0,-100.0,11.428571428571429,MARGIN CALL ($0)
26,5,0.0,90,16,74,1.0,-100.0,17.77777777777778,MARGIN CALL ($0)
26,6,0.0,103,24,79,1.0,-100.0,23.300970873786408,MARGIN CALL ($0)
26,7,0.0,146,38,108,1.0,-100.0,26.027397260273972,MARGIN CALL ($0)
26,8,0.0,73,14,59,1.0,-100.0,19.17808219178082,MARGIN CALL ($0)
26,9,0.0,84,17,67,1.0,-100.0,20.238095238095237,MARGIN CALL ($0)
26,10,0.0,81,16,65,1.0,-100.0,19.753086419753085,MARGIN CALL ($0)
26,11,0.0,72,13,59,1.0,-100.0,18.055555555555554,MARGIN CALL ($0)
26,12,0.0,263,59,204,1.0,-100.0,22.433460076045627,MARGIN CALL ($0)
26,13,0.0,35,4,31,1.0,-100.0,11.428571428571429,MARGIN CALL ($0)
26,14,0.0,31,3,28,1.0,-100.0,9.67741935483871,MARGIN CALL ($0)
26,15,0.0,304,76,228,1.0,-100.0,25.0,MARGIN CALL ($0)
26,16,0.0,58,12,46,1.0,-100.0,20.689655172413794,MARGIN CALL ($0)
26,18,0.0,46,5,41,1.0,-100.0,10.869565217391305,MARGIN CALL ($0)
26,19,0.0,45,5,40,1.0,-100.0,11.11111111111111,MARGIN CALL ($0)
26,20,0.0,46,6,40,1.0,-100.0,13.043478260869565,MARGIN CALL ($0)
26,21,0.0,45,5,40,1.0,-100.0,11.11111111111111,MARGIN CALL ($0)
26,22,0.0,42,5,37,1.0,-100.0,11.904761904761903,MARGIN CALL ($0)
26,23,0.0,38,4,34,1.0,-100.0,10.526315789473683,MARGIN CALL ($0)
26,24,0.0,37,4,33,1.0,-100.0,10.81081081081081,MARGIN CALL ($0)
26,25,0.0,35,4,31,1.0,-100.0,11.428571428571429,MARGIN CALL ($0)
26,26,0.0,31,3,28,1.0,-100.0,9.67741935483871,MARGIN CALL ($0)
26,27,0.0,33,3,30,1.0,-100.0,9.090909090909092,MARGIN CALL ($0)
26,28,0.0,33,3,30,1.0,-100.0,9.090909090909092,MARGIN CALL ($0)
26,29,0.0,33,3,30,1.0,-100.0,9.090909090909092,MARGIN CALL ($0)
26,30,0.0,32,3,29,1.0,-100.0,9.375,MARGIN CALL ($0)
26,31,0.0,32,3,29,1.0,-100.0,9.375,MARGIN CALL ($0)
26,32,0.0,32,3,29,1.0,-100.0,9.375,MARGIN CALL ($0)
26,33,0.0,32,3,29,1.0,-100.0,9.375,MARGIN CALL ($0)
26,34,0.0,31,3,28,1.0,-100.0,9.67741935483871,MARGIN CALL ($0)
26,35,0.0,33,3,30,1.0,-100.0,9.090909090909092,MARGIN CALL ($0)
26,36,0.0,33,3,30,1.0,-100.0,9.090909090909092,MARGIN CALL ($0)
26,37,0.0,37,4,33,1.0,-100.0,10.81081081081081,MARGIN CALL ($0)
26,38,0.0,36,4,32,1.0,-100.0,11.11111111111111,MARGIN CALL ($0)
26,39,0.0,64,8,56,1.0,-100.0,12.5,MARGIN CALL ($0)
26,40,0.0,38,4,34,1.0,-100.0,10.526315789473683,MARGIN CALL ($0)
26,41,0.0,38,4,34,1.0,-100.0,10.526315789473683,MARGIN CALL ($0)
26,43,0.0,139,26,113,1.0,-100.0,18.705035971223023,MARGIN CALL ($0)
26,46,0.0,63,10,53,1.0,-100.0,15.873015873015872,MARGIN CALL ($0)
26,47,0.0,71,12,59,1.0,-100.0,16.901408450704224,MARGIN CALL ($0)
26,48,0.0,68,12,56,1.0,-100.0,17.647058823529413,MARGIN CALL ($0)
26,49,0.0,65,12,53,1.0,-100.0,18.461538461538463,MARGIN CALL ($0)
26,50,0.0,65,12,53,1.0,-100.0,18.461538461538463,MARGIN CALL ($0)
26,51,0.0,43,6,37,1.0,-100.0,13.953488372093023,MARGIN CALL ($0)
26,52,0.0,41,5,36,1.0,-100.0,12.195121951219512,MARGIN CALL ($0)
26,53,0.0,40,5,35,1.0,-100.0,12.5,MARGIN CALL ($0)
26,54,0.0,33,4,29,1.0,-100.0,12.121212121212121,MARGIN CALL ($0)
26,55,0.0,34,4,30,1.0,-100.0,11.76470588235294,MARGIN CALL ($0)
26,56,0.0,34,4,30,1.0,-100.0,11.76470588235294,MARGIN CALL ($0)
26,57,0.0,34,4,30,1.0,-100.0,11.76470588235294,MARGIN CALL ($0)
26,58,0.0,37,5,32,1.0,-100.0,13.513513513513514,MARGIN CALL ($0)
26,59,0.0,36,5,31,1.0,-100.0,13.88888888888889,MARGIN CALL ($0)
26,60,0.0,45,7,38,1.0,-100.0,15.555555555555555,MARGIN CALL ($0)
26,61,0.0,45,7,38,1.0,-100.0,15.555555555555555,MARGIN CALL ($0)
26,62,0.0,45,7,38,1.0,-100.0,15.555555555555555,MARGIN CALL ($0)
26,63,0.0,45,7,38,1.0,-100.0,15.555555555555555,MARGIN CALL ($0)
26,64,0.0,44,7,37,1.0,-100.0,15.909090909090908,MARGIN CALL ($0)
26,65,0.0,43,7,36,1.0,-100.0,16.27906976744186,MARGIN CALL ($0)
26,66,0.0,43,7,36,1.0,-100.0,16.27906976744186,MARGIN CALL ($0)
26,68,0.0,176,40,136,1.0,-100.0,22.727272727272727,MARGIN CALL ($0)
26,69,0.0,45,7,38,1.0,-100.0,15.555555555555555,MARGIN CALL ($0)
26,70,0.0,46,7,39,1.0,-100.0,15.217391304347828,MARGIN CALL ($0)
26,71,0.0,46,7,39,1.0,-100.0,15.217391304347828,MARGIN CALL ($0)
26,72,0.0,46,7,39,1.0,-100.0,15.217391304347828,MARGIN CALL ($0)
26,73,0.0,47,7,40,1.0,-100.0,14.893617021276595,MARGIN CALL ($0)
26,74,0.0,44,7,37,1.0,-100.0,15.909090909090908,MARGIN CALL ($0)
26,75,0.0,44,7,37,1.0,-100.0,15.909090909090908,MARGIN CALL ($0)
26,76,0.0,42,7,35,1.0,-100.0,16.666666666666664,MARGIN CALL ($0)
26,77,0.0,44,7,37,1.0,-100.0,15.909090909090908,MARGIN CALL ($0)
26,78,0.0,42,7,35,1.0,-100.0,16.666666666666664,MARGIN CALL ($0)
26,79,0.0,44,7,37,1.0,-100.0,15.909090909090908,MARGIN CALL ($0)
26,80,0.0,55,11,44,1.0,-100.0,20.0,MARGIN CALL ($0)
26,81,0.0,55,11,44,1.0,-100.0,20.0,MARGIN CALL ($0)
26,82,0.0,54,11,43,1.0,-100.0,20.37037037037037,MARGIN CALL ($0)
26,83,0.0,85,20,65,1.0,-100.0,23.52941176470588,MARGIN CALL ($0)
26,84,0.0,90,22,68,1.0,-100.0,24.444444444444443,MARGIN CALL ($0)
26,85,0.0,91,22,69,1.0,-100.0,24.175824175824175,MARGIN CALL ($0)
26,86,0.0,16,0,16,1.0,-100.0,0.0,MARGIN CALL ($0)
26,87,0.0,16,0,16,1.0,-100.0,0.0,MARGIN CALL ($0)
26,88,0.0,16,0,16,1.0,-100.0,0.0,MARGIN CALL ($0)
26,89,0.0,16,0,16,1.0,-100.0,0.0,MARGIN CALL ($0)
26,90,0.0,16,0,16,1.0,-100.0,0.0,MARGIN CALL ($0)
26,91,0.0,16,0,16,1.0,-100.0,0.0,MARGIN CALL ($0)
26,92,0.0,14,0,14,1.0,-100.0,0.0,MARGIN CALL ($0)
26,93,0.0,14,0,14,1.0,-100.0,0.0,MARGIN CALL ($0)
26,94,0.0,50,8,42,1.0,-100.0,16.0,MARGIN CALL ($0)
26,95,0.0,12,0,12,1.0,-100.0,0.0,MARGIN CALL ($0)
26,96,0.0,12,0,12,1.0,-100.0,0.0,MARGIN CALL ($0)
26,97,0.0,12,0,12,1.0,-100.0,0.0,MARGIN CALL ($0)
26,98,0.0,12,0,12,1.0,-100.0,0.0,MARGIN CALL ($0)
26,99,0.0,11,0,11,1.0,-100.0,0.0,MARGIN CALL ($0)
26,100,0.0,11,0,11,1.0,-100.0,0.0,MARGIN CALL ($0)
27,1,0.0,92,15,77,1.0,-100.0,16.304347826086957,MARGIN CALL ($0)
27,2,0.0,44,4,40,1.0,-100.0,9.090909090909092,MARGIN CALL ($0)
27,3,0.0,43,5,38,1.0,-100.0,11.627906976744185,MARGIN CALL ($0)
27,4,0.0,35,4,31,1.0,-100.0,11.428571428571429,MARGIN CALL ($0)
27,5,0.0,89,16,73,1.0,-100.0,17.97752808988764,MARGIN CALL ($0)
27,6,0.0,103,24,79,1.0,-100.0,23.300970873786408,MARGIN CALL ($0)
27,7,0.0,145,38,107,1.0,-100.0,26.20689655172414,MARGIN CALL ($0)
27,8,0.0,74,14,60,1.0,-100.0,18.91891891891892,MARGIN CALL ($0)
27,9,0.0,84,17,67,1.0,-100.0,20.238095238095237,MARGIN CALL ($0)
27,10,0.0,81,16,65,1.0,-100.0,19.753086419753085,MARGIN CALL ($0)
27,11,0.0,72,13,59,1.0,-100.0,18.055555555555554,MARGIN CALL ($0)
27,12,0.0,263,61,202,1.0,-100.0,23.193916349809886,MARGIN CALL ($0)
27,13,0.0,36,5,31,1.0,-100.0,13.88888888888889,MARGIN CALL ($0)
27,14,0.0,30,3,27,1.0,-100.0,10.0,MARGIN CALL ($0)
27,15,0.0,308,78,230,1.0,-100.0,25.324675324675322,MARGIN CALL ($0)
27,16,0.0,61,13,48,1.0,-100.0,21.311475409836063,MARGIN CALL ($0)
27,18,0.0,54,7,47,1.0,-100.0,12.962962962962962,MARGIN CALL ($0)
27,19,0.0,53,8,45,1.0,-100.0,15.09433962264151,MARGIN CALL ($0)
27,20,0.0,47,6,41,1.0,-100.0,12.76595744680851,MARGIN CALL ($0)
27,21,0.0,46,5,41,1.0,-100.0,10.869565217391305,MARGIN CALL ($0)
27,22,0.0,42,5,37,1.0,-100.0,11.904761904761903,MARGIN CALL ($0)
27,23,0.0,38,4,34,1.0,-100.0,10.526315789473683,MARGIN CALL ($0)
27,24,0.0,37,4,33,1.0,-100.0,10.81081081081081,MARGIN CALL ($0)
27,25,0.0,35,4,31,1.0,-100.0,11.428571428571429,MARGIN CALL ($0)
27,26,0.0,33,3,30,1.0,-100.0,9.090909090909092,MARGIN CALL ($0)
27,27,0.0,31,3,28,1.0,-100.0,9.67741935483871,MARGIN CALL ($0)
27,28,0.0,33,3,30,1.0,-100.0,9.090909090909092,MARGIN CALL ($0)
27,29,0.0,32,3,29,1.0,-100.0,9.375,MARGIN CALL ($0)
27,30,0.0,33,3,30,1.0,-100.0,9.090909090909092,MARGIN CALL ($0)
27,31,0.0,32,3,29,1.0,-100.0,9.375,MARGIN CALL ($0)
27,32,0.0,31,3,28,1.0,-100.0,9.67741935483871,MARGIN CALL ($0)
27,33,0.0,30,3,27,1.0,-100.0,10.0,MARGIN CALL ($0)
27,34,0.0,29,3,26,1.0,-100.0,10.344827586206897,MARGIN CALL ($0)
27,35,0.0,31,3,28,1.0,-100.0,9.67741935483871,MARGIN CALL ($0)
27,36,0.0,33,3,30,1.0,-100.0,9.090909090909092,MARGIN CALL ($0)
27,37,0.0,37,4,33,1.0,-100.0,10.81081081081081,MARGIN CALL ($0)
27,38,0.0,37,4,33,1.0,-100.0,10.81081081081081,MARGIN CALL ($0)
27,39,0.0,62,7,55,1.0,-100.0,11.29032258064516,MARGIN CALL ($0)
27,40,0.0,38,4,34,1.0,-100.0,10.526315789473683,MARGIN CALL ($0)
27,41,0.0,37,4,33,1.0,-100.0,10.81081081081081,MARGIN CALL ($0)
27,46,0.0,52,7,45,1.0,-100.0,13.461538461538462,MARGIN CALL ($0)
27,47,0.0,69,11,58,1.0,-100.0,15.942028985507244,MARGIN CALL ($0)
27,48,0.0,66,11,55,1.0,-100.0,16.666666666666664,MARGIN CALL ($0)
27,49,0.0,63,11,52,1.0,-100.0,17.46031746031746,MARGIN CALL ($0)
27,50,0.0,67,11,56,1.0,-100.0,16.417910447761194,MARGIN CALL ($0)
27,51,0.0,44,6,38,1.0,-100.0,13.636363636363635,MARGIN CALL ($0)
27,52,0.0,41,5,36,1.0,-100.0,12.195121951219512,MARGIN CALL ($0)
27,53,0.0,40,5,35,1.0,-100.0,12.5,MARGIN CALL ($0)
27,54,0.0,31,4,27,1.0,-100.0,12.903225806451612,MARGIN CALL ($0)
27,55,0.0,33,4,29,1.0,-100.0,12.121212121212121,MARGIN CALL ($0)
27,56,0.0,33,4,29,1.0,-100.0,12.121212121212121,MARGIN CALL ($0)
27,57,0.0,33,4,29,1.0,-100.0,12.121212121212121,MARGIN CALL ($0)
27,58,0.0,35,5,30,1.0,-100.0,14.285714285714285,MARGIN CALL ($0)
27,59,0.0,35,5,30,1.0,-100.0,14.285714285714285,MARGIN CALL ($0)
27,60,0.0,44,7,37,1.0,-100.0,15.909090909090908,MARGIN CALL ($0)
27,61,0.0,44,7,37,1.0,-100.0,15.909090909090908,MARGIN CALL ($0)
27,62,0.0,44,7,37,1.0,-100.0,15.909090909090908,MARGIN CALL ($0)
27,63,0.0,44,7,37,1.0,-100.0,15.909090909090908,MARGIN CALL ($0)
27,64,0.0,45,7,38,1.0,-100.0,15.555555555555555,MARGIN CALL ($0)
27,65,0.0,43,7,36,1.0,-100.0,16.27906976744186,MARGIN CALL ($0)
27,66,0.0,42,7,35,1.0,-100.0,16.666666666666664,MARGIN CALL ($0)
27,69,0.0,44,7,37,1.0,-100.0,15.909090909090908,MARGIN CALL ($0)
27,70,0.0,46,7,39,1.0,-100.0,15.217391304347828,MARGIN CALL ($0)
27,71,0.0,45,7,38,1.0,-100.0,15.555555555555555,MARGIN CALL ($0)
27,72,0.0,46,7,39,1.0,-100.0,15.217391304347828,MARGIN CALL ($0)
27,73,0.0,46,7,39,1.0,-100.0,15.217391304347828,MARGIN CALL ($0)
27,74,0.0,44,7,37,1.0,-100.0,15.909090909090908,MARGIN CALL ($0)
27,75,0.0,42,7,35,1.0,-100.0,16.666666666666664,MARGIN CALL ($0)
27,76,0.0,42,7,35,1.0,-100.0,16.666666666666664,MARGIN CALL ($0)
27,77,0.0,42,7,35,1.0,-100.0,16.666666666666664,MARGIN CALL ($0)
27,78,0.0,40,7,33,1.0,-100.0,17.5,MARGIN CALL ($0)
27,79,0.0,42,7,35,1.0,-100.0,16.666666666666664,MARGIN CALL ($0)
27,80,0.0,52,8,44,1.0,-100.0,15.384615384615385,MARGIN CALL ($0)
27,81,0.0,52,8,44,1.0,-100.0,15.384615384615385,MARGIN CALL ($0)
27,82,0.0,51,8,43,1.0,-100.0,15.686274509803921,MARGIN CALL ($0)
27,83,0.0,55,8,47,1.0,-100.0,14.545454545454545,MARGIN CALL ($0)
27,84,0.0,55,9,46,1.0,-100.0,16.363636363636363,MARGIN CALL ($0)
27,85,0.0,55,9,46,1.0,-100.0,16.363636363636363,MARGIN CALL ($0)
27,86,0.0,54,8,46,1.0,-100.0,14.814814814814813,MARGIN CALL ($0)
27,87,0.0,53,8,45,1.0,-100.0,15.09433962264151,MARGIN CALL ($0)
27,88,0.0,52,8,44,1.0,-100.0,15.384615384615385,MARGIN CALL ($0)
27,89,0.0,51,8,43,1.0,-100.0,15.686274509803921,MARGIN CALL ($0)
27,90,0.0,51,8,43,1.0,-100.0,15.686274509803921,MARGIN CALL ($0)
27,91,0.0,14,0,14,1.0,-100.0,0.0,MARGIN CALL ($0)
27,92,0.0,49,8,41,1.0,-100.0,16.3265306122449,MARGIN CALL ($0)
27,93,0.0,50,8,42,1.0,-100.0,16.0,MARGIN CALL ($0)
27,94,0.0,48,8,40,1.0,-100.0,16.666666666666664,MARGIN CALL ($0)
27,95,0.0,48,8,40,1.0,-100.0,16.666666666666664,MARGIN CALL ($0)
27,96,0.0,50,8,42,1.0,-100.0,16.0,MARGIN CALL ($0)
27,97,0.0,51,8,43,1.0,-100.0,15.686274509803921,MARGIN CALL ($0)
27,98,0.0,50,8,42,1.0,-100.0,16.0,MARGIN CALL ($0)
27,99,0.0,158,33,125,1.0,-100.0,20.88607594936709,MARGIN CALL ($0)
27,100,0.0,682,125,557,1.0,-100.0,18.328445747800586,MARGIN CALL ($0)
28,1,0.0,101,18,83,1.0,-100.0,17.82178217821782,MARGIN CALL ($0)
28,2,0.0,44,4,40,1.0,-100.0,9.090909090909092,MARGIN CALL ($0)
28,3,0.0,43,5,38,1.0,-100.0,11.627906976744185,MARGIN CALL ($0)
28,4,0.0,35,4,31,1.0,-100.0,11.428571428571429,MARGIN CALL ($0)
28,5,0.0,89,16,73,1.0,-100.0,17.97752808988764,MARGIN CALL ($0)
28,6,0.0,103,24,79,1.0,-100.0,23.300970873786408,MARGIN CALL ($0)
28,7,0.0,144,38,106,1.0,-100.0,26.38888888888889,MARGIN CALL ($0)
28,8,0.0,73,14,59,1.0,-100.0,19.17808219178082,MARGIN CALL ($0)
28,9,0.0,83,17,66,1.0,-100.0,20.481927710843372,MARGIN CALL ($0)
28,10,0.0,80,16,64,1.0,-100.0,20.0,MARGIN CALL ($0)
28,11,0.0,72,13,59,1.0,-100.0,18.055555555555554,MARGIN CALL ($0)
28,12,0.0,271,61,210,1.0,-100.0,22.509225092250922,MARGIN CALL ($0)
28,13,0.0,36,5,31,1.0,-100.0,13.88888888888889,MARGIN CALL ($0)
28,14,0.0,30,3,27,1.0,-100.0,10.0,MARGIN CALL ($0)
28,15,0.0,298,77,221,1.0,-100.0,25.838926174496645,MARGIN CALL ($0)
28,16,0.0,62,13,49,1.0,-100.0,20.967741935483872,MARGIN CALL ($0)
28,18,0.0,54,7,47,1.0,-100.0,12.962962962962962,MARGIN CALL ($0)
28,19,0.0,53,8,45,1.0,-100.0,15.09433962264151,MARGIN CALL ($0)
28,20,0.0,45,6,39,1.0,-100.0,13.333333333333334,MARGIN CALL ($0)
28,21,0.0,48,5,43,1.0,-100.0,10.416666666666668,MARGIN CALL ($0)
28,22,0.0,42,5,37,1.0,-100.0,11.904761904761903,MARGIN CALL ($0)
28,23,0.0,38,4,34,1.0,-100.0,10.526315789473683,MARGIN CALL ($0)
28,24,0.0,37,4,33,1.0,-100.0,10.81081081081081,MARGIN CALL ($0)
28,25,0.0,36,4,32,1.0,-100.0,11.11111111111111,MARGIN CALL ($0)
28,26,0.0,32,3,29,1.0,-100.0,9.375,MARGIN CALL ($0)
28,27,0.0,33,3,30,1.0,-100.0,9.090909090909092,MARGIN CALL ($0)
28,28,0.0,34,3,31,1.0,-100.0,8.823529411764707,MARGIN CALL ($0)
28,29,0.0,33,3,30,1.0,-100.0,9.090909090909092,MARGIN CALL ($0)
28,30,0.0,35,3,32,1.0,-100.0,8.571428571428571,MARGIN CALL ($0)
28,31,0.0,35,3,32,1.0,-100.0,8.571428571428571,MARGIN CALL ($0)
28,32,0.0,33,3,30,1.0,-100.0,9.090909090909092,MARGIN CALL ($0)
28,33,0.0,31,3,28,1.0,-100.0,9.67741935483871,MARGIN CALL ($0)
28,34,0.0,30,3,27,1.0,-100.0,10.0,MARGIN CALL ($0)
28,35,0.0,31,3,28,1.0,-100.0,9.67741935483871,MARGIN CALL ($0)
28,36,0.0,33,3,30,1.0,-100.0,9.090909090909092,MARGIN CALL ($0)
28,37,0.0,37,4,33,1.0,-100.0,10.81081081081081,MARGIN CALL ($0)
28,38,0.0,37,4,33,1.0,-100.0,10.81081081081081,MARGIN CALL ($0)
28,39,0.0,63,7,56,1.0,-100.0,11.11111111111111,MARGIN CALL ($0)
28,40,0.0,39,4,35,1.0,-100.0,10.256410256410255,MARGIN CALL ($0)
28,41,0.0,37,4,33,1.0,-100.0,10.81081081081081,MARGIN CALL ($0)
28,46,0.0,52,7,45,1.0,-100.0,13.461538461538462,MARGIN CALL ($0)
28,47,0.0,70,12,58,1.0,-100.0,17.142857142857142,MARGIN CALL ($0)
28,48,0.0,69,12,57,1.0,-100.0,17.391304347826086,MARGIN CALL ($0)
28,49,0.0,66,11,55,1.0,-100.0,16.666666666666664,MARGIN CALL ($0)
28,50,0.0,68,11,57,1.0,-100.0,16.176470588235293,MARGIN CALL ($0)
28,51,0.0,42,5,37,1.0,-100.0,11.904761904761903,MARGIN CALL ($0)
28,52,0.0,41,5,36,1.0,-100.0,12.195121951219512,MARGIN CALL ($0)
28,53,0.0,40,5,35,1.0,-100.0,12.5,MARGIN CALL ($0)
28,54,0.0,36,6,30,1.0,-100.0,16.666666666666664,MARGIN CALL ($0)
28,55,0.0,36,6,30,1.0,-100.0,16.666666666666664,MARGIN CALL ($0)
28,56,0.0,36,6,30,1.0,-100.0,16.666666666666664,MARGIN CALL ($0)
28,57,0.0,35,4,31,1.0,-100.0,11.428571428571429,MARGIN CALL ($0)
28,58,0.0,39,6,33,1.0,-100.0,15.384615384615385,MARGIN CALL ($0)
28,59,0.0,39,6,33,1.0,-100.0,15.384615384615385,MARGIN CALL ($0)
28,60,0.0,50,8,42,1.0,-100.0,16.0,MARGIN CALL ($0)
28,61,0.0,49,7,42,1.0,-100.0,14.285714285714285,MARGIN CALL ($0)
28,62,0.0,49,7,42,1.0,-100.0,14.285714285714285,MARGIN CALL ($0)
28,63,0.0,48,7,41,1.0,-100.0,14.583333333333334,MARGIN CALL ($0)
28,64,0.0,49,7,42,1.0,-100.0,14.285714285714285,MARGIN CALL ($0)
28,65,0.0,47,7,40,1.0,-100.0,14.893617021276595,MARGIN CALL ($0)
28,66,0.0,47,7,40,1.0,-100.0,14.893617021276595,MARGIN CALL ($0)
28,69,0.0,49,7,42,1.0,-100.0,14.285714285714285,MARGIN CALL ($0)
28,70,0.0,51,7,44,1.0,-100.0,13.725490196078432,MARGIN CALL ($0)
28,71,0.0,50,7,43,1.0,-100.0,14.000000000000002,MARGIN CALL ($0)
28,72,0.0,50,7,43,1.0,-100.0,14.000000000000002,MARGIN CALL ($0)
28,73,0.0,51,7,44,1.0,-100.0,13.725490196078432,MARGIN CALL ($0)
28,74,0.0,48,7,41,1.0,-100.0,14.583333333333334,MARGIN CALL ($0)
28,75,0.0,46,7,39,1.0,-100.0,15.217391304347828,MARGIN CALL ($0)
28,76,0.0,45,7,38,1.0,-100.0,15.555555555555555,MARGIN CALL ($0)
28,77,0.0,46,7,39,1.0,-100.0,15.217391304347828,MARGIN CALL ($0)
28,78,0.0,44,7,37,1.0,-100.0,15.909090909090908,MARGIN CALL ($0)
28,79,0.0,47,7,40,1.0,-100.0,14.893617021276595,MARGIN CALL ($0)
28,80,0.0,58,8,50,1.0,-100.0,13.793103448275861,MARGIN CALL ($0)
28,81,0.0,58,8,50,1.0,-100.0,13.793103448275861,MARGIN CALL ($0)
28,82,0.0,57,8,49,1.0,-100.0,14.035087719298245,MARGIN CALL ($0)
28,83,0.0,61,8,53,1.0,-100.0,13.114754098360656,MARGIN CALL ($0)
28,84,0.0,61,9,52,1.0,-100.0,14.754098360655737,MARGIN CALL ($0)
28,85,0.0,61,9,52,1.0,-100.0,14.754098360655737,MARGIN CALL ($0)
28,86,0.0,18,0,18,1.0,-100.0,0.0,MARGIN CALL ($0)
28,87,0.0,18,0,18,1.0,-100.0,0.0,MARGIN CALL ($0)
28,88,0.0,18,0,18,1.0,-100.0,0.0,MARGIN CALL ($0)
28,89,0.0,18,0,18,1.0,-100.0,0.0,MARGIN CALL ($0)
28,90,0.0,57,8,49,1.0,-100.0,14.035087719298245,MARGIN CALL ($0)
28,91,0.0,18,0,18,1.0,-100.0,0.0,MARGIN CALL ($0)
28,92,0.0,55,8,47,1.0,-100.0,14.545454545454545,MARGIN CALL ($0)
28,93,0.0,56,8,48,1.0,-100.0,14.285714285714285,MARGIN CALL ($0)
28,94,0.0,54,8,46,1.0,-100.0,14.814814814814813,MARGIN CALL ($0)
28,95,0.0,154,29,125,1.0,-100.0,18.83116883116883,MARGIN CALL ($0)
28,97,0.0,56,8,48,1.0,-100.0,14.285714285714285,MARGIN CALL ($0)
28,98,0.0,662,125,537,1.0,-100.0,18.882175226586103,MARGIN CALL ($0)
28,99,0.0,665,127,538,1.0,-100.0,19.097744360902254,MARGIN CALL ($0)
28,100,0.0,662,129,533,1.0,-100.0,19.486404833836858,MARGIN CALL ($0)
29,1,0.0,101,18,83,1.0,-100.0,17.82178217821782,MARGIN CALL ($0)
29,2,0.0,44,4,40,1.0,-100.0,9.090909090909092,MARGIN CALL ($0)
29,3,0.0,43,5,38,1.0,-100.0,11.627906976744185,MARGIN CALL ($0)
29,4,0.0,35,4,31,1.0,-100.0,11.428571428571429,MARGIN CALL ($0)
29,5,0.0,90,16,74,1.0,-100.0,17.77777777777778,MARGIN CALL ($0)
29,6,0.0,110,27,83,1.0,-100.0,24.545454545454547,MARGIN CALL ($0)
29,7,0.0,243,64,179,1.0,-100.0,26.337448559670783,MARGIN CALL ($0)
29,8,0.0,73,14,59,1.0,-100.0,19.17808219178082,MARGIN CALL ($0)
29,9,0.0,83,17,66,1.0,-100.0,20.481927710843372,MARGIN CALL ($0)
29,10,0.0,80,16,64,1.0,-100.0,20.0,MARGIN CALL ($0)
29,11,0.0,72,13,59,1.0,-100.0,18.055555555555554,MARGIN CALL ($0)
29,12,0.0,78,17,61,1.0,-100.0,21.794871794871796,MARGIN CALL ($0)
29,13,0.0,36,5,31,1.0,-100.0,13.88888888888889,MARGIN CALL ($0)
29,14,0.0,30,3,27,1.0,-100.0,10.0,MARGIN CALL ($0)
29,15,0.0,309,77,232,1.0,-100.0,24.919093851132686,MARGIN CALL ($0)
29,16,0.0,62,13,49,1.0,-100.0,20.967741935483872,MARGIN CALL ($0)
29,18,0.0,54,7,47,1.0,-100.0,12.962962962962962,MARGIN CALL ($0)
29,19,0.0,53,8,45,1.0,-100.0,15.09433962264151,MARGIN CALL ($0)
29,20,0.0,45,6,39,1.0,-100.0,13.333333333333334,MARGIN CALL ($0)
29,21,0.0,48,5,43,1.0,-100.0,10.416666666666668,MARGIN CALL ($0)
29,22,0.0,42,5,37,1.0,-100.0,11.904761904761903,MARGIN CALL ($0)
29,23,0.0,38,4,34,1.0,-100.0,10.526315789473683,MARGIN CALL ($0)
29,24,0.0,37,4,33,1.0,-100.0,10.81081081081081,MARGIN CALL ($0)
29,25,0.0,36,4,32,1.0,-100.0,11.11111111111111,MARGIN CALL ($0)
29,26,0.0,32,3,29,1.0,-100.0,9.375,MARGIN CALL ($0)
29,27,0.0,33,3,30,1.0,-100.0,9.090909090909092,MARGIN CALL ($0)
29,28,0.0,33,3,30,1.0,-100.0,9.090909090909092,MARGIN CALL ($0)
29,29,0.0,33,3,30,1.0,-100.0,9.090909090909092,MARGIN CALL ($0)
29,30,0.0,35,3,32,1.0,-100.0,8.571428571428571,MARGIN CALL ($0)
29,31,0.0,35,3,32,1.0,-100.0,8.571428571428571,MARGIN CALL ($0)
29,32,0.0,33,3,30,1.0,-100.0,9.090909090909092,MARGIN CALL ($0)
29,33,0.0,31,3,28,1.0,-100.0,9.67741935483871,MARGIN CALL ($0)
29,34,0.0,30,3,27,1.0,-100.0,10.0,MARGIN CALL ($0)
29,35,0.0,31,3,28,1.0,-100.0,9.67741935483871,MARGIN CALL ($0)
29,36,0.0,32,3,29,1.0,-100.0,9.375,MARGIN CALL ($0)
29,37,0.0,36,4,32,1.0,-100.0,11.11111111111111,MARGIN CALL ($0)
29,38,0.0,36,4,32,1.0,-100.0,11.11111111111111,MARGIN CALL ($0)
29,39,0.0,62,7,55,1.0,-100.0,11.29032258064516,MARGIN CALL ($0)
29,40,0.0,38,4,34,1.0,-100.0,10.526315789473683,MARGIN CALL ($0)
29,41,0.0,37,4,33,1.0,-100.0,10.81081081081081,MARGIN CALL ($0)
29,46,0.0,60,10,50,1.0,-100.0,16.666666666666664,MARGIN CALL ($0)
29,47,0.0,71,13,58,1.0,-100.0,18.30985915492958,MARGIN CALL ($0)
29,50,0.0,132,25,107,1.0,-100.0,18.939393939393938,MARGIN CALL ($0)
29,51,0.0,44,7,37,1.0,-100.0,15.909090909090908,MARGIN CALL ($0)
29,52,0.0,41,5,36,1.0,-100.0,12.195121951219512,MARGIN CALL ($0)
29,53,0.0,39,5,34,1.0,-100.0,12.82051282051282,MARGIN CALL ($0)
29,54,0.0,35,6,29,1.0,-100.0,17.142857142857142,MARGIN CALL ($0)
29,55,0.0,36,6,30,1.0,-100.0,16.666666666666664,MARGIN CALL ($0)
29,56,0.0,36,6,30,1.0,-100.0,16.666666666666664,MARGIN CALL ($0)
29,57,0.0,34,4,30,1.0,-100.0,11.76470588235294,MARGIN CALL ($0)
29,58,0.0,39,6,33,1.0,-100.0,15.384615384615385,MARGIN CALL ($0)
29,59,0.0,38,6,32,1.0,-100.0,15.789473684210526,MARGIN CALL ($0)
29,60,0.0,47,8,39,1.0,-100.0,17.02127659574468,MARGIN CALL ($0)
29,61,0.0,44,7,37,1.0,-100.0,15.909090909090908,MARGIN CALL ($0)
29,62,0.0,44,7,37,1.0,-100.0,15.909090909090908,MARGIN CALL ($0)
29,63,0.0,45,7,38,1.0,-100.0,15.555555555555555,MARGIN CALL ($0)
29,64,0.0,46,7,39,1.0,-100.0,15.217391304347828,MARGIN CALL ($0)
29,65,0.0,45,7,38,1.0,-100.0,15.555555555555555,MARGIN CALL ($0)
29,66,0.0,44,7,37,1.0,-100.0,15.909090909090908,MARGIN CALL ($0)
29,67,0.0,44,7,37,1.0,-100.0,15.909090909090908,MARGIN CALL ($0)
29,68,0.0,44,7,37,1.0,-100.0,15.909090909090908,MARGIN CALL ($0)
29,69,0.0,20,0,20,1.0,-100.0,0.0,MARGIN CALL ($0)
29,70,0.0,20,0,20,1.0,-100.0,0.0,MARGIN CALL ($0)
29,71,0.0,19,0,19,1.0,-100.0,0.0,MARGIN CALL ($0)
29,72,0.0,19,0,19,1.0,-100.0,0.0,MARGIN CALL ($0)
29,73,0.0,19,0,19,1.0,-100.0,0.0,MARGIN CALL ($0)
29,74,0.0,18,0,18,1.0,-100.0,0.0,MARGIN CALL ($0)
29,75,0.0,18,0,18,1.0,-100.0,0.0,MARGIN CALL ($0)
29,76,0.0,18,0,18,1.0,-100.0,0.0,MARGIN CALL ($0)
29,77,0.0,18,0,18,1.0,-100.0,0.0,MARGIN CALL ($0)
29,78,0.0,18,0,18,1.0,-100.0,0.0,MARGIN CALL ($0)
29,79,0.0,18,0,18,1.0,-100.0,0.0,MARGIN CALL ($0)
29,80,0.0,18,0,18,1.0,-100.0,0.0,MARGIN CALL ($0)
29,81,0.0,18,0,18,1.0,-100.0,0.0,MARGIN CALL ($0)
29,82,0.0,18,0,18,1.0,-100.0,0.0,MARGIN CALL ($0)
29,83,0.0,99,19,80,1.0,-100.0,19.19191919191919,MARGIN CALL ($0)
29,84,0.0,99,19,80,1.0,-100.0,19.19191919191919,MARGIN CALL ($0)
29,85,0.0,113,20,93,1.0,-100.0,17.699115044247787,MARGIN CALL ($0)
29,86,0.0,18,0,18,1.0,-100.0,0.0,MARGIN CALL ($0)
29,87,0.0,18,0,18,1.0,-100.0,0.0,MARGIN CALL ($0)
29,88,0.0,18,0,18,1.0,-100.0,0.0,MARGIN CALL ($0)
29,89,0.0,18,0,18,1.0,-100.0,0.0,MARGIN CALL ($0)
29,90,0.0,18,0,18,1.0,-100.0,0.0,MARGIN CALL ($0)
29,91,0.0,18,0,18,1.0,-100.0,0.0,MARGIN CALL ($0)
29,92,0.0,17,0,17,1.0,-100.0,0.0,MARGIN CALL ($0)
29,93,0.0,17,0,17,1.0,-100.0,0.0,MARGIN CALL ($0)
29,94,0.0,15,0,15,1.0,-100.0,0.0,MARGIN CALL ($0)
29,95,0.0,15,0,15,1.0,-100.0,0.0,MARGIN CALL ($0)
29,96,0.0,15,0,15,1.0,-100.0,0.0,MARGIN CALL ($0)
29,97,0.0,15,0,15,1.0,-100.0,0.0,MARGIN CALL ($0)
29,98,0.0,15,0,15,1.0,-100.0,0.0,MARGIN CALL ($0)
29,99,0.0,14,0,14,1.0,-100.0,0.0,MARGIN CALL ($0)
29,100,0.0,14,0,14,1.0,-100.0,0.0,MARGIN CALL ($0)
30,1,0.0,102,18,84,1.0,-100.0,17.647058823529413,MARGIN CALL ($0)
30,2,0.0,44,4,40,1.0,-100.0,9.090909090909092,MARGIN CALL ($0)
30,3,0.0,43,5,38,1.0,-100.0,11.627906976744185,MARGIN CALL ($0)
30,4,0.0,35,4,31,1.0,-100.0,11.428571428571429,MARGIN CALL ($0)
30,5,0.0,90,16,74,1.0,-100.0,17.77777777777778,MARGIN CALL ($0)
30,6,0.0,111,27,84,1.0,-100.0,24.324324324324326,MARGIN CALL ($0)
30,7,0.0,143,38,105,1.0,-100.0,26.573426573426573,MARGIN CALL ($0)
30,8,0.0,73,14,59,1.0,-100.0,19.17808219178082,MARGIN CALL ($0)
30,9,0.0,82,17,65,1.0,-100.0,20.73170731707317,MARGIN CALL ($0)
30,10,0.0,116,25,91,1.0,-100.0,21.551724137931032,MARGIN CALL ($0)
30,11,0.0,71,13,58,1.0,-100.0,18.30985915492958,MARGIN CALL ($0)
30,12,0.0,77,17,60,1.0,-100.0,22.07792207792208,MARGIN CALL ($0)
30,13,0.0,35,5,30,1.0,-100.0,14.285714285714285,MARGIN CALL ($0)
30,14,0.0,30,3,27,1.0,-100.0,10.0,MARGIN CALL ($0)
30,15,0.0,312,77,235,1.0,-100.0,24.679487179487182,MARGIN CALL ($0)
30,16,0.0,65,14,51,1.0,-100.0,21.53846153846154,MARGIN CALL ($0)
30,18,0.0,54,7,47,1.0,-100.0,12.962962962962962,MARGIN CALL ($0)
30,19,0.0,56,9,47,1.0,-100.0,16.071428571428573,MARGIN CALL ($0)
30,20,0.0,46,6,40,1.0,-100.0,13.043478260869565,MARGIN CALL ($0)
30,21,0.0,47,5,42,1.0,-100.0,10.638297872340425,MARGIN CALL ($0)
30,22,0.0,42,5,37,1.0,-100.0,11.904761904761903,MARGIN CALL ($0)
30,23,0.0,38,4,34,1.0,-100.0,10.526315789473683,MARGIN CALL ($0)
30,24,0.0,37,4,33,1.0,-100.0,10.81081081081081,MARGIN CALL ($0)
30,25,0.0,36,4,32,1.0,-100.0,11.11111111111111,MARGIN CALL ($0)
30,26,0.0,32,3,29,1.0,-100.0,9.375,MARGIN CALL ($0)
30,27,0.0,33,3,30,1.0,-100.0,9.090909090909092,MARGIN CALL ($0)
30,28,0.0,34,3,31,1.0,-100.0,8.823529411764707,MARGIN CALL ($0)
30,29,0.0,34,3,31,1.0,-100.0,8.823529411764707,MARGIN CALL ($0)
30,30,0.0,33,3,30,1.0,-100.0,9.090909090909092,MARGIN CALL ($0)
30,31,0.0,33,3,30,1.0,-100.0,9.090909090909092,MARGIN CALL ($0)
30,32,0.0,33,3,30,1.0,-100.0,9.090909090909092,MARGIN CALL ($0)
30,33,0.0,33,3,30,1.0,-100.0,9.090909090909092,MARGIN CALL ($0)
30,34,0.0,32,3,29,1.0,-100.0,9.375,MARGIN CALL ($0)
30,35,0.0,30,3,27,1.0,-100.0,10.0,MARGIN CALL ($0)
30,36,0.0,32,3,29,1.0,-100.0,9.375,MARGIN CALL ($0)
30,37,0.0,38,4,34,1.0,-100.0,10.526315789473683,MARGIN CALL ($0)
30,38,0.0,38,4,34,1.0,-100.0,10.526315789473683,MARGIN CALL ($0)
30,39,0.0,509,87,422,1.0,-100.0,17.092337917485263,MARGIN CALL ($0)
30,40,0.0,37,4,33,1.0,-100.0,10.81081081081081,MARGIN CALL ($0)
30,41,0.0,36,4,32,1.0,-100.0,11.11111111111111,MARGIN CALL ($0)
30,51,0.0,57,10,47,1.0,-100.0,17.543859649122805,MARGIN CALL ($0)
30,52,0.0,41,5,36,1.0,-100.0,12.195121951219512,MARGIN CALL ($0)
30,53,0.0,39,5,34,1.0,-100.0,12.82051282051282,MARGIN CALL ($0)
30,54,0.0,34,6,28,1.0,-100.0,17.647058823529413,MARGIN CALL ($0)
30,55,0.0,37,6,31,1.0,-100.0,16.216216216216218,MARGIN CALL ($0)
30,56,0.0,35,6,29,1.0,-100.0,17.142857142857142,MARGIN CALL ($0)
30,57,0.0,34,4,30,1.0,-100.0,11.76470588235294,MARGIN CALL ($0)
30,58,0.0,38,6,32,1.0,-100.0,15.789473684210526,MARGIN CALL ($0)
30,59,0.0,37,6,31,1.0,-100.0,16.216216216216218,MARGIN CALL ($0)
30,60,0.0,54,10,44,1.0,-100.0,18.51851851851852,MARGIN CALL ($0)
30,61,0.0,47,7,40,1.0,-100.0,14.893617021276595,MARGIN CALL ($0)
30,62,0.0,47,7,40,1.0,-100.0,14.893617021276595,MARGIN CALL ($0)
30,63,0.0,46,7,39,1.0,-100.0,15.217391304347828,MARGIN CALL ($0)
30,64,0.0,47,7,40,1.0,-100.0,14.893617021276595,MARGIN CALL ($0)
30,65,0.0,45,7,38,1.0,-100.0,15.555555555555555,MARGIN CALL ($0)
30,66,0.0,44,7,37,1.0,-100.0,15.909090909090908,MARGIN CALL ($0)
30,69,0.0,45,7,38,1.0,-100.0,15.555555555555555,MARGIN CALL ($0)
30,70,0.0,18,0,18,1.0,-100.0,0.0,MARGIN CALL ($0)
30,71,0.0,46,7,39,1.0,-100.0,15.217391304347828,MARGIN CALL ($0)
30,72,0.0,47,7,40,1.0,-100.0,14.893617021276595,MARGIN CALL ($0)
30,73,0.0,17,0,17,1.0,-100.0,0.0,MARGIN CALL ($0)
30,74,0.0,16,0,16,1.0,-100.0,0.0,MARGIN CALL ($0)
30,75,0.0,16,0,16,1.0,-100.0,0.0,MARGIN CALL ($0)
30,76,0.0,16,0,16,1.0,-100.0,0.0,MARGIN CALL ($0)
30,77,0.0,16,0,16,1.0,-100.0,0.0,MARGIN CALL ($0)
30,78,0.0,16,0,16,1.0,-100.0,0.0,MARGIN CALL ($0)
30,79,0.0,16,0,16,1.0,-100.0,0.0,MARGIN CALL ($0)
30,80,0.0,16,0,16,1.0,-100.0,0.0,MARGIN CALL ($0)
30,81,0.0,16,0,16,1.0,-100.0,0.0,MARGIN CALL ($0)
30,82,0.0,16,0,16,1.0,-100.0,0.0,MARGIN CALL ($0)
30,83,0.0,103,20,83,1.0,-100.0,19.41747572815534,MARGIN CALL ($0)
30,84,0.0,101,20,81,1.0,-100.0,19.801980198019802,MARGIN CALL ($0)
30,85,0.0,124,24,100,1.0,-100.0,19.35483870967742,MARGIN CALL ($0)
30,86,0.0,16,0,16,1.0,-100.0,0.0,MARGIN CALL ($0)
30,87,0.0,16,0,16,1.0,-100.0,0.0,MARGIN CALL ($0)
30,88,0.0,16,0,16,1.0,-100.0,0.0,MARGIN CALL ($0)
30,89,0.0,16,0,16,1.0,-100.0,0.0,MARGIN CALL ($0)
30,90,0.0,16,0,16,1.0,-100.0,0.0,MARGIN CALL ($0)
30,91,0.0,16,0,16,1.0,-100.0,0.0,MARGIN CALL ($0)
30,92,0.0,16,0,16,1.0,-100.0,0.0,MARGIN CALL ($0)
30,93,0.0,16,0,16,1.0,-100.0,0.0,MARGIN CALL ($0)
30,94,0.0,14,0,14,1.0,-100.0,0.0,MARGIN CALL ($0)
30,95,0.0,14,0,14,1.0,-100.0,0.0,MARGIN CALL ($0)
30,96,0.0,14,0,14,1.0,-100.0,0.0,MARGIN CALL ($0)
30,97,0.0,14,0,14,1.0,-100.0,0.0,MARGIN CALL ($0)
30,98,0.0,14,0,14,1.0,-100.0,0.0,MARGIN CALL ($0)
30,99,0.0,13,0,13,1.0,-100.0,0.0,MARGIN CALL ($0)
30,100,0.0,13,0,13,1.0,-100.0,0.0,MARGIN CALL ($0)
31,1,0.0,102,18,84,1.0,-100.0,17.647058823529413,MARGIN CALL ($0)
31,2,0.0,44,4,40,1.0,-100.0,9.090909090909092,MARGIN CALL ($0)
31,3,0.0,43,5,38,1.0,-100.0,11.627906976744185,MARGIN CALL ($0)
31,4,0.0,35,4,31,1.0,-100.0,11.428571428571429,MARGIN CALL ($0)
31,5,0.0,90,16,74,1.0,-100.0,17.77777777777778,MARGIN CALL ($0)
31,6,0.0,109,27,82,1.0,-100.0,24.770642201834864,MARGIN CALL ($0)
31,7,0.0,141,38,103,1.0,-100.0,26.95035460992908,MARGIN CALL ($0)
31,8,0.0,73,14,59,1.0,-100.0,19.17808219178082,MARGIN CALL ($0)
31,9,0.0,82,17,65,1.0,-100.0,20.73170731707317,MARGIN CALL ($0)
31,10,0.0,232,56,176,1.0,-100.0,24.137931034482758,MARGIN CALL ($0)
31,11,0.0,71,13,58,1.0,-100.0,18.30985915492958,MARGIN CALL ($0)
31,12,0.0,77,17,60,1.0,-100.0,22.07792207792208,MARGIN CALL ($0)
31,13,0.0,35,5,30,1.0,-100.0,14.285714285714285,MARGIN CALL ($0)
31,14,0.0,30,3,27,1.0,-100.0,10.0,MARGIN CALL ($0)
31,15,0.0,319,79,240,1.0,-100.0,24.76489028213166,MARGIN CALL ($0)
31,16,0.0,66,14,52,1.0,-100.0,21.21212121212121,MARGIN CALL ($0)
31,18,0.0,54,7,47,1.0,-100.0,12.962962962962962,MARGIN CALL ($0)
31,19,0.0,56,9,47,1.0,-100.0,16.071428571428573,MARGIN CALL ($0)
31,20,0.0,46,6,40,1.0,-100.0,13.043478260869565,MARGIN CALL ($0)
31,21,0.0,47,5,42,1.0,-100.0,10.638297872340425,MARGIN CALL ($0)
31,22,0.0,43,5,38,1.0,-100.0,11.627906976744185,MARGIN CALL ($0)
31,23,0.0,39,4,35,1.0,-100.0,10.256410256410255,MARGIN CALL ($0)
31,24,0.0,37,4,33,1.0,-100.0,10.81081081081081,MARGIN CALL ($0)
31,25,0.0,36,4,32,1.0,-100.0,11.11111111111111,MARGIN CALL ($0)
31,26,0.0,33,3,30,1.0,-100.0,9.090909090909092,MARGIN CALL ($0)
31,27,0.0,32,3,29,1.0,-100.0,9.375,MARGIN CALL ($0)
31,28,0.0,36,3,33,1.0,-100.0,8.333333333333332,MARGIN CALL ($0)
31,29,0.0,36,3,33,1.0,-100.0,8.333333333333332,MARGIN CALL ($0)
31,30,0.0,34,3,31,1.0,-100.0,8.823529411764707,MARGIN CALL ($0)
31,32,0.0,31,2,29,1.0,-100.0,6.451612903225806,MARGIN CALL ($0)
31,33,0.0,30,2,28,1.0,-100.0,6.666666666666667,MARGIN CALL ($0)
31,34,0.0,29,2,27,1.0,-100.0,6.896551724137931,MARGIN CALL ($0)
31,35,0.0,29,2,27,1.0,-100.0,6.896551724137931,MARGIN CALL ($0)
31,36,0.0,30,2,28,1.0,-100.0,6.666666666666667,MARGIN CALL ($0)
31,37,0.0,35,3,32,1.0,-100.0,8.571428571428571,MARGIN CALL ($0)
31,38,0.0,37,3,34,1.0,-100.0,8.108108108108109,MARGIN CALL ($0)
31,39,0.0,485,84,401,1.0,-100.0,17.31958762886598,MARGIN CALL ($0)
31,40,0.0,35,3,32,1.0,-100.0,8.571428571428571,MARGIN CALL ($0)
31,41,0.0,34,3,31,1.0,-100.0,8.823529411764707,MARGIN CALL ($0)
31,51,0.0,55,9,46,1.0,-100.0,16.363636363636363,MARGIN CALL ($0)
31,52,0.0,39,4,35,1.0,-100.0,10.256410256410255,MARGIN CALL ($0)
31,53,0.0,37,4,33,1.0,-100.0,10.81081081081081,MARGIN CALL ($0)
31,54,0.0,32,4,28,1.0,-100.0,12.5,MARGIN CALL ($0)
31,55,0.0,31,4,27,1.0,-100.0,12.903225806451612,MARGIN CALL ($0)
31,56,0.0,32,4,28,1.0,-100.0,12.5,MARGIN CALL ($0)
31,57,0.0,32,3,29,1.0,-100.0,9.375,MARGIN CALL ($0)
31,58,0.0,36,5,31,1.0,-100.0,13.88888888888889,MARGIN CALL ($0)
31,59,0.0,35,5,30,1.0,-100.0,14.285714285714285,MARGIN CALL ($0)
31,60,0.0,55,10,45,1.0,-100.0,18.181818181818183,MARGIN CALL ($0)
31,61,0.0,46,7,39,1.0,-100.0,15.217391304347828,MARGIN CALL ($0)
31,62,0.0,46,7,39,1.0,-100.0,15.217391304347828,MARGIN CALL ($0)
31,63,0.0,46,7,39,1.0,-100.0,15.217391304347828,MARGIN CALL ($0)
31,64,0.0,46,7,39,1.0,-100.0,15.217391304347828,MARGIN CALL ($0)
31,65,0.0,44,7,37,1.0,-100.0,15.909090909090908,MARGIN CALL ($0)
31,66,0.0,44,7,37,1.0,-100.0,15.909090909090908,MARGIN CALL ($0)
31,69,0.0,45,7,38,1.0,-100.0,15.555555555555555,MARGIN CALL ($0)
31,70,0.0,47,7,40,1.0,-100.0,14.893617021276595,MARGIN CALL ($0)
31,71,0.0,46,7,39,1.0,-100.0,15.217391304347828,MARGIN CALL ($0)
31,72,0.0,47,7,40,1.0,-100.0,14.893617021276595,MARGIN CALL ($0)
31,73,0.0,46,7,39,1.0,-100.0,15.217391304347828,MARGIN CALL ($0)
31,74,0.0,43,7,36,1.0,-100.0,16.27906976744186,MARGIN CALL ($0)
31,75,0.0,15,0,15,1.0,-100.0,0.0,MARGIN CALL ($0)
31,76,0.0,15,0,15,1.0,-100.0,0.0,MARGIN CALL ($0)
31,77,0.0,15,0,15,1.0,-100.0,0.0,MARGIN CALL ($0)
31,78,0.0,15,0,15,1.0,-100.0,0.0,MARGIN CALL ($0)
31,79,0.0,15,0,15,1.0,-100.0,0.0,MARGIN CALL ($0)
31,80,0.0,15,0,15,1.0,-100.0,0.0,MARGIN CALL ($0)
31,81,0.0,15,0,15,1.0,-100.0,0.0,MARGIN CALL ($0)
31,82,0.0,15,0,15,1.0,-100.0,0.0,MARGIN CALL ($0)
31,83,0.0,104,20,84,1.0,-100.0,19.230769230769234,MARGIN CALL ($0)
31,84,0.0,103,20,83,1.0,-100.0,19.41747572815534,MARGIN CALL ($0)
31,85,0.0,126,24,102,1.0,-100.0,19.047619047619047,MARGIN CALL ($0)
31,86,0.0,15,0,15,1.0,-100.0,0.0,MARGIN CALL ($0)
31,87,0.0,15,0,15,1.0,-100.0,0.0,MARGIN CALL ($0)
31,88,0.0,15,0,15,1.0,-100.0,0.0,MARGIN CALL ($0)
31,89,0.0,15,0,15,1.0,-100.0,0.0,MARGIN CALL ($0)
31,90,0.0,15,0,15,1.0,-100.0,0.0,MARGIN CALL ($0)
31,91,0.0,15,0,15,1.0,-100.0,0.0,MARGIN CALL ($0)
31,92,0.0,15,0,15,1.0,-100.0,0.0,MARGIN CALL ($0)
31,93,0.0,15,0,15,1.0,-100.0,0.0,MARGIN CALL ($0)
31,94,0.0,13,0,13,1.0,-100.0,0.0,MARGIN CALL ($0)
31,95,0.0,13,0,13,1.0,-100.0,0.0,MARGIN CALL ($0)
31,96,0.0,13,0,13,1.0,-100.0,0.0,MARGIN CALL ($0)
31,97,0.0,13,0,13,1.0,-100.0,0.0,MARGIN CALL ($0)
31,98,0.0,13,0,13,1.0,-100.0,0.0,MARGIN CALL ($0)
31,99,0.0,12,0,12,1.0,-100.0,0.0,MARGIN CALL ($0)
31,100,0.0,12,0,12,1.0,-100.0,0.0,MARGIN CALL ($0)
32,1,0.0,103,18,85,1.0,-100.0,17.475728155339805,MARGIN CALL ($0)
32,2,0.0,44,4,40,1.0,-100.0,9.090909090909092,MARGIN CALL ($0)
32,3,0.0,43,5,38,1.0,-100.0,11.627906976744185,MARGIN CALL ($0)
32,4,0.0,35,4,31,1.0,-100.0,11.428571428571429,MARGIN CALL ($0)
32,5,0.0,86,15,71,1.0,-100.0,17.441860465116278,MARGIN CALL ($0)
32,6,0.0,102,23,79,1.0,-100.0,22.54901960784314,MARGIN CALL ($0)
32,7,0.0,140,37,103,1.0,-100.0,26.42857142857143,MARGIN CALL ($0)
32,8,0.0,74,13,61,1.0,-100.0,17.56756756756757,MARGIN CALL ($0)
32,9,0.0,83,17,66,1.0,-100.0,20.481927710843372,MARGIN CALL ($0)
32,10,0.0,79,15,64,1.0,-100.0,18.9873417721519,MARGIN CALL ($0)
32,11,0.0,70,12,58,1.0,-100.0,17.142857142857142,MARGIN CALL ($0)
32,12,0.0,76,16,60,1.0,-100.0,21.052631578947366,MARGIN CALL ($0)
32,13,0.0,34,5,29,1.0,-100.0,14.705882352941178,MARGIN CALL ($0)
32,14,0.0,29,3,26,1.0,-100.0,10.344827586206897,MARGIN CALL ($0)
32,15,0.0,246,65,181,1.0,-100.0,26.422764227642276,MARGIN CALL ($0)
32,16,0.0,63,13,50,1.0,-100.0,20.634920634920633,MARGIN CALL ($0)
32,17,0.0,450,102,348,1.0,-100.0,22.666666666666664,MARGIN CALL ($0)
32,18,0.0,53,7,46,1.0,-100.0,13.20754716981132,MARGIN CALL ($0)
32,19,0.0,55,9,46,1.0,-100.0,16.363636363636363,MARGIN CALL ($0)
32,20,0.0,47,7,40,1.0,-100.0,14.893617021276595,MARGIN CALL ($0)
32,21,0.0,46,5,41,1.0,-100.0,10.869565217391305,MARGIN CALL ($0)
32,22,0.0,42,5,37,1.0,-100.0,11.904761904761903,MARGIN CALL ($0)
32,23,0.0,38,4,34,1.0,-100.0,10.526315789473683,MARGIN CALL ($0)
32,24,0.0,38,4,34,1.0,-100.0,10.526315789473683,MARGIN CALL ($0)
32,25,0.0,37,4,33,1.0,-100.0,10.81081081081081,MARGIN CALL ($0)
32,26,0.0,33,3,30,1.0,-100.0,9.090909090909092,MARGIN CALL ($0)
32,27,0.0,32,3,29,1.0,-100.0,9.375,MARGIN CALL ($0)
32,28,0.0,36,3,33,1.0,-100.0,8.333333333333332,MARGIN CALL ($0)
32,29,0.0,36,3,33,1.0,-100.0,8.333333333333332,MARGIN CALL ($0)
32,30,0.0,34,3,31,1.0,-100.0,8.823529411764707,MARGIN CALL ($0)
32,31,0.0,194,36,158,1.0,-100.0,18.556701030927837,MARGIN CALL ($0)
32,32,0.0,31,2,29,1.0,-100.0,6.451612903225806,MARGIN CALL ($0)
32,33,0.0,29,2,27,1.0,-100.0,6.896551724137931,MARGIN CALL ($0)
32,34,0.0,390,58,332,1.0,-100.0,14.871794871794872,MARGIN CALL ($0)
32,35,0.0,82,13,69,1.0,-100.0,15.853658536585366,MARGIN CALL ($0)
32,36,0.0,95,15,80,1.0,-100.0,15.789473684210526,MARGIN CALL ($0)
32,37,0.0,445,75,370,1.0,-100.0,16.853932584269664,MARGIN CALL ($0)
32,38,0.0,99,17,82,1.0,-100.0,17.17171717171717,MARGIN CALL ($0)
32,39,0.0,458,78,380,1.0,-100.0,17.03056768558952,MARGIN CALL ($0)
32,40,0.0,94,17,77,1.0,-100.0,18.085106382978726,MARGIN CALL ($0)
32,41,0.0,81,13,68,1.0,-100.0,16.049382716049383,MARGIN CALL ($0)
32,42,0.0,110,20,90,1.0,-100.0,18.181818181818183,MARGIN CALL ($0)
32,43,0.0,113,21,92,1.0,-100.0,18.58407079646018,MARGIN CALL ($0)
32,47,0.0,175,35,140,1.0,-100.0,20.0,MARGIN CALL ($0)
32,48,0.0,172,33,139,1.0,-100.0,19.186046511627907,MARGIN CALL ($0)
32,49,0.0,570,90,480,1.0,-100.0,15.789473684210526,MARGIN CALL ($0)
32,50,0.0,123,24,99,1.0,-100.0,19.51219512195122,MARGIN CALL ($0)
32,51,0.0,97,16,81,1.0,-100.0,16.49484536082474,MARGIN CALL ($0)
32,52,0.0,96,15,81,1.0,-100.0,15.625,MARGIN CALL ($0)
32,53,0.0,95,15,80,1.0,-100.0,15.789473684210526,MARGIN CALL ($0)
32,54,0.0,60,10,50,1.0,-100.0,16.666666666666664,MARGIN CALL ($0)
32,55,0.0,98,16,82,1.0,-100.0,16.3265306122449,MARGIN CALL ($0)
32,56,0.0,97,16,81,1.0,-100.0,16.49484536082474,MARGIN CALL ($0)
32,57,0.0,50,8,42,1.0,-100.0,16.0,MARGIN CALL ($0)
32,58,0.0,98,16,82,1.0,-100.0,16.3265306122449,MARGIN CALL ($0)
32,59,0.0,91,14,77,1.0,-100.0,15.384615384615385,MARGIN CALL ($0)
32,60,0.0,188,32,156,1.0,-100.0,17.02127659574468,MARGIN CALL ($0)
32,61,0.0,115,17,98,1.0,-100.0,14.782608695652174,MARGIN CALL ($0)
32,62,0.0,114,17,97,1.0,-100.0,14.912280701754385,MARGIN CALL ($0)
32,63,0.0,113,17,96,1.0,-100.0,15.04424778761062,MARGIN CALL ($0)
32,70,0.0,122,22,100,1.0,-100.0,18.0327868852459,MARGIN CALL ($0)
32,71,0.0,123,23,100,1.0,-100.0,18.69918699186992,MARGIN CALL ($0)
32,72,0.0,106,19,87,1.0,-100.0,17.92452830188679,MARGIN CALL ($0)
32,73,0.0,105,19,86,1.0,-100.0,18.095238095238095,MARGIN CALL ($0)
32,74,0.0,84,13,71,1.0,-100.0,15.476190476190476,MARGIN CALL ($0)
32,75,0.0,83,13,70,1.0,-100.0,15.66265060240964,MARGIN CALL ($0)
32,76,0.0,85,15,70,1.0,-100.0,17.647058823529413,MARGIN CALL ($0)
32,77,0.0,86,15,71,1.0,-100.0,17.441860465116278,MARGIN CALL ($0)
32,78,0.0,84,15,69,1.0,-100.0,17.857142857142858,MARGIN CALL ($0)
32,79,0.0,87,15,72,1.0,-100.0,17.24137931034483,MARGIN CALL ($0)
32,80,0.0,94,15,79,1.0,-100.0,15.957446808510639,MARGIN CALL ($0)
32,81,0.0,93,15,78,1.0,-100.0,16.129032258064516,MARGIN CALL ($0)
32,82,0.0,78,13,65,1.0,-100.0,16.666666666666664,MARGIN CALL ($0)
32,83,0.0,84,13,71,1.0,-100.0,15.476190476190476,MARGIN CALL ($0)
32,84,0.0,83,13,70,1.0,-100.0,15.66265060240964,MARGIN CALL ($0)
32,85,0.0,86,14,72,1.0,-100.0,16.27906976744186,MARGIN CALL ($0)
32,86,0.0,73,12,61,1.0,-100.0,16.43835616438356,MARGIN CALL ($0)
32,87,0.0,73,12,61,1.0,-100.0,16.43835616438356,MARGIN CALL ($0)
32,88,0.0,76,13,63,1.0,-100.0,17.105263157894736,MARGIN CALL ($0)
32,89,0.0,76,13,63,1.0,-100.0,17.105263157894736,MARGIN CALL ($0)
32,90,0.0,76,13,63,1.0,-100.0,17.105263157894736,MARGIN CALL ($0)
32,91,0.0,70,12,58,1.0,-100.0,17.142857142857142,MARGIN CALL ($0)
32,92,0.0,70,12,58,1.0,-100.0,17.142857142857142,MARGIN CALL ($0)
32,93,0.0,71,12,59,1.0,-100.0,16.901408450704224,MARGIN CALL ($0)
32,94,0.0,11,0,11,1.0,-100.0,0.0,MARGIN CALL ($0)
32,95,0.0,11,0,11,1.0,-100.0,0.0,MARGIN CALL ($0)
32,96,0.0,11,0,11,1.0,-100.0,0.0,MARGIN CALL ($0)
32,97,0.0,11,0,11,1.0,-100.0,0.0,MARGIN CALL ($0)
32,98,0.0,11,0,11,1.0,-100.0,0.0,MARGIN CALL ($0)
32,99,0.0,11,0,11,1.0,-100.0,0.0,MARGIN CALL ($0)
32,100,0.0,11,0,11,1.0,-100.0,0.0,MARGIN CALL ($0)
33,1,0.0,99,18,81,1.0,-100.0,18.181818181818183,MARGIN CALL ($0)
33,2,0.0,44,4,40,1.0,-100.0,9.090909090909092,MARGIN CALL ($0)
33,3,0.0,43,5,38,1.0,-100.0,11.627906976744185,MARGIN CALL ($0)
33,4,0.0,35,4,31,1.0,-100.0,11.428571428571429,MARGIN CALL ($0)
33,5,0.0,85,14,71,1.0,-100.0,16.470588235294116,MARGIN CALL ($0)
33,6,0.0,102,23,79,1.0,-100.0,22.54901960784314,MARGIN CALL ($0)
33,7,0.0,142,37,105,1.0,-100.0,26.056338028169012,MARGIN CALL ($0)
33,8,0.0,74,14,60,1.0,-100.0,18.91891891891892,MARGIN CALL ($0)
33,9,0.0,84,18,66,1.0,-100.0,21.428571428571427,MARGIN CALL ($0)
33,10,0.0,80,16,64,1.0,-100.0,20.0,MARGIN CALL ($0)
33,11,0.0,71,13,58,1.0,-100.0,18.30985915492958,MARGIN CALL ($0)
33,12,0.0,78,17,61,1.0,-100.0,21.794871794871796,MARGIN CALL ($0)
33,13,0.0,34,5,29,1.0,-100.0,14.705882352941178,MARGIN CALL ($0)
33,14,0.0,29,3,26,1.0,-100.0,10.344827586206897,MARGIN CALL ($0)
33,15,0.0,315,79,236,1.0,-100.0,25.07936507936508,MARGIN CALL ($0)
33,16,0.0,376,96,280,1.0,-100.0,25.53191489361702,MARGIN CALL ($0)
33,17,0.0,370,95,275,1.0,-100.0,25.675675675675674,MARGIN CALL ($0)
33,18,0.0,53,7,46,1.0,-100.0,13.20754716981132,MARGIN CALL ($0)
33,19,0.0,55,9,46,1.0,-100.0,16.363636363636363,MARGIN CALL ($0)
33,20,0.0,47,7,40,1.0,-100.0,14.893617021276595,MARGIN CALL ($0)
33,21,0.0,43,5,38,1.0,-100.0,11.627906976744185,MARGIN CALL ($0)
33,22,0.0,42,5,37,1.0,-100.0,11.904761904761903,MARGIN CALL ($0)
33,23,0.0,38,4,34,1.0,-100.0,10.526315789473683,MARGIN CALL ($0)
33,24,0.0,37,4,33,1.0,-100.0,10.81081081081081,MARGIN CALL ($0)
33,25,0.0,34,4,30,1.0,-100.0,11.76470588235294,MARGIN CALL ($0)
33,26,0.0,33,3,30,1.0,-100.0,9.090909090909092,MARGIN CALL ($0)
33,27,0.0,31,3,28,1.0,-100.0,9.67741935483871,MARGIN CALL ($0)
33,28,0.0,32,3,29,1.0,-100.0,9.375,MARGIN CALL ($0)
33,29,0.0,32,3,29,1.0,-100.0,9.375,MARGIN CALL ($0)
33,30,0.0,34,3,31,1.0,-100.0,8.823529411764707,MARGIN CALL ($0)
33,31,0.0,30,2,28,1.0,-100.0,6.666666666666667,MARGIN CALL ($0)
33,32,0.0,29,2,27,1.0,-100.0,6.896551724137931,MARGIN CALL ($0)
33,33,0.0,70,8,62,1.0,-100.0,11.428571428571429,MARGIN CALL ($0)
33,34,0.0,465,69,396,1.0,-100.0,14.838709677419354,MARGIN CALL ($0)
33,35,0.0,77,12,65,1.0,-100.0,15.584415584415584,MARGIN CALL ($0)
33,36,0.0,76,13,63,1.0,-100.0,17.105263157894736,MARGIN CALL ($0)
33,37,0.0,90,14,76,1.0,-100.0,15.555555555555555,MARGIN CALL ($0)
33,38,0.0,380,66,314,1.0,-100.0,17.36842105263158,MARGIN CALL ($0)
33,39,0.0,441,75,366,1.0,-100.0,17.006802721088434,MARGIN CALL ($0)
33,40,0.0,82,15,67,1.0,-100.0,18.29268292682927,MARGIN CALL ($0)
33,41,0.0,72,13,59,1.0,-100.0,18.055555555555554,MARGIN CALL ($0)
33,42,0.0,102,20,82,1.0,-100.0,19.607843137254903,MARGIN CALL ($0)
33,43,0.0,104,21,83,1.0,-100.0,20.192307692307693,MARGIN CALL ($0)
33,47,0.0,431,71,360,1.0,-100.0,16.473317865429234,MARGIN CALL ($0)
33,48,0.0,196,37,159,1.0,-100.0,18.877551020408163,MARGIN CALL ($0)
33,49,0.0,335,56,279,1.0,-100.0,16.716417910447763,MARGIN CALL ($0)
33,50,0.0,112,25,87,1.0,-100.0,22.321428571428573,MARGIN CALL ($0)
33,51,0.0,93,16,77,1.0,-100.0,17.20430107526882,MARGIN CALL ($0)
33,52,0.0,94,15,79,1.0,-100.0,15.957446808510639,MARGIN CALL ($0)
33,53,0.0,92,15,77,1.0,-100.0,16.304347826086957,MARGIN CALL ($0)
33,54,0.0,43,7,36,1.0,-100.0,16.27906976744186,MARGIN CALL ($0)
33,55,0.0,44,7,37,1.0,-100.0,15.909090909090908,MARGIN CALL ($0)
33,56,0.0,43,7,36,1.0,-100.0,16.27906976744186,MARGIN CALL ($0)
33,57,0.0,41,6,35,1.0,-100.0,14.634146341463413,MARGIN CALL ($0)
33,58,0.0,42,8,34,1.0,-100.0,19.047619047619047,MARGIN CALL ($0)
33,59,0.0,42,8,34,1.0,-100.0,19.047619047619047,MARGIN CALL ($0)
33,60,0.0,182,31,151,1.0,-100.0,17.032967032967033,MARGIN CALL ($0)
33,61,0.0,108,15,93,1.0,-100.0,13.88888888888889,MARGIN CALL ($0)
33,62,0.0,107,15,92,1.0,-100.0,14.018691588785046,MARGIN CALL ($0)
33,63,0.0,105,15,90,1.0,-100.0,14.285714285714285,MARGIN CALL ($0)
33,64,0.0,44,7,37,1.0,-100.0,15.909090909090908,MARGIN CALL ($0)
33,65,0.0,108,16,92,1.0,-100.0,14.814814814814813,MARGIN CALL ($0)
33,66,0.0,42,7,35,1.0,-100.0,16.666666666666664,MARGIN CALL ($0)
33,70,0.0,41,6,35,1.0,-100.0,14.634146341463413,MARGIN CALL ($0)
33,71,0.0,41,6,35,1.0,-100.0,14.634146341463413,MARGIN CALL ($0)
33,72,0.0,41,6,35,1.0,-100.0,14.634146341463413,MARGIN CALL ($0)
33,73,0.0,40,6,34,1.0,-100.0,15.0,MARGIN CALL ($0)
33,74,0.0,38,6,32,1.0,-100.0,15.789473684210526,MARGIN CALL ($0)
33,75,0.0,37,6,31,1.0,-100.0,16.216216216216218,MARGIN CALL ($0)
33,76,0.0,36,6,30,1.0,-100.0,16.666666666666664,MARGIN CALL ($0)
33,77,0.0,36,6,30,1.0,-100.0,16.666666666666664,MARGIN CALL ($0)
33,78,0.0,35,6,29,1.0,-100.0,17.142857142857142,MARGIN CALL ($0)
33,79,0.0,37,6,31,1.0,-100.0,16.216216216216218,MARGIN CALL ($0)
33,80,0.0,89,14,75,1.0,-100.0,15.730337078651685,MARGIN CALL ($0)
33,81,0.0,89,14,75,1.0,-100.0,15.730337078651685,MARGIN CALL ($0)
33,82,0.0,77,13,64,1.0,-100.0,16.883116883116884,MARGIN CALL ($0)
33,83,0.0,82,13,69,1.0,-100.0,15.853658536585366,MARGIN CALL ($0)
33,84,0.0,80,13,67,1.0,-100.0,16.25,MARGIN CALL ($0)
33,85,0.0,79,13,66,1.0,-100.0,16.455696202531644,MARGIN CALL ($0)
33,86,0.0,11,0,11,1.0,-100.0,0.0,MARGIN CALL ($0)
33,87,0.0,11,0,11,1.0,-100.0,0.0,MARGIN CALL ($0)
33,88,0.0,11,0,11,1.0,-100.0,0.0,MARGIN CALL ($0)
33,89,0.0,11,0,11,1.0,-100.0,0.0,MARGIN CALL ($0)
33,90,0.0,11,0,11,1.0,-100.0,0.0,MARGIN CALL ($0)
33,91,0.0,11,0,11,1.0,-100.0,0.0,MARGIN CALL ($0)
33,92,0.0,11,0,11,1.0,-100.0,0.0,MARGIN CALL ($0)
33,93,0.0,11,0,11,1.0,-100.0,0.0,MARGIN CALL ($0)
33,94,0.0,11,0,11,1.0,-100.0,0.0,MARGIN CALL ($0)
33,95,0.0,11,0,11,1.0,-100.0,0.0,MARGIN CALL ($0)
33,96,0.0,11,0,11,1.0,-100.0,0.0,MARGIN CALL ($0)
33,97,0.0,11,0,11,1.0,-100.0,0.0,MARGIN CALL ($0)
33,98,0.0,11,0,11,1.0,-100.0,0.0,MARGIN CALL ($0)
33,99,0.0,11,0,11,1.0,-100.0,0.0,MARGIN CALL ($0)
33,100,0.0,11,0,11,1.0,-100.0,0.0,MARGIN CALL ($0)
34,1,0.0,102,18,84,1.0,-100.0,17.647058823529413,MARGIN CALL ($0)
34,2,0.0,44,4,40,1.0,-100.0,9.090909090909092,MARGIN CALL ($0)
34,3,0.0,43,5,38,1.0,-100.0,11.627906976744185,MARGIN CALL ($0)
34,4,0.0,35,4,31,1.0,-100.0,11.428571428571429,MARGIN CALL ($0)
34,5,0.0,86,15,71,1.0,-100.0,17.441860465116278,MARGIN CALL ($0)
34,6,0.0,112,27,85,1.0,-100.0,24.107142857142858,MARGIN CALL ($0)
34,7,0.0,140,37,103,1.0,-100.0,26.42857142857143,MARGIN CALL ($0)
34,8,0.0,73,14,59,1.0,-100.0,19.17808219178082,MARGIN CALL ($0)
34,9,0.0,83,17,66,1.0,-100.0,20.481927710843372,MARGIN CALL ($0)
34,10,0.0,117,25,92,1.0,-100.0,21.367521367521366,MARGIN CALL ($0)
34,11,0.0,71,13,58,1.0,-100.0,18.30985915492958,MARGIN CALL ($0)
34,12,0.0,442,98,344,1.0,-100.0,22.171945701357465,MARGIN CALL ($0)
34,13,0.0,34,5,29,1.0,-100.0,14.705882352941178,MARGIN CALL ($0)
34,14,0.0,29,3,26,1.0,-100.0,10.344827586206897,MARGIN CALL ($0)
34,15,0.0,314,79,235,1.0,-100.0,25.159235668789808,MARGIN CALL ($0)
34,16,0.0,64,14,50,1.0,-100.0,21.875,MARGIN CALL ($0)
34,17,0.0,381,95,286,1.0,-100.0,24.93438320209974,MARGIN CALL ($0)
34,18,0.0,55,8,47,1.0,-100.0,14.545454545454545,MARGIN CALL ($0)
34,19,0.0,55,9,46,1.0,-100.0,16.363636363636363,MARGIN CALL ($0)
34,20,0.0,46,7,39,1.0,-100.0,15.217391304347828,MARGIN CALL ($0)
34,21,0.0,43,5,38,1.0,-100.0,11.627906976744185,MARGIN CALL ($0)
34,22,0.0,41,5,36,1.0,-100.0,12.195121951219512,MARGIN CALL ($0)
34,23,0.0,37,4,33,1.0,-100.0,10.81081081081081,MARGIN CALL ($0)
34,24,0.0,36,4,32,1.0,-100.0,11.11111111111111,MARGIN CALL ($0)
34,25,0.0,34,4,30,1.0,-100.0,11.76470588235294,MARGIN CALL ($0)
34,26,0.0,33,3,30,1.0,-100.0,9.090909090909092,MARGIN CALL ($0)
34,27,0.0,31,3,28,1.0,-100.0,9.67741935483871,MARGIN CALL ($0)
34,28,0.0,32,3,29,1.0,-100.0,9.375,MARGIN CALL ($0)
34,29,0.0,32,3,29,1.0,-100.0,9.375,MARGIN CALL ($0)
34,30,0.0,34,3,31,1.0,-100.0,8.823529411764707,MARGIN CALL ($0)
34,31,0.0,30,2,28,1.0,-100.0,6.666666666666667,MARGIN CALL ($0)
34,32,0.0,30,2,28,1.0,-100.0,6.666666666666667,MARGIN CALL ($0)
34,33,0.0,441,65,376,1.0,-100.0,14.73922902494331,MARGIN CALL ($0)
34,35,0.0,77,12,65,1.0,-100.0,15.584415584415584,MARGIN CALL ($0)
34,36,0.0,76,13,63,1.0,-100.0,17.105263157894736,MARGIN CALL ($0)
34,37,0.0,88,14,74,1.0,-100.0,15.909090909090908,MARGIN CALL ($0)
34,38,0.0,380,66,314,1.0,-100.0,17.36842105263158,MARGIN CALL ($0)
34,39,0.0,439,74,365,1.0,-100.0,16.856492027334852,MARGIN CALL ($0)
34,40,0.0,82,15,67,1.0,-100.0,18.29268292682927,MARGIN CALL ($0)
34,41,0.0,71,13,58,1.0,-100.0,18.30985915492958,MARGIN CALL ($0)
34,42,0.0,101,20,81,1.0,-100.0,19.801980198019802,MARGIN CALL ($0)
34,43,0.0,103,21,82,1.0,-100.0,20.388349514563107,MARGIN CALL ($0)
34,47,0.0,165,34,131,1.0,-100.0,20.606060606060606,MARGIN CALL ($0)
34,48,0.0,162,31,131,1.0,-100.0,19.1358024691358,MARGIN CALL ($0)
34,49,0.0,346,58,288,1.0,-100.0,16.76300578034682,MARGIN CALL ($0)
34,50,0.0,109,24,85,1.0,-100.0,22.018348623853214,MARGIN CALL ($0)
34,51,0.0,91,15,76,1.0,-100.0,16.483516483516482,MARGIN CALL ($0)
34,52,0.0,91,14,77,1.0,-100.0,15.384615384615385,MARGIN CALL ($0)
34,53,0.0,94,16,78,1.0,-100.0,17.02127659574468,MARGIN CALL ($0)
34,54,0.0,50,8,42,1.0,-100.0,16.0,MARGIN CALL ($0)
34,55,0.0,44,7,37,1.0,-100.0,15.909090909090908,MARGIN CALL ($0)
34,56,0.0,43,7,36,1.0,-100.0,16.27906976744186,MARGIN CALL ($0)
34,57,0.0,41,6,35,1.0,-100.0,14.634146341463413,MARGIN CALL ($0)
34,58,0.0,96,16,80,1.0,-100.0,16.666666666666664,MARGIN CALL ($0)
34,59,0.0,95,16,79,1.0,-100.0,16.842105263157894,MARGIN CALL ($0)
34,61,0.0,112,16,96,1.0,-100.0,14.285714285714285,MARGIN CALL ($0)
34,62,0.0,112,16,96,1.0,-100.0,14.285714285714285,MARGIN CALL ($0)
34,63,0.0,111,16,95,1.0,-100.0,14.414414414414415,MARGIN CALL ($0)
34,64,0.0,112,17,95,1.0,-100.0,15.178571428571427,MARGIN CALL ($0)
34,72,0.0,109,22,87,1.0,-100.0,20.18348623853211,MARGIN CALL ($0)
34,73,0.0,110,22,88,1.0,-100.0,20.0,MARGIN CALL ($0)
34,74,0.0,91,16,75,1.0,-100.0,17.582417582417584,MARGIN CALL ($0)
34,75,0.0,44,8,36,1.0,-100.0,18.181818181818183,MARGIN CALL ($0)
34,76,0.0,41,7,34,1.0,-100.0,17.073170731707318,MARGIN CALL ($0)
34,77,0.0,42,7,35,1.0,-100.0,16.666666666666664,MARGIN CALL ($0)
34,78,0.0,40,7,33,1.0,-100.0,17.5,MARGIN CALL ($0)
34,79,0.0,42,7,35,1.0,-100.0,16.666666666666664,MARGIN CALL ($0)
34,80,0.0,96,16,80,1.0,-100.0,16.666666666666664,MARGIN CALL ($0)
34,81,0.0,96,16,80,1.0,-100.0,16.666666666666664,MARGIN CALL ($0)
34,82,0.0,93,14,79,1.0,-100.0,15.053763440860216,MARGIN CALL ($0)
34,83,0.0,96,14,82,1.0,-100.0,14.583333333333334,MARGIN CALL ($0)
34,84,0.0,98,15,83,1.0,-100.0,15.306122448979592,MARGIN CALL ($0)
34,85,0.0,102,16,86,1.0,-100.0,15.686274509803921,MARGIN CALL ($0)
34,86,0.0,92,15,77,1.0,-100.0,16.304347826086957,MARGIN CALL ($0)
34,87,0.0,91,15,76,1.0,-100.0,16.483516483516482,MARGIN CALL ($0)
34,88,0.0,90,15,75,1.0,-100.0,16.666666666666664,MARGIN CALL ($0)
34,89,0.0,91,15,76,1.0,-100.0,16.483516483516482,MARGIN CALL ($0)
34,90,0.0,91,15,76,1.0,-100.0,16.483516483516482,MARGIN CALL ($0)
34,91,0.0,89,15,74,1.0,-100.0,16.853932584269664,MARGIN CALL ($0)
34,92,0.0,89,15,74,1.0,-100.0,16.853932584269664,MARGIN CALL ($0)
34,93,0.0,89,15,74,1.0,-100.0,16.853932584269664,MARGIN CALL ($0)
34,94,0.0,92,15,77,1.0,-100.0,16.304347826086957,MARGIN CALL ($0)
34,95,0.0,89,15,74,1.0,-100.0,16.853932584269664,MARGIN CALL ($0)
34,96,0.0,90,15,75,1.0,-100.0,16.666666666666664,MARGIN CALL ($0)
34,97,0.0,89,15,74,1.0,-100.0,16.853932584269664,MARGIN CALL ($0)
34,98,0.0,87,14,73,1.0,-100.0,16.091954022988507,MARGIN CALL ($0)
34,99,0.0,97,16,81,1.0,-100.0,16.49484536082474,MARGIN CALL ($0)
34,100,0.0,95,16,79,1.0,-100.0,16.842105263157894,MARGIN CALL ($0)
35,1,0.0,102,18,84,1.0,-100.0,17.647058823529413,MARGIN CALL ($0)
35,2,0.0,44,4,40,1.0,-100.0,9.090909090909092,MARGIN CALL ($0)
35,3,0.0,43,5,38,1.0,-100.0,11.627906976744185,MARGIN CALL ($0)
35,4,0.0,35,4,31,1.0,-100.0,11.428571428571429,MARGIN CALL ($0)
35,5,0.0,87,15,72,1.0,-100.0,17.24137931034483,MARGIN CALL ($0)
35,6,0.0,111,27,84,1.0,-100.0,24.324324324324326,MARGIN CALL ($0)
35,7,0.0,140,37,103,1.0,-100.0,26.42857142857143,MARGIN CALL ($0)
35,8,0.0,89,20,69,1.0,-100.0,22.47191011235955,MARGIN CALL ($0)
35,9,0.0,272,61,211,1.0,-100.0,22.426470588235293,MARGIN CALL ($0)
35,10,0.0,260,61,199,1.0,-100.0,23.46153846153846,MARGIN CALL ($0)
35,11,0.0,1127,248,879,1.0,-100.0,22.005323868677905,MARGIN CALL ($0)
35,12,0.0,413,93,320,1.0,-100.0,22.518159806295397,MARGIN CALL ($0)
35,13,0.0,34,5,29,1.0,-100.0,14.705882352941178,MARGIN CALL ($0)
35,14,0.0,29,3,26,1.0,-100.0,10.344827586206897,MARGIN CALL ($0)
35,15,0.0,316,82,234,1.0,-100.0,25.949367088607595,MARGIN CALL ($0)
35,16,0.0,386,100,286,1.0,-100.0,25.906735751295333,MARGIN CALL ($0)
35,17,0.0,377,95,282,1.0,-100.0,25.198938992042443,MARGIN CALL ($0)
35,18,0.0,349,84,265,1.0,-100.0,24.068767908309454,MARGIN CALL ($0)
35,19,0.0,340,83,257,1.0,-100.0,24.41176470588235,MARGIN CALL ($0)
35,20,0.0,281,66,215,1.0,-100.0,23.487544483985765,MARGIN CALL ($0)
35,21,0.0,54,7,47,1.0,-100.0,12.962962962962962,MARGIN CALL ($0)
35,22,0.0,48,6,42,1.0,-100.0,12.5,MARGIN CALL ($0)
35,23,0.0,45,5,40,1.0,-100.0,11.11111111111111,MARGIN CALL ($0)
35,24,0.0,44,5,39,1.0,-100.0,11.363636363636363,MARGIN CALL ($0)
35,25,0.0,36,4,32,1.0,-100.0,11.11111111111111,MARGIN CALL ($0)
35,26,0.0,34,3,31,1.0,-100.0,8.823529411764707,MARGIN CALL ($0)
35,27,0.0,33,3,30,1.0,-100.0,9.090909090909092,MARGIN CALL ($0)
35,28,0.0,32,3,29,1.0,-100.0,9.375,MARGIN CALL ($0)
35,29,0.0,32,3,29,1.0,-100.0,9.375,MARGIN CALL ($0)
35,30,0.0,32,3,29,1.0,-100.0,9.375,MARGIN CALL ($0)
35,31,0.0,30,2,28,1.0,-100.0,6.666666666666667,MARGIN CALL ($0)
35,32,0.0,28,2,26,1.0,-100.0,7.142857142857142,MARGIN CALL ($0)
35,33,0.0,435,64,371,1.0,-100.0,14.71264367816092,MARGIN CALL ($0)
35,35,0.0,77,12,65,1.0,-100.0,15.584415584415584,MARGIN CALL ($0)
35,36,0.0,78,13,65,1.0,-100.0,16.666666666666664,MARGIN CALL ($0)
35,41,0.0,94,17,77,1.0,-100.0,18.085106382978726,MARGIN CALL ($0)
35,43,0.0,107,21,86,1.0,-100.0,19.626168224299064,MARGIN CALL ($0)
35,48,0.0,484,73,411,1.0,-100.0,15.082644628099173,MARGIN CALL ($0)
35,50,0.0,125,27,98,1.0,-100.0,21.6,MARGIN CALL ($0)
35,51,0.0,114,19,95,1.0,-100.0,16.666666666666664,MARGIN CALL ($0)
35,52,0.0,114,19,95,1.0,-100.0,16.666666666666664,MARGIN CALL ($0)
35,53,0.0,125,22,103,1.0,-100.0,17.599999999999998,MARGIN CALL ($0)
35,54,0.0,112,20,92,1.0,-100.0,17.857142857142858,MARGIN CALL ($0)
35,55,0.0,127,22,105,1.0,-100.0,17.322834645669293,MARGIN CALL ($0)
35,56,0.0,130,23,107,1.0,-100.0,17.692307692307693,MARGIN CALL ($0)
35,57,0.0,126,22,104,1.0,-100.0,17.46031746031746,MARGIN CALL ($0)
35,58,0.0,131,25,106,1.0,-100.0,19.083969465648856,MARGIN CALL ($0)
35,59,0.0,129,25,104,1.0,-100.0,19.379844961240313,MARGIN CALL ($0)
35,73,0.0,117,23,94,1.0,-100.0,19.65811965811966,MARGIN CALL ($0)
35,74,0.0,110,22,88,1.0,-100.0,20.0,MARGIN CALL ($0)
35,75,0.0,108,22,86,1.0,-100.0,20.37037037037037,MARGIN CALL ($0)
35,76,0.0,105,21,84,1.0,-100.0,20.0,MARGIN CALL ($0)
35,77,0.0,104,21,83,1.0,-100.0,20.192307692307693,MARGIN CALL ($0)
35,78,0.0,103,21,82,1.0,-100.0,20.388349514563107,MARGIN CALL ($0)
35,79,0.0,105,21,84,1.0,-100.0,20.0,MARGIN CALL ($0)
35,80,0.0,670,122,548,1.0,-100.0,18.208955223880597,MARGIN CALL ($0)
35,81,0.0,660,121,539,1.0,-100.0,18.333333333333332,MARGIN CALL ($0)
35,82,0.0,648,119,529,1.0,-100.0,18.3641975308642,MARGIN CALL ($0)
35,83,0.0,658,120,538,1.0,-100.0,18.237082066869302,MARGIN CALL ($0)
35,84,0.0,643,121,522,1.0,-100.0,18.818040435458787,MARGIN CALL ($0)
35,85,0.0,423,84,339,1.0,-100.0,19.858156028368796,MARGIN CALL ($0)
35,86,0.0,515,100,415,1.0,-100.0,19.41747572815534,MARGIN CALL ($0)
35,87,0.0,122,22,100,1.0,-100.0,18.0327868852459,MARGIN CALL ($0)
35,88,0.0,520,105,415,1.0,-100.0,20.192307692307693,MARGIN CALL ($0)
35,89,0.0,510,103,407,1.0,-100.0,20.19607843137255,MARGIN CALL ($0)
35,90,0.0,120,22,98,1.0,-100.0,18.333333333333332,MARGIN CALL ($0)
35,91,0.0,120,23,97,1.0,-100.0,19.166666666666668,MARGIN CALL ($0)
35,92,0.0,118,22,96,1.0,-100.0,18.64406779661017,MARGIN CALL ($0)
35,93,0.0,116,22,94,1.0,-100.0,18.96551724137931,MARGIN CALL ($0)
35,94,0.0,120,23,97,1.0,-100.0,19.166666666666668,MARGIN CALL ($0)
35,95,0.0,119,22,97,1.0,-100.0,18.487394957983195,MARGIN CALL ($0)
35,96,0.0,117,22,95,1.0,-100.0,18.803418803418804,MARGIN CALL ($0)
35,97,0.0,117,22,95,1.0,-100.0,18.803418803418804,MARGIN CALL ($0)
35,98,0.0,113,21,92,1.0,-100.0,18.58407079646018,MARGIN CALL ($0)
35,99,0.0,132,27,105,1.0,-100.0,20.454545454545457,MARGIN CALL ($0)
35,100,0.0,387,68,319,1.0,-100.0,17.571059431524546,MARGIN CALL ($0)
36,1,0.0,102,18,84,1.0,-100.0,17.647058823529413,MARGIN CALL ($0)
36,2,0.0,44,4,40,1.0,-100.0,9.090909090909092,MARGIN CALL ($0)
36,3,0.0,43,5,38,1.0,-100.0,11.627906976744185,MARGIN CALL ($0)
36,4,0.0,35,4,31,1.0,-100.0,11.428571428571429,MARGIN CALL ($0)
36,5,0.0,87,15,72,1.0,-100.0,17.24137931034483,MARGIN CALL ($0)
36,6,0.0,111,27,84,1.0,-100.0,24.324324324324326,MARGIN CALL ($0)
36,7,0.0,140,37,103,1.0,-100.0,26.42857142857143,MARGIN CALL ($0)
36,8,0.0,89,19,70,1.0,-100.0,21.34831460674157,MARGIN CALL ($0)
36,9,0.0,273,60,213,1.0,-100.0,21.978021978021978,MARGIN CALL ($0)
36,10,0.0,256,58,198,1.0,-100.0,22.65625,MARGIN CALL ($0)
36,11,0.0,1156,251,905,1.0,-100.0,21.71280276816609,MARGIN CALL ($0)
36,12,0.0,412,91,321,1.0,-100.0,22.0873786407767,MARGIN CALL ($0)
36,13,0.0,34,5,29,1.0,-100.0,14.705882352941178,MARGIN CALL ($0)
36,14,0.0,29,3,26,1.0,-100.0,10.344827586206897,MARGIN CALL ($0)
36,15,0.0,319,84,235,1.0,-100.0,26.332288401253916,MARGIN CALL ($0)
36,16,0.0,59,12,47,1.0,-100.0,20.33898305084746,MARGIN CALL ($0)
36,17,0.0,372,95,277,1.0,-100.0,25.537634408602152,MARGIN CALL ($0)
36,18,0.0,341,82,259,1.0,-100.0,24.04692082111437,MARGIN CALL ($0)
36,19,0.0,335,83,252,1.0,-100.0,24.776119402985074,MARGIN CALL ($0)
36,20,0.0,282,66,216,1.0,-100.0,23.404255319148938,MARGIN CALL ($0)
36,21,0.0,53,7,46,1.0,-100.0,13.20754716981132,MARGIN CALL ($0)
36,22,0.0,48,6,42,1.0,-100.0,12.5,MARGIN CALL ($0)
36,23,0.0,45,5,40,1.0,-100.0,11.11111111111111,MARGIN CALL ($0)
36,24,0.0,44,5,39,1.0,-100.0,11.363636363636363,MARGIN CALL ($0)
36,25,0.0,35,4,31,1.0,-100.0,11.428571428571429,MARGIN CALL ($0)
36,26,0.0,33,3,30,1.0,-100.0,9.090909090909092,MARGIN CALL ($0)
36,27,0.0,33,3,30,1.0,-100.0,9.090909090909092,MARGIN CALL ($0)
36,28,0.0,32,3,29,1.0,-100.0,9.375,MARGIN CALL ($0)
36,29,0.0,33,3,30,1.0,-100.0,9.090909090909092,MARGIN CALL ($0)
36,30,0.0,32,3,29,1.0,-100.0,9.375,MARGIN CALL ($0)
36,31,0.0,31,2,29,1.0,-100.0,6.451612903225806,MARGIN CALL ($0)
36,32,0.0,28,2,26,1.0,-100.0,7.142857142857142,MARGIN CALL ($0)
36,33,0.0,452,67,385,1.0,-100.0,14.823008849557523,MARGIN CALL ($0)
36,35,0.0,77,12,65,1.0,-100.0,15.584415584415584,MARGIN CALL ($0)
36,36,0.0,76,12,64,1.0,-100.0,15.789473684210526,MARGIN CALL ($0)
36,41,0.0,92,16,76,1.0,-100.0,17.391304347826086,MARGIN CALL ($0)
36,43,0.0,103,20,83,1.0,-100.0,19.41747572815534,MARGIN CALL ($0)
36,50,0.0,123,26,97,1.0,-100.0,21.138211382113823,MARGIN CALL ($0)
36,51,0.0,107,17,90,1.0,-100.0,15.887850467289718,MARGIN CALL ($0)
36,52,0.0,107,17,90,1.0,-100.0,15.887850467289718,MARGIN CALL ($0)
36,53,0.0,112,19,93,1.0,-100.0,16.964285714285715,MARGIN CALL ($0)
36,54,0.0,56,8,48,1.0,-100.0,14.285714285714285,MARGIN CALL ($0)
36,55,0.0,115,19,96,1.0,-100.0,16.52173913043478,MARGIN CALL ($0)
36,56,0.0,119,20,99,1.0,-100.0,16.80672268907563,MARGIN CALL ($0)
36,57,0.0,114,19,95,1.0,-100.0,16.666666666666664,MARGIN CALL ($0)
36,58,0.0,119,21,98,1.0,-100.0,17.647058823529413,MARGIN CALL ($0)
36,59,0.0,118,21,97,1.0,-100.0,17.796610169491526,MARGIN CALL ($0)
36,73,0.0,116,22,94,1.0,-100.0,18.96551724137931,MARGIN CALL ($0)
36,74,0.0,109,21,88,1.0,-100.0,19.26605504587156,MARGIN CALL ($0)
36,75,0.0,107,21,86,1.0,-100.0,19.626168224299064,MARGIN CALL ($0)
36,76,0.0,104,20,84,1.0,-100.0,19.230769230769234,MARGIN CALL ($0)
36,77,0.0,103,20,83,1.0,-100.0,19.41747572815534,MARGIN CALL ($0)
36,78,0.0,101,20,81,1.0,-100.0,19.801980198019802,MARGIN CALL ($0)
36,79,0.0,105,20,85,1.0,-100.0,19.047619047619047,MARGIN CALL ($0)
36,87,0.0,626,109,517,1.0,-100.0,17.412140575079874,MARGIN CALL ($0)
36,90,0.0,118,21,97,1.0,-100.0,17.796610169491526,MARGIN CALL ($0)
36,91,0.0,119,22,97,1.0,-100.0,18.487394957983195,MARGIN CALL ($0)
36,92,0.0,116,21,95,1.0,-100.0,18.103448275862068,MARGIN CALL ($0)
36,93,0.0,117,21,96,1.0,-100.0,17.94871794871795,MARGIN CALL ($0)
36,94,0.0,119,22,97,1.0,-100.0,18.487394957983195,MARGIN CALL ($0)
36,95,0.0,117,21,96,1.0,-100.0,17.94871794871795,MARGIN CALL ($0)
36,96,0.0,118,21,97,1.0,-100.0,17.796610169491526,MARGIN CALL ($0)
36,97,0.0,117,21,96,1.0,-100.0,17.94871794871795,MARGIN CALL ($0)
36,98,0.0,114,20,94,1.0,-100.0,17.543859649122805,MARGIN CALL ($0)
36,99,0.0,132,26,106,1.0,-100.0,19.696969696969695,MARGIN CALL ($0)
36,100,0.0,562,96,466,1.0,-100.0,17.08185053380783,MARGIN CALL ($0)
37,1,0.0,102,18,84,1.0,-100.0,17.647058823529413,MARGIN CALL ($0)
37,2,0.0,44,4,40,1.0,-100.0,9.090909090909092,MARGIN CALL ($0)
37,3,0.0,43,5,38,1.0,-100.0,11.627906976744185,MARGIN CALL ($0)
37,4,0.0,35,4,31,1.0,-100.0,11.428571428571429,MARGIN CALL ($0)
37,5,0.0,86,15,71,1.0,-100.0,17.441860465116278,MARGIN CALL ($0)
37,6,0.0,112,27,85,1.0,-100.0,24.107142857142858,MARGIN CALL ($0)
37,7,0.0,103,27,76,1.0,-100.0,26.21359223300971,MARGIN CALL ($0)
37,8,0.0,88,18,70,1.0,-100.0,20.454545454545457,MARGIN CALL ($0)
37,9,0.0,125,24,101,1.0,-100.0,19.2,MARGIN CALL ($0)
37,10,0.0,254,57,197,1.0,-100.0,22.440944881889763,MARGIN CALL ($0)
37,12,0.0,75,15,60,1.0,-100.0,20.0,MARGIN CALL ($0)
37,13,0.0,34,5,29,1.0,-100.0,14.705882352941178,MARGIN CALL ($0)
37,14,0.0,29,3,26,1.0,-100.0,10.344827586206897,MARGIN CALL ($0)
37,15,0.0,33,5,28,1.0,-100.0,15.151515151515152,MARGIN CALL ($0)
37,16,0.0,47,8,39,1.0,-100.0,17.02127659574468,MARGIN CALL ($0)
37,17,0.0,382,98,284,1.0,-100.0,25.654450261780106,MARGIN CALL ($0)
37,18,0.0,54,7,47,1.0,-100.0,12.962962962962962,MARGIN CALL ($0)
37,19,0.0,66,12,54,1.0,-100.0,18.181818181818183,MARGIN CALL ($0)
37,20,0.0,42,4,38,1.0,-100.0,9.523809523809524,MARGIN CALL ($0)
37,21,0.0,61,9,52,1.0,-100.0,14.754098360655737,MARGIN CALL ($0)
37,22,0.0,55,7,48,1.0,-100.0,12.727272727272727,MARGIN CALL ($0)
37,23,0.0,52,6,46,1.0,-100.0,11.538461538461538,MARGIN CALL ($0)
37,24,0.0,51,6,45,1.0,-100.0,11.76470588235294,MARGIN CALL ($0)
37,25,0.0,42,5,37,1.0,-100.0,11.904761904761903,MARGIN CALL ($0)
37,26,0.0,37,4,33,1.0,-100.0,10.81081081081081,MARGIN CALL ($0)
37,27,0.0,37,4,33,1.0,-100.0,10.81081081081081,MARGIN CALL ($0)
37,28,0.0,37,4,33,1.0,-100.0,10.81081081081081,MARGIN CALL ($0)
37,29,0.0,38,4,34,1.0,-100.0,10.526315789473683,MARGIN CALL ($0)
37,30,0.0,38,4,34,1.0,-100.0,10.526315789473683,MARGIN CALL ($0)
37,31,0.0,36,3,33,1.0,-100.0,8.333333333333332,MARGIN CALL ($0)
37,32,0.0,34,3,31,1.0,-100.0,8.823529411764707,MARGIN CALL ($0)
37,33,0.0,476,70,406,1.0,-100.0,14.705882352941178,MARGIN CALL ($0)
37,37,0.0,23,0,23,1.0,-100.0,0.0,MARGIN CALL ($0)
37,38,0.0,68,10,58,1.0,-100.0,14.705882352941178,MARGIN CALL ($0)
37,39,0.0,80,12,68,1.0,-100.0,15.0,MARGIN CALL ($0)
37,41,0.0,80,12,68,1.0,-100.0,15.0,MARGIN CALL ($0)
37,42,0.0,89,16,73,1.0,-100.0,17.97752808988764,MARGIN CALL ($0)
37,43,0.0,88,16,72,1.0,-100.0,18.181818181818183,MARGIN CALL ($0)
37,46,0.0,42,5,37,1.0,-100.0,11.904761904761903,MARGIN CALL ($0)
37,47,0.0,41,5,36,1.0,-100.0,12.195121951219512,MARGIN CALL ($0)
37,50,0.0,78,14,64,1.0,-100.0,17.94871794871795,MARGIN CALL ($0)
37,51,0.0,97,16,81,1.0,-100.0,16.49484536082474,MARGIN CALL ($0)
37,52,0.0,49,5,44,1.0,-100.0,10.204081632653061,MARGIN CALL ($0)
37,53,0.0,52,7,45,1.0,-100.0,13.461538461538462,MARGIN CALL ($0)
37,54,0.0,53,7,46,1.0,-100.0,13.20754716981132,MARGIN CALL ($0)
37,55,0.0,111,18,93,1.0,-100.0,16.216216216216218,MARGIN CALL ($0)
37,56,0.0,115,19,96,1.0,-100.0,16.52173913043478,MARGIN CALL ($0)
37,57,0.0,123,20,103,1.0,-100.0,16.260162601626014,MARGIN CALL ($0)
37,58,0.0,129,22,107,1.0,-100.0,17.05426356589147,MARGIN CALL ($0)
37,59,0.0,125,22,103,1.0,-100.0,17.599999999999998,MARGIN CALL ($0)
37,74,0.0,111,21,90,1.0,-100.0,18.91891891891892,MARGIN CALL ($0)
37,75,0.0,109,21,88,1.0,-100.0,19.26605504587156,MARGIN CALL ($0)
37,76,0.0,107,20,87,1.0,-100.0,18.69158878504673,MARGIN CALL ($0)
37,77,0.0,107,20,87,1.0,-100.0,18.69158878504673,MARGIN CALL ($0)
37,78,0.0,105,20,85,1.0,-100.0,19.047619047619047,MARGIN CALL ($0)
37,79,0.0,107,20,87,1.0,-100.0,18.69158878504673,MARGIN CALL ($0)
37,94,0.0,576,104,472,1.0,-100.0,18.055555555555554,MARGIN CALL ($0)
37,95,0.0,554,98,456,1.0,-100.0,17.689530685920577,MARGIN CALL ($0)
37,97,0.0,589,103,486,1.0,-100.0,17.487266553480477,MARGIN CALL ($0)
37,98,0.0,568,96,472,1.0,-100.0,16.901408450704224,MARGIN CALL ($0)
37,99,0.0,588,98,490,1.0,-100.0,16.666666666666664,MARGIN CALL ($0)
37,100,0.0,587,99,488,1.0,-100.0,16.86541737649063,MARGIN CALL ($0)
38,1,0.0,102,18,84,1.0,-100.0,17.647058823529413,MARGIN CALL ($0)
38,2,0.0,44,4,40,1.0,-100.0,9.090909090909092,MARGIN CALL ($0)
38,3,0.0,43,5,38,1.0,-100.0,11.627906976744185,MARGIN CALL ($0)
38,4,0.0,35,4,31,1.0,-100.0,11.428571428571429,MARGIN CALL ($0)
38,5,0.0,86,15,71,1.0,-100.0,17.441860465116278,MARGIN CALL ($0)
38,6,0.0,114,27,87,1.0,-100.0,23.684210526315788,MARGIN CALL ($0)
38,7,0.0,104,27,77,1.0,-100.0,25.961538461538463,MARGIN CALL ($0)
38,8,0.0,89,18,71,1.0,-100.0,20.224719101123593,MARGIN CALL ($0)
38,9,0.0,127,24,103,1.0,-100.0,18.89763779527559,MARGIN CALL ($0)
38,10,0.0,257,59,198,1.0,-100.0,22.957198443579767,MARGIN CALL ($0)
38,11,0.0,522,124,398,1.0,-100.0,23.754789272030653,MARGIN CALL ($0)
38,12,0.0,77,16,61,1.0,-100.0,20.77922077922078,MARGIN CALL ($0)
38,13,0.0,34,5,29,1.0,-100.0,14.705882352941178,MARGIN CALL ($0)
38,14,0.0,29,3,26,1.0,-100.0,10.344827586206897,MARGIN CALL ($0)
38,15,0.0,33,5,28,1.0,-100.0,15.151515151515152,MARGIN CALL ($0)
38,16,0.0,48,9,39,1.0,-100.0,18.75,MARGIN CALL ($0)
38,17,0.0,326,88,238,1.0,-100.0,26.993865030674847,MARGIN CALL ($0)
38,18,0.0,69,12,57,1.0,-100.0,17.391304347826086,MARGIN CALL ($0)
38,19,0.0,294,78,216,1.0,-100.0,26.53061224489796,MARGIN CALL ($0)
38,20,0.0,42,4,38,1.0,-100.0,9.523809523809524,MARGIN CALL ($0)
38,21,0.0,64,10,54,1.0,-100.0,15.625,MARGIN CALL ($0)
38,22,0.0,55,7,48,1.0,-100.0,12.727272727272727,MARGIN CALL ($0)
38,23,0.0,52,6,46,1.0,-100.0,11.538461538461538,MARGIN CALL ($0)
38,24,0.0,51,6,45,1.0,-100.0,11.76470588235294,MARGIN CALL ($0)
38,25,0.0,40,5,35,1.0,-100.0,12.5,MARGIN CALL ($0)
38,26,0.0,37,4,33,1.0,-100.0,10.81081081081081,MARGIN CALL ($0)
38,27,0.0,37,4,33,1.0,-100.0,10.81081081081081,MARGIN CALL ($0)
38,28,0.0,38,4,34,1.0,-100.0,10.526315789473683,MARGIN CALL ($0)
38,29,0.0,39,4,35,1.0,-100.0,10.256410256410255,MARGIN CALL ($0)
38,30,0.0,39,4,35,1.0,-100.0,10.256410256410255,MARGIN CALL ($0)
38,31,0.0,37,3,34,1.0,-100.0,8.108108108108109,MARGIN CALL ($0)
38,32,0.0,35,3,32,1.0,-100.0,8.571428571428571,MARGIN CALL ($0)
38,33,0.0,206,33,173,1.0,-100.0,16.019417475728158,MARGIN CALL ($0)
38,34,0.0,348,59,289,1.0,-100.0,16.954022988505745,MARGIN CALL ($0)
38,37,0.0,24,0,24,1.0,-100.0,0.0,MARGIN CALL ($0)
38,38,0.0,65,10,55,1.0,-100.0,15.384615384615385,MARGIN CALL ($0)
38,47,0.0,43,5,38,1.0,-100.0,11.627906976744185,MARGIN CALL ($0)
38,48,0.0,969,123,846,1.0,-100.0,12.693498452012383,MARGIN CALL ($0)
38,49,0.0,508,68,440,1.0,-100.0,13.385826771653544,MARGIN CALL ($0)
38,50,0.0,79,14,65,1.0,-100.0,17.72151898734177,MARGIN CALL ($0)
38,51,0.0,96,16,80,1.0,-100.0,16.666666666666664,MARGIN CALL ($0)
38,52,0.0,50,5,45,1.0,-100.0,10.0,MARGIN CALL ($0)
38,53,0.0,101,17,84,1.0,-100.0,16.831683168316832,MARGIN CALL ($0)
38,54,0.0,102,17,85,1.0,-100.0,16.666666666666664,MARGIN CALL ($0)
38,55,0.0,110,18,92,1.0,-100.0,16.363636363636363,MARGIN CALL ($0)
38,56,0.0,114,19,95,1.0,-100.0,16.666666666666664,MARGIN CALL ($0)
38,57,0.0,122,20,102,1.0,-100.0,16.39344262295082,MARGIN CALL ($0)
38,58,0.0,128,22,106,1.0,-100.0,17.1875,MARGIN CALL ($0)
38,59,0.0,126,22,104,1.0,-100.0,17.46031746031746,MARGIN CALL ($0)
38,74,0.0,110,21,89,1.0,-100.0,19.090909090909093,MARGIN CALL ($0)
38,75,0.0,109,21,88,1.0,-100.0,19.26605504587156,MARGIN CALL ($0)
38,76,0.0,107,20,87,1.0,-100.0,18.69158878504673,MARGIN CALL ($0)
38,77,0.0,106,20,86,1.0,-100.0,18.867924528301888,MARGIN CALL ($0)
38,78,0.0,104,20,84,1.0,-100.0,19.230769230769234,MARGIN CALL ($0)
38,79,0.0,105,20,85,1.0,-100.0,19.047619047619047,MARGIN CALL ($0)
38,85,0.0,525,98,427,1.0,-100.0,18.666666666666668,MARGIN CALL ($0)
38,86,0.0,463,85,378,1.0,-100.0,18.3585313174946,MARGIN CALL ($0)
38,87,0.0,395,69,326,1.0,-100.0,17.468354430379744,MARGIN CALL ($0)
38,88,0.0,585,105,480,1.0,-100.0,17.94871794871795,MARGIN CALL ($0)
38,90,0.0,1254,219,1035,1.0,-100.0,17.464114832535884,MARGIN CALL ($0)
38,91,0.0,473,96,377,1.0,-100.0,20.29598308668076,MARGIN CALL ($0)
38,93,0.0,520,97,423,1.0,-100.0,18.653846153846153,MARGIN CALL ($0)
38,94,0.0,468,87,381,1.0,-100.0,18.58974358974359,MARGIN CALL ($0)
38,95,0.0,391,72,319,1.0,-100.0,18.414322250639387,MARGIN CALL ($0)
38,96,0.0,496,89,407,1.0,-100.0,17.943548387096776,MARGIN CALL ($0)
38,97,0.0,520,95,425,1.0,-100.0,18.269230769230766,MARGIN CALL ($0)
38,98,0.0,463,82,381,1.0,-100.0,17.71058315334773,MARGIN CALL ($0)
38,99,0.0,526,93,433,1.0,-100.0,17.680608365019012,MARGIN CALL ($0)
38,100,0.0,8,0,8,1.0,-100.0,0.0,MARGIN CALL ($0)
39,1,0.0,100,18,82,1.0,-100.0,18.0,MARGIN CALL ($0)
39,2,0.0,44,4,40,1.0,-100.0,9.090909090909092,MARGIN CALL ($0)
39,3,0.0,43,5,38,1.0,-100.0,11.627906976744185,MARGIN CALL ($0)
39,4,0.0,35,4,31,1.0,-100.0,11.428571428571429,MARGIN CALL ($0)
39,5,0.0,86,15,71,1.0,-100.0,17.441860465116278,MARGIN CALL ($0)
39,6,0.0,114,27,87,1.0,-100.0,23.684210526315788,MARGIN CALL ($0)
39,7,0.0,104,27,77,1.0,-100.0,25.961538461538463,MARGIN CALL ($0)
39,8,0.0,89,18,71,1.0,-100.0,20.224719101123593,MARGIN CALL ($0)
39,9,0.0,127,24,103,1.0,-100.0,18.89763779527559,MARGIN CALL ($0)
39,10,0.0,255,59,196,1.0,-100.0,23.137254901960784,MARGIN CALL ($0)
39,11,0.0,523,124,399,1.0,-100.0,23.709369024856596,MARGIN CALL ($0)
39,12,0.0,77,16,61,1.0,-100.0,20.77922077922078,MARGIN CALL ($0)
39,13,0.0,34,5,29,1.0,-100.0,14.705882352941178,MARGIN CALL ($0)
39,14,0.0,29,3,26,1.0,-100.0,10.344827586206897,MARGIN CALL ($0)
39,15,0.0,33,5,28,1.0,-100.0,15.151515151515152,MARGIN CALL ($0)
39,16,0.0,48,9,39,1.0,-100.0,18.75,MARGIN CALL ($0)
39,17,0.0,348,93,255,1.0,-100.0,26.72413793103448,MARGIN CALL ($0)
39,18,0.0,54,7,47,1.0,-100.0,12.962962962962962,MARGIN CALL ($0)
39,19,0.0,65,12,53,1.0,-100.0,18.461538461538463,MARGIN CALL ($0)
39,20,0.0,42,4,38,1.0,-100.0,9.523809523809524,MARGIN CALL ($0)
39,21,0.0,72,13,59,1.0,-100.0,18.055555555555554,MARGIN CALL ($0)
39,22,0.0,55,7,48,1.0,-100.0,12.727272727272727,MARGIN CALL ($0)
39,23,0.0,52,6,46,1.0,-100.0,11.538461538461538,MARGIN CALL ($0)
39,24,0.0,51,6,45,1.0,-100.0,11.76470588235294,MARGIN CALL ($0)
39,25,0.0,41,5,36,1.0,-100.0,12.195121951219512,MARGIN CALL ($0)
39,26,0.0,37,4,33,1.0,-100.0,10.81081081081081,MARGIN CALL ($0)
39,27,0.0,37,4,33,1.0,-100.0,10.81081081081081,MARGIN CALL ($0)
39,28,0.0,38,4,34,1.0,-100.0,10.526315789473683,MARGIN CALL ($0)
39,29,0.0,38,4,34,1.0,-100.0,10.526315789473683,MARGIN CALL ($0)
39,30,0.0,38,4,34,1.0,-100.0,10.526315789473683,MARGIN CALL ($0)
39,31,0.0,36,3,33,1.0,-100.0,8.333333333333332,MARGIN CALL ($0)
39,32,0.0,35,3,32,1.0,-100.0,8.571428571428571,MARGIN CALL ($0)
39,33,0.0,406,65,341,1.0,-100.0,16.00985221674877,MARGIN CALL ($0)
39,34,0.0,402,66,336,1.0,-100.0,16.417910447761194,MARGIN CALL ($0)
39,37,0.0,25,0,25,1.0,-100.0,0.0,MARGIN CALL ($0)
39,38,0.0,65,10,55,1.0,-100.0,15.384615384615385,MARGIN CALL ($0)
39,50,0.0,87,18,69,1.0,-100.0,20.689655172413794,MARGIN CALL ($0)
39,51,0.0,96,16,80,1.0,-100.0,16.666666666666664,MARGIN CALL ($0)
39,52,0.0,94,15,79,1.0,-100.0,15.957446808510639,MARGIN CALL ($0)
39,53,0.0,109,18,91,1.0,-100.0,16.51376146788991,MARGIN CALL ($0)
39,54,0.0,110,18,92,1.0,-100.0,16.363636363636363,MARGIN CALL ($0)
39,55,0.0,117,19,98,1.0,-100.0,16.23931623931624,MARGIN CALL ($0)
39,56,0.0,121,20,101,1.0,-100.0,16.528925619834713,MARGIN CALL ($0)
39,57,0.0,125,20,105,1.0,-100.0,16.0,MARGIN CALL ($0)
39,58,0.0,136,24,112,1.0,-100.0,17.647058823529413,MARGIN CALL ($0)
39,59,0.0,122,22,100,1.0,-100.0,18.0327868852459,MARGIN CALL ($0)
39,60,0.0,556,93,463,1.0,-100.0,16.72661870503597,MARGIN CALL ($0)
39,77,0.0,109,20,89,1.0,-100.0,18.34862385321101,MARGIN CALL ($0)
39,78,0.0,107,20,87,1.0,-100.0,18.69158878504673,MARGIN CALL ($0)
39,79,0.0,108,20,88,1.0,-100.0,18.51851851851852,MARGIN CALL ($0)
39,82,0.0,588,103,485,1.0,-100.0,17.517006802721088,MARGIN CALL ($0)
39,83,0.0,1176,207,969,1.0,-100.0,17.602040816326532,MARGIN CALL ($0)
39,84,0.0,1202,215,987,1.0,-100.0,17.88685524126456,MARGIN CALL ($0)
39,85,0.0,357,65,292,1.0,-100.0,18.207282913165265,MARGIN CALL ($0)
39,86,0.0,339,58,281,1.0,-100.0,17.10914454277286,MARGIN CALL ($0)
39,87,0.0,299,50,249,1.0,-100.0,16.722408026755854,MARGIN CALL ($0)
39,88,0.0,561,102,459,1.0,-100.0,18.181818181818183,MARGIN CALL ($0)
39,89,0.0,1082,191,891,1.0,-100.0,17.652495378927913,MARGIN CALL ($0)
39,90,0.0,1071,188,883,1.0,-100.0,17.553688141923434,MARGIN CALL ($0)
39,91,0.0,547,106,441,1.0,-100.0,19.378427787934186,MARGIN CALL ($0)
39,93,0.0,553,98,455,1.0,-100.0,17.72151898734177,MARGIN CALL ($0)
39,94,0.0,543,95,448,1.0,-100.0,17.495395948434624,MARGIN CALL ($0)
39,95,0.0,455,80,375,1.0,-100.0,17.582417582417584,MARGIN CALL ($0)
39,96,0.0,546,93,453,1.0,-100.0,17.032967032967033,MARGIN CALL ($0)
39,97,0.0,537,92,445,1.0,-100.0,17.13221601489758,MARGIN CALL ($0)
39,98,0.0,518,87,431,1.0,-100.0,16.795366795366796,MARGIN CALL ($0)
39,99,0.0,495,85,410,1.0,-100.0,17.17171717171717,MARGIN CALL ($0)
39,100,0.0,495,84,411,1.0,-100.0,16.969696969696972,MARGIN CALL ($0)
40,1,0.0,100,18,82,1.0,-100.0,18.0,MARGIN CALL ($0)
40,2,0.0,44,4,40,1.0,-100.0,9.090909090909092,MARGIN CALL ($0)
40,3,0.0,43,5,38,1.0,-100.0,11.627906976744185,MARGIN CALL ($0)
40,4,0.0,35,4,31,1.0,-100.0,11.428571428571429,MARGIN CALL ($0)
40,5,0.0,89,15,74,1.0,-100.0,16.853932584269664,MARGIN CALL ($0)
40,6,0.0,114,27,87,1.0,-100.0,23.684210526315788,MARGIN CALL ($0)
40,7,0.0,76,16,60,1.0,-100.0,21.052631578947366,MARGIN CALL ($0)
40,8,0.0,71,12,59,1.0,-100.0,16.901408450704224,MARGIN CALL ($0)
40,9,0.0,82,15,67,1.0,-100.0,18.29268292682927,MARGIN CALL ($0)
40,10,0.0,79,15,64,1.0,-100.0,18.9873417721519,MARGIN CALL ($0)
40,11,0.0,69,12,57,1.0,-100.0,17.391304347826086,MARGIN CALL ($0)
40,12,0.0,429,103,326,1.0,-100.0,24.00932400932401,MARGIN CALL ($0)
40,13,0.0,34,5,29,1.0,-100.0,14.705882352941178,MARGIN CALL ($0)
40,14,0.0,29,3,26,1.0,-100.0,10.344827586206897,MARGIN CALL ($0)
40,15,0.0,33,5,28,1.0,-100.0,15.151515151515152,MARGIN CALL ($0)
40,16,0.0,48,9,39,1.0,-100.0,18.75,MARGIN CALL ($0)
40,17,0.0,353,95,258,1.0,-100.0,26.912181303116146,MARGIN CALL ($0)
40,18,0.0,42,5,37,1.0,-100.0,11.904761904761903,MARGIN CALL ($0)
40,19,0.0,42,5,37,1.0,-100.0,11.904761904761903,MARGIN CALL ($0)
40,20,0.0,34,4,30,1.0,-100.0,11.76470588235294,MARGIN CALL ($0)
40,21,0.0,50,7,43,1.0,-100.0,14.000000000000002,MARGIN CALL ($0)
40,22,0.0,46,6,40,1.0,-100.0,13.043478260869565,MARGIN CALL ($0)
40,23,0.0,41,5,36,1.0,-100.0,12.195121951219512,MARGIN CALL ($0)
40,24,0.0,42,5,37,1.0,-100.0,11.904761904761903,MARGIN CALL ($0)
40,25,0.0,40,5,35,1.0,-100.0,12.5,MARGIN CALL ($0)
40,26,0.0,37,4,33,1.0,-100.0,10.81081081081081,MARGIN CALL ($0)
40,27,0.0,37,4,33,1.0,-100.0,10.81081081081081,MARGIN CALL ($0)
40,28,0.0,38,4,34,1.0,-100.0,10.526315789473683,MARGIN CALL ($0)
40,29,0.0,38,4,34,1.0,-100.0,10.526315789473683,MARGIN CALL ($0)
40,30,0.0,38,4,34,1.0,-100.0,10.526315789473683,MARGIN CALL ($0)
40,31,0.0,36,3,33,1.0,-100.0,8.333333333333332,MARGIN CALL ($0)
40,32,0.0,35,3,32,1.0,-100.0,8.571428571428571,MARGIN CALL ($0)
40,33,0.0,422,70,352,1.0,-100.0,16.587677725118482,MARGIN CALL ($0)
40,34,0.0,394,67,327,1.0,-100.0,17.00507614213198,MARGIN CALL ($0)
40,37,0.0,25,0,25,1.0,-100.0,0.0,MARGIN CALL ($0)
40,38,0.0,65,10,55,1.0,-100.0,15.384615384615385,MARGIN CALL ($0)
40,40,0.0,63,10,53,1.0,-100.0,15.873015873015872,MARGIN CALL ($0)
40,50,0.0,93,19,74,1.0,-100.0,20.43010752688172,MARGIN CALL ($0)
40,51,0.0,94,15,79,1.0,-100.0,15.957446808510639,MARGIN CALL ($0)
40,52,0.0,92,15,77,1.0,-100.0,16.304347826086957,MARGIN CALL ($0)
40,53,0.0,101,17,84,1.0,-100.0,16.831683168316832,MARGIN CALL ($0)
40,54,0.0,102,17,85,1.0,-100.0,16.666666666666664,MARGIN CALL ($0)
40,55,0.0,112,18,94,1.0,-100.0,16.071428571428573,MARGIN CALL ($0)
40,56,0.0,109,18,91,1.0,-100.0,16.51376146788991,MARGIN CALL ($0)
40,57,0.0,103,17,86,1.0,-100.0,16.50485436893204,MARGIN CALL ($0)
40,58,0.0,109,18,91,1.0,-100.0,16.51376146788991,MARGIN CALL ($0)
40,59,0.0,107,18,89,1.0,-100.0,16.822429906542055,MARGIN CALL ($0)
40,74,0.0,97,18,79,1.0,-100.0,18.556701030927837,MARGIN CALL ($0)
40,75,0.0,37,6,31,1.0,-100.0,16.216216216216218,MARGIN CALL ($0)
40,76,0.0,36,5,31,1.0,-100.0,13.88888888888889,MARGIN CALL ($0)
40,77,0.0,35,5,30,1.0,-100.0,14.285714285714285,MARGIN CALL ($0)
40,78,0.0,27,4,23,1.0,-100.0,14.814814814814813,MARGIN CALL ($0)
40,79,0.0,28,4,24,1.0,-100.0,14.285714285714285,MARGIN CALL ($0)
40,80,0.0,103,18,85,1.0,-100.0,17.475728155339805,MARGIN CALL ($0)
40,81,0.0,102,18,84,1.0,-100.0,17.647058823529413,MARGIN CALL ($0)
40,89,0.0,12,1,11,1.0,-100.0,8.333333333333332,MARGIN CALL ($0)
40,90,0.0,12,1,11,1.0,-100.0,8.333333333333332,MARGIN CALL ($0)
40,91,0.0,10,0,10,1.0,-100.0,0.0,MARGIN CALL ($0)
40,92,0.0,11,1,10,1.0,-100.0,9.090909090909092,MARGIN CALL ($0)
40,93,0.0,11,1,10,1.0,-100.0,9.090909090909092,MARGIN CALL ($0)
40,94,0.0,9,0,9,1.0,-100.0,0.0,MARGIN CALL ($0)
40,95,0.0,9,0,9,1.0,-100.0,0.0,MARGIN CALL ($0)
40,96,0.0,9,0,9,1.0,-100.0,0.0,MARGIN CALL ($0)
40,97,0.0,9,0,9,1.0,-100.0,0.0,MARGIN CALL ($0)
40,98,0.0,9,0,9,1.0,-100.0,0.0,MARGIN CALL ($0)
40,99,0.0,9,0,9,1.0,-100.0,0.0,MARGIN CALL ($0)
40,100,0.0,9,0,9,1.0,-100.0,0.0,MARGIN CALL ($0)
41,1,0.0,100,18,82,1.0,-100.0,18.0,MARGIN CALL ($0)
41,2,0.0,44,4,40,1.0,-100.0,9.090909090909092,MARGIN CALL ($0)
41,3,0.0,43,5,38,1.0,-100.0,11.627906976744185,MARGIN CALL ($0)
41,4,0.0,35,4,31,1.0,-100.0,11.428571428571429,MARGIN CALL ($0)
41,5,0.0,87,15,72,1.0,-100.0,17.24137931034483,MARGIN CALL ($0)
41,6,0.0,114,27,87,1.0,-100.0,23.684210526315788,MARGIN CALL ($0)
41,7,0.0,143,37,106,1.0,-100.0,25.874125874125873,MARGIN CALL ($0)
41,8,0.0,73,12,61,1.0,-100.0,16.43835616438356,MARGIN CALL ($0)
41,9,0.0,82,15,67,1.0,-100.0,18.29268292682927,MARGIN CALL ($0)
41,10,0.0,78,15,63,1.0,-100.0,19.230769230769234,MARGIN CALL ($0)
41,11,0.0,69,12,57,1.0,-100.0,17.391304347826086,MARGIN CALL ($0)
41,12,0.0,76,16,60,1.0,-100.0,21.052631578947366,MARGIN CALL ($0)
41,13,0.0,34,5,29,1.0,-100.0,14.705882352941178,MARGIN CALL ($0)
41,14,0.0,29,3,26,1.0,-100.0,10.344827586206897,MARGIN CALL ($0)
41,15,0.0,33,5,28,1.0,-100.0,15.151515151515152,MARGIN CALL ($0)
41,16,0.0,48,9,39,1.0,-100.0,18.75,MARGIN CALL ($0)
41,17,0.0,348,94,254,1.0,-100.0,27.011494252873565,MARGIN CALL ($0)
41,18,0.0,42,5,37,1.0,-100.0,11.904761904761903,MARGIN CALL ($0)
41,19,0.0,42,5,37,1.0,-100.0,11.904761904761903,MARGIN CALL ($0)
41,20,0.0,34,4,30,1.0,-100.0,11.76470588235294,MARGIN CALL ($0)
41,21,0.0,50,7,43,1.0,-100.0,14.000000000000002,MARGIN CALL ($0)
41,22,0.0,46,6,40,1.0,-100.0,13.043478260869565,MARGIN CALL ($0)
41,23,0.0,41,5,36,1.0,-100.0,12.195121951219512,MARGIN CALL ($0)
41,24,0.0,42,5,37,1.0,-100.0,11.904761904761903,MARGIN CALL ($0)
41,25,0.0,40,5,35,1.0,-100.0,12.5,MARGIN CALL ($0)
41,26,0.0,37,4,33,1.0,-100.0,10.81081081081081,MARGIN CALL ($0)
41,27,0.0,37,4,33,1.0,-100.0,10.81081081081081,MARGIN CALL ($0)
41,28,0.0,38,4,34,1.0,-100.0,10.526315789473683,MARGIN CALL ($0)
41,29,0.0,38,4,34,1.0,-100.0,10.526315789473683,MARGIN CALL ($0)
41,30,0.0,38,4,34,1.0,-100.0,10.526315789473683,MARGIN CALL ($0)
41,31,0.0,36,3,33,1.0,-100.0,8.333333333333332,MARGIN CALL ($0)
41,32,0.0,35,3,32,1.0,-100.0,8.571428571428571,MARGIN CALL ($0)
41,33,0.0,225,35,190,1.0,-100.0,15.555555555555555,MARGIN CALL ($0)
41,34,0.0,375,63,312,1.0,-100.0,16.8,MARGIN CALL ($0)
41,35,0.0,86,13,73,1.0,-100.0,15.11627906976744,MARGIN CALL ($0)
41,36,0.0,85,13,72,1.0,-100.0,15.294117647058824,MARGIN CALL ($0)
41,37,0.0,24,0,24,1.0,-100.0,0.0,MARGIN CALL ($0)
41,38,0.0,69,11,58,1.0,-100.0,15.942028985507244,MARGIN CALL ($0)
41,41,0.0,51,5,46,1.0,-100.0,9.803921568627452,MARGIN CALL ($0)
41,47,0.0,303,38,265,1.0,-100.0,12.541254125412541,MARGIN CALL ($0)
41,49,0.0,326,42,284,1.0,-100.0,12.883435582822086,MARGIN CALL ($0)
41,50,0.0,90,18,72,1.0,-100.0,20.0,MARGIN CALL ($0)
41,51,0.0,85,14,71,1.0,-100.0,16.470588235294116,MARGIN CALL ($0)
41,52,0.0,85,14,71,1.0,-100.0,16.470588235294116,MARGIN CALL ($0)
41,53,0.0,92,16,76,1.0,-100.0,17.391304347826086,MARGIN CALL ($0)
41,54,0.0,93,16,77,1.0,-100.0,17.20430107526882,MARGIN CALL ($0)
41,55,0.0,102,14,88,1.0,-100.0,13.725490196078432,MARGIN CALL ($0)
41,56,0.0,99,14,85,1.0,-100.0,14.14141414141414,MARGIN CALL ($0)
41,57,0.0,94,13,81,1.0,-100.0,13.829787234042554,MARGIN CALL ($0)
41,58,0.0,97,14,83,1.0,-100.0,14.432989690721648,MARGIN CALL ($0)
41,59,0.0,95,14,81,1.0,-100.0,14.736842105263156,MARGIN CALL ($0)
41,60,0.0,314,51,263,1.0,-100.0,16.24203821656051,MARGIN CALL ($0)
41,64,0.0,36,5,31,1.0,-100.0,13.88888888888889,MARGIN CALL ($0)
41,66,0.0,35,5,30,1.0,-100.0,14.285714285714285,MARGIN CALL ($0)
41,69,0.0,36,5,31,1.0,-100.0,13.88888888888889,MARGIN CALL ($0)
41,73,0.0,93,15,78,1.0,-100.0,16.129032258064516,MARGIN CALL ($0)
41,74,0.0,36,6,30,1.0,-100.0,16.666666666666664,MARGIN CALL ($0)
41,75,0.0,35,6,29,1.0,-100.0,17.142857142857142,MARGIN CALL ($0)
41,76,0.0,33,5,28,1.0,-100.0,15.151515151515152,MARGIN CALL ($0)
41,77,0.0,28,4,24,1.0,-100.0,14.285714285714285,MARGIN CALL ($0)
41,78,0.0,27,4,23,1.0,-100.0,14.814814814814813,MARGIN CALL ($0)
41,79,0.0,28,4,24,1.0,-100.0,14.285714285714285,MARGIN CALL ($0)
41,80,0.0,97,14,83,1.0,-100.0,14.432989690721648,MARGIN CALL ($0)
41,81,0.0,97,14,83,1.0,-100.0,14.432989690721648,MARGIN CALL ($0)
41,82,0.0,95,13,82,1.0,-100.0,13.684210526315791,MARGIN CALL ($0)
41,85,0.0,220,37,183,1.0,-100.0,16.818181818181817,MARGIN CALL ($0)
41,86,0.0,303,51,252,1.0,-100.0,16.831683168316832,MARGIN CALL ($0)
41,87,0.0,217,34,183,1.0,-100.0,15.668202764976957,MARGIN CALL ($0)
41,89,0.0,12,1,11,1.0,-100.0,8.333333333333332,MARGIN CALL ($0)
41,90,0.0,12,1,11,1.0,-100.0,8.333333333333332,MARGIN CALL ($0)
41,91,0.0,10,0,10,1.0,-100.0,0.0,MARGIN CALL ($0)
41,92,0.0,11,1,10,1.0,-100.0,9.090909090909092,MARGIN CALL ($0)
41,93,0.0,11,1,10,1.0,-100.0,9.090909090909092,MARGIN CALL ($0)
41,94,0.0,9,0,9,1.0,-100.0,0.0,MARGIN CALL ($0)
41,95,0.0,9,0,9,1.0,-100.0,0.0,MARGIN CALL ($0)
41,96,0.0,9,0,9,1.0,-100.0,0.0,MARGIN CALL ($0)
41,97,0.0,9,0,9,1.0,-100.0,0.0,MARGIN CALL ($0)
41,98,0.0,9,0,9,1.0,-100.0,0.0,MARGIN CALL ($0)
41,99,0.0,9,0,9,1.0,-100.0,0.0,MARGIN CALL ($0)
41,100,0.0,9,0,9,1.0,-100.0,0.0,MARGIN CALL ($0)
42,1,0.0,100,18,82,1.0,-100.0,18.0,MARGIN CALL ($0)
42,2,0.0,44,4,40,1.0,-100.0,9.090909090909092,MARGIN CALL ($0)
42,3,0.0,43,5,38,1.0,-100.0,11.627906976744185,MARGIN CALL ($0)
42,4,0.0,35,4,31,1.0,-100.0,11.428571428571429,MARGIN CALL ($0)
42,5,0.0,87,15,72,1.0,-100.0,17.24137931034483,MARGIN CALL ($0)
42,6,0.0,104,23,81,1.0,-100.0,22.115384615384613,MARGIN CALL ($0)
42,7,0.0,105,27,78,1.0,-100.0,25.71428571428571,MARGIN CALL ($0)
42,8,0.0,89,18,71,1.0,-100.0,20.224719101123593,MARGIN CALL ($0)
42,9,0.0,268,62,206,1.0,-100.0,23.134328358208954,MARGIN CALL ($0)
42,10,0.0,254,61,193,1.0,-100.0,24.015748031496063,MARGIN CALL ($0)
42,12,0.0,76,15,61,1.0,-100.0,19.736842105263158,MARGIN CALL ($0)
42,13,0.0,34,5,29,1.0,-100.0,14.705882352941178,MARGIN CALL ($0)
42,14,0.0,29,3,26,1.0,-100.0,10.344827586206897,MARGIN CALL ($0)
42,15,0.0,33,5,28,1.0,-100.0,15.151515151515152,MARGIN CALL ($0)
42,16,0.0,348,94,254,1.0,-100.0,27.011494252873565,MARGIN CALL ($0)
42,17,0.0,335,95,240,1.0,-100.0,28.35820895522388,MARGIN CALL ($0)
42,18,0.0,308,87,221,1.0,-100.0,28.246753246753247,MARGIN CALL ($0)
42,19,0.0,300,85,215,1.0,-100.0,28.333333333333332,MARGIN CALL ($0)
42,20,0.0,374,84,290,1.0,-100.0,22.459893048128343,MARGIN CALL ($0)
42,21,0.0,564,116,448,1.0,-100.0,20.56737588652482,MARGIN CALL ($0)
42,22,0.0,76,15,61,1.0,-100.0,19.736842105263158,MARGIN CALL ($0)
42,23,0.0,60,10,50,1.0,-100.0,16.666666666666664,MARGIN CALL ($0)
42,24,0.0,74,14,60,1.0,-100.0,18.91891891891892,MARGIN CALL ($0)
42,25,0.0,40,5,35,1.0,-100.0,12.5,MARGIN CALL ($0)
42,26,0.0,37,4,33,1.0,-100.0,10.81081081081081,MARGIN CALL ($0)
42,27,0.0,37,4,33,1.0,-100.0,10.81081081081081,MARGIN CALL ($0)
42,28,0.0,38,4,34,1.0,-100.0,10.526315789473683,MARGIN CALL ($0)
42,29,0.0,38,4,34,1.0,-100.0,10.526315789473683,MARGIN CALL ($0)
42,30,0.0,45,6,39,1.0,-100.0,13.333333333333334,MARGIN CALL ($0)
42,31,0.0,238,43,195,1.0,-100.0,18.067226890756302,MARGIN CALL ($0)
42,32,0.0,90,11,79,1.0,-100.0,12.222222222222221,MARGIN CALL ($0)
42,33,0.0,222,37,185,1.0,-100.0,16.666666666666664,MARGIN CALL ($0)
42,34,0.0,294,53,241,1.0,-100.0,18.027210884353742,MARGIN CALL ($0)
42,36,0.0,96,17,79,1.0,-100.0,17.708333333333336,MARGIN CALL ($0)
42,37,0.0,72,13,59,1.0,-100.0,18.055555555555554,MARGIN CALL ($0)
42,38,0.0,81,15,66,1.0,-100.0,18.51851851851852,MARGIN CALL ($0)
42,50,0.0,99,19,80,1.0,-100.0,19.19191919191919,MARGIN CALL ($0)
42,51,0.0,118,20,98,1.0,-100.0,16.94915254237288,MARGIN CALL ($0)
42,52,0.0,116,20,96,1.0,-100.0,17.24137931034483,MARGIN CALL ($0)
42,53,0.0,116,19,97,1.0,-100.0,16.379310344827587,MARGIN CALL ($0)
42,54,0.0,117,19,98,1.0,-100.0,16.23931623931624,MARGIN CALL ($0)
42,55,0.0,124,20,104,1.0,-100.0,16.129032258064516,MARGIN CALL ($0)
42,56,0.0,122,20,102,1.0,-100.0,16.39344262295082,MARGIN CALL ($0)
42,57,0.0,124,21,103,1.0,-100.0,16.93548387096774,MARGIN CALL ($0)
42,58,0.0,128,24,104,1.0,-100.0,18.75,MARGIN CALL ($0)
42,59,0.0,122,23,99,1.0,-100.0,18.852459016393443,MARGIN CALL ($0)
42,60,0.0,147,26,121,1.0,-100.0,17.687074829931973,MARGIN CALL ($0)
42,61,0.0,146,25,121,1.0,-100.0,17.123287671232877,MARGIN CALL ($0)
42,74,0.0,106,19,87,1.0,-100.0,17.92452830188679,MARGIN CALL ($0)
42,75,0.0,107,19,88,1.0,-100.0,17.75700934579439,MARGIN CALL ($0)
42,76,0.0,107,19,88,1.0,-100.0,17.75700934579439,MARGIN CALL ($0)
42,77,0.0,105,19,86,1.0,-100.0,18.095238095238095,MARGIN CALL ($0)
42,78,0.0,106,19,87,1.0,-100.0,17.92452830188679,MARGIN CALL ($0)
42,79,0.0,108,19,89,1.0,-100.0,17.59259259259259,MARGIN CALL ($0)
42,81,0.0,1194,206,988,1.0,-100.0,17.252931323283082,MARGIN CALL ($0)
42,82,0.0,1188,210,978,1.0,-100.0,17.67676767676768,MARGIN CALL ($0)
42,85,0.0,155,34,121,1.0,-100.0,21.935483870967744,MARGIN CALL ($0)
42,86,0.0,241,42,199,1.0,-100.0,17.42738589211618,MARGIN CALL ($0)
42,87,0.0,226,40,186,1.0,-100.0,17.699115044247787,MARGIN CALL ($0)
42,88,0.0,1049,185,864,1.0,-100.0,17.63584366062917,MARGIN CALL ($0)
42,89,0.0,1027,184,843,1.0,-100.0,17.91626095423564,MARGIN CALL ($0)
42,90,0.0,1043,183,860,1.0,-100.0,17.545541706615534,MARGIN CALL ($0)
42,95,0.0,1160,197,963,1.0,-100.0,16.982758620689655,MARGIN CALL ($0)
42,98,0.0,1117,197,920,1.0,-100.0,17.636526410026857,MARGIN CALL ($0)
42,99,0.0,1122,201,921,1.0,-100.0,17.914438502673796,MARGIN CALL ($0)
43,1,0.0,100,18,82,1.0,-100.0,18.0,MARGIN CALL ($0)
43,2,0.0,44,4,40,1.0,-100.0,9.090909090909092,MARGIN CALL ($0)
43,3,0.0,43,5,38,1.0,-100.0,11.627906976744185,MARGIN CALL ($0)
43,4,0.0,35,4,31,1.0,-100.0,11.428571428571429,MARGIN CALL ($0)
43,5,0.0,86,15,71,1.0,-100.0,17.441860465116278,MARGIN CALL ($0)
43,6,0.0,104,23,81,1.0,-100.0,22.115384615384613,MARGIN CALL ($0)
43,7,0.0,142,37,105,1.0,-100.0,26.056338028169012,MARGIN CALL ($0)
43,8,0.0,89,18,71,1.0,-100.0,20.224719101123593,MARGIN CALL ($0)
43,9,0.0,276,64,212,1.0,-100.0,23.18840579710145,MARGIN CALL ($0)
43,10,0.0,462,102,360,1.0,-100.0,22.07792207792208,MARGIN CALL ($0)
43,12,0.0,73,14,59,1.0,-100.0,19.17808219178082,MARGIN CALL ($0)
43,13,0.0,34,5,29,1.0,-100.0,14.705882352941178,MARGIN CALL ($0)
43,14,0.0,30,3,27,1.0,-100.0,10.0,MARGIN CALL ($0)
43,15,0.0,32,5,27,1.0,-100.0,15.625,MARGIN CALL ($0)
43,16,0.0,345,88,257,1.0,-100.0,25.507246376811594,MARGIN CALL ($0)
43,17,0.0,332,91,241,1.0,-100.0,27.40963855421687,MARGIN CALL ($0)
43,18,0.0,304,87,217,1.0,-100.0,28.618421052631575,MARGIN CALL ($0)
43,19,0.0,295,85,210,1.0,-100.0,28.8135593220339,MARGIN CALL ($0)
43,20,0.0,374,84,290,1.0,-100.0,22.459893048128343,MARGIN CALL ($0)
43,21,0.0,394,83,311,1.0,-100.0,21.065989847715734,MARGIN CALL ($0)
43,23,0.0,76,15,61,1.0,-100.0,19.736842105263158,MARGIN CALL ($0)
43,24,0.0,168,39,129,1.0,-100.0,23.214285714285715,MARGIN CALL ($0)
43,25,0.0,38,5,33,1.0,-100.0,13.157894736842104,MARGIN CALL ($0)
43,26,0.0,36,4,32,1.0,-100.0,11.11111111111111,MARGIN CALL ($0)
43,27,0.0,35,4,31,1.0,-100.0,11.428571428571429,MARGIN CALL ($0)
43,28,0.0,37,4,33,1.0,-100.0,10.81081081081081,MARGIN CALL ($0)
43,29,0.0,37,4,33,1.0,-100.0,10.81081081081081,MARGIN CALL ($0)
43,30,0.0,44,6,38,1.0,-100.0,13.636363636363635,MARGIN CALL ($0)
43,31,0.0,240,43,197,1.0,-100.0,17.916666666666668,MARGIN CALL ($0)
43,32,0.0,88,11,77,1.0,-100.0,12.5,MARGIN CALL ($0)
43,33,0.0,217,37,180,1.0,-100.0,17.050691244239633,MARGIN CALL ($0)
43,34,0.0,233,41,192,1.0,-100.0,17.59656652360515,MARGIN CALL ($0)
43,35,0.0,96,16,80,1.0,-100.0,16.666666666666664,MARGIN CALL ($0)
43,36,0.0,97,17,80,1.0,-100.0,17.525773195876287,MARGIN CALL ($0)
43,37,0.0,72,13,59,1.0,-100.0,18.055555555555554,MARGIN CALL ($0)
43,38,0.0,81,15,66,1.0,-100.0,18.51851851851852,MARGIN CALL ($0)
43,50,0.0,85,15,70,1.0,-100.0,17.647058823529413,MARGIN CALL ($0)
43,51,0.0,102,16,86,1.0,-100.0,15.686274509803921,MARGIN CALL ($0)
43,52,0.0,96,15,81,1.0,-100.0,15.625,MARGIN CALL ($0)
43,53,0.0,101,15,86,1.0,-100.0,14.85148514851485,MARGIN CALL ($0)
43,54,0.0,98,15,83,1.0,-100.0,15.306122448979592,MARGIN CALL ($0)
43,55,0.0,102,16,86,1.0,-100.0,15.686274509803921,MARGIN CALL ($0)
43,56,0.0,101,16,85,1.0,-100.0,15.841584158415841,MARGIN CALL ($0)
43,57,0.0,103,17,86,1.0,-100.0,16.50485436893204,MARGIN CALL ($0)
43,58,0.0,108,19,89,1.0,-100.0,17.59259259259259,MARGIN CALL ($0)
43,59,0.0,107,19,88,1.0,-100.0,17.75700934579439,MARGIN CALL ($0)
43,60,0.0,118,19,99,1.0,-100.0,16.101694915254235,MARGIN CALL ($0)
43,61,0.0,117,18,99,1.0,-100.0,15.384615384615385,MARGIN CALL ($0)
43,69,0.0,112,18,94,1.0,-100.0,16.071428571428573,MARGIN CALL ($0)
43,70,0.0,115,18,97,1.0,-100.0,15.65217391304348,MARGIN CALL ($0)
43,71,0.0,109,19,90,1.0,-100.0,17.431192660550458,MARGIN CALL ($0)
43,72,0.0,94,16,78,1.0,-100.0,17.02127659574468,MARGIN CALL ($0)
43,73,0.0,94,16,78,1.0,-100.0,17.02127659574468,MARGIN CALL ($0)
43,74,0.0,88,16,72,1.0,-100.0,18.181818181818183,MARGIN CALL ($0)
43,75,0.0,88,16,72,1.0,-100.0,18.181818181818183,MARGIN CALL ($0)
43,76,0.0,87,16,71,1.0,-100.0,18.39080459770115,MARGIN CALL ($0)
43,77,0.0,87,16,71,1.0,-100.0,18.39080459770115,MARGIN CALL ($0)
43,78,0.0,86,16,70,1.0,-100.0,18.6046511627907,MARGIN CALL ($0)
43,79,0.0,87,16,71,1.0,-100.0,18.39080459770115,MARGIN CALL ($0)
43,83,0.0,901,157,744,1.0,-100.0,17.42508324084351,MARGIN CALL ($0)
43,84,0.0,1005,186,819,1.0,-100.0,18.507462686567163,MARGIN CALL ($0)
43,85,0.0,130,30,100,1.0,-100.0,23.076923076923077,MARGIN CALL ($0)
43,86,0.0,232,41,191,1.0,-100.0,17.67241379310345,MARGIN CALL ($0)
43,87,0.0,147,29,118,1.0,-100.0,19.727891156462583,MARGIN CALL ($0)
43,88,0.0,826,138,688,1.0,-100.0,16.707021791767556,MARGIN CALL ($0)
43,89,0.0,821,138,683,1.0,-100.0,16.808769792935443,MARGIN CALL ($0)
43,90,0.0,900,153,747,1.0,-100.0,17.0,MARGIN CALL ($0)
43,91,0.0,1005,178,827,1.0,-100.0,17.71144278606965,MARGIN CALL ($0)
43,93,0.0,1150,194,956,1.0,-100.0,16.869565217391305,MARGIN CALL ($0)
43,94,0.0,120,28,92,1.0,-100.0,23.333333333333332,MARGIN CALL ($0)
43,95,0.0,123,28,95,1.0,-100.0,22.76422764227642,MARGIN CALL ($0)
43,96,0.0,700,111,589,1.0,-100.0,15.857142857142856,MARGIN CALL ($0)
43,97,0.0,696,112,584,1.0,-100.0,16.091954022988507,MARGIN CALL ($0)
43,98,0.0,663,108,555,1.0,-100.0,16.289592760180994,MARGIN CALL ($0)
43,99,0.0,499,82,417,1.0,-100.0,16.432865731462925,MARGIN CALL ($0)
44,1,0.0,101,18,83,1.0,-100.0,17.82178217821782,MARGIN CALL ($0)
44,2,0.0,44,4,40,1.0,-100.0,9.090909090909092,MARGIN CALL ($0)
44,3,0.0,43,5,38,1.0,-100.0,11.627906976744185,MARGIN CALL ($0)
44,4,0.0,35,4,31,1.0,-100.0,11.428571428571429,MARGIN CALL ($0)
44,5,0.0,86,15,71,1.0,-100.0,17.441860465116278,MARGIN CALL ($0)
44,6,0.0,104,23,81,1.0,-100.0,22.115384615384613,MARGIN CALL ($0)
44,7,0.0,144,38,106,1.0,-100.0,26.38888888888889,MARGIN CALL ($0)
44,8,0.0,89,18,71,1.0,-100.0,20.224719101123593,MARGIN CALL ($0)
44,9,0.0,278,65,213,1.0,-100.0,23.381294964028775,MARGIN CALL ($0)
44,10,0.0,460,104,356,1.0,-100.0,22.608695652173914,MARGIN CALL ($0)
44,11,0.0,1343,293,1050,1.0,-100.0,21.816827997021594,MARGIN CALL ($0)
44,12,0.0,73,14,59,1.0,-100.0,19.17808219178082,MARGIN CALL ($0)
44,13,0.0,34,5,29,1.0,-100.0,14.705882352941178,MARGIN CALL ($0)
44,14,0.0,45,8,37,1.0,-100.0,17.77777777777778,MARGIN CALL ($0)
44,15,0.0,62,15,47,1.0,-100.0,24.193548387096776,MARGIN CALL ($0)
44,16,0.0,346,92,254,1.0,-100.0,26.589595375722542,MARGIN CALL ($0)
44,17,0.0,331,94,237,1.0,-100.0,28.3987915407855,MARGIN CALL ($0)
44,18,0.0,306,89,217,1.0,-100.0,29.08496732026144,MARGIN CALL ($0)
44,19,0.0,297,87,210,1.0,-100.0,29.292929292929294,MARGIN CALL ($0)
44,20,0.0,377,87,290,1.0,-100.0,23.076923076923077,MARGIN CALL ($0)
44,21,0.0,398,84,314,1.0,-100.0,21.105527638190953,MARGIN CALL ($0)
44,23,0.0,590,113,477,1.0,-100.0,19.152542372881356,MARGIN CALL ($0)
44,24,0.0,238,54,184,1.0,-100.0,22.689075630252102,MARGIN CALL ($0)
44,25,0.0,61,12,49,1.0,-100.0,19.672131147540984,MARGIN CALL ($0)
44,26,0.0,42,6,36,1.0,-100.0,14.285714285714285,MARGIN CALL ($0)
44,27,0.0,39,5,34,1.0,-100.0,12.82051282051282,MARGIN CALL ($0)
44,28,0.0,58,9,49,1.0,-100.0,15.517241379310345,MARGIN CALL ($0)
44,29,0.0,42,5,37,1.0,-100.0,11.904761904761903,MARGIN CALL ($0)
44,30,0.0,241,43,198,1.0,-100.0,17.842323651452283,MARGIN CALL ($0)
44,31,0.0,227,43,184,1.0,-100.0,18.94273127753304,MARGIN CALL ($0)
44,32,0.0,45,6,39,1.0,-100.0,13.333333333333334,MARGIN CALL ($0)
44,33,0.0,202,34,168,1.0,-100.0,16.831683168316832,MARGIN CALL ($0)
44,34,0.0,222,40,182,1.0,-100.0,18.01801801801802,MARGIN CALL ($0)
44,35,0.0,97,15,82,1.0,-100.0,15.463917525773196,MARGIN CALL ($0)
44,50,0.0,80,13,67,1.0,-100.0,16.25,MARGIN CALL ($0)
44,51,0.0,98,14,84,1.0,-100.0,14.285714285714285,MARGIN CALL ($0)
44,52,0.0,92,13,79,1.0,-100.0,14.130434782608695,MARGIN CALL ($0)
44,53,0.0,99,15,84,1.0,-100.0,15.151515151515152,MARGIN CALL ($0)
44,54,0.0,99,15,84,1.0,-100.0,15.151515151515152,MARGIN CALL ($0)
44,55,0.0,102,14,88,1.0,-100.0,13.725490196078432,MARGIN CALL ($0)
44,56,0.0,100,14,86,1.0,-100.0,14.000000000000002,MARGIN CALL ($0)
44,57,0.0,103,15,88,1.0,-100.0,14.563106796116504,MARGIN CALL ($0)
44,58,0.0,107,17,90,1.0,-100.0,15.887850467289718,MARGIN CALL ($0)
44,59,0.0,107,17,90,1.0,-100.0,15.887850467289718,MARGIN CALL ($0)
44,60,0.0,119,18,101,1.0,-100.0,15.126050420168067,MARGIN CALL ($0)
44,61,0.0,118,17,101,1.0,-100.0,14.40677966101695,MARGIN CALL ($0)
44,69,0.0,113,18,95,1.0,-100.0,15.929203539823009,MARGIN CALL ($0)
44,70,0.0,116,18,98,1.0,-100.0,15.517241379310345,MARGIN CALL ($0)
44,72,0.0,98,15,83,1.0,-100.0,15.306122448979592,MARGIN CALL ($0)
44,73,0.0,98,15,83,1.0,-100.0,15.306122448979592,MARGIN CALL ($0)
44,74,0.0,96,15,81,1.0,-100.0,15.625,MARGIN CALL ($0)
44,75,0.0,96,15,81,1.0,-100.0,15.625,MARGIN CALL ($0)
44,76,0.0,96,15,81,1.0,-100.0,15.625,MARGIN CALL ($0)
44,77,0.0,92,15,77,1.0,-100.0,16.304347826086957,MARGIN CALL ($0)
44,78,0.0,92,15,77,1.0,-100.0,16.304347826086957,MARGIN CALL ($0)
44,79,0.0,95,15,80,1.0,-100.0,15.789473684210526,MARGIN CALL ($0)
44,80,0.0,829,133,696,1.0,-100.0,16.043425814234016,MARGIN CALL ($0)
44,81,0.0,786,127,659,1.0,-100.0,16.157760814249365,MARGIN CALL ($0)
44,82,0.0,791,129,662,1.0,-100.0,16.308470290771176,MARGIN CALL ($0)
44,83,0.0,550,90,460,1.0,-100.0,16.363636363636363,MARGIN CALL ($0)
44,84,0.0,772,137,635,1.0,-100.0,17.746113989637305,MARGIN CALL ($0)
44,85,0.0,132,30,102,1.0,-100.0,22.727272727272727,MARGIN CALL ($0)
44,86,0.0,235,40,195,1.0,-100.0,17.02127659574468,MARGIN CALL ($0)
44,87,0.0,149,29,120,1.0,-100.0,19.463087248322147,MARGIN CALL ($0)
44,88,0.0,730,124,606,1.0,-100.0,16.986301369863014,MARGIN CALL ($0)
44,89,0.0,727,123,604,1.0,-100.0,16.91884456671252,MARGIN CALL ($0)
44,90,0.0,738,122,616,1.0,-100.0,16.53116531165312,MARGIN CALL ($0)
44,91,0.0,128,30,98,1.0,-100.0,23.4375,MARGIN CALL ($0)
44,92,0.0,129,29,100,1.0,-100.0,22.48062015503876,MARGIN CALL ($0)
44,93,0.0,128,30,98,1.0,-100.0,23.4375,MARGIN CALL ($0)
44,94,0.0,121,28,93,1.0,-100.0,23.140495867768596,MARGIN CALL ($0)
44,95,0.0,125,28,97,1.0,-100.0,22.400000000000002,MARGIN CALL ($0)
44,96,0.0,663,111,552,1.0,-100.0,16.7420814479638,MARGIN CALL ($0)
44,97,0.0,670,112,558,1.0,-100.0,16.716417910447763,MARGIN CALL ($0)
44,98,0.0,532,91,441,1.0,-100.0,17.105263157894736,MARGIN CALL ($0)
44,99,0.0,511,86,425,1.0,-100.0,16.829745596868882,MARGIN CALL ($0)
44,100,0.0,749,119,630,1.0,-100.0,15.887850467289718,MARGIN CALL ($0)
45,1,0.0,101,18,83,1.0,-100.0,17.82178217821782,MARGIN CALL ($0)
45,2,0.0,44,4,40,1.0,-100.0,9.090909090909092,MARGIN CALL ($0)
45,3,0.0,43,5,38,1.0,-100.0,11.627906976744185,MARGIN CALL ($0)
45,4,0.0,35,4,31,1.0,-100.0,11.428571428571429,MARGIN CALL ($0)
45,5,0.0,86,15,71,1.0,-100.0,17.441860465116278,MARGIN CALL ($0)
45,6,0.0,104,23,81,1.0,-100.0,22.115384615384613,MARGIN CALL ($0)
45,7,0.0,144,38,106,1.0,-100.0,26.38888888888889,MARGIN CALL ($0)
45,8,0.0,89,18,71,1.0,-100.0,20.224719101123593,MARGIN CALL ($0)
45,9,0.0,277,65,212,1.0,-100.0,23.465703971119133,MARGIN CALL ($0)
45,10,0.0,461,105,356,1.0,-100.0,22.7765726681128,MARGIN CALL ($0)
45,12,0.0,73,14,59,1.0,-100.0,19.17808219178082,MARGIN CALL ($0)
45,13,0.0,34,5,29,1.0,-100.0,14.705882352941178,MARGIN CALL ($0)
45,14,0.0,45,8,37,1.0,-100.0,17.77777777777778,MARGIN CALL ($0)
45,15,0.0,62,15,47,1.0,-100.0,24.193548387096776,MARGIN CALL ($0)
45,16,0.0,337,89,248,1.0,-100.0,26.409495548961427,MARGIN CALL ($0)
45,17,0.0,395,100,295,1.0,-100.0,25.31645569620253,MARGIN CALL ($0)
45,18,0.0,297,84,213,1.0,-100.0,28.28282828282828,MARGIN CALL ($0)
45,19,0.0,289,84,205,1.0,-100.0,29.06574394463668,MARGIN CALL ($0)
45,20,0.0,266,68,198,1.0,-100.0,25.563909774436087,MARGIN CALL ($0)
45,21,0.0,283,71,212,1.0,-100.0,25.08833922261484,MARGIN CALL ($0)
45,22,0.0,266,63,203,1.0,-100.0,23.684210526315788,MARGIN CALL ($0)
45,23,0.0,255,58,197,1.0,-100.0,22.745098039215687,MARGIN CALL ($0)
45,24,0.0,237,54,183,1.0,-100.0,22.78481012658228,MARGIN CALL ($0)
45,25,0.0,61,12,49,1.0,-100.0,19.672131147540984,MARGIN CALL ($0)
45,26,0.0,42,6,36,1.0,-100.0,14.285714285714285,MARGIN CALL ($0)
45,27,0.0,39,5,34,1.0,-100.0,12.82051282051282,MARGIN CALL ($0)
45,28,0.0,58,9,49,1.0,-100.0,15.517241379310345,MARGIN CALL ($0)
45,29,0.0,42,5,37,1.0,-100.0,11.904761904761903,MARGIN CALL ($0)
45,32,0.0,45,6,39,1.0,-100.0,13.333333333333334,MARGIN CALL ($0)
45,33,0.0,206,36,170,1.0,-100.0,17.475728155339805,MARGIN CALL ($0)
45,34,0.0,225,40,185,1.0,-100.0,17.77777777777778,MARGIN CALL ($0)
45,35,0.0,97,15,82,1.0,-100.0,15.463917525773196,MARGIN CALL ($0)
45,50,0.0,82,13,69,1.0,-100.0,15.853658536585366,MARGIN CALL ($0)
45,51,0.0,107,16,91,1.0,-100.0,14.953271028037381,MARGIN CALL ($0)
45,52,0.0,106,16,90,1.0,-100.0,15.09433962264151,MARGIN CALL ($0)
45,53,0.0,102,15,87,1.0,-100.0,14.705882352941178,MARGIN CALL ($0)
45,54,0.0,101,15,86,1.0,-100.0,14.85148514851485,MARGIN CALL ($0)
45,55,0.0,104,14,90,1.0,-100.0,13.461538461538462,MARGIN CALL ($0)
45,56,0.0,103,14,89,1.0,-100.0,13.592233009708737,MARGIN CALL ($0)
45,57,0.0,113,18,95,1.0,-100.0,15.929203539823009,MARGIN CALL ($0)
45,58,0.0,110,17,93,1.0,-100.0,15.454545454545453,MARGIN CALL ($0)
45,59,0.0,110,17,93,1.0,-100.0,15.454545454545453,MARGIN CALL ($0)
45,60,0.0,125,19,106,1.0,-100.0,15.2,MARGIN CALL ($0)
45,61,0.0,123,18,105,1.0,-100.0,14.634146341463413,MARGIN CALL ($0)
45,62,0.0,122,18,104,1.0,-100.0,14.754098360655737,MARGIN CALL ($0)
45,63,0.0,119,18,101,1.0,-100.0,15.126050420168067,MARGIN CALL ($0)
45,66,0.0,121,19,102,1.0,-100.0,15.702479338842975,MARGIN CALL ($0)
45,73,0.0,106,18,88,1.0,-100.0,16.9811320754717,MARGIN CALL ($0)
45,74,0.0,100,15,85,1.0,-100.0,15.0,MARGIN CALL ($0)
45,75,0.0,100,15,85,1.0,-100.0,15.0,MARGIN CALL ($0)
45,76,0.0,101,15,86,1.0,-100.0,14.85148514851485,MARGIN CALL ($0)
45,77,0.0,99,15,84,1.0,-100.0,15.151515151515152,MARGIN CALL ($0)
45,78,0.0,97,15,82,1.0,-100.0,15.463917525773196,MARGIN CALL ($0)
45,79,0.0,98,15,83,1.0,-100.0,15.306122448979592,MARGIN CALL ($0)
45,80,0.0,811,131,680,1.0,-100.0,16.152897657213316,MARGIN CALL ($0)
45,81,0.0,785,125,660,1.0,-100.0,15.92356687898089,MARGIN CALL ($0)
45,82,0.0,793,127,666,1.0,-100.0,16.01513240857503,MARGIN CALL ($0)
45,83,0.0,793,127,666,1.0,-100.0,16.01513240857503,MARGIN CALL ($0)
45,84,0.0,810,132,678,1.0,-100.0,16.296296296296298,MARGIN CALL ($0)
45,85,0.0,132,26,106,1.0,-100.0,19.696969696969695,MARGIN CALL ($0)
45,86,0.0,229,37,192,1.0,-100.0,16.157205240174672,MARGIN CALL ($0)
45,87,0.0,143,25,118,1.0,-100.0,17.482517482517483,MARGIN CALL ($0)
45,88,0.0,793,127,666,1.0,-100.0,16.01513240857503,MARGIN CALL ($0)
45,89,0.0,791,126,665,1.0,-100.0,15.929203539823009,MARGIN CALL ($0)
45,90,0.0,795,124,671,1.0,-100.0,15.59748427672956,MARGIN CALL ($0)
45,91,0.0,128,26,102,1.0,-100.0,20.3125,MARGIN CALL ($0)
45,92,0.0,129,26,103,1.0,-100.0,20.155038759689923,MARGIN CALL ($0)
45,93,0.0,128,27,101,1.0,-100.0,21.09375,MARGIN CALL ($0)
45,94,0.0,122,25,97,1.0,-100.0,20.491803278688526,MARGIN CALL ($0)
45,95,0.0,128,25,103,1.0,-100.0,19.53125,MARGIN CALL ($0)
45,96,0.0,132,28,104,1.0,-100.0,21.21212121212121,MARGIN CALL ($0)
45,97,0.0,131,29,102,1.0,-100.0,22.137404580152673,MARGIN CALL ($0)
45,98,0.0,127,28,99,1.0,-100.0,22.04724409448819,MARGIN CALL ($0)
45,99,0.0,519,80,439,1.0,-100.0,15.414258188824661,MARGIN CALL ($0)
46,1,0.0,101,18,83,1.0,-100.0,17.82178217821782,MARGIN CALL ($0)
46,2,0.0,44,4,40,1.0,-100.0,9.090909090909092,MARGIN CALL ($0)
46,3,0.0,43,5,38,1.0,-100.0,11.627906976744185,MARGIN CALL ($0)
46,4,0.0,35,4,31,1.0,-100.0,11.428571428571429,MARGIN CALL ($0)
46,5,0.0,85,15,70,1.0,-100.0,17.647058823529413,MARGIN CALL ($0)
46,6,0.0,100,23,77,1.0,-100.0,23.0,MARGIN CALL ($0)
46,7,0.0,104,27,77,1.0,-100.0,25.961538461538463,MARGIN CALL ($0)
46,8,0.0,88,18,70,1.0,-100.0,20.454545454545457,MARGIN CALL ($0)
46,9,0.0,277,65,212,1.0,-100.0,23.465703971119133,MARGIN CALL ($0)
46,12,0.0,73,14,59,1.0,-100.0,19.17808219178082,MARGIN CALL ($0)
46,13,0.0,34,5,29,1.0,-100.0,14.705882352941178,MARGIN CALL ($0)
46,14,0.0,45,8,37,1.0,-100.0,17.77777777777778,MARGIN CALL ($0)
46,15,0.0,62,15,47,1.0,-100.0,24.193548387096776,MARGIN CALL ($0)
46,16,0.0,60,12,48,1.0,-100.0,20.0,MARGIN CALL ($0)
46,18,0.0,288,80,208,1.0,-100.0,27.77777777777778,MARGIN CALL ($0)
46,20,0.0,258,64,194,1.0,-100.0,24.8062015503876,MARGIN CALL ($0)
46,21,0.0,278,68,210,1.0,-100.0,24.46043165467626,MARGIN CALL ($0)
46,22,0.0,57,9,48,1.0,-100.0,15.789473684210526,MARGIN CALL ($0)
46,23,0.0,55,8,47,1.0,-100.0,14.545454545454545,MARGIN CALL ($0)
46,24,0.0,70,13,57,1.0,-100.0,18.571428571428573,MARGIN CALL ($0)
46,25,0.0,61,12,49,1.0,-100.0,19.672131147540984,MARGIN CALL ($0)
46,26,0.0,42,6,36,1.0,-100.0,14.285714285714285,MARGIN CALL ($0)
46,27,0.0,39,5,34,1.0,-100.0,12.82051282051282,MARGIN CALL ($0)
46,28,0.0,58,9,49,1.0,-100.0,15.517241379310345,MARGIN CALL ($0)
46,29,0.0,42,5,37,1.0,-100.0,11.904761904761903,MARGIN CALL ($0)
46,30,0.0,41,5,36,1.0,-100.0,12.195121951219512,MARGIN CALL ($0)
46,31,0.0,39,4,35,1.0,-100.0,10.256410256410255,MARGIN CALL ($0)
46,32,0.0,37,4,33,1.0,-100.0,10.81081081081081,MARGIN CALL ($0)
46,33,0.0,209,35,174,1.0,-100.0,16.74641148325359,MARGIN CALL ($0)
46,34,0.0,221,39,182,1.0,-100.0,17.647058823529413,MARGIN CALL ($0)
46,35,0.0,92,14,78,1.0,-100.0,15.217391304347828,MARGIN CALL ($0)
46,50,0.0,79,12,67,1.0,-100.0,15.18987341772152,MARGIN CALL ($0)
46,51,0.0,102,15,87,1.0,-100.0,14.705882352941178,MARGIN CALL ($0)
46,52,0.0,101,15,86,1.0,-100.0,14.85148514851485,MARGIN CALL ($0)
46,53,0.0,99,14,85,1.0,-100.0,14.14141414141414,MARGIN CALL ($0)
46,54,0.0,99,14,85,1.0,-100.0,14.14141414141414,MARGIN CALL ($0)
46,55,0.0,102,13,89,1.0,-100.0,12.745098039215685,MARGIN CALL ($0)
46,56,0.0,101,13,88,1.0,-100.0,12.871287128712872,MARGIN CALL ($0)
46,57,0.0,109,17,92,1.0,-100.0,15.59633027522936,MARGIN CALL ($0)
46,58,0.0,107,16,91,1.0,-100.0,14.953271028037381,MARGIN CALL ($0)
46,59,0.0,106,16,90,1.0,-100.0,15.09433962264151,MARGIN CALL ($0)
46,60,0.0,141,21,120,1.0,-100.0,14.893617021276595,MARGIN CALL ($0)
46,61,0.0,162,24,138,1.0,-100.0,14.814814814814813,MARGIN CALL ($0)
46,66,0.0,119,18,101,1.0,-100.0,15.126050420168067,MARGIN CALL ($0)
46,74,0.0,100,15,85,1.0,-100.0,15.0,MARGIN CALL ($0)
46,75,0.0,100,15,85,1.0,-100.0,15.0,MARGIN CALL ($0)
46,76,0.0,101,15,86,1.0,-100.0,14.85148514851485,MARGIN CALL ($0)
46,77,0.0,98,15,83,1.0,-100.0,15.306122448979592,MARGIN CALL ($0)
46,78,0.0,97,15,82,1.0,-100.0,15.463917525773196,MARGIN CALL ($0)
46,79,0.0,98,15,83,1.0,-100.0,15.306122448979592,MARGIN CALL ($0)
46,80,0.0,958,146,812,1.0,-100.0,15.24008350730689,MARGIN CALL ($0)
46,81,0.0,909,135,774,1.0,-100.0,14.85148514851485,MARGIN CALL ($0)
46,82,0.0,909,134,775,1.0,-100.0,14.74147414741474,MARGIN CALL ($0)
46,83,0.0,912,134,778,1.0,-100.0,14.692982456140353,MARGIN CALL ($0)
46,85,0.0,129,27,102,1.0,-100.0,20.930232558139537,MARGIN CALL ($0)
46,86,0.0,228,35,193,1.0,-100.0,15.350877192982457,MARGIN CALL ($0)
46,87,0.0,211,32,179,1.0,-100.0,15.165876777251185,MARGIN CALL ($0)
47,1,0.0,102,19,83,1.0,-100.0,18.627450980392158,MARGIN CALL ($0)
47,2,0.0,44,4,40,1.0,-100.0,9.090909090909092,MARGIN CALL ($0)
47,3,0.0,43,5,38,1.0,-100.0,11.627906976744185,MARGIN CALL ($0)
47,4,0.0,35,4,31,1.0,-100.0,11.428571428571429,MARGIN CALL ($0)
47,5,0.0,85,15,70,1.0,-100.0,17.647058823529413,MARGIN CALL ($0)
47,6,0.0,101,23,78,1.0,-100.0,22.772277227722775,MARGIN CALL ($0)
47,7,0.0,104,27,77,1.0,-100.0,25.961538461538463,MARGIN CALL ($0)
47,8,0.0,91,19,72,1.0,-100.0,20.87912087912088,MARGIN CALL ($0)
47,9,0.0,281,67,214,1.0,-100.0,23.843416370106763,MARGIN CALL ($0)
47,12,0.0,71,13,58,1.0,-100.0,18.30985915492958,MARGIN CALL ($0)
47,13,0.0,34,5,29,1.0,-100.0,14.705882352941178,MARGIN CALL ($0)
47,14,0.0,62,13,49,1.0,-100.0,20.967741935483872,MARGIN CALL ($0)
47,15,0.0,59,14,45,1.0,-100.0,23.728813559322035,MARGIN CALL ($0)
47,16,0.0,58,11,47,1.0,-100.0,18.96551724137931,MARGIN CALL ($0)
47,18,0.0,287,81,206,1.0,-100.0,28.222996515679444,MARGIN CALL ($0)
47,19,0.0,706,153,553,1.0,-100.0,21.671388101983002,MARGIN CALL ($0)
47,20,0.0,260,65,195,1.0,-100.0,25.0,MARGIN CALL ($0)
47,21,0.0,280,68,212,1.0,-100.0,24.285714285714285,MARGIN CALL ($0)
47,22,0.0,59,10,49,1.0,-100.0,16.94915254237288,MARGIN CALL ($0)
47,23,0.0,57,9,48,1.0,-100.0,15.789473684210526,MARGIN CALL ($0)
47,24,0.0,232,52,180,1.0,-100.0,22.413793103448278,MARGIN CALL ($0)
47,25,0.0,45,7,38,1.0,-100.0,15.555555555555555,MARGIN CALL ($0)
47,26,0.0,40,5,35,1.0,-100.0,12.5,MARGIN CALL ($0)
47,27,0.0,39,5,34,1.0,-100.0,12.82051282051282,MARGIN CALL ($0)
47,28,0.0,60,10,50,1.0,-100.0,16.666666666666664,MARGIN CALL ($0)
47,29,0.0,45,6,39,1.0,-100.0,13.333333333333334,MARGIN CALL ($0)
47,30,0.0,44,6,38,1.0,-100.0,13.636363636363635,MARGIN CALL ($0)
47,32,0.0,39,5,34,1.0,-100.0,12.82051282051282,MARGIN CALL ($0)
47,33,0.0,203,35,168,1.0,-100.0,17.24137931034483,MARGIN CALL ($0)
47,34,0.0,217,39,178,1.0,-100.0,17.972350230414747,MARGIN CALL ($0)
47,35,0.0,92,14,78,1.0,-100.0,15.217391304347828,MARGIN CALL ($0)
47,36,0.0,104,19,85,1.0,-100.0,18.269230769230766,MARGIN CALL ($0)
47,37,0.0,99,19,80,1.0,-100.0,19.19191919191919,MARGIN CALL ($0)
47,41,0.0,90,17,73,1.0,-100.0,18.88888888888889,MARGIN CALL ($0)
47,42,0.0,277,35,242,1.0,-100.0,12.63537906137184,MARGIN CALL ($0)
47,48,0.0,673,80,593,1.0,-100.0,11.88707280832095,MARGIN CALL ($0)
47,49,0.0,702,87,615,1.0,-100.0,12.393162393162394,MARGIN CALL ($0)
47,50,0.0,78,12,66,1.0,-100.0,15.384615384615385,MARGIN CALL ($0)
47,51,0.0,102,15,87,1.0,-100.0,14.705882352941178,MARGIN CALL ($0)
47,52,0.0,102,15,87,1.0,-100.0,14.705882352941178,MARGIN CALL ($0)
47,53,0.0,100,14,86,1.0,-100.0,14.000000000000002,MARGIN CALL ($0)
47,54,0.0,99,14,85,1.0,-100.0,14.14141414141414,MARGIN CALL ($0)
47,55,0.0,103,13,90,1.0,-100.0,12.62135922330097,MARGIN CALL ($0)
47,56,0.0,101,13,88,1.0,-100.0,12.871287128712872,MARGIN CALL ($0)
47,57,0.0,110,17,93,1.0,-100.0,15.454545454545453,MARGIN CALL ($0)
47,58,0.0,108,16,92,1.0,-100.0,14.814814814814813,MARGIN CALL ($0)
47,59,0.0,108,16,92,1.0,-100.0,14.814814814814813,MARGIN CALL ($0)
47,60,0.0,141,21,120,1.0,-100.0,14.893617021276595,MARGIN CALL ($0)
47,63,0.0,115,16,99,1.0,-100.0,13.91304347826087,MARGIN CALL ($0)
47,66,0.0,120,18,102,1.0,-100.0,15.0,MARGIN CALL ($0)
47,73,0.0,105,16,89,1.0,-100.0,15.238095238095239,MARGIN CALL ($0)
47,74,0.0,101,15,86,1.0,-100.0,14.85148514851485,MARGIN CALL ($0)
47,75,0.0,100,15,85,1.0,-100.0,15.0,MARGIN CALL ($0)
47,76,0.0,100,15,85,1.0,-100.0,15.0,MARGIN CALL ($0)
47,77,0.0,96,15,81,1.0,-100.0,15.625,MARGIN CALL ($0)
47,78,0.0,95,15,80,1.0,-100.0,15.789473684210526,MARGIN CALL ($0)
47,79,0.0,95,15,80,1.0,-100.0,15.789473684210526,MARGIN CALL ($0)
47,85,0.0,131,27,104,1.0,-100.0,20.610687022900763,MARGIN CALL ($0)
47,86,0.0,232,35,197,1.0,-100.0,15.086206896551724,MARGIN CALL ($0)
47,87,0.0,220,33,187,1.0,-100.0,15.0,MARGIN CALL ($0)
47,91,0.0,129,28,101,1.0,-100.0,21.705426356589147,MARGIN CALL ($0)
47,92,0.0,129,28,101,1.0,-100.0,21.705426356589147,MARGIN CALL ($0)
47,93,0.0,128,29,99,1.0,-100.0,22.65625,MARGIN CALL ($0)
47,94,0.0,121,27,94,1.0,-100.0,22.31404958677686,MARGIN CALL ($0)
47,95,0.0,125,27,98,1.0,-100.0,21.6,MARGIN CALL ($0)
47,96,0.0,743,115,628,1.0,-100.0,15.477792732166892,MARGIN CALL ($0)
47,97,0.0,739,116,623,1.0,-100.0,15.696887686062247,MARGIN CALL ($0)
47,98,0.0,725,113,612,1.0,-100.0,15.586206896551724,MARGIN CALL ($0)
47,99,0.0,734,113,621,1.0,-100.0,15.39509536784741,MARGIN CALL ($0)
48,1,0.0,104,19,85,1.0,-100.0,18.269230769230766,MARGIN CALL ($0)
48,2,0.0,44,4,40,1.0,-100.0,9.090909090909092,MARGIN CALL ($0)
48,3,0.0,43,5,38,1.0,-100.0,11.627906976744185,MARGIN CALL ($0)
48,4,0.0,35,4,31,1.0,-100.0,11.428571428571429,MARGIN CALL ($0)
48,5,0.0,85,15,70,1.0,-100.0,17.647058823529413,MARGIN CALL ($0)
48,6,0.0,101,23,78,1.0,-100.0,22.772277227722775,MARGIN CALL ($0)
48,7,0.0,147,38,109,1.0,-100.0,25.850340136054424,MARGIN CALL ($0)
48,8,0.0,133,28,105,1.0,-100.0,21.052631578947366,MARGIN CALL ($0)
48,9,0.0,312,76,236,1.0,-100.0,24.358974358974358,MARGIN CALL ($0)
48,12,0.0,71,13,58,1.0,-100.0,18.30985915492958,MARGIN CALL ($0)
48,13,0.0,34,5,29,1.0,-100.0,14.705882352941178,MARGIN CALL ($0)
48,14,0.0,70,16,54,1.0,-100.0,22.857142857142858,MARGIN CALL ($0)
48,15,0.0,67,17,50,1.0,-100.0,25.37313432835821,MARGIN CALL ($0)
48,16,0.0,65,14,51,1.0,-100.0,21.53846153846154,MARGIN CALL ($0)
48,18,0.0,292,84,208,1.0,-100.0,28.767123287671232,MARGIN CALL ($0)
48,19,0.0,724,158,566,1.0,-100.0,21.823204419889503,MARGIN CALL ($0)
48,20,0.0,265,68,197,1.0,-100.0,25.660377358490567,MARGIN CALL ($0)
48,21,0.0,285,69,216,1.0,-100.0,24.210526315789473,MARGIN CALL ($0)
48,23,0.0,78,16,62,1.0,-100.0,20.51282051282051,MARGIN CALL ($0)
48,24,0.0,145,32,113,1.0,-100.0,22.06896551724138,MARGIN CALL ($0)
48,25,0.0,45,7,38,1.0,-100.0,15.555555555555555,MARGIN CALL ($0)
48,26,0.0,44,6,38,1.0,-100.0,13.636363636363635,MARGIN CALL ($0)
48,27,0.0,41,5,36,1.0,-100.0,12.195121951219512,MARGIN CALL ($0)
48,28,0.0,45,6,39,1.0,-100.0,13.333333333333334,MARGIN CALL ($0)
48,29,0.0,46,6,40,1.0,-100.0,13.043478260869565,MARGIN CALL ($0)
48,30,0.0,45,6,39,1.0,-100.0,13.333333333333334,MARGIN CALL ($0)
48,31,0.0,42,5,37,1.0,-100.0,11.904761904761903,MARGIN CALL ($0)
48,32,0.0,97,13,84,1.0,-100.0,13.402061855670103,MARGIN CALL ($0)
48,33,0.0,209,38,171,1.0,-100.0,18.181818181818183,MARGIN CALL ($0)
48,34,0.0,211,36,175,1.0,-100.0,17.061611374407583,MARGIN CALL ($0)
48,35,0.0,104,16,88,1.0,-100.0,15.384615384615385,MARGIN CALL ($0)
48,42,0.0,329,46,283,1.0,-100.0,13.98176291793313,MARGIN CALL ($0)
48,47,0.0,664,79,585,1.0,-100.0,11.897590361445783,MARGIN CALL ($0)
48,49,0.0,738,91,647,1.0,-100.0,12.330623306233063,MARGIN CALL ($0)
48,50,0.0,43,6,37,1.0,-100.0,13.953488372093023,MARGIN CALL ($0)
48,51,0.0,68,10,58,1.0,-100.0,14.705882352941178,MARGIN CALL ($0)
48,52,0.0,67,10,57,1.0,-100.0,14.925373134328357,MARGIN CALL ($0)
48,53,0.0,68,10,58,1.0,-100.0,14.705882352941178,MARGIN CALL ($0)
48,54,0.0,68,10,58,1.0,-100.0,14.705882352941178,MARGIN CALL ($0)
48,55,0.0,84,11,73,1.0,-100.0,13.095238095238097,MARGIN CALL ($0)
48,56,0.0,83,11,72,1.0,-100.0,13.253012048192772,MARGIN CALL ($0)
48,57,0.0,91,14,77,1.0,-100.0,15.384615384615385,MARGIN CALL ($0)
48,58,0.0,92,13,79,1.0,-100.0,14.130434782608695,MARGIN CALL ($0)
48,59,0.0,90,13,77,1.0,-100.0,14.444444444444443,MARGIN CALL ($0)
48,60,0.0,104,13,91,1.0,-100.0,12.5,MARGIN CALL ($0)
48,61,0.0,103,12,91,1.0,-100.0,11.650485436893204,MARGIN CALL ($0)
48,62,0.0,102,12,90,1.0,-100.0,11.76470588235294,MARGIN CALL ($0)
48,73,0.0,101,12,89,1.0,-100.0,11.881188118811881,MARGIN CALL ($0)
48,74,0.0,99,12,87,1.0,-100.0,12.121212121212121,MARGIN CALL ($0)
48,75,0.0,99,12,87,1.0,-100.0,12.121212121212121,MARGIN CALL ($0)
48,76,0.0,100,12,88,1.0,-100.0,12.0,MARGIN CALL ($0)
48,77,0.0,96,12,84,1.0,-100.0,12.5,MARGIN CALL ($0)
48,78,0.0,95,12,83,1.0,-100.0,12.631578947368421,MARGIN CALL ($0)
48,79,0.0,98,12,86,1.0,-100.0,12.244897959183673,MARGIN CALL ($0)
48,81,0.0,95,14,81,1.0,-100.0,14.736842105263156,MARGIN CALL ($0)
48,82,0.0,93,13,80,1.0,-100.0,13.978494623655912,MARGIN CALL ($0)
48,83,0.0,99,15,84,1.0,-100.0,15.151515151515152,MARGIN CALL ($0)
48,84,0.0,94,15,79,1.0,-100.0,15.957446808510639,MARGIN CALL ($0)
48,85,0.0,96,16,80,1.0,-100.0,16.666666666666664,MARGIN CALL ($0)
48,86,0.0,97,16,81,1.0,-100.0,16.49484536082474,MARGIN CALL ($0)
48,87,0.0,98,16,82,1.0,-100.0,16.3265306122449,MARGIN CALL ($0)
48,88,0.0,99,16,83,1.0,-100.0,16.161616161616163,MARGIN CALL ($0)
48,89,0.0,101,16,85,1.0,-100.0,15.841584158415841,MARGIN CALL ($0)
48,90,0.0,100,17,83,1.0,-100.0,17.0,MARGIN CALL ($0)
48,91,0.0,102,18,84,1.0,-100.0,17.647058823529413,MARGIN CALL ($0)
48,92,0.0,100,17,83,1.0,-100.0,17.0,MARGIN CALL ($0)
48,93,0.0,100,18,82,1.0,-100.0,18.0,MARGIN CALL ($0)
48,94,0.0,100,19,81,1.0,-100.0,19.0,MARGIN CALL ($0)
48,95,0.0,104,19,85,1.0,-100.0,18.269230769230766,MARGIN CALL ($0)
48,96,0.0,132,26,106,1.0,-100.0,19.696969696969695,MARGIN CALL ($0)
48,97,0.0,131,27,104,1.0,-100.0,20.610687022900763,MARGIN CALL ($0)
48,98,0.0,128,26,102,1.0,-100.0,20.3125,MARGIN CALL ($0)
48,99,0.0,709,100,609,1.0,-100.0,14.104372355430183,MARGIN CALL ($0)
49,1,0.0,105,19,86,1.0,-100.0,18.095238095238095,MARGIN CALL ($0)
49,2,0.0,44,4,40,1.0,-100.0,9.090909090909092,MARGIN CALL ($0)
49,3,0.0,43,5,38,1.0,-100.0,11.627906976744185,MARGIN CALL ($0)
49,4,0.0,35,4,31,1.0,-100.0,11.428571428571429,MARGIN CALL ($0)
49,5,0.0,85,15,70,1.0,-100.0,17.647058823529413,MARGIN CALL ($0)
49,6,0.0,105,24,81,1.0,-100.0,22.857142857142858,MARGIN CALL ($0)
49,7,0.0,145,38,107,1.0,-100.0,26.20689655172414,MARGIN CALL ($0)
49,8,0.0,132,28,104,1.0,-100.0,21.21212121212121,MARGIN CALL ($0)
49,9,0.0,311,76,235,1.0,-100.0,24.437299035369776,MARGIN CALL ($0)
49,12,0.0,79,16,63,1.0,-100.0,20.253164556962027,MARGIN CALL ($0)
49,13,0.0,34,5,29,1.0,-100.0,14.705882352941178,MARGIN CALL ($0)
49,14,0.0,220,58,162,1.0,-100.0,26.36363636363636,MARGIN CALL ($0)
49,15,0.0,223,64,159,1.0,-100.0,28.699551569506728,MARGIN CALL ($0)
49,16,0.0,65,14,51,1.0,-100.0,21.53846153846154,MARGIN CALL ($0)
49,18,0.0,289,83,206,1.0,-100.0,28.719723183391004,MARGIN CALL ($0)
49,19,0.0,736,159,577,1.0,-100.0,21.603260869565215,MARGIN CALL ($0)
49,20,0.0,264,67,197,1.0,-100.0,25.37878787878788,MARGIN CALL ($0)
49,23,0.0,78,15,63,1.0,-100.0,19.230769230769234,MARGIN CALL ($0)
49,24,0.0,143,31,112,1.0,-100.0,21.678321678321677,MARGIN CALL ($0)
49,25,0.0,45,7,38,1.0,-100.0,15.555555555555555,MARGIN CALL ($0)
49,26,0.0,43,6,37,1.0,-100.0,13.953488372093023,MARGIN CALL ($0)
49,27,0.0,40,5,35,1.0,-100.0,12.5,MARGIN CALL ($0)
49,28,0.0,57,8,49,1.0,-100.0,14.035087719298245,MARGIN CALL ($0)
49,29,0.0,46,6,40,1.0,-100.0,13.043478260869565,MARGIN CALL ($0)
49,30,0.0,45,6,39,1.0,-100.0,13.333333333333334,MARGIN CALL ($0)
49,31,0.0,890,145,745,1.0,-100.0,16.292134831460675,MARGIN CALL ($0)
49,32,0.0,97,13,84,1.0,-100.0,13.402061855670103,MARGIN CALL ($0)
49,33,0.0,409,70,339,1.0,-100.0,17.114914425427873,MARGIN CALL ($0)
49,34,0.0,315,50,265,1.0,-100.0,15.873015873015872,MARGIN CALL ($0)
49,35,0.0,104,16,88,1.0,-100.0,15.384615384615385,MARGIN CALL ($0)
49,42,0.0,313,45,268,1.0,-100.0,14.376996805111823,MARGIN CALL ($0)
49,47,0.0,689,87,602,1.0,-100.0,12.62699564586357,MARGIN CALL ($0)
49,50,0.0,44,7,37,1.0,-100.0,15.909090909090908,MARGIN CALL ($0)
49,51,0.0,67,10,57,1.0,-100.0,14.925373134328357,MARGIN CALL ($0)
49,52,0.0,67,10,57,1.0,-100.0,14.925373134328357,MARGIN CALL ($0)
49,53,0.0,69,10,59,1.0,-100.0,14.492753623188406,MARGIN CALL ($0)
49,54,0.0,69,10,59,1.0,-100.0,14.492753623188406,MARGIN CALL ($0)
49,55,0.0,82,11,71,1.0,-100.0,13.414634146341465,MARGIN CALL ($0)
49,56,0.0,82,11,71,1.0,-100.0,13.414634146341465,MARGIN CALL ($0)
49,57,0.0,93,14,79,1.0,-100.0,15.053763440860216,MARGIN CALL ($0)
49,58,0.0,93,13,80,1.0,-100.0,13.978494623655912,MARGIN CALL ($0)
49,59,0.0,92,13,79,1.0,-100.0,14.130434782608695,MARGIN CALL ($0)
49,60,0.0,103,13,90,1.0,-100.0,12.62135922330097,MARGIN CALL ($0)
49,61,0.0,102,12,90,1.0,-100.0,11.76470588235294,MARGIN CALL ($0)
49,62,0.0,100,12,88,1.0,-100.0,12.0,MARGIN CALL ($0)
49,74,0.0,97,12,85,1.0,-100.0,12.371134020618557,MARGIN CALL ($0)
49,75,0.0,97,12,85,1.0,-100.0,12.371134020618557,MARGIN CALL ($0)
49,76,0.0,100,12,88,1.0,-100.0,12.0,MARGIN CALL ($0)
49,77,0.0,97,12,85,1.0,-100.0,12.371134020618557,MARGIN CALL ($0)
49,78,0.0,96,12,84,1.0,-100.0,12.5,MARGIN CALL ($0)
49,79,0.0,96,12,84,1.0,-100.0,12.5,MARGIN CALL ($0)
49,81,0.0,95,14,81,1.0,-100.0,14.736842105263156,MARGIN CALL ($0)
49,82,0.0,92,13,79,1.0,-100.0,14.130434782608695,MARGIN CALL ($0)
49,83,0.0,95,14,81,1.0,-100.0,14.736842105263156,MARGIN CALL ($0)
49,84,0.0,93,14,79,1.0,-100.0,15.053763440860216,MARGIN CALL ($0)
49,85,0.0,95,15,80,1.0,-100.0,15.789473684210526,MARGIN CALL ($0)
49,86,0.0,93,15,78,1.0,-100.0,16.129032258064516,MARGIN CALL ($0)
49,87,0.0,93,15,78,1.0,-100.0,16.129032258064516,MARGIN CALL ($0)
49,88,0.0,94,15,79,1.0,-100.0,15.957446808510639,MARGIN CALL ($0)
49,89,0.0,94,15,79,1.0,-100.0,15.957446808510639,MARGIN CALL ($0)
49,90,0.0,94,16,78,1.0,-100.0,17.02127659574468,MARGIN CALL ($0)
49,91,0.0,93,16,77,1.0,-100.0,17.20430107526882,MARGIN CALL ($0)
49,92,0.0,93,16,77,1.0,-100.0,17.20430107526882,MARGIN CALL ($0)
49,93,0.0,94,16,78,1.0,-100.0,17.02127659574468,MARGIN CALL ($0)
49,94,0.0,97,18,79,1.0,-100.0,18.556701030927837,MARGIN CALL ($0)
49,95,0.0,94,16,78,1.0,-100.0,17.02127659574468,MARGIN CALL ($0)
49,96,0.0,95,16,79,1.0,-100.0,16.842105263157894,MARGIN CALL ($0)
49,97,0.0,95,16,79,1.0,-100.0,16.842105263157894,MARGIN CALL ($0)
49,98,0.0,92,16,76,1.0,-100.0,17.391304347826086,MARGIN CALL ($0)
49,99,0.0,132,28,104,1.0,-100.0,21.21212121212121,MARGIN CALL ($0)
50,1,0.0,105,19,86,1.0,-100.0,18.095238095238095,MARGIN CALL ($0)
50,2,0.0,44,4,40,1.0,-100.0,9.090909090909092,MARGIN CALL ($0)
50,3,0.0,43,5,38,1.0,-100.0,11.627906976744185,MARGIN CALL ($0)
50,4,0.0,35,4,31,1.0,-100.0,11.428571428571429,MARGIN CALL ($0)
50,5,0.0,85,15,70,1.0,-100.0,17.647058823529413,MARGIN CALL ($0)
50,6,0.0,105,24,81,1.0,-100.0,22.857142857142858,MARGIN CALL ($0)
50,7,0.0,145,38,107,1.0,-100.0,26.20689655172414,MARGIN CALL ($0)
50,8,0.0,132,28,104,1.0,-100.0,21.21212121212121,MARGIN CALL ($0)
50,9,0.0,308,77,231,1.0,-100.0,25.0,MARGIN CALL ($0)
50,12,0.0,79,16,63,1.0,-100.0,20.253164556962027,MARGIN CALL ($0)
50,13,0.0,34,5,29,1.0,-100.0,14.705882352941178,MARGIN CALL ($0)
50,14,0.0,220,58,162,1.0,-100.0,26.36363636363636,MARGIN CALL ($0)
50,15,0.0,220,63,157,1.0,-100.0,28.636363636363637,MARGIN CALL ($0)
50,16,0.0,65,14,51,1.0,-100.0,21.53846153846154,MARGIN CALL ($0)
50,17,0.0,318,91,227,1.0,-100.0,28.61635220125786,MARGIN CALL ($0)
50,18,0.0,215,61,154,1.0,-100.0,28.37209302325581,MARGIN CALL ($0)
50,19,0.0,291,83,208,1.0,-100.0,28.52233676975945,MARGIN CALL ($0)
50,20,0.0,266,68,198,1.0,-100.0,25.563909774436087,MARGIN CALL ($0)
50,23,0.0,78,15,63,1.0,-100.0,19.230769230769234,MARGIN CALL ($0)
50,24,0.0,143,31,112,1.0,-100.0,21.678321678321677,MARGIN CALL ($0)
50,25,0.0,46,7,39,1.0,-100.0,15.217391304347828,MARGIN CALL ($0)
50,26,0.0,44,6,38,1.0,-100.0,13.636363636363635,MARGIN CALL ($0)
50,27,0.0,40,5,35,1.0,-100.0,12.5,MARGIN CALL ($0)
50,28,0.0,59,8,51,1.0,-100.0,13.559322033898304,MARGIN CALL ($0)
50,29,0.0,46,6,40,1.0,-100.0,13.043478260869565,MARGIN CALL ($0)
50,30,0.0,45,6,39,1.0,-100.0,13.333333333333334,MARGIN CALL ($0)
50,31,0.0,332,56,276,1.0,-100.0,16.867469879518072,MARGIN CALL ($0)
50,32,0.0,103,13,90,1.0,-100.0,12.62135922330097,MARGIN CALL ($0)
50,33,0.0,252,40,212,1.0,-100.0,15.873015873015872,MARGIN CALL ($0)
50,34,0.0,297,46,251,1.0,-100.0,15.488215488215488,MARGIN CALL ($0)
50,35,0.0,104,16,88,1.0,-100.0,15.384615384615385,MARGIN CALL ($0)
50,41,0.0,92,17,75,1.0,-100.0,18.478260869565215,MARGIN CALL ($0)
50,42,0.0,108,20,88,1.0,-100.0,18.51851851851852,MARGIN CALL ($0)
50,43,0.0,93,16,77,1.0,-100.0,17.20430107526882,MARGIN CALL ($0)
50,44,0.0,99,14,85,1.0,-100.0,14.14141414141414,MARGIN CALL ($0)
50,47,0.0,588,69,519,1.0,-100.0,11.73469387755102,MARGIN CALL ($0)
50,48,0.0,65,9,56,1.0,-100.0,13.846153846153847,MARGIN CALL ($0)
50,49,0.0,64,9,55,1.0,-100.0,14.0625,MARGIN CALL ($0)
50,50,0.0,44,7,37,1.0,-100.0,15.909090909090908,MARGIN CALL ($0)
50,51,0.0,66,10,56,1.0,-100.0,15.151515151515152,MARGIN CALL ($0)
50,52,0.0,67,10,57,1.0,-100.0,14.925373134328357,MARGIN CALL ($0)
50,53,0.0,69,10,59,1.0,-100.0,14.492753623188406,MARGIN CALL ($0)
50,54,0.0,69,10,59,1.0,-100.0,14.492753623188406,MARGIN CALL ($0)
50,55,0.0,66,8,58,1.0,-100.0,12.121212121212121,MARGIN CALL ($0)
50,56,0.0,66,8,58,1.0,-100.0,12.121212121212121,MARGIN CALL ($0)
50,57,0.0,75,11,64,1.0,-100.0,14.666666666666666,MARGIN CALL ($0)
50,58,0.0,74,10,64,1.0,-100.0,13.513513513513514,MARGIN CALL ($0)
50,59,0.0,74,10,64,1.0,-100.0,13.513513513513514,MARGIN CALL ($0)
50,60,0.0,90,11,79,1.0,-100.0,12.222222222222221,MARGIN CALL ($0)
50,61,0.0,89,10,79,1.0,-100.0,11.235955056179774,MARGIN CALL ($0)
50,62,0.0,87,10,77,1.0,-100.0,11.494252873563218,MARGIN CALL ($0)
50,63,0.0,101,11,90,1.0,-100.0,10.891089108910892,MARGIN CALL ($0)
50,72,0.0,100,16,84,1.0,-100.0,16.0,MARGIN CALL ($0)
50,73,0.0,100,16,84,1.0,-100.0,16.0,MARGIN CALL ($0)
50,74,0.0,78,9,69,1.0,-100.0,11.538461538461538,MARGIN CALL ($0)
50,75,0.0,77,9,68,1.0,-100.0,11.688311688311687,MARGIN CALL ($0)
50,76,0.0,75,9,66,1.0,-100.0,12.0,MARGIN CALL ($0)
50,77,0.0,75,9,66,1.0,-100.0,12.0,MARGIN CALL ($0)
50,78,0.0,74,9,65,1.0,-100.0,12.162162162162163,MARGIN CALL ($0)
50,79,0.0,74,9,65,1.0,-100.0,12.162162162162163,MARGIN CALL ($0)
50,80,0.0,84,9,75,1.0,-100.0,10.714285714285714,MARGIN CALL ($0)
50,81,0.0,72,9,63,1.0,-100.0,12.5,MARGIN CALL ($0)
50,82,0.0,72,9,63,1.0,-100.0,12.5,MARGIN CALL ($0)
50,83,0.0,77,11,66,1.0,-100.0,14.285714285714285,MARGIN CALL ($0)
50,84,0.0,77,11,66,1.0,-100.0,14.285714285714285,MARGIN CALL ($0)
50,85,0.0,79,12,67,1.0,-100.0,15.18987341772152,MARGIN CALL ($0)
50,86,0.0,77,12,65,1.0,-100.0,15.584415584415584,MARGIN CALL ($0)
50,87,0.0,78,12,66,1.0,-100.0,15.384615384615385,MARGIN CALL ($0)
50,88,0.0,79,12,67,1.0,-100.0,15.18987341772152,MARGIN CALL ($0)
50,89,0.0,80,12,68,1.0,-100.0,15.0,MARGIN CALL ($0)
50,90,0.0,79,13,66,1.0,-100.0,16.455696202531644,MARGIN CALL ($0)
50,91,0.0,79,13,66,1.0,-100.0,16.455696202531644,MARGIN CALL ($0)
50,92,0.0,79,13,66,1.0,-100.0,16.455696202531644,MARGIN CALL ($0)
50,93,0.0,79,13,66,1.0,-100.0,16.455696202531644,MARGIN CALL ($0)
50,94,0.0,82,13,69,1.0,-100.0,15.853658536585366,MARGIN CALL ($0)
50,95,0.0,80,13,67,1.0,-100.0,16.25,MARGIN CALL ($0)
50,96,0.0,79,13,66,1.0,-100.0,16.455696202531644,MARGIN CALL ($0)
50,97,0.0,79,13,66,1.0,-100.0,16.455696202531644,MARGIN CALL ($0)
50,98,0.0,79,13,66,1.0,-100.0,16.455696202531644,MARGIN CALL ($0)
50,99,0.0,93,15,78,1.0,-100.0,16.129032258064516,MARGIN CALL ($0)
50,100,0.0,94,15,79,1.0,-100.0,15.957446808510639,MARGIN CALL ($0)
51,1,0.0,105,19,86,1.0,-100.0,18.095238095238095,MARGIN CALL ($0)
51,2,0.0,44,4,40,1.0,-100.0,9.090909090909092,MARGIN CALL ($0)
51,3,0.0,43,5,38,1.0,-100.0,11.627906976744185,MARGIN CALL ($0)
51,4,0.0,35,4,31,1.0,-100.0,11.428571428571429,MARGIN CALL ($0)
51,5,0.0,85,15,70,1.0,-100.0,17.647058823529413,MARGIN CALL ($0)
51,6,0.0,105,24,81,1.0,-100.0,22.857142857142858,MARGIN CALL ($0)
51,7,0.0,145,38,107,1.0,-100.0,26.20689655172414,MARGIN CALL ($0)
51,8,0.0,72,13,59,1.0,-100.0,18.055555555555554,MARGIN CALL ($0)
51,9,0.0,281,69,212,1.0,-100.0,24.555160142348754,MARGIN CALL ($0)
100,85,0.0,63,8,55,1.0,-100.0,12.698412698412698,MARGIN CALL ($0)
51,11,0.0,76,14,62,1.0,-100.0,18.421052631578945,MARGIN CALL ($0)
51,12,0.0,79,16,63,1.0,-100.0,20.253164556962027,MARGIN CALL ($0)
51,13,0.0,34,5,29,1.0,-100.0,14.705882352941178,MARGIN CALL ($0)
51,14,0.0,220,58,162,1.0,-100.0,26.36363636363636,MARGIN CALL ($0)
51,15,0.0,220,63,157,1.0,-100.0,28.636363636363637,MARGIN CALL ($0)
51,16,0.0,65,14,51,1.0,-100.0,21.53846153846154,MARGIN CALL ($0)
51,17,0.0,318,90,228,1.0,-100.0,28.30188679245283,MARGIN CALL ($0)
51,18,0.0,61,12,49,1.0,-100.0,19.672131147540984,MARGIN CALL ($0)
51,19,0.0,66,14,52,1.0,-100.0,21.21212121212121,MARGIN CALL ($0)
51,20,0.0,58,13,45,1.0,-100.0,22.413793103448278,MARGIN CALL ($0)
51,21,0.0,67,13,54,1.0,-100.0,19.402985074626866,MARGIN CALL ($0)
51,22,0.0,70,12,58,1.0,-100.0,17.142857142857142,MARGIN CALL ($0)
51,23,0.0,54,10,44,1.0,-100.0,18.51851851851852,MARGIN CALL ($0)
51,24,0.0,62,11,51,1.0,-100.0,17.741935483870968,MARGIN CALL ($0)
51,25,0.0,45,7,38,1.0,-100.0,15.555555555555555,MARGIN CALL ($0)
51,26,0.0,43,6,37,1.0,-100.0,13.953488372093023,MARGIN CALL ($0)
51,27,0.0,40,5,35,1.0,-100.0,12.5,MARGIN CALL ($0)
51,28,0.0,55,8,47,1.0,-100.0,14.545454545454545,MARGIN CALL ($0)
51,29,0.0,45,6,39,1.0,-100.0,13.333333333333334,MARGIN CALL ($0)
51,30,0.0,44,6,38,1.0,-100.0,13.636363636363635,MARGIN CALL ($0)
51,31,0.0,323,55,268,1.0,-100.0,17.027863777089784,MARGIN CALL ($0)
51,32,0.0,103,13,90,1.0,-100.0,12.62135922330097,MARGIN CALL ($0)
51,33,0.0,245,39,206,1.0,-100.0,15.918367346938775,MARGIN CALL ($0)
51,34,0.0,303,50,253,1.0,-100.0,16.5016501650165,MARGIN CALL ($0)
51,35,0.0,394,66,328,1.0,-100.0,16.751269035532996,MARGIN CALL ($0)
100,86,0.0,62,8,54,1.0,-100.0,12.903225806451612,MARGIN CALL ($0)
100,87,0.0,64,8,56,1.0,-100.0,12.5,MARGIN CALL ($0)
100,88,0.0,62,8,54,1.0,-100.0,12.903225806451612,MARGIN CALL ($0)
100,89,0.0,62,8,54,1.0,-100.0,12.903225806451612,MARGIN CALL ($0)
100,90,0.0,62,9,53,1.0,-100.0,14.516129032258066,MARGIN CALL ($0)
51,41,0.0,88,15,73,1.0,-100.0,17.045454545454543,MARGIN CALL ($0)
51,42,0.0,301,41,260,1.0,-100.0,13.621262458471762,MARGIN CALL ($0)
51,43,0.0,111,18,93,1.0,-100.0,16.216216216216218,MARGIN CALL ($0)
100,91,0.0,61,9,52,1.0,-100.0,14.754098360655737,MARGIN CALL ($0)
100,92,0.0,60,9,51,1.0,-100.0,15.0,MARGIN CALL ($0)
100,93,0.0,84,14,70,1.0,-100.0,16.666666666666664,MARGIN CALL ($0)
51,47,0.0,631,79,552,1.0,-100.0,12.519809825673534,MARGIN CALL ($0)
51,48,0.0,86,11,75,1.0,-100.0,12.790697674418606,MARGIN CALL ($0)
51,49,0.0,83,11,72,1.0,-100.0,13.253012048192772,MARGIN CALL ($0)
51,50,0.0,62,9,53,1.0,-100.0,14.516129032258066,MARGIN CALL ($0)
51,51,0.0,53,7,46,1.0,-100.0,13.20754716981132,MARGIN CALL ($0)
51,52,0.0,54,7,47,1.0,-100.0,12.962962962962962,MARGIN CALL ($0)
51,53,0.0,63,9,54,1.0,-100.0,14.285714285714285,MARGIN CALL ($0)
51,54,0.0,58,7,51,1.0,-100.0,12.068965517241379,MARGIN CALL ($0)
51,55,0.0,60,7,53,1.0,-100.0,11.666666666666666,MARGIN CALL ($0)
51,56,0.0,60,7,53,1.0,-100.0,11.666666666666666,MARGIN CALL ($0)
51,57,0.0,55,6,49,1.0,-100.0,10.909090909090908,MARGIN CALL ($0)
51,58,0.0,65,8,57,1.0,-100.0,12.307692307692308,MARGIN CALL ($0)
51,59,0.0,58,7,51,1.0,-100.0,12.068965517241379,MARGIN CALL ($0)
51,60,0.0,76,9,67,1.0,-100.0,11.842105263157894,MARGIN CALL ($0)
51,61,0.0,75,8,67,1.0,-100.0,10.666666666666668,MARGIN CALL ($0)
51,62,0.0,73,8,65,1.0,-100.0,10.95890410958904,MARGIN CALL ($0)
51,63,0.0,89,9,80,1.0,-100.0,10.112359550561797,MARGIN CALL ($0)
51,64,0.0,104,15,89,1.0,-100.0,14.423076923076922,MARGIN CALL ($0)
100,94,0.0,82,14,68,1.0,-100.0,17.073170731707318,MARGIN CALL ($0)
100,95,0.0,82,14,68,1.0,-100.0,17.073170731707318,MARGIN CALL ($0)
100,96,0.0,83,14,69,1.0,-100.0,16.867469879518072,MARGIN CALL ($0)
100,97,0.0,83,15,68,1.0,-100.0,18.072289156626507,MARGIN CALL ($0)
51,69,0.0,118,20,98,1.0,-100.0,16.94915254237288,MARGIN CALL ($0)
51,70,0.0,118,20,98,1.0,-100.0,16.94915254237288,MARGIN CALL ($0)
100,98,0.0,81,15,66,1.0,-100.0,18.51851851851852,MARGIN CALL ($0)
100,99,0.0,77,14,63,1.0,-100.0,18.181818181818183,MARGIN CALL ($0)
51,73,0.0,108,20,88,1.0,-100.0,18.51851851851852,MARGIN CALL ($0)
51,74,0.0,41,5,36,1.0,-100.0,12.195121951219512,MARGIN CALL ($0)
51,75,0.0,34,4,30,1.0,-100.0,11.76470588235294,MARGIN CALL ($0)
51,76,0.0,34,4,30,1.0,-100.0,11.76470588235294,MARGIN CALL ($0)
51,77,0.0,34,4,30,1.0,-100.0,11.76470588235294,MARGIN CALL ($0)
51,78,0.0,34,4,30,1.0,-100.0,11.76470588235294,MARGIN CALL ($0)
51,79,0.0,34,4,30,1.0,-100.0,11.76470588235294,MARGIN CALL ($0)
51,80,0.0,91,11,80,1.0,-100.0,12.087912087912088,MARGIN CALL ($0)
51,81,0.0,74,8,66,1.0,-100.0,10.81081081081081,MARGIN CALL ($0)
51,82,0.0,74,8,66,1.0,-100.0,10.81081081081081,MARGIN CALL ($0)
51,83,0.0,80,10,70,1.0,-100.0,12.5,MARGIN CALL ($0)
51,84,0.0,85,13,72,1.0,-100.0,15.294117647058824,MARGIN CALL ($0)
51,85,0.0,87,14,73,1.0,-100.0,16.091954022988507,MARGIN CALL ($0)
51,86,0.0,79,11,68,1.0,-100.0,13.924050632911392,MARGIN CALL ($0)
51,87,0.0,80,11,69,1.0,-100.0,13.750000000000002,MARGIN CALL ($0)
51,88,0.0,87,14,73,1.0,-100.0,16.091954022988507,MARGIN CALL ($0)
51,89,0.0,88,14,74,1.0,-100.0,15.909090909090908,MARGIN CALL ($0)
51,90,0.0,87,15,72,1.0,-100.0,17.24137931034483,MARGIN CALL ($0)
51,91,0.0,87,15,72,1.0,-100.0,17.24137931034483,MARGIN CALL ($0)
51,92,0.0,88,15,73,1.0,-100.0,17.045454545454543,MARGIN CALL ($0)
51,93,0.0,88,15,73,1.0,-100.0,17.045454545454543,MARGIN CALL ($0)
51,94,0.0,87,15,72,1.0,-100.0,17.24137931034483,MARGIN CALL ($0)
51,95,0.0,88,15,73,1.0,-100.0,17.045454545454543,MARGIN CALL ($0)
51,96,0.0,88,15,73,1.0,-100.0,17.045454545454543,MARGIN CALL ($0)
51,97,0.0,88,15,73,1.0,-100.0,17.045454545454543,MARGIN CALL ($0)
51,98,0.0,87,15,72,1.0,-100.0,17.24137931034483,MARGIN CALL ($0)
51,99,0.0,95,17,78,1.0,-100.0,17.894736842105264,MARGIN CALL ($0)
51,100,0.0,97,17,80,1.0,-100.0,17.525773195876287,MARGIN CALL ($0)
52,1,0.0,104,19,85,1.0,-100.0,18.269230769230766,MARGIN CALL ($0)
52,2,0.0,44,4,40,1.0,-100.0,9.090909090909092,MARGIN CALL ($0)
52,3,0.0,43,5,38,1.0,-100.0,11.627906976744185,MARGIN CALL ($0)
52,4,0.0,35,4,31,1.0,-100.0,11.428571428571429,MARGIN CALL ($0)
52,5,0.0,85,15,70,1.0,-100.0,17.647058823529413,MARGIN CALL ($0)
52,6,0.0,105,24,81,1.0,-100.0,22.857142857142858,MARGIN CALL ($0)
52,7,0.0,144,37,107,1.0,-100.0,25.694444444444443,MARGIN CALL ($0)
52,8,0.0,72,13,59,1.0,-100.0,18.055555555555554,MARGIN CALL ($0)
52,9,0.0,277,66,211,1.0,-100.0,23.826714801444044,MARGIN CALL ($0)
52,10,0.0,256,62,194,1.0,-100.0,24.21875,MARGIN CALL ($0)
52,11,0.0,75,14,61,1.0,-100.0,18.666666666666668,MARGIN CALL ($0)
52,12,0.0,78,16,62,1.0,-100.0,20.51282051282051,MARGIN CALL ($0)
52,13,0.0,34,5,29,1.0,-100.0,14.705882352941178,MARGIN CALL ($0)
52,14,0.0,213,55,158,1.0,-100.0,25.821596244131456,MARGIN CALL ($0)
52,15,0.0,65,17,48,1.0,-100.0,26.153846153846157,MARGIN CALL ($0)
52,16,0.0,62,14,48,1.0,-100.0,22.58064516129032,MARGIN CALL ($0)
52,17,0.0,232,67,165,1.0,-100.0,28.879310344827587,MARGIN CALL ($0)
52,18,0.0,62,12,50,1.0,-100.0,19.35483870967742,MARGIN CALL ($0)
52,19,0.0,67,14,53,1.0,-100.0,20.8955223880597,MARGIN CALL ($0)
52,20,0.0,61,13,48,1.0,-100.0,21.311475409836063,MARGIN CALL ($0)
52,21,0.0,70,13,57,1.0,-100.0,18.571428571428573,MARGIN CALL ($0)
52,22,0.0,72,12,60,1.0,-100.0,16.666666666666664,MARGIN CALL ($0)
52,23,0.0,58,11,47,1.0,-100.0,18.96551724137931,MARGIN CALL ($0)
52,24,0.0,64,11,53,1.0,-100.0,17.1875,MARGIN CALL ($0)
52,25,0.0,45,7,38,1.0,-100.0,15.555555555555555,MARGIN CALL ($0)
52,26,0.0,40,5,35,1.0,-100.0,12.5,MARGIN CALL ($0)
52,27,0.0,40,5,35,1.0,-100.0,12.5,MARGIN CALL ($0)
52,28,0.0,57,8,49,1.0,-100.0,14.035087719298245,MARGIN CALL ($0)
52,29,0.0,58,8,50,1.0,-100.0,13.793103448275861,MARGIN CALL ($0)
52,30,0.0,45,6,39,1.0,-100.0,13.333333333333334,MARGIN CALL ($0)
52,31,0.0,267,43,224,1.0,-100.0,16.10486891385768,MARGIN CALL ($0)
52,32,0.0,239,37,202,1.0,-100.0,15.481171548117153,MARGIN CALL ($0)
52,33,0.0,232,37,195,1.0,-100.0,15.948275862068966,MARGIN CALL ($0)
52,34,0.0,241,37,204,1.0,-100.0,15.352697095435685,MARGIN CALL ($0)
52,35,0.0,374,63,311,1.0,-100.0,16.844919786096256,MARGIN CALL ($0)
100,100,0.0,79,14,65,1.0,-100.0,17.72151898734177,MARGIN CALL ($0)
1,17,0.0,477,140,337,1.0,-100.0,29.350104821802937,MARGIN CALL ($0)
1,18,0.0,390,116,274,1.0,-100.0,29.743589743589745,MARGIN CALL ($0)
1,19,0.0,515,151,364,1.0,-100.0,29.320388349514566,MARGIN CALL ($0)
1,20,0.0,661,190,471,1.0,-100.0,28.74432677760968,MARGIN CALL ($0)
52,41,0.0,85,14,71,1.0,-100.0,16.470588235294116,MARGIN CALL ($0)
52,42,0.0,295,40,255,1.0,-100.0,13.559322033898304,MARGIN CALL ($0)
52,43,0.0,107,17,90,1.0,-100.0,15.887850467289718,MARGIN CALL ($0)
1,21,0.0,711,196,515,1.0,-100.0,27.566807313642755,MARGIN CALL ($0)
1,22,0.0,630,180,450,1.0,-100.0,28.57142857142857,MARGIN CALL ($0)
1,23,0.0,579,171,408,1.0,-100.0,29.533678756476682,MARGIN CALL ($0)
52,47,0.0,641,79,562,1.0,-100.0,12.324492979719189,MARGIN CALL ($0)
52,48,0.0,86,11,75,1.0,-100.0,12.790697674418606,MARGIN CALL ($0)
52,49,0.0,83,11,72,1.0,-100.0,13.253012048192772,MARGIN CALL ($0)
52,50,0.0,63,9,54,1.0,-100.0,14.285714285714285,MARGIN CALL ($0)
52,51,0.0,54,7,47,1.0,-100.0,12.962962962962962,MARGIN CALL ($0)
52,52,0.0,51,6,45,1.0,-100.0,11.76470588235294,MARGIN CALL ($0)
52,53,0.0,54,6,48,1.0,-100.0,11.11111111111111,MARGIN CALL ($0)
52,54,0.0,55,6,49,1.0,-100.0,10.909090909090908,MARGIN CALL ($0)
52,55,0.0,56,6,50,1.0,-100.0,10.714285714285714,MARGIN CALL ($0)
52,56,0.0,56,6,50,1.0,-100.0,10.714285714285714,MARGIN CALL ($0)
52,57,0.0,57,6,51,1.0,-100.0,10.526315789473683,MARGIN CALL ($0)
52,58,0.0,61,7,54,1.0,-100.0,11.475409836065573,MARGIN CALL ($0)
52,59,0.0,58,7,51,1.0,-100.0,12.068965517241379,MARGIN CALL ($0)
52,60,0.0,73,8,65,1.0,-100.0,10.95890410958904,MARGIN CALL ($0)
52,61,0.0,73,8,65,1.0,-100.0,10.95890410958904,MARGIN CALL ($0)
52,62,0.0,72,8,64,1.0,-100.0,11.11111111111111,MARGIN CALL ($0)
52,63,0.0,88,9,79,1.0,-100.0,10.227272727272728,MARGIN CALL ($0)
52,64,0.0,100,14,86,1.0,-100.0,14.000000000000002,MARGIN CALL ($0)
52,65,0.0,101,15,86,1.0,-100.0,14.85148514851485,MARGIN CALL ($0)
52,66,0.0,112,18,94,1.0,-100.0,16.071428571428573,MARGIN CALL ($0)
1,24,0.0,574,164,410,1.0,-100.0,28.57142857142857,MARGIN CALL ($0)
52,68,0.0,122,21,101,1.0,-100.0,17.21311475409836,MARGIN CALL ($0)
52,69,0.0,33,4,29,1.0,-100.0,12.121212121212121,MARGIN CALL ($0)
52,70,0.0,34,4,30,1.0,-100.0,11.76470588235294,MARGIN CALL ($0)
52,71,0.0,34,4,30,1.0,-100.0,11.76470588235294,MARGIN CALL ($0)
52,72,0.0,33,4,29,1.0,-100.0,12.121212121212121,MARGIN CALL ($0)
52,73,0.0,33,4,29,1.0,-100.0,12.121212121212121,MARGIN CALL ($0)
52,74,0.0,32,4,28,1.0,-100.0,12.5,MARGIN CALL ($0)
52,75,0.0,31,4,27,1.0,-100.0,12.903225806451612,MARGIN CALL ($0)
52,76,0.0,30,4,26,1.0,-100.0,13.333333333333334,MARGIN CALL ($0)
52,77,0.0,30,4,26,1.0,-100.0,13.333333333333334,MARGIN CALL ($0)
52,78,0.0,29,4,25,1.0,-100.0,13.793103448275861,MARGIN CALL ($0)
52,79,0.0,30,4,26,1.0,-100.0,13.333333333333334,MARGIN CALL ($0)
52,80,0.0,91,11,80,1.0,-100.0,12.087912087912088,MARGIN CALL ($0)
52,81,0.0,69,8,61,1.0,-100.0,11.594202898550725,MARGIN CALL ($0)
52,82,0.0,69,8,61,1.0,-100.0,11.594202898550725,MARGIN CALL ($0)
52,83,0.0,75,10,65,1.0,-100.0,13.333333333333334,MARGIN CALL ($0)
52,84,0.0,75,10,65,1.0,-100.0,13.333333333333334,MARGIN CALL ($0)
52,85,0.0,76,11,65,1.0,-100.0,14.473684210526317,MARGIN CALL ($0)
52,86,0.0,75,11,64,1.0,-100.0,14.666666666666666,MARGIN CALL ($0)
52,87,0.0,75,11,64,1.0,-100.0,14.666666666666666,MARGIN CALL ($0)
52,88,0.0,75,11,64,1.0,-100.0,14.666666666666666,MARGIN CALL ($0)
52,89,0.0,76,11,65,1.0,-100.0,14.473684210526317,MARGIN CALL ($0)
52,90,0.0,75,12,63,1.0,-100.0,16.0,MARGIN CALL ($0)
52,91,0.0,76,12,64,1.0,-100.0,15.789473684210526,MARGIN CALL ($0)
52,92,0.0,75,12,63,1.0,-100.0,16.0,MARGIN CALL ($0)
52,93,0.0,74,12,62,1.0,-100.0,16.216216216216218,MARGIN CALL ($0)
52,94,0.0,76,12,64,1.0,-100.0,15.789473684210526,MARGIN CALL ($0)
52,95,0.0,75,12,63,1.0,-100.0,16.0,MARGIN CALL ($0)
52,96,0.0,75,12,63,1.0,-100.0,16.0,MARGIN CALL ($0)
52,97,0.0,75,12,63,1.0,-100.0,16.0,MARGIN CALL ($0)
52,98,0.0,74,12,62,1.0,-100.0,16.216216216216218,MARGIN CALL ($0)
52,99,0.0,94,18,76,1.0,-100.0,19.148936170212767,MARGIN CALL ($0)
52,100,0.0,97,18,79,1.0,-100.0,18.556701030927837,MARGIN CALL ($0)
53,1,0.0,112,21,91,1.0,-100.0,18.75,MARGIN CALL ($0)
53,2,0.0,44,4,40,1.0,-100.0,9.090909090909092,MARGIN CALL ($0)
53,3,0.0,43,5,38,1.0,-100.0,11.627906976744185,MARGIN CALL ($0)
53,4,0.0,35,4,31,1.0,-100.0,11.428571428571429,MARGIN CALL ($0)
53,5,0.0,86,15,71,1.0,-100.0,17.441860465116278,MARGIN CALL ($0)
53,6,0.0,104,24,80,1.0,-100.0,23.076923076923077,MARGIN CALL ($0)
53,7,0.0,234,62,172,1.0,-100.0,26.495726495726498,MARGIN CALL ($0)
53,8,0.0,73,14,59,1.0,-100.0,19.17808219178082,MARGIN CALL ($0)
53,9,0.0,284,70,214,1.0,-100.0,24.647887323943664,MARGIN CALL ($0)
1,25,0.0,133,26,107,1.0,-100.0,19.548872180451127,MARGIN CALL ($0)
1,26,0.0,171,37,134,1.0,-100.0,21.637426900584796,MARGIN CALL ($0)
53,12,0.0,1287,273,1014,1.0,-100.0,21.21212121212121,MARGIN CALL ($0)
53,13,0.0,34,5,29,1.0,-100.0,14.705882352941178,MARGIN CALL ($0)
53,14,0.0,70,16,54,1.0,-100.0,22.857142857142858,MARGIN CALL ($0)
53,15,0.0,67,17,50,1.0,-100.0,25.37313432835821,MARGIN CALL ($0)
53,16,0.0,66,14,52,1.0,-100.0,21.21212121212121,MARGIN CALL ($0)
53,17,0.0,68,16,52,1.0,-100.0,23.52941176470588,MARGIN CALL ($0)
53,18,0.0,63,13,50,1.0,-100.0,20.634920634920633,MARGIN CALL ($0)
53,19,0.0,67,15,52,1.0,-100.0,22.388059701492537,MARGIN CALL ($0)
53,20,0.0,57,13,44,1.0,-100.0,22.807017543859647,MARGIN CALL ($0)
53,21,0.0,69,14,55,1.0,-100.0,20.28985507246377,MARGIN CALL ($0)
53,22,0.0,68,13,55,1.0,-100.0,19.11764705882353,MARGIN CALL ($0)
53,23,0.0,55,11,44,1.0,-100.0,20.0,MARGIN CALL ($0)
53,24,0.0,61,12,49,1.0,-100.0,19.672131147540984,MARGIN CALL ($0)
53,25,0.0,47,6,41,1.0,-100.0,12.76595744680851,MARGIN CALL ($0)
53,26,0.0,46,6,40,1.0,-100.0,13.043478260869565,MARGIN CALL ($0)
53,27,0.0,42,5,37,1.0,-100.0,11.904761904761903,MARGIN CALL ($0)
53,28,0.0,46,7,39,1.0,-100.0,15.217391304347828,MARGIN CALL ($0)
53,29,0.0,46,7,39,1.0,-100.0,15.217391304347828,MARGIN CALL ($0)
53,30,0.0,45,7,38,1.0,-100.0,15.555555555555555,MARGIN CALL ($0)
53,31,0.0,259,45,214,1.0,-100.0,17.374517374517374,MARGIN CALL ($0)
53,32,0.0,106,14,92,1.0,-100.0,13.20754716981132,MARGIN CALL ($0)
53,33,0.0,235,40,195,1.0,-100.0,17.02127659574468,MARGIN CALL ($0)
53,34,0.0,245,42,203,1.0,-100.0,17.142857142857142,MARGIN CALL ($0)
53,35,0.0,444,76,368,1.0,-100.0,17.117117117117118,MARGIN CALL ($0)
1,27,0.0,139,28,111,1.0,-100.0,20.14388489208633,MARGIN CALL ($0)
1,28,0.0,170,36,134,1.0,-100.0,21.176470588235293,MARGIN CALL ($0)
1,29,0.0,170,36,134,1.0,-100.0,21.176470588235293,MARGIN CALL ($0)
1,30,0.0,315,85,230,1.0,-100.0,26.984126984126984,MARGIN CALL ($0)
1,31,0.0,587,155,432,1.0,-100.0,26.405451448040886,MARGIN CALL ($0)
1,32,0.0,297,77,220,1.0,-100.0,25.925925925925924,MARGIN CALL ($0)
1,33,0.0,303,80,223,1.0,-100.0,26.4026402640264,MARGIN CALL ($0)
53,43,0.0,106,16,90,1.0,-100.0,15.09433962264151,MARGIN CALL ($0)
53,44,0.0,113,15,98,1.0,-100.0,13.274336283185843,MARGIN CALL ($0)
1,34,0.0,571,147,424,1.0,-100.0,25.74430823117338,MARGIN CALL ($0)
1,35,0.0,569,151,418,1.0,-100.0,26.537785588752193,MARGIN CALL ($0)
53,47,0.0,679,88,591,1.0,-100.0,12.960235640648014,MARGIN CALL ($0)
53,48,0.0,82,10,72,1.0,-100.0,12.195121951219512,MARGIN CALL ($0)
53,49,0.0,82,10,72,1.0,-100.0,12.195121951219512,MARGIN CALL ($0)
53,50,0.0,64,9,55,1.0,-100.0,14.0625,MARGIN CALL ($0)
53,51,0.0,58,7,51,1.0,-100.0,12.068965517241379,MARGIN CALL ($0)
53,52,0.0,54,6,48,1.0,-100.0,11.11111111111111,MARGIN CALL ($0)
53,53,0.0,53,6,47,1.0,-100.0,11.320754716981133,MARGIN CALL ($0)
53,54,0.0,54,6,48,1.0,-100.0,11.11111111111111,MARGIN CALL ($0)
53,55,0.0,56,6,50,1.0,-100.0,10.714285714285714,MARGIN CALL ($0)
53,56,0.0,56,6,50,1.0,-100.0,10.714285714285714,MARGIN CALL ($0)
53,57,0.0,56,6,50,1.0,-100.0,10.714285714285714,MARGIN CALL ($0)
53,58,0.0,61,7,54,1.0,-100.0,11.475409836065573,MARGIN CALL ($0)
53,59,0.0,60,7,53,1.0,-100.0,11.666666666666666,MARGIN CALL ($0)
53,60,0.0,74,8,66,1.0,-100.0,10.81081081081081,MARGIN CALL ($0)
53,61,0.0,74,8,66,1.0,-100.0,10.81081081081081,MARGIN CALL ($0)
53,62,0.0,73,8,65,1.0,-100.0,10.95890410958904,MARGIN CALL ($0)
53,63,0.0,90,9,81,1.0,-100.0,10.0,MARGIN CALL ($0)
53,64,0.0,96,13,83,1.0,-100.0,13.541666666666666,MARGIN CALL ($0)
53,65,0.0,98,14,84,1.0,-100.0,14.285714285714285,MARGIN CALL ($0)
53,66,0.0,108,17,91,1.0,-100.0,15.74074074074074,MARGIN CALL ($0)
1,36,0.0,331,96,235,1.0,-100.0,29.003021148036257,MARGIN CALL ($0)
1,37,0.0,299,83,216,1.0,-100.0,27.759197324414714,MARGIN CALL ($0)
53,69,0.0,33,4,29,1.0,-100.0,12.121212121212121,MARGIN CALL ($0)
53,70,0.0,34,4,30,1.0,-100.0,11.76470588235294,MARGIN CALL ($0)
53,71,0.0,34,4,30,1.0,-100.0,11.76470588235294,MARGIN CALL ($0)
53,72,0.0,33,4,29,1.0,-100.0,12.121212121212121,MARGIN CALL ($0)
53,73,0.0,33,4,29,1.0,-100.0,12.121212121212121,MARGIN CALL ($0)
53,74,0.0,32,4,28,1.0,-100.0,12.5,MARGIN CALL ($0)
53,75,0.0,31,4,27,1.0,-100.0,12.903225806451612,MARGIN CALL ($0)
53,76,0.0,30,4,26,1.0,-100.0,13.333333333333334,MARGIN CALL ($0)
53,77,0.0,30,4,26,1.0,-100.0,13.333333333333334,MARGIN CALL ($0)
53,78,0.0,29,4,25,1.0,-100.0,13.793103448275861,MARGIN CALL ($0)
53,79,0.0,30,4,26,1.0,-100.0,13.333333333333334,MARGIN CALL ($0)
53,80,0.0,86,9,77,1.0,-100.0,10.465116279069768,MARGIN CALL ($0)
53,81,0.0,70,8,62,1.0,-100.0,11.428571428571429,MARGIN CALL ($0)
53,82,0.0,70,8,62,1.0,-100.0,11.428571428571429,MARGIN CALL ($0)
53,83,0.0,77,11,66,1.0,-100.0,14.285714285714285,MARGIN CALL ($0)
53,84,0.0,78,11,67,1.0,-100.0,14.102564102564102,MARGIN CALL ($0)
53,85,0.0,79,12,67,1.0,-100.0,15.18987341772152,MARGIN CALL ($0)
53,86,0.0,78,12,66,1.0,-100.0,15.384615384615385,MARGIN CALL ($0)
53,87,0.0,78,12,66,1.0,-100.0,15.384615384615385,MARGIN CALL ($0)
53,88,0.0,78,12,66,1.0,-100.0,15.384615384615385,MARGIN CALL ($0)
53,89,0.0,79,12,67,1.0,-100.0,15.18987341772152,MARGIN CALL ($0)
53,90,0.0,79,13,66,1.0,-100.0,16.455696202531644,MARGIN CALL ($0)
53,91,0.0,79,13,66,1.0,-100.0,16.455696202531644,MARGIN CALL ($0)
53,92,0.0,78,13,65,1.0,-100.0,16.666666666666664,MARGIN CALL ($0)
53,93,0.0,78,13,65,1.0,-100.0,16.666666666666664,MARGIN CALL ($0)
53,94,0.0,78,14,64,1.0,-100.0,17.94871794871795,MARGIN CALL ($0)
53,95,0.0,78,13,65,1.0,-100.0,16.666666666666664,MARGIN CALL ($0)
53,96,0.0,78,13,65,1.0,-100.0,16.666666666666664,MARGIN CALL ($0)
53,97,0.0,77,13,64,1.0,-100.0,16.883116883116884,MARGIN CALL ($0)
53,98,0.0,77,13,64,1.0,-100.0,16.883116883116884,MARGIN CALL ($0)
53,99,0.0,96,16,80,1.0,-100.0,16.666666666666664,MARGIN CALL ($0)
53,100,0.0,97,16,81,1.0,-100.0,16.49484536082474,MARGIN CALL ($0)
54,1,0.0,112,21,91,1.0,-100.0,18.75,MARGIN CALL ($0)
54,2,0.0,44,4,40,1.0,-100.0,9.090909090909092,MARGIN CALL ($0)
54,3,0.0,43,5,38,1.0,-100.0,11.627906976744185,MARGIN CALL ($0)
54,4,0.0,35,4,31,1.0,-100.0,11.428571428571429,MARGIN CALL ($0)
54,5,0.0,86,15,71,1.0,-100.0,17.441860465116278,MARGIN CALL ($0)
54,6,0.0,104,24,80,1.0,-100.0,23.076923076923077,MARGIN CALL ($0)
54,7,0.0,236,63,173,1.0,-100.0,26.69491525423729,MARGIN CALL ($0)
54,8,0.0,73,14,59,1.0,-100.0,19.17808219178082,MARGIN CALL ($0)
54,9,0.0,267,65,202,1.0,-100.0,24.344569288389515,MARGIN CALL ($0)
1,38,0.0,66,13,53,1.0,-100.0,19.696969696969695,MARGIN CALL ($0)
1,39,0.0,70,15,55,1.0,-100.0,21.428571428571427,MARGIN CALL ($0)
54,12,0.0,1303,275,1028,1.0,-100.0,21.105141980046046,MARGIN CALL ($0)
54,13,0.0,34,5,29,1.0,-100.0,14.705882352941178,MARGIN CALL ($0)
54,14,0.0,70,16,54,1.0,-100.0,22.857142857142858,MARGIN CALL ($0)
54,15,0.0,67,17,50,1.0,-100.0,25.37313432835821,MARGIN CALL ($0)
54,16,0.0,66,14,52,1.0,-100.0,21.21212121212121,MARGIN CALL ($0)
54,17,0.0,68,16,52,1.0,-100.0,23.52941176470588,MARGIN CALL ($0)
54,18,0.0,63,13,50,1.0,-100.0,20.634920634920633,MARGIN CALL ($0)
54,19,0.0,67,15,52,1.0,-100.0,22.388059701492537,MARGIN CALL ($0)
54,20,0.0,57,13,44,1.0,-100.0,22.807017543859647,MARGIN CALL ($0)
54,21,0.0,70,14,56,1.0,-100.0,20.0,MARGIN CALL ($0)
54,22,0.0,69,13,56,1.0,-100.0,18.84057971014493,MARGIN CALL ($0)
54,23,0.0,55,11,44,1.0,-100.0,20.0,MARGIN CALL ($0)
54,24,0.0,56,11,45,1.0,-100.0,19.642857142857142,MARGIN CALL ($0)
54,25,0.0,47,6,41,1.0,-100.0,12.76595744680851,MARGIN CALL ($0)
54,26,0.0,43,5,38,1.0,-100.0,11.627906976744185,MARGIN CALL ($0)
54,27,0.0,41,5,36,1.0,-100.0,12.195121951219512,MARGIN CALL ($0)
54,28,0.0,46,7,39,1.0,-100.0,15.217391304347828,MARGIN CALL ($0)
54,29,0.0,46,7,39,1.0,-100.0,15.217391304347828,MARGIN CALL ($0)
54,30,0.0,45,7,38,1.0,-100.0,15.555555555555555,MARGIN CALL ($0)
54,31,0.0,262,45,217,1.0,-100.0,17.17557251908397,MARGIN CALL ($0)
54,32,0.0,106,14,92,1.0,-100.0,13.20754716981132,MARGIN CALL ($0)
54,33,0.0,229,40,189,1.0,-100.0,17.46724890829694,MARGIN CALL ($0)
54,34,0.0,241,42,199,1.0,-100.0,17.42738589211618,MARGIN CALL ($0)
54,35,0.0,442,75,367,1.0,-100.0,16.968325791855204,MARGIN CALL ($0)
1,40,0.0,69,14,55,1.0,-100.0,20.28985507246377,MARGIN CALL ($0)
1,41,0.0,71,14,57,1.0,-100.0,19.718309859154928,MARGIN CALL ($0)
1,42,0.0,71,14,57,1.0,-100.0,19.718309859154928,MARGIN CALL ($0)
1,43,0.0,71,16,55,1.0,-100.0,22.535211267605636,MARGIN CALL ($0)
1,44,0.0,70,16,54,1.0,-100.0,22.857142857142858,MARGIN CALL ($0)
1,45,0.0,70,16,54,1.0,-100.0,22.857142857142858,MARGIN CALL ($0)
54,42,0.0,118,20,98,1.0,-100.0,16.94915254237288,MARGIN CALL ($0)
54,43,0.0,106,16,90,1.0,-100.0,15.09433962264151,MARGIN CALL ($0)
54,44,0.0,113,15,98,1.0,-100.0,13.274336283185843,MARGIN CALL ($0)
1,46,0.0,70,16,54,1.0,-100.0,22.857142857142858,MARGIN CALL ($0)
1,47,0.0,71,17,54,1.0,-100.0,23.943661971830984,MARGIN CALL ($0)
54,47,0.0,402,48,354,1.0,-100.0,11.940298507462686,MARGIN CALL ($0)
54,48,0.0,82,10,72,1.0,-100.0,12.195121951219512,MARGIN CALL ($0)
54,49,0.0,80,10,70,1.0,-100.0,12.5,MARGIN CALL ($0)
54,50,0.0,64,9,55,1.0,-100.0,14.0625,MARGIN CALL ($0)
54,51,0.0,57,7,50,1.0,-100.0,12.280701754385964,MARGIN CALL ($0)
54,52,0.0,55,6,49,1.0,-100.0,10.909090909090908,MARGIN CALL ($0)
54,53,0.0,54,6,48,1.0,-100.0,11.11111111111111,MARGIN CALL ($0)
54,54,0.0,52,6,46,1.0,-100.0,11.538461538461538,MARGIN CALL ($0)
54,55,0.0,55,6,49,1.0,-100.0,10.909090909090908,MARGIN CALL ($0)
54,56,0.0,55,6,49,1.0,-100.0,10.909090909090908,MARGIN CALL ($0)
54,57,0.0,55,6,49,1.0,-100.0,10.909090909090908,MARGIN CALL ($0)
54,58,0.0,61,7,54,1.0,-100.0,11.475409836065573,MARGIN CALL ($0)
54,59,0.0,60,7,53,1.0,-100.0,11.666666666666666,MARGIN CALL ($0)
54,60,0.0,77,8,69,1.0,-100.0,10.38961038961039,MARGIN CALL ($0)
54,61,0.0,77,8,69,1.0,-100.0,10.38961038961039,MARGIN CALL ($0)
54,62,0.0,76,8,68,1.0,-100.0,10.526315789473683,MARGIN CALL ($0)
54,63,0.0,90,9,81,1.0,-100.0,10.0,MARGIN CALL ($0)
54,64,0.0,122,19,103,1.0,-100.0,15.573770491803279,MARGIN CALL ($0)
54,65,0.0,126,21,105,1.0,-100.0,16.666666666666664,MARGIN CALL ($0)
1,48,0.0,69,16,53,1.0,-100.0,23.18840579710145,MARGIN CALL ($0)
1,49,0.0,68,16,52,1.0,-100.0,23.52941176470588,MARGIN CALL ($0)
1,50,0.0,72,16,56,1.0,-100.0,22.22222222222222,MARGIN CALL ($0)
54,69,0.0,33,4,29,1.0,-100.0,12.121212121212121,MARGIN CALL ($0)
54,70,0.0,34,4,30,1.0,-100.0,11.76470588235294,MARGIN CALL ($0)
54,71,0.0,35,4,31,1.0,-100.0,11.428571428571429,MARGIN CALL ($0)
54,72,0.0,33,4,29,1.0,-100.0,12.121212121212121,MARGIN CALL ($0)
54,73,0.0,33,4,29,1.0,-100.0,12.121212121212121,MARGIN CALL ($0)
54,74,0.0,32,4,28,1.0,-100.0,12.5,MARGIN CALL ($0)
54,75,0.0,32,4,28,1.0,-100.0,12.5,MARGIN CALL ($0)
54,76,0.0,30,4,26,1.0,-100.0,13.333333333333334,MARGIN CALL ($0)
54,77,0.0,30,4,26,1.0,-100.0,13.333333333333334,MARGIN CALL ($0)
54,78,0.0,29,4,25,1.0,-100.0,13.793103448275861,MARGIN CALL ($0)
54,79,0.0,30,4,26,1.0,-100.0,13.333333333333334,MARGIN CALL ($0)
54,80,0.0,87,9,78,1.0,-100.0,10.344827586206897,MARGIN CALL ($0)
54,81,0.0,69,8,61,1.0,-100.0,11.594202898550725,MARGIN CALL ($0)
54,82,0.0,54,6,48,1.0,-100.0,11.11111111111111,MARGIN CALL ($0)
54,83,0.0,64,9,55,1.0,-100.0,14.0625,MARGIN CALL ($0)
54,84,0.0,65,10,55,1.0,-100.0,15.384615384615385,MARGIN CALL ($0)
54,85,0.0,64,10,54,1.0,-100.0,15.625,MARGIN CALL ($0)
54,86,0.0,60,9,51,1.0,-100.0,15.0,MARGIN CALL ($0)
54,87,0.0,59,9,50,1.0,-100.0,15.254237288135593,MARGIN CALL ($0)
54,88,0.0,62,10,52,1.0,-100.0,16.129032258064516,MARGIN CALL ($0)
54,89,0.0,64,10,54,1.0,-100.0,15.625,MARGIN CALL ($0)
54,90,0.0,54,7,47,1.0,-100.0,12.962962962962962,MARGIN CALL ($0)
54,91,0.0,54,7,47,1.0,-100.0,12.962962962962962,MARGIN CALL ($0)
54,92,0.0,53,7,46,1.0,-100.0,13.20754716981132,MARGIN CALL ($0)
54,93,0.0,53,7,46,1.0,-100.0,13.20754716981132,MARGIN CALL ($0)
54,94,0.0,62,12,50,1.0,-100.0,19.35483870967742,MARGIN CALL ($0)
54,95,0.0,66,12,54,1.0,-100.0,18.181818181818183,MARGIN CALL ($0)
54,96,0.0,66,12,54,1.0,-100.0,18.181818181818183,MARGIN CALL ($0)
54,97,0.0,63,11,52,1.0,-100.0,17.46031746031746,MARGIN CALL ($0)
54,98,0.0,63,11,52,1.0,-100.0,17.46031746031746,MARGIN CALL ($0)
54,99,0.0,80,15,65,1.0,-100.0,18.75,MARGIN CALL ($0)
54,100,0.0,80,15,65,1.0,-100.0,18.75,MARGIN CALL ($0)
55,1,0.0,112,21,91,1.0,-100.0,18.75,MARGIN CALL ($0)
55,2,0.0,44,4,40,1.0,-100.0,9.090909090909092,MARGIN CALL ($0)
55,3,0.0,43,5,38,1.0,-100.0,11.627906976744185,MARGIN CALL ($0)
55,4,0.0,35,4,31,1.0,-100.0,11.428571428571429,MARGIN CALL ($0)
55,5,0.0,86,15,71,1.0,-100.0,17.441860465116278,MARGIN CALL ($0)
55,6,0.0,105,24,81,1.0,-100.0,22.857142857142858,MARGIN CALL ($0)
55,7,0.0,236,63,173,1.0,-100.0,26.69491525423729,MARGIN CALL ($0)
55,8,0.0,74,15,59,1.0,-100.0,20.27027027027027,MARGIN CALL ($0)
55,9,0.0,271,66,205,1.0,-100.0,24.354243542435423,MARGIN CALL ($0)
1,51,0.0,69,14,55,1.0,-100.0,20.28985507246377,MARGIN CALL ($0)
1,52,0.0,68,14,54,1.0,-100.0,20.588235294117645,MARGIN CALL ($0)
55,12,0.0,1259,265,994,1.0,-100.0,21.048451151707702,MARGIN CALL ($0)
55,13,0.0,34,5,29,1.0,-100.0,14.705882352941178,MARGIN CALL ($0)
55,14,0.0,73,16,57,1.0,-100.0,21.91780821917808,MARGIN CALL ($0)
55,15,0.0,70,17,53,1.0,-100.0,24.285714285714285,MARGIN CALL ($0)
55,16,0.0,67,14,53,1.0,-100.0,20.8955223880597,MARGIN CALL ($0)
55,17,0.0,70,17,53,1.0,-100.0,24.285714285714285,MARGIN CALL ($0)
55,18,0.0,65,14,51,1.0,-100.0,21.53846153846154,MARGIN CALL ($0)
55,19,0.0,70,16,54,1.0,-100.0,22.857142857142858,MARGIN CALL ($0)
55,20,0.0,58,14,44,1.0,-100.0,24.137931034482758,MARGIN CALL ($0)
55,21,0.0,68,15,53,1.0,-100.0,22.058823529411764,MARGIN CALL ($0)
55,22,0.0,68,14,54,1.0,-100.0,20.588235294117645,MARGIN CALL ($0)
55,23,0.0,55,12,43,1.0,-100.0,21.818181818181817,MARGIN CALL ($0)
55,24,0.0,61,13,48,1.0,-100.0,21.311475409836063,MARGIN CALL ($0)
55,25,0.0,48,6,42,1.0,-100.0,12.5,MARGIN CALL ($0)
55,26,0.0,44,5,39,1.0,-100.0,11.363636363636363,MARGIN CALL ($0)
55,27,0.0,44,5,39,1.0,-100.0,11.363636363636363,MARGIN CALL ($0)
55,28,0.0,48,8,40,1.0,-100.0,16.666666666666664,MARGIN CALL ($0)
55,29,0.0,48,8,40,1.0,-100.0,16.666666666666664,MARGIN CALL ($0)
55,30,0.0,47,8,39,1.0,-100.0,17.02127659574468,MARGIN CALL ($0)
55,31,0.0,44,7,37,1.0,-100.0,15.909090909090908,MARGIN CALL ($0)
55,32,0.0,253,40,213,1.0,-100.0,15.810276679841898,MARGIN CALL ($0)
55,33,0.0,237,41,196,1.0,-100.0,17.29957805907173,MARGIN CALL ($0)
55,34,0.0,242,43,199,1.0,-100.0,17.768595041322314,MARGIN CALL ($0)
55,35,0.0,391,70,321,1.0,-100.0,17.902813299232736,MARGIN CALL ($0)
1,53,0.0,70,17,53,1.0,-100.0,24.285714285714285,MARGIN CALL ($0)
1,54,0.0,65,18,47,1.0,-100.0,27.692307692307693,MARGIN CALL ($0)
1,55,0.0,65,18,47,1.0,-100.0,27.692307692307693,MARGIN CALL ($0)
1,56,0.0,67,18,49,1.0,-100.0,26.865671641791046,MARGIN CALL ($0)
1,57,0.0,66,15,51,1.0,-100.0,22.727272727272727,MARGIN CALL ($0)
55,41,0.0,222,32,190,1.0,-100.0,14.414414414414415,MARGIN CALL ($0)
55,42,0.0,170,29,141,1.0,-100.0,17.058823529411764,MARGIN CALL ($0)
55,43,0.0,112,17,95,1.0,-100.0,15.178571428571427,MARGIN CALL ($0)
55,44,0.0,139,20,119,1.0,-100.0,14.388489208633093,MARGIN CALL ($0)
55,45,0.0,130,20,110,1.0,-100.0,15.384615384615385,MARGIN CALL ($0)
55,46,0.0,128,19,109,1.0,-100.0,14.84375,MARGIN CALL ($0)
55,47,0.0,126,19,107,1.0,-100.0,15.079365079365079,MARGIN CALL ($0)
55,48,0.0,110,16,94,1.0,-100.0,14.545454545454545,MARGIN CALL ($0)
55,49,0.0,108,16,92,1.0,-100.0,14.814814814814813,MARGIN CALL ($0)
55,50,0.0,65,9,56,1.0,-100.0,13.846153846153847,MARGIN CALL ($0)
55,51,0.0,58,7,51,1.0,-100.0,12.068965517241379,MARGIN CALL ($0)
55,52,0.0,56,6,50,1.0,-100.0,10.714285714285714,MARGIN CALL ($0)
55,53,0.0,55,6,49,1.0,-100.0,10.909090909090908,MARGIN CALL ($0)
55,54,0.0,54,6,48,1.0,-100.0,11.11111111111111,MARGIN CALL ($0)
55,55,0.0,88,12,76,1.0,-100.0,13.636363636363635,MARGIN CALL ($0)
55,56,0.0,91,12,79,1.0,-100.0,13.186813186813188,MARGIN CALL ($0)
55,57,0.0,91,12,79,1.0,-100.0,13.186813186813188,MARGIN CALL ($0)
55,58,0.0,99,13,86,1.0,-100.0,13.131313131313133,MARGIN CALL ($0)
55,59,0.0,99,13,86,1.0,-100.0,13.131313131313133,MARGIN CALL ($0)
55,60,0.0,111,14,97,1.0,-100.0,12.612612612612612,MARGIN CALL ($0)
55,61,0.0,109,13,96,1.0,-100.0,11.926605504587156,MARGIN CALL ($0)
55,62,0.0,115,15,100,1.0,-100.0,13.043478260869565,MARGIN CALL ($0)
55,63,0.0,127,16,111,1.0,-100.0,12.598425196850393,MARGIN CALL ($0)
55,64,0.0,127,18,109,1.0,-100.0,14.173228346456693,MARGIN CALL ($0)
55,65,0.0,133,20,113,1.0,-100.0,15.037593984962406,MARGIN CALL ($0)
55,66,0.0,136,20,116,1.0,-100.0,14.705882352941178,MARGIN CALL ($0)
55,67,0.0,135,20,115,1.0,-100.0,14.814814814814813,MARGIN CALL ($0)
55,68,0.0,132,20,112,1.0,-100.0,15.151515151515152,MARGIN CALL ($0)
55,69,0.0,134,21,113,1.0,-100.0,15.671641791044777,MARGIN CALL ($0)
55,70,0.0,138,21,117,1.0,-100.0,15.217391304347828,MARGIN CALL ($0)
55,71,0.0,137,23,114,1.0,-100.0,16.78832116788321,MARGIN CALL ($0)
55,72,0.0,130,19,111,1.0,-100.0,14.615384615384617,MARGIN CALL ($0)
55,73,0.0,130,19,111,1.0,-100.0,14.615384615384617,MARGIN CALL ($0)
55,74,0.0,109,13,96,1.0,-100.0,11.926605504587156,MARGIN CALL ($0)
55,75,0.0,114,14,100,1.0,-100.0,12.280701754385964,MARGIN CALL ($0)
55,76,0.0,115,14,101,1.0,-100.0,12.173913043478262,MARGIN CALL ($0)
55,77,0.0,101,10,91,1.0,-100.0,9.900990099009901,MARGIN CALL ($0)
55,78,0.0,137,22,115,1.0,-100.0,16.05839416058394,MARGIN CALL ($0)
55,79,0.0,129,19,110,1.0,-100.0,14.728682170542637,MARGIN CALL ($0)
55,80,0.0,129,20,109,1.0,-100.0,15.503875968992247,MARGIN CALL ($0)
55,81,0.0,92,12,80,1.0,-100.0,13.043478260869565,MARGIN CALL ($0)
55,82,0.0,71,11,60,1.0,-100.0,15.492957746478872,MARGIN CALL ($0)
55,83,0.0,78,14,64,1.0,-100.0,17.94871794871795,MARGIN CALL ($0)
55,84,0.0,77,14,63,1.0,-100.0,18.181818181818183,MARGIN CALL ($0)
55,85,0.0,80,15,65,1.0,-100.0,18.75,MARGIN CALL ($0)
55,86,0.0,78,15,63,1.0,-100.0,19.230769230769234,MARGIN CALL ($0)
55,87,0.0,78,15,63,1.0,-100.0,19.230769230769234,MARGIN CALL ($0)
55,88,0.0,78,15,63,1.0,-100.0,19.230769230769234,MARGIN CALL ($0)
55,89,0.0,79,15,64,1.0,-100.0,18.9873417721519,MARGIN CALL ($0)
55,90,0.0,78,16,62,1.0,-100.0,20.51282051282051,MARGIN CALL ($0)
55,91,0.0,78,16,62,1.0,-100.0,20.51282051282051,MARGIN CALL ($0)
55,92,0.0,78,16,62,1.0,-100.0,20.51282051282051,MARGIN CALL ($0)
55,93,0.0,77,16,61,1.0,-100.0,20.77922077922078,MARGIN CALL ($0)
55,94,0.0,78,17,61,1.0,-100.0,21.794871794871796,MARGIN CALL ($0)
55,95,0.0,79,16,63,1.0,-100.0,20.253164556962027,MARGIN CALL ($0)
55,96,0.0,78,16,62,1.0,-100.0,20.51282051282051,MARGIN CALL ($0)
55,97,0.0,77,16,61,1.0,-100.0,20.77922077922078,MARGIN CALL ($0)
55,98,0.0,76,16,60,1.0,-100.0,21.052631578947366,MARGIN CALL ($0)
55,99,0.0,98,21,77,1.0,-100.0,21.428571428571427,MARGIN CALL ($0)
55,100,0.0,99,21,78,1.0,-100.0,21.21212121212121,MARGIN CALL ($0)
56,1,0.0,112,22,90,1.0,-100.0,19.642857142857142,MARGIN CALL ($0)
56,2,0.0,44,4,40,1.0,-100.0,9.090909090909092,MARGIN CALL ($0)
56,3,0.0,43,5,38,1.0,-100.0,11.627906976744185,MARGIN CALL ($0)
56,4,0.0,35,4,31,1.0,-100.0,11.428571428571429,MARGIN CALL ($0)
56,5,0.0,85,15,70,1.0,-100.0,17.647058823529413,MARGIN CALL ($0)
56,6,0.0,105,24,81,1.0,-100.0,22.857142857142858,MARGIN CALL ($0)
56,7,0.0,235,63,172,1.0,-100.0,26.80851063829787,MARGIN CALL ($0)
56,8,0.0,74,15,59,1.0,-100.0,20.27027027027027,MARGIN CALL ($0)
56,9,0.0,268,66,202,1.0,-100.0,24.62686567164179,MARGIN CALL ($0)
56,10,0.0,274,68,206,1.0,-100.0,24.817518248175183,MARGIN CALL ($0)
56,11,0.0,1354,292,1062,1.0,-100.0,21.56573116691285,MARGIN CALL ($0)
56,12,0.0,399,100,299,1.0,-100.0,25.062656641604008,MARGIN CALL ($0)
56,13,0.0,34,5,29,1.0,-100.0,14.705882352941178,MARGIN CALL ($0)
56,14,0.0,62,13,49,1.0,-100.0,20.967741935483872,MARGIN CALL ($0)
56,15,0.0,60,14,46,1.0,-100.0,23.333333333333332,MARGIN CALL ($0)
56,16,0.0,68,14,54,1.0,-100.0,20.588235294117645,MARGIN CALL ($0)
56,17,0.0,70,17,53,1.0,-100.0,24.285714285714285,MARGIN CALL ($0)
56,18,0.0,66,14,52,1.0,-100.0,21.21212121212121,MARGIN CALL ($0)
56,19,0.0,65,15,50,1.0,-100.0,23.076923076923077,MARGIN CALL ($0)
56,20,0.0,59,14,45,1.0,-100.0,23.728813559322035,MARGIN CALL ($0)
56,21,0.0,64,14,50,1.0,-100.0,21.875,MARGIN CALL ($0)
56,22,0.0,46,7,39,1.0,-100.0,15.217391304347828,MARGIN CALL ($0)
56,23,0.0,42,6,36,1.0,-100.0,14.285714285714285,MARGIN CALL ($0)
56,24,0.0,47,9,38,1.0,-100.0,19.148936170212767,MARGIN CALL ($0)
56,25,0.0,43,6,37,1.0,-100.0,13.953488372093023,MARGIN CALL ($0)
56,26,0.0,41,5,36,1.0,-100.0,12.195121951219512,MARGIN CALL ($0)
56,27,0.0,40,5,35,1.0,-100.0,12.5,MARGIN CALL ($0)
56,28,0.0,40,5,35,1.0,-100.0,12.5,MARGIN CALL ($0)
56,29,0.0,40,5,35,1.0,-100.0,12.5,MARGIN CALL ($0)
56,30,0.0,44,8,36,1.0,-100.0,18.181818181818183,MARGIN CALL ($0)
56,31,0.0,42,7,35,1.0,-100.0,16.666666666666664,MARGIN CALL ($0)
56,32,0.0,39,7,32,1.0,-100.0,17.94871794871795,MARGIN CALL ($0)
56,33,0.0,228,46,182,1.0,-100.0,20.175438596491226,MARGIN CALL ($0)
56,34,0.0,232,48,184,1.0,-100.0,20.689655172413794,MARGIN CALL ($0)
56,35,0.0,318,63,255,1.0,-100.0,19.81132075471698,MARGIN CALL ($0)
56,36,0.0,129,24,105,1.0,-100.0,18.6046511627907,MARGIN CALL ($0)
1,58,0.0,63,14,49,1.0,-100.0,22.22222222222222,MARGIN CALL ($0)
1,59,0.0,64,14,50,1.0,-100.0,21.875,MARGIN CALL ($0)
1,60,0.0,65,14,51,1.0,-100.0,21.53846153846154,MARGIN CALL ($0)
1,61,0.0,64,14,50,1.0,-100.0,21.875,MARGIN CALL ($0)
56,41,0.0,109,18,91,1.0,-100.0,16.51376146788991,MARGIN CALL ($0)
56,42,0.0,173,31,142,1.0,-100.0,17.91907514450867,MARGIN CALL ($0)
56,43,0.0,117,19,98,1.0,-100.0,16.23931623931624,MARGIN CALL ($0)
56,44,0.0,143,22,121,1.0,-100.0,15.384615384615385,MARGIN CALL ($0)
56,45,0.0,141,22,119,1.0,-100.0,15.602836879432624,MARGIN CALL ($0)
56,46,0.0,136,21,115,1.0,-100.0,15.441176470588236,MARGIN CALL ($0)
56,47,0.0,133,21,112,1.0,-100.0,15.789473684210526,MARGIN CALL ($0)
56,48,0.0,120,18,102,1.0,-100.0,15.0,MARGIN CALL ($0)
56,49,0.0,115,19,96,1.0,-100.0,16.52173913043478,MARGIN CALL ($0)
56,50,0.0,62,8,54,1.0,-100.0,12.903225806451612,MARGIN CALL ($0)
56,51,0.0,53,6,47,1.0,-100.0,11.320754716981133,MARGIN CALL ($0)
56,52,0.0,55,6,49,1.0,-100.0,10.909090909090908,MARGIN CALL ($0)
56,53,0.0,56,6,50,1.0,-100.0,10.714285714285714,MARGIN CALL ($0)
56,54,0.0,55,6,49,1.0,-100.0,10.909090909090908,MARGIN CALL ($0)
56,55,0.0,81,10,71,1.0,-100.0,12.345679012345679,MARGIN CALL ($0)
56,56,0.0,89,12,77,1.0,-100.0,13.48314606741573,MARGIN CALL ($0)
56,57,0.0,89,12,77,1.0,-100.0,13.48314606741573,MARGIN CALL ($0)
56,58,0.0,98,13,85,1.0,-100.0,13.26530612244898,MARGIN CALL ($0)
56,59,0.0,100,13,87,1.0,-100.0,13.0,MARGIN CALL ($0)
56,60,0.0,111,14,97,1.0,-100.0,12.612612612612612,MARGIN CALL ($0)
56,61,0.0,111,14,97,1.0,-100.0,12.612612612612612,MARGIN CALL ($0)
56,62,0.0,115,15,100,1.0,-100.0,13.043478260869565,MARGIN CALL ($0)
56,63,0.0,128,16,112,1.0,-100.0,12.5,MARGIN CALL ($0)
56,64,0.0,128,18,110,1.0,-100.0,14.0625,MARGIN CALL ($0)
56,65,0.0,131,20,111,1.0,-100.0,15.267175572519085,MARGIN CALL ($0)
56,66,0.0,137,20,117,1.0,-100.0,14.5985401459854,MARGIN CALL ($0)
56,67,0.0,137,20,117,1.0,-100.0,14.5985401459854,MARGIN CALL ($0)
56,68,0.0,133,20,113,1.0,-100.0,15.037593984962406,MARGIN CALL ($0)
56,69,0.0,133,21,112,1.0,-100.0,15.789473684210526,MARGIN CALL ($0)
56,70,0.0,138,21,117,1.0,-100.0,15.217391304347828,MARGIN CALL ($0)
56,71,0.0,139,23,116,1.0,-100.0,16.546762589928058,MARGIN CALL ($0)
56,72,0.0,130,19,111,1.0,-100.0,14.615384615384617,MARGIN CALL ($0)
56,73,0.0,130,19,111,1.0,-100.0,14.615384615384617,MARGIN CALL ($0)
56,74,0.0,109,13,96,1.0,-100.0,11.926605504587156,MARGIN CALL ($0)
56,75,0.0,114,14,100,1.0,-100.0,12.280701754385964,MARGIN CALL ($0)
56,76,0.0,135,20,115,1.0,-100.0,14.814814814814813,MARGIN CALL ($0)
56,77,0.0,135,19,116,1.0,-100.0,14.074074074074074,MARGIN CALL ($0)
56,78,0.0,135,22,113,1.0,-100.0,16.296296296296298,MARGIN CALL ($0)
56,79,0.0,128,19,109,1.0,-100.0,14.84375,MARGIN CALL ($0)
56,80,0.0,129,20,109,1.0,-100.0,15.503875968992247,MARGIN CALL ($0)
56,81,0.0,92,12,80,1.0,-100.0,13.043478260869565,MARGIN CALL ($0)
56,82,0.0,72,11,61,1.0,-100.0,15.277777777777779,MARGIN CALL ($0)
56,83,0.0,79,14,65,1.0,-100.0,17.72151898734177,MARGIN CALL ($0)
56,84,0.0,79,14,65,1.0,-100.0,17.72151898734177,MARGIN CALL ($0)
56,85,0.0,80,15,65,1.0,-100.0,18.75,MARGIN CALL ($0)
56,86,0.0,79,15,64,1.0,-100.0,18.9873417721519,MARGIN CALL ($0)
56,87,0.0,79,15,64,1.0,-100.0,18.9873417721519,MARGIN CALL ($0)
56,88,0.0,79,15,64,1.0,-100.0,18.9873417721519,MARGIN CALL ($0)
56,89,0.0,79,15,64,1.0,-100.0,18.9873417721519,MARGIN CALL ($0)
56,90,0.0,79,16,63,1.0,-100.0,20.253164556962027,MARGIN CALL ($0)
56,91,0.0,78,16,62,1.0,-100.0,20.51282051282051,MARGIN CALL ($0)
56,92,0.0,78,16,62,1.0,-100.0,20.51282051282051,MARGIN CALL ($0)
56,93,0.0,78,16,62,1.0,-100.0,20.51282051282051,MARGIN CALL ($0)
56,94,0.0,79,17,62,1.0,-100.0,21.518987341772153,MARGIN CALL ($0)
56,95,0.0,79,16,63,1.0,-100.0,20.253164556962027,MARGIN CALL ($0)
56,96,0.0,79,16,63,1.0,-100.0,20.253164556962027,MARGIN CALL ($0)
56,97,0.0,78,16,62,1.0,-100.0,20.51282051282051,MARGIN CALL ($0)
56,98,0.0,77,16,61,1.0,-100.0,20.77922077922078,MARGIN CALL ($0)
56,99,0.0,97,21,76,1.0,-100.0,21.649484536082475,MARGIN CALL ($0)
56,100,0.0,99,21,78,1.0,-100.0,21.21212121212121,MARGIN CALL ($0)
57,1,0.0,111,22,89,1.0,-100.0,19.81981981981982,MARGIN CALL ($0)
57,2,0.0,44,4,40,1.0,-100.0,9.090909090909092,MARGIN CALL ($0)
57,3,0.0,43,5,38,1.0,-100.0,11.627906976744185,MARGIN CALL ($0)
57,4,0.0,35,4,31,1.0,-100.0,11.428571428571429,MARGIN CALL ($0)
57,5,0.0,83,14,69,1.0,-100.0,16.867469879518072,MARGIN CALL ($0)
57,6,0.0,103,23,80,1.0,-100.0,22.330097087378643,MARGIN CALL ($0)
57,7,0.0,228,59,169,1.0,-100.0,25.877192982456144,MARGIN CALL ($0)
57,8,0.0,74,15,59,1.0,-100.0,20.27027027027027,MARGIN CALL ($0)
57,9,0.0,266,65,201,1.0,-100.0,24.43609022556391,MARGIN CALL ($0)
57,10,0.0,284,73,211,1.0,-100.0,25.704225352112676,MARGIN CALL ($0)
57,11,0.0,1450,311,1139,1.0,-100.0,21.448275862068968,MARGIN CALL ($0)
57,12,0.0,395,99,296,1.0,-100.0,25.063291139240505,MARGIN CALL ($0)
57,13,0.0,34,5,29,1.0,-100.0,14.705882352941178,MARGIN CALL ($0)
57,14,0.0,61,13,48,1.0,-100.0,21.311475409836063,MARGIN CALL ($0)
57,15,0.0,59,14,45,1.0,-100.0,23.728813559322035,MARGIN CALL ($0)
57,16,0.0,58,11,47,1.0,-100.0,18.96551724137931,MARGIN CALL ($0)
57,17,0.0,70,17,53,1.0,-100.0,24.285714285714285,MARGIN CALL ($0)
57,18,0.0,65,14,51,1.0,-100.0,21.53846153846154,MARGIN CALL ($0)
57,19,0.0,69,16,53,1.0,-100.0,23.18840579710145,MARGIN CALL ($0)
57,20,0.0,58,14,44,1.0,-100.0,24.137931034482758,MARGIN CALL ($0)
57,21,0.0,63,14,49,1.0,-100.0,22.22222222222222,MARGIN CALL ($0)
57,22,0.0,46,7,39,1.0,-100.0,15.217391304347828,MARGIN CALL ($0)
57,23,0.0,41,6,35,1.0,-100.0,14.634146341463413,MARGIN CALL ($0)
57,24,0.0,46,9,37,1.0,-100.0,19.565217391304348,MARGIN CALL ($0)
57,25,0.0,42,6,36,1.0,-100.0,14.285714285714285,MARGIN CALL ($0)
57,26,0.0,40,5,35,1.0,-100.0,12.5,MARGIN CALL ($0)
57,27,0.0,39,5,34,1.0,-100.0,12.82051282051282,MARGIN CALL ($0)
57,28,0.0,39,5,34,1.0,-100.0,12.82051282051282,MARGIN CALL ($0)
57,29,0.0,39,5,34,1.0,-100.0,12.82051282051282,MARGIN CALL ($0)
57,30,0.0,43,8,35,1.0,-100.0,18.6046511627907,MARGIN CALL ($0)
57,31,0.0,42,7,35,1.0,-100.0,16.666666666666664,MARGIN CALL ($0)
57,32,0.0,37,7,30,1.0,-100.0,18.91891891891892,MARGIN CALL ($0)
57,33,0.0,316,62,254,1.0,-100.0,19.62025316455696,MARGIN CALL ($0)
57,34,0.0,312,61,251,1.0,-100.0,19.55128205128205,MARGIN CALL ($0)
57,35,0.0,421,81,340,1.0,-100.0,19.239904988123516,MARGIN CALL ($0)
57,36,0.0,127,23,104,1.0,-100.0,18.11023622047244,MARGIN CALL ($0)
1,62,0.0,64,14,50,1.0,-100.0,21.875,MARGIN CALL ($0)
1,63,0.0,63,13,50,1.0,-100.0,20.634920634920633,MARGIN CALL ($0)
1,64,0.0,64,13,51,1.0,-100.0,20.3125,MARGIN CALL ($0)
1,65,0.0,65,13,52,1.0,-100.0,20.0,MARGIN CALL ($0)
57,41,0.0,108,17,91,1.0,-100.0,15.74074074074074,MARGIN CALL ($0)
57,42,0.0,132,24,108,1.0,-100.0,18.181818181818183,MARGIN CALL ($0)
57,43,0.0,115,19,96,1.0,-100.0,16.52173913043478,MARGIN CALL ($0)
57,44,0.0,123,18,105,1.0,-100.0,14.634146341463413,MARGIN CALL ($0)
57,45,0.0,139,21,118,1.0,-100.0,15.107913669064748,MARGIN CALL ($0)
57,46,0.0,136,20,116,1.0,-100.0,14.705882352941178,MARGIN CALL ($0)
57,47,0.0,132,20,112,1.0,-100.0,15.151515151515152,MARGIN CALL ($0)
57,48,0.0,119,17,102,1.0,-100.0,14.285714285714285,MARGIN CALL ($0)
57,49,0.0,115,19,96,1.0,-100.0,16.52173913043478,MARGIN CALL ($0)
57,50,0.0,63,8,55,1.0,-100.0,12.698412698412698,MARGIN CALL ($0)
57,51,0.0,53,6,47,1.0,-100.0,11.320754716981133,MARGIN CALL ($0)
57,52,0.0,50,5,45,1.0,-100.0,10.0,MARGIN CALL ($0)
57,53,0.0,57,6,51,1.0,-100.0,10.526315789473683,MARGIN CALL ($0)
57,54,0.0,55,6,49,1.0,-100.0,10.909090909090908,MARGIN CALL ($0)
57,55,0.0,81,10,71,1.0,-100.0,12.345679012345679,MARGIN CALL ($0)
57,56,0.0,89,12,77,1.0,-100.0,13.48314606741573,MARGIN CALL ($0)
57,57,0.0,86,12,74,1.0,-100.0,13.953488372093023,MARGIN CALL ($0)
57,58,0.0,96,13,83,1.0,-100.0,13.541666666666666,MARGIN CALL ($0)
57,59,0.0,96,13,83,1.0,-100.0,13.541666666666666,MARGIN CALL ($0)
57,60,0.0,106,13,93,1.0,-100.0,12.264150943396226,MARGIN CALL ($0)
57,61,0.0,107,13,94,1.0,-100.0,12.149532710280374,MARGIN CALL ($0)
57,62,0.0,110,14,96,1.0,-100.0,12.727272727272727,MARGIN CALL ($0)
57,63,0.0,122,15,107,1.0,-100.0,12.295081967213115,MARGIN CALL ($0)
57,64,0.0,124,17,107,1.0,-100.0,13.709677419354838,MARGIN CALL ($0)
57,65,0.0,128,19,109,1.0,-100.0,14.84375,MARGIN CALL ($0)
57,66,0.0,133,19,114,1.0,-100.0,14.285714285714285,MARGIN CALL ($0)
57,67,0.0,133,19,114,1.0,-100.0,14.285714285714285,MARGIN CALL ($0)
57,68,0.0,130,19,111,1.0,-100.0,14.615384615384617,MARGIN CALL ($0)
57,69,0.0,129,20,109,1.0,-100.0,15.503875968992247,MARGIN CALL ($0)
57,70,0.0,135,20,115,1.0,-100.0,14.814814814814813,MARGIN CALL ($0)
57,71,0.0,133,22,111,1.0,-100.0,16.541353383458645,MARGIN CALL ($0)
57,72,0.0,124,18,106,1.0,-100.0,14.516129032258066,MARGIN CALL ($0)
57,73,0.0,126,18,108,1.0,-100.0,14.285714285714285,MARGIN CALL ($0)
57,74,0.0,110,13,97,1.0,-100.0,11.818181818181818,MARGIN CALL ($0)
57,75,0.0,112,14,98,1.0,-100.0,12.5,MARGIN CALL ($0)
57,76,0.0,131,19,112,1.0,-100.0,14.50381679389313,MARGIN CALL ($0)
57,77,0.0,132,18,114,1.0,-100.0,13.636363636363635,MARGIN CALL ($0)
57,78,0.0,133,21,112,1.0,-100.0,15.789473684210526,MARGIN CALL ($0)
57,79,0.0,125,18,107,1.0,-100.0,14.399999999999999,MARGIN CALL ($0)
57,80,0.0,125,19,106,1.0,-100.0,15.2,MARGIN CALL ($0)
57,81,0.0,98,15,83,1.0,-100.0,15.306122448979592,MARGIN CALL ($0)
57,82,0.0,73,11,62,1.0,-100.0,15.068493150684931,MARGIN CALL ($0)
57,83,0.0,79,14,65,1.0,-100.0,17.72151898734177,MARGIN CALL ($0)
57,84,0.0,79,14,65,1.0,-100.0,17.72151898734177,MARGIN CALL ($0)
57,85,0.0,81,15,66,1.0,-100.0,18.51851851851852,MARGIN CALL ($0)
57,86,0.0,79,15,64,1.0,-100.0,18.9873417721519,MARGIN CALL ($0)
57,87,0.0,79,15,64,1.0,-100.0,18.9873417721519,MARGIN CALL ($0)
57,88,0.0,79,15,64,1.0,-100.0,18.9873417721519,MARGIN CALL ($0)
57,89,0.0,79,15,64,1.0,-100.0,18.9873417721519,MARGIN CALL ($0)
57,90,0.0,79,16,63,1.0,-100.0,20.253164556962027,MARGIN CALL ($0)
57,91,0.0,78,16,62,1.0,-100.0,20.51282051282051,MARGIN CALL ($0)
57,92,0.0,79,16,63,1.0,-100.0,20.253164556962027,MARGIN CALL ($0)
57,93,0.0,78,16,62,1.0,-100.0,20.51282051282051,MARGIN CALL ($0)
57,94,0.0,81,17,64,1.0,-100.0,20.98765432098765,MARGIN CALL ($0)
57,95,0.0,80,16,64,1.0,-100.0,20.0,MARGIN CALL ($0)
57,96,0.0,80,16,64,1.0,-100.0,20.0,MARGIN CALL ($0)
57,97,0.0,79,16,63,1.0,-100.0,20.253164556962027,MARGIN CALL ($0)
57,98,0.0,78,16,62,1.0,-100.0,20.51282051282051,MARGIN CALL ($0)
57,99,0.0,99,21,78,1.0,-100.0,21.21212121212121,MARGIN CALL ($0)
57,100,0.0,100,21,79,1.0,-100.0,21.0,MARGIN CALL ($0)
58,1,0.0,102,18,84,1.0,-100.0,17.647058823529413,MARGIN CALL ($0)
58,2,0.0,44,4,40,1.0,-100.0,9.090909090909092,MARGIN CALL ($0)
58,3,0.0,43,5,38,1.0,-100.0,11.627906976744185,MARGIN CALL ($0)
58,4,0.0,38,5,33,1.0,-100.0,13.157894736842104,MARGIN CALL ($0)
58,5,0.0,87,15,72,1.0,-100.0,17.24137931034483,MARGIN CALL ($0)
58,6,0.0,104,23,81,1.0,-100.0,22.115384615384613,MARGIN CALL ($0)
58,7,0.0,225,59,166,1.0,-100.0,26.222222222222225,MARGIN CALL ($0)
58,8,0.0,74,13,61,1.0,-100.0,17.56756756756757,MARGIN CALL ($0)
58,9,0.0,246,57,189,1.0,-100.0,23.170731707317074,MARGIN CALL ($0)
58,10,0.0,256,64,192,1.0,-100.0,25.0,MARGIN CALL ($0)
58,11,0.0,284,71,213,1.0,-100.0,25.0,MARGIN CALL ($0)
58,12,0.0,403,102,301,1.0,-100.0,25.31017369727047,MARGIN CALL ($0)
58,13,0.0,393,99,294,1.0,-100.0,25.190839694656486,MARGIN CALL ($0)
58,14,0.0,74,18,56,1.0,-100.0,24.324324324324326,MARGIN CALL ($0)
58,15,0.0,72,19,53,1.0,-100.0,26.38888888888889,MARGIN CALL ($0)
58,16,0.0,70,15,55,1.0,-100.0,21.428571428571427,MARGIN CALL ($0)
58,17,0.0,71,16,55,1.0,-100.0,22.535211267605636,MARGIN CALL ($0)
58,18,0.0,76,17,59,1.0,-100.0,22.36842105263158,MARGIN CALL ($0)
58,19,0.0,72,15,57,1.0,-100.0,20.833333333333336,MARGIN CALL ($0)
58,20,0.0,63,14,49,1.0,-100.0,22.22222222222222,MARGIN CALL ($0)
58,21,0.0,64,13,51,1.0,-100.0,20.3125,MARGIN CALL ($0)
58,22,0.0,52,9,43,1.0,-100.0,17.307692307692307,MARGIN CALL ($0)
58,23,0.0,48,8,40,1.0,-100.0,16.666666666666664,MARGIN CALL ($0)
58,24,0.0,49,8,41,1.0,-100.0,16.3265306122449,MARGIN CALL ($0)
58,25,0.0,45,7,38,1.0,-100.0,15.555555555555555,MARGIN CALL ($0)
58,26,0.0,42,6,36,1.0,-100.0,14.285714285714285,MARGIN CALL ($0)
58,27,0.0,42,6,36,1.0,-100.0,14.285714285714285,MARGIN CALL ($0)
58,28,0.0,45,7,38,1.0,-100.0,15.555555555555555,MARGIN CALL ($0)
58,29,0.0,46,7,39,1.0,-100.0,15.217391304347828,MARGIN CALL ($0)
58,30,0.0,46,7,39,1.0,-100.0,15.217391304347828,MARGIN CALL ($0)
58,31,0.0,43,6,37,1.0,-100.0,13.953488372093023,MARGIN CALL ($0)
58,32,0.0,39,6,33,1.0,-100.0,15.384615384615385,MARGIN CALL ($0)
58,33,0.0,319,61,258,1.0,-100.0,19.122257053291534,MARGIN CALL ($0)
58,34,0.0,314,60,254,1.0,-100.0,19.10828025477707,MARGIN CALL ($0)
58,35,0.0,475,85,390,1.0,-100.0,17.894736842105264,MARGIN CALL ($0)
58,36,0.0,129,23,106,1.0,-100.0,17.829457364341085,MARGIN CALL ($0)
1,66,0.0,63,13,50,1.0,-100.0,20.634920634920633,MARGIN CALL ($0)
1,67,0.0,249,59,190,1.0,-100.0,23.694779116465863,MARGIN CALL ($0)
1,68,0.0,63,13,50,1.0,-100.0,20.634920634920633,MARGIN CALL ($0)
1,69,0.0,223,51,172,1.0,-100.0,22.869955156950674,MARGIN CALL ($0)
58,41,0.0,108,17,91,1.0,-100.0,15.74074074074074,MARGIN CALL ($0)
1,70,0.0,226,52,174,1.0,-100.0,23.008849557522122,MARGIN CALL ($0)
58,43,0.0,117,20,97,1.0,-100.0,17.094017094017094,MARGIN CALL ($0)
1,71,0.0,227,52,175,1.0,-100.0,22.90748898678414,MARGIN CALL ($0)
1,72,0.0,236,55,181,1.0,-100.0,23.30508474576271,MARGIN CALL ($0)
1,73,0.0,240,58,182,1.0,-100.0,24.166666666666668,MARGIN CALL ($0)
58,47,0.0,415,53,362,1.0,-100.0,12.771084337349398,MARGIN CALL ($0)
1,74,0.0,235,54,181,1.0,-100.0,22.97872340425532,MARGIN CALL ($0)
58,49,0.0,378,50,328,1.0,-100.0,13.227513227513226,MARGIN CALL ($0)
58,50,0.0,65,8,57,1.0,-100.0,12.307692307692308,MARGIN CALL ($0)
58,51,0.0,56,7,49,1.0,-100.0,12.5,MARGIN CALL ($0)
58,52,0.0,59,7,52,1.0,-100.0,11.864406779661017,MARGIN CALL ($0)
58,53,0.0,60,7,53,1.0,-100.0,11.666666666666666,MARGIN CALL ($0)
58,54,0.0,59,7,52,1.0,-100.0,11.864406779661017,MARGIN CALL ($0)
58,55,0.0,99,12,87,1.0,-100.0,12.121212121212121,MARGIN CALL ($0)
58,56,0.0,96,12,84,1.0,-100.0,12.5,MARGIN CALL ($0)
58,57,0.0,94,12,82,1.0,-100.0,12.76595744680851,MARGIN CALL ($0)
58,58,0.0,86,13,73,1.0,-100.0,15.11627906976744,MARGIN CALL ($0)
58,59,0.0,88,13,75,1.0,-100.0,14.772727272727273,MARGIN CALL ($0)
58,60,0.0,95,13,82,1.0,-100.0,13.684210526315791,MARGIN CALL ($0)
58,61,0.0,97,13,84,1.0,-100.0,13.402061855670103,MARGIN CALL ($0)
58,62,0.0,102,15,87,1.0,-100.0,14.705882352941178,MARGIN CALL ($0)
1,75,0.0,238,52,186,1.0,-100.0,21.84873949579832,MARGIN CALL ($0)
1,76,0.0,235,52,183,1.0,-100.0,22.127659574468083,MARGIN CALL ($0)
1,77,0.0,233,52,181,1.0,-100.0,22.317596566523605,MARGIN CALL ($0)
58,66,0.0,128,20,108,1.0,-100.0,15.625,MARGIN CALL ($0)
58,67,0.0,128,20,108,1.0,-100.0,15.625,MARGIN CALL ($0)
58,68,0.0,125,21,104,1.0,-100.0,16.8,MARGIN CALL ($0)
58,69,0.0,125,22,103,1.0,-100.0,17.599999999999998,MARGIN CALL ($0)
58,70,0.0,131,22,109,1.0,-100.0,16.793893129770993,MARGIN CALL ($0)
58,71,0.0,133,23,110,1.0,-100.0,17.293233082706767,MARGIN CALL ($0)
1,78,0.0,242,56,186,1.0,-100.0,23.140495867768596,MARGIN CALL ($0)
58,73,0.0,126,19,107,1.0,-100.0,15.079365079365079,MARGIN CALL ($0)
58,74,0.0,127,19,108,1.0,-100.0,14.960629921259844,MARGIN CALL ($0)
58,75,0.0,131,20,111,1.0,-100.0,15.267175572519085,MARGIN CALL ($0)
58,76,0.0,131,20,111,1.0,-100.0,15.267175572519085,MARGIN CALL ($0)
58,77,0.0,131,18,113,1.0,-100.0,13.740458015267176,MARGIN CALL ($0)
58,78,0.0,130,21,109,1.0,-100.0,16.153846153846153,MARGIN CALL ($0)
58,79,0.0,129,21,108,1.0,-100.0,16.27906976744186,MARGIN CALL ($0)
58,80,0.0,130,22,108,1.0,-100.0,16.923076923076923,MARGIN CALL ($0)
58,81,0.0,108,18,90,1.0,-100.0,16.666666666666664,MARGIN CALL ($0)
58,82,0.0,79,11,68,1.0,-100.0,13.924050632911392,MARGIN CALL ($0)
58,83,0.0,90,16,74,1.0,-100.0,17.77777777777778,MARGIN CALL ($0)
58,84,0.0,91,16,75,1.0,-100.0,17.582417582417584,MARGIN CALL ($0)
58,85,0.0,90,16,74,1.0,-100.0,17.77777777777778,MARGIN CALL ($0)
58,86,0.0,83,13,70,1.0,-100.0,15.66265060240964,MARGIN CALL ($0)
58,87,0.0,83,13,70,1.0,-100.0,15.66265060240964,MARGIN CALL ($0)
58,88,0.0,83,13,70,1.0,-100.0,15.66265060240964,MARGIN CALL ($0)
58,89,0.0,85,14,71,1.0,-100.0,16.470588235294116,MARGIN CALL ($0)
58,90,0.0,84,14,70,1.0,-100.0,16.666666666666664,MARGIN CALL ($0)
58,91,0.0,84,14,70,1.0,-100.0,16.666666666666664,MARGIN CALL ($0)
58,92,0.0,86,14,72,1.0,-100.0,16.27906976744186,MARGIN CALL ($0)
58,93,0.0,83,14,69,1.0,-100.0,16.867469879518072,MARGIN CALL ($0)
58,94,0.0,86,16,70,1.0,-100.0,18.6046511627907,MARGIN CALL ($0)
58,95,0.0,88,15,73,1.0,-100.0,17.045454545454543,MARGIN CALL ($0)
58,96,0.0,87,15,72,1.0,-100.0,17.24137931034483,MARGIN CALL ($0)
58,97,0.0,87,15,72,1.0,-100.0,17.24137931034483,MARGIN CALL ($0)
58,98,0.0,85,14,71,1.0,-100.0,16.470588235294116,MARGIN CALL ($0)
58,99,0.0,111,23,88,1.0,-100.0,20.72072072072072,MARGIN CALL ($0)
1,79,0.0,245,56,189,1.0,-100.0,22.857142857142858,MARGIN CALL ($0)
59,1,0.0,103,18,85,1.0,-100.0,17.475728155339805,MARGIN CALL ($0)
59,2,0.0,44,4,40,1.0,-100.0,9.090909090909092,MARGIN CALL ($0)
59,3,0.0,43,5,38,1.0,-100.0,11.627906976744185,MARGIN CALL ($0)
59,4,0.0,38,5,33,1.0,-100.0,13.157894736842104,MARGIN CALL ($0)
59,5,0.0,87,15,72,1.0,-100.0,17.24137931034483,MARGIN CALL ($0)
59,6,0.0,106,24,82,1.0,-100.0,22.641509433962266,MARGIN CALL ($0)
59,7,0.0,226,59,167,1.0,-100.0,26.10619469026549,MARGIN CALL ($0)
59,8,0.0,73,13,60,1.0,-100.0,17.80821917808219,MARGIN CALL ($0)
59,9,0.0,246,58,188,1.0,-100.0,23.577235772357724,MARGIN CALL ($0)
59,10,0.0,254,64,190,1.0,-100.0,25.196850393700785,MARGIN CALL ($0)
59,11,0.0,1453,316,1137,1.0,-100.0,21.74810736407433,MARGIN CALL ($0)
59,12,0.0,400,103,297,1.0,-100.0,25.75,MARGIN CALL ($0)
59,13,0.0,392,100,292,1.0,-100.0,25.510204081632654,MARGIN CALL ($0)
59,14,0.0,73,18,55,1.0,-100.0,24.65753424657534,MARGIN CALL ($0)
59,15,0.0,72,19,53,1.0,-100.0,26.38888888888889,MARGIN CALL ($0)
59,16,0.0,70,15,55,1.0,-100.0,21.428571428571427,MARGIN CALL ($0)
59,17,0.0,70,16,54,1.0,-100.0,22.857142857142858,MARGIN CALL ($0)
59,18,0.0,76,18,58,1.0,-100.0,23.684210526315788,MARGIN CALL ($0)
59,19,0.0,71,15,56,1.0,-100.0,21.12676056338028,MARGIN CALL ($0)
59,20,0.0,64,14,50,1.0,-100.0,21.875,MARGIN CALL ($0)
59,21,0.0,64,13,51,1.0,-100.0,20.3125,MARGIN CALL ($0)
59,22,0.0,52,9,43,1.0,-100.0,17.307692307692307,MARGIN CALL ($0)
59,23,0.0,48,8,40,1.0,-100.0,16.666666666666664,MARGIN CALL ($0)
59,24,0.0,48,8,40,1.0,-100.0,16.666666666666664,MARGIN CALL ($0)
59,25,0.0,44,7,37,1.0,-100.0,15.909090909090908,MARGIN CALL ($0)
59,26,0.0,41,6,35,1.0,-100.0,14.634146341463413,MARGIN CALL ($0)
59,27,0.0,41,6,35,1.0,-100.0,14.634146341463413,MARGIN CALL ($0)
59,28,0.0,46,7,39,1.0,-100.0,15.217391304347828,MARGIN CALL ($0)
59,29,0.0,45,7,38,1.0,-100.0,15.555555555555555,MARGIN CALL ($0)
59,30,0.0,45,7,38,1.0,-100.0,15.555555555555555,MARGIN CALL ($0)
59,31,0.0,42,6,36,1.0,-100.0,14.285714285714285,MARGIN CALL ($0)
59,32,0.0,52,8,44,1.0,-100.0,15.384615384615385,MARGIN CALL ($0)
59,33,0.0,299,56,243,1.0,-100.0,18.729096989966553,MARGIN CALL ($0)
59,34,0.0,312,59,253,1.0,-100.0,18.91025641025641,MARGIN CALL ($0)
59,35,0.0,420,77,343,1.0,-100.0,18.333333333333332,MARGIN CALL ($0)
59,36,0.0,127,22,105,1.0,-100.0,17.322834645669293,MARGIN CALL ($0)
1,81,0.0,284,68,216,1.0,-100.0,23.943661971830984,MARGIN CALL ($0)
1,82,0.0,280,67,213,1.0,-100.0,23.92857142857143,MARGIN CALL ($0)
1,83,0.0,275,64,211,1.0,-100.0,23.272727272727273,MARGIN CALL ($0)
1,84,0.0,276,67,209,1.0,-100.0,24.27536231884058,MARGIN CALL ($0)
59,41,0.0,107,17,90,1.0,-100.0,15.887850467289718,MARGIN CALL ($0)
59,42,0.0,126,24,102,1.0,-100.0,19.047619047619047,MARGIN CALL ($0)
59,43,0.0,114,20,94,1.0,-100.0,17.543859649122805,MARGIN CALL ($0)
59,44,0.0,122,19,103,1.0,-100.0,15.573770491803279,MARGIN CALL ($0)
1,85,0.0,208,49,159,1.0,-100.0,23.557692307692307,MARGIN CALL ($0)
1,86,0.0,208,49,159,1.0,-100.0,23.557692307692307,MARGIN CALL ($0)
59,47,0.0,401,50,351,1.0,-100.0,12.468827930174564,MARGIN CALL ($0)
59,48,0.0,426,54,372,1.0,-100.0,12.676056338028168,MARGIN CALL ($0)
59,49,0.0,371,49,322,1.0,-100.0,13.20754716981132,MARGIN CALL ($0)
59,50,0.0,62,8,54,1.0,-100.0,12.903225806451612,MARGIN CALL ($0)
59,51,0.0,55,7,48,1.0,-100.0,12.727272727272727,MARGIN CALL ($0)
59,52,0.0,56,6,50,1.0,-100.0,10.714285714285714,MARGIN CALL ($0)
59,53,0.0,60,7,53,1.0,-100.0,11.666666666666666,MARGIN CALL ($0)
59,54,0.0,59,7,52,1.0,-100.0,11.864406779661017,MARGIN CALL ($0)
59,55,0.0,99,12,87,1.0,-100.0,12.121212121212121,MARGIN CALL ($0)
59,56,0.0,96,12,84,1.0,-100.0,12.5,MARGIN CALL ($0)
59,57,0.0,93,12,81,1.0,-100.0,12.903225806451612,MARGIN CALL ($0)
59,58,0.0,87,13,74,1.0,-100.0,14.942528735632186,MARGIN CALL ($0)
59,59,0.0,87,13,74,1.0,-100.0,14.942528735632186,MARGIN CALL ($0)
59,60,0.0,94,13,81,1.0,-100.0,13.829787234042554,MARGIN CALL ($0)
59,61,0.0,96,13,83,1.0,-100.0,13.541666666666666,MARGIN CALL ($0)
59,62,0.0,101,15,86,1.0,-100.0,14.85148514851485,MARGIN CALL ($0)
1,87,0.0,209,50,159,1.0,-100.0,23.923444976076556,MARGIN CALL ($0)
1,88,0.0,209,46,163,1.0,-100.0,22.00956937799043,MARGIN CALL ($0)
1,89,0.0,216,46,170,1.0,-100.0,21.296296296296298,MARGIN CALL ($0)
59,66,0.0,126,19,107,1.0,-100.0,15.079365079365079,MARGIN CALL ($0)
59,67,0.0,126,19,107,1.0,-100.0,15.079365079365079,MARGIN CALL ($0)
1,90,0.0,257,61,196,1.0,-100.0,23.73540856031128,MARGIN CALL ($0)
1,91,0.0,261,63,198,1.0,-100.0,24.137931034482758,MARGIN CALL ($0)
59,70,0.0,129,21,108,1.0,-100.0,16.27906976744186,MARGIN CALL ($0)
59,71,0.0,131,22,109,1.0,-100.0,16.793893129770993,MARGIN CALL ($0)
1,92,0.0,261,63,198,1.0,-100.0,24.137931034482758,MARGIN CALL ($0)
59,73,0.0,126,19,107,1.0,-100.0,15.079365079365079,MARGIN CALL ($0)
59,74,0.0,126,19,107,1.0,-100.0,15.079365079365079,MARGIN CALL ($0)
59,75,0.0,130,20,110,1.0,-100.0,15.384615384615385,MARGIN CALL ($0)
59,76,0.0,130,20,110,1.0,-100.0,15.384615384615385,MARGIN CALL ($0)
59,77,0.0,131,18,113,1.0,-100.0,13.740458015267176,MARGIN CALL ($0)
59,78,0.0,129,21,108,1.0,-100.0,16.27906976744186,MARGIN CALL ($0)
59,79,0.0,129,21,108,1.0,-100.0,16.27906976744186,MARGIN CALL ($0)
59,80,0.0,129,22,107,1.0,-100.0,17.05426356589147,MARGIN CALL ($0)
59,81,0.0,107,18,89,1.0,-100.0,16.822429906542055,MARGIN CALL ($0)
59,82,0.0,76,11,65,1.0,-100.0,14.473684210526317,MARGIN CALL ($0)
59,83,0.0,79,11,68,1.0,-100.0,13.924050632911392,MARGIN CALL ($0)
59,84,0.0,80,11,69,1.0,-100.0,13.750000000000002,MARGIN CALL ($0)
59,85,0.0,80,11,69,1.0,-100.0,13.750000000000002,MARGIN CALL ($0)
59,86,0.0,78,11,67,1.0,-100.0,14.102564102564102,MARGIN CALL ($0)
59,87,0.0,76,11,65,1.0,-100.0,14.473684210526317,MARGIN CALL ($0)
59,88,0.0,78,11,67,1.0,-100.0,14.102564102564102,MARGIN CALL ($0)
59,89,0.0,78,11,67,1.0,-100.0,14.102564102564102,MARGIN CALL ($0)
59,90,0.0,77,12,65,1.0,-100.0,15.584415584415584,MARGIN CALL ($0)
59,91,0.0,77,12,65,1.0,-100.0,15.584415584415584,MARGIN CALL ($0)
59,92,0.0,76,12,64,1.0,-100.0,15.789473684210526,MARGIN CALL ($0)
59,93,0.0,76,12,64,1.0,-100.0,15.789473684210526,MARGIN CALL ($0)
59,94,0.0,81,12,69,1.0,-100.0,14.814814814814813,MARGIN CALL ($0)
59,95,0.0,79,12,67,1.0,-100.0,15.18987341772152,MARGIN CALL ($0)
59,96,0.0,79,12,67,1.0,-100.0,15.18987341772152,MARGIN CALL ($0)
59,97,0.0,79,12,67,1.0,-100.0,15.18987341772152,MARGIN CALL ($0)
59,98,0.0,77,12,65,1.0,-100.0,15.584415584415584,MARGIN CALL ($0)
59,99,0.0,96,17,79,1.0,-100.0,17.708333333333336,MARGIN CALL ($0)
59,100,0.0,95,17,78,1.0,-100.0,17.894736842105264,MARGIN CALL ($0)
60,1,0.0,103,19,84,1.0,-100.0,18.446601941747574,MARGIN CALL ($0)
60,2,0.0,44,4,40,1.0,-100.0,9.090909090909092,MARGIN CALL ($0)
60,3,0.0,43,5,38,1.0,-100.0,11.627906976744185,MARGIN CALL ($0)
60,4,0.0,38,5,33,1.0,-100.0,13.157894736842104,MARGIN CALL ($0)
60,5,0.0,87,15,72,1.0,-100.0,17.24137931034483,MARGIN CALL ($0)
60,6,0.0,102,23,79,1.0,-100.0,22.54901960784314,MARGIN CALL ($0)
60,7,0.0,144,39,105,1.0,-100.0,27.083333333333332,MARGIN CALL ($0)
60,8,0.0,77,14,63,1.0,-100.0,18.181818181818183,MARGIN CALL ($0)
60,9,0.0,251,59,192,1.0,-100.0,23.50597609561753,MARGIN CALL ($0)
60,10,0.0,254,65,189,1.0,-100.0,25.590551181102363,MARGIN CALL ($0)
60,11,0.0,1453,313,1140,1.0,-100.0,21.541637990364762,MARGIN CALL ($0)
60,12,0.0,397,103,294,1.0,-100.0,25.94458438287154,MARGIN CALL ($0)
60,13,0.0,390,101,289,1.0,-100.0,25.8974358974359,MARGIN CALL ($0)
60,14,0.0,72,18,54,1.0,-100.0,25.0,MARGIN CALL ($0)
60,15,0.0,71,19,52,1.0,-100.0,26.76056338028169,MARGIN CALL ($0)
60,16,0.0,69,15,54,1.0,-100.0,21.73913043478261,MARGIN CALL ($0)
60,17,0.0,70,16,54,1.0,-100.0,22.857142857142858,MARGIN CALL ($0)
60,18,0.0,65,13,52,1.0,-100.0,20.0,MARGIN CALL ($0)
60,19,0.0,68,15,53,1.0,-100.0,22.058823529411764,MARGIN CALL ($0)
60,20,0.0,58,13,45,1.0,-100.0,22.413793103448278,MARGIN CALL ($0)
60,21,0.0,65,14,51,1.0,-100.0,21.53846153846154,MARGIN CALL ($0)
60,22,0.0,53,10,43,1.0,-100.0,18.867924528301888,MARGIN CALL ($0)
60,23,0.0,49,9,40,1.0,-100.0,18.367346938775512,MARGIN CALL ($0)
60,24,0.0,49,9,40,1.0,-100.0,18.367346938775512,MARGIN CALL ($0)
60,25,0.0,45,8,37,1.0,-100.0,17.77777777777778,MARGIN CALL ($0)
60,26,0.0,42,7,35,1.0,-100.0,16.666666666666664,MARGIN CALL ($0)
60,27,0.0,42,7,35,1.0,-100.0,16.666666666666664,MARGIN CALL ($0)
60,28,0.0,47,8,39,1.0,-100.0,17.02127659574468,MARGIN CALL ($0)
60,29,0.0,46,8,38,1.0,-100.0,17.391304347826086,MARGIN CALL ($0)
60,30,0.0,46,8,38,1.0,-100.0,17.391304347826086,MARGIN CALL ($0)
60,31,0.0,43,7,36,1.0,-100.0,16.27906976744186,MARGIN CALL ($0)
60,32,0.0,53,9,44,1.0,-100.0,16.9811320754717,MARGIN CALL ($0)
60,33,0.0,262,48,214,1.0,-100.0,18.3206106870229,MARGIN CALL ($0)
60,34,0.0,261,49,212,1.0,-100.0,18.773946360153257,MARGIN CALL ($0)
60,35,0.0,483,84,399,1.0,-100.0,17.391304347826086,MARGIN CALL ($0)
60,36,0.0,128,23,105,1.0,-100.0,17.96875,MARGIN CALL ($0)
1,93,0.0,261,64,197,1.0,-100.0,24.521072796934863,MARGIN CALL ($0)
1,94,0.0,262,67,195,1.0,-100.0,25.572519083969464,MARGIN CALL ($0)
1,95,0.0,266,69,197,1.0,-100.0,25.93984962406015,MARGIN CALL ($0)
60,40,0.0,122,23,99,1.0,-100.0,18.852459016393443,MARGIN CALL ($0)
60,41,0.0,105,17,88,1.0,-100.0,16.19047619047619,MARGIN CALL ($0)
60,42,0.0,127,24,103,1.0,-100.0,18.89763779527559,MARGIN CALL ($0)
60,43,0.0,114,20,94,1.0,-100.0,17.543859649122805,MARGIN CALL ($0)
60,44,0.0,121,19,102,1.0,-100.0,15.702479338842975,MARGIN CALL ($0)
1,96,0.0,263,67,196,1.0,-100.0,25.475285171102662,MARGIN CALL ($0)
1,97,0.0,264,67,197,1.0,-100.0,25.37878787878788,MARGIN CALL ($0)
1,98,0.0,259,65,194,1.0,-100.0,25.096525096525095,MARGIN CALL ($0)
60,48,0.0,106,14,92,1.0,-100.0,13.20754716981132,MARGIN CALL ($0)
1,99,0.0,260,70,190,1.0,-100.0,26.923076923076923,MARGIN CALL ($0)
60,50,0.0,57,7,50,1.0,-100.0,12.280701754385964,MARGIN CALL ($0)
60,51,0.0,54,7,47,1.0,-100.0,12.962962962962962,MARGIN CALL ($0)
60,52,0.0,52,6,46,1.0,-100.0,11.538461538461538,MARGIN CALL ($0)
60,53,0.0,52,6,46,1.0,-100.0,11.538461538461538,MARGIN CALL ($0)
60,54,0.0,58,7,51,1.0,-100.0,12.068965517241379,MARGIN CALL ($0)
60,55,0.0,86,10,76,1.0,-100.0,11.627906976744185,MARGIN CALL ($0)
60,56,0.0,98,12,86,1.0,-100.0,12.244897959183673,MARGIN CALL ($0)
60,57,0.0,96,12,84,1.0,-100.0,12.5,MARGIN CALL ($0)
60,58,0.0,90,13,77,1.0,-100.0,14.444444444444443,MARGIN CALL ($0)
60,59,0.0,91,13,78,1.0,-100.0,14.285714285714285,MARGIN CALL ($0)
1,100,0.0,258,70,188,1.0,-100.0,27.131782945736433,MARGIN CALL ($0)
2,1,0.0,61,11,50,1.0,-100.0,18.0327868852459,MARGIN CALL ($0)
2,2,0.0,44,4,40,1.0,-100.0,9.090909090909092,MARGIN CALL ($0)
2,3,0.0,45,5,40,1.0,-100.0,11.11111111111111,MARGIN CALL ($0)
2,4,0.0,45,5,40,1.0,-100.0,11.11111111111111,MARGIN CALL ($0)
2,5,0.0,115,22,93,1.0,-100.0,19.130434782608695,MARGIN CALL ($0)
2,6,0.0,117,22,95,1.0,-100.0,18.803418803418804,MARGIN CALL ($0)
2,7,0.0,91,16,75,1.0,-100.0,17.582417582417584,MARGIN CALL ($0)
2,8,0.0,108,19,89,1.0,-100.0,17.59259259259259,MARGIN CALL ($0)
2,9,0.0,104,16,88,1.0,-100.0,15.384615384615385,MARGIN CALL ($0)
2,10,0.0,99,16,83,1.0,-100.0,16.161616161616163,MARGIN CALL ($0)
2,11,0.0,97,16,81,1.0,-100.0,16.49484536082474,MARGIN CALL ($0)
2,12,0.0,54,7,47,1.0,-100.0,12.962962962962962,MARGIN CALL ($0)
60,73,0.0,122,19,103,1.0,-100.0,15.573770491803279,MARGIN CALL ($0)
60,74,0.0,123,19,104,1.0,-100.0,15.447154471544716,MARGIN CALL ($0)
60,75,0.0,126,20,106,1.0,-100.0,15.873015873015872,MARGIN CALL ($0)
60,76,0.0,125,20,105,1.0,-100.0,16.0,MARGIN CALL ($0)
60,77,0.0,127,18,109,1.0,-100.0,14.173228346456693,MARGIN CALL ($0)
60,78,0.0,125,21,104,1.0,-100.0,16.8,MARGIN CALL ($0)
60,79,0.0,121,18,103,1.0,-100.0,14.87603305785124,MARGIN CALL ($0)
60,80,0.0,121,19,102,1.0,-100.0,15.702479338842975,MARGIN CALL ($0)
60,81,0.0,113,20,93,1.0,-100.0,17.699115044247787,MARGIN CALL ($0)
60,82,0.0,80,11,69,1.0,-100.0,13.750000000000002,MARGIN CALL ($0)
60,83,0.0,82,11,71,1.0,-100.0,13.414634146341465,MARGIN CALL ($0)
60,84,0.0,88,14,74,1.0,-100.0,15.909090909090908,MARGIN CALL ($0)
60,85,0.0,88,14,74,1.0,-100.0,15.909090909090908,MARGIN CALL ($0)
60,86,0.0,81,11,70,1.0,-100.0,13.580246913580247,MARGIN CALL ($0)
60,87,0.0,80,11,69,1.0,-100.0,13.750000000000002,MARGIN CALL ($0)
60,88,0.0,80,11,69,1.0,-100.0,13.750000000000002,MARGIN CALL ($0)
60,89,0.0,80,11,69,1.0,-100.0,13.750000000000002,MARGIN CALL ($0)
60,90,0.0,81,12,69,1.0,-100.0,14.814814814814813,MARGIN CALL ($0)
60,91,0.0,80,12,68,1.0,-100.0,15.0,MARGIN CALL ($0)
60,92,0.0,80,12,68,1.0,-100.0,15.0,MARGIN CALL ($0)
60,93,0.0,80,12,68,1.0,-100.0,15.0,MARGIN CALL ($0)
60,94,0.0,80,12,68,1.0,-100.0,15.0,MARGIN CALL ($0)
60,95,0.0,81,12,69,1.0,-100.0,14.814814814814813,MARGIN CALL ($0)
60,96,0.0,80,12,68,1.0,-100.0,15.0,MARGIN CALL ($0)
60,97,0.0,80,12,68,1.0,-100.0,15.0,MARGIN CALL ($0)
60,98,0.0,78,12,66,1.0,-100.0,15.384615384615385,MARGIN CALL ($0)
60,99,0.0,106,21,85,1.0,-100.0,19.81132075471698,MARGIN CALL ($0)
2,13,0.0,52,7,45,1.0,-100.0,13.461538461538462,MARGIN CALL ($0)
61,1,0.0,103,19,84,1.0,-100.0,18.446601941747574,MARGIN CALL ($0)
61,2,0.0,44,4,40,1.0,-100.0,9.090909090909092,MARGIN CALL ($0)
61,3,0.0,43,5,38,1.0,-100.0,11.627906976744185,MARGIN CALL ($0)
61,4,0.0,35,4,31,1.0,-100.0,11.428571428571429,MARGIN CALL ($0)
61,5,0.0,83,14,69,1.0,-100.0,16.867469879518072,MARGIN CALL ($0)
61,6,0.0,98,23,75,1.0,-100.0,23.46938775510204,MARGIN CALL ($0)
61,7,0.0,143,39,104,1.0,-100.0,27.27272727272727,MARGIN CALL ($0)
61,8,0.0,71,13,58,1.0,-100.0,18.30985915492958,MARGIN CALL ($0)
61,9,0.0,246,59,187,1.0,-100.0,23.983739837398375,MARGIN CALL ($0)
61,10,0.0,247,62,185,1.0,-100.0,25.101214574898783,MARGIN CALL ($0)
61,11,0.0,281,72,209,1.0,-100.0,25.622775800711743,MARGIN CALL ($0)
61,12,0.0,398,102,296,1.0,-100.0,25.628140703517587,MARGIN CALL ($0)
61,13,0.0,390,100,290,1.0,-100.0,25.64102564102564,MARGIN CALL ($0)
61,14,0.0,62,14,48,1.0,-100.0,22.58064516129032,MARGIN CALL ($0)
61,15,0.0,60,15,45,1.0,-100.0,25.0,MARGIN CALL ($0)
61,16,0.0,69,15,54,1.0,-100.0,21.73913043478261,MARGIN CALL ($0)
2,14,0.0,52,7,45,1.0,-100.0,13.461538461538462,MARGIN CALL ($0)
61,18,0.0,64,13,51,1.0,-100.0,20.3125,MARGIN CALL ($0)
61,19,0.0,68,15,53,1.0,-100.0,22.058823529411764,MARGIN CALL ($0)
61,20,0.0,58,13,45,1.0,-100.0,22.413793103448278,MARGIN CALL ($0)
61,21,0.0,66,14,52,1.0,-100.0,21.21212121212121,MARGIN CALL ($0)
61,22,0.0,52,10,42,1.0,-100.0,19.230769230769234,MARGIN CALL ($0)
61,23,0.0,49,9,40,1.0,-100.0,18.367346938775512,MARGIN CALL ($0)
61,24,0.0,49,9,40,1.0,-100.0,18.367346938775512,MARGIN CALL ($0)
61,25,0.0,45,8,37,1.0,-100.0,17.77777777777778,MARGIN CALL ($0)
61,26,0.0,42,7,35,1.0,-100.0,16.666666666666664,MARGIN CALL ($0)
61,27,0.0,42,7,35,1.0,-100.0,16.666666666666664,MARGIN CALL ($0)
61,28,0.0,46,8,38,1.0,-100.0,17.391304347826086,MARGIN CALL ($0)
61,29,0.0,46,8,38,1.0,-100.0,17.391304347826086,MARGIN CALL ($0)
61,30,0.0,45,8,37,1.0,-100.0,17.77777777777778,MARGIN CALL ($0)
61,31,0.0,43,7,36,1.0,-100.0,16.27906976744186,MARGIN CALL ($0)
61,32,0.0,39,7,32,1.0,-100.0,17.94871794871795,MARGIN CALL ($0)
61,33,0.0,254,48,206,1.0,-100.0,18.89763779527559,MARGIN CALL ($0)
61,34,0.0,221,43,178,1.0,-100.0,19.457013574660635,MARGIN CALL ($0)
2,15,0.0,138,29,109,1.0,-100.0,21.014492753623188,MARGIN CALL ($0)
61,36,0.0,127,23,104,1.0,-100.0,18.11023622047244,MARGIN CALL ($0)
2,16,0.0,144,30,114,1.0,-100.0,20.833333333333336,MARGIN CALL ($0)
2,17,0.0,140,29,111,1.0,-100.0,20.714285714285715,MARGIN CALL ($0)
2,18,0.0,136,26,110,1.0,-100.0,19.11764705882353,MARGIN CALL ($0)
61,40,0.0,119,22,97,1.0,-100.0,18.487394957983195,MARGIN CALL ($0)
61,41,0.0,103,17,86,1.0,-100.0,16.50485436893204,MARGIN CALL ($0)
61,42,0.0,127,24,103,1.0,-100.0,18.89763779527559,MARGIN CALL ($0)
61,43,0.0,115,20,95,1.0,-100.0,17.391304347826086,MARGIN CALL ($0)
61,44,0.0,122,19,103,1.0,-100.0,15.573770491803279,MARGIN CALL ($0)
2,19,0.0,130,23,107,1.0,-100.0,17.692307692307693,MARGIN CALL ($0)
2,20,0.0,131,23,108,1.0,-100.0,17.557251908396946,MARGIN CALL ($0)
2,21,0.0,130,22,108,1.0,-100.0,16.923076923076923,MARGIN CALL ($0)
2,22,0.0,133,23,110,1.0,-100.0,17.293233082706767,MARGIN CALL ($0)
2,23,0.0,130,23,107,1.0,-100.0,17.692307692307693,MARGIN CALL ($0)
61,50,0.0,59,7,52,1.0,-100.0,11.864406779661017,MARGIN CALL ($0)
61,51,0.0,41,5,36,1.0,-100.0,12.195121951219512,MARGIN CALL ($0)
61,52,0.0,52,6,46,1.0,-100.0,11.538461538461538,MARGIN CALL ($0)
61,53,0.0,52,6,46,1.0,-100.0,11.538461538461538,MARGIN CALL ($0)
61,54,0.0,59,7,52,1.0,-100.0,11.864406779661017,MARGIN CALL ($0)
61,55,0.0,87,10,77,1.0,-100.0,11.494252873563218,MARGIN CALL ($0)
61,56,0.0,87,10,77,1.0,-100.0,11.494252873563218,MARGIN CALL ($0)
61,57,0.0,97,12,85,1.0,-100.0,12.371134020618557,MARGIN CALL ($0)
61,58,0.0,93,13,80,1.0,-100.0,13.978494623655912,MARGIN CALL ($0)
61,59,0.0,93,13,80,1.0,-100.0,13.978494623655912,MARGIN CALL ($0)
2,24,0.0,130,23,107,1.0,-100.0,17.692307692307693,MARGIN CALL ($0)
2,25,0.0,123,20,103,1.0,-100.0,16.260162601626014,MARGIN CALL ($0)
2,26,0.0,50,4,46,1.0,-100.0,8.0,MARGIN CALL ($0)
2,27,0.0,50,4,46,1.0,-100.0,8.0,MARGIN CALL ($0)
2,28,0.0,50,4,46,1.0,-100.0,8.0,MARGIN CALL ($0)
2,29,0.0,51,4,47,1.0,-100.0,7.8431372549019605,MARGIN CALL ($0)
2,30,0.0,49,4,45,1.0,-100.0,8.16326530612245,MARGIN CALL ($0)
2,31,0.0,126,23,103,1.0,-100.0,18.253968253968253,MARGIN CALL ($0)
2,32,0.0,127,23,104,1.0,-100.0,18.11023622047244,MARGIN CALL ($0)
2,33,0.0,127,23,104,1.0,-100.0,18.11023622047244,MARGIN CALL ($0)
2,34,0.0,126,23,103,1.0,-100.0,18.253968253968253,MARGIN CALL ($0)
2,35,0.0,124,23,101,1.0,-100.0,18.548387096774192,MARGIN CALL ($0)
2,36,0.0,124,23,101,1.0,-100.0,18.548387096774192,MARGIN CALL ($0)
2,37,0.0,49,4,45,1.0,-100.0,8.16326530612245,MARGIN CALL ($0)
61,74,0.0,123,19,104,1.0,-100.0,15.447154471544716,MARGIN CALL ($0)
61,75,0.0,126,20,106,1.0,-100.0,15.873015873015872,MARGIN CALL ($0)
61,76,0.0,125,20,105,1.0,-100.0,16.0,MARGIN CALL ($0)
61,77,0.0,128,18,110,1.0,-100.0,14.0625,MARGIN CALL ($0)
2,38,0.0,49,4,45,1.0,-100.0,8.16326530612245,MARGIN CALL ($0)
61,79,0.0,124,21,103,1.0,-100.0,16.93548387096774,MARGIN CALL ($0)
61,80,0.0,124,22,102,1.0,-100.0,17.741935483870968,MARGIN CALL ($0)
61,81,0.0,114,20,94,1.0,-100.0,17.543859649122805,MARGIN CALL ($0)
61,82,0.0,102,16,86,1.0,-100.0,15.686274509803921,MARGIN CALL ($0)
61,83,0.0,104,17,87,1.0,-100.0,16.346153846153847,MARGIN CALL ($0)
61,84,0.0,104,17,87,1.0,-100.0,16.346153846153847,MARGIN CALL ($0)
61,85,0.0,92,15,77,1.0,-100.0,16.304347826086957,MARGIN CALL ($0)
61,86,0.0,86,13,73,1.0,-100.0,15.11627906976744,MARGIN CALL ($0)
61,87,0.0,86,13,73,1.0,-100.0,15.11627906976744,MARGIN CALL ($0)
61,88,0.0,84,12,72,1.0,-100.0,14.285714285714285,MARGIN CALL ($0)
61,89,0.0,85,12,73,1.0,-100.0,14.117647058823529,MARGIN CALL ($0)
61,90,0.0,87,13,74,1.0,-100.0,14.942528735632186,MARGIN CALL ($0)
61,91,0.0,86,13,73,1.0,-100.0,15.11627906976744,MARGIN CALL ($0)
61,92,0.0,86,13,73,1.0,-100.0,15.11627906976744,MARGIN CALL ($0)
61,93,0.0,86,13,73,1.0,-100.0,15.11627906976744,MARGIN CALL ($0)
61,94,0.0,85,13,72,1.0,-100.0,15.294117647058824,MARGIN CALL ($0)
61,95,0.0,84,13,71,1.0,-100.0,15.476190476190476,MARGIN CALL ($0)
61,96,0.0,83,13,70,1.0,-100.0,15.66265060240964,MARGIN CALL ($0)
61,97,0.0,83,13,70,1.0,-100.0,15.66265060240964,MARGIN CALL ($0)
61,98,0.0,83,13,70,1.0,-100.0,15.66265060240964,MARGIN CALL ($0)
61,99,0.0,107,21,86,1.0,-100.0,19.626168224299064,MARGIN CALL ($0)
2,39,0.0,50,4,46,1.0,-100.0,8.0,MARGIN CALL ($0)
62,1,0.0,103,19,84,1.0,-100.0,18.446601941747574,MARGIN CALL ($0)
62,2,0.0,44,4,40,1.0,-100.0,9.090909090909092,MARGIN CALL ($0)
62,3,0.0,43,5,38,1.0,-100.0,11.627906976744185,MARGIN CALL ($0)
62,4,0.0,35,4,31,1.0,-100.0,11.428571428571429,MARGIN CALL ($0)
62,5,0.0,83,14,69,1.0,-100.0,16.867469879518072,MARGIN CALL ($0)
62,6,0.0,98,23,75,1.0,-100.0,23.46938775510204,MARGIN CALL ($0)
62,7,0.0,143,39,104,1.0,-100.0,27.27272727272727,MARGIN CALL ($0)
62,8,0.0,71,13,58,1.0,-100.0,18.30985915492958,MARGIN CALL ($0)
62,9,0.0,244,58,186,1.0,-100.0,23.770491803278688,MARGIN CALL ($0)
62,10,0.0,246,61,185,1.0,-100.0,24.796747967479675,MARGIN CALL ($0)
62,11,0.0,280,71,209,1.0,-100.0,25.357142857142854,MARGIN CALL ($0)
62,12,0.0,397,102,295,1.0,-100.0,25.692695214105793,MARGIN CALL ($0)
62,13,0.0,389,100,289,1.0,-100.0,25.70694087403599,MARGIN CALL ($0)
62,14,0.0,62,14,48,1.0,-100.0,22.58064516129032,MARGIN CALL ($0)
62,15,0.0,60,15,45,1.0,-100.0,25.0,MARGIN CALL ($0)
62,16,0.0,69,15,54,1.0,-100.0,21.73913043478261,MARGIN CALL ($0)
2,40,0.0,50,4,46,1.0,-100.0,8.0,MARGIN CALL ($0)
62,18,0.0,64,13,51,1.0,-100.0,20.3125,MARGIN CALL ($0)
62,19,0.0,69,15,54,1.0,-100.0,21.73913043478261,MARGIN CALL ($0)
62,20,0.0,58,13,45,1.0,-100.0,22.413793103448278,MARGIN CALL ($0)
62,21,0.0,66,14,52,1.0,-100.0,21.21212121212121,MARGIN CALL ($0)
62,22,0.0,51,10,41,1.0,-100.0,19.607843137254903,MARGIN CALL ($0)
62,23,0.0,48,9,39,1.0,-100.0,18.75,MARGIN CALL ($0)
62,24,0.0,48,9,39,1.0,-100.0,18.75,MARGIN CALL ($0)
62,25,0.0,44,8,36,1.0,-100.0,18.181818181818183,MARGIN CALL ($0)
62,26,0.0,42,7,35,1.0,-100.0,16.666666666666664,MARGIN CALL ($0)
62,27,0.0,41,7,34,1.0,-100.0,17.073170731707318,MARGIN CALL ($0)
62,28,0.0,45,8,37,1.0,-100.0,17.77777777777778,MARGIN CALL ($0)
62,29,0.0,44,8,36,1.0,-100.0,18.181818181818183,MARGIN CALL ($0)
62,30,0.0,44,8,36,1.0,-100.0,18.181818181818183,MARGIN CALL ($0)
62,31,0.0,43,7,36,1.0,-100.0,16.27906976744186,MARGIN CALL ($0)
62,32,0.0,39,7,32,1.0,-100.0,17.94871794871795,MARGIN CALL ($0)
62,33,0.0,317,65,252,1.0,-100.0,20.50473186119874,MARGIN CALL ($0)
62,34,0.0,313,65,248,1.0,-100.0,20.766773162939298,MARGIN CALL ($0)
2,41,0.0,50,4,46,1.0,-100.0,8.0,MARGIN CALL ($0)
62,36,0.0,128,24,104,1.0,-100.0,18.75,MARGIN CALL ($0)
2,42,0.0,50,4,46,1.0,-100.0,8.0,MARGIN CALL ($0)
2,43,0.0,104,22,82,1.0,-100.0,21.153846153846153,MARGIN CALL ($0)
2,44,0.0,104,22,82,1.0,-100.0,21.153846153846153,MARGIN CALL ($0)
62,40,0.0,118,22,96,1.0,-100.0,18.64406779661017,MARGIN CALL ($0)
62,41,0.0,103,17,86,1.0,-100.0,16.50485436893204,MARGIN CALL ($0)
62,42,0.0,125,24,101,1.0,-100.0,19.2,MARGIN CALL ($0)
62,43,0.0,114,20,94,1.0,-100.0,17.543859649122805,MARGIN CALL ($0)
62,44,0.0,122,19,103,1.0,-100.0,15.573770491803279,MARGIN CALL ($0)
2,45,0.0,104,22,82,1.0,-100.0,21.153846153846153,MARGIN CALL ($0)
2,46,0.0,103,22,81,1.0,-100.0,21.35922330097087,MARGIN CALL ($0)
2,47,0.0,114,24,90,1.0,-100.0,21.052631578947366,MARGIN CALL ($0)
2,48,0.0,114,24,90,1.0,-100.0,21.052631578947366,MARGIN CALL ($0)
2,49,0.0,114,25,89,1.0,-100.0,21.929824561403507,MARGIN CALL ($0)
62,50,0.0,61,8,53,1.0,-100.0,13.114754098360656,MARGIN CALL ($0)
62,51,0.0,52,6,46,1.0,-100.0,11.538461538461538,MARGIN CALL ($0)
62,52,0.0,51,6,45,1.0,-100.0,11.76470588235294,MARGIN CALL ($0)
62,53,0.0,52,6,46,1.0,-100.0,11.538461538461538,MARGIN CALL ($0)
62,54,0.0,54,6,48,1.0,-100.0,11.11111111111111,MARGIN CALL ($0)
62,55,0.0,87,10,77,1.0,-100.0,11.494252873563218,MARGIN CALL ($0)
62,56,0.0,87,10,77,1.0,-100.0,11.494252873563218,MARGIN CALL ($0)
62,57,0.0,102,13,89,1.0,-100.0,12.745098039215685,MARGIN CALL ($0)
62,58,0.0,97,14,83,1.0,-100.0,14.432989690721648,MARGIN CALL ($0)
62,59,0.0,97,14,83,1.0,-100.0,14.432989690721648,MARGIN CALL ($0)
2,50,0.0,116,25,91,1.0,-100.0,21.551724137931032,MARGIN CALL ($0)
2,51,0.0,53,5,48,1.0,-100.0,9.433962264150944,MARGIN CALL ($0)
2,52,0.0,53,5,48,1.0,-100.0,9.433962264150944,MARGIN CALL ($0)
62,63,0.0,331,34,297,1.0,-100.0,10.27190332326284,MARGIN CALL ($0)
2,53,0.0,53,5,48,1.0,-100.0,9.433962264150944,MARGIN CALL ($0)
2,54,0.0,55,7,48,1.0,-100.0,12.727272727272727,MARGIN CALL ($0)
2,55,0.0,55,7,48,1.0,-100.0,12.727272727272727,MARGIN CALL ($0)
2,56,0.0,55,7,48,1.0,-100.0,12.727272727272727,MARGIN CALL ($0)
2,57,0.0,55,5,50,1.0,-100.0,9.090909090909092,MARGIN CALL ($0)
2,58,0.0,55,5,50,1.0,-100.0,9.090909090909092,MARGIN CALL ($0)
2,59,0.0,55,5,50,1.0,-100.0,9.090909090909092,MARGIN CALL ($0)
2,60,0.0,54,5,49,1.0,-100.0,9.25925925925926,MARGIN CALL ($0)
2,61,0.0,54,5,49,1.0,-100.0,9.25925925925926,MARGIN CALL ($0)
2,62,0.0,54,5,49,1.0,-100.0,9.25925925925926,MARGIN CALL ($0)
2,63,0.0,54,5,49,1.0,-100.0,9.25925925925926,MARGIN CALL ($0)
2,64,0.0,54,5,49,1.0,-100.0,9.25925925925926,MARGIN CALL ($0)
2,65,0.0,54,5,49,1.0,-100.0,9.25925925925926,MARGIN CALL ($0)
62,77,0.0,126,18,108,1.0,-100.0,14.285714285714285,MARGIN CALL ($0)
2,66,0.0,54,5,49,1.0,-100.0,9.25925925925926,MARGIN CALL ($0)
2,67,0.0,54,5,49,1.0,-100.0,9.25925925925926,MARGIN CALL ($0)
2,68,0.0,54,5,49,1.0,-100.0,9.25925925925926,MARGIN CALL ($0)
62,81,0.0,114,20,94,1.0,-100.0,17.543859649122805,MARGIN CALL ($0)
62,82,0.0,111,18,93,1.0,-100.0,16.216216216216218,MARGIN CALL ($0)
62,83,0.0,117,19,98,1.0,-100.0,16.23931623931624,MARGIN CALL ($0)
62,84,0.0,117,19,98,1.0,-100.0,16.23931623931624,MARGIN CALL ($0)
62,85,0.0,104,15,89,1.0,-100.0,14.423076923076922,MARGIN CALL ($0)
62,86,0.0,115,18,97,1.0,-100.0,15.65217391304348,MARGIN CALL ($0)
62,87,0.0,107,15,92,1.0,-100.0,14.018691588785046,MARGIN CALL ($0)
62,88,0.0,107,14,93,1.0,-100.0,13.084112149532709,MARGIN CALL ($0)
62,89,0.0,109,14,95,1.0,-100.0,12.844036697247708,MARGIN CALL ($0)
62,90,0.0,106,14,92,1.0,-100.0,13.20754716981132,MARGIN CALL ($0)
62,91,0.0,100,14,86,1.0,-100.0,14.000000000000002,MARGIN CALL ($0)
62,92,0.0,101,14,87,1.0,-100.0,13.861386138613863,MARGIN CALL ($0)
62,93,0.0,101,14,87,1.0,-100.0,13.861386138613863,MARGIN CALL ($0)
62,94,0.0,96,14,82,1.0,-100.0,14.583333333333334,MARGIN CALL ($0)
62,95,0.0,99,14,85,1.0,-100.0,14.14141414141414,MARGIN CALL ($0)
62,96,0.0,124,22,102,1.0,-100.0,17.741935483870968,MARGIN CALL ($0)
62,97,0.0,120,22,98,1.0,-100.0,18.333333333333332,MARGIN CALL ($0)
62,98,0.0,120,22,98,1.0,-100.0,18.333333333333332,MARGIN CALL ($0)
62,99,0.0,381,51,330,1.0,-100.0,13.385826771653544,MARGIN CALL ($0)
2,69,0.0,54,5,49,1.0,-100.0,9.25925925925926,MARGIN CALL ($0)
63,1,0.0,61,8,53,1.0,-100.0,13.114754098360656,MARGIN CALL ($0)
63,2,0.0,44,4,40,1.0,-100.0,9.090909090909092,MARGIN CALL ($0)
63,3,0.0,43,5,38,1.0,-100.0,11.627906976744185,MARGIN CALL ($0)
63,4,0.0,35,4,31,1.0,-100.0,11.428571428571429,MARGIN CALL ($0)
63,5,0.0,83,14,69,1.0,-100.0,16.867469879518072,MARGIN CALL ($0)
63,6,0.0,99,23,76,1.0,-100.0,23.232323232323232,MARGIN CALL ($0)
63,7,0.0,144,38,106,1.0,-100.0,26.38888888888889,MARGIN CALL ($0)
63,8,0.0,68,12,56,1.0,-100.0,17.647058823529413,MARGIN CALL ($0)
63,9,0.0,36,4,32,1.0,-100.0,11.11111111111111,MARGIN CALL ($0)
63,10,0.0,35,3,32,1.0,-100.0,8.571428571428571,MARGIN CALL ($0)
63,11,0.0,33,3,30,1.0,-100.0,9.090909090909092,MARGIN CALL ($0)
63,12,0.0,30,3,27,1.0,-100.0,10.0,MARGIN CALL ($0)
63,13,0.0,33,3,30,1.0,-100.0,9.090909090909092,MARGIN CALL ($0)
63,14,0.0,61,13,48,1.0,-100.0,21.311475409836063,MARGIN CALL ($0)
63,15,0.0,59,14,45,1.0,-100.0,23.728813559322035,MARGIN CALL ($0)
63,16,0.0,59,11,48,1.0,-100.0,18.64406779661017,MARGIN CALL ($0)
63,17,0.0,62,12,50,1.0,-100.0,19.35483870967742,MARGIN CALL ($0)
63,18,0.0,56,9,47,1.0,-100.0,16.071428571428573,MARGIN CALL ($0)
63,19,0.0,64,13,51,1.0,-100.0,20.3125,MARGIN CALL ($0)
63,20,0.0,48,8,40,1.0,-100.0,16.666666666666664,MARGIN CALL ($0)
63,21,0.0,50,9,41,1.0,-100.0,18.0,MARGIN CALL ($0)
63,22,0.0,42,6,36,1.0,-100.0,14.285714285714285,MARGIN CALL ($0)
63,23,0.0,41,6,35,1.0,-100.0,14.634146341463413,MARGIN CALL ($0)
63,24,0.0,41,6,35,1.0,-100.0,14.634146341463413,MARGIN CALL ($0)
63,25,0.0,40,6,34,1.0,-100.0,15.0,MARGIN CALL ($0)
63,26,0.0,41,7,34,1.0,-100.0,17.073170731707318,MARGIN CALL ($0)
63,27,0.0,41,7,34,1.0,-100.0,17.073170731707318,MARGIN CALL ($0)
63,28,0.0,42,7,35,1.0,-100.0,16.666666666666664,MARGIN CALL ($0)
63,29,0.0,42,7,35,1.0,-100.0,16.666666666666664,MARGIN CALL ($0)
63,30,0.0,41,7,34,1.0,-100.0,17.073170731707318,MARGIN CALL ($0)
63,31,0.0,41,7,34,1.0,-100.0,17.073170731707318,MARGIN CALL ($0)
63,32,0.0,39,7,32,1.0,-100.0,17.94871794871795,MARGIN CALL ($0)
63,33,0.0,413,82,331,1.0,-100.0,19.854721549636803,MARGIN CALL ($0)
63,34,0.0,383,78,305,1.0,-100.0,20.365535248041773,MARGIN CALL ($0)
2,70,0.0,54,5,49,1.0,-100.0,9.25925925925926,MARGIN CALL ($0)
63,36,0.0,130,25,105,1.0,-100.0,19.230769230769234,MARGIN CALL ($0)
2,71,0.0,54,5,49,1.0,-100.0,9.25925925925926,MARGIN CALL ($0)
2,72,0.0,54,5,49,1.0,-100.0,9.25925925925926,MARGIN CALL ($0)
2,73,0.0,54,5,49,1.0,-100.0,9.25925925925926,MARGIN CALL ($0)
63,40,0.0,117,22,95,1.0,-100.0,18.803418803418804,MARGIN CALL ($0)
63,41,0.0,104,17,87,1.0,-100.0,16.346153846153847,MARGIN CALL ($0)
63,42,0.0,125,24,101,1.0,-100.0,19.2,MARGIN CALL ($0)
63,43,0.0,113,20,93,1.0,-100.0,17.699115044247787,MARGIN CALL ($0)
63,44,0.0,122,19,103,1.0,-100.0,15.573770491803279,MARGIN CALL ($0)
2,74,0.0,54,5,49,1.0,-100.0,9.25925925925926,MARGIN CALL ($0)
2,75,0.0,54,5,49,1.0,-100.0,9.25925925925926,MARGIN CALL ($0)
2,76,0.0,54,5,49,1.0,-100.0,9.25925925925926,MARGIN CALL ($0)
2,77,0.0,54,5,49,1.0,-100.0,9.25925925925926,MARGIN CALL ($0)
2,78,0.0,54,5,49,1.0,-100.0,9.25925925925926,MARGIN CALL ($0)
63,50,0.0,92,13,79,1.0,-100.0,14.130434782608695,MARGIN CALL ($0)
63,51,0.0,68,8,60,1.0,-100.0,11.76470588235294,MARGIN CALL ($0)
63,52,0.0,68,8,60,1.0,-100.0,11.76470588235294,MARGIN CALL ($0)
63,53,0.0,71,8,63,1.0,-100.0,11.267605633802818,MARGIN CALL ($0)
63,54,0.0,70,8,62,1.0,-100.0,11.428571428571429,MARGIN CALL ($0)
63,55,0.0,119,14,105,1.0,-100.0,11.76470588235294,MARGIN CALL ($0)
63,56,0.0,117,14,103,1.0,-100.0,11.965811965811966,MARGIN CALL ($0)
63,57,0.0,113,14,99,1.0,-100.0,12.389380530973451,MARGIN CALL ($0)
63,58,0.0,105,15,90,1.0,-100.0,14.285714285714285,MARGIN CALL ($0)
63,59,0.0,107,15,92,1.0,-100.0,14.018691588785046,MARGIN CALL ($0)
2,79,0.0,51,4,47,1.0,-100.0,7.8431372549019605,MARGIN CALL ($0)
2,80,0.0,51,4,47,1.0,-100.0,7.8431372549019605,MARGIN CALL ($0)
2,81,0.0,51,4,47,1.0,-100.0,7.8431372549019605,MARGIN CALL ($0)
2,82,0.0,51,4,47,1.0,-100.0,7.8431372549019605,MARGIN CALL ($0)
2,83,0.0,51,4,47,1.0,-100.0,7.8431372549019605,MARGIN CALL ($0)
2,84,0.0,52,4,48,1.0,-100.0,7.6923076923076925,MARGIN CALL ($0)
2,85,0.0,52,4,48,1.0,-100.0,7.6923076923076925,MARGIN CALL ($0)
2,86,0.0,52,4,48,1.0,-100.0,7.6923076923076925,MARGIN CALL ($0)
2,87,0.0,53,4,49,1.0,-100.0,7.547169811320755,MARGIN CALL ($0)
2,88,0.0,54,4,50,1.0,-100.0,7.4074074074074066,MARGIN CALL ($0)
2,89,0.0,54,4,50,1.0,-100.0,7.4074074074074066,MARGIN CALL ($0)
2,90,0.0,54,4,50,1.0,-100.0,7.4074074074074066,MARGIN CALL ($0)
2,91,0.0,54,4,50,1.0,-100.0,7.4074074074074066,MARGIN CALL ($0)
2,92,0.0,52,4,48,1.0,-100.0,7.6923076923076925,MARGIN CALL ($0)
2,93,0.0,52,4,48,1.0,-100.0,7.6923076923076925,MARGIN CALL ($0)
2,94,0.0,50,4,46,1.0,-100.0,8.0,MARGIN CALL ($0)
2,95,0.0,50,4,46,1.0,-100.0,8.0,MARGIN CALL ($0)
2,96,0.0,50,4,46,1.0,-100.0,8.0,MARGIN CALL ($0)
2,97,0.0,50,4,46,1.0,-100.0,8.0,MARGIN CALL ($0)
2,98,0.0,49,4,45,1.0,-100.0,8.16326530612245,MARGIN CALL ($0)
2,99,0.0,48,4,44,1.0,-100.0,8.333333333333332,MARGIN CALL ($0)
63,81,0.0,111,16,95,1.0,-100.0,14.414414414414415,MARGIN CALL ($0)
63,82,0.0,107,15,92,1.0,-100.0,14.018691588785046,MARGIN CALL ($0)
63,83,0.0,111,15,96,1.0,-100.0,13.513513513513514,MARGIN CALL ($0)
63,84,0.0,111,15,96,1.0,-100.0,13.513513513513514,MARGIN CALL ($0)
63,85,0.0,112,15,97,1.0,-100.0,13.392857142857142,MARGIN CALL ($0)
63,86,0.0,110,14,96,1.0,-100.0,12.727272727272727,MARGIN CALL ($0)
63,87,0.0,108,14,94,1.0,-100.0,12.962962962962962,MARGIN CALL ($0)
63,88,0.0,106,13,93,1.0,-100.0,12.264150943396226,MARGIN CALL ($0)
63,89,0.0,107,13,94,1.0,-100.0,12.149532710280374,MARGIN CALL ($0)
63,90,0.0,102,12,90,1.0,-100.0,11.76470588235294,MARGIN CALL ($0)
63,91,0.0,104,12,92,1.0,-100.0,11.538461538461538,MARGIN CALL ($0)
63,92,0.0,104,12,92,1.0,-100.0,11.538461538461538,MARGIN CALL ($0)
63,93,0.0,117,17,100,1.0,-100.0,14.529914529914532,MARGIN CALL ($0)
63,94,0.0,114,17,97,1.0,-100.0,14.912280701754385,MARGIN CALL ($0)
63,95,0.0,116,17,99,1.0,-100.0,14.655172413793101,MARGIN CALL ($0)
63,96,0.0,124,20,104,1.0,-100.0,16.129032258064516,MARGIN CALL ($0)
63,97,0.0,124,20,104,1.0,-100.0,16.129032258064516,MARGIN CALL ($0)
63,98,0.0,124,20,104,1.0,-100.0,16.129032258064516,MARGIN CALL ($0)
63,99,0.0,361,46,315,1.0,-100.0,12.742382271468145,MARGIN CALL ($0)
63,100,0.0,369,50,319,1.0,-100.0,13.550135501355012,MARGIN CALL ($0)
64,1,0.0,61,8,53,1.0,-100.0,13.114754098360656,MARGIN CALL ($0)
64,2,0.0,44,4,40,1.0,-100.0,9.090909090909092,MARGIN CALL ($0)
64,3,0.0,43,5,38,1.0,-100.0,11.627906976744185,MARGIN CALL ($0)
64,4,0.0,35,4,31,1.0,-100.0,11.428571428571429,MARGIN CALL ($0)
64,5,0.0,83,14,69,1.0,-100.0,16.867469879518072,MARGIN CALL ($0)
64,6,0.0,99,23,76,1.0,-100.0,23.232323232323232,MARGIN CALL ($0)
64,7,0.0,143,38,105,1.0,-100.0,26.573426573426573,MARGIN CALL ($0)
64,8,0.0,68,12,56,1.0,-100.0,17.647058823529413,MARGIN CALL ($0)
64,9,0.0,36,4,32,1.0,-100.0,11.11111111111111,MARGIN CALL ($0)
64,10,0.0,35,3,32,1.0,-100.0,8.571428571428571,MARGIN CALL ($0)
64,11,0.0,33,3,30,1.0,-100.0,9.090909090909092,MARGIN CALL ($0)
64,12,0.0,30,3,27,1.0,-100.0,10.0,MARGIN CALL ($0)
64,13,0.0,33,3,30,1.0,-100.0,9.090909090909092,MARGIN CALL ($0)
64,14,0.0,62,13,49,1.0,-100.0,20.967741935483872,MARGIN CALL ($0)
64,15,0.0,60,14,46,1.0,-100.0,23.333333333333332,MARGIN CALL ($0)
64,16,0.0,59,11,48,1.0,-100.0,18.64406779661017,MARGIN CALL ($0)
64,17,0.0,63,12,51,1.0,-100.0,19.047619047619047,MARGIN CALL ($0)
64,18,0.0,57,9,48,1.0,-100.0,15.789473684210526,MARGIN CALL ($0)
64,19,0.0,64,13,51,1.0,-100.0,20.3125,MARGIN CALL ($0)
64,20,0.0,49,8,41,1.0,-100.0,16.3265306122449,MARGIN CALL ($0)
64,21,0.0,50,9,41,1.0,-100.0,18.0,MARGIN CALL ($0)
64,22,0.0,42,6,36,1.0,-100.0,14.285714285714285,MARGIN CALL ($0)
64,23,0.0,41,6,35,1.0,-100.0,14.634146341463413,MARGIN CALL ($0)
64,24,0.0,40,6,34,1.0,-100.0,15.0,MARGIN CALL ($0)
64,25,0.0,40,6,34,1.0,-100.0,15.0,MARGIN CALL ($0)
64,26,0.0,41,7,34,1.0,-100.0,17.073170731707318,MARGIN CALL ($0)
64,27,0.0,41,7,34,1.0,-100.0,17.073170731707318,MARGIN CALL ($0)
64,28,0.0,41,7,34,1.0,-100.0,17.073170731707318,MARGIN CALL ($0)
64,29,0.0,41,7,34,1.0,-100.0,17.073170731707318,MARGIN CALL ($0)
64,30,0.0,40,7,33,1.0,-100.0,17.5,MARGIN CALL ($0)
64,31,0.0,41,7,34,1.0,-100.0,17.073170731707318,MARGIN CALL ($0)
64,32,0.0,39,7,32,1.0,-100.0,17.94871794871795,MARGIN CALL ($0)
64,33,0.0,428,87,341,1.0,-100.0,20.327102803738317,MARGIN CALL ($0)
64,34,0.0,394,81,313,1.0,-100.0,20.558375634517766,MARGIN CALL ($0)
2,100,0.0,48,4,44,1.0,-100.0,8.333333333333332,MARGIN CALL ($0)
64,36,0.0,129,25,104,1.0,-100.0,19.379844961240313,MARGIN CALL ($0)
3,1,0.0,78,14,64,1.0,-100.0,17.94871794871795,MARGIN CALL ($0)
3,2,0.0,44,4,40,1.0,-100.0,9.090909090909092,MARGIN CALL ($0)
3,3,0.0,43,5,38,1.0,-100.0,11.627906976744185,MARGIN CALL ($0)
64,40,0.0,117,22,95,1.0,-100.0,18.803418803418804,MARGIN CALL ($0)
64,41,0.0,102,17,85,1.0,-100.0,16.666666666666664,MARGIN CALL ($0)
64,42,0.0,126,24,102,1.0,-100.0,19.047619047619047,MARGIN CALL ($0)
64,43,0.0,113,20,93,1.0,-100.0,17.699115044247787,MARGIN CALL ($0)
64,44,0.0,43,6,37,1.0,-100.0,13.953488372093023,MARGIN CALL ($0)
64,45,0.0,43,6,37,1.0,-100.0,13.953488372093023,MARGIN CALL ($0)
64,46,0.0,38,5,33,1.0,-100.0,13.157894736842104,MARGIN CALL ($0)
3,4,0.0,43,5,38,1.0,-100.0,11.627906976744185,MARGIN CALL ($0)
3,5,0.0,113,22,91,1.0,-100.0,19.469026548672566,MARGIN CALL ($0)
3,6,0.0,115,22,93,1.0,-100.0,19.130434782608695,MARGIN CALL ($0)
64,50,0.0,102,16,86,1.0,-100.0,15.686274509803921,MARGIN CALL ($0)
64,51,0.0,77,11,66,1.0,-100.0,14.285714285714285,MARGIN CALL ($0)
64,52,0.0,86,12,74,1.0,-100.0,13.953488372093023,MARGIN CALL ($0)
64,53,0.0,88,12,76,1.0,-100.0,13.636363636363635,MARGIN CALL ($0)
64,54,0.0,93,12,81,1.0,-100.0,12.903225806451612,MARGIN CALL ($0)
64,55,0.0,120,16,104,1.0,-100.0,13.333333333333334,MARGIN CALL ($0)
64,56,0.0,119,16,103,1.0,-100.0,13.445378151260504,MARGIN CALL ($0)
64,57,0.0,116,16,100,1.0,-100.0,13.793103448275861,MARGIN CALL ($0)
64,58,0.0,109,17,92,1.0,-100.0,15.59633027522936,MARGIN CALL ($0)
64,59,0.0,111,17,94,1.0,-100.0,15.315315315315313,MARGIN CALL ($0)
3,7,0.0,87,16,71,1.0,-100.0,18.39080459770115,MARGIN CALL ($0)
3,8,0.0,109,22,87,1.0,-100.0,20.18348623853211,MARGIN CALL ($0)
3,9,0.0,108,22,86,1.0,-100.0,20.37037037037037,MARGIN CALL ($0)
3,10,0.0,98,16,82,1.0,-100.0,16.3265306122449,MARGIN CALL ($0)
3,11,0.0,94,16,78,1.0,-100.0,17.02127659574468,MARGIN CALL ($0)
3,12,0.0,56,8,48,1.0,-100.0,14.285714285714285,MARGIN CALL ($0)
3,13,0.0,53,7,46,1.0,-100.0,13.20754716981132,MARGIN CALL ($0)
3,14,0.0,52,7,45,1.0,-100.0,13.461538461538462,MARGIN CALL ($0)
3,15,0.0,133,30,103,1.0,-100.0,22.55639097744361,MARGIN CALL ($0)
3,16,0.0,1112,352,760,1.0,-100.0,31.654676258992804,MARGIN CALL ($0)
3,17,0.0,192,52,140,1.0,-100.0,27.083333333333332,MARGIN CALL ($0)
3,18,0.0,195,52,143,1.0,-100.0,26.666666666666668,MARGIN CALL ($0)
3,19,0.0,199,55,144,1.0,-100.0,27.63819095477387,MARGIN CALL ($0)
3,20,0.0,135,29,106,1.0,-100.0,21.48148148148148,MARGIN CALL ($0)
3,21,0.0,121,22,99,1.0,-100.0,18.181818181818183,MARGIN CALL ($0)
3,22,0.0,124,23,101,1.0,-100.0,18.548387096774192,MARGIN CALL ($0)
3,23,0.0,121,23,98,1.0,-100.0,19.00826446280992,MARGIN CALL ($0)
3,24,0.0,119,23,96,1.0,-100.0,19.327731092436977,MARGIN CALL ($0)
3,25,0.0,113,20,93,1.0,-100.0,17.699115044247787,MARGIN CALL ($0)
3,26,0.0,44,4,40,1.0,-100.0,9.090909090909092,MARGIN CALL ($0)
3,27,0.0,44,4,40,1.0,-100.0,9.090909090909092,MARGIN CALL ($0)
64,81,0.0,113,16,97,1.0,-100.0,14.15929203539823,MARGIN CALL ($0)
64,82,0.0,111,15,96,1.0,-100.0,13.513513513513514,MARGIN CALL ($0)
64,83,0.0,115,16,99,1.0,-100.0,13.91304347826087,MARGIN CALL ($0)
64,84,0.0,117,16,101,1.0,-100.0,13.675213675213676,MARGIN CALL ($0)
64,85,0.0,120,16,104,1.0,-100.0,13.333333333333334,MARGIN CALL ($0)
64,86,0.0,113,15,98,1.0,-100.0,13.274336283185843,MARGIN CALL ($0)
64,87,0.0,112,15,97,1.0,-100.0,13.392857142857142,MARGIN CALL ($0)
64,88,0.0,112,14,98,1.0,-100.0,12.5,MARGIN CALL ($0)
64,89,0.0,113,14,99,1.0,-100.0,12.389380530973451,MARGIN CALL ($0)
64,90,0.0,111,15,96,1.0,-100.0,13.513513513513514,MARGIN CALL ($0)
64,91,0.0,106,13,93,1.0,-100.0,12.264150943396226,MARGIN CALL ($0)
64,92,0.0,121,17,104,1.0,-100.0,14.049586776859504,MARGIN CALL ($0)
64,93,0.0,123,18,105,1.0,-100.0,14.634146341463413,MARGIN CALL ($0)
64,94,0.0,119,18,101,1.0,-100.0,15.126050420168067,MARGIN CALL ($0)
64,95,0.0,119,18,101,1.0,-100.0,15.126050420168067,MARGIN CALL ($0)
64,96,0.0,127,21,106,1.0,-100.0,16.535433070866144,MARGIN CALL ($0)
64,97,0.0,128,21,107,1.0,-100.0,16.40625,MARGIN CALL ($0)
64,98,0.0,124,21,103,1.0,-100.0,16.93548387096774,MARGIN CALL ($0)
64,99,0.0,366,48,318,1.0,-100.0,13.114754098360656,MARGIN CALL ($0)
64,100,0.0,365,49,316,1.0,-100.0,13.424657534246576,MARGIN CALL ($0)
65,1,0.0,62,8,54,1.0,-100.0,12.903225806451612,MARGIN CALL ($0)
65,2,0.0,44,4,40,1.0,-100.0,9.090909090909092,MARGIN CALL ($0)
65,3,0.0,43,5,38,1.0,-100.0,11.627906976744185,MARGIN CALL ($0)
65,4,0.0,35,4,31,1.0,-100.0,11.428571428571429,MARGIN CALL ($0)
65,5,0.0,84,14,70,1.0,-100.0,16.666666666666664,MARGIN CALL ($0)
65,6,0.0,98,23,75,1.0,-100.0,23.46938775510204,MARGIN CALL ($0)
65,7,0.0,143,38,105,1.0,-100.0,26.573426573426573,MARGIN CALL ($0)
65,8,0.0,68,12,56,1.0,-100.0,17.647058823529413,MARGIN CALL ($0)
65,9,0.0,35,4,31,1.0,-100.0,11.428571428571429,MARGIN CALL ($0)
65,10,0.0,34,3,31,1.0,-100.0,8.823529411764707,MARGIN CALL ($0)
65,11,0.0,32,3,29,1.0,-100.0,9.375,MARGIN CALL ($0)
65,12,0.0,80,17,63,1.0,-100.0,21.25,MARGIN CALL ($0)
65,13,0.0,32,3,29,1.0,-100.0,9.375,MARGIN CALL ($0)
65,14,0.0,61,13,48,1.0,-100.0,21.311475409836063,MARGIN CALL ($0)
65,15,0.0,59,14,45,1.0,-100.0,23.728813559322035,MARGIN CALL ($0)
65,16,0.0,59,11,48,1.0,-100.0,18.64406779661017,MARGIN CALL ($0)
65,17,0.0,62,12,50,1.0,-100.0,19.35483870967742,MARGIN CALL ($0)
65,18,0.0,56,9,47,1.0,-100.0,16.071428571428573,MARGIN CALL ($0)
3,28,0.0,113,20,93,1.0,-100.0,17.699115044247787,MARGIN CALL ($0)
65,20,0.0,48,8,40,1.0,-100.0,16.666666666666664,MARGIN CALL ($0)
65,21,0.0,50,9,41,1.0,-100.0,18.0,MARGIN CALL ($0)
65,22,0.0,42,6,36,1.0,-100.0,14.285714285714285,MARGIN CALL ($0)
65,23,0.0,41,6,35,1.0,-100.0,14.634146341463413,MARGIN CALL ($0)
65,24,0.0,40,6,34,1.0,-100.0,15.0,MARGIN CALL ($0)
65,25,0.0,40,6,34,1.0,-100.0,15.0,MARGIN CALL ($0)
65,26,0.0,41,7,34,1.0,-100.0,17.073170731707318,MARGIN CALL ($0)
65,27,0.0,40,7,33,1.0,-100.0,17.5,MARGIN CALL ($0)
65,28,0.0,42,7,35,1.0,-100.0,16.666666666666664,MARGIN CALL ($0)
65,29,0.0,42,7,35,1.0,-100.0,16.666666666666664,MARGIN CALL ($0)
65,30,0.0,40,7,33,1.0,-100.0,17.5,MARGIN CALL ($0)
65,31,0.0,40,7,33,1.0,-100.0,17.5,MARGIN CALL ($0)
65,32,0.0,37,7,30,1.0,-100.0,18.91891891891892,MARGIN CALL ($0)
65,33,0.0,438,88,350,1.0,-100.0,20.091324200913242,MARGIN CALL ($0)
65,34,0.0,386,79,307,1.0,-100.0,20.466321243523318,MARGIN CALL ($0)
3,29,0.0,45,4,41,1.0,-100.0,8.88888888888889,MARGIN CALL ($0)
65,36,0.0,133,28,105,1.0,-100.0,21.052631578947366,MARGIN CALL ($0)
3,30,0.0,118,23,95,1.0,-100.0,19.491525423728813,MARGIN CALL ($0)
65,38,0.0,458,73,385,1.0,-100.0,15.938864628820962,MARGIN CALL ($0)
3,31,0.0,115,23,92,1.0,-100.0,20.0,MARGIN CALL ($0)
65,40,0.0,118,23,95,1.0,-100.0,19.491525423728813,MARGIN CALL ($0)
65,41,0.0,107,18,89,1.0,-100.0,16.822429906542055,MARGIN CALL ($0)
65,42,0.0,127,25,102,1.0,-100.0,19.68503937007874,MARGIN CALL ($0)
65,43,0.0,115,21,94,1.0,-100.0,18.26086956521739,MARGIN CALL ($0)
65,44,0.0,124,20,104,1.0,-100.0,16.129032258064516,MARGIN CALL ($0)
3,32,0.0,115,23,92,1.0,-100.0,20.0,MARGIN CALL ($0)
65,46,0.0,38,5,33,1.0,-100.0,13.157894736842104,MARGIN CALL ($0)
3,33,0.0,117,23,94,1.0,-100.0,19.65811965811966,MARGIN CALL ($0)
3,34,0.0,116,23,93,1.0,-100.0,19.82758620689655,MARGIN CALL ($0)
3,35,0.0,117,23,94,1.0,-100.0,19.65811965811966,MARGIN CALL ($0)
65,50,0.0,104,17,87,1.0,-100.0,16.346153846153847,MARGIN CALL ($0)
65,51,0.0,84,12,72,1.0,-100.0,14.285714285714285,MARGIN CALL ($0)
65,52,0.0,87,12,75,1.0,-100.0,13.793103448275861,MARGIN CALL ($0)
65,53,0.0,90,13,77,1.0,-100.0,14.444444444444443,MARGIN CALL ($0)
65,54,0.0,92,13,79,1.0,-100.0,14.130434782608695,MARGIN CALL ($0)
65,55,0.0,122,17,105,1.0,-100.0,13.934426229508196,MARGIN CALL ($0)
65,56,0.0,119,17,102,1.0,-100.0,14.285714285714285,MARGIN CALL ($0)
65,57,0.0,117,17,100,1.0,-100.0,14.529914529914532,MARGIN CALL ($0)
65,58,0.0,110,18,92,1.0,-100.0,16.363636363636363,MARGIN CALL ($0)
65,59,0.0,111,17,94,1.0,-100.0,15.315315315315313,MARGIN CALL ($0)
3,36,0.0,116,23,93,1.0,-100.0,19.82758620689655,MARGIN CALL ($0)
3,37,0.0,117,23,94,1.0,-100.0,19.65811965811966,MARGIN CALL ($0)
3,38,0.0,43,4,39,1.0,-100.0,9.30232558139535,MARGIN CALL ($0)
3,39,0.0,92,20,72,1.0,-100.0,21.73913043478261,MARGIN CALL ($0)
3,40,0.0,90,20,70,1.0,-100.0,22.22222222222222,MARGIN CALL ($0)
3,41,0.0,44,4,40,1.0,-100.0,9.090909090909092,MARGIN CALL ($0)
3,42,0.0,44,4,40,1.0,-100.0,9.090909090909092,MARGIN CALL ($0)
3,43,0.0,103,24,79,1.0,-100.0,23.300970873786408,MARGIN CALL ($0)
3,44,0.0,103,24,79,1.0,-100.0,23.300970873786408,MARGIN CALL ($0)
3,45,0.0,103,24,79,1.0,-100.0,23.300970873786408,MARGIN CALL ($0)
3,46,0.0,103,24,79,1.0,-100.0,23.300970873786408,MARGIN CALL ($0)
3,47,0.0,104,25,79,1.0,-100.0,24.03846153846154,MARGIN CALL ($0)
3,48,0.0,103,25,78,1.0,-100.0,24.271844660194176,MARGIN CALL ($0)
3,49,0.0,104,25,79,1.0,-100.0,24.03846153846154,MARGIN CALL ($0)
3,50,0.0,105,25,80,1.0,-100.0,23.809523809523807,MARGIN CALL ($0)
3,51,0.0,47,5,42,1.0,-100.0,10.638297872340425,MARGIN CALL ($0)
3,52,0.0,47,5,42,1.0,-100.0,10.638297872340425,MARGIN CALL ($0)
3,53,0.0,46,5,41,1.0,-100.0,10.869565217391305,MARGIN CALL ($0)
3,54,0.0,49,7,42,1.0,-100.0,14.285714285714285,MARGIN CALL ($0)
3,55,0.0,49,7,42,1.0,-100.0,14.285714285714285,MARGIN CALL ($0)
3,56,0.0,49,7,42,1.0,-100.0,14.285714285714285,MARGIN CALL ($0)
3,57,0.0,48,5,43,1.0,-100.0,10.416666666666668,MARGIN CALL ($0)
65,82,0.0,105,15,90,1.0,-100.0,14.285714285714285,MARGIN CALL ($0)
65,83,0.0,110,16,94,1.0,-100.0,14.545454545454545,MARGIN CALL ($0)
65,84,0.0,112,16,96,1.0,-100.0,14.285714285714285,MARGIN CALL ($0)
65,85,0.0,116,16,100,1.0,-100.0,13.793103448275861,MARGIN CALL ($0)
65,86,0.0,111,16,95,1.0,-100.0,14.414414414414415,MARGIN CALL ($0)
65,87,0.0,112,16,96,1.0,-100.0,14.285714285714285,MARGIN CALL ($0)
65,88,0.0,111,16,95,1.0,-100.0,14.414414414414415,MARGIN CALL ($0)
65,89,0.0,112,16,96,1.0,-100.0,14.285714285714285,MARGIN CALL ($0)
65,90,0.0,113,17,96,1.0,-100.0,15.04424778761062,MARGIN CALL ($0)
65,91,0.0,118,18,100,1.0,-100.0,15.254237288135593,MARGIN CALL ($0)
65,92,0.0,121,19,102,1.0,-100.0,15.702479338842975,MARGIN CALL ($0)
65,93,0.0,121,19,102,1.0,-100.0,15.702479338842975,MARGIN CALL ($0)
65,94,0.0,117,19,98,1.0,-100.0,16.23931623931624,MARGIN CALL ($0)
65,95,0.0,118,19,99,1.0,-100.0,16.101694915254235,MARGIN CALL ($0)
65,96,0.0,123,22,101,1.0,-100.0,17.88617886178862,MARGIN CALL ($0)
65,97,0.0,123,22,101,1.0,-100.0,17.88617886178862,MARGIN CALL ($0)
65,98,0.0,121,22,99,1.0,-100.0,18.181818181818183,MARGIN CALL ($0)
65,99,0.0,406,56,350,1.0,-100.0,13.793103448275861,MARGIN CALL ($0)
65,100,0.0,379,54,325,1.0,-100.0,14.24802110817942,MARGIN CALL ($0)
66,1,0.0,62,8,54,1.0,-100.0,12.903225806451612,MARGIN CALL ($0)
66,2,0.0,44,4,40,1.0,-100.0,9.090909090909092,MARGIN CALL ($0)
66,3,0.0,43,5,38,1.0,-100.0,11.627906976744185,MARGIN CALL ($0)
66,4,0.0,35,4,31,1.0,-100.0,11.428571428571429,MARGIN CALL ($0)
66,5,0.0,85,14,71,1.0,-100.0,16.470588235294116,MARGIN CALL ($0)
66,6,0.0,99,23,76,1.0,-100.0,23.232323232323232,MARGIN CALL ($0)
66,7,0.0,144,38,106,1.0,-100.0,26.38888888888889,MARGIN CALL ($0)
66,8,0.0,68,12,56,1.0,-100.0,17.647058823529413,MARGIN CALL ($0)
66,9,0.0,35,4,31,1.0,-100.0,11.428571428571429,MARGIN CALL ($0)
66,10,0.0,34,3,31,1.0,-100.0,8.823529411764707,MARGIN CALL ($0)
66,11,0.0,32,3,29,1.0,-100.0,9.375,MARGIN CALL ($0)
66,12,0.0,392,98,294,1.0,-100.0,25.0,MARGIN CALL ($0)
66,13,0.0,32,3,29,1.0,-100.0,9.375,MARGIN CALL ($0)
66,14,0.0,61,13,48,1.0,-100.0,21.311475409836063,MARGIN CALL ($0)
66,15,0.0,58,14,44,1.0,-100.0,24.137931034482758,MARGIN CALL ($0)
66,16,0.0,58,11,47,1.0,-100.0,18.96551724137931,MARGIN CALL ($0)
66,17,0.0,62,12,50,1.0,-100.0,19.35483870967742,MARGIN CALL ($0)
66,18,0.0,56,9,47,1.0,-100.0,16.071428571428573,MARGIN CALL ($0)
3,58,0.0,47,5,42,1.0,-100.0,10.638297872340425,MARGIN CALL ($0)
66,20,0.0,48,8,40,1.0,-100.0,16.666666666666664,MARGIN CALL ($0)
66,21,0.0,50,9,41,1.0,-100.0,18.0,MARGIN CALL ($0)
66,22,0.0,42,6,36,1.0,-100.0,14.285714285714285,MARGIN CALL ($0)
66,23,0.0,41,6,35,1.0,-100.0,14.634146341463413,MARGIN CALL ($0)
66,24,0.0,41,6,35,1.0,-100.0,14.634146341463413,MARGIN CALL ($0)
66,25,0.0,40,6,34,1.0,-100.0,15.0,MARGIN CALL ($0)
66,26,0.0,41,7,34,1.0,-100.0,17.073170731707318,MARGIN CALL ($0)
66,27,0.0,41,7,34,1.0,-100.0,17.073170731707318,MARGIN CALL ($0)
66,28,0.0,41,7,34,1.0,-100.0,17.073170731707318,MARGIN CALL ($0)
66,29,0.0,41,7,34,1.0,-100.0,17.073170731707318,MARGIN CALL ($0)
66,30,0.0,40,7,33,1.0,-100.0,17.5,MARGIN CALL ($0)
66,31,0.0,41,7,34,1.0,-100.0,17.073170731707318,MARGIN CALL ($0)
66,32,0.0,38,7,31,1.0,-100.0,18.421052631578945,MARGIN CALL ($0)
66,33,0.0,447,91,356,1.0,-100.0,20.3579418344519,MARGIN CALL ($0)
66,34,0.0,385,81,304,1.0,-100.0,21.038961038961038,MARGIN CALL ($0)
3,59,0.0,47,5,42,1.0,-100.0,10.638297872340425,MARGIN CALL ($0)
66,36,0.0,122,24,98,1.0,-100.0,19.672131147540984,MARGIN CALL ($0)
3,60,0.0,48,5,43,1.0,-100.0,10.416666666666668,MARGIN CALL ($0)
66,38,0.0,452,72,380,1.0,-100.0,15.929203539823009,MARGIN CALL ($0)
3,61,0.0,49,5,44,1.0,-100.0,10.204081632653061,MARGIN CALL ($0)
66,40,0.0,108,21,87,1.0,-100.0,19.444444444444446,MARGIN CALL ($0)
66,41,0.0,35,6,29,1.0,-100.0,17.142857142857142,MARGIN CALL ($0)
66,42,0.0,115,23,92,1.0,-100.0,20.0,MARGIN CALL ($0)
66,43,0.0,100,19,81,1.0,-100.0,19.0,MARGIN CALL ($0)
66,44,0.0,44,7,37,1.0,-100.0,15.909090909090908,MARGIN CALL ($0)
66,45,0.0,43,7,36,1.0,-100.0,16.27906976744186,MARGIN CALL ($0)
66,46,0.0,37,5,32,1.0,-100.0,13.513513513513514,MARGIN CALL ($0)
66,47,0.0,42,6,36,1.0,-100.0,14.285714285714285,MARGIN CALL ($0)
3,62,0.0,49,5,44,1.0,-100.0,10.204081632653061,MARGIN CALL ($0)
3,63,0.0,49,5,44,1.0,-100.0,10.204081632653061,MARGIN CALL ($0)
66,50,0.0,116,20,96,1.0,-100.0,17.24137931034483,MARGIN CALL ($0)
66,51,0.0,107,17,90,1.0,-100.0,15.887850467289718,MARGIN CALL ($0)
66,52,0.0,107,17,90,1.0,-100.0,15.887850467289718,MARGIN CALL ($0)
66,53,0.0,104,16,88,1.0,-100.0,15.384615384615385,MARGIN CALL ($0)
66,54,0.0,103,16,87,1.0,-100.0,15.53398058252427,MARGIN CALL ($0)
66,55,0.0,125,17,108,1.0,-100.0,13.600000000000001,MARGIN CALL ($0)
66,56,0.0,123,17,106,1.0,-100.0,13.821138211382115,MARGIN CALL ($0)
66,57,0.0,120,17,103,1.0,-100.0,14.166666666666666,MARGIN CALL ($0)
66,58,0.0,118,19,99,1.0,-100.0,16.101694915254235,MARGIN CALL ($0)
66,59,0.0,119,18,101,1.0,-100.0,15.126050420168067,MARGIN CALL ($0)
3,64,0.0,49,5,44,1.0,-100.0,10.204081632653061,MARGIN CALL ($0)
3,65,0.0,48,5,43,1.0,-100.0,10.416666666666668,MARGIN CALL ($0)
3,66,0.0,48,5,43,1.0,-100.0,10.416666666666668,MARGIN CALL ($0)
3,67,0.0,48,5,43,1.0,-100.0,10.416666666666668,MARGIN CALL ($0)
3,68,0.0,48,5,43,1.0,-100.0,10.416666666666668,MARGIN CALL ($0)
3,69,0.0,48,5,43,1.0,-100.0,10.416666666666668,MARGIN CALL ($0)
3,70,0.0,48,5,43,1.0,-100.0,10.416666666666668,MARGIN CALL ($0)
3,71,0.0,48,5,43,1.0,-100.0,10.416666666666668,MARGIN CALL ($0)
3,72,0.0,48,5,43,1.0,-100.0,10.416666666666668,MARGIN CALL ($0)
3,73,0.0,48,5,43,1.0,-100.0,10.416666666666668,MARGIN CALL ($0)
3,74,0.0,47,5,42,1.0,-100.0,10.638297872340425,MARGIN CALL ($0)
3,75,0.0,47,5,42,1.0,-100.0,10.638297872340425,MARGIN CALL ($0)
3,76,0.0,47,5,42,1.0,-100.0,10.638297872340425,MARGIN CALL ($0)
3,77,0.0,47,5,42,1.0,-100.0,10.638297872340425,MARGIN CALL ($0)
3,78,0.0,47,5,42,1.0,-100.0,10.638297872340425,MARGIN CALL ($0)
3,79,0.0,46,4,42,1.0,-100.0,8.695652173913043,MARGIN CALL ($0)
3,80,0.0,46,4,42,1.0,-100.0,8.695652173913043,MARGIN CALL ($0)
3,81,0.0,46,4,42,1.0,-100.0,8.695652173913043,MARGIN CALL ($0)
3,82,0.0,46,4,42,1.0,-100.0,8.695652173913043,MARGIN CALL ($0)
3,83,0.0,46,4,42,1.0,-100.0,8.695652173913043,MARGIN CALL ($0)
3,84,0.0,47,4,43,1.0,-100.0,8.51063829787234,MARGIN CALL ($0)
66,81,0.0,113,17,96,1.0,-100.0,15.04424778761062,MARGIN CALL ($0)
66,82,0.0,110,16,94,1.0,-100.0,14.545454545454545,MARGIN CALL ($0)
66,83,0.0,114,17,97,1.0,-100.0,14.912280701754385,MARGIN CALL ($0)
66,84,0.0,117,17,100,1.0,-100.0,14.529914529914532,MARGIN CALL ($0)
66,85,0.0,120,17,103,1.0,-100.0,14.166666666666666,MARGIN CALL ($0)
66,86,0.0,115,17,98,1.0,-100.0,14.782608695652174,MARGIN CALL ($0)
66,87,0.0,116,17,99,1.0,-100.0,14.655172413793101,MARGIN CALL ($0)
66,88,0.0,115,17,98,1.0,-100.0,14.782608695652174,MARGIN CALL ($0)
66,89,0.0,116,17,99,1.0,-100.0,14.655172413793101,MARGIN CALL ($0)
66,90,0.0,115,18,97,1.0,-100.0,15.65217391304348,MARGIN CALL ($0)
66,91,0.0,121,19,102,1.0,-100.0,15.702479338842975,MARGIN CALL ($0)
66,92,0.0,109,16,93,1.0,-100.0,14.678899082568808,MARGIN CALL ($0)
66,93,0.0,120,19,101,1.0,-100.0,15.833333333333332,MARGIN CALL ($0)
66,94,0.0,119,19,100,1.0,-100.0,15.966386554621847,MARGIN CALL ($0)
66,95,0.0,110,16,94,1.0,-100.0,14.545454545454545,MARGIN CALL ($0)
66,96,0.0,127,22,105,1.0,-100.0,17.322834645669293,MARGIN CALL ($0)
66,97,0.0,127,22,105,1.0,-100.0,17.322834645669293,MARGIN CALL ($0)
66,98,0.0,125,22,103,1.0,-100.0,17.599999999999998,MARGIN CALL ($0)
66,99,0.0,370,51,319,1.0,-100.0,13.783783783783784,MARGIN CALL ($0)
66,100,0.0,365,52,313,1.0,-100.0,14.246575342465754,MARGIN CALL ($0)
67,1,0.0,62,8,54,1.0,-100.0,12.903225806451612,MARGIN CALL ($0)
67,2,0.0,44,4,40,1.0,-100.0,9.090909090909092,MARGIN CALL ($0)
67,3,0.0,43,5,38,1.0,-100.0,11.627906976744185,MARGIN CALL ($0)
67,4,0.0,35,4,31,1.0,-100.0,11.428571428571429,MARGIN CALL ($0)
67,5,0.0,85,14,71,1.0,-100.0,16.470588235294116,MARGIN CALL ($0)
67,6,0.0,98,23,75,1.0,-100.0,23.46938775510204,MARGIN CALL ($0)
67,7,0.0,143,38,105,1.0,-100.0,26.573426573426573,MARGIN CALL ($0)
67,8,0.0,65,11,54,1.0,-100.0,16.923076923076923,MARGIN CALL ($0)
67,9,0.0,35,4,31,1.0,-100.0,11.428571428571429,MARGIN CALL ($0)
67,10,0.0,34,3,31,1.0,-100.0,8.823529411764707,MARGIN CALL ($0)
67,11,0.0,32,3,29,1.0,-100.0,9.375,MARGIN CALL ($0)
67,12,0.0,467,112,355,1.0,-100.0,23.98286937901499,MARGIN CALL ($0)
67,13,0.0,32,3,29,1.0,-100.0,9.375,MARGIN CALL ($0)
67,14,0.0,61,13,48,1.0,-100.0,21.311475409836063,MARGIN CALL ($0)
67,15,0.0,68,17,51,1.0,-100.0,25.0,MARGIN CALL ($0)
67,16,0.0,67,14,53,1.0,-100.0,20.8955223880597,MARGIN CALL ($0)
67,17,0.0,60,11,49,1.0,-100.0,18.333333333333332,MARGIN CALL ($0)
67,18,0.0,54,8,46,1.0,-100.0,14.814814814814813,MARGIN CALL ($0)
3,85,0.0,47,4,43,1.0,-100.0,8.51063829787234,MARGIN CALL ($0)
67,20,0.0,46,7,39,1.0,-100.0,15.217391304347828,MARGIN CALL ($0)
67,21,0.0,49,8,41,1.0,-100.0,16.3265306122449,MARGIN CALL ($0)
67,22,0.0,42,6,36,1.0,-100.0,14.285714285714285,MARGIN CALL ($0)
67,23,0.0,41,6,35,1.0,-100.0,14.634146341463413,MARGIN CALL ($0)
67,24,0.0,40,6,34,1.0,-100.0,15.0,MARGIN CALL ($0)
67,25,0.0,40,6,34,1.0,-100.0,15.0,MARGIN CALL ($0)
67,26,0.0,40,7,33,1.0,-100.0,17.5,MARGIN CALL ($0)
67,27,0.0,40,7,33,1.0,-100.0,17.5,MARGIN CALL ($0)
67,28,0.0,41,7,34,1.0,-100.0,17.073170731707318,MARGIN CALL ($0)
67,29,0.0,42,7,35,1.0,-100.0,16.666666666666664,MARGIN CALL ($0)
67,30,0.0,40,7,33,1.0,-100.0,17.5,MARGIN CALL ($0)
67,31,0.0,39,6,33,1.0,-100.0,15.384615384615385,MARGIN CALL ($0)
67,32,0.0,36,6,30,1.0,-100.0,16.666666666666664,MARGIN CALL ($0)
67,33,0.0,456,90,366,1.0,-100.0,19.736842105263158,MARGIN CALL ($0)
67,34,0.0,388,80,308,1.0,-100.0,20.618556701030926,MARGIN CALL ($0)
3,86,0.0,47,4,43,1.0,-100.0,8.51063829787234,MARGIN CALL ($0)
67,36,0.0,130,25,105,1.0,-100.0,19.230769230769234,MARGIN CALL ($0)
3,87,0.0,47,4,43,1.0,-100.0,8.51063829787234,MARGIN CALL ($0)
3,88,0.0,45,4,41,1.0,-100.0,8.88888888888889,MARGIN CALL ($0)
3,89,0.0,45,4,41,1.0,-100.0,8.88888888888889,MARGIN CALL ($0)
67,40,0.0,117,22,95,1.0,-100.0,18.803418803418804,MARGIN CALL ($0)
67,41,0.0,103,17,86,1.0,-100.0,16.50485436893204,MARGIN CALL ($0)
3,90,0.0,45,4,41,1.0,-100.0,8.88888888888889,MARGIN CALL ($0)
67,43,0.0,114,21,93,1.0,-100.0,18.421052631578945,MARGIN CALL ($0)
67,44,0.0,133,20,113,1.0,-100.0,15.037593984962406,MARGIN CALL ($0)
67,45,0.0,130,20,110,1.0,-100.0,15.384615384615385,MARGIN CALL ($0)
67,46,0.0,120,19,101,1.0,-100.0,15.833333333333332,MARGIN CALL ($0)
67,47,0.0,42,6,36,1.0,-100.0,14.285714285714285,MARGIN CALL ($0)
3,91,0.0,45,4,41,1.0,-100.0,8.88888888888889,MARGIN CALL ($0)
3,92,0.0,43,4,39,1.0,-100.0,9.30232558139535,MARGIN CALL ($0)
3,93,0.0,43,4,39,1.0,-100.0,9.30232558139535,MARGIN CALL ($0)
3,94,0.0,43,4,39,1.0,-100.0,9.30232558139535,MARGIN CALL ($0)
3,95,0.0,43,4,39,1.0,-100.0,9.30232558139535,MARGIN CALL ($0)
3,96,0.0,43,4,39,1.0,-100.0,9.30232558139535,MARGIN CALL ($0)
3,97,0.0,43,4,39,1.0,-100.0,9.30232558139535,MARGIN CALL ($0)
67,55,0.0,129,20,109,1.0,-100.0,15.503875968992247,MARGIN CALL ($0)
67,56,0.0,128,20,108,1.0,-100.0,15.625,MARGIN CALL ($0)
67,57,0.0,125,20,105,1.0,-100.0,16.0,MARGIN CALL ($0)
3,98,0.0,43,4,39,1.0,-100.0,9.30232558139535,MARGIN CALL ($0)
67,59,0.0,123,20,103,1.0,-100.0,16.260162601626014,MARGIN CALL ($0)
3,99,0.0,42,4,38,1.0,-100.0,9.523809523809524,MARGIN CALL ($0)
3,100,0.0,41,4,37,1.0,-100.0,9.75609756097561,MARGIN CALL ($0)
4,1,0.0,73,14,59,1.0,-100.0,19.17808219178082,MARGIN CALL ($0)
67,63,0.0,678,85,593,1.0,-100.0,12.536873156342182,MARGIN CALL ($0)
4,2,0.0,44,4,40,1.0,-100.0,9.090909090909092,MARGIN CALL ($0)
4,3,0.0,43,5,38,1.0,-100.0,11.627906976744185,MARGIN CALL ($0)
4,4,0.0,35,4,31,1.0,-100.0,11.428571428571429,MARGIN CALL ($0)
4,5,0.0,95,19,76,1.0,-100.0,20.0,MARGIN CALL ($0)
4,6,0.0,102,19,83,1.0,-100.0,18.627450980392158,MARGIN CALL ($0)
4,7,0.0,72,14,58,1.0,-100.0,19.444444444444446,MARGIN CALL ($0)
4,8,0.0,97,21,76,1.0,-100.0,21.649484536082475,MARGIN CALL ($0)
4,9,0.0,98,21,77,1.0,-100.0,21.428571428571427,MARGIN CALL ($0)
4,10,0.0,96,21,75,1.0,-100.0,21.875,MARGIN CALL ($0)
4,11,0.0,95,21,74,1.0,-100.0,22.105263157894736,MARGIN CALL ($0)
4,12,0.0,46,8,38,1.0,-100.0,17.391304347826086,MARGIN CALL ($0)
4,13,0.0,50,9,41,1.0,-100.0,18.0,MARGIN CALL ($0)
4,14,0.0,44,8,36,1.0,-100.0,18.181818181818183,MARGIN CALL ($0)
4,15,0.0,171,52,119,1.0,-100.0,30.409356725146196,MARGIN CALL ($0)
4,16,0.0,184,56,128,1.0,-100.0,30.434782608695656,MARGIN CALL ($0)
4,17,0.0,565,183,382,1.0,-100.0,32.38938053097345,MARGIN CALL ($0)
4,18,0.0,565,184,381,1.0,-100.0,32.56637168141593,MARGIN CALL ($0)
4,19,0.0,812,264,548,1.0,-100.0,32.51231527093596,MARGIN CALL ($0)
4,20,0.0,805,259,546,1.0,-100.0,32.17391304347826,MARGIN CALL ($0)
4,21,0.0,184,54,130,1.0,-100.0,29.347826086956523,MARGIN CALL ($0)
4,22,0.0,186,55,131,1.0,-100.0,29.56989247311828,MARGIN CALL ($0)
67,85,0.0,117,17,100,1.0,-100.0,14.529914529914532,MARGIN CALL ($0)
67,86,0.0,113,17,96,1.0,-100.0,15.04424778761062,MARGIN CALL ($0)
67,87,0.0,115,17,98,1.0,-100.0,14.782608695652174,MARGIN CALL ($0)
67,88,0.0,114,17,97,1.0,-100.0,14.912280701754385,MARGIN CALL ($0)
67,89,0.0,115,17,98,1.0,-100.0,14.782608695652174,MARGIN CALL ($0)
67,90,0.0,115,18,97,1.0,-100.0,15.65217391304348,MARGIN CALL ($0)
67,91,0.0,122,19,103,1.0,-100.0,15.573770491803279,MARGIN CALL ($0)
67,92,0.0,121,19,102,1.0,-100.0,15.702479338842975,MARGIN CALL ($0)
67,93,0.0,120,19,101,1.0,-100.0,15.833333333333332,MARGIN CALL ($0)
67,94,0.0,119,19,100,1.0,-100.0,15.966386554621847,MARGIN CALL ($0)
67,95,0.0,120,19,101,1.0,-100.0,15.833333333333332,MARGIN CALL ($0)
67,96,0.0,129,22,107,1.0,-100.0,17.05426356589147,MARGIN CALL ($0)
67,97,0.0,126,22,104,1.0,-100.0,17.46031746031746,MARGIN CALL ($0)
67,98,0.0,127,22,105,1.0,-100.0,17.322834645669293,MARGIN CALL ($0)
67,99,0.0,408,50,358,1.0,-100.0,12.254901960784313,MARGIN CALL ($0)
67,100,0.0,393,51,342,1.0,-100.0,12.977099236641221,MARGIN CALL ($0)
68,1,0.0,59,8,51,1.0,-100.0,13.559322033898304,MARGIN CALL ($0)
68,2,0.0,44,4,40,1.0,-100.0,9.090909090909092,MARGIN CALL ($0)
68,3,0.0,43,5,38,1.0,-100.0,11.627906976744185,MARGIN CALL ($0)
68,4,0.0,35,4,31,1.0,-100.0,11.428571428571429,MARGIN CALL ($0)
68,5,0.0,85,14,71,1.0,-100.0,16.470588235294116,MARGIN CALL ($0)
68,6,0.0,98,23,75,1.0,-100.0,23.46938775510204,MARGIN CALL ($0)
68,7,0.0,143,38,105,1.0,-100.0,26.573426573426573,MARGIN CALL ($0)
68,8,0.0,65,11,54,1.0,-100.0,16.923076923076923,MARGIN CALL ($0)
68,9,0.0,35,4,31,1.0,-100.0,11.428571428571429,MARGIN CALL ($0)
68,10,0.0,34,3,31,1.0,-100.0,8.823529411764707,MARGIN CALL ($0)
68,11,0.0,32,3,29,1.0,-100.0,9.375,MARGIN CALL ($0)
68,12,0.0,1242,262,980,1.0,-100.0,21.09500805152979,MARGIN CALL ($0)
68,13,0.0,32,3,29,1.0,-100.0,9.375,MARGIN CALL ($0)
68,14,0.0,61,13,48,1.0,-100.0,21.311475409836063,MARGIN CALL ($0)
68,15,0.0,68,17,51,1.0,-100.0,25.0,MARGIN CALL ($0)
68,16,0.0,67,14,53,1.0,-100.0,20.8955223880597,MARGIN CALL ($0)
68,17,0.0,60,11,49,1.0,-100.0,18.333333333333332,MARGIN CALL ($0)
68,18,0.0,54,8,46,1.0,-100.0,14.814814814814813,MARGIN CALL ($0)
4,23,0.0,185,53,132,1.0,-100.0,28.64864864864865,MARGIN CALL ($0)
68,20,0.0,46,7,39,1.0,-100.0,15.217391304347828,MARGIN CALL ($0)
68,21,0.0,49,8,41,1.0,-100.0,16.3265306122449,MARGIN CALL ($0)
68,22,0.0,42,6,36,1.0,-100.0,14.285714285714285,MARGIN CALL ($0)
68,23,0.0,41,6,35,1.0,-100.0,14.634146341463413,MARGIN CALL ($0)
68,24,0.0,40,6,34,1.0,-100.0,15.0,MARGIN CALL ($0)
68,25,0.0,40,6,34,1.0,-100.0,15.0,MARGIN CALL ($0)
68,26,0.0,40,7,33,1.0,-100.0,17.5,MARGIN CALL ($0)
68,27,0.0,40,7,33,1.0,-100.0,17.5,MARGIN CALL ($0)
68,28,0.0,41,7,34,1.0,-100.0,17.073170731707318,MARGIN CALL ($0)
68,29,0.0,42,7,35,1.0,-100.0,16.666666666666664,MARGIN CALL ($0)
68,30,0.0,40,7,33,1.0,-100.0,17.5,MARGIN CALL ($0)
68,31,0.0,39,6,33,1.0,-100.0,15.384615384615385,MARGIN CALL ($0)
68,32,0.0,36,6,30,1.0,-100.0,16.666666666666664,MARGIN CALL ($0)
68,33,0.0,481,86,395,1.0,-100.0,17.87941787941788,MARGIN CALL ($0)
68,34,0.0,447,84,363,1.0,-100.0,18.79194630872483,MARGIN CALL ($0)
4,24,0.0,789,254,535,1.0,-100.0,32.19264892268694,MARGIN CALL ($0)
68,36,0.0,129,25,104,1.0,-100.0,19.379844961240313,MARGIN CALL ($0)
4,25,0.0,103,19,84,1.0,-100.0,18.446601941747574,MARGIN CALL ($0)
4,26,0.0,100,19,81,1.0,-100.0,19.0,MARGIN CALL ($0)
4,27,0.0,100,19,81,1.0,-100.0,19.0,MARGIN CALL ($0)
68,40,0.0,114,22,92,1.0,-100.0,19.298245614035086,MARGIN CALL ($0)
68,41,0.0,102,17,85,1.0,-100.0,16.666666666666664,MARGIN CALL ($0)
4,28,0.0,101,19,82,1.0,-100.0,18.81188118811881,MARGIN CALL ($0)
68,43,0.0,114,21,93,1.0,-100.0,18.421052631578945,MARGIN CALL ($0)
68,44,0.0,131,20,111,1.0,-100.0,15.267175572519085,MARGIN CALL ($0)
4,29,0.0,101,19,82,1.0,-100.0,18.81188118811881,MARGIN CALL ($0)
68,46,0.0,118,19,99,1.0,-100.0,16.101694915254235,MARGIN CALL ($0)
68,47,0.0,42,6,36,1.0,-100.0,14.285714285714285,MARGIN CALL ($0)
4,30,0.0,775,232,543,1.0,-100.0,29.935483870967744,MARGIN CALL ($0)
4,31,0.0,771,231,540,1.0,-100.0,29.961089494163424,MARGIN CALL ($0)
4,32,0.0,449,124,325,1.0,-100.0,27.616926503340757,MARGIN CALL ($0)
68,51,0.0,117,20,97,1.0,-100.0,17.094017094017094,MARGIN CALL ($0)
68,52,0.0,121,21,100,1.0,-100.0,17.355371900826448,MARGIN CALL ($0)
4,33,0.0,113,25,88,1.0,-100.0,22.123893805309734,MARGIN CALL ($0)
68,54,0.0,110,18,92,1.0,-100.0,16.363636363636363,MARGIN CALL ($0)
68,55,0.0,127,19,108,1.0,-100.0,14.960629921259844,MARGIN CALL ($0)
68,56,0.0,126,19,107,1.0,-100.0,15.079365079365079,MARGIN CALL ($0)
68,57,0.0,123,19,104,1.0,-100.0,15.447154471544716,MARGIN CALL ($0)
68,58,0.0,122,21,101,1.0,-100.0,17.21311475409836,MARGIN CALL ($0)
68,59,0.0,123,20,103,1.0,-100.0,16.260162601626014,MARGIN CALL ($0)
4,34,0.0,113,25,88,1.0,-100.0,22.123893805309734,MARGIN CALL ($0)
4,35,0.0,106,22,84,1.0,-100.0,20.754716981132077,MARGIN CALL ($0)
68,62,0.0,662,90,572,1.0,-100.0,13.595166163141995,MARGIN CALL ($0)
68,63,0.0,645,80,565,1.0,-100.0,12.4031007751938,MARGIN CALL ($0)
4,36,0.0,106,22,84,1.0,-100.0,20.754716981132077,MARGIN CALL ($0)
4,37,0.0,106,22,84,1.0,-100.0,20.754716981132077,MARGIN CALL ($0)
4,38,0.0,47,8,39,1.0,-100.0,17.02127659574468,MARGIN CALL ($0)
4,39,0.0,81,19,62,1.0,-100.0,23.456790123456788,MARGIN CALL ($0)
4,40,0.0,88,21,67,1.0,-100.0,23.863636363636363,MARGIN CALL ($0)
4,41,0.0,83,19,64,1.0,-100.0,22.89156626506024,MARGIN CALL ($0)
4,42,0.0,82,19,63,1.0,-100.0,23.170731707317074,MARGIN CALL ($0)
4,43,0.0,92,23,69,1.0,-100.0,25.0,MARGIN CALL ($0)
4,44,0.0,90,23,67,1.0,-100.0,25.555555555555554,MARGIN CALL ($0)
4,45,0.0,90,23,67,1.0,-100.0,25.555555555555554,MARGIN CALL ($0)
4,46,0.0,90,23,67,1.0,-100.0,25.555555555555554,MARGIN CALL ($0)
4,47,0.0,91,23,68,1.0,-100.0,25.274725274725274,MARGIN CALL ($0)
4,48,0.0,90,22,68,1.0,-100.0,24.444444444444443,MARGIN CALL ($0)
4,49,0.0,90,23,67,1.0,-100.0,25.555555555555554,MARGIN CALL ($0)
4,50,0.0,91,24,67,1.0,-100.0,26.373626373626376,MARGIN CALL ($0)
4,51,0.0,40,5,35,1.0,-100.0,12.5,MARGIN CALL ($0)
4,52,0.0,40,5,35,1.0,-100.0,12.5,MARGIN CALL ($0)
68,81,0.0,373,39,334,1.0,-100.0,10.455764075067025,MARGIN CALL ($0)
68,82,0.0,379,39,340,1.0,-100.0,10.29023746701847,MARGIN CALL ($0)
68,83,0.0,375,40,335,1.0,-100.0,10.666666666666668,MARGIN CALL ($0)
4,53,0.0,41,5,36,1.0,-100.0,12.195121951219512,MARGIN CALL ($0)
4,54,0.0,45,7,38,1.0,-100.0,15.555555555555555,MARGIN CALL ($0)
68,86,0.0,110,14,96,1.0,-100.0,12.727272727272727,MARGIN CALL ($0)
68,87,0.0,113,14,99,1.0,-100.0,12.389380530973451,MARGIN CALL ($0)
68,88,0.0,112,14,98,1.0,-100.0,12.5,MARGIN CALL ($0)
68,89,0.0,113,14,99,1.0,-100.0,12.389380530973451,MARGIN CALL ($0)
68,90,0.0,113,15,98,1.0,-100.0,13.274336283185843,MARGIN CALL ($0)
68,91,0.0,120,16,104,1.0,-100.0,13.333333333333334,MARGIN CALL ($0)
68,92,0.0,120,16,104,1.0,-100.0,13.333333333333334,MARGIN CALL ($0)
68,93,0.0,119,16,103,1.0,-100.0,13.445378151260504,MARGIN CALL ($0)
68,94,0.0,118,16,102,1.0,-100.0,13.559322033898304,MARGIN CALL ($0)
68,95,0.0,119,16,103,1.0,-100.0,13.445378151260504,MARGIN CALL ($0)
68,96,0.0,127,19,108,1.0,-100.0,14.960629921259844,MARGIN CALL ($0)
68,97,0.0,124,19,105,1.0,-100.0,15.32258064516129,MARGIN CALL ($0)
68,98,0.0,125,19,106,1.0,-100.0,15.2,MARGIN CALL ($0)
68,99,0.0,383,48,335,1.0,-100.0,12.532637075718014,MARGIN CALL ($0)
68,100,0.0,380,51,329,1.0,-100.0,13.421052631578947,MARGIN CALL ($0)
69,1,0.0,59,8,51,1.0,-100.0,13.559322033898304,MARGIN CALL ($0)
69,2,0.0,44,4,40,1.0,-100.0,9.090909090909092,MARGIN CALL ($0)
69,3,0.0,43,5,38,1.0,-100.0,11.627906976744185,MARGIN CALL ($0)
69,4,0.0,35,4,31,1.0,-100.0,11.428571428571429,MARGIN CALL ($0)
69,5,0.0,85,14,71,1.0,-100.0,16.470588235294116,MARGIN CALL ($0)
69,6,0.0,99,23,76,1.0,-100.0,23.232323232323232,MARGIN CALL ($0)
69,7,0.0,142,38,104,1.0,-100.0,26.76056338028169,MARGIN CALL ($0)
69,8,0.0,65,11,54,1.0,-100.0,16.923076923076923,MARGIN CALL ($0)
69,9,0.0,35,4,31,1.0,-100.0,11.428571428571429,MARGIN CALL ($0)
69,10,0.0,34,3,31,1.0,-100.0,8.823529411764707,MARGIN CALL ($0)
69,11,0.0,32,3,29,1.0,-100.0,9.375,MARGIN CALL ($0)
69,12,0.0,1241,263,978,1.0,-100.0,21.19258662369057,MARGIN CALL ($0)
69,13,0.0,32,3,29,1.0,-100.0,9.375,MARGIN CALL ($0)
69,14,0.0,61,13,48,1.0,-100.0,21.311475409836063,MARGIN CALL ($0)
69,15,0.0,68,17,51,1.0,-100.0,25.0,MARGIN CALL ($0)
69,16,0.0,67,14,53,1.0,-100.0,20.8955223880597,MARGIN CALL ($0)
69,17,0.0,60,11,49,1.0,-100.0,18.333333333333332,MARGIN CALL ($0)
69,18,0.0,54,8,46,1.0,-100.0,14.814814814814813,MARGIN CALL ($0)
4,55,0.0,44,7,37,1.0,-100.0,15.909090909090908,MARGIN CALL ($0)
69,20,0.0,46,7,39,1.0,-100.0,15.217391304347828,MARGIN CALL ($0)
69,21,0.0,49,8,41,1.0,-100.0,16.3265306122449,MARGIN CALL ($0)
69,22,0.0,42,6,36,1.0,-100.0,14.285714285714285,MARGIN CALL ($0)
69,23,0.0,41,6,35,1.0,-100.0,14.634146341463413,MARGIN CALL ($0)
69,24,0.0,40,6,34,1.0,-100.0,15.0,MARGIN CALL ($0)
69,25,0.0,40,6,34,1.0,-100.0,15.0,MARGIN CALL ($0)
69,26,0.0,40,7,33,1.0,-100.0,17.5,MARGIN CALL ($0)
69,27,0.0,40,7,33,1.0,-100.0,17.5,MARGIN CALL ($0)
69,28,0.0,41,7,34,1.0,-100.0,17.073170731707318,MARGIN CALL ($0)
69,29,0.0,42,7,35,1.0,-100.0,16.666666666666664,MARGIN CALL ($0)
69,30,0.0,40,7,33,1.0,-100.0,17.5,MARGIN CALL ($0)
69,31,0.0,39,6,33,1.0,-100.0,15.384615384615385,MARGIN CALL ($0)
69,32,0.0,36,6,30,1.0,-100.0,16.666666666666664,MARGIN CALL ($0)
69,33,0.0,524,91,433,1.0,-100.0,17.36641221374046,MARGIN CALL ($0)
69,34,0.0,468,83,385,1.0,-100.0,17.735042735042736,MARGIN CALL ($0)
4,56,0.0,44,7,37,1.0,-100.0,15.909090909090908,MARGIN CALL ($0)
69,36,0.0,130,24,106,1.0,-100.0,18.461538461538463,MARGIN CALL ($0)
4,57,0.0,41,5,36,1.0,-100.0,12.195121951219512,MARGIN CALL ($0)
4,58,0.0,43,6,37,1.0,-100.0,13.953488372093023,MARGIN CALL ($0)
4,59,0.0,43,6,37,1.0,-100.0,13.953488372093023,MARGIN CALL ($0)
4,60,0.0,42,6,36,1.0,-100.0,14.285714285714285,MARGIN CALL ($0)
69,41,0.0,106,17,89,1.0,-100.0,16.037735849056602,MARGIN CALL ($0)
4,61,0.0,41,5,36,1.0,-100.0,12.195121951219512,MARGIN CALL ($0)
69,43,0.0,118,22,96,1.0,-100.0,18.64406779661017,MARGIN CALL ($0)
4,62,0.0,41,5,36,1.0,-100.0,12.195121951219512,MARGIN CALL ($0)
4,63,0.0,41,5,36,1.0,-100.0,12.195121951219512,MARGIN CALL ($0)
4,64,0.0,41,5,36,1.0,-100.0,12.195121951219512,MARGIN CALL ($0)
69,47,0.0,42,6,36,1.0,-100.0,14.285714285714285,MARGIN CALL ($0)
4,65,0.0,41,5,36,1.0,-100.0,12.195121951219512,MARGIN CALL ($0)
4,66,0.0,41,5,36,1.0,-100.0,12.195121951219512,MARGIN CALL ($0)
4,67,0.0,42,5,37,1.0,-100.0,11.904761904761903,MARGIN CALL ($0)
4,68,0.0,42,5,37,1.0,-100.0,11.904761904761903,MARGIN CALL ($0)
4,69,0.0,42,5,37,1.0,-100.0,11.904761904761903,MARGIN CALL ($0)
4,70,0.0,42,5,37,1.0,-100.0,11.904761904761903,MARGIN CALL ($0)
4,71,0.0,42,5,37,1.0,-100.0,11.904761904761903,MARGIN CALL ($0)
69,55,0.0,126,20,106,1.0,-100.0,15.873015873015872,MARGIN CALL ($0)
69,56,0.0,125,20,105,1.0,-100.0,16.0,MARGIN CALL ($0)
69,57,0.0,122,20,102,1.0,-100.0,16.39344262295082,MARGIN CALL ($0)
4,72,0.0,42,5,37,1.0,-100.0,11.904761904761903,MARGIN CALL ($0)
69,59,0.0,122,21,101,1.0,-100.0,17.21311475409836,MARGIN CALL ($0)
4,73,0.0,42,5,37,1.0,-100.0,11.904761904761903,MARGIN CALL ($0)
4,74,0.0,41,5,36,1.0,-100.0,12.195121951219512,MARGIN CALL ($0)
4,75,0.0,41,5,36,1.0,-100.0,12.195121951219512,MARGIN CALL ($0)
4,76,0.0,41,5,36,1.0,-100.0,12.195121951219512,MARGIN CALL ($0)
4,77,0.0,41,5,36,1.0,-100.0,12.195121951219512,MARGIN CALL ($0)
4,78,0.0,41,5,36,1.0,-100.0,12.195121951219512,MARGIN CALL ($0)
4,79,0.0,43,4,39,1.0,-100.0,9.30232558139535,MARGIN CALL ($0)
4,80,0.0,43,4,39,1.0,-100.0,9.30232558139535,MARGIN CALL ($0)
4,81,0.0,43,4,39,1.0,-100.0,9.30232558139535,MARGIN CALL ($0)
4,82,0.0,43,4,39,1.0,-100.0,9.30232558139535,MARGIN CALL ($0)
4,83,0.0,43,4,39,1.0,-100.0,9.30232558139535,MARGIN CALL ($0)
4,84,0.0,44,4,40,1.0,-100.0,9.090909090909092,MARGIN CALL ($0)
4,85,0.0,44,4,40,1.0,-100.0,9.090909090909092,MARGIN CALL ($0)
4,86,0.0,44,4,40,1.0,-100.0,9.090909090909092,MARGIN CALL ($0)
4,87,0.0,44,4,40,1.0,-100.0,9.090909090909092,MARGIN CALL ($0)
4,88,0.0,42,3,39,1.0,-100.0,7.142857142857142,MARGIN CALL ($0)
4,89,0.0,42,3,39,1.0,-100.0,7.142857142857142,MARGIN CALL ($0)
4,90,0.0,42,3,39,1.0,-100.0,7.142857142857142,MARGIN CALL ($0)
4,91,0.0,42,3,39,1.0,-100.0,7.142857142857142,MARGIN CALL ($0)
4,92,0.0,39,4,35,1.0,-100.0,10.256410256410255,MARGIN CALL ($0)
4,93,0.0,39,4,35,1.0,-100.0,10.256410256410255,MARGIN CALL ($0)
69,81,0.0,373,37,336,1.0,-100.0,9.919571045576408,MARGIN CALL ($0)
69,82,0.0,428,45,383,1.0,-100.0,10.514018691588785,MARGIN CALL ($0)
69,83,0.0,378,39,339,1.0,-100.0,10.317460317460316,MARGIN CALL ($0)
4,94,0.0,39,4,35,1.0,-100.0,10.256410256410255,MARGIN CALL ($0)
4,95,0.0,39,4,35,1.0,-100.0,10.256410256410255,MARGIN CALL ($0)
4,96,0.0,39,4,35,1.0,-100.0,10.256410256410255,MARGIN CALL ($0)
69,87,0.0,111,14,97,1.0,-100.0,12.612612612612612,MARGIN CALL ($0)
4,97,0.0,39,4,35,1.0,-100.0,10.256410256410255,MARGIN CALL ($0)
4,98,0.0,39,4,35,1.0,-100.0,10.256410256410255,MARGIN CALL ($0)
69,90,0.0,112,15,97,1.0,-100.0,13.392857142857142,MARGIN CALL ($0)
69,91,0.0,120,16,104,1.0,-100.0,13.333333333333334,MARGIN CALL ($0)
69,92,0.0,121,16,105,1.0,-100.0,13.223140495867769,MARGIN CALL ($0)
69,93,0.0,120,16,104,1.0,-100.0,13.333333333333334,MARGIN CALL ($0)
69,94,0.0,120,16,104,1.0,-100.0,13.333333333333334,MARGIN CALL ($0)
69,95,0.0,119,16,103,1.0,-100.0,13.445378151260504,MARGIN CALL ($0)
69,96,0.0,126,19,107,1.0,-100.0,15.079365079365079,MARGIN CALL ($0)
69,97,0.0,126,19,107,1.0,-100.0,15.079365079365079,MARGIN CALL ($0)
69,98,0.0,124,19,105,1.0,-100.0,15.32258064516129,MARGIN CALL ($0)
69,99,0.0,391,47,344,1.0,-100.0,12.020460358056265,MARGIN CALL ($0)
69,100,0.0,401,52,349,1.0,-100.0,12.967581047381547,MARGIN CALL ($0)
70,1,0.0,59,8,51,1.0,-100.0,13.559322033898304,MARGIN CALL ($0)
70,2,0.0,44,4,40,1.0,-100.0,9.090909090909092,MARGIN CALL ($0)
70,3,0.0,43,5,38,1.0,-100.0,11.627906976744185,MARGIN CALL ($0)
70,4,0.0,35,4,31,1.0,-100.0,11.428571428571429,MARGIN CALL ($0)
70,5,0.0,82,14,68,1.0,-100.0,17.073170731707318,MARGIN CALL ($0)
70,6,0.0,109,27,82,1.0,-100.0,24.770642201834864,MARGIN CALL ($0)
70,7,0.0,245,65,180,1.0,-100.0,26.53061224489796,MARGIN CALL ($0)
70,8,0.0,65,11,54,1.0,-100.0,16.923076923076923,MARGIN CALL ($0)
70,9,0.0,35,4,31,1.0,-100.0,11.428571428571429,MARGIN CALL ($0)
70,10,0.0,34,3,31,1.0,-100.0,8.823529411764707,MARGIN CALL ($0)
70,11,0.0,32,3,29,1.0,-100.0,9.375,MARGIN CALL ($0)
70,12,0.0,1239,262,977,1.0,-100.0,21.146085552865213,MARGIN CALL ($0)
70,13,0.0,32,3,29,1.0,-100.0,9.375,MARGIN CALL ($0)
70,14,0.0,68,16,52,1.0,-100.0,23.52941176470588,MARGIN CALL ($0)
70,15,0.0,66,17,49,1.0,-100.0,25.757575757575758,MARGIN CALL ($0)
70,16,0.0,65,14,51,1.0,-100.0,21.53846153846154,MARGIN CALL ($0)
70,17,0.0,58,11,47,1.0,-100.0,18.96551724137931,MARGIN CALL ($0)
70,18,0.0,52,8,44,1.0,-100.0,15.384615384615385,MARGIN CALL ($0)
70,19,0.0,59,12,47,1.0,-100.0,20.33898305084746,MARGIN CALL ($0)
70,20,0.0,44,7,37,1.0,-100.0,15.909090909090908,MARGIN CALL ($0)
70,21,0.0,47,8,39,1.0,-100.0,17.02127659574468,MARGIN CALL ($0)
70,22,0.0,42,6,36,1.0,-100.0,14.285714285714285,MARGIN CALL ($0)
70,23,0.0,40,6,34,1.0,-100.0,15.0,MARGIN CALL ($0)
70,24,0.0,39,6,33,1.0,-100.0,15.384615384615385,MARGIN CALL ($0)
70,25,0.0,39,6,33,1.0,-100.0,15.384615384615385,MARGIN CALL ($0)
70,26,0.0,40,7,33,1.0,-100.0,17.5,MARGIN CALL ($0)
70,27,0.0,40,7,33,1.0,-100.0,17.5,MARGIN CALL ($0)
70,28,0.0,41,7,34,1.0,-100.0,17.073170731707318,MARGIN CALL ($0)
70,29,0.0,40,7,33,1.0,-100.0,17.5,MARGIN CALL ($0)
70,30,0.0,39,7,32,1.0,-100.0,17.94871794871795,MARGIN CALL ($0)
70,31,0.0,39,6,33,1.0,-100.0,15.384615384615385,MARGIN CALL ($0)
70,32,0.0,36,6,30,1.0,-100.0,16.666666666666664,MARGIN CALL ($0)
70,33,0.0,484,85,399,1.0,-100.0,17.56198347107438,MARGIN CALL ($0)
70,34,0.0,456,84,372,1.0,-100.0,18.421052631578945,MARGIN CALL ($0)
70,35,0.0,115,23,92,1.0,-100.0,20.0,MARGIN CALL ($0)
70,36,0.0,117,24,93,1.0,-100.0,20.51282051282051,MARGIN CALL ($0)
4,99,0.0,181,45,136,1.0,-100.0,24.861878453038674,MARGIN CALL ($0)
4,100,0.0,188,48,140,1.0,-100.0,25.53191489361702,MARGIN CALL ($0)
5,1,0.0,74,15,59,1.0,-100.0,20.27027027027027,MARGIN CALL ($0)
70,40,0.0,112,23,89,1.0,-100.0,20.535714285714285,MARGIN CALL ($0)
70,41,0.0,95,18,77,1.0,-100.0,18.947368421052634,MARGIN CALL ($0)
5,2,0.0,44,4,40,1.0,-100.0,9.090909090909092,MARGIN CALL ($0)
70,43,0.0,102,19,83,1.0,-100.0,18.627450980392158,MARGIN CALL ($0)
70,44,0.0,124,18,106,1.0,-100.0,14.516129032258066,MARGIN CALL ($0)
70,45,0.0,122,17,105,1.0,-100.0,13.934426229508196,MARGIN CALL ($0)
70,46,0.0,111,16,95,1.0,-100.0,14.414414414414415,MARGIN CALL ($0)
70,47,0.0,38,5,33,1.0,-100.0,13.157894736842104,MARGIN CALL ($0)
70,48,0.0,42,6,36,1.0,-100.0,14.285714285714285,MARGIN CALL ($0)
5,3,0.0,43,5,38,1.0,-100.0,11.627906976744185,MARGIN CALL ($0)
70,50,0.0,117,22,95,1.0,-100.0,18.803418803418804,MARGIN CALL ($0)
70,51,0.0,108,18,90,1.0,-100.0,16.666666666666664,MARGIN CALL ($0)
70,52,0.0,31,4,27,1.0,-100.0,12.903225806451612,MARGIN CALL ($0)
70,53,0.0,108,19,89,1.0,-100.0,17.59259259259259,MARGIN CALL ($0)
70,54,0.0,101,16,85,1.0,-100.0,15.841584158415841,MARGIN CALL ($0)
70,55,0.0,124,17,107,1.0,-100.0,13.709677419354838,MARGIN CALL ($0)
70,56,0.0,123,17,106,1.0,-100.0,13.821138211382115,MARGIN CALL ($0)
70,57,0.0,121,17,104,1.0,-100.0,14.049586776859504,MARGIN CALL ($0)
70,58,0.0,121,19,102,1.0,-100.0,15.702479338842975,MARGIN CALL ($0)
70,59,0.0,121,18,103,1.0,-100.0,14.87603305785124,MARGIN CALL ($0)
5,4,0.0,35,4,31,1.0,-100.0,11.428571428571429,MARGIN CALL ($0)
5,5,0.0,83,14,69,1.0,-100.0,16.867469879518072,MARGIN CALL ($0)
70,62,0.0,368,42,326,1.0,-100.0,11.41304347826087,MARGIN CALL ($0)
70,63,0.0,679,85,594,1.0,-100.0,12.51840942562592,MARGIN CALL ($0)
5,6,0.0,89,15,74,1.0,-100.0,16.853932584269664,MARGIN CALL ($0)
5,7,0.0,85,15,70,1.0,-100.0,17.647058823529413,MARGIN CALL ($0)
5,8,0.0,84,15,69,1.0,-100.0,17.857142857142858,MARGIN CALL ($0)
5,9,0.0,86,15,71,1.0,-100.0,17.441860465116278,MARGIN CALL ($0)
5,10,0.0,86,15,71,1.0,-100.0,17.441860465116278,MARGIN CALL ($0)
5,11,0.0,50,8,42,1.0,-100.0,16.0,MARGIN CALL ($0)
5,12,0.0,38,4,34,1.0,-100.0,10.526315789473683,MARGIN CALL ($0)
5,13,0.0,38,4,34,1.0,-100.0,10.526315789473683,MARGIN CALL ($0)
5,14,0.0,37,4,33,1.0,-100.0,10.81081081081081,MARGIN CALL ($0)
5,15,0.0,37,4,33,1.0,-100.0,10.81081081081081,MARGIN CALL ($0)
5,16,0.0,75,20,55,1.0,-100.0,26.666666666666668,MARGIN CALL ($0)
5,17,0.0,76,20,56,1.0,-100.0,26.31578947368421,MARGIN CALL ($0)
5,18,0.0,86,23,63,1.0,-100.0,26.744186046511626,MARGIN CALL ($0)
5,19,0.0,79,21,58,1.0,-100.0,26.582278481012654,MARGIN CALL ($0)
5,20,0.0,77,20,57,1.0,-100.0,25.97402597402597,MARGIN CALL ($0)
5,21,0.0,76,20,56,1.0,-100.0,26.31578947368421,MARGIN CALL ($0)
5,22,0.0,77,20,57,1.0,-100.0,25.97402597402597,MARGIN CALL ($0)
70,81,0.0,355,33,322,1.0,-100.0,9.295774647887324,MARGIN CALL ($0)
70,82,0.0,365,34,331,1.0,-100.0,9.315068493150685,MARGIN CALL ($0)
70,83,0.0,362,35,327,1.0,-100.0,9.668508287292818,MARGIN CALL ($0)
70,84,0.0,377,41,336,1.0,-100.0,10.875331564986737,MARGIN CALL ($0)
70,85,0.0,395,46,349,1.0,-100.0,11.645569620253164,MARGIN CALL ($0)
70,86,0.0,108,14,94,1.0,-100.0,12.962962962962962,MARGIN CALL ($0)
70,87,0.0,109,14,95,1.0,-100.0,12.844036697247708,MARGIN CALL ($0)
5,23,0.0,75,20,55,1.0,-100.0,26.666666666666668,MARGIN CALL ($0)
70,89,0.0,109,14,95,1.0,-100.0,12.844036697247708,MARGIN CALL ($0)
70,90,0.0,110,15,95,1.0,-100.0,13.636363636363635,MARGIN CALL ($0)
70,91,0.0,117,16,101,1.0,-100.0,13.675213675213676,MARGIN CALL ($0)
70,92,0.0,118,16,102,1.0,-100.0,13.559322033898304,MARGIN CALL ($0)
70,93,0.0,117,16,101,1.0,-100.0,13.675213675213676,MARGIN CALL ($0)
70,94,0.0,116,16,100,1.0,-100.0,13.793103448275861,MARGIN CALL ($0)
70,95,0.0,116,16,100,1.0,-100.0,13.793103448275861,MARGIN CALL ($0)
70,96,0.0,125,19,106,1.0,-100.0,15.2,MARGIN CALL ($0)
70,97,0.0,123,19,104,1.0,-100.0,15.447154471544716,MARGIN CALL ($0)
70,98,0.0,382,50,332,1.0,-100.0,13.089005235602095,MARGIN CALL ($0)
70,99,0.0,389,45,344,1.0,-100.0,11.568123393316196,MARGIN CALL ($0)
70,100,0.0,399,50,349,1.0,-100.0,12.531328320802004,MARGIN CALL ($0)
71,1,0.0,59,8,51,1.0,-100.0,13.559322033898304,MARGIN CALL ($0)
71,2,0.0,44,4,40,1.0,-100.0,9.090909090909092,MARGIN CALL ($0)
71,3,0.0,43,5,38,1.0,-100.0,11.627906976744185,MARGIN CALL ($0)
71,4,0.0,35,4,31,1.0,-100.0,11.428571428571429,MARGIN CALL ($0)
71,5,0.0,83,14,69,1.0,-100.0,16.867469879518072,MARGIN CALL ($0)
71,6,0.0,109,27,82,1.0,-100.0,24.770642201834864,MARGIN CALL ($0)
71,7,0.0,246,65,181,1.0,-100.0,26.422764227642276,MARGIN CALL ($0)
71,8,0.0,65,11,54,1.0,-100.0,16.923076923076923,MARGIN CALL ($0)
71,9,0.0,35,4,31,1.0,-100.0,11.428571428571429,MARGIN CALL ($0)
71,10,0.0,34,3,31,1.0,-100.0,8.823529411764707,MARGIN CALL ($0)
71,11,0.0,32,3,29,1.0,-100.0,9.375,MARGIN CALL ($0)
71,12,0.0,1253,266,987,1.0,-100.0,21.22905027932961,MARGIN CALL ($0)
71,13,0.0,32,3,29,1.0,-100.0,9.375,MARGIN CALL ($0)
71,14,0.0,69,16,53,1.0,-100.0,23.18840579710145,MARGIN CALL ($0)
71,15,0.0,67,17,50,1.0,-100.0,25.37313432835821,MARGIN CALL ($0)
71,16,0.0,66,14,52,1.0,-100.0,21.21212121212121,MARGIN CALL ($0)
71,17,0.0,58,11,47,1.0,-100.0,18.96551724137931,MARGIN CALL ($0)
71,18,0.0,52,8,44,1.0,-100.0,15.384615384615385,MARGIN CALL ($0)
71,19,0.0,60,12,48,1.0,-100.0,20.0,MARGIN CALL ($0)
71,20,0.0,45,7,38,1.0,-100.0,15.555555555555555,MARGIN CALL ($0)
71,21,0.0,47,8,39,1.0,-100.0,17.02127659574468,MARGIN CALL ($0)
71,22,0.0,42,6,36,1.0,-100.0,14.285714285714285,MARGIN CALL ($0)
71,23,0.0,40,6,34,1.0,-100.0,15.0,MARGIN CALL ($0)
71,24,0.0,39,6,33,1.0,-100.0,15.384615384615385,MARGIN CALL ($0)
71,25,0.0,38,6,32,1.0,-100.0,15.789473684210526,MARGIN CALL ($0)
71,26,0.0,39,7,32,1.0,-100.0,17.94871794871795,MARGIN CALL ($0)
71,27,0.0,39,7,32,1.0,-100.0,17.94871794871795,MARGIN CALL ($0)
71,28,0.0,41,7,34,1.0,-100.0,17.073170731707318,MARGIN CALL ($0)
71,29,0.0,40,7,33,1.0,-100.0,17.5,MARGIN CALL ($0)
71,30,0.0,42,7,35,1.0,-100.0,16.666666666666664,MARGIN CALL ($0)
71,31,0.0,38,6,32,1.0,-100.0,15.789473684210526,MARGIN CALL ($0)
71,32,0.0,36,6,30,1.0,-100.0,16.666666666666664,MARGIN CALL ($0)
71,33,0.0,485,86,399,1.0,-100.0,17.7319587628866,MARGIN CALL ($0)
71,34,0.0,459,85,374,1.0,-100.0,18.51851851851852,MARGIN CALL ($0)
71,35,0.0,115,24,91,1.0,-100.0,20.869565217391305,MARGIN CALL ($0)
71,36,0.0,115,25,90,1.0,-100.0,21.73913043478261,MARGIN CALL ($0)
5,24,0.0,76,20,56,1.0,-100.0,26.31578947368421,MARGIN CALL ($0)
5,25,0.0,70,18,52,1.0,-100.0,25.71428571428571,MARGIN CALL ($0)
5,26,0.0,35,2,33,1.0,-100.0,5.714285714285714,MARGIN CALL ($0)
71,40,0.0,111,24,87,1.0,-100.0,21.62162162162162,MARGIN CALL ($0)
71,41,0.0,92,19,73,1.0,-100.0,20.652173913043477,MARGIN CALL ($0)
5,27,0.0,35,2,33,1.0,-100.0,5.714285714285714,MARGIN CALL ($0)
71,43,0.0,100,20,80,1.0,-100.0,20.0,MARGIN CALL ($0)
71,44,0.0,52,8,44,1.0,-100.0,15.384615384615385,MARGIN CALL ($0)
71,45,0.0,120,18,102,1.0,-100.0,15.0,MARGIN CALL ($0)
71,46,0.0,41,7,34,1.0,-100.0,17.073170731707318,MARGIN CALL ($0)
71,47,0.0,38,5,33,1.0,-100.0,13.157894736842104,MARGIN CALL ($0)
71,48,0.0,42,7,35,1.0,-100.0,16.666666666666664,MARGIN CALL ($0)
71,49,0.0,40,7,33,1.0,-100.0,17.5,MARGIN CALL ($0)
71,50,0.0,114,22,92,1.0,-100.0,19.298245614035086,MARGIN CALL ($0)
71,51,0.0,105,18,87,1.0,-100.0,17.142857142857142,MARGIN CALL ($0)
71,52,0.0,31,4,27,1.0,-100.0,12.903225806451612,MARGIN CALL ($0)
71,53,0.0,100,19,81,1.0,-100.0,19.0,MARGIN CALL ($0)
71,54,0.0,91,16,75,1.0,-100.0,17.582417582417584,MARGIN CALL ($0)
71,55,0.0,102,14,88,1.0,-100.0,13.725490196078432,MARGIN CALL ($0)
71,56,0.0,101,14,87,1.0,-100.0,13.861386138613863,MARGIN CALL ($0)
71,57,0.0,101,14,87,1.0,-100.0,13.861386138613863,MARGIN CALL ($0)
71,58,0.0,122,20,102,1.0,-100.0,16.39344262295082,MARGIN CALL ($0)
71,59,0.0,123,19,104,1.0,-100.0,15.447154471544716,MARGIN CALL ($0)
71,60,0.0,123,19,104,1.0,-100.0,15.447154471544716,MARGIN CALL ($0)
71,61,0.0,122,19,103,1.0,-100.0,15.573770491803279,MARGIN CALL ($0)
71,62,0.0,368,43,325,1.0,-100.0,11.684782608695652,MARGIN CALL ($0)
71,63,0.0,111,14,97,1.0,-100.0,12.612612612612612,MARGIN CALL ($0)
71,64,0.0,114,14,100,1.0,-100.0,12.280701754385964,MARGIN CALL ($0)
71,65,0.0,108,12,96,1.0,-100.0,11.11111111111111,MARGIN CALL ($0)
71,66,0.0,109,12,97,1.0,-100.0,11.009174311926607,MARGIN CALL ($0)
5,28,0.0,34,2,32,1.0,-100.0,5.88235294117647,MARGIN CALL ($0)
5,29,0.0,34,2,32,1.0,-100.0,5.88235294117647,MARGIN CALL ($0)
5,30,0.0,76,18,58,1.0,-100.0,23.684210526315788,MARGIN CALL ($0)
5,31,0.0,74,18,56,1.0,-100.0,24.324324324324326,MARGIN CALL ($0)
5,32,0.0,72,18,54,1.0,-100.0,25.0,MARGIN CALL ($0)
5,33,0.0,70,18,52,1.0,-100.0,25.71428571428571,MARGIN CALL ($0)
5,34,0.0,70,18,52,1.0,-100.0,25.71428571428571,MARGIN CALL ($0)
5,35,0.0,73,18,55,1.0,-100.0,24.65753424657534,MARGIN CALL ($0)
5,36,0.0,74,18,56,1.0,-100.0,24.324324324324326,MARGIN CALL ($0)
5,37,0.0,73,18,55,1.0,-100.0,24.65753424657534,MARGIN CALL ($0)
5,38,0.0,73,18,55,1.0,-100.0,24.65753424657534,MARGIN CALL ($0)
5,39,0.0,82,21,61,1.0,-100.0,25.609756097560975,MARGIN CALL ($0)
5,40,0.0,81,20,61,1.0,-100.0,24.691358024691358,MARGIN CALL ($0)
5,41,0.0,82,20,62,1.0,-100.0,24.390243902439025,MARGIN CALL ($0)
71,81,0.0,364,34,330,1.0,-100.0,9.340659340659341,MARGIN CALL ($0)
71,82,0.0,417,41,376,1.0,-100.0,9.832134292565947,MARGIN CALL ($0)
71,83,0.0,371,36,335,1.0,-100.0,9.703504043126685,MARGIN CALL ($0)
71,84,0.0,389,43,346,1.0,-100.0,11.053984575835475,MARGIN CALL ($0)
71,85,0.0,397,46,351,1.0,-100.0,11.586901763224182,MARGIN CALL ($0)
5,42,0.0,80,20,60,1.0,-100.0,25.0,MARGIN CALL ($0)
71,87,0.0,110,15,95,1.0,-100.0,13.636363636363635,MARGIN CALL ($0)
5,43,0.0,84,22,62,1.0,-100.0,26.190476190476193,MARGIN CALL ($0)
5,44,0.0,81,21,60,1.0,-100.0,25.925925925925924,MARGIN CALL ($0)
71,90,0.0,111,16,95,1.0,-100.0,14.414414414414415,MARGIN CALL ($0)
71,91,0.0,116,17,99,1.0,-100.0,14.655172413793101,MARGIN CALL ($0)
71,92,0.0,117,17,100,1.0,-100.0,14.529914529914532,MARGIN CALL ($0)
71,93,0.0,117,17,100,1.0,-100.0,14.529914529914532,MARGIN CALL ($0)
71,94,0.0,118,17,101,1.0,-100.0,14.40677966101695,MARGIN CALL ($0)
71,95,0.0,118,17,101,1.0,-100.0,14.40677966101695,MARGIN CALL ($0)
71,96,0.0,124,20,104,1.0,-100.0,16.129032258064516,MARGIN CALL ($0)
71,97,0.0,124,20,104,1.0,-100.0,16.129032258064516,MARGIN CALL ($0)
71,98,0.0,383,52,331,1.0,-100.0,13.577023498694519,MARGIN CALL ($0)
71,99,0.0,392,47,345,1.0,-100.0,11.989795918367346,MARGIN CALL ($0)
71,100,0.0,391,50,341,1.0,-100.0,12.787723785166241,MARGIN CALL ($0)
72,1,0.0,59,8,51,1.0,-100.0,13.559322033898304,MARGIN CALL ($0)
72,2,0.0,44,4,40,1.0,-100.0,9.090909090909092,MARGIN CALL ($0)
72,3,0.0,43,5,38,1.0,-100.0,11.627906976744185,MARGIN CALL ($0)
72,4,0.0,35,4,31,1.0,-100.0,11.428571428571429,MARGIN CALL ($0)
72,5,0.0,83,14,69,1.0,-100.0,16.867469879518072,MARGIN CALL ($0)
72,6,0.0,109,27,82,1.0,-100.0,24.770642201834864,MARGIN CALL ($0)
72,7,0.0,234,60,174,1.0,-100.0,25.64102564102564,MARGIN CALL ($0)
72,8,0.0,65,11,54,1.0,-100.0,16.923076923076923,MARGIN CALL ($0)
72,9,0.0,35,4,31,1.0,-100.0,11.428571428571429,MARGIN CALL ($0)
72,10,0.0,34,3,31,1.0,-100.0,8.823529411764707,MARGIN CALL ($0)
72,11,0.0,32,3,29,1.0,-100.0,9.375,MARGIN CALL ($0)
72,12,0.0,1250,267,983,1.0,-100.0,21.36,MARGIN CALL ($0)
72,13,0.0,32,3,29,1.0,-100.0,9.375,MARGIN CALL ($0)
72,14,0.0,69,16,53,1.0,-100.0,23.18840579710145,MARGIN CALL ($0)
72,15,0.0,67,17,50,1.0,-100.0,25.37313432835821,MARGIN CALL ($0)
72,16,0.0,66,14,52,1.0,-100.0,21.21212121212121,MARGIN CALL ($0)
72,17,0.0,58,11,47,1.0,-100.0,18.96551724137931,MARGIN CALL ($0)
72,18,0.0,53,8,45,1.0,-100.0,15.09433962264151,MARGIN CALL ($0)
72,19,0.0,51,8,43,1.0,-100.0,15.686274509803921,MARGIN CALL ($0)
72,20,0.0,46,7,39,1.0,-100.0,15.217391304347828,MARGIN CALL ($0)
72,21,0.0,47,8,39,1.0,-100.0,17.02127659574468,MARGIN CALL ($0)
72,22,0.0,43,6,37,1.0,-100.0,13.953488372093023,MARGIN CALL ($0)
72,23,0.0,40,6,34,1.0,-100.0,15.0,MARGIN CALL ($0)
72,24,0.0,39,6,33,1.0,-100.0,15.384615384615385,MARGIN CALL ($0)
72,25,0.0,39,6,33,1.0,-100.0,15.384615384615385,MARGIN CALL ($0)
72,26,0.0,40,7,33,1.0,-100.0,17.5,MARGIN CALL ($0)
72,27,0.0,39,7,32,1.0,-100.0,17.94871794871795,MARGIN CALL ($0)
72,28,0.0,41,7,34,1.0,-100.0,17.073170731707318,MARGIN CALL ($0)
72,29,0.0,42,7,35,1.0,-100.0,16.666666666666664,MARGIN CALL ($0)
72,30,0.0,42,7,35,1.0,-100.0,16.666666666666664,MARGIN CALL ($0)
72,31,0.0,38,6,32,1.0,-100.0,15.789473684210526,MARGIN CALL ($0)
72,32,0.0,36,6,30,1.0,-100.0,16.666666666666664,MARGIN CALL ($0)
72,33,0.0,489,84,405,1.0,-100.0,17.177914110429448,MARGIN CALL ($0)
72,34,0.0,453,80,373,1.0,-100.0,17.660044150110377,MARGIN CALL ($0)
72,35,0.0,106,22,84,1.0,-100.0,20.754716981132077,MARGIN CALL ($0)
72,36,0.0,108,24,84,1.0,-100.0,22.22222222222222,MARGIN CALL ($0)
72,37,0.0,99,19,80,1.0,-100.0,19.19191919191919,MARGIN CALL ($0)
5,45,0.0,81,21,60,1.0,-100.0,25.925925925925924,MARGIN CALL ($0)
5,46,0.0,81,21,60,1.0,-100.0,25.925925925925924,MARGIN CALL ($0)
72,40,0.0,103,23,80,1.0,-100.0,22.330097087378643,MARGIN CALL ($0)
72,41,0.0,87,18,69,1.0,-100.0,20.689655172413794,MARGIN CALL ($0)
5,47,0.0,82,21,61,1.0,-100.0,25.609756097560975,MARGIN CALL ($0)
72,43,0.0,84,17,67,1.0,-100.0,20.238095238095237,MARGIN CALL ($0)
72,44,0.0,114,17,97,1.0,-100.0,14.912280701754385,MARGIN CALL ($0)
72,45,0.0,113,16,97,1.0,-100.0,14.15929203539823,MARGIN CALL ($0)
72,46,0.0,99,15,84,1.0,-100.0,15.151515151515152,MARGIN CALL ($0)
72,47,0.0,117,21,96,1.0,-100.0,17.94871794871795,MARGIN CALL ($0)
5,48,0.0,83,20,63,1.0,-100.0,24.096385542168676,MARGIN CALL ($0)
5,49,0.0,82,20,62,1.0,-100.0,24.390243902439025,MARGIN CALL ($0)
72,50,0.0,97,20,77,1.0,-100.0,20.618556701030926,MARGIN CALL ($0)
72,51,0.0,82,13,69,1.0,-100.0,15.853658536585366,MARGIN CALL ($0)
72,52,0.0,41,8,33,1.0,-100.0,19.51219512195122,MARGIN CALL ($0)
72,53,0.0,80,13,67,1.0,-100.0,16.25,MARGIN CALL ($0)
72,54,0.0,70,10,60,1.0,-100.0,14.285714285714285,MARGIN CALL ($0)
72,55,0.0,98,10,88,1.0,-100.0,10.204081632653061,MARGIN CALL ($0)
72,56,0.0,95,10,85,1.0,-100.0,10.526315789473683,MARGIN CALL ($0)
72,57,0.0,113,14,99,1.0,-100.0,12.389380530973451,MARGIN CALL ($0)
72,58,0.0,115,16,99,1.0,-100.0,13.91304347826087,MARGIN CALL ($0)
72,59,0.0,116,16,100,1.0,-100.0,13.793103448275861,MARGIN CALL ($0)
5,50,0.0,81,20,61,1.0,-100.0,24.691358024691358,MARGIN CALL ($0)
5,51,0.0,34,2,32,1.0,-100.0,5.88235294117647,MARGIN CALL ($0)
5,52,0.0,34,2,32,1.0,-100.0,5.88235294117647,MARGIN CALL ($0)
72,63,0.0,758,99,659,1.0,-100.0,13.060686015831136,MARGIN CALL ($0)
5,53,0.0,34,2,32,1.0,-100.0,5.88235294117647,MARGIN CALL ($0)
5,54,0.0,79,19,60,1.0,-100.0,24.050632911392405,MARGIN CALL ($0)
5,55,0.0,38,4,34,1.0,-100.0,10.526315789473683,MARGIN CALL ($0)
5,56,0.0,38,4,34,1.0,-100.0,10.526315789473683,MARGIN CALL ($0)
5,57,0.0,37,2,35,1.0,-100.0,5.405405405405405,MARGIN CALL ($0)
5,58,0.0,38,3,35,1.0,-100.0,7.894736842105263,MARGIN CALL ($0)
5,59,0.0,37,3,34,1.0,-100.0,8.108108108108109,MARGIN CALL ($0)
5,60,0.0,38,3,35,1.0,-100.0,7.894736842105263,MARGIN CALL ($0)
5,61,0.0,37,2,35,1.0,-100.0,5.405405405405405,MARGIN CALL ($0)
5,62,0.0,36,2,34,1.0,-100.0,5.555555555555555,MARGIN CALL ($0)
5,63,0.0,35,2,33,1.0,-100.0,5.714285714285714,MARGIN CALL ($0)
5,64,0.0,35,2,33,1.0,-100.0,5.714285714285714,MARGIN CALL ($0)
5,65,0.0,35,2,33,1.0,-100.0,5.714285714285714,MARGIN CALL ($0)
5,66,0.0,35,2,33,1.0,-100.0,5.714285714285714,MARGIN CALL ($0)
5,67,0.0,35,2,33,1.0,-100.0,5.714285714285714,MARGIN CALL ($0)
5,68,0.0,35,2,33,1.0,-100.0,5.714285714285714,MARGIN CALL ($0)
5,69,0.0,37,2,35,1.0,-100.0,5.405405405405405,MARGIN CALL ($0)
5,70,0.0,37,2,35,1.0,-100.0,5.405405405405405,MARGIN CALL ($0)
72,82,0.0,352,36,316,1.0,-100.0,10.227272727272728,MARGIN CALL ($0)
72,83,0.0,335,32,303,1.0,-100.0,9.55223880597015,MARGIN CALL ($0)
72,84,0.0,338,37,301,1.0,-100.0,10.946745562130179,MARGIN CALL ($0)
72,85,0.0,103,15,88,1.0,-100.0,14.563106796116504,MARGIN CALL ($0)
72,86,0.0,97,12,85,1.0,-100.0,12.371134020618557,MARGIN CALL ($0)
72,87,0.0,97,12,85,1.0,-100.0,12.371134020618557,MARGIN CALL ($0)
72,88,0.0,97,12,85,1.0,-100.0,12.371134020618557,MARGIN CALL ($0)
5,71,0.0,37,2,35,1.0,-100.0,5.405405405405405,MARGIN CALL ($0)
5,72,0.0,36,2,34,1.0,-100.0,5.555555555555555,MARGIN CALL ($0)
5,73,0.0,36,2,34,1.0,-100.0,5.555555555555555,MARGIN CALL ($0)
72,92,0.0,101,14,87,1.0,-100.0,13.861386138613863,MARGIN CALL ($0)
72,93,0.0,101,14,87,1.0,-100.0,13.861386138613863,MARGIN CALL ($0)
72,94,0.0,100,14,86,1.0,-100.0,14.000000000000002,MARGIN CALL ($0)
72,95,0.0,96,11,85,1.0,-100.0,11.458333333333332,MARGIN CALL ($0)
5,74,0.0,36,2,34,1.0,-100.0,5.555555555555555,MARGIN CALL ($0)
5,75,0.0,36,2,34,1.0,-100.0,5.555555555555555,MARGIN CALL ($0)
5,76,0.0,36,2,34,1.0,-100.0,5.555555555555555,MARGIN CALL ($0)
5,77,0.0,35,2,33,1.0,-100.0,5.714285714285714,MARGIN CALL ($0)
5,78,0.0,35,2,33,1.0,-100.0,5.714285714285714,MARGIN CALL ($0)
73,1,0.0,59,8,51,1.0,-100.0,13.559322033898304,MARGIN CALL ($0)
73,2,0.0,44,4,40,1.0,-100.0,9.090909090909092,MARGIN CALL ($0)
73,3,0.0,43,5,38,1.0,-100.0,11.627906976744185,MARGIN CALL ($0)
73,4,0.0,35,4,31,1.0,-100.0,11.428571428571429,MARGIN CALL ($0)
73,5,0.0,83,14,69,1.0,-100.0,16.867469879518072,MARGIN CALL ($0)
73,6,0.0,109,27,82,1.0,-100.0,24.770642201834864,MARGIN CALL ($0)
73,7,0.0,236,61,175,1.0,-100.0,25.847457627118644,MARGIN CALL ($0)
73,8,0.0,65,11,54,1.0,-100.0,16.923076923076923,MARGIN CALL ($0)
73,9,0.0,35,4,31,1.0,-100.0,11.428571428571429,MARGIN CALL ($0)
73,10,0.0,34,3,31,1.0,-100.0,8.823529411764707,MARGIN CALL ($0)
73,11,0.0,32,3,29,1.0,-100.0,9.375,MARGIN CALL ($0)
73,12,0.0,1090,233,857,1.0,-100.0,21.376146788990827,MARGIN CALL ($0)
73,13,0.0,32,3,29,1.0,-100.0,9.375,MARGIN CALL ($0)
73,14,0.0,69,16,53,1.0,-100.0,23.18840579710145,MARGIN CALL ($0)
73,15,0.0,67,17,50,1.0,-100.0,25.37313432835821,MARGIN CALL ($0)
73,16,0.0,66,14,52,1.0,-100.0,21.21212121212121,MARGIN CALL ($0)
73,17,0.0,60,11,49,1.0,-100.0,18.333333333333332,MARGIN CALL ($0)
73,18,0.0,55,8,47,1.0,-100.0,14.545454545454545,MARGIN CALL ($0)
73,19,0.0,51,8,43,1.0,-100.0,15.686274509803921,MARGIN CALL ($0)
73,20,0.0,45,7,38,1.0,-100.0,15.555555555555555,MARGIN CALL ($0)
73,21,0.0,48,8,40,1.0,-100.0,16.666666666666664,MARGIN CALL ($0)
73,22,0.0,43,6,37,1.0,-100.0,13.953488372093023,MARGIN CALL ($0)
73,23,0.0,40,6,34,1.0,-100.0,15.0,MARGIN CALL ($0)
73,24,0.0,39,6,33,1.0,-100.0,15.384615384615385,MARGIN CALL ($0)
73,25,0.0,39,6,33,1.0,-100.0,15.384615384615385,MARGIN CALL ($0)
73,26,0.0,40,7,33,1.0,-100.0,17.5,MARGIN CALL ($0)
73,27,0.0,39,7,32,1.0,-100.0,17.94871794871795,MARGIN CALL ($0)
73,28,0.0,41,7,34,1.0,-100.0,17.073170731707318,MARGIN CALL ($0)
73,29,0.0,42,7,35,1.0,-100.0,16.666666666666664,MARGIN CALL ($0)
73,30,0.0,42,7,35,1.0,-100.0,16.666666666666664,MARGIN CALL ($0)
73,31,0.0,38,6,32,1.0,-100.0,15.789473684210526,MARGIN CALL ($0)
73,32,0.0,35,6,29,1.0,-100.0,17.142857142857142,MARGIN CALL ($0)
73,33,0.0,517,87,430,1.0,-100.0,16.827852998065765,MARGIN CALL ($0)
73,34,0.0,485,84,401,1.0,-100.0,17.31958762886598,MARGIN CALL ($0)
73,35,0.0,108,23,85,1.0,-100.0,21.296296296296298,MARGIN CALL ($0)
73,36,0.0,109,24,85,1.0,-100.0,22.018348623853214,MARGIN CALL ($0)
73,37,0.0,98,19,79,1.0,-100.0,19.387755102040817,MARGIN CALL ($0)
73,38,0.0,466,75,391,1.0,-100.0,16.09442060085837,MARGIN CALL ($0)
73,39,0.0,424,76,348,1.0,-100.0,17.92452830188679,MARGIN CALL ($0)
73,40,0.0,98,22,76,1.0,-100.0,22.448979591836736,MARGIN CALL ($0)
73,41,0.0,85,18,67,1.0,-100.0,21.176470588235293,MARGIN CALL ($0)
5,79,0.0,35,1,34,1.0,-100.0,2.857142857142857,MARGIN CALL ($0)
73,43,0.0,85,17,68,1.0,-100.0,20.0,MARGIN CALL ($0)
73,44,0.0,110,17,93,1.0,-100.0,15.454545454545453,MARGIN CALL ($0)
73,45,0.0,111,16,95,1.0,-100.0,14.414414414414415,MARGIN CALL ($0)
73,46,0.0,99,15,84,1.0,-100.0,15.151515151515152,MARGIN CALL ($0)
73,47,0.0,117,21,96,1.0,-100.0,17.94871794871795,MARGIN CALL ($0)
5,80,0.0,34,1,33,1.0,-100.0,2.941176470588235,MARGIN CALL ($0)
5,81,0.0,34,1,33,1.0,-100.0,2.941176470588235,MARGIN CALL ($0)
73,50,0.0,97,20,77,1.0,-100.0,20.618556701030926,MARGIN CALL ($0)
73,51,0.0,82,13,69,1.0,-100.0,15.853658536585366,MARGIN CALL ($0)
73,52,0.0,41,8,33,1.0,-100.0,19.51219512195122,MARGIN CALL ($0)
73,53,0.0,80,13,67,1.0,-100.0,16.25,MARGIN CALL ($0)
73,54,0.0,70,10,60,1.0,-100.0,14.285714285714285,MARGIN CALL ($0)
73,55,0.0,96,10,86,1.0,-100.0,10.416666666666668,MARGIN CALL ($0)
73,56,0.0,95,10,85,1.0,-100.0,10.526315789473683,MARGIN CALL ($0)
73,57,0.0,93,10,83,1.0,-100.0,10.75268817204301,MARGIN CALL ($0)
73,58,0.0,111,14,97,1.0,-100.0,12.612612612612612,MARGIN CALL ($0)
73,59,0.0,113,14,99,1.0,-100.0,12.389380530973451,MARGIN CALL ($0)
73,60,0.0,119,14,105,1.0,-100.0,11.76470588235294,MARGIN CALL ($0)
73,61,0.0,117,14,103,1.0,-100.0,11.965811965811966,MARGIN CALL ($0)
73,62,0.0,118,14,104,1.0,-100.0,11.864406779661017,MARGIN CALL ($0)
73,63,0.0,388,42,346,1.0,-100.0,10.824742268041238,MARGIN CALL ($0)
5,82,0.0,34,1,33,1.0,-100.0,2.941176470588235,MARGIN CALL ($0)
73,65,0.0,110,15,95,1.0,-100.0,13.636363636363635,MARGIN CALL ($0)
5,83,0.0,34,1,33,1.0,-100.0,2.941176470588235,MARGIN CALL ($0)
5,84,0.0,34,1,33,1.0,-100.0,2.941176470588235,MARGIN CALL ($0)
5,85,0.0,34,1,33,1.0,-100.0,2.941176470588235,MARGIN CALL ($0)
5,86,0.0,34,1,33,1.0,-100.0,2.941176470588235,MARGIN CALL ($0)
5,87,0.0,34,1,33,1.0,-100.0,2.941176470588235,MARGIN CALL ($0)
5,88,0.0,33,0,33,1.0,-100.0,0.0,MARGIN CALL ($0)
5,89,0.0,33,0,33,1.0,-100.0,0.0,MARGIN CALL ($0)
5,90,0.0,33,0,33,1.0,-100.0,0.0,MARGIN CALL ($0)
5,91,0.0,33,0,33,1.0,-100.0,0.0,MARGIN CALL ($0)
5,92,0.0,32,1,31,1.0,-100.0,3.125,MARGIN CALL ($0)
5,93,0.0,32,1,31,1.0,-100.0,3.125,MARGIN CALL ($0)
5,94,0.0,32,1,31,1.0,-100.0,3.125,MARGIN CALL ($0)
5,95,0.0,32,1,31,1.0,-100.0,3.125,MARGIN CALL ($0)
5,96,0.0,32,1,31,1.0,-100.0,3.125,MARGIN CALL ($0)
5,97,0.0,32,1,31,1.0,-100.0,3.125,MARGIN CALL ($0)
5,98,0.0,32,1,31,1.0,-100.0,3.125,MARGIN CALL ($0)
73,82,0.0,347,32,315,1.0,-100.0,9.221902017291066,MARGIN CALL ($0)
73,83,0.0,343,32,311,1.0,-100.0,9.329446064139942,MARGIN CALL ($0)
73,84,0.0,323,36,287,1.0,-100.0,11.145510835913312,MARGIN CALL ($0)
73,85,0.0,103,15,88,1.0,-100.0,14.563106796116504,MARGIN CALL ($0)
73,86,0.0,97,12,85,1.0,-100.0,12.371134020618557,MARGIN CALL ($0)
73,87,0.0,98,12,86,1.0,-100.0,12.244897959183673,MARGIN CALL ($0)
73,88,0.0,97,12,85,1.0,-100.0,12.371134020618557,MARGIN CALL ($0)
5,100,0.0,29,3,26,1.0,-100.0,10.344827586206897,MARGIN CALL ($0)
6,1,0.0,74,14,60,1.0,-100.0,18.91891891891892,MARGIN CALL ($0)
73,91,0.0,110,17,93,1.0,-100.0,15.454545454545453,MARGIN CALL ($0)
73,92,0.0,103,14,89,1.0,-100.0,13.592233009708737,MARGIN CALL ($0)
73,93,0.0,95,11,84,1.0,-100.0,11.578947368421053,MARGIN CALL ($0)
73,94,0.0,94,11,83,1.0,-100.0,11.702127659574469,MARGIN CALL ($0)
73,95,0.0,99,11,88,1.0,-100.0,11.11111111111111,MARGIN CALL ($0)
73,96,0.0,121,19,102,1.0,-100.0,15.702479338842975,MARGIN CALL ($0)
73,97,0.0,118,18,100,1.0,-100.0,15.254237288135593,MARGIN CALL ($0)
73,98,0.0,122,20,102,1.0,-100.0,16.39344262295082,MARGIN CALL ($0)
6,2,0.0,44,4,40,1.0,-100.0,9.090909090909092,MARGIN CALL ($0)
6,3,0.0,44,5,39,1.0,-100.0,11.363636363636363,MARGIN CALL ($0)
74,1,0.0,59,8,51,1.0,-100.0,13.559322033898304,MARGIN CALL ($0)
74,2,0.0,44,4,40,1.0,-100.0,9.090909090909092,MARGIN CALL ($0)
74,3,0.0,43,5,38,1.0,-100.0,11.627906976744185,MARGIN CALL ($0)
74,4,0.0,35,4,31,1.0,-100.0,11.428571428571429,MARGIN CALL ($0)
74,5,0.0,83,14,69,1.0,-100.0,16.867469879518072,MARGIN CALL ($0)
74,6,0.0,100,23,77,1.0,-100.0,23.0,MARGIN CALL ($0)
74,7,0.0,144,39,105,1.0,-100.0,27.083333333333332,MARGIN CALL ($0)
74,8,0.0,65,11,54,1.0,-100.0,16.923076923076923,MARGIN CALL ($0)
74,9,0.0,35,4,31,1.0,-100.0,11.428571428571429,MARGIN CALL ($0)
74,10,0.0,34,3,31,1.0,-100.0,8.823529411764707,MARGIN CALL ($0)
74,11,0.0,32,3,29,1.0,-100.0,9.375,MARGIN CALL ($0)
74,12,0.0,1073,226,847,1.0,-100.0,21.062441752096923,MARGIN CALL ($0)
74,13,0.0,32,3,29,1.0,-100.0,9.375,MARGIN CALL ($0)
74,14,0.0,42,7,35,1.0,-100.0,16.666666666666664,MARGIN CALL ($0)
74,15,0.0,57,13,44,1.0,-100.0,22.807017543859647,MARGIN CALL ($0)
74,16,0.0,56,10,46,1.0,-100.0,17.857142857142858,MARGIN CALL ($0)
74,17,0.0,57,10,47,1.0,-100.0,17.543859649122805,MARGIN CALL ($0)
74,18,0.0,54,8,46,1.0,-100.0,14.814814814814813,MARGIN CALL ($0)
74,19,0.0,52,8,44,1.0,-100.0,15.384615384615385,MARGIN CALL ($0)
74,20,0.0,45,7,38,1.0,-100.0,15.555555555555555,MARGIN CALL ($0)
74,21,0.0,48,8,40,1.0,-100.0,16.666666666666664,MARGIN CALL ($0)
74,22,0.0,43,6,37,1.0,-100.0,13.953488372093023,MARGIN CALL ($0)
74,23,0.0,40,6,34,1.0,-100.0,15.0,MARGIN CALL ($0)
74,24,0.0,39,6,33,1.0,-100.0,15.384615384615385,MARGIN CALL ($0)
74,25,0.0,39,6,33,1.0,-100.0,15.384615384615385,MARGIN CALL ($0)
74,26,0.0,40,7,33,1.0,-100.0,17.5,MARGIN CALL ($0)
74,27,0.0,39,7,32,1.0,-100.0,17.94871794871795,MARGIN CALL ($0)
74,28,0.0,42,7,35,1.0,-100.0,16.666666666666664,MARGIN CALL ($0)
74,29,0.0,42,7,35,1.0,-100.0,16.666666666666664,MARGIN CALL ($0)
74,30,0.0,42,7,35,1.0,-100.0,16.666666666666664,MARGIN CALL ($0)
74,31,0.0,38,6,32,1.0,-100.0,15.789473684210526,MARGIN CALL ($0)
74,32,0.0,35,6,29,1.0,-100.0,17.142857142857142,MARGIN CALL ($0)
74,33,0.0,509,86,423,1.0,-100.0,16.895874263261295,MARGIN CALL ($0)
74,34,0.0,482,83,399,1.0,-100.0,17.219917012448132,MARGIN CALL ($0)
74,35,0.0,103,21,82,1.0,-100.0,20.388349514563107,MARGIN CALL ($0)
74,36,0.0,106,23,83,1.0,-100.0,21.69811320754717,MARGIN CALL ($0)
74,37,0.0,96,18,78,1.0,-100.0,18.75,MARGIN CALL ($0)
74,38,0.0,99,19,80,1.0,-100.0,19.19191919191919,MARGIN CALL ($0)
74,39,0.0,424,74,350,1.0,-100.0,17.452830188679243,MARGIN CALL ($0)
74,40,0.0,94,21,73,1.0,-100.0,22.340425531914892,MARGIN CALL ($0)
74,41,0.0,79,14,65,1.0,-100.0,17.72151898734177,MARGIN CALL ($0)
74,42,0.0,103,22,81,1.0,-100.0,21.35922330097087,MARGIN CALL ($0)
74,43,0.0,82,16,66,1.0,-100.0,19.51219512195122,MARGIN CALL ($0)
74,44,0.0,101,17,84,1.0,-100.0,16.831683168316832,MARGIN CALL ($0)
74,45,0.0,101,16,85,1.0,-100.0,15.841584158415841,MARGIN CALL ($0)
74,46,0.0,97,15,82,1.0,-100.0,15.463917525773196,MARGIN CALL ($0)
74,47,0.0,116,20,96,1.0,-100.0,17.24137931034483,MARGIN CALL ($0)
74,48,0.0,105,17,88,1.0,-100.0,16.19047619047619,MARGIN CALL ($0)
6,4,0.0,37,4,33,1.0,-100.0,10.81081081081081,MARGIN CALL ($0)
74,50,0.0,52,7,45,1.0,-100.0,13.461538461538462,MARGIN CALL ($0)
74,51,0.0,37,5,32,1.0,-100.0,13.513513513513514,MARGIN CALL ($0)
74,52,0.0,37,5,32,1.0,-100.0,13.513513513513514,MARGIN CALL ($0)
74,53,0.0,36,5,31,1.0,-100.0,13.88888888888889,MARGIN CALL ($0)
74,54,0.0,37,5,32,1.0,-100.0,13.513513513513514,MARGIN CALL ($0)
74,55,0.0,93,10,83,1.0,-100.0,10.75268817204301,MARGIN CALL ($0)
74,56,0.0,93,10,83,1.0,-100.0,10.75268817204301,MARGIN CALL ($0)
74,57,0.0,90,10,80,1.0,-100.0,11.11111111111111,MARGIN CALL ($0)
74,58,0.0,97,12,85,1.0,-100.0,12.371134020618557,MARGIN CALL ($0)
74,59,0.0,97,12,85,1.0,-100.0,12.371134020618557,MARGIN CALL ($0)
74,60,0.0,117,14,103,1.0,-100.0,11.965811965811966,MARGIN CALL ($0)
74,61,0.0,115,14,101,1.0,-100.0,12.173913043478262,MARGIN CALL ($0)
74,62,0.0,116,14,102,1.0,-100.0,12.068965517241379,MARGIN CALL ($0)
74,63,0.0,717,93,624,1.0,-100.0,12.97071129707113,MARGIN CALL ($0)
6,5,0.0,87,15,72,1.0,-100.0,17.24137931034483,MARGIN CALL ($0)
74,65,0.0,110,15,95,1.0,-100.0,13.636363636363635,MARGIN CALL ($0)
6,6,0.0,101,23,78,1.0,-100.0,22.772277227722775,MARGIN CALL ($0)
6,7,0.0,105,25,80,1.0,-100.0,23.809523809523807,MARGIN CALL ($0)
6,8,0.0,115,29,86,1.0,-100.0,25.217391304347824,MARGIN CALL ($0)
6,9,0.0,165,43,122,1.0,-100.0,26.060606060606062,MARGIN CALL ($0)
6,10,0.0,167,45,122,1.0,-100.0,26.94610778443114,MARGIN CALL ($0)
6,11,0.0,122,31,91,1.0,-100.0,25.40983606557377,MARGIN CALL ($0)
6,12,0.0,37,5,32,1.0,-100.0,13.513513513513514,MARGIN CALL ($0)
6,13,0.0,39,5,34,1.0,-100.0,12.82051282051282,MARGIN CALL ($0)
6,14,0.0,38,5,33,1.0,-100.0,13.157894736842104,MARGIN CALL ($0)
6,15,0.0,65,15,50,1.0,-100.0,23.076923076923077,MARGIN CALL ($0)
6,16,0.0,72,18,54,1.0,-100.0,25.0,MARGIN CALL ($0)
6,17,0.0,71,18,53,1.0,-100.0,25.352112676056336,MARGIN CALL ($0)
6,18,0.0,83,20,63,1.0,-100.0,24.096385542168676,MARGIN CALL ($0)
6,19,0.0,77,17,60,1.0,-100.0,22.07792207792208,MARGIN CALL ($0)
6,20,0.0,75,16,59,1.0,-100.0,21.333333333333336,MARGIN CALL ($0)
6,21,0.0,75,16,59,1.0,-100.0,21.333333333333336,MARGIN CALL ($0)
74,82,0.0,349,33,316,1.0,-100.0,9.455587392550143,MARGIN CALL ($0)
74,83,0.0,348,32,316,1.0,-100.0,9.195402298850574,MARGIN CALL ($0)
74,84,0.0,99,14,85,1.0,-100.0,14.14141414141414,MARGIN CALL ($0)
74,85,0.0,100,14,86,1.0,-100.0,14.000000000000002,MARGIN CALL ($0)
74,86,0.0,92,11,81,1.0,-100.0,11.956521739130435,MARGIN CALL ($0)
74,87,0.0,94,11,83,1.0,-100.0,11.702127659574469,MARGIN CALL ($0)
74,88,0.0,94,11,83,1.0,-100.0,11.702127659574469,MARGIN CALL ($0)
6,22,0.0,76,16,60,1.0,-100.0,21.052631578947366,MARGIN CALL ($0)
6,23,0.0,75,16,59,1.0,-100.0,21.333333333333336,MARGIN CALL ($0)
74,91,0.0,105,16,89,1.0,-100.0,15.238095238095239,MARGIN CALL ($0)
74,92,0.0,90,10,80,1.0,-100.0,11.11111111111111,MARGIN CALL ($0)
74,93,0.0,91,10,81,1.0,-100.0,10.989010989010989,MARGIN CALL ($0)
74,94,0.0,90,10,80,1.0,-100.0,11.11111111111111,MARGIN CALL ($0)
74,95,0.0,96,10,86,1.0,-100.0,10.416666666666668,MARGIN CALL ($0)
74,96,0.0,117,18,99,1.0,-100.0,15.384615384615385,MARGIN CALL ($0)
74,97,0.0,117,17,100,1.0,-100.0,14.529914529914532,MARGIN CALL ($0)
74,98,0.0,121,19,102,1.0,-100.0,15.702479338842975,MARGIN CALL ($0)
6,24,0.0,75,16,59,1.0,-100.0,21.333333333333336,MARGIN CALL ($0)
6,25,0.0,68,15,53,1.0,-100.0,22.058823529411764,MARGIN CALL ($0)
75,1,0.0,64,9,55,1.0,-100.0,14.0625,MARGIN CALL ($0)
75,2,0.0,44,4,40,1.0,-100.0,9.090909090909092,MARGIN CALL ($0)
75,3,0.0,43,5,38,1.0,-100.0,11.627906976744185,MARGIN CALL ($0)
75,4,0.0,35,4,31,1.0,-100.0,11.428571428571429,MARGIN CALL ($0)
75,5,0.0,83,14,69,1.0,-100.0,16.867469879518072,MARGIN CALL ($0)
75,6,0.0,100,23,77,1.0,-100.0,23.0,MARGIN CALL ($0)
75,7,0.0,143,39,104,1.0,-100.0,27.27272727272727,MARGIN CALL ($0)
75,8,0.0,65,11,54,1.0,-100.0,16.923076923076923,MARGIN CALL ($0)
75,9,0.0,35,4,31,1.0,-100.0,11.428571428571429,MARGIN CALL ($0)
75,10,0.0,34,3,31,1.0,-100.0,8.823529411764707,MARGIN CALL ($0)
75,11,0.0,32,3,29,1.0,-100.0,9.375,MARGIN CALL ($0)
75,12,0.0,1072,223,849,1.0,-100.0,20.80223880597015,MARGIN CALL ($0)
75,13,0.0,32,3,29,1.0,-100.0,9.375,MARGIN CALL ($0)
75,14,0.0,42,7,35,1.0,-100.0,16.666666666666664,MARGIN CALL ($0)
75,15,0.0,57,13,44,1.0,-100.0,22.807017543859647,MARGIN CALL ($0)
75,16,0.0,56,10,46,1.0,-100.0,17.857142857142858,MARGIN CALL ($0)
75,17,0.0,57,10,47,1.0,-100.0,17.543859649122805,MARGIN CALL ($0)
75,18,0.0,53,8,45,1.0,-100.0,15.09433962264151,MARGIN CALL ($0)
75,19,0.0,51,8,43,1.0,-100.0,15.686274509803921,MARGIN CALL ($0)
75,20,0.0,45,7,38,1.0,-100.0,15.555555555555555,MARGIN CALL ($0)
75,21,0.0,51,9,42,1.0,-100.0,17.647058823529413,MARGIN CALL ($0)
75,22,0.0,44,7,37,1.0,-100.0,15.909090909090908,MARGIN CALL ($0)
75,23,0.0,43,7,36,1.0,-100.0,16.27906976744186,MARGIN CALL ($0)
75,24,0.0,41,7,34,1.0,-100.0,17.073170731707318,MARGIN CALL ($0)
75,25,0.0,41,7,34,1.0,-100.0,17.073170731707318,MARGIN CALL ($0)
75,26,0.0,41,8,33,1.0,-100.0,19.51219512195122,MARGIN CALL ($0)
75,27,0.0,41,8,33,1.0,-100.0,19.51219512195122,MARGIN CALL ($0)
75,28,0.0,42,8,34,1.0,-100.0,19.047619047619047,MARGIN CALL ($0)
75,29,0.0,42,8,34,1.0,-100.0,19.047619047619047,MARGIN CALL ($0)
75,30,0.0,42,8,34,1.0,-100.0,19.047619047619047,MARGIN CALL ($0)
75,31,0.0,39,7,32,1.0,-100.0,17.94871794871795,MARGIN CALL ($0)
75,32,0.0,37,7,30,1.0,-100.0,18.91891891891892,MARGIN CALL ($0)
75,33,0.0,569,99,470,1.0,-100.0,17.398945518453427,MARGIN CALL ($0)
75,34,0.0,540,93,447,1.0,-100.0,17.22222222222222,MARGIN CALL ($0)
75,35,0.0,105,22,83,1.0,-100.0,20.952380952380953,MARGIN CALL ($0)
75,36,0.0,108,24,84,1.0,-100.0,22.22222222222222,MARGIN CALL ($0)
75,37,0.0,96,18,78,1.0,-100.0,18.75,MARGIN CALL ($0)
75,38,0.0,99,19,80,1.0,-100.0,19.19191919191919,MARGIN CALL ($0)
75,39,0.0,440,75,365,1.0,-100.0,17.045454545454543,MARGIN CALL ($0)
75,40,0.0,94,21,73,1.0,-100.0,22.340425531914892,MARGIN CALL ($0)
75,41,0.0,79,14,65,1.0,-100.0,17.72151898734177,MARGIN CALL ($0)
75,42,0.0,103,22,81,1.0,-100.0,21.35922330097087,MARGIN CALL ($0)
75,43,0.0,84,16,68,1.0,-100.0,19.047619047619047,MARGIN CALL ($0)
75,44,0.0,103,17,86,1.0,-100.0,16.50485436893204,MARGIN CALL ($0)
75,45,0.0,101,16,85,1.0,-100.0,15.841584158415841,MARGIN CALL ($0)
75,46,0.0,97,15,82,1.0,-100.0,15.463917525773196,MARGIN CALL ($0)
75,47,0.0,114,20,94,1.0,-100.0,17.543859649122805,MARGIN CALL ($0)
6,26,0.0,32,2,30,1.0,-100.0,6.25,MARGIN CALL ($0)
6,27,0.0,32,2,30,1.0,-100.0,6.25,MARGIN CALL ($0)
75,50,0.0,52,7,45,1.0,-100.0,13.461538461538462,MARGIN CALL ($0)
75,51,0.0,36,5,31,1.0,-100.0,13.88888888888889,MARGIN CALL ($0)
75,52,0.0,37,5,32,1.0,-100.0,13.513513513513514,MARGIN CALL ($0)
75,53,0.0,37,5,32,1.0,-100.0,13.513513513513514,MARGIN CALL ($0)
75,54,0.0,37,5,32,1.0,-100.0,13.513513513513514,MARGIN CALL ($0)
75,55,0.0,92,10,82,1.0,-100.0,10.869565217391305,MARGIN CALL ($0)
75,56,0.0,93,10,83,1.0,-100.0,10.75268817204301,MARGIN CALL ($0)
75,57,0.0,92,10,82,1.0,-100.0,10.869565217391305,MARGIN CALL ($0)
75,58,0.0,97,12,85,1.0,-100.0,12.371134020618557,MARGIN CALL ($0)
75,59,0.0,96,12,84,1.0,-100.0,12.5,MARGIN CALL ($0)
75,60,0.0,119,14,105,1.0,-100.0,11.76470588235294,MARGIN CALL ($0)
75,61,0.0,118,14,104,1.0,-100.0,11.864406779661017,MARGIN CALL ($0)
75,62,0.0,119,14,105,1.0,-100.0,11.76470588235294,MARGIN CALL ($0)
75,63,0.0,781,106,675,1.0,-100.0,13.572343149807939,MARGIN CALL ($0)
6,28,0.0,33,2,31,1.0,-100.0,6.0606060606060606,MARGIN CALL ($0)
75,65,0.0,112,15,97,1.0,-100.0,13.392857142857142,MARGIN CALL ($0)
6,29,0.0,33,2,31,1.0,-100.0,6.0606060606060606,MARGIN CALL ($0)
6,30,0.0,71,15,56,1.0,-100.0,21.12676056338028,MARGIN CALL ($0)
6,31,0.0,69,15,54,1.0,-100.0,21.73913043478261,MARGIN CALL ($0)
6,32,0.0,68,15,53,1.0,-100.0,22.058823529411764,MARGIN CALL ($0)
6,33,0.0,66,15,51,1.0,-100.0,22.727272727272727,MARGIN CALL ($0)
6,34,0.0,66,15,51,1.0,-100.0,22.727272727272727,MARGIN CALL ($0)
6,35,0.0,68,14,54,1.0,-100.0,20.588235294117645,MARGIN CALL ($0)
6,36,0.0,68,14,54,1.0,-100.0,20.588235294117645,MARGIN CALL ($0)
6,37,0.0,68,14,54,1.0,-100.0,20.588235294117645,MARGIN CALL ($0)
6,38,0.0,67,14,53,1.0,-100.0,20.8955223880597,MARGIN CALL ($0)
6,39,0.0,76,17,59,1.0,-100.0,22.36842105263158,MARGIN CALL ($0)
6,40,0.0,76,17,59,1.0,-100.0,22.36842105263158,MARGIN CALL ($0)
6,41,0.0,77,17,60,1.0,-100.0,22.07792207792208,MARGIN CALL ($0)
6,42,0.0,77,17,60,1.0,-100.0,22.07792207792208,MARGIN CALL ($0)
6,43,0.0,80,19,61,1.0,-100.0,23.75,MARGIN CALL ($0)
6,44,0.0,77,17,60,1.0,-100.0,22.07792207792208,MARGIN CALL ($0)
75,82,0.0,339,33,306,1.0,-100.0,9.734513274336283,MARGIN CALL ($0)
75,83,0.0,334,31,303,1.0,-100.0,9.281437125748502,MARGIN CALL ($0)
75,84,0.0,322,35,287,1.0,-100.0,10.869565217391305,MARGIN CALL ($0)
75,85,0.0,337,38,299,1.0,-100.0,11.275964391691394,MARGIN CALL ($0)
75,86,0.0,88,11,77,1.0,-100.0,12.5,MARGIN CALL ($0)
75,87,0.0,91,11,80,1.0,-100.0,12.087912087912088,MARGIN CALL ($0)
75,88,0.0,89,11,78,1.0,-100.0,12.359550561797752,MARGIN CALL ($0)
6,45,0.0,77,17,60,1.0,-100.0,22.07792207792208,MARGIN CALL ($0)
6,46,0.0,77,17,60,1.0,-100.0,22.07792207792208,MARGIN CALL ($0)
75,91,0.0,101,16,85,1.0,-100.0,15.841584158415841,MARGIN CALL ($0)
75,92,0.0,94,13,81,1.0,-100.0,13.829787234042554,MARGIN CALL ($0)
75,93,0.0,95,13,82,1.0,-100.0,13.684210526315791,MARGIN CALL ($0)
75,94,0.0,94,13,81,1.0,-100.0,13.829787234042554,MARGIN CALL ($0)
75,95,0.0,88,10,78,1.0,-100.0,11.363636363636363,MARGIN CALL ($0)
75,96,0.0,112,18,94,1.0,-100.0,16.071428571428573,MARGIN CALL ($0)
75,97,0.0,111,17,94,1.0,-100.0,15.315315315315313,MARGIN CALL ($0)
75,98,0.0,114,19,95,1.0,-100.0,16.666666666666664,MARGIN CALL ($0)
6,47,0.0,78,17,61,1.0,-100.0,21.794871794871796,MARGIN CALL ($0)
6,48,0.0,77,17,60,1.0,-100.0,22.07792207792208,MARGIN CALL ($0)
76,1,0.0,64,9,55,1.0,-100.0,14.0625,MARGIN CALL ($0)
76,2,0.0,44,4,40,1.0,-100.0,9.090909090909092,MARGIN CALL ($0)
76,3,0.0,43,5,38,1.0,-100.0,11.627906976744185,MARGIN CALL ($0)
76,4,0.0,35,4,31,1.0,-100.0,11.428571428571429,MARGIN CALL ($0)
76,5,0.0,83,14,69,1.0,-100.0,16.867469879518072,MARGIN CALL ($0)
76,6,0.0,98,23,75,1.0,-100.0,23.46938775510204,MARGIN CALL ($0)
76,7,0.0,143,38,105,1.0,-100.0,26.573426573426573,MARGIN CALL ($0)
76,8,0.0,65,11,54,1.0,-100.0,16.923076923076923,MARGIN CALL ($0)
76,9,0.0,35,4,31,1.0,-100.0,11.428571428571429,MARGIN CALL ($0)
76,10,0.0,34,3,31,1.0,-100.0,8.823529411764707,MARGIN CALL ($0)
76,11,0.0,32,3,29,1.0,-100.0,9.375,MARGIN CALL ($0)
76,12,0.0,1219,257,962,1.0,-100.0,21.08285479901559,MARGIN CALL ($0)
76,13,0.0,32,3,29,1.0,-100.0,9.375,MARGIN CALL ($0)
76,14,0.0,58,12,46,1.0,-100.0,20.689655172413794,MARGIN CALL ($0)
76,15,0.0,58,13,45,1.0,-100.0,22.413793103448278,MARGIN CALL ($0)
76,16,0.0,55,10,45,1.0,-100.0,18.181818181818183,MARGIN CALL ($0)
76,17,0.0,57,10,47,1.0,-100.0,17.543859649122805,MARGIN CALL ($0)
76,18,0.0,53,8,45,1.0,-100.0,15.09433962264151,MARGIN CALL ($0)
76,19,0.0,52,8,44,1.0,-100.0,15.384615384615385,MARGIN CALL ($0)
76,20,0.0,46,7,39,1.0,-100.0,15.217391304347828,MARGIN CALL ($0)
76,21,0.0,50,9,41,1.0,-100.0,18.0,MARGIN CALL ($0)
76,22,0.0,44,7,37,1.0,-100.0,15.909090909090908,MARGIN CALL ($0)
76,23,0.0,43,7,36,1.0,-100.0,16.27906976744186,MARGIN CALL ($0)
76,24,0.0,41,7,34,1.0,-100.0,17.073170731707318,MARGIN CALL ($0)
76,25,0.0,40,7,33,1.0,-100.0,17.5,MARGIN CALL ($0)
76,26,0.0,42,8,34,1.0,-100.0,19.047619047619047,MARGIN CALL ($0)
76,27,0.0,43,8,35,1.0,-100.0,18.6046511627907,MARGIN CALL ($0)
76,28,0.0,44,8,36,1.0,-100.0,18.181818181818183,MARGIN CALL ($0)
76,29,0.0,44,8,36,1.0,-100.0,18.181818181818183,MARGIN CALL ($0)
76,30,0.0,41,8,33,1.0,-100.0,19.51219512195122,MARGIN CALL ($0)
76,31,0.0,39,7,32,1.0,-100.0,17.94871794871795,MARGIN CALL ($0)
76,32,0.0,38,7,31,1.0,-100.0,18.421052631578945,MARGIN CALL ($0)
76,33,0.0,456,86,370,1.0,-100.0,18.859649122807017,MARGIN CALL ($0)
76,34,0.0,456,83,373,1.0,-100.0,18.201754385964914,MARGIN CALL ($0)
76,35,0.0,103,21,82,1.0,-100.0,20.388349514563107,MARGIN CALL ($0)
76,36,0.0,108,23,85,1.0,-100.0,21.296296296296298,MARGIN CALL ($0)
76,37,0.0,95,17,78,1.0,-100.0,17.894736842105264,MARGIN CALL ($0)
76,38,0.0,98,18,80,1.0,-100.0,18.367346938775512,MARGIN CALL ($0)
76,39,0.0,434,75,359,1.0,-100.0,17.28110599078341,MARGIN CALL ($0)
76,40,0.0,94,20,74,1.0,-100.0,21.27659574468085,MARGIN CALL ($0)
76,41,0.0,78,13,65,1.0,-100.0,16.666666666666664,MARGIN CALL ($0)
76,42,0.0,104,22,82,1.0,-100.0,21.153846153846153,MARGIN CALL ($0)
76,43,0.0,83,16,67,1.0,-100.0,19.27710843373494,MARGIN CALL ($0)
76,44,0.0,100,16,84,1.0,-100.0,16.0,MARGIN CALL ($0)
76,45,0.0,101,16,85,1.0,-100.0,15.841584158415841,MARGIN CALL ($0)
76,46,0.0,99,15,84,1.0,-100.0,15.151515151515152,MARGIN CALL ($0)
76,47,0.0,114,20,94,1.0,-100.0,17.543859649122805,MARGIN CALL ($0)
6,49,0.0,76,18,58,1.0,-100.0,23.684210526315788,MARGIN CALL ($0)
6,50,0.0,75,18,57,1.0,-100.0,24.0,MARGIN CALL ($0)
76,50,0.0,53,7,46,1.0,-100.0,13.20754716981132,MARGIN CALL ($0)
76,51,0.0,37,5,32,1.0,-100.0,13.513513513513514,MARGIN CALL ($0)
76,52,0.0,37,5,32,1.0,-100.0,13.513513513513514,MARGIN CALL ($0)
76,53,0.0,37,5,32,1.0,-100.0,13.513513513513514,MARGIN CALL ($0)
76,54,0.0,38,5,33,1.0,-100.0,13.157894736842104,MARGIN CALL ($0)
76,55,0.0,92,10,82,1.0,-100.0,10.869565217391305,MARGIN CALL ($0)
76,56,0.0,93,10,83,1.0,-100.0,10.75268817204301,MARGIN CALL ($0)
76,57,0.0,92,10,82,1.0,-100.0,10.869565217391305,MARGIN CALL ($0)
76,58,0.0,95,12,83,1.0,-100.0,12.631578947368421,MARGIN CALL ($0)
76,59,0.0,95,12,83,1.0,-100.0,12.631578947368421,MARGIN CALL ($0)
76,60,0.0,116,14,102,1.0,-100.0,12.068965517241379,MARGIN CALL ($0)
76,61,0.0,115,14,101,1.0,-100.0,12.173913043478262,MARGIN CALL ($0)
76,62,0.0,116,14,102,1.0,-100.0,12.068965517241379,MARGIN CALL ($0)
76,63,0.0,347,40,307,1.0,-100.0,11.527377521613833,MARGIN CALL ($0)
6,51,0.0,72,15,57,1.0,-100.0,20.833333333333336,MARGIN CALL ($0)
6,52,0.0,73,15,58,1.0,-100.0,20.54794520547945,MARGIN CALL ($0)
6,53,0.0,72,15,57,1.0,-100.0,20.833333333333336,MARGIN CALL ($0)
6,54,0.0,72,15,57,1.0,-100.0,20.833333333333336,MARGIN CALL ($0)
6,55,0.0,72,15,57,1.0,-100.0,20.833333333333336,MARGIN CALL ($0)
6,56,0.0,71,15,56,1.0,-100.0,21.12676056338028,MARGIN CALL ($0)
6,57,0.0,31,2,29,1.0,-100.0,6.451612903225806,MARGIN CALL ($0)
6,58,0.0,70,16,54,1.0,-100.0,22.857142857142858,MARGIN CALL ($0)
6,59,0.0,69,16,53,1.0,-100.0,23.18840579710145,MARGIN CALL ($0)
6,60,0.0,69,16,53,1.0,-100.0,23.18840579710145,MARGIN CALL ($0)
6,61,0.0,30,2,28,1.0,-100.0,6.666666666666667,MARGIN CALL ($0)
6,62,0.0,30,2,28,1.0,-100.0,6.666666666666667,MARGIN CALL ($0)
6,63,0.0,30,2,28,1.0,-100.0,6.666666666666667,MARGIN CALL ($0)
6,64,0.0,30,2,28,1.0,-100.0,6.666666666666667,MARGIN CALL ($0)
6,65,0.0,30,2,28,1.0,-100.0,6.666666666666667,MARGIN CALL ($0)
6,66,0.0,30,2,28,1.0,-100.0,6.666666666666667,MARGIN CALL ($0)
6,67,0.0,30,2,28,1.0,-100.0,6.666666666666667,MARGIN CALL ($0)
6,68,0.0,32,2,30,1.0,-100.0,6.25,MARGIN CALL ($0)
76,82,0.0,342,35,307,1.0,-100.0,10.23391812865497,MARGIN CALL ($0)
76,83,0.0,338,34,304,1.0,-100.0,10.059171597633137,MARGIN CALL ($0)
76,84,0.0,318,35,283,1.0,-100.0,11.0062893081761,MARGIN CALL ($0)
76,85,0.0,343,40,303,1.0,-100.0,11.661807580174926,MARGIN CALL ($0)
76,86,0.0,371,41,330,1.0,-100.0,11.05121293800539,MARGIN CALL ($0)
6,69,0.0,32,2,30,1.0,-100.0,6.25,MARGIN CALL ($0)
6,70,0.0,31,2,29,1.0,-100.0,6.451612903225806,MARGIN CALL ($0)
6,71,0.0,31,2,29,1.0,-100.0,6.451612903225806,MARGIN CALL ($0)
6,72,0.0,31,2,29,1.0,-100.0,6.451612903225806,MARGIN CALL ($0)
76,91,0.0,102,19,83,1.0,-100.0,18.627450980392158,MARGIN CALL ($0)
76,92,0.0,97,16,81,1.0,-100.0,16.49484536082474,MARGIN CALL ($0)
76,93,0.0,98,16,82,1.0,-100.0,16.3265306122449,MARGIN CALL ($0)
76,94,0.0,97,16,81,1.0,-100.0,16.49484536082474,MARGIN CALL ($0)
76,95,0.0,100,16,84,1.0,-100.0,16.0,MARGIN CALL ($0)
76,96,0.0,410,50,360,1.0,-100.0,12.195121951219512,MARGIN CALL ($0)
76,97,0.0,115,20,95,1.0,-100.0,17.391304347826086,MARGIN CALL ($0)
76,98,0.0,395,50,345,1.0,-100.0,12.658227848101266,MARGIN CALL ($0)
6,73,0.0,32,2,30,1.0,-100.0,6.25,MARGIN CALL ($0)
6,74,0.0,32,2,30,1.0,-100.0,6.25,MARGIN CALL ($0)
77,1,0.0,64,9,55,1.0,-100.0,14.0625,MARGIN CALL ($0)
77,2,0.0,44,4,40,1.0,-100.0,9.090909090909092,MARGIN CALL ($0)
77,3,0.0,43,5,38,1.0,-100.0,11.627906976744185,MARGIN CALL ($0)
77,4,0.0,35,4,31,1.0,-100.0,11.428571428571429,MARGIN CALL ($0)
77,5,0.0,83,14,69,1.0,-100.0,16.867469879518072,MARGIN CALL ($0)
77,6,0.0,98,23,75,1.0,-100.0,23.46938775510204,MARGIN CALL ($0)
77,7,0.0,143,38,105,1.0,-100.0,26.573426573426573,MARGIN CALL ($0)
77,8,0.0,65,11,54,1.0,-100.0,16.923076923076923,MARGIN CALL ($0)
77,9,0.0,35,4,31,1.0,-100.0,11.428571428571429,MARGIN CALL ($0)
77,10,0.0,34,3,31,1.0,-100.0,8.823529411764707,MARGIN CALL ($0)
77,11,0.0,32,3,29,1.0,-100.0,9.375,MARGIN CALL ($0)
77,12,0.0,1069,225,844,1.0,-100.0,21.047708138447145,MARGIN CALL ($0)
77,13,0.0,32,3,29,1.0,-100.0,9.375,MARGIN CALL ($0)
77,14,0.0,59,12,47,1.0,-100.0,20.33898305084746,MARGIN CALL ($0)
77,15,0.0,56,13,43,1.0,-100.0,23.214285714285715,MARGIN CALL ($0)
77,16,0.0,55,10,45,1.0,-100.0,18.181818181818183,MARGIN CALL ($0)
77,17,0.0,56,10,46,1.0,-100.0,17.857142857142858,MARGIN CALL ($0)
77,18,0.0,54,8,46,1.0,-100.0,14.814814814814813,MARGIN CALL ($0)
77,19,0.0,53,8,45,1.0,-100.0,15.09433962264151,MARGIN CALL ($0)
77,20,0.0,45,7,38,1.0,-100.0,15.555555555555555,MARGIN CALL ($0)
77,21,0.0,51,9,42,1.0,-100.0,17.647058823529413,MARGIN CALL ($0)
77,22,0.0,44,7,37,1.0,-100.0,15.909090909090908,MARGIN CALL ($0)
77,23,0.0,43,7,36,1.0,-100.0,16.27906976744186,MARGIN CALL ($0)
77,24,0.0,41,7,34,1.0,-100.0,17.073170731707318,MARGIN CALL ($0)
77,25,0.0,40,7,33,1.0,-100.0,17.5,MARGIN CALL ($0)
77,26,0.0,42,8,34,1.0,-100.0,19.047619047619047,MARGIN CALL ($0)
77,27,0.0,42,8,34,1.0,-100.0,19.047619047619047,MARGIN CALL ($0)
77,28,0.0,43,8,35,1.0,-100.0,18.6046511627907,MARGIN CALL ($0)
77,29,0.0,43,8,35,1.0,-100.0,18.6046511627907,MARGIN CALL ($0)
77,30,0.0,41,8,33,1.0,-100.0,19.51219512195122,MARGIN CALL ($0)
77,31,0.0,39,7,32,1.0,-100.0,17.94871794871795,MARGIN CALL ($0)
77,32,0.0,38,7,31,1.0,-100.0,18.421052631578945,MARGIN CALL ($0)
77,33,0.0,437,81,356,1.0,-100.0,18.53546910755149,MARGIN CALL ($0)
77,34,0.0,438,79,359,1.0,-100.0,18.036529680365295,MARGIN CALL ($0)
77,35,0.0,97,19,78,1.0,-100.0,19.587628865979383,MARGIN CALL ($0)
77,36,0.0,95,19,76,1.0,-100.0,20.0,MARGIN CALL ($0)
77,37,0.0,92,16,76,1.0,-100.0,17.391304347826086,MARGIN CALL ($0)
77,38,0.0,95,17,78,1.0,-100.0,17.894736842105264,MARGIN CALL ($0)
77,39,0.0,144,26,118,1.0,-100.0,18.055555555555554,MARGIN CALL ($0)
77,40,0.0,86,17,69,1.0,-100.0,19.767441860465116,MARGIN CALL ($0)
77,41,0.0,74,12,62,1.0,-100.0,16.216216216216218,MARGIN CALL ($0)
77,42,0.0,95,20,75,1.0,-100.0,21.052631578947366,MARGIN CALL ($0)
77,43,0.0,78,16,62,1.0,-100.0,20.51282051282051,MARGIN CALL ($0)
77,44,0.0,91,15,76,1.0,-100.0,16.483516483516482,MARGIN CALL ($0)
77,45,0.0,93,15,78,1.0,-100.0,16.129032258064516,MARGIN CALL ($0)
77,46,0.0,90,14,76,1.0,-100.0,15.555555555555555,MARGIN CALL ($0)
77,47,0.0,106,18,88,1.0,-100.0,16.9811320754717,MARGIN CALL ($0)
77,48,0.0,101,15,86,1.0,-100.0,14.85148514851485,MARGIN CALL ($0)
77,49,0.0,100,16,84,1.0,-100.0,16.0,MARGIN CALL ($0)
77,50,0.0,53,7,46,1.0,-100.0,13.20754716981132,MARGIN CALL ($0)
77,51,0.0,37,5,32,1.0,-100.0,13.513513513513514,MARGIN CALL ($0)
77,52,0.0,37,5,32,1.0,-100.0,13.513513513513514,MARGIN CALL ($0)
77,53,0.0,37,5,32,1.0,-100.0,13.513513513513514,MARGIN CALL ($0)
77,54,0.0,38,5,33,1.0,-100.0,13.157894736842104,MARGIN CALL ($0)
77,55,0.0,92,10,82,1.0,-100.0,10.869565217391305,MARGIN CALL ($0)
77,56,0.0,93,10,83,1.0,-100.0,10.75268817204301,MARGIN CALL ($0)
77,57,0.0,91,10,81,1.0,-100.0,10.989010989010989,MARGIN CALL ($0)
77,58,0.0,94,12,82,1.0,-100.0,12.76595744680851,MARGIN CALL ($0)
77,59,0.0,94,12,82,1.0,-100.0,12.76595744680851,MARGIN CALL ($0)
77,60,0.0,116,14,102,1.0,-100.0,12.068965517241379,MARGIN CALL ($0)
77,61,0.0,115,14,101,1.0,-100.0,12.173913043478262,MARGIN CALL ($0)
77,62,0.0,116,14,102,1.0,-100.0,12.068965517241379,MARGIN CALL ($0)
77,63,0.0,117,16,101,1.0,-100.0,13.675213675213676,MARGIN CALL ($0)
77,64,0.0,120,17,103,1.0,-100.0,14.166666666666666,MARGIN CALL ($0)
77,65,0.0,116,17,99,1.0,-100.0,14.655172413793101,MARGIN CALL ($0)
6,75,0.0,32,2,30,1.0,-100.0,6.25,MARGIN CALL ($0)
6,76,0.0,32,2,30,1.0,-100.0,6.25,MARGIN CALL ($0)
6,77,0.0,32,2,30,1.0,-100.0,6.25,MARGIN CALL ($0)
6,78,0.0,31,2,29,1.0,-100.0,6.451612903225806,MARGIN CALL ($0)
6,79,0.0,32,1,31,1.0,-100.0,3.125,MARGIN CALL ($0)
6,80,0.0,31,1,30,1.0,-100.0,3.225806451612903,MARGIN CALL ($0)
6,81,0.0,31,1,30,1.0,-100.0,3.225806451612903,MARGIN CALL ($0)
6,82,0.0,31,1,30,1.0,-100.0,3.225806451612903,MARGIN CALL ($0)
6,83,0.0,30,1,29,1.0,-100.0,3.3333333333333335,MARGIN CALL ($0)
6,84,0.0,30,2,28,1.0,-100.0,6.666666666666667,MARGIN CALL ($0)
6,85,0.0,30,2,28,1.0,-100.0,6.666666666666667,MARGIN CALL ($0)
6,86,0.0,30,1,29,1.0,-100.0,3.3333333333333335,MARGIN CALL ($0)
6,87,0.0,30,1,29,1.0,-100.0,3.3333333333333335,MARGIN CALL ($0)
6,88,0.0,29,0,29,1.0,-100.0,0.0,MARGIN CALL ($0)
6,89,0.0,29,0,29,1.0,-100.0,0.0,MARGIN CALL ($0)
6,90,0.0,29,0,29,1.0,-100.0,0.0,MARGIN CALL ($0)
77,82,0.0,340,35,305,1.0,-100.0,10.294117647058822,MARGIN CALL ($0)
77,83,0.0,338,35,303,1.0,-100.0,10.355029585798817,MARGIN CALL ($0)
77,84,0.0,334,39,295,1.0,-100.0,11.676646706586826,MARGIN CALL ($0)
77,85,0.0,355,44,311,1.0,-100.0,12.394366197183098,MARGIN CALL ($0)
77,86,0.0,373,42,331,1.0,-100.0,11.26005361930295,MARGIN CALL ($0)
6,91,0.0,29,0,29,1.0,-100.0,0.0,MARGIN CALL ($0)
6,92,0.0,26,1,25,1.0,-100.0,3.8461538461538463,MARGIN CALL ($0)
6,93,0.0,26,1,25,1.0,-100.0,3.8461538461538463,MARGIN CALL ($0)
6,94,0.0,26,1,25,1.0,-100.0,3.8461538461538463,MARGIN CALL ($0)
6,95,0.0,26,1,25,1.0,-100.0,3.8461538461538463,MARGIN CALL ($0)
77,92,0.0,97,16,81,1.0,-100.0,16.49484536082474,MARGIN CALL ($0)
77,93,0.0,97,16,81,1.0,-100.0,16.49484536082474,MARGIN CALL ($0)
77,94,0.0,96,16,80,1.0,-100.0,16.666666666666664,MARGIN CALL ($0)
77,95,0.0,100,16,84,1.0,-100.0,16.0,MARGIN CALL ($0)
77,96,0.0,429,55,374,1.0,-100.0,12.82051282051282,MARGIN CALL ($0)
77,97,0.0,416,50,366,1.0,-100.0,12.01923076923077,MARGIN CALL ($0)
77,98,0.0,405,50,355,1.0,-100.0,12.345679012345679,MARGIN CALL ($0)
6,96,0.0,25,1,24,1.0,-100.0,4.0,MARGIN CALL ($0)
6,97,0.0,25,1,24,1.0,-100.0,4.0,MARGIN CALL ($0)
78,1,0.0,83,12,71,1.0,-100.0,14.457831325301203,MARGIN CALL ($0)
78,2,0.0,44,4,40,1.0,-100.0,9.090909090909092,MARGIN CALL ($0)
78,3,0.0,43,5,38,1.0,-100.0,11.627906976744185,MARGIN CALL ($0)
78,4,0.0,35,4,31,1.0,-100.0,11.428571428571429,MARGIN CALL ($0)
78,5,0.0,83,14,69,1.0,-100.0,16.867469879518072,MARGIN CALL ($0)
78,6,0.0,98,23,75,1.0,-100.0,23.46938775510204,MARGIN CALL ($0)
78,7,0.0,143,38,105,1.0,-100.0,26.573426573426573,MARGIN CALL ($0)
78,8,0.0,65,11,54,1.0,-100.0,16.923076923076923,MARGIN CALL ($0)
78,9,0.0,35,4,31,1.0,-100.0,11.428571428571429,MARGIN CALL ($0)
78,10,0.0,34,3,31,1.0,-100.0,8.823529411764707,MARGIN CALL ($0)
78,11,0.0,32,3,29,1.0,-100.0,9.375,MARGIN CALL ($0)
78,12,0.0,1206,254,952,1.0,-100.0,21.06135986733002,MARGIN CALL ($0)
78,13,0.0,32,3,29,1.0,-100.0,9.375,MARGIN CALL ($0)
78,14,0.0,59,12,47,1.0,-100.0,20.33898305084746,MARGIN CALL ($0)
78,15,0.0,56,13,43,1.0,-100.0,23.214285714285715,MARGIN CALL ($0)
78,16,0.0,55,10,45,1.0,-100.0,18.181818181818183,MARGIN CALL ($0)
78,17,0.0,56,10,46,1.0,-100.0,17.857142857142858,MARGIN CALL ($0)
78,18,0.0,54,8,46,1.0,-100.0,14.814814814814813,MARGIN CALL ($0)
78,19,0.0,53,8,45,1.0,-100.0,15.09433962264151,MARGIN CALL ($0)
78,20,0.0,45,7,38,1.0,-100.0,15.555555555555555,MARGIN CALL ($0)
78,21,0.0,51,9,42,1.0,-100.0,17.647058823529413,MARGIN CALL ($0)
78,22,0.0,44,7,37,1.0,-100.0,15.909090909090908,MARGIN CALL ($0)
78,23,0.0,43,7,36,1.0,-100.0,16.27906976744186,MARGIN CALL ($0)
78,24,0.0,41,7,34,1.0,-100.0,17.073170731707318,MARGIN CALL ($0)
78,25,0.0,40,7,33,1.0,-100.0,17.5,MARGIN CALL ($0)
78,26,0.0,42,8,34,1.0,-100.0,19.047619047619047,MARGIN CALL ($0)
78,27,0.0,42,8,34,1.0,-100.0,19.047619047619047,MARGIN CALL ($0)
78,28,0.0,43,8,35,1.0,-100.0,18.6046511627907,MARGIN CALL ($0)
78,29,0.0,43,8,35,1.0,-100.0,18.6046511627907,MARGIN CALL ($0)
78,30,0.0,41,8,33,1.0,-100.0,19.51219512195122,MARGIN CALL ($0)
78,31,0.0,39,7,32,1.0,-100.0,17.94871794871795,MARGIN CALL ($0)
78,32,0.0,38,7,31,1.0,-100.0,18.421052631578945,MARGIN CALL ($0)
78,33,0.0,439,83,356,1.0,-100.0,18.906605922551254,MARGIN CALL ($0)
78,34,0.0,439,80,359,1.0,-100.0,18.223234624145785,MARGIN CALL ($0)
78,35,0.0,98,19,79,1.0,-100.0,19.387755102040817,MARGIN CALL ($0)
78,36,0.0,95,19,76,1.0,-100.0,20.0,MARGIN CALL ($0)
78,37,0.0,91,16,75,1.0,-100.0,17.582417582417584,MARGIN CALL ($0)
78,38,0.0,95,18,77,1.0,-100.0,18.947368421052634,MARGIN CALL ($0)
78,39,0.0,434,75,359,1.0,-100.0,17.28110599078341,MARGIN CALL ($0)
78,40,0.0,91,20,71,1.0,-100.0,21.978021978021978,MARGIN CALL ($0)
78,41,0.0,73,12,61,1.0,-100.0,16.43835616438356,MARGIN CALL ($0)
78,42,0.0,94,20,74,1.0,-100.0,21.27659574468085,MARGIN CALL ($0)
78,43,0.0,78,16,62,1.0,-100.0,20.51282051282051,MARGIN CALL ($0)
78,44,0.0,90,15,75,1.0,-100.0,16.666666666666664,MARGIN CALL ($0)
78,45,0.0,92,15,77,1.0,-100.0,16.304347826086957,MARGIN CALL ($0)
78,46,0.0,89,14,75,1.0,-100.0,15.730337078651685,MARGIN CALL ($0)
78,47,0.0,96,15,81,1.0,-100.0,15.625,MARGIN CALL ($0)
78,48,0.0,90,12,78,1.0,-100.0,13.333333333333334,MARGIN CALL ($0)
78,49,0.0,89,13,76,1.0,-100.0,14.606741573033707,MARGIN CALL ($0)
78,50,0.0,53,7,46,1.0,-100.0,13.20754716981132,MARGIN CALL ($0)
78,51,0.0,37,5,32,1.0,-100.0,13.513513513513514,MARGIN CALL ($0)
78,52,0.0,37,5,32,1.0,-100.0,13.513513513513514,MARGIN CALL ($0)
78,53,0.0,37,5,32,1.0,-100.0,13.513513513513514,MARGIN CALL ($0)
78,54,0.0,38,5,33,1.0,-100.0,13.157894736842104,MARGIN CALL ($0)
78,55,0.0,92,10,82,1.0,-100.0,10.869565217391305,MARGIN CALL ($0)
78,56,0.0,92,10,82,1.0,-100.0,10.869565217391305,MARGIN CALL ($0)
78,57,0.0,89,10,79,1.0,-100.0,11.235955056179774,MARGIN CALL ($0)
78,58,0.0,94,12,82,1.0,-100.0,12.76595744680851,MARGIN CALL ($0)
78,59,0.0,93,12,81,1.0,-100.0,12.903225806451612,MARGIN CALL ($0)
78,60,0.0,113,14,99,1.0,-100.0,12.389380530973451,MARGIN CALL ($0)
78,61,0.0,112,14,98,1.0,-100.0,12.5,MARGIN CALL ($0)
78,62,0.0,112,14,98,1.0,-100.0,12.5,MARGIN CALL ($0)
78,63,0.0,110,12,98,1.0,-100.0,10.909090909090908,MARGIN CALL ($0)
78,64,0.0,114,12,102,1.0,-100.0,10.526315789473683,MARGIN CALL ($0)
6,98,0.0,25,1,24,1.0,-100.0,4.0,MARGIN CALL ($0)
6,99,0.0,858,237,621,1.0,-100.0,27.62237762237762,MARGIN CALL ($0)
6,100,0.0,868,237,631,1.0,-100.0,27.30414746543779,MARGIN CALL ($0)
7,1,0.0,120,25,95,1.0,-100.0,20.833333333333336,MARGIN CALL ($0)
7,2,0.0,44,4,40,1.0,-100.0,9.090909090909092,MARGIN CALL ($0)
7,3,0.0,44,5,39,1.0,-100.0,11.363636363636363,MARGIN CALL ($0)
7,4,0.0,37,4,33,1.0,-100.0,10.81081081081081,MARGIN CALL ($0)
7,5,0.0,87,15,72,1.0,-100.0,17.24137931034483,MARGIN CALL ($0)
7,6,0.0,112,28,84,1.0,-100.0,25.0,MARGIN CALL ($0)
7,7,0.0,139,37,102,1.0,-100.0,26.618705035971225,MARGIN CALL ($0)
7,8,0.0,293,74,219,1.0,-100.0,25.25597269624573,MARGIN CALL ($0)
7,9,0.0,288,74,214,1.0,-100.0,25.694444444444443,MARGIN CALL ($0)
7,10,0.0,256,71,185,1.0,-100.0,27.734375,MARGIN CALL ($0)
7,11,0.0,158,43,115,1.0,-100.0,27.21518987341772,MARGIN CALL ($0)
7,12,0.0,40,7,33,1.0,-100.0,17.5,MARGIN CALL ($0)
7,13,0.0,41,7,34,1.0,-100.0,17.073170731707318,MARGIN CALL ($0)
7,14,0.0,62,12,50,1.0,-100.0,19.35483870967742,MARGIN CALL ($0)
7,15,0.0,62,12,50,1.0,-100.0,19.35483870967742,MARGIN CALL ($0)
7,16,0.0,66,13,53,1.0,-100.0,19.696969696969695,MARGIN CALL ($0)
78,84,0.0,331,39,292,1.0,-100.0,11.782477341389729,MARGIN CALL ($0)
78,85,0.0,344,41,303,1.0,-100.0,11.918604651162791,MARGIN CALL ($0)
78,86,0.0,467,52,415,1.0,-100.0,11.134903640256958,MARGIN CALL ($0)
7,17,0.0,65,13,52,1.0,-100.0,20.0,MARGIN CALL ($0)
7,18,0.0,82,18,64,1.0,-100.0,21.951219512195124,MARGIN CALL ($0)
7,19,0.0,70,12,58,1.0,-100.0,17.142857142857142,MARGIN CALL ($0)
7,20,0.0,68,11,57,1.0,-100.0,16.176470588235293,MARGIN CALL ($0)
7,21,0.0,74,13,61,1.0,-100.0,17.56756756756757,MARGIN CALL ($0)
7,22,0.0,70,13,57,1.0,-100.0,18.571428571428573,MARGIN CALL ($0)
78,93,0.0,500,59,441,1.0,-100.0,11.799999999999999,MARGIN CALL ($0)
78,94,0.0,94,16,78,1.0,-100.0,17.02127659574468,MARGIN CALL ($0)
78,95,0.0,99,16,83,1.0,-100.0,16.161616161616163,MARGIN CALL ($0)
78,96,0.0,399,45,354,1.0,-100.0,11.278195488721805,MARGIN CALL ($0)
78,97,0.0,105,18,87,1.0,-100.0,17.142857142857142,MARGIN CALL ($0)
78,98,0.0,396,46,350,1.0,-100.0,11.616161616161616,MARGIN CALL ($0)
78,99,0.0,528,58,470,1.0,-100.0,10.984848484848484,MARGIN CALL ($0)
78,100,0.0,548,64,484,1.0,-100.0,11.678832116788321,MARGIN CALL ($0)
79,1,0.0,91,14,77,1.0,-100.0,15.384615384615385,MARGIN CALL ($0)
79,2,0.0,44,4,40,1.0,-100.0,9.090909090909092,MARGIN CALL ($0)
79,3,0.0,43,5,38,1.0,-100.0,11.627906976744185,MARGIN CALL ($0)
79,4,0.0,35,4,31,1.0,-100.0,11.428571428571429,MARGIN CALL ($0)
79,5,0.0,84,14,70,1.0,-100.0,16.666666666666664,MARGIN CALL ($0)
79,6,0.0,98,23,75,1.0,-100.0,23.46938775510204,MARGIN CALL ($0)
79,7,0.0,144,38,106,1.0,-100.0,26.38888888888889,MARGIN CALL ($0)
79,8,0.0,65,11,54,1.0,-100.0,16.923076923076923,MARGIN CALL ($0)
79,9,0.0,35,4,31,1.0,-100.0,11.428571428571429,MARGIN CALL ($0)
79,10,0.0,34,3,31,1.0,-100.0,8.823529411764707,MARGIN CALL ($0)
79,11,0.0,32,3,29,1.0,-100.0,9.375,MARGIN CALL ($0)
79,12,0.0,1011,216,795,1.0,-100.0,21.364985163204746,MARGIN CALL ($0)
79,13,0.0,32,3,29,1.0,-100.0,9.375,MARGIN CALL ($0)
79,14,0.0,41,7,34,1.0,-100.0,17.073170731707318,MARGIN CALL ($0)
79,15,0.0,56,13,43,1.0,-100.0,23.214285714285715,MARGIN CALL ($0)
79,16,0.0,55,10,45,1.0,-100.0,18.181818181818183,MARGIN CALL ($0)
79,17,0.0,56,10,46,1.0,-100.0,17.857142857142858,MARGIN CALL ($0)
79,18,0.0,52,8,44,1.0,-100.0,15.384615384615385,MARGIN CALL ($0)
79,19,0.0,52,8,44,1.0,-100.0,15.384615384615385,MARGIN CALL ($0)
79,20,0.0,45,7,38,1.0,-100.0,15.555555555555555,MARGIN CALL ($0)
79,21,0.0,50,9,41,1.0,-100.0,18.0,MARGIN CALL ($0)
79,22,0.0,45,7,38,1.0,-100.0,15.555555555555555,MARGIN CALL ($0)
79,23,0.0,43,7,36,1.0,-100.0,16.27906976744186,MARGIN CALL ($0)
79,24,0.0,41,7,34,1.0,-100.0,17.073170731707318,MARGIN CALL ($0)
79,25,0.0,41,7,34,1.0,-100.0,17.073170731707318,MARGIN CALL ($0)
79,26,0.0,42,8,34,1.0,-100.0,19.047619047619047,MARGIN CALL ($0)
79,27,0.0,42,8,34,1.0,-100.0,19.047619047619047,MARGIN CALL ($0)
79,28,0.0,43,8,35,1.0,-100.0,18.6046511627907,MARGIN CALL ($0)
79,29,0.0,44,8,36,1.0,-100.0,18.181818181818183,MARGIN CALL ($0)
79,30,0.0,41,8,33,1.0,-100.0,19.51219512195122,MARGIN CALL ($0)
79,31,0.0,39,7,32,1.0,-100.0,17.94871794871795,MARGIN CALL ($0)
79,32,0.0,37,7,30,1.0,-100.0,18.91891891891892,MARGIN CALL ($0)
79,33,0.0,422,77,345,1.0,-100.0,18.246445497630333,MARGIN CALL ($0)
79,34,0.0,427,76,351,1.0,-100.0,17.798594847775178,MARGIN CALL ($0)
79,35,0.0,94,19,75,1.0,-100.0,20.212765957446805,MARGIN CALL ($0)
79,36,0.0,96,19,77,1.0,-100.0,19.791666666666664,MARGIN CALL ($0)
79,37,0.0,90,16,74,1.0,-100.0,17.77777777777778,MARGIN CALL ($0)
79,38,0.0,96,18,78,1.0,-100.0,18.75,MARGIN CALL ($0)
79,39,0.0,146,27,119,1.0,-100.0,18.493150684931507,MARGIN CALL ($0)
79,40,0.0,88,18,70,1.0,-100.0,20.454545454545457,MARGIN CALL ($0)
79,41,0.0,67,10,57,1.0,-100.0,14.925373134328357,MARGIN CALL ($0)
79,42,0.0,94,20,74,1.0,-100.0,21.27659574468085,MARGIN CALL ($0)
79,43,0.0,80,16,64,1.0,-100.0,20.0,MARGIN CALL ($0)
79,44,0.0,91,15,76,1.0,-100.0,16.483516483516482,MARGIN CALL ($0)
79,45,0.0,92,15,77,1.0,-100.0,16.304347826086957,MARGIN CALL ($0)
79,46,0.0,90,14,76,1.0,-100.0,15.555555555555555,MARGIN CALL ($0)
79,47,0.0,94,15,79,1.0,-100.0,15.957446808510639,MARGIN CALL ($0)
79,48,0.0,89,12,77,1.0,-100.0,13.48314606741573,MARGIN CALL ($0)
79,49,0.0,88,13,75,1.0,-100.0,14.772727272727273,MARGIN CALL ($0)
79,50,0.0,53,7,46,1.0,-100.0,13.20754716981132,MARGIN CALL ($0)
79,51,0.0,37,5,32,1.0,-100.0,13.513513513513514,MARGIN CALL ($0)
79,52,0.0,37,5,32,1.0,-100.0,13.513513513513514,MARGIN CALL ($0)
79,53,0.0,36,5,31,1.0,-100.0,13.88888888888889,MARGIN CALL ($0)
79,54,0.0,37,5,32,1.0,-100.0,13.513513513513514,MARGIN CALL ($0)
79,55,0.0,92,10,82,1.0,-100.0,10.869565217391305,MARGIN CALL ($0)
79,56,0.0,92,10,82,1.0,-100.0,10.869565217391305,MARGIN CALL ($0)
79,57,0.0,89,10,79,1.0,-100.0,11.235955056179774,MARGIN CALL ($0)
79,58,0.0,94,12,82,1.0,-100.0,12.76595744680851,MARGIN CALL ($0)
79,59,0.0,93,12,81,1.0,-100.0,12.903225806451612,MARGIN CALL ($0)
79,60,0.0,113,14,99,1.0,-100.0,12.389380530973451,MARGIN CALL ($0)
79,61,0.0,112,14,98,1.0,-100.0,12.5,MARGIN CALL ($0)
79,62,0.0,112,14,98,1.0,-100.0,12.5,MARGIN CALL ($0)
79,63,0.0,110,12,98,1.0,-100.0,10.909090909090908,MARGIN CALL ($0)
79,64,0.0,114,12,102,1.0,-100.0,10.526315789473683,MARGIN CALL ($0)
79,65,0.0,369,38,331,1.0,-100.0,10.29810298102981,MARGIN CALL ($0)
7,23,0.0,70,13,57,1.0,-100.0,18.571428571428573,MARGIN CALL ($0)
7,24,0.0,70,13,57,1.0,-100.0,18.571428571428573,MARGIN CALL ($0)
7,25,0.0,67,12,55,1.0,-100.0,17.91044776119403,MARGIN CALL ($0)
7,26,0.0,32,2,30,1.0,-100.0,6.25,MARGIN CALL ($0)
7,27,0.0,32,2,30,1.0,-100.0,6.25,MARGIN CALL ($0)
7,28,0.0,33,2,31,1.0,-100.0,6.0606060606060606,MARGIN CALL ($0)
7,29,0.0,33,2,31,1.0,-100.0,6.0606060606060606,MARGIN CALL ($0)
7,30,0.0,71,14,57,1.0,-100.0,19.718309859154928,MARGIN CALL ($0)
7,31,0.0,69,14,55,1.0,-100.0,20.28985507246377,MARGIN CALL ($0)
7,32,0.0,69,14,55,1.0,-100.0,20.28985507246377,MARGIN CALL ($0)
7,33,0.0,67,14,53,1.0,-100.0,20.8955223880597,MARGIN CALL ($0)
7,34,0.0,66,14,52,1.0,-100.0,21.21212121212121,MARGIN CALL ($0)
7,35,0.0,64,14,50,1.0,-100.0,21.875,MARGIN CALL ($0)
7,36,0.0,65,14,51,1.0,-100.0,21.53846153846154,MARGIN CALL ($0)
7,37,0.0,56,12,44,1.0,-100.0,21.428571428571427,MARGIN CALL ($0)
7,38,0.0,57,12,45,1.0,-100.0,21.052631578947366,MARGIN CALL ($0)
7,39,0.0,70,15,55,1.0,-100.0,21.428571428571427,MARGIN CALL ($0)
7,40,0.0,70,15,55,1.0,-100.0,21.428571428571427,MARGIN CALL ($0)
79,84,0.0,517,57,460,1.0,-100.0,11.02514506769826,MARGIN CALL ($0)
79,85,0.0,537,61,476,1.0,-100.0,11.359404096834265,MARGIN CALL ($0)
7,41,0.0,69,15,54,1.0,-100.0,21.73913043478261,MARGIN CALL ($0)
7,42,0.0,70,15,55,1.0,-100.0,21.428571428571427,MARGIN CALL ($0)
7,43,0.0,72,17,55,1.0,-100.0,23.61111111111111,MARGIN CALL ($0)
7,44,0.0,70,15,55,1.0,-100.0,21.428571428571427,MARGIN CALL ($0)
79,90,0.0,82,13,69,1.0,-100.0,15.853658536585366,MARGIN CALL ($0)
7,45,0.0,70,15,55,1.0,-100.0,21.428571428571427,MARGIN CALL ($0)
7,46,0.0,70,15,55,1.0,-100.0,21.428571428571427,MARGIN CALL ($0)
79,93,0.0,500,58,442,1.0,-100.0,11.600000000000001,MARGIN CALL ($0)
79,94,0.0,89,15,74,1.0,-100.0,16.853932584269664,MARGIN CALL ($0)
79,95,0.0,93,15,78,1.0,-100.0,16.129032258064516,MARGIN CALL ($0)
79,96,0.0,393,44,349,1.0,-100.0,11.195928753180661,MARGIN CALL ($0)
79,97,0.0,438,48,390,1.0,-100.0,10.95890410958904,MARGIN CALL ($0)
79,98,0.0,404,47,357,1.0,-100.0,11.633663366336634,MARGIN CALL ($0)
79,99,0.0,539,59,480,1.0,-100.0,10.946196660482375,MARGIN CALL ($0)
79,100,0.0,556,66,490,1.0,-100.0,11.870503597122301,MARGIN CALL ($0)
80,1,0.0,91,14,77,1.0,-100.0,15.384615384615385,MARGIN CALL ($0)
80,2,0.0,44,4,40,1.0,-100.0,9.090909090909092,MARGIN CALL ($0)
80,3,0.0,43,5,38,1.0,-100.0,11.627906976744185,MARGIN CALL ($0)
80,4,0.0,35,4,31,1.0,-100.0,11.428571428571429,MARGIN CALL ($0)
80,5,0.0,83,14,69,1.0,-100.0,16.867469879518072,MARGIN CALL ($0)
80,6,0.0,98,23,75,1.0,-100.0,23.46938775510204,MARGIN CALL ($0)
80,7,0.0,143,38,105,1.0,-100.0,26.573426573426573,MARGIN CALL ($0)
80,8,0.0,65,11,54,1.0,-100.0,16.923076923076923,MARGIN CALL ($0)
80,9,0.0,35,4,31,1.0,-100.0,11.428571428571429,MARGIN CALL ($0)
80,10,0.0,34,3,31,1.0,-100.0,8.823529411764707,MARGIN CALL ($0)
80,11,0.0,32,3,29,1.0,-100.0,9.375,MARGIN CALL ($0)
80,12,0.0,1009,215,794,1.0,-100.0,21.308225966303272,MARGIN CALL ($0)
80,13,0.0,32,3,29,1.0,-100.0,9.375,MARGIN CALL ($0)
80,14,0.0,41,7,34,1.0,-100.0,17.073170731707318,MARGIN CALL ($0)
80,15,0.0,56,13,43,1.0,-100.0,23.214285714285715,MARGIN CALL ($0)
80,16,0.0,55,10,45,1.0,-100.0,18.181818181818183,MARGIN CALL ($0)
80,17,0.0,56,10,46,1.0,-100.0,17.857142857142858,MARGIN CALL ($0)
80,18,0.0,52,8,44,1.0,-100.0,15.384615384615385,MARGIN CALL ($0)
80,19,0.0,53,8,45,1.0,-100.0,15.09433962264151,MARGIN CALL ($0)
80,20,0.0,45,7,38,1.0,-100.0,15.555555555555555,MARGIN CALL ($0)
80,21,0.0,51,9,42,1.0,-100.0,17.647058823529413,MARGIN CALL ($0)
80,22,0.0,44,7,37,1.0,-100.0,15.909090909090908,MARGIN CALL ($0)
80,23,0.0,42,7,35,1.0,-100.0,16.666666666666664,MARGIN CALL ($0)
80,24,0.0,41,7,34,1.0,-100.0,17.073170731707318,MARGIN CALL ($0)
80,25,0.0,41,7,34,1.0,-100.0,17.073170731707318,MARGIN CALL ($0)
80,26,0.0,42,8,34,1.0,-100.0,19.047619047619047,MARGIN CALL ($0)
80,27,0.0,42,8,34,1.0,-100.0,19.047619047619047,MARGIN CALL ($0)
80,28,0.0,43,8,35,1.0,-100.0,18.6046511627907,MARGIN CALL ($0)
80,29,0.0,44,8,36,1.0,-100.0,18.181818181818183,MARGIN CALL ($0)
80,30,0.0,41,8,33,1.0,-100.0,19.51219512195122,MARGIN CALL ($0)
80,31,0.0,39,7,32,1.0,-100.0,17.94871794871795,MARGIN CALL ($0)
80,32,0.0,37,7,30,1.0,-100.0,18.91891891891892,MARGIN CALL ($0)
80,33,0.0,435,81,354,1.0,-100.0,18.620689655172416,MARGIN CALL ($0)
80,34,0.0,470,82,388,1.0,-100.0,17.4468085106383,MARGIN CALL ($0)
80,35,0.0,98,19,79,1.0,-100.0,19.387755102040817,MARGIN CALL ($0)
80,36,0.0,94,19,75,1.0,-100.0,20.212765957446805,MARGIN CALL ($0)
80,37,0.0,92,16,76,1.0,-100.0,17.391304347826086,MARGIN CALL ($0)
80,38,0.0,97,18,79,1.0,-100.0,18.556701030927837,MARGIN CALL ($0)
80,39,0.0,147,27,120,1.0,-100.0,18.367346938775512,MARGIN CALL ($0)
80,40,0.0,90,19,71,1.0,-100.0,21.11111111111111,MARGIN CALL ($0)
80,41,0.0,74,12,62,1.0,-100.0,16.216216216216218,MARGIN CALL ($0)
80,42,0.0,96,20,76,1.0,-100.0,20.833333333333336,MARGIN CALL ($0)
80,43,0.0,79,16,63,1.0,-100.0,20.253164556962027,MARGIN CALL ($0)
80,44,0.0,91,15,76,1.0,-100.0,16.483516483516482,MARGIN CALL ($0)
80,45,0.0,94,15,79,1.0,-100.0,15.957446808510639,MARGIN CALL ($0)
80,46,0.0,91,14,77,1.0,-100.0,15.384615384615385,MARGIN CALL ($0)
80,47,0.0,95,15,80,1.0,-100.0,15.789473684210526,MARGIN CALL ($0)
80,48,0.0,92,12,80,1.0,-100.0,13.043478260869565,MARGIN CALL ($0)
80,49,0.0,91,13,78,1.0,-100.0,14.285714285714285,MARGIN CALL ($0)
80,50,0.0,53,7,46,1.0,-100.0,13.20754716981132,MARGIN CALL ($0)
80,51,0.0,62,7,55,1.0,-100.0,11.29032258064516,MARGIN CALL ($0)
80,52,0.0,37,5,32,1.0,-100.0,13.513513513513514,MARGIN CALL ($0)
80,53,0.0,36,5,31,1.0,-100.0,13.88888888888889,MARGIN CALL ($0)
80,54,0.0,37,5,32,1.0,-100.0,13.513513513513514,MARGIN CALL ($0)
80,55,0.0,92,10,82,1.0,-100.0,10.869565217391305,MARGIN CALL ($0)
80,56,0.0,92,10,82,1.0,-100.0,10.869565217391305,MARGIN CALL ($0)
80,57,0.0,90,10,80,1.0,-100.0,11.11111111111111,MARGIN CALL ($0)
80,58,0.0,94,12,82,1.0,-100.0,12.76595744680851,MARGIN CALL ($0)
80,59,0.0,95,12,83,1.0,-100.0,12.631578947368421,MARGIN CALL ($0)
80,60,0.0,113,14,99,1.0,-100.0,12.389380530973451,MARGIN CALL ($0)
80,61,0.0,112,14,98,1.0,-100.0,12.5,MARGIN CALL ($0)
80,62,0.0,112,14,98,1.0,-100.0,12.5,MARGIN CALL ($0)
80,63,0.0,110,12,98,1.0,-100.0,10.909090909090908,MARGIN CALL ($0)
80,64,0.0,114,12,102,1.0,-100.0,10.526315789473683,MARGIN CALL ($0)
80,65,0.0,115,17,98,1.0,-100.0,14.782608695652174,MARGIN CALL ($0)
7,47,0.0,68,15,53,1.0,-100.0,22.058823529411764,MARGIN CALL ($0)
7,48,0.0,69,15,54,1.0,-100.0,21.73913043478261,MARGIN CALL ($0)
7,49,0.0,68,16,52,1.0,-100.0,23.52941176470588,MARGIN CALL ($0)
7,50,0.0,67,16,51,1.0,-100.0,23.88059701492537,MARGIN CALL ($0)
7,51,0.0,65,13,52,1.0,-100.0,20.0,MARGIN CALL ($0)
7,52,0.0,64,13,51,1.0,-100.0,20.3125,MARGIN CALL ($0)
7,53,0.0,62,13,49,1.0,-100.0,20.967741935483872,MARGIN CALL ($0)
7,54,0.0,68,15,53,1.0,-100.0,22.058823529411764,MARGIN CALL ($0)
7,55,0.0,68,15,53,1.0,-100.0,22.058823529411764,MARGIN CALL ($0)
7,56,0.0,66,15,51,1.0,-100.0,22.727272727272727,MARGIN CALL ($0)
7,57,0.0,31,2,29,1.0,-100.0,6.451612903225806,MARGIN CALL ($0)
7,58,0.0,32,3,29,1.0,-100.0,9.375,MARGIN CALL ($0)
7,59,0.0,32,3,29,1.0,-100.0,9.375,MARGIN CALL ($0)
7,60,0.0,32,3,29,1.0,-100.0,9.375,MARGIN CALL ($0)
7,61,0.0,30,2,28,1.0,-100.0,6.666666666666667,MARGIN CALL ($0)
7,62,0.0,30,2,28,1.0,-100.0,6.666666666666667,MARGIN CALL ($0)
7,63,0.0,30,2,28,1.0,-100.0,6.666666666666667,MARGIN CALL ($0)
7,64,0.0,30,2,28,1.0,-100.0,6.666666666666667,MARGIN CALL ($0)
80,84,0.0,404,45,359,1.0,-100.0,11.138613861386139,MARGIN CALL ($0)
80,85,0.0,418,48,370,1.0,-100.0,11.483253588516746,MARGIN CALL ($0)
7,65,0.0,29,2,27,1.0,-100.0,6.896551724137931,MARGIN CALL ($0)
7,66,0.0,29,2,27,1.0,-100.0,6.896551724137931,MARGIN CALL ($0)
7,67,0.0,29,2,27,1.0,-100.0,6.896551724137931,MARGIN CALL ($0)
7,68,0.0,29,2,27,1.0,-100.0,6.896551724137931,MARGIN CALL ($0)
80,90,0.0,81,13,68,1.0,-100.0,16.049382716049383,MARGIN CALL ($0)
7,69,0.0,30,2,28,1.0,-100.0,6.666666666666667,MARGIN CALL ($0)
7,70,0.0,29,2,27,1.0,-100.0,6.896551724137931,MARGIN CALL ($0)
80,93,0.0,488,56,432,1.0,-100.0,11.475409836065573,MARGIN CALL ($0)
80,94,0.0,89,15,74,1.0,-100.0,16.853932584269664,MARGIN CALL ($0)
80,95,0.0,93,15,78,1.0,-100.0,16.129032258064516,MARGIN CALL ($0)
80,96,0.0,100,18,82,1.0,-100.0,18.0,MARGIN CALL ($0)
80,97,0.0,391,42,349,1.0,-100.0,10.741687979539643,MARGIN CALL ($0)
80,98,0.0,386,44,342,1.0,-100.0,11.398963730569948,MARGIN CALL ($0)
80,99,0.0,506,56,450,1.0,-100.0,11.067193675889328,MARGIN CALL ($0)
80,100,0.0,534,62,472,1.0,-100.0,11.610486891385769,MARGIN CALL ($0)
81,1,0.0,91,14,77,1.0,-100.0,15.384615384615385,MARGIN CALL ($0)
81,2,0.0,44,4,40,1.0,-100.0,9.090909090909092,MARGIN CALL ($0)
81,3,0.0,43,5,38,1.0,-100.0,11.627906976744185,MARGIN CALL ($0)
81,4,0.0,35,4,31,1.0,-100.0,11.428571428571429,MARGIN CALL ($0)
81,5,0.0,83,14,69,1.0,-100.0,16.867469879518072,MARGIN CALL ($0)
81,6,0.0,98,23,75,1.0,-100.0,23.46938775510204,MARGIN CALL ($0)
81,7,0.0,143,38,105,1.0,-100.0,26.573426573426573,MARGIN CALL ($0)
81,8,0.0,65,11,54,1.0,-100.0,16.923076923076923,MARGIN CALL ($0)
81,9,0.0,35,4,31,1.0,-100.0,11.428571428571429,MARGIN CALL ($0)
81,10,0.0,34,3,31,1.0,-100.0,8.823529411764707,MARGIN CALL ($0)
81,11,0.0,32,3,29,1.0,-100.0,9.375,MARGIN CALL ($0)
81,12,0.0,1012,216,796,1.0,-100.0,21.34387351778656,MARGIN CALL ($0)
81,13,0.0,32,3,29,1.0,-100.0,9.375,MARGIN CALL ($0)
81,14,0.0,41,7,34,1.0,-100.0,17.073170731707318,MARGIN CALL ($0)
81,15,0.0,56,13,43,1.0,-100.0,23.214285714285715,MARGIN CALL ($0)
81,16,0.0,54,10,44,1.0,-100.0,18.51851851851852,MARGIN CALL ($0)
81,17,0.0,56,10,46,1.0,-100.0,17.857142857142858,MARGIN CALL ($0)
81,18,0.0,52,8,44,1.0,-100.0,15.384615384615385,MARGIN CALL ($0)
81,19,0.0,53,8,45,1.0,-100.0,15.09433962264151,MARGIN CALL ($0)
81,20,0.0,45,7,38,1.0,-100.0,15.555555555555555,MARGIN CALL ($0)
81,21,0.0,51,9,42,1.0,-100.0,17.647058823529413,MARGIN CALL ($0)
81,22,0.0,44,7,37,1.0,-100.0,15.909090909090908,MARGIN CALL ($0)
81,23,0.0,42,7,35,1.0,-100.0,16.666666666666664,MARGIN CALL ($0)
81,24,0.0,41,7,34,1.0,-100.0,17.073170731707318,MARGIN CALL ($0)
81,25,0.0,41,7,34,1.0,-100.0,17.073170731707318,MARGIN CALL ($0)
81,26,0.0,42,8,34,1.0,-100.0,19.047619047619047,MARGIN CALL ($0)
81,27,0.0,42,8,34,1.0,-100.0,19.047619047619047,MARGIN CALL ($0)
81,28,0.0,43,8,35,1.0,-100.0,18.6046511627907,MARGIN CALL ($0)
81,29,0.0,44,8,36,1.0,-100.0,18.181818181818183,MARGIN CALL ($0)
81,30,0.0,41,8,33,1.0,-100.0,19.51219512195122,MARGIN CALL ($0)
81,31,0.0,39,7,32,1.0,-100.0,17.94871794871795,MARGIN CALL ($0)
81,32,0.0,37,7,30,1.0,-100.0,18.91891891891892,MARGIN CALL ($0)
81,33,0.0,431,81,350,1.0,-100.0,18.793503480278424,MARGIN CALL ($0)
81,34,0.0,462,84,378,1.0,-100.0,18.181818181818183,MARGIN CALL ($0)
81,35,0.0,99,20,79,1.0,-100.0,20.2020202020202,MARGIN CALL ($0)
81,36,0.0,96,20,76,1.0,-100.0,20.833333333333336,MARGIN CALL ($0)
81,37,0.0,93,17,76,1.0,-100.0,18.27956989247312,MARGIN CALL ($0)
81,38,0.0,98,19,79,1.0,-100.0,19.387755102040817,MARGIN CALL ($0)
81,39,0.0,148,28,120,1.0,-100.0,18.91891891891892,MARGIN CALL ($0)
81,40,0.0,91,20,71,1.0,-100.0,21.978021978021978,MARGIN CALL ($0)
81,41,0.0,75,13,62,1.0,-100.0,17.333333333333336,MARGIN CALL ($0)
81,42,0.0,97,21,76,1.0,-100.0,21.649484536082475,MARGIN CALL ($0)
81,43,0.0,82,17,65,1.0,-100.0,20.73170731707317,MARGIN CALL ($0)
81,44,0.0,93,16,77,1.0,-100.0,17.20430107526882,MARGIN CALL ($0)
81,45,0.0,96,16,80,1.0,-100.0,16.666666666666664,MARGIN CALL ($0)
81,46,0.0,91,15,76,1.0,-100.0,16.483516483516482,MARGIN CALL ($0)
81,47,0.0,97,16,81,1.0,-100.0,16.49484536082474,MARGIN CALL ($0)
81,48,0.0,78,13,65,1.0,-100.0,16.666666666666664,MARGIN CALL ($0)
81,49,0.0,77,13,64,1.0,-100.0,16.883116883116884,MARGIN CALL ($0)
81,50,0.0,41,6,35,1.0,-100.0,14.634146341463413,MARGIN CALL ($0)
81,51,0.0,49,6,43,1.0,-100.0,12.244897959183673,MARGIN CALL ($0)
81,52,0.0,37,5,32,1.0,-100.0,13.513513513513514,MARGIN CALL ($0)
81,53,0.0,36,5,31,1.0,-100.0,13.88888888888889,MARGIN CALL ($0)
81,54,0.0,37,5,32,1.0,-100.0,13.513513513513514,MARGIN CALL ($0)
81,55,0.0,80,11,69,1.0,-100.0,13.750000000000002,MARGIN CALL ($0)
81,56,0.0,79,11,68,1.0,-100.0,13.924050632911392,MARGIN CALL ($0)
81,57,0.0,77,11,66,1.0,-100.0,14.285714285714285,MARGIN CALL ($0)
81,58,0.0,79,11,68,1.0,-100.0,13.924050632911392,MARGIN CALL ($0)
81,59,0.0,79,11,68,1.0,-100.0,13.924050632911392,MARGIN CALL ($0)
81,60,0.0,96,13,83,1.0,-100.0,13.541666666666666,MARGIN CALL ($0)
81,61,0.0,107,15,92,1.0,-100.0,14.018691588785046,MARGIN CALL ($0)
81,62,0.0,113,15,98,1.0,-100.0,13.274336283185843,MARGIN CALL ($0)
81,63,0.0,111,13,98,1.0,-100.0,11.711711711711711,MARGIN CALL ($0)
81,64,0.0,115,13,102,1.0,-100.0,11.304347826086957,MARGIN CALL ($0)
81,65,0.0,111,13,98,1.0,-100.0,11.711711711711711,MARGIN CALL ($0)
81,66,0.0,117,14,103,1.0,-100.0,11.965811965811966,MARGIN CALL ($0)
7,71,0.0,29,2,27,1.0,-100.0,6.896551724137931,MARGIN CALL ($0)
7,72,0.0,30,2,28,1.0,-100.0,6.666666666666667,MARGIN CALL ($0)
7,73,0.0,29,2,27,1.0,-100.0,6.896551724137931,MARGIN CALL ($0)
7,74,0.0,29,2,27,1.0,-100.0,6.896551724137931,MARGIN CALL ($0)
7,75,0.0,29,2,27,1.0,-100.0,6.896551724137931,MARGIN CALL ($0)
7,76,0.0,31,2,29,1.0,-100.0,6.451612903225806,MARGIN CALL ($0)
7,77,0.0,31,2,29,1.0,-100.0,6.451612903225806,MARGIN CALL ($0)
7,78,0.0,31,2,29,1.0,-100.0,6.451612903225806,MARGIN CALL ($0)
7,79,0.0,32,1,31,1.0,-100.0,3.125,MARGIN CALL ($0)
7,80,0.0,31,1,30,1.0,-100.0,3.225806451612903,MARGIN CALL ($0)
7,81,0.0,31,1,30,1.0,-100.0,3.225806451612903,MARGIN CALL ($0)
7,82,0.0,31,1,30,1.0,-100.0,3.225806451612903,MARGIN CALL ($0)
7,83,0.0,30,1,29,1.0,-100.0,3.3333333333333335,MARGIN CALL ($0)
7,84,0.0,30,1,29,1.0,-100.0,3.3333333333333335,MARGIN CALL ($0)
81,81,0.0,66,9,57,1.0,-100.0,13.636363636363635,MARGIN CALL ($0)
81,82,0.0,66,9,57,1.0,-100.0,13.636363636363635,MARGIN CALL ($0)
81,83,0.0,69,9,60,1.0,-100.0,13.043478260869565,MARGIN CALL ($0)
81,84,0.0,70,9,61,1.0,-100.0,12.857142857142856,MARGIN CALL ($0)
81,85,0.0,71,9,62,1.0,-100.0,12.676056338028168,MARGIN CALL ($0)
81,86,0.0,68,9,59,1.0,-100.0,13.23529411764706,MARGIN CALL ($0)
81,87,0.0,71,9,62,1.0,-100.0,12.676056338028168,MARGIN CALL ($0)
81,88,0.0,69,9,60,1.0,-100.0,13.043478260869565,MARGIN CALL ($0)
81,89,0.0,70,9,61,1.0,-100.0,12.857142857142856,MARGIN CALL ($0)
81,90,0.0,68,10,58,1.0,-100.0,14.705882352941178,MARGIN CALL ($0)
81,91,0.0,71,10,61,1.0,-100.0,14.084507042253522,MARGIN CALL ($0)
81,92,0.0,72,10,62,1.0,-100.0,13.88888888888889,MARGIN CALL ($0)
81,93,0.0,72,11,61,1.0,-100.0,15.277777777777779,MARGIN CALL ($0)
81,94,0.0,71,11,60,1.0,-100.0,15.492957746478872,MARGIN CALL ($0)
81,95,0.0,75,11,64,1.0,-100.0,14.666666666666666,MARGIN CALL ($0)
81,96,0.0,86,15,71,1.0,-100.0,17.441860465116278,MARGIN CALL ($0)
81,97,0.0,83,13,70,1.0,-100.0,15.66265060240964,MARGIN CALL ($0)
81,98,0.0,96,18,78,1.0,-100.0,18.75,MARGIN CALL ($0)
81,99,0.0,496,47,449,1.0,-100.0,9.475806451612904,MARGIN CALL ($0)
81,100,0.0,525,52,473,1.0,-100.0,9.904761904761905,MARGIN CALL ($0)
82,1,0.0,91,14,77,1.0,-100.0,15.384615384615385,MARGIN CALL ($0)
82,2,0.0,44,4,40,1.0,-100.0,9.090909090909092,MARGIN CALL ($0)
82,3,0.0,43,5,38,1.0,-100.0,11.627906976744185,MARGIN CALL ($0)
82,4,0.0,35,4,31,1.0,-100.0,11.428571428571429,MARGIN CALL ($0)
82,5,0.0,83,14,69,1.0,-100.0,16.867469879518072,MARGIN CALL ($0)
82,6,0.0,98,23,75,1.0,-100.0,23.46938775510204,MARGIN CALL ($0)
82,7,0.0,142,38,104,1.0,-100.0,26.76056338028169,MARGIN CALL ($0)
82,8,0.0,65,11,54,1.0,-100.0,16.923076923076923,MARGIN CALL ($0)
82,9,0.0,35,4,31,1.0,-100.0,11.428571428571429,MARGIN CALL ($0)
82,10,0.0,34,3,31,1.0,-100.0,8.823529411764707,MARGIN CALL ($0)
82,11,0.0,32,3,29,1.0,-100.0,9.375,MARGIN CALL ($0)
82,12,0.0,1018,216,802,1.0,-100.0,21.218074656188605,MARGIN CALL ($0)
82,13,0.0,32,3,29,1.0,-100.0,9.375,MARGIN CALL ($0)
82,14,0.0,58,12,46,1.0,-100.0,20.689655172413794,MARGIN CALL ($0)
82,15,0.0,57,13,44,1.0,-100.0,22.807017543859647,MARGIN CALL ($0)
82,16,0.0,54,10,44,1.0,-100.0,18.51851851851852,MARGIN CALL ($0)
82,17,0.0,56,10,46,1.0,-100.0,17.857142857142858,MARGIN CALL ($0)
82,18,0.0,54,8,46,1.0,-100.0,14.814814814814813,MARGIN CALL ($0)
82,19,0.0,52,8,44,1.0,-100.0,15.384615384615385,MARGIN CALL ($0)
82,20,0.0,46,7,39,1.0,-100.0,15.217391304347828,MARGIN CALL ($0)
82,21,0.0,51,9,42,1.0,-100.0,17.647058823529413,MARGIN CALL ($0)
82,22,0.0,44,7,37,1.0,-100.0,15.909090909090908,MARGIN CALL ($0)
82,23,0.0,43,7,36,1.0,-100.0,16.27906976744186,MARGIN CALL ($0)
82,24,0.0,42,7,35,1.0,-100.0,16.666666666666664,MARGIN CALL ($0)
82,25,0.0,41,7,34,1.0,-100.0,17.073170731707318,MARGIN CALL ($0)
82,26,0.0,43,8,35,1.0,-100.0,18.6046511627907,MARGIN CALL ($0)
82,27,0.0,42,8,34,1.0,-100.0,19.047619047619047,MARGIN CALL ($0)
82,28,0.0,43,8,35,1.0,-100.0,18.6046511627907,MARGIN CALL ($0)
82,29,0.0,43,8,35,1.0,-100.0,18.6046511627907,MARGIN CALL ($0)
82,30,0.0,42,8,34,1.0,-100.0,19.047619047619047,MARGIN CALL ($0)
82,31,0.0,40,7,33,1.0,-100.0,17.5,MARGIN CALL ($0)
82,32,0.0,38,7,31,1.0,-100.0,18.421052631578945,MARGIN CALL ($0)
82,33,0.0,439,83,356,1.0,-100.0,18.906605922551254,MARGIN CALL ($0)
82,34,0.0,468,84,384,1.0,-100.0,17.94871794871795,MARGIN CALL ($0)
82,35,0.0,99,19,80,1.0,-100.0,19.19191919191919,MARGIN CALL ($0)
82,36,0.0,96,19,77,1.0,-100.0,19.791666666666664,MARGIN CALL ($0)
82,37,0.0,93,16,77,1.0,-100.0,17.20430107526882,MARGIN CALL ($0)
82,38,0.0,98,18,80,1.0,-100.0,18.367346938775512,MARGIN CALL ($0)
7,85,0.0,30,1,29,1.0,-100.0,3.3333333333333335,MARGIN CALL ($0)
82,40,0.0,89,18,71,1.0,-100.0,20.224719101123593,MARGIN CALL ($0)
82,41,0.0,69,10,59,1.0,-100.0,14.492753623188406,MARGIN CALL ($0)
82,42,0.0,95,20,75,1.0,-100.0,21.052631578947366,MARGIN CALL ($0)
82,43,0.0,82,17,65,1.0,-100.0,20.73170731707317,MARGIN CALL ($0)
82,44,0.0,93,16,77,1.0,-100.0,17.20430107526882,MARGIN CALL ($0)
82,45,0.0,95,16,79,1.0,-100.0,16.842105263157894,MARGIN CALL ($0)
82,46,0.0,92,15,77,1.0,-100.0,16.304347826086957,MARGIN CALL ($0)
82,47,0.0,97,16,81,1.0,-100.0,16.49484536082474,MARGIN CALL ($0)
82,48,0.0,78,13,65,1.0,-100.0,16.666666666666664,MARGIN CALL ($0)
82,49,0.0,77,13,64,1.0,-100.0,16.883116883116884,MARGIN CALL ($0)
82,50,0.0,41,6,35,1.0,-100.0,14.634146341463413,MARGIN CALL ($0)
82,51,0.0,49,6,43,1.0,-100.0,12.244897959183673,MARGIN CALL ($0)
82,52,0.0,37,5,32,1.0,-100.0,13.513513513513514,MARGIN CALL ($0)
82,53,0.0,36,5,31,1.0,-100.0,13.88888888888889,MARGIN CALL ($0)
82,54,0.0,37,5,32,1.0,-100.0,13.513513513513514,MARGIN CALL ($0)
82,55,0.0,80,11,69,1.0,-100.0,13.750000000000002,MARGIN CALL ($0)
82,56,0.0,79,11,68,1.0,-100.0,13.924050632911392,MARGIN CALL ($0)
82,57,0.0,77,11,66,1.0,-100.0,14.285714285714285,MARGIN CALL ($0)
82,58,0.0,79,11,68,1.0,-100.0,13.924050632911392,MARGIN CALL ($0)
82,59,0.0,79,11,68,1.0,-100.0,13.924050632911392,MARGIN CALL ($0)
82,60,0.0,108,16,92,1.0,-100.0,14.814814814814813,MARGIN CALL ($0)
82,61,0.0,108,16,92,1.0,-100.0,14.814814814814813,MARGIN CALL ($0)
82,62,0.0,113,16,97,1.0,-100.0,14.15929203539823,MARGIN CALL ($0)
82,63,0.0,112,13,99,1.0,-100.0,11.607142857142858,MARGIN CALL ($0)
82,64,0.0,116,14,102,1.0,-100.0,12.068965517241379,MARGIN CALL ($0)
82,65,0.0,113,15,98,1.0,-100.0,13.274336283185843,MARGIN CALL ($0)
7,86,0.0,30,1,29,1.0,-100.0,3.3333333333333335,MARGIN CALL ($0)
7,87,0.0,30,1,29,1.0,-100.0,3.3333333333333335,MARGIN CALL ($0)
7,88,0.0,28,0,28,1.0,-100.0,0.0,MARGIN CALL ($0)
7,89,0.0,28,0,28,1.0,-100.0,0.0,MARGIN CALL ($0)
7,90,0.0,28,0,28,1.0,-100.0,0.0,MARGIN CALL ($0)
7,91,0.0,28,0,28,1.0,-100.0,0.0,MARGIN CALL ($0)
7,92,0.0,25,1,24,1.0,-100.0,4.0,MARGIN CALL ($0)
7,93,0.0,25,1,24,1.0,-100.0,4.0,MARGIN CALL ($0)
7,94,0.0,25,1,24,1.0,-100.0,4.0,MARGIN CALL ($0)
7,95,0.0,25,1,24,1.0,-100.0,4.0,MARGIN CALL ($0)
7,96,0.0,24,1,23,1.0,-100.0,4.166666666666666,MARGIN CALL ($0)
7,97,0.0,24,1,23,1.0,-100.0,4.166666666666666,MARGIN CALL ($0)
7,98,0.0,24,1,23,1.0,-100.0,4.166666666666666,MARGIN CALL ($0)
7,99,0.0,607,161,446,1.0,-100.0,26.523887973640857,MARGIN CALL ($0)
7,100,0.0,611,163,448,1.0,-100.0,26.677577741407525,MARGIN CALL ($0)
82,81,0.0,66,9,57,1.0,-100.0,13.636363636363635,MARGIN CALL ($0)
82,82,0.0,50,6,44,1.0,-100.0,12.0,MARGIN CALL ($0)
82,83,0.0,52,6,46,1.0,-100.0,11.538461538461538,MARGIN CALL ($0)
82,84,0.0,52,6,46,1.0,-100.0,11.538461538461538,MARGIN CALL ($0)
82,85,0.0,52,6,46,1.0,-100.0,11.538461538461538,MARGIN CALL ($0)
82,86,0.0,52,6,46,1.0,-100.0,11.538461538461538,MARGIN CALL ($0)
82,87,0.0,52,6,46,1.0,-100.0,11.538461538461538,MARGIN CALL ($0)
82,88,0.0,53,6,47,1.0,-100.0,11.320754716981133,MARGIN CALL ($0)
82,89,0.0,53,6,47,1.0,-100.0,11.320754716981133,MARGIN CALL ($0)
82,90,0.0,53,7,46,1.0,-100.0,13.20754716981132,MARGIN CALL ($0)
82,91,0.0,52,7,45,1.0,-100.0,13.461538461538462,MARGIN CALL ($0)
82,92,0.0,53,7,46,1.0,-100.0,13.20754716981132,MARGIN CALL ($0)
82,93,0.0,53,8,45,1.0,-100.0,15.09433962264151,MARGIN CALL ($0)
82,94,0.0,53,8,45,1.0,-100.0,15.09433962264151,MARGIN CALL ($0)
82,95,0.0,53,8,45,1.0,-100.0,15.09433962264151,MARGIN CALL ($0)
82,96,0.0,54,8,46,1.0,-100.0,14.814814814814813,MARGIN CALL ($0)
82,97,0.0,49,7,42,1.0,-100.0,14.285714285714285,MARGIN CALL ($0)
82,98,0.0,51,8,43,1.0,-100.0,15.686274509803921,MARGIN CALL ($0)
82,99,0.0,66,10,56,1.0,-100.0,15.151515151515152,MARGIN CALL ($0)
82,100,0.0,65,10,55,1.0,-100.0,15.384615384615385,MARGIN CALL ($0)
83,1,0.0,87,12,75,1.0,-100.0,13.793103448275861,MARGIN CALL ($0)
83,2,0.0,44,4,40,1.0,-100.0,9.090909090909092,MARGIN CALL ($0)
83,3,0.0,43,5,38,1.0,-100.0,11.627906976744185,MARGIN CALL ($0)
83,4,0.0,35,4,31,1.0,-100.0,11.428571428571429,MARGIN CALL ($0)
83,5,0.0,45,6,39,1.0,-100.0,13.333333333333334,MARGIN CALL ($0)
83,6,0.0,98,23,75,1.0,-100.0,23.46938775510204,MARGIN CALL ($0)
83,7,0.0,144,38,106,1.0,-100.0,26.38888888888889,MARGIN CALL ($0)
83,8,0.0,67,11,56,1.0,-100.0,16.417910447761194,MARGIN CALL ($0)
83,9,0.0,35,4,31,1.0,-100.0,11.428571428571429,MARGIN CALL ($0)
83,10,0.0,34,3,31,1.0,-100.0,8.823529411764707,MARGIN CALL ($0)
83,11,0.0,32,3,29,1.0,-100.0,9.375,MARGIN CALL ($0)
83,12,0.0,1033,216,817,1.0,-100.0,20.90997095837367,MARGIN CALL ($0)
83,13,0.0,32,3,29,1.0,-100.0,9.375,MARGIN CALL ($0)
83,14,0.0,62,12,50,1.0,-100.0,19.35483870967742,MARGIN CALL ($0)
8,1,0.0,65,9,56,1.0,-100.0,13.846153846153847,MARGIN CALL ($0)
8,2,0.0,44,4,40,1.0,-100.0,9.090909090909092,MARGIN CALL ($0)
8,3,0.0,44,5,39,1.0,-100.0,11.363636363636363,MARGIN CALL ($0)
83,18,0.0,769,152,617,1.0,-100.0,19.765929778933682,MARGIN CALL ($0)
8,4,0.0,37,4,33,1.0,-100.0,10.81081081081081,MARGIN CALL ($0)
83,20,0.0,756,140,616,1.0,-100.0,18.51851851851852,MARGIN CALL ($0)
83,21,0.0,283,68,215,1.0,-100.0,24.02826855123675,MARGIN CALL ($0)
8,5,0.0,86,15,71,1.0,-100.0,17.441860465116278,MARGIN CALL ($0)
8,6,0.0,160,40,120,1.0,-100.0,25.0,MARGIN CALL ($0)
83,24,0.0,242,52,190,1.0,-100.0,21.487603305785125,MARGIN CALL ($0)
83,25,0.0,251,57,194,1.0,-100.0,22.709163346613543,MARGIN CALL ($0)
8,7,0.0,233,58,175,1.0,-100.0,24.892703862660944,MARGIN CALL ($0)
8,8,0.0,69,11,58,1.0,-100.0,15.942028985507244,MARGIN CALL ($0)
83,28,0.0,827,144,683,1.0,-100.0,17.412333736396615,MARGIN CALL ($0)
83,29,0.0,836,142,694,1.0,-100.0,16.985645933014354,MARGIN CALL ($0)
8,9,0.0,76,13,63,1.0,-100.0,17.105263157894736,MARGIN CALL ($0)
83,31,0.0,136,25,111,1.0,-100.0,18.38235294117647,MARGIN CALL ($0)
83,32,0.0,109,17,92,1.0,-100.0,15.59633027522936,MARGIN CALL ($0)
83,33,0.0,126,19,107,1.0,-100.0,15.079365079365079,MARGIN CALL ($0)
83,34,0.0,493,88,405,1.0,-100.0,17.849898580121703,MARGIN CALL ($0)
8,10,0.0,82,16,66,1.0,-100.0,19.51219512195122,MARGIN CALL ($0)
83,36,0.0,133,24,109,1.0,-100.0,18.045112781954884,MARGIN CALL ($0)
8,11,0.0,81,17,64,1.0,-100.0,20.98765432098765,MARGIN CALL ($0)
83,38,0.0,110,20,90,1.0,-100.0,18.181818181818183,MARGIN CALL ($0)
8,12,0.0,36,4,32,1.0,-100.0,11.11111111111111,MARGIN CALL ($0)
83,40,0.0,103,22,81,1.0,-100.0,21.35922330097087,MARGIN CALL ($0)
83,41,0.0,86,14,72,1.0,-100.0,16.27906976744186,MARGIN CALL ($0)
83,42,0.0,106,22,84,1.0,-100.0,20.754716981132077,MARGIN CALL ($0)
83,43,0.0,87,18,69,1.0,-100.0,20.689655172413794,MARGIN CALL ($0)
83,44,0.0,101,18,83,1.0,-100.0,17.82178217821782,MARGIN CALL ($0)
83,45,0.0,101,17,84,1.0,-100.0,16.831683168316832,MARGIN CALL ($0)
83,46,0.0,100,16,84,1.0,-100.0,16.0,MARGIN CALL ($0)
83,47,0.0,101,17,84,1.0,-100.0,16.831683168316832,MARGIN CALL ($0)
83,48,0.0,81,14,67,1.0,-100.0,17.28395061728395,MARGIN CALL ($0)
83,49,0.0,80,14,66,1.0,-100.0,17.5,MARGIN CALL ($0)
83,50,0.0,46,7,39,1.0,-100.0,15.217391304347828,MARGIN CALL ($0)
83,51,0.0,54,7,47,1.0,-100.0,12.962962962962962,MARGIN CALL ($0)
83,52,0.0,53,7,46,1.0,-100.0,13.20754716981132,MARGIN CALL ($0)
83,53,0.0,41,6,35,1.0,-100.0,14.634146341463413,MARGIN CALL ($0)
83,54,0.0,42,6,36,1.0,-100.0,14.285714285714285,MARGIN CALL ($0)
83,55,0.0,84,13,71,1.0,-100.0,15.476190476190476,MARGIN CALL ($0)
83,56,0.0,83,13,70,1.0,-100.0,15.66265060240964,MARGIN CALL ($0)
83,57,0.0,81,13,68,1.0,-100.0,16.049382716049383,MARGIN CALL ($0)
83,58,0.0,83,12,71,1.0,-100.0,14.457831325301203,MARGIN CALL ($0)
83,59,0.0,80,11,69,1.0,-100.0,13.750000000000002,MARGIN CALL ($0)
83,60,0.0,113,16,97,1.0,-100.0,14.15929203539823,MARGIN CALL ($0)
83,61,0.0,113,16,97,1.0,-100.0,14.15929203539823,MARGIN CALL ($0)
83,62,0.0,115,16,99,1.0,-100.0,13.91304347826087,MARGIN CALL ($0)
83,63,0.0,116,13,103,1.0,-100.0,11.206896551724139,MARGIN CALL ($0)
83,64,0.0,121,15,106,1.0,-100.0,12.396694214876034,MARGIN CALL ($0)
83,65,0.0,119,16,103,1.0,-100.0,13.445378151260504,MARGIN CALL ($0)
8,13,0.0,38,4,34,1.0,-100.0,10.526315789473683,MARGIN CALL ($0)
8,14,0.0,56,10,46,1.0,-100.0,17.857142857142858,MARGIN CALL ($0)
8,15,0.0,56,10,46,1.0,-100.0,17.857142857142858,MARGIN CALL ($0)
8,16,0.0,71,15,56,1.0,-100.0,21.12676056338028,MARGIN CALL ($0)
8,17,0.0,64,11,53,1.0,-100.0,17.1875,MARGIN CALL ($0)
8,18,0.0,59,8,51,1.0,-100.0,13.559322033898304,MARGIN CALL ($0)
8,19,0.0,61,8,53,1.0,-100.0,13.114754098360656,MARGIN CALL ($0)
8,20,0.0,62,8,54,1.0,-100.0,12.903225806451612,MARGIN CALL ($0)
8,21,0.0,62,8,54,1.0,-100.0,12.903225806451612,MARGIN CALL ($0)
8,22,0.0,40,2,38,1.0,-100.0,5.0,MARGIN CALL ($0)
8,23,0.0,38,2,36,1.0,-100.0,5.263157894736842,MARGIN CALL ($0)
8,24,0.0,40,2,38,1.0,-100.0,5.0,MARGIN CALL ($0)
8,25,0.0,39,2,37,1.0,-100.0,5.128205128205128,MARGIN CALL ($0)
8,26,0.0,34,1,33,1.0,-100.0,2.941176470588235,MARGIN CALL ($0)
8,27,0.0,32,1,31,1.0,-100.0,3.125,MARGIN CALL ($0)
83,81,0.0,431,41,390,1.0,-100.0,9.51276102088167,MARGIN CALL ($0)
83,82,0.0,63,7,56,1.0,-100.0,11.11111111111111,MARGIN CALL ($0)
83,83,0.0,51,6,45,1.0,-100.0,11.76470588235294,MARGIN CALL ($0)
83,84,0.0,52,6,46,1.0,-100.0,11.538461538461538,MARGIN CALL ($0)
83,85,0.0,52,6,46,1.0,-100.0,11.538461538461538,MARGIN CALL ($0)
83,86,0.0,52,6,46,1.0,-100.0,11.538461538461538,MARGIN CALL ($0)
83,87,0.0,53,6,47,1.0,-100.0,11.320754716981133,MARGIN CALL ($0)
83,88,0.0,53,6,47,1.0,-100.0,11.320754716981133,MARGIN CALL ($0)
83,89,0.0,53,6,47,1.0,-100.0,11.320754716981133,MARGIN CALL ($0)
83,90,0.0,52,7,45,1.0,-100.0,13.461538461538462,MARGIN CALL ($0)
83,91,0.0,52,7,45,1.0,-100.0,13.461538461538462,MARGIN CALL ($0)
83,92,0.0,52,7,45,1.0,-100.0,13.461538461538462,MARGIN CALL ($0)
83,93,0.0,53,8,45,1.0,-100.0,15.09433962264151,MARGIN CALL ($0)
83,94,0.0,53,8,45,1.0,-100.0,15.09433962264151,MARGIN CALL ($0)
83,95,0.0,55,8,47,1.0,-100.0,14.545454545454545,MARGIN CALL ($0)
83,96,0.0,52,8,44,1.0,-100.0,15.384615384615385,MARGIN CALL ($0)
83,97,0.0,52,8,44,1.0,-100.0,15.384615384615385,MARGIN CALL ($0)
83,98,0.0,52,8,44,1.0,-100.0,15.384615384615385,MARGIN CALL ($0)
83,99,0.0,65,10,55,1.0,-100.0,15.384615384615385,MARGIN CALL ($0)
83,100,0.0,65,10,55,1.0,-100.0,15.384615384615385,MARGIN CALL ($0)
84,1,0.0,87,12,75,1.0,-100.0,13.793103448275861,MARGIN CALL ($0)
84,2,0.0,44,4,40,1.0,-100.0,9.090909090909092,MARGIN CALL ($0)
84,3,0.0,43,5,38,1.0,-100.0,11.627906976744185,MARGIN CALL ($0)
84,4,0.0,35,4,31,1.0,-100.0,11.428571428571429,MARGIN CALL ($0)
84,5,0.0,45,6,39,1.0,-100.0,13.333333333333334,MARGIN CALL ($0)
84,6,0.0,98,23,75,1.0,-100.0,23.46938775510204,MARGIN CALL ($0)
84,7,0.0,144,38,106,1.0,-100.0,26.38888888888889,MARGIN CALL ($0)
84,8,0.0,67,11,56,1.0,-100.0,16.417910447761194,MARGIN CALL ($0)
84,9,0.0,35,4,31,1.0,-100.0,11.428571428571429,MARGIN CALL ($0)
84,10,0.0,34,3,31,1.0,-100.0,8.823529411764707,MARGIN CALL ($0)
84,11,0.0,32,3,29,1.0,-100.0,9.375,MARGIN CALL ($0)
84,12,0.0,1009,215,794,1.0,-100.0,21.308225966303272,MARGIN CALL ($0)
84,13,0.0,32,3,29,1.0,-100.0,9.375,MARGIN CALL ($0)
84,14,0.0,62,12,50,1.0,-100.0,19.35483870967742,MARGIN CALL ($0)
8,28,0.0,33,1,32,1.0,-100.0,3.0303030303030303,MARGIN CALL ($0)
84,16,0.0,385,99,286,1.0,-100.0,25.71428571428571,MARGIN CALL ($0)
84,17,0.0,369,96,273,1.0,-100.0,26.01626016260163,MARGIN CALL ($0)
84,18,0.0,342,87,255,1.0,-100.0,25.438596491228072,MARGIN CALL ($0)
84,19,0.0,330,86,244,1.0,-100.0,26.060606060606062,MARGIN CALL ($0)
84,20,0.0,330,76,254,1.0,-100.0,23.03030303030303,MARGIN CALL ($0)
84,21,0.0,286,68,218,1.0,-100.0,23.776223776223777,MARGIN CALL ($0)
8,29,0.0,32,1,31,1.0,-100.0,3.125,MARGIN CALL ($0)
8,30,0.0,66,12,54,1.0,-100.0,18.181818181818183,MARGIN CALL ($0)
84,24,0.0,240,52,188,1.0,-100.0,21.666666666666668,MARGIN CALL ($0)
84,25,0.0,249,57,192,1.0,-100.0,22.89156626506024,MARGIN CALL ($0)
8,31,0.0,65,12,53,1.0,-100.0,18.461538461538463,MARGIN CALL ($0)
8,32,0.0,64,12,52,1.0,-100.0,18.75,MARGIN CALL ($0)
8,33,0.0,63,12,51,1.0,-100.0,19.047619047619047,MARGIN CALL ($0)
8,34,0.0,64,12,52,1.0,-100.0,18.75,MARGIN CALL ($0)
8,35,0.0,63,12,51,1.0,-100.0,19.047619047619047,MARGIN CALL ($0)
84,31,0.0,136,25,111,1.0,-100.0,18.38235294117647,MARGIN CALL ($0)
84,32,0.0,109,17,92,1.0,-100.0,15.59633027522936,MARGIN CALL ($0)
84,33,0.0,124,19,105,1.0,-100.0,15.32258064516129,MARGIN CALL ($0)
84,34,0.0,477,88,389,1.0,-100.0,18.448637316561843,MARGIN CALL ($0)
84,35,0.0,620,107,513,1.0,-100.0,17.258064516129032,MARGIN CALL ($0)
84,36,0.0,139,25,114,1.0,-100.0,17.985611510791365,MARGIN CALL ($0)
8,36,0.0,64,12,52,1.0,-100.0,18.75,MARGIN CALL ($0)
84,38,0.0,109,20,89,1.0,-100.0,18.34862385321101,MARGIN CALL ($0)
8,37,0.0,54,11,43,1.0,-100.0,20.37037037037037,MARGIN CALL ($0)
84,40,0.0,102,22,80,1.0,-100.0,21.568627450980394,MARGIN CALL ($0)
84,41,0.0,84,14,70,1.0,-100.0,16.666666666666664,MARGIN CALL ($0)
84,42,0.0,108,23,85,1.0,-100.0,21.296296296296298,MARGIN CALL ($0)
84,43,0.0,86,18,68,1.0,-100.0,20.930232558139537,MARGIN CALL ($0)
84,44,0.0,100,18,82,1.0,-100.0,18.0,MARGIN CALL ($0)
84,45,0.0,102,17,85,1.0,-100.0,16.666666666666664,MARGIN CALL ($0)
84,46,0.0,98,16,82,1.0,-100.0,16.3265306122449,MARGIN CALL ($0)
84,47,0.0,103,17,86,1.0,-100.0,16.50485436893204,MARGIN CALL ($0)
84,48,0.0,83,14,69,1.0,-100.0,16.867469879518072,MARGIN CALL ($0)
84,49,0.0,80,14,66,1.0,-100.0,17.5,MARGIN CALL ($0)
84,50,0.0,45,7,38,1.0,-100.0,15.555555555555555,MARGIN CALL ($0)
84,51,0.0,53,7,46,1.0,-100.0,13.20754716981132,MARGIN CALL ($0)
84,52,0.0,52,7,45,1.0,-100.0,13.461538461538462,MARGIN CALL ($0)
84,53,0.0,41,6,35,1.0,-100.0,14.634146341463413,MARGIN CALL ($0)
84,54,0.0,42,6,36,1.0,-100.0,14.285714285714285,MARGIN CALL ($0)
84,55,0.0,82,13,69,1.0,-100.0,15.853658536585366,MARGIN CALL ($0)
84,56,0.0,82,13,69,1.0,-100.0,15.853658536585366,MARGIN CALL ($0)
84,57,0.0,81,13,68,1.0,-100.0,16.049382716049383,MARGIN CALL ($0)
84,58,0.0,83,12,71,1.0,-100.0,14.457831325301203,MARGIN CALL ($0)
84,59,0.0,79,11,68,1.0,-100.0,13.924050632911392,MARGIN CALL ($0)
84,60,0.0,108,15,93,1.0,-100.0,13.88888888888889,MARGIN CALL ($0)
84,61,0.0,109,15,94,1.0,-100.0,13.761467889908257,MARGIN CALL ($0)
84,62,0.0,113,16,97,1.0,-100.0,14.15929203539823,MARGIN CALL ($0)
84,63,0.0,113,13,100,1.0,-100.0,11.504424778761061,MARGIN CALL ($0)
84,64,0.0,118,15,103,1.0,-100.0,12.711864406779661,MARGIN CALL ($0)
84,65,0.0,117,16,101,1.0,-100.0,13.675213675213676,MARGIN CALL ($0)
8,38,0.0,55,11,44,1.0,-100.0,20.0,MARGIN CALL ($0)
8,39,0.0,66,14,52,1.0,-100.0,21.21212121212121,MARGIN CALL ($0)
8,40,0.0,55,11,44,1.0,-100.0,20.0,MARGIN CALL ($0)
8,41,0.0,56,11,45,1.0,-100.0,19.642857142857142,MARGIN CALL ($0)
8,42,0.0,69,14,55,1.0,-100.0,20.28985507246377,MARGIN CALL ($0)
8,43,0.0,71,16,55,1.0,-100.0,22.535211267605636,MARGIN CALL ($0)
8,44,0.0,67,14,53,1.0,-100.0,20.8955223880597,MARGIN CALL ($0)
8,45,0.0,67,14,53,1.0,-100.0,20.8955223880597,MARGIN CALL ($0)
8,46,0.0,67,14,53,1.0,-100.0,20.8955223880597,MARGIN CALL ($0)
8,47,0.0,70,15,55,1.0,-100.0,21.428571428571427,MARGIN CALL ($0)
8,48,0.0,70,15,55,1.0,-100.0,21.428571428571427,MARGIN CALL ($0)
8,49,0.0,69,16,53,1.0,-100.0,23.18840579710145,MARGIN CALL ($0)
8,50,0.0,68,16,52,1.0,-100.0,23.52941176470588,MARGIN CALL ($0)
8,51,0.0,57,11,46,1.0,-100.0,19.298245614035086,MARGIN CALL ($0)
8,52,0.0,62,14,48,1.0,-100.0,22.58064516129032,MARGIN CALL ($0)
84,81,0.0,448,42,406,1.0,-100.0,9.375,MARGIN CALL ($0)
84,82,0.0,64,7,57,1.0,-100.0,10.9375,MARGIN CALL ($0)
84,83,0.0,52,6,46,1.0,-100.0,11.538461538461538,MARGIN CALL ($0)
84,84,0.0,51,6,45,1.0,-100.0,11.76470588235294,MARGIN CALL ($0)
84,85,0.0,50,6,44,1.0,-100.0,12.0,MARGIN CALL ($0)
84,86,0.0,51,6,45,1.0,-100.0,11.76470588235294,MARGIN CALL ($0)
84,87,0.0,52,6,46,1.0,-100.0,11.538461538461538,MARGIN CALL ($0)
84,88,0.0,51,6,45,1.0,-100.0,11.76470588235294,MARGIN CALL ($0)
84,89,0.0,51,6,45,1.0,-100.0,11.76470588235294,MARGIN CALL ($0)
84,90,0.0,51,7,44,1.0,-100.0,13.725490196078432,MARGIN CALL ($0)
84,91,0.0,51,7,44,1.0,-100.0,13.725490196078432,MARGIN CALL ($0)
84,92,0.0,52,7,45,1.0,-100.0,13.461538461538462,MARGIN CALL ($0)
84,93,0.0,52,8,44,1.0,-100.0,15.384615384615385,MARGIN CALL ($0)
84,94,0.0,52,8,44,1.0,-100.0,15.384615384615385,MARGIN CALL ($0)
84,95,0.0,53,8,45,1.0,-100.0,15.09433962264151,MARGIN CALL ($0)
84,96,0.0,53,8,45,1.0,-100.0,15.09433962264151,MARGIN CALL ($0)
84,97,0.0,52,8,44,1.0,-100.0,15.384615384615385,MARGIN CALL ($0)
84,98,0.0,52,8,44,1.0,-100.0,15.384615384615385,MARGIN CALL ($0)
84,99,0.0,65,10,55,1.0,-100.0,15.384615384615385,MARGIN CALL ($0)
84,100,0.0,65,10,55,1.0,-100.0,15.384615384615385,MARGIN CALL ($0)
85,1,0.0,87,12,75,1.0,-100.0,13.793103448275861,MARGIN CALL ($0)
85,2,0.0,44,4,40,1.0,-100.0,9.090909090909092,MARGIN CALL ($0)
85,3,0.0,43,5,38,1.0,-100.0,11.627906976744185,MARGIN CALL ($0)
85,4,0.0,35,4,31,1.0,-100.0,11.428571428571429,MARGIN CALL ($0)
85,5,0.0,45,6,39,1.0,-100.0,13.333333333333334,MARGIN CALL ($0)
85,6,0.0,99,23,76,1.0,-100.0,23.232323232323232,MARGIN CALL ($0)
85,7,0.0,144,38,106,1.0,-100.0,26.38888888888889,MARGIN CALL ($0)
85,8,0.0,66,11,55,1.0,-100.0,16.666666666666664,MARGIN CALL ($0)
85,9,0.0,35,4,31,1.0,-100.0,11.428571428571429,MARGIN CALL ($0)
85,10,0.0,34,3,31,1.0,-100.0,8.823529411764707,MARGIN CALL ($0)
85,11,0.0,32,3,29,1.0,-100.0,9.375,MARGIN CALL ($0)
85,12,0.0,1190,258,932,1.0,-100.0,21.680672268907564,MARGIN CALL ($0)
85,13,0.0,32,3,29,1.0,-100.0,9.375,MARGIN CALL ($0)
85,14,0.0,61,12,49,1.0,-100.0,19.672131147540984,MARGIN CALL ($0)
8,53,0.0,62,14,48,1.0,-100.0,22.58064516129032,MARGIN CALL ($0)
85,16,0.0,655,160,495,1.0,-100.0,24.427480916030532,MARGIN CALL ($0)
85,17,0.0,371,99,272,1.0,-100.0,26.68463611859838,MARGIN CALL ($0)
85,18,0.0,345,90,255,1.0,-100.0,26.08695652173913,MARGIN CALL ($0)
85,19,0.0,330,88,242,1.0,-100.0,26.666666666666668,MARGIN CALL ($0)
85,20,0.0,330,78,252,1.0,-100.0,23.636363636363637,MARGIN CALL ($0)
8,54,0.0,66,16,50,1.0,-100.0,24.242424242424242,MARGIN CALL ($0)
8,55,0.0,67,16,51,1.0,-100.0,23.88059701492537,MARGIN CALL ($0)
8,56,0.0,67,16,51,1.0,-100.0,23.88059701492537,MARGIN CALL ($0)
8,57,0.0,63,14,49,1.0,-100.0,22.22222222222222,MARGIN CALL ($0)
8,58,0.0,63,14,49,1.0,-100.0,22.22222222222222,MARGIN CALL ($0)
8,59,0.0,62,14,48,1.0,-100.0,22.58064516129032,MARGIN CALL ($0)
85,27,0.0,854,150,704,1.0,-100.0,17.56440281030445,MARGIN CALL ($0)
8,60,0.0,70,17,53,1.0,-100.0,24.285714285714285,MARGIN CALL ($0)
8,61,0.0,69,17,52,1.0,-100.0,24.637681159420293,MARGIN CALL ($0)
8,62,0.0,67,17,50,1.0,-100.0,25.37313432835821,MARGIN CALL ($0)
8,63,0.0,61,13,48,1.0,-100.0,21.311475409836063,MARGIN CALL ($0)
85,32,0.0,137,23,114,1.0,-100.0,16.78832116788321,MARGIN CALL ($0)
85,33,0.0,463,94,369,1.0,-100.0,20.302375809935207,MARGIN CALL ($0)
85,34,0.0,503,93,410,1.0,-100.0,18.48906560636183,MARGIN CALL ($0)
8,64,0.0,61,13,48,1.0,-100.0,21.311475409836063,MARGIN CALL ($0)
8,65,0.0,62,13,49,1.0,-100.0,20.967741935483872,MARGIN CALL ($0)
8,66,0.0,64,13,51,1.0,-100.0,20.3125,MARGIN CALL ($0)
8,67,0.0,64,13,51,1.0,-100.0,20.3125,MARGIN CALL ($0)
8,68,0.0,64,13,51,1.0,-100.0,20.3125,MARGIN CALL ($0)
85,40,0.0,112,24,88,1.0,-100.0,21.428571428571427,MARGIN CALL ($0)
85,41,0.0,86,15,71,1.0,-100.0,17.441860465116278,MARGIN CALL ($0)
85,42,0.0,109,24,85,1.0,-100.0,22.018348623853214,MARGIN CALL ($0)
85,43,0.0,89,19,70,1.0,-100.0,21.34831460674157,MARGIN CALL ($0)
85,44,0.0,98,18,80,1.0,-100.0,18.367346938775512,MARGIN CALL ($0)
85,45,0.0,101,17,84,1.0,-100.0,16.831683168316832,MARGIN CALL ($0)
85,46,0.0,97,16,81,1.0,-100.0,16.49484536082474,MARGIN CALL ($0)
85,47,0.0,102,17,85,1.0,-100.0,16.666666666666664,MARGIN CALL ($0)
85,48,0.0,80,14,66,1.0,-100.0,17.5,MARGIN CALL ($0)
85,49,0.0,78,14,64,1.0,-100.0,17.94871794871795,MARGIN CALL ($0)
85,50,0.0,46,7,39,1.0,-100.0,15.217391304347828,MARGIN CALL ($0)
85,51,0.0,54,7,47,1.0,-100.0,12.962962962962962,MARGIN CALL ($0)
85,52,0.0,52,7,45,1.0,-100.0,13.461538461538462,MARGIN CALL ($0)
85,53,0.0,51,7,44,1.0,-100.0,13.725490196078432,MARGIN CALL ($0)
85,54,0.0,52,7,45,1.0,-100.0,13.461538461538462,MARGIN CALL ($0)
85,55,0.0,86,15,71,1.0,-100.0,17.441860465116278,MARGIN CALL ($0)
85,56,0.0,86,15,71,1.0,-100.0,17.441860465116278,MARGIN CALL ($0)
85,57,0.0,84,15,69,1.0,-100.0,17.857142857142858,MARGIN CALL ($0)
85,58,0.0,83,12,71,1.0,-100.0,14.457831325301203,MARGIN CALL ($0)
85,59,0.0,81,11,70,1.0,-100.0,13.580246913580247,MARGIN CALL ($0)
85,60,0.0,111,16,95,1.0,-100.0,14.414414414414415,MARGIN CALL ($0)
85,61,0.0,107,15,92,1.0,-100.0,14.018691588785046,MARGIN CALL ($0)
85,62,0.0,111,16,95,1.0,-100.0,14.414414414414415,MARGIN CALL ($0)
85,63,0.0,115,13,102,1.0,-100.0,11.304347826086957,MARGIN CALL ($0)
85,64,0.0,120,15,105,1.0,-100.0,12.5,MARGIN CALL ($0)
85,65,0.0,117,16,101,1.0,-100.0,13.675213675213676,MARGIN CALL ($0)
8,69,0.0,64,13,51,1.0,-100.0,20.3125,MARGIN CALL ($0)
8,70,0.0,63,13,50,1.0,-100.0,20.634920634920633,MARGIN CALL ($0)
8,71,0.0,49,10,39,1.0,-100.0,20.408163265306122,MARGIN CALL ($0)
8,72,0.0,60,13,47,1.0,-100.0,21.666666666666668,MARGIN CALL ($0)
8,73,0.0,59,13,46,1.0,-100.0,22.033898305084744,MARGIN CALL ($0)
8,74,0.0,46,10,36,1.0,-100.0,21.73913043478261,MARGIN CALL ($0)
8,75,0.0,28,4,24,1.0,-100.0,14.285714285714285,MARGIN CALL ($0)
8,76,0.0,28,4,24,1.0,-100.0,14.285714285714285,MARGIN CALL ($0)
8,77,0.0,28,4,24,1.0,-100.0,14.285714285714285,MARGIN CALL ($0)
8,78,0.0,28,4,24,1.0,-100.0,14.285714285714285,MARGIN CALL ($0)
8,79,0.0,26,3,23,1.0,-100.0,11.538461538461538,MARGIN CALL ($0)
8,80,0.0,25,3,22,1.0,-100.0,12.0,MARGIN CALL ($0)
8,81,0.0,25,3,22,1.0,-100.0,12.0,MARGIN CALL ($0)
8,82,0.0,25,3,22,1.0,-100.0,12.0,MARGIN CALL ($0)
8,83,0.0,371,89,282,1.0,-100.0,23.98921832884097,MARGIN CALL ($0)
8,84,0.0,365,89,276,1.0,-100.0,24.383561643835616,MARGIN CALL ($0)
8,85,0.0,236,61,175,1.0,-100.0,25.847457627118644,MARGIN CALL ($0)
85,83,0.0,51,6,45,1.0,-100.0,11.76470588235294,MARGIN CALL ($0)
85,84,0.0,50,6,44,1.0,-100.0,12.0,MARGIN CALL ($0)
85,85,0.0,51,6,45,1.0,-100.0,11.76470588235294,MARGIN CALL ($0)
85,86,0.0,50,6,44,1.0,-100.0,12.0,MARGIN CALL ($0)
85,87,0.0,51,6,45,1.0,-100.0,11.76470588235294,MARGIN CALL ($0)
85,88,0.0,51,6,45,1.0,-100.0,11.76470588235294,MARGIN CALL ($0)
85,89,0.0,51,6,45,1.0,-100.0,11.76470588235294,MARGIN CALL ($0)
85,90,0.0,51,7,44,1.0,-100.0,13.725490196078432,MARGIN CALL ($0)
85,91,0.0,51,7,44,1.0,-100.0,13.725490196078432,MARGIN CALL ($0)
85,92,0.0,52,7,45,1.0,-100.0,13.461538461538462,MARGIN CALL ($0)
85,93,0.0,52,8,44,1.0,-100.0,15.384615384615385,MARGIN CALL ($0)
85,94,0.0,52,8,44,1.0,-100.0,15.384615384615385,MARGIN CALL ($0)
85,95,0.0,53,8,45,1.0,-100.0,15.09433962264151,MARGIN CALL ($0)
85,96,0.0,53,8,45,1.0,-100.0,15.09433962264151,MARGIN CALL ($0)
85,97,0.0,52,8,44,1.0,-100.0,15.384615384615385,MARGIN CALL ($0)
85,98,0.0,52,8,44,1.0,-100.0,15.384615384615385,MARGIN CALL ($0)
85,99,0.0,65,10,55,1.0,-100.0,15.384615384615385,MARGIN CALL ($0)
85,100,0.0,65,10,55,1.0,-100.0,15.384615384615385,MARGIN CALL ($0)
86,1,0.0,87,12,75,1.0,-100.0,13.793103448275861,MARGIN CALL ($0)
86,2,0.0,44,4,40,1.0,-100.0,9.090909090909092,MARGIN CALL ($0)
86,3,0.0,43,5,38,1.0,-100.0,11.627906976744185,MARGIN CALL ($0)
86,4,0.0,35,4,31,1.0,-100.0,11.428571428571429,MARGIN CALL ($0)
86,5,0.0,83,14,69,1.0,-100.0,16.867469879518072,MARGIN CALL ($0)
86,6,0.0,97,23,74,1.0,-100.0,23.711340206185564,MARGIN CALL ($0)
86,7,0.0,142,38,104,1.0,-100.0,26.76056338028169,MARGIN CALL ($0)
86,8,0.0,65,11,54,1.0,-100.0,16.923076923076923,MARGIN CALL ($0)
86,9,0.0,35,4,31,1.0,-100.0,11.428571428571429,MARGIN CALL ($0)
86,10,0.0,34,3,31,1.0,-100.0,8.823529411764707,MARGIN CALL ($0)
86,11,0.0,32,3,29,1.0,-100.0,9.375,MARGIN CALL ($0)
86,12,0.0,999,220,779,1.0,-100.0,22.02202202202202,MARGIN CALL ($0)
86,13,0.0,32,3,29,1.0,-100.0,9.375,MARGIN CALL ($0)
86,14,0.0,61,12,49,1.0,-100.0,19.672131147540984,MARGIN CALL ($0)
86,15,0.0,60,13,47,1.0,-100.0,21.666666666666668,MARGIN CALL ($0)
86,16,0.0,57,10,47,1.0,-100.0,17.543859649122805,MARGIN CALL ($0)
86,17,0.0,57,10,47,1.0,-100.0,17.543859649122805,MARGIN CALL ($0)
86,18,0.0,54,8,46,1.0,-100.0,14.814814814814813,MARGIN CALL ($0)
86,19,0.0,63,11,52,1.0,-100.0,17.46031746031746,MARGIN CALL ($0)
86,20,0.0,46,7,39,1.0,-100.0,15.217391304347828,MARGIN CALL ($0)
86,21,0.0,52,9,43,1.0,-100.0,17.307692307692307,MARGIN CALL ($0)
86,22,0.0,43,7,36,1.0,-100.0,16.27906976744186,MARGIN CALL ($0)
86,23,0.0,43,7,36,1.0,-100.0,16.27906976744186,MARGIN CALL ($0)
86,24,0.0,41,7,34,1.0,-100.0,17.073170731707318,MARGIN CALL ($0)
86,25,0.0,41,7,34,1.0,-100.0,17.073170731707318,MARGIN CALL ($0)
86,26,0.0,44,8,36,1.0,-100.0,18.181818181818183,MARGIN CALL ($0)
86,27,0.0,47,8,39,1.0,-100.0,17.02127659574468,MARGIN CALL ($0)
86,28,0.0,48,8,40,1.0,-100.0,16.666666666666664,MARGIN CALL ($0)
86,29,0.0,48,8,40,1.0,-100.0,16.666666666666664,MARGIN CALL ($0)
86,30,0.0,46,8,38,1.0,-100.0,17.391304347826086,MARGIN CALL ($0)
86,31,0.0,43,7,36,1.0,-100.0,16.27906976744186,MARGIN CALL ($0)
86,32,0.0,42,7,35,1.0,-100.0,16.666666666666664,MARGIN CALL ($0)
86,33,0.0,108,19,89,1.0,-100.0,17.59259259259259,MARGIN CALL ($0)
86,34,0.0,119,22,97,1.0,-100.0,18.487394957983195,MARGIN CALL ($0)
86,35,0.0,116,24,92,1.0,-100.0,20.689655172413794,MARGIN CALL ($0)
86,36,0.0,118,26,92,1.0,-100.0,22.033898305084744,MARGIN CALL ($0)
86,37,0.0,110,21,89,1.0,-100.0,19.090909090909093,MARGIN CALL ($0)
8,86,0.0,25,3,22,1.0,-100.0,12.0,MARGIN CALL ($0)
8,87,0.0,25,3,22,1.0,-100.0,12.0,MARGIN CALL ($0)
86,40,0.0,114,24,90,1.0,-100.0,21.052631578947366,MARGIN CALL ($0)
86,41,0.0,85,15,70,1.0,-100.0,17.647058823529413,MARGIN CALL ($0)
86,42,0.0,107,23,84,1.0,-100.0,21.49532710280374,MARGIN CALL ($0)
86,43,0.0,89,19,70,1.0,-100.0,21.34831460674157,MARGIN CALL ($0)
86,44,0.0,96,17,79,1.0,-100.0,17.708333333333336,MARGIN CALL ($0)
86,45,0.0,98,17,81,1.0,-100.0,17.346938775510203,MARGIN CALL ($0)
86,46,0.0,97,16,81,1.0,-100.0,16.49484536082474,MARGIN CALL ($0)
86,47,0.0,98,17,81,1.0,-100.0,17.346938775510203,MARGIN CALL ($0)
86,48,0.0,78,14,64,1.0,-100.0,17.94871794871795,MARGIN CALL ($0)
86,49,0.0,77,14,63,1.0,-100.0,18.181818181818183,MARGIN CALL ($0)
86,50,0.0,45,7,38,1.0,-100.0,15.555555555555555,MARGIN CALL ($0)
86,51,0.0,53,7,46,1.0,-100.0,13.20754716981132,MARGIN CALL ($0)
86,52,0.0,51,7,44,1.0,-100.0,13.725490196078432,MARGIN CALL ($0)
86,53,0.0,51,7,44,1.0,-100.0,13.725490196078432,MARGIN CALL ($0)
86,54,0.0,52,7,45,1.0,-100.0,13.461538461538462,MARGIN CALL ($0)
86,55,0.0,87,15,72,1.0,-100.0,17.24137931034483,MARGIN CALL ($0)
86,56,0.0,86,15,71,1.0,-100.0,17.441860465116278,MARGIN CALL ($0)
86,57,0.0,84,15,69,1.0,-100.0,17.857142857142858,MARGIN CALL ($0)
86,58,0.0,81,12,69,1.0,-100.0,14.814814814814813,MARGIN CALL ($0)
86,59,0.0,79,11,68,1.0,-100.0,13.924050632911392,MARGIN CALL ($0)
86,60,0.0,111,16,95,1.0,-100.0,14.414414414414415,MARGIN CALL ($0)
86,61,0.0,108,15,93,1.0,-100.0,13.88888888888889,MARGIN CALL ($0)
86,62,0.0,112,16,96,1.0,-100.0,14.285714285714285,MARGIN CALL ($0)
86,63,0.0,116,13,103,1.0,-100.0,11.206896551724139,MARGIN CALL ($0)
86,64,0.0,121,15,106,1.0,-100.0,12.396694214876034,MARGIN CALL ($0)
86,65,0.0,117,16,101,1.0,-100.0,13.675213675213676,MARGIN CALL ($0)
8,88,0.0,23,3,20,1.0,-100.0,13.043478260869565,MARGIN CALL ($0)
8,89,0.0,23,3,20,1.0,-100.0,13.043478260869565,MARGIN CALL ($0)
8,90,0.0,23,3,20,1.0,-100.0,13.043478260869565,MARGIN CALL ($0)
8,91,0.0,23,3,20,1.0,-100.0,13.043478260869565,MARGIN CALL ($0)
8,92,0.0,21,3,18,1.0,-100.0,14.285714285714285,MARGIN CALL ($0)
8,93,0.0,21,3,18,1.0,-100.0,14.285714285714285,MARGIN CALL ($0)
8,94,0.0,19,3,16,1.0,-100.0,15.789473684210526,MARGIN CALL ($0)
8,95,0.0,19,3,16,1.0,-100.0,15.789473684210526,MARGIN CALL ($0)
8,96,0.0,19,3,16,1.0,-100.0,15.789473684210526,MARGIN CALL ($0)
8,97,0.0,19,3,16,1.0,-100.0,15.789473684210526,MARGIN CALL ($0)
8,98,0.0,19,3,16,1.0,-100.0,15.789473684210526,MARGIN CALL ($0)
8,99,0.0,18,3,15,1.0,-100.0,16.666666666666664,MARGIN CALL ($0)
8,100,0.0,18,3,15,1.0,-100.0,16.666666666666664,MARGIN CALL ($0)
9,1,0.0,65,9,56,1.0,-100.0,13.846153846153847,MARGIN CALL ($0)
9,2,0.0,44,4,40,1.0,-100.0,9.090909090909092,MARGIN CALL ($0)
86,81,0.0,70,9,61,1.0,-100.0,12.857142857142856,MARGIN CALL ($0)
86,82,0.0,52,6,46,1.0,-100.0,11.538461538461538,MARGIN CALL ($0)
9,3,0.0,44,5,39,1.0,-100.0,11.363636363636363,MARGIN CALL ($0)
86,84,0.0,69,8,61,1.0,-100.0,11.594202898550725,MARGIN CALL ($0)
86,85,0.0,50,6,44,1.0,-100.0,12.0,MARGIN CALL ($0)
86,86,0.0,48,6,42,1.0,-100.0,12.5,MARGIN CALL ($0)
86,87,0.0,51,6,45,1.0,-100.0,11.76470588235294,MARGIN CALL ($0)
86,88,0.0,50,6,44,1.0,-100.0,12.0,MARGIN CALL ($0)
86,89,0.0,52,6,46,1.0,-100.0,11.538461538461538,MARGIN CALL ($0)
86,90,0.0,52,7,45,1.0,-100.0,13.461538461538462,MARGIN CALL ($0)
86,91,0.0,51,7,44,1.0,-100.0,13.725490196078432,MARGIN CALL ($0)
86,92,0.0,51,7,44,1.0,-100.0,13.725490196078432,MARGIN CALL ($0)
86,93,0.0,51,8,43,1.0,-100.0,15.686274509803921,MARGIN CALL ($0)
86,94,0.0,52,8,44,1.0,-100.0,15.384615384615385,MARGIN CALL ($0)
86,95,0.0,52,8,44,1.0,-100.0,15.384615384615385,MARGIN CALL ($0)
86,96,0.0,52,8,44,1.0,-100.0,15.384615384615385,MARGIN CALL ($0)
86,97,0.0,54,8,46,1.0,-100.0,14.814814814814813,MARGIN CALL ($0)
86,98,0.0,51,8,43,1.0,-100.0,15.686274509803921,MARGIN CALL ($0)
86,99,0.0,66,10,56,1.0,-100.0,15.151515151515152,MARGIN CALL ($0)
86,100,0.0,65,10,55,1.0,-100.0,15.384615384615385,MARGIN CALL ($0)
87,1,0.0,95,14,81,1.0,-100.0,14.736842105263156,MARGIN CALL ($0)
87,2,0.0,44,4,40,1.0,-100.0,9.090909090909092,MARGIN CALL ($0)
87,3,0.0,43,5,38,1.0,-100.0,11.627906976744185,MARGIN CALL ($0)
87,4,0.0,35,4,31,1.0,-100.0,11.428571428571429,MARGIN CALL ($0)
87,5,0.0,83,14,69,1.0,-100.0,16.867469879518072,MARGIN CALL ($0)
87,6,0.0,98,23,75,1.0,-100.0,23.46938775510204,MARGIN CALL ($0)
87,7,0.0,143,38,105,1.0,-100.0,26.573426573426573,MARGIN CALL ($0)
87,8,0.0,65,11,54,1.0,-100.0,16.923076923076923,MARGIN CALL ($0)
87,9,0.0,35,4,31,1.0,-100.0,11.428571428571429,MARGIN CALL ($0)
87,10,0.0,34,3,31,1.0,-100.0,8.823529411764707,MARGIN CALL ($0)
87,11,0.0,32,3,29,1.0,-100.0,9.375,MARGIN CALL ($0)
87,12,0.0,995,220,775,1.0,-100.0,22.110552763819097,MARGIN CALL ($0)
87,13,0.0,32,3,29,1.0,-100.0,9.375,MARGIN CALL ($0)
87,14,0.0,61,12,49,1.0,-100.0,19.672131147540984,MARGIN CALL ($0)
87,15,0.0,61,13,48,1.0,-100.0,21.311475409836063,MARGIN CALL ($0)
87,16,0.0,57,10,47,1.0,-100.0,17.543859649122805,MARGIN CALL ($0)
87,17,0.0,57,10,47,1.0,-100.0,17.543859649122805,MARGIN CALL ($0)
87,18,0.0,54,8,46,1.0,-100.0,14.814814814814813,MARGIN CALL ($0)
87,19,0.0,63,11,52,1.0,-100.0,17.46031746031746,MARGIN CALL ($0)
87,20,0.0,46,7,39,1.0,-100.0,15.217391304347828,MARGIN CALL ($0)
87,21,0.0,52,9,43,1.0,-100.0,17.307692307692307,MARGIN CALL ($0)
87,22,0.0,43,7,36,1.0,-100.0,16.27906976744186,MARGIN CALL ($0)
87,23,0.0,43,7,36,1.0,-100.0,16.27906976744186,MARGIN CALL ($0)
87,24,0.0,41,7,34,1.0,-100.0,17.073170731707318,MARGIN CALL ($0)
87,25,0.0,41,7,34,1.0,-100.0,17.073170731707318,MARGIN CALL ($0)
87,26,0.0,45,8,37,1.0,-100.0,17.77777777777778,MARGIN CALL ($0)
87,27,0.0,46,8,38,1.0,-100.0,17.391304347826086,MARGIN CALL ($0)
87,28,0.0,47,8,39,1.0,-100.0,17.02127659574468,MARGIN CALL ($0)
87,29,0.0,48,8,40,1.0,-100.0,16.666666666666664,MARGIN CALL ($0)
87,30,0.0,46,8,38,1.0,-100.0,17.391304347826086,MARGIN CALL ($0)
87,31,0.0,43,7,36,1.0,-100.0,16.27906976744186,MARGIN CALL ($0)
87,32,0.0,42,7,35,1.0,-100.0,16.666666666666664,MARGIN CALL ($0)
87,33,0.0,115,20,95,1.0,-100.0,17.391304347826086,MARGIN CALL ($0)
87,34,0.0,479,92,387,1.0,-100.0,19.206680584551147,MARGIN CALL ($0)
87,35,0.0,126,26,100,1.0,-100.0,20.634920634920633,MARGIN CALL ($0)
87,36,0.0,126,27,99,1.0,-100.0,21.428571428571427,MARGIN CALL ($0)
9,4,0.0,37,4,33,1.0,-100.0,10.81081081081081,MARGIN CALL ($0)
87,38,0.0,649,101,548,1.0,-100.0,15.562403697996919,MARGIN CALL ($0)
87,39,0.0,857,135,722,1.0,-100.0,15.752625437572929,MARGIN CALL ($0)
87,40,0.0,114,24,90,1.0,-100.0,21.052631578947366,MARGIN CALL ($0)
87,41,0.0,94,17,77,1.0,-100.0,18.085106382978726,MARGIN CALL ($0)
87,42,0.0,119,26,93,1.0,-100.0,21.84873949579832,MARGIN CALL ($0)
87,43,0.0,96,21,75,1.0,-100.0,21.875,MARGIN CALL ($0)
87,44,0.0,109,20,89,1.0,-100.0,18.34862385321101,MARGIN CALL ($0)
87,45,0.0,109,19,90,1.0,-100.0,17.431192660550458,MARGIN CALL ($0)
87,46,0.0,107,18,89,1.0,-100.0,16.822429906542055,MARGIN CALL ($0)
87,47,0.0,111,19,92,1.0,-100.0,17.117117117117118,MARGIN CALL ($0)
87,48,0.0,92,16,76,1.0,-100.0,17.391304347826086,MARGIN CALL ($0)
87,49,0.0,91,17,74,1.0,-100.0,18.681318681318682,MARGIN CALL ($0)
87,50,0.0,45,7,38,1.0,-100.0,15.555555555555555,MARGIN CALL ($0)
87,51,0.0,52,7,45,1.0,-100.0,13.461538461538462,MARGIN CALL ($0)
87,52,0.0,50,7,43,1.0,-100.0,14.000000000000002,MARGIN CALL ($0)
87,53,0.0,51,7,44,1.0,-100.0,13.725490196078432,MARGIN CALL ($0)
87,54,0.0,51,7,44,1.0,-100.0,13.725490196078432,MARGIN CALL ($0)
87,55,0.0,89,15,74,1.0,-100.0,16.853932584269664,MARGIN CALL ($0)
87,56,0.0,87,15,72,1.0,-100.0,17.24137931034483,MARGIN CALL ($0)
87,57,0.0,85,15,70,1.0,-100.0,17.647058823529413,MARGIN CALL ($0)
87,58,0.0,81,12,69,1.0,-100.0,14.814814814814813,MARGIN CALL ($0)
87,59,0.0,79,11,68,1.0,-100.0,13.924050632911392,MARGIN CALL ($0)
87,60,0.0,112,16,96,1.0,-100.0,14.285714285714285,MARGIN CALL ($0)
87,61,0.0,109,15,94,1.0,-100.0,13.761467889908257,MARGIN CALL ($0)
87,62,0.0,113,16,97,1.0,-100.0,14.15929203539823,MARGIN CALL ($0)
87,63,0.0,117,13,104,1.0,-100.0,11.11111111111111,MARGIN CALL ($0)
87,64,0.0,122,15,107,1.0,-100.0,12.295081967213115,MARGIN CALL ($0)
87,65,0.0,118,16,102,1.0,-100.0,13.559322033898304,MARGIN CALL ($0)
9,5,0.0,86,15,71,1.0,-100.0,17.441860465116278,MARGIN CALL ($0)
9,6,0.0,162,39,123,1.0,-100.0,24.074074074074073,MARGIN CALL ($0)
9,7,0.0,241,59,182,1.0,-100.0,24.481327800829874,MARGIN CALL ($0)
9,8,0.0,67,11,56,1.0,-100.0,16.417910447761194,MARGIN CALL ($0)
9,9,0.0,73,11,62,1.0,-100.0,15.068493150684931,MARGIN CALL ($0)
9,10,0.0,34,4,30,1.0,-100.0,11.76470588235294,MARGIN CALL ($0)
9,11,0.0,34,4,30,1.0,-100.0,11.76470588235294,MARGIN CALL ($0)
9,12,0.0,35,4,31,1.0,-100.0,11.428571428571429,MARGIN CALL ($0)
9,13,0.0,37,4,33,1.0,-100.0,10.81081081081081,MARGIN CALL ($0)
9,14,0.0,62,12,50,1.0,-100.0,19.35483870967742,MARGIN CALL ($0)
9,15,0.0,409,101,308,1.0,-100.0,24.69437652811736,MARGIN CALL ($0)
9,16,0.0,453,112,341,1.0,-100.0,24.724061810154527,MARGIN CALL ($0)
9,17,0.0,320,82,238,1.0,-100.0,25.624999999999996,MARGIN CALL ($0)
9,18,0.0,312,79,233,1.0,-100.0,25.320512820512818,MARGIN CALL ($0)
9,19,0.0,326,82,244,1.0,-100.0,25.153374233128833,MARGIN CALL ($0)
87,81,0.0,72,9,63,1.0,-100.0,12.5,MARGIN CALL ($0)
87,82,0.0,53,6,47,1.0,-100.0,11.320754716981133,MARGIN CALL ($0)
9,20,0.0,330,83,247,1.0,-100.0,25.151515151515152,MARGIN CALL ($0)
87,84,0.0,77,9,68,1.0,-100.0,11.688311688311687,MARGIN CALL ($0)
87,85,0.0,52,6,46,1.0,-100.0,11.538461538461538,MARGIN CALL ($0)
87,86,0.0,50,6,44,1.0,-100.0,12.0,MARGIN CALL ($0)
87,87,0.0,49,6,43,1.0,-100.0,12.244897959183673,MARGIN CALL ($0)
87,88,0.0,49,6,43,1.0,-100.0,12.244897959183673,MARGIN CALL ($0)
87,89,0.0,50,6,44,1.0,-100.0,12.0,MARGIN CALL ($0)
87,90,0.0,50,7,43,1.0,-100.0,14.000000000000002,MARGIN CALL ($0)
87,91,0.0,50,7,43,1.0,-100.0,14.000000000000002,MARGIN CALL ($0)
87,92,0.0,50,7,43,1.0,-100.0,14.000000000000002,MARGIN CALL ($0)
87,93,0.0,50,8,42,1.0,-100.0,16.0,MARGIN CALL ($0)
87,94,0.0,51,8,43,1.0,-100.0,15.686274509803921,MARGIN CALL ($0)
87,95,0.0,54,8,46,1.0,-100.0,14.814814814814813,MARGIN CALL ($0)
87,96,0.0,52,8,44,1.0,-100.0,15.384615384615385,MARGIN CALL ($0)
87,97,0.0,54,8,46,1.0,-100.0,14.814814814814813,MARGIN CALL ($0)
87,98,0.0,52,8,44,1.0,-100.0,15.384615384615385,MARGIN CALL ($0)
87,99,0.0,75,12,63,1.0,-100.0,16.0,MARGIN CALL ($0)
87,100,0.0,75,12,63,1.0,-100.0,16.0,MARGIN CALL ($0)
88,1,0.0,87,12,75,1.0,-100.0,13.793103448275861,MARGIN CALL ($0)
88,2,0.0,44,4,40,1.0,-100.0,9.090909090909092,MARGIN CALL ($0)
88,3,0.0,43,5,38,1.0,-100.0,11.627906976744185,MARGIN CALL ($0)
88,4,0.0,35,4,31,1.0,-100.0,11.428571428571429,MARGIN CALL ($0)
88,5,0.0,83,14,69,1.0,-100.0,16.867469879518072,MARGIN CALL ($0)
88,6,0.0,98,23,75,1.0,-100.0,23.46938775510204,MARGIN CALL ($0)
88,7,0.0,143,38,105,1.0,-100.0,26.573426573426573,MARGIN CALL ($0)
88,8,0.0,65,11,54,1.0,-100.0,16.923076923076923,MARGIN CALL ($0)
88,9,0.0,35,4,31,1.0,-100.0,11.428571428571429,MARGIN CALL ($0)
88,10,0.0,34,3,31,1.0,-100.0,8.823529411764707,MARGIN CALL ($0)
88,11,0.0,32,3,29,1.0,-100.0,9.375,MARGIN CALL ($0)
88,12,0.0,1034,225,809,1.0,-100.0,21.760154738878143,MARGIN CALL ($0)
88,13,0.0,32,3,29,1.0,-100.0,9.375,MARGIN CALL ($0)
88,14,0.0,61,12,49,1.0,-100.0,19.672131147540984,MARGIN CALL ($0)
88,15,0.0,61,13,48,1.0,-100.0,21.311475409836063,MARGIN CALL ($0)
88,16,0.0,57,10,47,1.0,-100.0,17.543859649122805,MARGIN CALL ($0)
88,17,0.0,57,10,47,1.0,-100.0,17.543859649122805,MARGIN CALL ($0)
88,18,0.0,54,8,46,1.0,-100.0,14.814814814814813,MARGIN CALL ($0)
88,19,0.0,63,11,52,1.0,-100.0,17.46031746031746,MARGIN CALL ($0)
88,20,0.0,46,7,39,1.0,-100.0,15.217391304347828,MARGIN CALL ($0)
88,21,0.0,52,9,43,1.0,-100.0,17.307692307692307,MARGIN CALL ($0)
88,22,0.0,43,7,36,1.0,-100.0,16.27906976744186,MARGIN CALL ($0)
88,23,0.0,43,7,36,1.0,-100.0,16.27906976744186,MARGIN CALL ($0)
88,24,0.0,41,7,34,1.0,-100.0,17.073170731707318,MARGIN CALL ($0)
88,25,0.0,41,7,34,1.0,-100.0,17.073170731707318,MARGIN CALL ($0)
88,26,0.0,45,8,37,1.0,-100.0,17.77777777777778,MARGIN CALL ($0)
88,27,0.0,46,8,38,1.0,-100.0,17.391304347826086,MARGIN CALL ($0)
88,28,0.0,47,8,39,1.0,-100.0,17.02127659574468,MARGIN CALL ($0)
88,29,0.0,48,8,40,1.0,-100.0,16.666666666666664,MARGIN CALL ($0)
88,30,0.0,46,8,38,1.0,-100.0,17.391304347826086,MARGIN CALL ($0)
88,31,0.0,43,7,36,1.0,-100.0,16.27906976744186,MARGIN CALL ($0)
88,32,0.0,42,7,35,1.0,-100.0,16.666666666666664,MARGIN CALL ($0)
88,33,0.0,119,22,97,1.0,-100.0,18.487394957983195,MARGIN CALL ($0)
88,34,0.0,450,89,361,1.0,-100.0,19.77777777777778,MARGIN CALL ($0)
88,35,0.0,125,26,99,1.0,-100.0,20.8,MARGIN CALL ($0)
88,36,0.0,125,27,98,1.0,-100.0,21.6,MARGIN CALL ($0)
9,21,0.0,399,97,302,1.0,-100.0,24.31077694235589,MARGIN CALL ($0)
88,38,0.0,559,86,473,1.0,-100.0,15.384615384615385,MARGIN CALL ($0)
88,39,0.0,641,110,531,1.0,-100.0,17.160686427457097,MARGIN CALL ($0)
88,40,0.0,114,24,90,1.0,-100.0,21.052631578947366,MARGIN CALL ($0)
88,41,0.0,93,17,76,1.0,-100.0,18.27956989247312,MARGIN CALL ($0)
88,42,0.0,118,26,92,1.0,-100.0,22.033898305084744,MARGIN CALL ($0)
88,43,0.0,96,21,75,1.0,-100.0,21.875,MARGIN CALL ($0)
88,44,0.0,108,20,88,1.0,-100.0,18.51851851851852,MARGIN CALL ($0)
88,45,0.0,108,19,89,1.0,-100.0,17.59259259259259,MARGIN CALL ($0)
88,46,0.0,106,18,88,1.0,-100.0,16.9811320754717,MARGIN CALL ($0)
88,47,0.0,111,19,92,1.0,-100.0,17.117117117117118,MARGIN CALL ($0)
88,48,0.0,91,16,75,1.0,-100.0,17.582417582417584,MARGIN CALL ($0)
88,49,0.0,90,17,73,1.0,-100.0,18.88888888888889,MARGIN CALL ($0)
88,50,0.0,44,7,37,1.0,-100.0,15.909090909090908,MARGIN CALL ($0)
88,51,0.0,52,7,45,1.0,-100.0,13.461538461538462,MARGIN CALL ($0)
88,52,0.0,50,7,43,1.0,-100.0,14.000000000000002,MARGIN CALL ($0)
88,53,0.0,51,7,44,1.0,-100.0,13.725490196078432,MARGIN CALL ($0)
88,54,0.0,51,7,44,1.0,-100.0,13.725490196078432,MARGIN CALL ($0)
88,55,0.0,88,15,73,1.0,-100.0,17.045454545454543,MARGIN CALL ($0)
88,56,0.0,86,15,71,1.0,-100.0,17.441860465116278,MARGIN CALL ($0)
88,57,0.0,84,15,69,1.0,-100.0,17.857142857142858,MARGIN CALL ($0)
88,58,0.0,82,12,70,1.0,-100.0,14.634146341463413,MARGIN CALL ($0)
88,59,0.0,80,11,69,1.0,-100.0,13.750000000000002,MARGIN CALL ($0)
88,60,0.0,113,17,96,1.0,-100.0,15.04424778761062,MARGIN CALL ($0)
88,61,0.0,109,16,93,1.0,-100.0,14.678899082568808,MARGIN CALL ($0)
88,62,0.0,110,16,94,1.0,-100.0,14.545454545454545,MARGIN CALL ($0)
88,63,0.0,116,13,103,1.0,-100.0,11.206896551724139,MARGIN CALL ($0)
88,64,0.0,121,15,106,1.0,-100.0,12.396694214876034,MARGIN CALL ($0)
88,65,0.0,117,16,101,1.0,-100.0,13.675213675213676,MARGIN CALL ($0)
9,22,0.0,404,93,311,1.0,-100.0,23.01980198019802,MARGIN CALL ($0)
9,23,0.0,318,72,246,1.0,-100.0,22.641509433962266,MARGIN CALL ($0)
9,24,0.0,324,73,251,1.0,-100.0,22.530864197530864,MARGIN CALL ($0)
9,25,0.0,312,69,243,1.0,-100.0,22.115384615384613,MARGIN CALL ($0)
9,26,0.0,314,73,241,1.0,-100.0,23.248407643312103,MARGIN CALL ($0)
9,27,0.0,303,66,237,1.0,-100.0,21.782178217821784,MARGIN CALL ($0)
9,28,0.0,383,90,293,1.0,-100.0,23.49869451697128,MARGIN CALL ($0)
9,29,0.0,403,90,313,1.0,-100.0,22.332506203473944,MARGIN CALL ($0)
9,30,0.0,395,90,305,1.0,-100.0,22.78481012658228,MARGIN CALL ($0)
9,31,0.0,419,100,319,1.0,-100.0,23.86634844868735,MARGIN CALL ($0)
9,32,0.0,406,92,314,1.0,-100.0,22.660098522167488,MARGIN CALL ($0)
9,33,0.0,401,90,311,1.0,-100.0,22.443890274314214,MARGIN CALL ($0)
9,34,0.0,309,69,240,1.0,-100.0,22.330097087378643,MARGIN CALL ($0)
9,35,0.0,387,88,299,1.0,-100.0,22.739018087855296,MARGIN CALL ($0)
9,36,0.0,407,96,311,1.0,-100.0,23.587223587223587,MARGIN CALL ($0)
88,81,0.0,72,9,63,1.0,-100.0,12.5,MARGIN CALL ($0)
88,82,0.0,53,6,47,1.0,-100.0,11.320754716981133,MARGIN CALL ($0)
88,83,0.0,77,8,69,1.0,-100.0,10.38961038961039,MARGIN CALL ($0)
88,84,0.0,77,9,68,1.0,-100.0,11.688311688311687,MARGIN CALL ($0)
88,85,0.0,52,6,46,1.0,-100.0,11.538461538461538,MARGIN CALL ($0)
88,86,0.0,49,6,43,1.0,-100.0,12.244897959183673,MARGIN CALL ($0)
88,87,0.0,49,6,43,1.0,-100.0,12.244897959183673,MARGIN CALL ($0)
88,88,0.0,49,6,43,1.0,-100.0,12.244897959183673,MARGIN CALL ($0)
88,89,0.0,50,6,44,1.0,-100.0,12.0,MARGIN CALL ($0)
88,90,0.0,50,7,43,1.0,-100.0,14.000000000000002,MARGIN CALL ($0)
88,91,0.0,50,7,43,1.0,-100.0,14.000000000000002,MARGIN CALL ($0)
88,92,0.0,50,7,43,1.0,-100.0,14.000000000000002,MARGIN CALL ($0)
88,93,0.0,50,8,42,1.0,-100.0,16.0,MARGIN CALL ($0)
88,94,0.0,51,8,43,1.0,-100.0,15.686274509803921,MARGIN CALL ($0)
88,95,0.0,54,8,46,1.0,-100.0,14.814814814814813,MARGIN CALL ($0)
88,96,0.0,52,8,44,1.0,-100.0,15.384615384615385,MARGIN CALL ($0)
88,97,0.0,54,8,46,1.0,-100.0,14.814814814814813,MARGIN CALL ($0)
88,98,0.0,52,8,44,1.0,-100.0,15.384615384615385,MARGIN CALL ($0)
88,99,0.0,75,12,63,1.0,-100.0,16.0,MARGIN CALL ($0)
88,100,0.0,74,12,62,1.0,-100.0,16.216216216216218,MARGIN CALL ($0)
89,1,0.0,87,12,75,1.0,-100.0,13.793103448275861,MARGIN CALL ($0)
89,2,0.0,44,4,40,1.0,-100.0,9.090909090909092,MARGIN CALL ($0)
89,3,0.0,43,5,38,1.0,-100.0,11.627906976744185,MARGIN CALL ($0)
89,4,0.0,35,4,31,1.0,-100.0,11.428571428571429,MARGIN CALL ($0)
89,5,0.0,83,14,69,1.0,-100.0,16.867469879518072,MARGIN CALL ($0)
89,6,0.0,98,23,75,1.0,-100.0,23.46938775510204,MARGIN CALL ($0)
89,7,0.0,143,38,105,1.0,-100.0,26.573426573426573,MARGIN CALL ($0)
89,8,0.0,65,11,54,1.0,-100.0,16.923076923076923,MARGIN CALL ($0)
89,9,0.0,35,4,31,1.0,-100.0,11.428571428571429,MARGIN CALL ($0)
89,10,0.0,34,3,31,1.0,-100.0,8.823529411764707,MARGIN CALL ($0)
89,11,0.0,32,3,29,1.0,-100.0,9.375,MARGIN CALL ($0)
89,12,0.0,1031,227,804,1.0,-100.0,22.017458777885548,MARGIN CALL ($0)
89,13,0.0,32,3,29,1.0,-100.0,9.375,MARGIN CALL ($0)
89,14,0.0,61,12,49,1.0,-100.0,19.672131147540984,MARGIN CALL ($0)
89,15,0.0,61,13,48,1.0,-100.0,21.311475409836063,MARGIN CALL ($0)
89,16,0.0,57,10,47,1.0,-100.0,17.543859649122805,MARGIN CALL ($0)
89,17,0.0,57,10,47,1.0,-100.0,17.543859649122805,MARGIN CALL ($0)
89,18,0.0,54,8,46,1.0,-100.0,14.814814814814813,MARGIN CALL ($0)
89,19,0.0,63,11,52,1.0,-100.0,17.46031746031746,MARGIN CALL ($0)
89,20,0.0,46,7,39,1.0,-100.0,15.217391304347828,MARGIN CALL ($0)
89,21,0.0,52,9,43,1.0,-100.0,17.307692307692307,MARGIN CALL ($0)
89,22,0.0,43,7,36,1.0,-100.0,16.27906976744186,MARGIN CALL ($0)
89,23,0.0,43,7,36,1.0,-100.0,16.27906976744186,MARGIN CALL ($0)
89,24,0.0,41,7,34,1.0,-100.0,17.073170731707318,MARGIN CALL ($0)
89,25,0.0,41,7,34,1.0,-100.0,17.073170731707318,MARGIN CALL ($0)
89,26,0.0,45,8,37,1.0,-100.0,17.77777777777778,MARGIN CALL ($0)
89,27,0.0,45,8,37,1.0,-100.0,17.77777777777778,MARGIN CALL ($0)
89,28,0.0,46,8,38,1.0,-100.0,17.391304347826086,MARGIN CALL ($0)
89,29,0.0,48,8,40,1.0,-100.0,16.666666666666664,MARGIN CALL ($0)
89,30,0.0,46,8,38,1.0,-100.0,17.391304347826086,MARGIN CALL ($0)
89,31,0.0,43,7,36,1.0,-100.0,16.27906976744186,MARGIN CALL ($0)
89,32,0.0,42,7,35,1.0,-100.0,16.666666666666664,MARGIN CALL ($0)
89,33,0.0,119,22,97,1.0,-100.0,18.487394957983195,MARGIN CALL ($0)
89,34,0.0,268,50,218,1.0,-100.0,18.65671641791045,MARGIN CALL ($0)
89,35,0.0,125,26,99,1.0,-100.0,20.8,MARGIN CALL ($0)
89,36,0.0,126,27,99,1.0,-100.0,21.428571428571427,MARGIN CALL ($0)
9,37,0.0,426,96,330,1.0,-100.0,22.535211267605636,MARGIN CALL ($0)
9,38,0.0,48,10,38,1.0,-100.0,20.833333333333336,MARGIN CALL ($0)
9,39,0.0,57,10,47,1.0,-100.0,17.543859649122805,MARGIN CALL ($0)
89,40,0.0,114,24,90,1.0,-100.0,21.052631578947366,MARGIN CALL ($0)
89,41,0.0,90,17,73,1.0,-100.0,18.88888888888889,MARGIN CALL ($0)
89,42,0.0,113,26,87,1.0,-100.0,23.008849557522122,MARGIN CALL ($0)
89,43,0.0,94,21,73,1.0,-100.0,22.340425531914892,MARGIN CALL ($0)
89,44,0.0,107,20,87,1.0,-100.0,18.69158878504673,MARGIN CALL ($0)
89,45,0.0,107,19,88,1.0,-100.0,17.75700934579439,MARGIN CALL ($0)
89,46,0.0,102,18,84,1.0,-100.0,17.647058823529413,MARGIN CALL ($0)
89,47,0.0,109,19,90,1.0,-100.0,17.431192660550458,MARGIN CALL ($0)
89,48,0.0,89,16,73,1.0,-100.0,17.97752808988764,MARGIN CALL ($0)
89,49,0.0,89,17,72,1.0,-100.0,19.101123595505616,MARGIN CALL ($0)
89,50,0.0,44,7,37,1.0,-100.0,15.909090909090908,MARGIN CALL ($0)
89,51,0.0,52,7,45,1.0,-100.0,13.461538461538462,MARGIN CALL ($0)
89,52,0.0,52,7,45,1.0,-100.0,13.461538461538462,MARGIN CALL ($0)
89,53,0.0,51,7,44,1.0,-100.0,13.725490196078432,MARGIN CALL ($0)
89,54,0.0,51,7,44,1.0,-100.0,13.725490196078432,MARGIN CALL ($0)
89,55,0.0,87,15,72,1.0,-100.0,17.24137931034483,MARGIN CALL ($0)
89,56,0.0,87,15,72,1.0,-100.0,17.24137931034483,MARGIN CALL ($0)
89,57,0.0,85,15,70,1.0,-100.0,17.647058823529413,MARGIN CALL ($0)
89,58,0.0,83,12,71,1.0,-100.0,14.457831325301203,MARGIN CALL ($0)
89,59,0.0,81,11,70,1.0,-100.0,13.580246913580247,MARGIN CALL ($0)
89,60,0.0,111,16,95,1.0,-100.0,14.414414414414415,MARGIN CALL ($0)
89,61,0.0,107,15,92,1.0,-100.0,14.018691588785046,MARGIN CALL ($0)
89,62,0.0,111,16,95,1.0,-100.0,14.414414414414415,MARGIN CALL ($0)
89,63,0.0,116,13,103,1.0,-100.0,11.206896551724139,MARGIN CALL ($0)
89,64,0.0,121,15,106,1.0,-100.0,12.396694214876034,MARGIN CALL ($0)
89,65,0.0,117,16,101,1.0,-100.0,13.675213675213676,MARGIN CALL ($0)
9,40,0.0,48,10,38,1.0,-100.0,20.833333333333336,MARGIN CALL ($0)
9,41,0.0,49,10,39,1.0,-100.0,20.408163265306122,MARGIN CALL ($0)
9,42,0.0,60,10,50,1.0,-100.0,16.666666666666664,MARGIN CALL ($0)
9,43,0.0,62,11,51,1.0,-100.0,17.741935483870968,MARGIN CALL ($0)
9,44,0.0,59,11,48,1.0,-100.0,18.64406779661017,MARGIN CALL ($0)
9,45,0.0,58,11,47,1.0,-100.0,18.96551724137931,MARGIN CALL ($0)
9,46,0.0,58,11,47,1.0,-100.0,18.96551724137931,MARGIN CALL ($0)
9,47,0.0,61,11,50,1.0,-100.0,18.0327868852459,MARGIN CALL ($0)
9,48,0.0,60,11,49,1.0,-100.0,18.333333333333332,MARGIN CALL ($0)
9,49,0.0,60,12,48,1.0,-100.0,20.0,MARGIN CALL ($0)
9,50,0.0,59,12,47,1.0,-100.0,20.33898305084746,MARGIN CALL ($0)
9,51,0.0,50,10,40,1.0,-100.0,20.0,MARGIN CALL ($0)
9,52,0.0,56,13,43,1.0,-100.0,23.214285714285715,MARGIN CALL ($0)
9,53,0.0,55,13,42,1.0,-100.0,23.636363636363637,MARGIN CALL ($0)
9,54,0.0,60,15,45,1.0,-100.0,25.0,MARGIN CALL ($0)
89,81,0.0,73,9,64,1.0,-100.0,12.32876712328767,MARGIN CALL ($0)
89,82,0.0,53,6,47,1.0,-100.0,11.320754716981133,MARGIN CALL ($0)
89,83,0.0,54,6,48,1.0,-100.0,11.11111111111111,MARGIN CALL ($0)
89,84,0.0,52,6,46,1.0,-100.0,11.538461538461538,MARGIN CALL ($0)
89,85,0.0,52,6,46,1.0,-100.0,11.538461538461538,MARGIN CALL ($0)
89,86,0.0,50,6,44,1.0,-100.0,12.0,MARGIN CALL ($0)
89,87,0.0,50,6,44,1.0,-100.0,12.0,MARGIN CALL ($0)
89,88,0.0,50,6,44,1.0,-100.0,12.0,MARGIN CALL ($0)
89,89,0.0,50,6,44,1.0,-100.0,12.0,MARGIN CALL ($0)
89,90,0.0,50,7,43,1.0,-100.0,14.000000000000002,MARGIN CALL ($0)
89,91,0.0,50,7,43,1.0,-100.0,14.000000000000002,MARGIN CALL ($0)
89,92,0.0,51,7,44,1.0,-100.0,13.725490196078432,MARGIN CALL ($0)
89,93,0.0,51,8,43,1.0,-100.0,15.686274509803921,MARGIN CALL ($0)
89,94,0.0,51,8,43,1.0,-100.0,15.686274509803921,MARGIN CALL ($0)
89,95,0.0,53,8,45,1.0,-100.0,15.09433962264151,MARGIN CALL ($0)
89,96,0.0,54,8,46,1.0,-100.0,14.814814814814813,MARGIN CALL ($0)
89,97,0.0,53,8,45,1.0,-100.0,15.09433962264151,MARGIN CALL ($0)
89,98,0.0,54,8,46,1.0,-100.0,14.814814814814813,MARGIN CALL ($0)
89,99,0.0,74,12,62,1.0,-100.0,16.216216216216218,MARGIN CALL ($0)
89,100,0.0,74,12,62,1.0,-100.0,16.216216216216218,MARGIN CALL ($0)
90,1,0.0,87,12,75,1.0,-100.0,13.793103448275861,MARGIN CALL ($0)
90,2,0.0,44,4,40,1.0,-100.0,9.090909090909092,MARGIN CALL ($0)
90,3,0.0,43,5,38,1.0,-100.0,11.627906976744185,MARGIN CALL ($0)
90,4,0.0,35,4,31,1.0,-100.0,11.428571428571429,MARGIN CALL ($0)
90,5,0.0,83,14,69,1.0,-100.0,16.867469879518072,MARGIN CALL ($0)
90,6,0.0,98,23,75,1.0,-100.0,23.46938775510204,MARGIN CALL ($0)
90,7,0.0,143,38,105,1.0,-100.0,26.573426573426573,MARGIN CALL ($0)
90,8,0.0,65,11,54,1.0,-100.0,16.923076923076923,MARGIN CALL ($0)
90,9,0.0,35,4,31,1.0,-100.0,11.428571428571429,MARGIN CALL ($0)
90,10,0.0,34,3,31,1.0,-100.0,8.823529411764707,MARGIN CALL ($0)
90,11,0.0,32,3,29,1.0,-100.0,9.375,MARGIN CALL ($0)
90,12,0.0,1031,227,804,1.0,-100.0,22.017458777885548,MARGIN CALL ($0)
90,13,0.0,32,3,29,1.0,-100.0,9.375,MARGIN CALL ($0)
90,14,0.0,61,12,49,1.0,-100.0,19.672131147540984,MARGIN CALL ($0)
90,15,0.0,61,13,48,1.0,-100.0,21.311475409836063,MARGIN CALL ($0)
90,16,0.0,57,10,47,1.0,-100.0,17.543859649122805,MARGIN CALL ($0)
90,17,0.0,57,10,47,1.0,-100.0,17.543859649122805,MARGIN CALL ($0)
90,18,0.0,54,8,46,1.0,-100.0,14.814814814814813,MARGIN CALL ($0)
90,19,0.0,63,11,52,1.0,-100.0,17.46031746031746,MARGIN CALL ($0)
90,20,0.0,46,7,39,1.0,-100.0,15.217391304347828,MARGIN CALL ($0)
90,21,0.0,52,9,43,1.0,-100.0,17.307692307692307,MARGIN CALL ($0)
90,22,0.0,43,7,36,1.0,-100.0,16.27906976744186,MARGIN CALL ($0)
90,23,0.0,43,7,36,1.0,-100.0,16.27906976744186,MARGIN CALL ($0)
90,24,0.0,41,7,34,1.0,-100.0,17.073170731707318,MARGIN CALL ($0)
90,25,0.0,41,7,34,1.0,-100.0,17.073170731707318,MARGIN CALL ($0)
90,26,0.0,45,8,37,1.0,-100.0,17.77777777777778,MARGIN CALL ($0)
90,27,0.0,45,8,37,1.0,-100.0,17.77777777777778,MARGIN CALL ($0)
90,28,0.0,46,8,38,1.0,-100.0,17.391304347826086,MARGIN CALL ($0)
90,29,0.0,48,8,40,1.0,-100.0,16.666666666666664,MARGIN CALL ($0)
90,30,0.0,46,8,38,1.0,-100.0,17.391304347826086,MARGIN CALL ($0)
90,31,0.0,43,7,36,1.0,-100.0,16.27906976744186,MARGIN CALL ($0)
90,32,0.0,43,7,36,1.0,-100.0,16.27906976744186,MARGIN CALL ($0)
90,33,0.0,118,22,96,1.0,-100.0,18.64406779661017,MARGIN CALL ($0)
90,34,0.0,266,50,216,1.0,-100.0,18.796992481203006,MARGIN CALL ($0)
90,35,0.0,128,27,101,1.0,-100.0,21.09375,MARGIN CALL ($0)
90,36,0.0,125,27,98,1.0,-100.0,21.6,MARGIN CALL ($0)
9,55,0.0,61,15,46,1.0,-100.0,24.59016393442623,MARGIN CALL ($0)
90,38,0.0,650,102,548,1.0,-100.0,15.692307692307692,MARGIN CALL ($0)
90,39,0.0,863,134,729,1.0,-100.0,15.52723059096176,MARGIN CALL ($0)
90,40,0.0,115,24,91,1.0,-100.0,20.869565217391305,MARGIN CALL ($0)
90,41,0.0,90,17,73,1.0,-100.0,18.88888888888889,MARGIN CALL ($0)
90,42,0.0,112,26,86,1.0,-100.0,23.214285714285715,MARGIN CALL ($0)
90,43,0.0,96,21,75,1.0,-100.0,21.875,MARGIN CALL ($0)
90,44,0.0,104,20,84,1.0,-100.0,19.230769230769234,MARGIN CALL ($0)
90,45,0.0,106,19,87,1.0,-100.0,17.92452830188679,MARGIN CALL ($0)
90,46,0.0,102,18,84,1.0,-100.0,17.647058823529413,MARGIN CALL ($0)
90,47,0.0,109,19,90,1.0,-100.0,17.431192660550458,MARGIN CALL ($0)
90,48,0.0,88,16,72,1.0,-100.0,18.181818181818183,MARGIN CALL ($0)
90,49,0.0,86,16,70,1.0,-100.0,18.6046511627907,MARGIN CALL ($0)
90,50,0.0,44,7,37,1.0,-100.0,15.909090909090908,MARGIN CALL ($0)
90,51,0.0,51,7,44,1.0,-100.0,13.725490196078432,MARGIN CALL ($0)
90,52,0.0,50,7,43,1.0,-100.0,14.000000000000002,MARGIN CALL ($0)
90,53,0.0,50,7,43,1.0,-100.0,14.000000000000002,MARGIN CALL ($0)
90,54,0.0,51,7,44,1.0,-100.0,13.725490196078432,MARGIN CALL ($0)
90,55,0.0,86,15,71,1.0,-100.0,17.441860465116278,MARGIN CALL ($0)
90,56,0.0,84,15,69,1.0,-100.0,17.857142857142858,MARGIN CALL ($0)
90,57,0.0,83,15,68,1.0,-100.0,18.072289156626507,MARGIN CALL ($0)
90,58,0.0,82,12,70,1.0,-100.0,14.634146341463413,MARGIN CALL ($0)
90,59,0.0,78,11,67,1.0,-100.0,14.102564102564102,MARGIN CALL ($0)
90,60,0.0,111,16,95,1.0,-100.0,14.414414414414415,MARGIN CALL ($0)
90,61,0.0,101,14,87,1.0,-100.0,13.861386138613863,MARGIN CALL ($0)
90,62,0.0,102,14,88,1.0,-100.0,13.725490196078432,MARGIN CALL ($0)
90,63,0.0,117,13,104,1.0,-100.0,11.11111111111111,MARGIN CALL ($0)
90,64,0.0,122,15,107,1.0,-100.0,12.295081967213115,MARGIN CALL ($0)
90,65,0.0,122,16,106,1.0,-100.0,13.114754098360656,MARGIN CALL ($0)
9,56,0.0,58,15,43,1.0,-100.0,25.862068965517242,MARGIN CALL ($0)
9,57,0.0,56,13,43,1.0,-100.0,23.214285714285715,MARGIN CALL ($0)
9,58,0.0,57,13,44,1.0,-100.0,22.807017543859647,MARGIN CALL ($0)
9,59,0.0,56,13,43,1.0,-100.0,23.214285714285715,MARGIN CALL ($0)
9,60,0.0,63,13,50,1.0,-100.0,20.634920634920633,MARGIN CALL ($0)
9,61,0.0,61,13,48,1.0,-100.0,21.311475409836063,MARGIN CALL ($0)
9,62,0.0,59,13,46,1.0,-100.0,22.033898305084744,MARGIN CALL ($0)
9,63,0.0,53,12,41,1.0,-100.0,22.641509433962266,MARGIN CALL ($0)
9,64,0.0,53,12,41,1.0,-100.0,22.641509433962266,MARGIN CALL ($0)
9,65,0.0,53,12,41,1.0,-100.0,22.641509433962266,MARGIN CALL ($0)
9,66,0.0,55,12,43,1.0,-100.0,21.818181818181817,MARGIN CALL ($0)
9,67,0.0,376,92,284,1.0,-100.0,24.46808510638298,MARGIN CALL ($0)
9,68,0.0,57,12,45,1.0,-100.0,21.052631578947366,MARGIN CALL ($0)
9,73,0.0,383,94,289,1.0,-100.0,24.54308093994778,MARGIN CALL ($0)
9,74,0.0,383,93,290,1.0,-100.0,24.281984334203656,MARGIN CALL ($0)
90,81,0.0,72,9,63,1.0,-100.0,12.5,MARGIN CALL ($0)
90,82,0.0,52,6,46,1.0,-100.0,11.538461538461538,MARGIN CALL ($0)
90,83,0.0,51,6,45,1.0,-100.0,11.76470588235294,MARGIN CALL ($0)
90,84,0.0,51,6,45,1.0,-100.0,11.76470588235294,MARGIN CALL ($0)
90,85,0.0,51,6,45,1.0,-100.0,11.76470588235294,MARGIN CALL ($0)
90,86,0.0,50,6,44,1.0,-100.0,12.0,MARGIN CALL ($0)
90,87,0.0,49,6,43,1.0,-100.0,12.244897959183673,MARGIN CALL ($0)
90,88,0.0,49,6,43,1.0,-100.0,12.244897959183673,MARGIN CALL ($0)
90,89,0.0,49,6,43,1.0,-100.0,12.244897959183673,MARGIN CALL ($0)
90,90,0.0,50,7,43,1.0,-100.0,14.000000000000002,MARGIN CALL ($0)
90,91,0.0,50,7,43,1.0,-100.0,14.000000000000002,MARGIN CALL ($0)
90,92,0.0,51,7,44,1.0,-100.0,13.725490196078432,MARGIN CALL ($0)
90,93,0.0,51,8,43,1.0,-100.0,15.686274509803921,MARGIN CALL ($0)
90,94,0.0,51,8,43,1.0,-100.0,15.686274509803921,MARGIN CALL ($0)
90,95,0.0,53,8,45,1.0,-100.0,15.09433962264151,MARGIN CALL ($0)
90,96,0.0,54,8,46,1.0,-100.0,14.814814814814813,MARGIN CALL ($0)
90,97,0.0,53,8,45,1.0,-100.0,15.09433962264151,MARGIN CALL ($0)
90,98,0.0,54,8,46,1.0,-100.0,14.814814814814813,MARGIN CALL ($0)
90,99,0.0,74,12,62,1.0,-100.0,16.216216216216218,MARGIN CALL ($0)
90,100,0.0,74,12,62,1.0,-100.0,16.216216216216218,MARGIN CALL ($0)
91,1,0.0,87,12,75,1.0,-100.0,13.793103448275861,MARGIN CALL ($0)
91,2,0.0,44,4,40,1.0,-100.0,9.090909090909092,MARGIN CALL ($0)
91,3,0.0,43,5,38,1.0,-100.0,11.627906976744185,MARGIN CALL ($0)
91,4,0.0,35,4,31,1.0,-100.0,11.428571428571429,MARGIN CALL ($0)
91,5,0.0,83,14,69,1.0,-100.0,16.867469879518072,MARGIN CALL ($0)
91,6,0.0,97,23,74,1.0,-100.0,23.711340206185564,MARGIN CALL ($0)
91,7,0.0,142,38,104,1.0,-100.0,26.76056338028169,MARGIN CALL ($0)
91,8,0.0,65,11,54,1.0,-100.0,16.923076923076923,MARGIN CALL ($0)
91,9,0.0,35,4,31,1.0,-100.0,11.428571428571429,MARGIN CALL ($0)
91,10,0.0,34,3,31,1.0,-100.0,8.823529411764707,MARGIN CALL ($0)
91,11,0.0,32,3,29,1.0,-100.0,9.375,MARGIN CALL ($0)
91,12,0.0,1034,227,807,1.0,-100.0,21.953578336557058,MARGIN CALL ($0)
91,13,0.0,32,3,29,1.0,-100.0,9.375,MARGIN CALL ($0)
91,14,0.0,61,12,49,1.0,-100.0,19.672131147540984,MARGIN CALL ($0)
91,15,0.0,60,13,47,1.0,-100.0,21.666666666666668,MARGIN CALL ($0)
91,16,0.0,57,10,47,1.0,-100.0,17.543859649122805,MARGIN CALL ($0)
91,17,0.0,57,10,47,1.0,-100.0,17.543859649122805,MARGIN CALL ($0)
91,18,0.0,54,8,46,1.0,-100.0,14.814814814814813,MARGIN CALL ($0)
91,19,0.0,63,11,52,1.0,-100.0,17.46031746031746,MARGIN CALL ($0)
91,20,0.0,46,7,39,1.0,-100.0,15.217391304347828,MARGIN CALL ($0)
91,21,0.0,52,9,43,1.0,-100.0,17.307692307692307,MARGIN CALL ($0)
91,22,0.0,43,7,36,1.0,-100.0,16.27906976744186,MARGIN CALL ($0)
91,23,0.0,43,7,36,1.0,-100.0,16.27906976744186,MARGIN CALL ($0)
91,24,0.0,41,7,34,1.0,-100.0,17.073170731707318,MARGIN CALL ($0)
91,25,0.0,41,7,34,1.0,-100.0,17.073170731707318,MARGIN CALL ($0)
91,26,0.0,45,8,37,1.0,-100.0,17.77777777777778,MARGIN CALL ($0)
91,27,0.0,45,8,37,1.0,-100.0,17.77777777777778,MARGIN CALL ($0)
91,28,0.0,46,8,38,1.0,-100.0,17.391304347826086,MARGIN CALL ($0)
91,29,0.0,48,8,40,1.0,-100.0,16.666666666666664,MARGIN CALL ($0)
91,30,0.0,46,8,38,1.0,-100.0,17.391304347826086,MARGIN CALL ($0)
91,31,0.0,43,7,36,1.0,-100.0,16.27906976744186,MARGIN CALL ($0)
91,32,0.0,43,7,36,1.0,-100.0,16.27906976744186,MARGIN CALL ($0)
91,33,0.0,119,22,97,1.0,-100.0,18.487394957983195,MARGIN CALL ($0)
91,34,0.0,407,86,321,1.0,-100.0,21.13022113022113,MARGIN CALL ($0)
91,35,0.0,130,27,103,1.0,-100.0,20.76923076923077,MARGIN CALL ($0)
91,36,0.0,132,28,104,1.0,-100.0,21.21212121212121,MARGIN CALL ($0)
9,75,0.0,378,93,285,1.0,-100.0,24.6031746031746,MARGIN CALL ($0)
9,76,0.0,379,94,285,1.0,-100.0,24.80211081794195,MARGIN CALL ($0)
9,77,0.0,245,62,183,1.0,-100.0,25.30612244897959,MARGIN CALL ($0)
91,40,0.0,116,24,92,1.0,-100.0,20.689655172413794,MARGIN CALL ($0)
91,41,0.0,91,17,74,1.0,-100.0,18.681318681318682,MARGIN CALL ($0)
91,42,0.0,115,26,89,1.0,-100.0,22.608695652173914,MARGIN CALL ($0)
91,43,0.0,95,21,74,1.0,-100.0,22.105263157894736,MARGIN CALL ($0)
91,44,0.0,107,20,87,1.0,-100.0,18.69158878504673,MARGIN CALL ($0)
91,45,0.0,107,19,88,1.0,-100.0,17.75700934579439,MARGIN CALL ($0)
91,46,0.0,103,18,85,1.0,-100.0,17.475728155339805,MARGIN CALL ($0)
91,47,0.0,110,19,91,1.0,-100.0,17.272727272727273,MARGIN CALL ($0)
91,48,0.0,88,16,72,1.0,-100.0,18.181818181818183,MARGIN CALL ($0)
91,49,0.0,88,17,71,1.0,-100.0,19.318181818181817,MARGIN CALL ($0)
91,50,0.0,44,7,37,1.0,-100.0,15.909090909090908,MARGIN CALL ($0)
91,51,0.0,51,7,44,1.0,-100.0,13.725490196078432,MARGIN CALL ($0)
91,52,0.0,50,7,43,1.0,-100.0,14.000000000000002,MARGIN CALL ($0)
91,53,0.0,50,7,43,1.0,-100.0,14.000000000000002,MARGIN CALL ($0)
91,54,0.0,51,7,44,1.0,-100.0,13.725490196078432,MARGIN CALL ($0)
91,55,0.0,85,15,70,1.0,-100.0,17.647058823529413,MARGIN CALL ($0)
91,56,0.0,84,15,69,1.0,-100.0,17.857142857142858,MARGIN CALL ($0)
91,57,0.0,83,15,68,1.0,-100.0,18.072289156626507,MARGIN CALL ($0)
91,58,0.0,82,12,70,1.0,-100.0,14.634146341463413,MARGIN CALL ($0)
91,59,0.0,78,11,67,1.0,-100.0,14.102564102564102,MARGIN CALL ($0)
91,60,0.0,111,16,95,1.0,-100.0,14.414414414414415,MARGIN CALL ($0)
91,61,0.0,101,14,87,1.0,-100.0,13.861386138613863,MARGIN CALL ($0)
91,62,0.0,102,14,88,1.0,-100.0,13.725490196078432,MARGIN CALL ($0)
91,63,0.0,116,13,103,1.0,-100.0,11.206896551724139,MARGIN CALL ($0)
91,64,0.0,122,15,107,1.0,-100.0,12.295081967213115,MARGIN CALL ($0)
91,65,0.0,122,16,106,1.0,-100.0,13.114754098360656,MARGIN CALL ($0)
9,78,0.0,250,63,187,1.0,-100.0,25.2,MARGIN CALL ($0)
9,79,0.0,247,62,185,1.0,-100.0,25.101214574898783,MARGIN CALL ($0)
9,80,0.0,344,80,264,1.0,-100.0,23.25581395348837,MARGIN CALL ($0)
9,81,0.0,339,80,259,1.0,-100.0,23.59882005899705,MARGIN CALL ($0)
9,82,0.0,337,81,256,1.0,-100.0,24.03560830860534,MARGIN CALL ($0)
9,83,0.0,335,80,255,1.0,-100.0,23.88059701492537,MARGIN CALL ($0)
9,84,0.0,329,79,250,1.0,-100.0,24.012158054711247,MARGIN CALL ($0)
9,85,0.0,246,61,185,1.0,-100.0,24.796747967479675,MARGIN CALL ($0)
9,86,0.0,271,66,205,1.0,-100.0,24.354243542435423,MARGIN CALL ($0)
9,87,0.0,225,57,168,1.0,-100.0,25.333333333333336,MARGIN CALL ($0)
9,88,0.0,262,66,196,1.0,-100.0,25.190839694656486,MARGIN CALL ($0)
9,89,0.0,314,75,239,1.0,-100.0,23.88535031847134,MARGIN CALL ($0)
9,90,0.0,312,77,235,1.0,-100.0,24.679487179487182,MARGIN CALL ($0)
9,91,0.0,263,67,196,1.0,-100.0,25.475285171102662,MARGIN CALL ($0)
9,92,0.0,313,77,236,1.0,-100.0,24.600638977635782,MARGIN CALL ($0)
91,81,0.0,72,9,63,1.0,-100.0,12.5,MARGIN CALL ($0)
91,82,0.0,52,6,46,1.0,-100.0,11.538461538461538,MARGIN CALL ($0)
91,83,0.0,51,6,45,1.0,-100.0,11.76470588235294,MARGIN CALL ($0)
91,84,0.0,51,6,45,1.0,-100.0,11.76470588235294,MARGIN CALL ($0)
91,85,0.0,51,6,45,1.0,-100.0,11.76470588235294,MARGIN CALL ($0)
91,86,0.0,50,6,44,1.0,-100.0,12.0,MARGIN CALL ($0)
91,87,0.0,49,6,43,1.0,-100.0,12.244897959183673,MARGIN CALL ($0)
91,88,0.0,49,6,43,1.0,-100.0,12.244897959183673,MARGIN CALL ($0)
91,89,0.0,49,6,43,1.0,-100.0,12.244897959183673,MARGIN CALL ($0)
91,90,0.0,50,7,43,1.0,-100.0,14.000000000000002,MARGIN CALL ($0)
91,91,0.0,50,7,43,1.0,-100.0,14.000000000000002,MARGIN CALL ($0)
91,92,0.0,51,7,44,1.0,-100.0,13.725490196078432,MARGIN CALL ($0)
91,93,0.0,52,8,44,1.0,-100.0,15.384615384615385,MARGIN CALL ($0)
91,94,0.0,52,8,44,1.0,-100.0,15.384615384615385,MARGIN CALL ($0)
91,95,0.0,52,8,44,1.0,-100.0,15.384615384615385,MARGIN CALL ($0)
91,96,0.0,53,8,45,1.0,-100.0,15.09433962264151,MARGIN CALL ($0)
91,97,0.0,55,8,47,1.0,-100.0,14.545454545454545,MARGIN CALL ($0)
91,98,0.0,53,8,45,1.0,-100.0,15.09433962264151,MARGIN CALL ($0)
91,99,0.0,85,14,71,1.0,-100.0,16.470588235294116,MARGIN CALL ($0)
91,100,0.0,72,12,60,1.0,-100.0,16.666666666666664,MARGIN CALL ($0)
92,1,0.0,87,12,75,1.0,-100.0,13.793103448275861,MARGIN CALL ($0)
92,2,0.0,44,4,40,1.0,-100.0,9.090909090909092,MARGIN CALL ($0)
92,3,0.0,43,5,38,1.0,-100.0,11.627906976744185,MARGIN CALL ($0)
92,4,0.0,35,4,31,1.0,-100.0,11.428571428571429,MARGIN CALL ($0)
92,5,0.0,83,14,69,1.0,-100.0,16.867469879518072,MARGIN CALL ($0)
92,6,0.0,97,23,74,1.0,-100.0,23.711340206185564,MARGIN CALL ($0)
92,7,0.0,142,38,104,1.0,-100.0,26.76056338028169,MARGIN CALL ($0)
92,8,0.0,65,11,54,1.0,-100.0,16.923076923076923,MARGIN CALL ($0)
92,9,0.0,35,4,31,1.0,-100.0,11.428571428571429,MARGIN CALL ($0)
92,10,0.0,34,3,31,1.0,-100.0,8.823529411764707,MARGIN CALL ($0)
92,11,0.0,32,3,29,1.0,-100.0,9.375,MARGIN CALL ($0)
92,12,0.0,387,95,292,1.0,-100.0,24.54780361757106,MARGIN CALL ($0)
92,13,0.0,32,3,29,1.0,-100.0,9.375,MARGIN CALL ($0)
92,14,0.0,61,12,49,1.0,-100.0,19.672131147540984,MARGIN CALL ($0)
92,15,0.0,60,13,47,1.0,-100.0,21.666666666666668,MARGIN CALL ($0)
92,16,0.0,57,10,47,1.0,-100.0,17.543859649122805,MARGIN CALL ($0)
92,17,0.0,57,10,47,1.0,-100.0,17.543859649122805,MARGIN CALL ($0)
92,18,0.0,54,8,46,1.0,-100.0,14.814814814814813,MARGIN CALL ($0)
92,19,0.0,63,11,52,1.0,-100.0,17.46031746031746,MARGIN CALL ($0)
92,20,0.0,46,7,39,1.0,-100.0,15.217391304347828,MARGIN CALL ($0)
92,21,0.0,52,9,43,1.0,-100.0,17.307692307692307,MARGIN CALL ($0)
92,22,0.0,43,7,36,1.0,-100.0,16.27906976744186,MARGIN CALL ($0)
92,23,0.0,43,7,36,1.0,-100.0,16.27906976744186,MARGIN CALL ($0)
92,24,0.0,41,7,34,1.0,-100.0,17.073170731707318,MARGIN CALL ($0)
92,25,0.0,41,7,34,1.0,-100.0,17.073170731707318,MARGIN CALL ($0)
92,26,0.0,45,8,37,1.0,-100.0,17.77777777777778,MARGIN CALL ($0)
92,27,0.0,45,8,37,1.0,-100.0,17.77777777777778,MARGIN CALL ($0)
92,28,0.0,46,8,38,1.0,-100.0,17.391304347826086,MARGIN CALL ($0)
92,29,0.0,48,8,40,1.0,-100.0,16.666666666666664,MARGIN CALL ($0)
92,30,0.0,46,8,38,1.0,-100.0,17.391304347826086,MARGIN CALL ($0)
92,31,0.0,43,7,36,1.0,-100.0,16.27906976744186,MARGIN CALL ($0)
92,32,0.0,43,7,36,1.0,-100.0,16.27906976744186,MARGIN CALL ($0)
92,33,0.0,121,22,99,1.0,-100.0,18.181818181818183,MARGIN CALL ($0)
92,34,0.0,426,89,337,1.0,-100.0,20.89201877934272,MARGIN CALL ($0)
92,35,0.0,130,27,103,1.0,-100.0,20.76923076923077,MARGIN CALL ($0)
92,36,0.0,133,28,105,1.0,-100.0,21.052631578947366,MARGIN CALL ($0)
9,93,0.0,315,76,239,1.0,-100.0,24.126984126984127,MARGIN CALL ($0)
9,94,0.0,305,74,231,1.0,-100.0,24.262295081967213,MARGIN CALL ($0)
9,95,0.0,257,64,193,1.0,-100.0,24.90272373540856,MARGIN CALL ($0)
92,40,0.0,117,24,93,1.0,-100.0,20.51282051282051,MARGIN CALL ($0)
92,41,0.0,90,17,73,1.0,-100.0,18.88888888888889,MARGIN CALL ($0)
92,42,0.0,112,26,86,1.0,-100.0,23.214285714285715,MARGIN CALL ($0)
92,43,0.0,95,21,74,1.0,-100.0,22.105263157894736,MARGIN CALL ($0)
92,44,0.0,105,20,85,1.0,-100.0,19.047619047619047,MARGIN CALL ($0)
92,45,0.0,108,19,89,1.0,-100.0,17.59259259259259,MARGIN CALL ($0)
92,46,0.0,103,18,85,1.0,-100.0,17.475728155339805,MARGIN CALL ($0)
92,47,0.0,110,19,91,1.0,-100.0,17.272727272727273,MARGIN CALL ($0)
92,48,0.0,88,16,72,1.0,-100.0,18.181818181818183,MARGIN CALL ($0)
92,49,0.0,85,16,69,1.0,-100.0,18.823529411764707,MARGIN CALL ($0)
92,50,0.0,44,7,37,1.0,-100.0,15.909090909090908,MARGIN CALL ($0)
92,51,0.0,51,7,44,1.0,-100.0,13.725490196078432,MARGIN CALL ($0)
92,52,0.0,50,7,43,1.0,-100.0,14.000000000000002,MARGIN CALL ($0)
92,53,0.0,50,7,43,1.0,-100.0,14.000000000000002,MARGIN CALL ($0)
92,54,0.0,51,7,44,1.0,-100.0,13.725490196078432,MARGIN CALL ($0)
92,55,0.0,86,15,71,1.0,-100.0,17.441860465116278,MARGIN CALL ($0)
92,56,0.0,85,15,70,1.0,-100.0,17.647058823529413,MARGIN CALL ($0)
92,57,0.0,83,15,68,1.0,-100.0,18.072289156626507,MARGIN CALL ($0)
92,58,0.0,80,12,68,1.0,-100.0,15.0,MARGIN CALL ($0)
92,59,0.0,78,11,67,1.0,-100.0,14.102564102564102,MARGIN CALL ($0)
92,60,0.0,112,16,96,1.0,-100.0,14.285714285714285,MARGIN CALL ($0)
92,61,0.0,102,14,88,1.0,-100.0,13.725490196078432,MARGIN CALL ($0)
92,62,0.0,103,14,89,1.0,-100.0,13.592233009708737,MARGIN CALL ($0)
92,63,0.0,117,13,104,1.0,-100.0,11.11111111111111,MARGIN CALL ($0)
92,64,0.0,123,15,108,1.0,-100.0,12.195121951219512,MARGIN CALL ($0)
92,65,0.0,123,16,107,1.0,-100.0,13.008130081300814,MARGIN CALL ($0)
9,96,0.0,305,77,228,1.0,-100.0,25.245901639344265,MARGIN CALL ($0)
9,97,0.0,303,77,226,1.0,-100.0,25.412541254125415,MARGIN CALL ($0)
9,98,0.0,308,78,230,1.0,-100.0,25.324675324675322,MARGIN CALL ($0)
9,99,0.0,252,63,189,1.0,-100.0,25.0,MARGIN CALL ($0)
9,100,0.0,298,75,223,1.0,-100.0,25.16778523489933,MARGIN CALL ($0)
10,1,0.0,65,9,56,1.0,-100.0,13.846153846153847,MARGIN CALL ($0)
10,2,0.0,44,4,40,1.0,-100.0,9.090909090909092,MARGIN CALL ($0)
10,3,0.0,44,5,39,1.0,-100.0,11.363636363636363,MARGIN CALL ($0)
10,4,0.0,36,4,32,1.0,-100.0,11.11111111111111,MARGIN CALL ($0)
10,5,0.0,49,8,41,1.0,-100.0,16.3265306122449,MARGIN CALL ($0)
10,6,0.0,114,27,87,1.0,-100.0,23.684210526315788,MARGIN CALL ($0)
10,7,0.0,147,38,109,1.0,-100.0,25.850340136054424,MARGIN CALL ($0)
10,8,0.0,68,11,57,1.0,-100.0,16.176470588235293,MARGIN CALL ($0)
10,9,0.0,34,4,30,1.0,-100.0,11.76470588235294,MARGIN CALL ($0)
10,10,0.0,32,3,29,1.0,-100.0,9.375,MARGIN CALL ($0)
92,81,0.0,75,9,66,1.0,-100.0,12.0,MARGIN CALL ($0)
92,82,0.0,52,6,46,1.0,-100.0,11.538461538461538,MARGIN CALL ($0)
92,83,0.0,51,6,45,1.0,-100.0,11.76470588235294,MARGIN CALL ($0)
92,84,0.0,52,6,46,1.0,-100.0,11.538461538461538,MARGIN CALL ($0)
92,85,0.0,52,6,46,1.0,-100.0,11.538461538461538,MARGIN CALL ($0)
92,86,0.0,51,6,45,1.0,-100.0,11.76470588235294,MARGIN CALL ($0)
92,87,0.0,50,6,44,1.0,-100.0,12.0,MARGIN CALL ($0)
92,88,0.0,50,6,44,1.0,-100.0,12.0,MARGIN CALL ($0)
92,89,0.0,51,6,45,1.0,-100.0,11.76470588235294,MARGIN CALL ($0)
92,90,0.0,51,7,44,1.0,-100.0,13.725490196078432,MARGIN CALL ($0)
92,91,0.0,51,7,44,1.0,-100.0,13.725490196078432,MARGIN CALL ($0)
92,92,0.0,51,7,44,1.0,-100.0,13.725490196078432,MARGIN CALL ($0)
92,93,0.0,51,8,43,1.0,-100.0,15.686274509803921,MARGIN CALL ($0)
92,94,0.0,52,8,44,1.0,-100.0,15.384615384615385,MARGIN CALL ($0)
92,95,0.0,52,8,44,1.0,-100.0,15.384615384615385,MARGIN CALL ($0)
92,96,0.0,52,8,44,1.0,-100.0,15.384615384615385,MARGIN CALL ($0)
92,97,0.0,53,8,45,1.0,-100.0,15.09433962264151,MARGIN CALL ($0)
92,98,0.0,54,8,46,1.0,-100.0,14.814814814814813,MARGIN CALL ($0)
92,99,0.0,84,14,70,1.0,-100.0,16.666666666666664,MARGIN CALL ($0)
92,100,0.0,82,14,68,1.0,-100.0,17.073170731707318,MARGIN CALL ($0)
93,1,0.0,87,12,75,1.0,-100.0,13.793103448275861,MARGIN CALL ($0)
93,2,0.0,44,4,40,1.0,-100.0,9.090909090909092,MARGIN CALL ($0)
93,3,0.0,43,5,38,1.0,-100.0,11.627906976744185,MARGIN CALL ($0)
93,4,0.0,35,4,31,1.0,-100.0,11.428571428571429,MARGIN CALL ($0)
93,5,0.0,83,14,69,1.0,-100.0,16.867469879518072,MARGIN CALL ($0)
93,6,0.0,97,23,74,1.0,-100.0,23.711340206185564,MARGIN CALL ($0)
93,7,0.0,142,38,104,1.0,-100.0,26.76056338028169,MARGIN CALL ($0)
93,8,0.0,65,11,54,1.0,-100.0,16.923076923076923,MARGIN CALL ($0)
93,9,0.0,35,4,31,1.0,-100.0,11.428571428571429,MARGIN CALL ($0)
93,10,0.0,34,3,31,1.0,-100.0,8.823529411764707,MARGIN CALL ($0)
93,11,0.0,32,3,29,1.0,-100.0,9.375,MARGIN CALL ($0)
93,12,0.0,385,96,289,1.0,-100.0,24.935064935064936,MARGIN CALL ($0)
93,13,0.0,32,3,29,1.0,-100.0,9.375,MARGIN CALL ($0)
93,14,0.0,61,12,49,1.0,-100.0,19.672131147540984,MARGIN CALL ($0)
93,15,0.0,60,13,47,1.0,-100.0,21.666666666666668,MARGIN CALL ($0)
93,16,0.0,57,10,47,1.0,-100.0,17.543859649122805,MARGIN CALL ($0)
93,17,0.0,57,10,47,1.0,-100.0,17.543859649122805,MARGIN CALL ($0)
93,18,0.0,54,8,46,1.0,-100.0,14.814814814814813,MARGIN CALL ($0)
93,19,0.0,63,11,52,1.0,-100.0,17.46031746031746,MARGIN CALL ($0)
93,20,0.0,46,7,39,1.0,-100.0,15.217391304347828,MARGIN CALL ($0)
93,21,0.0,52,9,43,1.0,-100.0,17.307692307692307,MARGIN CALL ($0)
93,22,0.0,43,7,36,1.0,-100.0,16.27906976744186,MARGIN CALL ($0)
93,23,0.0,43,7,36,1.0,-100.0,16.27906976744186,MARGIN CALL ($0)
93,24,0.0,41,7,34,1.0,-100.0,17.073170731707318,MARGIN CALL ($0)
93,25,0.0,41,7,34,1.0,-100.0,17.073170731707318,MARGIN CALL ($0)
93,26,0.0,45,8,37,1.0,-100.0,17.77777777777778,MARGIN CALL ($0)
93,27,0.0,45,8,37,1.0,-100.0,17.77777777777778,MARGIN CALL ($0)
93,28,0.0,46,8,38,1.0,-100.0,17.391304347826086,MARGIN CALL ($0)
93,29,0.0,48,8,40,1.0,-100.0,16.666666666666664,MARGIN CALL ($0)
93,30,0.0,46,8,38,1.0,-100.0,17.391304347826086,MARGIN CALL ($0)
93,31,0.0,43,7,36,1.0,-100.0,16.27906976744186,MARGIN CALL ($0)
93,32,0.0,43,7,36,1.0,-100.0,16.27906976744186,MARGIN CALL ($0)
93,33,0.0,121,22,99,1.0,-100.0,18.181818181818183,MARGIN CALL ($0)
93,34,0.0,434,88,346,1.0,-100.0,20.276497695852534,MARGIN CALL ($0)
93,35,0.0,129,27,102,1.0,-100.0,20.930232558139537,MARGIN CALL ($0)
93,36,0.0,134,28,106,1.0,-100.0,20.8955223880597,MARGIN CALL ($0)
10,11,0.0,31,3,28,1.0,-100.0,9.67741935483871,MARGIN CALL ($0)
10,12,0.0,33,3,30,1.0,-100.0,9.090909090909092,MARGIN CALL ($0)
10,13,0.0,35,3,32,1.0,-100.0,8.571428571428571,MARGIN CALL ($0)
93,40,0.0,117,24,93,1.0,-100.0,20.51282051282051,MARGIN CALL ($0)
93,41,0.0,89,17,72,1.0,-100.0,19.101123595505616,MARGIN CALL ($0)
93,42,0.0,112,26,86,1.0,-100.0,23.214285714285715,MARGIN CALL ($0)
93,43,0.0,95,21,74,1.0,-100.0,22.105263157894736,MARGIN CALL ($0)
93,44,0.0,105,20,85,1.0,-100.0,19.047619047619047,MARGIN CALL ($0)
93,45,0.0,108,19,89,1.0,-100.0,17.59259259259259,MARGIN CALL ($0)
93,46,0.0,103,18,85,1.0,-100.0,17.475728155339805,MARGIN CALL ($0)
93,47,0.0,110,19,91,1.0,-100.0,17.272727272727273,MARGIN CALL ($0)
93,48,0.0,88,16,72,1.0,-100.0,18.181818181818183,MARGIN CALL ($0)
93,49,0.0,85,16,69,1.0,-100.0,18.823529411764707,MARGIN CALL ($0)
93,50,0.0,44,7,37,1.0,-100.0,15.909090909090908,MARGIN CALL ($0)
93,51,0.0,51,7,44,1.0,-100.0,13.725490196078432,MARGIN CALL ($0)
93,52,0.0,50,7,43,1.0,-100.0,14.000000000000002,MARGIN CALL ($0)
93,53,0.0,50,7,43,1.0,-100.0,14.000000000000002,MARGIN CALL ($0)
93,54,0.0,51,7,44,1.0,-100.0,13.725490196078432,MARGIN CALL ($0)
93,55,0.0,86,15,71,1.0,-100.0,17.441860465116278,MARGIN CALL ($0)
93,56,0.0,85,15,70,1.0,-100.0,17.647058823529413,MARGIN CALL ($0)
93,57,0.0,83,15,68,1.0,-100.0,18.072289156626507,MARGIN CALL ($0)
93,58,0.0,80,12,68,1.0,-100.0,15.0,MARGIN CALL ($0)
93,59,0.0,78,11,67,1.0,-100.0,14.102564102564102,MARGIN CALL ($0)
93,60,0.0,111,16,95,1.0,-100.0,14.414414414414415,MARGIN CALL ($0)
93,61,0.0,101,14,87,1.0,-100.0,13.861386138613863,MARGIN CALL ($0)
93,62,0.0,102,14,88,1.0,-100.0,13.725490196078432,MARGIN CALL ($0)
93,63,0.0,117,13,104,1.0,-100.0,11.11111111111111,MARGIN CALL ($0)
93,64,0.0,122,15,107,1.0,-100.0,12.295081967213115,MARGIN CALL ($0)
93,65,0.0,123,16,107,1.0,-100.0,13.008130081300814,MARGIN CALL ($0)
10,14,0.0,72,15,57,1.0,-100.0,20.833333333333336,MARGIN CALL ($0)
10,15,0.0,300,75,225,1.0,-100.0,25.0,MARGIN CALL ($0)
10,16,0.0,433,107,326,1.0,-100.0,24.71131639722864,MARGIN CALL ($0)
10,17,0.0,418,100,318,1.0,-100.0,23.923444976076556,MARGIN CALL ($0)
10,18,0.0,370,88,282,1.0,-100.0,23.783783783783786,MARGIN CALL ($0)
10,19,0.0,387,92,295,1.0,-100.0,23.772609819121445,MARGIN CALL ($0)
10,20,0.0,397,95,302,1.0,-100.0,23.929471032745592,MARGIN CALL ($0)
10,21,0.0,415,98,317,1.0,-100.0,23.6144578313253,MARGIN CALL ($0)
10,22,0.0,415,97,318,1.0,-100.0,23.373493975903614,MARGIN CALL ($0)
10,23,0.0,381,91,290,1.0,-100.0,23.88451443569554,MARGIN CALL ($0)
10,24,0.0,307,72,235,1.0,-100.0,23.452768729641694,MARGIN CALL ($0)
10,25,0.0,292,68,224,1.0,-100.0,23.28767123287671,MARGIN CALL ($0)
10,26,0.0,372,88,284,1.0,-100.0,23.655913978494624,MARGIN CALL ($0)
10,27,0.0,353,81,272,1.0,-100.0,22.946175637393768,MARGIN CALL ($0)
10,28,0.0,383,91,292,1.0,-100.0,23.759791122715406,MARGIN CALL ($0)
93,81,0.0,75,9,66,1.0,-100.0,12.0,MARGIN CALL ($0)
93,82,0.0,52,6,46,1.0,-100.0,11.538461538461538,MARGIN CALL ($0)
93,83,0.0,51,6,45,1.0,-100.0,11.76470588235294,MARGIN CALL ($0)
93,84,0.0,52,7,45,1.0,-100.0,13.461538461538462,MARGIN CALL ($0)
93,85,0.0,52,7,45,1.0,-100.0,13.461538461538462,MARGIN CALL ($0)
93,86,0.0,52,7,45,1.0,-100.0,13.461538461538462,MARGIN CALL ($0)
93,87,0.0,50,7,43,1.0,-100.0,14.000000000000002,MARGIN CALL ($0)
93,88,0.0,51,7,44,1.0,-100.0,13.725490196078432,MARGIN CALL ($0)
93,89,0.0,51,7,44,1.0,-100.0,13.725490196078432,MARGIN CALL ($0)
93,90,0.0,51,8,43,1.0,-100.0,15.686274509803921,MARGIN CALL ($0)
93,91,0.0,52,8,44,1.0,-100.0,15.384615384615385,MARGIN CALL ($0)
93,92,0.0,51,8,43,1.0,-100.0,15.686274509803921,MARGIN CALL ($0)
93,93,0.0,50,8,42,1.0,-100.0,16.0,MARGIN CALL ($0)
93,94,0.0,50,8,42,1.0,-100.0,16.0,MARGIN CALL ($0)
93,95,0.0,52,8,44,1.0,-100.0,15.384615384615385,MARGIN CALL ($0)
93,96,0.0,51,8,43,1.0,-100.0,15.686274509803921,MARGIN CALL ($0)
93,97,0.0,52,8,44,1.0,-100.0,15.384615384615385,MARGIN CALL ($0)
93,98,0.0,53,8,45,1.0,-100.0,15.09433962264151,MARGIN CALL ($0)
93,99,0.0,83,15,68,1.0,-100.0,18.072289156626507,MARGIN CALL ($0)
93,100,0.0,83,15,68,1.0,-100.0,18.072289156626507,MARGIN CALL ($0)
94,1,0.0,87,12,75,1.0,-100.0,13.793103448275861,MARGIN CALL ($0)
94,2,0.0,44,4,40,1.0,-100.0,9.090909090909092,MARGIN CALL ($0)
94,3,0.0,43,5,38,1.0,-100.0,11.627906976744185,MARGIN CALL ($0)
94,4,0.0,35,4,31,1.0,-100.0,11.428571428571429,MARGIN CALL ($0)
94,5,0.0,83,14,69,1.0,-100.0,16.867469879518072,MARGIN CALL ($0)
94,6,0.0,97,23,74,1.0,-100.0,23.711340206185564,MARGIN CALL ($0)
94,7,0.0,142,38,104,1.0,-100.0,26.76056338028169,MARGIN CALL ($0)
94,8,0.0,65,11,54,1.0,-100.0,16.923076923076923,MARGIN CALL ($0)
94,9,0.0,35,4,31,1.0,-100.0,11.428571428571429,MARGIN CALL ($0)
94,10,0.0,34,3,31,1.0,-100.0,8.823529411764707,MARGIN CALL ($0)
94,11,0.0,32,3,29,1.0,-100.0,9.375,MARGIN CALL ($0)
94,12,0.0,380,96,284,1.0,-100.0,25.263157894736842,MARGIN CALL ($0)
94,13,0.0,32,3,29,1.0,-100.0,9.375,MARGIN CALL ($0)
94,14,0.0,61,12,49,1.0,-100.0,19.672131147540984,MARGIN CALL ($0)
94,15,0.0,60,13,47,1.0,-100.0,21.666666666666668,MARGIN CALL ($0)
94,16,0.0,57,10,47,1.0,-100.0,17.543859649122805,MARGIN CALL ($0)
94,17,0.0,56,10,46,1.0,-100.0,17.857142857142858,MARGIN CALL ($0)
94,18,0.0,55,8,47,1.0,-100.0,14.545454545454545,MARGIN CALL ($0)
94,19,0.0,63,11,52,1.0,-100.0,17.46031746031746,MARGIN CALL ($0)
94,20,0.0,47,7,40,1.0,-100.0,14.893617021276595,MARGIN CALL ($0)
94,21,0.0,51,9,42,1.0,-100.0,17.647058823529413,MARGIN CALL ($0)
94,22,0.0,43,7,36,1.0,-100.0,16.27906976744186,MARGIN CALL ($0)
94,23,0.0,43,7,36,1.0,-100.0,16.27906976744186,MARGIN CALL ($0)
94,24,0.0,41,7,34,1.0,-100.0,17.073170731707318,MARGIN CALL ($0)
94,25,0.0,41,7,34,1.0,-100.0,17.073170731707318,MARGIN CALL ($0)
94,26,0.0,45,8,37,1.0,-100.0,17.77777777777778,MARGIN CALL ($0)
94,27,0.0,45,8,37,1.0,-100.0,17.77777777777778,MARGIN CALL ($0)
94,28,0.0,46,8,38,1.0,-100.0,17.391304347826086,MARGIN CALL ($0)
94,29,0.0,48,8,40,1.0,-100.0,16.666666666666664,MARGIN CALL ($0)
94,30,0.0,45,8,37,1.0,-100.0,17.77777777777778,MARGIN CALL ($0)
94,31,0.0,43,7,36,1.0,-100.0,16.27906976744186,MARGIN CALL ($0)
94,32,0.0,42,7,35,1.0,-100.0,16.666666666666664,MARGIN CALL ($0)
94,33,0.0,119,22,97,1.0,-100.0,18.487394957983195,MARGIN CALL ($0)
94,34,0.0,427,85,342,1.0,-100.0,19.906323185011708,MARGIN CALL ($0)
94,35,0.0,127,26,101,1.0,-100.0,20.47244094488189,MARGIN CALL ($0)
94,36,0.0,126,27,99,1.0,-100.0,21.428571428571427,MARGIN CALL ($0)
10,29,0.0,397,96,301,1.0,-100.0,24.181360201511335,MARGIN CALL ($0)
10,30,0.0,400,96,304,1.0,-100.0,24.0,MARGIN CALL ($0)
10,31,0.0,410,107,303,1.0,-100.0,26.097560975609756,MARGIN CALL ($0)
94,40,0.0,115,24,91,1.0,-100.0,20.869565217391305,MARGIN CALL ($0)
94,41,0.0,89,17,72,1.0,-100.0,19.101123595505616,MARGIN CALL ($0)
94,42,0.0,112,26,86,1.0,-100.0,23.214285714285715,MARGIN CALL ($0)
94,43,0.0,95,21,74,1.0,-100.0,22.105263157894736,MARGIN CALL ($0)
94,44,0.0,107,20,87,1.0,-100.0,18.69158878504673,MARGIN CALL ($0)
94,45,0.0,107,19,88,1.0,-100.0,17.75700934579439,MARGIN CALL ($0)
94,46,0.0,104,18,86,1.0,-100.0,17.307692307692307,MARGIN CALL ($0)
94,47,0.0,109,19,90,1.0,-100.0,17.431192660550458,MARGIN CALL ($0)
94,48,0.0,88,16,72,1.0,-100.0,18.181818181818183,MARGIN CALL ($0)
94,49,0.0,86,17,69,1.0,-100.0,19.767441860465116,MARGIN CALL ($0)
94,50,0.0,42,7,35,1.0,-100.0,16.666666666666664,MARGIN CALL ($0)
94,51,0.0,50,7,43,1.0,-100.0,14.000000000000002,MARGIN CALL ($0)
94,52,0.0,49,7,42,1.0,-100.0,14.285714285714285,MARGIN CALL ($0)
94,53,0.0,50,7,43,1.0,-100.0,14.000000000000002,MARGIN CALL ($0)
94,54,0.0,50,7,43,1.0,-100.0,14.000000000000002,MARGIN CALL ($0)
94,55,0.0,85,15,70,1.0,-100.0,17.647058823529413,MARGIN CALL ($0)
94,56,0.0,85,15,70,1.0,-100.0,17.647058823529413,MARGIN CALL ($0)
94,57,0.0,83,15,68,1.0,-100.0,18.072289156626507,MARGIN CALL ($0)
94,58,0.0,82,12,70,1.0,-100.0,14.634146341463413,MARGIN CALL ($0)
94,59,0.0,80,11,69,1.0,-100.0,13.750000000000002,MARGIN CALL ($0)
94,60,0.0,108,16,92,1.0,-100.0,14.814814814814813,MARGIN CALL ($0)
94,61,0.0,105,15,90,1.0,-100.0,14.285714285714285,MARGIN CALL ($0)
94,62,0.0,109,16,93,1.0,-100.0,14.678899082568808,MARGIN CALL ($0)
94,63,0.0,114,13,101,1.0,-100.0,11.403508771929824,MARGIN CALL ($0)
94,64,0.0,121,15,106,1.0,-100.0,12.396694214876034,MARGIN CALL ($0)
94,65,0.0,120,16,104,1.0,-100.0,13.333333333333334,MARGIN CALL ($0)
10,32,0.0,393,97,296,1.0,-100.0,24.681933842239186,MARGIN CALL ($0)
10,33,0.0,382,93,289,1.0,-100.0,24.345549738219894,MARGIN CALL ($0)
10,34,0.0,388,93,295,1.0,-100.0,23.969072164948454,MARGIN CALL ($0)
10,35,0.0,381,90,291,1.0,-100.0,23.62204724409449,MARGIN CALL ($0)
10,36,0.0,395,99,296,1.0,-100.0,25.063291139240505,MARGIN CALL ($0)
10,37,0.0,396,92,304,1.0,-100.0,23.232323232323232,MARGIN CALL ($0)
10,38,0.0,54,8,46,1.0,-100.0,14.814814814814813,MARGIN CALL ($0)
10,39,0.0,55,8,47,1.0,-100.0,14.545454545454545,MARGIN CALL ($0)
10,40,0.0,54,8,46,1.0,-100.0,14.814814814814813,MARGIN CALL ($0)
10,41,0.0,54,8,46,1.0,-100.0,14.814814814814813,MARGIN CALL ($0)
10,42,0.0,56,8,48,1.0,-100.0,14.285714285714285,MARGIN CALL ($0)
10,43,0.0,58,9,49,1.0,-100.0,15.517241379310345,MARGIN CALL ($0)
10,44,0.0,60,9,51,1.0,-100.0,15.0,MARGIN CALL ($0)
10,45,0.0,60,9,51,1.0,-100.0,15.0,MARGIN CALL ($0)
10,46,0.0,59,9,50,1.0,-100.0,15.254237288135593,MARGIN CALL ($0)
94,81,0.0,75,9,66,1.0,-100.0,12.0,MARGIN CALL ($0)
94,82,0.0,52,6,46,1.0,-100.0,11.538461538461538,MARGIN CALL ($0)
94,83,0.0,52,6,46,1.0,-100.0,11.538461538461538,MARGIN CALL ($0)
94,84,0.0,53,7,46,1.0,-100.0,13.20754716981132,MARGIN CALL ($0)
94,85,0.0,53,7,46,1.0,-100.0,13.20754716981132,MARGIN CALL ($0)
94,86,0.0,52,7,45,1.0,-100.0,13.461538461538462,MARGIN CALL ($0)
94,87,0.0,51,7,44,1.0,-100.0,13.725490196078432,MARGIN CALL ($0)
94,88,0.0,51,7,44,1.0,-100.0,13.725490196078432,MARGIN CALL ($0)
94,89,0.0,51,7,44,1.0,-100.0,13.725490196078432,MARGIN CALL ($0)
94,90,0.0,52,8,44,1.0,-100.0,15.384615384615385,MARGIN CALL ($0)
94,91,0.0,52,8,44,1.0,-100.0,15.384615384615385,MARGIN CALL ($0)
94,92,0.0,52,8,44,1.0,-100.0,15.384615384615385,MARGIN CALL ($0)
94,93,0.0,50,8,42,1.0,-100.0,16.0,MARGIN CALL ($0)
94,94,0.0,49,8,41,1.0,-100.0,16.3265306122449,MARGIN CALL ($0)
94,95,0.0,52,8,44,1.0,-100.0,15.384615384615385,MARGIN CALL ($0)
94,96,0.0,62,11,51,1.0,-100.0,17.741935483870968,MARGIN CALL ($0)
94,97,0.0,51,8,43,1.0,-100.0,15.686274509803921,MARGIN CALL ($0)
94,98,0.0,51,8,43,1.0,-100.0,15.686274509803921,MARGIN CALL ($0)
94,99,0.0,84,15,69,1.0,-100.0,17.857142857142858,MARGIN CALL ($0)
94,100,0.0,82,15,67,1.0,-100.0,18.29268292682927,MARGIN CALL ($0)
95,1,0.0,87,12,75,1.0,-100.0,13.793103448275861,MARGIN CALL ($0)
95,2,0.0,44,4,40,1.0,-100.0,9.090909090909092,MARGIN CALL ($0)
95,3,0.0,43,5,38,1.0,-100.0,11.627906976744185,MARGIN CALL ($0)
95,4,0.0,35,4,31,1.0,-100.0,11.428571428571429,MARGIN CALL ($0)
95,5,0.0,83,14,69,1.0,-100.0,16.867469879518072,MARGIN CALL ($0)
95,6,0.0,97,23,74,1.0,-100.0,23.711340206185564,MARGIN CALL ($0)
95,7,0.0,142,38,104,1.0,-100.0,26.76056338028169,MARGIN CALL ($0)
95,8,0.0,65,11,54,1.0,-100.0,16.923076923076923,MARGIN CALL ($0)
95,9,0.0,35,4,31,1.0,-100.0,11.428571428571429,MARGIN CALL ($0)
95,10,0.0,34,3,31,1.0,-100.0,8.823529411764707,MARGIN CALL ($0)
95,11,0.0,32,3,29,1.0,-100.0,9.375,MARGIN CALL ($0)
95,12,0.0,381,96,285,1.0,-100.0,25.196850393700785,MARGIN CALL ($0)
95,13,0.0,32,3,29,1.0,-100.0,9.375,MARGIN CALL ($0)
95,14,0.0,62,12,50,1.0,-100.0,19.35483870967742,MARGIN CALL ($0)
95,15,0.0,59,13,46,1.0,-100.0,22.033898305084744,MARGIN CALL ($0)
95,16,0.0,57,10,47,1.0,-100.0,17.543859649122805,MARGIN CALL ($0)
95,17,0.0,56,10,46,1.0,-100.0,17.857142857142858,MARGIN CALL ($0)
95,18,0.0,53,8,45,1.0,-100.0,15.09433962264151,MARGIN CALL ($0)
95,19,0.0,63,11,52,1.0,-100.0,17.46031746031746,MARGIN CALL ($0)
95,20,0.0,45,7,38,1.0,-100.0,15.555555555555555,MARGIN CALL ($0)
95,21,0.0,50,9,41,1.0,-100.0,18.0,MARGIN CALL ($0)
95,22,0.0,43,7,36,1.0,-100.0,16.27906976744186,MARGIN CALL ($0)
95,23,0.0,43,7,36,1.0,-100.0,16.27906976744186,MARGIN CALL ($0)
95,24,0.0,41,7,34,1.0,-100.0,17.073170731707318,MARGIN CALL ($0)
95,25,0.0,43,7,36,1.0,-100.0,16.27906976744186,MARGIN CALL ($0)
95,26,0.0,43,8,35,1.0,-100.0,18.6046511627907,MARGIN CALL ($0)
95,27,0.0,43,8,35,1.0,-100.0,18.6046511627907,MARGIN CALL ($0)
95,28,0.0,46,8,38,1.0,-100.0,17.391304347826086,MARGIN CALL ($0)
95,29,0.0,48,8,40,1.0,-100.0,16.666666666666664,MARGIN CALL ($0)
95,30,0.0,45,8,37,1.0,-100.0,17.77777777777778,MARGIN CALL ($0)
95,31,0.0,42,7,35,1.0,-100.0,16.666666666666664,MARGIN CALL ($0)
95,32,0.0,41,7,34,1.0,-100.0,17.073170731707318,MARGIN CALL ($0)
95,33,0.0,115,20,95,1.0,-100.0,17.391304347826086,MARGIN CALL ($0)
95,34,0.0,448,87,361,1.0,-100.0,19.419642857142858,MARGIN CALL ($0)
95,35,0.0,126,26,100,1.0,-100.0,20.634920634920633,MARGIN CALL ($0)
95,36,0.0,125,27,98,1.0,-100.0,21.6,MARGIN CALL ($0)
10,47,0.0,60,9,51,1.0,-100.0,15.0,MARGIN CALL ($0)
10,48,0.0,60,9,51,1.0,-100.0,15.0,MARGIN CALL ($0)
10,49,0.0,60,10,50,1.0,-100.0,16.666666666666664,MARGIN CALL ($0)
95,40,0.0,112,24,88,1.0,-100.0,21.428571428571427,MARGIN CALL ($0)
95,41,0.0,89,17,72,1.0,-100.0,19.101123595505616,MARGIN CALL ($0)
95,42,0.0,110,25,85,1.0,-100.0,22.727272727272727,MARGIN CALL ($0)
95,43,0.0,95,21,74,1.0,-100.0,22.105263157894736,MARGIN CALL ($0)
95,44,0.0,105,20,85,1.0,-100.0,19.047619047619047,MARGIN CALL ($0)
95,45,0.0,106,19,87,1.0,-100.0,17.92452830188679,MARGIN CALL ($0)
95,46,0.0,104,18,86,1.0,-100.0,17.307692307692307,MARGIN CALL ($0)
95,47,0.0,111,19,92,1.0,-100.0,17.117117117117118,MARGIN CALL ($0)
95,48,0.0,87,16,71,1.0,-100.0,18.39080459770115,MARGIN CALL ($0)
95,49,0.0,85,16,69,1.0,-100.0,18.823529411764707,MARGIN CALL ($0)
95,50,0.0,43,7,36,1.0,-100.0,16.27906976744186,MARGIN CALL ($0)
95,51,0.0,51,7,44,1.0,-100.0,13.725490196078432,MARGIN CALL ($0)
95,52,0.0,51,7,44,1.0,-100.0,13.725490196078432,MARGIN CALL ($0)
95,53,0.0,50,7,43,1.0,-100.0,14.000000000000002,MARGIN CALL ($0)
95,54,0.0,50,7,43,1.0,-100.0,14.000000000000002,MARGIN CALL ($0)
95,55,0.0,86,14,72,1.0,-100.0,16.27906976744186,MARGIN CALL ($0)
95,56,0.0,85,14,71,1.0,-100.0,16.470588235294116,MARGIN CALL ($0)
95,57,0.0,83,14,69,1.0,-100.0,16.867469879518072,MARGIN CALL ($0)
95,58,0.0,79,11,68,1.0,-100.0,13.924050632911392,MARGIN CALL ($0)
95,59,0.0,77,11,66,1.0,-100.0,14.285714285714285,MARGIN CALL ($0)
95,60,0.0,86,11,75,1.0,-100.0,12.790697674418606,MARGIN CALL ($0)
95,61,0.0,91,13,78,1.0,-100.0,14.285714285714285,MARGIN CALL ($0)
95,62,0.0,92,13,79,1.0,-100.0,14.130434782608695,MARGIN CALL ($0)
95,63,0.0,114,13,101,1.0,-100.0,11.403508771929824,MARGIN CALL ($0)
95,64,0.0,120,15,105,1.0,-100.0,12.5,MARGIN CALL ($0)
95,65,0.0,121,16,105,1.0,-100.0,13.223140495867769,MARGIN CALL ($0)
10,50,0.0,59,10,49,1.0,-100.0,16.94915254237288,MARGIN CALL ($0)
10,51,0.0,56,8,48,1.0,-100.0,14.285714285714285,MARGIN CALL ($0)
10,52,0.0,64,11,53,1.0,-100.0,17.1875,MARGIN CALL ($0)
10,53,0.0,62,11,51,1.0,-100.0,17.741935483870968,MARGIN CALL ($0)
10,54,0.0,85,18,67,1.0,-100.0,21.176470588235293,MARGIN CALL ($0)
10,55,0.0,247,66,181,1.0,-100.0,26.720647773279353,MARGIN CALL ($0)
10,56,0.0,247,63,184,1.0,-100.0,25.506072874493928,MARGIN CALL ($0)
10,57,0.0,86,17,69,1.0,-100.0,19.767441860465116,MARGIN CALL ($0)
10,58,0.0,84,16,68,1.0,-100.0,19.047619047619047,MARGIN CALL ($0)
10,59,0.0,83,16,67,1.0,-100.0,19.27710843373494,MARGIN CALL ($0)
10,60,0.0,63,11,52,1.0,-100.0,17.46031746031746,MARGIN CALL ($0)
10,61,0.0,62,11,51,1.0,-100.0,17.741935483870968,MARGIN CALL ($0)
10,62,0.0,62,11,51,1.0,-100.0,17.741935483870968,MARGIN CALL ($0)
10,63,0.0,53,10,43,1.0,-100.0,18.867924528301888,MARGIN CALL ($0)
10,64,0.0,53,10,43,1.0,-100.0,18.867924528301888,MARGIN CALL ($0)
95,81,0.0,76,9,67,1.0,-100.0,11.842105263157894,MARGIN CALL ($0)
95,82,0.0,52,6,46,1.0,-100.0,11.538461538461538,MARGIN CALL ($0)
95,83,0.0,52,6,46,1.0,-100.0,11.538461538461538,MARGIN CALL ($0)
95,84,0.0,52,7,45,1.0,-100.0,13.461538461538462,MARGIN CALL ($0)
95,85,0.0,54,7,47,1.0,-100.0,12.962962962962962,MARGIN CALL ($0)
95,86,0.0,53,7,46,1.0,-100.0,13.20754716981132,MARGIN CALL ($0)
95,87,0.0,54,7,47,1.0,-100.0,12.962962962962962,MARGIN CALL ($0)
95,88,0.0,52,7,45,1.0,-100.0,13.461538461538462,MARGIN CALL ($0)
95,89,0.0,52,7,45,1.0,-100.0,13.461538461538462,MARGIN CALL ($0)
95,90,0.0,52,8,44,1.0,-100.0,15.384615384615385,MARGIN CALL ($0)
95,91,0.0,52,8,44,1.0,-100.0,15.384615384615385,MARGIN CALL ($0)
95,92,0.0,53,8,45,1.0,-100.0,15.09433962264151,MARGIN CALL ($0)
95,93,0.0,52,8,44,1.0,-100.0,15.384615384615385,MARGIN CALL ($0)
95,94,0.0,52,8,44,1.0,-100.0,15.384615384615385,MARGIN CALL ($0)
95,95,0.0,51,8,43,1.0,-100.0,15.686274509803921,MARGIN CALL ($0)
95,96,0.0,61,11,50,1.0,-100.0,18.0327868852459,MARGIN CALL ($0)
95,97,0.0,63,12,51,1.0,-100.0,19.047619047619047,MARGIN CALL ($0)
95,98,0.0,50,8,42,1.0,-100.0,16.0,MARGIN CALL ($0)
95,99,0.0,83,15,68,1.0,-100.0,18.072289156626507,MARGIN CALL ($0)
95,100,0.0,81,15,66,1.0,-100.0,18.51851851851852,MARGIN CALL ($0)
96,1,0.0,87,12,75,1.0,-100.0,13.793103448275861,MARGIN CALL ($0)
96,2,0.0,44,4,40,1.0,-100.0,9.090909090909092,MARGIN CALL ($0)
96,3,0.0,43,5,38,1.0,-100.0,11.627906976744185,MARGIN CALL ($0)
96,4,0.0,35,4,31,1.0,-100.0,11.428571428571429,MARGIN CALL ($0)
96,5,0.0,83,14,69,1.0,-100.0,16.867469879518072,MARGIN CALL ($0)
96,6,0.0,97,23,74,1.0,-100.0,23.711340206185564,MARGIN CALL ($0)
96,7,0.0,142,38,104,1.0,-100.0,26.76056338028169,MARGIN CALL ($0)
96,8,0.0,65,11,54,1.0,-100.0,16.923076923076923,MARGIN CALL ($0)
96,9,0.0,35,4,31,1.0,-100.0,11.428571428571429,MARGIN CALL ($0)
96,10,0.0,34,3,31,1.0,-100.0,8.823529411764707,MARGIN CALL ($0)
96,11,0.0,32,3,29,1.0,-100.0,9.375,MARGIN CALL ($0)
96,12,0.0,380,96,284,1.0,-100.0,25.263157894736842,MARGIN CALL ($0)
96,13,0.0,32,3,29,1.0,-100.0,9.375,MARGIN CALL ($0)
96,14,0.0,61,12,49,1.0,-100.0,19.672131147540984,MARGIN CALL ($0)
96,15,0.0,58,13,45,1.0,-100.0,22.413793103448278,MARGIN CALL ($0)
96,16,0.0,56,10,46,1.0,-100.0,17.857142857142858,MARGIN CALL ($0)
96,17,0.0,55,10,45,1.0,-100.0,18.181818181818183,MARGIN CALL ($0)
96,18,0.0,51,8,43,1.0,-100.0,15.686274509803921,MARGIN CALL ($0)
96,19,0.0,50,8,42,1.0,-100.0,16.0,MARGIN CALL ($0)
96,20,0.0,45,7,38,1.0,-100.0,15.555555555555555,MARGIN CALL ($0)
96,21,0.0,50,9,41,1.0,-100.0,18.0,MARGIN CALL ($0)
96,22,0.0,45,7,38,1.0,-100.0,15.555555555555555,MARGIN CALL ($0)
96,23,0.0,43,7,36,1.0,-100.0,16.27906976744186,MARGIN CALL ($0)
96,24,0.0,42,7,35,1.0,-100.0,16.666666666666664,MARGIN CALL ($0)
96,25,0.0,43,7,36,1.0,-100.0,16.27906976744186,MARGIN CALL ($0)
96,26,0.0,43,8,35,1.0,-100.0,18.6046511627907,MARGIN CALL ($0)
96,27,0.0,43,8,35,1.0,-100.0,18.6046511627907,MARGIN CALL ($0)
96,28,0.0,44,8,36,1.0,-100.0,18.181818181818183,MARGIN CALL ($0)
96,29,0.0,48,8,40,1.0,-100.0,16.666666666666664,MARGIN CALL ($0)
96,30,0.0,45,8,37,1.0,-100.0,17.77777777777778,MARGIN CALL ($0)
96,31,0.0,42,7,35,1.0,-100.0,16.666666666666664,MARGIN CALL ($0)
96,32,0.0,41,7,34,1.0,-100.0,17.073170731707318,MARGIN CALL ($0)
96,33,0.0,115,20,95,1.0,-100.0,17.391304347826086,MARGIN CALL ($0)
96,34,0.0,130,24,106,1.0,-100.0,18.461538461538463,MARGIN CALL ($0)
96,35,0.0,126,26,100,1.0,-100.0,20.634920634920633,MARGIN CALL ($0)
96,36,0.0,125,27,98,1.0,-100.0,21.6,MARGIN CALL ($0)
96,37,0.0,111,22,89,1.0,-100.0,19.81981981981982,MARGIN CALL ($0)
10,65,0.0,53,10,43,1.0,-100.0,18.867924528301888,MARGIN CALL ($0)
10,66,0.0,32,4,28,1.0,-100.0,12.5,MARGIN CALL ($0)
96,40,0.0,112,24,88,1.0,-100.0,21.428571428571427,MARGIN CALL ($0)
96,41,0.0,76,12,64,1.0,-100.0,15.789473684210526,MARGIN CALL ($0)
96,42,0.0,108,24,84,1.0,-100.0,22.22222222222222,MARGIN CALL ($0)
96,43,0.0,93,20,73,1.0,-100.0,21.50537634408602,MARGIN CALL ($0)
96,44,0.0,100,18,82,1.0,-100.0,18.0,MARGIN CALL ($0)
96,45,0.0,103,18,85,1.0,-100.0,17.475728155339805,MARGIN CALL ($0)
96,46,0.0,100,17,83,1.0,-100.0,17.0,MARGIN CALL ($0)
96,47,0.0,106,19,87,1.0,-100.0,17.92452830188679,MARGIN CALL ($0)
96,48,0.0,86,16,70,1.0,-100.0,18.6046511627907,MARGIN CALL ($0)
96,49,0.0,84,16,68,1.0,-100.0,19.047619047619047,MARGIN CALL ($0)
96,50,0.0,43,7,36,1.0,-100.0,16.27906976744186,MARGIN CALL ($0)
96,51,0.0,50,7,43,1.0,-100.0,14.000000000000002,MARGIN CALL ($0)
96,52,0.0,51,7,44,1.0,-100.0,13.725490196078432,MARGIN CALL ($0)
96,53,0.0,50,7,43,1.0,-100.0,14.000000000000002,MARGIN CALL ($0)
96,54,0.0,50,7,43,1.0,-100.0,14.000000000000002,MARGIN CALL ($0)
96,55,0.0,86,14,72,1.0,-100.0,16.27906976744186,MARGIN CALL ($0)
96,56,0.0,85,14,71,1.0,-100.0,16.470588235294116,MARGIN CALL ($0)
96,57,0.0,83,14,69,1.0,-100.0,16.867469879518072,MARGIN CALL ($0)
96,58,0.0,79,11,68,1.0,-100.0,13.924050632911392,MARGIN CALL ($0)
96,59,0.0,77,11,66,1.0,-100.0,14.285714285714285,MARGIN CALL ($0)
96,60,0.0,86,11,75,1.0,-100.0,12.790697674418606,MARGIN CALL ($0)
96,61,0.0,117,18,99,1.0,-100.0,15.384615384615385,MARGIN CALL ($0)
96,62,0.0,118,18,100,1.0,-100.0,15.254237288135593,MARGIN CALL ($0)
10,67,0.0,353,86,267,1.0,-100.0,24.362606232294617,MARGIN CALL ($0)
10,68,0.0,35,4,31,1.0,-100.0,11.428571428571429,MARGIN CALL ($0)
96,65,0.0,122,19,103,1.0,-100.0,15.573770491803279,MARGIN CALL ($0)
10,69,0.0,33,4,29,1.0,-100.0,12.121212121212121,MARGIN CALL ($0)
10,70,0.0,33,4,29,1.0,-100.0,12.121212121212121,MARGIN CALL ($0)
10,77,0.0,226,54,172,1.0,-100.0,23.893805309734514,MARGIN CALL ($0)
10,78,0.0,230,55,175,1.0,-100.0,23.91304347826087,MARGIN CALL ($0)
10,79,0.0,232,55,177,1.0,-100.0,23.70689655172414,MARGIN CALL ($0)
10,80,0.0,327,75,252,1.0,-100.0,22.93577981651376,MARGIN CALL ($0)
10,81,0.0,323,74,249,1.0,-100.0,22.910216718266255,MARGIN CALL ($0)
10,82,0.0,317,73,244,1.0,-100.0,23.02839116719243,MARGIN CALL ($0)
10,83,0.0,320,72,248,1.0,-100.0,22.5,MARGIN CALL ($0)
10,84,0.0,313,71,242,1.0,-100.0,22.683706070287542,MARGIN CALL ($0)
10,85,0.0,252,59,193,1.0,-100.0,23.41269841269841,MARGIN CALL ($0)
10,86,0.0,310,68,242,1.0,-100.0,21.935483870967744,MARGIN CALL ($0)
10,87,0.0,304,68,236,1.0,-100.0,22.36842105263158,MARGIN CALL ($0)
10,88,0.0,299,68,231,1.0,-100.0,22.74247491638796,MARGIN CALL ($0)
10,89,0.0,298,67,231,1.0,-100.0,22.483221476510067,MARGIN CALL ($0)
96,81,0.0,84,11,73,1.0,-100.0,13.095238095238097,MARGIN CALL ($0)
96,82,0.0,51,6,45,1.0,-100.0,11.76470588235294,MARGIN CALL ($0)
96,83,0.0,52,6,46,1.0,-100.0,11.538461538461538,MARGIN CALL ($0)
96,84,0.0,51,7,44,1.0,-100.0,13.725490196078432,MARGIN CALL ($0)
96,85,0.0,52,7,45,1.0,-100.0,13.461538461538462,MARGIN CALL ($0)
96,86,0.0,51,7,44,1.0,-100.0,13.725490196078432,MARGIN CALL ($0)
96,87,0.0,52,7,45,1.0,-100.0,13.461538461538462,MARGIN CALL ($0)
96,88,0.0,53,7,46,1.0,-100.0,13.20754716981132,MARGIN CALL ($0)
96,89,0.0,53,7,46,1.0,-100.0,13.20754716981132,MARGIN CALL ($0)
96,90,0.0,53,8,45,1.0,-100.0,15.09433962264151,MARGIN CALL ($0)
96,91,0.0,53,8,45,1.0,-100.0,15.09433962264151,MARGIN CALL ($0)
96,92,0.0,52,8,44,1.0,-100.0,15.384615384615385,MARGIN CALL ($0)
96,93,0.0,51,8,43,1.0,-100.0,15.686274509803921,MARGIN CALL ($0)
96,94,0.0,62,11,51,1.0,-100.0,17.741935483870968,MARGIN CALL ($0)
96,95,0.0,61,11,50,1.0,-100.0,18.0327868852459,MARGIN CALL ($0)
96,96,0.0,61,11,50,1.0,-100.0,18.0327868852459,MARGIN CALL ($0)
96,97,0.0,63,12,51,1.0,-100.0,19.047619047619047,MARGIN CALL ($0)
96,98,0.0,50,8,42,1.0,-100.0,16.0,MARGIN CALL ($0)
96,99,0.0,85,15,70,1.0,-100.0,17.647058823529413,MARGIN CALL ($0)
96,100,0.0,83,15,68,1.0,-100.0,18.072289156626507,MARGIN CALL ($0)
97,1,0.0,98,14,84,1.0,-100.0,14.285714285714285,MARGIN CALL ($0)
97,2,0.0,44,4,40,1.0,-100.0,9.090909090909092,MARGIN CALL ($0)
97,3,0.0,43,5,38,1.0,-100.0,11.627906976744185,MARGIN CALL ($0)
97,4,0.0,35,4,31,1.0,-100.0,11.428571428571429,MARGIN CALL ($0)
97,5,0.0,83,14,69,1.0,-100.0,16.867469879518072,MARGIN CALL ($0)
97,6,0.0,97,23,74,1.0,-100.0,23.711340206185564,MARGIN CALL ($0)
97,7,0.0,143,38,105,1.0,-100.0,26.573426573426573,MARGIN CALL ($0)
97,8,0.0,68,11,57,1.0,-100.0,16.176470588235293,MARGIN CALL ($0)
97,9,0.0,35,4,31,1.0,-100.0,11.428571428571429,MARGIN CALL ($0)
97,10,0.0,34,3,31,1.0,-100.0,8.823529411764707,MARGIN CALL ($0)
97,11,0.0,32,3,29,1.0,-100.0,9.375,MARGIN CALL ($0)
97,12,0.0,379,95,284,1.0,-100.0,25.065963060686013,MARGIN CALL ($0)
97,13,0.0,32,3,29,1.0,-100.0,9.375,MARGIN CALL ($0)
97,14,0.0,63,12,51,1.0,-100.0,19.047619047619047,MARGIN CALL ($0)
97,15,0.0,58,13,45,1.0,-100.0,22.413793103448278,MARGIN CALL ($0)
97,16,0.0,56,10,46,1.0,-100.0,17.857142857142858,MARGIN CALL ($0)
97,17,0.0,55,10,45,1.0,-100.0,18.181818181818183,MARGIN CALL ($0)
97,18,0.0,51,8,43,1.0,-100.0,15.686274509803921,MARGIN CALL ($0)
97,19,0.0,50,8,42,1.0,-100.0,16.0,MARGIN CALL ($0)
97,20,0.0,45,7,38,1.0,-100.0,15.555555555555555,MARGIN CALL ($0)
97,21,0.0,53,10,43,1.0,-100.0,18.867924528301888,MARGIN CALL ($0)
97,22,0.0,47,8,39,1.0,-100.0,17.02127659574468,MARGIN CALL ($0)
97,23,0.0,45,8,37,1.0,-100.0,17.77777777777778,MARGIN CALL ($0)
97,24,0.0,45,8,37,1.0,-100.0,17.77777777777778,MARGIN CALL ($0)
97,25,0.0,45,8,37,1.0,-100.0,17.77777777777778,MARGIN CALL ($0)
97,26,0.0,43,8,35,1.0,-100.0,18.6046511627907,MARGIN CALL ($0)
97,27,0.0,43,8,35,1.0,-100.0,18.6046511627907,MARGIN CALL ($0)
97,28,0.0,44,8,36,1.0,-100.0,18.181818181818183,MARGIN CALL ($0)
97,29,0.0,48,8,40,1.0,-100.0,16.666666666666664,MARGIN CALL ($0)
97,30,0.0,45,8,37,1.0,-100.0,17.77777777777778,MARGIN CALL ($0)
97,31,0.0,42,7,35,1.0,-100.0,16.666666666666664,MARGIN CALL ($0)
97,32,0.0,41,7,34,1.0,-100.0,17.073170731707318,MARGIN CALL ($0)
97,33,0.0,110,19,91,1.0,-100.0,17.272727272727273,MARGIN CALL ($0)
97,34,0.0,499,90,409,1.0,-100.0,18.03607214428858,MARGIN CALL ($0)
97,35,0.0,121,25,96,1.0,-100.0,20.66115702479339,MARGIN CALL ($0)
97,36,0.0,122,26,96,1.0,-100.0,21.311475409836063,MARGIN CALL ($0)
10,90,0.0,292,69,223,1.0,-100.0,23.63013698630137,MARGIN CALL ($0)
10,91,0.0,294,71,223,1.0,-100.0,24.149659863945576,MARGIN CALL ($0)
10,92,0.0,293,71,222,1.0,-100.0,24.2320819112628,MARGIN CALL ($0)
97,40,0.0,108,23,85,1.0,-100.0,21.296296296296298,MARGIN CALL ($0)
97,41,0.0,83,15,68,1.0,-100.0,18.072289156626507,MARGIN CALL ($0)
97,42,0.0,105,23,82,1.0,-100.0,21.904761904761905,MARGIN CALL ($0)
97,43,0.0,92,20,72,1.0,-100.0,21.73913043478261,MARGIN CALL ($0)
97,44,0.0,100,18,82,1.0,-100.0,18.0,MARGIN CALL ($0)
97,45,0.0,103,18,85,1.0,-100.0,17.475728155339805,MARGIN CALL ($0)
97,46,0.0,98,17,81,1.0,-100.0,17.346938775510203,MARGIN CALL ($0)
97,47,0.0,109,19,90,1.0,-100.0,17.431192660550458,MARGIN CALL ($0)
97,48,0.0,85,16,69,1.0,-100.0,18.823529411764707,MARGIN CALL ($0)
97,49,0.0,83,16,67,1.0,-100.0,19.27710843373494,MARGIN CALL ($0)
97,50,0.0,42,7,35,1.0,-100.0,16.666666666666664,MARGIN CALL ($0)
97,51,0.0,50,7,43,1.0,-100.0,14.000000000000002,MARGIN CALL ($0)
97,52,0.0,50,7,43,1.0,-100.0,14.000000000000002,MARGIN CALL ($0)
97,53,0.0,50,7,43,1.0,-100.0,14.000000000000002,MARGIN CALL ($0)
97,54,0.0,50,7,43,1.0,-100.0,14.000000000000002,MARGIN CALL ($0)
97,55,0.0,85,14,71,1.0,-100.0,16.470588235294116,MARGIN CALL ($0)
97,56,0.0,84,14,70,1.0,-100.0,16.666666666666664,MARGIN CALL ($0)
97,57,0.0,82,14,68,1.0,-100.0,17.073170731707318,MARGIN CALL ($0)
97,58,0.0,79,11,68,1.0,-100.0,13.924050632911392,MARGIN CALL ($0)
97,59,0.0,77,11,66,1.0,-100.0,14.285714285714285,MARGIN CALL ($0)
97,60,0.0,86,11,75,1.0,-100.0,12.790697674418606,MARGIN CALL ($0)
97,61,0.0,117,18,99,1.0,-100.0,15.384615384615385,MARGIN CALL ($0)
97,62,0.0,116,18,98,1.0,-100.0,15.517241379310345,MARGIN CALL ($0)
97,63,0.0,117,16,101,1.0,-100.0,13.675213675213676,MARGIN CALL ($0)
10,93,0.0,294,72,222,1.0,-100.0,24.489795918367346,MARGIN CALL ($0)
10,94,0.0,285,70,215,1.0,-100.0,24.561403508771928,MARGIN CALL ($0)
10,95,0.0,288,70,218,1.0,-100.0,24.305555555555554,MARGIN CALL ($0)
10,96,0.0,287,72,215,1.0,-100.0,25.087108013937282,MARGIN CALL ($0)
10,97,0.0,287,72,215,1.0,-100.0,25.087108013937282,MARGIN CALL ($0)
10,98,0.0,292,72,220,1.0,-100.0,24.65753424657534,MARGIN CALL ($0)
10,99,0.0,292,69,223,1.0,-100.0,23.63013698630137,MARGIN CALL ($0)
10,100,0.0,285,69,216,1.0,-100.0,24.210526315789473,MARGIN CALL ($0)
11,1,0.0,64,9,55,1.0,-100.0,14.0625,MARGIN CALL ($0)
11,2,0.0,44,4,40,1.0,-100.0,9.090909090909092,MARGIN CALL ($0)
11,3,0.0,44,5,39,1.0,-100.0,11.363636363636363,MARGIN CALL ($0)
11,4,0.0,36,4,32,1.0,-100.0,11.11111111111111,MARGIN CALL ($0)
11,5,0.0,49,8,41,1.0,-100.0,16.3265306122449,MARGIN CALL ($0)
11,6,0.0,116,27,89,1.0,-100.0,23.275862068965516,MARGIN CALL ($0)
11,7,0.0,151,38,113,1.0,-100.0,25.165562913907287,MARGIN CALL ($0)
11,8,0.0,68,11,57,1.0,-100.0,16.176470588235293,MARGIN CALL ($0)
11,9,0.0,35,4,31,1.0,-100.0,11.428571428571429,MARGIN CALL ($0)
97,81,0.0,85,11,74,1.0,-100.0,12.941176470588237,MARGIN CALL ($0)
97,82,0.0,51,6,45,1.0,-100.0,11.76470588235294,MARGIN CALL ($0)
97,83,0.0,52,6,46,1.0,-100.0,11.538461538461538,MARGIN CALL ($0)
97,84,0.0,52,7,45,1.0,-100.0,13.461538461538462,MARGIN CALL ($0)
97,85,0.0,51,7,44,1.0,-100.0,13.725490196078432,MARGIN CALL ($0)
97,86,0.0,51,7,44,1.0,-100.0,13.725490196078432,MARGIN CALL ($0)
97,87,0.0,52,7,45,1.0,-100.0,13.461538461538462,MARGIN CALL ($0)
97,88,0.0,54,7,47,1.0,-100.0,12.962962962962962,MARGIN CALL ($0)
97,89,0.0,54,7,47,1.0,-100.0,12.962962962962962,MARGIN CALL ($0)
97,90,0.0,54,8,46,1.0,-100.0,14.814814814814813,MARGIN CALL ($0)
97,91,0.0,54,8,46,1.0,-100.0,14.814814814814813,MARGIN CALL ($0)
97,92,0.0,52,8,44,1.0,-100.0,15.384615384615385,MARGIN CALL ($0)
97,93,0.0,52,8,44,1.0,-100.0,15.384615384615385,MARGIN CALL ($0)
97,94,0.0,64,12,52,1.0,-100.0,18.75,MARGIN CALL ($0)
97,95,0.0,63,12,51,1.0,-100.0,19.047619047619047,MARGIN CALL ($0)
97,96,0.0,63,12,51,1.0,-100.0,19.047619047619047,MARGIN CALL ($0)
97,97,0.0,62,12,50,1.0,-100.0,19.35483870967742,MARGIN CALL ($0)
97,98,0.0,49,8,41,1.0,-100.0,16.3265306122449,MARGIN CALL ($0)
97,99,0.0,84,15,69,1.0,-100.0,17.857142857142858,MARGIN CALL ($0)
97,100,0.0,82,15,67,1.0,-100.0,18.29268292682927,MARGIN CALL ($0)
98,1,0.0,89,12,77,1.0,-100.0,13.48314606741573,MARGIN CALL ($0)
98,2,0.0,44,4,40,1.0,-100.0,9.090909090909092,MARGIN CALL ($0)
98,3,0.0,43,5,38,1.0,-100.0,11.627906976744185,MARGIN CALL ($0)
98,4,0.0,35,4,31,1.0,-100.0,11.428571428571429,MARGIN CALL ($0)
98,5,0.0,83,14,69,1.0,-100.0,16.867469879518072,MARGIN CALL ($0)
98,6,0.0,97,23,74,1.0,-100.0,23.711340206185564,MARGIN CALL ($0)
98,7,0.0,141,37,104,1.0,-100.0,26.24113475177305,MARGIN CALL ($0)
98,8,0.0,68,11,57,1.0,-100.0,16.176470588235293,MARGIN CALL ($0)
98,9,0.0,35,4,31,1.0,-100.0,11.428571428571429,MARGIN CALL ($0)
98,10,0.0,34,3,31,1.0,-100.0,8.823529411764707,MARGIN CALL ($0)
98,11,0.0,32,3,29,1.0,-100.0,9.375,MARGIN CALL ($0)
98,12,0.0,70,11,59,1.0,-100.0,15.714285714285714,MARGIN CALL ($0)
98,13,0.0,32,3,29,1.0,-100.0,9.375,MARGIN CALL ($0)
98,14,0.0,252,66,186,1.0,-100.0,26.190476190476193,MARGIN CALL ($0)
98,15,0.0,66,16,50,1.0,-100.0,24.242424242424242,MARGIN CALL ($0)
98,16,0.0,57,10,47,1.0,-100.0,17.543859649122805,MARGIN CALL ($0)
98,17,0.0,56,10,46,1.0,-100.0,17.857142857142858,MARGIN CALL ($0)
98,18,0.0,51,8,43,1.0,-100.0,15.686274509803921,MARGIN CALL ($0)
98,19,0.0,61,11,50,1.0,-100.0,18.0327868852459,MARGIN CALL ($0)
98,20,0.0,44,7,37,1.0,-100.0,15.909090909090908,MARGIN CALL ($0)
98,21,0.0,52,10,42,1.0,-100.0,19.230769230769234,MARGIN CALL ($0)
98,22,0.0,47,8,39,1.0,-100.0,17.02127659574468,MARGIN CALL ($0)
98,23,0.0,45,8,37,1.0,-100.0,17.77777777777778,MARGIN CALL ($0)
98,24,0.0,45,8,37,1.0,-100.0,17.77777777777778,MARGIN CALL ($0)
98,25,0.0,45,8,37,1.0,-100.0,17.77777777777778,MARGIN CALL ($0)
98,26,0.0,42,8,34,1.0,-100.0,19.047619047619047,MARGIN CALL ($0)
98,27,0.0,43,8,35,1.0,-100.0,18.6046511627907,MARGIN CALL ($0)
98,28,0.0,44,8,36,1.0,-100.0,18.181818181818183,MARGIN CALL ($0)
98,29,0.0,45,8,37,1.0,-100.0,17.77777777777778,MARGIN CALL ($0)
98,30,0.0,45,8,37,1.0,-100.0,17.77777777777778,MARGIN CALL ($0)
98,31,0.0,42,7,35,1.0,-100.0,16.666666666666664,MARGIN CALL ($0)
98,32,0.0,41,7,34,1.0,-100.0,17.073170731707318,MARGIN CALL ($0)
98,33,0.0,110,18,92,1.0,-100.0,16.363636363636363,MARGIN CALL ($0)
98,34,0.0,120,21,99,1.0,-100.0,17.5,MARGIN CALL ($0)
98,35,0.0,117,23,94,1.0,-100.0,19.65811965811966,MARGIN CALL ($0)
98,36,0.0,119,25,94,1.0,-100.0,21.008403361344538,MARGIN CALL ($0)
98,37,0.0,105,20,85,1.0,-100.0,19.047619047619047,MARGIN CALL ($0)
11,10,0.0,32,3,29,1.0,-100.0,9.375,MARGIN CALL ($0)
11,11,0.0,62,9,53,1.0,-100.0,14.516129032258066,MARGIN CALL ($0)
98,40,0.0,105,22,83,1.0,-100.0,20.952380952380953,MARGIN CALL ($0)
98,41,0.0,68,10,58,1.0,-100.0,14.705882352941178,MARGIN CALL ($0)
98,42,0.0,106,24,82,1.0,-100.0,22.641509433962266,MARGIN CALL ($0)
98,43,0.0,91,20,71,1.0,-100.0,21.978021978021978,MARGIN CALL ($0)
98,44,0.0,100,19,81,1.0,-100.0,19.0,MARGIN CALL ($0)
98,45,0.0,104,18,86,1.0,-100.0,17.307692307692307,MARGIN CALL ($0)
98,46,0.0,99,17,82,1.0,-100.0,17.17171717171717,MARGIN CALL ($0)
98,47,0.0,106,19,87,1.0,-100.0,17.92452830188679,MARGIN CALL ($0)
98,48,0.0,85,16,69,1.0,-100.0,18.823529411764707,MARGIN CALL ($0)
98,49,0.0,83,16,67,1.0,-100.0,19.27710843373494,MARGIN CALL ($0)
98,50,0.0,40,7,33,1.0,-100.0,17.5,MARGIN CALL ($0)
98,51,0.0,48,7,41,1.0,-100.0,14.583333333333334,MARGIN CALL ($0)
98,52,0.0,49,7,42,1.0,-100.0,14.285714285714285,MARGIN CALL ($0)
98,53,0.0,50,7,43,1.0,-100.0,14.000000000000002,MARGIN CALL ($0)
98,54,0.0,40,6,34,1.0,-100.0,15.0,MARGIN CALL ($0)
98,55,0.0,84,14,70,1.0,-100.0,16.666666666666664,MARGIN CALL ($0)
98,56,0.0,85,14,71,1.0,-100.0,16.470588235294116,MARGIN CALL ($0)
98,57,0.0,83,14,69,1.0,-100.0,16.867469879518072,MARGIN CALL ($0)
98,58,0.0,78,11,67,1.0,-100.0,14.102564102564102,MARGIN CALL ($0)
98,59,0.0,76,11,65,1.0,-100.0,14.473684210526317,MARGIN CALL ($0)
98,60,0.0,111,17,94,1.0,-100.0,15.315315315315313,MARGIN CALL ($0)
98,61,0.0,116,18,98,1.0,-100.0,15.517241379310345,MARGIN CALL ($0)
98,62,0.0,117,18,99,1.0,-100.0,15.384615384615385,MARGIN CALL ($0)
98,63,0.0,117,16,101,1.0,-100.0,13.675213675213676,MARGIN CALL ($0)
11,12,0.0,32,3,29,1.0,-100.0,9.375,MARGIN CALL ($0)
11,13,0.0,33,3,30,1.0,-100.0,9.090909090909092,MARGIN CALL ($0)
11,14,0.0,69,15,54,1.0,-100.0,21.73913043478261,MARGIN CALL ($0)
11,15,0.0,403,96,307,1.0,-100.0,23.82133995037221,MARGIN CALL ($0)
11,16,0.0,489,120,369,1.0,-100.0,24.539877300613497,MARGIN CALL ($0)
11,17,0.0,409,99,310,1.0,-100.0,24.205378973105134,MARGIN CALL ($0)
11,18,0.0,392,89,303,1.0,-100.0,22.70408163265306,MARGIN CALL ($0)
11,19,0.0,401,92,309,1.0,-100.0,22.942643391521198,MARGIN CALL ($0)
11,20,0.0,407,96,311,1.0,-100.0,23.587223587223587,MARGIN CALL ($0)
11,21,0.0,503,119,384,1.0,-100.0,23.658051689860834,MARGIN CALL ($0)
11,22,0.0,495,120,375,1.0,-100.0,24.242424242424242,MARGIN CALL ($0)
11,23,0.0,383,93,290,1.0,-100.0,24.281984334203656,MARGIN CALL ($0)
11,24,0.0,369,86,283,1.0,-100.0,23.306233062330623,MARGIN CALL ($0)
11,25,0.0,387,93,294,1.0,-100.0,24.031007751937985,MARGIN CALL ($0)
11,26,0.0,385,92,293,1.0,-100.0,23.896103896103895,MARGIN CALL ($0)
11,27,0.0,362,83,279,1.0,-100.0,22.92817679558011,MARGIN CALL ($0)
11,28,0.0,386,94,292,1.0,-100.0,24.352331606217618,MARGIN CALL ($0)
98,81,0.0,74,9,65,1.0,-100.0,12.162162162162163,MARGIN CALL ($0)
98,82,0.0,51,6,45,1.0,-100.0,11.76470588235294,MARGIN CALL ($0)
98,83,0.0,51,6,45,1.0,-100.0,11.76470588235294,MARGIN CALL ($0)
98,84,0.0,51,7,44,1.0,-100.0,13.725490196078432,MARGIN CALL ($0)
98,85,0.0,51,7,44,1.0,-100.0,13.725490196078432,MARGIN CALL ($0)
98,86,0.0,51,7,44,1.0,-100.0,13.725490196078432,MARGIN CALL ($0)
98,87,0.0,53,7,46,1.0,-100.0,13.20754716981132,MARGIN CALL ($0)
98,88,0.0,51,7,44,1.0,-100.0,13.725490196078432,MARGIN CALL ($0)
98,89,0.0,51,7,44,1.0,-100.0,13.725490196078432,MARGIN CALL ($0)
98,90,0.0,52,8,44,1.0,-100.0,15.384615384615385,MARGIN CALL ($0)
98,91,0.0,52,8,44,1.0,-100.0,15.384615384615385,MARGIN CALL ($0)
98,92,0.0,53,8,45,1.0,-100.0,15.09433962264151,MARGIN CALL ($0)
98,93,0.0,52,8,44,1.0,-100.0,15.384615384615385,MARGIN CALL ($0)
98,94,0.0,51,8,43,1.0,-100.0,15.686274509803921,MARGIN CALL ($0)
98,95,0.0,50,8,42,1.0,-100.0,16.0,MARGIN CALL ($0)
98,96,0.0,50,8,42,1.0,-100.0,16.0,MARGIN CALL ($0)
98,97,0.0,49,8,41,1.0,-100.0,16.3265306122449,MARGIN CALL ($0)
98,98,0.0,62,12,50,1.0,-100.0,19.35483870967742,MARGIN CALL ($0)
98,99,0.0,83,15,68,1.0,-100.0,18.072289156626507,MARGIN CALL ($0)
98,100,0.0,80,15,65,1.0,-100.0,18.75,MARGIN CALL ($0)
99,1,0.0,96,17,79,1.0,-100.0,17.708333333333336,MARGIN CALL ($0)
99,2,0.0,44,4,40,1.0,-100.0,9.090909090909092,MARGIN CALL ($0)
99,3,0.0,43,5,38,1.0,-100.0,11.627906976744185,MARGIN CALL ($0)
99,4,0.0,35,4,31,1.0,-100.0,11.428571428571429,MARGIN CALL ($0)
99,5,0.0,83,14,69,1.0,-100.0,16.867469879518072,MARGIN CALL ($0)
99,6,0.0,97,23,74,1.0,-100.0,23.711340206185564,MARGIN CALL ($0)
99,7,0.0,141,37,104,1.0,-100.0,26.24113475177305,MARGIN CALL ($0)
99,8,0.0,74,12,62,1.0,-100.0,16.216216216216218,MARGIN CALL ($0)
99,9,0.0,35,4,31,1.0,-100.0,11.428571428571429,MARGIN CALL ($0)
99,10,0.0,34,3,31,1.0,-100.0,8.823529411764707,MARGIN CALL ($0)
99,11,0.0,32,3,29,1.0,-100.0,9.375,MARGIN CALL ($0)
99,12,0.0,375,94,281,1.0,-100.0,25.066666666666666,MARGIN CALL ($0)
99,13,0.0,32,3,29,1.0,-100.0,9.375,MARGIN CALL ($0)
99,14,0.0,252,68,184,1.0,-100.0,26.984126984126984,MARGIN CALL ($0)
99,15,0.0,249,72,177,1.0,-100.0,28.915662650602407,MARGIN CALL ($0)
99,16,0.0,395,107,288,1.0,-100.0,27.088607594936708,MARGIN CALL ($0)
99,17,0.0,378,103,275,1.0,-100.0,27.24867724867725,MARGIN CALL ($0)
99,18,0.0,354,93,261,1.0,-100.0,26.27118644067797,MARGIN CALL ($0)
99,19,0.0,64,12,52,1.0,-100.0,18.75,MARGIN CALL ($0)
99,20,0.0,249,65,184,1.0,-100.0,26.104417670682732,MARGIN CALL ($0)
99,21,0.0,276,71,205,1.0,-100.0,25.724637681159418,MARGIN CALL ($0)
99,22,0.0,46,8,38,1.0,-100.0,17.391304347826086,MARGIN CALL ($0)
99,23,0.0,45,8,37,1.0,-100.0,17.77777777777778,MARGIN CALL ($0)
99,24,0.0,48,9,39,1.0,-100.0,18.75,MARGIN CALL ($0)
99,25,0.0,49,9,40,1.0,-100.0,18.367346938775512,MARGIN CALL ($0)
99,26,0.0,48,9,39,1.0,-100.0,18.75,MARGIN CALL ($0)
99,27,0.0,47,9,38,1.0,-100.0,19.148936170212767,MARGIN CALL ($0)
99,28,0.0,49,9,40,1.0,-100.0,18.367346938775512,MARGIN CALL ($0)
99,29,0.0,50,9,41,1.0,-100.0,18.0,MARGIN CALL ($0)
99,30,0.0,48,9,39,1.0,-100.0,18.75,MARGIN CALL ($0)
99,31,0.0,46,8,38,1.0,-100.0,17.391304347826086,MARGIN CALL ($0)
99,32,0.0,44,8,36,1.0,-100.0,18.181818181818183,MARGIN CALL ($0)
99,33,0.0,113,19,94,1.0,-100.0,16.8141592920354,MARGIN CALL ($0)
99,34,0.0,125,22,103,1.0,-100.0,17.599999999999998,MARGIN CALL ($0)
99,35,0.0,120,24,96,1.0,-100.0,20.0,MARGIN CALL ($0)
99,36,0.0,122,26,96,1.0,-100.0,21.311475409836063,MARGIN CALL ($0)
11,29,0.0,397,100,297,1.0,-100.0,25.188916876574307,MARGIN CALL ($0)
11,30,0.0,395,99,296,1.0,-100.0,25.063291139240505,MARGIN CALL ($0)
11,32,0.0,379,96,283,1.0,-100.0,25.32981530343008,MARGIN CALL ($0)
99,40,0.0,105,23,82,1.0,-100.0,21.904761904761905,MARGIN CALL ($0)
99,41,0.0,74,13,61,1.0,-100.0,17.56756756756757,MARGIN CALL ($0)
99,42,0.0,108,24,84,1.0,-100.0,22.22222222222222,MARGIN CALL ($0)
11,33,0.0,369,92,277,1.0,-100.0,24.932249322493224,MARGIN CALL ($0)
99,44,0.0,114,20,94,1.0,-100.0,17.543859649122805,MARGIN CALL ($0)
99,45,0.0,105,19,86,1.0,-100.0,18.095238095238095,MARGIN CALL ($0)
99,46,0.0,101,18,83,1.0,-100.0,17.82178217821782,MARGIN CALL ($0)
99,47,0.0,109,20,89,1.0,-100.0,18.34862385321101,MARGIN CALL ($0)
99,48,0.0,87,17,70,1.0,-100.0,19.54022988505747,MARGIN CALL ($0)
99,49,0.0,93,18,75,1.0,-100.0,19.35483870967742,MARGIN CALL ($0)
99,50,0.0,51,8,43,1.0,-100.0,15.686274509803921,MARGIN CALL ($0)
99,51,0.0,59,8,51,1.0,-100.0,13.559322033898304,MARGIN CALL ($0)
99,52,0.0,55,9,46,1.0,-100.0,16.363636363636363,MARGIN CALL ($0)
99,53,0.0,54,9,45,1.0,-100.0,16.666666666666664,MARGIN CALL ($0)
99,54,0.0,54,9,45,1.0,-100.0,16.666666666666664,MARGIN CALL ($0)
99,55,0.0,89,17,72,1.0,-100.0,19.101123595505616,MARGIN CALL ($0)
99,56,0.0,95,17,78,1.0,-100.0,17.894736842105264,MARGIN CALL ($0)
99,57,0.0,93,17,76,1.0,-100.0,18.27956989247312,MARGIN CALL ($0)
99,58,0.0,91,14,77,1.0,-100.0,15.384615384615385,MARGIN CALL ($0)
99,59,0.0,86,14,72,1.0,-100.0,16.27906976744186,MARGIN CALL ($0)
11,34,0.0,370,91,279,1.0,-100.0,24.594594594594597,MARGIN CALL ($0)
11,35,0.0,377,94,283,1.0,-100.0,24.93368700265252,MARGIN CALL ($0)
11,36,0.0,374,97,277,1.0,-100.0,25.935828877005346,MARGIN CALL ($0)
11,37,0.0,371,90,281,1.0,-100.0,24.258760107816713,MARGIN CALL ($0)
11,38,0.0,54,8,46,1.0,-100.0,14.814814814814813,MARGIN CALL ($0)
11,39,0.0,54,8,46,1.0,-100.0,14.814814814814813,MARGIN CALL ($0)
11,40,0.0,54,8,46,1.0,-100.0,14.814814814814813,MARGIN CALL ($0)
11,41,0.0,54,8,46,1.0,-100.0,14.814814814814813,MARGIN CALL ($0)
11,42,0.0,56,8,48,1.0,-100.0,14.285714285714285,MARGIN CALL ($0)
11,43,0.0,58,9,49,1.0,-100.0,15.517241379310345,MARGIN CALL ($0)
11,44,0.0,60,9,51,1.0,-100.0,15.0,MARGIN CALL ($0)
11,45,0.0,59,9,50,1.0,-100.0,15.254237288135593,MARGIN CALL ($0)
11,46,0.0,59,9,50,1.0,-100.0,15.254237288135593,MARGIN CALL ($0)
11,47,0.0,60,9,51,1.0,-100.0,15.0,MARGIN CALL ($0)
11,48,0.0,60,9,51,1.0,-100.0,15.0,MARGIN CALL ($0)
11,49,0.0,60,10,50,1.0,-100.0,16.666666666666664,MARGIN CALL ($0)
11,50,0.0,60,10,50,1.0,-100.0,16.666666666666664,MARGIN CALL ($0)
11,51,0.0,56,8,48,1.0,-100.0,14.285714285714285,MARGIN CALL ($0)
11,52,0.0,83,17,66,1.0,-100.0,20.481927710843372,MARGIN CALL ($0)
11,53,0.0,63,11,52,1.0,-100.0,17.46031746031746,MARGIN CALL ($0)
11,54,0.0,86,18,68,1.0,-100.0,20.930232558139537,MARGIN CALL ($0)
99,81,0.0,94,12,82,1.0,-100.0,12.76595744680851,MARGIN CALL ($0)
99,82,0.0,63,7,56,1.0,-100.0,11.11111111111111,MARGIN CALL ($0)
99,83,0.0,63,7,56,1.0,-100.0,11.11111111111111,MARGIN CALL ($0)
99,84,0.0,62,8,54,1.0,-100.0,12.903225806451612,MARGIN CALL ($0)
99,85,0.0,63,8,55,1.0,-100.0,12.698412698412698,MARGIN CALL ($0)
99,86,0.0,62,8,54,1.0,-100.0,12.903225806451612,MARGIN CALL ($0)
99,87,0.0,64,8,56,1.0,-100.0,12.5,MARGIN CALL ($0)
99,88,0.0,62,8,54,1.0,-100.0,12.903225806451612,MARGIN CALL ($0)
99,89,0.0,62,8,54,1.0,-100.0,12.903225806451612,MARGIN CALL ($0)
99,90,0.0,62,9,53,1.0,-100.0,14.516129032258066,MARGIN CALL ($0)
99,91,0.0,62,9,53,1.0,-100.0,14.516129032258066,MARGIN CALL ($0)
99,92,0.0,61,9,52,1.0,-100.0,14.754098360655737,MARGIN CALL ($0)
99,93,0.0,85,14,71,1.0,-100.0,16.470588235294116,MARGIN CALL ($0)
99,94,0.0,83,14,69,1.0,-100.0,16.867469879518072,MARGIN CALL ($0)
99,95,0.0,82,14,68,1.0,-100.0,17.073170731707318,MARGIN CALL ($0)
99,96,0.0,83,14,69,1.0,-100.0,16.867469879518072,MARGIN CALL ($0)
99,97,0.0,83,15,68,1.0,-100.0,18.072289156626507,MARGIN CALL ($0)
99,98,0.0,81,15,66,1.0,-100.0,18.51851851851852,MARGIN CALL ($0)
99,99,0.0,77,14,63,1.0,-100.0,18.181818181818183,MARGIN CALL ($0)
99,100,0.0,77,14,63,1.0,-100.0,18.181818181818183,MARGIN CALL ($0)
100,1,0.0,92,16,76,1.0,-100.0,17.391304347826086,MARGIN CALL ($0)
100,2,0.0,44,4,40,1.0,-100.0,9.090909090909092,MARGIN CALL ($0)
100,3,0.0,43,5,38,1.0,-100.0,11.627906976744185,MARGIN CALL ($0)
100,4,0.0,35,4,31,1.0,-100.0,11.428571428571429,MARGIN CALL ($0)
100,5,0.0,83,14,69,1.0,-100.0,16.867469879518072,MARGIN CALL ($0)
100,6,0.0,97,23,74,1.0,-100.0,23.711340206185564,MARGIN CALL ($0)
100,7,0.0,141,37,104,1.0,-100.0,26.24113475177305,MARGIN CALL ($0)
100,8,0.0,74,12,62,1.0,-100.0,16.216216216216218,MARGIN CALL ($0)
100,9,0.0,35,4,31,1.0,-100.0,11.428571428571429,MARGIN CALL ($0)
100,10,0.0,34,3,31,1.0,-100.0,8.823529411764707,MARGIN CALL ($0)
100,11,0.0,32,3,29,1.0,-100.0,9.375,MARGIN CALL ($0)
100,12,0.0,78,15,63,1.0,-100.0,19.230769230769234,MARGIN CALL ($0)
100,13,0.0,32,3,29,1.0,-100.0,9.375,MARGIN CALL ($0)
100,14,0.0,252,68,184,1.0,-100.0,26.984126984126984,MARGIN CALL ($0)
100,15,0.0,248,72,176,1.0,-100.0,29.03225806451613,MARGIN CALL ($0)
100,16,0.0,393,105,288,1.0,-100.0,26.717557251908396,MARGIN CALL ($0)
100,17,0.0,376,101,275,1.0,-100.0,26.861702127659576,MARGIN CALL ($0)
100,18,0.0,54,9,45,1.0,-100.0,16.666666666666664,MARGIN CALL ($0)
100,19,0.0,63,12,51,1.0,-100.0,19.047619047619047,MARGIN CALL ($0)
100,20,0.0,68,16,52,1.0,-100.0,23.52941176470588,MARGIN CALL ($0)
100,21,0.0,74,18,56,1.0,-100.0,24.324324324324326,MARGIN CALL ($0)
100,22,0.0,45,7,38,1.0,-100.0,15.555555555555555,MARGIN CALL ($0)
100,23,0.0,43,7,36,1.0,-100.0,16.27906976744186,MARGIN CALL ($0)
100,24,0.0,42,7,35,1.0,-100.0,16.666666666666664,MARGIN CALL ($0)
100,25,0.0,43,8,35,1.0,-100.0,18.6046511627907,MARGIN CALL ($0)
100,26,0.0,48,9,39,1.0,-100.0,18.75,MARGIN CALL ($0)
100,27,0.0,47,9,38,1.0,-100.0,19.148936170212767,MARGIN CALL ($0)
100,28,0.0,49,9,40,1.0,-100.0,18.367346938775512,MARGIN CALL ($0)
100,29,0.0,50,9,41,1.0,-100.0,18.0,MARGIN CALL ($0)
100,30,0.0,48,9,39,1.0,-100.0,18.75,MARGIN CALL ($0)
100,31,0.0,45,8,37,1.0,-100.0,17.77777777777778,MARGIN CALL ($0)
100,32,0.0,43,8,35,1.0,-100.0,18.6046511627907,MARGIN CALL ($0)
100,33,0.0,113,19,94,1.0,-100.0,16.8141592920354,MARGIN CALL ($0)
11,55,0.0,245,65,180,1.0,-100.0,26.53061224489796,MARGIN CALL ($0)
11,56,0.0,243,62,181,1.0,-100.0,25.514403292181072,MARGIN CALL ($0)
11,57,0.0,86,17,69,1.0,-100.0,19.767441860465116,MARGIN CALL ($0)
11,58,0.0,83,16,67,1.0,-100.0,19.27710843373494,MARGIN CALL ($0)
11,59,0.0,83,16,67,1.0,-100.0,19.27710843373494,MARGIN CALL ($0)
11,60,0.0,82,16,66,1.0,-100.0,19.51219512195122,MARGIN CALL ($0)
100,40,0.0,102,21,81,1.0,-100.0,20.588235294117645,MARGIN CALL ($0)
100,41,0.0,81,15,66,1.0,-100.0,18.51851851851852,MARGIN CALL ($0)
100,42,0.0,107,23,84,1.0,-100.0,21.49532710280374,MARGIN CALL ($0)
11,61,0.0,62,11,51,1.0,-100.0,17.741935483870968,MARGIN CALL ($0)
11,62,0.0,60,11,49,1.0,-100.0,18.333333333333332,MARGIN CALL ($0)
100,45,0.0,102,19,83,1.0,-100.0,18.627450980392158,MARGIN CALL ($0)
100,46,0.0,99,18,81,1.0,-100.0,18.181818181818183,MARGIN CALL ($0)
100,47,0.0,107,20,87,1.0,-100.0,18.69158878504673,MARGIN CALL ($0)
100,48,0.0,86,17,69,1.0,-100.0,19.767441860465116,MARGIN CALL ($0)
100,49,0.0,91,17,74,1.0,-100.0,18.681318681318682,MARGIN CALL ($0)
100,50,0.0,50,8,42,1.0,-100.0,16.0,MARGIN CALL ($0)
100,51,0.0,58,8,50,1.0,-100.0,13.793103448275861,MARGIN CALL ($0)
100,52,0.0,55,9,46,1.0,-100.0,16.363636363636363,MARGIN CALL ($0)
100,53,0.0,54,9,45,1.0,-100.0,16.666666666666664,MARGIN CALL ($0)
100,54,0.0,53,9,44,1.0,-100.0,16.9811320754717,MARGIN CALL ($0)
100,55,0.0,89,17,72,1.0,-100.0,19.101123595505616,MARGIN CALL ($0)
100,56,0.0,94,17,77,1.0,-100.0,18.085106382978726,MARGIN CALL ($0)
100,57,0.0,92,17,75,1.0,-100.0,18.478260869565215,MARGIN CALL ($0)
100,58,0.0,91,14,77,1.0,-100.0,15.384615384615385,MARGIN CALL ($0)
100,59,0.0,85,14,71,1.0,-100.0,16.470588235294116,MARGIN CALL ($0)
11,63,0.0,51,10,41,1.0,-100.0,19.607843137254903,MARGIN CALL ($0)
11,64,0.0,52,10,42,1.0,-100.0,19.230769230769234,MARGIN CALL ($0)
11,65,0.0,52,10,42,1.0,-100.0,19.230769230769234,MARGIN CALL ($0)
11,66,0.0,32,4,28,1.0,-100.0,12.5,MARGIN CALL ($0)
11,67,0.0,340,86,254,1.0,-100.0,25.294117647058822,MARGIN CALL ($0)
11,68,0.0,34,4,30,1.0,-100.0,11.76470588235294,MARGIN CALL ($0)
11,69,0.0,33,4,29,1.0,-100.0,12.121212121212121,MARGIN CALL ($0)
11,70,0.0,33,4,29,1.0,-100.0,12.121212121212121,MARGIN CALL ($0)
11,77,0.0,220,55,165,1.0,-100.0,25.0,MARGIN CALL ($0)
1,1,0.0,82,9,73,1.0,-100.0,10.975609756097562,MARGIN CALL ($0)
1,2,0.0,44,4,40,1.0,-100.0,9.090909090909092,MARGIN CALL ($0)
1,3,0.0,44,5,39,1.0,-100.0,11.363636363636363,MARGIN CALL ($0)
1,4,0.0,42,5,37,1.0,-100.0,11.904761904761903,MARGIN CALL ($0)
1,5,0.0,102,20,82,1.0,-100.0,19.607843137254903,MARGIN CALL ($0)
1,6,0.0,150,34,116,1.0,-100.0,22.666666666666664,MARGIN CALL ($0)
1,7,0.0,129,29,100,1.0,-100.0,22.48062015503876,MARGIN CALL ($0)
1,8,0.0,103,20,83,1.0,-100.0,19.41747572815534,MARGIN CALL ($0)
1,9,0.0,116,25,91,1.0,-100.0,21.551724137931032,MARGIN CALL ($0)
1,10,0.0,113,24,89,1.0,-100.0,21.238938053097346,MARGIN CALL ($0)
1,11,0.0,107,24,83,1.0,-100.0,22.429906542056074,MARGIN CALL ($0)
1,12,0.0,105,25,80,1.0,-100.0,23.809523809523807,MARGIN CALL ($0)
1,13,0.0,111,25,86,1.0,-100.0,22.52252252252252,MARGIN CALL ($0)
1,14,0.0,64,13,51,1.0,-100.0,20.3125,MARGIN CALL ($0)
1,15,0.0,550,158,392,1.0,-100.0,28.72727272727273,MARGIN CALL ($0)
1,16,0.0,725,203,522,1.0,-100.0,28.000000000000004,MARGIN CALL ($0)
11,78,0.0,319,81,238,1.0,-100.0,25.391849529780565,MARGIN CALL ($0)
11,79,0.0,316,78,238,1.0,-100.0,24.68354430379747,MARGIN CALL ($0)
11,81,0.0,309,76,233,1.0,-100.0,24.59546925566343,MARGIN CALL ($0)
11,83,0.0,302,74,228,1.0,-100.0,24.503311258278146,MARGIN CALL ($0)
11,84,0.0,294,71,223,1.0,-100.0,24.149659863945576,MARGIN CALL ($0)
11,85,0.0,291,68,223,1.0,-100.0,23.367697594501717,MARGIN CALL ($0)
11,86,0.0,295,69,226,1.0,-100.0,23.389830508474578,MARGIN CALL ($0)
11,87,0.0,290,69,221,1.0,-100.0,23.79310344827586,MARGIN CALL ($0)
11,88,0.0,283,69,214,1.0,-100.0,24.381625441696116,MARGIN CALL ($0)
11,89,0.0,280,69,211,1.0,-100.0,24.642857142857146,MARGIN CALL ($0)
11,90,0.0,277,71,206,1.0,-100.0,25.63176895306859,MARGIN CALL ($0)
11,92,0.0,1484,339,1145,1.0,-100.0,22.84366576819407,MARGIN CALL ($0)
100,81,0.0,94,12,82,1.0,-100.0,12.76595744680851,MARGIN CALL ($0)
100,82,0.0,63,7,56,1.0,-100.0,11.11111111111111,MARGIN CALL ($0)
100,83,0.0,63,7,56,1.0,-100.0,11.11111111111111,MARGIN CALL ($0)
100,84,0.0,62,8,54,1.0,-100.0,12.903225806451612,MARGIN CALL ($0)
