time,open,high,low,close,tick_volume,spread
2026-01-01 23:00:00,4328.34,4342.657,4327.673,4341.252,3869,0
2026-01-01 23:30:00,4341.299,4351.526,4338.874,4348.349,4272,0
2026-01-02 00:00:00,4348.358,4353.298,4341.279,4347.187,5739,0
2026-01-02 00:30:00,4347.194,4356.179,4346.627,4354.191,5656,0
2026-01-02 01:00:00,4354.197,4356.159,4344.606,4349.18,7641,0
2026-01-02 01:30:00,4349.144,4354.472,4345.666,4348.03,6264,0
2026-01-02 02:00:00,4348.002,4351.993,4344.852,4347.73,5625,0
2026-01-02 02:30:00,4347.736,4363.219,4345.685,4362.798,6665,0
2026-01-02 03:00:00,4362.824,4371.855,4362.077,4369.02,5734,0
2026-01-02 03:30:00,4369.139,4375.846,4367.889,4375.173,6077,0
2026-01-02 04:00:00,4375.13,4378.641,4371.407,4373.713,6026,0
2026-01-02 04:30:00,4373.634,4375.802,4371.368,4373.267,4478,0
2026-01-02 05:00:00,4373.325,4380.255,4370.946,4378.565,5720,0
2026-01-02 05:30:00,4378.454,4381.78,4377.836,4380.664,3841,0
2026-01-02 06:00:00,4380.71,4381.019,4373.522,4379.727,5304,0
2026-01-02 06:30:00,4379.737,4379.765,4373.382,4374.782,4450,0
2026-01-02 07:00:00,4374.758,4378.125,4371.949,4373.857,5751,0
2026-01-02 07:30:00,4373.799,4383.326,4372.193,4382.8,5213,0
2026-01-02 08:00:00,4382.763,4386.599,4380.488,4385.357,5008,0
2026-01-02 08:30:00,4385.359,4397.619,4384.157,4387.12,6074,0
2026-01-02 09:00:00,4387.083,4391.7,4383.385,4388.775,6218,0
2026-01-02 09:30:00,4388.765,4389.892,4385.077,4385.609,4135,0
2026-01-02 10:00:00,4385.635,4390.228,4384.555,4386.508,4701,0
2026-01-02 10:30:00,4386.539,4398.588,4384.867,4396.07,5506,0
2026-01-02 11:00:00,4396.188,4399.384,4393.983,4394.356,4156,0
2026-01-02 11:30:00,4394.328,4395.746,4390.794,4392.898,4389,0
2026-01-02 12:00:00,4392.891,4398.33,4391.092,4393.282,4621,0
2026-01-02 12:30:00,4393.325,4394.88,4385.177,4394.339,7024,0
2026-01-02 13:00:00,4394.389,4402.465,4372.915,4374.657,13639,0
2026-01-02 13:30:00,4374.596,4377.979,4361.783,4366.023,16601,0
2026-01-02 14:00:00,4366.066,4373.708,4364.457,4368.441,11655,0
2026-01-02 14:30:00,4368.47,4370.317,4348.143,4353.462,28435,0
2026-01-02 15:00:00,4353.476,4357.006,4330.24,4336.676,26896,0
2026-01-02 15:30:00,4336.632,4347.012,4331.58,4335.47,20296,0
2026-01-02 16:00:00,4335.417,4337.401,4314.837,4321.62,25990,0
2026-01-02 16:30:00,4321.572,4328.254,4315.122,4326.428,16138,0
2026-01-02 17:00:00,4326.382,4333.531,4324.045,4328.964,11756,0
2026-01-02 17:30:00,4328.85,4331.281,4322.76,4323.089,10449,0
2026-01-02 18:00:00,4323.015,4323.733,4310.685,4318.6,12604,0
2026-01-02 18:30:00,4318.571,4319.514,4309.68,4315.06,9660,0
2026-01-02 19:00:00,4315.106,4323.11,4315.106,4318.63,7425,0
2026-01-02 19:30:00,4318.662,4326.31,4317.534,4318.185,8350,0
2026-01-02 20:00:00,4318.228,4329.417,4317.152,4328.391,7094,0
2026-01-02 20:30:00,4328.359,4331.586,4325.277,4331.422,6846,0
2026-01-02 21:00:00,4331.457,4331.908,4327.07,4328.851,3701,0
2026-01-02 21:30:00,4328.862,4333.96,4327.303,4331.759,2777,0
2026-01-04 23:00:00,4353.486,4372.729,4349.834,4366.976,7247,0
2026-01-04 23:30:00,4366.882,4375.927,4354.414,4372.57,8414,0
2026-01-05 00:00:00,4372.597,4389.652,4370.227,4387.295,9116,0
2026-01-05 00:30:00,4387.249,4396.832,4385.012,4395.055,12074,0
2026-01-05 01:00:00,4395.081,4421.14,4394.153,4396.158,33507,0
2026-01-05 01:30:00,4396.184,4406.77,4391.224,4401.876,19543,0
2026-01-05 02:00:00,4401.913,4405.12,4388.651,4402.261,12977,0
2026-01-05 02:30:00,4402.25,4409.611,4398.61,4405.335,12553,0
2026-01-05 03:00:00,4405.379,4414.105,4405.347,4407.524,9009,0
2026-01-05 03:30:00,4407.48,4410.721,4399.69,4399.941,6765,0
2026-01-05 04:00:00,4399.909,4406.376,4397.428,4404.917,5319,0
2026-01-05 04:30:00,4404.815,4408.423,4403.609,4404.147,4192,0
2026-01-05 05:00:00,4404.194,4412.737,4403.649,4412.513,4002,0
2026-01-05 05:30:00,4412.492,4414.553,4401.27,4412.369,10135,0
2026-01-05 06:00:00,4412.307,4426.206,4411.208,4424.13,10961,0
2026-01-05 06:30:00,4424.17,4426.559,4416.317,4420.161,9136,0
2026-01-05 07:00:00,4420.279,4424.111,4416.786,4420.415,6801,0
2026-01-05 07:30:00,4420.404,4425.096,4418.516,4421.826,6833,0
2026-01-05 08:00:00,4421.868,4430.23,4419.336,4426.693,7160,0
2026-01-05 08:30:00,4426.688,4433.981,4423.6,4430.181,6798,0
2026-01-05 09:00:00,4430.172,4434.604,4425.973,4432.66,6150,0
2026-01-05 09:30:00,4432.627,4438.245,4430.991,4434.819,6377,0
2026-01-05 10:00:00,4434.84,4436.595,4430.809,4433.196,5393,0
2026-01-05 10:30:00,4433.239,4440.011,4432.71,4436.25,5596,0
2026-01-05 11:00:00,4436.286,4437.501,4411.073,4417.157,10579,0
2026-01-05 11:30:00,4417.201,4426.071,4415.354,4419.349,8047,0
2026-01-05 12:00:00,4419.316,4421.533,4413.736,4415.646,7979,0
2026-01-05 12:30:00,4415.748,4417.248,4405.439,4409.669,8767,0
2026-01-05 13:00:00,4409.728,4418.988,4396.833,4399.592,18748,0
2026-01-05 13:30:00,4399.636,4417.288,4395.895,4416.777,13081,0
2026-01-05 14:00:00,4416.756,4429.678,4416.756,4420.998,13831,0
2026-01-05 14:30:00,4420.963,4442.879,4417.832,4436.879,24891,0
2026-01-05 15:00:00,4436.956,4455.697,4436.956,4444.504,19704,0
2026-01-05 15:30:00,4444.538,4450.129,4435.453,4448.524,15058,0
2026-01-05 16:00:00,4448.487,4451.436,4438.476,4440.937,10422,0
2026-01-05 16:30:00,4440.891,4454.471,4440.09,4441.949,8978,0
2026-01-05 17:00:00,4441.992,4449.015,4432.261,4445.959,13399,0
2026-01-05 17:30:00,4445.956,4447.52,4437.641,4443.566,8647,0
2026-01-05 18:00:00,4443.511,4448.613,4439.808,4441.414,8149,0
2026-01-05 18:30:00,4441.374,4448.613,4441.08,4448.613,5450,0
2026-01-05 19:00:00,4448.64,4449.504,4434.7,4441.607,9942,0
2026-01-05 19:30:00,4441.576,4445.95,4438.633,4439.845,5265,0
2026-01-05 20:00:00,4439.805,4447.1,4439.047,4445.497,5691,0
2026-01-05 20:30:00,4445.483,4446.028,4437.896,4445.041,8336,0
2026-01-05 21:00:00,4445.092,4448.189,4443.406,4445.592,4002,0
2026-01-05 21:30:00,4445.593,4449.325,4445.423,4448.989,2594,0
2026-01-05 23:00:00,4454.841,4460.29,4448.596,4448.949,3859,0
2026-01-05 23:30:00,4448.982,4450.27,4436.869,4440.334,5040,0
2026-01-06 00:00:00,4440.426,4442.688,4436.533,4441.055,5914,0
2026-01-06 00:30:00,4441.06,4444.902,4430.348,4436.385,7802,0
2026-01-06 01:00:00,4436.336,4444.226,4427.675,4434.935,15895,0
2026-01-06 01:30:00,4434.976,4452.327,4432.591,4450.418,11439,0
2026-01-06 02:00:00,4450.515,4460.891,4448.713,4460.475,10223,0
2026-01-06 02:30:00,4460.422,4461.378,4448.68,4454.98,10244,0
2026-01-06 03:00:00,4455.006,4468.056,4454.095,4463.666,8745,0
2026-01-06 03:30:00,4463.645,4468.212,4463.214,4467.805,4530,0
2026-01-06 04:00:00,4467.682,4468.596,4463.199,4464.802,4614,0
2026-01-06 04:30:00,4464.786,4468.576,4461.708,4467.361,3983,0
2026-01-06 05:00:00,4467.251,4470.717,4466.867,4469.734,4180,0
2026-01-06 05:30:00,4469.622,4474.275,4449.432,4452.551,13847,0
2026-01-06 06:00:00,4452.575,4461.014,4451.601,4460.958,9410,0
2026-01-06 06:30:00,4460.964,4466.948,4458.868,4465.667,8343,0
2026-01-06 07:00:00,4465.603,4470.422,4461.487,4464.52,6530,0
2026-01-06 07:30:00,4464.627,4467.166,4457.239,4459.479,6236,0
2026-01-06 08:00:00,4459.501,4476.002,4457.442,4471.071,8190,0
2026-01-06 08:30:00,4471.045,4472.687,4464.538,4468.331,7469,0
2026-01-06 09:00:00,4468.274,4468.593,4452.226,4456.749,8838,0
2026-01-06 09:30:00,4456.639,4457.104,4444.803,4446.277,8499,0
2026-01-06 10:00:00,4446.398,4452.597,4442.565,4450.167,6568,0
2026-01-06 10:30:00,4450.101,4456.015,4448.459,4451.736,5243,0
2026-01-06 11:00:00,4451.818,4455.755,4448.688,4455.533,4218,0
2026-01-06 11:30:00,4455.494,4464.613,4454.753,4463.377,5732,0
2026-01-06 12:00:00,4463.319,4465.68,4461.396,4464.431,4721,0
2026-01-06 12:30:00,4464.383,4466.318,4458.738,4463.614,5085,0
2026-01-06 13:00:00,4463.652,4470.587,4457.546,4459.126,12842,0
2026-01-06 13:30:00,4459.158,4468.375,4453.975,4467.983,11445,0
2026-01-06 14:00:00,4468.012,4473.357,4464.456,4466.772,10532,0
2026-01-06 14:30:00,4466.823,4489.999,4465.048,4487.466,17001,0
2026-01-06 15:00:00,4487.493,4490.968,4473.81,4480.981,18239,0
2026-01-06 15:30:00,4481.008,4482.016,4462.854,4478.351,18985,0
2026-01-06 16:00:00,4478.32,4485.31,4471.616,4483.425,12533,0
2026-01-06 16:30:00,4483.381,4489.083,4482.504,4488.24,9182,0
2026-01-06 17:00:00,4488.34,4490.321,4484.26,4487.043,8021,0
2026-01-06 17:30:00,4487.013,4491.626,4481.675,4489.462,7973,0
2026-01-06 18:00:00,4489.42,4494.128,4484.369,4486.006,8691,0
2026-01-06 18:30:00,4486.051,4490.417,4482.185,4488.52,6737,0
2026-01-06 19:00:00,4488.54,4489.405,4477.399,4480.945,8039,0
2026-01-06 19:30:00,4480.922,4483.817,4477.733,4481.409,7224,0
2026-01-06 20:00:00,4481.378,4487.658,4480.296,4485.509,4931,0
2026-01-06 20:30:00,4485.551,4496.944,4483.726,4493.817,6796,0
2026-01-06 21:00:00,4493.778,4494.72,4491.74,4494.071,3783,0
2026-01-06 21:30:00,4494.086,4497.422,4493.991,4494.6,2799,0
2026-01-06 23:00:00,4498.082,4500.541,4494.738,4498.615,3333,0
2026-01-06 23:30:00,4498.509,4499.552,4492.122,4493.223,3818,0
2026-01-07 00:00:00,4493.308,4494.495,4489.58,4491.088,5348,0
2026-01-07 00:30:00,4491.118,4494.702,4482.523,4491.903,7383,0
2026-01-07 01:00:00,4491.878,4495.931,4469.091,4477.149,22599,0
2026-01-07 01:30:00,4477.173,4477.872,4460.993,4465.5,16591,0
2026-01-07 02:00:00,4465.482,4475.687,4459.455,4473.884,11086,0
2026-01-07 02:30:00,4473.851,4478.762,4473.425,4474.656,9620,0
2026-01-07 03:00:00,4474.67,4480.356,4471.815,4476.448,8533,0
2026-01-07 03:30:00,4476.416,4478.87,4473.527,4474.703,5419,0
2026-01-07 04:00:00,4474.645,4476.083,4465.904,4466.042,8282,0
2026-01-07 04:30:00,4466.078,4468.626,4463.395,4464.827,7408,0
2026-01-07 05:00:00,4464.825,4470.296,4462.036,4468.604,5498,0
2026-01-07 05:30:00,4468.656,4469.259,4443.17,4454.27,19108,0
2026-01-07 06:00:00,4454.232,4460.477,4452.21,4455.045,9019,0
2026-01-07 06:30:00,4455.067,4455.66,4441.419,4444.168,12259,0
2026-01-07 07:00:00,4444.112,4455.051,4441.509,4455.002,7999,0
2026-01-07 07:30:00,4454.961,4465.169,4453.637,4461.273,7289,0
2026-01-07 08:00:00,4461.183,4468.583,4459.289,4465.25,6624,0
2026-01-07 08:30:00,4465.239,4474.845,4464.132,4468.243,6613,0
2026-01-07 09:00:00,4468.205,4468.713,4459.634,4462.176,7188,0
2026-01-07 09:30:00,4462.133,4465.615,4459.868,4463.388,4788,0
2026-01-07 10:00:00,4463.36,4466.618,4458.66,4459.826,4824,0
2026-01-07 10:30:00,4459.874,4467.819,4458.78,4464.522,4893,0
2026-01-07 11:00:00,4464.481,4464.982,4455.325,4459.035,5167,0
2026-01-07 11:30:00,4459.074,4460.105,4446.584,4447.469,7848,0
2026-01-07 12:00:00,4447.441,4450.481,4439.158,4450.105,9758,0
2026-01-07 12:30:00,4450.117,4455.125,4445.029,4445.029,7018,0
2026-01-07 13:00:00,4445.066,4449.995,4427.817,4442.076,19764,0
2026-01-07 13:30:00,4442.034,4453.132,4438.071,4452.968,15742,0
2026-01-07 14:00:00,4452.923,4454.334,4442.785,4444.718,14920,0
2026-01-07 14:30:00,4444.762,4453.053,4435.782,4445.604,23176,0
2026-01-07 15:00:00,4445.549,4445.549,4423.563,4441.905,19417,0
2026-01-07 15:30:00,4441.918,4452.207,4440.448,4446.078,14877,0
2026-01-07 16:00:00,4446.044,4461.281,4443.91,4457.89,13108,0
2026-01-07 16:30:00,4457.847,4468.439,4456.895,4464.27,12192,0
2026-01-07 17:00:00,4464.309,4465.416,4457.199,4458.518,7110,0
2026-01-07 17:30:00,4458.563,4461.68,4449.791,4451.851,8115,0
2026-01-07 18:00:00,4451.908,4455.996,4447.231,4452.134,10452,0
2026-01-07 18:30:00,4452.177,4458.77,4450.033,4452.008,6678,0
2026-01-07 19:00:00,4452.071,4455.358,4445.362,4450.582,7289,0
2026-01-07 19:30:00,4450.566,4458.023,4450.41,4456.852,5585,0
2026-01-07 20:00:00,4456.896,4461.7,4455.441,4458.13,6136,0
2026-01-07 20:30:00,4458.162,4460.551,4450.556,4451.988,9557,0
2026-01-07 21:00:00,4452.036,4455.309,4449.794,4452.499,4027,0
2026-01-07 21:30:00,4452.493,4456.107,4452.203,4455.734,2273,0
2026-01-07 23:00:00,4459.787,4464.17,4458.515,4461.951,3015,0
2026-01-07 23:30:00,4461.967,4463.783,4459.842,4463.418,3158,0
2026-01-08 00:00:00,4463.439,4466.48,4454.203,4456.839,4823,0
2026-01-08 00:30:00,4456.888,4459.097,4446.637,4450.263,8293,0
2026-01-08 01:00:00,4450.259,4460.475,4444.388,4455.062,12798,0
2026-01-08 01:30:00,4455.027,4457.584,4441.598,4448.506,11017,0
2026-01-08 02:00:00,4448.519,4449.725,4440.076,4441.217,7708,0
2026-01-08 02:30:00,4441.193,4444.237,4433.334,4441.382,12712,0
2026-01-08 03:00:00,4441.397,4445.854,4437.111,4444.21,9924,0
2026-01-08 03:30:00,4444.186,4446.525,4438.175,4440.299,4690,0
2026-01-08 04:00:00,4440.323,4440.571,4436.572,4436.713,4411,0
2026-01-08 04:30:00,4436.752,4438.937,4430.167,4431.553,5096,0
2026-01-08 05:00:00,4431.524,4432.411,4422.761,4425.97,7981,0
2026-01-08 05:30:00,4425.928,4427.735,4415.511,4425.388,16476,0
2026-01-08 06:00:00,4425.449,4429.307,4415.853,4426.05,13809,0
2026-01-08 06:30:00,4426.092,4437.619,4426.092,4433.359,10224,0
2026-01-08 07:00:00,4433.395,4439.928,4430.707,4436.475,8485,0
2026-01-08 07:30:00,4436.436,4436.762,4428.495,4431.056,6474,0
2026-01-08 08:00:00,4430.976,4433.321,4425.305,4426.951,8038,0
2026-01-08 08:30:00,4426.918,4432.902,4419.832,4431.573,8251,0
2026-01-08 09:00:00,4431.548,4435.449,4425.979,4430.312,6791,0
2026-01-08 09:30:00,4430.281,4434.828,4429.134,4432.575,5192,0
2026-01-08 10:00:00,4432.589,4432.71,4422.964,4424.667,5686,0
2026-01-08 10:30:00,4424.63,4434.825,4423.559,4433.276,5539,0
2026-01-08 11:00:00,4433.315,4433.315,4424.774,4426.438,5160,0
2026-01-08 11:30:00,4426.426,4428.109,4422.016,4422.728,4866,0
2026-01-08 12:00:00,4422.769,4422.993,4407.557,4420.402,11438,0
2026-01-08 12:30:00,4420.464,4431.351,4420.111,4427.857,7676,0
2026-01-08 13:00:00,4427.725,4436.31,4417.267,4434.019,15133,0
2026-01-08 13:30:00,4434.056,4435.743,4421.59,4423.813,12224,0
2026-01-08 14:00:00,4423.771,4430.095,4418.924,4427.676,14945,0
2026-01-08 14:30:00,4427.726,4439.417,4421.837,4432.845,24482,0
2026-01-08 15:00:00,4432.818,4454.14,4427.799,4447.694,21298,0
2026-01-08 15:30:00,4447.719,4456.536,4446.673,4454.15,15795,0
2026-01-08 16:00:00,4454.191,4458.043,4446.895,4453.494,13103,0
2026-01-08 16:30:00,4453.463,4464.615,4451.821,4463.197,11884,0
2026-01-08 17:00:00,4463.116,4465.503,4457.535,4461.644,9412,0
2026-01-08 17:30:00,4461.684,4464.2,4458.975,4463.423,5522,0
2026-01-08 18:00:00,4463.442,4463.442,4449.369,4452.192,10137,0
2026-01-08 18:30:00,4452.118,4454.999,4447.882,4449.652,6326,0
2026-01-08 19:00:00,4449.642,4451.292,4444.332,4447.765,5814,0
2026-01-08 19:30:00,4447.742,4452.924,4447.569,4452.141,5070,0
2026-01-08 20:00:00,4452.02,4473.782,4451.421,4470.024,7471,0
2026-01-08 20:30:00,4470.066,4478.222,4470.066,4476.036,10950,0
2026-01-08 21:00:00,4475.999,4479.711,4472.633,4475.146,4847,0
2026-01-08 21:30:00,4475.161,4478.76,4472.779,4477.366,3329,0
2026-01-08 23:00:00,4482.004,4484.203,4475.15,4477.097,4170,0
2026-01-08 23:30:00,4477.12,4477.5,4472.63,4475.597,3335,0
2026-01-09 00:00:00,4475.632,4476.742,4463.536,4465.784,5172,0
2026-01-09 00:30:00,4465.819,4468.632,4459.959,4462.843,5552,0
2026-01-09 01:00:00,4462.869,4465.569,4452.819,4457.281,15076,0
2026-01-09 01:30:00,4457.214,4470.03,4456.144,4468.909,9762,0
2026-01-09 02:00:00,4468.941,4476.568,4468.771,4472.357,7687,0
2026-01-09 02:30:00,4472.335,4475.646,4465.623,4469.395,7852,0
2026-01-09 03:00:00,4469.365,4469.986,4461.024,4463.502,8567,0
2026-01-09 03:30:00,4463.437,4465.841,4460.389,4464.219,3962,0
2026-01-09 04:00:00,4464.226,4465.722,4460.747,4462.805,3651,0
2026-01-09 04:30:00,4462.801,4466.874,4461.591,4464.783,3920,0
2026-01-09 05:00:00,4464.788,4466.861,4458.04,4464.622,4610,0
2026-01-09 05:30:00,4464.66,4471.736,4464.247,4468.157,8608,0
2026-01-09 06:00:00,4468.226,4473.604,4466.039,4473.604,7645,0
2026-01-09 06:30:00,4473.541,4477.388,4472.787,4474.162,7220,0
2026-01-09 07:00:00,4474.204,4475.545,4468.66,4470.257,4697,0
2026-01-09 07:30:00,4470.348,4473.488,4468.43,4470.23,4684,0
2026-01-09 08:00:00,4470.267,4476.785,4466.39,4473.27,6086,0
2026-01-09 08:30:00,4473.304,4473.956,4463.971,4468.492,5817,0
2026-01-09 09:00:00,4468.445,4477.674,4468.296,4473.952,5157,0
2026-01-09 09:30:00,4473.977,4475.13,4470.75,4471.203,4122,0
2026-01-09 10:00:00,4471.22,4474.344,4468.933,4469.027,3546,0
2026-01-09 10:30:00,4469.006,4472.893,4467.193,4472.637,3857,0
2026-01-09 11:00:00,4472.67,4474.8,4469.917,4470.702,3574,0
2026-01-09 11:30:00,4470.74,4476.212,4468.615,4475.43,4464,0
2026-01-09 12:00:00,4475.406,4480.601,4466.959,4467.637,6183,0
2026-01-09 12:30:00,4467.716,4468.785,4460.898,4465.953,7122,0
2026-01-09 13:00:00,4466.057,4474.669,4461.967,4472.947,13151,0
2026-01-09 13:30:00,4472.944,4491.969,4458.906,4482.777,24955,0
2026-01-09 14:00:00,4482.745,4496.453,4480.575,4494.285,19628,0
2026-01-09 14:30:00,4494.412,4498.15,4479.269,4494.539,26293,0
2026-01-09 15:00:00,4494.513,4511.034,4490.039,4505.353,20690,0
2026-01-09 15:30:00,4505.267,4517.18,4505.213,4512.272,14481,0
2026-01-09 16:00:00,4512.371,4514.408,4499.838,4503.653,14760,0
2026-01-09 16:30:00,4503.719,4508.135,4500.846,4506.525,8658,0
2026-01-09 17:00:00,4506.513,4511.732,4501.902,4503.899,9021,0
2026-01-09 17:30:00,4503.862,4510.184,4482.001,4484.546,11897,0
2026-01-09 18:00:00,4484.503,4494.652,4482.907,4491.478,12309,0
2026-01-09 18:30:00,4491.376,4504.616,4491.181,4496.021,7878,0
2026-01-09 19:00:00,4496.085,4501.655,4492.7,4498.85,5881,0
2026-01-09 19:30:00,4498.884,4501.927,4495.883,4499.322,5275,0
2026-01-09 20:00:00,4499.294,4509.435,4497.799,4505.52,6532,0
2026-01-09 20:30:00,4505.545,4510.146,4502.456,4507.629,7194,0
2026-01-09 21:00:00,4507.6,4510.574,4505.053,4509.698,3144,0
2026-01-09 21:30:00,4509.732,4511.179,4506.112,4509.075,3106,0
2026-01-11 23:00:00,4517.918,4538.291,4517.918,4537.838,5968,0
2026-01-11 23:30:00,4537.856,4545.01,4533.289,4539.96,7261,0
2026-01-12 00:00:00,4540.027,4565.984,4536.272,4564.608,11241,0
2026-01-12 00:30:00,4564.646,4601.22,4562.266,4588.948,22187,0
2026-01-12 01:00:00,4588.987,4594.993,4574.07,4582.69,30690,0
2026-01-12 01:30:00,4582.754,4584.33,4570.14,4570.14,18519,0
2026-01-12 02:00:00,4570.108,4574.977,4561.787,4566.211,14699,0
2026-01-12 02:30:00,4566.177,4582.217,4562.583,4577.477,12704,0
2026-01-12 03:00:00,4577.432,4581.179,4574.992,4581.164,9167,0
2026-01-12 03:30:00,4581.185,4581.449,4567.651,4570.658,6690,0
2026-01-12 04:00:00,4570.695,4572.065,4565.559,4568.482,5781,0
2026-01-12 04:30:00,4568.609,4570.177,4563.516,4568.609,5413,0
2026-01-12 05:00:00,4568.565,4574.006,4565.986,4572.502,5418,0
2026-01-12 05:30:00,4572.571,4585.1,4569.666,4581.025,12131,0
2026-01-12 06:00:00,4580.979,4580.979,4569.639,4573.695,8307,0
2026-01-12 06:30:00,4573.714,4580.064,4571.959,4578.421,7054,0
2026-01-12 07:00:00,4578.455,4587.578,4574.626,4581.513,8743,0
2026-01-12 07:30:00,4581.561,4589.641,4578.627,4587.7,7012,0
2026-01-12 08:00:00,4587.743,4589.446,4579.506,4583.646,8899,0
2026-01-12 08:30:00,4583.674,4598.311,4581.922,4596.747,7802,0
2026-01-12 09:00:00,4596.863,4599.354,4593.364,4596.594,7494,0
2026-01-12 09:30:00,4596.549,4597.087,4587.759,4589.117,5939,0
2026-01-12 10:00:00,4589.166,4594.07,4585.878,4592.422,6081,0
2026-01-12 10:30:00,4592.47,4595.436,4586.643,4594.206,6355,0
2026-01-12 11:00:00,4594.27,4594.898,4583.904,4585.266,5897,0
2026-01-12 11:30:00,4585.31,4592.074,4581.808,4585.272,5894,0
2026-01-12 12:00:00,4585.261,4586.886,4578.449,4582.647,8601,0
2026-01-12 12:30:00,4582.69,4590.761,4582.189,4590.508,5484,0
2026-01-12 13:00:00,4590.435,4611.237,4588.695,4605.112,16325,0
2026-01-12 13:30:00,4605.061,4620.453,4604.882,4615.806,12164,0
2026-01-12 14:00:00,4615.85,4617.363,4584.885,4586.608,25044,0
2026-01-12 14:30:00,4586.531,4611.49,4585.113,4602.226,28508,0
2026-01-12 15:00:00,4602.193,4622.286,4601.81,4619.56,17924,0
2026-01-12 15:30:00,4619.522,4627.426,4617.904,4621.268,15587,0
2026-01-12 16:00:00,4621.242,4630.183,4617.512,4620.09,11790,0
2026-01-12 16:30:00,4620.039,4623.432,4607.824,4616.948,11446,0
2026-01-12 17:00:00,4616.941,4618.645,4612.034,4616.294,8711,0
2026-01-12 17:30:00,4616.424,4620.648,4610.771,4616.469,9571,0
2026-01-12 18:00:00,4616.477,4618.617,4600.443,4605.606,12646,0
2026-01-12 18:30:00,4605.572,4611.45,4603.074,4610.738,6958,0
2026-01-12 19:00:00,4610.794,4617.336,4608.644,4616.868,5639,0
2026-01-12 19:30:00,4616.9,4619.056,4609.261,4611.105,5777,0
2026-01-12 20:00:00,4611.138,4611.76,4599.694,4602.438,9730,0
2026-01-12 20:30:00,4602.491,4604.887,4591.514,4593.806,9571,0
2026-01-12 21:00:00,4593.84,4596.98,4590.799,4593.797,5395,0
2026-01-12 21:30:00,4593.788,4597.275,4589.224,4596.711,3983,0
2026-01-12 23:00:00,4600.673,4603.593,4577.934,4584.619,8638,0
2026-01-12 23:30:00,4584.657,4599.737,4584.13,4599.371,6645,0
2026-01-13 00:00:00,4599.408,4599.697,4588.237,4588.371,6133,0
2026-01-13 00:30:00,4588.374,4592.284,4584.472,4587.454,5696,0
2026-01-13 01:00:00,4587.452,4595.779,4581.558,4581.854,16461,0
2026-01-13 01:30:00,4581.906,4587.33,4575.45,4577.984,13026,0
2026-01-13 02:00:00,4577.916,4590.569,4576.696,4583.833,7818,0
2026-01-13 02:30:00,4583.791,4595.054,4581.873,4594.245,9203,0
2026-01-13 03:00:00,4594.211,4599.717,4592.757,4595.714,6937,0
2026-01-13 03:30:00,4595.671,4598.119,4592.527,4594.166,4730,0
2026-01-13 04:00:00,4594.125,4599.738,4593.884,4597.34,4202,0
2026-01-13 04:30:00,4597.349,4599.709,4594.701,4596.501,4028,0
2026-01-13 05:00:00,4596.502,4601.547,4591.776,4601.343,4269,0
2026-01-13 05:30:00,4601.45,4602.247,4585.601,4592.164,11386,0
2026-01-13 06:00:00,4592.102,4592.361,4582.167,4584.983,8420,0
2026-01-13 06:30:00,4585.021,4586.212,4573.281,4581.585,9698,0
2026-01-13 07:00:00,4581.674,4585.248,4578.804,4584.129,6168,0
2026-01-13 07:30:00,4584.053,4587.236,4577.482,4580.548,5866,0
2026-01-13 08:00:00,4580.515,4592.683,4579.536,4589.98,7123,0
2026-01-13 08:30:00,4590.017,4597.225,4589.09,4592.785,6310,0
2026-01-13 09:00:00,4592.752,4595.735,4588.05,4589.249,4999,0
2026-01-13 09:30:00,4589.181,4592.102,4585.659,4586.197,4944,0
2026-01-13 10:00:00,4586.164,4587.026,4580.403,4584.588,4989,0
2026-01-13 10:30:00,4584.669,4588.289,4581.758,4586.3,4128,0
2026-01-13 11:00:00,4586.297,4589.046,4582.032,4586.898,5136,0
2026-01-13 11:30:00,4586.846,4592.014,4584.874,4588.503,4693,0
2026-01-13 12:00:00,4588.599,4589.182,4577.847,4580.522,4918,0
2026-01-13 12:30:00,4580.544,4595.195,4579.292,4593.218,5118,0
2026-01-13 13:00:00,4593.188,4606.501,4590.71,4601.216,14270,0
2026-01-13 13:30:00,4601.294,4621.052,4601.089,4611.565,18995,0
2026-01-13 14:00:00,4611.528,4623.84,4609.05,4618.186,13189,0
2026-01-13 14:30:00,4618.23,4634.774,4611.572,4629.894,24159,0
2026-01-13 15:00:00,4629.85,4630.291,4600.864,4608.7,25023,0
2026-01-13 15:30:00,4608.735,4620.621,4605.261,4619.104,14951,0
2026-01-13 16:00:00,4619.001,4620.796,4592.827,4598.549,15361,0
2026-01-13 16:30:00,4598.468,4613.89,4596.549,4613.306,9607,0
2026-01-13 17:00:00,4613.269,4616.064,4606.352,4609.756,7397,0
2026-01-13 17:30:00,4609.733,4612.117,4586.704,4590.502,13942,0
2026-01-13 18:00:00,4590.452,4595.113,4581.045,4591.783,18112,0
2026-01-13 18:30:00,4591.737,4602.088,4589.807,4594.198,9089,0
2026-01-13 19:00:00,4594.239,4597.205,4584.153,4593.391,11162,0
2026-01-13 19:30:00,4593.342,4599.02,4590.642,4597.503,7832,0
2026-01-13 20:00:00,4597.539,4597.876,4587.727,4588.971,8390,0
2026-01-13 20:30:00,4588.932,4589.37,4569.234,4586.045,15243,0
2026-01-13 21:00:00,4586.098,4589.594,4582.708,4587.937,4786,0
2026-01-13 21:30:00,4587.924,4589.919,4585.593,4586.552,3686,0
2026-01-13 23:00:00,4590.721,4597.968,4590.682,4597.379,3646,0
2026-01-13 23:30:00,4597.335,4598.857,4593.273,4597.136,3312,0
2026-01-14 00:00:00,4597.181,4610.741,4597.11,4609.591,6247,0
2026-01-14 00:30:00,4609.635,4610.704,4604.728,4609.153,5879,0
2026-01-14 01:00:00,4609.191,4618.553,4606.187,4614.568,12837,0
2026-01-14 01:30:00,4614.536,4619.966,4613.482,4619.16,9477,0
2026-01-14 02:00:00,4619.143,4621.433,4614.334,4619.999,8449,0
2026-01-14 02:30:00,4620.042,4623.618,4617.954,4620.633,8569,0
2026-01-14 03:00:00,4620.571,4622.903,4613.52,4615.157,7559,0
2026-01-14 03:30:00,4615.106,4630.088,4614.88,4628.238,5769,0
2026-01-14 04:00:00,4628.316,4630.246,4625.259,4626.549,5128,0
2026-01-14 04:30:00,4626.586,4630.562,4625.369,4629.468,4395,0
2026-01-14 05:00:00,4629.495,4639.638,4629.393,4634.34,7766,0
2026-01-14 05:30:00,4634.295,4639.887,4617.789,4619.823,15976,0
2026-01-14 06:00:00,4619.766,4635.443,4618.538,4633.037,12711,0
2026-01-14 06:30:00,4633.042,4637.223,4626.141,4637.223,9287,0
2026-01-14 07:00:00,4637.253,4639.584,4631.374,4637.177,6886,0
2026-01-14 07:30:00,4637.131,4638.354,4632.425,4632.634,5078,0
2026-01-14 08:00:00,4632.562,4634.332,4621.938,4625.144,10510,0
2026-01-14 08:30:00,4625.028,4637.912,4624.469,4634.917,6340,0
2026-01-14 09:00:00,4634.864,4639.668,4633.258,4637.539,5457,0
2026-01-14 09:30:00,4637.497,4637.92,4627.052,4630.422,6106,0
2026-01-14 10:00:00,4630.391,4637.042,4627.787,4635.114,5245,0
2026-01-14 10:30:00,4635.145,4638.19,4631.244,4633.025,5508,0
2026-01-14 11:00:00,4632.98,4637.518,4629.254,4630.225,5595,0
2026-01-14 11:30:00,4630.299,4632.805,4625.93,4630.328,5880,0
2026-01-14 12:00:00,4630.34,4638.949,4630.177,4636.084,7495,0
2026-01-14 12:30:00,4636.055,4641.989,4633.754,4638.782,6714,0
2026-01-14 13:00:00,4638.815,4641.783,4627.216,4631.738,17083,0
2026-01-14 13:30:00,4631.788,4637.339,4624.312,4635.839,12987,0
2026-01-14 14:00:00,4635.872,4638.794,4629.739,4635.375,11579,0
2026-01-14 14:30:00,4635.341,4635.341,4606.671,4617.582,28836,0
2026-01-14 15:00:00,4617.552,4626.505,4599.335,4615.354,24064,0
2026-01-14 15:30:00,4615.401,4621.903,4609.798,4617.855,16331,0
2026-01-14 16:00:00,4617.892,4624.844,4614.873,4621.698,12602,0
2026-01-14 16:30:00,4621.672,4623.285,4608.501,4616.995,14182,0
2026-01-14 17:00:00,4617.041,4619.189,4605.436,4611.273,12608,0
2026-01-14 17:30:00,4611.308,4616.621,4601.076,4614.239,14943,0
2026-01-14 18:00:00,4614.214,4630.32,4612.745,4628.364,11728,0
2026-01-14 18:30:00,4628.316,4637.171,4628.029,4635.077,8276,0
2026-01-14 19:00:00,4635.107,4643.164,4633.272,4635.008,11006,0
2026-01-14 19:30:00,4634.967,4641.576,4634.501,4639.223,7537,0
2026-01-14 20:00:00,4639.221,4641.566,4626.154,4634.138,17900,0
2026-01-14 20:30:00,4634.089,4635.518,4625.598,4632.498,11465,0
2026-01-14 21:00:00,4632.551,4633.061,4620.941,4622.375,7037,0
2026-01-14 21:30:00,4622.416,4628.856,4617.901,4626.038,5385,0
2026-01-14 23:00:00,4626.61,4626.949,4605.512,4609.136,7603,0
2026-01-14 23:30:00,4609.128,4616.077,4602.84,4615.294,7700,0
2026-01-15 00:00:00,4615.256,4618.187,4611.652,4616.7,6658,0
2026-01-15 00:30:00,4616.681,4617.962,4610.121,4615.335,5780,0
2026-01-15 01:00:00,4615.282,4617.412,4597.017,4600.573,19217,0
2026-01-15 01:30:00,4600.607,4607.021,4583.613,4600.055,23726,0
2026-01-15 02:00:00,4599.944,4614.714,4597.517,4611.059,12002,0
2026-01-15 02:30:00,4611.012,4614.691,4595.584,4602.831,12825,0
2026-01-15 03:00:00,4602.87,4604.388,4581.12,4585.28,16197,0
2026-01-15 03:30:00,4585.238,4597.531,4581.069,4592.282,11561,0
2026-01-15 04:00:00,4592.258,4597.489,4587.018,4593.867,8452,0
2026-01-15 04:30:00,4593.831,4595.915,4589.259,4592.233,6707,0
2026-01-15 05:00:00,4592.274,4593.034,4580.995,4593.034,7174,0
2026-01-15 05:30:00,4593.067,4599.006,4581.456,4595.213,13621,0
2026-01-15 06:00:00,4595.257,4610.072,4593.665,4604.217,11039,0
2026-01-15 06:30:00,4604.229,4612.104,4600.491,4610.261,9206,0
2026-01-15 07:00:00,4610.216,4613.611,4605.89,4610.181,6693,0
2026-01-15 07:30:00,4610.213,4611.225,4599.191,4601.818,6365,0
2026-01-15 08:00:00,4601.775,4606.288,4597.807,4602.035,8127,0
2026-01-15 08:30:00,4602.21,4607.15,4599.201,4604.308,6512,0
2026-01-15 09:00:00,4604.245,4605.491,4600.656,4604.673,5409,0
2026-01-15 09:30:00,4604.705,4613.071,4602.807,4612.605,5918,0
2026-01-15 10:00:00,4612.576,4615.901,4609.297,4612.151,5432,0
2026-01-15 10:30:00,4612.188,4620.643,4610.607,4619.803,5209,0
2026-01-15 11:00:00,4619.84,4621.622,4617.322,4619.142,4783,0
2026-01-15 11:30:00,4619.147,4623.032,4615.404,4619.132,6115,0
2026-01-15 12:00:00,4619.184,4620.792,4613.901,4616.464,5992,0
2026-01-15 12:30:00,4616.502,4618.683,4611.726,4613.952,5454,0
2026-01-15 13:00:00,4613.888,4616.137,4602.432,4605.54,16052,0
2026-01-15 13:30:00,4605.419,4605.419,4582.0,4588.413,18728,0
2026-01-15 14:00:00,4588.437,4606.828,4583.25,4602.597,17131,0
2026-01-15 14:30:00,4602.703,4615.181,4600.389,4610.958,23484,0
2026-01-15 15:00:00,4611.005,4618.093,4603.867,4616.342,16373,0
2026-01-15 15:30:00,4616.288,4617.59,4609.343,4615.473,12335,0
2026-01-15 16:00:00,4615.438,4624.902,4608.613,4611.744,13641,0
2026-01-15 16:30:00,4611.701,4613.405,4601.162,4605.624,11810,0
2026-01-15 17:00:00,4605.699,4613.652,4605.643,4610.975,7685,0
2026-01-15 17:30:00,4610.915,4616.995,4610.194,4616.439,6389,0
2026-01-15 18:00:00,4616.497,4621.292,4616.398,4619.379,8581,0
2026-01-15 18:30:00,4619.339,4619.703,4613.569,4617.591,7287,0
2026-01-15 19:00:00,4617.621,4621.733,4617.411,4618.336,5188,0
2026-01-15 19:30:00,4618.366,4619.238,4612.627,4615.794,5437,0
2026-01-15 20:00:00,4615.908,4616.308,4600.756,4604.874,10525,0
2026-01-15 20:30:00,4604.938,4609.277,4603.389,4605.761,8330,0
2026-01-15 21:00:00,4605.733,4615.612,4604.438,4614.202,4158,0
2026-01-15 21:30:00,4614.216,4616.456,4613.616,4615.67,2591,0
2026-01-15 23:00:00,4618.11,4620.994,4608.713,4608.95,4738,0
2026-01-15 23:30:00,4608.989,4611.168,4606.451,4610.284,5110,0
2026-01-16 00:00:00,4610.243,4611.358,4603.399,4607.69,5231,0
2026-01-16 00:30:00,4607.799,4608.159,4598.533,4600.026,7077,0
2026-01-16 01:00:00,4599.942,4607.331,4593.942,4606.066,12424,0
2026-01-16 01:30:00,4606.027,4608.553,4599.026,4600.504,9952,0
2026-01-16 02:00:00,4600.477,4604.241,4596.777,4600.009,10396,0
2026-01-16 02:30:00,4600.082,4601.091,4591.237,4594.891,11290,0
2026-01-16 03:00:00,4594.918,4599.694,4594.401,4595.549,6809,0
2026-01-16 03:30:00,4595.586,4597.496,4592.794,4596.491,4004,0
2026-01-16 04:00:00,4596.353,4601.417,4596.116,4598.577,3254,0
2026-01-16 04:30:00,4598.585,4602.017,4597.354,4601.087,2946,0
2026-01-16 05:00:00,4601.205,4601.677,4595.252,4601.237,3522,0
2026-01-16 05:30:00,4601.253,4616.198,4596.625,4611.542,8682,0
2026-01-16 06:00:00,4611.614,4612.336,4603.541,4604.638,8530,0
2026-01-16 06:30:00,4604.614,4608.081,4593.851,4597.967,9597,0
2026-01-16 07:00:00,4598.052,4612.02,4596.85,4605.955,6734,0
2026-01-16 07:30:00,4605.921,4611.888,4601.047,4607.513,7954,0
2026-01-16 08:00:00,4607.466,4610.688,4604.708,4607.356,5853,0
2026-01-16 08:30:00,4607.32,4609.041,4601.344,4603.185,5503,0
2026-01-16 09:00:00,4603.149,4608.488,4599.617,4601.22,4643,0
2026-01-16 09:30:00,4601.154,4603.518,4598.843,4600.449,3620,0
2026-01-16 10:00:00,4600.493,4611.17,4600.345,4607.619,4486,0
2026-01-16 10:30:00,4607.58,4609.329,4599.801,4600.216,4719,0
2026-01-16 11:00:00,4600.25,4611.59,4598.593,4611.232,5710,0
2026-01-16 11:30:00,4611.186,4616.152,4609.623,4612.471,4735,0
2026-01-16 12:00:00,4612.51,4613.013,4604.831,4606.417,5492,0
2026-01-16 12:30:00,4606.5,4606.868,4597.418,4601.755,6991,0
2026-01-16 13:00:00,4601.792,4605.596,4582.677,4586.993,19413,0
2026-01-16 13:30:00,4587.103,4603.061,4585.467,4601.89,14186,0
2026-01-16 14:00:00,4601.909,4609.503,4598.307,4599.125,10623,0
2026-01-16 14:30:00,4599.1,4614.823,4596.14,4607.981,18691,0
2026-01-16 15:00:00,4607.952,4620.563,4564.633,4565.278,29530,0
2026-01-16 15:30:00,4565.228,4575.482,4536.729,4571.398,45652,0
2026-01-16 16:00:00,4571.351,4596.67,4567.96,4591.552,26298,0
2026-01-16 16:30:00,4591.591,4599.058,4581.801,4591.494,17736,0
2026-01-16 17:00:00,4591.506,4593.088,4576.85,4578.669,13329,0
2026-01-16 17:30:00,4578.599,4586.613,4576.98,4581.46,10104,0
2026-01-16 18:00:00,4581.416,4591.966,4580.011,4590.17,10784,0
2026-01-16 18:30:00,4590.234,4596.056,4582.268,4582.656,9584,0
2026-01-16 19:00:00,4582.63,4588.244,4580.803,4583.939,8270,0
2026-01-16 19:30:00,4583.904,4592.464,4583.744,4590.572,6602,0
2026-01-16 20:00:00,4590.587,4596.046,4587.601,4588.301,5679,0
2026-01-16 20:30:00,4588.291,4589.146,4580.874,4581.986,8625,0
2026-01-16 21:00:00,4581.955,4598.544,4581.955,4592.426,8634,0
2026-01-16 21:30:00,4592.39,4596.678,4591.658,4596.588,3268,0
2026-01-18 23:00:00,4655.358,4684.416,4653.824,4678.61,11302,0
2026-01-18 23:30:00,4678.639,4690.7,4663.692,4672.573,14167,0
2026-01-19 00:00:00,4672.63,4678.385,4660.973,4675.897,13615,0
2026-01-19 00:30:00,4675.934,4682.114,4672.11,4675.351,10144,0
2026-01-19 01:00:00,4675.381,4678.351,4656.474,4662.096,22866,0
2026-01-19 01:30:00,4662.113,4667.592,4656.212,4657.369,14756,0
2026-01-19 02:00:00,4657.324,4665.073,4653.138,4660.053,10219,0
2026-01-19 02:30:00,4660.072,4664.629,4654.98,4662.391,10140,0
2026-01-19 03:00:00,4662.416,4669.902,4662.416,4664.705,7448,0
2026-01-19 03:30:00,4664.688,4665.993,4658.216,4658.521,6454,0
2026-01-19 04:00:00,4658.556,4664.941,4658.134,4662.314,4799,0
2026-01-19 04:30:00,4662.297,4666.043,4659.222,4663.069,4110,0
2026-01-19 05:00:00,4663.058,4672.365,4662.959,4669.173,4679,0
2026-01-19 05:30:00,4669.138,4674.307,4663.838,4669.968,6995,0
2026-01-19 06:00:00,4669.955,4672.629,4666.767,4669.751,5137,0
2026-01-19 06:30:00,4669.858,4679.037,4669.734,4678.008,5951,0
2026-01-19 07:00:00,4677.902,4678.529,4663.642,4667.469,7773,0
2026-01-19 07:30:00,4667.442,4669.71,4661.873,4665.186,5371,0
2026-01-19 08:00:00,4665.14,4673.846,4663.794,4669.366,6786,0
2026-01-19 08:30:00,4669.511,4670.969,4661.683,4663.672,5994,0
2026-01-19 09:00:00,4663.636,4672.921,4661.902,4666.699,5800,0
2026-01-19 09:30:00,4666.666,4670.55,4665.033,4668.423,3955,0
2026-01-19 10:00:00,4668.355,4671.257,4665.487,4665.96,3981,0
2026-01-19 10:30:00,4665.989,4667.036,4661.28,4663.821,4877,0
2026-01-19 11:00:00,4663.803,4667.144,4661.717,4666.99,3516,0
2026-01-19 11:30:00,4666.971,4667.569,4659.587,4660.705,6616,0
2026-01-19 12:00:00,4660.676,4672.127,4660.078,4670.842,5163,0
2026-01-19 12:30:00,4670.83,4673.744,4668.124,4671.958,5085,0
2026-01-19 13:00:00,4671.993,4673.685,4668.499,4671.778,7305,0
2026-01-19 13:30:00,4671.732,4673.707,4664.495,4666.116,5044,0
2026-01-19 14:00:00,4666.168,4668.52,4661.511,4668.037,5537,0
2026-01-19 14:30:00,4668.073,4670.295,4663.824,4666.594,5831,0
2026-01-19 15:00:00,4666.567,4670.899,4664.257,4666.675,7058,0
2026-01-19 15:30:00,4666.716,4676.059,4665.947,4674.329,5203,0
2026-01-19 16:00:00,4674.283,4675.622,4670.406,4671.788,4113,0
2026-01-19 16:30:00,4671.754,4673.854,4670.647,4672.183,3589,0
2026-01-19 17:00:00,4672.259,4673.064,4669.195,4670.922,2987,0
2026-01-19 17:30:00,4670.954,4678.833,4670.954,4676.236,3683,0
2026-01-19 18:00:00,4676.237,4680.49,4673.834,4678.428,3447,0
2026-01-19 18:30:00,4678.476,4678.95,4675.186,4676.54,2689,0
2026-01-19 19:00:00,4676.647,4676.752,4667.059,4670.928,4332,0
2026-01-19 23:00:00,4673.44,4673.595,4664.876,4666.358,3768,0
2026-01-19 23:30:00,4666.4,4668.885,4664.575,4665.406,2775,0
2026-01-20 00:00:00,4665.371,4668.045,4659.455,4659.781,4086,0
2026-01-20 00:30:00,4659.816,4666.363,4659.743,4660.504,4441,0
2026-01-20 01:00:00,4660.47,4673.538,4659.833,4671.088,10082,0
2026-01-20 01:30:00,4670.972,4676.125,4665.856,4669.702,6417,0
2026-01-20 02:00:00,4669.667,4673.438,4665.558,4672.231,6760,0
2026-01-20 02:30:00,4672.154,4674.781,4666.9,4668.686,7247,0
2026-01-20 03:00:00,4668.676,4674.166,4666.132,4673.227,6315,0
2026-01-20 03:30:00,4673.176,4681.609,4672.734,4680.176,4210,0
2026-01-20 04:00:00,4680.125,4687.217,4679.684,4685.873,4472,0
2026-01-20 04:30:00,4685.921,4697.143,4684.444,4695.232,6877,0
2026-01-20 05:00:00,4695.273,4701.594,4694.661,4695.937,7182,0
2026-01-20 05:30:00,4695.912,4716.89,4694.235,4714.591,11633,0
2026-01-20 06:00:00,4714.551,4717.125,4707.552,4712.522,10668,0
2026-01-20 06:30:00,4712.552,4715.371,4705.47,4712.532,9687,0
2026-01-20 07:00:00,4712.461,4722.407,4711.405,4718.143,7951,0
2026-01-20 07:30:00,4718.172,4722.775,4714.765,4716.168,6656,0
2026-01-20 08:00:00,4716.195,4725.616,4714.966,4718.668,8486,0
2026-01-20 08:30:00,4718.701,4731.519,4716.122,4729.23,9038,0
2026-01-20 09:00:00,4729.28,4733.663,4721.184,4733.145,8234,0
2026-01-20 09:30:00,4733.112,4737.424,4732.404,4732.404,6466,0
2026-01-20 10:00:00,4732.418,4735.025,4727.845,4727.845,6124,0
2026-01-20 10:30:00,4727.901,4729.367,4723.094,4726.524,6797,0
2026-01-20 11:00:00,4726.562,4729.094,4721.583,4726.881,4817,0
2026-01-20 11:30:00,4726.887,4735.418,4725.767,4733.029,4776,0
2026-01-20 12:00:00,4732.985,4732.985,4726.249,4726.692,6124,0
2026-01-20 12:30:00,4726.677,4729.428,4724.127,4727.526,5531,0
2026-01-20 13:00:00,4727.554,4728.453,4716.05,4719.334,13105,0
2026-01-20 13:30:00,4719.36,4738.492,4715.232,4737.092,19958,0
2026-01-20 14:00:00,4737.157,4750.827,4732.322,4750.498,18145,0
2026-01-20 14:30:00,4750.528,4751.171,4728.629,4741.252,35659,0
2026-01-20 15:00:00,4741.175,4748.566,4722.402,4723.889,27419,0
2026-01-20 15:30:00,4723.862,4739.326,4722.354,4737.495,20168,0
2026-01-20 16:00:00,4737.464,4744.286,4729.064,4741.2,14608,0
2026-01-20 16:30:00,4741.173,4757.894,4740.743,4753.631,11201,0
2026-01-20 17:00:00,4753.663,4756.66,4746.094,4754.998,10356,0
2026-01-20 17:30:00,4755.024,4762.444,4752.203,4759.263,8638,0
2026-01-20 18:00:00,4759.298,4766.367,4758.642,4761.514,9077,0
2026-01-20 18:30:00,4761.474,4762.902,4752.902,4759.359,7480,0
2026-01-20 19:00:00,4759.37,4766.298,4756.434,4759.556,6536,0
2026-01-20 19:30:00,4759.521,4763.951,4756.97,4760.696,6108,0
2026-01-20 20:00:00,4760.699,4761.125,4747.418,4750.534,9425,0
2026-01-20 20:30:00,4750.486,4757.872,4748.804,4756.616,7604,0
2026-01-20 21:00:00,4756.641,4760.887,4756.211,4759.632,23180,0
2026-01-20 21:30:00,4759.678,4763.976,4757.142,4763.376,7880,0
2026-01-20 23:00:00,4762.604,4764.259,4757.789,4759.715,3626,0
2026-01-20 23:30:00,4759.681,4781.083,4758.679,4775.878,6067,0
2026-01-21 00:00:00,4775.829,4780.055,4770.751,4777.119,5772,0
2026-01-21 00:30:00,4777.164,4787.732,4776.662,4784.7,6268,0
2026-01-21 01:00:00,4784.65,4827.604,4783.524,4827.406,19175,0
2026-01-21 01:30:00,4827.5,4844.399,4815.136,4835.302,19979,0
2026-01-21 02:00:00,4835.341,4842.159,4817.232,4824.809,14084,0
2026-01-21 02:30:00,4824.771,4839.522,4822.053,4836.69,12720,0
2026-01-21 03:00:00,4836.618,4849.968,4827.06,4833.59,14232,0
2026-01-21 03:30:00,4833.615,4847.111,4831.666,4845.003,7502,0
2026-01-21 04:00:00,4845.003,4854.226,4837.906,4849.925,7660,0
2026-01-21 04:30:00,4849.896,4871.035,4849.886,4865.859,8709,0
2026-01-21 05:00:00,4865.937,4874.202,4858.853,4868.71,8359,0
2026-01-21 05:30:00,4868.677,4878.241,4863.734,4869.955,13337,0
2026-01-21 06:00:00,4870.011,4888.495,4864.423,4883.956,11847,0
2026-01-21 06:30:00,4883.954,4887.33,4845.479,4847.64,20127,0
2026-01-21 07:00:00,4847.583,4850.633,4832.476,4849.003,17064,0
2026-01-21 07:30:00,4849.047,4857.196,4838.733,4855.166,11511,0
2026-01-21 08:00:00,4855.142,4869.713,4853.69,4866.976,8789,0
2026-01-21 08:30:00,4866.931,4868.091,4851.529,4854.677,9645,0
2026-01-21 09:00:00,4854.713,4876.759,4852.333,4875.649,8510,0
2026-01-21 09:30:00,4875.621,4877.102,4859.063,4860.292,8520,0
2026-01-21 10:00:00,4860.243,4866.713,4859.458,4860.451,7025,0
2026-01-21 10:30:00,4860.425,4866.752,4860.055,4862.18,6127,0
2026-01-21 11:00:00,4862.22,4871.558,4860.879,4866.918,5438,0
2026-01-21 11:30:00,4866.894,4867.355,4855.195,4866.812,6777,0
2026-01-21 12:00:00,4866.845,4867.575,4855.777,4864.694,7855,0
2026-01-21 12:30:00,4864.648,4870.963,4856.757,4865.009,7171,0
2026-01-21 13:00:00,4865.061,4871.319,4858.418,4867.91,14918,0
2026-01-21 13:30:00,4867.95,4880.344,4866.962,4879.398,12041,0
2026-01-21 14:00:00,4879.338,4880.975,4839.203,4860.767,36160,0
2026-01-21 14:30:00,4860.73,4872.419,4846.522,4852.15,32444,0
2026-01-21 15:00:00,4851.99,4868.666,4812.704,4831.259,35392,0
2026-01-21 15:30:00,4831.136,4854.614,4829.102,4847.815,26939,0
2026-01-21 16:00:00,4847.861,4855.79,4829.091,4839.852,20911,0
2026-01-21 16:30:00,4839.824,4849.781,4819.511,4833.336,22830,0
2026-01-21 17:00:00,4833.39,4834.351,4814.505,4821.102,20849,0
2026-01-21 17:30:00,4821.141,4827.673,4802.543,4826.18,23129,0
2026-01-21 18:00:00,4826.147,4837.097,4819.804,4834.12,16699,0
2026-01-21 18:30:00,4834.155,4850.735,4830.56,4850.147,11869,0
2026-01-21 19:00:00,4850.041,4854.103,4805.206,4815.979,22061,0
2026-01-21 19:30:00,4816.0,4821.348,4755.85,4781.264,66875,0
2026-01-21 20:00:00,4781.229,4801.099,4772.325,4797.521,31540,0
2026-01-21 20:30:00,4797.478,4827.834,4796.472,4826.665,24529,0
2026-01-21 21:00:00,4826.613,4838.487,4813.273,4832.748,10441,0
2026-01-21 21:30:00,4832.741,4839.807,4828.074,4828.746,6751,0
2026-01-21 23:00:00,4831.025,4831.112,4785.0,4795.004,8453,0
2026-01-21 23:30:00,4795.089,4801.693,4777.636,4778.381,9296,0
2026-01-22 00:00:00,4778.317,4794.233,4778.121,4782.595,11605,0
2026-01-22 00:30:00,4782.514,4798.831,4780.267,4798.16,10935,0
2026-01-22 01:00:00,4798.089,4809.639,4772.208,4795.981,22578,0
2026-01-22 01:30:00,4796.015,4804.744,4793.399,4797.915,12929,0
2026-01-22 02:00:00,4797.796,4798.37,4786.453,4787.721,12398,0
2026-01-22 02:30:00,4787.693,4792.655,4774.904,4788.979,11700,0
2026-01-22 03:00:00,4788.965,4796.003,4784.157,4792.639,8837,0
2026-01-22 03:30:00,4792.615,4796.993,4790.159,4796.604,5427,0
2026-01-22 04:00:00,4796.582,4800.519,4794.603,4796.043,5696,0
2026-01-22 04:30:00,4796.016,4798.41,4793.855,4797.355,5826,0
2026-01-22 05:00:00,4797.386,4801.554,4793.688,4795.434,5506,0
2026-01-22 05:30:00,4795.442,4821.628,4795.179,4821.283,9415,0
2026-01-22 06:00:00,4821.311,4829.247,4816.425,4825.573,9869,0
2026-01-22 06:30:00,4825.551,4828.105,4821.359,4826.534,5950,0
2026-01-22 07:00:00,4826.574,4838.129,4825.664,4837.12,7302,0
2026-01-22 07:30:00,4837.073,4838.815,4830.672,4832.684,6587,0
2026-01-22 08:00:00,4832.659,4835.648,4824.334,4826.358,7093,0
2026-01-22 08:30:00,4826.344,4831.931,4822.389,4830.719,6834,0
2026-01-22 09:00:00,4830.615,4838.0,4828.063,4829.513,6331,0
2026-01-22 09:30:00,4829.481,4831.067,4813.895,4823.101,9777,0
2026-01-22 10:00:00,4823.059,4827.56,4819.211,4826.886,6567,0
2026-01-22 10:30:00,4826.817,4831.851,4823.881,4829.026,4803,0
2026-01-22 11:00:00,4829.046,4831.759,4824.504,4827.759,4849,0
2026-01-22 11:30:00,4827.784,4836.466,4825.166,4831.124,5652,0
2026-01-22 12:00:00,4831.108,4832.498,4823.494,4831.618,6996,0
2026-01-22 12:30:00,4831.579,4832.56,4818.87,4819.839,5626,0
2026-01-22 13:00:00,4819.903,4835.273,4816.015,4828.121,12887,0
2026-01-22 13:30:00,4827.928,4827.928,4810.693,4822.181,13853,0
2026-01-22 14:00:00,4822.115,4830.537,4820.386,4829.35,8790,0
2026-01-22 14:30:00,4829.374,4847.751,4828.147,4835.251,25265,0
2026-01-22 15:00:00,4835.156,4856.106,4826.868,4853.97,19056,0
2026-01-22 15:30:00,4854.055,4873.721,4853.38,4871.71,16363,0
2026-01-22 16:00:00,4871.756,4880.751,4868.085,4875.81,14369,0
2026-01-22 16:30:00,4875.924,4885.521,4873.018,4878.08,11719,0
2026-01-22 17:00:00,4877.958,4894.059,4869.724,4889.928,19321,0
2026-01-22 17:30:00,4889.958,4906.342,4889.223,4904.519,13209,0
2026-01-22 18:00:00,4904.48,4915.449,4901.254,4910.108,15041,0
2026-01-22 18:30:00,4910.136,4919.38,4907.401,4915.979,9546,0
2026-01-22 19:00:00,4915.933,4924.477,4909.579,4914.794,8580,0
2026-01-22 19:30:00,4914.837,4918.139,4905.936,4911.663,8694,0
2026-01-22 20:00:00,4911.7,4928.411,4911.393,4925.645,7347,0
2026-01-22 20:30:00,4925.656,4927.101,4914.134,4916.994,9923,0
2026-01-22 21:00:00,4916.946,4925.318,4914.521,4925.058,4920,0
2026-01-22 21:30:00,4925.026,4940.818,4923.978,4936.22,6598,0
2026-01-22 23:00:00,4944.346,4959.858,4939.335,4940.281,8582,0
2026-01-22 23:30:00,4940.304,4960.587,4930.713,4958.972,8980,0
2026-01-23 00:00:00,4959.011,4963.38,4948.065,4952.101,8417,0
2026-01-23 00:30:00,4952.09,4965.781,4947.585,4965.051,8066,0
2026-01-23 01:00:00,4965.085,4967.535,4936.266,4947.457,24903,0
2026-01-23 01:30:00,4947.481,4962.989,4946.62,4953.624,11875,0
2026-01-23 02:00:00,4953.581,4956.704,4946.884,4952.977,8941,0
2026-01-23 02:30:00,4952.968,4962.261,4952.479,4955.589,5936,0
2026-01-23 03:00:00,4955.632,4959.015,4938.225,4943.847,10354,0
2026-01-23 03:30:00,4943.876,4954.527,4942.678,4952.007,6991,0
2026-01-23 04:00:00,4951.971,4953.665,4950.184,4952.899,3512,0
2026-01-23 04:30:00,4952.997,4958.36,4951.977,4956.283,4170,0
2026-01-23 05:00:00,4956.259,4960.136,4954.507,4957.444,3389,0
2026-01-23 05:30:00,4957.467,4967.307,4956.39,4960.654,6084,0
2026-01-23 06:00:00,4960.628,4962.959,4945.514,4952.994,11203,0
2026-01-23 06:30:00,4953.06,4956.21,4950.21,4953.708,7427,0
2026-01-23 07:00:00,4953.733,4959.588,4951.863,4956.886,6157,0
2026-01-23 07:30:00,4956.916,4958.459,4943.34,4944.413,9453,0
2026-01-23 08:00:00,4944.349,4947.579,4901.296,4913.396,15741,0
2026-01-23 08:30:00,4913.331,4926.356,4908.794,4913.776,14871,0
2026-01-23 09:00:00,4913.884,4920.014,4899.542,4905.309,14393,0
2026-01-23 09:30:00,4905.432,4921.706,4903.038,4918.577,9721,0
2026-01-23 10:00:00,4918.538,4932.374,4915.662,4929.515,8334,0
2026-01-23 10:30:00,4929.468,4930.718,4924.497,4929.871,6369,0
2026-01-23 11:00:00,4929.821,4929.969,4911.967,4920.838,8746,0
2026-01-23 11:30:00,4920.885,4926.339,4919.787,4922.962,6365,0
2026-01-23 12:00:00,4922.999,4936.997,4918.292,4934.036,8216,0
2026-01-23 12:30:00,4934.047,4942.585,4932.308,4939.264,7675,0
2026-01-23 13:00:00,4939.239,4947.993,4923.818,4931.596,21058,0
2026-01-23 13:30:00,4931.635,4940.772,4927.214,4938.919,17383,0
2026-01-23 14:00:00,4938.979,4947.878,4934.756,4939.932,11592,0
2026-01-23 14:30:00,4939.895,4956.538,4932.804,4943.153,20161,0
2026-01-23 15:00:00,4943.231,4955.902,4938.434,4944.79,18521,0
2026-01-23 15:30:00,4944.821,4963.375,4943.805,4960.584,13484,0
2026-01-23 16:00:00,4960.611,4986.425,4959.077,4985.365,14641,0
2026-01-23 16:30:00,4985.355,4988.334,4975.529,4980.297,14063,0
2026-01-23 17:00:00,4980.335,4987.826,4977.323,4983.034,11485,0
2026-01-23 17:30:00,4983.071,4988.104,4962.064,4965.998,13226,0
2026-01-23 18:00:00,4966.032,4984.119,4965.431,4978.703,13319,0
2026-01-23 18:30:00,4978.67,4979.917,4958.231,4966.792,13472,0
2026-01-23 19:00:00,4966.818,4978.735,4966.818,4977.329,7931,0
2026-01-23 19:30:00,4977.351,4989.804,4974.502,4984.331,8050,0
2026-01-23 20:00:00,4984.297,4985.729,4970.597,4980.946,11019,0
2026-01-23 20:30:00,4980.983,4984.209,4975.761,4981.517,10808,0
2026-01-23 21:00:00,4981.478,4986.107,4978.031,4981.849,5438,0
2026-01-23 21:30:00,4981.9,4989.05,4980.472,4988.337,3592,0
2026-01-25 23:00:00,5019.847,5031.138,5003.575,5018.53,18719,0
2026-01-25 23:30:00,5018.596,5040.296,5016.564,5039.789,11886,0
2026-01-26 00:00:00,5039.821,5043.899,5030.552,5042.712,15260,0
2026-01-26 00:30:00,5042.756,5052.099,5038.159,5041.83,9757,0
2026-01-26 01:00:00,5041.689,5075.422,5029.075,5074.312,23313,0
2026-01-26 01:30:00,5074.215,5085.699,5067.777,5071.195,23623,0
2026-01-26 02:00:00,5071.221,5089.088,5067.022,5087.838,19662,0
2026-01-26 02:30:00,5087.769,5093.104,5079.191,5081.12,15583,0
2026-01-26 03:00:00,5081.06,5087.955,5071.801,5079.55,16225,0
2026-01-26 03:30:00,5079.579,5083.797,5070.008,5076.541,11206,0
2026-01-26 04:00:00,5076.643,5078.008,5071.362,5072.384,7972,0
2026-01-26 04:30:00,5072.465,5073.222,5058.121,5070.445,10172,0
2026-01-26 05:00:00,5070.362,5072.795,5052.31,5065.578,12015,0
2026-01-26 05:30:00,5065.603,5076.465,5053.241,5074.295,21501,0
2026-01-26 06:00:00,5074.343,5082.384,5065.319,5075.257,16476,0
2026-01-26 06:30:00,5075.294,5111.144,5074.795,5077.886,21511,0
2026-01-26 07:00:00,5077.807,5095.701,5074.034,5095.302,12862,0
2026-01-26 07:30:00,5095.373,5095.63,5085.787,5089.275,8429,0
2026-01-26 08:00:00,5089.234,5097.715,5087.332,5096.835,9149,0
2026-01-26 08:30:00,5096.769,5098.284,5080.015,5083.341,11289,0
2026-01-26 09:00:00,5083.285,5096.841,5082.318,5096.73,9905,0
2026-01-26 09:30:00,5096.653,5098.657,5075.446,5084.082,11589,0
2026-01-26 10:00:00,5084.113,5091.279,5078.707,5087.424,9714,0
2026-01-26 10:30:00,5087.431,5095.074,5085.88,5091.639,7099,0
2026-01-26 11:00:00,5091.612,5092.833,5078.591,5087.306,8071,0
2026-01-26 11:30:00,5087.211,5092.439,5083.767,5091.438,5823,0
2026-01-26 12:00:00,5091.406,5096.982,5086.227,5090.051,8330,0
2026-01-26 12:30:00,5090.079,5090.079,5077.224,5078.886,12331,0
2026-01-26 13:00:00,5078.846,5083.311,5066.067,5072.476,18484,0
2026-01-26 13:30:00,5072.388,5075.995,5054.528,5068.552,17771,0
2026-01-26 14:00:00,5068.522,5082.747,5058.257,5078.48,16286,0
2026-01-26 14:30:00,5078.443,5096.954,5074.606,5096.269,27531,0
2026-01-26 15:00:00,5096.318,5097.348,5084.091,5090.226,21954,0
2026-01-26 15:30:00,5090.288,5095.208,5073.834,5090.917,22471,0
2026-01-26 16:00:00,5090.819,5104.997,5070.604,5075.635,22740,0
2026-01-26 16:30:00,5075.676,5094.428,5065.288,5089.514,28430,0
2026-01-26 17:00:00,5089.562,5097.455,5080.781,5088.511,18149,0
2026-01-26 17:30:00,5088.41,5105.153,5082.28,5100.936,14776,0
2026-01-26 18:00:00,5100.974,5103.276,5076.541,5085.014,29204,0
2026-01-26 18:30:00,5084.987,5085.43,5057.875,5068.873,34268,0
2026-01-26 19:00:00,5069.015,5069.722,5020.286,5027.403,53143,0
2026-01-26 19:30:00,5027.376,5043.682,5008.218,5028.697,48717,0
2026-01-26 20:00:00,5028.662,5056.737,5026.17,5056.124,32634,0
2026-01-26 20:30:00,5056.165,5062.342,5035.732,5055.193,28722,0
2026-01-26 21:00:00,5055.251,5059.292,5011.334,5020.537,26418,0
2026-01-26 21:30:00,5020.587,5020.996,4989.632,5009.206,26568,0
2026-01-26 23:00:00,5029.858,5049.987,5018.873,5045.229,11977,0
2026-01-26 23:30:00,5045.302,5061.533,5040.631,5043.629,8006,0
2026-01-27 00:00:00,5043.588,5053.998,5038.504,5045.039,9096,0
2026-01-27 00:30:00,5045.005,5049.825,5013.485,5032.697,17506,0
2026-01-27 01:00:00,5032.725,5075.924,5018.832,5066.718,36128,0
2026-01-27 01:30:00,5066.746,5070.524,5054.493,5060.4,18688,0
2026-01-27 02:00:00,5060.365,5070.324,5049.591,5068.033,15239,0
2026-01-27 02:30:00,5068.097,5079.843,5065.543,5072.436,11661,0
2026-01-27 03:00:00,5072.477,5073.89,5060.201,5064.822,12038,0
2026-01-27 03:30:00,5064.782,5079.121,5064.237,5076.871,9894,0
2026-01-27 04:00:00,5076.808,5078.61,5068.482,5074.739,7666,0
2026-01-27 04:30:00,5074.799,5075.344,5061.513,5067.968,9307,0
2026-01-27 05:00:00,5067.919,5068.597,5057.336,5064.421,10069,0
2026-01-27 05:30:00,5064.473,5085.288,5059.988,5082.99,11909,0
2026-01-27 06:00:00,5082.906,5087.691,5076.573,5082.207,10895,0
2026-01-27 06:30:00,5082.288,5094.066,5078.916,5085.824,11092,0
2026-01-27 07:00:00,5085.868,5094.582,5081.597,5087.93,14286,0
2026-01-27 07:30:00,5087.965,5100.962,5086.006,5086.128,13984,0
2026-01-27 08:00:00,5086.063,5088.356,5075.364,5077.559,11668,0
2026-01-27 08:30:00,5077.609,5085.414,5073.299,5079.418,10989,0
2026-01-27 09:00:00,5079.353,5088.583,5077.94,5088.26,8879,0
2026-01-27 09:30:00,5088.227,5099.601,5082.989,5098.723,10064,0
2026-01-27 10:00:00,5098.693,5098.693,5087.708,5088.267,9047,0
2026-01-27 10:30:00,5088.219,5089.131,5081.89,5086.163,8532,0
2026-01-27 11:00:00,5086.201,5090.949,5083.745,5086.878,6936,0
2026-01-27 11:30:00,5086.905,5088.179,5066.82,5076.734,10248,0
2026-01-27 12:00:00,5076.702,5082.638,5073.588,5078.912,11897,0
2026-01-27 12:30:00,5078.888,5091.21,5078.111,5085.037,10467,0
2026-01-27 13:00:00,5085.017,5092.975,5076.097,5080.958,21154,0
2026-01-27 13:30:00,5080.906,5085.782,5069.493,5077.456,17565,0
2026-01-27 14:00:00,5077.494,5077.494,5046.496,5059.602,35338,0
2026-01-27 14:30:00,5059.669,5082.465,5050.917,5054.261,42184,0
2026-01-27 15:00:00,5054.226,5077.014,5047.509,5069.332,39083,0
2026-01-27 15:30:00,5069.276,5091.466,5068.886,5091.077,22616,0
2026-01-27 16:00:00,5091.04,5103.13,5083.656,5098.591,19819,0
2026-01-27 16:30:00,5098.565,5099.548,5083.378,5087.504,19613,0
2026-01-27 17:00:00,5087.454,5094.217,5079.176,5087.36,20521,0
2026-01-27 17:30:00,5087.408,5089.685,5076.677,5081.34,20093,0
2026-01-27 18:00:00,5081.31,5088.82,5076.186,5084.987,21152,0
2026-01-27 18:30:00,5084.939,5095.426,5084.939,5088.052,11893,0
2026-01-27 19:00:00,5088.006,5090.941,5081.171,5087.859,9498,0
2026-01-27 19:30:00,5087.833,5099.999,5087.573,5098.926,7588,0
2026-01-27 20:00:00,5098.952,5151.576,5097.854,5141.695,42142,0
2026-01-27 20:30:00,5141.645,5182.485,5132.686,5176.499,48452,0
2026-01-27 21:00:00,5176.597,5188.253,5169.466,5173.892,21880,0
2026-01-27 21:30:00,5173.88,5190.49,5171.52,5180.515,12078,0
2026-01-27 23:00:00,5177.132,5177.256,5159.074,5170.294,6515,0
2026-01-27 23:30:00,5170.319,5176.788,5163.787,5172.433,9705,0
2026-01-28 00:00:00,5172.389,5173.165,5157.059,5163.237,11371,0
2026-01-28 00:30:00,5163.214,5180.1,5163.153,5171.933,10816,0
2026-01-28 01:00:00,5171.877,5202.273,5168.738,5194.024,33429,0
2026-01-28 01:30:00,5193.915,5225.257,5186.39,5204.765,28510,0
2026-01-28 02:00:00,5204.737,5220.847,5201.611,5218.35,20920,0
2026-01-28 02:30:00,5218.248,5234.402,5216.678,5231.849,19036,0
2026-01-28 03:00:00,5231.804,5247.78,5230.311,5237.295,18065,0
2026-01-28 03:30:00,5237.269,5244.582,5224.554,5235.049,14156,0
2026-01-28 04:00:00,5234.986,5241.266,5232.359,5238.111,8260,0
2026-01-28 04:30:00,5238.088,5248.97,5233.698,5245.639,8572,0
2026-01-28 05:00:00,5245.583,5261.86,5241.647,5259.185,12350,0
2026-01-28 05:30:00,5259.109,5266.523,5251.17,5261.216,15656,0
2026-01-28 06:00:00,5261.187,5265.611,5252.097,5255.659,12782,0
2026-01-28 06:30:00,5255.717,5271.39,5255.102,5269.84,13314,0
2026-01-28 07:00:00,5269.915,5284.08,5263.0,5281.07,13412,0
2026-01-28 07:30:00,5281.114,5292.803,5272.09,5290.397,13016,0
2026-01-28 08:00:00,5290.353,5301.068,5286.419,5299.399,17879,0
2026-01-28 08:30:00,5299.431,5311.542,5280.758,5293.649,20431,0
2026-01-28 09:00:00,5293.589,5297.426,5268.489,5275.621,17627,0
2026-01-28 09:30:00,5275.659,5280.327,5262.838,5277.991,12272,0
2026-01-28 10:00:00,5278.033,5285.636,5272.729,5278.421,9836,0
2026-01-28 10:30:00,5278.49,5280.547,5269.319,5269.962,11845,0
2026-01-28 11:00:00,5269.973,5270.792,5238.576,5259.27,22547,0
2026-01-28 11:30:00,5259.366,5267.766,5252.041,5261.638,10246,0
2026-01-28 12:00:00,5261.7,5268.909,5251.651,5261.233,18074,0
2026-01-28 12:30:00,5261.303,5279.236,5261.303,5279.157,11780,0
2026-01-28 13:00:00,5279.124,5289.585,5268.697,5281.802,23412,0
2026-01-28 13:30:00,5281.755,5285.653,5257.022,5266.626,21410,0
2026-01-28 14:00:00,5266.654,5270.765,5248.485,5259.194,23099,0
2026-01-28 14:30:00,5259.236,5288.677,5250.358,5286.064,38259,0
2026-01-28 15:00:00,5286.172,5298.152,5235.248,5269.512,78116,0
2026-01-28 15:30:00,5269.546,5284.096,5266.413,5278.235,32071,0
2026-01-28 16:00:00,5278.276,5293.128,5274.47,5287.327,27544,0
2026-01-28 16:30:00,5287.372,5300.199,5276.11,5299.753,24691,0
2026-01-28 17:00:00,5299.79,5307.037,5288.845,5302.6,19582,0
2026-01-28 17:30:00,5302.638,5304.769,5283.043,5298.136,20748,0
2026-01-28 18:00:00,5298.233,5326.162,5292.613,5305.354,25346,0
2026-01-28 18:30:00,5305.387,5308.32,5268.483,5283.597,42434,0
2026-01-28 19:00:00,5283.487,5301.997,5269.346,5283.444,41150,0
2026-01-28 19:30:00,5283.477,5332.236,5281.05,5325.739,38040,0
2026-01-28 20:00:00,5325.769,5355.81,5320.898,5354.578,32423,0
2026-01-28 20:30:00,5354.545,5391.525,5353.085,5376.793,51457,0
2026-01-28 21:00:00,5376.828,5396.455,5376.828,5384.518,23668,0
2026-01-28 21:30:00,5384.547,5417.555,5380.697,5417.504,15873,0
2026-01-28 23:00:00,5448.139,5496.051,5432.519,5490.344,32377,0
2026-01-28 23:30:00,5490.368,5570.018,5484.165,5513.022,31527,0
2026-01-29 00:00:00,5512.989,5513.736,5450.422,5497.464,30191,0
2026-01-29 00:30:00,5497.516,5527.276,5492.856,5520.301,33737,0
2026-01-29 01:00:00,5520.413,5526.926,5445.471,5507.285,54957,0
2026-01-29 01:30:00,5507.325,5551.669,5507.325,5545.787,45240,0
2026-01-29 02:00:00,5545.74,5546.369,5504.551,5525.707,35744,0
2026-01-29 02:30:00,5525.78,5550.123,5518.459,5535.797,29094,0
2026-01-29 03:00:00,5535.774,5548.62,5508.482,5522.341,31765,0
2026-01-29 03:30:00,5522.366,5548.925,5520.218,5545.769,19734,0
2026-01-29 04:00:00,5545.731,5552.634,5533.596,5546.906,16080,0
2026-01-29 04:30:00,5546.899,5564.593,5545.217,5558.391,19311,0
2026-01-29 05:00:00,5558.328,5560.942,5516.108,5542.031,26961,0
2026-01-29 05:30:00,5542.078,5564.481,5540.977,5562.619,23201,0
2026-01-29 06:00:00,5562.647,5595.349,5562.602,5585.943,26059,0
2026-01-29 06:30:00,5585.89,5587.811,5554.806,5561.687,27398,0
2026-01-29 07:00:00,5561.609,5575.005,5536.964,5541.58,27511,0
2026-01-29 07:30:00,5541.61,5557.854,5541.61,5548.984,24995,0
2026-01-29 08:00:00,5548.949,5554.941,5522.961,5530.133,32030,0
2026-01-29 08:30:00,5530.085,5530.448,5473.966,5509.804,37744,0
2026-01-29 09:00:00,5509.714,5518.93,5498.018,5516.157,22840,0
2026-01-29 09:30:00,5516.12,5529.684,5511.378,5514.147,16850,0
2026-01-29 10:00:00,5514.115,5525.283,5501.854,5510.333,14215,0
2026-01-29 10:30:00,5510.296,5510.296,5482.215,5483.389,17981,0
2026-01-29 11:00:00,5483.437,5516.319,5470.739,5515.762,15146,0
2026-01-29 11:30:00,5515.788,5528.813,5508.507,5522.666,10718,0
2026-01-29 12:00:00,5522.639,5542.958,5518.484,5540.807,10355,0
2026-01-29 12:30:00,5540.833,5542.483,5526.207,5534.234,13152,0
2026-01-29 13:00:00,5534.27,5540.864,5508.076,5519.78,17940,0
2026-01-29 13:30:00,5519.52,5530.953,5500.205,5510.376,15761,0
2026-01-29 14:00:00,5510.403,5549.504,5510.403,5543.858,22133,0
2026-01-29 14:30:00,5543.833,5545.575,5491.126,5497.64,40033,0
2026-01-29 15:00:00,5497.341,5497.341,5094.978,5191.366,69510,0
2026-01-29 15:30:00,5191.405,5257.786,5105.172,5182.895,71563,0
2026-01-29 16:00:00,5182.78,5297.026,5172.031,5289.981,51184,0
2026-01-29 16:30:00,5290.046,5311.274,5228.582,5264.023,40749,0
2026-01-29 17:00:00,5264.077,5368.047,5264.077,5362.846,38147,0
2026-01-29 17:30:00,5362.768,5375.46,5314.719,5335.284,32695,0
2026-01-29 18:00:00,5335.335,5359.123,5307.978,5330.455,30351,0
2026-01-29 18:30:00,5330.358,5362.127,5322.387,5339.037,26184,0
2026-01-29 19:00:00,5339.098,5345.338,5304.199,5318.275,30227,0
2026-01-29 19:30:00,5318.324,5327.457,5290.22,5305.702,25053,0
2026-01-29 20:00:00,5305.771,5325.86,5282.791,5318.142,18808,0
2026-01-29 20:30:00,5318.287,5407.072,5310.137,5394.512,23617,0
2026-01-29 21:00:00,5394.432,5425.967,5383.023,5411.796,16323,0
2026-01-29 21:30:00,5411.772,5412.474,5374.608,5377.505,13645,0
2026-01-29 23:00:00,5400.815,5448.551,5388.252,5416.758,24915,0
2026-01-29 23:30:00,5416.712,5448.184,5406.841,5438.589,15285,0
2026-01-30 00:00:00,5438.551,5450.946,5418.943,5426.689,24417,0
2026-01-30 00:30:00,5426.732,5436.403,5389.899,5407.066,31688,0
2026-01-30 01:00:00,5407.098,5409.744,5301.552,5357.293,72781,0
2026-01-30 01:30:00,5357.255,5372.996,5291.364,5301.712,57950,0
2026-01-30 02:00:00,5301.612,5312.879,5112.046,5171.983,144407,0
2026-01-30 02:30:00,5171.955,5246.314,5139.58,5224.736,92412,0
2026-01-30 03:00:00,5224.816,5229.882,5166.959,5199.655,56256,0
2026-01-30 03:30:00,5199.679,5222.031,5150.709,5196.573,55828,0
2026-01-30 04:00:00,5196.535,5230.854,5193.79,5210.518,36941,0
2026-01-30 04:30:00,5210.587,5227.031,5200.183,5214.833,23886,0
2026-01-30 05:00:00,5214.771,5241.616,5203.593,5230.257,25309,0
2026-01-30 05:30:00,5230.205,5239.903,5180.053,5184.845,35638,0
2026-01-30 06:00:00,5184.981,5205.301,5156.829,5157.118,42954,0
2026-01-30 06:30:00,5157.177,5179.562,5145.544,5155.843,40861,0
2026-01-30 07:00:00,5155.919,5186.706,5124.007,5175.047,40031,0
2026-01-30 07:30:00,5175.016,5184.927,5117.625,5181.217,48845,0
2026-01-30 08:00:00,5181.171,5181.171,5133.025,5152.342,40676,0
2026-01-30 08:30:00,5152.385,5154.964,5055.99,5117.325,71375,0
2026-01-30 09:00:00,5117.33,5132.854,5014.367,5028.571,85224,0
2026-01-30 09:30:00,5028.524,5068.842,4940.267,5013.603,115963,0
2026-01-30 10:00:00,5013.49,5076.415,5001.005,5059.684,60446,0
2026-01-30 10:30:00,5059.73,5122.632,5054.742,5119.757,47827,0
2026-01-30 11:00:00,5119.702,5130.144,5090.097,5124.562,37845,0
2026-01-30 11:30:00,5124.605,5144.841,5089.698,5136.072,36884,0
2026-01-30 12:00:00,5136.1,5145.896,5109.704,5119.976,36228,0
2026-01-30 12:30:00,5119.847,5136.252,5055.443,5064.738,61096,0
2026-01-30 13:00:00,5064.541,5099.942,5014.122,5027.484,69422,0
2026-01-30 13:30:00,5027.26,5048.604,4991.925,5019.419,64511,0
2026-01-30 14:00:00,5019.451,5087.705,5017.418,5072.258,70125,0
2026-01-30 14:30:00,5072.224,5113.635,5014.309,5033.129,68668,0
2026-01-30 15:00:00,5033.159,5060.295,4980.398,5045.595,53246,0
2026-01-30 15:30:00,5045.622,5074.033,5038.461,5050.424,42050,0
2026-01-30 16:00:00,5050.472,5051.665,4987.421,4995.762,39351,0
2026-01-30 16:30:00,4995.699,5017.199,4942.06,4985.359,48964,0
2026-01-30 17:00:00,4985.286,4986.077,4899.316,4925.968,53433,0
2026-01-30 17:30:00,4926.001,4926.001,4801.145,4849.92,51290,0
2026-01-30 18:00:00,4849.813,4890.146,4693.457,4742.656,63221,0
2026-01-30 18:30:00,4742.628,4894.437,4682.526,4880.538,86805,0
2026-01-30 19:00:00,4880.573,4918.432,4840.093,4893.096,47008,0
2026-01-30 19:30:00,4893.187,4947.832,4881.149,4932.661,32392,0
2026-01-30 20:00:00,4932.701,4932.978,4879.005,4890.598,33384,0
2026-01-30 20:30:00,4890.461,4894.31,4809.015,4847.953,36260,0
2026-01-30 21:00:00,4847.569,4890.155,4831.706,4874.629,18092,0
2026-01-30 21:30:00,4874.541,4893.02,4850.152,4891.496,13648,0
2026-02-01 23:00:00,4793.519,4819.788,4697.912,4727.462,23042,0
2026-02-01 23:30:00,4727.377,4788.746,4715.245,4741.422,18091,0
2026-02-02 00:00:00,4741.564,4884.89,4740.112,4846.802,37256,0
2026-02-02 00:30:00,4846.848,4847.388,4759.956,4766.976,35911,0
2026-02-02 01:00:00,4766.909,4784.802,4585.331,4696.766,61042,0
2026-02-02 01:30:00,4696.798,4750.108,4667.459,4737.008,44061,0
2026-02-02 02:00:00,4736.896,4749.581,4698.564,4738.252,37227,0
2026-02-02 02:30:00,4738.232,4773.092,4698.051,4711.047,32355,0
2026-02-02 03:00:00,4711.105,4729.47,4659.37,4696.266,32016,0
2026-02-02 03:30:00,4696.319,4700.525,4630.285,4646.594,40535,0
2026-02-02 04:00:00,4646.496,4705.2,4603.508,4671.163,33437,0
2026-02-02 04:30:00,4671.305,4713.487,4657.678,4679.776,27084,0
2026-02-02 05:00:00,4679.655,4696.946,4649.349,4658.198,25909,0
2026-02-02 05:30:00,4658.398,4658.419,4498.094,4549.374,53564,0
2026-02-02 06:00:00,4549.337,4573.53,4433.473,4486.643,50579,0
2026-02-02 06:30:00,4486.672,4523.38,4401.961,4504.003,54263,0
2026-02-02 07:00:00,4504.445,4574.967,4484.777,4560.024,41081,0
2026-02-02 07:30:00,4560.139,4619.114,4524.856,4587.175,27007,0
2026-02-02 08:00:00,4587.237,4649.579,4561.542,4646.403,29964,0
2026-02-02 08:30:00,4646.48,4651.402,4607.512,4640.795,25400,0
2026-02-02 09:00:00,4640.851,4700.008,4603.466,4689.951,31226,0
2026-02-02 09:30:00,4690.016,4731.497,4679.389,4719.567,32499,0
2026-02-02 10:00:00,4719.534,4734.027,4670.566,4682.951,27018,0
2026-02-02 10:30:00,4682.833,4712.174,4657.228,4705.788,22452,0
2026-02-02 11:00:00,4705.763,4760.446,4703.605,4753.141,23507,0
2026-02-02 11:30:00,4753.212,4779.775,4747.781,4766.028,21058,0
2026-02-02 12:00:00,4765.857,4790.393,4743.117,4777.838,22993,0
2026-02-02 12:30:00,4777.94,4812.462,4770.267,4794.221,21244,0
2026-02-02 13:00:00,4794.157,4803.863,4720.686,4739.577,46784,0
2026-02-02 13:30:00,4739.468,4742.227,4669.435,4706.167,39896,0
2026-02-02 14:00:00,4706.269,4738.829,4679.993,4721.37,29926,0
2026-02-02 14:30:00,4721.402,4794.414,4700.137,4719.176,52811,0
2026-02-02 15:00:00,4719.569,4745.596,4673.425,4681.292,47027,0
2026-02-02 15:30:00,4681.342,4704.775,4617.049,4619.977,47412,0
2026-02-02 16:00:00,4620.053,4708.893,4596.499,4671.661,38677,0
2026-02-02 16:30:00,4671.805,4688.934,4645.265,4665.75,28378,0
2026-02-02 17:00:00,4665.838,4714.059,4659.982,4667.517,21789,0
2026-02-02 17:30:00,4667.59,4688.846,4656.421,4674.072,19838,0
2026-02-02 18:00:00,4674.129,4674.276,4618.285,4632.146,29722,0
2026-02-02 18:30:00,4632.348,4674.142,4632.348,4658.018,17844,0
2026-02-02 19:00:00,4657.915,4662.229,4631.413,4643.712,14969,0
2026-02-02 19:30:00,4643.621,4712.94,4636.956,4685.389,18453,0
2026-02-02 20:00:00,4685.485,4700.707,4651.288,4670.547,19744,0
2026-02-02 20:30:00,4670.626,4692.776,4647.337,4652.235,22578,0
2026-02-02 21:00:00,4652.351,4687.352,4643.759,4681.12,11291,0
2026-02-02 21:30:00,4681.206,4686.119,4648.228,4658.154,11100,0
2026-02-02 23:00:00,4685.104,4763.456,4681.962,4738.094,11613,0
2026-02-02 23:30:00,4738.172,4775.102,4717.021,4774.148,9777,0
2026-02-03 00:00:00,4774.235,4829.28,4766.164,4819.798,17128,0
2026-02-03 00:30:00,4819.873,4831.097,4773.931,4780.392,17709,0
2026-02-03 01:00:00,4780.29,4856.516,4766.58,4853.572,34766,0
2026-02-03 01:30:00,4853.62,4856.919,4820.36,4841.617,24900,0
2026-02-03 02:00:00,4841.475,4842.123,4760.475,4772.733,27819,0
2026-02-03 02:30:00,4772.859,4787.514,4745.469,4783.209,27782,0
2026-02-03 03:00:00,4783.154,4794.33,4751.924,4773.483,22299,0
2026-02-03 03:30:00,4773.384,4813.398,4770.527,4809.004,15741,0
2026-02-03 04:00:00,4809.176,4824.997,4800.841,4806.236,13234,0
2026-02-03 04:30:00,4806.114,4825.477,4805.621,4809.128,9799,0
2026-02-03 05:00:00,4809.238,4842.078,4809.131,4839.653,8260,0
2026-02-03 05:30:00,4839.655,4839.963,4813.589,4825.097,17374,0
2026-02-03 06:00:00,4825.18,4875.275,4816.573,4871.571,15935,0
2026-02-03 06:30:00,4871.459,4894.239,4864.689,4881.163,21873,0
2026-02-03 07:00:00,4881.243,4901.841,4871.77,4900.149,11845,0
2026-02-03 07:30:00,4900.115,4933.738,4898.549,4917.095,12164,0
2026-02-03 08:00:00,4917.165,4942.051,4898.547,4936.445,13267,0
2026-02-03 08:30:00,4936.369,4949.853,4911.176,4912.498,10651,0
2026-02-03 09:00:00,4912.459,4924.033,4890.238,4891.321,13497,0
2026-02-03 09:30:00,4891.393,4926.136,4884.691,4916.08,9083,0
2026-02-03 10:00:00,4916.065,4929.714,4913.637,4914.464,7431,0
2026-02-03 10:30:00,4914.387,4924.05,4901.696,4902.434,7904,0
2026-02-03 11:00:00,4902.506,4912.435,4883.513,4901.186,9998,0
2026-02-03 11:30:00,4901.27,4919.234,4898.238,4916.715,7762,0
2026-02-03 12:00:00,4916.917,4936.13,4892.211,4902.603,12164,0
2026-02-03 12:30:00,4902.725,4919.482,4899.993,4913.763,9210,0
2026-02-03 13:00:00,4913.685,4939.191,4902.328,4933.974,20386,0
2026-02-03 13:30:00,4934.186,4950.953,4920.741,4932.686,16416,0
2026-02-03 14:00:00,4932.831,4936.427,4896.345,4924.868,17868,0
2026-02-03 14:30:00,4924.951,4930.11,4893.569,4917.249,27750,0
2026-02-03 15:00:00,4916.886,4948.309,4904.555,4925.056,23235,0
2026-02-03 15:30:00,4925.117,4935.715,4907.724,4935.318,17574,0
2026-02-03 16:00:00,4935.437,4980.7,4929.848,4972.991,15305,0
2026-02-03 16:30:00,4973.065,4993.649,4951.97,4955.65,19818,0
2026-02-03 17:00:00,4955.536,4969.718,4923.305,4948.618,27340,0
2026-02-03 17:30:00,4948.681,4964.934,4907.26,4929.189,25341,0
2026-02-03 18:00:00,4929.116,4954.039,4904.648,4908.654,22064,0
2026-02-03 18:30:00,4908.735,4918.372,4884.773,4908.462,22878,0
2026-02-03 19:00:00,4908.54,4933.664,4880.34,4930.37,19281,0
2026-02-03 19:30:00,4930.286,4948.902,4916.024,4927.25,17175,0
2026-02-03 20:00:00,4927.168,4942.157,4902.293,4939.112,12970,0
2026-02-03 20:30:00,4939.201,4956.866,4932.521,4944.438,13749,0
2026-02-03 21:00:00,4944.526,4964.278,4938.046,4951.064,6298,0
2026-02-03 21:30:00,4951.001,4958.411,4933.386,4946.436,4683,0
2026-02-03 23:00:00,4958.639,4972.01,4909.685,4923.932,9436,0
2026-02-03 23:30:00,4923.844,4954.989,4920.929,4947.236,6921,0
2026-02-04 00:00:00,4947.389,4999.762,4945.697,4981.588,14403,0
2026-02-04 00:30:00,4981.528,5016.353,4968.815,5015.604,13996,0
2026-02-04 01:00:00,5015.609,5053.583,4985.035,5037.477,24968,0
2026-02-04 01:30:00,5037.205,5050.248,5010.696,5046.482,13778,0
2026-02-04 02:00:00,5046.555,5065.414,5046.555,5057.848,8680,0
2026-02-04 02:30:00,5057.928,5061.927,5035.511,5040.484,10725,0
2026-02-04 03:00:00,5040.213,5056.428,5036.106,5052.228,10290,0
2026-02-04 03:30:00,5052.071,5073.597,5051.508,5069.922,5962,0
2026-02-04 04:00:00,5070.008,5074.001,5056.293,5061.921,5261,0
2026-02-04 04:30:00,5061.963,5081.265,5060.471,5080.471,3680,0
2026-02-04 05:00:00,5080.613,5085.431,5076.601,5080.114,4423,0
2026-02-04 05:30:00,5080.12,5090.265,5069.21,5079.597,8783,0
2026-02-04 06:00:00,5079.675,5082.898,5050.961,5054.657,10151,0
2026-02-04 06:30:00,5054.62,5079.847,5053.751,5076.585,8699,0
2026-02-04 07:00:00,5076.51,5089.391,5062.198,5089.25,6551,0
2026-02-04 07:30:00,5089.29,5091.39,5066.714,5084.685,5839,0
2026-02-04 08:00:00,5084.601,5091.855,5074.785,5084.267,5547,0
2026-02-04 08:30:00,5084.188,5085.146,5068.608,5083.416,7220,0
2026-02-04 09:00:00,5083.49,5086.903,5053.468,5056.92,8880,0
2026-02-04 09:30:00,5057.013,5065.985,5042.818,5060.088,8135,0
2026-02-04 10:00:00,5060.183,5064.429,5041.448,5043.201,6529,0
2026-02-04 10:30:00,5043.437,5061.7,5043.437,5048.614,6712,0
2026-02-04 11:00:00,5048.705,5053.66,5013.489,5023.922,8738,0
2026-02-04 11:30:00,5023.979,5050.421,5022.024,5047.674,6050,0
2026-02-04 12:00:00,5047.564,5055.24,5037.411,5047.347,6067,0
2026-02-04 12:30:00,5047.358,5063.249,5036.19,5040.872,6074,0
2026-02-04 13:00:00,5041.024,5054.335,5023.009,5048.719,14655,0
2026-02-04 13:30:00,5048.906,5063.527,5033.274,5053.93,10515,0
2026-02-04 14:00:00,5054.014,5059.136,5028.787,5031.097,12764,0
2026-02-04 14:30:00,5031.178,5037.828,4966.751,4986.388,46242,0
2026-02-04 15:00:00,4986.189,5007.715,4950.332,4957.95,29697,0
2026-02-04 15:30:00,4958.128,4962.199,4887.336,4920.489,37172,0
2026-02-04 16:00:00,4920.112,4940.019,4890.221,4924.203,29014,0
2026-02-04 16:30:00,4924.29,4934.513,4852.203,4904.518,30528,0
2026-02-04 17:00:00,4904.436,4925.685,4888.117,4917.187,22338,0
2026-02-04 17:30:00,4917.372,4930.9,4895.845,4898.184,21104,0
2026-02-04 18:00:00,4898.14,4935.136,4872.884,4926.684,20184,0
2026-02-04 18:30:00,4926.602,4932.384,4903.759,4927.414,9943,0
2026-02-04 19:00:00,4927.516,4950.414,4914.599,4933.886,12079,0
2026-02-04 19:30:00,4933.814,4958.02,4928.36,4941.815,9068,0
2026-02-04 20:00:00,4941.764,4945.797,4919.167,4922.673,8595,0
2026-02-04 20:30:00,4922.803,4951.955,4914.187,4938.664,9498,0
2026-02-04 21:00:00,4938.57,4959.433,4937.662,4958.644,3594,0
2026-02-04 21:30:00,4958.629,4970.658,4952.49,4965.131,3672,0
2026-02-04 23:00:00,4969.623,5021.356,4968.977,5019.971,4695,0
2026-02-04 23:30:00,5019.892,5023.771,5007.82,5012.195,5687,0
2026-02-05 00:00:00,5012.269,5019.518,4996.859,5015.692,9545,0
2026-02-05 00:30:00,5015.766,5020.51,5004.175,5006.725,5413,0
2026-02-05 01:00:00,5006.82,5012.066,4936.06,4952.017,29175,0
2026-02-05 01:30:00,4952.119,4986.547,4952.119,4958.921,18707,0
2026-02-05 02:00:00,4959.011,4962.036,4894.885,4937.07,33416,0
2026-02-05 02:30:00,4936.974,4940.464,4804.651,4811.923,46757,0
2026-02-05 03:00:00,4811.997,4888.288,4788.571,4858.95,34504,0
2026-02-05 03:30:00,4859.015,4885.713,4839.028,4880.524,22102,0
2026-02-05 04:00:00,4880.448,4891.199,4863.458,4886.804,13176,0
2026-02-05 04:30:00,4886.995,4888.249,4863.229,4863.721,10330,0
2026-02-05 05:00:00,4863.559,4876.233,4840.04,4868.733,10915,0
2026-02-05 05:30:00,4868.644,4906.686,4826.343,4896.149,23128,0
2026-02-05 06:00:00,4896.232,4930.289,4877.697,4929.537,15361,0
2026-02-05 06:30:00,4929.465,4934.183,4898.71,4920.37,15481,0
2026-02-05 07:00:00,4920.229,4940.979,4910.906,4932.529,12240,0
2026-02-05 07:30:00,4932.528,4933.553,4895.746,4915.076,12260,0
2026-02-05 08:00:00,4915.205,4943.563,4912.659,4921.254,14328,0
2026-02-05 08:30:00,4921.162,4929.516,4901.15,4912.119,10323,0
2026-02-05 09:00:00,4912.043,4914.269,4853.576,4873.481,23420,0
2026-02-05 09:30:00,4873.779,4894.07,4849.283,4855.142,12801,0
2026-02-05 10:00:00,4854.969,4878.102,4847.247,4861.579,15785,0
2026-02-05 10:30:00,4861.937,4886.933,4851.628,4877.082,9079,0
2026-02-05 11:00:00,4877.07,4894.605,4876.677,4892.038,6642,0
2026-02-05 11:30:00,4892.126,4893.193,4864.502,4868.27,8336,0
2026-02-05 12:00:00,4868.285,4877.993,4810.728,4848.042,18595,0
2026-02-05 12:30:00,4847.914,4870.739,4838.342,4854.024,21386,0
2026-02-05 13:00:00,4853.946,4865.715,4802.018,4850.81,35173,0
2026-02-05 13:30:00,4850.629,4868.155,4819.902,4835.597,19600,0
2026-02-05 14:00:00,4835.332,4850.158,4810.032,4835.085,25579,0
2026-02-05 14:30:00,4835.169,4869.998,4805.773,4846.507,41047,0
2026-02-05 15:00:00,4845.979,4865.655,4813.361,4819.603,32037,0
2026-02-05 15:30:00,4819.532,4838.234,4800.553,4817.668,29311,0
2026-02-05 16:00:00,4817.565,4857.164,4812.275,4849.655,25627,0
2026-02-05 16:30:00,4849.563,4906.864,4844.86,4888.789,24345,0
2026-02-05 17:00:00,4888.647,4890.784,4859.023,4867.083,18197,0
2026-02-05 17:30:00,4866.975,4884.954,4859.286,4869.299,13708,0
2026-02-05 18:00:00,4869.249,4875.33,4851.27,4869.174,18010,0
2026-02-05 18:30:00,4869.247,4873.284,4851.152,4858.207,9614,0
2026-02-05 19:00:00,4858.123,4865.264,4841.92,4851.29,9977,0
2026-02-05 19:30:00,4851.377,4853.81,4823.399,4829.338,12059,0
2026-02-05 20:00:00,4829.446,4843.154,4810.381,4825.215,11113,0
2026-02-05 20:30:00,4825.626,4831.957,4792.747,4811.351,13612,0
2026-02-05 21:00:00,4811.211,4826.126,4795.215,4802.309,7699,0
2026-02-05 21:30:00,4802.496,4804.465,4759.378,4776.808,11318,0
2026-02-05 23:00:00,4761.196,4781.944,4749.096,4752.363,6616,0
2026-02-05 23:30:00,4752.247,4756.869,4703.368,4703.768,10687,0
2026-02-06 00:00:00,4703.682,4729.932,4655.213,4724.035,26205,0
2026-02-06 00:30:00,4724.14,4764.497,4708.072,4762.782,24937,0
2026-02-06 01:00:00,4762.707,4763.346,4693.758,4712.062,41361,0
2026-02-06 01:30:00,4712.147,4784.94,4705.683,4774.162,22463,0
2026-02-06 02:00:00,4774.222,4821.431,4760.338,4820.383,16090,0
2026-02-06 02:30:00,4820.272,4846.46,4809.418,4816.58,20688,0
2026-02-06 03:00:00,4816.509,4839.136,4801.799,4811.661,12920,0
2026-02-06 03:30:00,4811.656,4827.394,4800.684,4824.288,8317,0
2026-02-06 04:00:00,4824.155,4827.666,4807.031,4826.443,6291,0
2026-02-06 04:30:00,4826.485,4831.68,4810.4,4813.801,5339,0
2026-02-06 05:00:00,4813.75,4852.487,4807.641,4852.168,6456,0
2026-02-06 05:30:00,4852.093,4897.941,4837.354,4897.571,14172,0
2026-02-06 06:00:00,4897.494,4903.302,4848.41,4853.764,13774,0
2026-02-06 06:30:00,4853.694,4866.587,4825.386,4846.492,12472,0
2026-02-06 07:00:00,4846.411,4861.727,4838.272,4858.859,7469,0
2026-02-06 07:30:00,4858.764,4859.749,4840.141,4841.047,6772,0
2026-02-06 08:00:00,4840.992,4874.467,4829.588,4867.394,13033,0
2026-02-06 08:30:00,4867.393,4882.47,4852.734,4862.07,10053,0
2026-02-06 09:00:00,4862.042,4871.575,4838.064,4863.439,11051,0
2026-02-06 09:30:00,4863.364,4872.67,4855.961,4866.646,6650,0
2026-02-06 10:00:00,4866.793,4877.771,4851.532,4855.121,5575,0
2026-02-06 10:30:00,4855.023,4879.947,4853.064,4878.469,5009,0
2026-02-06 11:00:00,4878.364,4893.997,4863.907,4890.752,6863,0
2026-02-06 11:30:00,4890.827,4895.871,4880.216,4887.059,5257,0
2026-02-06 12:00:00,4887.151,4903.47,4871.117,4877.393,7547,0
2026-02-06 12:30:00,4877.543,4903.297,4876.945,4900.375,6167,0
2026-02-06 13:00:00,4900.451,4928.418,4897.155,4909.087,16784,0
2026-02-06 13:30:00,4909.052,4938.378,4909.026,4928.933,9591,0
2026-02-06 14:00:00,4928.902,4932.992,4894.473,4905.207,12117,0
2026-02-06 14:30:00,4905.029,4950.142,4897.396,4947.915,17124,0
2026-02-06 15:00:00,4948.242,4964.721,4935.846,4955.493,14281,0
2026-02-06 15:30:00,4955.566,4960.713,4928.513,4943.389,11941,0
2026-02-06 16:00:00,4943.562,4950.411,4921.855,4938.209,9271,0
2026-02-06 16:30:00,4938.426,4953.652,4929.802,4951.544,9403,0
2026-02-06 17:00:00,4951.622,4960.998,4948.794,4954.864,5709,0
2026-02-06 17:30:00,4954.937,4968.61,4948.209,4960.53,7048,0
2026-02-06 18:00:00,4960.314,4971.478,4943.668,4955.989,7482,0
2026-02-06 18:30:00,4956.034,4968.45,4951.619,4962.606,3489,0
2026-02-06 19:00:00,4962.527,4963.294,4953.918,4957.631,3182,0
2026-02-06 19:30:00,4957.633,4962.791,4948.56,4957.186,3686,0
2026-02-06 20:00:00,4957.029,4959.114,4946.334,4954.85,4311,0
2026-02-06 20:30:00,4954.906,4955.079,4936.541,4953.297,5917,0
2026-02-06 21:00:00,4953.389,4958.434,4946.451,4954.02,2852,0
2026-02-06 21:30:00,4954.041,4968.285,4953.869,4968.145,3106,0
2026-02-08 23:00:00,4967.633,5026.32,4964.697,5024.254,6254,0
2026-02-08 23:30:00,5024.292,5046.837,5019.808,5035.944,7524,0
2026-02-09 00:00:00,5036.019,5044.905,5022.298,5034.469,11172,0
2026-02-09 00:30:00,5034.632,5037.573,5011.747,5019.978,7218,0
2026-02-09 01:00:00,5019.925,5042.0,5005.636,5016.713,14538,0
2026-02-09 01:30:00,5016.844,5022.552,4975.966,4982.645,12295,0
2026-02-09 02:00:00,4982.722,5001.866,4968.921,5001.187,8505,0
2026-02-09 02:30:00,5001.139,5017.653,4986.342,5007.379,8199,0
2026-02-09 03:00:00,5007.387,5026.498,5005.692,5025.099,6453,0
2026-02-09 03:30:00,5024.95,5031.478,5012.437,5016.251,4632,0
2026-02-09 04:00:00,5016.188,5024.91,5008.788,5017.623,4335,0
2026-02-09 04:30:00,5017.605,5023.233,5007.221,5012.11,4028,0
2026-02-09 05:00:00,5012.092,5031.8,5011.14,5030.307,3941,0
2026-02-09 05:30:00,5030.486,5041.637,5023.477,5037.07,7737,0
2026-02-09 06:00:00,5036.903,5045.748,5013.865,5025.37,7761,0
2026-02-09 06:30:00,5025.262,5039.821,5021.063,5031.062,7366,0
2026-02-09 07:00:00,5031.191,5031.257,4997.244,5008.636,8233,0
2026-02-09 07:30:00,5008.754,5015.419,5000.549,5006.457,5473,0
2026-02-09 08:00:00,5006.543,5031.882,5002.908,5025.7,6058,0
2026-02-09 08:30:00,5025.562,5035.648,5021.648,5027.394,4026,0
2026-02-09 09:00:00,5027.467,5040.932,5016.445,5024.172,4621,0
2026-02-09 09:30:00,5024.207,5027.394,5002.833,5007.909,6050,0
2026-02-09 10:00:00,5007.984,5015.141,4985.677,4991.071,7573,0
2026-02-09 10:30:00,4991.188,4999.27,4982.047,4991.027,8691,0
2026-02-09 11:00:00,4991.047,5006.755,4988.412,5005.911,6421,0
2026-02-09 11:30:00,5005.891,5017.894,5001.268,5010.686,5905,0
2026-02-09 12:00:00,5010.957,5017.6,5007.32,5013.763,5662,0
2026-02-09 12:30:00,5014.121,5021.772,5007.277,5013.398,5616,0
2026-02-09 13:00:00,5013.209,5024.64,5003.304,5004.677,11287,0
2026-02-09 13:30:00,5004.603,5014.992,4994.983,5007.194,8531,0
2026-02-09 14:00:00,5007.081,5023.944,5002.253,5020.829,7645,0
2026-02-09 14:30:00,5020.886,5040.628,5013.734,5038.034,13280,0
2026-02-09 15:00:00,5037.911,5042.321,5023.724,5033.089,9133,0
2026-02-09 15:30:00,5033.163,5060.253,5033.163,5058.796,7337,0
2026-02-09 16:00:00,5058.847,5079.923,5056.415,5072.179,5887,0
2026-02-09 16:30:00,5072.119,5080.696,5066.877,5073.514,5812,0
2026-02-09 17:00:00,5073.596,5075.438,5060.502,5068.101,4459,0
2026-02-09 17:30:00,5068.36,5070.654,5040.941,5046.094,5912,0
2026-02-09 18:00:00,5046.32,5059.566,5043.892,5054.308,6400,0
2026-02-09 18:30:00,5054.416,5064.042,5048.233,5062.891,3987,0
2026-02-09 19:00:00,5062.838,5074.52,5062.405,5074.23,3167,0
2026-02-09 19:30:00,5074.311,5079.964,5072.892,5074.58,3275,0
2026-02-09 20:00:00,5074.643,5081.533,5073.257,5080.176,3293,0
2026-02-09 20:30:00,5080.145,5086.697,5072.218,5079.742,4529,0
2026-02-09 21:00:00,5079.816,5083.056,5047.924,5055.004,4090,0
2026-02-09 21:30:00,5055.044,5066.287,5053.847,5060.084,3413,0
2026-02-09 23:00:00,5072.034,5075.112,4987.309,5023.519,10921,0
2026-02-09 23:30:00,5023.522,5041.356,5013.629,5031.903,5455,0
2026-02-10 00:00:00,5031.829,5048.164,5031.592,5034.03,6718,0
2026-02-10 00:30:00,5034.138,5040.394,5008.975,5018.626,9022,0
2026-02-10 01:00:00,5018.545,5037.915,5012.235,5017.373,11864,0
2026-02-10 01:30:00,5017.048,5036.122,5015.117,5032.711,10561,0
2026-02-10 02:00:00,5032.613,5056.44,5031.69,5047.571,7935,0
2026-02-10 02:30:00,5047.646,5052.895,5035.026,5038.452,6651,0
2026-02-10 03:00:00,5038.091,5038.103,5016.323,5022.061,6913,0
2026-02-10 03:30:00,5021.978,5031.828,5016.357,5029.982,5039,0
2026-02-10 04:00:00,5030.086,5031.024,5017.81,5027.415,4134,0
2026-02-10 04:30:00,5027.509,5033.933,5022.153,5031.699,3609,0
2026-02-10 05:00:00,5031.477,5035.417,5011.132,5019.031,4183,0
2026-02-10 05:30:00,5019.105,5040.372,5012.722,5039.241,6017,0
2026-02-10 06:00:00,5039.164,5045.439,5030.853,5031.962,5564,0
2026-02-10 06:30:00,5031.799,5039.149,5018.986,5024.603,6960,0
2026-02-10 07:00:00,5024.732,5034.331,5018.388,5025.096,5247,0
2026-02-10 07:30:00,5025.362,5036.105,5024.819,5033.97,7186,0
2026-02-10 08:00:00,5033.817,5041.217,5028.857,5035.625,5904,0
2026-02-10 08:30:00,5035.591,5054.893,5034.114,5041.636,4854,0
2026-02-10 09:00:00,5041.565,5063.008,5040.521,5052.332,4942,0
2026-02-10 09:30:00,5052.295,5053.328,5042.091,5046.743,5007,0
2026-02-10 10:00:00,5046.943,5052.615,5036.99,5047.579,4537,0
2026-02-10 10:30:00,5047.717,5058.158,5043.827,5047.073,4521,0
2026-02-10 11:00:00,5046.997,5052.935,5044.339,5047.929,3467,0
2026-02-10 11:30:00,5047.831,5057.361,5045.02,5055.911,3184,0
2026-02-10 12:00:00,5055.876,5057.118,5041.107,5046.256,4466,0
2026-02-10 12:30:00,5046.334,5047.896,5019.361,5032.075,7213,0
2026-02-10 13:00:00,5032.278,5046.093,5026.287,5037.643,6628,0
2026-02-10 13:30:00,5037.776,5058.777,5037.672,5051.048,6549,0
2026-02-10 14:00:00,5051.033,5074.563,5046.573,5070.278,7021,0
2026-02-10 14:30:00,5070.2,5078.663,5020.474,5039.734,15466,0
2026-02-10 15:00:00,5039.651,5047.993,5028.61,5032.463,9869,0
2026-02-10 15:30:00,5032.088,5037.509,4998.72,5019.71,14228,0
2026-02-10 16:00:00,5019.675,5024.316,5005.519,5009.977,9780,0
2026-02-10 16:30:00,5010.151,5026.528,5008.461,5023.7,7152,0
2026-02-10 17:00:00,5023.597,5039.282,5020.686,5036.557,4569,0
2026-02-10 17:30:00,5036.819,5040.058,5025.048,5026.344,3980,0
2026-02-10 18:00:00,5026.268,5027.897,5004.513,5008.347,6910,0
2026-02-10 18:30:00,5008.259,5017.186,5004.724,5013.256,5192,0
2026-02-10 19:00:00,5013.174,5021.825,5008.814,5020.947,3478,0
2026-02-10 19:30:00,5021.018,5030.105,5021.018,5028.069,3897,0
2026-02-10 20:00:00,5028.027,5033.867,5020.116,5028.16,3538,0
2026-02-10 20:30:00,5028.077,5045.424,5027.184,5030.357,4718,0
2026-02-10 21:00:00,5030.283,5032.579,5023.014,5026.176,10447,0
2026-02-10 21:30:00,5026.513,5028.544,5020.347,5023.044,7402,0
2026-02-10 23:00:00,5027.377,5054.379,5027.377,5046.627,4143,0
2026-02-10 23:30:00,5046.75,5048.286,5038.683,5041.55,2428,0
2026-02-11 00:00:00,5041.616,5044.322,5028.156,5040.158,5052,0
2026-02-11 00:30:00,5040.031,5049.448,5034.313,5037.833,4309,0
2026-02-11 01:00:00,5037.933,5047.403,5030.3,5037.807,6652,0
2026-02-11 01:30:00,5037.781,5052.763,5032.697,5052.332,4802,0
2026-02-11 02:00:00,5052.429,5056.748,5032.495,5042.199,5084,0
2026-02-11 02:30:00,5042.107,5057.812,5041.164,5055.627,4363,0
2026-02-11 03:00:00,5055.484,5059.083,5045.026,5057.288,4018,0
2026-02-11 03:30:00,5057.037,5061.003,5053.152,5054.498,3011,0
2026-02-11 04:00:00,5054.497,5059.532,5053.07,5058.117,2334,0
2026-02-11 04:30:00,5058.138,5059.242,5045.699,5046.367,2749,0
2026-02-11 05:00:00,5046.398,5053.545,5043.371,5053.108,2932,0
2026-02-11 05:30:00,5053.101,5064.089,5046.088,5052.527,4830,0
2026-02-11 06:00:00,5052.832,5061.575,5049.454,5056.657,3896,0
2026-02-11 06:30:00,5056.745,5064.559,5052.111,5064.23,4945,0
2026-02-11 07:00:00,5064.068,5069.129,5052.711,5059.779,6779,0
2026-02-11 07:30:00,5059.86,5062.108,5048.675,5055.473,4640,0
2026-02-11 08:00:00,5055.31,5060.301,5050.738,5051.724,3788,0
2026-02-11 08:30:00,5051.842,5054.994,5045.655,5053.55,3625,0
2026-02-11 09:00:00,5053.74,5055.815,5047.061,5054.411,3146,0
2026-02-11 09:30:00,5054.293,5072.095,5053.494,5062.716,4652,0
2026-02-11 10:00:00,5062.811,5076.689,5062.443,5071.078,3815,0
2026-02-11 10:30:00,5070.992,5101.814,5068.465,5093.373,9705,0
2026-02-11 11:00:00,5093.045,5107.887,5082.395,5107.612,4983,0
2026-02-11 11:30:00,5107.259,5116.804,5100.794,5111.59,4978,0
2026-02-11 12:00:00,5111.667,5119.259,5086.375,5095.199,6305,0
2026-02-11 12:30:00,5095.274,5098.82,5050.177,5083.503,10767,0
2026-02-11 13:00:00,5083.43,5090.126,5064.081,5083.332,9895,0
2026-02-11 13:30:00,5083.522,5084.999,5019.052,5065.71,22130,0
2026-02-11 14:00:00,5065.691,5082.808,5061.78,5071.236,8501,0
2026-02-11 14:30:00,5070.963,5076.581,5035.681,5059.453,17979,0
2026-02-11 15:00:00,5059.527,5081.88,5043.384,5049.163,15352,0
2026-02-11 15:30:00,5049.089,5063.033,5039.122,5060.323,12796,0
2026-02-11 16:00:00,5060.176,5064.442,5042.701,5061.075,9820,0
2026-02-11 16:30:00,5061.01,5078.24,5056.135,5075.109,6483,0
2026-02-11 17:00:00,5075.032,5091.34,5068.107,5087.449,5789,0
2026-02-11 17:30:00,5087.41,5098.948,5081.245,5091.523,5367,0
2026-02-11 18:00:00,5091.539,5092.919,5066.571,5073.691,6847,0
2026-02-11 18:30:00,5073.643,5087.148,5070.926,5082.166,5205,0
2026-02-11 19:00:00,5082.292,5094.214,5082.054,5091.497,4315,0
2026-02-11 19:30:00,5091.425,5092.104,5076.404,5082.107,4429,0
2026-02-11 20:00:00,5082.023,5089.206,5079.678,5085.036,3484,0
2026-02-11 20:30:00,5085.046,5090.334,5078.142,5086.822,3704,0
2026-02-11 21:00:00,5086.894,5092.816,5077.84,5082.224,2670,0
2026-02-11 21:30:00,5082.304,5084.281,5069.715,5082.394,3488,0
2026-02-11 23:00:00,5099.339,5100.162,5053.004,5069.045,4961,0
2026-02-11 23:30:00,5068.945,5070.831,5059.606,5061.397,3711,0
2026-02-12 00:00:00,5061.305,5067.472,5049.93,5060.666,7870,0
2026-02-12 00:30:00,5060.325,5066.211,5055.958,5063.183,5140,0
2026-02-12 01:00:00,5062.994,5062.994,5045.111,5058.623,8300,0
2026-02-12 01:30:00,5058.484,5063.972,5052.933,5063.348,5561,0
2026-02-12 02:00:00,5063.605,5072.828,5061.934,5066.315,5025,0
2026-02-12 02:30:00,5066.396,5069.568,5054.784,5065.816,4755,0
2026-02-12 03:00:00,5065.894,5074.64,5054.68,5060.115,4439,0
2026-02-12 03:30:00,5060.096,5066.744,5055.069,5056.963,3261,0
2026-02-12 04:00:00,5056.99,5058.821,5050.922,5056.336,2758,0
2026-02-12 04:30:00,5056.252,5070.041,5054.084,5069.318,2734,0
2026-02-12 05:00:00,5069.235,5078.212,5065.545,5071.859,3634,0
2026-02-12 05:30:00,5071.862,5076.212,5064.4,5075.468,4476,0
2026-02-12 06:00:00,5075.526,5076.292,5055.36,5055.508,4657,0
2026-02-12 06:30:00,5055.61,5061.653,5046.966,5059.67,5428,0
2026-02-12 07:00:00,5059.752,5066.396,5051.732,5062.278,3686,0
2026-02-12 07:30:00,5062.105,5065.919,5056.767,5063.736,3084,0
2026-02-12 08:00:00,5063.929,5073.515,5060.849,5060.903,3806,0
2026-02-12 08:30:00,5060.828,5072.028,5052.173,5068.328,3719,0
2026-02-12 09:00:00,5068.416,5077.733,5066.108,5071.469,3556,0
2026-02-12 09:30:00,5071.455,5080.985,5068.692,5073.313,3050,0
2026-02-12 10:00:00,5073.305,5076.9,5061.097,5061.458,3667,0
2026-02-12 10:30:00,5061.384,5066.041,5056.145,5062.131,3496,0
2026-02-12 11:00:00,5062.032,5065.652,5059.415,5062.511,2693,0
2026-02-12 11:30:00,5062.754,5068.259,5061.465,5063.966,2624,0
2026-02-12 12:00:00,5064.017,5066.741,5056.549,5062.348,3229,0
2026-02-12 12:30:00,5062.344,5068.574,5048.733,5052.582,4214,0
2026-02-12 13:00:00,5052.684,5074.172,5051.353,5062.85,5363,0
2026-02-12 13:30:00,5062.869,5083.763,5060.566,5075.319,4639,0
2026-02-12 14:00:00,5075.23,5077.795,5055.013,5060.013,7855,0
2026-02-12 14:30:00,5059.96,5071.637,5039.03,5044.471,12063,0
2026-02-12 15:00:00,5044.29,5069.842,5039.587,5065.88,6767,0
2026-02-12 15:30:00,5065.87,5074.83,5060.043,5060.623,5849,0
2026-02-12 16:00:00,5060.528,5068.304,4878.366,4897.391,60784,0
2026-02-12 16:30:00,4897.564,4969.26,4894.295,4954.448,45738,0
2026-02-12 17:00:00,4954.644,4983.054,4939.567,4965.561,23481,0
2026-02-12 17:30:00,4965.421,4975.111,4939.469,4941.078,16108,0
2026-02-12 18:00:00,4941.015,4949.834,4906.388,4928.566,21409,0
2026-02-12 18:30:00,4928.651,4952.254,4925.837,4935.828,13741,0
2026-02-12 19:00:00,4935.768,4944.166,4927.991,4931.643,11141,0
2026-02-12 19:30:00,4931.331,4958.293,4931.331,4945.686,8086,0
2026-02-12 20:00:00,4945.604,4948.378,4921.65,4922.824,7406,0
2026-02-12 20:30:00,4922.754,4928.02,4910.94,4915.215,10779,0
2026-02-12 21:00:00,4915.089,4924.319,4911.588,4920.458,4372,0
2026-02-12 21:30:00,4920.533,4926.845,4915.917,4922.28,3190,0
2026-02-12 23:00:00,4893.14,4928.383,4887.646,4920.184,5821,0
2026-02-12 23:30:00,4920.167,4926.103,4906.074,4920.302,4888,0
2026-02-13 00:00:00,4920.054,4948.543,4913.787,4936.44,8406,0
2026-02-13 00:30:00,4936.502,4945.849,4926.963,4928.091,7158,0
2026-02-13 01:00:00,4928.165,4979.277,4926.962,4969.653,11655,0
2026-02-13 01:30:00,4969.729,4988.905,4964.468,4980.569,8400,0
2026-02-13 02:00:00,4980.601,4986.002,4972.637,4985.83,4921,0
2026-02-13 02:30:00,4985.836,4991.736,4972.198,4988.555,6721,0
2026-02-13 03:00:00,4988.415,4989.257,4973.874,4977.836,4764,0
2026-02-13 03:30:00,4977.911,4984.61,4974.98,4981.499,3020,0
2026-02-13 04:00:00,4981.466,4997.235,4975.709,4985.297,3828,0
2026-02-13 04:30:00,4985.303,4986.375,4972.791,4976.598,2854,0
2026-02-13 05:00:00,4976.803,4986.432,4964.983,4979.771,4170,0
2026-02-13 05:30:00,4979.668,4980.306,4944.863,4946.451,7265,0
2026-02-13 06:00:00,4946.55,4961.934,4946.273,4953.379,5855,0
2026-02-13 06:30:00,4953.305,4968.776,4950.851,4967.124,5973,0
2026-02-13 07:00:00,4966.92,4976.292,4950.903,4968.466,6442,0
2026-02-13 07:30:00,4968.322,4982.501,4966.266,4974.961,5249,0
2026-02-13 08:00:00,4975.092,4989.519,4971.992,4982.528,6039,0
2026-02-13 08:30:00,4982.53,4986.811,4970.681,4982.428,4901,0
2026-02-13 09:00:00,4982.51,4982.728,4964.171,4964.972,4625,0
2026-02-13 09:30:00,4965.054,4976.42,4961.527,4970.387,4248,0
2026-02-13 10:00:00,4970.367,4980.734,4965.924,4977.425,4218,0
2026-02-13 10:30:00,4977.5,4978.463,4946.925,4950.297,4373,0
2026-02-13 11:00:00,4950.174,4953.494,4933.494,4944.903,7192,0
2026-02-13 11:30:00,4945.151,4955.561,4935.227,4953.992,4978,0
2026-02-13 12:00:00,4954.01,4973.106,4951.886,4967.236,5255,0
2026-02-13 12:30:00,4967.228,4974.127,4963.802,4969.4,4241,0
2026-02-13 13:00:00,4969.493,4976.176,4957.509,4967.493,6070,0
2026-02-13 13:30:00,4967.52,5001.884,4967.371,4987.073,10839,0
2026-02-13 14:00:00,4986.998,5007.735,4984.842,5002.563,8035,0
2026-02-13 14:30:00,5002.488,5011.146,4963.928,4995.804,23876,0
2026-02-13 15:00:00,4995.898,5011.976,4992.296,5009.913,17453,0
2026-02-13 15:30:00,5009.787,5020.812,4973.736,4976.926,13076,0
2026-02-13 16:00:00,4977.129,5034.213,4975.165,5027.946,12060,0
2026-02-13 16:30:00,5027.781,5028.4,5006.006,5007.942,7011,0
2026-02-13 17:00:00,5008.013,5022.236,5005.771,5017.587,5633,0
2026-02-13 17:30:00,5017.764,5029.187,5016.053,5020.882,5227,0
2026-02-13 18:00:00,5020.794,5030.57,5015.181,5022.446,5734,0
2026-02-13 18:30:00,5022.37,5035.59,5020.19,5031.229,4478,0
2026-02-13 19:00:00,5031.302,5046.075,5030.581,5041.562,5027,0
2026-02-13 19:30:00,5041.458,5042.902,5023.493,5023.534,4906,0
2026-02-13 20:00:00,5023.653,5034.152,5023.653,5028.826,4942,0
2026-02-13 20:30:00,5028.745,5034.701,5021.243,5032.486,5462,0
2026-02-13 21:00:00,5032.415,5036.088,5029.539,5032.848,2567,0
2026-02-13 21:30:00,5032.719,5046.101,5031.148,5042.605,6465,0
2026-02-15 23:00:00,5026.64,5032.237,5010.128,5029.326,6376,0
2026-02-15 23:30:00,5029.156,5031.333,5013.466,5019.914,3558,0
2026-02-16 00:00:00,5019.874,5021.473,4999.755,5012.215,6253,0
2026-02-16 00:30:00,5012.449,5022.853,5008.817,5015.45,3959,0
2026-02-16 01:00:00,5015.352,5031.167,5006.79,5028.938,4724,0
2026-02-16 01:30:00,5029.029,5031.192,5025.684,5028.99,3110,0
2026-02-16 02:00:00,5029.052,5031.48,5018.854,5019.705,3512,0
2026-02-16 02:30:00,5019.698,5021.852,4992.138,4994.619,5534,0
2026-02-16 03:00:00,4994.535,5000.013,4988.05,4994.948,4090,0
2026-02-16 03:30:00,4994.859,4996.745,4975.014,4987.733,5019,0
2026-02-16 04:00:00,4987.687,4992.03,4972.584,4976.601,4665,0
2026-02-16 04:30:00,4976.35,4980.033,4973.517,4977.865,3195,0
2026-02-16 05:00:00,4977.697,4988.399,4964.573,4986.439,4380,0
2026-02-16 05:30:00,4986.413,4990.693,4982.839,4990.616,2812,0
2026-02-16 06:00:00,4990.538,4994.884,4984.725,4993.22,2878,0
2026-02-16 06:30:00,4992.905,5003.1,4990.49,4994.98,3340,0
2026-02-16 07:00:00,4994.926,4999.535,4988.881,4997.977,3100,0
2026-02-16 07:30:00,4997.977,5009.954,4996.759,5007.321,3751,0
2026-02-16 08:00:00,5007.519,5013.322,4995.736,5006.035,4457,0
2026-02-16 08:30:00,5006.032,5010.179,5003.436,5008.022,2837,0
2026-02-16 09:00:00,5007.991,5016.288,5007.746,5013.468,2858,0
2026-02-16 09:30:00,5013.477,5017.232,5008.519,5013.582,2646,0
2026-02-16 10:00:00,5013.53,5017.146,5004.53,5004.953,2856,0
2026-02-16 10:30:00,5005.125,5010.916,5000.131,5006.049,3292,0
2026-02-16 11:00:00,5006.071,5007.066,4998.734,5004.679,2777,0
2026-02-16 11:30:00,5004.652,5007.966,5002.137,5004.267,2255,0
2026-02-16 12:00:00,5004.24,5004.981,4992.753,4996.447,2927,0
2026-02-16 12:30:00,4996.466,5008.096,4995.247,5001.972,3248,0
2026-02-16 13:00:00,5001.916,5003.535,4993.084,4994.264,2954,0
2026-02-16 13:30:00,4994.35,4998.611,4989.553,4997.361,3434,0
2026-02-16 14:00:00,4997.23,4999.426,4990.279,4992.198,3317,0
2026-02-16 14:30:00,4992.476,4994.462,4981.659,4988.171,4281,0
2026-02-16 15:00:00,4988.002,4988.337,4968.895,4980.234,5585,0
2026-02-16 15:30:00,4980.23,4983.131,4974.774,4979.735,3300,0
2026-02-16 16:00:00,4979.707,4987.424,4972.936,4986.162,3622,0
2026-02-16 16:30:00,4986.089,4990.306,4985.229,4988.076,2763,0
2026-02-16 17:00:00,4987.964,4995.421,4987.879,4994.513,2246,0
2026-02-16 17:30:00,4994.432,4995.89,4989.9,4991.455,2203,0
2026-02-16 18:00:00,4991.543,4997.313,4988.327,4994.338,2593,0
2026-02-16 18:30:00,4994.309,4997.933,4991.248,4994.708,3109,0
2026-02-16 19:00:00,4994.632,4996.116,4990.583,4993.895,3554,0
2026-02-16 23:00:00,4998.238,5000.719,4985.349,4994.351,2947,0
2026-02-16 23:30:00,4994.355,4995.543,4987.062,4989.986,2080,0
2026-02-17 00:00:00,4989.899,4991.592,4971.102,4973.335,4862,0
2026-02-17 00:30:00,4973.609,4978.978,4931.419,4935.712,7309,0
2026-02-17 01:00:00,4935.804,4957.816,4922.83,4956.625,8914,0
2026-02-17 01:30:00,4956.797,4964.074,4954.746,4957.944,4000,0
2026-02-17 02:00:00,4957.864,4971.436,4954.349,4965.351,3782,0
2026-02-17 02:30:00,4965.456,4967.352,4959.361,4967.04,2771,0
2026-02-17 03:00:00,4966.96,4970.075,4953.922,4955.416,3796,0
2026-02-17 03:30:00,4955.49,4960.411,4949.839,4956.886,3355,0
2026-02-17 04:00:00,4956.827,4960.363,4946.776,4959.503,2794,0
2026-02-17 04:30:00,4959.498,4960.342,4949.522,4952.816,2606,0
2026-02-17 05:00:00,4952.982,4954.276,4888.34,4900.519,10929,0
2026-02-17 05:30:00,4900.614,4902.277,4858.728,4888.634,13848,0
2026-02-17 06:00:00,4888.674,4901.454,4886.528,4894.705,5701,0
2026-02-17 06:30:00,4894.832,4914.219,4891.459,4910.377,4821,0
2026-02-17 07:00:00,4910.456,4916.844,4903.993,4908.067,4251,0
2026-02-17 07:30:00,4908.179,4922.014,4903.85,4917.021,4351,0
2026-02-17 08:00:00,4917.0,4930.27,4916.035,4919.932,5398,0
2026-02-17 08:30:00,4920.24,4925.571,4916.399,4920.721,4104,0
2026-02-17 09:00:00,4920.863,4929.244,4918.184,4919.01,4251,0
2026-02-17 09:30:00,4918.993,4932.552,4912.838,4926.024,4539,0
2026-02-17 10:00:00,4925.97,4939.206,4923.866,4928.037,3654,0
2026-02-17 10:30:00,4928.293,4928.293,4907.59,4913.177,5019,0
2026-02-17 11:00:00,4913.322,4930.961,4913.195,4927.627,3759,0
2026-02-17 11:30:00,4927.669,4930.961,4921.317,4929.179,3528,0
2026-02-17 12:00:00,4929.06,4944.351,4928.191,4942.76,5325,0
2026-02-17 12:30:00,4942.625,4944.164,4928.915,4932.27,4088,0
2026-02-17 13:00:00,4932.173,4933.279,4911.004,4919.501,6747,0
2026-02-17 13:30:00,4919.76,4924.233,4869.625,4870.724,11267,0
2026-02-17 14:00:00,4870.541,4904.551,4841.149,4898.048,16152,0
2026-02-17 14:30:00,4897.976,4907.182,4855.969,4864.129,26197,0
2026-02-17 15:00:00,4864.061,4877.417,4848.873,4861.628,19447,0
2026-02-17 15:30:00,4861.705,4882.548,4852.839,4878.263,14141,0
2026-02-17 16:00:00,4878.366,4893.683,4876.301,4883.76,11333,0
2026-02-17 16:30:00,4883.688,4887.54,4868.386,4869.369,9496,0
2026-02-17 17:00:00,4869.462,4871.303,4849.915,4864.851,8876,0
2026-02-17 17:30:00,4864.924,4868.471,4853.762,4865.243,8251,0
2026-02-17 18:00:00,4865.324,4890.451,4862.484,4887.085,9075,0
2026-02-17 18:30:00,4887.098,4910.733,4879.943,4898.961,7858,0
2026-02-17 19:00:00,4899.097,4901.171,4881.774,4883.732,7090,0
2026-02-17 19:30:00,4883.678,4888.126,4876.609,4880.422,5358,0
2026-02-17 20:00:00,4880.378,4882.511,4873.239,4877.891,5062,0
2026-02-17 20:30:00,4877.814,4884.257,4874.046,4878.095,6796,0
2026-02-17 21:00:00,4878.025,4887.009,4874.866,4880.455,3145,0
2026-02-17 21:30:00,4880.659,4881.766,4876.67,4878.018,1812,0
2026-02-17 23:00:00,4863.153,4884.656,4860.096,4877.375,3763,0
2026-02-17 23:30:00,4877.308,4883.919,4853.954,4859.523,4218,0
2026-02-18 00:00:00,4859.221,4872.031,4858.455,4870.134,5662,0
2026-02-18 00:30:00,4870.143,4882.942,4867.861,4874.95,4466,0
2026-02-18 01:00:00,4874.905,4891.375,4874.564,4886.985,4629,0
2026-02-18 01:30:00,4886.963,4892.866,4882.876,4889.833,3288,0
2026-02-18 02:00:00,4889.732,4904.149,4886.583,4901.068,3958,0
2026-02-18 02:30:00,4900.935,4907.26,4900.741,4905.298,2203,0
2026-02-18 03:00:00,4905.106,4919.944,4904.346,4919.158,3045,0
2026-02-18 03:30:00,4919.231,4922.215,4916.646,4920.873,2491,0
2026-02-18 04:00:00,4920.888,4933.535,4918.318,4932.954,3165,0
2026-02-18 04:30:00,4932.999,4940.11,4931.49,4933.918,2817,0
2026-02-18 05:00:00,4933.993,4939.351,4929.82,4935.378,2673,0
2026-02-18 05:30:00,4935.377,4939.864,4933.163,4933.376,2212,0
2026-02-18 06:00:00,4933.518,4934.144,4924.87,4930.601,3107,0
2026-02-18 06:30:00,4930.612,4936.041,4926.752,4930.576,2684,0
2026-02-18 07:00:00,4930.545,4942.324,4929.958,4938.967,2971,0
2026-02-18 07:30:00,4939.083,4940.553,4929.135,4930.324,2395,0
2026-02-18 08:00:00,4930.402,4932.364,4922.493,4926.04,3108,0
2026-02-18 08:30:00,4926.073,4927.032,4916.542,4917.155,3346,0
2026-02-18 09:00:00,4917.219,4923.069,4913.027,4921.316,3797,0
2026-02-18 09:30:00,4921.42,4923.151,4916.167,4917.388,2636,0
2026-02-18 10:00:00,4917.436,4924.439,4916.782,4921.381,4079,0
2026-02-18 10:30:00,4921.299,4921.3,4909.252,4914.522,3603,0
2026-02-18 11:00:00,4914.515,4917.595,4912.437,4915.256,2603,0
2026-02-18 11:30:00,4915.235,4916.494,4906.242,4912.974,2824,0
2026-02-18 12:00:00,4912.886,4929.513,4911.999,4921.372,4591,0
2026-02-18 12:30:00,4921.084,4947.213,4917.849,4943.1,3868,0
2026-02-18 13:00:00,4943.17,4959.538,4942.962,4956.307,5737,0
2026-02-18 13:30:00,4956.588,4969.069,4948.832,4954.535,5896,0
2026-02-18 14:00:00,4954.57,4963.57,4952.132,4960.797,4424,0
2026-02-18 14:30:00,4960.855,4994.479,4955.637,4991.714,13065,0
2026-02-18 15:00:00,4991.77,5008.998,4991.629,5004.876,8282,0
2026-02-18 15:30:00,5004.802,5005.155,4994.883,4997.843,5609,0
2026-02-18 16:00:00,4998.086,5003.047,4991.305,4996.872,4737,0
2026-02-18 16:30:00,4997.008,5010.974,4994.659,5000.589,5217,0
2026-02-18 17:00:00,5000.678,5001.722,4996.117,4999.272,3955,0
2026-02-18 17:30:00,4999.262,5000.777,4993.317,4998.982,3453,0
2026-02-18 18:00:00,4999.09,5003.223,4986.691,4988.217,4295,0
2026-02-18 18:30:00,4988.313,4993.128,4980.555,4987.237,5720,0
2026-02-18 19:00:00,4987.143,4995.495,4973.082,4978.662,6324,0
2026-02-18 19:30:00,4978.754,4984.513,4972.896,4980.659,6213,0
2026-02-18 20:00:00,4980.473,4984.539,4975.507,4977.692,4332,0
2026-02-18 20:30:00,4977.615,4987.513,4976.562,4984.789,4597,0
2026-02-18 21:00:00,4984.69,4986.525,4980.376,4981.602,1782,0
2026-02-18 21:30:00,4981.677,4982.28,4975.765,4976.284,1603,0
2026-02-18 23:00:00,4974.388,4983.934,4961.397,4982.218,3893,0
2026-02-18 23:30:00,4982.218,4988.664,4968.237,4976.255,2991,0
2026-02-19 00:00:00,4976.015,4976.321,4961.019,4967.244,4474,0
2026-02-19 00:30:00,4967.516,4973.378,4960.446,4961.381,3476,0
2026-02-19 01:00:00,4961.073,4968.5,4960.571,4964.109,3317,0
2026-02-19 01:30:00,4964.272,4975.455,4961.82,4973.151,3116,0
2026-02-19 02:00:00,4972.925,4977.298,4965.694,4972.659,3240,0
2026-02-19 02:30:00,4972.767,4973.361,4967.612,4968.32,2346,0
2026-02-19 03:00:00,4968.224,4971.856,4966.422,4969.71,2351,0
2026-02-19 03:30:00,4969.785,4983.534,4969.785,4981.809,3076,0
2026-02-19 04:00:00,4981.607,4984.887,4977.99,4980.052,2132,0
2026-02-19 04:30:00,4980.041,4985.522,4976.948,4984.193,2331,0
2026-02-19 05:00:00,4984.189,4993.322,4984.189,4989.301,2340,0
2026-02-19 05:30:00,4989.134,4998.403,4988.956,4997.064,2311,0
2026-02-19 06:00:00,4996.827,5002.339,4996.712,5001.267,2195,0
2026-02-19 06:30:00,5001.194,5020.107,5000.896,5018.292,3389,0
2026-02-19 07:00:00,5018.37,5021.927,5014.802,5017.672,3109,0
2026-02-19 07:30:00,5017.708,5020.053,5008.72,5010.363,2719,0
2026-02-19 08:00:00,5010.29,5014.798,5006.094,5014.708,3425,0
2026-02-19 08:30:00,5014.653,5022.047,5010.317,5017.046,2959,0
2026-02-19 09:00:00,5016.994,5020.34,4999.838,5000.486,3804,0
2026-02-19 09:30:00,5000.714,5005.656,4992.903,4995.757,3793,0
2026-02-19 10:00:00,4995.74,4996.196,4983.173,4986.685,4515,0
2026-02-19 10:30:00,4986.612,4995.144,4981.612,4993.326,3444,0
2026-02-19 11:00:00,4993.105,4996.417,4977.99,4984.786,3865,0
2026-02-19 11:30:00,4984.865,4987.059,4978.062,4984.696,3600,0
2026-02-19 12:00:00,4984.608,4992.131,4980.541,4991.928,3414,0
2026-02-19 12:30:00,4992.001,4992.792,4980.739,4984.697,3403,0
2026-02-19 13:00:00,4984.78,4987.649,4974.364,4984.472,4784,0
2026-02-19 13:30:00,4984.333,4998.415,4971.953,4997.127,4977,0
2026-02-19 14:00:00,4997.095,4997.123,4971.881,4978.114,6024,0
2026-02-19 14:30:00,4978.041,5010.304,4963.338,5005.589,12628,0
2026-02-19 15:00:00,5005.664,5016.267,4995.972,5016.03,11340,0
2026-02-19 15:30:00,5016.221,5022.336,5006.467,5013.708,7751,0
2026-02-19 16:00:00,5013.792,5014.389,4991.436,4998.316,7108,0
2026-02-19 16:30:00,4998.392,5008.843,4990.196,4995.316,5521,0
2026-02-19 17:00:00,4995.119,5001.578,4991.941,4993.859,4484,0
2026-02-19 17:30:00,4994.132,4996.186,4982.701,4984.926,5082,0
2026-02-19 18:00:00,4985.004,4989.232,4975.901,4978.186,5065,0
2026-02-19 18:30:00,4978.164,4984.352,4975.075,4981.815,3857,0
2026-02-19 19:00:00,4981.89,4990.427,4980.69,4989.079,3169,0
2026-02-19 19:30:00,4988.994,4989.926,4978.213,4987.832,3416,0
2026-02-19 20:00:00,4987.855,4997.015,4987.855,4995.761,2910,0
2026-02-19 20:30:00,4995.645,5003.395,4994.983,5001.584,2955,0
2026-02-19 21:00:00,5001.671,5004.191,4992.165,4994.094,2330,0
2026-02-19 21:30:00,4994.031,4999.948,4993.1,4996.334,1876,0
2026-02-19 23:00:00,4997.165,5007.89,4993.231,4997.195,2986,0
2026-02-19 23:30:00,4997.045,5001.477,4985.731,4987.7,2594,0
2026-02-20 00:00:00,4987.764,4996.48,4985.451,4990.729,3232,0
2026-02-20 00:30:00,4990.809,5006.896,4987.264,5006.316,2919,0
2026-02-20 01:00:00,5006.397,5014.702,4995.768,4999.752,4815,0
2026-02-20 01:30:00,4999.735,5003.686,4995.114,4997.041,3164,0
2026-02-20 02:00:00,4997.065,5007.338,4992.583,4997.5,3683,0
2026-02-20 02:30:00,4997.515,5003.392,4992.853,4996.318,2840,0
2026-02-20 03:00:00,4996.29,4998.378,4989.587,4992.17,2410,0
2026-02-20 03:30:00,4992.182,4999.053,4981.699,4988.088,3742,0
2026-02-20 04:00:00,4988.184,4994.587,4986.715,4994.213,2021,0
2026-02-20 04:30:00,4994.313,5003.414,4993.402,4999.763,2270,0
2026-02-20 05:00:00,4999.936,5006.145,4998.514,5001.63,2431,0
2026-02-20 05:30:00,5001.549,5011.873,4997.876,5011.873,2897,0
2026-02-20 06:00:00,5011.948,5029.412,5011.805,5022.248,3880,0
2026-02-20 06:30:00,5022.054,5030.141,5020.261,5020.758,3107,0
2026-02-20 07:00:00,5020.642,5028.198,5009.412,5015.186,3807,0
2026-02-20 07:30:00,5015.259,5017.963,5006.017,5006.527,3332,0
2026-02-20 08:00:00,5006.606,5019.747,5005.104,5018.302,3951,0
2026-02-20 08:30:00,5018.289,5030.923,5017.641,5028.853,3088,0
2026-02-20 09:00:00,5028.767,5042.628,5027.99,5034.1,4176,0
2026-02-20 09:30:00,5034.209,5035.909,5027.461,5027.461,3051,0
2026-02-20 10:00:00,5027.727,5030.887,5019.446,5026.351,3442,0
2026-02-20 10:30:00,5026.642,5038.34,5025.747,5034.55,3398,0
2026-02-20 11:00:00,5034.766,5034.885,5025.966,5028.814,2619,0
2026-02-20 11:30:00,5029.002,5033.482,5015.411,5017.392,4504,0
2026-02-20 12:00:00,5017.465,5023.829,5011.69,5012.162,4256,0
2026-02-20 12:30:00,5012.242,5026.62,5007.088,5025.035,3848,0
2026-02-20 13:00:00,5025.048,5031.967,5023.545,5028.685,3074,0
2026-02-20 13:30:00,5028.775,5048.825,5018.215,5043.691,6304,0
2026-02-20 14:00:00,5043.619,5047.43,5037.0,5041.647,5070,0
2026-02-20 14:30:00,5041.331,5060.51,5037.677,5054.183,12405,0
2026-02-20 15:00:00,5054.078,5064.009,4988.89,5025.463,40840,0
2026-02-20 15:30:00,5025.538,5052.484,5016.93,5042.506,19898,0
2026-02-20 16:00:00,5042.431,5056.776,5038.405,5053.592,11992,0
2026-02-20 16:30:00,5053.664,5069.045,5052.693,5066.475,8469,0
2026-02-20 17:00:00,5066.556,5073.548,5054.557,5064.146,9133,0
2026-02-20 17:30:00,5064.367,5076.408,5061.754,5072.994,7605,0
2026-02-20 18:00:00,5072.916,5073.482,5053.792,5058.558,8133,0
2026-02-20 18:30:00,5058.474,5075.154,5057.569,5071.081,10095,0
2026-02-20 19:00:00,5071.154,5075.358,5068.397,5069.673,3814,0
2026-02-20 19:30:00,5069.686,5079.887,5069.686,5079.392,3090,0
2026-02-20 20:00:00,5079.43,5086.32,5076.865,5084.774,3737,0
2026-02-20 20:30:00,5084.885,5098.185,5082.48,5096.892,5096,0
2026-02-20 21:00:00,5096.968,5099.069,5091.769,5097.829,3021,0
2026-02-20 21:30:00,5097.905,5108.031,5097.445,5105.809,3591,0
2026-02-22 23:00:00,5111.637,5151.332,5108.785,5145.855,6023,0
2026-02-22 23:30:00,5146.106,5171.868,5144.356,5165.373,4718,0
2026-02-23 00:00:00,5165.366,5166.728,5129.474,5153.343,11657,0
2026-02-23 00:30:00,5153.155,5160.921,5134.745,5144.589,6625,0
2026-02-23 01:00:00,5144.291,5159.306,5139.976,5158.976,6886,0
2026-02-23 01:30:00,5158.901,5167.792,5155.265,5157.618,5207,0
2026-02-23 02:00:00,5157.519,5167.329,5156.647,5161.313,4940,0
2026-02-23 02:30:00,5161.255,5176.67,5160.88,5173.697,4153,0
2026-02-23 03:00:00,5173.708,5175.775,5151.397,5164.011,4840,0
2026-02-23 03:30:00,5164.025,5171.265,5164.025,5166.851,3204,0
2026-02-23 04:00:00,5166.838,5168.703,5155.427,5160.079,3663,0
2026-02-23 04:30:00,5160.315,5163.651,5155.864,5160.691,2800,0
2026-02-23 05:00:00,5160.734,5161.829,5152.159,5157.592,3336,0
2026-02-23 05:30:00,5157.666,5159.563,5153.527,5158.279,2417,0
2026-02-23 06:00:00,5158.147,5161.688,5152.149,5152.577,2672,0
2026-02-23 06:30:00,5152.692,5156.867,5144.838,5145.739,4585,0
2026-02-23 07:00:00,5145.739,5154.134,5125.562,5136.289,6471,0
2026-02-23 07:30:00,5136.375,5139.263,5124.932,5136.727,5094,0
2026-02-23 08:00:00,5136.487,5139.566,5122.273,5125.301,5044,0
2026-02-23 08:30:00,5125.203,5141.953,5122.192,5140.034,4104,0
2026-02-23 09:00:00,5140.104,5149.324,5139.38,5149.01,3555,0
2026-02-23 09:30:00,5149.09,5150.057,5142.938,5149.524,2810,0
2026-02-23 10:00:00,5149.479,5156.615,5146.456,5155.978,3726,0
2026-02-23 10:30:00,5155.703,5163.386,5145.008,5162.601,4133,0
2026-02-23 11:00:00,5162.682,5163.447,5146.43,5150.702,3812,0
2026-02-23 11:30:00,5150.757,5154.775,5147.971,5149.884,2904,0
2026-02-23 12:00:00,5149.793,5154.812,5145.661,5149.928,3820,0
2026-02-23 12:30:00,5150.031,5165.463,5149.562,5163.954,3580,0
2026-02-23 13:00:00,5163.854,5165.312,5143.5,5149.614,4861,0
2026-02-23 13:30:00,5149.965,5154.003,5145.441,5146.375,4141,0
2026-02-23 14:00:00,5146.29,5165.5,5141.232,5165.175,4609,0
2026-02-23 14:30:00,5165.117,5200.414,5164.87,5192.252,10263,0
2026-02-23 15:00:00,5192.469,5203.703,5180.724,5197.501,10110,0
2026-02-23 15:30:00,5197.618,5205.098,5186.004,5196.252,8837,0
2026-02-23 16:00:00,5196.135,5219.089,5175.543,5214.727,10283,0
2026-02-23 16:30:00,5214.645,5217.883,5206.353,5209.999,8437,0
2026-02-23 17:00:00,5210.164,5213.315,5199.507,5210.364,7503,0
2026-02-23 17:30:00,5210.444,5210.857,5190.918,5207.791,7002,0
2026-02-23 18:00:00,5208.063,5215.914,5201.186,5206.119,6264,0
2026-02-23 18:30:00,5205.911,5213.261,5205.366,5209.733,4175,0
2026-02-23 19:00:00,5209.653,5215.012,5206.338,5209.241,3729,0
2026-02-23 19:30:00,5209.371,5218.217,5208.158,5215.605,4508,0
2026-02-23 20:00:00,5215.628,5226.075,5214.887,5225.151,3952,0
2026-02-23 20:30:00,5225.077,5237.907,5224.472,5236.054,4336,0
2026-02-23 21:00:00,5235.973,5237.293,5228.761,5230.056,2807,0
2026-02-23 21:30:00,5229.976,5232.751,5226.561,5227.899,2317,0
2026-02-23 23:00:00,5226.214,5249.439,5226.214,5236.563,4384,0
2026-02-23 23:30:00,5236.474,5247.041,5234.762,5235.933,3003,0
2026-02-24 00:00:00,5235.839,5238.095,5217.399,5226.819,7107,0
2026-02-24 00:30:00,5226.898,5232.71,5221.176,5223.979,5486,0
2026-02-24 01:00:00,5223.904,5224.216,5144.765,5165.197,28092,0
2026-02-24 01:30:00,5165.293,5179.293,5161.097,5177.122,10166,0
2026-02-24 02:00:00,5177.202,5181.671,5165.521,5173.114,5628,0
2026-02-24 02:30:00,5173.04,5190.413,5172.481,5189.691,5054,0
2026-02-24 03:00:00,5189.579,5191.747,5181.941,5182.568,3629,0
2026-02-24 03:30:00,5182.623,5188.232,5170.956,5171.972,3523,0
2026-02-24 04:00:00,5171.898,5174.81,5160.916,5171.644,3818,0
2026-02-24 04:30:00,5171.727,5173.017,5163.21,5168.322,2892,0
2026-02-24 05:00:00,5168.26,5175.055,5163.948,5167.269,3073,0
2026-02-24 05:30:00,5167.655,5185.704,5164.611,5182.363,4992,0
2026-02-24 06:00:00,5182.507,5184.843,5166.835,5169.049,4105,0
2026-02-24 06:30:00,5169.14,5175.211,5156.125,5173.388,4840,0
2026-02-24 07:00:00,5173.305,5183.227,5164.044,5183.137,5583,0
2026-02-24 07:30:00,5183.052,5183.992,5174.509,5179.06,3928,0
2026-02-24 08:00:00,5179.02,5179.488,5164.834,5170.532,5123,0
2026-02-24 08:30:00,5170.425,5181.856,5169.118,5173.446,3790,0
2026-02-24 09:00:00,5173.346,5180.344,5167.893,5168.745,3707,0
2026-02-24 09:30:00,5168.564,5173.546,5166.321,5171.422,2929,0
2026-02-24 10:00:00,5171.428,5181.307,5170.878,5176.014,2867,0
2026-02-24 10:30:00,5176.012,5176.744,5163.212,5172.535,4157,0
2026-02-24 11:00:00,5172.53,5177.197,5170.897,5174.529,2556,0
2026-02-24 11:30:00,5174.805,5178.533,5172.133,5172.835,2735,0
2026-02-24 12:00:00,5172.793,5173.595,5146.642,5161.385,5766,0
2026-02-24 12:30:00,5161.749,5164.506,5144.682,5150.316,5847,0
2026-02-24 13:00:00,5150.483,5161.097,5150.483,5156.133,6969,0
2026-02-24 13:30:00,5156.4,5158.717,5110.63,5115.082,12183,0
2026-02-24 14:00:00,5115.001,5127.544,5093.319,5115.182,14700,0
2026-02-24 14:30:00,5115.108,5139.115,5109.712,5128.311,15374,0
2026-02-24 15:00:00,5128.521,5146.158,5117.962,5138.382,9186,0
2026-02-24 15:30:00,5138.297,5155.306,5134.229,5150.191,6983,0
2026-02-24 16:00:00,5150.171,5152.295,5141.041,5143.642,5553,0
2026-02-24 16:30:00,5143.683,5150.894,5130.537,5141.603,7387,0
2026-02-24 17:00:00,5141.797,5163.53,5141.494,5158.543,4672,0
2026-02-24 17:30:00,5158.736,5163.772,5156.407,5163.772,3520,0
2026-02-24 18:00:00,5163.582,5170.116,5155.532,5158.356,4822,0
2026-02-24 18:30:00,5158.442,5162.963,5153.195,5160.17,4134,0
2026-02-24 19:00:00,5160.122,5160.626,5146.172,5151.337,4987,0
2026-02-24 19:30:00,5151.592,5156.655,5148.878,5154.063,3070,0
2026-02-24 20:00:00,5154.169,5170.089,5146.594,5168.24,3630,0
2026-02-24 20:30:00,5168.428,5173.146,5158.126,5163.892,4436,0
2026-02-24 21:00:00,5163.97,5165.718,5153.547,5155.461,2467,0
2026-02-24 21:30:00,5155.46,5155.963,5140.216,5143.82,2778,0
2026-02-24 23:00:00,5135.424,5138.156,5127.569,5130.702,2886,0
2026-02-24 23:30:00,5130.702,5152.161,5129.117,5146.578,3042,0
2026-02-25 00:00:00,5146.576,5149.635,5136.459,5140.513,3320,0
2026-02-25 00:30:00,5140.591,5156.336,5140.387,5152.214,4864,0
2026-02-25 01:00:00,5152.13,5188.709,5144.07,5185.197,9432,0
2026-02-25 01:30:00,5185.113,5189.947,5174.707,5176.554,4511,0
2026-02-25 02:00:00,5176.86,5193.907,5176.298,5189.623,4277,0
2026-02-25 02:30:00,5189.696,5190.545,5166.434,5180.43,5570,0
2026-02-25 03:00:00,5180.47,5190.082,5179.309,5186.231,4223,0
2026-02-25 03:30:00,5186.267,5188.415,5178.449,5182.161,3493,0
2026-02-25 04:00:00,5182.014,5184.998,5171.775,5182.816,2996,0
2026-02-25 04:30:00,5182.785,5184.915,5179.829,5182.61,2149,0
2026-02-25 05:00:00,5182.685,5196.187,5182.504,5195.334,2987,0
2026-02-25 05:30:00,5195.339,5210.592,5192.401,5201.72,4933,0
2026-02-25 06:00:00,5201.697,5201.697,5182.076,5189.847,5118,0
2026-02-25 06:30:00,5189.771,5194.638,5188.215,5194.493,3103,0
2026-02-25 07:00:00,5194.418,5194.967,5182.051,5189.244,3166,0
2026-02-25 07:30:00,5189.126,5190.434,5180.372,5184.635,2920,0
2026-02-25 08:00:00,5184.74,5194.015,5184.74,5193.25,3313,0
2026-02-25 08:30:00,5193.264,5197.169,5183.826,5185.487,3144,0
2026-02-25 09:00:00,5185.398,5188.237,5176.281,5186.74,4152,0
2026-02-25 09:30:00,5186.747,5194.39,5185.64,5192.912,3040,0
2026-02-25 10:00:00,5193.001,5194.907,5172.11,5175.245,3944,0
2026-02-25 10:30:00,5175.166,5180.904,5169.744,5175.163,3470,0
2026-02-25 11:00:00,5174.799,5175.817,5154.81,5168.48,4942,0
2026-02-25 11:30:00,5168.473,5182.472,5166.637,5181.284,3309,0
2026-02-25 12:00:00,5181.193,5187.369,5178.309,5183.678,3197,0
2026-02-25 12:30:00,5183.602,5186.264,5177.333,5182.873,3286,0
2026-02-25 13:00:00,5182.773,5191.29,5180.929,5187.963,4554,0
2026-02-25 13:30:00,5187.982,5191.245,5181.771,5184.98,4461,0
2026-02-25 14:00:00,5184.741,5191.154,5174.816,5177.577,4929,0
2026-02-25 14:30:00,5177.497,5193.204,5158.59,5190.958,10572,0
2026-02-25 15:00:00,5191.174,5202.514,5173.66,5180.406,7940,0
2026-02-25 15:30:00,5180.307,5198.239,5172.354,5194.94,5690,0
2026-02-25 16:00:00,5194.853,5206.05,5189.512,5202.97,4912,0
2026-02-25 16:30:00,5203.036,5213.87,5198.841,5211.928,4482,0
2026-02-25 17:00:00,5211.832,5217.614,5207.647,5213.018,4192,0
2026-02-25 17:30:00,5213.116,5214.333,5203.416,5206.888,3903,0
2026-02-25 18:00:00,5207.073,5207.645,5206.557,5206.903,1627,0
2026-02-25 18:30:00,5207.146,5207.47,5200.22,5201.845,1763,0
2026-02-25 19:00:00,5202.145,5207.839,5191.339,5202.147,4595,0
2026-02-25 19:30:00,5202.227,5208.262,5199.514,5205.091,7332,0
2026-02-25 20:00:00,5204.868,5206.206,5182.712,5186.153,6205,0
2026-02-25 20:30:00,5186.23,5190.47,5145.78,5151.966,9778,0
2026-02-25 21:00:00,5152.05,5173.232,5150.062,5169.118,6159,0
2026-02-25 21:30:00,5169.196,5173.582,5163.013,5169.177,3603,0
2026-02-25 23:00:00,5165.082,5181.804,5163.498,5169.905,3652,0
2026-02-25 23:30:00,5170.103,5178.638,5161.539,5163.125,4574,0
2026-02-26 00:00:00,5163.219,5186.062,5155.321,5185.145,6870,0
2026-02-26 00:30:00,5185.298,5192.048,5181.115,5188.368,4950,0
2026-02-26 01:00:00,5187.982,5198.089,5178.884,5180.618,9126,0
2026-02-26 01:30:00,5180.542,5194.01,5178.677,5191.599,6250,0
2026-02-26 02:00:00,5191.332,5195.618,5180.591,5180.93,4477,0
2026-02-26 02:30:00,5181.041,5186.289,5173.994,5184.348,5485,0
2026-02-26 03:00:00,5184.123,5193.496,5182.957,5188.367,4152,0
2026-02-26 03:30:00,5188.327,5192.811,5183.999,5192.676,2598,0
2026-02-26 04:00:00,5192.386,5199.325,5191.481,5194.222,2665,0
2026-02-26 04:30:00,5194.252,5195.502,5190.562,5192.716,2260,0
2026-02-26 05:00:00,5192.492,5205.41,5189.694,5200.385,3010,0
2026-02-26 05:30:00,5200.439,5203.251,5191.255,5197.994,3923,0
2026-02-26 06:00:00,5198.069,5199.564,5192.63,5193.681,3300,0
2026-02-26 06:30:00,5193.716,5198.611,5190.208,5192.941,3446,0
2026-02-26 07:00:00,5193.016,5194.459,5181.82,5184.938,3938,0
2026-02-26 07:30:00,5185.074,5189.714,5179.502,5185.826,3275,0
2026-02-26 08:00:00,5186.069,5190.786,5175.241,5176.822,4724,0
2026-02-26 08:30:00,5177.016,5181.886,5167.651,5179.043,5539,0
2026-02-26 09:00:00,5179.208,5182.326,5173.778,5180.883,3735,0
2026-02-26 09:30:00,5180.915,5189.412,5179.151,5186.118,3206,0
2026-02-26 10:00:00,5186.379,5189.901,5178.673,5179.261,2867,0
2026-02-26 10:30:00,5179.185,5179.403,5165.732,5171.379,4346,0
2026-02-26 11:00:00,5171.187,5178.105,5169.237,5171.886,3587,0
2026-02-26 11:30:00,5171.864,5175.183,5161.101,5164.456,3283,0
2026-02-26 12:00:00,5164.689,5180.095,5157.754,5178.5,4703,0
2026-02-26 12:30:00,5178.461,5188.053,5177.505,5183.826,3404,0
2026-02-26 13:00:00,5183.821,5185.612,5168.193,5174.909,6462,0
2026-02-26 13:30:00,5174.525,5177.29,5164.14,5166.39,5313,0
2026-02-26 14:00:00,5166.31,5172.5,5160.08,5170.12,5230,0
2026-02-26 14:30:00,5170.046,5176.099,5139.658,5164.688,18172,0
2026-02-26 15:00:00,5164.575,5172.131,5130.47,5141.439,15670,0
2026-02-26 15:30:00,5141.386,5192.714,5140.43,5185.32,12381,0
2026-02-26 16:00:00,5185.685,5187.113,5172.629,5180.375,7809,0
2026-02-26 16:30:00,5180.318,5186.253,5175.238,5179.668,6480,0
2026-02-26 17:00:00,5179.737,5190.185,5173.419,5174.336,5451,0
2026-02-26 17:30:00,5174.412,5177.656,5161.76,5167.151,6385,0
2026-02-26 18:00:00,5167.142,5178.104,5163.504,5177.114,5619,0
2026-02-26 18:30:00,5177.037,5185.765,5160.52,5180.348,6335,0
2026-02-26 19:00:00,5180.461,5188.988,5179.557,5185.39,3837,0
2026-02-26 19:30:00,5185.465,5193.965,5183.207,5187.105,3763,0
2026-02-26 20:00:00,5187.023,5197.931,5186.819,5193.794,3482,0
2026-02-26 20:30:00,5193.639,5200.86,5189.347,5196.183,4005,0
2026-02-26 21:00:00,5196.494,5200.483,5184.849,5185.927,2850,0
2026-02-26 21:30:00,5186.021,5191.498,5182.884,5184.92,2111,0
2026-02-26 23:00:00,5187.994,5188.217,5175.472,5183.662,2835,0
2026-02-26 23:30:00,5183.777,5189.094,5181.524,5184.462,2457,0
2026-02-27 00:00:00,5184.431,5194.904,5178.898,5188.074,3770,0
2026-02-27 00:30:00,5188.149,5189.792,5169.971,5174.668,4934,0
2026-02-27 01:00:00,5174.763,5179.867,5166.688,5174.827,6476,0
2026-02-27 01:30:00,5174.534,5194.455,5172.755,5193.83,4849,0
2026-02-27 02:00:00,5193.906,5199.716,5183.683,5184.213,4629,0
2026-02-27 02:30:00,5184.215,5186.196,5173.377,5183.392,5463,0
2026-02-27 03:00:00,5183.44,5188.117,5180.966,5186.559,3639,0
2026-02-27 03:30:00,5186.644,5190.35,5183.383,5184.068,2844,0
2026-02-27 04:00:00,5183.971,5188.8,5181.767,5187.034,2238,0
2026-02-27 04:30:00,5186.875,5188.546,5180.643,5181.703,2116,0
2026-02-27 05:00:00,5181.675,5194.563,5181.217,5194.503,2358,0
2026-02-27 05:30:00,5194.429,5200.615,5190.236,5197.744,4029,0
2026-02-27 06:00:00,5197.674,5199.061,5192.337,5193.433,3691,0
2026-02-27 06:30:00,5193.426,5196.37,5185.023,5185.706,3971,0
2026-02-27 07:00:00,5185.628,5189.732,5177.216,5178.693,4661,0
2026-02-27 07:30:00,5178.741,5182.742,5175.545,5176.053,3444,0
2026-02-27 08:00:00,5176.114,5182.088,5174.272,5177.701,3587,0
2026-02-27 08:30:00,5177.623,5182.087,5176.574,5178.807,2903,0
2026-02-27 09:00:00,5178.87,5182.123,5174.99,5179.07,2931,0
2026-02-27 09:30:00,5179.01,5182.571,5172.222,5175.758,3348,0
2026-02-27 10:00:00,5175.833,5180.721,5168.53,5173.511,3547,0
2026-02-27 10:30:00,5173.419,5178.686,5168.917,5177.663,3041,0
2026-02-27 11:00:00,5177.338,5178.541,5172.656,5177.494,2494,0
2026-02-27 11:30:00,5177.75,5185.375,5176.527,5185.375,2444,0
2026-02-27 12:00:00,5185.45,5190.553,5185.0,5186.516,3460,0
2026-02-27 12:30:00,5186.891,5188.717,5182.884,5187.499,3276,0
2026-02-27 13:00:00,5187.711,5240.516,5186.819,5234.849,10158,0
2026-02-27 13:30:00,5234.832,5235.702,5207.571,5223.198,10597,0
2026-02-27 14:00:00,5223.124,5236.092,5217.189,5231.448,7109,0
2026-02-27 14:30:00,5231.352,5233.95,5213.709,5223.762,13306,0
2026-02-27 15:00:00,5223.838,5240.062,5214.693,5231.254,10534,0
2026-02-27 15:30:00,5231.178,5246.401,5226.946,5239.359,7450,0
2026-02-27 16:00:00,5239.439,5257.624,5221.887,5234.34,10083,0
2026-02-27 16:30:00,5234.082,5238.442,5228.636,5229.106,8062,0
2026-02-27 17:00:00,5229.185,5235.798,5223.582,5228.873,6418,0
2026-02-27 17:30:00,5228.773,5236.913,5220.583,5234.421,6610,0
2026-02-27 18:00:00,5234.512,5238.294,5222.637,5230.256,5614,0
2026-02-27 18:30:00,5230.342,5246.932,5226.686,5245.069,4988,0
2026-02-27 19:00:00,5245.054,5252.228,5240.189,5247.734,4199,0
2026-02-27 19:30:00,5247.807,5251.295,5243.743,5250.08,3774,0
2026-02-27 20:00:00,5250.155,5262.223,5248.624,5256.843,3620,0
2026-02-27 20:30:00,5256.865,5265.515,5254.378,5263.353,4848,0
2026-02-27 21:00:00,5263.172,5263.909,5257.13,5262.312,2644,0
2026-02-27 21:30:00,5262.065,5281.253,5260.495,5279.022,4144,0
2026-03-01 23:00:00,5319.272,5358.704,5314.681,5355.495,7392,0
2026-03-01 23:30:00,5355.567,5393.371,5353.651,5386.916,8761,0
2026-03-02 00:00:00,5386.641,5388.044,5349.007,5364.553,13634,0
2026-03-02 00:30:00,5364.5,5373.316,5340.658,5347.2,9490,0
2026-03-02 01:00:00,5347.392,5347.392,5303.109,5307.831,23170,0
2026-03-02 01:30:00,5307.728,5338.917,5305.439,5324.969,14505,0
2026-03-02 02:00:00,5324.89,5336.257,5316.853,5331.263,8861,0
2026-03-02 02:30:00,5331.168,5351.905,5328.687,5346.134,7391,0
2026-03-02 03:00:00,5346.502,5359.428,5344.537,5355.702,5940,0
2026-03-02 03:30:00,5355.731,5366.738,5353.827,5366.285,4163,0
2026-03-02 04:00:00,5366.311,5367.036,5355.602,5363.146,4157,0
2026-03-02 04:30:00,5363.459,5364.248,5345.222,5356.029,4554,0
2026-03-02 05:00:00,5356.082,5356.082,5340.487,5350.593,4646,0
2026-03-02 05:30:00,5350.675,5366.325,5348.689,5365.943,5204,0
2026-03-02 06:00:00,5365.865,5381.95,5363.576,5380.618,5253,0
2026-03-02 06:30:00,5380.405,5389.734,5374.163,5387.582,6247,0
2026-03-02 07:00:00,5387.693,5419.03,5384.796,5408.473,8115,0
2026-03-02 07:30:00,5408.161,5414.129,5401.836,5407.874,6650,0
2026-03-02 08:00:00,5407.709,5415.987,5402.332,5415.308,7459,0
2026-03-02 08:30:00,5415.311,5416.418,5391.071,5393.835,6079,0
2026-03-02 09:00:00,5394.048,5400.052,5385.708,5394.428,6207,0
2026-03-02 09:30:00,5394.394,5402.721,5387.048,5391.806,4788,0
2026-03-02 10:00:00,5392.209,5394.253,5378.983,5389.745,5761,0
2026-03-02 10:30:00,5389.742,5400.845,5381.595,5389.038,5557,0
2026-03-02 11:00:00,5389.116,5397.045,5382.045,5390.466,4413,0
2026-03-02 11:30:00,5390.383,5399.732,5375.016,5385.113,5730,0
2026-03-02 12:00:00,5385.263,5398.064,5378.88,5393.709,5657,0
2026-03-02 12:30:00,5393.875,5398.674,5385.348,5396.809,4627,0
2026-03-02 13:00:00,5396.873,5410.073,5381.887,5401.693,12042,0
2026-03-02 13:30:00,5401.77,5416.358,5389.063,5394.026,9828,0
2026-03-02 14:00:00,5393.942,5395.221,5306.895,5333.22,21794,0
2026-03-02 14:30:00,5333.14,5355.725,5306.32,5333.62,29402,0
2026-03-02 15:00:00,5333.062,5346.705,5310.723,5331.091,20329,0
2026-03-02 15:30:00,5330.71,5348.799,5308.129,5316.053,14042,0
2026-03-02 16:00:00,5315.968,5315.968,5260.224,5309.669,26743,0
2026-03-02 16:30:00,5309.905,5311.768,5282.217,5290.232,16084,0
2026-03-02 17:00:00,5290.325,5312.116,5286.686,5304.546,12003,0
2026-03-02 17:30:00,5304.628,5320.759,5297.911,5306.476,8351,0
2026-03-02 18:00:00,5306.627,5308.122,5289.375,5297.729,8047,0
2026-03-02 18:30:00,5297.523,5316.575,5290.996,5315.279,5311,0
2026-03-02 19:00:00,5315.294,5333.019,5313.739,5330.603,5675,0
2026-03-02 19:30:00,5330.658,5333.981,5322.92,5330.516,4165,0
2026-03-02 20:00:00,5330.605,5346.119,5328.302,5333.586,10032,0
2026-03-02 20:30:00,5333.67,5344.712,5331.005,5332.491,7645,0
2026-03-02 21:00:00,5332.486,5340.356,5330.974,5332.423,3857,0
2026-03-02 21:30:00,5332.423,5332.602,5321.62,5322.103,3355,0
2026-03-02 23:00:00,5332.799,5346.94,5329.212,5336.588,3015,0
2026-03-02 23:30:00,5336.725,5346.449,5330.222,5345.688,2476,0
2026-03-03 00:00:00,5345.693,5359.016,5337.019,5357.702,4218,0
2026-03-03 00:30:00,5358.09,5361.997,5346.158,5350.306,4690,0
2026-03-03 01:00:00,5350.363,5379.802,5346.719,5377.182,7539,0
2026-03-03 01:30:00,5377.094,5378.312,5337.752,5339.027,11095,0
2026-03-03 02:00:00,5339.218,5359.405,5332.635,5358.685,9683,0
2026-03-03 02:30:00,5358.868,5368.145,5355.349,5367.011,6457,0
2026-03-03 03:00:00,5367.115,5373.47,5363.776,5367.307,4818,0
2026-03-03 03:30:00,5367.051,5370.61,5358.809,5367.133,3338,0
2026-03-03 04:00:00,5367.244,5375.551,5359.274,5371.935,3641,0
2026-03-03 04:30:00,5372.055,5375.369,5360.791,5361.165,4103,0
2026-03-03 05:00:00,5361.082,5366.926,5352.92,5358.737,5046,0
2026-03-03 05:30:00,5358.359,5359.371,5304.905,5318.883,12909,0
2026-03-03 06:00:00,5318.982,5322.993,5279.076,5316.486,13485,0
2026-03-03 06:30:00,5316.405,5319.185,5290.849,5310.378,10021,0
2026-03-03 07:00:00,5310.43,5320.216,5305.873,5313.476,6363,0
2026-03-03 07:30:00,5313.568,5331.011,5313.568,5327.461,5771,0
2026-03-03 08:00:00,5327.358,5335.669,5310.583,5312.233,6536,0
2026-03-03 08:30:00,5312.335,5313.407,5290.025,5295.592,8009,0
2026-03-03 09:00:00,5295.479,5303.581,5225.943,5242.253,15432,0
2026-03-03 09:30:00,5242.339,5280.884,5240.527,5274.747,14322,0
2026-03-03 10:00:00,5274.665,5288.083,5265.717,5276.604,7414,0
2026-03-03 10:30:00,5276.825,5276.825,5237.926,5248.377,14951,0
2026-03-03 11:00:00,5248.186,5263.873,5112.982,5126.77,36046,0
2026-03-03 11:30:00,5126.489,5157.51,5072.9,5144.538,38984,0
2026-03-03 12:00:00,5144.628,5208.515,5138.053,5204.206,20932,0
2026-03-03 12:30:00,5204.115,5226.551,5188.543,5224.34,13947,0
2026-03-03 13:00:00,5224.452,5224.452,5146.145,5178.039,31980,0
2026-03-03 13:30:00,5177.653,5186.166,5127.152,5156.412,18845,0
2026-03-03 14:00:00,5156.315,5175.512,5124.955,5145.738,19291,0
2026-03-03 14:30:00,5145.674,5145.674,5015.763,5038.14,56622,0
2026-03-03 15:00:00,5038.231,5070.268,4995.96,5043.781,44334,0
2026-03-03 15:30:00,5043.683,5096.869,5037.188,5095.336,26918,0
2026-03-03 16:00:00,5095.25,5126.043,5090.315,5112.602,21914,0
2026-03-03 16:30:00,5112.778,5134.761,5098.044,5106.513,21819,0
2026-03-03 17:00:00,5106.899,5109.594,5080.866,5083.514,18134,0
2026-03-03 17:30:00,5083.38,5086.132,5065.087,5078.903,15851,0
2026-03-03 18:00:00,5078.827,5117.337,5078.717,5112.345,14093,0
2026-03-03 18:30:00,5112.266,5138.314,5107.198,5136.081,11974,0
2026-03-03 19:00:00,5135.993,5149.115,5101.947,5106.822,11656,0
2026-03-03 19:30:00,5106.733,5128.454,5099.039,5113.095,13596,0
2026-03-03 20:00:00,5113.248,5130.413,5111.996,5123.194,11057,0
2026-03-03 20:30:00,5123.116,5126.322,5085.987,5097.119,12235,0
2026-03-03 21:00:00,5097.2,5110.172,5088.903,5089.477,10157,0
2026-03-03 21:30:00,5089.554,5096.232,5083.111,5090.294,4386,0
2026-03-03 23:00:00,5110.94,5128.04,5084.751,5126.356,5781,0
2026-03-03 23:30:00,5126.49,5129.684,5116.444,5125.056,3801,0
2026-03-04 00:00:00,5125.116,5128.764,5105.702,5125.028,7618,0
2026-03-04 00:30:00,5125.02,5140.293,5122.401,5138.29,6119,0
2026-03-04 01:00:00,5138.368,5164.359,5138.277,5147.109,13881,0
2026-03-04 01:30:00,5146.929,5178.567,5142.301,5174.636,12948,0
2026-03-04 02:00:00,5174.556,5190.92,5168.308,5177.733,8284,0
2026-03-04 02:30:00,5177.859,5180.829,5153.747,5155.939,9346,0
2026-03-04 03:00:00,5156.317,5168.023,5140.828,5162.407,8165,0
2026-03-04 03:30:00,5162.35,5177.279,5153.672,5174.518,7275,0
2026-03-04 04:00:00,5174.41,5180.726,5162.984,5167.786,5021,0
2026-03-04 04:30:00,5167.94,5170.726,5152.011,5156.75,5972,0
2026-03-04 05:00:00,5156.837,5166.255,5152.179,5156.69,6019,0
2026-03-04 05:30:00,5156.549,5168.034,5153.905,5159.679,7594,0
2026-03-04 06:00:00,5159.903,5159.903,5121.344,5134.122,10541,0
2026-03-04 06:30:00,5134.328,5160.794,5132.74,5160.541,7571,0
2026-03-04 07:00:00,5160.363,5176.051,5158.324,5167.532,7191,0
2026-03-04 07:30:00,5167.444,5175.884,5163.544,5168.182,4201,0
2026-03-04 08:00:00,5168.275,5172.124,5147.193,5162.831,7962,0
2026-03-04 08:30:00,5162.953,5182.155,5161.546,5167.386,5962,0
2026-03-04 09:00:00,5167.447,5178.284,5159.317,5170.889,6675,0
2026-03-04 09:30:00,5170.802,5185.063,5168.9,5182.28,4949,0
2026-03-04 10:00:00,5182.349,5202.313,5182.185,5188.216,7940,0
2026-03-04 10:30:00,5188.301,5193.568,5179.323,5189.894,5505,0
2026-03-04 11:00:00,5189.817,5197.565,5187.642,5194.697,3934,0
2026-03-04 11:30:00,5194.86,5200.739,5187.356,5192.107,4226,0
2026-03-04 12:00:00,5191.969,5205.974,5174.07,5178.091,7458,0
2026-03-04 12:30:00,5178.285,5178.536,5156.206,5171.056,10174,0
2026-03-04 13:00:00,5171.093,5196.111,5170.842,5192.342,8890,0
2026-03-04 13:30:00,5192.164,5192.809,5167.574,5167.888,8859,0
2026-03-04 14:00:00,5167.997,5180.55,5159.777,5165.923,10615,0
2026-03-04 14:30:00,5166.112,5184.967,5138.56,5146.896,26041,0
2026-03-04 15:00:00,5147.114,5162.517,5130.921,5156.354,22993,0
2026-03-04 15:30:00,5156.244,5167.065,5133.041,5151.399,12305,0
2026-03-04 16:00:00,5151.515,5162.464,5138.132,5145.886,11307,0
2026-03-04 16:30:00,5146.115,5158.956,5142.63,5149.745,8835,0
2026-03-04 17:00:00,5149.568,5152.967,5120.061,5133.636,8447,0
2026-03-04 17:30:00,5133.766,5147.42,5128.311,5140.891,7814,0
2026-03-04 18:00:00,5140.917,5143.362,5110.94,5123.971,10128,0
2026-03-04 18:30:00,5123.88,5134.791,5108.62,5133.829,6042,0
2026-03-04 19:00:00,5134.056,5136.628,5124.408,5124.804,4205,0
2026-03-04 19:30:00,5124.766,5139.433,5123.36,5137.805,6105,0
2026-03-04 20:00:00,5137.73,5138.599,5123.696,5137.121,29991,0
2026-03-04 20:30:00,5137.19,5146.858,5132.709,5134.838,5504,0
2026-03-04 21:00:00,5134.689,5143.888,5133.83,5140.99,3020,0
2026-03-04 21:30:00,5141.1,5142.173,5129.428,5139.198,2426,0
2026-03-04 23:00:00,5149.234,5156.323,5144.933,5154.222,2441,0
2026-03-04 23:30:00,5154.525,5165.859,5148.805,5164.962,2478,0
2026-03-05 00:00:00,5164.887,5179.698,5159.516,5173.516,3460,0
2026-03-05 00:30:00,5173.44,5177.112,5166.086,5172.334,3396,0
2026-03-05 01:00:00,5172.317,5186.591,5169.785,5177.325,6642,0
2026-03-05 01:30:00,5177.7,5179.973,5167.128,5172.705,8127,0
2026-03-05 02:00:00,5172.325,5188.117,5171.643,5183.856,5381,0
2026-03-05 02:30:00,5183.964,5192.414,5174.391,5192.121,5144,0
2026-03-05 03:00:00,5191.923,5194.986,5183.981,5185.108,3699,0
2026-03-05 03:30:00,5185.183,5191.074,5178.329,5180.292,3115,0
2026-03-05 04:00:00,5180.168,5186.736,5174.89,5178.196,2827,0
2026-03-05 04:30:00,5178.574,5180.016,5166.066,5171.593,2926,0
2026-03-05 05:00:00,5171.649,5176.738,5168.835,5172.351,2874,0
2026-03-05 05:30:00,5172.57,5174.114,5148.227,5148.65,5264,0
2026-03-05 06:00:00,5148.729,5154.987,5120.597,5142.866,10350,0
2026-03-05 06:30:00,5142.799,5168.583,5140.055,5167.416,5829,0
2026-03-05 07:00:00,5167.324,5172.734,5159.891,5166.26,4992,0
2026-03-05 07:30:00,5166.035,5166.973,5158.71,5162.056,5322,0
2026-03-05 08:00:00,5162.122,5162.393,5137.536,5144.187,6941,0
2026-03-05 08:30:00,5144.108,5170.187,5143.476,5165.589,4716,0
2026-03-05 09:00:00,5165.393,5180.373,5161.169,5169.566,7998,0
2026-03-05 09:30:00,5169.496,5169.686,5153.235,5160.844,5166,0
2026-03-05 10:00:00,5161.037,5161.037,5146.131,5156.208,4095,0
2026-03-05 10:30:00,5156.204,5167.402,5147.488,5164.459,4137,0
2026-03-05 11:00:00,5164.573,5167.876,5160.907,5162.85,3421,0
2026-03-05 11:30:00,5162.861,5164.968,5156.79,5163.469,3040,0
2026-03-05 12:00:00,5163.48,5171.576,5161.895,5162.026,3696,0
2026-03-05 12:30:00,5161.962,5167.579,5160.736,5162.641,3260,0
2026-03-05 13:00:00,5162.723,5163.957,5081.391,5121.359,19474,0
2026-03-05 13:30:00,5121.358,5137.964,5109.556,5117.944,10125,0
2026-03-05 14:00:00,5117.865,5129.728,5102.683,5120.358,10949,0
2026-03-05 14:30:00,5119.98,5123.756,5090.611,5102.165,22330,0
2026-03-05 15:00:00,5102.121,5119.872,5059.812,5086.166,24788,0
2026-03-05 15:30:00,5086.348,5103.041,5077.582,5102.457,14333,0
2026-03-05 16:00:00,5102.438,5104.367,5059.935,5063.739,12441,0
2026-03-05 16:30:00,5063.906,5081.214,5053.922,5077.536,12473,0
2026-03-05 17:00:00,5077.628,5089.357,5073.945,5074.813,9356,0
2026-03-05 17:30:00,5075.086,5077.381,5054.827,5062.961,13169,0
2026-03-05 18:00:00,5062.754,5075.908,5050.681,5071.194,11828,0
2026-03-05 18:30:00,5071.058,5085.445,5067.267,5069.46,7330,0
2026-03-05 19:00:00,5069.237,5081.293,5062.227,5066.857,7698,0
2026-03-05 19:30:00,5067.022,5070.65,5055.605,5065.818,8631,0
2026-03-05 20:00:00,5065.647,5094.508,5061.614,5080.722,10254,0
2026-03-05 20:30:00,5080.797,5082.59,5072.65,5076.664,8965,0
2026-03-05 21:00:00,5076.553,5083.971,5072.01,5080.468,3159,0
2026-03-05 21:30:00,5080.476,5085.131,5072.765,5083.291,2462,0
2026-03-05 23:00:00,5090.507,5096.67,5081.935,5091.183,2268,0
2026-03-05 23:30:00,5091.018,5101.747,5084.709,5086.266,3067,0
2026-03-06 00:00:00,5086.068,5092.363,5074.077,5090.489,4578,0
2026-03-06 00:30:00,5090.348,5092.029,5075.232,5084.504,4137,0
2026-03-06 01:00:00,5084.249,5088.878,5066.057,5085.712,8509,0
2026-03-06 01:30:00,5085.752,5143.888,5085.347,5134.811,9113,0
2026-03-06 02:00:00,5134.734,5138.353,5125.522,5128.757,5583,0
2026-03-06 02:30:00,5128.712,5131.96,5121.993,5126.29,4144,0
2026-03-06 03:00:00,5126.148,5141.348,5124.45,5136.619,3893,0
2026-03-06 03:30:00,5136.661,5137.885,5128.906,5130.904,2600,0
2026-03-06 04:00:00,5131.144,5136.121,5127.491,5129.676,2203,0
2026-03-06 04:30:00,5129.604,5135.606,5126.232,5127.668,2285,0
2026-03-06 05:00:00,5127.578,5129.877,5122.791,5129.457,2815,0
2026-03-06 05:30:00,5129.787,5129.85,5114.219,5117.334,4850,0
2026-03-06 06:00:00,5117.109,5122.87,5109.208,5120.156,3897,0
2026-03-06 06:30:00,5120.155,5122.799,5115.073,5115.588,3233,0
2026-03-06 07:00:00,5115.544,5119.594,5105.647,5114.608,3827,0
2026-03-06 07:30:00,5114.538,5120.629,5107.685,5119.458,3582,0
2026-03-06 08:00:00,5119.525,5123.189,5099.401,5100.636,4598,0
2026-03-06 08:30:00,5100.595,5113.439,5096.098,5108.428,3468,0
2026-03-06 09:00:00,5108.45,5109.402,5091.848,5098.859,4313,0
2026-03-06 09:30:00,5098.779,5103.746,5083.354,5085.507,5196,0
2026-03-06 10:00:00,5085.754,5092.911,5075.521,5087.495,5071,0
2026-03-06 10:30:00,5087.411,5092.699,5080.95,5090.917,4279,0
2026-03-06 11:00:00,5091.013,5098.051,5080.146,5094.626,4630,0
2026-03-06 11:30:00,5094.503,5099.529,5062.475,5076.717,5878,0
2026-03-06 12:00:00,5076.824,5096.304,5075.911,5088.308,5569,0
2026-03-06 12:30:00,5088.222,5096.643,5081.399,5083.242,4491,0
2026-03-06 13:00:00,5083.161,5088.702,5065.319,5083.5,10480,0
2026-03-06 13:30:00,5083.01,5130.578,5073.629,5084.852,22268,0
2026-03-06 14:00:00,5084.761,5109.26,5080.831,5104.523,11172,0
2026-03-06 14:30:00,5104.299,5131.836,5084.232,5129.953,25057,0
2026-03-06 15:00:00,5130.029,5171.645,5127.761,5161.588,21421,0
2026-03-06 15:30:00,5161.49,5166.545,5134.343,5141.881,14013,0
2026-03-06 16:00:00,5141.817,5153.041,5135.805,5142.255,9825,0
2026-03-06 16:30:00,5142.125,5148.159,5125.862,5139.932,9418,0
2026-03-06 17:00:00,5139.938,5145.236,5128.78,5141.971,8672,0
2026-03-06 17:30:00,5141.849,5152.391,5132.592,5140.487,6130,0
2026-03-06 18:00:00,5140.545,5150.83,5138.672,5150.321,6295,0
2026-03-06 18:30:00,5150.223,5167.776,5148.847,5160.976,4860,0
2026-03-06 19:00:00,5161.16,5174.626,5160.431,5165.228,4935,0
2026-03-06 19:30:00,5165.158,5167.677,5156.498,5159.805,4531,0
2026-03-06 20:00:00,5159.882,5162.447,5152.595,5153.859,4691,0
2026-03-06 20:30:00,5153.941,5161.239,5149.496,5153.513,5868,0
2026-03-06 21:00:00,5153.435,5170.369,5150.982,5168.302,3306,0
2026-03-06 21:30:00,5168.307,5176.565,5166.316,5174.067,2534,0
2026-03-08 22:00:00,5178.794,5180.193,5122.011,5155.511,11404,0
2026-03-08 22:30:00,5155.468,5164.336,5103.559,5130.154,10081,0
2026-03-08 23:00:00,5130.045,5135.528,5093.416,5104.443,7760,0
2026-03-08 23:30:00,5104.335,5105.128,5044.202,5075.442,11476,0
2026-03-09 00:00:00,5075.974,5080.48,5028.284,5045.803,15715,0
2026-03-09 00:30:00,5045.695,5060.108,5033.728,5049.895,11732,0
2026-03-09 01:00:00,5049.76,5087.683,5014.438,5071.945,25658,0
2026-03-09 01:30:00,5071.855,5086.113,5064.852,5070.175,11122,0
2026-03-09 02:00:00,5070.287,5095.298,5055.539,5077.573,10344,0
2026-03-09 02:30:00,5077.496,5099.253,5076.144,5094.858,9603,0
2026-03-09 03:00:00,5094.706,5102.437,5084.146,5084.146,6868,0
2026-03-09 03:30:00,5084.253,5093.963,5081.643,5091.221,4906,0
2026-03-09 04:00:00,5091.088,5097.305,5086.794,5089.097,3673,0
2026-03-09 04:30:00,5089.178,5093.063,5085.185,5089.959,3485,0
2026-03-09 05:00:00,5090.196,5103.95,5080.803,5095.333,6894,0
2026-03-09 05:30:00,5095.006,5140.456,5092.1,5124.366,10592,0
2026-03-09 06:00:00,5124.291,5133.806,5118.944,5126.183,8451,0
2026-03-09 06:30:00,5126.609,5129.509,5096.972,5097.688,7482,0
2026-03-09 07:00:00,5097.822,5106.836,5088.424,5106.362,6673,0
2026-03-09 07:30:00,5106.432,5107.507,5093.522,5098.944,5821,0
2026-03-09 08:00:00,5098.872,5110.683,5090.566,5091.6,7156,0
2026-03-09 08:30:00,5091.509,5102.329,5086.938,5096.606,6373,0
2026-03-09 09:00:00,5096.585,5126.649,5094.821,5125.235,6150,0
2026-03-09 09:30:00,5125.085,5132.503,5096.221,5104.995,7562,0
2026-03-09 10:00:00,5105.07,5111.017,5098.088,5099.738,4668,0
2026-03-09 10:30:00,5099.634,5099.941,5083.664,5087.263,6876,0
2026-03-09 11:00:00,5087.361,5097.199,5079.336,5085.47,5914,0
2026-03-09 11:30:00,5085.544,5094.479,5082.209,5088.049,4783,0
2026-03-09 12:00:00,5087.997,5109.991,5087.997,5109.237,4993,0
2026-03-09 12:30:00,5109.403,5111.891,5093.161,5094.974,4566,0
2026-03-09 13:00:00,5095.058,5099.023,5084.312,5094.866,7592,0
2026-03-09 13:30:00,5094.792,5111.237,5067.223,5074.123,17425,0
2026-03-09 14:00:00,5074.041,5088.159,5060.618,5081.632,17354,0
2026-03-09 14:30:00,5081.368,5116.136,5079.861,5093.893,11256,0
2026-03-09 15:00:00,5093.857,5100.118,5079.569,5099.666,9633,0
2026-03-09 15:30:00,5099.431,5103.314,5092.936,5099.469,5883,0
2026-03-09 16:00:00,5099.619,5109.395,5094.474,5103.697,5362,0
2026-03-09 16:30:00,5103.882,5110.471,5102.7,5104.617,4532,0
2026-03-09 17:00:00,5104.384,5106.757,5091.014,5095.158,4906,0
2026-03-09 17:30:00,5095.236,5099.449,5088.924,5096.069,4496,0
2026-03-09 18:00:00,5096.142,5106.89,5092.494,5105.226,3661,0
2026-03-09 18:30:00,5105.017,5126.389,5104.198,5122.996,4331,0
2026-03-09 19:00:00,5123.145,5143.777,5118.435,5139.533,7129,0
2026-03-09 19:30:00,5139.616,5143.981,5125.04,5141.033,9075,0
2026-03-09 20:00:00,5141.112,5147.962,5134.179,5139.1,3754,0
2026-03-09 20:30:00,5139.02,5140.677,5134.035,5137.448,3037,0
2026-03-09 22:00:00,5148.262,5149.73,5117.827,5132.084,4280,0
2026-03-09 22:30:00,5132.161,5152.853,5128.465,5152.845,3822,0
2026-03-09 23:00:00,5152.902,5155.948,5138.782,5144.55,3745,0
2026-03-09 23:30:00,5144.839,5149.034,5135.795,5139.445,3099,0
2026-03-10 00:00:00,5139.609,5141.402,5128.924,5130.617,4744,0
2026-03-10 00:30:00,5130.542,5138.889,5124.549,5130.766,4995,0
2026-03-10 01:00:00,5130.799,5167.657,5124.661,5157.83,10233,0
2026-03-10 01:30:00,5157.926,5186.065,5152.972,5184.015,7680,0
2026-03-10 02:00:00,5184.093,5187.112,5170.677,5179.672,5140,0
2026-03-10 02:30:00,5179.595,5185.765,5163.92,5166.016,5178,0
2026-03-10 03:00:00,5166.053,5173.304,5161.842,5166.42,4437,0
2026-03-10 03:30:00,5166.743,5167.849,5155.518,5157.679,3322,0
2026-03-10 04:00:00,5157.473,5166.273,5154.498,5162.447,3264,0
2026-03-10 04:30:00,5162.517,5165.542,5161.247,5163.713,2065,0
2026-03-10 05:00:00,5163.535,5174.068,5163.535,5171.406,2792,0
2026-03-10 05:30:00,5171.506,5179.042,5166.984,5177.775,3463,0
2026-03-10 06:00:00,5178.106,5180.827,5171.925,5175.924,3318,0
2026-03-10 06:30:00,5176.002,5178.92,5173.245,5174.941,3276,0
2026-03-10 07:00:00,5175.03,5178.911,5158.545,5169.116,4478,0
2026-03-10 07:30:00,5169.164,5181.302,5165.537,5180.77,3788,0
2026-03-10 08:00:00,5180.861,5185.081,5174.755,5183.735,4601,0
2026-03-10 08:30:00,5183.698,5195.112,5182.674,5183.465,4579,0
2026-03-10 09:00:00,5183.545,5189.207,5180.426,5186.728,3445,0
2026-03-10 09:30:00,5186.817,5188.888,5181.781,5182.315,2967,0
2026-03-10 10:00:00,5182.539,5184.056,5172.762,5173.762,3889,0
2026-03-10 10:30:00,5173.841,5177.835,5156.64,5177.002,5402,0
2026-03-10 11:00:00,5177.077,5191.793,5176.352,5182.69,5369,0
2026-03-10 11:30:00,5183.05,5184.952,5171.649,5174.907,4481,0
2026-03-10 12:00:00,5175.084,5180.437,5162.55,5179.387,5684,0
2026-03-10 12:30:00,5179.798,5189.291,5178.172,5186.734,4227,0
2026-03-10 13:00:00,5186.785,5228.721,5185.939,5221.447,8468,0
2026-03-10 13:30:00,5221.431,5222.264,5196.358,5205.581,12177,0
2026-03-10 14:00:00,5205.621,5214.188,5185.186,5208.914,9395,0
2026-03-10 14:30:00,5208.789,5213.359,5202.777,5206.657,6085,0
2026-03-10 15:00:00,5206.715,5228.461,5203.05,5225.45,5613,0
2026-03-10 15:30:00,5225.545,5238.432,5224.974,5228.678,5577,0
2026-03-10 16:00:00,5228.763,5235.576,5222.721,5232.066,4105,0
2026-03-10 16:30:00,5232.15,5234.358,5225.761,5227.49,3760,0
2026-03-10 17:00:00,5227.412,5235.166,5223.562,5233.073,5228,0
2026-03-10 17:30:00,5233.05,5234.657,5226.227,5227.755,4499,0
2026-03-10 18:00:00,5227.817,5228.163,5160.212,5202.761,16666,0
2026-03-10 18:30:00,5202.844,5207.907,5189.675,5191.783,9441,0
2026-03-10 19:00:00,5191.861,5207.66,5184.221,5200.975,5786,0
2026-03-10 19:30:00,5200.89,5200.977,5179.563,5198.804,8707,0
2026-03-10 20:00:00,5198.657,5199.162,5191.658,5195.077,2742,0
2026-03-10 20:30:00,5195.084,5199.129,5192.72,5192.72,2058,0
2026-03-10 22:00:00,5191.403,5198.074,5182.833,5190.685,4443,0
2026-03-10 22:30:00,5190.76,5195.33,5185.706,5189.287,3088,0
2026-03-10 23:00:00,5189.254,5197.167,5187.567,5193.713,2374,0
2026-03-10 23:30:00,5193.721,5197.285,5187.953,5196.851,2030,0
2026-03-11 00:00:00,5196.925,5215.564,5186.676,5212.486,4623,0
2026-03-11 00:30:00,5212.525,5219.351,5206.113,5215.236,3451,0
2026-03-11 01:00:00,5215.459,5223.041,5210.562,5214.829,5884,0
2026-03-11 01:30:00,5214.845,5219.701,5208.328,5208.605,4083,0
2026-03-11 02:00:00,5208.69,5209.716,5193.948,5204.316,4994,0
2026-03-11 02:30:00,5204.23,5220.553,5202.101,5217.112,3668,0
2026-03-11 03:00:00,5217.028,5220.366,5204.305,5204.767,3159,0
2026-03-11 03:30:00,5204.77,5209.374,5199.3,5203.349,2635,0
2026-03-11 04:00:00,5203.055,5208.643,5199.349,5207.281,2272,0
2026-03-11 04:30:00,5207.214,5208.131,5201.708,5204.494,2072,0
2026-03-11 05:00:00,5204.379,5208.014,5200.026,5200.478,2427,0
2026-03-11 05:30:00,5200.582,5204.703,5190.293,5199.756,4526,0
2026-03-11 06:00:00,5199.345,5210.765,5196.327,5206.36,3428,0
2026-03-11 06:30:00,5206.393,5206.769,5191.49,5197.793,3572,0
2026-03-11 07:00:00,5197.628,5202.105,5195.398,5197.648,3576,0
2026-03-11 07:30:00,5197.726,5198.408,5184.365,5195.507,4692,0
2026-03-11 08:00:00,5195.324,5198.412,5181.021,5184.971,4134,0
2026-03-11 08:30:00,5184.996,5188.717,5175.082,5187.672,4468,0
2026-03-11 09:00:00,5187.595,5190.488,5179.575,5187.547,3824,0
2026-03-11 09:30:00,5187.292,5196.989,5186.529,5187.731,3476,0
2026-03-11 10:00:00,5187.808,5195.213,5186.484,5191.545,3042,0
2026-03-11 10:30:00,5191.624,5191.717,5177.235,5185.823,4144,0
2026-03-11 11:00:00,5185.902,5193.45,5179.742,5181.133,3500,0
2026-03-11 11:30:00,5181.008,5190.614,5175.135,5180.983,4867,0
2026-03-11 12:00:00,5181.124,5195.228,5177.59,5191.151,5406,0
2026-03-11 12:30:00,5191.084,5196.467,5166.576,5167.592,8848,0
2026-03-11 13:00:00,5167.215,5182.837,5162.005,5181.157,8041,0
2026-03-11 13:30:00,5181.243,5181.448,5149.167,5176.652,10677,0
2026-03-11 14:00:00,5176.575,5195.396,5174.724,5194.004,10474,0
2026-03-11 14:30:00,5194.084,5196.414,5174.206,5183.249,6858,0
2026-03-11 15:00:00,5183.331,5185.574,5168.411,5172.502,7451,0
2026-03-11 15:30:00,5172.659,5175.129,5163.772,5166.023,5824,0
2026-03-11 16:00:00,5166.247,5172.499,5163.401,5167.012,5023,0
2026-03-11 16:30:00,5166.846,5177.955,5165.76,5175.668,4101,0
2026-03-11 17:00:00,5175.408,5180.848,5169.641,5171.88,4034,0
2026-03-11 17:30:00,5171.954,5172.695,5154.092,5169.596,5287,0
2026-03-11 18:00:00,5169.521,5178.186,5169.026,5177.813,3456,0
2026-03-11 18:30:00,5177.648,5178.25,5169.951,5172.457,4178,0
2026-03-11 19:00:00,5172.423,5177.553,5168.933,5176.912,2542,0
2026-03-11 19:30:00,5176.912,5183.188,5175.852,5182.97,2678,0
2026-03-11 20:00:00,5182.885,5183.461,5175.029,5177.804,1850,0
2026-03-11 20:30:00,5177.741,5178.357,5175.658,5177.136,1332,0
2026-03-11 22:00:00,5181.098,5182.284,5165.551,5169.825,2077,0
2026-03-11 22:30:00,5169.832,5169.939,5129.795,5139.03,4383,0
2026-03-11 23:00:00,5139.037,5156.933,5135.073,5155.728,3575,0
2026-03-11 23:30:00,5155.728,5157.767,5132.889,5134.222,3586,0
2026-03-12 00:00:00,5134.08,5158.017,5125.375,5152.53,6187,0
2026-03-12 00:30:00,5152.746,5161.43,5150.19,5152.9,3714,0
2026-03-12 01:00:00,5152.861,5166.631,5151.502,5157.23,6706,0
2026-03-12 01:30:00,5157.236,5172.842,5154.694,5168.425,4822,0
2026-03-12 02:00:00,5168.572,5175.152,5167.102,5168.235,3475,0
2026-03-12 02:30:00,5168.324,5171.421,5145.762,5150.633,5755,0
2026-03-12 03:00:00,5150.706,5155.325,5147.376,5151.722,3908,0
2026-03-12 03:30:00,5151.807,5154.27,5148.053,5152.927,2580,0
2026-03-12 04:00:00,5153.009,5153.821,5149.863,5152.371,1939,0
2026-03-12 04:30:00,5152.372,5152.511,5140.408,5142.404,2792,0
2026-03-12 05:00:00,5142.67,5148.831,5137.024,5142.77,3181,0
2026-03-12 05:30:00,5142.887,5157.471,5141.095,5154.547,3582,0
2026-03-12 06:00:00,5154.55,5157.848,5147.272,5156.557,3072,0
2026-03-12 06:30:00,5156.477,5170.199,5156.129,5165.945,3490,0
2026-03-12 07:00:00,5166.263,5170.526,5164.496,5168.771,2735,0
2026-03-12 07:30:00,5168.766,5185.373,5168.071,5181.793,3388,0
2026-03-12 08:00:00,5181.901,5189.676,5177.103,5177.485,3859,0
2026-03-12 08:30:00,5177.407,5182.943,5175.643,5177.833,2853,0
2026-03-12 09:00:00,5178.07,5181.399,5174.375,5179.912,3187,0
2026-03-12 09:30:00,5179.987,5190.195,5179.987,5187.991,3323,0
2026-03-12 10:00:00,5188.115,5191.657,5179.904,5180.297,2976,0
2026-03-12 10:30:00,5180.324,5184.011,5176.027,5182.213,3332,0
2026-03-12 11:00:00,5182.146,5183.822,5172.547,5176.519,2707,0
2026-03-12 11:30:00,5176.48,5181.424,5175.478,5178.779,3121,0
2026-03-12 12:00:00,5178.864,5180.372,5163.419,5172.1,5214,0
2026-03-12 12:30:00,5172.068,5185.73,5168.579,5181.487,4352,0
2026-03-12 13:00:00,5181.183,5186.047,5159.224,5171.212,8268,0
2026-03-12 13:30:00,5171.086,5171.086,5145.877,5151.27,12068,0
2026-03-12 14:00:00,5151.193,5163.315,5149.585,5152.123,7684,0
2026-03-12 14:30:00,5152.199,5153.745,5138.282,5142.931,8995,0
2026-03-12 15:00:00,5142.759,5144.917,5109.486,5129.148,11074,0
2026-03-12 15:30:00,5129.027,5135.154,5118.263,5132.431,7980,0
2026-03-12 16:00:00,5132.109,5137.954,5121.155,5131.854,5802,0
2026-03-12 16:30:00,5131.774,5137.337,5121.43,5123.428,6097,0
2026-03-12 17:00:00,5123.306,5129.424,5113.28,5118.901,5742,0
2026-03-12 17:30:00,5118.674,5119.889,5102.383,5105.334,6011,0
2026-03-12 18:00:00,5105.228,5112.492,5101.1,5104.285,5248,0
2026-03-12 18:30:00,5104.208,5104.359,5090.733,5094.408,4911,0
2026-03-12 19:00:00,5094.325,5095.496,5079.182,5093.656,6216,0
2026-03-12 19:30:00,5093.599,5096.775,5081.156,5084.796,4569,0
2026-03-12 20:00:00,5084.72,5090.53,5071.119,5071.545,4321,0
2026-03-12 20:30:00,5071.674,5081.387,5054.751,5079.869,5935,0
2026-03-12 22:00:00,5078.073,5095.131,5072.883,5092.288,3385,0
2026-03-12 22:30:00,5092.442,5096.164,5085.404,5096.015,2388,0
2026-03-12 23:00:00,5095.737,5099.379,5089.121,5093.961,2795,0
2026-03-12 23:30:00,5094.177,5101.191,5092.072,5098.163,2734,0
2026-03-13 00:00:00,5098.067,5108.373,5097.287,5106.296,3075,0
2026-03-13 00:30:00,5106.07,5115.109,5105.777,5113.424,2557,0
2026-03-13 01:00:00,5113.549,5120.685,5113.291,5118.672,4340,0
2026-03-13 01:30:00,5118.869,5124.204,5108.802,5124.178,4687,0
2026-03-13 02:00:00,5124.247,5128.363,5114.636,5121.247,3520,0
2026-03-13 02:30:00,5121.313,5121.687,5110.47,5111.797,3325,0
2026-03-13 03:00:00,5112.005,5115.65,5108.236,5110.334,3218,0
2026-03-13 03:30:00,5110.366,5116.562,5106.097,5115.304,2279,0
2026-03-13 04:00:00,5115.599,5117.87,5103.568,5105.605,2348,0
2026-03-13 04:30:00,5105.585,5107.144,5102.649,5104.215,2232,0
2026-03-13 05:00:00,5104.309,5110.056,5102.433,5105.974,2364,0
2026-03-13 05:30:00,5106.118,5110.862,5098.217,5103.088,4462,0
2026-03-13 06:00:00,5103.023,5107.79,5089.0,5095.424,4434,0
2026-03-13 06:30:00,5095.35,5098.243,5085.691,5088.257,5307,0
2026-03-13 07:00:00,5088.052,5093.893,5071.729,5084.535,5265,0
2026-03-13 07:30:00,5084.453,5092.923,5082.4,5084.89,3719,0
2026-03-13 08:00:00,5085.117,5085.117,5061.251,5070.897,6196,0
2026-03-13 08:30:00,5070.817,5087.979,5070.204,5087.117,4088,0
2026-03-13 09:00:00,5087.291,5096.93,5084.246,5091.529,4189,0
2026-03-13 09:30:00,5091.546,5094.225,5083.27,5089.639,3283,0
2026-03-13 10:00:00,5089.425,5096.779,5085.942,5089.321,3326,0
2026-03-13 10:30:00,5089.317,5098.407,5079.767,5094.631,4068,0
2026-03-13 11:00:00,5095.031,5097.581,5086.158,5095.112,3913,0
2026-03-13 11:30:00,5095.038,5107.729,5092.014,5107.366,3707,0
2026-03-13 12:00:00,5107.275,5118.768,5104.297,5113.427,5515,0
2026-03-13 12:30:00,5113.656,5121.882,5108.03,5118.312,5995,0
2026-03-13 13:00:00,5118.131,5121.233,5107.202,5108.558,6332,0
2026-03-13 13:30:00,5108.939,5116.771,5096.269,5101.5,8000,0
2026-03-13 14:00:00,5101.718,5107.861,5082.677,5088.751,8482,0
2026-03-13 14:30:00,5088.67,5091.791,5035.303,5041.73,14005,0
2026-03-13 15:00:00,5041.535,5071.31,5038.159,5063.098,11573,0
2026-03-13 15:30:00,5063.263,5068.259,5031.64,5034.814,13241,0
2026-03-13 16:00:00,5034.718,5041.781,5018.84,5040.851,12556,0
2026-03-13 16:30:00,5040.923,5053.075,5039.978,5046.014,7391,0
2026-03-13 17:00:00,5045.924,5062.076,5043.326,5056.314,6231,0
2026-03-13 17:30:00,5056.44,5063.926,5043.347,5046.451,5771,0
2026-03-13 18:00:00,5046.432,5051.453,5036.255,5041.645,5484,0
2026-03-13 18:30:00,5041.568,5049.305,5040.406,5046.323,4232,0
2026-03-13 19:00:00,5046.536,5049.943,5032.165,5034.866,5146,0
2026-03-13 19:30:00,5035.035,5036.728,5009.525,5016.41,7260,0
2026-03-13 20:00:00,5016.494,5021.199,5012.205,5013.93,4141,0
2026-03-13 20:30:00,5013.975,5025.413,5012.929,5020.977,3804,0
2026-03-15 22:00:00,5017.112,5030.407,5000.793,5013.106,5019,0
2026-03-15 22:30:00,5013.039,5025.872,5008.254,5024.786,3727,0
2026-03-15 23:00:00,5024.71,5026.154,4966.796,4989.81,7775,0
2026-03-15 23:30:00,4989.613,4998.566,4972.044,4997.507,7076,0
2026-03-16 00:00:00,4997.434,5028.691,4996.521,5016.885,8438,0
2026-03-16 00:30:00,5016.622,5031.104,5014.913,5025.742,5171,0
2026-03-16 01:00:00,5025.914,5026.642,4983.346,4987.977,14853,0
2026-03-16 01:30:00,4987.952,5016.443,4982.525,5015.901,8119,0
2026-03-16 02:00:00,5015.873,5018.779,5010.216,5012.97,4927,0
2026-03-16 02:30:00,5012.758,5014.574,4997.882,5003.696,5919,0
2026-03-16 03:00:00,5003.673,5011.629,4998.233,5010.968,4389,0
2026-03-16 03:30:00,5010.856,5020.841,5009.951,5019.074,3042,0
2026-03-16 04:00:00,5019.134,5026.054,5018.861,5021.18,2734,0
2026-03-16 04:30:00,5021.494,5024.733,5012.209,5012.908,2450,0
2026-03-16 05:00:00,5012.811,5015.789,5007.656,5010.952,2830,0
2026-03-16 05:30:00,5010.777,5019.993,5003.274,5017.368,4120,0
2026-03-16 06:00:00,5017.487,5036.013,5013.053,5027.595,4740,0
2026-03-16 06:30:00,5027.739,5029.381,5005.544,5012.005,5470,0
2026-03-16 07:00:00,5012.294,5016.204,4998.126,5002.325,5184,0
2026-03-16 07:30:00,5002.434,5007.005,4991.674,4995.23,5363,0
2026-03-16 08:00:00,4995.312,5003.25,4987.553,4997.02,6653,0
2026-03-16 08:30:00,4996.939,4998.518,4984.763,4991.209,5327,0
2026-03-16 09:00:00,4990.881,4991.423,4980.002,4988.816,5505,0
2026-03-16 09:30:00,4988.855,4991.394,4972.214,4975.387,5320,0
2026-03-16 10:00:00,4975.464,4990.836,4970.011,4986.753,5097,0
2026-03-16 10:30:00,4986.837,4999.602,4980.354,4998.604,4658,0
2026-03-16 11:00:00,4998.68,5022.694,4995.675,5019.119,4162,0
2026-03-16 11:30:00,5018.937,5020.079,4992.213,4997.068,4775,0
2026-03-16 12:00:00,4997.144,5024.717,4994.242,5022.609,5478,0
2026-03-16 12:30:00,5022.785,5025.612,5012.072,5019.91,4981,0
2026-03-16 13:00:00,5019.927,5030.149,5013.784,5020.964,5761,0
2026-03-16 13:30:00,5020.81,5034.727,5017.943,5029.744,9573,0
2026-03-16 14:00:00,5029.517,5038.067,5014.687,5014.765,7931,0
2026-03-16 14:30:00,5014.927,5015.195,4987.99,4995.804,9439,0
2026-03-16 15:00:00,4995.599,5005.598,4984.047,4991.632,7444,0
2026-03-16 15:30:00,4991.896,5003.258,4983.907,4986.963,5250,0
2026-03-16 16:00:00,4986.936,4998.521,4977.812,4979.933,5654,0
2026-03-16 16:30:00,4979.72,4992.924,4973.936,4990.568,5784,0
2026-03-16 17:00:00,4990.653,5003.675,4990.471,4995.961,5184,0
2026-03-16 17:30:00,4995.806,4996.574,4983.858,4991.227,4446,0
2026-03-16 18:00:00,4991.297,5008.077,4989.918,5006.241,4046,0
2026-03-16 18:30:00,5006.031,5017.735,5005.154,5012.766,3665,0
2026-03-16 19:00:00,5012.624,5020.121,5008.847,5010.346,4136,0
2026-03-16 19:30:00,5010.521,5015.932,5008.145,5012.69,3672,0
2026-03-16 20:00:00,5012.618,5021.612,5007.964,5014.262,2369,0
2026-03-16 20:30:00,5014.113,5014.186,5004.613,5006.311,2412,0
2026-03-16 22:00:00,5007.678,5015.645,4998.825,5001.798,2874,0
2026-03-16 22:30:00,5001.766,5006.218,4998.555,5002.386,2182,0
2026-03-16 23:00:00,5002.093,5009.928,5002.073,5009.33,1718,0
2026-03-16 23:30:00,5009.351,5015.495,5006.827,5012.795,2181,0
2026-03-17 00:00:00,5012.899,5014.007,5000.042,5003.598,3772,0
2026-03-17 00:30:00,5003.313,5007.088,4998.002,5003.17,3799,0
2026-03-17 01:00:00,5002.965,5014.453,4994.53,5013.369,5896,0
2026-03-17 01:30:00,5013.295,5027.902,5011.193,5027.562,4194,0
2026-03-17 02:00:00,5027.582,5029.699,5019.836,5025.474,3176,0
2026-03-17 02:30:00,5025.123,5029.241,5021.37,5022.863,2927,0
2026-03-17 03:00:00,5022.763,5032.847,5020.704,5032.388,2641,0
2026-03-17 03:30:00,5032.415,5033.501,5025.764,5027.65,2584,0
2026-03-17 04:00:00,5027.365,5032.644,5026.229,5032.325,2222,0
2026-03-17 04:30:00,5032.353,5041.932,5031.912,5037.944,2987,0
2026-03-17 05:00:00,5038.004,5044.474,5032.569,5035.421,3385,0
2026-03-17 05:30:00,5035.343,5039.193,5020.208,5020.831,4483,0
2026-03-17 06:00:00,5020.903,5022.696,5005.153,5011.675,6736,0
2026-03-17 06:30:00,5011.805,5016.772,5008.32,5010.133,3757,0
2026-03-17 07:00:00,5010.057,5018.584,5008.805,5015.927,3556,0
2026-03-17 07:30:00,5015.91,5027.971,5015.669,5021.081,3164,0
2026-03-17 08:00:00,5021.039,5029.507,5018.992,5020.945,4064,0
2026-03-17 08:30:00,5021.045,5025.312,5018.103,5024.548,3260,0
2026-03-17 09:00:00,5024.377,5025.695,5012.895,5017.735,3999,0
2026-03-17 09:30:00,5017.69,5018.259,5009.784,5010.613,3111,0
2026-03-17 10:00:00,5010.533,5016.314,5001.015,5003.648,4157,0
2026-03-17 10:30:00,5003.416,5009.434,4991.665,5000.249,4884,0
2026-03-17 11:00:00,5000.192,5010.097,4996.593,5006.791,3288,0
2026-03-17 11:30:00,5007.101,5011.531,5002.089,5003.115,2663,0
2026-03-17 12:00:00,5003.178,5020.489,4999.287,5019.806,3571,0
2026-03-17 12:30:00,5019.87,5023.681,5009.581,5011.505,4143,0
2026-03-17 13:00:00,5011.856,5019.547,5009.804,5012.809,5234,0
2026-03-17 13:30:00,5012.608,5031.492,5005.253,5016.372,8851,0
2026-03-17 14:00:00,5016.393,5020.469,5006.901,5008.391,6712,0
2026-03-17 14:30:00,5008.276,5019.356,5002.71,5007.655,5941,0
2026-03-17 15:00:00,5007.59,5017.35,4993.587,4994.84,6862,0
2026-03-17 15:30:00,4994.913,5000.424,4973.345,4997.823,8947,0
2026-03-17 16:00:00,4998.045,5005.389,4991.524,5003.88,5665,0
2026-03-17 16:30:00,5004.046,5005.763,4997.517,5001.784,3757,0
2026-03-17 17:00:00,5001.721,5008.556,5001.149,5002.815,3863,0
2026-03-17 17:30:00,5002.889,5006.444,4996.409,5002.353,3107,0
2026-03-17 18:00:00,5002.425,5009.035,5000.594,5003.983,2971,0
2026-03-17 18:30:00,5003.869,5008.412,4999.825,5003.883,2947,0
2026-03-17 19:00:00,5003.801,5005.558,4998.222,4999.594,2738,0
2026-03-17 19:30:00,4999.946,5003.557,4996.276,5000.231,3293,0
2026-03-17 20:00:00,5000.363,5006.424,4999.783,5003.758,1629,0
2026-03-17 20:30:00,5003.604,5005.575,5001.426,5003.05,12501,0
2026-03-17 22:00:00,5004.038,5004.918,4997.459,5001.763,1416,0
2026-03-17 22:30:00,5001.794,5003.367,4993.262,4999.907,1785,0
2026-03-17 23:00:00,4999.708,5002.843,4998.709,4999.951,1471,0
2026-03-17 23:30:00,5000.152,5003.508,4999.852,5002.75,1288,0
2026-03-18 00:00:00,5002.803,5012.358,5001.024,5002.907,3247,0
2026-03-18 00:30:00,5002.759,5008.09,5000.221,5004.345,2766,0
2026-03-18 01:00:00,5004.418,5016.048,4997.745,5008.164,4279,0
2026-03-18 01:30:00,5008.159,5009.455,4991.069,4998.672,4765,0
2026-03-18 02:00:00,4998.787,5006.837,4996.32,5002.142,3141,0
2026-03-18 02:30:00,5002.215,5004.114,4990.48,4991.69,3533,0
2026-03-18 03:00:00,4991.899,4996.939,4986.231,4996.299,3416,0
2026-03-18 03:30:00,4996.065,4997.439,4989.717,4991.384,2269,0
2026-03-18 04:00:00,4991.366,4993.459,4989.499,4990.72,2072,0
2026-03-18 04:30:00,4990.481,4991.096,4981.594,4986.884,2812,0
2026-03-18 05:00:00,4987.042,4992.836,4984.545,4990.732,2663,0
2026-03-18 05:30:00,4990.868,5002.456,4987.503,4997.465,4013,0
2026-03-18 06:00:00,4997.355,5010.736,4996.325,5008.713,3324,0
2026-03-18 06:30:00,5008.703,5016.311,5008.511,5009.469,3181,0
2026-03-18 07:00:00,5009.551,5014.958,5005.991,5009.154,2612,0
2026-03-18 07:30:00,5008.951,5009.731,4990.244,4995.045,3531,0
2026-03-18 08:00:00,4994.685,4996.663,4983.425,4988.846,3867,0
2026-03-18 08:30:00,4988.919,4992.042,4977.089,4987.692,3746,0
2026-03-18 09:00:00,4987.33,4994.212,4984.78,4992.464,2910,0
2026-03-18 09:30:00,4992.167,4995.341,4990.634,4991.963,2424,0
2026-03-18 10:00:00,4992.028,4992.028,4980.715,4982.51,2649,0
2026-03-18 10:30:00,4982.509,4987.078,4958.782,4967.846,6678,0
2026-03-18 11:00:00,4967.869,4973.757,4946.273,4948.528,7607,0
2026-03-18 11:30:00,4948.456,4961.817,4924.849,4930.041,10931,0
2026-03-18 12:00:00,4930.332,4932.313,4895.557,4901.201,15502,0
2026-03-18 12:30:00,4901.657,4901.772,4870.643,4881.409,14804,0
2026-03-18 13:00:00,4881.527,4881.527,4833.975,4861.266,19913,0
2026-03-18 13:30:00,4861.367,4885.46,4850.298,4878.111,19292,0
2026-03-18 14:00:00,4877.959,4894.571,4859.09,4860.895,13286,0
2026-03-18 14:30:00,4860.932,4872.614,4856.517,4869.65,9309,0
2026-03-18 15:00:00,4869.558,4880.063,4865.747,4872.208,7906,0
2026-03-18 15:30:00,4872.098,4875.459,4861.209,4862.535,6102,0
2026-03-18 16:00:00,4862.609,4883.055,4860.787,4882.314,5553,0
2026-03-18 16:30:00,4882.294,4890.297,4873.301,4886.777,6078,0
2026-03-18 17:00:00,4886.69,4898.119,4883.938,4891.13,5716,0
2026-03-18 17:30:00,4891.049,4899.001,4887.322,4890.664,4880,0
2026-03-18 18:00:00,4890.753,4899.29,4876.732,4885.722,9227,0
2026-03-18 18:30:00,4885.558,4888.06,4852.188,4853.077,12232,0
2026-03-18 19:00:00,4852.871,4865.12,4843.383,4849.373,10106,0
2026-03-18 19:30:00,4849.301,4860.106,4838.097,4843.007,9492,0
2026-03-18 20:00:00,4842.961,4848.327,4808.803,4811.364,7417,0
2026-03-18 20:30:00,4811.295,4826.824,4806.677,4818.463,5502,0
2026-03-18 22:00:00,4828.06,4836.882,4804.247,4815.823,5864,0
2026-03-18 22:30:00,4815.79,4838.765,4808.681,4834.291,4689,0
2026-03-18 23:00:00,4834.337,4840.888,4828.126,4836.938,3477,0
2026-03-18 23:30:00,4836.881,4842.516,4829.802,4836.86,3299,0
2026-03-19 00:00:00,4836.657,4848.224,4835.41,4842.31,4630,0
2026-03-19 00:30:00,4842.068,4848.877,4837.742,4841.052,5023,0
2026-03-19 01:00:00,4841.207,4853.288,4832.656,4845.382,8711,0
2026-03-19 01:30:00,4845.456,4866.892,4842.818,4850.011,6418,0
2026-03-19 02:00:00,4850.082,4858.091,4841.762,4857.12,4790,0
2026-03-19 02:30:00,4856.951,4862.215,4853.6,4858.551,4705,0
2026-03-19 03:00:00,4858.559,4865.762,4854.973,4860.131,3836,0
2026-03-19 03:30:00,4860.207,4860.269,4850.812,4850.956,2825,0
2026-03-19 04:00:00,4850.895,4853.715,4847.186,4850.427,2563,0
2026-03-19 04:30:00,4850.414,4852.866,4845.697,4849.822,2386,0
2026-03-19 05:00:00,4849.915,4853.697,4846.544,4846.594,2926,0
2026-03-19 05:30:00,4846.818,4846.818,4826.987,4827.609,6377,0
2026-03-19 06:00:00,4827.538,4842.028,4813.206,4813.52,6882,0
2026-03-19 06:30:00,4813.882,4819.839,4747.3,4763.817,19027,0
2026-03-19 07:00:00,4763.71,4784.218,4756.904,4770.687,10140,0
2026-03-19 07:30:00,4770.602,4771.573,4727.077,4727.808,9879,0
2026-03-19 08:00:00,4728.013,4740.325,4701.279,4718.476,16395,0
2026-03-19 08:30:00,4718.545,4722.028,4686.746,4709.221,17394,0
2026-03-19 09:00:00,4709.086,4722.489,4687.875,4709.134,17590,0
2026-03-19 09:30:00,4708.914,4725.964,4696.005,4698.895,14762,0
2026-03-19 10:00:00,4698.768,4719.875,4670.732,4683.358,11812,0
2026-03-19 10:30:00,4683.492,4700.345,4666.429,4678.879,13967,0
2026-03-19 11:00:00,4678.856,4699.616,4676.367,4686.087,10828,0
2026-03-19 11:30:00,4686.181,4695.463,4650.613,4652.225,12295,0
2026-03-19 12:00:00,4651.867,4653.936,4602.786,4606.336,20452,0
2026-03-19 12:30:00,4606.72,4617.739,4531.073,4574.603,30130,0
2026-03-19 13:00:00,4574.513,4581.197,4502.61,4576.223,40049,0
2026-03-19 13:30:00,4576.343,4621.053,4538.624,4620.575,46462,0
2026-03-19 14:00:00,4620.859,4649.163,4584.109,4585.716,32362,0
2026-03-19 14:30:00,4585.643,4627.913,4580.877,4601.691,25528,0
2026-03-19 15:00:00,4601.851,4638.722,4593.443,4602.926,22201,0
2026-03-19 15:30:00,4603.018,4611.498,4566.091,4596.521,24458,0
2026-03-19 16:00:00,4596.365,4626.749,4592.878,4599.127,20462,0
2026-03-19 16:30:00,4599.19,4608.587,4576.707,4584.726,17260,0
2026-03-19 17:00:00,4584.7,4613.782,4573.683,4602.906,15138,0
2026-03-19 17:30:00,4602.974,4629.863,4599.641,4616.105,13334,0
2026-03-19 18:00:00,4616.019,4619.071,4600.943,4609.322,10339,0
2026-03-19 18:30:00,4609.382,4623.12,4595.956,4622.847,8122,0
2026-03-19 19:00:00,4622.855,4663.389,4622.855,4644.186,25847,0
2026-03-19 19:30:00,4644.243,4649.979,4631.915,4644.022,13867,0
2026-03-19 20:00:00,4643.664,4660.788,4642.671,4657.364,5812,0
2026-03-19 20:30:00,4657.435,4661.947,4651.838,4657.541,4077,0
2026-03-19 22:00:00,4657.711,4677.032,4650.637,4666.398,3470,0
2026-03-19 22:30:00,4666.118,4666.288,4636.235,4636.235,3852,0
2026-03-19 23:00:00,4636.457,4647.612,4636.457,4643.726,3078,0
2026-03-19 23:30:00,4643.737,4647.928,4634.231,4643.703,3027,0
2026-03-20 00:00:00,4643.631,4665.014,4642.053,4649.259,5977,0
2026-03-20 00:30:00,4649.169,4660.52,4644.617,4648.766,4927,0
2026-03-20 01:00:00,4648.408,4680.367,4639.284,4661.937,14151,0
2026-03-20 01:30:00,4662.132,4699.415,4661.1,4677.259,10396,0
2026-03-20 02:00:00,4677.187,4690.145,4670.239,4683.747,6498,0
2026-03-20 02:30:00,4683.829,4703.693,4679.269,4698.1,7443,0
2026-03-20 03:00:00,4698.202,4735.802,4693.06,4733.61,8656,0
2026-03-20 03:30:00,4733.707,4735.745,4721.673,4725.57,4855,0
2026-03-20 04:00:00,4725.669,4727.605,4716.92,4723.547,3755,0
2026-03-20 04:30:00,4723.332,4727.061,4715.512,4721.417,3365,0
2026-03-20 05:00:00,4721.507,4723.655,4710.603,4719.501,4230,0
2026-03-20 05:30:00,4719.551,4720.027,4685.75,4688.597,9663,0
2026-03-20 06:00:00,4688.515,4700.918,4679.804,4687.926,8794,0
2026-03-20 06:30:00,4687.815,4689.461,4661.258,4669.065,9414,0
2026-03-20 07:00:00,4668.902,4688.475,4667.983,4688.153,6270,0
2026-03-20 07:30:00,4688.062,4707.967,4685.083,4706.147,4399,0
2026-03-20 08:00:00,4706.228,4734.746,4702.093,4722.839,6387,0
2026-03-20 08:30:00,4722.909,4723.003,4684.755,4693.651,8452,0
2026-03-20 09:00:00,4693.804,4700.462,4683.923,4691.707,5852,0
2026-03-20 09:30:00,4691.905,4692.498,4659.802,4667.51,7773,0
2026-03-20 10:00:00,4667.394,4670.16,4645.807,4658.217,9625,0
2026-03-20 10:30:00,4657.913,4669.962,4638.135,4645.212,9069,0
2026-03-20 11:00:00,4645.388,4668.505,4636.927,4665.106,8603,0
2026-03-20 11:30:00,4665.066,4674.27,4657.51,4671.624,6284,0
2026-03-20 12:00:00,4671.741,4695.521,4671.666,4678.31,10192,0
2026-03-20 12:30:00,4678.331,4682.067,4661.926,4678.318,9277,0
2026-03-20 13:00:00,4678.117,4679.654,4653.595,4659.973,16370,0
2026-03-20 13:30:00,4659.924,4666.038,4612.673,4616.291,60298,0
2026-03-20 14:00:00,4616.235,4622.497,4551.159,4558.079,59849,0
2026-03-20 14:30:00,4558.14,4585.369,4547.772,4564.242,47771,0
2026-03-20 15:00:00,4564.192,4580.144,4540.416,4563.048,44032,0
2026-03-20 15:30:00,4562.826,4575.797,4544.155,4553.17,33792,0
2026-03-20 16:00:00,4553.323,4613.753,4551.683,4584.893,30704,0
2026-03-20 16:30:00,4584.938,4592.717,4567.663,4583.424,26610,0
2026-03-20 17:00:00,4583.368,4600.819,4568.535,4572.146,35305,0
2026-03-20 17:30:00,4572.205,4577.087,4554.029,4573.448,23385,0
2026-03-20 18:00:00,4573.524,4578.497,4536.242,4554.477,26256,0
2026-03-20 18:30:00,4554.543,4557.048,4477.057,4499.574,34541,0
2026-03-20 19:00:00,4499.63,4516.326,4485.232,4498.417,41631,0
2026-03-20 19:30:00,4498.463,4516.731,4492.159,4501.417,33387,0
2026-03-20 20:00:00,4501.593,4514.556,4493.411,4501.154,14213,0
2026-03-20 20:30:00,4501.205,4504.585,4494.363,4497.479,10404,0
2026-03-22 22:00:00,4477.751,4536.1,4449.511,4524.33,13172,0
2026-03-22 22:30:00,4524.537,4526.73,4489.861,4497.942,9621,0
2026-03-22 23:00:00,4497.972,4510.752,4482.525,4485.231,11459,0
2026-03-22 23:30:00,4485.168,4493.727,4452.439,4464.724,14675,0
2026-03-23 00:00:00,4464.563,4473.179,4404.338,4427.016,39824,0
2026-03-23 00:30:00,4427.098,4436.778,4319.487,4354.359,65961,0
2026-03-23 01:00:00,4354.286,4443.911,4329.725,4421.733,73400,0
2026-03-23 01:30:00,4421.794,4454.137,4380.951,4387.596,49949,0
2026-03-23 02:00:00,4387.468,4422.062,4382.942,4399.452,37409,0
2026-03-23 02:30:00,4399.402,4400.903,4354.783,4360.474,41590,0
2026-03-23 03:00:00,4360.562,4377.985,4346.827,4351.007,29871,0
2026-03-23 03:30:00,4351.134,4365.028,4334.807,4352.986,20631,0
2026-03-23 04:00:00,4352.913,4370.71,4352.878,4368.575,14755,0
2026-03-23 04:30:00,4368.518,4381.604,4349.953,4367.235,16655,0
2026-03-23 05:00:00,4367.209,4379.949,4351.701,4356.094,16415,0
2026-03-23 05:30:00,4356.333,4356.333,4302.194,4310.138,40576,0
2026-03-23 06:00:00,4310.269,4310.42,4238.689,4243.689,49890,0
2026-03-23 06:30:00,4243.65,4249.9,4162.906,4220.146,79771,0
2026-03-23 07:00:00,4220.202,4222.076,4098.357,4135.964,98177,0
2026-03-23 07:30:00,4136.126,4232.854,4129.381,4204.099,69047,0
2026-03-23 08:00:00,4204.149,4256.215,4202.958,4226.69,68089,0
2026-03-23 08:30:00,4226.667,4270.613,4219.43,4250.896,45611,0
2026-03-23 09:00:00,4250.945,4304.004,4245.973,4303.959,35952,0
2026-03-23 09:30:00,4303.965,4308.344,4223.403,4253.244,44645,0
2026-03-23 10:00:00,4253.343,4274.973,4243.59,4268.587,29267,0
2026-03-23 10:30:00,4268.83,4281.93,4240.861,4269.084,34052,0
2026-03-23 11:00:00,4269.038,4463.418,4268.994,4399.47,107790,0
2026-03-23 11:30:00,4399.371,4432.154,4361.363,4379.12,73586,0
2026-03-23 12:00:00,4378.812,4405.022,4336.637,4390.481,73352,0
2026-03-23 12:30:00,4390.234,4492.646,4374.04,4478.287,69705,0
2026-03-23 13:00:00,4478.34,4485.444,4404.88,4409.697,72079,0
2026-03-23 13:30:00,4409.789,4466.718,4401.409,4454.286,92408,0
2026-03-23 14:00:00,4454.132,4512.782,4453.268,4486.272,66393,0
2026-03-23 14:30:00,4486.382,4504.381,4456.529,4461.895,55552,0
2026-03-23 15:00:00,4461.667,4486.875,4427.234,4447.232,50407,0
2026-03-23 15:30:00,4447.283,4456.097,4350.961,4363.649,66418,0
2026-03-23 16:00:00,4363.582,4390.136,4352.407,4354.871,64174,0
2026-03-23 16:30:00,4354.749,4391.642,4353.594,4375.333,50943,0
2026-03-23 17:00:00,4375.24,4413.817,4370.696,4405.521,37862,0
2026-03-23 17:30:00,4405.469,4438.973,4403.931,4426.147,27940,0
2026-03-23 18:00:00,4426.196,4430.811,4402.145,4426.006,32581,0
2026-03-23 18:30:00,4425.956,4467.074,4425.461,4449.004,24454,0
2026-03-23 19:00:00,4449.029,4450.637,4392.714,4410.283,26784,0
2026-03-23 19:30:00,4410.218,4427.519,4397.022,4397.762,26366,0
2026-03-23 20:00:00,4397.675,4413.134,4382.757,4406.871,10397,0
2026-03-23 20:30:00,4406.888,4412.891,4396.026,4406.513,5158,0
2026-03-23 22:00:00,4419.787,4420.52,4361.373,4414.284,10660,0
2026-03-23 22:30:00,4414.227,4431.373,4398.338,4426.607,9047,0
2026-03-23 23:00:00,4426.65,4448.021,4423.385,4441.911,7081,0
2026-03-23 23:30:00,4441.77,4446.203,4421.81,4441.191,8160,0
2026-03-24 00:00:00,4441.133,4446.587,4368.606,4377.942,23758,0
2026-03-24 00:30:00,4378.095,4387.402,4330.988,4364.542,34246,0
2026-03-24 01:00:00,4364.485,4374.009,4328.222,4354.769,49588,0
2026-03-24 01:30:00,4354.708,4368.329,4307.759,4322.202,37191,0
2026-03-24 02:00:00,4322.256,4353.795,4305.617,4351.638,32139,0
2026-03-24 02:30:00,4351.697,4379.299,4344.428,4366.107,31193,0
2026-03-24 03:00:00,4366.253,4368.332,4349.942,4364.662,21867,0
2026-03-24 03:30:00,4364.579,4364.941,4334.882,4347.179,15792,0
2026-03-24 04:00:00,4346.924,4357.229,4326.554,4339.584,13750,0
2026-03-24 04:30:00,4339.361,4349.452,4332.149,4333.396,10425,0
2026-03-24 05:00:00,4333.281,4346.855,4319.453,4335.211,18753,0
2026-03-24 05:30:00,4335.114,4374.008,4321.069,4346.966,35277,0
2026-03-24 06:00:00,4347.02,4397.054,4342.62,4386.865,31686,0
2026-03-24 06:30:00,4386.932,4405.048,4372.969,4401.98,28302,0
2026-03-24 07:00:00,4402.202,4425.544,4399.404,4412.499,24628,0
2026-03-24 07:30:00,4412.514,4432.388,4399.843,4417.077,21088,0
2026-03-24 08:00:00,4416.949,4420.932,4391.164,4396.286,24364,0
2026-03-24 08:30:00,4396.402,4414.221,4391.562,4411.743,18020,0
2026-03-24 09:00:00,4411.761,4419.266,4395.749,4407.133,16110,0
2026-03-24 09:30:00,4407.215,4430.805,4404.954,4426.496,11475,0
2026-03-24 10:00:00,4426.587,4432.882,4414.946,4422.266,12685,0
2026-03-24 10:30:00,4422.204,4441.79,4414.464,4438.431,12879,0
2026-03-24 11:00:00,4438.495,4442.108,4375.204,4413.06,32889,0
2026-03-24 11:30:00,4413.112,4431.605,4390.546,4407.617,23344,0
2026-03-24 12:00:00,4407.714,4427.484,4395.727,4402.497,25334,0
2026-03-24 12:30:00,4402.369,4406.622,4362.016,4378.856,31981,0
2026-03-24 13:00:00,4378.805,4389.975,4357.029,4357.029,40302,0
2026-03-24 13:30:00,4356.909,4383.555,4351.461,4381.512,54274,0
2026-03-24 14:00:00,4381.58,4415.108,4380.549,4408.936,40145,0
2026-03-24 14:30:00,4408.874,4433.862,4400.318,4415.78,45819,0
2026-03-24 15:00:00,4415.802,4420.761,4396.12,4412.74,40053,0
2026-03-24 15:30:00,4412.901,4430.831,4409.172,4411.557,23686,0
2026-03-24 16:00:00,4411.696,4425.674,4402.33,4421.163,20640,0
2026-03-24 16:30:00,4420.938,4427.622,4408.465,4421.237,17068,0
2026-03-24 17:00:00,4421.299,4426.29,4388.038,4400.004,35458,0
2026-03-24 17:30:00,4399.95,4399.95,4372.129,4388.593,29415,0
2026-03-24 18:00:00,4388.416,4409.868,4383.673,4407.456,22568,0
2026-03-24 18:30:00,4407.399,4423.595,4383.879,4389.523,20546,0
2026-03-24 19:00:00,4389.367,4411.301,4388.419,4407.365,10792,0
2026-03-24 19:30:00,4407.433,4407.505,4394.97,4400.157,13008,0
2026-03-24 20:00:00,4400.392,4484.005,4397.239,4455.617,20989,0
2026-03-24 20:30:00,4455.467,4481.683,4447.328,4476.664,24019,0
2026-03-24 22:00:00,4479.586,4485.664,4468.028,4470.013,7055,0
2026-03-24 22:30:00,4470.031,4484.637,4455.974,4484.311,8501,0
2026-03-24 23:00:00,4484.66,4509.913,4472.622,4509.913,8577,0
2026-03-24 23:30:00,4509.741,4551.356,4504.425,4546.757,12927,0
2026-03-25 00:00:00,4546.67,4557.011,4537.33,4553.345,19831,0
2026-03-25 00:30:00,4553.539,4571.919,4546.6,4563.259,12862,0
2026-03-25 01:00:00,4563.199,4578.891,4552.212,4575.319,23271,0
2026-03-25 01:30:00,4575.349,4601.095,4574.217,4594.974,14782,0
2026-03-25 02:00:00,4594.92,4596.406,4579.642,4586.897,13275,0
2026-03-25 02:30:00,4587.184,4602.458,4581.229,4583.677,12016,0
2026-03-25 03:00:00,4583.482,4586.192,4571.821,4575.434,10445,0
2026-03-25 03:30:00,4575.371,4578.056,4567.503,4570.152,6760,0
2026-03-25 04:00:00,4570.157,4574.686,4565.569,4574.12,5255,0
2026-03-25 04:30:00,4573.996,4574.541,4566.037,4572.299,4370,0
2026-03-25 05:00:00,4572.644,4573.383,4553.665,4554.77,6888,0
2026-03-25 05:30:00,4554.696,4566.774,4549.282,4555.425,12559,0
2026-03-25 06:00:00,4555.699,4556.936,4533.157,4550.109,12130,0
2026-03-25 06:30:00,4550.17,4556.701,4542.919,4545.347,9202,0
2026-03-25 07:00:00,4545.286,4563.308,4544.624,4561.171,8473,0
2026-03-25 07:30:00,4560.912,4561.231,4536.861,4539.389,12378,0
2026-03-25 08:00:00,4539.476,4567.781,4535.624,4565.636,16743,0
2026-03-25 08:30:00,4565.612,4567.387,4553.136,4556.234,16291,0
2026-03-25 09:00:00,4556.181,4567.616,4554.218,4558.295,10679,0
2026-03-25 09:30:00,4558.254,4560.352,4527.474,4551.962,16246,0
2026-03-25 10:00:00,4551.881,4560.98,4551.137,4555.369,11069,0
2026-03-25 10:30:00,4555.371,4562.438,4550.933,4558.893,9535,0
2026-03-25 11:00:00,4558.942,4582.94,4555.987,4579.873,9444,0
2026-03-25 11:30:00,4579.701,4585.701,4572.355,4578.795,13329,0
2026-03-25 12:00:00,4578.744,4583.83,4540.067,4545.234,26324,0
2026-03-25 12:30:00,4544.695,4554.584,4522.03,4544.058,23451,0
2026-03-25 13:00:00,4543.95,4571.35,4541.095,4569.006,25317,0
2026-03-25 13:30:00,4569.112,4576.485,4540.743,4544.789,44019,0
2026-03-25 14:00:00,4544.692,4562.672,4532.875,4562.485,36990,0
2026-03-25 14:30:00,4562.787,4579.377,4557.418,4567.249,19515,0
2026-03-25 15:00:00,4567.295,4569.105,4525.001,4560.72,31150,0
2026-03-25 15:30:00,4560.66,4565.901,4553.426,4559.113,18511,0
2026-03-25 16:00:00,4559.056,4564.986,4545.138,4555.378,22616,0
2026-03-25 16:30:00,4555.434,4560.896,4549.624,4555.434,15273,0
2026-03-25 17:00:00,4555.387,4558.453,4542.581,4553.481,15794,0
2026-03-25 17:30:00,4553.557,4564.021,4545.549,4550.714,13979,0
2026-03-25 18:00:00,4550.647,4569.031,4545.508,4551.87,20631,0
2026-03-25 18:30:00,4551.861,4557.814,4530.626,4538.317,13303,0
2026-03-25 19:00:00,4538.362,4539.634,4486.821,4513.073,28530,0
2026-03-25 19:30:00,4513.169,4533.803,4506.131,4530.658,16493,0
2026-03-25 20:00:00,4530.594,4542.058,4522.094,4523.531,8898,0
2026-03-25 20:30:00,4523.557,4524.962,4494.554,4505.785,10796,0
2026-03-25 22:00:00,4518.062,4532.066,4505.589,4511.88,8010,0
2026-03-25 22:30:00,4511.876,4534.671,4508.346,4517.528,7660,0
2026-03-25 23:00:00,4517.643,4518.277,4497.04,4505.457,8021,0
2026-03-25 23:30:00,4505.39,4511.087,4488.884,4498.103,7470,0
2026-03-26 00:00:00,4498.351,4535.556,4498.122,4525.263,16471,0
2026-03-26 00:30:00,4525.189,4539.337,4524.577,4535.789,11655,0
2026-03-26 01:00:00,4535.742,4544.567,4526.789,4534.5,20533,0
2026-03-26 01:30:00,4534.402,4537.818,4522.368,4535.615,13877,0
2026-03-26 02:00:00,4535.696,4535.853,4524.985,4528.324,10605,0
2026-03-26 02:30:00,4528.227,4530.69,4505.624,4508.953,12914,0
2026-03-26 03:00:00,4508.73,4513.577,4499.955,4506.477,11961,0
2026-03-26 03:30:00,4506.625,4518.898,4506.332,4516.446,6431,0
2026-03-26 04:00:00,4516.5,4522.1,4511.522,4520.686,5525,0
2026-03-26 04:30:00,4520.975,4524.097,4516.392,4520.444,4836,0
2026-03-26 05:00:00,4520.512,4522.34,4488.931,4493.648,9653,0
2026-03-26 05:30:00,4493.719,4495.721,4438.822,4438.972,27806,0
2026-03-26 06:00:00,4439.136,4450.566,4415.73,4440.055,34337,0
2026-03-26 06:30:00,4439.996,4459.384,4430.655,4456.193,19287,0
2026-03-26 07:00:00,4456.336,4460.544,4438.833,4448.42,18981,0
2026-03-26 07:30:00,4448.348,4463.877,4447.658,4452.742,16586,0
2026-03-26 08:00:00,4452.531,4459.249,4425.163,4428.512,25406,0
2026-03-26 08:30:00,4428.404,4440.143,4412.354,4427.746,25453,0
2026-03-26 09:00:00,4427.766,4437.069,4418.161,4432.134,19593,0
2026-03-26 09:30:00,4432.252,4432.252,4414.335,4423.589,19157,0
2026-03-26 10:00:00,4423.579,4448.074,4416.975,4441.936,13617,0
2026-03-26 10:30:00,4441.867,4447.544,4423.381,4443.278,19212,0
2026-03-26 11:00:00,4443.333,4456.805,4439.317,4443.385,14434,0
2026-03-26 11:30:00,4443.476,4451.906,4418.935,4423.15,17280,0
2026-03-26 12:00:00,4423.194,4445.796,4416.248,4438.093,20215,0
2026-03-26 12:30:00,4437.896,4444.957,4428.274,4429.249,18348,0
2026-03-26 13:00:00,4429.137,4453.87,4420.176,4448.064,25582,0
2026-03-26 13:30:00,4448.001,4460.325,4429.115,4452.581,47526,0
2026-03-26 14:00:00,4452.633,4469.813,4437.213,4459.04,35659,0
2026-03-26 14:30:00,4459.103,4479.502,4445.822,4464.987,45726,0
2026-03-26 15:00:00,4464.859,4469.19,4448.622,4454.468,28681,0
2026-03-26 15:30:00,4454.424,4454.424,4433.705,4438.118,27306,0
2026-03-26 16:00:00,4438.071,4442.828,4386.746,4396.633,31104,0
2026-03-26 16:30:00,4396.541,4396.541,4366.713,4389.39,39862,0
2026-03-26 17:00:00,4389.349,4402.645,4377.372,4383.356,28815,0
2026-03-26 17:30:00,4383.286,4393.108,4377.378,4381.273,19780,0
2026-03-26 18:00:00,4381.223,4390.798,4367.599,4374.002,20381,0
2026-03-26 18:30:00,4374.054,4397.857,4373.236,4394.365,14354,0
2026-03-26 19:00:00,4394.322,4399.273,4378.434,4380.443,15136,0
2026-03-26 19:30:00,4380.495,4388.494,4359.008,4364.039,25155,0
2026-03-26 20:00:00,4363.973,4416.174,4350.95,4404.384,45702,0
2026-03-26 20:30:00,4404.538,4420.705,4372.931,4380.944,24816,0
2026-03-26 22:00:00,4382.189,4407.737,4380.987,4398.191,7543,0
2026-03-26 22:30:00,4398.197,4415.115,4394.997,4411.334,4817,0
2026-03-26 23:00:00,4411.208,4414.321,4389.986,4399.224,5929,0
2026-03-26 23:30:00,4399.251,4408.197,4396.168,4404.911,5012,0
2026-03-27 00:00:00,4404.958,4411.088,4382.577,4391.254,10729,0
2026-03-27 00:30:00,4391.244,4396.438,4375.187,4378.411,12982,0
2026-03-27 01:00:00,4378.434,4406.44,4377.052,4406.44,17126,0
2026-03-27 01:30:00,4406.38,4420.808,4403.4,4417.2,11915,0
2026-03-27 02:00:00,4417.246,4439.626,4417.014,4430.967,12349,0
2026-03-27 02:30:00,4430.981,4440.666,4424.576,4431.939,11673,0
2026-03-27 03:00:00,4431.943,4436.974,4421.088,4435.085,10608,0
2026-03-27 03:30:00,4435.096,4446.168,4430.948,4437.392,8086,0
2026-03-27 04:00:00,4437.553,4439.772,4431.378,4434.043,5191,0
2026-03-27 04:30:00,4434.105,4449.482,4433.821,4446.151,5196,0
2026-03-27 05:00:00,4446.12,4447.424,4440.324,4443.386,6880,0
2026-03-27 05:30:00,4443.083,4475.324,4442.545,4454.611,17920,0
2026-03-27 06:00:00,4454.56,4473.016,4451.765,4463.534,14399,0
2026-03-27 06:30:00,4463.456,4468.632,4454.441,4459.554,10518,0
2026-03-27 07:00:00,4459.705,4462.962,4447.63,4452.16,9890,0
2026-03-27 07:30:00,4452.278,4456.021,4442.647,4447.634,8727,0
2026-03-27 08:00:00,4447.529,4450.947,4430.548,4433.952,12193,0
2026-03-27 08:30:00,4433.993,4440.059,4423.694,4424.257,10841,0
2026-03-27 09:00:00,4424.211,4436.322,4420.786,4434.493,11738,0
2026-03-27 09:30:00,4434.247,4438.36,4426.884,4428.903,7899,0
2026-03-27 10:00:00,4428.925,4432.988,4423.696,4429.049,8448,0
2026-03-27 10:30:00,4429.148,4430.399,4410.478,4414.879,10340,0
2026-03-27 11:00:00,4414.76,4417.344,4404.209,4415.33,11469,0
2026-03-27 11:30:00,4415.375,4426.366,4413.662,4419.818,9370,0
2026-03-27 12:00:00,4419.871,4434.348,4412.674,4429.464,13255,0
2026-03-27 12:30:00,4429.446,4445.334,4424.561,4437.744,11182,0
2026-03-27 13:00:00,4437.801,4443.745,4418.426,4422.139,12585,0
2026-03-27 13:30:00,4422.197,4441.551,4413.404,4431.56,18841,0
2026-03-27 14:00:00,4431.614,4470.064,4430.649,4455.262,20327,0
2026-03-27 14:30:00,4455.204,4514.86,4451.714,4509.638,21248,0
2026-03-27 15:00:00,4509.765,4555.421,4501.763,4543.609,30145,0
2026-03-27 15:30:00,4543.673,4552.792,4520.433,4523.995,19307,0
2026-03-27 16:00:00,4524.058,4533.849,4518.083,4528.226,12713,0
2026-03-27 16:30:00,4528.285,4528.979,4505.59,4515.931,12497,0
2026-03-27 17:00:00,4515.996,4521.974,4486.666,4494.201,13624,0
2026-03-27 17:30:00,4493.998,4499.99,4486.289,4486.524,9871,0
2026-03-27 18:00:00,4486.662,4511.458,4486.662,4509.095,12121,0
2026-03-27 18:30:00,4509.179,4528.66,4508.451,4516.907,9851,0
2026-03-27 19:00:00,4516.847,4523.939,4507.385,4522.733,8993,0
2026-03-27 19:30:00,4522.793,4526.119,4500.687,4514.485,11013,0
2026-03-27 20:00:00,4514.543,4520.336,4504.393,4506.595,5644,0
2026-03-27 20:30:00,4506.539,4512.686,4490.79,4495.377,5871,0
2026-03-29 22:00:00,4511.704,4513.9,4480.837,4509.106,9802,0
2026-03-29 22:30:00,4509.2,4513.077,4480.369,4484.679,7503,0
2026-03-29 23:00:00,4484.625,4492.614,4464.592,4472.414,6703,0
2026-03-29 23:30:00,4472.354,4472.354,4443.776,4448.566,9524,0
2026-03-30 00:00:00,4448.666,4466.886,4418.467,4449.281,22930,0
2026-03-30 00:30:00,4449.047,4459.096,4430.34,4432.287,13113,0
2026-03-30 01:00:00,4432.095,4466.349,4431.57,4448.676,21048,0
2026-03-30 01:30:00,4448.453,4475.619,4444.854,4469.458,14111,0
2026-03-30 02:00:00,4469.423,4474.435,4465.113,4472.73,8530,0
2026-03-30 02:30:00,4472.823,4499.208,4458.802,4481.098,11965,0
2026-03-30 03:00:00,4481.183,4517.59,4478.739,4507.124,11046,0
2026-03-30 03:30:00,4506.895,4507.729,4494.563,4496.149,5912,0
2026-03-30 04:00:00,4495.938,4498.744,4486.731,4490.708,5351,0
2026-03-30 04:30:00,4490.503,4498.749,4486.177,4496.887,4612,0
2026-03-30 05:00:00,4496.944,4515.864,4496.705,4505.468,5958,0
2026-03-30 05:30:00,4505.474,4528.363,4503.421,4522.32,9463,0
2026-03-30 06:00:00,4522.414,4535.393,4516.85,4528.513,11281,0
2026-03-30 06:30:00,4528.471,4550.588,4525.967,4532.561,8728,0
2026-03-30 07:00:00,4532.5,4534.929,4520.578,4522.617,8762,0
2026-03-30 07:30:00,4522.554,4527.977,4515.673,4527.204,7775,0
2026-03-30 08:00:00,4527.084,4537.133,4525.027,4528.602,7325,0
2026-03-30 08:30:00,4528.539,4540.581,4528.42,4538.058,4857,0
2026-03-30 09:00:00,4538.311,4540.565,4523.704,4527.498,6826,0
2026-03-30 09:30:00,4527.649,4538.491,4523.727,4532.405,6220,0
2026-03-30 10:00:00,4532.195,4540.042,4527.51,4531.227,5296,0
2026-03-30 10:30:00,4531.211,4535.67,4528.223,4532.448,4942,0
2026-03-30 11:00:00,4532.504,4547.961,4525.408,4543.521,11484,0
2026-03-30 11:30:00,4543.474,4580.694,4538.58,4559.383,13773,0
2026-03-30 12:00:00,4559.444,4568.134,4545.33,4565.951,9413,0
2026-03-30 12:30:00,4565.743,4578.064,4563.797,4569.328,8697,0
2026-03-30 13:00:00,4569.491,4578.606,4558.855,4567.558,11556,0
2026-03-30 13:30:00,4567.673,4573.931,4516.608,4523.35,26687,0
2026-03-30 14:00:00,4523.29,4536.063,4512.119,4519.049,19840,0
2026-03-30 14:30:00,4518.845,4541.207,4517.519,4538.655,18092,0
2026-03-30 15:00:00,4538.706,4543.38,4524.705,4531.634,12670,0
2026-03-30 15:30:00,4531.588,4556.708,4527.48,4548.401,10956,0
2026-03-30 16:00:00,4548.345,4549.647,4536.646,4536.941,8603,0
2026-03-30 16:30:00,4536.876,4548.853,4531.534,4539.764,7471,0
2026-03-30 17:00:00,4539.946,4542.132,4519.393,4527.666,9631,0
2026-03-30 17:30:00,4527.574,4528.693,4511.245,4514.881,10336,0
2026-03-30 18:00:00,4514.817,4523.074,4511.373,4513.848,7793,0
2026-03-30 18:30:00,4513.972,4519.539,4498.27,4498.763,7177,0
2026-03-30 19:00:00,4498.959,4504.933,4492.993,4501.857,11812,0
2026-03-30 19:30:00,4501.81,4518.272,4497.994,4513.621,10680,0
2026-03-30 20:00:00,4513.548,4516.435,4501.917,4505.798,4236,0
2026-03-30 20:30:00,4505.861,4511.291,4500.748,4511.24,2993,0
2026-03-30 22:00:00,4513.963,4523.756,4502.09,4514.267,3811,0
2026-03-30 22:30:00,4514.457,4518.807,4508.164,4510.868,2692,0
2026-03-30 23:00:00,4510.776,4510.776,4492.358,4505.136,5273,0
2026-03-30 23:30:00,4505.198,4521.347,4503.864,4513.571,4325,0
2026-03-31 00:00:00,4513.54,4528.254,4482.562,4512.06,13732,0
2026-03-31 00:30:00,4512.179,4548.206,4506.401,4547.821,17235,0
2026-03-31 01:00:00,4547.882,4585.768,4531.96,4581.502,16996,0
2026-03-31 01:30:00,4581.397,4619.464,4577.38,4604.845,21958,0
2026-03-31 02:00:00,4604.893,4607.119,4578.914,4582.689,11889,0
2026-03-31 02:30:00,4582.619,4588.248,4565.406,4568.311,11415,0
2026-03-31 03:00:00,4568.242,4577.017,4555.687,4561.593,9572,0
2026-03-31 03:30:00,4561.689,4565.93,4550.304,4556.941,5969,0
2026-03-31 04:00:00,4556.946,4569.565,4556.946,4561.467,5474,0
2026-03-31 04:30:00,4561.348,4568.982,4559.985,4564.909,4534,0
2026-03-31 05:00:00,4564.721,4570.784,4547.704,4561.243,6484,0
2026-03-31 05:30:00,4561.466,4581.748,4558.497,4568.734,9235,0
2026-03-31 06:00:00,4568.921,4569.105,4553.239,4560.84,8861,0
2026-03-31 06:30:00,4560.779,4565.718,4554.275,4557.319,6194,0
2026-03-31 07:00:00,4557.381,4564.052,4543.2,4552.283,7903,0
2026-03-31 07:30:00,4552.224,4565.811,4551.948,4564.411,5683,0
2026-03-31 08:00:00,4564.492,4573.326,4560.602,4572.088,7133,0
2026-03-31 08:30:00,4572.251,4575.031,4567.248,4568.58,5835,0
2026-03-31 09:00:00,4568.693,4572.223,4561.236,4562.299,5428,0
2026-03-31 09:30:00,4562.124,4562.558,4550.101,4555.413,7075,0
2026-03-31 10:00:00,4555.352,4561.772,4555.03,4560.483,4367,0
2026-03-31 10:30:00,4560.449,4560.795,4529.263,4546.968,8795,0
2026-03-31 11:00:00,4546.89,4583.1,4540.957,4575.176,16980,0
2026-03-31 11:30:00,4575.331,4593.107,4568.76,4582.116,10288,0
2026-03-31 12:00:00,4582.32,4597.59,4571.486,4579.257,14404,0
2026-03-31 12:30:00,4579.35,4589.779,4569.069,4574.886,7780,0
2026-03-31 13:00:00,4574.941,4587.942,4567.818,4572.911,8818,0
2026-03-31 13:30:00,4572.958,4609.592,4568.237,4607.412,15000,0
2026-03-31 14:00:00,4607.305,4625.397,4602.73,4618.765,19302,0
2026-03-31 14:30:00,4618.854,4630.188,4594.738,4598.899,17731,0
2026-03-31 15:00:00,4599.083,4625.327,4599.083,4610.278,12842,0
2026-03-31 15:30:00,4610.172,4623.609,4607.017,4609.586,9217,0
2026-03-31 16:00:00,4609.528,4619.93,4606.87,4617.574,7753,0
2026-03-31 16:30:00,4617.63,4651.616,4614.914,4638.25,32680,0
2026-03-31 17:00:00,4638.314,4658.077,4636.421,4648.599,18315,0
2026-03-31 17:30:00,4648.486,4667.367,4645.188,4654.703,16204,0
2026-03-31 18:00:00,4654.663,4668.887,4653.59,4664.26,9973,0
2026-03-31 18:30:00,4664.197,4671.104,4659.77,4667.394,7818,0
2026-03-31 19:00:00,4667.51,4681.22,4661.598,4672.719,10547,0
2026-03-31 19:30:00,4672.772,4685.67,4672.27,4682.776,8742,0
2026-03-31 20:00:00,4682.714,4687.332,4669.053,4669.585,5727,0
2026-03-31 20:30:00,4669.521,4675.398,4664.637,4668.181,3678,0
2026-03-31 22:00:00,4681.652,4686.603,4662.98,4674.642,4895,0
2026-03-31 22:30:00,4674.496,4696.332,4661.87,4680.896,8153,0
2026-03-31 23:00:00,4680.988,4684.384,4671.824,4682.342,4054,0
2026-03-31 23:30:00,4682.514,4699.99,4681.843,4696.42,4202,0
2026-04-01 00:00:00,4696.362,4721.791,4693.436,4721.691,9660,0
2026-04-01 00:30:00,4721.614,4722.402,4700.073,4710.987,7966,0
2026-04-01 01:00:00,4711.044,4724.207,4689.6,4708.235,15370,0
2026-04-01 01:30:00,4708.031,4708.193,4681.262,4692.558,9347,0
2026-04-01 02:00:00,4692.627,4700.535,4683.257,4687.277,7436,0
2026-04-01 02:30:00,4687.194,4690.232,4678.219,4684.684,6616,0
2026-04-01 03:00:00,4684.618,4694.236,4682.564,4687.379,5307,0
2026-04-01 03:30:00,4687.306,4688.842,4679.71,4681.965,4129,0
2026-04-01 04:00:00,4682.039,4682.145,4667.099,4672.449,4236,0
2026-04-01 04:30:00,4672.229,4681.725,4669.209,4676.485,3399,0
2026-04-01 05:00:00,4676.262,4690.031,4674.721,4686.033,4531,0
2026-04-01 05:30:00,4686.159,4703.421,4684.014,4684.345,6853,0
2026-04-01 06:00:00,4684.41,4711.443,4682.363,4709.209,8148,0
2026-04-01 06:30:00,4709.044,4733.045,4702.282,4730.476,8602,0
2026-04-01 07:00:00,4730.533,4732.776,4713.058,4723.051,8219,0
2026-04-01 07:30:00,4723.122,4747.67,4709.633,4712.892,10109,0
2026-04-01 08:00:00,4712.969,4735.731,4710.449,4730.586,8926,0
2026-04-01 08:30:00,4730.46,4740.383,4726.335,4728.583,6955,0
2026-04-01 09:00:00,4728.641,4730.086,4713.946,4719.268,6006,0
2026-04-01 09:30:00,4719.206,4727.653,4713.12,4723.136,6217,0
2026-04-01 10:00:00,4723.075,4729.337,4715.353,4728.069,5396,0
2026-04-01 10:30:00,4728.052,4738.774,4726.044,4731.247,5098,0
2026-04-01 11:00:00,4731.186,4746.306,4728.21,4744.923,5827,0
2026-04-01 11:30:00,4745.02,4762.899,4744.658,4752.159,7449,0
2026-04-01 12:00:00,4752.104,4753.66,4724.667,4735.342,8670,0
2026-04-01 12:30:00,4735.012,4753.616,4724.121,4724.551,20162,0
2026-04-01 13:00:00,4724.787,4742.239,4715.923,4736.263,13289,0
2026-04-01 13:30:00,4736.129,4749.39,4730.724,4738.101,19647,0
2026-04-01 14:00:00,4738.22,4754.906,4724.148,4741.94,18133,0
2026-04-01 14:30:00,4741.902,4768.907,4734.715,4760.852,14991,0
2026-04-01 15:00:00,4760.909,4776.474,4758.161,4772.608,11226,0
2026-04-01 15:30:00,4772.852,4788.333,4769.717,4786.549,8936,0
2026-04-01 16:00:00,4786.655,4790.756,4774.111,4776.641,8269,0
2026-04-01 16:30:00,4776.711,4788.404,4775.119,4787.104,4679,0
2026-04-01 17:00:00,4787.252,4792.885,4782.312,4785.089,5836,0
2026-04-01 17:30:00,4784.987,4785.985,4773.501,4774.416,6027,0
2026-04-01 18:00:00,4774.39,4775.203,4753.036,4754.113,11771,0
2026-04-01 18:30:00,4754.172,4766.001,4741.975,4753.191,11503,0
2026-04-01 19:00:00,4753.3,4769.157,4750.947,4765.567,8635,0
2026-04-01 19:30:00,4765.482,4778.093,4758.057,4766.131,9170,0
2026-04-01 20:00:00,4765.832,4771.23,4760.991,4762.203,3783,0
2026-04-01 20:30:00,4762.194,4763.796,4754.038,4756.817,3284,0
2026-04-01 22:00:00,4758.857,4774.047,4756.43,4772.725,1525,0
2026-04-01 22:30:00,4772.753,4782.779,4770.9,4776.579,3338,0
2026-04-01 23:00:00,4776.575,4798.91,4773.723,4794.72,4134,0
2026-04-01 23:30:00,4795.038,4800.288,4778.254,4784.149,3845,0
2026-04-02 00:00:00,4784.22,4798.722,4774.863,4789.822,7607,0
2026-04-02 00:30:00,4789.811,4796.251,4783.439,4784.598,7270,0
2026-04-02 01:00:00,4784.449,4786.464,4686.164,4697.07,47212,0
2026-04-02 01:30:00,4697.0,4711.645,4650.353,4696.477,35209,0
2026-04-02 02:00:00,4696.444,4703.816,4678.53,4689.772,19258,0
2026-04-02 02:30:00,4689.947,4691.009,4655.035,4686.887,18185,0
2026-04-02 03:00:00,4686.911,4699.316,4677.716,4691.702,8741,0
2026-04-02 03:30:00,4691.765,4692.556,4675.606,4676.232,6525,0
2026-04-02 04:00:00,4676.194,4681.464,4662.147,4666.368,7647,0
2026-04-02 04:30:00,4666.431,4673.338,4657.042,4672.434,6195,0
2026-04-02 05:00:00,4672.494,4680.478,4666.383,4677.337,5980,0
2026-04-02 05:30:00,4677.003,4679.25,4585.935,4594.056,28055,0
2026-04-02 06:00:00,4594.349,4598.573,4553.758,4591.134,26320,0
2026-04-02 06:30:00,4591.22,4608.348,4581.444,4599.05,17920,0
2026-04-02 07:00:00,4598.99,4627.327,4597.095,4620.771,11237,0
2026-04-02 07:30:00,4620.596,4651.185,4619.27,4642.794,8878,0
2026-04-02 08:00:00,4642.739,4648.858,4628.737,4634.195,9724,0
2026-04-02 08:30:00,4634.2,4643.743,4617.042,4620.846,8506,0
2026-04-02 09:00:00,4620.636,4632.014,4612.95,4621.043,7377,0
2026-04-02 09:30:00,4620.808,4628.433,4615.217,4621.834,7202,0
2026-04-02 10:00:00,4621.927,4635.236,4603.862,4618.652,7839,0
2026-04-02 10:30:00,4618.637,4631.474,4613.462,4620.579,7635,0
2026-04-02 11:00:00,4620.434,4630.582,4614.185,4614.961,7571,0
2026-04-02 11:30:00,4614.899,4617.569,4592.684,4599.953,10567,0
2026-04-02 12:00:00,4599.95,4630.187,4594.429,4626.481,12444,0
2026-04-02 12:30:00,4626.356,4626.551,4600.312,4602.013,11083,0
2026-04-02 13:00:00,4602.077,4614.182,4580.323,4597.447,26514,0
2026-04-02 13:30:00,4597.503,4651.334,4585.914,4645.954,33164,0
2026-04-02 14:00:00,4646.012,4675.897,4631.623,4665.078,26058,0
2026-04-02 14:30:00,4664.986,4699.823,4658.851,4681.456,46327,0
2026-04-02 15:00:00,4681.556,4684.124,4658.084,4672.519,23599,0
2026-04-02 15:30:00,4672.577,4676.13,4652.564,4660.855,15592,0
2026-04-02 16:00:00,4660.917,4668.391,4642.724,4650.73,12516,0
2026-04-02 16:30:00,4650.819,4670.721,4650.513,4658.962,12735,0
2026-04-02 17:00:00,4658.863,4668.359,4650.947,4652.033,9950,0
2026-04-02 17:30:00,4651.944,4658.663,4645.679,4648.759,9725,0
2026-04-02 18:00:00,4648.779,4658.852,4647.393,4651.461,7171,0
2026-04-02 18:30:00,4651.382,4672.161,4651.307,4668.583,6718,0
2026-04-02 19:00:00,4668.517,4681.772,4664.303,4665.319,8404,0
2026-04-02 19:30:00,4665.233,4676.468,4661.433,4672.084,7250,0
2026-04-02 20:00:00,4672.145,4676.891,4664.388,4667.87,3810,0
2026-04-02 20:30:00,4667.907,4676.952,4666.594,4675.248,3770,0
2026-04-05 22:00:00,4662.786,4662.786,4613.95,4636.275,9470,0
2026-04-05 22:30:00,4636.41,4653.853,4608.436,4645.446,9547,0
2026-04-05 23:00:00,4645.542,4651.229,4609.225,4609.844,6466,0
2026-04-05 23:30:00,4609.854,4619.237,4605.062,4610.601,5387,0
2026-04-06 00:00:00,4610.685,4629.47,4600.547,4603.237,11946,0
2026-04-06 00:30:00,4603.291,4626.02,4602.882,4622.285,7487,0
2026-04-06 01:00:00,4622.149,4643.079,4620.561,4640.999,7622,0
2026-04-06 01:30:00,4640.917,4641.334,4621.43,4625.766,6041,0
2026-04-06 02:00:00,4626.034,4671.739,4623.598,4661.175,10001,0
2026-04-06 02:30:00,4661.205,4666.602,4644.373,4648.141,7605,0
2026-04-06 03:00:00,4648.077,4648.133,4625.196,4630.408,7887,0
2026-04-06 03:30:00,4630.285,4642.211,4625.394,4640.471,4739,0
2026-04-06 04:00:00,4640.483,4648.602,4639.913,4646.753,4066,0
2026-04-06 04:30:00,4646.61,4660.089,4642.841,4658.897,3340,0
2026-04-06 05:00:00,4658.903,4678.881,4657.746,4667.123,5960,0
2026-04-06 05:30:00,4667.324,4668.925,4651.382,4652.763,4504,0
2026-04-06 06:00:00,4652.77,4662.306,4643.392,4657.396,5577,0
2026-04-06 06:30:00,4657.181,4667.837,4651.627,4665.842,6368,0
2026-04-06 07:00:00,4665.784,4666.857,4644.963,4650.604,6045,0
2026-04-06 07:30:00,4650.537,4688.617,4650.106,4684.819,7167,0
2026-04-06 08:00:00,4684.75,4695.783,4680.458,4691.073,8183,0
2026-04-06 08:30:00,4691.265,4698.211,4689.776,4695.555,5269,0
2026-04-06 09:00:00,4695.623,4703.668,4695.623,4702.187,5727,0
2026-04-06 09:30:00,4702.252,4706.668,4690.797,4693.624,5759,0
2026-04-06 10:00:00,4693.47,4697.508,4685.872,4689.673,5075,0
2026-04-06 10:30:00,4689.588,4696.832,4684.766,4689.899,6251,0
2026-04-06 11:00:00,4689.967,4696.869,4685.346,4688.462,4896,0
2026-04-06 11:30:00,4688.509,4694.292,4677.027,4677.876,5189,0
2026-04-06 12:00:00,4677.935,4686.816,4659.499,4666.114,6675,0
2026-04-06 12:30:00,4666.178,4681.199,4665.785,4675.895,5581,0
2026-04-06 13:00:00,4675.715,4677.623,4659.661,4668.535,7369,0
2026-04-06 13:30:00,4668.837,4681.691,4660.686,4679.753,19526,0
2026-04-06 14:00:00,4680.125,4690.871,4660.12,4685.909,15094,0
2026-04-06 14:30:00,4686.046,4697.655,4674.854,4682.902,16072,0
2026-04-06 15:00:00,4682.976,4684.002,4655.205,4667.106,12164,0
2026-04-06 15:30:00,4667.4,4670.984,4652.008,4668.123,8289,0
2026-04-06 16:00:00,4668.204,4672.572,4662.33,4665.76,6348,0
2026-04-06 16:30:00,4665.684,4671.155,4657.656,4660.478,6423,0
2026-04-06 17:00:00,4660.545,4661.074,4645.687,4656.167,9781,0
2026-04-06 17:30:00,4656.239,4660.28,4651.552,4653.718,5242,0
2026-04-06 18:00:00,4653.775,4666.588,4650.799,4660.31,6685,0
2026-04-06 18:30:00,4660.311,4663.298,4648.628,4658.174,4904,0
2026-04-06 19:00:00,4658.237,4659.317,4645.399,4649.963,4483,0
2026-04-06 19:30:00,4649.897,4658.123,4648.495,4655.301,3925,0
2026-04-06 20:00:00,4655.267,4658.0,4652.155,4655.947,2274,0
2026-04-06 20:30:00,4655.892,4658.351,4649.109,4649.887,2137,0
2026-04-06 22:00:00,4661.108,4667.769,4659.103,4662.208,3566,0
2026-04-06 22:30:00,4662.065,4663.046,4656.77,4658.358,1834,0
2026-04-06 23:00:00,4658.47,4661.144,4653.284,4654.652,1959,0
2026-04-06 23:30:00,4654.565,4660.221,4651.601,4658.85,2281,0
2026-04-07 00:00:00,4658.955,4661.093,4649.028,4659.121,6043,0
2026-04-07 00:30:00,4659.007,4661.428,4654.272,4654.995,3718,0
2026-04-07 01:00:00,4654.692,4664.174,4627.285,4654.596,20436,0
2026-04-07 01:30:00,4654.773,4662.382,4616.266,4626.778,18216,0
2026-04-07 02:00:00,4626.75,4635.238,4619.676,4634.362,9052,0
2026-04-07 02:30:00,4634.313,4654.068,4633.664,4650.351,6971,0
2026-04-07 03:00:00,4650.295,4654.034,4639.48,4642.459,6135,0
2026-04-07 03:30:00,4642.662,4651.145,4641.857,4649.663,3272,0
2026-04-07 04:00:00,4649.489,4651.471,4645.543,4650.249,3460,0
2026-04-07 04:30:00,4650.306,4664.251,4649.733,4659.667,4705,0
2026-04-07 05:00:00,4659.733,4661.45,4630.372,4632.685,5144,0
2026-04-07 05:30:00,4632.471,4646.595,4622.779,4642.825,10972,0
2026-04-07 06:00:00,4643.142,4649.263,4637.658,4641.065,8673,0
2026-04-07 06:30:00,4640.989,4656.377,4640.888,4653.304,6812,0
2026-04-07 07:00:00,4653.169,4657.123,4638.727,4639.738,7407,0
2026-04-07 07:30:00,4639.672,4646.963,4636.63,4645.856,4813,0
2026-04-07 08:00:00,4646.159,4690.709,4644.148,4678.427,16307,0
2026-04-07 08:30:00,4678.49,4687.716,4676.908,4682.931,8943,0
2026-04-07 09:00:00,4682.909,4694.584,4680.884,4686.699,7852,0
2026-04-07 09:30:00,4686.698,4687.015,4658.726,4670.721,8931,0
2026-04-07 10:00:00,4670.779,4680.437,4657.913,4668.054,13002,0
2026-04-07 10:30:00,4668.079,4671.909,4649.101,4652.178,10701,0
2026-04-07 11:00:00,4652.065,4656.237,4628.627,4647.692,10704,0
2026-04-07 11:30:00,4647.895,4664.152,4647.167,4659.776,6910,0
2026-04-07 12:00:00,4659.862,4670.777,4651.243,4665.98,10938,0
2026-04-07 12:30:00,4666.182,4667.689,4646.713,4651.413,8524,0
2026-04-07 13:00:00,4651.751,4663.021,4648.179,4657.822,10200,0
2026-04-07 13:30:00,4657.878,4663.167,4635.449,4644.342,17471,0
2026-04-07 14:00:00,4644.08,4649.453,4607.254,4645.093,22857,0
2026-04-07 14:30:00,4645.152,4661.281,4629.841,4633.392,15369,0
2026-04-07 15:00:00,4633.326,4653.393,4624.816,4653.18,15256,0
2026-04-07 15:30:00,4652.86,4659.371,4640.63,4655.601,10714,0
2026-04-07 16:00:00,4655.482,4668.329,4652.411,4662.689,12975,0
2026-04-07 16:30:00,4662.619,4663.972,4655.84,4657.12,7234,0
2026-04-07 17:00:00,4657.1,4673.194,4653.812,4660.037,7908,0
2026-04-07 17:30:00,4660.092,4686.458,4660.092,4676.051,9674,0
2026-04-07 18:00:00,4675.917,4686.098,4675.761,4680.343,5899,0
2026-04-07 18:30:00,4680.411,4686.355,4657.35,4662.318,7443,0
2026-04-07 19:00:00,4662.379,4702.697,4660.69,4687.262,44135,0
2026-04-07 19:30:00,4687.34,4718.702,4681.664,4700.621,20752,0
2026-04-07 20:00:00,4700.684,4712.813,4697.178,4710.36,8359,0
2026-04-07 20:30:00,4710.255,4717.051,4703.415,4706.244,7395,0
2026-04-07 22:00:00,4740.816,4752.027,4725.56,4735.177,7441,0
2026-04-07 22:30:00,4735.175,4819.872,4713.602,4818.159,19770,0
2026-04-07 23:00:00,4818.321,4828.999,4801.823,4814.353,15925,0
2026-04-07 23:30:00,4814.249,4836.35,4803.967,4833.203,10837,0
2026-04-08 00:00:00,4833.471,4857.34,4818.855,4822.785,22196,0
2026-04-08 00:30:00,4822.845,4826.854,4808.753,4817.738,10860,0
2026-04-08 01:00:00,4817.682,4825.249,4791.717,4794.03,20380,0
2026-04-08 01:30:00,4793.935,4814.114,4788.013,4810.231,10773,0
2026-04-08 02:00:00,4810.151,4825.162,4807.857,4811.625,6158,0
2026-04-08 02:30:00,4811.747,4820.535,4798.466,4803.729,6714,0
2026-04-08 03:00:00,4803.788,4805.984,4796.239,4803.158,5432,0
2026-04-08 03:30:00,4803.066,4804.89,4795.008,4797.596,4668,0
2026-04-08 04:00:00,4797.615,4803.804,4790.052,4802.433,5003,0
2026-04-08 04:30:00,4802.074,4806.661,4797.555,4803.451,4066,0
2026-04-08 05:00:00,4803.75,4816.424,4800.286,4815.8,4622,0
2026-04-08 05:30:00,4815.73,4843.822,4813.602,4827.893,8076,0
2026-04-08 06:00:00,4827.35,4836.732,4821.231,4836.601,8290,0
2026-04-08 06:30:00,4836.207,4839.718,4820.012,4820.012,8047,0
2026-04-08 07:00:00,4819.922,4821.113,4808.974,4818.22,8079,0
2026-04-08 07:30:00,4818.543,4820.459,4805.183,4813.413,5907,0
2026-04-08 08:00:00,4813.481,4819.841,4798.481,4808.329,6427,0
2026-04-08 08:30:00,4808.278,4808.278,4790.167,4793.841,7099,0
2026-04-08 09:00:00,4793.945,4806.723,4793.338,4798.604,4471,0
2026-04-08 09:30:00,4798.543,4803.699,4776.158,4783.301,7808,0
2026-04-08 10:00:00,4783.257,4790.348,4770.987,4782.496,5525,0
2026-04-08 10:30:00,4782.554,4796.177,4780.009,4782.71,4717,0
2026-04-08 11:00:00,4782.625,4797.07,4779.688,4789.882,7096,0
2026-04-08 11:30:00,4789.821,4802.827,4777.847,4798.457,8109,0
2026-04-08 12:00:00,4798.509,4807.082,4768.442,4784.273,15505,0
2026-04-08 12:30:00,4784.001,4802.651,4783.429,4799.671,7589,0
2026-04-08 13:00:00,4799.571,4806.699,4789.094,4790.58,8826,0
2026-04-08 13:30:00,4790.493,4794.794,4767.58,4777.771,20512,0
2026-04-08 14:00:00,4777.822,4791.974,4761.319,4767.48,17575,0
2026-04-08 14:30:00,4767.851,4770.155,4732.165,4736.428,19529,0
2026-04-08 15:00:00,4736.198,4757.647,4734.248,4750.764,13753,0
2026-04-08 15:30:00,4750.808,4763.231,4750.38,4756.462,7910,0
2026-04-08 16:00:00,4756.609,4762.394,4745.181,4750.145,7876,0
2026-04-08 16:30:00,4750.211,4765.618,4747.813,4760.641,5596,0
2026-04-08 17:00:00,4760.528,4764.395,4745.507,4751.073,7018,0
2026-04-08 17:30:00,4751.125,4754.29,4731.564,4734.134,8794,0
2026-04-08 18:00:00,4734.058,4744.455,4716.708,4722.601,14916,0
2026-04-08 18:30:00,4722.667,4724.987,4703.423,4705.432,10709,0
2026-04-08 19:00:00,4705.251,4718.513,4699.492,4708.654,12836,0
2026-04-08 19:30:00,4708.593,4731.856,4707.958,4730.439,7336,0
2026-04-08 20:00:00,4730.529,4732.209,4721.766,4723.141,3627,0
2026-04-08 20:30:00,4723.131,4724.436,4716.984,4719.615,2634,0
2026-04-08 22:00:00,4729.169,4732.601,4704.566,4713.655,4577,0
2026-04-08 22:30:00,4713.629,4720.055,4706.102,4717.771,3704,0
2026-04-08 23:00:00,4717.637,4717.637,4705.396,4709.841,3968,0
2026-04-08 23:30:00,4710.136,4720.026,4707.143,4715.52,2880,0
2026-04-09 00:00:00,4715.678,4715.935,4698.134,4706.478,7945,0
2026-04-09 00:30:00,4706.382,4719.081,4705.669,4706.629,5967,0
2026-04-09 01:00:00,4706.571,4723.494,4699.615,4704.943,13864,0
2026-04-09 01:30:00,4704.718,4728.007,4703.81,4727.112,7320,0
2026-04-09 02:00:00,4727.176,4728.844,4721.153,4725.554,4864,0
2026-04-09 02:30:00,4725.473,4732.955,4717.502,4719.169,5284,0
2026-04-09 03:00:00,4719.108,4720.28,4705.164,4712.417,5765,0
2026-04-09 03:30:00,4712.476,4714.923,4706.602,4711.444,4106,0
2026-04-09 04:00:00,4711.554,4723.347,4709.679,4717.133,3124,0
2026-04-09 04:30:00,4717.136,4725.51,4714.357,4720.926,3355,0
2026-04-09 05:00:00,4720.986,4726.65,4710.553,4726.155,4381,0
2026-04-09 05:30:00,4726.461,4726.461,4705.71,4713.347,7234,0
2026-04-09 06:00:00,4713.325,4725.367,4711.59,4718.441,6087,0
2026-04-09 06:30:00,4718.246,4723.08,4703.348,4712.632,7430,0
2026-04-09 07:00:00,4712.569,4730.241,4705.647,4708.632,8244,0
2026-04-09 07:30:00,4708.691,4731.242,4708.691,4724.228,7731,0
2026-04-09 08:00:00,4724.325,4727.865,4719.871,4721.366,5126,0
2026-04-09 08:30:00,4721.303,4733.186,4719.942,4726.249,4918,0
2026-04-09 09:00:00,4726.212,4733.382,4723.063,4729.847,4311,0
2026-04-09 09:30:00,4729.553,4732.513,4723.706,4729.112,4205,0
2026-04-09 10:00:00,4729.048,4739.874,4723.473,4737.985,4901,0
2026-04-09 10:30:00,4738.062,4746.644,4736.391,4741.271,4791,0
2026-04-09 11:00:00,4740.971,4747.469,4738.358,4745.569,4318,0
2026-04-09 11:30:00,4745.589,4757.459,4742.9,4756.362,4519,0
2026-04-09 12:00:00,4756.426,4759.84,4734.854,4737.644,6406,0
2026-04-09 12:30:00,4737.485,4747.937,4735.202,4745.755,7627,0
2026-04-09 13:00:00,4745.958,4758.469,4738.555,4752.547,9416,0
2026-04-09 13:30:00,4752.823,4777.234,4750.527,4764.454,13377,0
2026-04-09 14:00:00,4764.512,4776.199,4760.115,4765.579,10809,0
2026-04-09 14:30:00,4765.568,4768.91,4747.006,4768.249,9376,0
2026-04-09 15:00:00,4768.308,4786.402,4761.112,4778.921,8595,0
2026-04-09 15:30:00,4778.968,4797.98,4778.004,4792.875,12857,0
2026-04-09 16:00:00,4792.938,4801.052,4787.53,4792.572,7867,0
2026-04-09 16:30:00,4792.639,4795.428,4784.3,4788.667,6017,0
2026-04-09 17:00:00,4788.751,4798.461,4786.722,4792.975,5118,0
2026-04-09 17:30:00,4793.051,4801.202,4787.45,4797.639,5276,0
2026-04-09 18:00:00,4797.571,4798.155,4777.617,4781.989,8700,0
2026-04-09 18:30:00,4781.882,4782.24,4767.551,4772.235,7154,0
2026-04-09 19:00:00,4772.169,4782.662,4769.029,4773.481,6804,0
2026-04-09 19:30:00,4773.765,4777.91,4766.847,4768.865,17083,0
2026-04-09 20:00:00,4768.923,4773.32,4766.033,4770.061,2639,0
2026-04-09 20:30:00,4770.073,4771.524,4760.74,4764.982,3246,0
2026-04-09 22:00:00,4779.108,4779.317,4763.606,4764.337,3231,0
2026-04-09 22:30:00,4764.595,4767.18,4758.617,4764.061,2932,0
2026-04-09 23:00:00,4764.061,4764.256,4757.005,4758.412,2320,0
2026-04-09 23:30:00,4758.238,4764.097,4758.238,4763.591,2427,0
2026-04-10 00:00:00,4763.654,4763.654,4750.691,4753.842,6512,0
2026-04-10 00:30:00,4753.902,4763.069,4753.55,4762.878,4073,0
2026-04-10 01:00:00,4762.787,4767.116,4757.911,4762.333,7318,0
2026-04-10 01:30:00,4762.393,4777.119,4760.297,4764.602,6736,0
2026-04-10 02:00:00,4764.69,4765.345,4742.058,4744.637,6757,0
2026-04-10 02:30:00,4744.627,4753.449,4737.858,4752.9,5589,0
2026-04-10 03:00:00,4752.836,4762.177,4752.742,4756.224,4351,0
2026-04-10 03:30:00,4755.85,4769.528,4755.745,4766.321,3633,0
2026-04-10 04:00:00,4766.45,4770.84,4764.649,4765.678,2490,0
2026-04-10 04:30:00,4765.38,4765.566,4758.002,4758.673,2874,0
2026-04-10 05:00:00,4758.611,4764.022,4757.382,4759.865,3445,0
2026-04-10 05:30:00,4759.952,4769.178,4759.141,4766.064,4814,0
2026-04-10 06:00:00,4765.904,4765.904,4751.591,4755.247,5209,0
2026-04-10 06:30:00,4755.307,4758.571,4742.793,4746.548,5835,0
2026-04-10 07:00:00,4746.223,4756.171,4741.21,4753.732,4588,0
2026-04-10 07:30:00,4753.683,4757.451,4748.328,4749.724,3570,0
2026-04-10 08:00:00,4749.802,4753.262,4742.243,4746.76,4844,0
2026-04-10 08:30:00,4746.815,4752.132,4730.601,4740.607,5590,0
2026-04-10 09:00:00,4740.758,4760.842,4740.543,4748.63,7142,0
2026-04-10 09:30:00,4748.52,4753.313,4746.128,4751.421,4126,0
2026-04-10 10:00:00,4751.463,4760.624,4742.354,4758.084,4057,0
2026-04-10 10:30:00,4758.02,4759.663,4753.766,4757.208,3186,0
2026-04-10 11:00:00,4756.938,4762.508,4753.228,4761.497,3489,0
2026-04-10 11:30:00,4761.497,4768.949,4758.523,4768.056,3887,0
2026-04-10 12:00:00,4768.276,4771.184,4759.878,4762.369,5844,0
2026-04-10 12:30:00,4762.25,4782.249,4761.468,4771.927,9561,0
2026-04-10 13:00:00,4771.858,4780.24,4766.028,4775.839,8332,0
2026-04-10 13:30:00,4775.905,4778.733,4764.909,4775.074,12500,0
2026-04-10 14:00:00,4775.317,4792.761,4767.163,4790.503,10288,0
2026-04-10 14:30:00,4790.412,4795.16,4770.698,4774.877,10850,0
2026-04-10 15:00:00,4774.949,4787.323,4769.485,4776.146,7059,0
2026-04-10 15:30:00,4776.205,4778.472,4754.924,4761.992,11419,0
2026-04-10 16:00:00,4762.195,4765.18,4747.379,4758.251,9078,0
2026-04-10 16:30:00,4758.34,4766.013,4756.102,4763.796,6080,0
2026-04-10 17:00:00,4763.76,4768.562,4757.944,4762.868,5312,0
2026-04-10 17:30:00,4762.809,4765.666,4758.189,4760.388,4766,0
2026-04-10 18:00:00,4760.453,4769.382,4750.814,4765.73,5350,0
2026-04-10 18:30:00,4765.874,4773.273,4763.109,4765.059,4040,0
2026-04-10 19:00:00,4765.236,4770.499,4763.024,4763.547,3655,0
2026-04-10 19:30:00,4763.621,4765.515,4758.325,4759.735,4164,0
2026-04-10 20:00:00,4759.78,4759.986,4740.855,4745.635,3749,0
2026-04-10 20:30:00,4745.576,4752.435,4745.073,4749.32,3284,0
2026-04-12 22:00:00,4670.253,4685.152,4644.106,4647.605,7896,0
2026-04-12 22:30:00,4647.66,4660.383,4645.093,4658.844,5816,0
2026-04-12 23:00:00,4658.845,4660.635,4644.461,4653.229,4922,0
2026-04-12 23:30:00,4653.18,4671.818,4650.141,4671.255,4435,0
2026-04-13 00:00:00,4671.339,4676.105,4664.642,4673.083,7649,0
2026-04-13 00:30:00,4673.142,4698.609,4670.887,4695.61,6391,0
2026-04-13 01:00:00,4695.302,4721.479,4693.589,4717.259,14158,0
2026-04-13 01:30:00,4717.213,4728.11,4709.987,4721.125,9112,0
2026-04-13 02:00:00,4721.228,4725.848,4718.917,4720.049,5852,0
2026-04-13 02:30:00,4719.959,4727.968,4711.285,4720.493,6274,0
2026-04-13 03:00:00,4720.45,4721.828,4712.165,4718.826,4273,0
2026-04-13 03:30:00,4718.761,4723.863,4717.167,4718.12,3151,0
2026-04-13 04:00:00,4718.248,4718.541,4708.422,4712.442,3381,0
2026-04-13 04:30:00,4712.545,4724.982,4708.772,4723.173,3723,0
2026-04-13 05:00:00,4722.972,4726.082,4716.304,4720.275,3809,0
2026-04-13 05:30:00,4720.288,4730.726,4717.994,4729.518,5667,0
2026-04-13 06:00:00,4729.279,4731.988,4723.392,4731.499,5969,0
2026-04-13 06:30:00,4731.562,4732.739,4720.821,4725.43,4965,0
2026-04-13 07:00:00,4725.509,4738.683,4724.701,4730.882,6097,0
2026-04-13 07:30:00,4730.834,4740.049,4727.248,4733.772,5267,0
2026-04-13 08:00:00,4733.795,4738.595,4729.972,4732.08,4935,0
2026-04-13 08:30:00,4732.12,4736.291,4719.944,4723.493,5194,0
2026-04-13 09:00:00,4723.433,4728.643,4713.958,4715.019,5593,0
2026-04-13 09:30:00,4714.935,4719.934,4710.517,4714.755,4632,0
2026-04-13 10:00:00,4714.814,4718.907,4708.107,4712.369,4013,0
2026-04-13 10:30:00,4712.598,4723.913,4711.644,4721.986,3876,0
2026-04-13 11:00:00,4721.925,4729.099,4718.49,4721.168,4859,0
2026-04-13 11:30:00,4720.943,4722.43,4703.374,4706.779,7200,0
2026-04-13 12:00:00,4706.937,4720.183,4703.657,4710.444,7577,0
2026-04-13 12:30:00,4710.385,4725.15,4708.989,4723.434,6639,0
2026-04-13 13:00:00,4723.52,4737.556,4722.692,4733.057,9066,0
2026-04-13 13:30:00,4733.117,4744.721,4721.207,4730.649,18219,0
2026-04-13 14:00:00,4730.526,4731.298,4709.501,4715.452,13709,0
2026-04-13 14:30:00,4715.197,4723.361,4708.645,4719.121,9015,0
2026-04-13 15:00:00,4718.896,4719.712,4700.207,4703.854,10735,0
2026-04-13 15:30:00,4703.727,4718.12,4702.062,4714.469,6676,0
2026-04-13 16:00:00,4714.323,4734.043,4709.302,4730.403,9877,0
2026-04-13 16:30:00,4730.174,4746.229,4728.73,4733.07,12902,0
2026-04-13 17:00:00,4733.096,4749.903,4725.611,4742.942,7508,0
2026-04-13 17:30:00,4743.026,4747.528,4727.159,4730.011,5380,0
2026-04-13 18:00:00,4730.009,4732.865,4722.994,4727.168,4544,0
2026-04-13 18:30:00,4727.101,4740.664,4726.677,4738.255,4371,0
2026-04-13 19:00:00,4738.182,4744.01,4730.727,4743.181,3727,0
2026-04-13 19:30:00,4743.051,4747.408,4739.215,4741.169,4754,0
2026-04-13 20:00:00,4741.166,4744.119,4738.409,4739.459,2414,0
2026-04-13 20:30:00,4739.373,4741.761,4738.185,4741.043,1847,0
2026-04-13 22:00:00,4750.691,4752.55,4745.742,4748.412,2705,0
2026-04-13 22:30:00,4748.412,4759.531,4746.278,4757.786,2558,0
2026-04-13 23:00:00,4757.802,4765.958,4754.83,4755.4,2827,0
2026-04-13 23:30:00,4755.406,4761.728,4754.433,4757.364,2459,0
2026-04-14 00:00:00,4757.642,4767.521,4751.512,4762.22,6001,0
2026-04-14 00:30:00,4762.363,4775.713,4761.191,4769.644,4863,0
2026-04-14 01:00:00,4769.867,4776.948,4762.544,4770.512,8626,0
2026-04-14 01:30:00,4770.358,4773.659,4761.725,4764.584,5620,0
2026-04-14 02:00:00,4764.674,4772.388,4762.711,4768.786,4058,0
2026-04-14 02:30:00,4768.773,4777.266,4762.111,4774.921,4525,0
2026-04-14 03:00:00,4774.998,4775.608,4765.83,4768.359,3594,0
2026-04-14 03:30:00,4768.481,4771.886,4765.625,4768.232,2449,0
2026-04-14 04:00:00,4768.206,4776.815,4766.835,4775.785,2176,0
2026-04-14 04:30:00,4775.843,4776.211,4771.557,4774.21,2165,0
2026-04-14 05:00:00,4774.085,4774.312,4761.387,4764.616,3359,0
2026-04-14 05:30:00,4764.559,4767.235,4757.958,4760.151,5602,0
2026-04-14 06:00:00,4760.141,4769.805,4760.078,4767.471,4482,0
2026-04-14 06:30:00,4767.465,4783.103,4764.292,4781.944,4976,0
2026-04-14 07:00:00,4782.016,4796.392,4767.916,4772.666,9214,0
2026-04-14 07:30:00,4772.597,4780.801,4771.731,4777.093,5395,0
2026-04-14 08:00:00,4776.977,4786.378,4773.997,4785.823,5409,0
2026-04-14 08:30:00,4785.885,4789.836,4781.354,4786.873,4119,0
2026-04-14 09:00:00,4786.788,4789.119,4778.451,4778.715,3886,0
2026-04-14 09:30:00,4778.778,4782.273,4771.387,4778.305,4929,0
2026-04-14 10:00:00,4778.356,4788.02,4778.356,4783.719,3737,0
2026-04-14 10:30:00,4784.023,4784.584,4751.773,4768.531,6127,0
2026-04-14 11:00:00,4768.466,4782.988,4766.715,4778.122,4151,0
2026-04-14 11:30:00,4777.94,4782.821,4770.39,4775.028,5102,0
2026-04-14 12:00:00,4775.068,4777.488,4762.359,4768.545,6644,0
2026-04-14 12:30:00,4768.568,4776.381,4762.105,4771.467,7041,0
2026-04-14 13:00:00,4771.296,4792.365,4771.032,4782.937,8017,0
2026-04-14 13:30:00,4782.764,4803.307,4780.257,4794.423,12011,0
2026-04-14 14:00:00,4794.486,4810.448,4792.785,4809.103,10259,0
2026-04-14 14:30:00,4809.166,4818.009,4795.274,4803.933,8511,0
2026-04-14 15:00:00,4803.839,4805.865,4791.044,4802.137,7874,0
2026-04-14 15:30:00,4802.183,4816.122,4802.183,4808.019,6367,0
2026-04-14 16:00:00,4808.209,4819.296,4804.883,4816.319,5624,0
2026-04-14 16:30:00,4816.457,4820.446,4809.132,4810.224,4630,0
2026-04-14 17:00:00,4810.226,4833.437,4809.314,4825.63,6467,0
2026-04-14 17:30:00,4825.707,4841.377,4824.92,4835.17,4926,0
2026-04-14 18:00:00,4835.067,4843.367,4833.428,4837.716,4722,0
2026-04-14 18:30:00,4837.82,4839.086,4830.908,4835.658,3383,0
2026-04-14 19:00:00,4835.898,4842.492,4835.898,4840.788,3300,0
2026-04-14 19:30:00,4840.493,4846.197,4838.547,4844.608,4335,0
2026-04-14 20:00:00,4844.678,4846.024,4839.482,4840.514,2211,0
2026-04-14 20:30:00,4840.405,4843.202,4839.821,4840.682,1726,0
2026-04-14 22:00:00,4839.717,4850.578,4836.193,4840.191,3126,0
2026-04-14 22:30:00,4840.161,4843.046,4833.33,4835.095,2425,0
2026-04-14 23:00:00,4834.953,4844.055,4833.666,4836.107,2613,0
2026-04-14 23:30:00,4835.854,4843.996,4835.295,4836.91,3320,0
2026-04-15 00:00:00,4836.967,4839.824,4828.502,4833.414,4532,0
2026-04-15 00:30:00,4833.478,4837.555,4827.122,4835.528,3451,0
2026-04-15 01:00:00,4835.557,4871.29,4828.044,4850.91,11905,0
2026-04-15 01:30:00,4850.814,4851.167,4839.79,4847.179,6838,0
2026-04-15 02:00:00,4846.9,4853.259,4832.236,4834.699,5690,0
2026-04-15 02:30:00,4834.827,4835.399,4820.394,4823.991,8292,0
2026-04-15 03:00:00,4823.87,4827.972,4816.811,4826.305,5522,0
2026-04-15 03:30:00,4826.243,4829.581,4823.762,4824.042,2824,0
2026-04-15 04:00:00,4824.033,4826.579,4820.531,4824.434,2708,0
2026-04-15 04:30:00,4824.744,4827.784,4821.167,4825.055,2431,0
2026-04-15 05:00:00,4824.753,4830.45,4822.592,4825.956,4290,0
2026-04-15 05:30:00,4825.954,4827.778,4812.549,4819.645,7593,0
2026-04-15 06:00:00,4819.834,4824.958,4813.506,4814.572,4896,0
2026-04-15 06:30:00,4814.516,4821.975,4810.899,4811.757,4928,0
2026-04-15 07:00:00,4811.699,4816.778,4803.936,4812.593,6225,0
2026-04-15 07:30:00,4812.596,4815.739,4805.873,4811.002,5390,0
2026-04-15 08:00:00,4810.905,4814.028,4804.397,4809.758,5430,0
2026-04-15 08:30:00,4809.682,4821.061,4805.308,4818.211,4286,0
2026-04-15 09:00:00,4818.238,4819.36,4792.552,4798.031,7716,0
2026-04-15 09:30:00,4797.963,4803.89,4786.07,4798.234,6319,0
2026-04-15 10:00:00,4798.17,4803.056,4790.067,4794.932,6865,0
2026-04-15 10:30:00,4794.863,4805.079,4793.005,4799.904,5529,0
2026-04-15 11:00:00,4800.134,4806.787,4795.556,4804.725,4023,0
2026-04-15 11:30:00,4804.798,4815.033,4802.529,4812.637,5578,0
2026-04-15 12:00:00,4812.549,4816.217,4807.082,4812.59,5688,0
2026-04-15 12:30:00,4812.507,4815.913,4808.216,4811.656,4305,0
2026-04-15 13:00:00,4811.667,4821.901,4808.45,4821.643,7149,0
2026-04-15 13:30:00,4821.754,4829.941,4815.622,4828.622,10567,0
2026-04-15 14:00:00,4828.535,4830.631,4820.498,4825.106,7021,0
2026-04-15 14:30:00,4825.162,4825.751,4813.422,4815.579,6636,0
2026-04-15 15:00:00,4815.684,4816.169,4797.582,4798.421,8983,0
2026-04-15 15:30:00,4798.276,4807.388,4786.713,4801.779,8011,0
2026-04-15 16:00:00,4801.599,4812.745,4800.433,4811.13,5052,0
2026-04-15 16:30:00,4811.132,4812.048,4800.028,4803.78,6169,0
2026-04-15 17:00:00,4803.958,4808.59,4797.719,4801.817,4887,0
2026-04-15 17:30:00,4801.716,4802.813,4790.703,4792.507,5078,0
2026-04-15 18:00:00,4792.399,4800.807,4789.954,4794.685,5958,0
2026-04-15 18:30:00,4794.743,4802.125,4794.7,4799.808,3289,0
2026-04-15 19:00:00,4799.656,4803.38,4797.675,4802.761,3224,0
2026-04-15 19:30:00,4802.703,4802.851,4794.342,4795.93,3821,0
2026-04-15 20:00:00,4795.989,4796.718,4792.65,4793.912,2162,0
2026-04-15 20:30:00,4793.933,4793.933,4787.731,4791.109,2204,0
2026-04-15 22:00:00,4797.183,4801.803,4791.07,4800.853,2328,0
2026-04-15 22:30:00,4800.926,4811.94,4799.235,4807.675,2359,0
2026-04-15 23:00:00,4807.654,4815.786,4807.542,4814.993,1930,0
2026-04-15 23:30:00,4814.957,4826.601,4814.317,4823.547,2605,0
2026-04-16 00:00:00,4823.203,4831.217,4822.166,4824.775,4005,0
2026-04-16 00:30:00,4824.864,4837.544,4820.355,4833.139,4060,0
2026-04-16 01:00:00,4832.873,4836.314,4822.906,4823.744,5830,0
2026-04-16 01:30:00,4823.684,4825.621,4811.195,4818.04,5149,0
2026-04-16 02:00:00,4817.94,4824.957,4817.21,4819.261,3899,0
2026-04-16 02:30:00,4818.976,4821.312,4812.514,4819.492,4398,0
2026-04-16 03:00:00,4819.711,4827.024,4819.185,4823.822,3340,0
2026-04-16 03:30:00,4823.763,4826.539,4819.001,4824.153,2522,0
2026-04-16 04:00:00,4824.153,4829.888,4822.893,4826.262,2489,0
2026-04-16 04:30:00,4826.52,4833.491,4824.959,4832.801,2124,0
2026-04-16 05:00:00,4832.942,4838.319,4831.593,4833.076,3103,0
2026-04-16 05:30:00,4833.138,4833.681,4821.156,4821.335,5087,0
2026-04-16 06:00:00,4821.406,4827.541,4814.119,4816.24,5220,0
2026-04-16 06:30:00,4816.313,4830.488,4814.753,4826.113,5820,0
2026-04-16 07:00:00,4826.171,4830.865,4816.991,4828.006,6574,0
2026-04-16 07:30:00,4828.065,4830.084,4819.324,4821.189,3847,0
2026-04-16 08:00:00,4821.178,4821.798,4807.438,4811.627,5904,0
2026-04-16 08:30:00,4811.315,4814.463,4806.39,4813.669,3968,0
2026-04-16 09:00:00,4813.571,4817.889,4811.099,4813.214,3331,0
2026-04-16 09:30:00,4813.097,4815.247,4806.802,4812.594,4666,0
2026-04-16 10:00:00,4812.779,4815.308,4804.999,4807.111,3418,0
2026-04-16 10:30:00,4807.15,4817.37,4804.992,4817.003,3765,0
2026-04-16 11:00:00,4817.069,4820.533,4815.44,4816.016,3376,0
2026-04-16 11:30:00,4816.036,4822.516,4815.829,4822.151,3622,0
2026-04-16 12:00:00,4822.086,4823.088,4811.372,4815.288,4705,0
2026-04-16 12:30:00,4815.055,4820.593,4811.947,4816.309,4531,0
2026-04-16 13:00:00,4816.32,4823.125,4814.008,4815.652,5509,0
2026-04-16 13:30:00,4815.559,4823.868,4784.636,4794.707,15669,0
2026-04-16 14:00:00,4794.623,4805.222,4785.265,4799.067,14508,0
2026-04-16 14:30:00,4798.985,4800.593,4772.907,4788.704,12698,0
2026-04-16 15:00:00,4788.563,4812.875,4788.177,4801.776,8356,0
2026-04-16 15:30:00,4801.642,4810.927,4798.043,4806.736,9262,0
2026-04-16 16:00:00,4806.671,4810.205,4796.561,4799.37,4881,0
2026-04-16 16:30:00,4799.432,4799.905,4785.116,4792.079,8740,0
2026-04-16 17:00:00,4792.201,4795.348,4784.659,4785.271,6079,0
2026-04-16 17:30:00,4785.341,4790.891,4781.352,4788.986,5407,0
2026-04-16 18:00:00,4788.918,4793.973,4785.627,4787.162,5505,0
2026-04-16 18:30:00,4787.219,4792.633,4786.54,4789.425,3449,0
2026-04-16 19:00:00,4789.361,4795.099,4789.361,4790.843,3488,0
2026-04-16 19:30:00,4790.903,4798.615,4790.408,4793.716,3814,0
2026-04-16 20:00:00,4793.611,4793.908,4788.007,4788.9,2141,0
2026-04-16 20:30:00,4789.007,4790.633,4786.284,4790.049,1720,0
2026-04-16 22:00:00,4794.428,4797.715,4791.408,4794.064,2402,0
2026-04-16 22:30:00,4793.763,4796.781,4791.039,4795.354,2121,0
2026-04-16 23:00:00,4795.296,4797.765,4792.33,4794.504,2081,0
2026-04-16 23:30:00,4794.518,4796.646,4791.568,4791.644,2155,0
2026-04-17 00:00:00,4791.552,4793.057,4785.718,4792.818,3678,0
2026-04-17 00:30:00,4793.03,4801.181,4792.321,4794.883,3318,0
2026-04-17 01:00:00,4794.945,4795.707,4767.561,4768.826,9003,0
2026-04-17 01:30:00,4768.89,4791.435,4767.626,4789.244,6223,0
2026-04-17 02:00:00,4789.24,4794.483,4788.193,4789.115,3601,0
2026-04-17 02:30:00,4789.029,4794.77,4784.416,4784.664,3587,0
2026-04-17 03:00:00,4784.721,4798.311,4784.721,4794.175,4490,0
2026-04-17 03:30:00,4793.967,4796.716,4792.044,4793.397,2316,0
2026-04-17 04:00:00,4793.339,4796.242,4792.541,4795.764,2310,0
2026-04-17 04:30:00,4795.771,4804.568,4795.237,4802.802,2354,0
2026-04-17 05:00:00,4802.813,4806.312,4799.777,4803.334,3144,0
2026-04-17 05:30:00,4803.478,4805.137,4793.669,4794.256,5243,0
2026-04-17 06:00:00,4794.35,4795.252,4783.032,4783.901,5233,0
2026-04-17 06:30:00,4783.877,4787.169,4779.128,4784.981,4087,0
2026-04-17 07:00:00,4785.121,4792.883,4784.161,4791.478,3733,0
2026-04-17 07:30:00,4791.481,4794.799,4778.642,4784.453,4131,0
2026-04-17 08:00:00,4784.439,4790.842,4780.846,4784.485,3882,0
2026-04-17 08:30:00,4784.493,4796.755,4784.321,4795.737,3638,0
2026-04-17 09:00:00,4795.678,4800.954,4792.1,4795.98,3471,0
2026-04-17 09:30:00,4795.674,4798.91,4790.018,4790.433,3332,0
2026-04-17 10:00:00,4790.491,4793.959,4787.082,4789.642,3041,0
2026-04-17 10:30:00,4789.65,4789.888,4782.162,4787.196,3413,0
2026-04-17 11:00:00,4787.256,4793.117,4783.297,4792.678,3098,0
2026-04-17 11:30:00,4792.899,4811.712,4789.628,4799.193,4883,0
2026-04-17 12:00:00,4799.258,4819.434,4797.573,4816.84,6401,0
2026-04-17 12:30:00,4816.705,4847.68,4815.266,4846.427,16009,0
2026-04-17 13:00:00,4846.153,4889.686,4834.695,4851.422,23160,0
2026-04-17 13:30:00,4851.487,4882.046,4848.093,4879.99,21268,0
2026-04-17 14:00:00,4880.053,4885.465,4860.627,4871.543,12788,0
2026-04-17 14:30:00,4871.603,4883.11,4869.408,4873.221,10014,0
2026-04-17 15:00:00,4873.288,4880.312,4862.343,4866.005,11514,0
2026-04-17 15:30:00,4866.075,4873.979,4854.7,4867.484,8554,0
2026-04-17 16:00:00,4867.393,4873.494,4863.672,4867.813,5472,0
2026-04-17 16:30:00,4867.91,4872.831,4864.797,4866.776,4282,0
2026-04-17 17:00:00,4866.959,4869.652,4853.702,4858.313,8630,0
2026-04-17 17:30:00,4858.379,4863.058,4854.142,4862.59,4888,0
2026-04-17 18:00:00,4862.442,4868.084,4858.873,4860.875,4407,0
2026-04-17 18:30:00,4860.814,4866.54,4855.854,4858.295,4405,0
2026-04-17 19:00:00,4858.353,4858.933,4853.696,4856.902,3706,0
2026-04-17 19:30:00,4856.648,4861.28,4852.699,4854.554,5087,0
2026-04-17 20:00:00,4854.649,4855.164,4844.541,4845.748,4430,0
2026-04-17 20:30:00,4846.011,4847.029,4830.594,4832.882,5176,0
2026-04-19 22:00:00,4774.48,4795.276,4770.877,4785.427,7736,0
2026-04-19 22:30:00,4785.119,4790.599,4777.824,4779.312,3658,0
2026-04-19 23:00:00,4779.331,4779.406,4768.059,4769.185,4271,0
2026-04-19 23:30:00,4769.26,4773.282,4736.757,4755.183,7809,0
2026-04-20 00:00:00,4755.285,4765.731,4744.969,4765.189,10110,0
2026-04-20 00:30:00,4765.135,4774.22,4759.489,4772.287,5526,0
2026-04-20 01:00:00,4772.225,4803.568,4771.107,4802.569,11529,0
2026-04-20 01:30:00,4802.688,4814.333,4801.172,4807.898,7360,0
2026-04-20 02:00:00,4807.725,4809.041,4798.122,4800.391,4869,0
2026-04-20 02:30:00,4800.453,4801.784,4793.013,4797.346,4959,0
2026-04-20 03:00:00,4797.125,4798.264,4788.811,4795.063,4486,0
2026-04-20 03:30:00,4795.114,4796.696,4788.86,4790.948,3193,0
2026-04-20 04:00:00,4791.011,4795.838,4790.689,4794.612,2841,0
2026-04-20 04:30:00,4794.567,4794.76,4786.979,4788.787,3362,0
2026-04-20 05:00:00,4788.634,4793.078,4784.285,4787.732,3912,0
2026-04-20 05:30:00,4787.895,4795.73,4779.465,4790.717,7672,0
2026-04-20 06:00:00,4790.584,4794.029,4783.709,4786.222,6133,0
2026-04-20 06:30:00,4786.298,4795.457,4785.273,4795.26,5468,0
2026-04-20 07:00:00,4795.375,4805.577,4793.835,4797.717,6121,0
2026-04-20 07:30:00,4797.614,4798.532,4786.891,4789.633,5842,0
2026-04-20 08:00:00,4789.719,4792.307,4785.898,4791.814,4939,0
2026-04-20 08:30:00,4792.043,4796.049,4788.704,4795.937,3479,0
2026-04-20 09:00:00,4796.042,4797.801,4791.7,4792.357,3625,0
2026-04-20 09:30:00,4792.21,4796.954,4783.327,4791.379,4494,0
2026-04-20 10:00:00,4791.726,4800.899,4789.931,4798.044,3785,0
2026-04-20 10:30:00,4798.229,4800.177,4794.456,4795.651,2643,0
2026-04-20 11:00:00,4795.762,4796.323,4786.552,4788.592,4061,0
2026-04-20 11:30:00,4788.65,4810.832,4787.697,4810.288,5002,0
2026-04-20 12:00:00,4810.23,4822.144,4803.091,4805.345,7739,0
2026-04-20 12:30:00,4805.684,4809.488,4798.922,4803.462,5284,0
2026-04-20 13:00:00,4803.521,4825.836,4799.682,4824.104,9170,0
2026-04-20 13:30:00,4824.179,4826.442,4815.692,4817.912,10680,0
2026-04-20 14:00:00,4817.976,4826.658,4806.834,4823.138,10138,0
2026-04-20 14:30:00,4823.365,4827.589,4792.33,4805.151,12903,0
2026-04-20 15:00:00,4805.055,4809.487,4792.588,4808.087,11634,0
2026-04-20 15:30:00,4807.994,4809.225,4795.192,4799.614,6583,0
2026-04-20 16:00:00,4799.844,4801.82,4792.717,4800.961,5056,0
2026-04-20 16:30:00,4801.118,4806.252,4798.736,4805.312,4289,0
2026-04-20 17:00:00,4805.491,4811.299,4803.823,4810.073,4089,0
2026-04-20 17:30:00,4809.787,4812.241,4804.963,4806.845,3931,0
2026-04-20 18:00:00,4806.931,4815.866,4806.931,4813.321,3931,0
2026-04-20 18:30:00,4813.264,4816.58,4811.001,4813.915,2905,0
2026-04-20 19:00:00,4814.072,4821.458,4813.982,4817.176,2589,0
2026-04-20 19:30:00,4817.233,4817.371,4810.355,4814.123,3338,0
2026-04-20 20:00:00,4814.138,4816.923,4812.146,4815.904,1784,0
2026-04-20 20:30:00,4815.837,4821.975,4812.983,4820.757,2060,0
2026-04-20 22:00:00,4827.5,4833.095,4820.848,4828.916,3902,0
2026-04-20 22:30:00,4828.947,4831.783,4825.225,4827.729,2820,0
2026-04-20 23:00:00,4827.491,4831.9,4823.619,4825.761,2413,0
2026-04-20 23:30:00,4825.704,4825.704,4819.793,4821.563,1963,0
2026-04-21 00:00:00,4821.611,4830.532,4819.355,4819.913,4970,0
2026-04-21 00:30:00,4819.989,4826.09,4816.689,4823.967,4398,0
2026-04-21 01:00:00,4823.741,4824.401,4813.046,4818.321,5913,0
2026-04-21 01:30:00,4818.257,4818.961,4805.594,4810.001,4651,0
2026-04-21 02:00:00,4810.276,4810.414,4803.382,4807.703,3423,0
2026-04-21 02:30:00,4807.723,4807.977,4802.312,4806.94,3913,0
2026-04-21 03:00:00,4806.988,4807.703,4793.586,4798.451,4394,0
2026-04-21 03:30:00,4798.463,4799.703,4792.426,4797.252,2987,0
2026-04-21 04:00:00,4797.04,4797.761,4791.04,4792.305,3181,0
2026-04-21 04:30:00,4792.245,4794.203,4788.591,4788.891,2683,0
2026-04-21 05:00:00,4788.984,4793.002,4785.763,4787.645,3887,0
2026-04-21 05:30:00,4787.612,4796.805,4782.976,4784.166,5830,0
2026-04-21 06:00:00,4784.179,4790.681,4775.076,4778.985,6352,0
2026-04-21 06:30:00,4779.033,4783.327,4774.419,4778.934,4913,0
2026-04-21 07:00:00,4778.84,4787.449,4772.668,4783.449,5218,0
2026-04-21 07:30:00,4783.432,4792.562,4780.716,4786.069,3711,0
2026-04-21 08:00:00,4786.134,4789.023,4774.536,4787.181,5300,0
2026-04-21 08:30:00,4787.123,4792.735,4784.847,4786.236,3595,0
2026-04-21 09:00:00,4786.17,4787.897,4781.036,4782.395,3415,0
2026-04-21 09:30:00,4782.33,4789.689,4781.973,4783.794,3817,0
2026-04-21 10:00:00,4783.853,4785.837,4780.732,4782.764,3185,0
2026-04-21 10:30:00,4782.826,4790.343,4782.618,4789.501,2649,0
2026-04-21 11:00:00,4789.632,4790.027,4775.149,4783.283,5368,0
2026-04-21 11:30:00,4783.217,4797.993,4782.984,4794.697,4177,0
2026-04-21 12:00:00,4794.61,4796.965,4779.068,4781.023,5805,0
2026-04-21 12:30:00,4781.131,4790.492,4766.799,4778.595,8438,0
2026-04-21 13:00:00,4778.53,4783.81,4760.443,4774.729,10551,0
2026-04-21 13:30:00,4774.673,4794.237,4770.221,4779.104,12164,0
2026-04-21 14:00:00,4779.084,4782.625,4769.703,4774.008,7895,0
2026-04-21 14:30:00,4773.945,4775.102,4723.398,4738.802,25022,0
2026-04-21 15:00:00,4738.869,4757.438,4727.803,4742.52,20230,0
2026-04-21 15:30:00,4742.408,4750.092,4736.59,4741.446,10971,0
2026-04-21 16:00:00,4741.452,4746.791,4719.576,4720.852,9841,0
2026-04-21 16:30:00,4720.794,4727.421,4707.94,4711.131,9640,0
2026-04-21 17:00:00,4711.099,4718.469,4697.227,4700.074,14005,0
2026-04-21 17:30:00,4700.014,4722.227,4696.818,4710.878,12339,0
2026-04-21 18:00:00,4710.73,4714.586,4692.198,4696.039,8418,0
2026-04-21 18:30:00,4696.101,4713.84,4696.101,4709.038,8276,0
2026-04-21 19:00:00,4709.095,4715.046,4704.103,4713.844,9255,0
2026-04-21 19:30:00,4713.891,4714.661,4668.17,4679.204,20074,0
2026-04-21 20:00:00,4679.298,4711.217,4668.715,4705.644,16103,0
2026-04-21 20:30:00,4705.356,4719.322,4705.356,4718.75,4456,0
2026-04-21 22:00:00,4719.882,4729.498,4716.621,4718.828,3749,0
2026-04-21 22:30:00,4718.896,4719.979,4715.424,4719.303,2321,0
2026-04-21 23:00:00,4719.426,4733.062,4718.168,4730.115,3048,0
2026-04-21 23:30:00,4730.107,4740.434,4728.781,4737.924,3044,0
2026-04-22 00:00:00,4738.061,4747.45,4738.061,4742.485,4829,0
2026-04-22 00:30:00,4742.266,4747.062,4738.553,4739.674,4050,0
2026-04-22 01:00:00,4739.618,4748.979,4735.85,4746.196,6809,0
2026-04-22 01:30:00,4746.343,4754.694,4746.243,4752.199,5214,0
2026-04-22 02:00:00,4751.994,4758.02,4750.136,4755.755,3410,0
2026-04-22 02:30:00,4755.429,4758.866,4751.011,4755.622,3530,0
2026-04-22 03:00:00,4755.529,4763.467,4753.006,4762.954,3574,0
2026-04-22 03:30:00,4762.943,4765.045,4756.953,4758.242,2789,0
2026-04-22 04:00:00,4758.289,4759.676,4754.291,4755.725,2866,0
2026-04-22 04:30:00,4755.996,4759.525,4752.368,4754.492,2810,0
2026-04-22 05:00:00,4754.435,4771.562,4752.163,4766.142,5373,0
2026-04-22 05:30:00,4766.142,4772.175,4763.824,4767.512,4660,0
2026-04-22 06:00:00,4767.471,4767.788,4758.828,4766.89,3531,0
2026-04-22 06:30:00,4766.822,4767.863,4763.383,4767.45,3009,0
2026-04-22 07:00:00,4767.39,4772.287,4762.329,4766.175,3925,0
2026-04-22 07:30:00,4765.849,4766.633,4759.452,4760.633,3606,0
2026-04-22 08:00:00,4760.64,4762.34,4754.134,4754.289,4020,0
2026-04-22 08:30:00,4754.209,4758.501,4751.779,4757.061,3413,0
2026-04-22 09:00:00,4757.038,4761.961,4756.159,4756.507,3639,0
2026-04-22 09:30:00,4756.348,4762.476,4752.181,4755.026,3428,0
2026-04-22 10:00:00,4755.366,4757.663,4745.696,4754.519,4150,0
2026-04-22 10:30:00,4754.505,4760.026,4753.568,4759.125,3097,0
2026-04-22 11:00:00,4759.086,4760.775,4756.256,4757.366,3438,0
2026-04-22 11:30:00,4757.152,4759.672,4747.705,4750.547,4295,0
2026-04-22 12:00:00,4750.335,4760.134,4746.992,4753.221,4977,0
2026-04-22 12:30:00,4753.163,4754.268,4742.831,4744.318,6017,0
2026-04-22 13:00:00,4744.238,4750.648,4736.304,4749.742,9246,0
2026-04-22 13:30:00,4749.805,4760.813,4741.888,4752.827,11016,0
2026-04-22 14:00:00,4752.661,4757.297,4742.288,4744.018,8197,0
2026-04-22 14:30:00,4744.002,4744.662,4730.049,4735.753,9172,0
2026-04-22 15:00:00,4735.811,4740.179,4729.737,4735.01,7380,0
2026-04-22 15:30:00,4735.1,4735.561,4724.919,4727.73,5756,0
2026-04-22 16:00:00,4727.815,4734.98,4723.972,4727.068,4825,0
2026-04-22 16:30:00,4726.841,4731.948,4723.827,4728.527,4649,0
2026-04-22 17:00:00,4728.47,4739.327,4728.437,4735.098,4958,0
2026-04-22 17:30:00,4734.998,4738.297,4733.637,4737.237,3664,0
2026-04-22 18:00:00,4737.293,4738.645,4729.729,4730.509,3140,0
2026-04-22 18:30:00,4730.417,4749.662,4730.162,4741.681,3837,0
2026-04-22 19:00:00,4741.854,4745.387,4736.818,4744.193,4081,0
2026-04-22 19:30:00,4744.426,4744.61,4736.944,4739.995,3660,0
2026-04-22 20:00:00,4740.215,4740.49,4734.493,4736.688,2597,0
2026-04-22 20:30:00,4736.687,4739.809,4736.047,4739.443,1833,0
2026-04-22 22:00:00,4744.823,4745.76,4732.569,4732.986,2239,0
2026-04-22 22:30:00,4733.043,4734.904,4725.773,4726.047,2093,0
2026-04-22 23:00:00,4726.11,4729.805,4723.353,4728.012,2272,0
2026-04-22 23:30:00,4728.066,4729.245,4723.703,4727.939,2193,0
2026-04-23 00:00:00,4728.005,4742.485,4694.007,4741.327,17032,0
2026-04-23 00:30:00,4741.312,4753.764,4741.027,4747.977,9624,0
2026-04-23 01:00:00,4748.105,4749.931,4727.062,4728.26,7808,0
2026-04-23 01:30:00,4728.309,4736.725,4722.507,4723.229,7560,0
2026-04-23 02:00:00,4723.356,4724.728,4704.909,4713.87,8620,0
2026-04-23 02:30:00,4713.933,4715.656,4698.03,4698.846,9945,0
2026-04-23 03:00:00,4698.881,4708.706,4697.982,4703.352,8281,0
2026-04-23 03:30:00,4703.248,4707.414,4701.033,4703.895,4682,0
2026-04-23 04:00:00,4703.805,4707.008,4700.66,4705.354,3249,0
2026-04-23 04:30:00,4705.369,4706.938,4698.638,4704.486,3191,0
2026-04-23 05:00:00,4704.201,4710.273,4703.299,4706.048,3730,0
2026-04-23 05:30:00,4705.82,4715.326,4692.157,4713.257,7598,0
2026-04-23 06:00:00,4713.53,4718.116,4708.651,4712.284,4907,0
2026-04-23 06:30:00,4712.291,4721.211,4709.184,4712.933,5316,0
2026-04-23 07:00:00,4712.988,4716.32,4703.142,4705.908,6495,0
2026-04-23 07:30:00,4705.933,4720.39,4703.424,4718.977,4241,0
2026-04-23 08:00:00,4719.008,4724.812,4714.97,4715.438,4126,0
2026-04-23 08:30:00,4715.384,4716.081,4701.462,4703.438,4809,0
2026-04-23 09:00:00,4703.381,4703.757,4694.742,4700.748,5510,0
2026-04-23 09:30:00,4700.688,4703.092,4694.866,4697.377,4416,0
2026-04-23 10:00:00,4697.311,4701.659,4684.142,4686.778,5667,0
2026-04-23 10:30:00,4686.743,4697.068,4684.361,4696.355,4906,0
2026-04-23 11:00:00,4696.438,4703.142,4695.582,4699.349,4301,0
2026-04-23 11:30:00,4699.417,4720.756,4696.581,4720.416,5851,0
2026-04-23 12:00:00,4720.479,4738.883,4719.57,4732.991,9401,0
2026-04-23 12:30:00,4732.824,4743.101,4731.325,4740.076,9018,0
2026-04-23 13:00:00,4739.956,4740.76,4723.727,4727.469,7646,0
2026-04-23 13:30:00,4727.208,4741.18,4724.168,4724.454,9734,0
2026-04-23 14:00:00,4724.378,4735.932,4716.964,4731.196,11691,0
2026-04-23 14:30:00,4731.472,4736.684,4725.781,4733.629,7826,0
2026-04-23 15:00:00,4733.697,4741.004,4726.624,4733.627,6783,0
2026-04-23 15:30:00,4733.537,4734.657,4716.381,4720.358,8194,0
2026-04-23 16:00:00,4720.469,4724.96,4715.546,4723.03,5722,0
2026-04-23 16:30:00,4723.049,4736.939,4722.482,4732.719,4828,0
2026-04-23 17:00:00,4732.75,4734.368,4704.473,4706.416,18941,0
2026-04-23 17:30:00,4706.494,4714.013,4664.031,4709.108,27748,0
2026-04-23 18:00:00,4709.165,4722.109,4707.675,4716.642,14812,0
2026-04-23 18:30:00,4716.617,4720.377,4699.297,4701.174,7967,0
2026-04-23 19:00:00,4701.132,4704.461,4692.571,4700.192,7568,0
2026-04-23 19:30:00,4700.122,4701.227,4689.182,4696.031,7967,0
2026-04-23 20:00:00,4695.865,4698.167,4686.376,4689.338,4294,0
2026-04-23 20:30:00,4689.317,4693.269,4688.127,4692.946,2433,0
2026-04-23 22:00:00,4699.668,4699.89,4692.062,4692.772,2451,0
2026-04-23 22:30:00,4692.85,4696.62,4690.045,4693.076,2242,0
2026-04-23 23:00:00,4693.089,4695.399,4686.564,4694.263,2544,0
2026-04-23 23:30:00,4694.534,4700.542,4692.147,4695.224,2998,0
2026-04-24 00:00:00,4695.297,4705.669,4690.817,4705.312,6490,0
2026-04-24 00:30:00,4705.569,4707.807,4697.362,4704.457,5745,0
2026-04-24 01:00:00,4704.396,4711.137,4695.585,4698.416,7932,0
2026-04-24 01:30:00,4698.363,4702.251,4690.114,4699.322,6825,0
2026-04-24 02:00:00,4699.247,4700.561,4681.797,4683.723,6174,0
2026-04-24 02:30:00,4683.781,4690.816,4672.888,4676.768,6391,0
2026-04-24 03:00:00,4676.676,4678.3,4668.597,4674.507,5568,0
2026-04-24 03:30:00,4674.575,4678.043,4671.405,4672.171,3825,0
2026-04-24 04:00:00,4672.046,4674.53,4658.832,4659.451,4828,0
2026-04-24 04:30:00,4659.514,4676.656,4657.657,4674.252,4189,0
2026-04-24 05:00:00,4674.319,4678.608,4669.596,4676.377,3769,0
2026-04-24 05:30:00,4676.438,4687.416,4676.438,4686.193,5281,0
2026-04-24 06:00:00,4686.25,4688.139,4670.049,4671.468,4298,0
2026-04-24 06:30:00,4671.596,4676.464,4666.689,4671.934,4737,0
2026-04-24 07:00:00,4671.851,4684.716,4670.918,4684.203,3812,0
2026-04-24 07:30:00,4684.132,4695.224,4682.154,4694.285,3719,0
2026-04-24 08:00:00,4694.337,4697.315,4686.238,4687.968,4618,0
2026-04-24 08:30:00,4687.897,4692.853,4685.182,4690.734,3616,0
2026-04-24 09:00:00,4690.928,4696.6,4682.192,4683.403,4835,0
2026-04-24 09:30:00,4683.192,4688.404,4679.203,4682.005,4112,0
2026-04-24 10:00:00,4681.894,4686.151,4680.111,4682.363,3746,0
2026-04-24 10:30:00,4682.373,4682.44,4674.631,4677.892,3587,0
2026-04-24 11:00:00,4677.824,4717.132,4677.824,4715.351,15315,0
2026-04-24 11:30:00,4715.156,4717.39,4702.805,4706.672,6275,0
2026-04-24 12:00:00,4706.752,4711.747,4701.402,4710.235,7173,0
2026-04-24 12:30:00,4710.107,4711.472,4690.303,4700.759,6170,0
2026-04-24 13:00:00,4700.793,4705.583,4693.377,4697.203,7301,0
2026-04-24 13:30:00,4696.866,4717.558,4689.518,4711.927,11400,0
2026-04-24 14:00:00,4711.57,4740.324,4706.822,4725.637,15042,0
2026-04-24 14:30:00,4725.694,4732.886,4723.64,4726.374,7747,0
2026-04-24 15:00:00,4726.437,4727.141,4718.522,4721.716,6419,0
2026-04-24 15:30:00,4721.782,4733.238,4714.483,4727.046,12849,0
2026-04-24 16:00:00,4727.014,4729.666,4718.929,4723.248,6323,0
2026-04-24 16:30:00,4723.311,4727.677,4719.069,4726.505,5196,0
2026-04-24 17:00:00,4726.561,4730.011,4722.382,4723.003,5263,0
2026-04-24 17:30:00,4722.932,4727.949,4718.911,4723.391,4882,0
2026-04-24 18:00:00,4723.461,4724.794,4716.904,4717.151,3568,0
2026-04-24 18:30:00,4716.908,4723.243,4716.783,4722.514,3105,0
2026-04-24 19:00:00,4722.572,4726.012,4717.41,4718.881,3306,0
2026-04-24 19:30:00,4718.822,4720.587,4713.589,4716.572,3619,0
2026-04-24 20:00:00,4716.527,4717.438,4705.301,4708.152,2999,0
2026-04-24 20:30:00,4707.992,4709.245,4705.247,4708.409,2461,0
2026-04-26 22:00:00,4696.068,4699.827,4680.1,4686.771,4134,0
2026-04-26 22:30:00,4686.619,4686.906,4681.68,4684.697,2362,0
2026-04-26 23:00:00,4684.615,4684.704,4677.297,4677.435,2590,0
2026-04-26 23:30:00,4677.43,4682.188,4674.842,4680.054,2694,0
2026-04-27 00:00:00,4680.118,4682.212,4672.02,4680.575,5043,0
2026-04-27 00:30:00,4680.663,4698.078,4676.697,4697.616,4116,0
2026-04-27 01:00:00,4697.702,4709.777,4690.941,4698.106,10169,0
2026-04-27 01:30:00,4698.022,4706.304,4695.531,4702.53,5707,0
2026-04-27 02:00:00,4702.581,4708.143,4696.141,4705.527,4911,0
2026-04-27 02:30:00,4705.44,4723.482,4704.293,4718.316,5544,0
2026-04-27 03:00:00,4718.181,4722.285,4714.521,4715.738,4259,0
2026-04-27 03:30:00,4715.8,4729.309,4715.458,4724.08,3866,0
2026-04-27 04:00:00,4723.909,4728.066,4723.491,4726.762,2624,0
2026-04-27 04:30:00,4727.05,4730.124,4722.687,4724.779,2888,0
2026-04-27 05:00:00,4724.796,4725.306,4715.956,4717.913,3083,0
2026-04-27 05:30:00,4718.177,4718.387,4708.684,4710.126,4701,0
2026-04-27 06:00:00,4710.023,4715.634,4709.295,4714.286,4464,0
2026-04-27 06:30:00,4714.23,4715.532,4709.098,4712.766,3820,0
2026-04-27 07:00:00,4712.709,4718.17,4710.777,4715.843,4206,0
2026-04-27 07:30:00,4716.085,4717.416,4710.098,4713.355,3750,0
2026-04-27 08:00:00,4713.188,4714.247,4709.401,4710.469,4064,0
2026-04-27 08:30:00,4710.531,4714.611,4705.282,4706.887,3451,0
2026-04-27 09:00:00,4706.813,4708.149,4701.275,4702.367,3287,0
2026-04-27 09:30:00,4702.257,4705.522,4699.281,4703.448,3157,0
2026-04-27 10:00:00,4703.509,4706.705,4699.401,4704.863,2470,0
2026-04-27 10:30:00,4704.92,4711.035,4704.467,4708.863,2839,0
2026-04-27 11:00:00,4708.918,4708.957,4700.139,4705.299,3332,0
2026-04-27 11:30:00,4705.19,4708.626,4699.924,4704.635,3087,0
2026-04-27 12:00:00,4704.826,4712.477,4701.687,4706.84,4977,0
2026-04-27 12:30:00,4706.78,4707.714,4696.841,4699.246,5394,0
2026-04-27 13:00:00,4699.328,4703.291,4693.026,4699.926,6657,0
2026-04-27 13:30:00,4699.819,4702.571,4688.951,4695.966,9502,0
2026-04-27 14:00:00,4696.069,4696.609,4686.111,4689.019,8890,0
2026-04-27 14:30:00,4689.097,4696.68,4676.348,4677.845,8610,0
2026-04-27 15:00:00,4678.126,4681.09,4666.995,4680.905,9297,0
2026-04-27 15:30:00,4680.963,4682.506,4667.961,4670.131,5698,0
2026-04-27 16:00:00,4670.103,4677.715,4667.116,4676.132,4780,0
2026-04-27 16:30:00,4676.202,4679.281,4674.398,4676.471,3518,0
2026-04-27 17:00:00,4676.528,4679.957,4668.047,4679.636,5233,0
2026-04-27 17:30:00,4679.666,4686.232,4679.22,4682.301,4151,0
2026-04-27 18:00:00,4682.239,4685.523,4678.865,4684.01,3135,0
2026-04-27 18:30:00,4683.903,4685.059,4680.797,4680.816,2783,0
2026-04-27 19:00:00,4680.76,4682.712,4678.597,4682.034,2611,0
2026-04-27 19:30:00,4682.116,4682.24,4676.587,4680.568,3315,0
2026-04-27 20:00:00,4680.625,4681.241,4677.292,4679.687,1801,0
2026-04-27 20:30:00,4679.836,4680.503,4678.496,4680.033,1415,0
2026-04-27 22:00:00,4684.223,4691.047,4682.036,4688.877,2445,0
2026-04-27 22:30:00,4688.877,4689.855,4686.24,4687.745,1648,0
2026-04-27 23:00:00,4687.891,4691.636,4687.141,4690.573,1733,0
2026-04-27 23:30:00,4690.419,4695.085,4690.394,4692.035,1883,0
2026-04-28 00:00:00,4692.097,4701.388,4691.745,4694.829,3603,0
2026-04-28 00:30:00,4694.999,4695.259,4690.417,4690.522,3111,0
2026-04-28 01:00:00,4690.463,4690.986,4684.509,4687.589,5240,0
2026-04-28 01:30:00,4687.589,4691.282,4669.287,4670.774,5609,0
2026-04-28 02:00:00,4670.832,4679.573,4666.315,4675.593,4603,0
2026-04-28 02:30:00,4675.61,4675.676,4666.451,4669.223,4668,0
2026-04-28 03:00:00,4669.058,4675.841,4668.373,4674.901,3792,0
2026-04-28 03:30:00,4674.964,4675.335,4669.351,4670.943,2648,0
2026-04-28 04:00:00,4670.886,4671.315,4666.575,4667.523,2578,0
2026-04-28 04:30:00,4667.474,4669.901,4666.671,4667.556,2316,0
2026-04-28 05:00:00,4667.401,4668.028,4648.437,4658.154,5310,0
2026-04-28 05:30:00,4658.145,4658.699,4623.797,4632.322,12064,0
2026-04-28 06:00:00,4632.184,4643.078,4623.193,4631.462,7070,0
2026-04-28 06:30:00,4631.3,4634.728,4623.233,4629.003,6223,0
2026-04-28 07:00:00,4629.049,4639.373,4627.098,4629.659,5972,0
2026-04-28 07:30:00,4629.735,4635.207,4620.609,4633.0,6175,0
2026-04-28 08:00:00,4633.219,4633.633,4614.6,4626.647,8021,0
2026-04-28 08:30:00,4626.975,4635.305,4625.084,4629.658,5148,0
2026-04-28 09:00:00,4629.589,4630.052,4612.84,4618.227,5360,0
2026-04-28 09:30:00,4617.953,4619.004,4604.539,4604.916,6190,0
2026-04-28 10:00:00,4604.788,4616.324,4604.611,4611.634,4241,0
2026-04-28 10:30:00,4611.302,4616.017,4603.166,4603.295,4215,0
2026-04-28 11:00:00,4603.366,4608.612,4593.902,4599.313,7255,0
2026-04-28 11:30:00,4599.247,4599.857,4555.292,4562.459,13401,0
2026-04-28 12:00:00,4562.681,4597.717,4554.677,4580.295,13014,0
2026-04-28 12:30:00,4580.241,4600.131,4570.762,4593.803,10057,0
2026-04-28 13:00:00,4593.463,4594.632,4571.136,4581.646,11881,0
2026-04-28 13:30:00,4581.589,4592.633,4570.716,4580.408,16193,0
2026-04-28 14:00:00,4580.167,4580.747,4563.924,4571.348,13741,0
2026-04-28 14:30:00,4571.407,4578.162,4557.127,4574.298,14624,0
2026-04-28 15:00:00,4574.242,4581.871,4566.895,4576.821,11008,0
2026-04-28 15:30:00,4576.946,4586.403,4571.045,4586.27,9156,0
2026-04-28 16:00:00,4586.359,4586.897,4577.96,4582.885,6688,0
2026-04-28 16:30:00,4582.695,4594.943,4580.629,4592.143,6298,0
2026-04-28 17:00:00,4592.415,4597.27,4586.963,4593.58,5993,0
2026-04-28 17:30:00,4593.637,4601.513,4593.637,4594.789,4912,0
2026-04-28 18:00:00,4594.781,4600.67,4592.162,4599.0,4389,0
2026-04-28 18:30:00,4599.08,4599.306,4593.146,4594.325,3327,0
2026-04-28 19:00:00,4594.44,4598.772,4593.732,4596.228,3443,0
2026-04-28 19:30:00,4596.065,4599.86,4593.458,4595.731,3801,0
2026-04-28 20:00:00,4595.673,4598.603,4591.056,4592.943,2524,0
2026-04-28 20:30:00,4592.808,4596.573,4592.323,4596.491,1687,0
2026-04-28 22:00:00,4598.337,4599.516,4594.442,4595.637,1695,0
2026-04-28 22:30:00,4595.973,4597.123,4592.54,4593.924,1414,0
2026-04-28 23:00:00,4593.913,4594.412,4589.213,4592.038,1756,0
2026-04-28 23:30:00,4591.963,4595.992,4587.849,4595.762,2271,0
2026-04-29 00:00:00,4595.717,4610.188,4594.843,4600.16,5820,0
2026-04-29 00:30:00,4599.998,4604.872,4596.022,4600.041,3780,0
2026-04-29 01:00:00,4600.158,4600.371,4575.786,4580.405,10810,0
2026-04-29 01:30:00,4580.276,4591.408,4578.775,4584.583,7399,0
2026-04-29 02:00:00,4584.628,4604.074,4584.628,4599.253,5823,0
2026-04-29 02:30:00,4599.315,4601.808,4592.092,4593.483,4897,0
2026-04-29 03:00:00,4593.594,4603.319,4592.764,4598.862,4274,0
2026-04-29 03:30:00,4598.603,4598.766,4592.076,4595.207,2694,0
2026-04-29 04:00:00,4595.267,4603.241,4595.149,4601.704,2767,0
2026-04-29 04:30:00,4601.707,4605.704,4601.481,4604.634,2734,0
2026-04-29 05:00:00,4604.838,4607.683,4598.563,4600.787,3051,0
2026-04-29 05:30:00,4600.779,4603.23,4590.581,4591.137,4681,0
2026-04-29 06:00:00,4590.91,4598.474,4581.377,4585.072,5922,0
2026-04-29 06:30:00,4584.925,4587.409,4580.672,4584.354,4377,0
2026-04-29 07:00:00,4584.273,4588.682,4569.681,4575.244,5870,0
2026-04-29 07:30:00,4575.24,4578.468,4567.124,4567.95,6063,0
2026-04-29 08:00:00,4568.043,4573.436,4564.397,4566.167,6670,0
2026-04-29 08:30:00,4566.293,4576.541,4557.149,4573.252,5699,0
2026-04-29 09:00:00,4573.257,4580.946,4565.637,4565.843,4461,0
2026-04-29 09:30:00,4565.782,4569.535,4551.404,4555.656,6951,0
2026-04-29 10:00:00,4555.599,4573.246,4554.87,4571.533,4481,0
2026-04-29 10:30:00,4571.594,4576.421,4563.838,4569.765,4193,0
2026-04-29 11:00:00,4569.797,4571.927,4564.238,4564.781,4861,0
2026-04-29 11:30:00,4564.697,4571.859,4559.216,4561.74,4484,0
2026-04-29 12:00:00,4561.452,4568.921,4559.338,4559.455,5049,0
2026-04-29 12:30:00,4559.399,4559.994,4541.438,4544.675,7321,0
2026-04-29 13:00:00,4545.01,4553.304,4534.466,4537.647,9736,0
2026-04-29 13:30:00,4537.705,4539.584,4510.099,4521.852,14279,0
2026-04-29 14:00:00,4521.577,4537.81,4517.697,4533.15,12284,0
2026-04-29 14:30:00,4533.312,4542.758,4530.842,4539.122,8263,0
2026-04-29 15:00:00,4539.066,4546.889,4536.246,4543.42,9031,0
2026-04-29 15:30:00,4543.353,4558.694,4540.132,4547.852,12214,0
2026-04-29 16:00:00,4547.794,4564.972,4546.835,4560.311,7626,0
2026-04-29 16:30:00,4560.255,4560.255,4543.211,4545.281,7079,0
2026-04-29 17:00:00,4545.484,4554.442,4542.682,4547.259,6915,0
2026-04-29 17:30:00,4547.379,4548.476,4541.391,4547.196,5925,0
2026-04-29 18:00:00,4547.357,4552.717,4524.933,4532.684,13398,0
2026-04-29 18:30:00,4532.751,4541.152,4517.951,4537.831,18143,0
2026-04-29 19:00:00,4537.972,4550.545,4533.161,4542.938,9576,0
2026-04-29 19:30:00,4542.879,4549.874,4537.687,4547.032,6622,0
2026-04-29 20:00:00,4546.938,4553.592,4541.438,4543.33,9230,0
2026-04-29 20:30:00,4543.209,4546.619,4541.486,4543.667,3692,0
2026-04-29 22:00:00,4542.822,4550.789,4539.271,4549.209,2601,0
2026-04-29 22:30:00,4549.165,4552.668,4547.244,4552.153,2260,0
2026-04-29 23:00:00,4552.019,4555.182,4549.413,4551.466,2241,0
2026-04-29 23:30:00,4551.609,4562.086,4551.233,4561.717,2463,0
2026-04-30 00:00:00,4561.621,4568.521,4556.278,4563.324,8077,0
2026-04-30 00:30:00,4563.381,4574.116,4562.142,4569.663,4803,0
2026-04-30 01:00:00,4569.606,4580.901,4564.477,4579.711,6768,0
2026-04-30 01:30:00,4579.663,4582.525,4570.885,4579.166,6867,0
2026-04-30 02:00:00,4579.197,4581.923,4571.696,4573.151,4382,0
2026-04-30 02:30:00,4573.069,4574.08,4559.607,4564.686,7736,0
2026-04-30 03:00:00,4564.649,4568.859,4562.552,4563.039,4211,0
2026-04-30 03:30:00,4563.382,4563.87,4555.5,4556.017,3985,0
2026-04-30 04:00:00,4555.991,4556.984,4545.634,4547.295,4577,0
2026-04-30 04:30:00,4546.965,4549.303,4540.766,4542.172,4844,0
2026-04-30 05:00:00,4542.107,4558.977,4541.982,4555.49,4775,0
2026-04-30 05:30:00,4555.549,4569.698,4553.958,4562.677,5059,0
2026-04-30 06:00:00,4562.69,4571.034,4560.172,4569.269,6945,0
2026-04-30 06:30:00,4569.326,4591.579,4569.321,4589.269,5726,0
2026-04-30 07:00:00,4589.461,4595.89,4584.769,4591.309,5713,0
2026-04-30 07:30:00,4591.243,4605.493,4587.871,4598.212,4592,0
2026-04-30 08:00:00,4598.271,4629.68,4597.267,4617.482,10925,0
2026-04-30 08:30:00,4617.397,4620.952,4613.534,4616.314,6187,0
2026-04-30 09:00:00,4616.476,4626.581,4614.246,4625.424,6539,0
2026-04-30 09:30:00,4625.364,4631.759,4618.002,4624.962,7606,0
2026-04-30 10:00:00,4625.03,4644.084,4623.613,4643.59,6087,0
2026-04-30 10:30:00,4643.71,4646.985,4633.801,4639.626,8526,0
2026-04-30 11:00:00,4639.633,4645.821,4630.539,4637.534,8990,0
2026-04-30 11:30:00,4637.419,4637.568,4626.547,4629.938,7395,0
2026-04-30 12:00:00,4629.998,4637.566,4628.541,4629.743,6242,0
2026-04-30 12:30:00,4629.362,4639.933,4624.654,4639.527,7855,0
2026-04-30 13:00:00,4639.404,4646.064,4632.75,4633.603,9409,0
2026-04-30 13:30:00,4633.477,4634.561,4610.394,4610.687,14858,0
2026-04-30 14:00:00,4610.787,4626.084,4609.1,4622.918,19428,0
2026-04-30 14:30:00,4622.94,4623.843,4610.775,4619.789,15268,0
2026-04-30 15:00:00,4619.605,4624.494,4614.824,4622.977,9805,0
2026-04-30 15:30:00,4622.848,4625.525,4611.131,4615.249,6667,0
2026-04-30 16:00:00,4615.391,4617.292,4605.568,4607.834,5270,0
2026-04-30 16:30:00,4608.096,4617.747,4605.159,4607.44,5967,0
2026-04-30 17:00:00,4607.327,4620.78,4607.327,4617.629,6247,0
2026-04-30 17:30:00,4617.815,4621.717,4614.734,4616.624,4966,0
2026-04-30 18:00:00,4616.773,4625.151,4616.754,4620.685,4452,0
2026-04-30 18:30:00,4620.762,4625.038,4618.942,4622.521,3647,0
2026-04-30 19:00:00,4622.35,4627.462,4616.704,4617.848,4048,0
2026-04-30 19:30:00,4617.917,4623.299,4614.527,4617.011,4242,0
2026-04-30 20:00:00,4617.07,4620.263,4615.696,4616.532,3483,0
2026-04-30 20:30:00,4616.625,4622.042,4615.465,4620.659,2073,0
2026-04-30 22:00:00,4627.751,4632.607,4625.196,4630.977,1937,0
2026-04-30 22:30:00,4631.17,4632.103,4627.027,4630.419,2389,0
2026-04-30 23:00:00,4630.485,4632.075,4628.029,4630.843,1929,0
2026-04-30 23:30:00,4630.796,4634.006,4626.341,4626.341,2321,0
2026-05-01 00:00:00,4626.429,4630.935,4620.604,4623.594,5232,0
2026-05-01 00:30:00,4623.848,4624.981,4618.461,4619.685,4063,0
2026-05-01 01:00:00,4619.812,4620.906,4613.727,4616.062,4008,0
2026-05-01 01:30:00,4615.997,4622.011,4615.894,4620.975,3306,0
2026-05-01 02:00:00,4620.891,4635.972,4619.814,4629.25,3815,0
2026-05-01 02:30:00,4629.525,4630.905,4616.441,4619.15,3868,0
2026-05-01 03:00:00,4619.093,4626.769,4617.6,4626.216,2854,0
2026-05-01 03:30:00,4626.403,4631.9,4625.343,4626.758,3502,0
2026-05-01 04:00:00,4626.825,4628.871,4617.2,4617.733,3575,0
2026-05-01 04:30:00,4617.738,4618.266,4609.071,4609.224,3504,0
2026-05-01 05:00:00,4609.14,4616.072,4607.317,4614.51,2967,0
2026-05-01 05:30:00,4614.451,4615.395,4602.796,4605.003,3748,0
2026-05-01 06:00:00,4604.966,4607.832,4593.091,4593.552,4650,0
2026-05-01 06:30:00,4593.585,4597.556,4590.674,4594.715,4544,0
2026-05-01 07:00:00,4594.648,4597.839,4585.184,4592.154,4881,0
2026-05-01 07:30:00,4592.348,4592.426,4575.937,4578.283,4474,0
2026-05-01 08:00:00,4578.326,4582.647,4566.407,4567.382,4763,0
2026-05-01 08:30:00,4567.349,4572.733,4564.984,4568.904,3996,0
2026-05-01 09:00:00,4568.967,4571.262,4564.028,4569.335,3785,0
2026-05-01 09:30:00,4569.277,4572.851,4559.759,4562.623,3786,0
2026-05-01 10:00:00,4562.51,4572.528,4561.312,4571.948,2866,0
2026-05-01 10:30:00,4571.946,4575.972,4566.076,4566.714,3101,0
2026-05-01 11:00:00,4566.797,4576.407,4562.465,4571.91,3937,0
2026-05-01 11:30:00,4571.567,4579.537,4570.232,4578.746,3612,0
2026-05-01 12:00:00,4578.619,4607.838,4574.707,4602.969,8552,0
2026-05-01 12:30:00,4602.902,4603.327,4589.064,4591.148,6244,0
2026-05-01 13:00:00,4590.973,4597.133,4586.495,4588.954,5305,0
2026-05-01 13:30:00,4589.042,4628.942,4586.335,4625.461,12891,0
2026-05-01 14:00:00,4625.054,4660.228,4625.054,4644.662,15609,0
2026-05-01 14:30:00,4644.734,4646.257,4627.215,4632.053,12053,0
2026-05-01 15:00:00,4632.108,4640.502,4618.897,4636.291,9503,0
2026-05-01 15:30:00,4636.347,4648.145,4632.764,4643.232,8608,0
2026-05-01 16:00:00,4642.964,4650.139,4637.627,4637.976,7963,0
2026-05-01 16:30:00,4638.038,4642.906,4633.906,4639.027,6003,0
2026-05-01 17:00:00,4638.964,4642.713,4630.832,4631.897,4870,0
2026-05-01 17:30:00,4631.838,4634.817,4626.615,4629.579,4714,0
2026-05-01 18:00:00,4629.685,4630.637,4613.739,4623.275,4884,0
2026-05-01 18:30:00,4623.161,4625.956,4616.27,4624.095,4439,0
2026-05-01 19:00:00,4624.176,4627.751,4620.532,4624.24,3195,0
2026-05-01 19:30:00,4624.432,4624.643,4608.813,4610.663,4919,0
2026-05-01 20:00:00,4610.589,4616.017,4606.98,4613.382,3196,0
2026-05-01 20:30:00,4613.44,4617.066,4610.101,4613.396,2675,0
2026-05-03 22:00:00,4625.982,4627.103,4612.488,4620.598,3203,0
2026-05-03 22:30:00,4620.706,4629.33,4618.151,4618.962,2625,0
2026-05-03 23:00:00,4618.949,4620.749,4611.106,4616.898,2967,0
2026-05-03 23:30:00,4617.178,4618.486,4611.406,4613.764,2870,0
2026-05-04 00:00:00,4613.93,4616.553,4601.714,4605.768,7307,0
2026-05-04 00:30:00,4605.83,4613.568,4604.74,4613.143,4349,0
2026-05-04 01:00:00,4613.088,4614.112,4594.17,4594.703,6610,0
2026-05-04 01:30:00,4594.639,4613.705,4592.562,4612.889,4024,0
2026-05-04 02:00:00,4612.832,4618.557,4591.442,4593.204,5772,0
2026-05-04 02:30:00,4593.137,4610.961,4591.039,4605.947,4571,0
2026-05-04 03:00:00,4605.845,4611.745,4604.239,4609.521,3802,0
2026-05-04 03:30:00,4609.446,4617.175,4598.415,4614.94,6485,0
2026-05-04 04:00:00,4614.988,4615.493,4607.043,4608.094,4092,0
2026-05-04 04:30:00,4608.125,4612.87,4605.295,4606.073,3243,0
2026-05-04 05:00:00,4606.157,4613.072,4595.565,4596.544,6253,0
2026-05-04 05:30:00,4596.616,4601.801,4592.287,4598.909,5714,0
2026-05-04 06:00:00,4599.082,4600.643,4587.607,4593.731,6343,0
2026-05-04 06:30:00,4593.68,4595.62,4583.552,4588.758,5542,0
2026-05-04 07:00:00,4588.588,4593.3,4583.16,4586.035,5106,0
2026-05-04 07:30:00,4586.084,4590.658,4577.905,4579.056,4654,0
2026-05-04 08:00:00,4579.074,4581.091,4574.027,4575.087,5663,0
2026-05-04 08:30:00,4575.083,4581.422,4573.684,4577.038,3988,0
2026-05-04 09:00:00,4576.989,4584.367,4576.169,4581.143,3582,0
2026-05-04 09:30:00,4581.295,4584.43,4572.069,4575.524,3179,0
2026-05-04 10:00:00,4575.475,4575.909,4525.715,4544.777,19714,0
2026-05-04 10:30:00,4544.836,4566.766,4542.88,4562.425,10547,0
2026-05-04 11:00:00,4562.427,4570.886,4561.255,4562.269,9255,0
2026-05-04 11:30:00,4562.227,4563.269,4551.491,4560.144,9326,0
2026-05-04 12:00:00,4560.222,4579.388,4559.077,4568.662,9867,0
2026-05-04 12:30:00,4568.433,4575.885,4560.95,4568.404,7654,0
2026-05-04 13:00:00,4568.185,4575.665,4557.117,4560.821,12594,0
2026-05-04 13:30:00,4560.877,4570.782,4555.71,4564.164,15518,0
2026-05-04 14:00:00,4564.088,4582.215,4553.445,4571.338,14291,0
2026-05-04 14:30:00,4571.276,4583.355,4559.522,4561.524,11946,0
2026-05-04 15:00:00,4561.581,4566.115,4514.071,4537.561,23772,0
2026-05-04 15:30:00,4537.664,4542.83,4512.13,4521.488,21371,0
2026-05-04 16:00:00,4521.394,4527.002,4500.602,4514.771,19779,0
2026-05-04 16:30:00,4514.667,4519.017,4507.293,4510.63,9931,0
2026-05-04 17:00:00,4510.553,4531.698,4510.553,4524.231,9739,0
2026-05-04 17:30:00,4524.274,4527.681,4521.497,4522.218,5281,0
2026-05-04 18:00:00,4522.274,4525.327,4509.741,4512.027,4972,0
2026-05-04 18:30:00,4511.991,4516.45,4510.508,4516.211,4523,0
2026-05-04 19:00:00,4516.039,4525.757,4511.094,4522.346,6404,0
2026-05-04 19:30:00,4522.194,4527.122,4515.08,4517.782,4882,0
2026-05-04 20:00:00,4517.628,4518.19,4511.635,4515.194,2556,0
2026-05-04 20:30:00,4515.026,4523.347,4514.719,4523.347,2090,0
2026-05-04 22:00:00,4522.57,4524.272,4517.97,4519.981,1634,0
2026-05-04 22:30:00,4519.705,4522.045,4515.545,4517.338,1782,0
2026-05-04 23:00:00,4517.253,4521.604,4516.254,4520.897,1760,0
2026-05-04 23:30:00,4520.887,4521.189,4517.112,4518.866,1817,0
2026-05-05 00:00:00,4519.021,4528.559,4513.422,4516.881,5311,0
2026-05-05 00:30:00,4516.944,4530.204,4515.916,4529.986,3775,0
2026-05-05 01:00:00,4529.889,4539.975,4525.229,4537.645,4556,0
2026-05-05 01:30:00,4537.605,4542.057,4534.106,4540.838,4766,0
2026-05-05 02:00:00,4540.772,4542.518,4534.59,4541.376,3164,0
2026-05-05 02:30:00,4541.473,4546.826,4538.901,4539.104,3480,0
2026-05-05 03:00:00,4538.916,4542.641,4537.134,4537.752,2580,0
2026-05-05 03:30:00,4538.002,4539.052,4532.209,4534.614,2731,0
2026-05-05 04:00:00,4534.577,4535.716,4529.402,4529.624,2657,0
2026-05-05 04:30:00,4529.664,4536.71,4527.957,4533.54,3024,0
2026-05-05 05:00:00,4533.478,4545.447,4531.215,4539.775,4052,0
2026-05-05 05:30:00,4539.833,4551.888,4539.654,4545.565,5055,0
2026-05-05 06:00:00,4545.88,4552.164,4533.757,4536.789,5270,0
2026-05-05 06:30:00,4536.893,4551.029,4536.318,4548.156,4290,0
2026-05-05 07:00:00,4548.214,4555.621,4547.504,4548.957,4091,0
2026-05-05 07:30:00,4548.999,4558.4,4543.267,4545.49,4709,0
2026-05-05 08:00:00,4545.514,4554.619,4545.386,4551.357,4434,0
2026-05-05 08:30:00,4551.294,4559.659,4547.939,4558.268,4375,0
2026-05-05 09:00:00,4558.335,4560.568,4552.363,4552.443,4352,0
2026-05-05 09:30:00,4552.538,4558.333,4550.987,4556.058,3798,0
2026-05-05 10:00:00,4556.116,4556.866,4546.676,4547.948,3267,0
2026-05-05 10:30:00,4548.028,4554.098,4540.042,4543.623,3943,0
2026-05-05 11:00:00,4543.511,4557.671,4539.704,4555.894,4662,0
2026-05-05 11:30:00,4555.906,4564.93,4554.957,4562.76,4194,0
2026-05-05 12:00:00,4562.541,4574.359,4554.233,4573.721,7241,0
2026-05-05 12:30:00,4573.582,4574.721,4561.633,4564.445,4351,0
2026-05-05 13:00:00,4564.396,4584.922,4564.338,4576.912,7078,0
2026-05-05 13:30:00,4576.969,4582.986,4571.632,4579.503,7068,0
2026-05-05 14:00:00,4579.565,4586.718,4565.767,4583.924,9679,0
2026-05-05 14:30:00,4584.181,4585.766,4575.374,4582.317,6396,0
2026-05-05 15:00:00,4582.387,4583.879,4575.459,4579.097,4906,0
2026-05-05 15:30:00,4579.287,4581.17,4568.257,4568.633,5031,0
2026-05-05 16:00:00,4568.578,4569.08,4555.966,4559.535,4499,0
2026-05-05 16:30:00,4559.788,4562.845,4553.643,4560.983,4591,0
2026-05-05 17:00:00,4560.998,4562.639,4553.151,4558.633,4185,0
2026-05-05 17:30:00,4558.501,4562.799,4556.039,4559.652,3251,0
2026-05-05 18:00:00,4559.758,4565.468,4558.52,4562.093,2534,0
2026-05-05 18:30:00,4562.193,4565.749,4557.582,4561.099,2705,0
2026-05-05 19:00:00,4560.926,4561.497,4555.048,4556.132,2564,0
2026-05-05 19:30:00,4556.306,4558.804,4551.615,4554.677,2844,0
2026-05-05 20:00:00,4554.737,4559.712,4553.868,4559.115,2063,0
2026-05-05 20:30:00,4559.122,4559.882,4554.636,4556.316,1623,0
2026-05-05 22:00:00,4554.91,4555.092,4546.473,4546.853,2276,0
2026-05-05 22:30:00,4546.785,4577.111,4546.18,4573.191,4228,0
2026-05-05 23:00:00,4573.314,4590.554,4569.554,4582.265,5246,0
2026-05-05 23:30:00,4582.225,4595.796,4579.548,4593.801,3598,0
2026-05-06 00:00:00,4593.761,4604.188,4588.283,4602.214,6933,0
2026-05-06 00:30:00,4602.156,4620.04,4601.88,4618.636,5404,0
2026-05-06 01:00:00,4618.574,4625.669,4609.429,4625.039,8385,0
2026-05-06 01:30:00,4624.965,4628.581,4620.258,4625.927,6131,0
2026-05-06 02:00:00,4625.871,4636.36,4625.175,4630.099,4387,0
2026-05-06 02:30:00,4629.984,4641.817,4626.788,4640.684,4669,0
2026-05-06 03:00:00,4640.447,4651.03,4638.372,4645.668,4694,0
2026-05-06 03:30:00,4645.744,4652.115,4642.584,4643.892,3859,0
2026-05-06 04:00:00,4643.754,4653.646,4643.402,4652.429,3445,0
2026-05-06 04:30:00,4652.635,4652.756,4646.092,4648.87,4471,0
2026-05-06 05:00:00,4649.082,4656.367,4648.703,4650.374,3698,0
2026-05-06 05:30:00,4650.324,4663.826,4644.427,4662.71,5232,0
2026-05-06 06:00:00,4662.774,4666.733,4657.114,4665.968,5287,0
2026-05-06 06:30:00,4666.024,4669.63,4659.974,4669.059,4250,0
2026-05-06 07:00:00,4669.116,4670.288,4657.481,4667.326,4489,0
2026-05-06 07:30:00,4667.485,4681.797,4663.09,4681.662,5056,0
2026-05-06 08:00:00,4681.494,4682.375,4675.381,4676.963,4454,0
2026-05-06 08:30:00,4677.132,4702.649,4671.471,4699.812,9897,0
2026-05-06 09:00:00,4699.871,4708.454,4688.678,4699.97,9931,0
2026-05-06 09:30:00,4699.902,4705.913,4694.307,4701.6,6059,0
2026-05-06 10:00:00,4701.779,4705.725,4695.239,4704.218,5282,0
2026-05-06 10:30:00,4704.287,4723.017,4704.287,4717.877,8694,0
2026-05-06 11:00:00,4717.698,4721.254,4705.519,4705.669,7139,0
2026-05-06 11:30:00,4705.688,4715.299,4690.656,4692.05,7582,0
2026-05-06 12:00:00,4692.125,4693.11,4660.057,4683.342,12159,0
2026-05-06 12:30:00,4683.396,4685.447,4676.666,4683.363,7215,0
2026-05-06 13:00:00,4683.125,4692.406,4668.563,4685.069,10959,0
2026-05-06 13:30:00,4684.928,4707.736,4680.119,4702.355,12562,0
2026-05-06 14:00:00,4702.169,4717.368,4697.493,4705.772,10476,0
2026-05-06 14:30:00,4705.834,4714.317,4700.553,4702.843,8297,0
2026-05-06 15:00:00,4702.786,4705.845,4693.328,4695.492,6229,0
2026-05-06 15:30:00,4695.552,4697.875,4687.496,4687.917,5839,0
2026-05-06 16:00:00,4687.781,4688.495,4681.122,4687.975,5298,0
2026-05-06 16:30:00,4688.202,4691.918,4679.343,4683.039,5356,0
2026-05-06 17:00:00,4682.927,4688.02,4679.468,4683.143,4992,0
2026-05-06 17:30:00,4683.078,4684.664,4678.721,4683.856,3739,0
2026-05-06 18:00:00,4683.994,4690.586,4681.779,4687.863,3238,0
2026-05-06 18:30:00,4687.934,4690.221,4684.703,4686.123,3071,0
2026-05-06 19:00:00,4686.192,4700.111,4686.0,4698.384,3244,0
2026-05-06 19:30:00,4698.236,4698.992,4692.249,4692.249,3523,0
2026-05-06 20:00:00,4692.196,4699.413,4691.801,4692.805,2636,0
2026-05-06 20:30:00,4692.823,4693.246,4685.006,4690.769,2312,0
2026-05-06 22:00:00,4693.254,4699.744,4689.252,4695.341,2266,0
2026-05-06 22:30:00,4695.392,4699.435,4694.217,4695.032,2165,0
2026-05-06 23:00:00,4694.97,4698.566,4690.024,4693.274,2228,0
2026-05-06 23:30:00,4693.317,4699.524,4691.569,4698.855,2216,0
2026-05-07 00:00:00,4698.977,4701.211,4689.824,4692.526,6118,0
2026-05-07 00:30:00,4692.507,4693.242,4685.419,4688.49,5643,0
2026-05-07 01:00:00,4688.55,4716.373,4685.204,4704.273,7993,0
2026-05-07 01:30:00,4704.216,4721.282,4702.078,4714.911,6387,0
2026-05-07 02:00:00,4714.874,4718.519,4701.645,4702.864,5886,0
2026-05-07 02:30:00,4702.663,4709.866,4699.693,4707.05,4437,0
2026-05-07 03:00:00,4707.217,4710.002,4704.101,4704.431,3656,0
2026-05-07 03:30:00,4704.591,4704.955,4698.887,4699.239,2900,0
2026-05-07 04:00:00,4699.177,4700.899,4694.895,4696.952,4543,0
2026-05-07 04:30:00,4696.838,4699.171,4692.238,4696.316,2842,0
2026-05-07 05:00:00,4696.488,4701.232,4694.761,4696.032,3078,0
2026-05-07 05:30:00,4695.918,4706.505,4694.852,4701.18,4400,0
2026-05-07 06:00:00,4701.237,4717.706,4701.196,4717.223,4541,0
2026-05-07 06:30:00,4717.106,4750.223,4715.938,4739.193,8955,0
2026-05-07 07:00:00,4739.253,4750.672,4731.408,4739.53,9437,0
2026-05-07 07:30:00,4739.59,4744.481,4737.081,4743.196,5170,0
2026-05-07 08:00:00,4743.273,4753.369,4733.549,4740.002,7209,0
2026-05-07 08:30:00,4739.886,4741.53,4730.837,4731.119,4474,0
2026-05-07 09:00:00,4731.289,4738.702,4721.565,4735.71,4711,0
2026-05-07 09:30:00,4735.61,4739.355,4725.752,4729.061,4949,0
2026-05-07 10:00:00,4728.799,4736.079,4726.566,4732.419,4291,0
2026-05-07 10:30:00,4732.277,4739.691,4727.863,4735.741,3851,0
2026-05-07 11:00:00,4735.814,4737.117,4727.072,4732.512,4340,0
2026-05-07 11:30:00,4732.727,4743.619,4731.604,4742.595,4799,0
2026-05-07 12:00:00,4742.76,4747.189,4733.197,4737.921,6294,0
2026-05-07 12:30:00,4737.984,4752.732,4737.165,4749.869,6242,0
2026-05-07 13:00:00,4749.949,4750.158,4731.013,4745.085,8149,0
2026-05-07 13:30:00,4744.993,4758.051,4737.231,4746.172,11345,0
2026-05-07 14:00:00,4746.168,4759.377,4740.787,4756.498,8588,0
2026-05-07 14:30:00,4756.444,4763.382,4747.602,4762.47,7603,0
2026-05-07 15:00:00,4762.532,4764.782,4736.268,4740.195,9356,0
2026-05-07 15:30:00,4740.126,4746.985,4726.087,4729.076,8542,0
2026-05-07 16:00:00,4729.147,4729.759,4704.289,4720.218,12857,0
2026-05-07 16:30:00,4720.141,4720.941,4710.231,4714.787,7486,0
2026-05-07 17:00:00,4714.845,4719.469,4687.352,4698.877,12857,0
2026-05-07 17:30:00,4698.802,4712.073,4693.149,4711.235,13185,0
2026-05-07 18:00:00,4711.307,4713.026,4704.884,4712.725,6857,0
2026-05-07 18:30:00,4712.66,4715.975,4695.504,4709.544,10623,0
2026-05-07 19:00:00,4709.612,4712.956,4697.643,4705.022,8126,0
2026-05-07 19:30:00,4704.983,4712.146,4702.579,4703.091,6461,0
2026-05-07 20:00:00,4703.153,4719.218,4702.937,4713.062,4997,0
2026-05-07 20:30:00,4713.124,4715.72,4686.305,4688.445,6833,0
2026-05-07 22:00:00,4688.985,4699.182,4686.078,4693.731,4289,0
2026-05-07 22:30:00,4693.773,4694.972,4681.762,4685.968,3365,0
2026-05-07 23:00:00,4685.832,4698.486,4684.534,4696.593,2628,0
2026-05-07 23:30:00,4696.725,4705.563,4695.056,4704.064,2518,0
2026-05-08 00:00:00,4703.996,4709.359,4693.892,4697.247,6182,0
2026-05-08 00:30:00,4697.361,4708.094,4696.081,4701.174,5150,0
2026-05-08 01:00:00,4701.102,4719.222,4700.306,4712.232,7766,0
2026-05-08 01:30:00,4712.353,4725.484,4705.209,4722.66,6300,0
2026-05-08 02:00:00,4722.715,4732.777,4718.112,4721.564,5176,0
2026-05-08 02:30:00,4721.405,4723.498,4706.777,4713.37,7375,0
2026-05-08 03:00:00,4713.313,4722.605,4710.967,4720.158,4715,0
2026-05-08 03:30:00,4720.097,4730.991,4718.095,4719.697,4140,0
2026-05-08 04:00:00,4719.755,4723.075,4713.202,4717.456,3595,0
2026-05-08 04:30:00,4717.238,4718.414,4708.759,4710.991,3773,0
2026-05-08 05:00:00,4711.147,4719.99,4709.482,4719.247,3487,0
2026-05-08 05:30:00,4719.332,4731.376,4719.332,4727.619,5668,0
2026-05-08 06:00:00,4727.301,4734.604,4712.604,4733.533,7155,0
2026-05-08 06:30:00,4733.583,4734.391,4721.215,4725.477,5468,0
2026-05-08 07:00:00,4725.569,4726.438,4697.128,4706.56,9017,0
2026-05-08 07:30:00,4706.62,4713.487,4701.279,4708.033,6017,0
2026-05-08 08:00:00,4708.035,4722.614,4706.589,4716.852,5404,0
2026-05-08 08:30:00,4716.964,4723.452,4714.857,4715.773,4297,0
2026-05-08 09:00:00,4715.553,4722.871,4713.398,4718.033,4059,0
2026-05-08 09:30:00,4717.752,4718.76,4707.374,4711.765,4964,0
2026-05-08 10:00:00,4711.759,4724.06,4711.119,4720.327,3519,0
2026-05-08 10:30:00,4720.432,4728.025,4715.063,4719.551,4415,0
2026-05-08 11:00:00,4719.622,4727.166,4718.567,4723.998,4221,0
2026-05-08 11:30:00,4724.041,4725.796,4713.637,4717.759,3927,0
2026-05-08 12:00:00,4717.715,4719.529,4702.6,4710.087,6275,0
2026-05-08 12:30:00,4710.323,4732.015,4702.747,4724.168,10991,0
2026-05-08 13:00:00,4724.405,4729.016,4716.343,4727.302,8778,0
2026-05-08 13:30:00,4727.357,4747.871,4726.589,4747.871,11724,0
2026-05-08 14:00:00,4747.939,4749.575,4717.87,4717.87,11537,0
2026-05-08 14:30:00,4717.709,4725.55,4713.143,4716.007,9434,0
2026-05-08 15:00:00,4715.789,4720.964,4704.235,4713.087,9463,0
2026-05-08 15:30:00,4713.152,4714.957,4701.753,4707.144,7719,0
2026-05-08 16:00:00,4706.983,4717.482,4705.503,4717.482,4834,0
2026-05-08 16:30:00,4717.831,4720.314,4711.045,4712.283,4210,0
2026-05-08 17:00:00,4712.151,4722.035,4712.115,4720.579,4076,0
2026-05-08 17:30:00,4720.516,4722.789,4719.189,4720.645,3019,0
2026-05-08 18:00:00,4720.686,4729.004,4720.451,4725.779,4090,0
2026-05-08 18:30:00,4725.66,4726.559,4719.916,4722.026,3028,0
2026-05-08 19:00:00,4721.917,4725.671,4720.984,4723.797,2604,0
2026-05-08 19:30:00,4723.859,4726.742,4721.717,4723.789,3170,0
2026-05-08 20:00:00,4723.858,4724.334,4715.165,4717.262,2434,0
2026-05-08 20:30:00,4717.141,4719.175,4714.357,4715.309,2024,0
2026-05-10 22:00:00,4691.841,4696.288,4678.931,4694.385,4162,0
2026-05-10 22:30:00,4694.45,4694.663,4687.044,4691.965,3179,0
2026-05-10 23:00:00,4691.899,4697.196,4688.823,4694.755,2867,0
2026-05-10 23:30:00,4694.755,4698.539,4690.031,4691.675,2713,0
2026-05-11 00:00:00,4691.609,4691.609,4675.672,4683.703,7044,0
2026-05-11 00:30:00,4683.706,4693.412,4669.937,4683.566,8391,0
2026-05-11 01:00:00,4683.603,4705.396,4674.475,4698.695,14400,0
2026-05-11 01:30:00,4699.049,4701.554,4679.848,4685.808,8233,0
2026-05-11 02:00:00,4685.697,4692.808,4678.303,4688.526,6594,0
2026-05-11 02:30:00,4688.527,4700.272,4676.625,4681.526,7291,0
2026-05-11 03:00:00,4681.473,4690.479,4674.794,4689.41,4951,0
2026-05-11 03:30:00,4689.41,4690.313,4676.836,4678.811,4235,0
2026-05-11 04:00:00,4678.531,4679.854,4670.15,4671.87,4359,0
2026-05-11 04:30:00,4671.893,4675.937,4668.306,4672.142,3503,0
2026-05-11 05:00:00,4672.12,4676.097,4670.786,4670.844,3580,0
2026-05-11 05:30:00,4670.774,4680.813,4648.189,4652.39,9066,0
2026-05-11 06:00:00,4652.448,4670.855,4649.281,4667.253,7288,0
2026-05-11 06:30:00,4667.263,4680.496,4667.115,4678.193,5517,0
2026-05-11 07:00:00,4678.329,4680.287,4672.185,4675.796,4914,0
2026-05-11 07:30:00,4675.749,4677.977,4664.217,4667.703,4472,0
2026-05-11 08:00:00,4667.627,4678.613,4664.058,4671.6,5316,0
2026-05-11 08:30:00,4671.727,4675.286,4666.546,4667.528,4000,0
2026-05-11 09:00:00,4667.666,4669.859,4656.963,4657.603,4116,0
2026-05-11 09:30:00,4657.65,4664.745,4650.313,4656.773,4957,0
2026-05-11 10:00:00,4656.694,4665.823,4656.206,4663.28,3698,0
2026-05-11 10:30:00,4663.503,4667.188,4660.187,4663.787,3881,0
2026-05-11 11:00:00,4663.712,4672.377,4663.712,4672.005,3799,0
2026-05-11 11:30:00,4671.698,4677.247,4670.106,4674.327,4143,0
2026-05-11 12:00:00,4674.617,4695.266,4667.356,4690.442,8215,0
2026-05-11 12:30:00,4690.648,4701.074,4686.086,4699.699,8706,0
2026-05-11 13:00:00,4699.761,4735.634,4698.522,4728.437,12038,0
2026-05-11 13:30:00,4728.372,4748.571,4728.05,4736.364,12358,0
2026-05-11 14:00:00,4736.252,4738.563,4718.528,4725.154,8908,0
2026-05-11 14:30:00,4725.218,4734.046,4715.014,4725.65,9108,0
2026-05-11 15:00:00,4725.584,4738.156,4722.72,4732.769,5735,0
2026-05-11 15:30:00,4732.64,4734.73,4724.631,4731.857,5568,0
2026-05-11 16:00:00,4732.221,4733.51,4722.301,4724.007,4190,0
2026-05-11 16:30:00,4724.022,4726.09,4707.731,4716.31,7029,0
2026-05-11 17:00:00,4716.268,4721.653,4715.795,4718.226,4233,0
2026-05-11 17:30:00,4718.167,4724.559,4717.698,4723.453,2962,0
2026-05-11 18:00:00,4723.514,4727.551,4720.698,4727.106,3493,0
2026-05-11 18:30:00,4727.319,4729.42,4724.836,4725.041,2772,0
2026-05-11 19:00:00,4725.108,4728.408,4723.151,4724.109,3051,0
2026-05-11 19:30:00,4724.166,4736.398,4722.25,4733.348,3312,0
2026-05-11 20:00:00,4733.275,4737.803,4729.662,4735.13,2515,0
2026-05-11 20:30:00,4735.189,4738.569,4732.326,4735.175,1707,0
2026-05-11 22:00:00,4739.467,4743.63,4737.447,4739.578,2115,0
2026-05-11 22:30:00,4739.834,4755.12,4738.772,4750.701,2889,0
2026-05-11 23:00:00,4750.931,4754.773,4745.927,4752.99,2772,0
2026-05-11 23:30:00,4752.621,4770.005,4751.316,4767.591,3967,0
2026-05-12 00:00:00,4767.215,4773.652,4753.034,4762.401,8446,0
2026-05-12 00:30:00,4762.327,4763.907,4748.291,4748.953,6078,0
2026-05-12 01:00:00,4749.393,4755.416,4733.579,4735.305,12135,0
2026-05-12 01:30:00,4735.238,4738.873,4720.029,4727.188,9805,0
2026-05-12 02:00:00,4727.121,4733.807,4724.603,4727.116,6240,0
2026-05-12 02:30:00,4726.765,4733.457,4722.019,4730.222,7162,0
2026-05-12 03:00:00,4729.846,4733.189,4722.714,4723.93,5247,0
2026-05-12 03:30:00,4723.988,4728.061,4717.916,4720.297,3742,0
2026-05-12 04:00:00,4720.275,4730.32,4719.644,4722.18,3993,0
2026-05-12 04:30:00,4722.578,4726.439,4711.056,4714.228,4116,0
2026-05-12 05:00:00,4714.134,4718.586,4708.69,4715.117,5067,0
2026-05-12 05:30:00,4715.468,4722.158,4709.893,4714.412,7408,0
2026-05-12 06:00:00,4714.156,4714.399,4695.022,4696.123,7614,0
2026-05-12 06:30:00,4696.185,4704.888,4694.199,4696.862,6931,0
2026-05-12 07:00:00,4696.788,4699.73,4686.483,4697.913,6562,0
2026-05-12 07:30:00,4697.821,4703.697,4695.475,4699.927,4732,0
2026-05-12 08:00:00,4699.864,4706.587,4696.817,4702.839,4655,0
2026-05-12 08:30:00,4702.798,4706.347,4698.139,4703.545,4346,0
2026-05-12 09:00:00,4703.487,4703.487,4697.401,4699.814,3780,0
2026-05-12 09:30:00,4699.447,4705.255,4694.197,4699.274,5189,0
2026-05-12 10:00:00,4699.37,4708.481,4698.514,4700.036,4248,0
2026-05-12 10:30:00,4700.33,4700.353,4685.108,4694.49,5656,0
2026-05-12 11:00:00,4694.264,4700.22,4686.937,4699.905,5970,0
2026-05-12 11:30:00,4700.256,4709.371,4697.695,4706.734,4348,0
2026-05-12 12:00:00,4706.802,4708.341,4695.043,4697.339,6075,0
2026-05-12 12:30:00,4697.354,4711.679,4689.395,4705.518,9913,0
2026-05-12 13:00:00,4705.466,4709.057,4679.472,4690.638,10454,0
2026-05-12 13:30:00,4690.86,4701.761,4676.797,4679.415,13518,0
2026-05-12 14:00:00,4679.349,4695.085,4675.785,4683.315,10581,0
2026-05-12 14:30:00,4683.372,4687.965,4669.123,4672.96,11280,0
2026-05-12 15:00:00,4672.988,4676.067,4637.982,4655.804,14676,0
2026-05-12 15:30:00,4655.862,4670.087,4653.822,4666.172,8409,0
2026-05-12 16:00:00,4665.936,4675.127,4664.084,4668.037,5400,0
2026-05-12 16:30:00,4668.424,4674.363,4664.921,4670.936,5108,0
2026-05-12 17:00:00,4670.994,4682.376,4670.994,4679.465,5196,0
2026-05-12 17:30:00,4679.405,4680.615,4676.012,4678.929,3896,0
2026-05-12 18:00:00,4678.986,4687.851,4676.089,4685.114,4926,0
2026-05-12 18:30:00,4685.35,4698.24,4684.746,4696.106,4731,0
2026-05-12 19:00:00,4696.183,4704.585,4696.183,4703.322,3522,0
2026-05-12 19:30:00,4703.38,4715.876,4703.38,4715.486,3741,0
2026-05-12 20:00:00,4715.723,4719.473,4712.097,4713.041,2747,0
2026-05-12 20:30:00,4713.051,4715.931,4712.204,4715.161,1950,0
2026-05-12 22:00:00,4716.91,4721.046,4711.518,4716.845,2788,0
2026-05-12 22:30:00,4716.77,4722.234,4715.461,4717.105,2147,0
2026-05-12 23:00:00,4717.056,4723.773,4715.635,4720.416,2944,0
2026-05-12 23:30:00,4720.477,4723.39,4715.219,4716.694,3487,0
2026-05-13 00:00:00,4716.95,4727.045,4714.879,4722.498,6578,0
2026-05-13 00:30:00,4722.384,4724.984,4713.67,4714.651,5188,0
2026-05-13 01:00:00,4714.522,4716.999,4702.666,4704.331,8976,0
2026-05-13 01:30:00,4704.509,4710.753,4701.007,4702.585,5488,0
2026-05-13 02:00:00,4702.221,4707.414,4697.989,4700.367,4544,0
2026-05-13 02:30:00,4700.425,4700.425,4687.64,4691.957,5843,0
2026-05-13 03:00:00,4691.712,4700.668,4688.938,4700.436,4181,0
2026-05-13 03:30:00,4700.433,4705.918,4694.334,4695.934,3627,0
2026-05-13 04:00:00,4695.751,4703.454,4695.376,4701.152,3077,0
2026-05-13 04:30:00,4701.436,4703.347,4697.106,4699.526,3173,0
2026-05-13 05:00:00,4699.579,4707.323,4697.655,4697.884,3889,0
2026-05-13 05:30:00,4698.118,4705.411,4693.434,4704.025,5962,0
2026-05-13 06:00:00,4704.164,4715.196,4703.413,4708.546,5235,0
2026-05-13 06:30:00,4708.602,4713.718,4699.087,4701.674,4978,0
2026-05-13 07:00:00,4701.738,4708.873,4696.787,4707.414,5361,0
2026-05-13 07:30:00,4707.416,4707.842,4701.413,4702.945,3634,0
2026-05-13 08:00:00,4702.885,4704.327,4694.606,4696.864,4209,0
2026-05-13 08:30:00,4696.902,4702.944,4694.409,4700.557,3890,0
2026-05-13 09:00:00,4700.482,4701.866,4685.854,4689.071,4344,0
2026-05-13 09:30:00,4689.012,4701.009,4686.081,4700.694,4192,0
2026-05-13 10:00:00,4700.758,4710.509,4698.558,4699.702,4817,0
2026-05-13 10:30:00,4699.341,4699.959,4693.678,4693.894,3715,0
2026-05-13 11:00:00,4694.259,4700.494,4691.372,4698.309,4226,0
2026-05-13 11:30:00,4698.552,4705.395,4697.206,4697.206,4225,0
2026-05-13 12:00:00,4697.266,4701.47,4683.419,4684.838,6494,0
2026-05-13 12:30:00,4684.903,4687.078,4675.855,4683.847,9977,0
2026-05-13 13:00:00,4683.786,4694.719,4683.42,4688.502,6486,0
2026-05-13 13:30:00,4688.421,4690.969,4669.361,4679.436,11509,0
2026-05-13 14:00:00,4679.495,4685.311,4672.732,4684.138,8219,0
2026-05-13 14:30:00,4684.201,4691.01,4677.172,4679.891,7158,0
2026-05-13 15:00:00,4679.949,4691.813,4678.725,4691.074,5825,0
2026-05-13 15:30:00,4691.311,4700.181,4686.708,4695.3,5345,0
2026-05-13 16:00:00,4695.384,4709.995,4694.998,4706.941,5454,0
2026-05-13 16:30:00,4707.002,4707.716,4694.775,4695.732,4603,0
2026-05-13 17:00:00,4695.788,4701.348,4695.566,4698.165,3812,0
2026-05-13 17:30:00,4698.225,4698.539,4684.488,4685.64,4454,0
2026-05-13 18:00:00,4685.708,4693.97,4684.307,4691.78,3422,0
2026-05-13 18:30:00,4691.714,4692.771,4677.4,4684.757,4298,0
2026-05-13 19:00:00,4684.814,4690.55,4683.188,4687.28,2858,0
2026-05-13 19:30:00,4687.341,4689.42,4683.875,4688.062,3247,0
2026-05-13 20:00:00,4688.165,4693.562,4685.809,4691.132,1997,0
2026-05-13 20:30:00,4691.124,4692.768,4687.84,4688.821,1762,0
2026-05-13 22:00:00,4691.677,4697.187,4688.881,4696.9,1986,0
2026-05-13 22:30:00,4696.918,4700.663,4695.729,4700.215,1798,0
2026-05-13 23:00:00,4700.151,4702.281,4696.734,4697.449,1672,0
2026-05-13 23:30:00,4697.387,4697.639,4693.06,4696.689,2226,0
2026-05-14 00:00:00,4696.333,4705.433,4689.464,4701.155,5179,0
2026-05-14 00:30:00,4700.855,4706.85,4692.681,4705.132,4573,0
2026-05-14 01:00:00,4705.053,4706.985,4684.085,4692.815,11923,0
2026-05-14 01:30:00,4692.875,4695.086,4683.315,4688.549,8124,0
2026-05-14 02:00:00,4688.612,4694.122,4686.478,4693.324,5085,0
2026-05-14 02:30:00,4693.389,4699.703,4679.884,4686.455,7179,0
2026-05-14 03:00:00,4686.542,4693.378,4681.373,4691.114,6211,0
2026-05-14 03:30:00,4691.054,4691.345,4673.847,4674.804,5116,0
2026-05-14 04:00:00,4674.89,4707.473,4667.96,4702.432,6249,0
2026-05-14 04:30:00,4702.052,4712.812,4701.371,4702.528,5170,0
2026-05-14 05:00:00,4702.599,4704.188,4693.309,4693.77,4314,0
2026-05-14 05:30:00,4693.712,4703.241,4689.155,4689.898,6932,0
2026-05-14 06:00:00,4689.866,4694.709,4685.923,4691.099,5323,0
2026-05-14 06:30:00,4691.167,4702.344,4690.52,4700.053,5034,0
2026-05-14 07:00:00,4699.966,4706.837,4694.502,4705.365,5533,0
2026-05-14 07:30:00,4705.305,4718.881,4690.487,4693.217,7649,0
2026-05-14 08:00:00,4693.28,4705.009,4691.81,4702.842,5627,0
2026-05-14 08:30:00,4703.023,4706.482,4692.835,4693.393,4709,0
2026-05-14 09:00:00,4693.464,4697.855,4689.987,4690.704,4367,0
2026-05-14 09:30:00,4690.79,4702.397,4688.365,4699.596,5111,0
2026-05-14 10:00:00,4699.375,4705.124,4693.725,4697.609,4851,0
2026-05-14 10:30:00,4697.36,4698.155,4691.053,4696.725,4171,0
2026-05-14 11:00:00,4696.792,4698.828,4689.15,4692.001,4140,0
2026-05-14 11:30:00,4692.052,4704.793,4690.75,4694.365,4808,0
2026-05-14 12:00:00,4694.067,4707.496,4692.254,4702.984,6185,0
2026-05-14 12:30:00,4703.046,4709.985,4695.955,4704.898,6416,0
2026-05-14 13:00:00,4704.636,4707.816,4687.815,4688.297,9241,0
2026-05-14 13:30:00,4688.066,4691.033,4666.469,4679.71,16304,0
2026-05-14 14:00:00,4679.649,4700.953,4677.551,4691.28,11057,0
2026-05-14 14:30:00,4691.349,4692.333,4679.276,4679.638,7108,0
2026-05-14 15:00:00,4679.582,4689.362,4676.758,4685.954,6378,0
2026-05-14 15:30:00,4686.019,4688.973,4681.027,4685.984,4643,0
2026-05-14 16:00:00,4685.629,4686.973,4673.92,4677.275,4910,0
2026-05-14 16:30:00,4677.126,4678.961,4670.191,4678.636,4504,0
2026-05-14 17:00:00,4678.693,4683.087,4676.868,4677.354,4502,0
2026-05-14 17:30:00,4677.417,4681.823,4676.268,4678.328,3261,0
2026-05-14 18:00:00,4678.385,4678.551,4668.558,4673.588,4546,0
2026-05-14 18:30:00,4673.644,4674.993,4666.907,4671.419,3077,0
2026-05-14 19:00:00,4671.477,4671.885,4662.894,4663.036,2923,0
2026-05-14 19:30:00,4663.095,4665.331,4652.995,4654.331,4979,0
2026-05-14 20:00:00,4654.112,4657.34,4646.648,4648.005,2884,0
2026-05-14 20:30:00,4647.996,4652.815,4644.191,4651.346,2477,0
2026-05-14 22:00:00,4651.752,4659.404,4646.868,4658.971,2791,0
2026-05-14 22:30:00,4658.947,4662.739,4658.481,4662.204,1983,0
2026-05-14 23:00:00,4662.502,4664.404,4655.525,4663.966,2476,0
2026-05-14 23:30:00,4664.028,4665.332,4646.582,4652.328,4588,0
2026-05-15 00:00:00,4652.404,4658.214,4629.633,4629.712,10931,0
2026-05-15 00:30:00,4629.778,4630.616,4613.254,4629.968,11165,0
2026-05-15 01:00:00,4629.908,4631.425,4607.422,4609.06,19212,0
2026-05-15 01:30:00,4608.996,4624.289,4607.033,4613.916,12280,0
2026-05-15 02:00:00,4614.111,4619.094,4609.152,4612.445,8860,0
2026-05-15 02:30:00,4612.318,4623.18,4609.488,4618.23,7545,0
2026-05-15 03:00:00,4618.136,4622.091,4609.758,4612.922,5587,0
2026-05-15 03:30:00,4612.571,4617.209,4607.334,4615.288,4552,0
2026-05-15 04:00:00,4615.337,4621.745,4607.495,4610.668,4377,0
2026-05-15 04:30:00,4610.963,4614.867,4604.272,4605.798,4891,0
2026-05-15 05:00:00,4606.013,4606.591,4580.633,4588.704,9520,0
2026-05-15 05:30:00,4588.76,4590.019,4556.567,4558.858,17885,0
2026-05-15 06:00:00,4558.418,4578.367,4556.169,4574.914,13395,0
2026-05-15 06:30:00,4574.867,4580.598,4564.206,4569.563,9473,0
2026-05-15 07:00:00,4569.623,4588.608,4565.988,4581.571,10517,0
2026-05-15 07:30:00,4581.847,4582.542,4568.161,4570.618,6160,0
2026-05-15 08:00:00,4570.608,4571.955,4552.741,4558.093,9644,0
2026-05-15 08:30:00,4558.24,4563.693,4549.827,4554.507,8926,0
2026-05-15 09:00:00,4554.421,4563.862,4539.169,4553.251,9802,0
2026-05-15 09:30:00,4553.212,4555.658,4531.722,4545.866,9475,0
2026-05-15 10:00:00,4545.792,4563.317,4543.951,4551.835,8243,0
2026-05-15 10:30:00,4551.833,4572.556,4549.585,4566.226,10646,0
2026-05-15 11:00:00,4566.158,4570.064,4559.144,4562.112,7883,0
2026-05-15 11:30:00,4562.042,4562.527,4549.845,4552.089,6453,0
2026-05-15 12:00:00,4552.058,4558.857,4544.824,4555.162,8943,0
2026-05-15 12:30:00,4555.133,4555.698,4543.561,4545.766,7740,0
2026-05-15 13:00:00,4545.969,4557.71,4535.933,4549.094,12365,0
2026-05-15 13:30:00,4549.028,4551.289,4511.162,4533.55,21334,0
2026-05-15 14:00:00,4533.492,4562.953,4525.496,4555.372,18268,0
2026-05-15 14:30:00,4555.437,4566.452,4545.867,4562.775,13465,0
2026-05-15 15:00:00,4562.843,4563.671,4542.738,4547.106,10807,0
2026-05-15 15:30:00,4547.171,4550.432,4533.694,4539.779,9022,0
2026-05-15 16:00:00,4539.835,4542.449,4529.316,4540.837,6767,0
2026-05-15 16:30:00,4541.041,4548.045,4539.879,4544.207,5376,0
2026-05-15 17:00:00,4544.149,4564.435,4543.25,4557.864,7012,0
2026-05-15 17:30:00,4557.905,4563.689,4557.156,4559.585,4281,0
2026-05-15 18:00:00,4559.649,4563.086,4553.093,4557.948,4517,0
2026-05-15 18:30:00,4558.023,4562.699,4552.178,4559.277,3621,0
2026-05-15 19:00:00,4559.143,4560.265,4548.38,4550.254,3693,0
2026-05-15 19:30:00,4550.31,4555.284,4545.001,4545.942,4075,0
2026-05-15 20:00:00,4545.878,4546.447,4532.952,4539.188,4003,0
2026-05-15 20:30:00,4539.151,4543.976,4536.22,4539.766,3450,0
2026-05-17 22:00:00,4538.378,4554.832,4538.066,4541.447,4076,0
2026-05-17 22:30:00,4541.001,4554.291,4541.001,4546.283,4427,0
2026-05-17 23:00:00,4546.295,4548.066,4537.884,4538.096,4362,0
2026-05-17 23:30:00,4538.151,4544.2,4531.793,4537.191,6457,0
2026-05-18 00:00:00,4536.965,4542.479,4514.324,4515.834,15685,0
2026-05-18 00:30:00,4515.774,4518.878,4480.265,4515.71,20775,0
2026-05-18 01:00:00,4515.77,4515.852,4489.236,4504.093,25689,0
2026-05-18 01:30:00,4503.842,4535.646,4499.655,4525.445,16519,0
2026-05-18 02:00:00,4525.467,4540.623,4521.923,4533.478,10571,0
2026-05-18 02:30:00,4533.535,4543.0,4529.359,4533.521,8443,0
2026-05-18 03:00:00,4533.58,4538.44,4526.568,4536.022,7571,0
2026-05-18 03:30:00,4535.96,4547.975,4525.079,4541.035,9707,0
2026-05-18 04:00:00,4541.266,4549.977,4530.156,4532.828,7734,0
2026-05-18 04:30:00,4532.769,4545.76,4532.022,4540.412,7000,0
2026-05-18 05:00:00,4540.55,4550.666,4532.865,4548.839,8690,0
2026-05-18 05:30:00,4548.957,4552.171,4529.993,4531.061,9773,0
2026-05-18 06:00:00,4530.901,4547.977,4529.657,4537.676,9387,0
2026-05-18 06:30:00,4537.607,4547.823,4534.632,4546.542,8079,0
2026-05-18 07:00:00,4546.611,4551.444,4538.441,4550.422,7559,0
2026-05-18 07:30:00,4550.363,4560.045,4539.932,4546.07,8722,0
2026-05-18 08:00:00,4546.015,4551.532,4542.28,4547.743,5589,0
2026-05-18 08:30:00,4548.02,4556.943,4545.853,4549.753,5432,0
2026-05-18 09:00:00,4549.982,4551.999,4541.065,4545.081,4835,0
2026-05-18 09:30:00,4545.014,4546.196,4540.023,4543.12,5059,0
2026-05-18 10:00:00,4542.801,4544.857,4535.605,4539.435,5156,0
2026-05-18 10:30:00,4539.434,4547.773,4532.029,4540.05,5039,0
2026-05-18 11:00:00,4540.263,4541.76,4529.711,4536.355,6397,0
2026-05-18 11:30:00,4536.294,4567.029,4535.436,4550.691,16681,0
2026-05-18 12:00:00,4550.757,4556.61,4545.1,4550.713,8370,0
2026-05-18 12:30:00,4550.698,4574.919,4550.07,4571.091,13167,0
2026-05-18 13:00:00,4571.172,4576.945,4561.607,4572.042,10951,0
2026-05-18 13:30:00,4571.688,4584.345,4563.722,4575.743,16267,0
2026-05-18 14:00:00,4575.671,4575.671,4554.77,4561.352,14022,0
2026-05-18 14:30:00,4561.581,4563.087,4537.704,4546.308,15348,0
2026-05-18 15:00:00,4546.399,4547.91,4531.509,4534.761,14360,0
2026-05-18 15:30:00,4534.69,4546.849,4533.858,4543.455,7643,0
2026-05-18 16:00:00,4543.738,4550.581,4533.964,4537.166,7359,0
2026-05-18 16:30:00,4537.11,4554.435,4534.147,4550.225,6815,0
2026-05-18 17:00:00,4550.167,4558.284,4547.788,4553.729,5198,0
2026-05-18 17:30:00,4553.665,4554.175,4545.393,4546.836,3957,0
2026-05-18 18:00:00,4547.087,4547.86,4536.555,4542.094,4648,0
2026-05-18 18:30:00,4542.037,4543.841,4534.116,4535.794,4201,0
2026-05-18 19:00:00,4535.646,4565.006,4535.143,4551.493,15922,0
2026-05-18 19:30:00,4551.554,4562.901,4550.065,4558.429,6089,0
2026-05-18 20:00:00,4558.486,4566.697,4557.658,4563.313,2962,0
2026-05-18 20:30:00,4563.372,4566.763,4561.505,4566.3,2334,0
2026-05-18 22:00:00,4570.36,4574.526,4567.31,4572.632,2231,0
2026-05-18 22:30:00,4572.941,4578.147,4571.477,4573.682,2021,0
2026-05-18 23:00:00,4573.916,4588.977,4573.609,4585.467,2949,0
2026-05-18 23:30:00,4585.572,4587.894,4579.046,4581.862,2617,0
2026-05-19 00:00:00,4581.926,4589.369,4568.649,4573.696,9470,0
2026-05-19 00:30:00,4573.78,4576.155,4561.085,4563.389,6449,0
2026-05-19 01:00:00,4563.307,4569.138,4553.887,4558.989,11224,0
2026-05-19 01:30:00,4558.884,4572.256,4555.122,4563.679,7607,0
2026-05-19 02:00:00,4563.563,4563.716,4551.35,4559.773,8003,0
2026-05-19 02:30:00,4559.709,4559.943,4545.835,4546.938,6907,0
2026-05-19 03:00:00,4547.13,4553.009,4543.543,4549.002,5499,0
2026-05-19 03:30:00,4549.219,4554.893,4543.836,4545.036,4873,0
2026-05-19 04:00:00,4544.963,4545.823,4538.117,4540.417,5146,0
2026-05-19 04:30:00,4540.066,4543.817,4537.995,4542.411,3997,0
2026-05-19 05:00:00,4542.483,4546.504,4530.657,4538.594,5696,0
2026-05-19 05:30:00,4538.368,4543.999,4533.071,4540.914,9474,0
2026-05-19 06:00:00,4540.74,4553.704,4533.389,4547.719,7845,0
2026-05-19 06:30:00,4547.781,4552.831,4543.01,4547.888,6304,0
2026-05-19 07:00:00,4547.943,4555.289,4543.093,4548.074,6423,0
2026-05-19 07:30:00,4548.017,4559.217,4541.211,4556.948,6918,0
2026-05-19 08:00:00,4557.021,4559.147,4536.212,4538.43,6578,0
2026-05-19 08:30:00,4538.368,4548.675,4536.986,4542.858,4689,0
2026-05-19 09:00:00,4542.579,4546.93,4535.898,4540.738,5547,0
2026-05-19 09:30:00,4540.793,4544.703,4536.658,4541.858,5863,0
2026-05-19 10:00:00,4541.836,4542.188,4535.784,4539.801,4218,0
2026-05-19 10:30:00,4539.897,4544.771,4525.35,4544.771,8726,0
2026-05-19 11:00:00,4544.413,4547.936,4535.753,4539.056,6335,0
2026-05-19 11:30:00,4539.001,4543.183,4529.803,4530.785,5653,0
2026-05-19 12:00:00,4530.84,4546.441,4527.204,4543.307,7063,0
2026-05-19 12:30:00,4543.309,4546.986,4535.611,4537.18,6268,0
2026-05-19 13:00:00,4537.234,4537.382,4490.854,4492.139,16524,0
2026-05-19 13:30:00,4492.234,4511.098,4464.373,4503.453,31553,0
2026-05-19 14:00:00,4503.599,4514.26,4484.286,4490.246,21282,0
2026-05-19 14:30:00,4490.085,4498.497,4485.998,4493.916,16189,0
2026-05-19 15:00:00,4493.861,4505.107,4489.557,4498.686,11059,0
2026-05-19 15:30:00,4498.632,4509.132,4497.916,4508.229,8669,0
2026-05-19 16:00:00,4508.586,4511.957,4495.961,4508.533,5839,0
2026-05-19 16:30:00,4508.44,4512.489,4504.626,4507.818,4661,0
2026-05-19 17:00:00,4507.749,4510.995,4503.379,4507.036,4455,0
2026-05-19 17:30:00,4507.092,4508.15,4498.917,4500.939,4454,0
2026-05-19 18:00:00,4501.01,4503.777,4495.32,4496.176,3990,0
2026-05-19 18:30:00,4496.119,4500.697,4490.168,4493.717,4540,0
2026-05-19 19:00:00,4493.663,4497.716,4485.421,4487.095,4068,0
2026-05-19 19:30:00,4487.149,4489.793,4481.071,4483.498,4191,0
2026-05-19 20:00:00,4483.398,4488.142,4480.808,4486.286,2870,0
2026-05-19 20:30:00,4486.256,4486.327,4481.651,4482.002,1974,0
2026-05-19 22:00:00,4481.896,4485.918,4477.966,4479.133,1938,0
2026-05-19 22:30:00,4479.133,4485.541,4477.34,4484.16,2986,0
2026-05-19 23:00:00,4484.084,4488.761,4480.039,4486.19,2811,0
2026-05-19 23:30:00,4486.037,4496.173,4485.481,4489.452,3691,0
2026-05-20 00:00:00,4489.396,4502.227,4479.542,4501.861,12144,0
2026-05-20 00:30:00,4501.8,4509.021,4497.971,4500.79,9812,0
2026-05-20 01:00:00,4500.852,4506.122,4472.703,4473.675,12920,0
2026-05-20 01:30:00,4473.732,4488.313,4456.046,4481.199,17709,0
2026-05-20 02:00:00,4481.296,4487.025,4476.22,4481.272,9328,0
2026-05-20 02:30:00,4481.493,4483.448,4458.501,4465.16,12237,0
2026-05-20 03:00:00,4465.093,4467.463,4453.399,4460.78,9125,0
2026-05-20 03:30:00,4460.868,4465.957,4457.398,4463.542,6799,0
2026-05-20 04:00:00,4463.487,4470.563,4462.241,4465.341,5805,0
2026-05-20 04:30:00,4465.414,4465.983,4456.481,4462.099,5462,0
2026-05-20 05:00:00,4461.99,4475.351,4461.575,4468.388,6259,0
2026-05-20 05:30:00,4468.344,4478.957,4463.075,4472.532,8334,0
2026-05-20 06:00:00,4472.425,4478.513,4467.588,4472.019,9064,0
2026-05-20 06:30:00,4472.085,4478.424,4461.262,4474.117,8256,0
2026-05-20 07:00:00,4474.063,4485.18,4472.035,4482.459,7470,0
2026-05-20 07:30:00,4482.517,4485.953,4475.229,4478.473,6263,0
2026-05-20 08:00:00,4478.429,4486.587,4476.642,4485.866,7497,0
2026-05-20 08:30:00,4485.932,4490.34,4476.54,4484.137,7299,0
2026-05-20 09:00:00,4484.162,4486.234,4472.513,4474.236,4955,0
2026-05-20 09:30:00,4474.173,4491.22,4472.948,4485.009,5055,0
2026-05-20 10:00:00,4484.949,4492.681,4484.507,4489.06,4290,0
2026-05-20 10:30:00,4489.121,4497.183,4488.532,4494.512,4442,0
2026-05-20 11:00:00,4494.41,4501.186,4490.913,4499.879,4253,0
2026-05-20 11:30:00,4499.824,4500.282,4490.733,4498.918,4990,0
2026-05-20 12:00:00,4498.896,4501.098,4493.003,4499.466,5463,0
2026-05-20 12:30:00,4499.53,4505.364,4493.887,4496.024,5909,0
2026-05-20 13:00:00,4496.26,4506.157,4489.357,4489.417,9299,0
2026-05-20 13:30:00,4489.181,4492.996,4481.908,4483.188,12831,0
2026-05-20 14:00:00,4483.245,4510.916,4466.949,4506.565,28451,0
2026-05-20 14:30:00,4506.767,4537.218,4506.767,4531.061,18503,0
2026-05-20 15:00:00,4530.997,4553.062,4523.164,4529.479,21205,0
2026-05-20 15:30:00,4529.42,4539.526,4527.149,4529.177,10099,0
2026-05-20 16:00:00,4529.237,4535.218,4523.915,4526.009,6251,0
2026-05-20 16:30:00,4525.771,4535.638,4524.023,4534.298,5968,0
2026-05-20 17:00:00,4534.353,4538.33,4530.747,4532.197,5587,0
2026-05-20 17:30:00,4532.295,4536.486,4529.683,4531.112,4245,0
2026-05-20 18:00:00,4531.214,4536.684,4529.33,4534.733,4016,0
2026-05-20 18:30:00,4534.795,4545.12,4534.795,4542.439,3807,0
2026-05-20 19:00:00,4542.495,4546.034,4541.472,4545.015,2842,0
2026-05-20 19:30:00,4545.127,4550.411,4545.107,4545.851,4200,0
2026-05-20 20:00:00,4545.796,4550.392,4542.923,4545.796,3718,0
2026-05-20 20:30:00,4545.882,4546.192,4542.072,4543.912,2571,0
2026-05-20 22:00:00,4547.69,4547.69,4535.252,4539.141,3221,0
2026-05-20 22:30:00,4538.827,4544.73,4537.258,4540.228,2800,0
2026-05-20 23:00:00,4540.195,4543.28,4534.735,4538.252,2490,0
2026-05-20 23:30:00,4538.321,4546.934,4537.768,4546.321,2699,0
2026-05-21 00:00:00,4546.372,4553.46,4537.063,4543.421,8690,0
2026-05-21 00:30:00,4543.496,4548.563,4539.678,4545.289,4772,0
2026-05-21 01:00:00,4545.344,4567.798,4539.745,4566.831,10956,0
2026-05-21 01:30:00,4567.052,4570.947,4559.065,4561.141,7738,0
2026-05-21 02:00:00,4561.201,4564.713,4539.525,4540.38,6989,0
2026-05-21 02:30:00,4540.324,4542.466,4531.336,4533.102,7562,0
2026-05-21 03:00:00,4533.193,4540.107,4531.553,4535.791,4775,0
2026-05-21 03:30:00,4535.728,4537.159,4527.052,4528.065,4208,0
2026-05-21 04:00:00,4528.303,4539.948,4527.268,4539.654,3615,0
2026-05-21 04:30:00,4539.709,4540.673,4533.706,4538.239,3148,0
2026-05-21 05:00:00,4538.592,4540.397,4521.35,4522.605,4987,0
2026-05-21 05:30:00,4522.662,4530.1,4518.15,4527.891,7771,0
2026-05-21 06:00:00,4527.981,4539.86,4526.617,4532.897,7240,0
2026-05-21 06:30:00,4533.133,4535.028,4518.72,4521.578,7142,0
2026-05-21 07:00:00,4521.289,4524.274,4511.588,4512.783,6464,0
2026-05-21 07:30:00,4512.874,4523.12,4512.223,4519.742,4784,0
2026-05-21 08:00:00,4519.861,4536.866,4518.3,4535.534,8354,0
2026-05-21 08:30:00,4535.511,4535.523,4526.329,4532.28,5956,0
2026-05-21 09:00:00,4532.149,4542.426,4531.659,4537.028,6029,0
2026-05-21 09:30:00,4536.971,4543.016,4528.044,4530.756,5086,0
2026-05-21 10:00:00,4530.403,4535.393,4510.33,4517.856,9523,0
2026-05-21 10:30:00,4517.922,4518.581,4504.712,4511.719,14934,0
2026-05-21 11:00:00,4511.798,4521.351,4510.535,4513.9,7735,0
2026-05-21 11:30:00,4513.844,4517.467,4507.901,4513.918,5221,0
2026-05-21 12:00:00,4513.998,4519.075,4503.939,4506.882,6613,0
2026-05-21 12:30:00,4506.96,4518.17,4501.902,4504.137,10599,0
2026-05-21 13:00:00,4503.85,4512.655,4495.39,4500.353,12883,0
2026-05-21 13:30:00,4500.706,4521.101,4488.377,4513.041,18083,0
2026-05-21 14:00:00,4513.252,4515.425,4497.967,4507.284,14286,0
2026-05-21 14:30:00,4507.344,4510.971,4501.651,4508.611,10736,0
2026-05-21 15:00:00,4508.531,4515.704,4496.541,4503.525,13508,0
2026-05-21 15:30:00,4503.582,4512.726,4502.632,4511.68,5780,0
2026-05-21 16:00:00,4512.031,4520.677,4511.793,4516.52,7669,0
2026-05-21 16:30:00,4516.303,4520.407,4515.538,4519.287,4245,0
2026-05-21 17:00:00,4519.355,4546.39,4513.993,4541.466,18535,0
2026-05-21 17:30:00,4541.409,4559.319,4538.845,4551.536,9596,0
2026-05-21 18:00:00,4551.472,4556.13,4543.032,4548.575,9694,0
2026-05-21 18:30:00,4548.674,4549.482,4527.373,4531.705,11330,0
2026-05-21 19:00:00,4531.764,4542.059,4529.559,4538.942,6488,0
2026-05-21 19:30:00,4538.887,4543.847,4534.814,4542.905,5445,0
2026-05-21 20:00:00,4543.005,4544.899,4540.391,4541.167,2713,0
2026-05-21 20:30:00,4541.225,4542.839,4539.686,4542.705,1712,0
2026-05-21 22:00:00,4543.175,4545.986,4539.779,4540.921,2097,0
2026-05-21 22:30:00,4540.921,4543.851,4539.654,4543.46,1681,0
2026-05-21 23:00:00,4543.11,4545.2,4537.599,4540.274,1954,0
2026-05-21 23:30:00,4540.582,4540.582,4532.411,4535.299,2626,0
2026-05-22 00:00:00,4535.552,4537.46,4530.031,4536.09,5037,0
2026-05-22 00:30:00,4536.425,4540.956,4525.56,4526.902,5353,0
2026-05-22 01:00:00,4526.603,4536.445,4523.369,4528.947,9034,0
2026-05-22 01:30:00,4528.876,4531.956,4520.85,4526.15,7287,0
2026-05-22 02:00:00,4526.328,4529.478,4521.368,4524.716,4911,0
2026-05-22 02:30:00,4524.556,4526.955,4518.523,4522.826,5006,0
2026-05-22 03:00:00,4522.883,4525.309,4519.114,4521.729,4267,0
2026-05-22 03:30:00,4521.885,4529.988,4521.591,4529.304,3402,0
2026-05-22 04:00:00,4529.361,4533.037,4527.547,4532.025,3028,0
2026-05-22 04:30:00,4532.038,4532.605,4525.391,4527.345,2997,0
2026-05-22 05:00:00,4527.283,4529.424,4523.497,4526.212,3566,0
2026-05-22 05:30:00,4526.273,4534.298,4507.198,4511.156,7467,0
2026-05-22 06:00:00,4511.278,4525.973,4510.092,4525.116,7793,0
2026-05-22 06:30:00,4525.061,4529.038,4521.499,4526.697,5492,0
2026-05-22 07:00:00,4526.59,4527.455,4521.207,4525.911,4960,0
2026-05-22 07:30:00,4525.535,4525.936,4516.047,4521.76,4547,0
2026-05-22 08:00:00,4521.834,4531.197,4521.365,4526.676,5508,0
2026-05-22 08:30:00,4526.616,4527.458,4517.09,4521.751,5489,0
2026-05-22 09:00:00,4521.983,4525.327,4515.143,4517.967,4817,0
2026-05-22 09:30:00,4517.828,4536.083,4514.836,4532.327,4828,0
2026-05-22 10:00:00,4532.383,4536.851,4524.648,4524.925,4377,0
2026-05-22 10:30:00,4524.857,4525.548,4510.059,4514.482,5998,0
2026-05-22 11:00:00,4514.71,4517.381,4511.715,4512.143,3742,0
2026-05-22 11:30:00,4511.863,4525.089,4511.376,4520.719,4703,0
2026-05-22 12:00:00,4520.64,4535.88,4518.732,4521.851,10352,0
2026-05-22 12:30:00,4521.78,4528.562,4514.898,4528.055,5907,0
2026-05-22 13:00:00,4528.278,4534.408,4520.691,4522.202,9938,0
2026-05-22 13:30:00,4522.144,4527.176,4510.178,4513.605,12264,0
2026-05-22 14:00:00,4513.656,4513.964,4491.538,4498.836,16229,0
2026-05-22 14:30:00,4499.185,4507.184,4497.157,4500.643,8047,0
2026-05-22 15:00:00,4500.769,4519.22,4500.121,4519.139,6936,0
2026-05-22 15:30:00,4519.2,4522.342,4514.697,4520.156,5422,0
2026-05-22 16:00:00,4519.806,4524.178,4516.791,4523.443,4741,0
2026-05-22 16:30:00,4523.793,4526.869,4512.193,4514.739,4507,0
2026-05-22 17:00:00,4514.801,4525.878,4513.245,4525.151,6273,0
2026-05-22 17:30:00,4525.213,4527.963,4518.5,4519.282,5821,0
2026-05-22 18:00:00,4519.337,4519.514,4511.507,4515.418,3726,0
2026-05-22 18:30:00,4515.054,4520.208,4512.661,4515.146,3459,0
2026-05-22 19:00:00,4515.024,4515.655,4506.104,4506.957,5196,0
2026-05-22 19:30:00,4507.028,4510.685,4504.157,4508.348,3537,0
2026-05-22 20:00:00,4508.154,4510.281,4504.733,4509.975,2249,0
2026-05-22 20:30:00,4510.043,4510.282,4504.336,4507.776,3008,0
2026-05-24 22:00:00,4545.372,4557.469,4543.319,4552.118,6143,0
2026-05-24 22:30:00,4552.052,4565.529,4551.811,4564.838,3288,0
2026-05-24 23:00:00,4565.076,4578.236,4564.996,4575.108,3091,0
2026-05-24 23:30:00,4575.102,4579.984,4565.747,4567.183,3283,0
2026-05-25 00:00:00,4567.126,4575.656,4565.996,4572.483,5861,0
2026-05-25 00:30:00,4572.425,4579.774,4566.023,4569.423,5397,0
2026-05-25 01:00:00,4569.48,4576.387,4560.609,4573.136,10351,0
2026-05-25 01:30:00,4573.197,4574.807,4560.052,4562.917,5771,0
2026-05-25 02:00:00,4562.568,4568.382,4558.685,4562.824,4676,0
2026-05-25 02:30:00,4562.727,4570.272,4559.378,4561.15,5327,0
2026-05-25 03:00:00,4561.5,4564.486,4559.998,4560.814,4350,0
2026-05-25 03:30:00,4560.88,4564.134,4556.473,4559.865,3635,0
2026-05-25 04:00:00,4559.792,4566.044,4559.281,4564.932,2744,0
2026-05-25 04:30:00,4564.933,4565.73,4559.414,4564.688,3230,0
2026-05-25 05:00:00,4564.633,4566.17,4554.08,4554.312,3064,0
2026-05-25 05:30:00,4554.356,4561.042,4551.895,4553.619,4685,0
2026-05-25 06:00:00,4553.563,4557.415,4550.32,4554.252,4321,0
2026-05-25 06:30:00,4554.31,4563.36,4553.523,4562.292,3949,0
2026-05-25 07:00:00,4562.348,4564.773,4552.349,4554.527,5678,0
2026-05-25 07:30:00,4554.585,4565.184,4554.194,4564.58,4217,0
2026-05-25 08:00:00,4564.58,4565.089,4553.655,4555.017,3496,0
2026-05-25 08:30:00,4555.008,4557.851,4553.179,4556.231,2802,0
2026-05-25 09:00:00,4555.925,4559.037,4554.827,4558.675,2198,0
2026-05-25 09:30:00,4558.689,4568.993,4558.235,4567.44,3565,0
2026-05-25 10:00:00,4567.503,4573.709,4567.405,4570.697,3028,0
2026-05-25 10:30:00,4570.698,4573.021,4568.345,4568.758,2809,0
2026-05-25 11:00:00,4568.818,4575.285,4567.525,4571.797,2726,0
2026-05-25 11:30:00,4571.739,4576.961,4569.116,4569.527,3203,0
2026-05-25 12:00:00,4569.47,4569.574,4552.728,4560.393,5915,0
2026-05-25 12:30:00,4560.677,4569.976,4559.753,4567.792,4124,0
2026-05-25 13:00:00,4567.847,4571.382,4560.378,4561.901,4772,0
2026-05-25 13:30:00,4561.845,4565.492,4559.999,4563.305,3344,0
2026-05-25 14:00:00,4562.941,4570.581,4562.272,4567.847,3401,0
2026-05-25 14:30:00,4567.877,4569.056,4564.852,4566.975,3354,0
2026-05-25 15:00:00,4566.694,4574.713,4565.423,4573.065,5362,0
2026-05-25 15:30:00,4573.125,4573.474,4566.563,4570.957,2496,0
2026-05-25 16:00:00,4571.001,4571.149,4567.879,4568.289,2056,0
2026-05-25 16:30:00,4568.262,4574.395,4567.825,4573.334,2565,0
2026-05-25 17:00:00,4573.563,4578.131,4570.237,4571.454,2912,0
2026-05-25 17:30:00,4571.457,4571.523,4563.204,4565.202,2321,0
2026-05-25 18:00:00,4565.205,4571.283,4564.325,4570.572,2241,0
2026-05-25 22:00:00,4571.428,4575.539,4570.691,4573.224,2094,0
2026-05-25 22:30:00,4573.281,4576.561,4569.491,4574.74,2159,0
2026-05-25 23:00:00,4575.034,4580.395,4567.226,4568.342,2657,0
2026-05-25 23:30:00,4568.276,4568.603,4554.991,4559.694,4320,0
2026-05-26 00:00:00,4559.691,4560.242,4540.893,4549.116,8339,0
2026-05-26 00:30:00,4549.171,4553.039,4539.402,4549.403,5991,0
2026-05-26 01:00:00,4549.479,4550.184,4541.643,4543.795,8467,0
2026-05-26 01:30:00,4543.852,4544.245,4527.706,4536.81,8071,0
2026-05-26 02:00:00,4536.754,4539.557,4535.266,4536.594,3441,0
2026-05-26 02:30:00,4536.931,4538.566,4529.81,4532.411,4199,0
2026-05-26 03:00:00,4532.354,4543.702,4531.992,4542.195,3471,0
2026-05-26 03:30:00,4542.0,4545.336,4540.694,4542.437,2592,0
2026-05-26 04:00:00,4542.098,4543.108,4532.618,4532.618,2788,0
2026-05-26 04:30:00,4532.689,4533.301,4523.352,4525.59,3874,0
2026-05-26 05:00:00,4525.23,4531.521,4522.791,4531.113,3610,0
2026-05-26 05:30:00,4531.049,4535.015,4523.403,4527.131,5091,0
2026-05-26 06:00:00,4527.357,4536.292,4526.824,4530.496,4809,0
2026-05-26 06:30:00,4530.501,4534.042,4528.387,4531.1,4520,0
2026-05-26 07:00:00,4531.16,4534.01,4522.042,4529.428,6200,0
2026-05-26 07:30:00,4529.752,4539.0,4521.521,4538.023,5881,0
2026-05-26 08:00:00,4538.108,4538.812,4520.335,4522.529,5071,0
2026-05-26 08:30:00,4522.449,4527.391,4519.87,4523.742,4550,0
2026-05-26 09:00:00,4523.899,4526.492,4518.157,4524.917,4496,0
2026-05-26 09:30:00,4524.971,4525.16,4511.97,4522.704,5657,0
2026-05-26 10:00:00,4522.609,4535.448,4519.284,4533.246,5542,0
2026-05-26 10:30:00,4533.3,4540.64,4531.5,4534.564,5521,0
2026-05-26 11:00:00,4534.665,4536.202,4522.782,4523.884,4255,0
2026-05-26 11:30:00,4523.828,4523.859,4503.453,4507.17,11727,0
2026-05-26 12:00:00,4507.183,4515.813,4503.513,4506.251,8398,0
2026-05-26 12:30:00,4506.316,4523.801,4500.517,4520.203,8127,0
2026-05-26 13:00:00,4520.145,4527.6,4516.265,4522.446,6968,0
2026-05-26 13:30:00,4522.504,4531.294,4512.348,4514.207,12148,0
2026-05-26 14:00:00,4514.188,4520.026,4507.657,4517.532,7842,0
2026-05-26 14:30:00,4517.454,4525.069,4512.589,4515.159,6402,0
2026-05-26 15:00:00,4515.215,4515.637,4504.662,4506.001,7682,0
2026-05-26 15:30:00,4506.056,4510.715,4502.138,4506.587,6916,0
2026-05-26 16:00:00,4506.659,4508.855,4499.499,4507.745,4864,0
2026-05-26 16:30:00,4507.768,4511.396,4503.115,4505.014,4048,0
2026-05-26 17:00:00,4504.975,4507.578,4500.376,4501.596,3457,0
2026-05-26 17:30:00,4501.539,4501.719,4489.737,4491.209,4833,0
2026-05-26 18:00:00,4490.993,4496.141,4482.236,4495.068,5079,0
2026-05-26 18:30:00,4495.013,4499.541,4494.047,4499.055,2875,0
2026-05-26 19:00:00,4499.429,4504.636,4497.492,4501.915,3117,0
2026-05-26 19:30:00,4501.974,4509.781,4500.823,4508.762,3201,0
2026-05-26 20:00:00,4508.999,4510.863,4506.156,4506.607,2087,0
2026-05-26 20:30:00,4506.665,4510.307,4503.982,4507.128,1848,0
2026-05-26 22:00:00,4507.895,4510.852,4500.35,4504.521,5555,0
2026-05-26 22:30:00,4504.525,4512.466,4497.968,4511.089,2717,0
2026-05-26 23:00:00,4510.918,4513.683,4504.34,4512.001,3009,0
2026-05-26 23:30:00,4511.854,4527.87,4510.941,4519.734,3845,0
2026-05-27 00:00:00,4519.674,4525.732,4513.863,4517.795,5345,0
2026-05-27 00:30:00,4518.088,4522.106,4514.549,4515.23,4297,0
2026-05-27 01:00:00,4515.175,4521.113,4512.743,4515.93,7112,0
2026-05-27 01:30:00,4515.864,4517.048,4506.77,4507.975,4656,0
2026-05-27 02:00:00,4508.048,4509.445,4498.897,4505.314,4869,0
2026-05-27 02:30:00,4505.332,4506.869,4497.921,4505.559,3696,0
2026-05-27 03:00:00,4505.524,4511.853,4504.886,4507.145,3546,0
2026-05-27 03:30:00,4507.265,4507.378,4496.712,4497.177,2963,0
2026-05-27 04:00:00,4496.9,4503.381,4495.678,4499.702,2957,0
2026-05-27 04:30:00,4499.646,4517.109,4497.789,4510.362,4105,0
2026-05-27 05:00:00,4510.304,4513.738,4504.036,4507.184,4431,0
2026-05-27 05:30:00,4506.993,4508.598,4491.551,4497.689,9877,0
2026-05-27 06:00:00,4497.373,4499.191,4483.637,4486.401,7909,0
2026-05-27 06:30:00,4486.338,4490.258,4479.814,4485.335,6273,0
2026-05-27 07:00:00,4485.393,4489.006,4479.959,4485.964,5474,0
2026-05-27 07:30:00,4486.287,4488.729,4475.653,4482.085,5011,0
2026-05-27 08:00:00,4481.819,4492.817,4480.966,4489.02,4839,0
2026-05-27 08:30:00,4489.166,4498.604,4486.048,4497.845,4139,0
2026-05-27 09:00:00,4497.584,4497.584,4488.525,4490.079,3976,0
2026-05-27 09:30:00,4490.084,4493.176,4487.012,4490.256,3114,0
2026-05-27 10:00:00,4490.011,4490.797,4476.399,4477.045,3738,0
2026-05-27 10:30:00,4476.985,4477.298,4442.525,4445.587,14964,0
2026-05-27 11:00:00,4445.96,4453.176,4439.28,4441.014,8886,0
2026-05-27 11:30:00,4440.954,4444.701,4424.7,4428.434,9046,0
2026-05-27 12:00:00,4428.311,4466.56,4427.283,4454.774,17169,0
2026-05-27 12:30:00,4454.577,4460.165,4437.61,4438.675,10337,0
2026-05-27 13:00:00,4438.654,4439.153,4401.186,4405.134,20428,0
2026-05-27 13:30:00,4405.044,4434.157,4404.327,4427.167,18920,0
2026-05-27 14:00:00,4427.226,4455.503,4425.831,4445.227,15924,0
2026-05-27 14:30:00,4445.143,4449.349,4433.338,4434.07,10916,0
2026-05-27 15:00:00,4434.013,4438.513,4428.059,4435.594,6713,0
2026-05-27 15:30:00,4435.65,4441.348,4431.053,4436.299,6765,0
2026-05-27 16:00:00,4436.354,4447.653,4433.987,4446.647,4469,0
2026-05-27 16:30:00,4446.887,4453.189,4445.087,4450.56,3598,0
2026-05-27 17:00:00,4450.877,4451.642,4441.365,4449.604,5406,0
2026-05-27 17:30:00,4449.658,4454.425,4449.658,4450.366,3208,0
2026-05-27 18:00:00,4450.409,4458.419,4447.754,4455.604,3100,0
2026-05-27 18:30:00,4455.388,4456.192,4451.421,4454.472,2289,0
2026-05-27 19:00:00,4454.166,4454.782,4449.657,4451.161,2525,0
2026-05-27 19:30:00,4451.154,4454.874,4448.72,4450.737,2858,0
2026-05-27 20:00:00,4451.083,4458.892,4450.126,4455.093,1978,0
2026-05-27 20:30:00,4455.056,4456.219,4451.424,4456.159,1411,0
2026-05-27 22:00:00,4462.376,4465.105,4455.596,4459.762,2267,0
2026-05-27 22:30:00,4459.695,4462.51,4455.194,4457.256,2175,0
2026-05-27 23:00:00,4457.093,4457.502,4449.074,4450.857,2619,0
2026-05-27 23:30:00,4450.51,4454.089,4443.639,4447.141,3275,0
2026-05-28 00:00:00,4447.199,4454.041,4443.83,4446.305,6087,0
2026-05-28 00:30:00,4446.041,4457.923,4443.246,4456.853,5151,0
2026-05-28 01:00:00,4456.793,4458.854,4417.055,4419.161,10934,0
2026-05-28 01:30:00,4419.095,4426.455,4406.842,4409.782,9944,0
2026-05-28 02:00:00,4409.837,4412.586,4396.272,4405.951,8249,0
2026-05-28 02:30:00,4406.129,4410.257,4392.422,4394.44,7237,0
2026-05-28 03:00:00,4394.263,4397.913,4382.022,4387.856,8716,0
2026-05-28 03:30:00,4387.779,4387.896,4368.277,4374.669,8404,0
2026-05-28 04:00:00,4374.605,4382.151,4366.232,4368.483,7582,0
2026-05-28 04:30:00,4368.43,4375.259,4368.159,4372.869,5979,0
2026-05-28 05:00:00,4372.926,4380.018,4366.988,4378.505,6038,0
2026-05-28 05:30:00,4378.423,4395.736,4374.831,4388.071,8737,0
2026-05-28 06:00:00,4387.932,4390.598,4374.119,4380.137,6809,0
2026-05-28 06:30:00,4380.076,4385.48,4376.66,4383.675,5156,0
2026-05-28 07:00:00,4383.501,4396.46,4383.501,4392.724,5562,0
2026-05-28 07:30:00,4392.365,4393.833,4382.519,4387.567,5177,0
2026-05-28 08:00:00,4387.491,4394.894,4386.082,4389.885,5444,0
2026-05-28 08:30:00,4389.864,4394.98,4385.758,4387.074,4179,0
2026-05-28 09:00:00,4386.952,4398.91,4386.338,4396.264,4598,0
2026-05-28 09:30:00,4396.179,4396.806,4389.76,4393.662,4746,0
2026-05-28 10:00:00,4393.736,4404.203,4391.291,4400.982,4327,0
2026-05-28 10:30:00,4400.979,4402.54,4374.911,4382.807,7424,0
2026-05-28 11:00:00,4383.035,4390.53,4381.746,4384.683,5206,0
2026-05-28 11:30:00,4384.742,4390.436,4380.646,4387.588,5610,0
2026-05-28 12:00:00,4387.68,4393.064,4379.409,4385.345,5661,0
2026-05-28 12:30:00,4385.224,4433.917,4384.186,4431.962,10643,0
2026-05-28 13:00:00,4432.019,4439.122,4424.897,4428.747,11866,0
2026-05-28 13:30:00,4428.692,4434.344,4417.998,4430.323,12453,0
2026-05-28 14:00:00,4430.241,4473.541,4420.734,4461.099,28555,0
2026-05-28 14:30:00,4461.03,4480.59,4452.728,4469.117,17913,0
2026-05-28 15:00:00,4469.189,4482.294,4468.484,4476.622,10004,0
2026-05-28 15:30:00,4476.871,4484.95,4476.871,4482.062,6226,0
2026-05-28 16:00:00,4482.429,4502.905,4477.561,4500.226,7609,0
2026-05-28 16:30:00,4500.287,4511.076,4497.563,4511.076,6302,0
2026-05-28 17:00:00,4510.784,4514.608,4500.503,4502.156,5316,0
2026-05-28 17:30:00,4502.213,4510.025,4502.213,4508.689,3477,0
2026-05-28 18:00:00,4508.95,4516.533,4505.289,4506.407,4667,0
2026-05-28 18:30:00,4506.461,4506.518,4498.442,4501.065,3683,0
2026-05-28 19:00:00,4501.169,4503.846,4498.575,4499.865,3035,0
2026-05-28 19:30:00,4499.92,4501.909,4497.297,4498.028,3225,0
2026-05-28 20:00:00,4497.959,4500.694,4494.789,4499.194,2505,0
2026-05-28 20:30:00,4499.194,4500.705,4494.81,4496.482,1902,0
2026-05-28 22:00:00,4497.169,4499.243,4491.8,4495.678,1878,0
2026-05-28 22:30:00,4495.648,4496.54,4490.626,4491.095,1896,0
2026-05-28 23:00:00,4491.151,4496.955,4491.018,4492.34,2015,0
2026-05-28 23:30:00,4492.341,4496.397,4488.956,4494.974,3141,0
2026-05-29 00:00:00,4495.125,4500.687,4492.02,4499.847,5848,0
2026-05-29 00:30:00,4499.913,4500.471,4493.204,4496.26,4276,0
2026-05-29 01:00:00,4496.026,4520.728,4492.195,4505.247,9580,0
2026-05-29 01:30:00,4505.23,4508.641,4500.989,4506.347,5920,0
2026-05-29 02:00:00,4506.305,4511.136,4501.724,4503.151,4728,0
2026-05-29 02:30:00,4503.16,4508.103,4498.256,4501.596,4560,0
2026-05-29 03:00:00,4501.814,4502.106,4494.911,4496.666,5213,0
2026-05-29 03:30:00,4496.72,4501.667,4494.626,4501.119,3479,0
2026-05-29 04:00:00,4501.347,4511.837,4500.863,4509.009,3787,0
2026-05-29 04:30:00,4509.23,4514.762,4507.984,4514.033,3284,0
2026-05-29 05:00:00,4514.203,4515.488,4508.881,4509.725,2855,0
2026-05-29 05:30:00,4509.661,4515.868,4502.389,4514.993,5503,0
2026-05-29 06:00:00,4514.757,4522.466,4509.901,4516.706,6872,0
2026-05-29 06:30:00,4516.763,4524.069,4511.392,4523.523,5429,0
2026-05-29 07:00:00,4523.754,4523.754,4510.739,4513.813,4911,0
2026-05-29 07:30:00,4513.871,4526.182,4512.799,4524.487,5186,0
2026-05-29 08:00:00,4524.701,4524.708,4512.46,4517.169,4855,0
2026-05-29 08:30:00,4517.157,4518.135,4509.889,4514.702,3902,0
2026-05-29 09:00:00,4514.776,4532.313,4513.111,4528.709,4952,0
2026-05-29 09:30:00,4528.938,4539.749,4524.668,4531.193,5252,0
2026-05-29 10:00:00,4531.197,4531.197,4525.474,4530.542,3840,0
2026-05-29 10:30:00,4530.457,4543.418,4530.141,4538.374,4943,0
2026-05-29 11:00:00,4538.6,4540.524,4526.906,4528.104,4789,0
2026-05-29 11:30:00,4528.169,4538.925,4525.793,4538.199,5074,0
2026-05-29 12:00:00,4538.264,4538.532,4519.776,4522.226,5882,0
2026-05-29 12:30:00,4522.159,4523.988,4512.509,4522.843,7117,0
2026-05-29 13:00:00,4522.901,4529.228,4515.013,4528.172,7703,0
2026-05-29 13:30:00,4527.984,4540.771,4522.465,4536.824,10055,0
2026-05-29 14:00:00,4536.843,4552.771,4526.102,4529.917,13437,0
2026-05-29 14:30:00,4529.534,4570.485,4525.121,4564.291,17764,0
2026-05-29 15:00:00,4564.236,4595.189,4564.109,4578.223,18620,0
2026-05-29 15:30:00,4578.288,4583.349,4557.661,4571.203,12277,0
2026-05-29 16:00:00,4571.268,4572.313,4559.637,4563.124,6004,0
2026-05-29 16:30:00,4563.049,4573.471,4560.833,4566.762,6122,0
2026-05-29 17:00:00,4566.822,4568.623,4560.697,4561.938,4334,0
2026-05-29 17:30:00,4561.884,4562.287,4551.445,4553.39,4311,0
2026-05-29 18:00:00,4553.605,4560.547,4552.538,4559.132,3873,0
2026-05-29 18:30:00,4559.2,4561.563,4550.585,4553.416,4284,0
2026-05-29 19:00:00,4553.355,4559.95,4552.408,4555.343,3125,0
2026-05-29 19:30:00,4555.272,4556.426,4542.821,4545.649,4262,0
2026-05-29 20:00:00,4545.593,4549.002,4542.004,4542.483,2793,0
2026-05-29 20:30:00,4542.402,4544.234,4539.391,4540.363,2486,0
2026-05-31 22:00:00,4521.201,4536.591,4518.354,4533.26,4066,0
2026-05-31 22:30:00,4533.204,4540.224,4530.751,4535.424,3048,0
2026-05-31 23:00:00,4535.193,4544.978,4534.929,4544.717,2852,0
2026-05-31 23:30:00,4544.778,4545.74,4538.169,4539.348,3369,0
2026-06-01 00:00:00,4539.409,4546.159,4537.318,4542.97,5173,0
2026-06-01 00:30:00,4542.961,4544.946,4535.239,4540.603,5028,0
2026-06-01 01:00:00,4540.547,4541.332,4526.041,4528.879,8022,0
2026-06-01 01:30:00,4528.824,4533.887,4523.526,4525.613,5789,0
2026-06-01 02:00:00,4525.587,4534.694,4524.14,4530.486,4362,0
2026-06-01 02:30:00,4530.429,4530.904,4521.011,4521.517,5390,0
2026-06-01 03:00:00,4521.456,4525.286,4513.577,4520.192,5198,0
2026-06-01 03:30:00,4520.376,4524.095,4509.723,4516.138,3814,0
2026-06-01 04:00:00,4516.095,4519.475,4512.351,4515.874,3009,0
2026-06-01 04:30:00,4515.926,4517.35,4508.237,4514.52,3208,0
2026-06-01 05:00:00,4514.282,4523.705,4513.348,4520.237,3191,0
2026-06-01 05:30:00,4520.568,4525.193,4512.545,4518.333,5535,0
2026-06-01 06:00:00,4518.273,4518.826,4504.845,4513.806,6033,0
2026-06-01 06:30:00,4513.869,4514.556,4500.105,4501.616,5846,0
2026-06-01 07:00:00,4501.479,4509.982,4500.818,4504.011,5047,0
2026-06-01 07:30:00,4503.721,4507.645,4492.407,4502.921,5193,0
2026-06-01 08:00:00,4502.835,4504.241,4490.198,4495.785,5267,0
2026-06-01 08:30:00,4495.772,4502.549,4492.521,4497.828,4822,0
2026-06-01 09:00:00,4497.954,4506.301,4496.183,4496.183,4072,0
2026-06-01 09:30:00,4496.412,4499.159,4489.125,4496.118,5469,0
2026-06-01 10:00:00,4495.892,4503.561,4495.892,4500.971,3705,0
2026-06-01 10:30:00,4501.035,4511.014,4500.329,4503.769,3975,0
2026-06-01 11:00:00,4504.005,4512.949,4499.713,4510.385,4184,0
2026-06-01 11:30:00,4510.482,4512.058,4505.243,4505.676,3580,0
2026-06-01 12:00:00,4505.62,4509.63,4497.371,4505.345,5498,0
2026-06-01 12:30:00,4505.573,4510.524,4497.644,4502.252,6595,0
2026-06-01 13:00:00,4502.318,4503.903,4462.376,4465.154,22898,0
2026-06-01 13:30:00,4465.078,4478.493,4448.42,4450.22,19017,0
2026-06-01 14:00:00,4450.363,4464.904,4447.501,4456.077,12656,0
2026-06-01 14:30:00,4456.093,4461.645,4452.115,4458.489,7571,0
2026-06-01 15:00:00,4458.56,4470.175,4455.102,4468.103,6847,0
2026-06-01 15:30:00,4468.336,4479.826,4467.854,4474.027,8425,0
2026-06-01 16:00:00,4474.127,4478.59,4462.809,4467.789,4695,0
2026-06-01 16:30:00,4468.08,4482.247,4467.303,4479.899,5050,0
2026-06-01 17:00:00,4479.83,4482.998,4471.36,4482.846,4634,0
2026-06-01 17:30:00,4482.704,4495.449,4480.292,4487.602,7506,0
2026-06-01 18:00:00,4487.611,4490.168,4486.313,4486.756,2696,0
2026-06-01 18:30:00,4486.817,4488.624,4484.692,4486.688,2346,0
2026-06-01 19:00:00,4486.708,4488.319,4484.323,4484.775,2552,0
2026-06-01 19:30:00,4484.808,4485.694,4479.028,4481.228,2949,0
2026-06-01 20:00:00,4481.283,4484.323,4480.214,4482.973,2174,0
2026-06-01 20:30:00,4483.081,4485.964,4481.083,4484.131,1715,0
2026-06-01 22:00:00,4486.595,4486.919,4481.223,4481.56,1826,0
2026-06-01 22:30:00,4481.617,4486.523,4479.758,4485.429,1580,0
2026-06-01 23:00:00,4485.535,4488.338,4481.845,4487.378,1612,0
2026-06-01 23:30:00,4487.378,4487.45,4479.204,4484.275,2767,0
2026-06-02 00:00:00,4484.473,4493.814,4476.6,4493.814,6308,0
2026-06-02 00:30:00,4493.756,4497.141,4480.586,4481.198,5342,0
2026-06-02 01:00:00,4481.078,4492.451,4473.543,4486.448,11448,0
2026-06-02 01:30:00,4486.506,4489.473,4462.662,4474.124,9615,0
2026-06-02 02:00:00,4474.181,4484.83,4472.127,4482.045,5876,0
2026-06-02 02:30:00,4481.714,4486.565,4473.534,4485.789,5349,0
2026-06-02 03:00:00,4485.851,4497.534,4485.562,4494.982,5242,0
2026-06-02 03:30:00,4494.916,4499.448,4492.849,4499.125,4278,0
2026-06-02 04:00:00,4499.101,4510.351,4497.557,4504.644,3944,0
2026-06-02 04:30:00,4504.327,4518.379,4503.35,4517.195,4046,0
2026-06-02 05:00:00,4517.14,4521.74,4515.038,4519.546,4263,0
2026-06-02 05:30:00,4519.614,4528.329,4515.985,4517.103,6289,0
2026-06-02 06:00:00,4517.044,4534.066,4516.744,4532.972,6121,0
2026-06-02 06:30:00,4532.917,4538.522,4531.636,4535.556,4740,0
2026-06-02 07:00:00,4535.495,4541.595,4533.115,4534.133,4855,0
2026-06-02 07:30:00,4534.098,4535.531,4527.766,4535.185,4033,0
2026-06-02 08:00:00,4534.835,4539.287,4529.535,4530.977,4913,0
2026-06-02 08:30:00,4531.215,4533.187,4525.816,4526.843,3416,0
2026-06-02 09:00:00,4526.835,4535.797,4525.262,4526.834,4012,0
2026-06-02 09:30:00,4526.917,4531.345,4521.338,4529.664,4300,0
2026-06-02 10:00:00,4529.748,4531.801,4524.642,4528.267,3093,0
2026-06-02 10:30:00,4528.21,4533.803,4525.564,4532.917,2904,0
2026-06-02 11:00:00,4532.979,4534.672,4526.419,4529.601,3002,0
2026-06-02 11:30:00,4529.373,4530.684,4525.414,4527.603,3002,0
2026-06-02 12:00:00,4527.66,4533.871,4523.855,4529.095,4337,0
2026-06-02 12:30:00,4529.307,4533.652,4513.318,4514.799,6397,0
2026-06-02 13:00:00,4514.854,4524.877,4510.024,4510.95,7833,0
2026-06-02 13:30:00,4510.886,4514.247,4502.908,4502.908,9227,0
2026-06-02 14:00:00,4502.827,4506.907,4490.054,4495.694,9071,0
2026-06-02 14:30:00,4495.749,4506.387,4495.43,4503.894,5234,0
2026-06-02 15:00:00,4503.949,4508.236,4501.256,4505.498,5306,0
2026-06-02 15:30:00,4505.552,4508.606,4500.006,4502.172,4942,0
2026-06-02 16:00:00,4502.187,4502.96,4490.182,4490.431,4592,0
2026-06-02 16:30:00,4490.491,4492.018,4486.231,4491.962,3837,0
2026-06-02 17:00:00,4491.729,4493.202,4486.582,4490.941,4193,0
2026-06-02 17:30:00,4490.882,4491.572,4482.074,4484.48,3602,0
2026-06-02 18:00:00,4484.834,4490.948,4483.985,4488.568,3159,0
2026-06-02 18:30:00,4488.64,4490.548,4478.519,4487.228,3220,0
2026-06-02 19:00:00,4487.271,4489.627,4485.552,4489.386,2316,0
2026-06-02 19:30:00,4489.378,4490.241,4483.36,4487.9,2819,0
2026-06-02 20:00:00,4487.841,4491.029,4486.149,4489.926,1726,0
2026-06-02 20:30:00,4489.647,4491.038,4486.595,4488.381,1686,0
2026-06-02 22:00:00,4490.391,4493.117,4487.745,4489.943,2163,0
2026-06-02 22:30:00,4489.876,4492.139,4484.236,4485.068,2922,0
2026-06-02 23:00:00,4485.005,4488.57,4462.278,4467.336,5708,0
2026-06-02 23:30:00,4467.414,4475.245,4462.421,4474.199,5508,0
2026-06-03 00:00:00,4474.127,4483.321,4473.658,4482.907,4687,0
2026-06-03 00:30:00,4482.904,4496.745,4481.013,4486.214,4701,0
2026-06-03 01:00:00,4486.154,4487.794,4463.171,4467.322,10364,0
2026-06-03 01:30:00,4467.085,4477.078,4464.725,4475.605,6384,0
2026-06-03 02:00:00,4475.591,4481.532,4472.701,4478.584,4367,0
2026-06-03 02:30:00,4478.673,4485.221,4473.065,4481.795,4929,0
2026-06-03 03:00:00,4481.755,4487.783,4481.755,4483.511,3883,0
2026-06-03 03:30:00,4483.294,4486.33,4482.426,4484.191,2744,0
2026-06-03 04:00:00,4484.541,4488.243,4477.21,4477.21,3010,0
2026-06-03 04:30:00,4477.151,4477.415,4468.309,4469.498,3142,0
2026-06-03 05:00:00,4469.264,4474.127,4466.1,4468.376,3867,0
2026-06-03 05:30:00,4468.726,4469.113,4456.657,4457.112,6538,0
2026-06-03 06:00:00,4457.017,4470.854,4456.767,4462.289,6784,0
2026-06-03 06:30:00,4462.233,4465.119,4455.068,4462.83,6214,0
2026-06-03 07:00:00,4462.908,4472.248,4455.952,4455.952,6127,0
2026-06-03 07:30:00,4456.3,4463.732,4452.738,4453.345,5081,0
2026-06-03 08:00:00,4453.406,4459.085,4450.556,4457.252,5633,0
2026-06-03 08:30:00,4457.185,4458.97,4440.171,4444.094,5684,0
2026-06-03 09:00:00,4443.736,4459.049,4439.243,4439.964,5346,0
2026-06-03 09:30:00,4439.832,4448.472,4438.88,4443.185,4945,0
2026-06-03 10:00:00,4442.838,4467.119,4440.818,4459.743,10958,0
2026-06-03 10:30:00,4459.8,4462.902,4452.982,4458.745,3971,0
2026-06-03 11:00:00,4458.809,4468.031,4458.809,4464.34,4607,0
2026-06-03 11:30:00,4464.292,4467.281,4458.488,4462.564,3984,0
2026-06-03 12:00:00,4462.619,4464.607,4451.902,4452.858,5698,0
2026-06-03 12:30:00,4452.98,4467.297,4448.068,4460.2,8120,0
2026-06-03 13:00:00,4460.197,4465.992,4445.527,4448.706,8763,0
2026-06-03 13:30:00,4448.47,4453.263,4426.144,4445.821,14595,0
2026-06-03 14:00:00,4446.084,4459.011,4442.205,4451.927,12495,0
2026-06-03 14:30:00,4451.734,4459.573,4447.098,4456.964,7660,0
2026-06-03 15:00:00,4457.018,4458.391,4439.573,4444.994,8779,0
2026-06-03 15:30:00,4445.063,4445.468,4436.617,4441.995,6422,0
2026-06-03 16:00:00,4441.936,4443.822,4433.59,4437.439,5251,0
2026-06-03 16:30:00,4437.679,4442.869,4435.339,4441.657,4547,0
2026-06-03 17:00:00,4441.727,4448.417,4437.829,4439.086,4364,0
2026-06-03 17:30:00,4439.163,4442.348,4435.534,4439.073,3263,0
2026-06-03 18:00:00,4439.03,4440.698,4434.618,4440.195,3105,0
2026-06-03 18:30:00,4439.92,4443.006,4436.905,4441.96,2881,0
2026-06-03 19:00:00,4441.906,4452.189,4441.279,4448.131,3577,0
2026-06-03 19:30:00,4448.192,4449.727,4442.942,4443.998,3162,0
2026-06-03 20:00:00,4443.938,4445.247,4437.244,4439.18,3063,0
2026-06-03 20:30:00,4439.1,4439.645,4430.365,4434.05,2876,0
2026-06-03 22:00:00,4438.229,4440.372,4423.591,4433.806,3941,0
2026-06-03 22:30:00,4433.87,4453.022,4433.805,4448.666,3875,0
2026-06-03 23:00:00,4448.735,4451.436,4445.334,4450.522,3244,0
2026-06-03 23:30:00,4450.551,4464.836,4446.155,4457.39,4955,0
2026-06-04 00:00:00,4457.449,4465.181,4447.563,4450.806,7892,0
2026-06-04 00:30:00,4450.729,4452.958,4443.932,4448.239,6362,0
2026-06-04 01:00:00,4448.178,4473.652,4443.045,4466.124,9638,0
2026-06-04 01:30:00,4466.164,4470.248,4456.994,4465.567,8475,0
2026-06-04 02:00:00,4465.508,4467.264,4455.508,4460.773,6285,0
2026-06-04 02:30:00,4460.829,4476.711,4457.717,4474.815,6531,0
2026-06-04 03:00:00,4474.753,4477.33,4466.074,4469.534,4855,0
2026-06-04 03:30:00,4469.447,4470.964,4458.148,4463.965,4052,0
2026-06-04 04:00:00,4463.907,4476.363,4462.208,4474.551,3811,0
2026-06-04 04:30:00,4474.608,4484.061,4474.608,4481.095,4449,0
2026-06-04 05:00:00,4481.169,4482.486,4470.868,4473.08,4052,0
2026-06-04 05:30:00,4473.433,4475.687,4466.758,4469.269,5490,0
2026-06-04 06:00:00,4469.189,4477.157,4466.625,4471.987,5290,0
2026-06-04 06:30:00,4471.933,4477.015,4462.746,4467.609,5559,0
2026-06-04 07:00:00,4467.735,4470.8,4461.617,4465.287,5411,0
2026-06-04 07:30:00,4464.939,4467.981,4459.256,4461.763,4123,0
2026-06-04 08:00:00,4461.698,4467.71,4458.588,4463.192,5701,0
2026-06-04 08:30:00,4463.306,4469.435,4459.519,4463.374,4820,0
2026-06-04 09:00:00,4463.376,4469.256,4461.085,4464.806,4716,0
2026-06-04 09:30:00,4464.779,4475.577,4461.579,4470.524,5395,0
2026-06-04 10:00:00,4470.457,4472.16,4464.128,4467.621,4371,0
2026-06-04 10:30:00,4467.682,4473.95,4466.444,4473.468,4245,0
2026-06-04 11:00:00,4473.535,4491.68,4468.692,4489.382,6821,0
2026-06-04 11:30:00,4489.437,4514.667,4482.13,4511.318,10147,0
2026-06-04 12:00:00,4511.533,4513.836,4491.0,4498.648,9308,0
2026-06-04 12:30:00,4498.553,4510.973,4496.877,4504.226,6568,0
2026-06-04 13:00:00,4503.878,4510.031,4499.991,4504.703,7587,0
2026-06-04 13:30:00,4504.808,4515.517,4495.562,4495.677,13663,0
2026-06-04 14:00:00,4495.908,4499.994,4483.813,4486.275,11415,0
2026-06-04 14:30:00,4486.338,4486.83,4457.157,4465.958,12889,0
2026-06-04 15:00:00,4465.738,4474.815,4463.575,4471.09,7145,0
2026-06-04 15:30:00,4471.037,4478.961,4469.733,4477.56,5402,0
2026-06-04 16:00:00,4477.263,4485.225,4475.282,4483.569,4467,0
2026-06-04 16:30:00,4483.353,4484.031,4479.637,4482.577,4844,0
2026-06-04 17:00:00,4482.56,4482.741,4473.902,4476.68,3349,0
2026-06-04 17:30:00,4476.612,4481.677,4476.066,4477.954,2962,0
2026-06-04 18:00:00,4478.301,4481.169,4476.207,4478.232,2687,0
2026-06-04 18:30:00,4478.164,4479.459,4472.821,4477.944,2639,0
2026-06-04 19:00:00,4477.96,4483.231,4476.021,4479.975,2506,0
2026-06-04 19:30:00,4479.912,4482.471,4476.714,4480.924,2791,0
2026-06-04 20:00:00,4480.853,4481.63,4476.516,4477.834,1962,0
2026-06-04 20:30:00,4477.75,4477.75,4474.323,4475.665,1719,0
2026-06-04 22:00:00,4475.333,4480.857,4472.869,4479.077,2383,0
2026-06-04 22:30:00,4478.868,4481.362,4468.642,4469.677,2802,0
2026-06-04 23:00:00,4469.743,4474.129,4464.142,4469.341,3427,0
2026-06-04 23:30:00,4469.394,4469.672,4460.339,4461.516,2923,0
2026-06-05 00:00:00,4461.474,4464.96,4450.551,4457.399,7895,0
2026-06-05 00:30:00,4457.321,4466.823,4456.156,4459.329,5470,0
2026-06-05 01:00:00,4459.385,4470.07,4449.153,4458.543,13254,0
2026-06-05 01:30:00,4458.616,4459.667,4443.998,4446.662,7857,0
2026-06-05 02:00:00,4446.897,4455.047,4442.196,4451.284,5954,0
2026-06-05 02:30:00,4451.226,4451.885,4438.295,4440.658,8142,0
2026-06-05 03:00:00,4440.588,4443.751,4435.034,4436.544,5832,0
2026-06-05 03:30:00,4436.898,4443.406,4436.209,4442.175,3857,0
2026-06-05 04:00:00,4442.53,4444.705,4438.42,4439.711,3959,0
2026-06-05 04:30:00,4439.764,4446.344,4437.515,4445.02,3379,0
2026-06-05 05:00:00,4445.188,4449.97,4442.365,4444.851,4349,0
2026-06-05 05:30:00,4444.49,4448.07,4438.482,4439.939,6682,0
2026-06-05 06:00:00,4440.006,4446.567,4428.481,4442.358,8281,0
2026-06-05 06:30:00,4442.615,4456.245,4442.17,4452.717,5574,0
2026-06-05 07:00:00,4452.664,4467.136,4451.72,4467.015,6128,0
2026-06-05 07:30:00,4466.961,4467.201,4459.667,4460.937,4339,0
2026-06-05 08:00:00,4460.876,4467.046,4458.537,4466.819,4716,0
2026-06-05 08:30:00,4467.124,4468.366,4460.976,4462.656,3561,0
2026-06-05 09:00:00,4462.54,4469.42,4458.776,4462.767,6433,0
2026-06-05 09:30:00,4462.978,4469.229,4459.314,4464.699,4330,0
2026-06-05 10:00:00,4464.751,4467.839,4463.107,4466.087,2731,0
2026-06-05 10:30:00,4465.936,4467.733,4461.779,4466.927,2944,0
2026-06-05 11:00:00,4466.825,4467.164,4458.125,4465.852,4182,0
2026-06-05 11:30:00,4465.797,4475.313,4462.971,4470.284,4246,0
2026-06-05 12:00:00,4470.088,4475.911,4461.594,4464.828,6611,0
2026-06-05 12:30:00,4465.299,4466.14,4404.849,4406.213,18967,0
2026-06-05 13:00:00,4406.296,4421.188,4399.849,4404.358,18371,0
2026-06-05 13:30:00,4404.584,4409.709,4365.256,4365.51,23890,0
2026-06-05 14:00:00,4365.837,4379.19,4352.792,4361.154,23457,0
2026-06-05 14:30:00,4360.797,4370.263,4344.199,4369.788,16726,0
2026-06-05 15:00:00,4369.548,4372.641,4348.015,4351.605,13049,0
2026-06-05 15:30:00,4351.549,4354.982,4333.907,4335.571,9635,0
2026-06-05 16:00:00,4335.513,4339.212,4325.177,4329.483,10208,0
2026-06-05 16:30:00,4329.747,4345.028,4323.088,4344.427,9207,0
2026-06-05 17:00:00,4344.512,4346.861,4335.525,4342.49,8618,0
2026-06-05 17:30:00,4342.277,4347.257,4337.716,4341.852,6608,0
2026-06-05 18:00:00,4341.845,4342.108,4321.485,4325.819,8520,0
2026-06-05 18:30:00,4325.69,4327.095,4315.025,4322.487,8599,0
2026-06-05 19:00:00,4322.558,4324.384,4313.728,4323.674,8537,0
2026-06-05 19:30:00,4323.617,4325.172,4313.88,4318.481,9996,0
2026-06-05 20:00:00,4318.423,4326.498,4311.591,4322.555,6490,0
2026-06-05 20:30:00,4322.657,4331.02,4320.933,4328.774,5125,0
2026-06-07 22:00:00,4325.114,4330.698,4310.191,4316.878,8203,0
2026-06-07 22:30:00,4316.84,4328.98,4314.925,4317.429,6141,0
2026-06-07 23:00:00,4317.492,4334.611,4317.398,4334.214,5210,0
2026-06-07 23:30:00,4333.977,4347.047,4332.896,4343.828,4903,0
2026-06-08 00:00:00,4343.881,4353.304,4340.651,4351.539,7005,0
2026-06-08 00:30:00,4351.438,4352.364,4339.512,4342.052,7914,0
2026-06-08 01:00:00,4342.358,4346.017,4311.351,4314.708,19310,0
2026-06-08 01:30:00,4314.766,4329.879,4299.839,4325.633,19663,0
2026-06-08 02:00:00,4325.738,4330.692,4311.303,4314.761,9784,0
2026-06-08 02:30:00,4314.868,4320.702,4307.079,4310.697,10827,0
2026-06-08 03:00:00,4310.365,4314.02,4303.46,4307.262,7289,0
2026-06-08 03:30:00,4307.315,4317.367,4304.935,4316.911,4952,0
2026-06-08 04:00:00,4316.789,4321.851,4313.567,4319.839,5551,0
2026-06-08 04:30:00,4319.829,4320.267,4307.431,4312.743,5566,0
2026-06-08 05:00:00,4312.582,4316.202,4304.329,4311.619,6450,0
2026-06-08 05:30:00,4311.682,4313.242,4268.309,4291.797,18239,0
2026-06-08 06:00:00,4291.859,4311.438,4291.859,4305.97,11515,0
2026-06-08 06:30:00,4306.024,4306.691,4293.058,4299.854,7937,0
2026-06-08 07:00:00,4299.787,4316.779,4294.726,4306.26,9929,0
2026-06-08 07:30:00,4306.314,4311.53,4294.287,4294.352,7530,0
2026-06-08 08:00:00,4294.479,4297.212,4285.291,4288.009,8375,0
2026-06-08 08:30:00,4288.077,4293.893,4285.408,4288.86,7264,0
2026-06-08 09:00:00,4288.882,4292.175,4279.381,4279.853,5180,0
2026-06-08 09:30:00,4279.548,4302.034,4272.923,4294.419,11526,0
2026-06-08 10:00:00,4294.183,4297.608,4286.143,4293.913,6353,0
2026-06-08 10:30:00,4293.554,4305.8,4292.057,4301.875,8791,0
2026-06-08 11:00:00,4301.815,4331.186,4296.923,4325.077,12955,0
2026-06-08 11:30:00,4325.341,4333.406,4321.363,4331.383,7837,0
2026-06-08 12:00:00,4331.242,4334.835,4320.21,4329.792,9232,0
2026-06-08 12:30:00,4329.726,4339.393,4327.148,4332.836,8515,0
2026-06-08 13:00:00,4333.19,4336.255,4321.172,4331.083,10912,0
2026-06-08 13:30:00,4331.021,4346.835,4326.043,4326.933,18558,0
2026-06-08 14:00:00,4326.983,4330.91,4315.713,4320.169,15274,0
2026-06-08 14:30:00,4320.221,4331.438,4314.31,4330.765,11366,0
2026-06-08 15:00:00,4330.825,4336.399,4322.516,4330.474,9334,0
2026-06-08 15:30:00,4330.408,4345.839,4328.391,4341.65,8879,0
2026-06-08 16:00:00,4341.569,4343.953,4337.99,4341.014,5434,0
2026-06-08 16:30:00,4341.033,4346.261,4337.67,4340.484,5630,0
2026-06-08 17:00:00,4340.536,4342.528,4333.717,4338.933,5478,0
2026-06-08 17:30:00,4338.991,4339.741,4331.936,4339.016,4592,0
2026-06-08 18:00:00,4338.91,4345.844,4338.474,4342.696,4243,0
2026-06-08 18:30:00,4342.641,4344.645,4332.915,4334.645,3574,0
2026-06-08 19:00:00,4334.381,4338.141,4325.934,4327.849,4103,0
2026-06-08 19:30:00,4327.795,4330.43,4323.378,4326.5,4486,0
2026-06-08 20:00:00,4326.445,4329.801,4324.217,4326.295,2679,0
2026-06-08 20:30:00,4326.293,4330.078,4325.584,4329.953,2104,0
2026-06-08 22:00:00,4332.101,4332.46,4322.673,4324.985,2337,0
2026-06-08 22:30:00,4325.219,4328.945,4324.937,4327.973,1805,0
2026-06-08 23:00:00,4328.033,4328.87,4320.427,4320.427,1979,0
2026-06-08 23:30:00,4320.721,4322.223,4312.833,4317.619,3453,0
2026-06-09 00:00:00,4317.567,4323.916,4315.338,4316.949,7110,0
2026-06-09 00:30:00,4316.71,4323.051,4314.938,4319.662,5496,0
2026-06-09 01:00:00,4319.608,4337.921,4318.521,4335.363,10024,0
2026-06-09 01:30:00,4335.266,4338.809,4332.756,4336.391,6550,0
2026-06-09 02:00:00,4336.66,4336.905,4328.297,4335.28,5702,0
2026-06-09 02:30:00,4335.335,4341.039,4331.196,4336.118,5521,0
2026-06-09 03:00:00,4336.121,4342.393,4331.069,4336.504,6012,0
2026-06-09 03:30:00,4336.441,4342.066,4333.485,4336.458,4038,0
2026-06-09 04:00:00,4336.409,4339.286,4328.561,4330.58,3530,0
2026-06-09 04:30:00,4330.599,4332.966,4324.043,4332.168,4082,0
2026-06-09 05:00:00,4332.243,4337.035,4330.674,4332.647,4117,0
2026-06-09 05:30:00,4332.592,4351.513,4331.474,4343.539,8281,0
2026-06-09 06:00:00,4343.485,4348.846,4338.347,4339.199,6210,0
2026-06-09 06:30:00,4339.146,4340.11,4330.144,4330.801,6226,0
2026-06-09 07:00:00,4330.733,4334.59,4323.02,4330.91,7360,0
2026-06-09 07:30:00,4330.998,4331.253,4322.204,4326.712,4952,0
2026-06-09 08:00:00,4326.769,4336.444,4321.06,4334.15,6635,0
2026-06-09 08:30:00,4334.202,4336.866,4325.83,4326.673,4034,0
2026-06-09 09:00:00,4326.587,4335.963,4323.98,4326.882,4310,0
2026-06-09 09:30:00,4326.825,4333.635,4325.107,4331.973,4423,0
2026-06-09 10:00:00,4331.919,4336.887,4325.179,4333.649,5239,0
2026-06-09 10:30:00,4333.977,4340.826,4329.697,4339.002,3682,0
2026-06-09 11:00:00,4338.945,4340.741,4335.646,4338.498,3937,0
2026-06-09 11:30:00,4338.552,4343.902,4336.725,4339.743,3485,0
2026-06-09 12:00:00,4339.955,4344.002,4335.114,4335.929,4447,0
2026-06-09 12:30:00,4335.876,4344.254,4334.785,4341.154,5149,0
2026-06-09 13:00:00,4341.21,4345.533,4330.195,4330.658,7939,0
2026-06-09 13:30:00,4331.005,4363.463,4325.152,4329.226,15231,0
2026-06-09 14:00:00,4329.16,4335.801,4305.631,4318.148,18410,0
2026-06-09 14:30:00,4318.316,4321.317,4278.393,4300.495,24379,0
2026-06-09 15:00:00,4300.655,4302.157,4276.897,4278.797,16522,0
2026-06-09 15:30:00,4278.68,4285.695,4262.949,4272.228,22458,0
2026-06-09 16:00:00,4272.47,4281.129,4252.996,4263.603,20179,0
2026-06-09 16:30:00,4263.552,4267.746,4236.398,4252.112,32909,0
2026-06-09 17:00:00,4252.052,4267.993,4251.104,4262.907,17551,0
2026-06-09 17:30:00,4263.114,4268.15,4256.033,4262.959,9354,0
2026-06-09 18:00:00,4263.023,4274.273,4259.537,4271.021,8840,0
2026-06-09 18:30:00,4270.675,4274.143,4262.244,4270.054,6138,0
2026-06-09 19:00:00,4269.875,4271.579,4252.572,4257.21,7369,0
2026-06-09 19:30:00,4257.159,4260.095,4249.827,4258.411,7841,0
2026-06-09 20:00:00,4258.485,4261.156,4255.742,4258.969,3194,0
2026-06-09 20:30:00,4258.816,4262.177,4257.694,4260.441,1788,0
2026-06-09 22:00:00,4256.058,4256.892,4250.887,4256.505,3013,0
2026-06-09 22:30:00,4256.461,4257.28,4232.375,4236.965,5094,0
2026-06-09 23:00:00,4237.192,4247.386,4222.753,4224.096,5492,0
2026-06-09 23:30:00,4224.093,4229.576,4210.224,4222.118,7180,0
2026-06-10 00:00:00,4222.169,4228.412,4216.424,4218.104,11370,0
2026-06-10 00:30:00,4218.159,4220.85,4198.692,4217.986,13931,0
2026-06-10 01:00:00,4217.934,4218.959,4187.174,4201.976,17995,0
2026-06-10 01:30:00,4201.625,4206.957,4183.521,4188.78,14564,0
2026-06-10 02:00:00,4188.833,4191.799,4178.099,4187.881,9715,0
2026-06-10 02:30:00,4187.824,4192.383,4172.898,4174.16,12031,0
2026-06-10 03:00:00,4173.832,4181.311,4172.542,4177.31,7330,0
2026-06-10 03:30:00,4177.255,4186.451,4176.188,4184.697,6373,0
2026-06-10 04:00:00,4184.643,4187.362,4173.446,4174.589,5766,0
2026-06-10 04:30:00,4174.533,4176.018,4172.132,4174.665,4482,0
2026-06-10 05:00:00,4174.997,4187.15,4173.37,4186.928,6220,0
2026-06-10 05:30:00,4186.874,4209.142,4181.754,4205.031,11872,0
2026-06-10 06:00:00,4205.0,4222.052,4205.0,4211.936,9891,0
2026-06-10 06:30:00,4211.884,4213.596,4201.631,4203.976,7227,0
2026-06-10 07:00:00,4203.925,4208.053,4193.448,4194.899,7923,0
2026-06-10 07:30:00,4194.847,4196.957,4181.48,4186.016,7255,0
2026-06-10 08:00:00,4185.955,4187.404,4161.206,4172.078,12740,0
2026-06-10 08:30:00,4172.025,4179.368,4166.178,4169.061,8887,0
2026-06-10 09:00:00,4169.116,4174.926,4164.135,4166.25,8724,0
2026-06-10 09:30:00,4166.198,4179.417,4163.025,4168.523,8029,0
2026-06-10 10:00:00,4168.583,4171.008,4155.518,4165.242,7495,0
2026-06-10 10:30:00,4165.173,4178.683,4163.944,4174.475,7510,0
2026-06-10 11:00:00,4174.401,4176.113,4153.285,4166.481,19349,0
2026-06-10 11:30:00,4166.261,4168.069,4145.65,4147.722,11679,0
2026-06-10 12:00:00,4147.659,4152.263,4128.492,4141.459,14399,0
2026-06-10 12:30:00,4141.034,4173.977,4139.852,4146.777,25754,0
2026-06-10 13:00:00,4146.827,4158.132,4132.728,4149.394,19034,0
2026-06-10 13:30:00,4149.261,4186.372,4141.876,4179.361,27195,0
2026-06-10 14:00:00,4179.466,4181.019,4159.461,4160.95,20331,0
2026-06-10 14:30:00,4160.889,4163.373,4117.593,4124.67,17620,0
2026-06-10 15:00:00,4124.733,4137.095,4112.977,4127.886,21777,0
2026-06-10 15:30:00,4127.937,4131.303,4106.728,4128.597,26097,0
2026-06-10 16:00:00,4128.65,4135.245,4122.762,4127.621,13537,0
2026-06-10 16:30:00,4127.673,4132.086,4115.804,4122.135,10935,0
2026-06-10 17:00:00,4121.802,4135.03,4109.163,4111.074,10600,0
2026-06-10 17:30:00,4111.126,4113.369,4100.597,4111.714,10469,0
2026-06-10 18:00:00,4111.763,4120.475,4109.464,4112.506,8520,0
2026-06-10 18:30:00,4112.444,4112.516,4096.741,4101.676,7483,0
2026-06-10 19:00:00,4101.458,4102.123,4081.437,4084.529,7732,0
2026-06-10 19:30:00,4084.581,4092.663,4081.631,4082.793,9291,0
2026-06-10 20:00:00,4082.848,4083.124,4069.108,4078.312,6075,0
2026-06-10 20:30:00,4078.398,4078.398,4066.955,4070.577,3647,0
2026-06-10 22:00:00,4071.785,4072.04,4036.109,4044.655,7281,0
2026-06-10 22:30:00,4044.603,4069.256,4044.562,4046.457,7692,0
2026-06-10 23:00:00,4046.531,4064.807,4023.773,4061.478,12933,0
2026-06-10 23:30:00,4061.588,4064.418,4044.659,4047.261,9226,0
2026-06-11 00:00:00,4047.319,4072.76,4036.098,4067.462,29291,0
2026-06-11 00:30:00,4067.487,4078.165,4059.334,4075.621,17164,0
2026-06-11 01:00:00,4075.57,4108.893,4066.216,4104.635,27511,0
2026-06-11 01:30:00,4104.575,4118.287,4097.785,4102.099,14635,0
2026-06-11 02:00:00,4102.157,4102.808,4081.673,4082.595,12630,0
2026-06-11 02:30:00,4082.646,4085.198,4052.331,4067.776,17372,0
2026-06-11 03:00:00,4067.721,4078.455,4056.824,4063.012,13261,0
2026-06-11 03:30:00,4062.938,4075.442,4062.525,4072.692,8809,0
2026-06-11 04:00:00,4072.85,4085.377,4070.093,4077.647,7763,0
2026-06-11 04:30:00,4077.82,4085.919,4074.715,4082.758,6277,0
2026-06-11 05:00:00,4082.812,4083.178,4072.407,4074.897,8598,0
2026-06-11 05:30:00,4074.954,4106.369,4074.396,4094.352,13223,0
2026-06-11 06:00:00,4094.144,4094.824,4076.168,4086.512,12281,0
2026-06-11 06:30:00,4086.836,4097.476,4082.887,4094.729,8579,0
2026-06-11 07:00:00,4094.482,4110.297,4091.788,4107.367,10057,0
2026-06-11 07:30:00,4107.421,4110.622,4099.115,4104.774,7257,0
2026-06-11 08:00:00,4104.722,4112.711,4097.113,4097.495,9040,0
2026-06-11 08:30:00,4097.445,4099.419,4084.38,4084.38,8336,0
2026-06-11 09:00:00,4084.324,4088.91,4078.75,4079.459,6724,0
2026-06-11 09:30:00,4079.521,4096.584,4077.334,4091.451,5968,0
2026-06-11 10:00:00,4091.67,4094.58,4086.691,4087.787,5407,0
2026-06-11 10:30:00,4087.838,4092.982,4086.378,4089.75,4979,0
2026-06-11 11:00:00,4089.808,4093.341,4083.22,4090.163,7941,0
2026-06-11 11:30:00,4090.114,4096.086,4079.681,4080.436,7993,0
2026-06-11 12:00:00,4080.418,4086.97,4061.311,4069.11,15229,0
2026-06-11 12:30:00,4068.887,4085.278,4057.387,4081.988,19657,0
2026-06-11 13:00:00,4081.932,4086.279,4071.851,4075.14,15090,0
2026-06-11 13:30:00,4075.36,4092.66,4067.024,4083.336,30618,0
2026-06-11 14:00:00,4083.335,4085.416,4052.837,4074.632,26589,0
2026-06-11 14:30:00,4074.682,4083.426,4070.399,4073.597,18735,0
2026-06-11 15:00:00,4073.542,4089.162,4070.282,4081.435,19895,0
2026-06-11 15:30:00,4081.367,4095.412,4077.298,4088.661,14028,0
2026-06-11 16:00:00,4088.735,4107.559,4079.467,4079.738,12432,0
2026-06-11 16:30:00,4079.683,4087.822,4077.907,4080.372,8855,0
2026-06-11 17:00:00,4080.031,4102.45,4071.801,4101.651,14160,0
2026-06-11 17:30:00,4101.578,4170.122,4101.321,4152.015,48386,0
2026-06-11 18:00:00,4151.961,4163.01,4131.381,4153.081,24362,0
2026-06-11 18:30:00,4153.029,4171.732,4148.887,4161.789,11813,0
2026-06-11 19:00:00,4161.714,4198.415,4161.714,4195.729,17211,0
2026-06-11 19:30:00,4195.518,4219.968,4195.518,4208.967,18170,0
2026-06-11 20:00:00,4209.061,4218.695,4208.002,4213.924,6354,0
2026-06-11 20:30:00,4213.999,4216.382,4209.032,4211.516,3943,0
2026-06-11 22:00:00,4220.124,4220.124,4205.253,4214.762,3767,0
2026-06-11 22:30:00,4214.779,4246.422,4211.557,4243.304,6092,0
2026-06-11 23:00:00,4243.369,4245.907,4214.087,4216.419,6206,0
2026-06-11 23:30:00,4216.361,4224.351,4214.409,4219.785,6054,0
2026-06-12 00:00:00,4219.997,4230.603,4207.374,4220.485,13382,0
2026-06-12 00:30:00,4220.503,4228.927,4200.695,4208.154,10311,0
2026-06-12 01:00:00,4208.207,4210.998,4178.884,4181.084,16191,0
2026-06-12 01:30:00,4181.016,4191.385,4171.347,4186.89,12015,0
2026-06-12 02:00:00,4186.823,4199.998,4183.703,4188.585,8075,0
2026-06-12 02:30:00,4188.53,4193.583,4182.58,4191.411,8154,0
2026-06-12 03:00:00,4191.356,4203.502,4189.581,4203.422,7924,0
2026-06-12 03:30:00,4203.652,4205.037,4195.323,4197.277,6325,0
2026-06-12 04:00:00,4197.226,4201.097,4190.378,4192.687,5003,0
2026-06-12 04:30:00,4192.648,4198.234,4189.401,4190.115,4295,0
2026-06-12 05:00:00,4190.081,4193.109,4181.961,4186.967,6007,0
2026-06-12 05:30:00,4186.912,4187.67,4170.815,4173.03,11534,0
2026-06-12 06:00:00,4173.27,4185.64,4173.104,4181.937,7389,0
2026-06-12 06:30:00,4182.15,4184.745,4172.222,4184.002,7037,0
2026-06-12 07:00:00,4184.056,4185.092,4173.712,4174.251,7305,0
2026-06-12 07:30:00,4174.199,4194.252,4170.007,4194.047,9312,0
2026-06-12 08:00:00,4194.121,4220.58,4191.789,4212.829,15447,0
2026-06-12 08:30:00,4213.183,4225.884,4211.724,4219.695,9596,0
2026-06-12 09:00:00,4219.586,4226.909,4217.335,4220.793,8233,0
2026-06-12 09:30:00,4220.913,4227.914,4219.214,4221.921,7112,0
2026-06-12 10:00:00,4221.864,4225.44,4202.689,4206.865,7845,0
2026-06-12 10:30:00,4206.922,4218.8,4206.363,4210.733,6080,0
2026-06-12 11:00:00,4210.953,4212.129,4202.038,4202.571,6211,0
2026-06-12 11:30:00,4202.478,4215.365,4197.41,4207.017,6102,0
2026-06-12 12:00:00,4206.966,4215.469,4200.418,4201.13,8819,0
2026-06-12 12:30:00,4201.204,4201.888,4188.382,4191.873,8577,0
2026-06-12 13:00:00,4191.82,4206.804,4186.56,4202.946,8888,0
2026-06-12 13:30:00,4202.622,4210.207,4182.665,4186.368,26984,0
2026-06-12 14:00:00,4186.293,4199.45,4182.491,4188.702,15176,0
2026-06-12 14:30:00,4188.563,4208.615,4176.959,4204.055,21931,0
2026-06-12 15:00:00,4204.114,4235.558,4200.252,4225.948,15321,0
2026-06-12 15:30:00,4225.896,4228.46,4206.703,4211.904,14549,0
2026-06-12 16:00:00,4211.963,4233.055,4207.886,4217.179,13365,0
2026-06-12 16:30:00,4216.969,4220.479,4211.188,4216.119,8748,0
2026-06-12 17:00:00,4216.178,4226.454,4213.805,4219.0,7046,0
2026-06-12 17:30:00,4218.781,4225.107,4214.082,4221.41,4966,0
2026-06-12 18:00:00,4221.474,4235.285,4218.106,4226.536,5803,0
2026-06-12 18:30:00,4226.367,4230.064,4214.074,4215.692,4807,0
2026-06-12 19:00:00,4215.639,4219.274,4207.844,4208.369,4462,0
2026-06-12 19:30:00,4208.425,4211.335,4201.725,4210.559,5542,0
2026-06-12 20:00:00,4210.502,4216.889,4209.251,4214.366,2447,0
2026-06-12 20:30:00,4214.321,4219.296,4212.379,4218.665,2155,0
2026-06-14 22:00:00,4270.346,4308.995,4269.222,4287.152,8707,0
2026-06-14 22:30:00,4287.097,4291.832,4280.31,4285.497,4636,0
2026-06-14 23:00:00,4285.496,4288.248,4281.074,4283.098,3355,0
2026-06-14 23:30:00,4283.165,4295.252,4281.436,4293.94,3302,0
2026-06-15 00:00:00,4293.886,4308.175,4293.168,4300.737,5779,0
2026-06-15 00:30:00,4301.106,4305.69,4291.513,4292.396,6787,0
2026-06-15 01:00:00,4292.479,4306.465,4285.447,4303.32,14301,0
2026-06-15 01:30:00,4303.373,4319.622,4301.109,4316.632,8945,0
2026-06-15 02:00:00,4316.571,4331.142,4315.919,4327.907,6069,0
2026-06-15 02:30:00,4328.259,4335.532,4327.614,4329.571,6291,0
2026-06-15 03:00:00,4329.304,4331.221,4321.289,4324.136,5434,0
2026-06-15 03:30:00,4323.898,4327.169,4321.364,4325.067,3459,0
2026-06-15 04:00:00,4325.119,4327.699,4320.482,4326.82,3604,0
2026-06-15 04:30:00,4326.831,4330.233,4325.185,4328.359,2635,0
2026-06-15 05:00:00,4328.0,4332.963,4323.696,4330.069,4124,0
2026-06-15 05:30:00,4330.014,4332.826,4307.352,4310.17,6872,0
2026-06-15 06:00:00,4310.192,4313.507,4302.7,4305.113,7174,0
2026-06-15 06:30:00,4305.039,4309.635,4300.619,4308.245,5664,0
2026-06-15 07:00:00,4308.305,4318.879,4305.261,4316.51,5197,0
2026-06-15 07:30:00,4316.789,4325.376,4311.768,4322.971,4947,0
2026-06-15 08:00:00,4322.908,4332.806,4321.64,4328.341,5619,0
2026-06-15 08:30:00,4328.395,4345.535,4327.703,4334.326,5509,0
2026-06-15 09:00:00,4334.333,4343.403,4334.221,4339.194,5102,0
2026-06-15 09:30:00,4339.139,4341.1,4334.685,4336.791,4436,0
2026-06-15 10:00:00,4336.854,4340.36,4335.651,4338.554,3622,0
2026-06-15 10:30:00,4338.289,4341.641,4335.137,4337.97,3695,0
2026-06-15 11:00:00,4338.33,4341.585,4336.207,4340.792,3763,0
2026-06-15 11:30:00,4340.844,4347.567,4331.863,4335.355,5820,0
2026-06-15 12:00:00,4335.412,4338.576,4324.435,4337.435,5901,0
2026-06-15 12:30:00,4337.252,4349.451,4335.028,4348.814,5423,0
2026-06-15 13:00:00,4348.741,4355.786,4341.338,4353.145,6576,0
2026-06-15 13:30:00,4353.37,4368.771,4352.007,4355.332,12636,0
2026-06-15 14:00:00,4355.274,4369.303,4353.741,4363.464,10343,0
2026-06-15 14:30:00,4363.531,4365.149,4353.784,4356.812,7516,0
2026-06-15 15:00:00,4356.757,4359.467,4349.75,4353.85,6512,0
2026-06-15 15:30:00,4353.768,4360.744,4349.486,4356.282,6030,0
2026-06-15 16:00:00,4356.346,4358.787,4338.984,4343.173,5375,0
2026-06-15 16:30:00,4342.943,4343.244,4334.39,4339.029,4688,0
2026-06-15 17:00:00,4339.057,4339.284,4328.74,4329.958,5238,0
2026-06-15 17:30:00,4329.896,4330.132,4320.283,4324.588,4821,0
2026-06-15 18:00:00,4324.65,4328.102,4317.799,4324.802,4127,0
2026-06-15 18:30:00,4324.576,4327.274,4321.841,4325.804,3369,0
2026-06-15 19:00:00,4325.625,4326.829,4320.746,4321.486,3381,0
2026-06-15 19:30:00,4321.507,4323.785,4316.402,4320.608,3646,0
2026-06-15 20:00:00,4320.843,4322.117,4310.51,4312.824,2708,0
2026-06-15 20:30:00,4312.844,4313.138,4306.34,4308.713,2202,0
2026-06-15 22:00:00,4311.372,4315.414,4305.895,4308.308,2617,0
2026-06-15 22:30:00,4308.308,4314.648,4306.866,4311.954,2209,0
2026-06-15 23:00:00,4311.902,4316.442,4311.442,4315.454,2345,0
2026-06-15 23:30:00,4315.286,4319.157,4313.201,4315.715,2593,0
2026-06-16 00:00:00,4315.658,4318.241,4306.624,4308.383,5079,0
2026-06-16 00:30:00,4308.443,4320.656,4307.767,4319.175,4973,0
2026-06-16 01:00:00,4319.243,4325.886,4315.428,4319.14,9605,0
2026-06-16 01:30:00,4319.202,4320.466,4312.027,4313.447,5371,0
2026-06-16 02:00:00,4313.422,4314.125,4307.8,4312.405,3913,0
2026-06-16 02:30:00,4312.706,4320.69,4309.464,4318.452,4237,0
2026-06-16 03:00:00,4318.698,4322.47,4315.414,4321.244,3743,0
2026-06-16 03:30:00,4321.003,4333.222,4319.79,4330.235,3813,0
2026-06-16 04:00:00,4330.267,4331.897,4322.144,4322.997,2962,0
2026-06-16 04:30:00,4323.003,4325.304,4321.056,4322.633,3261,0
2026-06-16 05:00:00,4322.688,4329.007,4322.056,4327.112,3098,0
2026-06-16 05:30:00,4327.393,4330.877,4314.063,4315.673,6320,0
2026-06-16 06:00:00,4315.786,4319.601,4313.307,4316.299,4830,0
2026-06-16 06:30:00,4316.337,4324.368,4313.965,4323.703,4799,0
2026-06-16 07:00:00,4323.761,4329.568,4322.52,4328.77,4274,0
2026-06-16 07:30:00,4328.571,4335.493,4326.121,4334.908,4521,0
2026-06-16 08:00:00,4334.854,4343.501,4332.798,4341.362,4623,0
2026-06-16 08:30:00,4341.007,4348.018,4339.086,4346.783,4025,0
2026-06-16 09:00:00,4346.841,4348.303,4338.132,4339.793,3613,0
2026-06-16 09:30:00,4339.65,4348.401,4339.113,4345.058,3635,0
2026-06-16 10:00:00,4345.417,4346.791,4343.015,4344.3,2782,0
2026-06-16 10:30:00,4344.357,4349.002,4341.98,4348.705,2850,0
2026-06-16 11:00:00,4348.769,4349.466,4338.407,4341.796,4147,0
2026-06-16 11:30:00,4341.849,4342.364,4334.93,4340.763,4559,0
2026-06-16 12:00:00,4340.711,4345.581,4337.59,4343.858,5135,0
2026-06-16 12:30:00,4343.631,4354.979,4341.636,4354.497,5343,0
2026-06-16 13:00:00,4354.436,4354.881,4333.01,4335.187,7778,0
2026-06-16 13:30:00,4335.101,4340.688,4331.442,4331.588,9948,0
2026-06-16 14:00:00,4331.941,4338.801,4317.438,4319.738,10370,0
2026-06-16 14:30:00,4319.401,4328.176,4313.008,4323.968,9986,0
2026-06-16 15:00:00,4323.894,4328.765,4320.909,4325.602,6612,0
2026-06-16 15:30:00,4325.598,4343.543,4321.946,4335.381,8365,0
2026-06-16 16:00:00,4335.324,4347.069,4335.031,4344.398,7016,0
2026-06-16 16:30:00,4344.381,4346.555,4340.03,4340.704,4687,0
2026-06-16 17:00:00,4340.644,4341.25,4325.185,4334.478,5926,0
2026-06-16 17:30:00,4334.541,4340.61,4333.968,4340.091,4160,0
2026-06-16 18:00:00,4340.145,4342.913,4338.86,4341.153,3484,0
2026-06-16 18:30:00,4341.087,4342.783,4336.013,4338.335,2870,0
2026-06-16 19:00:00,4338.403,4343.01,4336.604,4339.628,3223,0
2026-06-16 19:30:00,4339.681,4340.062,4330.457,4334.102,3701,0
2026-06-16 20:00:00,4334.049,4334.293,4330.843,4332.952,1942,0
2026-06-16 20:30:00,4332.673,4334.958,4329.454,4331.08,1684,0
2026-06-16 22:00:00,4335.048,4335.269,4328.797,4329.97,1507,0
2026-06-16 22:30:00,4330.221,4336.148,4330.179,4335.567,1544,0
2026-06-16 23:00:00,4335.567,4338.267,4333.849,4336.23,1444,0
2026-06-16 23:30:00,4336.234,4336.407,4329.49,4331.111,1832,0
2026-06-17 00:00:00,4331.252,4341.652,4328.359,4337.439,5216,0
2026-06-17 00:30:00,4337.447,4338.966,4332.018,4336.91,3580,0
2026-06-17 01:00:00,4336.856,4349.742,4334.45,4343.453,7788,0
2026-06-17 01:30:00,4343.293,4344.168,4336.706,4341.011,5011,0
2026-06-17 02:00:00,4340.98,4344.701,4339.506,4340.406,3704,0
2026-06-17 02:30:00,4340.335,4343.596,4329.657,4331.759,5158,0
2026-06-17 03:00:00,4331.69,4334.038,4328.437,4331.477,4011,0
2026-06-17 03:30:00,4331.54,4333.738,4330.138,4332.249,2739,0
2026-06-17 04:00:00,4332.069,4334.087,4324.137,4324.672,3222,0
2026-06-17 04:30:00,4324.614,4326.827,4317.377,4326.827,3342,0
2026-06-17 05:00:00,4326.589,4327.874,4321.017,4327.01,3487,0
2026-06-17 05:30:00,4327.013,4334.37,4324.277,4326.558,5180,0
2026-06-17 06:00:00,4326.533,4330.087,4320.436,4324.429,5296,0
2026-06-17 06:30:00,4324.372,4331.825,4322.449,4331.487,4321,0
2026-06-17 07:00:00,4331.484,4332.798,4326.449,4328.938,4228,0
2026-06-17 07:30:00,4328.884,4331.523,4324.767,4325.32,3706,0
2026-06-17 08:00:00,4325.376,4327.665,4319.511,4323.461,4970,0
2026-06-17 08:30:00,4323.7,4325.547,4317.06,4324.536,4295,0
2026-06-17 09:00:00,4324.469,4333.292,4321.067,4331.796,4054,0
2026-06-17 09:30:00,4331.864,4335.855,4325.465,4329.668,3656,0
2026-06-17 10:00:00,4329.73,4331.051,4326.785,4329.146,3166,0
2026-06-17 10:30:00,4328.852,4335.272,4327.04,4331.303,2934,0
2026-06-17 11:00:00,4331.527,4331.845,4327.755,4328.749,3355,0
2026-06-17 11:30:00,4328.784,4329.068,4320.922,4323.32,3785,0
2026-06-17 12:00:00,4323.247,4327.432,4319.584,4325.132,5076,0
2026-06-17 12:30:00,4324.772,4335.571,4323.417,4333.434,4118,0
2026-06-17 13:00:00,4333.375,4338.321,4323.866,4335.483,6244,0
2026-06-17 13:30:00,4335.401,4345.29,4332.475,4339.935,8460,0
2026-06-17 14:00:00,4339.879,4362.324,4335.489,4360.112,9167,0
2026-06-17 14:30:00,4360.113,4363.815,4330.773,4344.631,15274,0
2026-06-17 15:00:00,4344.56,4360.089,4343.694,4355.299,8961,0
2026-06-17 15:30:00,4355.215,4364.912,4354.272,4363.546,5209,0
2026-06-17 16:00:00,4363.338,4366.525,4360.412,4365.047,4214,0
2026-06-17 16:30:00,4364.994,4365.191,4355.068,4359.314,3686,0
2026-06-17 17:00:00,4359.371,4364.091,4355.108,4361.014,5086,0
2026-06-17 17:30:00,4361.068,4382.441,4360.665,4379.763,8804,0
2026-06-17 18:00:00,4379.887,4379.887,4276.902,4292.497,49621,0
2026-06-17 18:30:00,4292.439,4332.429,4269.533,4285.985,63588,0
2026-06-17 19:00:00,4286.057,4295.674,4226.194,4227.187,49303,0
2026-06-17 19:30:00,4227.133,4246.937,4218.832,4235.678,36119,0
2026-06-17 20:00:00,4235.61,4269.726,4234.792,4258.061,12992,0
2026-06-17 20:30:00,4258.115,4265.566,4255.934,4257.489,5270,0
2026-06-17 22:00:00,4258.539,4271.401,4254.373,4267.189,3778,0
2026-06-17 22:30:00,4267.148,4270.968,4260.364,4266.82,3059,0
2026-06-17 23:00:00,4266.749,4283.946,4264.124,4280.217,4020,0
2026-06-17 23:30:00,4280.238,4282.82,4267.863,4277.846,4068,0
2026-06-18 00:00:00,4278.178,4301.293,4276.298,4300.397,10094,0
2026-06-18 00:30:00,4300.343,4315.391,4299.618,4308.528,8057,0
2026-06-18 01:00:00,4308.591,4328.471,4306.948,4319.223,12774,0
2026-06-18 01:30:00,4318.988,4326.223,4316.944,4317.957,7594,0
2026-06-18 02:00:00,4318.013,4329.89,4316.178,4324.209,5802,0
2026-06-18 02:30:00,4324.443,4325.37,4310.385,4310.885,6804,0
2026-06-18 03:00:00,4310.966,4316.959,4308.868,4314.812,5405,0
2026-06-18 03:30:00,4314.742,4322.481,4313.744,4319.51,3890,0
2026-06-18 04:00:00,4319.856,4324.019,4311.464,4313.726,3555,0
2026-06-18 04:30:00,4313.655,4318.155,4309.759,4315.824,4303,0
2026-06-18 05:00:00,4315.764,4323.291,4312.434,4322.944,4275,0
2026-06-18 05:30:00,4322.854,4324.892,4301.327,4307.887,8293,0
2026-06-18 06:00:00,4307.956,4309.975,4296.077,4304.883,8445,0
2026-06-18 06:30:00,4304.829,4307.572,4298.845,4306.312,6312,0
2026-06-18 07:00:00,4306.259,4309.371,4300.482,4307.508,5535,0
2026-06-18 07:30:00,4307.445,4307.445,4287.32,4288.428,6438,0
2026-06-18 08:00:00,4288.708,4292.956,4283.733,4284.906,6646,0
2026-06-18 08:30:00,4284.986,4289.633,4265.323,4266.756,7325,0
2026-06-18 09:00:00,4266.816,4272.991,4259.38,4266.413,7403,0
2026-06-18 09:30:00,4266.066,4273.252,4263.412,4268.665,5482,0
2026-06-18 10:00:00,4268.338,4272.827,4261.767,4269.29,6334,0
2026-06-18 10:30:00,4269.345,4270.886,4254.581,4255.604,5075,0
2026-06-18 11:00:00,4255.743,4255.817,4240.453,4249.156,7490,0
2026-06-18 11:30:00,4249.098,4250.253,4239.694,4241.759,7042,0
2026-06-18 12:00:00,4242.0,4269.147,4240.305,4255.364,9951,0
2026-06-18 12:30:00,4255.299,4258.527,4240.88,4246.469,10509,0
2026-06-18 13:00:00,4246.406,4263.334,4244.787,4263.299,8905,0
2026-06-18 13:30:00,4262.951,4276.725,4250.583,4256.35,17676,0
2026-06-18 14:00:00,4256.418,4257.926,4237.069,4244.397,16557,0
2026-06-18 14:30:00,4244.325,4254.293,4240.125,4252.477,12183,0
2026-06-18 15:00:00,4252.278,4254.885,4234.133,4235.817,10929,0
2026-06-18 15:30:00,4235.766,4236.782,4222.892,4226.589,10774,0
2026-06-18 16:00:00,4226.704,4233.351,4221.771,4225.088,8231,0
2026-06-18 16:30:00,4225.085,4229.396,4213.853,4219.239,9260,0
2026-06-18 17:00:00,4219.295,4231.724,4218.416,4226.111,6746,0
2026-06-18 17:30:00,4226.253,4233.063,4222.307,4230.448,5031,0
2026-06-18 18:00:00,4230.509,4233.193,4225.397,4226.412,4609,0
2026-06-18 18:30:00,4226.087,4226.087,4218.093,4218.361,4538,0
2026-06-18 19:00:00,4218.529,4219.172,4201.783,4205.164,7630,0
2026-06-18 19:30:00,4205.12,4218.652,4201.21,4216.773,6555,0
2026-06-18 20:00:00,4216.826,4219.695,4214.887,4218.822,2730,0
2026-06-18 20:30:00,4218.816,4218.93,4207.701,4208.216,2457,0
2026-06-18 22:00:00,4208.762,4213.152,4202.63,4204.196,1933,0
2026-06-18 22:30:00,4204.06,4210.673,4203.098,4207.589,2293,0
2026-06-18 23:00:00,4207.584,4208.401,4193.657,4197.121,3714,0
2026-06-18 23:30:00,4197.121,4199.216,4186.72,4188.559,4032,0
2026-06-19 00:00:00,4188.495,4198.235,4184.09,4185.197,7857,0
2026-06-19 00:30:00,4185.004,4192.447,4184.528,4190.456,4592,0
2026-06-19 01:00:00,4190.238,4194.53,4183.714,4190.618,5351,0
2026-06-19 01:30:00,4190.64,4190.706,4183.929,4184.75,4068,0
2026-06-19 02:00:00,4184.971,4186.315,4174.938,4179.3,5779,0
2026-06-19 02:30:00,4179.304,4183.478,4171.722,4176.43,4081,0
2026-06-19 03:00:00,4176.422,4177.082,4165.163,4167.493,5479,0
2026-06-19 03:30:00,4167.557,4167.945,4145.561,4153.254,6400,0
2026-06-19 04:00:00,4153.309,4155.196,4141.281,4146.553,7482,0
2026-06-19 04:30:00,4146.465,4147.47,4124.923,4125.935,7458,0
2026-06-19 05:00:00,4125.884,4134.668,4121.603,4133.506,7741,0
2026-06-19 05:30:00,4133.449,4141.678,4130.526,4139.522,6233,0
2026-06-19 06:00:00,4139.573,4148.028,4133.533,4141.96,7642,0
2026-06-19 06:30:00,4142.028,4150.571,4132.679,4147.761,6979,0
2026-06-19 07:00:00,4147.54,4160.198,4147.54,4152.619,6735,0
2026-06-19 07:30:00,4152.4,4163.25,4150.98,4158.093,5543,0
2026-06-19 08:00:00,4157.878,4177.86,4155.043,4175.642,7399,0
2026-06-19 08:30:00,4175.703,4178.69,4164.711,4168.92,5235,0
2026-06-19 09:00:00,4168.93,4170.969,4161.895,4162.56,5144,0
2026-06-19 09:30:00,4162.613,4167.404,4160.854,4162.858,4236,0
2026-06-19 10:00:00,4163.031,4163.137,4152.806,4153.64,5165,0
2026-06-19 10:30:00,4153.893,4155.363,4147.961,4149.915,5280,0
2026-06-19 11:00:00,4149.916,4150.321,4142.458,4144.357,6048,0
2026-06-19 11:30:00,4144.304,4155.044,4141.735,4152.435,4884,0
2026-06-19 12:00:00,4152.463,4160.474,4151.066,4151.791,5190,0
2026-06-19 12:30:00,4151.811,4180.0,4147.185,4178.926,11539,0
2026-06-19 13:00:00,4178.869,4183.065,4161.752,4164.076,10784,0
2026-06-19 13:30:00,4164.129,4168.178,4150.289,4151.249,7946,0
2026-06-19 14:00:00,4151.443,4154.474,4143.619,4149.067,7068,0
2026-06-19 14:30:00,4149.284,4151.379,4142.444,4149.084,6128,0
2026-06-19 15:00:00,4149.147,4154.124,4147.934,4151.151,4865,0
2026-06-19 15:30:00,4151.203,4153.518,4147.458,4150.888,3592,0
2026-06-19 16:00:00,4150.914,4150.974,4144.217,4147.178,3035,0
2026-06-19 16:30:00,4147.183,4157.9,4146.91,4155.421,4003,0
2026-06-21 22:00:00,4153.418,4159.66,4147.804,4152.004,4405,0
2026-06-21 22:30:00,4152.057,4156.942,4150.164,4156.129,2638,0
2026-06-21 23:00:00,4156.084,4164.776,4153.656,4156.672,3925,0
2026-06-21 23:30:00,4156.98,4156.98,4136.447,4140.09,6313,0
2026-06-22 00:00:00,4140.335,4170.552,4139.902,4166.961,12566,0
2026-06-22 00:30:00,4167.292,4201.1,4165.656,4200.644,9094,0
2026-06-22 01:00:00,4201.003,4221.249,4200.754,4207.442,23137,0
2026-06-22 01:30:00,4207.389,4207.4,4189.427,4191.055,11791,0
2026-06-22 02:00:00,4191.107,4195.125,4183.496,4188.985,8082,0
2026-06-22 02:30:00,4188.659,4200.179,4186.957,4188.527,8170,0
2026-06-22 03:00:00,4188.476,4189.954,4173.539,4180.05,7255,0
2026-06-22 03:30:00,4179.942,4180.882,4170.52,4171.517,4014,0
2026-06-22 04:00:00,4171.592,4178.975,4170.561,4176.197,4033,0
2026-06-22 04:30:00,4176.503,4182.21,4174.616,4181.634,3919,0
2026-06-22 05:00:00,4181.558,4194.323,4179.242,4193.773,4951,0
2026-06-22 05:30:00,4194.095,4198.494,4189.212,4193.853,8426,0
2026-06-22 06:00:00,4193.641,4200.754,4191.123,4196.685,7678,0
2026-06-22 06:30:00,4196.714,4207.357,4194.762,4197.692,6026,0
2026-06-22 07:00:00,4197.746,4201.809,4196.811,4197.406,5452,0
2026-06-22 07:30:00,4197.731,4199.768,4188.853,4190.195,4819,0
2026-06-22 08:00:00,4190.402,4195.069,4188.657,4191.652,5676,0
2026-06-22 08:30:00,4191.499,4197.867,4188.929,4197.152,4443,0
2026-06-22 09:00:00,4197.203,4209.597,4195.861,4204.112,5625,0
2026-06-22 09:30:00,4204.166,4210.277,4201.303,4208.313,4746,0
2026-06-22 10:00:00,4208.367,4214.271,4207.786,4210.12,4510,0
2026-06-22 10:30:00,4209.925,4211.785,4203.556,4204.507,3406,0
2026-06-22 11:00:00,4204.577,4215.312,4203.172,4203.998,6259,0
2026-06-22 11:30:00,4203.67,4208.209,4201.331,4207.228,4238,0
2026-06-22 12:00:00,4207.555,4211.752,4205.159,4208.326,5662,0
2026-06-22 12:30:00,4208.599,4208.82,4192.304,4193.457,5405,0
2026-06-22 13:00:00,4193.515,4197.01,4185.406,4187.113,10932,0
2026-06-22 13:30:00,4187.06,4205.851,4182.957,4199.956,13573,0
2026-06-22 14:00:00,4199.961,4210.797,4190.983,4191.801,12448,0
2026-06-22 14:30:00,4191.943,4206.211,4186.357,4198.346,12566,0
2026-06-22 15:00:00,4198.443,4201.399,4188.163,4188.86,9503,0
2026-06-22 15:30:00,4188.906,4190.374,4169.573,4182.96,9453,0
2026-06-22 16:00:00,4182.637,4185.038,4174.284,4182.481,7156,0
2026-06-22 16:30:00,4182.421,4192.902,4180.729,4189.582,4673,0
2026-06-22 17:00:00,4189.637,4191.537,4183.218,4183.93,4905,0
2026-06-22 17:30:00,4183.99,4184.931,4176.976,4183.269,4584,0
2026-06-22 18:00:00,4183.347,4189.657,4182.343,4187.927,3679,0
2026-06-22 18:30:00,4187.985,4192.843,4185.961,4191.368,3396,0
2026-06-22 19:00:00,4191.434,4193.419,4187.391,4187.544,3304,0
2026-06-22 19:30:00,4187.597,4191.722,4184.056,4190.428,4023,0
2026-06-22 20:00:00,4190.372,4193.672,4188.604,4190.201,2072,0
2026-06-22 20:30:00,4190.222,4193.708,4189.361,4192.333,1759,0
2026-06-22 22:00:00,4192.3,4194.44,4191.218,4192.754,1332,0
2026-06-22 22:30:00,4192.752,4194.629,4188.299,4189.972,2118,0
2026-06-22 23:00:00,4189.757,4192.811,4189.451,4190.871,1784,0
2026-06-22 23:30:00,4191.092,4195.394,4186.827,4187.682,2447,0
2026-06-23 00:00:00,4187.625,4192.13,4178.222,4183.662,6786,0
2026-06-23 00:30:00,4183.7,4194.72,4181.984,4193.178,7617,0
2026-06-23 01:00:00,4193.395,4198.671,4170.828,4178.34,11898,0
2026-06-23 01:30:00,4178.391,4178.852,4149.925,4161.356,12974,0
2026-06-23 02:00:00,4161.148,4163.401,4148.821,4161.717,7689,0
2026-06-23 02:30:00,4161.777,4162.178,4146.582,4147.021,7721,0
2026-06-23 03:00:00,4147.076,4149.623,4130.754,4140.565,9249,0
2026-06-23 03:30:00,4140.512,4145.179,4133.474,4143.902,5633,0
2026-06-23 04:00:00,4144.034,4146.946,4137.091,4140.064,4030,0
2026-06-23 04:30:00,4139.733,4140.421,4114.855,4118.261,6031,0
2026-06-23 05:00:00,4118.335,4137.534,4115.436,4124.98,7725,0
2026-06-23 05:30:00,4125.155,4133.859,4116.732,4121.213,13595,0
2026-06-23 06:00:00,4121.186,4126.848,4111.0,4116.551,11279,0
2026-06-23 06:30:00,4116.432,4121.151,4110.181,4114.516,9738,0
2026-06-23 07:00:00,4114.458,4124.598,4109.961,4118.123,8216,0
2026-06-23 07:30:00,4118.221,4119.517,4096.463,4098.926,8593,0
2026-06-23 08:00:00,4098.901,4100.155,4090.679,4098.292,9209,0
2026-06-23 08:30:00,4097.963,4111.132,4096.869,4105.183,7082,0
2026-06-23 09:00:00,4105.133,4116.964,4104.092,4112.791,6443,0
2026-06-23 09:30:00,4112.627,4122.152,4112.269,4122.095,5227,0
2026-06-23 10:00:00,4122.152,4133.314,4122.152,4130.093,6352,0
2026-06-23 10:30:00,4130.105,4132.181,4119.643,4119.819,6244,0
2026-06-23 11:00:00,4119.497,4132.095,4117.258,4127.164,7476,0
2026-06-23 11:30:00,4127.103,4128.878,4118.159,4123.102,7497,0
2026-06-23 12:00:00,4123.339,4127.336,4111.659,4114.913,8411,0
2026-06-23 12:30:00,4115.135,4122.584,4112.246,4113.341,7577,0
2026-06-23 13:00:00,4113.288,4119.452,4105.383,4115.959,10939,0
2026-06-23 13:30:00,4116.062,4140.512,4109.952,4135.547,18428,0
2026-06-23 14:00:00,4135.496,4145.096,4128.736,4132.492,16358,0
2026-06-23 14:30:00,4132.437,4133.15,4122.521,4130.008,13035,0
2026-06-23 15:00:00,4130.318,4135.573,4123.289,4126.973,10191,0
2026-06-23 15:30:00,4127.024,4141.44,4126.455,4138.453,8318,0
2026-06-23 16:00:00,4138.502,4139.968,4132.798,4136.274,5043,0
2026-06-23 16:30:00,4136.432,4143.937,4131.577,4134.509,5053,0
2026-06-23 17:00:00,4134.444,4139.855,4129.859,4131.148,6201,0
2026-06-23 17:30:00,4131.205,4133.114,4127.585,4128.082,4893,0
2026-06-23 18:00:00,4127.862,4130.815,4120.522,4121.156,4236,0
2026-06-23 18:30:00,4120.859,4122.818,4112.707,4117.56,4612,0
2026-06-23 19:00:00,4117.599,4126.11,4116.785,4121.641,5713,0
2026-06-23 19:30:00,4121.59,4124.309,4111.526,4111.526,5628,0
2026-06-23 20:00:00,4111.578,4113.001,4107.319,4110.951,3426,0
2026-06-23 20:30:00,4111.013,4111.836,4108.595,4109.845,2135,0
2026-06-23 22:00:00,4112.25,4115.077,4104.485,4106.033,3040,0
2026-06-23 22:30:00,4105.937,4109.139,4096.829,4104.253,4584,0
2026-06-23 23:00:00,4104.325,4104.361,4094.87,4097.682,3764,0
2026-06-23 23:30:00,4097.571,4100.534,4080.804,4099.321,7112,0
2026-06-24 00:00:00,4099.259,4111.984,4093.579,4099.604,13491,0
2026-06-24 00:30:00,4099.678,4100.488,4093.65,4097.068,8801,0
2026-06-24 01:00:00,4097.125,4101.081,4068.184,4098.183,22806,0
2026-06-24 01:30:00,4098.235,4102.313,4082.287,4088.965,15015,0
2026-06-24 02:00:00,4089.043,4095.935,4071.343,4073.688,9894,0
2026-06-24 02:30:00,4073.448,4076.652,4051.959,4061.252,12848,0
2026-06-24 03:00:00,4061.199,4065.314,4050.231,4056.39,11453,0
2026-06-24 03:30:00,4056.707,4070.744,4055.523,4062.811,8327,0
2026-06-24 04:00:00,4062.872,4067.342,4054.855,4063.338,7580,0
2026-06-24 04:30:00,4063.358,4066.928,4061.739,4064.569,5586,0
2026-06-24 05:00:00,4064.513,4074.491,4060.926,4073.548,7085,0
2026-06-24 05:30:00,4073.316,4086.185,4071.216,4075.843,9578,0
2026-06-24 06:00:00,4075.943,4097.628,4075.669,4087.373,12229,0
2026-06-24 06:30:00,4087.428,4094.686,4084.314,4086.977,7899,0
2026-06-24 07:00:00,4086.905,4090.83,4083.333,4084.453,6344,0
2026-06-24 07:30:00,4084.252,4086.215,4073.589,4074.859,6545,0
2026-06-24 08:00:00,4074.807,4080.606,4073.007,4080.442,6769,0
2026-06-24 08:30:00,4080.382,4087.764,4075.455,4076.329,6266,0
2026-06-24 09:00:00,4076.267,4079.093,4068.253,4069.474,5903,0
2026-06-24 09:30:00,4069.294,4072.455,4063.938,4064.635,5481,0
2026-06-24 10:00:00,4064.684,4066.348,4055.027,4060.664,6273,0
2026-06-24 10:30:00,4060.715,4066.881,4054.279,4055.644,5875,0
2026-06-24 11:00:00,4055.708,4058.47,4037.41,4044.38,12812,0
2026-06-24 11:30:00,4044.274,4056.147,4039.18,4046.884,31208,0
2026-06-24 12:00:00,4046.78,4048.899,4006.366,4015.211,41615,0
2026-06-24 12:30:00,4015.3,4020.86,3987.34,3987.937,43877,0
2026-06-24 13:00:00,3987.898,3995.615,3964.386,3975.555,83293,0
2026-06-24 13:30:00,3975.318,4042.164,3973.963,4038.258,80915,0
2026-06-24 14:00:00,4038.127,4041.166,4014.164,4023.578,38742,0
2026-06-24 14:30:00,4023.635,4034.559,4002.822,4007.819,16052,0
2026-06-24 15:00:00,4008.129,4014.971,3997.212,4014.766,30570,0
2026-06-24 15:30:00,4014.932,4017.025,3999.926,4002.565,30095,0
2026-06-24 16:00:00,4002.643,4017.128,3995.478,4016.018,30284,0
2026-06-24 16:30:00,4016.058,4022.297,4006.116,4006.5,17731,0
2026-06-24 17:00:00,4006.577,4011.331,3989.825,3990.7,12160,0
2026-06-24 17:30:00,3990.64,3990.881,3972.729,3972.925,14725,0
2026-06-24 18:00:00,3972.972,3992.644,3958.811,3990.025,19017,0
2026-06-24 18:30:00,3990.083,3994.35,3976.865,3981.499,9711,0
2026-06-24 19:00:00,3981.552,3985.167,3973.44,3984.172,9324,0
2026-06-24 19:30:00,3984.038,3990.864,3979.425,3987.867,8698,0
2026-06-24 20:00:00,3987.916,4002.942,3984.791,3999.843,8490,0
2026-06-24 20:30:00,3999.847,4001.461,3995.547,4001.293,4290,0
2026-06-24 22:00:00,4004.436,4008.846,4000.322,4001.88,2773,0
2026-06-24 22:30:00,4001.937,4006.819,3993.024,3996.146,3689,0
2026-06-24 23:00:00,3996.2,4000.652,3990.741,3998.026,3911,0
2026-06-24 23:30:00,3998.022,4018.606,3997.949,4012.325,4973,0
2026-06-25 00:00:00,4012.27,4016.467,3995.131,3996.479,11933,0
2026-06-25 00:30:00,3996.532,4001.363,3978.365,3991.3,11700,0
2026-06-25 01:00:00,3991.235,4005.97,3982.15,3990.509,22505,0
2026-06-25 01:30:00,3990.726,3995.86,3972.269,3976.815,16604,0
2026-06-25 02:00:00,3976.732,3991.165,3962.365,3986.253,15100,0
2026-06-25 02:30:00,3986.298,3988.202,3974.667,3982.972,12629,0
2026-06-25 03:00:00,3983.081,3989.305,3966.213,3976.206,12299,0
2026-06-25 03:30:00,3976.154,4001.165,3968.726,3995.326,12558,0
2026-06-25 04:00:00,3995.273,3997.62,3987.375,3994.618,7465,0
2026-06-25 04:30:00,3994.399,3997.333,3983.475,3996.18,5883,0
2026-06-25 05:00:00,3996.23,4000.186,3989.0,3994.188,8135,0
2026-06-25 05:30:00,3994.06,3997.574,3980.306,3986.519,12830,0
2026-06-25 06:00:00,3986.44,3989.212,3973.719,3984.124,10407,0
2026-06-25 06:30:00,3984.074,3985.191,3975.862,3977.455,8652,0
2026-06-25 07:00:00,3977.511,3989.785,3973.333,3985.282,7899,0
2026-06-25 07:30:00,3985.334,3989.247,3971.283,3987.713,7340,0
2026-06-25 08:00:00,3987.661,4001.517,3984.126,3993.774,10668,0
2026-06-25 08:30:00,3993.822,4002.111,3988.428,3989.236,7547,0
2026-06-25 09:00:00,3988.984,3996.686,3988.939,3994.133,6012,0
2026-06-25 09:30:00,3994.086,3997.639,3986.027,3988.308,6174,0
2026-06-25 10:00:00,3988.255,3989.28,3983.034,3989.056,4491,0
2026-06-25 10:30:00,3989.044,3989.276,3981.217,3984.121,3915,0
2026-06-25 11:00:00,3984.164,3986.199,3976.096,3977.341,6163,0
2026-06-25 11:30:00,3977.291,3987.816,3973.475,3980.193,6104,0
2026-06-25 12:00:00,3980.233,3986.204,3978.732,3984.306,9024,0
2026-06-25 12:30:00,3983.787,4019.436,3983.671,4012.238,28627,0
2026-06-25 13:00:00,4012.301,4034.014,4011.872,4021.939,24900,0
2026-06-25 13:30:00,4022.106,4028.587,4000.781,4002.3,31799,0
2026-06-25 14:00:00,4002.257,4028.474,3998.902,4026.495,25247,0
2026-06-25 14:30:00,4026.676,4028.745,4011.091,4012.047,14319,0
2026-06-25 15:00:00,4012.16,4040.557,4004.899,4027.167,17412,0
2026-06-25 15:30:00,4027.108,4042.736,4021.851,4040.935,13386,0
2026-06-25 16:00:00,4041.062,4044.094,4033.515,4040.391,10462,0
2026-06-25 16:30:00,4040.192,4040.761,4023.91,4028.846,7635,0
2026-06-25 17:00:00,4028.899,4036.004,4026.799,4032.764,7252,0
2026-06-25 17:30:00,4032.826,4036.69,4029.628,4034.538,5290,0
2026-06-25 18:00:00,4034.636,4044.334,4025.83,4044.034,7894,0
2026-06-25 18:30:00,4043.957,4043.957,4029.833,4034.841,5957,0
2026-06-25 19:00:00,4034.801,4043.879,4032.552,4036.142,4978,0
2026-06-25 19:30:00,4036.179,4037.873,4021.904,4026.638,6929,0
2026-06-25 20:00:00,4026.565,4034.826,4025.495,4030.554,3834,0
2026-06-25 20:30:00,4030.618,4030.806,4024.321,4026.787,2411,0
2026-06-25 22:00:00,4028.858,4031.782,4019.773,4024.708,2992,0
2026-06-25 22:30:00,4024.886,4036.624,4021.893,4026.443,4669,0
2026-06-25 23:00:00,4026.204,4030.179,4021.405,4029.554,3355,0
2026-06-25 23:30:00,4029.544,4030.446,4012.378,4014.651,4313,0
2026-06-26 00:00:00,4014.59,4023.58,4011.493,4015.327,9938,0
2026-06-26 00:30:00,4015.379,4024.495,4012.28,4020.41,7917,0
2026-06-26 01:00:00,4020.476,4029.684,4014.112,4022.802,11527,0
2026-06-26 01:30:00,4022.774,4025.536,4014.391,4020.796,10592,0
2026-06-26 02:00:00,4020.846,4023.36,4003.795,4007.503,7868,0
2026-06-26 02:30:00,4007.593,4009.199,3982.879,3990.578,11035,0
2026-06-26 03:00:00,3990.515,4000.003,3986.704,3995.187,8745,0
2026-06-26 03:30:00,3995.129,4006.686,3992.872,4004.105,6223,0
2026-06-26 04:00:00,4004.162,4011.903,3998.654,4007.554,6304,0
2026-06-26 04:30:00,4007.491,4015.41,4001.683,4011.387,5761,0
2026-06-26 05:00:00,4011.44,4019.292,4006.292,4016.475,5966,0
2026-06-26 05:30:00,4016.427,4021.635,4005.549,4008.119,10044,0
2026-06-26 06:00:00,4008.173,4024.932,4006.661,4024.097,9977,0
2026-06-26 06:30:00,4024.039,4033.286,4021.047,4031.928,10387,0
2026-06-26 07:00:00,4031.873,4039.694,4026.784,4037.762,7265,0
2026-06-26 07:30:00,4037.81,4038.849,4027.582,4030.668,4567,0
2026-06-26 08:00:00,4030.485,4035.918,4025.764,4035.547,5727,0
2026-06-26 08:30:00,4035.495,4037.924,4029.645,4031.004,4877,0
2026-06-26 09:00:00,4030.746,4050.875,4029.378,4048.406,7299,0
2026-06-26 09:30:00,4048.354,4054.265,4045.306,4047.325,6686,0
2026-06-26 10:00:00,4047.275,4052.225,4042.181,4047.967,5254,0
2026-06-26 10:30:00,4047.966,4055.074,4046.786,4054.815,5340,0
2026-06-26 11:00:00,4054.618,4055.675,4046.136,4052.624,5194,0
2026-06-26 11:30:00,4052.813,4055.83,4042.419,4045.764,5579,0
2026-06-26 12:00:00,4045.816,4051.657,4041.902,4046.571,6014,0
2026-06-26 12:30:00,4046.451,4061.629,4035.742,4058.828,8818,0
2026-06-26 13:00:00,4058.88,4066.056,4043.106,4056.905,17780,0
2026-06-26 13:30:00,4056.855,4078.048,4044.818,4073.614,18959,0
2026-06-26 14:00:00,4073.669,4093.103,4067.928,4084.427,15378,0
2026-06-26 14:30:00,4084.257,4091.811,4076.366,4080.611,12211,0
2026-06-26 15:00:00,4080.691,4084.473,4075.557,4084.12,8823,0
2026-06-26 15:30:00,4084.07,4096.054,4081.579,4090.402,10641,0
2026-06-26 16:00:00,4090.452,4093.558,4083.111,4086.58,6665,0
2026-06-26 16:30:00,4086.637,4093.165,4082.007,4085.119,5580,0
2026-06-26 17:00:00,4085.147,4088.212,4080.178,4081.629,5069,0
2026-06-26 17:30:00,4081.678,4083.221,4073.558,4074.697,5047,0
2026-06-26 18:00:00,4074.824,4078.885,4071.442,4073.325,4037,0
2026-06-26 18:30:00,4073.577,4075.362,4067.051,4067.452,3611,0
2026-06-26 19:00:00,4067.536,4070.046,4064.427,4066.268,4004,0
2026-06-26 19:30:00,4066.334,4074.566,4065.606,4071.743,4333,0
2026-06-26 20:00:00,4071.562,4072.851,4064.599,4071.916,4016,0
2026-06-26 20:30:00,4071.861,4090.403,4067.007,4088.245,4825,0
2026-06-28 22:00:00,4075.881,4085.307,4053.377,4057.509,5855,0
2026-06-28 22:30:00,4057.408,4069.695,4055.978,4066.433,3518,0
2026-06-28 23:00:00,4066.39,4070.645,4055.324,4057.091,4298,0
2026-06-28 23:30:00,4057.096,4066.277,4051.708,4062.831,4541,0
2026-06-29 00:00:00,4062.635,4064.826,4048.217,4048.395,13770,0
2026-06-29 00:30:00,4048.425,4074.335,4048.425,4069.371,9271,0
2026-06-29 01:00:00,4069.58,4074.673,4053.695,4059.159,15799,0
2026-06-29 01:30:00,4059.369,4066.788,4054.653,4061.391,10867,0
2026-06-29 02:00:00,4061.343,4070.694,4059.405,4068.974,9957,0
2026-06-29 02:30:00,4069.029,4071.948,4058.241,4066.242,9402,0
2026-06-29 03:00:00,4066.293,4075.713,4065.063,4072.232,6890,0
2026-06-29 03:30:00,4072.284,4073.473,4065.551,4068.91,5261,0
2026-06-29 04:00:00,4068.991,4069.053,4062.104,4065.235,3908,0
2026-06-29 04:30:00,4065.177,4065.614,4049.693,4052.385,5015,0
2026-06-29 05:00:00,4052.214,4057.284,4047.108,4049.445,6354,0
2026-06-29 05:30:00,4049.405,4057.023,4039.272,4054.608,10970,0
2026-06-29 06:00:00,4054.436,4064.208,4053.704,4060.974,7720,0
2026-06-29 06:30:00,4060.788,4064.921,4054.917,4062.379,6156,0
2026-06-29 07:00:00,4062.497,4066.355,4056.028,4065.935,5418,0
2026-06-29 07:30:00,4065.885,4068.639,4060.668,4061.729,5078,0
2026-06-29 08:00:00,4061.677,4066.069,4060.343,4061.274,5509,0
2026-06-29 08:30:00,4061.332,4066.724,4043.567,4046.917,6340,0
2026-06-29 09:00:00,4046.845,4055.175,4045.151,4047.522,5706,0
2026-06-29 09:30:00,4047.576,4050.83,4024.29,4031.614,9148,0
2026-06-29 10:00:00,4031.411,4039.655,4027.388,4037.223,6251,0
2026-06-29 10:30:00,4037.171,4038.569,4031.79,4036.639,5180,0
2026-06-29 11:00:00,4036.696,4038.57,4027.212,4031.889,4692,0
2026-06-29 11:30:00,4031.821,4042.374,4029.754,4039.137,5949,0
2026-06-29 12:00:00,4039.296,4052.611,4037.621,4038.514,7817,0
2026-06-29 12:30:00,4038.459,4047.903,4037.586,4043.494,5973,0
2026-06-29 13:00:00,4043.547,4051.815,4037.945,4037.945,8140,0
2026-06-29 13:30:00,4037.886,4044.652,4028.152,4032.403,13004,0
2026-06-29 14:00:00,4032.457,4035.592,4000.148,4024.715,20801,0
2026-06-29 14:30:00,4024.658,4030.466,4017.889,4025.635,10195,0
2026-06-29 15:00:00,4025.578,4027.6,4016.694,4024.198,8201,0
2026-06-29 15:30:00,4024.149,4030.461,4017.73,4027.041,6501,0
2026-06-29 16:00:00,4027.1,4028.767,4021.893,4023.78,4198,0
2026-06-29 16:30:00,4023.827,4028.134,4018.432,4023.926,4347,0
2026-06-29 17:00:00,4023.978,4032.048,4022.261,4023.811,4874,0
2026-06-29 17:30:00,4024.012,4024.628,4019.177,4021.048,3696,0
2026-06-29 18:00:00,4020.848,4025.18,4020.303,4021.182,2919,0
2026-06-29 18:30:00,4021.132,4021.696,4011.906,4013.208,2915,0
2026-06-29 19:00:00,4013.404,4017.228,4005.143,4016.954,4147,0
2026-06-29 19:30:00,4017.008,4019.69,4012.703,4015.978,3405,0
2026-06-29 20:00:00,4015.924,4017.887,4012.612,4017.593,2031,0
2026-06-29 20:30:00,4017.84,4017.84,4014.486,4016.38,1558,0
2026-06-29 22:00:00,4018.251,4022.243,4015.269,4016.069,2461,0
2026-06-29 22:30:00,4016.069,4017.047,4009.496,4014.236,2979,0
2026-06-29 23:00:00,4013.993,4022.486,4013.95,4016.911,2750,0
2026-06-29 23:30:00,4016.897,4021.822,4013.463,4015.028,3157,0
2026-06-30 00:00:00,4014.97,4015.302,4003.148,4006.315,8254,0
2026-06-30 00:30:00,4006.427,4006.816,3979.503,3986.914,9765,0
2026-06-30 01:00:00,3986.973,3987.145,3942.099,3978.92,27355,0
2026-06-30 01:30:00,3978.863,3979.607,3961.252,3969.525,15852,0
2026-06-30 02:00:00,3969.221,3973.423,3952.169,3961.752,11526,0
2026-06-30 02:30:00,3961.947,3970.46,3954.099,3962.763,11230,0
2026-06-30 03:00:00,3962.69,3971.164,3962.597,3965.429,8645,0
2026-06-30 03:30:00,3965.484,3971.253,3960.102,3969.926,6096,0
2026-06-30 04:00:00,3969.724,3983.48,3968.044,3982.449,5230,0
2026-06-30 04:30:00,3982.389,3997.933,3982.162,3985.609,7663,0
2026-06-30 05:00:00,3985.665,3990.78,3979.515,3982.685,6036,0
2026-06-30 05:30:00,3982.844,3985.058,3975.019,3978.029,9887,0
2026-06-30 06:00:00,3978.079,4013.507,3978.007,4011.912,12089,0
2026-06-30 06:30:00,4011.862,4034.28,4010.791,4029.487,16526,0
2026-06-30 07:00:00,4029.4,4034.855,4023.658,4028.669,7240,0
2026-06-30 07:30:00,4028.73,4033.158,4025.472,4032.322,5108,0
2026-06-30 08:00:00,4031.991,4037.753,4020.088,4025.854,6637,0
2026-06-30 08:30:00,4025.79,4026.987,4013.489,4015.342,5795,0
2026-06-30 09:00:00,4015.358,4022.832,4014.546,4017.417,4466,0
2026-06-30 09:30:00,4017.215,4023.963,4012.238,4023.716,4623,0
2026-06-30 10:00:00,4023.859,4028.846,4021.344,4028.324,4066,0
2026-06-30 10:30:00,4028.38,4031.262,4025.177,4029.649,3728,0
2026-06-30 11:00:00,4029.669,4034.338,4025.294,4031.687,4921,0
2026-06-30 11:30:00,4031.737,4037.388,4028.293,4033.743,5144,0
2026-06-30 12:00:00,4033.82,4034.406,4014.804,4016.968,6365,0
2026-06-30 12:30:00,4016.907,4021.839,4008.615,4009.789,7823,0
2026-06-30 13:00:00,4009.873,4033.452,4009.195,4023.864,11973,0
2026-06-30 13:30:00,4023.92,4032.656,4013.094,4029.722,13007,0
2026-06-30 14:00:00,4029.729,4063.437,4025.12,4054.138,17989,0
2026-06-30 14:30:00,4054.19,4058.792,4037.397,4037.457,11477,0
2026-06-30 15:00:00,4037.514,4039.468,4022.129,4028.367,10828,0
2026-06-30 15:30:00,4028.418,4034.962,4026.725,4029.492,6310,0
2026-06-30 16:00:00,4029.53,4031.474,4025.752,4029.486,4452,0
2026-06-30 16:30:00,4029.484,4033.897,4025.859,4026.23,4123,0
2026-06-30 17:00:00,4026.178,4028.123,4020.56,4025.385,5881,0
2026-06-30 17:30:00,4025.495,4032.178,4025.345,4030.601,3405,0
2026-06-30 18:00:00,4030.651,4033.937,4030.277,4031.524,2822,0
2026-06-30 18:30:00,4031.346,4032.509,4028.084,4028.677,2721,0
2026-06-30 19:00:00,4028.624,4029.548,4021.127,4021.287,3055,0
2026-06-30 19:30:00,4021.236,4023.258,4014.75,4016.036,4200,0
2026-06-30 20:00:00,4016.136,4021.062,4012.342,4013.09,3177,0
2026-06-30 20:30:00,4013.077,4013.754,4006.27,4007.347,2139,0
2026-06-30 22:00:00,4011.645,4017.424,4011.294,4013.656,2860,0
2026-06-30 22:30:00,4013.606,4017.977,4010.997,4013.0,2294,0
2026-06-30 23:00:00,4013.052,4018.272,4007.982,4010.987,3098,0
2026-06-30 23:30:00,4011.009,4012.521,4005.238,4005.593,2900,0
2026-07-01 00:00:00,4005.653,4009.858,4001.152,4001.726,5782,0
2026-07-01 00:30:00,4001.779,4005.812,3992.887,3996.601,5987,0
2026-07-01 01:00:00,3996.861,3999.871,3975.54,3985.554,14097,0
2026-07-01 01:30:00,3985.605,3988.478,3973.733,3977.905,9658,0
2026-07-01 02:00:00,3977.851,3982.416,3970.116,3980.927,7815,0
2026-07-01 02:30:00,3980.877,3986.189,3978.438,3979.38,6055,0
2026-07-01 03:00:00,3979.331,3987.088,3978.468,3981.239,4654,0
2026-07-01 03:30:00,3981.542,3982.301,3976.583,3980.325,3943,0
2026-07-01 04:00:00,3980.373,3981.086,3974.061,3977.649,3616,0
2026-07-01 04:30:00,3977.602,3982.884,3972.251,3976.717,4245,0
2026-07-01 05:00:00,3976.662,3977.218,3969.655,3972.904,4697,0
2026-07-01 05:30:00,3972.955,3978.948,3970.268,3974.15,7610,0
2026-07-01 06:00:00,3974.069,3977.525,3963.094,3967.48,9190,0
2026-07-01 06:30:00,3967.545,3973.58,3963.193,3971.963,5612,0
2026-07-01 07:00:00,3971.905,3973.822,3959.988,3964.394,6932,0
2026-07-01 07:30:00,3964.389,3978.559,3960.635,3976.152,7540,0
2026-07-01 08:00:00,3976.098,3984.353,3969.366,3978.676,5727,0
2026-07-01 08:30:00,3978.934,3979.77,3971.143,3974.36,4416,0
2026-07-01 09:00:00,3974.602,3980.385,3972.793,3978.573,4058,0
2026-07-01 09:30:00,3978.493,3986.096,3977.482,3984.283,4086,0
2026-07-01 10:00:00,3984.425,3989.607,3981.383,3986.991,4056,0
2026-07-01 10:30:00,3986.941,3998.819,3986.358,3998.226,4323,0
2026-07-01 11:00:00,3998.168,4028.409,3997.76,4026.623,9422,0
2026-07-01 11:30:00,4026.678,4035.604,4023.005,4030.484,7499,0
2026-07-01 12:00:00,4030.558,4034.0,4019.379,4025.972,8495,0
2026-07-01 12:30:00,4025.888,4033.151,4022.591,4022.825,9455,0
2026-07-01 13:00:00,4022.877,4047.324,4012.764,4046.927,19053,0
2026-07-01 13:30:00,4046.622,4107.951,4041.609,4089.424,30801,0
2026-07-01 14:00:00,4089.489,4106.926,4082.76,4100.468,18399,0
2026-07-01 14:30:00,4100.602,4115.736,4086.314,4093.549,15130,0
2026-07-01 15:00:00,4093.348,4094.694,4078.369,4083.664,10136,0
2026-07-01 15:30:00,4083.852,4088.081,4076.613,4081.176,8291,0
2026-07-01 16:00:00,4081.241,4088.558,4080.378,4081.515,5992,0
2026-07-01 16:30:00,4081.586,4083.23,4070.35,4070.957,6074,0
2026-07-01 17:00:00,4071.274,4073.522,4067.761,4068.177,6159,0
2026-07-01 17:30:00,4068.229,4073.333,4067.213,4068.023,4465,0
2026-07-01 18:00:00,4068.075,4070.837,4060.925,4061.425,4555,0
2026-07-01 18:30:00,4061.48,4066.166,4057.887,4062.254,4092,0
2026-07-01 19:00:00,4062.059,4068.442,4056.471,4059.006,4461,0
2026-07-01 19:30:00,4058.974,4059.823,4034.29,4038.822,6500,0
2026-07-01 20:00:00,4038.516,4039.846,4028.415,4038.364,4532,0
2026-07-01 20:30:00,4038.312,4039.011,4030.192,4031.615,2747,0
2026-07-01 22:00:00,4034.183,4041.011,4032.861,4038.269,2907,0
2026-07-01 22:30:00,4038.237,4045.279,4036.93,4044.941,2502,0
2026-07-01 23:00:00,4044.902,4044.948,4033.774,4037.318,2841,0
2026-07-01 23:30:00,4037.066,4040.608,4033.148,4035.169,2862,0
2026-07-02 00:00:00,4034.972,4048.653,4030.584,4046.265,8327,0
2026-07-02 00:30:00,4046.334,4052.769,4037.925,4052.004,6235,0
2026-07-02 01:00:00,4052.057,4068.514,4050.158,4053.21,12175,0
2026-07-02 01:30:00,4053.307,4056.439,4045.153,4050.396,8856,0
2026-07-02 02:00:00,4050.35,4054.999,4041.256,4051.659,6343,0
2026-07-02 02:30:00,4051.59,4061.02,4047.806,4057.189,6962,0
2026-07-02 03:00:00,4057.262,4067.29,4055.364,4065.407,5945,0
2026-07-02 03:30:00,4065.213,4074.22,4061.847,4070.082,5344,0
2026-07-02 04:00:00,4070.138,4072.985,4064.017,4065.654,3844,0
2026-07-02 04:30:00,4065.46,4066.568,4060.512,4060.878,3605,0
2026-07-02 05:00:00,4060.828,4062.202,4054.332,4057.619,5132,0
2026-07-02 05:30:00,4057.673,4067.733,4053.111,4065.933,8990,0
2026-07-02 06:00:00,4066.239,4079.75,4065.975,4074.352,8176,0
2026-07-02 06:30:00,4074.405,4076.841,4065.891,4073.031,7081,0
2026-07-02 07:00:00,4073.091,4074.23,4060.641,4062.404,6552,0
2026-07-02 07:30:00,4062.34,4075.474,4060.768,4064.533,5742,0
2026-07-02 08:00:00,4064.616,4077.982,4061.257,4075.083,6800,0
2026-07-02 08:30:00,4074.835,4080.213,4071.966,4076.19,5953,0
2026-07-02 09:00:00,4076.139,4076.997,4066.134,4067.652,4655,0
2026-07-02 09:30:00,4067.707,4072.31,4063.801,4065.155,5315,0
2026-07-02 10:00:00,4065.459,4068.087,4061.918,4066.234,4489,0
2026-07-02 10:30:00,4066.293,4068.799,4061.315,4066.186,3894,0
2026-07-02 11:00:00,4066.262,4067.409,4057.272,4065.603,5464,0
2026-07-02 11:30:00,4065.653,4072.379,4063.283,4065.375,5018,0
2026-07-02 12:00:00,4065.425,4073.549,4061.13,4065.19,8098,0
2026-07-02 12:30:00,4065.27,4140.696,4064.987,4117.67,31850,0
2026-07-02 13:00:00,4117.742,4129.832,4109.202,4113.259,20743,0
2026-07-02 13:30:00,4113.204,4144.132,4110.064,4136.905,22871,0
2026-07-02 14:00:00,4136.93,4138.302,4113.846,4116.372,15439,0
2026-07-02 14:30:00,4116.427,4129.892,4114.542,4128.411,16306,0
2026-07-02 15:00:00,4128.472,4131.512,4114.642,4122.537,12080,0
2026-07-02 15:30:00,4122.588,4131.123,4122.334,4128.316,8209,0
2026-07-02 16:00:00,4128.465,4130.288,4115.411,4116.403,7501,0
2026-07-02 16:30:00,4116.421,4120.345,4100.085,4117.993,10602,0
2026-07-02 17:00:00,4118.192,4119.943,4111.349,4112.433,7692,0
2026-07-02 17:30:00,4112.317,4114.499,4105.581,4106.865,6447,0
2026-07-02 18:00:00,4106.864,4123.735,4105.948,4123.029,6555,0
2026-07-02 18:30:00,4122.965,4127.095,4119.863,4122.781,4485,0
2026-07-02 19:00:00,4122.836,4124.515,4108.076,4112.63,5495,0
2026-07-02 19:30:00,4112.563,4123.954,4110.851,4121.466,4843,0
2026-07-02 20:00:00,4121.329,4125.127,4116.193,4123.383,3032,0
2026-07-02 20:30:00,4123.386,4125.044,4118.458,4124.068,1869,0
2026-07-02 22:00:00,4126.477,4128.176,4122.487,4124.222,1771,0
2026-07-02 22:30:00,4124.183,4126.477,4122.455,4124.562,1748,0
2026-07-02 23:00:00,4124.725,4130.454,4124.221,4129.723,2234,0
2026-07-02 23:30:00,4129.608,4134.121,4120.929,4126.116,4855,0
2026-07-03 00:00:00,4126.207,4140.971,4122.965,4137.344,10667,0
2026-07-03 00:30:00,4137.295,4151.075,4132.872,4147.174,7457,0
2026-07-03 01:00:00,4147.255,4194.523,4146.412,4187.781,18843,0
2026-07-03 01:30:00,4187.674,4195.506,4175.191,4182.498,10874,0
2026-07-03 02:00:00,4182.392,4184.487,4176.353,4179.065,6043,0
2026-07-03 02:30:00,4179.063,4186.861,4177.981,4183.56,6840,0
2026-07-03 03:00:00,4183.509,4184.594,4179.184,4181.412,4700,0
2026-07-03 03:30:00,4181.462,4183.111,4175.111,4175.907,4111,0
2026-07-03 04:00:00,4176.131,4182.737,4172.916,4178.424,3437,0
2026-07-03 04:30:00,4178.711,4178.975,4174.625,4178.969,2567,0
2026-07-03 05:00:00,4178.859,4181.288,4172.86,4176.115,3673,0
2026-07-03 05:30:00,4175.984,4181.987,4169.145,4171.229,5889,0
2026-07-03 06:00:00,4171.236,4171.711,4160.255,4164.746,7402,0
2026-07-03 06:30:00,4164.924,4174.418,4164.513,4173.119,5058,0
2026-07-03 07:00:00,4173.178,4181.256,4169.223,4175.528,4759,0
2026-07-03 07:30:00,4175.473,4181.78,4173.668,4177.541,4442,0
2026-07-03 08:00:00,4177.419,4185.793,4177.387,4183.074,4460,0
2026-07-03 08:30:00,4183.022,4186.643,4176.849,4180.829,4359,0
2026-07-03 09:00:00,4180.957,4181.864,4171.08,4171.781,4027,0
2026-07-03 09:30:00,4171.723,4175.141,4168.324,4172.063,3997,0
2026-07-03 10:00:00,4172.01,4181.282,4170.589,4178.617,3120,0
2026-07-03 10:30:00,4178.669,4179.131,4174.438,4177.164,2622,0
2026-07-03 11:00:00,4176.856,4185.972,4175.424,4183.171,3438,0
2026-07-03 11:30:00,4183.119,4186.29,4178.547,4180.885,3001,0
2026-07-03 12:00:00,4181.197,4183.398,4172.103,4174.637,3846,0
2026-07-03 12:30:00,4174.833,4177.713,4172.114,4176.663,3531,0
2026-07-03 13:00:00,4176.72,4179.391,4164.389,4171.593,6620,0
2026-07-03 13:30:00,4171.642,4171.666,4163.411,4164.596,5239,0
2026-07-03 14:00:00,4164.531,4167.255,4155.235,4166.125,5937,0
2026-07-03 14:30:00,4166.014,4171.126,4163.273,4169.6,3628,0
2026-07-03 15:00:00,4169.643,4174.313,4166.81,4167.524,3509,0
2026-07-03 15:30:00,4167.33,4169.016,4164.397,4164.94,2975,0
2026-07-03 16:00:00,4164.885,4167.685,4162.67,4166.686,2708,0
2026-07-03 16:30:00,4166.867,4176.44,4166.594,4174.913,3031,0
2026-07-05 22:00:00,4177.917,4186.024,4173.191,4184.747,4676,0
2026-07-05 22:30:00,4184.666,4191.688,4182.87,4188.348,3991,0
2026-07-05 23:00:00,4188.301,4202.273,4186.454,4200.189,3325,0
2026-07-05 23:30:00,4200.232,4201.561,4177.201,4182.987,6353,0
2026-07-06 00:00:00,4183.254,4185.442,4169.895,4174.509,11920,0
2026-07-06 00:30:00,4174.549,4189.022,4174.05,4179.555,8187,0
2026-07-06 01:00:00,4179.495,4192.917,4172.356,4189.28,14306,0
2026-07-06 01:30:00,4189.65,4203.185,4184.993,4186.122,11611,0
2026-07-06 02:00:00,4186.182,4187.936,4175.698,4177.738,8970,0
2026-07-06 02:30:00,4177.669,4178.61,4168.41,4173.984,9052,0
2026-07-06 03:00:00,4174.006,4176.434,4162.534,4165.815,6732,0
2026-07-06 03:30:00,4165.758,4169.269,4160.887,4165.29,4519,0
2026-07-06 04:00:00,4165.24,4166.717,4160.066,4161.285,3690,0
2026-07-06 04:30:00,4161.339,4162.502,4157.228,4159.737,3924,0
2026-07-06 05:00:00,4159.87,4160.909,4150.454,4152.777,4839,0
2026-07-06 05:30:00,4152.839,4160.421,4144.625,4148.053,8287,0
2026-07-06 06:00:00,4147.979,4156.55,4145.726,4156.348,6249,0
2026-07-06 06:30:00,4156.297,4159.635,4148.884,4150.388,5386,0
2026-07-06 07:00:00,4150.336,4155.606,4147.073,4153.018,6027,0
2026-07-06 07:30:00,4152.888,4166.454,4150.973,4164.467,4370,0
2026-07-06 08:00:00,4164.233,4166.112,4153.534,4155.549,4510,0
2026-07-06 08:30:00,4155.299,4156.092,4146.969,4150.503,3743,0
2026-07-06 09:00:00,4150.474,4151.258,4141.558,4143.747,3918,0
2026-07-06 09:30:00,4143.519,4144.681,4136.206,4143.333,5397,0
2026-07-06 10:00:00,4143.071,4150.871,4142.007,4148.692,3492,0
2026-07-06 10:30:00,4148.619,4155.896,4148.541,4154.866,4592,0
2026-07-06 11:00:00,4154.928,4159.6,4151.347,4154.844,5723,0
2026-07-06 11:30:00,4154.982,4158.735,4151.726,4155.02,4658,0
2026-07-06 12:00:00,4155.211,4158.536,4144.951,4145.838,6557,0
2026-07-06 12:30:00,4145.898,4146.4,4131.502,4139.565,8560,0
2026-07-06 13:00:00,4139.669,4148.864,4136.863,4142.408,8992,0
2026-07-06 13:30:00,4142.347,4150.351,4136.419,4140.947,11596,0
2026-07-06 14:00:00,4140.887,4147.165,4132.181,4137.126,10373,0
2026-07-06 14:30:00,4137.092,4141.901,4128.412,4138.004,7844,0
2026-07-06 15:00:00,4138.057,4151.136,4137.367,4150.473,6117,0
2026-07-06 15:30:00,4150.538,4152.084,4144.664,4148.188,5224,0
2026-07-06 16:00:00,4148.24,4148.505,4140.247,4145.497,4256,0
2026-07-06 16:30:00,4145.464,4156.332,4145.109,4154.877,4091,0
2026-07-06 17:00:00,4154.899,4159.633,4150.297,4155.529,4884,0
2026-07-06 17:30:00,4155.597,4161.552,4154.824,4161.14,3772,0
2026-07-06 18:00:00,4161.091,4163.265,4155.303,4161.986,3185,0
2026-07-06 18:30:00,4161.935,4167.628,4159.605,4164.018,3113,0
2026-07-06 19:00:00,4163.889,4165.555,4158.747,4162.725,2780,0
2026-07-06 19:30:00,4162.841,4165.198,4159.562,4163.632,3224,0
2026-07-06 20:00:00,4163.705,4164.67,4160.749,4163.06,1763,0
2026-07-06 20:30:00,4162.799,4165.048,4162.468,4164.315,1409,0
2026-07-06 22:00:00,4166.053,4167.811,4163.469,4165.948,1512,0
2026-07-06 22:30:00,4166.214,4168.555,4164.067,4164.283,1856,0
2026-07-06 23:00:00,4164.335,4165.776,4162.865,4163.016,1762,0
2026-07-06 23:30:00,4163.273,4165.285,4156.785,4157.372,2412,0
2026-07-07 00:00:00,4157.318,4160.793,4151.986,4159.672,6205,0
2026-07-07 00:30:00,4159.903,4162.802,4145.088,4146.139,6249,0
2026-07-07 01:00:00,4146.088,4147.994,4125.546,4132.539,12310,0
2026-07-07 01:30:00,4132.674,4146.352,4131.979,4141.909,7200,0
2026-07-07 02:00:00,4141.637,4145.204,4137.419,4140.629,5296,0
2026-07-07 02:30:00,4140.564,4144.417,4131.398,4136.52,5809,0
2026-07-07 03:00:00,4136.423,4140.16,4129.131,4132.005,5221,0
2026-07-07 03:30:00,4132.254,4134.765,4124.302,4131.164,4473,0
2026-07-07 04:00:00,4130.946,4141.324,4130.318,4132.072,4459,0
2026-07-07 04:30:00,4131.96,4132.4,4125.819,4126.769,3564,0
2026-07-07 05:00:00,4126.816,4131.224,4120.737,4128.198,5558,0
2026-07-07 05:30:00,4128.389,4128.835,4116.391,4124.16,8944,0
2026-07-07 06:00:00,4124.16,4129.578,4121.311,4126.75,6117,0
2026-07-07 06:30:00,4126.621,4133.091,4124.909,4130.307,4950,0
2026-07-07 07:00:00,4130.351,4132.274,4124.15,4126.728,4694,0
2026-07-07 07:30:00,4126.414,4133.646,4124.532,4124.771,4251,0
2026-07-07 08:00:00,4124.718,4139.394,4124.233,4138.493,5662,0
2026-07-07 08:30:00,4138.542,4139.03,4121.757,4126.123,4929,0
2026-07-07 09:00:00,4125.819,4131.045,4119.566,4121.494,4636,0
2026-07-07 09:30:00,4121.696,4133.806,4121.557,4131.026,4956,0
2026-07-07 10:00:00,4131.33,4138.974,4130.949,4137.195,4167,0
2026-07-07 10:30:00,4137.216,4137.578,4133.371,4135.538,3644,0
2026-07-07 11:00:00,4135.845,4145.325,4131.792,4143.005,5051,0
2026-07-07 11:30:00,4142.954,4158.503,4139.607,4156.533,5477,0
2026-07-07 12:00:00,4156.671,4175.096,4154.362,4165.941,10650,0
2026-07-07 12:30:00,4165.926,4172.918,4161.401,4172.052,6884,0
2026-07-07 13:00:00,4172.104,4178.471,4160.012,4166.341,10573,0
2026-07-07 13:30:00,4166.393,4180.456,4155.998,4158.503,14881,0
2026-07-07 14:00:00,4158.431,4163.551,4150.893,4158.034,12158,0
2026-07-07 14:30:00,4158.099,4159.338,4143.468,4154.257,9131,0
2026-07-07 15:00:00,4154.192,4155.735,4141.588,4143.173,7797,0
2026-07-07 15:30:00,4143.23,4148.296,4135.645,4138.925,6092,0
2026-07-07 16:00:00,4138.923,4147.32,4136.937,4146.012,4871,0
2026-07-07 16:30:00,4145.955,4146.834,4140.846,4144.948,4517,0
2026-07-07 17:00:00,4145.005,4147.015,4140.334,4145.861,4517,0
2026-07-07 17:30:00,4145.977,4148.277,4142.873,4144.432,3616,0
2026-07-07 18:00:00,4144.483,4145.328,4140.027,4141.762,4050,0
2026-07-07 18:30:00,4141.688,4142.69,4124.904,4127.087,7905,0
2026-07-07 19:00:00,4126.977,4127.866,4092.023,4103.35,16080,0
2026-07-07 19:30:00,4103.567,4117.587,4103.437,4114.211,7805,0
2026-07-07 20:00:00,4114.242,4115.878,4106.345,4110.652,3399,0
2026-07-07 20:30:00,4110.639,4111.265,4103.408,4106.62,2649,0
2026-07-07 22:00:00,4097.703,4106.356,4094.171,4099.698,2644,0
2026-07-07 22:30:00,4099.5,4102.796,4095.81,4098.153,2987,0
2026-07-07 23:00:00,4098.374,4108.01,4096.115,4104.772,4017,0
2026-07-07 23:30:00,4105.009,4105.47,4095.685,4098.576,3706,0
2026-07-08 00:00:00,4098.471,4108.163,4096.821,4105.614,10093,0
2026-07-08 00:30:00,4105.423,4126.899,4103.828,4111.651,10097,0
2026-07-08 01:00:00,4111.582,4117.979,4098.224,4102.837,16656,0
2026-07-08 01:30:00,4102.787,4113.161,4096.378,4111.043,11843,0
2026-07-08 02:00:00,4111.103,4124.978,4105.862,4119.0,8844,0
2026-07-08 02:30:00,4118.94,4121.292,4113.409,4114.452,7005,0
2026-07-08 03:00:00,4114.591,4130.939,4114.385,4129.856,8125,0
2026-07-08 03:30:00,4129.78,4131.177,4122.621,4123.514,3983,0
2026-07-08 04:00:00,4123.457,4128.932,4120.537,4126.113,5202,0
2026-07-08 04:30:00,4125.826,4128.288,4121.963,4125.087,4848,0
2026-07-08 05:00:00,4125.252,4134.08,4121.838,4122.022,6118,0
2026-07-08 05:30:00,4121.967,4131.642,4120.959,4127.694,8808,0
2026-07-08 06:00:00,4127.747,4133.657,4122.019,4129.652,7368,0
2026-07-08 06:30:00,4129.598,4129.858,4123.297,4123.608,5534,0
2026-07-08 07:00:00,4123.55,4125.101,4114.581,4120.321,5933,0
2026-07-08 07:30:00,4120.268,4127.163,4118.112,4121.219,5116,0
2026-07-08 08:00:00,4121.29,4121.398,4080.682,4089.106,24684,0
2026-07-08 08:30:00,4089.049,4092.173,4052.037,4056.74,23240,0
2026-07-08 09:00:00,4056.65,4061.026,4050.109,4056.757,14610,0
2026-07-08 09:30:00,4056.706,4058.736,4041.378,4043.377,10853,0
2026-07-08 10:00:00,4043.429,4055.707,4040.406,4050.836,8895,0
2026-07-08 10:30:00,4050.931,4058.485,4049.794,4053.013,7462,0
2026-07-08 11:00:00,4052.958,4057.033,4047.651,4050.373,7720,0
2026-07-08 11:30:00,4050.317,4072.589,4041.253,4061.99,15466,0
2026-07-08 12:00:00,4061.935,4077.784,4058.632,4070.785,12069,0
2026-07-08 12:30:00,4070.94,4086.374,4067.862,4071.988,14265,0
2026-07-08 13:00:00,4072.309,4083.153,4065.113,4066.835,18159,0
2026-07-08 13:30:00,4066.786,4080.409,4066.786,4070.668,19316,0
2026-07-08 14:00:00,4070.719,4071.597,4051.419,4059.974,17254,0
2026-07-08 14:30:00,4060.177,4061.419,4033.712,4040.898,16045,0
2026-07-08 15:00:00,4040.955,4043.873,4026.028,4030.716,13132,0
2026-07-08 15:30:00,4031.023,4038.594,4021.714,4034.079,10969,0
2026-07-08 16:00:00,4034.133,4045.138,4033.105,4043.572,8642,0
2026-07-08 16:30:00,4043.451,4064.52,4039.423,4063.507,12198,0
2026-07-08 17:00:00,4063.561,4073.921,4059.75,4072.968,9155,0
2026-07-08 17:30:00,4073.16,4076.518,4064.468,4065.74,6087,0
2026-07-08 18:00:00,4065.678,4075.698,4063.382,4069.696,8930,0
2026-07-08 18:30:00,4069.751,4091.543,4066.884,4084.183,8428,0
2026-07-08 19:00:00,4084.234,4091.115,4084.234,4088.055,6436,0
2026-07-08 19:30:00,4088.166,4091.458,4078.177,4080.005,7025,0
2026-07-08 20:00:00,4080.059,4083.607,4074.152,4076.944,4571,0
2026-07-08 20:30:00,4076.7,4079.722,4071.611,4077.4,3117,0
2026-07-08 22:00:00,4077.952,4079.92,4072.602,4074.423,2774,0
2026-07-08 22:30:00,4074.429,4079.915,4073.522,4076.605,2505,0
2026-07-08 23:00:00,4076.626,4077.849,4073.6,4077.606,1849,0
2026-07-08 23:30:00,4077.412,4077.579,4071.811,4076.276,2821,0
2026-07-09 00:00:00,4076.084,4089.993,4073.763,4077.953,8149,0
2026-07-09 00:30:00,4078.005,4081.965,4070.08,4073.953,6717,0
2026-07-09 01:00:00,4073.903,4078.911,4065.28,4066.735,12036,0
2026-07-09 01:30:00,4066.787,4076.142,4062.337,4072.96,7422,0
2026-07-09 02:00:00,4072.808,4082.773,4071.945,4080.414,5816,0
2026-07-09 02:30:00,4080.592,4081.684,4064.201,4065.143,6306,0
2026-07-09 03:00:00,4065.083,4067.525,4054.046,4058.067,6877,0
2026-07-09 03:30:00,4058.121,4064.06,4056.458,4064.06,3835,0
2026-07-09 04:00:00,4064.111,4064.398,4057.215,4059.024,3753,0
2026-07-09 04:30:00,4059.028,4064.652,4056.333,4064.15,3879,0
2026-07-09 05:00:00,4064.201,4076.132,4063.504,4072.046,7059,0
2026-07-09 05:30:00,4072.194,4084.329,4064.62,4081.888,7909,0
2026-07-09 06:00:00,4081.94,4103.131,4081.37,4102.165,11884,0
2026-07-09 06:30:00,4102.221,4108.151,4096.119,4108.096,7449,0
2026-07-09 07:00:00,4107.869,4110.432,4101.467,4108.752,6143,0
2026-07-09 07:30:00,4108.804,4111.262,4103.782,4107.713,4866,0
2026-07-09 08:00:00,4107.765,4117.755,4105.148,4114.662,6131,0
2026-07-09 08:30:00,4114.863,4116.803,4107.597,4108.375,4427,0
2026-07-09 09:00:00,4108.424,4112.487,4105.691,4108.5,4418,0
2026-07-09 09:30:00,4108.458,4110.153,4103.029,4106.146,4489,0
2026-07-09 10:00:00,4106.196,4110.053,4103.844,4104.388,3673,0
2026-07-09 10:30:00,4104.373,4105.528,4093.537,4098.929,4808,0
2026-07-09 11:00:00,4099.011,4107.354,4097.744,4100.553,4601,0
2026-07-09 11:30:00,4100.551,4110.646,4098.736,4108.528,4930,0
2026-07-09 12:00:00,4108.623,4120.3,4105.094,4107.18,7528,0
2026-07-09 12:30:00,4107.021,4122.734,4107.002,4107.803,8033,0
2026-07-09 13:00:00,4107.746,4127.447,4106.675,4125.813,10097,0
2026-07-09 13:30:00,4126.048,4129.648,4117.685,4121.852,12302,0
2026-07-09 14:00:00,4121.993,4136.316,4114.145,4124.762,12276,0
2026-07-09 14:30:00,4124.824,4128.17,4117.97,4127.635,7633,0
2026-07-09 15:00:00,4127.699,4130.936,4124.647,4127.756,6140,0
2026-07-09 15:30:00,4127.815,4132.773,4126.053,4126.646,5277,0
2026-07-09 16:00:00,4126.808,4133.328,4125.55,4132.851,4751,0
2026-07-09 16:30:00,4132.797,4138.077,4127.948,4127.948,4596,0
2026-07-09 17:00:00,4128.181,4131.977,4124.833,4131.441,5005,0
2026-07-09 17:30:00,4131.5,4138.194,4129.107,4135.966,4199,0
2026-07-09 18:00:00,4136.168,4136.178,4122.869,4123.98,3766,0
2026-07-09 18:30:00,4123.997,4125.466,4121.347,4124.56,3048,0
2026-07-09 19:00:00,4124.511,4126.998,4120.606,4121.074,2844,0
2026-07-09 19:30:00,4120.852,4123.6,4118.641,4122.25,3319,0
2026-07-09 20:00:00,4122.201,4124.17,4120.588,4121.136,1879,0
2026-07-09 20:30:00,4121.082,4125.49,4120.699,4123.93,1571,0
2026-07-09 22:00:00,4125.508,4127.721,4122.187,4122.974,1968,0
2026-07-09 22:30:00,4123.226,4124.592,4121.369,4121.862,1845,0
2026-07-09 23:00:00,4121.844,4125.189,4121.305,4122.195,1683,0
2026-07-09 23:30:00,4122.316,4124.528,4120.926,4123.547,1690,0
2026-07-10 00:00:00,4123.495,4125.722,4116.812,4119.404,4588,0
2026-07-10 00:30:00,4119.466,4128.322,4114.13,4126.339,4832,0
2026-07-10 01:00:00,4126.391,4131.08,4118.705,4121.643,8414,0
2026-07-10 01:30:00,4121.567,4123.47,4108.597,4116.92,7095,0
2026-07-10 02:00:00,4117.002,4129.041,4115.987,4125.632,5355,0
2026-07-10 02:30:00,4125.741,4129.226,4122.098,4127.921,4402,0
2026-07-10 03:00:00,4127.858,4134.804,4120.538,4125.222,5201,0
2026-07-10 03:30:00,4125.14,4128.011,4119.285,4120.104,3542,0
2026-07-10 04:00:00,4120.253,4121.195,4111.956,4117.617,3852,0
2026-07-10 04:30:00,4117.402,4119.667,4114.763,4115.222,2688,0
2026-07-10 05:00:00,4115.172,4117.203,4112.829,4114.269,3814,0
2026-07-10 05:30:00,4114.211,4117.004,4108.128,4116.731,6784,0
2026-07-10 06:00:00,4116.79,4120.217,4113.826,4114.329,5299,0
2026-07-10 06:30:00,4114.38,4116.278,4110.948,4111.861,4384,0
2026-07-10 07:00:00,4111.851,4115.346,4108.515,4112.357,4611,0
2026-07-10 07:30:00,4112.509,4114.554,4104.309,4108.837,4393,0
2026-07-10 08:00:00,4108.888,4109.535,4103.162,4104.515,4762,0
2026-07-10 08:30:00,4104.566,4105.703,4094.718,4097.994,4225,0
2026-07-10 09:00:00,4097.689,4103.606,4094.225,4102.591,3950,0
2026-07-10 09:30:00,4102.541,4105.456,4098.415,4104.137,3344,0
2026-07-10 10:00:00,4104.207,4112.652,4104.047,4109.282,3644,0
2026-07-10 10:30:00,4109.53,4110.592,4104.187,4104.644,3178,0
2026-07-10 11:00:00,4104.591,4108.234,4099.851,4100.254,3596,0
2026-07-10 11:30:00,4100.203,4108.032,4095.934,4102.451,4293,0
2026-07-10 12:00:00,4102.456,4117.611,4100.883,4105.916,8750,0
2026-07-10 12:30:00,4105.843,4107.115,4097.288,4100.569,5452,0
2026-07-10 13:00:00,4100.871,4106.797,4085.459,4087.545,7775,0
2026-07-10 13:30:00,4087.435,4105.527,4086.864,4099.689,10897,0
2026-07-10 14:00:00,4100.012,4109.061,4097.474,4105.465,8554,0
2026-07-10 14:30:00,4105.529,4107.946,4072.658,4092.86,21041,0
2026-07-10 15:00:00,4092.914,4107.878,4091.169,4102.235,8190,0
2026-07-10 15:30:00,4102.288,4113.503,4101.274,4112.877,6346,0
2026-07-10 16:00:00,4112.933,4114.917,4107.153,4114.28,5029,0
2026-07-10 16:30:00,4114.227,4115.509,4104.306,4104.682,3900,0
2026-07-10 17:00:00,4104.521,4106.74,4102.169,4105.476,4169,0
2026-07-10 17:30:00,4105.419,4106.949,4100.337,4100.755,3413,0
2026-07-10 18:00:00,4100.865,4105.765,4099.949,4102.852,3225,0
2026-07-10 18:30:00,4103.158,4103.821,4097.927,4101.377,2963,0
2026-07-10 19:00:00,4101.173,4103.407,4097.691,4101.847,2748,0
2026-07-10 19:30:00,4101.923,4109.178,4100.333,4108.274,2984,0
2026-07-10 20:00:00,4108.212,4115.215,4108.148,4111.197,2403,0
2026-07-10 20:30:00,4111.307,4121.141,4110.45,4119.908,2317,0
2026-07-12 22:00:00,4098.561,4099.253,4080.496,4084.665,5931,0
2026-07-12 22:30:00,4084.614,4086.61,4069.754,4076.628,4101,0
2026-07-12 23:00:00,4076.574,4076.631,4068.425,4074.556,3985,0
2026-07-12 23:30:00,4074.569,4084.801,4071.572,4084.311,4483,0
2026-07-13 00:00:00,4084.359,4091.138,4074.141,4074.69,9181,0
2026-07-13 00:30:00,4074.641,4077.446,4061.009,4073.882,9542,0
2026-07-13 01:00:00,4073.773,4082.034,4065.228,4079.636,15222,0
2026-07-13 01:30:00,4079.913,4089.964,4067.278,4072.255,12462,0
2026-07-13 02:00:00,4072.323,4075.029,4066.438,4067.254,9367,0
2026-07-13 02:30:00,4067.305,4077.569,4064.636,4068.537,7806,0
2026-07-13 03:00:00,4068.733,4069.587,4052.761,4061.702,7852,0
2026-07-13 03:30:00,4061.65,4062.542,4056.903,4060.356,4302,0
2026-07-13 04:00:00,4060.242,4060.323,4050.193,4055.676,4896,0
2026-07-13 04:30:00,4055.702,4059.28,4052.507,4058.743,3488,0
2026-07-13 05:00:00,4058.631,4073.248,4054.648,4058.188,7103,0
2026-07-13 05:30:00,4058.238,4065.758,4051.919,4053.78,9596,0
2026-07-13 06:00:00,4053.847,4061.463,4043.648,4061.175,9180,0
2026-07-13 06:30:00,4061.052,4063.646,4051.946,4055.369,6571,0
2026-07-13 07:00:00,4055.427,4061.33,4048.898,4058.96,6473,0
2026-07-13 07:30:00,4058.904,4065.116,4055.892,4064.528,5235,0
2026-07-13 08:00:00,4064.639,4080.842,4063.153,4074.166,8402,0
2026-07-13 08:30:00,4074.276,4078.526,4071.847,4074.731,4931,0
2026-07-13 09:00:00,4074.677,4076.631,4071.254,4072.528,4470,0
2026-07-13 09:30:00,4072.455,4074.044,4068.086,4068.317,4325,0
2026-07-13 10:00:00,4068.261,4070.562,4064.229,4065.236,3715,0
2026-07-13 10:30:00,4065.122,4068.301,4046.458,4060.457,8167,0
2026-07-13 11:00:00,4060.514,4068.097,4058.017,4062.931,6366,0
2026-07-13 11:30:00,4062.837,4068.605,4055.005,4056.473,5736,0
2026-07-13 12:00:00,4056.507,4063.519,4053.492,4058.965,7382,0
2026-07-13 12:30:00,4059.144,4067.601,4058.574,4067.248,5670,0
2026-07-13 13:00:00,4067.297,4067.658,4058.442,4062.155,7660,0
2026-07-13 13:30:00,4062.257,4064.131,4041.873,4043.4,15321,0
2026-07-13 14:00:00,4043.288,4047.071,4002.547,4016.89,28288,0
2026-07-13 14:30:00,4017.0,4017.192,4000.158,4015.222,16632,0
2026-07-13 15:00:00,4015.297,4020.452,4010.808,4016.413,8939,0
2026-07-13 15:30:00,4016.473,4017.836,4010.079,4015.994,7123,0
2026-07-13 16:00:00,4015.849,4018.099,4000.537,4004.029,6400,0
2026-07-13 16:30:00,4003.955,4004.901,3986.457,3993.282,14622,0
2026-07-13 17:00:00,3993.236,4001.95,3991.935,3998.731,7791,0
2026-07-13 17:30:00,3998.648,4000.876,3991.991,3993.05,6217,0
2026-07-13 18:00:00,3993.098,3996.858,3986.549,3995.403,6654,0
2026-07-13 18:30:00,3995.452,4005.196,3993.918,4001.362,5160,0
2026-07-13 19:00:00,4001.598,4004.562,3996.685,3998.423,4922,0
2026-07-13 19:30:00,3998.371,4002.333,3993.391,4001.808,5001,0
2026-07-13 20:00:00,4001.858,4006.29,3996.223,3999.939,3731,0
2026-07-13 20:30:00,3999.881,4002.306,3997.239,4002.156,2627,0
2026-07-13 22:00:00,4004.1,4006.279,4001.604,4004.266,1825,0
2026-07-13 22:30:00,4004.279,4005.656,4000.695,4000.983,2118,0
2026-07-13 23:00:00,4001.018,4003.249,3996.797,3997.57,2350,0
2026-07-13 23:30:00,3997.268,4002.063,3992.724,4000.913,3827,0
2026-07-14 00:00:00,4000.975,4004.868,3983.307,3995.145,14375,0
2026-07-14 00:30:00,3995.264,4007.323,3994.286,4004.062,10871,0
2026-07-14 01:00:00,4004.115,4004.961,3992.097,3997.955,13637,0
2026-07-14 01:30:00,3997.877,4012.234,3992.908,4010.572,9500,0
2026-07-14 02:00:00,4010.645,4019.154,4006.029,4018.012,7569,0
2026-07-14 02:30:00,4017.814,4019.145,4008.968,4012.143,5976,0
2026-07-14 03:00:00,4012.328,4018.719,4011.154,4017.83,5461,0
2026-07-14 03:30:00,4017.878,4019.076,4013.805,4016.796,4415,0
2026-07-14 04:00:00,4016.85,4018.886,4013.371,4015.764,3930,0
2026-07-14 04:30:00,4015.813,4023.469,4015.571,4020.394,4003,0
2026-07-14 05:00:00,4020.455,4024.061,4019.589,4022.706,3764,0
2026-07-14 05:30:00,4022.715,4034.183,4022.408,4031.232,6821,0
2026-07-14 06:00:00,4031.281,4033.336,4023.042,4023.091,5102,0
2026-07-14 06:30:00,4023.142,4026.834,4021.625,4024.063,4681,0
2026-07-14 07:00:00,4023.954,4030.031,4020.573,4026.509,5165,0
2026-07-14 07:30:00,4026.426,4029.783,4020.205,4020.825,4904,0
2026-07-14 08:00:00,4020.939,4023.17,4014.354,4021.649,5929,0
2026-07-14 08:30:00,4021.532,4023.766,4015.829,4016.062,4426,0
2026-07-14 09:00:00,4016.012,4024.573,4013.7,4015.923,4927,0
2026-07-14 09:30:00,4015.872,4023.757,4013.572,4021.829,4796,0
2026-07-14 10:00:00,4021.697,4022.301,4015.534,4017.728,3926,0
2026-07-14 10:30:00,4017.931,4022.976,4015.022,4021.747,4544,0
2026-07-14 11:00:00,4021.426,4028.391,4015.39,4024.986,6122,0
2026-07-14 11:30:00,4025.034,4031.987,4024.642,4031.031,5183,0
2026-07-14 12:00:00,4030.963,4036.079,4023.108,4030.021,7359,0
2026-07-14 12:30:00,4030.146,4103.078,4029.498,4076.368,27551,0
2026-07-14 13:00:00,4076.318,4086.147,4070.707,4081.493,15801,0
2026-07-14 13:30:00,4081.543,4088.677,4074.091,4076.574,16482,0
2026-07-14 14:00:00,4076.628,4085.324,4070.476,4076.713,15914,0
2026-07-14 14:30:00,4076.661,4090.494,4073.204,4084.926,14460,0
2026-07-14 15:00:00,4085.227,4100.434,4078.659,4085.044,13752,0
2026-07-14 15:30:00,4084.976,4086.895,4064.431,4066.391,11452,0
2026-07-14 16:00:00,4066.449,4067.193,4057.604,4059.456,8096,0
2026-07-14 16:30:00,4059.407,4062.988,4057.613,4061.44,5813,0
2026-07-14 17:00:00,4061.494,4064.742,4054.258,4062.742,6001,0
2026-07-14 17:30:00,4062.801,4065.164,4058.345,4062.894,4266,0
2026-07-14 18:00:00,4062.835,4063.018,4056.412,4058.404,4049,0
2026-07-14 18:30:00,4058.493,4059.644,4042.673,4053.929,6817,0
2026-07-14 19:00:00,4054.051,4057.374,4051.291,4051.757,4127,0
2026-07-14 19:30:00,4051.798,4056.905,4047.421,4055.864,5045,0
2026-07-14 20:00:00,4055.7,4056.512,4052.227,4053.023,2280,0
2026-07-14 20:30:00,4053.014,4053.582,4049.098,4052.869,2109,0
2026-07-14 22:00:00,4052.577,4053.583,4048.851,4051.595,2145,0
2026-07-14 22:30:00,4051.595,4052.905,4048.349,4048.949,2077,0
2026-07-14 23:00:00,4048.932,4053.868,4046.63,4053.849,2137,0
2026-07-14 23:30:00,4054.052,4056.252,4051.33,4053.123,2587,0
2026-07-15 00:00:00,4052.928,4058.32,4050.876,4058.32,6402,0
2026-07-15 00:30:00,4058.118,4060.725,4052.08,4059.113,4426,0
2026-07-15 01:00:00,4059.225,4062.03,4052.51,4054.54,8625,0
2026-07-15 01:30:00,4054.681,4054.785,4035.483,4037.294,8284,0
2026-07-15 02:00:00,4037.142,4042.244,4029.243,4032.98,6652,0
2026-07-15 02:30:00,4032.93,4042.004,4032.432,4035.323,5126,0
2026-07-15 03:00:00,4035.265,4040.45,4029.928,4031.084,5126,0
2026-07-15 03:30:00,4031.067,4035.825,4027.874,4031.271,3885,0
2026-07-15 04:00:00,4031.32,4034.992,4029.866,4033.715,3081,0
2026-07-15 04:30:00,4033.792,4034.964,4028.243,4033.037,3298,0
2026-07-15 05:00:00,4033.346,4036.166,4024.529,4025.224,5005,0
2026-07-15 05:30:00,4025.073,4036.595,4022.036,4034.925,6789,0
2026-07-15 06:00:00,4034.869,4035.611,4021.066,4026.346,6053,0
2026-07-15 06:30:00,4026.653,4033.781,4022.607,4031.917,5428,0
2026-07-15 07:00:00,4032.037,4034.379,4019.996,4024.006,5467,0
2026-07-15 07:30:00,4023.872,4027.092,4019.593,4024.491,5038,0
2026-07-15 08:00:00,4024.346,4026.812,4017.244,4026.547,5654,0
2026-07-15 08:30:00,4026.497,4033.077,4024.664,4031.226,4366,0
2026-07-15 09:00:00,4031.332,4034.247,4026.923,4027.539,4330,0
2026-07-15 09:30:00,4027.491,4030.435,4025.336,4030.062,4843,0
2026-07-15 10:00:00,4030.134,4036.158,4026.439,4028.662,4991,0
2026-07-15 10:30:00,4028.929,4034.137,4026.92,4028.029,3937,0
2026-07-15 11:00:00,4027.906,4032.845,4027.667,4030.661,4188,0
2026-07-15 11:30:00,4030.696,4040.415,4029.304,4038.137,4425,0
2026-07-15 12:00:00,4038.189,4042.679,4035.89,4039.683,5636,0
2026-07-15 12:30:00,4039.821,4071.54,4039.39,4067.942,11893,0
2026-07-15 13:00:00,4068.009,4074.262,4054.164,4055.97,10943,0
2026-07-15 13:30:00,4055.91,4066.465,4054.793,4061.765,10524,0
2026-07-15 14:00:00,4061.824,4066.019,4055.367,4058.423,9339,0
2026-07-15 14:30:00,4058.625,4063.991,4053.052,4060.251,8913,0
2026-07-15 15:00:00,4060.357,4062.942,4039.542,4048.848,10356,0
2026-07-15 15:30:00,4048.906,4050.975,4044.579,4046.92,6847,0
2026-07-15 16:00:00,4046.871,4047.82,4032.824,4034.9,7972,0
2026-07-15 16:30:00,4034.853,4038.107,4026.676,4033.571,10373,0
2026-07-15 17:00:00,4033.64,4048.277,4032.732,4047.341,6540,0
2026-07-15 17:30:00,4047.267,4066.172,4046.947,4061.999,8845,0
2026-07-15 18:00:00,4062.119,4075.624,4061.605,4073.997,6520,0
2026-07-15 18:30:00,4074.062,4081.502,4058.068,4059.284,6778,0
2026-07-15 19:00:00,4059.235,4062.905,4052.744,4055.949,5458,0
2026-07-15 19:30:00,4056.284,4057.593,4047.844,4056.879,6021,0
2026-07-15 20:00:00,4056.759,4062.164,4055.011,4061.223,2727,0
2026-07-15 20:30:00,4061.231,4063.286,4059.79,4060.079,1816,0
2026-07-15 22:00:00,4065.797,4065.797,4060.971,4062.032,2222,0
2026-07-15 22:30:00,4062.054,4062.372,4058.115,4059.758,1979,0
2026-07-15 23:00:00,4059.708,4062.164,4056.901,4057.799,2255,0
2026-07-15 23:30:00,4057.85,4060.849,4055.594,4057.894,2635,0
2026-07-16 00:00:00,4057.945,4060.424,4054.748,4058.445,4916,0
2026-07-16 00:30:00,4058.393,4061.333,4043.574,4044.705,5646,0
2026-07-16 01:00:00,4044.711,4050.604,4033.785,4036.951,10551,0
2026-07-16 01:30:00,4036.902,4046.124,4036.381,4038.942,7347,0
2026-07-16 02:00:00,4039.243,4040.185,4028.772,4034.421,5926,0
2026-07-16 02:30:00,4034.373,4035.822,4024.072,4031.538,6792,0
2026-07-16 03:00:00,4031.508,4034.12,4027.619,4033.848,4897,0
2026-07-16 03:30:00,4033.761,4036.969,4032.376,4036.093,3180,0
2026-07-16 04:00:00,4036.075,4038.019,4031.75,4033.815,3064,0
2026-07-16 04:30:00,4033.867,4035.331,4032.014,4033.26,2680,0
2026-07-16 05:00:00,4033.26,4034.098,4026.751,4027.86,4065,0
2026-07-16 05:30:00,4027.556,4032.999,4025.142,4027.424,8426,0
2026-07-16 06:00:00,4027.368,4036.678,4026.884,4030.474,6665,0
2026-07-16 06:30:00,4030.414,4031.597,4022.753,4030.665,5992,0
2026-07-16 07:00:00,4030.715,4030.867,4023.858,4024.588,4878,0
2026-07-16 07:30:00,4024.539,4031.718,4022.807,4030.518,4948,0
2026-07-16 08:00:00,4030.396,4034.283,4025.149,4032.243,5001,0
2026-07-16 08:30:00,4032.292,4036.705,4031.894,4035.374,4001,0
2026-07-16 09:00:00,4035.241,4037.931,4030.902,4033.106,3608,0
2026-07-16 09:30:00,4033.03,4036.389,4030.565,4031.72,3962,0
2026-07-16 10:00:00,4031.654,4034.81,4029.61,4033.199,3295,0
2026-07-16 10:30:00,4033.15,4034.594,4028.695,4029.571,3539,0
2026-07-16 11:00:00,4029.62,4030.265,4021.084,4024.563,4300,0
2026-07-16 11:30:00,4024.564,4042.447,4023.541,4038.504,9192,0
2026-07-16 12:00:00,4038.559,4043.354,4012.76,4025.263,10430,0
2026-07-16 12:30:00,4025.501,4029.762,3990.324,3992.38,16584,0
2026-07-16 13:00:00,3992.18,4006.28,3973.592,4005.369,18586,0
2026-07-16 13:30:00,4005.418,4008.529,3981.618,3990.097,18336,0
2026-07-16 14:00:00,3989.96,4000.609,3986.959,3999.229,13240,0
2026-07-16 14:30:00,3999.26,4006.691,3992.285,3997.732,10724,0
2026-07-16 15:00:00,3997.783,4017.112,3989.198,4011.232,10472,0
2026-07-16 15:30:00,4011.435,4016.232,4005.58,4007.048,8758,0
2026-07-16 16:00:00,4006.886,4007.811,3982.216,3987.459,10730,0
2026-07-16 16:30:00,3987.591,3997.064,3986.731,3992.114,6901,0
2026-07-16 17:00:00,3992.08,3992.982,3982.639,3987.771,6643,0
2026-07-16 17:30:00,3987.822,3988.752,3979.765,3984.609,6011,0
2026-07-16 18:00:00,3984.658,3990.484,3983.448,3986.51,5307,0
2026-07-16 18:30:00,3986.185,3986.389,3976.407,3980.459,5537,0
2026-07-16 19:00:00,3980.539,3986.129,3978.45,3978.754,4374,0
2026-07-16 19:30:00,3978.83,3982.45,3969.226,3979.863,6591,0
2026-07-16 20:00:00,3979.814,3980.277,3971.746,3975.025,2818,0
2026-07-16 20:30:00,3975.078,3976.691,3973.366,3976.341,2287,0
2026-07-16 22:00:00,3978.609,3980.517,3974.585,3976.628,2168,0
2026-07-16 22:30:00,3976.496,3978.351,3973.088,3978.224,1910,0
2026-07-16 23:00:00,3978.177,3980.75,3975.462,3978.508,2239,0
2026-07-16 23:30:00,3978.439,3986.446,3975.52,3985.782,2917,0
2026-07-17 00:00:00,3985.83,3990.964,3983.136,3984.885,7760,0
2026-07-17 00:30:00,3984.832,3992.017,3980.469,3991.862,6088,0
2026-07-17 01:00:00,3991.911,3996.197,3987.143,3990.977,11224,0
2026-07-17 01:30:00,3990.969,3995.299,3979.079,3983.03,8667,0
2026-07-17 02:00:00,3983.081,3987.227,3979.611,3982.854,6063,0
2026-07-17 02:30:00,3982.796,3984.079,3970.41,3979.085,8551,0
2026-07-17 03:00:00,3979.237,4008.965,3978.561,4000.897,10026,0
2026-07-17 03:30:00,4001.199,4001.625,3990.481,3991.293,4949,0
2026-07-17 04:00:00,3991.38,3991.777,3985.177,3986.39,4883,0
2026-07-17 04:30:00,3986.28,3988.251,3980.012,3981.648,4423,0
2026-07-17 05:00:00,3981.6,3982.905,3975.03,3979.597,5660,0
2026-07-17 05:30:00,3979.535,3991.523,3978.284,3985.188,10545,0
2026-07-17 06:00:00,3985.064,4006.136,3985.015,4003.585,9354,0
2026-07-17 06:30:00,4003.885,4007.239,3995.555,3999.223,7073,0
2026-07-17 07:00:00,3999.512,4002.593,3993.109,3996.252,6639,0
2026-07-17 07:30:00,3996.271,3998.605,3992.643,3992.803,5272,0
2026-07-17 08:00:00,3992.755,3999.998,3987.984,3992.49,7709,0
2026-07-17 08:30:00,3992.574,3999.558,3987.67,3994.452,5475,0
2026-07-17 09:00:00,3994.311,4002.621,3992.765,3999.145,6401,0
2026-07-17 09:30:00,3999.259,3999.805,3994.714,3997.927,4530,0
2026-07-17 10:00:00,3997.873,3999.144,3994.197,3996.173,4566,0
2026-07-17 10:30:00,3996.118,3997.56,3990.294,3990.857,3791,0
2026-07-17 11:00:00,3990.86,3996.212,3989.818,3995.541,4404,0
2026-07-17 11:30:00,3995.589,3998.931,3991.38,3993.976,4877,0
2026-07-17 12:00:00,3994.086,3995.665,3984.17,3987.26,5884,0
2026-07-17 12:30:00,3987.457,3988.357,3963.871,3966.336,10466,0
2026-07-17 13:00:00,3966.286,3975.777,3959.36,3968.414,14116,0
2026-07-17 13:30:00,3968.463,4003.824,3963.543,3996.855,23522,0
2026-07-17 14:00:00,3997.167,4004.589,3990.313,3998.601,16016,0
2026-07-17 14:30:00,3998.658,4001.487,3992.062,4001.046,11017,0
2026-07-17 15:00:00,4000.934,4014.079,3997.591,4013.524,13392,0
2026-07-17 15:30:00,4013.475,4021.243,4009.308,4018.925,9933,0
2026-07-17 16:00:00,4018.98,4023.877,4010.9,4018.706,9860,0
2026-07-17 16:30:00,4018.754,4020.645,4012.617,4015.068,5673,0
2026-07-17 17:00:00,4015.123,4019.281,4012.279,4013.957,5051,0
2026-07-17 17:30:00,4014.011,4014.76,4008.254,4009.908,4306,0
2026-07-17 18:00:00,4010.139,4016.13,4007.743,4015.247,4263,0
2026-07-17 18:30:00,4015.178,4016.142,4006.454,4011.121,3739,0
2026-07-17 19:00:00,4011.321,4011.605,4002.346,4005.183,3767,0
2026-07-17 19:30:00,4005.238,4016.573,4004.767,4015.241,4290,0
2026-07-17 20:00:00,4015.367,4015.708,4008.765,4011.056,2526,0
2026-07-17 20:30:00,4010.773,4018.808,4008.542,4017.685,2807,0
2026-07-19 22:00:00,4000.132,4002.918,3994.739,3995.111,4137,0
2026-07-19 22:30:00,3995.054,3999.183,3993.335,3995.009,3086,0
2026-07-19 23:00:00,3994.966,3995.615,3990.425,3993.019,2879,0
2026-07-19 23:30:00,3993.155,3996.151,3989.154,3995.625,3977,0
2026-07-20 00:00:00,3995.494,4005.813,3982.626,4003.669,10419,0
2026-07-20 00:30:00,4003.619,4010.307,3998.433,4008.413,8062,0
2026-07-20 01:00:00,4008.525,4021.09,3999.625,4002.974,15717,0
2026-07-20 01:30:00,4003.022,4005.772,3995.68,4001.954,8747,0
2026-07-20 02:00:00,4002.258,4010.047,4001.132,4006.668,7184,0
2026-07-20 02:30:00,4006.869,4028.865,4005.848,4021.903,9383,0
2026-07-20 03:00:00,4021.855,4026.881,4018.441,4022.081,6944,0
2026-07-20 03:30:00,4022.383,4027.871,4018.789,4024.205,4364,0
2026-07-20 04:00:00,4024.155,4026.659,4021.246,4025.077,3398,0
2026-07-20 04:30:00,4025.212,4025.399,4018.351,4018.993,3644,0
2026-07-20 05:00:00,4018.808,4020.965,4009.842,4011.043,4179,0
2026-07-20 05:30:00,4010.844,4014.591,4005.212,4008.848,7365,0
2026-07-20 06:00:00,4008.786,4011.867,4003.783,4004.911,6058,0
2026-07-20 06:30:00,4004.96,4007.699,4002.873,4004.013,5068,0
2026-07-20 07:00:00,4003.663,4008.791,4001.958,4006.548,5552,0
2026-07-20 07:30:00,4006.491,4021.715,4006.491,4017.415,7172,0
2026-07-20 08:00:00,4017.152,4030.84,4017.045,4022.006,5941,0
2026-07-20 08:30:00,4021.957,4025.035,4017.564,4019.069,4641,0
2026-07-20 09:00:00,4019.021,4022.082,4015.176,4016.536,3990,0
2026-07-20 09:30:00,4016.27,4023.411,4014.748,4021.066,4076,0
2026-07-20 10:00:00,4021.119,4023.343,4018.002,4021.918,3541,0
2026-07-20 10:30:00,4021.864,4025.791,4020.765,4024.018,3697,0
2026-07-20 11:00:00,4024.073,4027.429,4019.858,4022.104,4393,0
2026-07-20 11:30:00,4021.987,4040.765,4021.382,4025.3,14384,0
2026-07-20 12:00:00,4025.235,4025.307,4006.698,4012.775,11578,0
2026-07-20 12:30:00,4012.894,4015.718,4006.433,4008.195,6907,0
2026-07-20 13:00:00,4008.147,4013.716,4006.974,4008.738,7982,0
2026-07-20 13:30:00,4008.791,4017.312,4005.626,4005.915,11069,0
2026-07-20 14:00:00,4005.863,4007.974,3998.109,4006.584,10089,0
2026-07-20 14:30:00,4006.638,4013.658,4004.969,4005.964,7488,0
2026-07-20 15:00:00,4006.294,4019.681,4004.377,4016.32,8120,0
2026-07-20 15:30:00,4016.369,4016.711,4010.188,4011.869,5221,0
2026-07-20 16:00:00,4011.819,4018.486,4010.727,4012.411,4283,0
2026-07-20 16:30:00,4012.462,4012.844,4001.111,4009.643,6571,0
2026-07-20 17:00:00,4009.879,4013.108,4008.765,4011.945,4120,0
2026-07-20 17:30:00,4012.249,4013.076,4003.609,4005.259,3858,0
2026-07-20 18:00:00,4005.252,4011.796,4003.144,4006.717,4165,0
2026-07-20 18:30:00,4006.515,4008.838,4004.183,4007.167,3819,0
2026-07-20 19:00:00,4007.119,4012.929,4004.179,4012.929,3664,0
2026-07-20 19:30:00,4013.028,4018.143,4005.197,4006.958,5790,0
2026-07-20 20:00:00,4007.027,4009.536,4005.617,4008.274,2449,0
2026-07-20 20:30:00,4008.384,4009.503,4007.157,4008.645,1694,0
2026-07-20 22:00:00,4009.617,4010.753,4005.186,4009.851,2132,0
2026-07-20 22:30:00,4009.879,4009.888,3999.837,4000.543,3344,0
2026-07-20 23:00:00,4000.652,4009.948,4000.319,4003.694,3641,0
2026-07-20 23:30:00,4003.637,4010.651,4003.277,4009.702,3130,0
2026-07-21 00:00:00,4009.812,4018.618,4003.815,4015.032,10031,0
2026-07-21 00:30:00,4014.966,4027.253,4014.059,4024.957,6206,0
2026-07-21 01:00:00,4025.008,4035.93,4018.486,4028.206,11024,0
2026-07-21 01:30:00,4028.067,4030.942,4021.247,4023.039,7220,0
2026-07-21 02:00:00,4023.127,4030.138,4022.041,4028.63,4997,0
2026-07-21 02:30:00,4028.928,4045.473,4027.871,4037.874,8545,0
2026-07-21 03:00:00,4037.761,4051.732,4036.688,4047.259,6420,0
2026-07-21 03:30:00,4047.236,4049.693,4041.874,4046.793,3928,0
2026-07-21 04:00:00,4046.906,4052.05,4043.611,4044.572,3978,0
2026-07-21 04:30:00,4044.57,4049.97,4044.375,4049.479,2765,0
2026-07-21 05:00:00,4049.482,4056.705,4046.337,4054.559,4209,0
2026-07-21 05:30:00,4054.636,4068.018,4054.582,4061.475,7039,0
2026-07-21 06:00:00,4061.39,4074.477,4061.39,4072.61,5875,0
2026-07-21 06:30:00,4072.413,4084.27,4071.715,4078.463,6101,0
2026-07-21 07:00:00,4078.398,4080.343,4068.359,4069.653,4612,0
2026-07-21 07:30:00,4069.643,4075.483,4067.655,4071.362,4161,0
2026-07-21 08:00:00,4071.292,4072.5,4062.878,4063.473,4758,0
2026-07-21 08:30:00,4063.424,4065.035,4059.073,4062.917,3790,0
2026-07-21 09:00:00,4062.715,4068.494,4062.467,4062.891,3833,0
2026-07-21 09:30:00,4063.015,4069.879,4060.871,4066.024,4086,0
2026-07-21 10:00:00,4065.974,4069.308,4060.886,4066.865,5298,0
2026-07-21 10:30:00,4066.927,4070.152,4062.419,4063.074,3803,0
2026-07-21 11:00:00,4063.144,4063.752,4055.387,4058.133,4319,0
2026-07-21 11:30:00,4058.185,4061.159,4054.285,4056.103,3504,0
2026-07-21 12:00:00,4056.073,4065.803,4055.597,4061.695,5453,0
2026-07-21 12:30:00,4061.755,4063.788,4051.123,4053.918,7637,0
2026-07-21 13:00:00,4053.864,4061.859,4050.272,4051.12,8681,0
2026-07-21 13:30:00,4051.173,4057.53,4044.425,4052.976,11914,0
2026-07-21 14:00:00,4053.316,4069.523,4051.486,4069.523,9604,0
2026-07-21 14:30:00,4069.463,4073.967,4062.172,4068.458,7997,0
2026-07-21 15:00:00,4068.407,4079.298,4065.296,4076.679,6848,0
2026-07-21 15:30:00,4076.625,4083.588,4072.043,4074.259,5724,0
2026-07-21 16:00:00,4074.187,4079.241,4073.645,4075.717,3596,0
2026-07-21 16:30:00,4075.416,4076.393,4069.969,4071.723,3563,0
2026-07-21 17:00:00,4071.775,4072.855,4068.951,4072.241,3636,0
2026-07-21 17:30:00,4072.077,4072.317,4066.659,4068.52,2584,0
2026-07-21 18:00:00,4068.829,4087.436,4067.497,4083.904,4010,0
2026-07-21 18:30:00,4083.709,4085.568,4079.329,4082.418,3295,0
2026-07-21 19:00:00,4082.466,4085.636,4080.071,4084.123,3295,0
2026-07-21 19:30:00,4083.936,4085.527,4081.786,4084.516,3115,0
2026-07-21 20:00:00,4084.467,4086.427,4081.422,4082.706,1920,0
2026-07-21 20:30:00,4082.705,4085.259,4076.69,4077.934,2111,0
2026-07-21 22:00:00,4078.962,4083.078,4076.99,4082.646,2200,0
2026-07-21 22:30:00,4082.865,4085.17,4078.314,4080.512,2411,0
2026-07-21 23:00:00,4080.553,4082.576,4079.385,4081.263,1722,0
2026-07-21 23:30:00,4081.263,4082.871,4079.23,4080.668,1969,0
2026-07-22 00:00:00,4080.459,4098.779,4076.583,4098.075,8063,0
2026-07-22 00:30:00,4098.227,4102.72,4089.433,4097.434,7495,0
2026-07-22 01:00:00,4097.587,4121.833,4096.64,4115.373,13159,0
2026-07-22 01:30:00,4115.314,4123.881,4113.037,4121.988,7997,0
2026-07-22 02:00:00,4122.177,4126.099,4118.98,4124.156,5369,0
2026-07-22 02:30:00,4124.268,4131.001,4122.332,4130.33,6710,0
2026-07-22 03:00:00,4130.278,4141.681,4129.081,4138.016,5803,0
2026-07-22 03:30:00,4138.136,4138.222,4130.042,4130.926,3619,0
2026-07-22 04:00:00,4130.873,4131.362,4126.239,4128.659,3546,0
2026-07-22 04:30:00,4128.653,4129.113,4124.793,4126.874,3139,0
2026-07-22 05:00:00,4126.925,4129.986,4123.083,4123.553,3879,0
2026-07-22 05:30:00,4123.734,4134.139,4122.821,4130.84,6459,0
2026-07-22 06:00:00,4130.963,4135.218,4113.942,4117.538,6083,0
2026-07-22 06:30:00,4117.593,4120.775,4113.325,4116.393,6136,0
2026-07-22 07:00:00,4116.49,4122.415,4111.749,4119.58,5161,0
2026-07-22 07:30:00,4119.466,4123.019,4109.086,4110.776,5703,0
2026-07-22 08:00:00,4110.474,4117.852,4110.474,4117.301,5037,0
2026-07-22 08:30:00,4117.357,4120.023,4113.267,4118.214,4418,0
2026-07-22 09:00:00,4118.271,4122.409,4117.714,4118.547,4246,0
2026-07-22 09:30:00,4118.421,4121.737,4113.215,4115.158,4372,0
2026-07-22 10:00:00,4115.211,4121.776,4114.797,4119.409,4097,0
2026-07-22 10:30:00,4119.412,4120.148,4115.958,4117.411,3184,0
2026-07-22 11:00:00,4117.471,4123.031,4115.251,4118.706,3556,0
2026-07-22 11:30:00,4118.484,4122.956,4112.487,4122.52,5377,0
2026-07-22 12:00:00,4122.452,4133.282,4121.664,4132.457,5969,0
2026-07-22 12:30:00,4132.408,4134.523,4106.217,4112.909,8172,0
2026-07-22 13:00:00,4113.03,4135.15,4112.593,4131.893,7470,0
2026-07-22 13:30:00,4131.702,4155.99,4131.702,4154.47,13900,0
2026-07-22 14:00:00,4154.526,4163.624,4144.512,4146.09,11752,0
2026-07-22 14:30:00,4146.458,4152.95,4143.969,4148.558,7493,0
2026-07-22 15:00:00,4148.559,4161.289,4148.559,4157.264,5556,0
2026-07-22 15:30:00,4157.251,4166.064,4155.572,4159.132,5386,0
2026-07-22 16:00:00,4159.181,4159.56,4147.778,4149.342,4692,0
2026-07-22 16:30:00,4149.136,4151.29,4144.272,4146.934,4754,0
2026-07-22 17:00:00,4146.938,4148.004,4142.604,4145.912,4570,0
2026-07-22 17:30:00,4145.819,4147.557,4138.267,4142.516,3777,0
2026-07-22 18:00:00,4142.402,4142.779,4134.823,4135.362,4427,0
2026-07-22 18:30:00,4135.412,4138.976,4131.808,4136.221,3931,0
2026-07-22 19:00:00,4136.138,4137.314,4131.554,4134.425,3047,0
2026-07-22 19:30:00,4134.486,4136.227,4128.877,4131.685,3731,0
2026-07-22 20:00:00,4131.577,4137.727,4130.275,4136.679,4063,0
2026-07-22 20:30:00,4136.629,4137.489,4128.224,4130.104,3291,0
2026-07-22 22:00:00,4117.8,4128.683,4116.298,4128.61,3961,0
2026-07-22 22:30:00,4128.538,4129.89,4119.87,4121.796,4492,0
2026-07-22 23:00:00,4121.854,4124.689,4116.562,4120.039,4280,0
2026-07-22 23:30:00,4120.136,4134.227,4119.031,4133.267,3443,0
2026-07-23 00:00:00,4133.319,4134.761,4126.106,4129.33,6050,0
2026-07-23 00:30:00,4129.278,4133.39,4125.024,4132.279,4555,0
2026-07-23 01:00:00,4132.218,4141.157,4129.679,4137.25,10481,0
2026-07-23 01:30:00,4137.631,4139.291,4114.232,4117.927,10572,0
2026-07-23 02:00:00,4117.871,4119.006,4112.096,4116.506,7014,0
2026-07-23 02:30:00,4116.453,4128.872,4113.792,4127.98,6733,0
2026-07-23 03:00:00,4127.928,4133.293,4123.915,4130.373,5216,0
2026-07-23 03:30:00,4130.335,4131.221,4123.943,4124.798,3740,0
2026-07-23 04:00:00,4124.682,4129.934,4122.448,4129.934,3688,0
2026-07-23 04:30:00,4129.879,4130.45,4119.973,4121.351,3517,0
2026-07-23 05:00:00,4121.326,4125.671,4119.377,4125.621,3861,0
2026-07-23 05:30:00,4125.425,4130.669,4120.536,4123.83,6237,0
2026-07-23 06:00:00,4123.891,4128.232,4121.132,4122.14,5646,0
2026-07-23 06:30:00,4121.944,4123.781,4116.828,4118.611,5149,0
2026-07-23 07:00:00,4118.591,4119.442,4101.895,4108.603,7950,0
2026-07-23 07:30:00,4108.599,4108.978,4089.938,4095.526,8145,0
2026-07-23 08:00:00,4095.225,4097.842,4088.363,4092.07,6634,0
2026-07-23 08:30:00,4092.012,4094.929,4086.968,4093.292,5290,0
2026-07-23 09:00:00,4093.183,4099.246,4089.334,4091.221,5285,0
2026-07-23 09:30:00,4091.4,4094.261,4088.432,4089.777,4864,0
2026-07-23 10:00:00,4089.976,4092.537,4085.977,4089.754,5117,0
2026-07-23 10:30:00,4089.837,4095.369,4086.464,4093.318,4741,0
2026-07-23 11:00:00,4093.16,4093.954,4080.782,4084.231,6414,0
2026-07-23 11:30:00,4084.093,4089.411,4072.764,4085.749,8035,0
2026-07-23 12:00:00,4085.602,4086.139,4070.183,4075.374,7875,0
2026-07-23 12:30:00,4075.172,4075.172,4060.818,4061.574,11285,0
2026-07-23 13:00:00,4061.765,4063.688,4040.363,4058.584,17443,0
2026-07-23 13:30:00,4058.53,4067.563,4042.514,4043.309,15943,0
2026-07-23 14:00:00,4043.503,4056.995,4039.957,4056.319,14314,0
2026-07-23 14:30:00,4056.254,4061.787,4051.705,4057.99,10246,0
2026-07-23 15:00:00,4057.939,4059.432,4045.404,4047.109,10265,0
2026-07-23 15:30:00,4046.952,4053.32,4042.188,4048.786,9048,0
2026-07-23 16:00:00,4048.65,4051.262,4045.76,4050.129,4872,0
2026-07-23 16:30:00,4050.181,4051.842,4046.887,4051.304,3974,0
2026-07-23 17:00:00,4051.357,4054.635,4046.034,4047.399,5852,0
2026-07-23 17:30:00,4047.29,4049.065,4041.619,4041.855,5016,0
2026-07-23 18:00:00,4041.983,4045.236,4040.54,4044.702,4851,0
2026-07-23 18:30:00,4044.592,4048.389,4044.415,4045.941,3541,0
2026-07-23 19:00:00,4046.217,4049.196,4042.876,4048.072,3180,0
2026-07-23 19:30:00,4048.124,4051.0,4044.725,4049.891,3768,0
2026-07-23 20:00:00,4049.956,4051.329,4047.445,4050.124,2339,0
2026-07-23 20:30:00,4050.435,4050.574,4047.359,4049.216,1806,0
2026-07-23 22:00:00,4050.636,4050.636,4048.557,4049.882,1352,0
2026-07-23 22:30:00,4049.852,4050.599,4048.464,4049.439,1428,0
2026-07-23 23:00:00,4049.439,4049.921,4046.983,4049.38,1685,0
2026-07-23 23:30:00,4049.203,4050.803,4046.449,4046.905,2532,0
2026-07-24 00:00:00,4046.993,4050.145,4041.129,4046.58,5679,0
2026-07-24 00:30:00,4046.882,4050.828,4044.831,4050.024,4042,0
2026-07-24 01:00:00,4050.074,4050.253,4039.912,4042.881,7338,0
2026-07-24 01:30:00,4042.827,4050.442,4041.473,4043.504,5068,0
2026-07-24 02:00:00,4043.631,4048.49,4040.921,4046.647,4296,0
2026-07-24 02:30:00,4046.735,4048.039,4023.01,4024.381,8798,0
2026-07-24 03:00:00,4024.495,4033.572,4022.985,4030.208,5353,0
2026-07-24 03:30:00,4030.257,4033.224,4028.22,4029.371,3500,0
2026-07-24 04:00:00,4029.311,4030.459,4026.916,4029.774,3226,0
2026-07-24 04:30:00,4029.723,4030.538,4025.606,4027.133,2829,0
2026-07-24 05:00:00,4026.932,4032.151,4022.269,4026.098,4277,0
2026-07-24 05:30:00,4026.015,4031.59,4021.844,4022.978,6028,0
2026-07-24 06:00:00,4022.95,4039.059,4022.812,4036.336,5494,0
2026-07-24 06:30:00,4036.288,4038.746,4031.769,4035.802,4920,0
2026-07-24 07:00:00,4035.503,4050.921,4035.02,4048.61,6011,0
2026-07-24 07:30:00,4048.844,4053.816,4045.679,4048.572,4168,0
2026-07-24 08:00:00,4048.339,4052.59,4045.103,4052.59,4182,0
2026-07-24 08:30:00,4052.384,4058.909,4048.905,4057.377,3844,0
2026-07-24 09:00:00,4057.429,4060.891,4052.56,4053.094,3960,0
2026-07-24 09:30:00,4053.042,4059.993,4051.583,4059.676,3250,0
2026-07-24 10:00:00,4059.728,4063.705,4057.44,4061.811,3390,0
2026-07-24 10:30:00,4062.008,4063.926,4057.034,4059.922,2893,0
2026-07-24 11:00:00,4060.222,4063.498,4058.519,4059.296,2795,0
2026-07-24 11:30:00,4059.006,4061.755,4051.455,4057.666,4467,0
2026-07-24 12:00:00,4057.637,4060.238,4052.263,4059.5,4954,0
2026-07-24 12:30:00,4059.705,4059.705,4051.708,4056.123,4809,0
2026-07-24 13:00:00,4055.919,4058.48,4044.563,4046.421,7039,0
2026-07-24 13:30:00,4046.478,4068.547,4044.518,4067.598,10538,0
2026-07-24 14:00:00,4067.216,4070.034,4055.82,4065.826,10045,0
2026-07-24 14:30:00,4065.944,4068.049,4058.569,4063.433,7495,0
2026-07-24 15:00:00,4063.487,4082.12,4061.755,4074.912,12620,0
2026-07-24 15:30:00,4074.978,4079.626,4070.795,4077.411,7247,0
2026-07-24 16:00:00,4077.437,4078.226,4073.415,4073.768,4122,0
2026-07-24 16:30:00,4073.82,4074.134,4064.03,4066.873,4533,0
2026-07-24 17:00:00,4066.922,4069.94,4062.948,4068.294,4562,0
2026-07-24 17:30:00,4068.181,4069.923,4063.041,4063.428,3341,0
2026-07-24 18:00:00,4063.479,4064.523,4054.837,4055.138,3701,0
2026-07-24 18:30:00,4055.442,4057.009,4051.201,4054.486,3668,0
2026-07-24 19:00:00,4054.616,4056.5,4049.034,4051.319,3746,0
2026-07-24 19:30:00,4051.564,4057.865,4051.169,4053.523,3971,0
2026-07-24 20:00:00,4053.687,4055.354,4051.969,4053.743,2128,0
2026-07-24 20:30:00,4053.55,4056.167,4051.511,4052.772,2043,0
2026-07-26 22:00:00,4091.771,4096.553,4083.748,4086.57,3131,0
2026-07-26 22:30:00,4086.513,4093.805,4085.483,4089.778,2322,0
2026-07-26 23:00:00,4089.705,4091.305,4083.583,4084.745,2233,0
2026-07-26 23:30:00,4084.823,4096.452,4084.699,4093.898,3293,0
2026-07-27 00:00:00,4094.295,4116.292,4090.645,4094.55,10455,0
2026-07-27 00:30:00,4094.539,4109.328,4093.483,4100.884,6930,0
2026-07-27 01:00:00,4100.779,4112.638,4096.91,4099.804,12202,0
2026-07-27 01:30:00,4099.926,4110.202,4097.921,4109.939,7142,0
2026-07-27 02:00:00,4109.988,4110.91,4101.907,4103.06,5374,0
2026-07-27 02:30:00,4102.999,4103.291,4093.502,4093.502,4961,0
2026-07-27 03:00:00,4093.705,4095.805,4085.212,4085.68,4876,0
2026-07-27 03:30:00,4085.609,4091.302,4085.199,4090.842,3357,0
2026-07-27 04:00:00,4090.894,4092.836,4086.946,4089.067,3220,0
2026-07-27 04:30:00,4088.934,4092.385,4088.934,4090.473,2745,0
2026-07-27 05:00:00,4090.462,4094.917,4086.036,4087.051,3600,0
2026-07-27 05:30:00,4087.045,4093.706,4084.301,4092.933,5902,0
2026-07-27 06:00:00,4092.992,4096.536,4091.221,4095.959,5761,0
2026-07-27 06:30:00,4095.843,4099.435,4094.2,4096.172,4368,0
2026-07-27 07:00:00,4096.112,4106.041,4095.68,4103.213,5627,0
2026-07-27 07:30:00,4103.205,4103.781,4088.59,4088.908,4680,0
2026-07-27 08:00:00,4088.963,4093.0,4086.963,4090.708,5314,0
2026-07-27 08:30:00,4090.84,4096.785,4087.164,4095.308,4107,0
2026-07-27 09:00:00,4095.294,4098.534,4091.03,4091.663,3823,0
2026-07-27 09:30:00,4091.549,4100.283,4090.277,4096.269,4230,0
2026-07-27 10:00:00,4096.219,4096.517,4086.293,4092.967,4478,0
2026-07-27 10:30:00,4092.97,4102.276,4092.97,4099.564,3852,0
2026-07-27 11:00:00,4099.616,4104.167,4096.886,4097.074,4331,0
2026-07-27 11:30:00,4096.788,4100.092,4093.428,4094.031,5108,0
2026-07-27 12:00:00,4094.04,4097.776,4081.675,4086.6,7279,0
2026-07-27 12:30:00,4086.798,4089.125,4081.336,4083.817,6053,0
2026-07-27 13:00:00,4083.494,4088.981,4075.77,4076.161,10393,0
2026-07-27 13:30:00,4076.066,4089.613,4070.563,4074.017,13937,0
2026-07-27 14:00:00,4074.244,4079.279,4067.126,4068.304,12346,0
2026-07-27 14:30:00,4068.255,4077.565,4065.247,4075.99,10834,0
2026-07-27 15:00:00,4076.04,4079.42,4071.675,4076.479,7553,0
2026-07-27 15:30:00,4076.621,4079.977,4072.485,4078.608,6334,0
2026-07-27 16:00:00,4078.513,4088.881,4077.706,4084.9,7401,0
2026-07-27 16:30:00,4085.007,4093.778,4080.711,4082.254,5685,0
2026-07-27 17:00:00,4082.3,4082.369,4070.495,4074.783,6148,0
2026-07-27 17:30:00,4074.734,4077.285,4072.041,4076.435,3885,0
2026-07-27 18:00:00,4076.401,4079.258,4073.919,4076.701,3782,0
2026-07-27 18:30:00,4076.648,4079.549,4072.778,4077.756,4249,0
2026-07-27 19:00:00,4078.009,4088.801,4076.133,4085.883,3615,0
2026-07-27 19:30:00,4085.933,4089.344,4082.421,4083.208,3642,0
2026-07-27 20:00:00,4083.258,4084.134,4078.173,4078.533,2126,0
2026-07-27 20:30:00,4078.845,4079.219,4075.109,4076.799,1870,0
2026-07-27 22:00:00,4079.401,4081.641,4071.057,4072.25,1896,0
2026-07-27 22:30:00,4072.363,4074.994,4072.227,4074.044,1818,0
2026-07-27 23:00:00,4074.071,4075.121,4071.664,4073.117,1957,0
2026-07-27 23:30:00,4072.865,4073.613,4069.838,4073.195,2113,0
2026-07-28 00:00:00,4073.146,4074.211,4058.868,4061.951,7265,0
2026-07-28 00:30:00,4061.956,4066.057,4057.394,4057.763,6051,0
2026-07-28 01:00:00,4057.712,4060.196,4046.249,4047.228,12135,0
2026-07-28 01:30:00,4047.422,4050.517,4042.365,4045.018,7287,0
2026-07-28 02:00:00,4045.094,4049.009,4042.351,4046.214,5121,0
2026-07-28 02:30:00,4046.152,4047.977,4040.555,4042.087,5333,0
2026-07-28 03:00:00,4042.023,4049.372,4040.245,4047.555,4172,0
2026-07-28 03:30:00,4047.429,4051.03,4047.131,4049.236,3887,0
2026-07-28 04:00:00,4049.189,4049.701,4043.329,4045.581,3503,0
2026-07-28 04:30:00,4045.609,4047.877,4041.249,4042.301,3124,0
2026-07-28 05:00:00,4042.251,4044.148,4039.72,4042.957,4372,0
2026-07-28 05:30:00,4042.903,4046.605,4034.702,4045.363,6361,0
2026-07-28 06:00:00,4045.162,4048.903,4042.83,4047.481,5257,0
2026-07-28 06:30:00,4047.63,4052.374,4046.92,4048.338,4730,0
2026-07-28 07:00:00,4048.438,4052.418,4047.32,4049.941,3967,0
2026-07-28 07:30:00,4050.244,4051.123,4046.049,4047.179,4173,0
2026-07-28 08:00:00,4047.361,4055.264,4042.921,4049.446,7770,0
2026-07-28 08:30:00,4049.495,4049.891,4041.598,4045.354,5678,0
2026-07-28 09:00:00,4045.301,4045.931,4038.859,4040.48,4012,0
2026-07-28 09:30:00,4040.492,4040.492,4019.237,4023.43,7088,0
2026-07-28 10:00:00,4023.346,4026.876,4016.836,4017.493,6518,0
2026-07-28 10:30:00,4017.604,4028.428,4017.007,4026.498,5479,0
2026-07-28 11:00:00,4026.439,4032.279,4023.044,4027.607,6917,0
2026-07-28 11:30:00,4027.415,4031.691,4023.901,4028.003,4910,0
2026-07-28 12:00:00,4027.906,4035.044,4022.857,4034.355,6052,0
2026-07-28 12:30:00,4034.444,4038.1,4025.318,4029.483,7126,0
2026-07-28 13:00:00,4029.454,4036.177,4028.551,4029.095,8104,0
2026-07-28 13:30:00,4028.945,4032.923,4020.094,4022.374,13069,0
2026-07-28 14:00:00,4022.372,4033.576,4011.292,4022.184,11292,0
2026-07-28 14:30:00,4022.134,4029.615,4018.743,4024.406,8752,0
2026-07-28 15:00:00,4024.206,4040.846,4022.221,4035.576,12699,0
2026-07-28 15:30:00,4035.644,4047.056,4032.082,4045.973,7607,0
2026-07-28 16:00:00,4046.281,4046.551,4041.918,4041.969,4650,0
2026-07-28 16:30:00,4042.278,4043.998,4036.474,4037.618,3984,0
2026-07-28 17:00:00,4037.669,4041.697,4035.09,4037.465,5089,0
2026-07-28 17:30:00,4037.519,4037.925,4025.648,4027.788,4176,0
2026-07-28 18:00:00,4027.819,4030.469,4025.729,4027.114,3823,0
2026-07-28 18:30:00,4026.939,4027.601,4021.583,4022.887,3741,0
2026-07-28 19:00:00,4022.831,4025.877,4021.779,4023.401,2963,0
2026-07-28 19:30:00,4023.484,4027.985,4022.972,4026.526,3238,0
2026-07-28 20:00:00,4026.217,4027.679,4022.542,4027.151,2365,0
2026-07-28 20:30:00,4027.266,4030.474,4026.556,4028.838,2149,0
2026-07-28 22:00:00,4027.86,4028.6,4017.414,4020.894,1877,0
2026-07-28 22:30:00,4021.096,4021.278,4013.941,4018.38,3000,0
2026-07-28 23:00:00,4018.43,4023.033,4014.905,4018.497,3319,0
2026-07-28 23:30:00,4018.502,4026.194,4017.52,4025.098,3718,0
2026-07-29 00:00:00,4024.898,4030.053,4017.589,4022.673,8477,0
2026-07-29 00:30:00,4022.339,4027.855,4020.362,4021.65,6042,0
2026-07-29 01:00:00,4021.602,4021.603,4009.998,4018.237,10795,0
2026-07-29 01:30:00,4018.119,4030.742,4015.072,4025.682,9580,0
2026-07-29 02:00:00,4025.771,4035.461,4022.931,4032.906,7024,0
2026-07-29 02:30:00,4032.972,4038.01,4029.277,4029.663,6720,0
2026-07-29 03:00:00,4029.614,4032.625,4025.316,4026.995,5195,0
2026-07-29 03:30:00,4026.938,4029.422,4022.998,4023.687,3652,0
2026-07-29 04:00:00,4023.703,4025.643,4020.471,4023.276,3740,0
2026-07-29 04:30:00,4023.471,4027.745,4023.148,4027.416,4388,0
2026-07-29 05:00:00,4027.421,4031.725,4026.469,4030.385,4247,0
2026-07-29 05:30:00,4030.441,4040.028,4029.653,4033.142,7123,0
2026-07-29 06:00:00,4033.173,4043.073,4032.888,4040.843,5005,0
2026-07-29 06:30:00,4040.794,4044.837,4039.832,4041.034,4520,0
2026-07-29 07:00:00,4040.924,4047.826,4040.924,4045.859,3944,0
2026-07-29 07:30:00,4045.939,4047.511,4042.475,4043.882,3350,0
2026-07-29 08:00:00,4043.832,4044.457,4035.573,4037.323,3779,0
2026-07-29 08:30:00,4037.268,4040.213,4035.684,4037.444,3622,0
2026-07-29 09:00:00,4037.493,4038.479,4033.41,4033.858,2844,0
2026-07-29 09:30:00,4033.911,4036.414,4031.11,4032.749,3725,0
2026-07-29 10:00:00,4032.803,4034.095,4030.138,4033.114,3884,0
2026-07-29 10:30:00,4032.813,4034.451,4025.792,4027.211,3386,0
2026-07-29 11:00:00,4027.34,4033.538,4024.785,4032.666,3547,0
2026-07-29 11:30:00,4032.716,4036.087,4029.974,4032.616,3595,0
2026-07-29 12:00:00,4032.665,4033.541,4012.469,4013.33,8696,0
2026-07-29 12:30:00,4013.279,4023.613,4009.11,4022.529,6525,0
2026-07-29 13:00:00,4022.6,4026.51,4013.54,4014.639,8376,0
2026-07-29 13:30:00,4014.588,4017.994,4002.443,4007.139,13262,0
2026-07-29 14:00:00,4007.443,4010.259,3995.886,4005.541,12177,0
2026-07-29 14:30:00,4005.236,4009.233,3998.18,4004.872,9159,0
2026-07-29 15:00:00,4004.75,4011.335,4003.084,4010.656,7256,0
2026-07-29 15:30:00,4010.551,4013.943,4006.885,4009.906,6278,0
2026-07-29 16:00:00,4009.736,4017.785,4007.434,4016.433,5466,0
2026-07-29 16:30:00,4016.319,4032.894,4014.76,4027.429,6456,0
2026-07-29 17:00:00,4027.326,4050.695,4027.174,4039.03,10020,0
2026-07-29 17:30:00,4038.98,4048.151,4036.257,4044.212,6178,0
2026-07-29 18:00:00,4043.932,4086.131,4042.96,4067.811,29186,0
2026-07-29 18:30:00,4067.737,4110.04,4052.145,4106.535,38894,0
2026-07-29 19:00:00,4106.591,4116.458,4080.978,4084.212,29927,0
2026-07-29 19:30:00,4084.163,4088.362,4044.061,4044.773,24415,0
2026-07-29 20:00:00,4044.721,4057.386,4042.54,4055.493,13882,0
2026-07-29 20:30:00,4055.442,4070.088,4053.879,4066.291,6656,0
2026-07-29 22:00:00,4068.187,4077.686,4064.935,4074.783,3622,0
2026-07-29 22:30:00,4074.837,4090.524,4072.772,4088.409,3747,0
2026-07-29 23:00:00,4088.355,4100.378,4088.295,4093.327,3775,0
2026-07-29 23:30:00,4093.338,4094.664,4084.393,4084.754,5606,0
2026-07-30 00:00:00,4084.555,4086.674,4072.809,4075.331,12763,0
2026-07-30 00:30:00,4075.445,4076.897,4064.736,4072.027,9029,0
2026-07-30 01:00:00,4072.084,4093.158,4070.169,4081.364,16095,0
2026-07-30 01:30:00,4081.254,4091.092,4080.485,4084.701,9040,0
2026-07-30 02:00:00,4084.552,4090.392,4079.856,4082.611,6872,0
2026-07-30 02:30:00,4082.501,4082.968,4063.241,4063.557,8706,0
2026-07-30 03:00:00,4063.752,4069.967,4052.59,4053.843,8037,0
2026-07-30 03:30:00,4053.749,4059.797,4050.567,4058.764,6222,0
2026-07-30 04:00:00,4059.029,4060.216,4050.744,4054.165,4708,0
2026-07-30 04:30:00,4053.905,4054.055,4044.217,4046.138,4808,0
2026-07-30 05:00:00,4046.19,4047.432,4037.453,4046.785,7066,0
2026-07-30 05:30:00,4046.815,4051.223,4028.255,4033.807,12347,0
2026-07-30 06:00:00,4033.753,4039.627,4029.196,4032.985,9477,0
2026-07-30 06:30:00,4032.923,4040.598,4031.087,4036.547,7143,0
2026-07-30 07:00:00,4036.743,4051.33,4035.402,4045.717,9105,0
2026-07-30 07:30:00,4045.742,4047.376,4036.219,4038.908,7043,0
2026-07-30 08:00:00,4038.607,4068.37,4036.592,4064.675,10142,0
2026-07-30 08:30:00,4064.597,4073.014,4059.48,4061.344,9118,0
2026-07-30 09:00:00,4061.607,4072.542,4060.187,4067.451,7295,0
2026-07-30 09:30:00,4067.754,4073.172,4060.608,4063.442,6575,0
2026-07-30 10:00:00,4063.515,4077.769,4062.891,4076.426,8827,0
2026-07-30 10:30:00,4076.477,4083.063,4075.05,4078.116,7468,0
2026-07-30 11:00:00,4078.0,4082.804,4076.456,4077.555,5893,0
2026-07-30 11:30:00,4077.355,4080.586,4075.743,4077.586,5182,0
2026-07-30 12:00:00,4077.699,4082.566,4071.58,4077.244,7022,0
2026-07-30 12:30:00,4077.105,4086.946,4067.032,4068.87,13374,0
2026-07-30 13:00:00,4068.966,4084.149,4064.878,4080.118,14845,0
2026-07-30 13:30:00,4080.051,4112.654,4074.877,4111.998,28551,0
2026-07-30 14:00:00,4112.11,4120.398,4086.962,4095.967,25115,0
2026-07-30 14:30:00,4096.017,4113.291,4094.573,4099.896,15315,0
2026-07-30 15:00:00,4099.949,4100.416,4082.938,4096.086,14563,0
2026-07-30 15:30:00,4096.033,4110.086,4092.453,4107.999,9011,0
2026-07-30 16:00:00,4107.945,4119.268,4107.581,4116.077,6404,0
2026-07-30 16:30:00,4116.21,4116.536,4106.455,4110.602,4987,0
2026-07-30 17:00:00,4110.778,4111.35,4098.591,4101.81,4808,0
2026-07-30 17:30:00,4101.61,4108.433,4099.816,4102.45,6123,0
2026-07-30 18:00:00,4102.645,4106.806,4100.606,4103.613,4114,0
2026-07-30 18:30:00,4103.422,4107.936,4098.693,4099.622,3554,0
2026-07-30 19:00:00,4099.513,4115.02,4098.705,4112.687,4515,0
2026-07-30 19:30:00,4112.67,4115.484,4109.087,4112.162,3906,0
2026-07-30 20:00:00,4112.217,4117.495,4109.97,4111.987,4239,0
2026-07-30 20:30:00,4112.056,4112.596,4098.986,4103.046,3918,0
2026-07-30 22:00:00,4105.237,4108.528,4102.494,4107.647,2283,0
2026-07-30 22:30:00,4107.573,4111.174,4107.103,4109.252,2076,0
2026-07-30 23:00:00,4109.215,4111.811,4103.932,4104.217,2242,0
2026-07-30 23:30:00,4104.195,4110.144,4102.178,4105.897,2725,0
2026-07-31 00:00:00,4105.848,4107.253,4096.007,4096.425,5565,0
2026-07-31 00:30:00,4096.368,4097.59,4090.385,4094.593,4593,0
2026-07-31 01:00:00,4094.656,4101.575,4086.393,4092.076,8678,0
2026-07-31 01:30:00,4092.134,4092.134,4082.042,4084.349,5922,0
2026-07-31 02:00:00,4084.387,4090.583,4081.48,4082.05,4360,0
2026-07-31 02:30:00,4082.026,4084.386,4073.984,4076.248,4950,0
2026-07-31 03:00:00,4076.117,4076.303,4071.821,4075.279,4422,0
2026-07-31 03:30:00,4075.379,4079.467,4074.081,4075.036,3563,0
2026-07-31 04:00:00,4075.041,4079.954,4073.24,4079.784,3212,0
2026-07-31 04:30:00,4079.784,4081.332,4074.58,4080.092,2425,0
2026-07-31 05:00:00,4080.151,4083.363,4079.416,4080.944,2808,0
2026-07-31 05:30:00,4080.997,4081.58,4073.259,4074.463,4688,0
2026-07-31 06:00:00,4074.551,4087.528,4072.613,4084.718,4983,0
2026-07-31 06:30:00,4084.858,4085.145,4076.251,4077.703,5286,0
2026-07-31 07:00:00,4077.639,4079.087,4072.0,4072.751,4519,0
2026-07-31 07:30:00,4072.76,4074.3,4067.245,4067.807,4704,0
2026-07-31 08:00:00,4067.747,4067.814,4057.676,4058.656,5821,0
2026-07-31 08:30:00,4058.604,4064.294,4054.015,4061.034,6181,0
2026-07-31 09:00:00,4060.976,4063.881,4051.43,4052.426,5871,0
2026-07-31 09:30:00,4052.475,4057.011,4050.008,4055.126,3984,0
2026-07-31 10:00:00,4055.234,4058.372,4051.874,4053.065,3447,0
2026-07-31 10:30:00,4053.002,4057.137,4052.724,4054.311,3399,0
2026-07-31 11:00:00,4054.514,4061.152,4052.134,4058.661,4800,0
2026-07-31 11:30:00,4058.862,4058.862,4050.454,4053.731,4290,0
2026-07-31 12:00:00,4053.67,4059.501,4046.847,4047.177,5383,0
2026-07-31 12:30:00,4047.533,4051.728,4040.349,4040.92,6814,0
2026-07-31 13:00:00,4040.859,4047.071,4034.497,4042.64,11549,0
2026-07-31 13:30:00,4042.359,4043.919,4021.972,4025.546,15405,0
2026-07-31 14:00:00,4025.496,4040.082,4020.803,4038.869,12791,0
2026-07-31 14:30:00,4038.666,4050.369,4036.428,4049.051,8172,0
2026-07-31 15:00:00,4049.1,4052.804,4040.086,4041.286,9221,0
2026-07-31 15:30:00,4041.217,4046.859,4036.613,4045.566,7336,0
2026-07-31 16:00:00,4045.512,4048.415,4041.374,4047.291,5727,0
2026-07-31 16:30:00,4047.342,4050.044,4041.057,4043.364,4043,0
2026-07-31 17:00:00,4043.315,4053.435,4041.385,4050.214,4464,0
2026-07-31 17:30:00,4050.521,4054.831,4047.69,4053.556,5545,0
2026-07-31 18:00:00,4053.505,4055.109,4047.075,4050.922,4513,0
2026-07-31 18:30:00,4050.802,4051.667,4047.927,4050.618,2939,0
2026-07-31 19:00:00,4050.666,4052.977,4046.77,4050.402,2916,0
2026-07-31 19:30:00,4050.321,4055.681,4048.791,4051.051,4152,0
2026-07-31 20:00:00,4050.941,4051.766,4045.014,4047.928,3897,0
2026-07-31 20:30:00,4047.938,4053.062,4043.047,4043.812,7889,0
2026-08-02 22:00:00,4073.04,4079.535,4064.061,4065.864,4340,0
2026-08-02 22:30:00,4065.87,4068.405,4063.289,4063.914,3338,0
2026-08-02 23:00:00,4063.878,4072.57,4063.069,4071.884,2933,0
2026-08-02 23:30:00,4071.908,4074.97,4067.941,4074.778,3312,0
2026-08-03 00:00:00,4074.839,4079.158,4061.098,4064.383,8648,0
2026-08-03 00:30:00,4064.439,4070.085,4055.541,4057.169,8710,0
2026-08-03 01:00:00,4057.281,4063.532,4047.364,4052.984,12255,0
2026-08-03 01:30:00,4053.032,4057.422,4047.35,4056.523,8143,0
2026-08-03 02:00:00,4056.691,4061.088,4051.892,4058.212,5858,0
2026-08-03 02:30:00,4058.141,4067.232,4052.431,4062.354,6980,0
2026-08-03 03:00:00,4062.429,4068.022,4060.756,4063.817,5505,0
2026-08-03 03:30:00,4063.795,4066.936,4059.171,4064.884,4169,0
2026-08-03 04:00:00,4064.962,4071.065,4064.246,4068.3,3451,0
2026-08-03 04:30:00,4068.069,4071.927,4064.012,4064.012,3260,0
2026-08-03 05:00:00,4063.961,4065.443,4054.026,4060.226,4352,0
2026-08-03 05:30:00,4060.187,4070.086,4055.094,4068.766,6053,0
2026-08-03 06:00:00,4068.818,4071.965,4065.328,4068.258,6766,0
2026-08-03 06:30:00,4068.531,4068.846,4060.508,4064.011,5683,0
2026-08-03 07:00:00,4064.061,4065.296,4051.873,4057.854,7637,0
2026-08-03 07:30:00,4057.91,4063.211,4056.434,4060.835,4698,0
2026-08-03 08:00:00,4061.149,4062.434,4054.277,4055.948,4838,0
2026-08-03 08:30:00,4056.14,4060.98,4054.845,4059.406,4397,0
2026-08-03 09:00:00,4059.363,4062.135,4051.929,4052.669,4375,0
2026-08-03 09:30:00,4052.723,4057.969,4046.519,4055.373,5859,0
2026-08-03 10:00:00,4055.424,4057.213,4051.81,4053.244,4319,0
2026-08-03 10:30:00,4053.546,4053.751,4045.72,4049.247,4042,0
2026-08-03 11:00:00,4049.312,4053.019,4045.26,4048.602,4863,0
2026-08-03 11:30:00,4048.545,4063.051,4047.764,4062.399,5245,0
2026-08-03 12:00:00,4062.36,4064.7,4048.621,4050.873,6400,0
2026-08-03 12:30:00,4050.807,4052.864,4042.041,4047.494,6377,0
2026-08-03 13:00:00,4047.549,4053.595,4031.291,4034.067,11415,0
2026-08-03 13:30:00,4034.018,4035.58,4018.977,4032.326,13523,0
2026-08-03 14:00:00,4032.385,4036.289,4026.542,4032.605,9186,0
2026-08-03 14:30:00,4032.556,4039.336,4031.735,4036.401,6247,0
2026-08-03 15:00:00,4036.307,4038.511,4030.143,4032.576,6654,0
2026-08-03 15:30:00,4032.689,4041.065,4030.908,4035.852,5075,0
2026-08-03 16:00:00,4036.161,4038.636,4034.511,4037.069,3512,0
2026-08-03 16:30:00,4037.02,4039.411,4035.666,4037.045,3272,0
2026-08-03 17:00:00,4036.992,4037.877,4033.181,4034.158,3406,0
2026-08-03 17:30:00,4034.39,4037.0,4030.235,4030.624,2774,0
2026-08-03 18:00:00,4030.619,4038.903,4029.475,4037.821,3481,0
2026-08-03 18:30:00,4037.77,4045.07,4036.493,4043.333,2993,0
2026-08-03 19:00:00,4043.382,4054.367,4043.382,4052.85,3730,0
2026-08-03 19:30:00,4053.112,4055.885,4051.487,4052.12,3525,0
2026-08-03 20:00:00,4052.182,4056.105,4050.125,4054.158,2087,0
2026-08-03 20:30:00,4054.3,4058.237,4053.652,4055.037,1993,0
2026-08-03 22:00:00,4052.997,4054.598,4049.18,4052.025,1754,0
2026-08-03 22:30:00,4051.911,4053.619,4051.219,4052.714,1712,0
2026-08-03 23:00:00,4052.68,4055.153,4050.04,4051.599,2316,0
2026-08-03 23:30:00,4051.855,4053.983,4050.973,4053.762,2006,0
2026-08-04 00:00:00,4053.703,4069.405,4052.98,4059.124,5950,0
2026-08-04 00:30:00,4059.197,4060.859,4048.503,4049.279,4575,0
2026-08-04 01:00:00,4049.169,4052.366,4042.403,4049.074,8033,0
2026-08-04 01:30:00,4049.082,4061.918,4048.286,4058.685,6811,0
2026-08-04 02:00:00,4058.819,4061.225,4055.556,4056.811,4725,0
2026-08-04 02:30:00,4056.915,4065.142,4055.542,4058.941,4802,0
2026-08-04 03:00:00,4058.638,4061.886,4056.489,4057.964,3809,0
2026-08-04 03:30:00,4058.015,4058.75,4051.941,4052.572,3332,0
2026-08-04 04:00:00,4052.599,4061.756,4051.03,4061.284,3087,0
2026-08-04 04:30:00,4061.31,4066.369,4060.407,4063.659,2990,0
2026-08-04 05:00:00,4063.709,4064.675,4057.149,4063.139,3254,0
2026-08-04 05:30:00,4063.335,4067.652,4058.521,4062.008,5033,0
2026-08-04 06:00:00,4061.948,4066.313,4059.48,4059.946,4545,0
2026-08-04 06:30:00,4059.968,4063.861,4055.609,4063.163,3870,0
2026-08-04 07:00:00,4063.223,4065.725,4060.746,4063.104,4305,0
2026-08-04 07:30:00,4063.053,4066.868,4061.305,4065.33,3579,0
2026-08-04 08:00:00,4065.377,4072.959,4060.378,4063.244,4976,0
2026-08-04 08:30:00,4063.191,4064.567,4054.297,4055.172,4715,0
2026-08-04 09:00:00,4055.063,4055.539,4048.532,4050.474,4223,0
2026-08-04 09:30:00,4050.26,4051.496,4046.113,4049.577,3527,0
2026-08-04 10:00:00,4049.616,4050.029,4045.486,4048.928,2837,0
2026-08-04 10:30:00,4049.246,4060.689,4046.575,4053.912,7715,0
2026-08-04 11:00:00,4053.963,4061.046,4052.34,4060.694,4930,0
2026-08-04 11:30:00,4060.745,4084.329,4059.678,4074.925,12175,0
2026-08-04 12:00:00,4074.978,4075.954,4060.89,4067.987,8701,0
2026-08-04 12:30:00,4068.278,4084.49,4068.278,4070.716,8441,0
2026-08-04 13:00:00,4071.038,4091.312,4060.938,4078.588,13876,0
2026-08-04 13:30:00,4078.535,4093.765,4075.908,4084.043,14820,0
2026-08-04 14:00:00,4084.254,4091.906,4080.584,4083.904,9273,0
2026-08-04 14:30:00,4083.977,4086.672,4074.258,4083.453,10011,0
2026-08-04 15:00:00,4083.692,4085.626,4074.697,4078.514,6924,0
2026-08-04 15:30:00,4078.21,4088.885,4076.575,4087.423,7573,0
2026-08-04 16:00:00,4087.311,4089.908,4083.039,4087.565,4821,0
2026-08-04 16:30:00,4087.43,4093.66,4084.868,4093.114,4013,0
2026-08-04 17:00:00,4093.129,4106.425,4092.286,4094.839,6708,0
2026-08-04 17:30:00,4094.789,4096.52,4086.128,4086.146,4210,0
2026-08-04 18:00:00,4086.091,4089.045,4084.3,4084.606,4337,0
2026-08-04 18:30:00,4084.714,4085.758,4075.057,4079.734,4155,0
2026-08-04 19:00:00,4079.678,4084.759,4078.635,4080.148,3687,0
2026-08-04 19:30:00,4080.068,4082.593,4076.435,4078.473,3189,0
2026-08-04 20:00:00,4078.568,4080.45,4074.514,4075.487,2990,0
2026-08-04 20:30:00,4075.445,4078.518,4075.307,4077.825,2145,0
2026-08-04 22:00:00,4078.012,4079.967,4075.754,4079.648,1895,0
2026-08-04 22:30:00,4079.873,4085.734,4075.673,4075.801,2731,0
2026-08-04 23:00:00,4075.947,4077.151,4065.364,4067.292,3750,0
2026-08-04 23:30:00,4067.292,4073.673,4065.785,4072.308,2346,0
2026-08-05 00:00:00,4072.356,4078.891,4070.191,4078.548,4204,0
2026-08-05 00:30:00,4078.507,4083.582,4077.72,4082.37,3645,0
2026-08-05 01:00:00,4082.43,4088.725,4077.445,4084.542,8150,0
2026-08-05 01:30:00,4084.473,4102.659,4080.055,4101.218,6107,0
2026-08-05 02:00:00,4101.168,4108.704,4095.374,4103.67,6600,0
2026-08-05 02:30:00,4103.655,4135.569,4101.399,4129.3,13551,0
2026-08-05 03:00:00,4129.25,4136.545,4126.769,4130.576,6446,0
2026-08-05 03:30:00,4130.524,4130.825,4127.354,4128.383,3583,0
2026-08-05 04:00:00,4128.39,4141.506,4128.287,4138.506,4768,0
2026-08-05 04:30:00,4138.428,4138.882,4132.171,4135.603,3309,0
2026-08-05 05:00:00,4135.665,4142.261,4134.599,4139.35,4112,0
2026-08-05 05:30:00,4139.475,4173.103,4139.475,4161.605,16673,0
2026-08-05 06:00:00,4161.535,4174.449,4159.899,4168.604,8941,0
2026-08-05 06:30:00,4168.553,4178.469,4166.921,4177.619,6410,0
2026-08-05 07:00:00,4177.421,4179.626,4162.921,4164.353,7030,0
2026-08-05 07:30:00,4164.465,4171.992,4162.121,4170.626,5255,0
2026-08-05 08:00:00,4170.574,4172.759,4162.002,4164.547,5231,0
2026-08-05 08:30:00,4164.61,4167.188,4158.862,4160.35,6856,0
2026-08-05 09:00:00,4160.407,4167.246,4155.072,4157.739,6132,0
2026-08-05 09:30:00,4157.686,4159.241,4152.999,4157.96,5832,0
2026-08-05 10:00:00,4157.909,4158.582,4149.997,4156.622,4330,0
2026-08-05 10:30:00,4156.68,4161.611,4153.779,4161.278,3772,0
2026-08-05 11:00:00,4161.219,4180.824,4160.562,4176.216,5897,0
2026-08-05 11:30:00,4176.03,4192.692,4174.001,4188.955,9676,0
2026-08-05 12:00:00,4189.012,4213.535,4188.791,4205.12,8910,0
2026-08-05 12:30:00,4205.176,4209.024,4183.072,4184.002,9398,0
2026-08-05 13:00:00,4183.952,4198.087,4183.775,4197.011,11220,0
2026-08-05 13:30:00,4197.128,4206.897,4189.427,4206.006,15118,0
2026-08-05 14:00:00,4205.818,4240.647,4203.585,4236.749,17554,0
2026-08-05 14:30:00,4236.579,4247.688,4228.6,4244.001,14019,0
2026-08-05 15:00:00,4243.936,4265.316,4242.583,4257.195,13073,0
2026-08-05 15:30:00,4257.318,4259.921,4232.29,4232.923,10204,0
2026-08-05 16:00:00,4232.974,4241.919,4224.624,4241.184,9121,0
2026-08-05 16:30:00,4241.372,4247.417,4238.185,4242.25,5788,0
2026-08-05 17:00:00,4242.195,4246.612,4236.752,4244.519,6324,0
2026-08-05 17:30:00,4244.643,4252.561,4240.831,4250.022,4598,0
2026-08-05 18:00:00,4249.959,4267.858,4249.0,4263.09,5019,0
2026-08-05 18:30:00,4262.963,4263.738,4254.433,4260.601,4240,0
2026-08-05 19:00:00,4260.64,4262.195,4250.419,4252.978,4263,0
2026-08-05 19:30:00,4253.036,4254.017,4246.217,4246.998,4513,0
2026-08-05 20:00:00,4246.824,4249.809,4245.303,4246.257,2468,0
2026-08-05 20:30:00,4246.047,4249.526,4242.893,4246.208,1949,0
2026-08-05 22:00:00,4248.305,4254.074,4245.598,4248.143,2223,0
2026-08-05 22:30:00,4247.87,4250.421,4247.498,4250.093,1757,0
2026-08-05 23:00:00,4249.841,4264.414,4249.245,4263.346,2364,0
2026-08-05 23:30:00,4263.502,4281.986,4260.982,4278.055,4864,0
2026-08-06 00:00:00,4278.111,4284.769,4264.362,4274.07,10845,0
2026-08-06 00:30:00,4274.063,4300.431,4273.925,4294.734,9510,0
2026-08-06 01:00:00,4294.696,4302.964,4272.798,4276.136,17137,0
2026-08-06 01:30:00,4276.082,4297.476,4275.612,4286.704,12235,0
2026-08-06 02:00:00,4286.6,4304.246,4283.559,4291.872,7201,0
2026-08-06 02:30:00,4292.063,4292.507,4275.075,4278.726,7542,0
2026-08-06 03:00:00,4278.439,4281.05,4260.736,4266.164,7757,0
2026-08-06 03:30:00,4266.364,4266.875,4260.099,4265.508,4196,0
2026-08-06 04:00:00,4265.566,4267.341,4252.665,4255.254,4456,0
2026-08-06 04:30:00,4255.516,4262.977,4255.42,4262.336,3508,0
2026-08-06 05:00:00,4262.002,4265.28,4252.886,4253.684,4893,0
2026-08-06 05:30:00,4254.012,4268.619,4246.969,4267.258,6561,0
2026-08-06 06:00:00,4266.99,4268.599,4254.639,4257.323,5284,0
2026-08-06 06:30:00,4257.612,4258.245,4249.249,4255.975,4638,0
2026-08-06 07:00:00,4255.889,4265.448,4253.133,4261.572,4513,0
2026-08-06 07:30:00,4261.56,4262.742,4252.311,4262.569,3874,0
2026-08-06 08:00:00,4262.622,4270.66,4260.031,4267.973,4807,0
2026-08-06 08:30:00,4267.623,4278.916,4266.397,4278.115,5394,0
2026-08-06 09:00:00,4278.182,4284.755,4275.8,4283.135,4945,0
2026-08-06 09:30:00,4283.296,4284.216,4271.107,4272.943,4150,0
2026-08-06 10:00:00,4273.142,4273.807,4267.087,4269.158,3750,0
2026-08-06 10:30:00,4269.21,4271.608,4264.54,4270.912,3614,0
2026-08-06 11:00:00,4270.632,4273.486,4260.216,4264.155,5036,0
2026-08-06 11:30:00,4264.288,4267.095,4253.942,4263.132,4900,0
2026-08-06 12:00:00,4263.074,4265.882,4253.182,4261.668,5759,0
2026-08-06 12:30:00,4261.522,4270.793,4248.901,4250.139,6928,0
2026-08-06 13:00:00,4250.022,4256.061,4230.346,4247.723,12097,0
2026-08-06 13:30:00,4247.54,4274.366,4245.556,4266.948,15229,0
2026-08-06 14:00:00,4267.258,4275.311,4259.987,4265.374,13165,0
2026-08-06 14:30:00,4265.159,4275.234,4262.616,4272.806,9728,0
2026-08-06 15:00:00,4272.917,4274.531,4250.69,4254.951,10795,0
2026-08-06 15:30:00,4254.957,4255.752,4228.929,4233.828,11904,0
2026-08-06 16:00:00,4233.886,4243.239,4223.147,4230.164,13981,0
2026-08-06 16:30:00,4229.929,4242.679,4229.929,4241.262,6734,0
2026-08-06 17:00:00,4241.592,4244.716,4238.381,4241.613,4967,0
2026-08-06 17:30:00,4241.537,4248.282,4238.43,4247.06,4540,0
2026-08-06 18:00:00,4247.111,4249.707,4243.94,4246.572,3476,0
2026-08-06 18:30:00,4246.581,4247.696,4240.617,4243.538,2975,0
2026-08-06 19:00:00,4243.626,4251.344,4235.18,4237.238,4953,0
2026-08-06 19:30:00,4237.447,4250.721,4232.942,4248.79,6517,0
2026-08-06 20:00:00,4248.944,4250.188,4239.7,4242.005,3330,0
2026-08-06 20:30:00,4242.006,4242.575,4234.618,4240.43,2824,0
2026-08-06 22:00:00,4239.787,4243.603,4235.755,4242.531,1822,0
2026-08-06 22:30:00,4242.525,4243.404,4238.692,4240.83,1778,0
2026-08-06 23:00:00,4240.779,4246.28,4240.066,4245.267,1762,0
2026-08-06 23:30:00,4245.008,4253.243,4244.752,4252.14,2613,0
2026-08-07 00:00:00,4252.394,4253.005,4238.993,4243.692,6151,0
2026-08-07 00:30:00,4243.997,4243.997,4229.509,4232.657,7791,0
2026-08-07 01:00:00,4232.544,4250.228,4231.229,4243.355,10512,0
2026-08-07 01:30:00,4243.222,4259.351,4239.001,4256.766,9260,0
2026-08-07 02:00:00,4256.7,4261.743,4255.89,4260.595,4633,0
2026-08-07 02:30:00,4260.98,4261.734,4246.938,4250.393,6808,0
2026-08-07 03:00:00,4250.198,4259.214,4249.575,4258.539,5969,0
2026-08-07 03:30:00,4258.423,4266.503,4257.492,4265.983,3738,0
2026-08-07 04:00:00,4265.919,4269.281,4261.72,4264.798,5793,0
2026-08-07 04:30:00,4264.734,4268.455,4260.792,4264.724,4253,0
2026-08-07 05:00:00,4265.103,4271.219,4261.622,4266.246,5584,0
2026-08-07 05:30:00,4266.368,4280.476,4265.801,4278.553,9414,0
2026-08-07 06:00:00,4278.824,4291.778,4278.204,4283.41,8483,0
2026-08-07 06:30:00,4283.356,4298.817,4279.944,4297.272,7705,0
2026-08-07 07:00:00,4297.219,4297.802,4284.547,4285.546,5807,0
2026-08-07 07:30:00,4285.218,4291.185,4282.753,4289.992,4973,0
2026-08-07 08:00:00,4290.047,4300.661,4288.871,4294.884,5643,0
2026-08-07 08:30:00,4294.852,4316.799,4293.833,4305.866,8450,0
2026-08-07 09:00:00,4305.99,4311.163,4304.419,4306.84,5433,0
2026-08-07 09:30:00,4306.908,4320.714,4302.09,4315.892,7018,0
2026-08-07 10:00:00,4315.888,4319.453,4307.898,4313.904,5045,0
2026-08-07 10:30:00,4313.578,4320.689,4313.073,4316.729,4333,0
2026-08-07 11:00:00,4316.718,4327.53,4316.603,4324.962,6694,0
2026-08-07 11:30:00,4325.02,4327.848,4320.706,4321.086,5581,0
2026-08-07 12:00:00,4321.291,4325.395,4300.837,4307.61,8883,0
2026-08-07 12:30:00,4307.62,4371.969,4307.285,4361.211,27424,0
2026-08-07 13:00:00,4361.273,4364.339,4338.971,4356.313,17355,0
2026-08-07 13:30:00,4356.37,4368.086,4342.316,4348.071,20264,0
2026-08-07 14:00:00,4348.263,4353.036,4327.19,4348.987,19420,0
2026-08-07 14:30:00,4348.773,4350.801,4340.195,4341.405,13032,0
2026-08-07 15:00:00,4341.618,4358.505,4339.966,4351.464,10886,0
2026-08-07 15:30:00,4351.521,4354.056,4339.596,4341.025,8881,0
2026-08-07 16:00:00,4341.162,4349.865,4334.418,4337.413,8976,0
2026-08-07 16:30:00,4337.349,4342.353,4329.038,4329.038,8469,0
2026-08-07 17:00:00,4328.969,4342.143,4327.747,4339.762,5805,0
2026-08-07 17:30:00,4339.706,4343.159,4329.569,4340.309,5457,0
2026-08-07 18:00:00,4340.233,4343.122,4332.078,4334.285,4463,0
2026-08-07 18:30:00,4334.345,4339.124,4333.079,4335.679,3601,0
2026-08-07 19:00:00,4335.559,4350.396,4335.405,4348.76,6970,0
2026-08-07 19:30:00,4348.428,4349.452,4340.047,4344.025,5596,0
2026-08-07 20:00:00,4344.087,4345.311,4336.974,4337.938,3067,0
2026-08-07 20:30:00,4337.934,4342.576,4335.875,4342.475,3151,0
2026-08-09 22:00:00,4347.782,4348.7,4332.725,4343.533,4542,0
2026-08-09 22:30:00,4343.928,4345.335,4340.26,4341.696,2374,0
2026-08-09 23:00:00,4341.637,4349.153,4341.176,4346.55,2490,0
2026-08-09 23:30:00,4346.551,4347.575,4331.889,4332.663,3029,0
2026-08-10 00:00:00,4332.6,4347.209,4332.361,4337.809,9447,0
2026-08-10 00:30:00,4337.689,4339.468,4330.608,4332.219,7073,0
2026-08-10 01:00:00,4332.0,4340.636,4316.124,4316.188,15455,0
2026-08-10 01:30:00,4316.245,4324.389,4313.179,4322.556,9469,0
2026-08-10 02:00:00,4322.439,4332.243,4318.598,4330.735,6525,0
2026-08-10 02:30:00,4330.667,4332.505,4318.58,4319.644,7545,0
2026-08-10 03:00:00,4319.703,4328.334,4317.508,4326.995,5332,0
2026-08-10 03:30:00,4327.047,4329.941,4323.956,4326.402,3654,0
2026-08-10 04:00:00,4326.703,4337.636,4322.753,4334.754,4482,0
2026-08-10 04:30:00,4334.699,4339.432,4329.663,4339.37,4026,0
2026-08-10 05:00:00,4339.317,4339.85,4332.788,4333.929,3435,0
2026-08-10 05:30:00,4333.814,4352.203,4331.441,4347.437,9189,0
2026-08-10 06:00:00,4347.108,4350.198,4341.773,4348.052,6327,0
2026-08-10 06:30:00,4348.263,4359.94,4345.877,4358.035,5451,0
2026-08-10 07:00:00,4357.88,4358.892,4349.843,4354.953,5437,0
2026-08-10 07:30:00,4354.907,4362.164,4352.578,4355.551,5322,0
2026-08-10 08:00:00,4355.496,4356.412,4351.437,4355.793,4170,0
2026-08-10 08:30:00,4355.658,4356.755,4343.694,4346.654,4800,0
2026-08-10 09:00:00,4346.743,4350.017,4344.684,4347.096,4400,0
2026-08-10 09:30:00,4347.034,4347.034,4340.261,4341.213,4284,0
2026-08-10 10:00:00,4340.97,4344.236,4339.003,4343.517,3847,0
2026-08-10 10:30:00,4343.522,4344.172,4335.394,4335.884,3883,0
2026-08-10 11:00:00,4335.939,4336.983,4328.744,4334.464,4398,0
2026-08-10 11:30:00,4334.79,4339.328,4331.893,4335.181,3983,0
2026-08-10 12:00:00,4334.905,4337.641,4324.021,4327.676,5837,0
2026-08-10 12:30:00,4327.773,4335.555,4326.169,4332.566,5761,0
2026-08-10 13:00:00,4332.501,4337.823,4325.807,4334.997,8003,0
2026-08-10 13:30:00,4334.879,4340.007,4316.584,4318.172,13375,0
2026-08-10 14:00:00,4318.077,4348.239,4317.914,4345.415,9924,0
2026-08-10 14:30:00,4345.602,4352.122,4342.577,4345.339,8456,0
2026-08-10 15:00:00,4345.697,4352.296,4343.089,4349.371,7304,0
2026-08-10 15:30:00,4349.432,4359.651,4347.735,4358.475,6511,0
2026-08-10 16:00:00,4358.321,4364.892,4356.759,4362.866,5715,0
2026-08-10 16:30:00,4362.944,4363.105,4349.374,4356.675,7211,0
2026-08-10 17:00:00,4356.733,4361.28,4351.517,4361.001,4153,0
2026-08-10 17:30:00,4360.906,4365.634,4357.607,4360.303,3803,0
2026-08-10 18:00:00,4360.073,4367.154,4359.752,4365.622,3819,0
2026-08-10 18:30:00,4366.017,4383.049,4364.935,4378.463,6865,0
2026-08-10 19:00:00,4378.503,4391.754,4378.503,4390.666,5026,0
2026-08-10 19:30:00,4390.721,4395.317,4384.437,4388.19,5495,0
2026-08-10 20:00:00,4388.403,4392.23,4385.587,4391.222,2541,0
2026-08-10 20:30:00,4390.949,4391.952,4388.57,4389.157,1874,0
2026-08-10 22:00:00,4391.112,4393.689,4388.625,4392.107,1860,0
2026-08-10 22:30:00,4392.107,4400.796,4391.946,4399.782,2018,0
2026-08-10 23:00:00,4399.841,4402.081,4394.599,4395.321,2437,0
2026-08-10 23:30:00,4395.315,4402.621,4395.191,4402.264,2406,0
2026-08-11 00:00:00,4402.212,4416.311,4396.458,4413.838,6568,0
2026-08-11 00:30:00,4413.907,4419.383,4407.488,4409.467,5484,0
2026-08-11 01:00:00,4409.525,4420.49,4393.476,4419.082,14208,0
2026-08-11 01:30:00,4419.386,4434.186,4414.436,4429.826,8023,0
2026-08-11 02:00:00,4429.752,4435.299,4421.654,4428.593,7248,0
2026-08-11 02:30:00,4428.522,4429.226,4407.844,4410.75,9107,0
2026-08-11 03:00:00,4410.961,4420.59,4409.435,4420.226,5813,0
2026-08-11 03:30:00,4420.159,4421.645,4413.933,4416.935,3579,0
2026-08-11 04:00:00,4416.941,4419.618,4409.84,4415.157,3932,0
2026-08-11 04:30:00,4415.103,4420.242,4403.165,4409.008,6261,0
2026-08-11 05:00:00,4408.679,4409.109,4390.749,4392.427,5664,0
2026-08-11 05:30:00,4392.524,4392.524,4367.238,4375.245,15713,0
2026-08-11 06:00:00,4375.182,4382.411,4361.79,4363.614,10252,0
2026-08-11 06:30:00,4363.557,4369.282,4359.69,4366.177,8399,0
2026-08-11 07:00:00,4366.112,4367.814,4357.372,4363.2,6342,0
2026-08-11 07:30:00,4363.25,4365.005,4356.622,4357.847,5526,0
2026-08-11 08:00:00,4357.781,4369.752,4356.859,4369.019,5410,0
2026-08-11 08:30:00,4368.952,4376.685,4368.51,4368.873,4563,0
2026-08-11 09:00:00,4369.154,4375.59,4367.427,4371.907,5110,0
2026-08-11 09:30:00,4371.907,4375.081,4369.785,4372.413,4077,0
2026-08-11 10:00:00,4372.553,4381.671,4370.953,4378.357,4587,0
2026-08-11 10:30:00,4378.304,4382.692,4377.008,4382.413,3512,0
2026-08-11 11:00:00,4382.269,4393.019,4380.459,4387.423,8908,0
2026-08-11 11:30:00,4387.542,4389.807,4382.771,4387.807,4798,0
2026-08-11 12:00:00,4387.792,4399.725,4383.709,4391.358,8743,0
2026-08-11 12:30:00,4391.408,4400.068,4388.656,4392.269,6328,0
2026-08-11 13:00:00,4392.573,4401.08,4389.495,4397.992,8201,0
2026-08-11 13:30:00,4397.783,4404.244,4384.414,4389.436,12741,0
2026-08-11 14:00:00,4389.494,4390.284,4381.043,4383.913,9945,0
2026-08-11 14:30:00,4384.24,4398.145,4384.138,4393.863,6865,0
2026-08-11 15:00:00,4393.918,4398.893,4381.907,4386.56,7305,0
2026-08-11 15:30:00,4386.619,4386.934,4368.93,4383.644,9243,0
2026-08-11 16:00:00,4383.762,4384.752,4378.263,4382.936,4403,0
2026-08-11 16:30:00,4382.838,4385.8,4379.057,4383.523,3753,0
2026-08-11 17:00:00,4383.3,4385.803,4378.914,4381.478,4711,0
2026-08-11 17:30:00,4381.537,4382.123,4368.744,4369.197,4288,0
2026-08-11 18:00:00,4369.286,4369.286,4359.977,4361.477,5799,0
2026-08-11 18:30:00,4361.529,4372.763,4361.074,4371.522,3358,0
2026-08-11 19:00:00,4371.649,4372.039,4361.078,4370.45,4151,0
2026-08-11 19:30:00,4370.566,4374.316,4366.096,4370.717,4188,0
2026-08-11 20:00:00,4370.773,4371.197,4367.637,4370.329,1995,0
2026-08-11 20:30:00,4370.138,4370.463,4367.022,4368.03,1600,0
2026-08-11 22:00:00,4372.492,4377.242,4370.411,4376.355,2015,0
2026-08-11 22:30:00,4376.339,4378.286,4367.184,4369.068,2608,0
2026-08-11 23:00:00,4369.134,4374.413,4362.548,4372.893,3950,0
2026-08-11 23:30:00,4372.846,4372.961,4366.615,4371.373,2211,0
2026-08-12 00:00:00,4371.541,4381.117,4366.413,4380.57,6509,0
2026-08-12 00:30:00,4380.625,4383.765,4377.531,4380.327,4559,0
2026-08-12 01:00:00,4380.447,4394.052,4378.219,4390.393,6909,0
2026-08-12 01:30:00,4390.628,4397.411,4385.267,4396.171,4764,0
2026-08-12 02:00:00,4396.228,4404.897,4394.104,4402.071,4765,0
2026-08-12 02:30:00,4402.137,4414.422,4397.741,4411.408,5774,0
2026-08-12 03:00:00,4411.188,4416.335,4404.531,4407.206,4835,0
2026-08-12 03:30:00,4407.15,4408.754,4400.582,4402.143,3132,0
2026-08-12 04:00:00,4402.416,4403.419,4395.339,4398.783,2689,0
2026-08-12 04:30:00,4398.783,4402.472,4395.228,4400.879,2700,0
2026-08-12 05:00:00,4400.755,4404.945,4392.229,4392.671,3528,0
2026-08-12 05:30:00,4392.585,4397.027,4383.819,4391.368,6847,0
2026-08-12 06:00:00,4391.031,4393.071,4384.938,4389.58,4569,0
2026-08-12 06:30:00,4389.64,4406.361,4388.212,4403.199,5364,0
2026-08-12 07:00:00,4403.306,4406.202,4398.048,4402.224,4081,0
2026-08-12 07:30:00,4402.499,4410.133,4401.25,4406.247,3557,0
2026-08-12 08:00:00,4406.21,4410.685,4405.572,4407.137,3365,0
2026-08-12 08:30:00,4407.082,4407.428,4401.506,4401.506,3261,0
2026-08-12 09:00:00,4401.843,4424.392,4401.757,4413.257,5931,0
2026-08-12 09:30:00,4413.204,4417.204,4410.708,4415.652,4875,0
2026-08-12 10:00:00,4415.706,4420.912,4414.433,4419.387,3751,0
2026-08-12 10:30:00,4419.409,4419.745,4406.866,4412.624,4670,0
2026-08-12 11:00:00,4412.685,4416.887,4407.635,4415.199,3679,0
2026-08-12 11:30:00,4414.933,4415.864,4410.234,4412.684,3341,0
2026-08-12 12:00:00,4412.548,4426.771,4404.635,4426.771,7496,0
2026-08-12 12:30:00,4427.14,4438.515,4382.027,4437.327,23434,0
2026-08-12 13:00:00,4437.201,4441.423,4414.569,4418.363,15670,0
2026-08-12 13:30:00,4418.307,4434.086,4408.372,4427.605,18393,0
2026-08-12 14:00:00,4427.659,4439.807,4420.641,4431.464,10392,0
2026-08-12 14:30:00,4431.543,4436.047,4416.489,4421.889,13370,0
2026-08-12 15:00:00,4421.821,4430.121,4414.848,4421.452,9872,0
2026-08-12 15:30:00,4421.575,4425.534,4410.813,4420.789,7030,0
2026-08-12 16:00:00,4420.848,4426.579,4416.73,4423.064,5307,0
2026-08-12 16:30:00,4423.195,4423.972,4396.526,4401.514,8590,0
2026-08-12 17:00:00,4401.457,4409.803,4399.796,4406.487,6963,0
2026-08-12 17:30:00,4406.604,4411.628,4398.78,4399.554,4849,0
2026-08-12 18:00:00,4399.448,4411.305,4396.059,4408.693,3899,0
2026-08-12 18:30:00,4408.365,4417.913,4407.995,4413.1,3714,0
2026-08-12 19:00:00,4413.118,4418.451,4412.68,4416.537,3122,0
2026-08-12 19:30:00,4416.592,4416.799,4408.156,4413.927,4012,0
2026-08-12 20:00:00,4413.72,4414.23,4406.391,4407.695,2278,0
2026-08-12 20:30:00,4407.635,4409.101,4406.531,4408.726,1899,0
2026-08-12 22:00:00,4408.409,4409.999,4398.307,4399.369,2123,0
2026-08-12 22:30:00,4399.369,4402.913,4398.506,4402.116,1671,0
2026-08-12 23:00:00,4402.221,4409.834,4401.558,4408.432,1681,0
2026-08-12 23:30:00,4408.447,4414.588,4407.135,4414.262,1934,0
2026-08-13 00:00:00,4414.6,4437.677,4412.804,4428.471,7702,0
2026-08-13 00:30:00,4428.353,4449.802,4423.878,4427.277,10235,0
2026-08-13 01:00:00,4427.389,4435.512,4419.085,4419.333,12946,0
2026-08-13 01:30:00,4419.407,4430.336,4406.131,4408.472,10328,0
2026-08-13 02:00:00,4408.439,4413.875,4405.244,4406.4,6899,0
2026-08-13 02:30:00,4406.49,4410.518,4398.639,4406.853,7821,0
2026-08-13 03:00:00,4406.797,4412.163,4404.017,4409.258,5405,0
2026-08-13 03:30:00,4409.335,4410.356,4398.51,4400.305,3587,0
2026-08-13 04:00:00,4400.277,4400.494,4391.475,4398.183,5249,0
2026-08-13 04:30:00,4397.961,4399.503,4394.876,4397.596,3499,0
2026-08-13 05:00:00,4397.807,4407.354,4392.936,4406.149,5774,0
2026-08-13 05:30:00,4406.443,4407.125,4380.526,4382.757,10115,0
2026-08-13 06:00:00,4382.8,4385.528,4374.088,4375.796,8229,0
2026-08-13 06:30:00,4376.005,4381.608,4368.813,4380.711,6848,0
2026-08-13 07:00:00,4380.848,4381.823,4373.638,4376.515,5795,0
2026-08-13 07:30:00,4376.462,4378.877,4369.063,4370.014,5728,0
2026-08-13 08:00:00,4370.014,4373.62,4363.95,4372.949,6175,0
2026-08-13 08:30:00,4372.62,4379.204,4371.847,4375.729,3950,0
2026-08-13 09:00:00,4375.66,4382.401,4372.361,4380.114,4168,0
2026-08-13 09:30:00,4379.984,4384.965,4378.384,4384.359,3577,0
2026-08-13 10:00:00,4384.6,4387.588,4381.393,4387.033,3453,0
2026-08-13 10:30:00,4387.068,4393.695,4384.499,4392.168,2855,0
2026-08-13 11:00:00,4392.109,4396.62,4388.119,4388.142,3717,0
2026-08-13 11:30:00,4388.195,4389.78,4382.627,4387.521,4071,0
2026-08-13 12:00:00,4387.573,4392.832,4384.043,4390.903,5476,0
2026-08-13 12:30:00,4390.825,4402.074,4380.575,4401.749,9499,0
2026-08-13 13:00:00,4401.692,4402.283,4384.006,4385.268,11153,0
2026-08-13 13:30:00,4385.204,4389.832,4370.709,4372.904,16317,0
2026-08-13 14:00:00,4372.963,4379.065,4366.708,4367.759,15742,0
2026-08-13 14:30:00,4367.7,4387.194,4357.471,4383.797,11374,0
2026-08-13 15:00:00,4383.849,4385.532,4363.33,4365.388,10136,0
2026-08-13 15:30:00,4365.333,4371.615,4357.465,4365.226,8566,0
2026-08-13 16:00:00,4365.013,4367.503,4351.21,4362.341,8805,0
2026-08-13 16:30:00,4362.404,4368.519,4362.294,4367.119,4998,0
2026-08-13 17:00:00,4367.066,4373.304,4362.423,4363.208,5058,0
2026-08-13 17:30:00,4363.056,4364.551,4355.563,4356.009,4443,0
2026-08-13 18:00:00,4356.063,4363.624,4354.529,4357.457,4334,0
2026-08-13 18:30:00,4357.741,4360.506,4354.52,4357.033,3522,0
2026-08-13 19:00:00,4357.102,4358.88,4343.704,4351.369,5473,0
2026-08-13 19:30:00,4351.272,4354.218,4347.615,4349.864,3983,0
2026-08-13 20:00:00,4349.919,4352.337,4346.737,4351.397,2322,0
2026-08-13 20:30:00,4351.442,4351.59,4347.923,4350.598,1970,0
2026-08-13 22:00:00,4353.554,4357.96,4351.827,4356.988,2090,0
2026-08-13 22:30:00,4356.999,4362.82,4353.118,4354.653,3021,0
2026-08-13 23:00:00,4354.69,4363.047,4349.003,4362.956,3400,0
2026-08-13 23:30:00,4362.882,4364.233,4356.426,4356.612,2894,0
2026-08-14 00:00:00,4356.547,4362.198,4339.335,4339.562,7877,0
2026-08-14 00:30:00,4339.348,4347.017,4329.001,4340.856,10097,0
2026-08-14 01:00:00,4340.734,4341.601,4315.058,4319.631,14843,0
2026-08-14 01:30:00,4319.703,4323.403,4311.996,4318.185,8767,0
2026-08-14 02:00:00,4317.976,4322.68,4310.827,4312.913,7639,0
2026-08-14 02:30:00,4313.069,4322.541,4311.386,4315.712,8743,0
2026-08-14 03:00:00,4315.501,4326.131,4313.744,4325.62,5524,0
2026-08-14 03:30:00,4325.565,4328.006,4323.32,4323.32,2664,0
2026-08-14 04:00:00,4323.612,4328.124,4322.619,4324.993,2943,0
2026-08-14 04:30:00,4325.258,4326.727,4323.222,4326.727,2601,0
2026-08-14 05:00:00,4326.792,4327.181,4317.042,4318.473,3660,0
2026-08-14 05:30:00,4318.418,4333.427,4310.885,4333.427,8412,0
2026-08-14 06:00:00,4333.485,4336.629,4328.261,4329.341,6562,0
2026-08-14 06:30:00,4329.273,4335.872,4327.707,4335.4,4405,0
2026-08-14 07:00:00,4335.393,4337.499,4329.821,4331.975,4346,0
2026-08-14 07:30:00,4332.031,4345.317,4331.523,4343.451,4304,0
2026-08-14 08:00:00,4343.504,4349.231,4341.712,4345.626,4879,0
2026-08-14 08:30:00,4345.687,4349.658,4342.629,4348.514,3608,0
2026-08-14 09:00:00,4348.391,4354.287,4345.919,4351.769,3659,0
2026-08-14 09:30:00,4351.565,4357.638,4350.011,4356.95,3629,0
2026-08-14 10:00:00,4357.068,4358.772,4350.263,4351.439,3367,0
2026-08-14 10:30:00,4351.496,4353.612,4348.046,4349.405,2927,0
2026-08-14 11:00:00,4349.466,4357.026,4348.449,4356.553,3129,0
2026-08-14 11:30:00,4356.589,4369.602,4356.259,4368.99,4453,0
2026-08-14 12:00:00,4369.111,4380.962,4365.629,4380.047,6287,0
2026-08-14 12:30:00,4379.989,4387.036,4370.733,4373.757,6931,0
2026-08-14 13:00:00,4373.811,4386.591,4370.139,4384.573,8153,0
2026-08-14 13:30:00,4384.399,4397.008,4382.741,4384.639,10849,0
2026-08-14 14:00:00,4384.466,4394.735,4384.211,4390.576,8224,0
2026-08-14 14:30:00,4390.506,4391.488,4378.663,4381.551,6738,0
2026-08-14 15:00:00,4381.624,4394.219,4379.026,4384.953,7921,0
2026-08-14 15:30:00,4385.021,4394.707,4383.725,4391.412,5724,0
2026-08-14 16:00:00,4391.737,4396.816,4386.716,4387.586,3910,0
2026-08-14 16:30:00,4387.703,4389.038,4380.049,4385.79,3796,0
2026-08-14 17:00:00,4385.745,4386.545,4379.073,4379.69,3422,0
2026-08-14 17:30:00,4379.554,4382.837,4376.227,4378.535,3205,0
2026-08-14 18:00:00,4378.655,4381.804,4376.397,4379.169,2997,0
2026-08-14 18:30:00,4379.234,4382.793,4370.944,4373.501,3253,0
2026-08-14 19:00:00,4373.489,4377.916,4372.063,4377.097,2560,0
2026-08-14 19:30:00,4376.983,4379.953,4373.518,4376.15,3290,0
2026-08-14 20:00:00,4376.084,4376.084,4371.293,4374.748,2111,0
2026-08-14 20:30:00,4374.622,4376.984,4373.55,4375.776,1935,0
2026-08-16 22:00:00,4379.402,4379.402,4372.218,4374.703,2647,0
2026-08-16 22:30:00,4374.703,4386.917,4374.609,4386.051,2454,0
2026-08-16 23:00:00,4386.044,4386.321,4372.754,4374.889,2948,0
2026-08-16 23:30:00,4374.599,4375.325,4366.989,4370.359,3366,0
2026-08-17 00:00:00,4370.182,4391.002,4368.092,4389.611,6836,0
2026-08-17 00:30:00,4389.791,4402.155,4387.582,4400.612,5322,0
2026-08-17 01:00:00,4400.734,4416.578,4399.055,4407.305,11155,0
2026-08-17 01:30:00,4407.358,4408.241,4391.885,4395.747,7484,0
2026-08-17 02:00:00,4395.694,4398.339,4389.691,4395.487,5426,0
2026-08-17 02:30:00,4395.555,4398.258,4388.418,4392.983,6208,0
2026-08-17 03:00:00,4393.329,4394.959,4387.838,4392.715,4342,0
2026-08-17 03:30:00,4392.993,4397.672,4390.931,4396.851,3673,0
2026-08-17 04:00:00,4397.185,4399.593,4390.042,4390.713,3566,0
2026-08-17 04:30:00,4391.026,4397.875,4388.854,4390.527,3326,0
2026-08-17 05:00:00,4390.736,4399.48,4386.781,4399.287,4184,0
2026-08-17 05:30:00,4399.229,4401.257,4392.213,4394.86,6724,0
2026-08-17 06:00:00,4394.843,4400.178,4392.482,4398.504,5921,0
2026-08-17 06:30:00,4398.574,4404.553,4393.406,4402.871,5034,0
2026-08-17 07:00:00,4402.926,4405.124,4395.875,4404.783,4993,0
2026-08-17 07:30:00,4404.843,4411.321,4403.339,4405.067,4507,0
2026-08-17 08:00:00,4404.95,4405.002,4397.517,4401.647,4108,0
2026-08-17 08:30:00,4401.979,4402.181,4392.367,4395.12,3319,0
2026-08-17 09:00:00,4395.151,4400.551,4393.182,4396.904,3469,0
2026-08-17 09:30:00,4396.976,4397.569,4392.52,4395.422,3776,0
2026-08-17 10:00:00,4395.477,4405.61,4391.793,4405.08,4617,0
2026-08-17 10:30:00,4405.022,4405.928,4395.261,4399.08,5038,0
2026-08-17 11:00:00,4399.166,4404.784,4396.964,4403.701,3720,0
2026-08-17 11:30:00,4403.759,4405.008,4395.532,4396.906,3349,0
2026-08-17 12:00:00,4396.774,4398.815,4382.182,4385.88,6893,0
2026-08-17 12:30:00,4385.814,4390.351,4377.282,4384.799,6580,0
2026-08-17 13:00:00,4384.855,4389.617,4381.766,4386.378,7096,0
2026-08-17 13:30:00,4386.446,4416.429,4384.612,4408.816,10784,0
2026-08-17 14:00:00,4408.882,4427.709,4403.722,4418.091,10677,0
2026-08-17 14:30:00,4418.148,4424.757,4413.717,4417.338,7022,0
2026-08-17 15:00:00,4417.392,4425.844,4415.019,4425.33,6396,0
2026-08-17 15:30:00,4425.399,4427.868,4417.467,4427.36,5205,0
2026-08-17 16:00:00,4427.42,4428.7,4422.944,4424.653,4306,0
2026-08-17 16:30:00,4424.998,4427.135,4422.417,4424.051,3462,0
2026-08-17 17:00:00,4424.323,4426.221,4413.265,4416.348,4640,0
2026-08-17 17:30:00,4416.428,4420.679,4411.035,4413.786,4436,0
2026-08-17 18:00:00,4413.815,4416.253,4404.616,4406.378,4895,0
2026-08-17 18:30:00,4406.259,4407.365,4397.917,4406.798,5119,0
2026-08-17 19:00:00,4406.738,4417.468,4400.026,4414.513,4353,0
2026-08-17 19:30:00,4414.285,4420.973,4414.058,4419.916,3537,0
2026-08-17 20:00:00,4419.588,4421.251,4414.848,4415.071,1601,0
2026-08-17 20:30:00,4415.346,4416.861,4414.682,4416.432,1485,0
2026-08-17 22:00:00,4417.748,4418.937,4411.924,4412.314,1614,0
2026-08-17 22:30:00,4412.531,4416.272,4410.5,4411.879,1875,0
2026-08-17 23:00:00,4412.0,4421.906,4409.742,4420.176,2194,0
2026-08-17 23:30:00,4420.121,4425.907,4419.909,4425.733,2437,0
2026-08-18 00:00:00,4425.739,4431.673,4418.923,4431.234,6914,0
2026-08-18 00:30:00,4431.18,4435.093,4428.244,4434.549,4135,0
2026-08-18 01:00:00,4434.493,4436.253,4420.14,4425.136,9479,0
2026-08-18 01:30:00,4424.991,4426.273,4404.254,4408.126,8286,0
2026-08-18 02:00:00,4407.922,4408.34,4398.277,4402.398,5933,0
2026-08-18 02:30:00,4402.338,4402.817,4393.908,4399.812,5621,0
2026-08-18 03:00:00,4399.635,4404.023,4394.286,4397.208,5060,0
2026-08-18 03:30:00,4396.879,4397.138,4390.531,4391.959,3310,0
2026-08-18 04:00:00,4391.907,4393.575,4389.767,4392.481,2839,0
2026-08-18 04:30:00,4392.465,4395.499,4388.576,4393.446,3012,0
2026-08-18 05:00:00,4393.393,4396.054,4390.714,4391.46,3003,0
2026-08-18 05:30:00,4391.39,4397.452,4385.878,4394.494,5650,0
2026-08-18 06:00:00,4394.436,4399.821,4387.538,4399.3,4983,0
2026-08-18 06:30:00,4399.229,4400.107,4394.997,4398.723,3614,0
2026-08-18 07:00:00,4398.776,4403.538,4396.728,4402.997,4123,0
2026-08-18 07:30:00,4403.186,4403.658,4395.442,4395.737,3799,0
2026-08-18 08:00:00,4395.756,4396.246,4386.715,4389.531,4768,0
2026-08-18 08:30:00,4389.387,4398.613,4389.017,4393.174,3772,0
2026-08-18 09:00:00,4393.043,4393.814,4388.53,4389.481,3769,0
2026-08-18 09:30:00,4389.154,4395.083,4386.747,4393.139,4205,0
2026-08-18 10:00:00,4393.172,4396.265,4389.643,4392.092,3196,0
2026-08-18 10:30:00,4392.214,4399.63,4391.494,4397.801,2798,0
2026-08-18 11:00:00,4397.59,4399.2,4389.557,4390.045,3209,0
2026-08-18 11:30:00,4389.988,4396.842,4388.37,4395.927,3335,0
2026-08-18 12:00:00,4395.835,4400.978,4389.367,4394.941,5641,0
2026-08-18 12:30:00,4395.058,4398.185,4390.725,4394.078,5134,0
2026-08-18 13:00:00,4394.289,4397.45,4388.07,4389.147,7875,0
2026-08-18 13:30:00,4389.09,4406.96,4375.737,4394.499,16604,0
2026-08-18 14:00:00,4394.501,4406.654,4391.015,4394.164,11024,0
2026-08-18 14:30:00,4394.217,4396.357,4363.647,4366.694,14476,0
2026-08-18 15:00:00,4366.639,4377.579,4351.401,4355.01,16857,0
2026-08-18 15:30:00,4355.065,4366.745,4354.383,4364.913,9642,0
2026-08-18 16:00:00,4364.983,4371.707,4363.435,4364.228,5724,0
2026-08-18 16:30:00,4364.353,4368.703,4362.83,4363.975,5008,0
2026-08-18 17:00:00,4363.909,4368.285,4363.033,4365.49,5073,0
2026-08-18 17:30:00,4365.432,4366.29,4356.579,4357.792,4572,0
2026-08-18 18:00:00,4357.911,4361.069,4352.565,4360.038,4022,0
2026-08-18 18:30:00,4360.373,4360.711,4352.664,4354.314,3381,0
2026-08-18 19:00:00,4354.367,4358.751,4352.283,4354.759,4037,0
2026-08-18 19:30:00,4354.926,4357.717,4338.249,4345.368,7156,0
2026-08-18 20:00:00,4345.428,4346.529,4333.318,4337.911,3787,0
2026-08-18 20:30:00,4337.983,4339.709,4328.854,4334.586,3337,0
2026-08-18 22:00:00,4340.133,4343.153,4333.622,4336.06,2164,0
2026-08-18 22:30:00,4336.06,4336.484,4332.617,4333.844,2092,0
2026-08-18 23:00:00,4333.996,4338.249,4330.096,4330.61,2870,0
2026-08-18 23:30:00,4330.669,4334.333,4327.099,4332.857,3073,0
2026-08-19 00:00:00,4333.163,4346.302,4331.335,4343.093,8802,0
2026-08-19 00:30:00,4342.77,4347.308,4336.989,4338.078,7650,0
2026-08-19 01:00:00,4338.009,4346.307,4324.382,4342.079,14477,0
2026-08-19 01:30:00,4342.135,4357.697,4342.135,4356.221,7379,0
2026-08-19 02:00:00,4356.34,4361.965,4351.677,4359.809,5917,0
2026-08-19 02:30:00,4359.655,4360.272,4351.446,4355.061,6231,0
2026-08-19 03:00:00,4354.842,4358.101,4351.755,4357.165,4356,0
2026-08-19 03:30:00,4357.23,4360.286,4354.567,4355.022,2708,0
2026-08-19 04:00:00,4355.015,4356.209,4349.884,4351.027,2902,0
2026-08-19 04:30:00,4351.079,4352.102,4343.631,4348.357,3352,0
2026-08-19 05:00:00,4348.357,4350.727,4336.524,4345.078,4200,0
2026-08-19 05:30:00,4345.138,4345.304,4334.952,4335.711,7981,0
2026-08-19 06:00:00,4335.657,4348.434,4335.281,4343.039,6591,0
2026-08-19 06:30:00,4343.294,4349.494,4337.165,4348.829,6291,0
2026-08-19 07:00:00,4348.951,4357.11,4347.256,4356.601,4858,0
2026-08-19 07:30:00,4356.548,4363.075,4352.836,4354.929,4167,0
2026-08-19 08:00:00,4354.916,4362.977,4350.965,4360.844,4981,0
2026-08-19 08:30:00,4361.063,4363.182,4354.645,4355.755,4126,0
2026-08-19 09:00:00,4355.718,4359.861,4353.249,4356.468,4207,0
2026-08-19 09:30:00,4356.685,4361.805,4355.182,4361.805,3561,0
2026-08-19 10:00:00,4361.786,4369.181,4359.456,4368.539,3795,0
2026-08-19 10:30:00,4368.846,4369.641,4365.691,4367.427,2919,0
2026-08-19 11:00:00,4367.547,4374.107,4367.361,4370.935,4062,0
2026-08-19 11:30:00,4370.994,4371.796,4362.991,4364.797,3847,0
2026-08-19 12:00:00,4364.743,4373.634,4361.883,4369.141,5689,0
2026-08-19 12:30:00,4369.469,4442.48,4368.482,4438.62,30140,0
2026-08-19 13:00:00,4438.735,4464.412,4424.089,4458.182,24222,0
2026-08-19 13:30:00,4457.969,4466.372,4442.378,4459.453,23431,0
2026-08-19 14:00:00,4459.51,4487.922,4455.09,4485.741,18073,0
2026-08-19 14:30:00,4485.859,4498.715,4478.141,4487.988,12959,0
2026-08-19 15:00:00,4488.132,4488.527,4478.036,4483.528,10153,0
2026-08-19 15:30:00,4483.589,4494.169,4480.107,4493.656,8118,0
2026-08-19 16:00:00,4493.715,4499.376,4490.444,4491.181,6691,0
2026-08-19 16:30:00,4491.028,4497.717,4490.434,4493.07,5730,0
2026-08-19 17:00:00,4493.131,4499.198,4486.006,4487.922,6837,0
2026-08-19 17:30:00,4487.975,4491.711,4484.309,4486.941,4555,0
2026-08-19 18:00:00,4487.125,4496.626,4472.73,4475.3,8305,0
2026-08-19 18:30:00,4475.554,4496.776,4471.923,4495.222,6603,0
2026-08-19 19:00:00,4495.278,4507.776,4494.204,4507.332,6360,0
2026-08-19 19:30:00,4507.266,4512.317,4502.276,4510.963,5992,0
2026-08-19 20:00:00,4511.051,4522.189,4505.281,4518.36,4012,0
2026-08-19 20:30:00,4518.284,4524.372,4517.76,4523.176,3654,0
2026-08-19 22:00:00,4522.95,4527.511,4518.768,4520.815,2609,0
2026-08-19 22:30:00,4520.813,4521.965,4516.516,4519.005,2609,0
2026-08-19 23:00:00,4518.954,4523.73,4515.122,4517.745,3081,0
2026-08-19 23:30:00,4517.735,4518.297,4511.313,4511.841,2795,0
2026-08-20 00:00:00,4511.898,4521.189,4508.467,4510.378,9463,0
2026-08-20 00:30:00,4510.322,4513.277,4503.792,4504.449,6775,0
2026-08-20 01:00:00,4504.776,4510.246,4491.584,4500.593,13422,0
2026-08-20 01:30:00,4500.538,4501.366,4484.478,4489.593,9711,0
2026-08-20 02:00:00,4489.457,4499.729,4488.567,4492.569,6859,0
2026-08-20 02:30:00,4492.712,4494.671,4488.725,4490.791,6112,0
2026-08-20 03:00:00,4490.885,4497.082,4487.776,4493.281,5825,0
2026-08-20 03:30:00,4493.497,4501.049,4492.296,4498.98,4299,0
2026-08-20 04:00:00,4499.036,4499.297,4489.881,4490.018,3779,0
2026-08-20 04:30:00,4489.749,4491.7,4486.208,4488.373,3737,0
2026-08-20 05:00:00,4488.654,4494.097,4482.698,4483.101,4399,0
2026-08-20 05:30:00,4483.17,4486.062,4477.715,4481.06,5890,0
2026-08-20 06:00:00,4481.276,4495.943,4480.033,4493.999,5326,0
2026-08-20 06:30:00,4493.944,4495.607,4491.079,4493.885,4367,0
2026-08-20 07:00:00,4493.71,4493.86,4483.609,4484.071,4820,0
2026-08-20 07:30:00,4484.036,4494.304,4483.34,4490.746,4679,0
2026-08-20 08:00:00,4490.735,4498.745,4489.815,4491.143,5334,0
2026-08-20 08:30:00,4491.123,4495.357,4487.011,4489.193,4939,0
2026-08-20 09:00:00,4489.137,4494.239,4487.996,4490.001,4474,0
2026-08-20 09:30:00,4489.935,4490.499,4481.723,4482.733,4659,0
2026-08-20 10:00:00,4482.398,4494.224,4480.526,4493.582,4223,0
2026-08-20 10:30:00,4493.64,4494.881,4487.36,4490.176,3598,0
2026-08-20 11:00:00,4490.238,4491.303,4481.011,4484.357,5186,0
2026-08-20 11:30:00,4484.161,4486.921,4465.284,4467.081,7748,0
2026-08-20 12:00:00,4467.154,4467.977,4450.39,4459.482,12516,0
2026-08-20 12:30:00,4459.655,4477.157,4450.98,4474.755,8525,0
2026-08-20 13:00:00,4474.819,4484.659,4470.026,4471.871,11247,0
2026-08-20 13:30:00,4471.66,4489.449,4469.162,4481.556,16700,0
2026-08-20 14:00:00,4481.611,4493.989,4480.681,4491.744,12852,0
2026-08-20 14:30:00,4491.801,4516.134,4491.704,4515.675,9708,0
2026-08-20 15:00:00,4515.807,4541.022,4514.871,4532.349,25834,0
2026-08-20 15:30:00,4532.291,4533.823,4509.389,4521.719,13868,0
2026-08-20 16:00:00,4521.775,4524.807,4505.173,4509.334,9272,0
2026-08-20 16:30:00,4509.463,4513.744,4502.776,4510.118,7062,0
2026-08-20 17:00:00,4509.928,4516.677,4507.55,4513.011,6661,0
2026-08-20 17:30:00,4513.07,4520.586,4510.65,4519.745,5215,0
2026-08-20 18:00:00,4519.816,4522.49,4508.053,4519.1,6800,0
2026-08-20 18:30:00,4519.032,4525.389,4517.686,4522.089,4776,0
2026-08-20 19:00:00,4521.994,4529.469,4518.155,4522.839,4524,0
2026-08-20 19:30:00,4522.778,4532.239,4521.879,4528.86,5476,0
2026-08-20 20:00:00,4528.696,4529.076,4520.395,4520.645,3001,0
2026-08-20 20:30:00,4521.004,4521.345,4516.72,4518.74,2324,0
2026-08-20 22:00:00,4518.959,4521.197,4516.767,4519.49,1687,0
2026-08-20 22:30:00,4519.525,4524.502,4518.43,4524.139,2016,0
2026-08-20 23:00:00,4524.125,4532.86,4522.658,4526.923,2925,0
2026-08-20 23:30:00,4527.251,4528.744,4520.895,4526.459,2694,0
2026-08-21 00:00:00,4526.34,4527.469,4513.819,4514.991,6369,0
2026-08-21 00:30:00,4515.039,4517.113,4509.635,4510.513,5803,0
2026-08-21 01:00:00,4510.579,4530.757,4508.614,4529.588,11569,0
2026-08-21 01:30:00,4529.37,4543.936,4523.602,4530.825,8394,0
2026-08-21 02:00:00,4530.686,4531.251,4518.101,4527.297,5753,0
2026-08-21 02:30:00,4527.476,4543.104,4525.073,4533.914,6920,0
2026-08-21 03:00:00,4533.975,4538.373,4529.454,4529.454,5222,0
2026-08-21 03:30:00,4529.654,4535.848,4526.651,4535.228,4022,0
2026-08-21 04:00:00,4535.348,4547.33,4535.197,4546.651,4438,0
2026-08-21 04:30:00,4546.711,4548.16,4540.046,4540.76,3369,0
2026-08-21 05:00:00,4540.432,4540.911,4530.454,4530.535,4357,0
2026-08-21 05:30:00,4530.464,4556.312,4529.256,4553.346,7052,0
2026-08-21 06:00:00,4553.711,4558.307,4545.378,4555.5,6670,0
2026-08-21 06:30:00,4555.565,4567.784,4554.404,4561.101,6429,0
2026-08-21 07:00:00,4561.046,4567.963,4558.344,4561.438,5179,0
2026-08-21 07:30:00,4561.606,4568.229,4559.995,4564.151,5255,0
2026-08-21 08:00:00,4564.21,4581.933,4559.006,4579.338,5976,0
2026-08-21 08:30:00,4579.28,4585.031,4576.637,4583.945,4837,0
2026-08-21 09:00:00,4583.918,4602.123,4581.116,4582.299,6493,0
2026-08-21 09:30:00,4582.232,4586.796,4580.248,4582.41,4669,0
2026-08-21 10:00:00,4582.573,4589.476,4577.849,4588.421,4962,0
2026-08-21 10:30:00,4588.416,4594.176,4585.518,4588.532,4374,0
2026-08-21 11:00:00,4588.714,4600.996,4587.064,4598.252,6270,0
2026-08-21 11:30:00,4598.312,4604.593,4593.184,4597.174,6302,0
2026-08-21 12:00:00,4597.147,4601.779,4582.023,4584.801,7903,0
2026-08-21 12:30:00,4584.742,4584.742,4563.321,4578.126,7318,0
2026-08-21 13:00:00,4578.069,4587.887,4575.684,4584.281,8382,0
2026-08-21 13:30:00,4583.966,4593.215,4573.164,4581.139,13713,0
2026-08-21 14:00:00,4581.069,4603.224,4579.832,4603.224,9051,0
2026-08-21 14:30:00,4603.008,4603.78,4580.45,4591.706,13049,0
2026-08-21 15:00:00,4591.761,4607.755,4587.192,4602.76,8710,0
2026-08-21 15:30:00,4602.822,4615.344,4599.382,4614.386,7999,0
2026-08-21 16:00:00,4614.449,4620.953,4609.101,4613.912,8060,0
2026-08-21 16:30:00,4613.948,4629.247,4612.061,4628.649,5884,0
2026-08-21 17:00:00,4628.704,4632.13,4615.161,4621.897,8238,0
2026-08-21 17:30:00,4621.823,4624.748,4616.8,4620.335,5241,0
2026-08-21 18:00:00,4620.392,4627.748,4620.242,4625.258,3533,0
2026-08-21 18:30:00,4625.137,4625.882,4619.379,4624.174,3659,0
2026-08-21 19:00:00,4624.25,4625.495,4617.82,4618.143,3965,0
2026-08-21 19:30:00,4618.149,4623.804,4615.648,4617.099,4435,0
2026-08-21 20:00:00,4617.158,4617.681,4610.124,4610.785,3213,0
2026-08-21 20:30:00,4610.849,4612.049,4602.445,4604.044,4385,0
2026-08-23 22:00:00,4615.655,4621.232,4607.392,4613.936,4192,0
2026-08-23 22:30:00,4613.903,4617.101,4605.955,4606.186,3188,0
2026-08-23 23:00:00,4606.315,4616.183,4604.499,4615.212,2693,0
2026-08-23 23:30:00,4615.209,4624.62,4607.564,4623.935,4288,0
2026-08-24 00:00:00,4624.199,4641.031,4594.334,4604.756,15766,0
2026-08-24 00:30:00,4604.674,4623.456,4600.877,4621.59,10675,0
2026-08-24 01:00:00,4621.646,4635.214,4611.053,4614.327,18085,0
2026-08-24 01:30:00,4614.422,4637.538,4607.966,4632.232,11601,0
2026-08-24 02:00:00,4632.161,4655.581,4627.751,4655.38,11396,0
2026-08-24 02:30:00,4655.44,4656.934,4627.362,4643.56,11828,0
2026-08-24 03:00:00,4643.621,4648.51,4633.27,4643.876,8195,0
2026-08-24 03:30:00,4643.819,4650.243,4639.936,4641.732,5217,0
2026-08-24 04:00:00,4641.677,4642.619,4632.371,4640.635,6284,0
2026-08-24 04:30:00,4640.549,4640.814,4632.819,4638.803,4866,0
2026-08-24 05:00:00,4638.783,4646.601,4635.857,4635.857,5826,0
2026-08-24 05:30:00,4636.06,4643.388,4629.586,4640.643,10941,0
2026-08-24 06:00:00,4640.734,4660.027,4639.262,4642.708,10726,0
2026-08-24 06:30:00,4642.771,4654.019,4641.984,4649.799,7910,0
2026-08-24 07:00:00,4649.945,4654.768,4642.098,4642.718,8241,0
2026-08-24 07:30:00,4642.46,4648.124,4629.986,4641.406,8039,0
2026-08-24 08:00:00,4641.465,4646.323,4629.241,4629.241,8611,0
2026-08-24 08:30:00,4629.571,4646.201,4628.655,4638.124,5870,0
2026-08-24 09:00:00,4638.005,4644.901,4634.71,4635.938,5701,0
2026-08-24 09:30:00,4636.004,4646.194,4632.78,4645.768,5600,0
2026-08-24 10:00:00,4645.838,4650.273,4642.253,4643.03,4948,0
2026-08-24 10:30:00,4642.966,4649.293,4641.744,4643.233,4459,0
2026-08-24 11:00:00,4643.376,4647.771,4638.867,4646.267,5161,0
2026-08-24 11:30:00,4646.599,4670.332,4643.453,4657.952,15197,0
2026-08-24 12:00:00,4657.735,4662.711,4649.782,4661.64,9331,0
2026-08-24 12:30:00,4661.916,4668.894,4645.063,4662.916,9634,0
2026-08-24 13:00:00,4662.704,4677.93,4661.611,4672.377,11410,0
2026-08-24 13:30:00,4672.435,4680.973,4656.025,4664.445,21737,0
2026-08-24 14:00:00,4664.392,4675.089,4655.215,4671.572,15685,0
2026-08-24 14:30:00,4671.903,4678.744,4656.808,4670.506,16044,0
2026-08-24 15:00:00,4670.46,4679.632,4665.383,4675.976,13752,0
2026-08-24 15:30:00,4676.052,4677.665,4639.725,4649.032,22245,0
2026-08-24 16:00:00,4649.023,4662.093,4646.33,4658.659,15277,0
2026-08-24 16:30:00,4658.734,4662.327,4641.852,4644.933,9801,0
2026-08-24 17:00:00,4645.02,4655.268,4630.276,4638.671,23555,0
2026-08-24 17:30:00,4638.617,4642.903,4632.264,4636.641,13242,0
2026-08-24 18:00:00,4636.68,4642.369,4624.771,4640.086,17457,0
2026-08-24 18:30:00,4640.153,4641.894,4625.222,4636.353,11336,0
2026-08-24 19:00:00,4636.296,4645.041,4635.784,4641.253,7480,0
2026-08-24 19:30:00,4641.475,4656.178,4640.013,4651.786,9208,0
2026-08-24 20:00:00,4651.71,4655.385,4648.785,4649.377,3434,0
2026-08-24 20:30:00,4649.427,4652.519,4647.032,4652.485,2862,0
2026-08-24 22:00:00,4654.898,4660.704,4652.521,4657.935,2564,0
2026-08-24 22:30:00,4657.654,4668.448,4657.085,4667.507,2268,0
2026-08-24 23:00:00,4667.562,4676.99,4666.776,4669.346,3173,0
2026-08-24 23:30:00,4669.056,4682.94,4667.454,4679.762,4882,0
2026-08-25 00:00:00,4679.802,4691.572,4675.361,4682.629,18314,0
2026-08-25 00:30:00,4682.578,4697.047,4681.634,4684.314,14874,0
2026-08-25 01:00:00,4684.568,4686.905,4664.016,4669.658,22246,0
2026-08-25 01:30:00,4669.577,4675.744,4656.486,4658.149,19871,0
2026-08-25 02:00:00,4658.053,4661.527,4638.056,4656.108,22713,0
2026-08-25 02:30:00,4656.067,4656.641,4617.73,4629.399,27364,0
2026-08-25 03:00:00,4629.458,4638.463,4622.148,4637.625,18667,0
2026-08-25 03:30:00,4638.017,4641.422,4631.43,4633.837,8432,0
2026-08-25 04:00:00,4633.465,4637.852,4628.864,4630.736,7533,0
2026-08-25 04:30:00,4631.019,4632.884,4623.552,4626.028,10766,0
2026-08-25 05:00:00,4625.665,4647.857,4623.899,4646.438,10015,0
2026-08-25 05:30:00,4646.505,4647.09,4635.691,4642.983,14942,0
2026-08-25 06:00:00,4642.854,4653.54,4641.133,4650.228,10563,0
2026-08-25 06:30:00,4650.266,4653.537,4636.909,4638.495,9676,0
2026-08-25 07:00:00,4638.534,4643.855,4634.088,4634.67,11483,0
2026-08-25 07:30:00,4634.445,4640.634,4629.712,4630.19,9322,0
2026-08-25 08:00:00,4630.178,4645.539,4620.09,4632.782,15291,0
2026-08-25 08:30:00,4632.721,4635.424,4624.923,4630.415,11187,0
2026-08-25 09:00:00,4630.319,4633.603,4624.607,4626.668,9621,0
2026-08-25 09:30:00,4626.614,4642.645,4623.893,4636.491,14379,0
2026-08-25 10:00:00,4636.345,4639.154,4632.953,4633.821,6867,0
2026-08-25 10:30:00,4633.863,4642.435,4632.832,4639.02,5631,0
2026-08-25 11:00:00,4638.974,4645.28,4635.909,4641.486,6452,0
2026-08-25 11:30:00,4641.446,4647.536,4640.216,4642.515,7754,0
2026-08-25 12:00:00,4642.668,4642.77,4631.754,4637.099,9320,0
2026-08-25 12:30:00,4637.167,4644.355,4629.968,4640.99,9602,0
2026-08-25 13:00:00,4640.766,4641.239,4608.439,4609.819,21976,0
2026-08-25 13:30:00,4609.895,4623.542,4605.205,4616.371,29939,0
2026-08-25 14:00:00,4616.325,4628.586,4613.389,4623.759,19863,0
2026-08-25 14:30:00,4624.049,4640.134,4613.021,4635.485,17195,0
2026-08-25 15:00:00,4635.364,4644.862,4629.084,4639.712,13380,0
2026-08-25 15:30:00,4639.935,4659.602,4639.935,4652.513,19378,0
2026-08-25 16:00:00,4652.574,4653.372,4637.638,4640.72,10271,0
2026-08-25 16:30:00,4640.715,4646.525,4636.862,4643.559,8977,0
2026-08-25 17:00:00,4643.654,4645.019,4634.034,4637.12,9572,0
2026-08-25 17:30:00,4637.166,4648.489,4636.334,4648.209,6779,0
2026-08-25 18:00:00,4648.252,4650.587,4644.052,4649.806,5150,0
2026-08-25 18:30:00,4649.8,4655.106,4645.79,4654.299,4530,0
2026-08-25 19:00:00,4654.365,4668.264,4653.207,4660.844,5400,0
2026-08-25 19:30:00,4661.019,4667.59,4657.841,4666.728,5191,0
2026-08-25 20:00:00,4667.059,4669.01,4662.018,4662.469,3512,0
2026-08-25 20:30:00,4662.4,4664.247,4657.623,4658.671,2496,0
2026-08-25 22:00:00,4657.974,4666.845,4657.68,4666.596,1996,0
2026-08-25 22:30:00,4666.613,4673.624,4666.585,4672.4,2117,0
2026-08-25 23:00:00,4672.486,4673.495,4659.926,4661.095,2258,0
2026-08-25 23:30:00,4661.095,4661.478,4653.197,4654.856,2892,0
2026-08-26 00:00:00,4654.638,4657.997,4642.818,4646.414,6518,0
2026-08-26 00:30:00,4646.758,4650.009,4634.252,4637.383,6496,0
2026-08-26 01:00:00,4637.727,4650.366,4629.63,4643.587,10230,0
2026-08-26 01:30:00,4643.693,4661.024,4638.784,4657.157,9459,0
2026-08-26 02:00:00,4657.154,4661.891,4654.919,4659.114,5819,0
2026-08-26 02:30:00,4658.756,4670.634,4657.439,4658.321,6765,0
2026-08-26 03:00:00,4658.484,4658.753,4645.846,4650.09,5533,0
2026-08-26 03:30:00,4650.233,4651.357,4642.348,4642.51,3513,0
2026-08-26 04:00:00,4642.782,4644.409,4640.95,4642.189,2719,0
2026-08-26 04:30:00,4642.08,4643.374,4638.81,4640.746,2807,0
2026-08-26 05:00:00,4640.625,4645.807,4640.139,4643.396,3553,0
2026-08-26 05:30:00,4643.331,4649.343,4635.287,4639.52,6997,0
2026-08-26 06:00:00,4639.462,4641.5,4624.57,4626.8,6312,0
2026-08-26 06:30:00,4626.676,4636.771,4625.593,4634.081,5141,0
2026-08-26 07:00:00,4633.954,4639.329,4630.71,4631.508,4984,0
2026-08-26 07:30:00,4631.452,4636.555,4626.248,4628.744,4554,0
2026-08-26 08:00:00,4628.749,4630.476,4622.086,4629.377,4903,0
2026-08-26 08:30:00,4629.441,4630.793,4624.957,4628.129,3850,0
2026-08-26 09:00:00,4628.412,4631.071,4616.171,4616.839,4766,0
2026-08-26 09:30:00,4616.99,4625.546,4616.831,4623.359,3601,0
2026-08-26 10:00:00,4623.332,4624.162,4613.139,4615.149,3807,0
2026-08-26 10:30:00,4615.21,4624.111,4614.528,4620.274,3268,0
2026-08-26 11:00:00,4620.333,4623.002,4616.278,4620.62,3769,0
2026-08-26 11:30:00,4620.693,4625.287,4616.714,4624.754,4254,0
2026-08-26 12:00:00,4624.728,4630.809,4623.459,4630.649,5438,0
2026-08-26 12:30:00,4630.987,4633.434,4610.206,4614.341,13500,0
2026-08-26 13:00:00,4614.174,4621.304,4597.999,4611.125,16293,0
2026-08-26 13:30:00,4611.332,4631.988,4610.108,4631.436,15487,0
2026-08-26 14:00:00,4631.493,4633.566,4616.256,4616.762,11211,0
2026-08-26 14:30:00,4616.627,4623.023,4602.716,4603.065,9447,0
2026-08-26 15:00:00,4603.009,4605.485,4582.917,4594.6,14308,0
2026-08-26 15:30:00,4594.811,4609.357,4594.349,4596.151,8288,0
2026-08-26 16:00:00,4596.214,4601.586,4590.371,4595.14,7518,0
2026-08-26 16:30:00,4595.083,4596.933,4585.457,4591.716,6464,0
2026-08-26 17:00:00,4591.498,4598.985,4590.631,4597.844,5307,0
2026-08-26 17:30:00,4597.738,4602.342,4594.046,4597.682,4293,0
2026-08-26 18:00:00,4597.737,4604.597,4592.56,4594.938,4376,0
2026-08-26 18:30:00,4594.869,4597.899,4592.348,4593.871,3403,0
2026-08-26 19:00:00,4594.03,4598.955,4590.82,4598.569,3588,0
2026-08-26 19:30:00,4598.639,4601.584,4592.303,4594.141,3642,0
2026-08-26 20:00:00,4594.173,4596.814,4584.006,4591.172,3659,0
2026-08-26 20:30:00,4591.168,4594.49,4590.158,4594.157,2303,0
2026-08-26 22:00:00,4599.414,4613.295,4598.242,4610.614,3215,0
2026-08-26 22:30:00,4610.669,4612.201,4606.73,4609.139,2417,0
2026-08-26 23:00:00,4609.08,4622.453,4606.971,4619.981,2765,0
2026-08-26 23:30:00,4620.042,4624.949,4618.202,4623.564,2983,0
2026-08-27 00:00:00,4623.466,4627.152,4613.244,4619.091,6245,0
2026-08-27 00:30:00,4619.193,4619.193,4600.436,4604.957,6300,0
2026-08-27 01:00:00,4605.102,4625.266,4602.187,4618.52,11265,0
2026-08-27 01:30:00,4618.684,4640.994,4617.725,4639.881,7682,0
2026-08-27 02:00:00,4639.958,4643.181,4632.626,4633.118,5111,0
2026-08-27 02:30:00,4633.179,4633.97,4623.66,4629.491,6172,0
2026-08-27 03:00:00,4629.548,4638.763,4628.119,4635.556,4918,0
2026-08-27 03:30:00,4635.435,4635.771,4624.323,4625.611,3220,0
2026-08-27 04:00:00,4625.402,4627.379,4620.479,4620.732,3127,0
2026-08-27 04:30:00,4620.674,4621.007,4617.064,4618.656,3340,0
2026-08-27 05:00:00,4618.713,4621.718,4615.963,4617.256,3651,0
2026-08-27 05:30:00,4617.2,4619.906,4600.795,4606.964,8677,0
2026-08-27 06:00:00,4606.939,4610.327,4599.378,4610.247,6334,0
2026-08-27 06:30:00,4610.31,4611.856,4597.781,4600.078,5475,0
2026-08-27 07:00:00,4600.215,4605.746,4593.33,4599.263,5745,0
2026-08-27 07:30:00,4599.206,4602.728,4594.804,4600.297,4536,0
2026-08-27 08:00:00,4600.369,4606.982,4599.657,4600.774,4227,0
2026-08-27 08:30:00,4600.988,4602.335,4594.712,4598.79,4131,0
2026-08-27 09:00:00,4598.874,4600.624,4593.47,4597.887,4775,0
2026-08-27 09:30:00,4597.96,4599.35,4577.479,4580.405,6683,0
2026-08-27 10:00:00,4580.403,4583.674,4568.849,4580.478,5960,0
2026-08-27 10:30:00,4580.208,4590.64,4576.087,4590.095,4297,0
2026-08-27 11:00:00,4590.015,4597.031,4587.153,4594.21,3814,0
2026-08-27 11:30:00,4594.339,4600.358,4593.662,4598.125,4313,0
2026-08-27 12:00:00,4598.179,4601.273,4591.623,4595.428,5244,0
2026-08-27 12:30:00,4595.492,4596.507,4580.505,4585.894,5985,0
2026-08-27 13:00:00,4585.962,4593.409,4579.467,4590.353,10350,0
2026-08-27 13:30:00,4590.294,4593.083,4564.795,4572.38,15465,0
2026-08-27 14:00:00,4572.447,4584.144,4568.22,4581.097,13350,0
2026-08-27 14:30:00,4581.038,4598.373,4580.918,4591.354,9950,0
2026-08-27 15:00:00,4591.138,4597.983,4588.766,4593.039,7352,0
2026-08-27 15:30:00,4592.934,4611.411,4592.026,4610.262,7146,0
2026-08-27 16:00:00,4610.386,4613.073,4602.304,4607.764,5468,0
2026-08-27 16:30:00,4607.546,4616.807,4605.791,4614.788,4988,0
2026-08-27 17:00:00,4614.849,4616.463,4608.224,4610.268,4135,0
2026-08-27 17:30:00,4610.334,4614.469,4605.093,4606.557,4498,0
2026-08-27 18:00:00,4606.557,4608.025,4601.247,4601.413,4693,0
2026-08-27 18:30:00,4601.626,4611.242,4600.654,4610.232,3461,0
2026-08-27 19:00:00,4610.56,4618.123,4604.329,4605.966,4217,0
2026-08-27 19:30:00,4606.035,4612.853,4604.652,4609.352,3661,0
2026-08-27 20:00:00,4609.018,4609.705,4602.505,4603.751,2171,0
2026-08-27 20:30:00,4603.802,4604.866,4599.905,4600.785,1829,0
2026-08-27 22:00:00,4606.343,4608.447,4600.955,4607.843,2282,0
2026-08-27 22:30:00,4607.53,4610.91,4606.49,4610.789,1835,0
2026-08-27 23:00:00,4610.789,4611.541,4599.693,4601.08,1953,0
2026-08-27 23:30:00,4601.061,4602.441,4594.209,4594.556,2540,0
2026-08-28 00:00:00,4594.612,4602.583,4590.45,4594.155,5539,0
2026-08-28 00:30:00,4594.084,4594.396,4585.538,4588.608,4648,0
2026-08-28 01:00:00,4588.955,4602.345,4583.725,4585.643,10402,0
2026-08-28 01:30:00,4585.704,4589.02,4575.215,4576.033,8700,0
2026-08-28 02:00:00,4575.972,4584.95,4575.005,4583.555,4610,0
2026-08-28 02:30:00,4583.692,4589.486,4582.15,4586.165,4629,0
2026-08-28 03:00:00,4586.074,4590.176,4582.652,4588.026,4395,0
2026-08-28 03:30:00,4588.081,4588.453,4578.442,4580.059,3063,0
2026-08-28 04:00:00,4579.757,4585.356,4577.778,4584.696,2657,0
2026-08-28 04:30:00,4584.656,4585.11,4578.0,4584.188,2616,0
2026-08-28 05:00:00,4584.519,4586.438,4578.187,4583.911,3151,0
2026-08-28 05:30:00,4583.853,4584.191,4571.35,4573.523,6460,0
2026-08-28 06:00:00,4573.58,4585.81,4572.429,4584.82,5566,0
2026-08-28 06:30:00,4584.876,4613.371,4582.828,4612.476,8333,0
2026-08-28 07:00:00,4612.477,4613.515,4596.434,4607.451,6192,0
2026-08-28 07:30:00,4607.434,4614.48,4607.076,4611.601,4540,0
2026-08-28 08:00:00,4611.532,4614.664,4608.021,4609.024,4096,0
2026-08-28 08:30:00,4609.158,4611.539,4600.8,4603.006,4280,0
2026-08-28 09:00:00,4603.004,4604.336,4600.128,4601.845,3874,0
2026-08-28 09:30:00,4601.871,4607.323,4600.984,4605.163,3655,0
2026-08-28 10:00:00,4605.2,4609.95,4601.587,4605.137,3595,0
2026-08-28 10:30:00,4605.14,4608.06,4597.353,4599.905,3539,0
2026-08-28 11:00:00,4600.045,4601.386,4594.737,4598.843,4196,0
2026-08-28 11:30:00,4598.999,4600.847,4591.106,4593.461,4345,0
2026-08-28 12:00:00,4593.339,4603.838,4590.627,4601.3,5378,0
2026-08-28 12:30:00,4601.386,4602.602,4588.949,4601.45,7423,0
2026-08-28 13:00:00,4601.39,4605.511,4593.547,4603.781,10379,0
2026-08-28 13:30:00,4603.725,4627.489,4598.774,4605.148,12420,0
2026-08-28 14:00:00,4604.456,4632.24,4529.591,4551.901,54799,0
2026-08-28 14:30:00,4551.97,4580.983,4550.209,4576.651,31522,0
2026-08-28 15:00:00,4576.593,4583.081,4551.31,4566.505,24722,0
2026-08-28 15:30:00,4566.867,4567.625,4523.759,4524.629,27615,0
2026-08-28 16:00:00,4524.23,4529.576,4463.962,4481.037,37201,0
2026-08-28 16:30:00,4480.846,4487.552,4465.701,4479.497,23826,0
2026-08-28 17:00:00,4479.563,4486.63,4470.988,4478.114,17325,0
2026-08-28 17:30:00,4478.176,4481.566,4460.304,4469.232,12590,0
2026-08-28 18:00:00,4469.175,4471.772,4452.326,4456.306,13167,0
2026-08-28 18:30:00,4456.246,4458.768,4445.343,4456.906,10397,0
2026-08-28 19:00:00,4456.688,4463.694,4452.887,4462.145,9368,0
2026-08-28 19:30:00,4462.078,4467.004,4452.793,4458.431,7674,0
2026-08-28 20:00:00,4458.376,4462.628,4453.637,4457.967,4090,0
2026-08-28 20:30:00,4458.035,4460.167,4452.972,4456.134,3705,0
